메이커,모델,스펙,배기량,기통,변속기,연료,CITY연비,HWY연비,CO2배출량
AUDI,A4,COMPACT,2.0,4.0,CVT,고급유,10.1,13.5,202.0
AUDI,A4,COMPACT,2.0,4.0,CVT,고급유,8.7,12.3,230.0
AUDI,A4,,2.0,4.0,CVT,고급유,8.7,12.3,230.0
AUDI,A4,,2.0,4.0,CVT,고급유,8.7,12.3,230.0
AUDI,A6,MID_SIZE,2.0,4.0,CVT,고급유,8.3,12.3,235.0
AUDI,A6,MID_SIZE,3.0,6.0,CVT,고급유,7.8,11.6,251.0
AUDI,A6_TDI,MID_SIZE,3.0,6.0,CVT,경유,10.2,16.1,217.0
AUDI,A7,MID_SIZE,3.0,6.0,CVT,고급유,7.5,11.8,262.0
AUDI,A7_TDI,MID_SIZE,3.0,6.0,CVT,경유,10.2,16.1,217.0
AUDI,A8,MID_SIZE,3.0,6.0,CVT,고급유,7.6,11.4,258.0
AUDI,A8,MID_SIZE,4.0,8.0,CVT,고급유,7.3,12.0,265.0
AUDI,A8_TDI,MID_SIZE,3.0,6.0,CVT,경유,10.2,15.4,224.0
AUDI,A8L,FULL_SIZE,3.0,6.0,CVT,고급유,7.6,11.4,258.0
AUDI,A8L,FULL_SIZE,4.0,8.0,CVT,고급유,6.8,10.3,288.0
AUDI,A8L,FULL_SIZE,6.3,12.0,CVT,고급유,5.3,8.7,363.0
AUDI,A8L_TDI,FULL_SIZE,3.0,6.0,CVT,경유,10.2,15.4,224.0
AUDI,ALLROAD,STATION WAGON ,2.0,4.0,CVT,고급유,8.5,11.4,242.0
AUDI,Q5,SUV ,2.0,4.0,CVT,고급유,8.3,11.8,239.0
AUDI,Q5,SUV ,3.0,6.0,CVT,고급유,7.8,10.9,258.0
AUDI,Q5_TDI,SUV ,3.0,6.0,CVT,경유,9.8,12.8,244.0
AUDI,Q5_HYBRID,SUV ,2.0,4.0,CVT,고급유,10.1,12.0,212.0
AUDI,Q7,SUV ,3.0,6.0,CVT,고급유,6.6,9.2,304.0
AUDI,Q7_TDI,SUV ,3.0,6.0,CVT,경유,8.1,11.5,290.0
AUDI,RS,MID_SIZE,4.0,8.0,CVT,고급유,6.5,11.4,293.0
AUDI,S8,MID_SIZE,4.0,8.0,CVT,고급유,6.3,10.9,300.0
AUDI,SQ5,SUV ,3.0,6.0,CVT,고급유,6.7,9.9,292.0
AUDI,A4,COMPACT,2.0,4.0,CVT,고급유,10.1,13.2,205.0
AUDI,A4,COMPACT,2.0,4.0,CVT,고급유,9.1,12.8,221.0
AUDI,A4,STATION WAGON ,2.0,4.0,CVT,고급유,8.9,11.9,228.0
AUDI,A5,SUBCOMPACT,2.0,4.0,CVT,고급유,9.1,12.8,221.0
AUDI,A5,SUBCOMPACT,2.0,4.0,CVT,고급유,8.8,12.5,225.0
AUDI,A6,MID_SIZE,2.0,4.0,CVT,고급유,8.3,12.3,237.0
AUDI,A6,MID_SIZE,3.0,6.0,CVT,고급유,7.8,11.6,251.0
AUDI,A6_TDI,MID_SIZE,3.0,6.0,CVT,경유,10.2,16.1,217.0
AUDI,A7,MID_SIZE,3.0,6.0,CVT,고급유,7.6,11.8,253.0
AUDI,A7_TDI,MID_SIZE,3.0,6.0,CVT,경유,10.2,16.1,217.0
AUDI,A8,MID_SIZE,3.0,6.0,CVT,고급유,7.9,12.5,242.0
AUDI,A8,MID_SIZE,4.0,8.0,CVT,고급유,7.8,12.5,246.0
AUDI,A8_TDI,MID_SIZE,3.0,6.0,CVT,경유,10.2,15.4,224.0
AUDI,A8L,FULL_SIZE,3.0,6.0,CVT,고급유,7.9,12.5,242.0
AUDI,A8L,FULL_SIZE,4.0,8.0,CVT,고급유,7.6,12.0,258.0
AUDI,A8L,FULL_SIZE,6.3,12.0,CVT,고급유,5.6,9.3,344.0
AUDI,A8_TDI,FULL_SIZE,3.0,6.0,CVT,경유,10.2,15.4,224.0
AUDI,Q3,COMPACT,2.0,4.0,CVT,고급유,8.3,12.2,237.0
AUDI,Q3,COMPACT,2.0,4.0,CVT,고급유,8.4,11.9,237.0
AUDI,Q5,SUV ,2.0,4.0,CVT,고급유,8.3,11.8,239.0
AUDI,Q5,SUV ,3.0,6.0,CVT,고급유,7.6,10.9,262.0
AUDI,Q5_TDI,SUV ,3.0,6.0,CVT,경유,9.8,12.8,244.0
AUDI,Q5_HYBRID,SUV ,2.0,4.0,CVT,고급유,10.2,12.7,205.0
AUDI,Q7,SUV ,3.0,6.0,CVT,고급유,6.6,9.1,306.0
AUDI,Q7_TDI,SUV ,3.0,6.0,CVT,경유,8.1,11.5,290.0
AUDI,RS,MID_SIZE,4.0,8.0,CVT,고급유,6.0,10.6,313.0
AUDI,S8,MID_SIZE,4.0,8.0,CVT,고급유,6.8,11.4,281.0
AUDI,SQ5,SUV ,3.0,6.0,CVT,고급유,7.1,10.1,281.0
AUDI,A4,COMPACT,2.0,4.0,CVT,고급유,10.1,13.2,212.0
AUDI,A4,COMPACT,2.0,4.0,CVT,고급유,9.1,12.8,224.0
AUDI,A4,STATION WAGON ,2.0,4.0,CVT,고급유,8.9,11.9,232.0
AUDI,A5,SUBCOMPACT,2.0,4.0,CVT,고급유,9.1,12.8,224.0
AUDI,A5,SUBCOMPACT,2.0,4.0,CVT,고급유,8.8,12.5,230.0
AUDI,A6,MID_SIZE,2.0,4.0,CVT,고급유,9.3,13.7,211.0
AUDI,A6,MID_SIZE,3.0,6.0,CVT,고급유,8.6,12.7,232.0
AUDI,A6_TDI,MID_SIZE,3.0,6.0,CVT,경유,10.6,16.1,213.0
AUDI,A7,MID_SIZE,3.0,6.0,CVT,고급유,8.6,12.7,232.0
AUDI,A7_TDI,MID_SIZE,3.0,6.0,CVT,경유,10.6,16.1,213.0
AUDI,A8,MID_SIZE,3.0,6.0,CVT,고급유,7.9,12.5,247.0
AUDI,A8,MID_SIZE,4.0,8.0,CVT,고급유,7.8,12.5,249.0
AUDI,A8_TDI,MID_SIZE,3.0,6.0,CVT,경유,10.2,15.4,224.0
AUDI,A8L,FULL_SIZE,4.0,8.0,CVT,고급유,7.6,12.0,255.0
AUDI,A8L,FULL_SIZE,6.3,12.0,CVT,고급유,5.6,9.3,344.0
AUDI,Q3,COMPACT,2.0,4.0,CVT,고급유,8.3,12.2,242.0
AUDI,Q3,COMPACT,2.0,4.0,CVT,고급유,8.4,11.9,240.0
AUDI,Q5,SUV ,2.0,4.0,CVT,고급유,8.3,11.8,244.0
AUDI,Q5,SUV ,3.0,6.0,CVT,고급유,7.6,10.9,267.0
AUDI,Q5_TDI,SUV ,3.0,6.0,CVT,경유,9.8,12.8,244.0
AUDI,Q5_HYBRID,SUV ,2.0,4.0,CVT,고급유,10.2,12.7,209.0
AUDI,RS,MID_SIZE,4.0,8.0,CVT,고급유,6.0,10.6,313.0
AUDI,S8,MID_SIZE,4.0,8.0,CVT,고급유,6.4,10.6,300.0
AUDI,SQ5,SUV ,3.0,6.0,CVT,고급유,7.1,10.1,285.0
AUDI,A5,SUBCOMPACT,2.0,4.0,CVT,고급유,9.1,12.5,226.0
AUDI,A5,SUBCOMPACT,2.0,4.0,CVT,고급유,8.8,12.2,231.0
AUDI,A6,MID_SIZE,2.0,4.0,CVT,고급유,9.2,13.3,220.0
AUDI,A6,MID_SIZE,3.0,6.0,CVT,고급유,8.7,12.2,238.0
AUDI,A7,MID_SIZE,3.0,6.0,CVT,고급유,8.7,12.2,238.0
AUDI,A8,MID_SIZE,3.0,6.0,CVT,고급유,7.9,12.5,246.0
AUDI,A8,MID_SIZE,4.0,8.0,CVT,고급유,7.8,12.5,249.0
AUDI,A8L,FULL_SIZE,4.0,8.0,CVT,고급유,7.6,12.0,255.0
AUDI,Q3,COMPACT,2.0,4.0,CVT,고급유,8.4,11.9,243.0
AUDI,Q3,COMPACT,2.0,4.0,CVT,고급유,8.4,11.9,241.0
AUDI,Q5,SUV ,2.0,4.0,CVT,고급유,8.3,11.6,246.0
AUDI,Q5,SUV ,3.0,6.0,CVT,고급유,7.6,10.9,267.0
AUDI,Q7,SUV ,2.0,4.0,CVT,고급유,8.4,10.4,253.0
AUDI,Q7,SUV ,3.0,6.0,CVT,고급유,7.9,10.6,260.0
AUDI,RS,MID_SIZE,4.0,8.0,CVT,고급유,6.2,10.8,309.0
AUDI,S8,MID_SIZE,4.0,8.0,CVT,고급유,6.2,10.1,312.0
AUDI,SQ5,SUV ,3.0,6.0,CVT,고급유,7.1,10.1,285.0
AUDI,A6,MID_SIZE,2.0,4.0,CVT,고급유,9.4,13.3,216.0
AUDI,A6,MID_SIZE,3.0,6.0,CVT,고급유,8.7,12.2,235.0
AUDI,A7,MID_SIZE,3.0,6.0,CVT,고급유,8.7,12.2,235.0
AUDI,A8,FULL_SIZE,3.0,6.0,CVT,고급유,7.9,12.5,247.0
AUDI,A8,FULL_SIZE,4.0,8.0,CVT,고급유,6.6,11.0,290.0
AUDI,A8L,FULL_SIZE,4.0,8.0,CVT,고급유,6.6,11.0,290.0
AUDI,Q3,COMPACT,2.0,4.0,CVT,고급유,8.6,12.0,236.0
AUDI,Q3,COMPACT,2.0,4.0,CVT,고급유,8.4,11.9,240.0
AUDI,Q5,SUV ,2.0,4.0,CVT,고급유,9.6,11.6,226.0
AUDI,Q7,SUV ,2.0,4.0,CVT,고급유,8.2,10.5,258.0
AUDI,Q7,SUV ,3.0,6.0,CVT,고급유,7.9,10.6,260.0
AUDI,RS,MID_SIZE,4.0,8.0,CVT,고급유,5.9,10.4,318.0
AUDI,S8,MID_SIZE,4.0,8.0,CVT,고급유,6.2,10.1,313.0
AUDI,A8L,FULL_SIZE,3.0,6.0,CVT,고급유,8.0,11.6,252.0
AUDI,Q3,SUV ,2.0,4.0,CVT,휘발유,8.1,11.6,248.0
AUDI,Q7,SUV ,2.0,4.0,CVT,고급유,8.2,10.5,258.0
AUDI,Q7,SUV ,3.0,6.0,CVT,고급유,7.9,10.6,260.0
AUDI,Q8,SUV ,3.0,6.0,CVT,고급유,7.1,9.3,294.0
AUDI,RS,SUBCOMPACT,2.9,6.0,CVT,고급유,7.5,11.5,262.0
AUDI,RS,MID_SIZE,2.9,6.0,CVT,고급유,7.4,11.1,268.0
AUDI,S4,COMPACT,3.0,6.0,CVT,고급유,8.8,12.5,230.0
AUDI,S5,SUBCOMPACT,3.0,6.0,CVT,고급유,8.8,12.5,230.0
AUDI,S5,SUBCOMPACT,3.0,6.0,CVT,고급유,8.8,12.2,234.0
AUDI,S5,MID_SIZE,3.0,6.0,CVT,고급유,8.8,12.5,230.0
AUDI,SQ5,SUV ,3.0,6.0,CVT,고급유,7.9,10.0,270.0
AUDI,A8L,FULL_SIZE,3.0,6.0,CVT,고급유,7.4,11.2,267.0
AUDI,A8L,FULL_SIZE,4.0,8.0,CVT,고급유,6.5,9.6,308.0
AUDI,Q3,SUV ,2.0,4.0,CVT,휘발유,8.1,11.6,248.0
AUDI,Q7,SUV ,3.0,6.0,CVT,고급유,7.2,8.8,296.0
AUDI,Q8,SUV ,3.0,6.0,CVT,고급유,7.2,8.8,296.0
AUDI,S4,COMPACT,3.0,6.0,CVT,고급유,8.5,11.2,245.0
AUDI,S5,SUBCOMPACT,3.0,6.0,CVT,고급유,8.5,11.2,245.0
AUDI,S5,SUBCOMPACT,3.0,6.0,CVT,고급유,8.3,11.0,252.0
AUDI,S5,MID_SIZE,3.0,6.0,CVT,고급유,8.5,11.2,245.0
AUDI,S6,MID_SIZE,2.9,6.0,CVT,고급유,7.8,11.8,255.0
AUDI,S7,MID_SIZE,2.9,6.0,CVT,고급유,7.8,11.8,255.0
AUDI,S8,FULL_SIZE,4.0,8.0,CVT,고급유,5.7,9.3,339.0
AUDI,SQ5,SUV ,3.0,6.0,CVT,고급유,7.6,9.7,276.0
BMW,228I,SUBCOMPACT,2.0,4.0,CVT,고급유,9.6,14.1,205.0
BMW,228I,SUBCOMPACT,2.0,4.0,CVT,고급유,10.0,15.4,193.0
BMW,228I,SUBCOMPACT,2.0,4.0,CVT,고급유,9.4,13.9,209.0
BMW,228I,SUBCOMPACT,2.0,4.0,CVT,고급유,9.7,14.9,200.0
BMW,320I,COMPACT,2.0,4.0,CVT,고급유,10.0,15.4,193.0
BMW,320I,COMPACT,2.0,4.0,CVT,고급유,9.7,14.9,200.0
BMW,328D,COMPACT,2.0,4.0,CVT,경유,13.2,18.2,181.0
BMW,328D,STATION WAGON ,2.0,4.0,CVT,경유,13.2,18.2,181.0
BMW,328I,COMPACT,2.0,4.0,CVT,고급유,10.0,15.4,193.0
BMW,328I,COMPACT,2.0,4.0,CVT,고급유,9.4,13.9,209.0
BMW,328I,FULL_SIZE,2.0,4.0,CVT,고급유,9.4,13.9,209.0
BMW,328I,STATION WAGON ,2.0,4.0,CVT,고급유,9.4,13.9,209.0
BMW,335I,COMPACT,3.0,6.0,CVT,고급유,8.8,13.5,221.0
BMW,335I,COMPACT,3.0,6.0,CVT,고급유,8.4,12.8,230.0
BMW,335I,FULL_SIZE,3.0,6.0,CVT,고급유,8.4,12.8,230.0
BMW,428I,SUBCOMPACT,2.0,4.0,CVT,고급유,9.6,14.1,205.0
BMW,428I,COMPACT,2.0,4.0,CVT,고급유,10.0,15.4,193.0
BMW,428I,COMPACT,2.0,4.0,CVT,고급유,9.6,14.1,205.0
BMW,428I,SUBCOMPACT,2.0,4.0,CVT,고급유,8.9,13.3,221.0
BMW,428I,COMPACT,2.0,4.0,CVT,고급유,9.4,13.9,209.0
BMW,428I,COMPACT,2.0,4.0,CVT,고급유,9.4,13.9,209.0
BMW,435I,SUBCOMPACT,3.0,6.0,CVT,고급유,8.5,13.2,228.0
BMW,435I,COMPACT,3.0,6.0,CVT,고급유,8.8,13.5,221.0
BMW,435I,COMPACT,3.0,6.0,CVT,고급유,8.8,13.5,221.0
BMW,435I,SUBCOMPACT,3.0,6.0,CVT,고급유,8.3,12.3,237.0
BMW,435I,COMPACT,3.0,6.0,CVT,고급유,8.4,12.8,230.0
BMW,435I,COMPACT,3.0,6.0,CVT,고급유,8.4,12.8,230.0
BMW,528I,MID_SIZE,2.0,4.0,CVT,고급유,9.6,14.1,205.0
BMW,528I,MID_SIZE,2.0,4.0,CVT,고급유,9.4,13.9,209.0
BMW,535D,MID_SIZE,3.0,6.0,CVT,경유,10.9,15.9,213.0
BMW,535I,MID_SIZE,3.0,6.0,CVT,고급유,8.3,12.3,237.0
BMW,535I,FULL_SIZE,3.0,6.0,CVT,고급유,7.8,11.2,253.0
BMW,550I,MID_SIZE,4.4,8.0,CVT,고급유,6.9,10.3,283.0
BMW,550I,FULL_SIZE,4.4,8.0,CVT,고급유,6.6,10.2,294.0
BMW,640I,SUBCOMPACT,3.0,6.0,CVT,고급유,8.3,12.3,237.0
BMW,640I,COMPACT,3.0,6.0,CVT,고급유,8.3,12.3,237.0
BMW,650I,SUBCOMPACT,4.4,8.0,CVT,고급유,6.6,10.2,294.0
BMW,650I,COMPACT,4.4,8.0,CVT,고급유,6.9,10.3,283.0
BMW,650I,COMPACT,4.4,8.0,CVT,고급유,6.6,10.2,294.0
BMW,740LD,FULL_SIZE,3.0,6.0,CVT,경유,9.8,14.1,238.0
BMW,740LI,FULL_SIZE,3.0,6.0,CVT,고급유,8.3,12.3,237.0
BMW,750I,FULL_SIZE,4.4,8.0,CVT,고급유,6.6,10.2,294.0
BMW,750LI,FULL_SIZE,4.4,8.0,CVT,고급유,6.6,10.2,294.0
BMW,760LI,FULL_SIZE,6.0,12.0,CVT,고급유,5.3,8.6,356.0
BMW,ACTIVEHYBRID,COMPACT,3.0,6.0,CVT,고급유,10.3,13.3,200.0
BMW,ACTIVEHYBRID,MID_SIZE,3.0,6.0,CVT,고급유,9.4,12.7,216.0
BMW,ACTIVEHYBRID,FULL_SIZE,3.0,6.0,CVT,고급유,9.4,13.0,214.0
BMW,ALPINA,COMPACT,4.4,8.0,CVT,고급유,6.6,10.2,294.0
BMW,ALPINA,FULL_SIZE,4.4,8.0,CVT,고급유,6.6,10.2,294.0
BMW,ALPINA,FULL_SIZE,4.4,8.0,CVT,고급유,6.6,10.2,294.0
BMW,M235I,SUBCOMPACT,3.0,6.0,CVT,고급유,8.5,12.3,235.0
BMW,M235I,SUBCOMPACT,3.0,6.0,CVT,고급유,8.5,12.3,235.0
BMW,M235I,SUBCOMPACT,3.0,6.0,CVT,고급유,8.4,12.8,230.0
BMW,X1,SUV ,2.0,4.0,CVT,고급유,9.4,13.9,209.0
BMW,X1,SUV ,3.0,6.0,CVT,고급유,7.6,11.2,258.0
BMW,X3,SUV ,2.0,4.0,CVT,경유,11.6,14.5,213.0
BMW,X3,SUV ,2.0,4.0,CVT,고급유,9.0,11.9,228.0
BMW,X3,SUV ,3.0,6.0,CVT,고급유,7.9,11.4,251.0
BMW,X4,SUV ,2.0,4.0,CVT,고급유,8.5,11.9,235.0
BMW,X4,SUV ,3.0,6.0,CVT,고급유,7.9,11.4,251.0
BMW,X5,SUV ,4.4,8.0,CVT,고급유,6.0,8.3,336.0
BMW,X5,SUV ,3.0,6.0,CVT,경유,10.1,13.9,235.0
BMW,X5,SUV ,3.0,6.0,CVT,고급유,7.7,11.2,255.0
BMW,X5,SUV ,4.4,8.0,CVT,고급유,6.2,9.2,317.0
BMW,X6,SUV ,4.4,8.0,CVT,고급유,6.0,8.3,336.0
BMW,X6,SUV ,3.0,6.0,CVT,고급유,7.7,11.2,255.0
BMW,X6,SUV ,4.4,8.0,CVT,고급유,6.2,9.2,317.0
BMW,Z4,TWO_SEATER,2.0,4.0,CVT,고급유,9.3,14.1,209.0
BMW,228I,SUBCOMPACT,2.0,4.0,CVT,고급유,10.1,15.4,197.0
BMW,228I,SUBCOMPACT,2.0,4.0,CVT,고급유,9.6,14.7,207.0
BMW,228I,SUBCOMPACT,2.0,4.0,CVT,고급유,9.5,14.5,209.0
BMW,320I,COMPACT,2.0,4.0,CVT,고급유,10.1,15.4,197.0
BMW,320I,COMPACT,2.0,4.0,CVT,고급유,9.6,14.7,207.0
BMW,328D,COMPACT,2.0,4.0,CVT,경유,13.0,17.5,183.0
BMW,328D,STATION WAGON ,2.0,4.0,CVT,경유,13.0,17.5,183.0
BMW,328I,COMPACT,2.0,4.0,CVT,고급유,9.5,14.5,209.0
BMW,328I,FULL_SIZE,2.0,4.0,CVT,고급유,9.5,14.5,209.0
BMW,328I,STATION WAGON ,2.0,4.0,CVT,고급유,9.5,14.5,209.0
BMW,335I,FULL_SIZE,3.0,6.0,CVT,고급유,8.3,12.7,238.0
BMW,340I,COMPACT,3.0,6.0,CVT,고급유,9.2,13.9,217.0
BMW,340I,COMPACT,3.0,6.0,CVT,고급유,9.2,13.7,216.0
BMW,428I,SUBCOMPACT,2.0,4.0,CVT,고급유,9.3,14.9,211.0
BMW,428I,COMPACT,2.0,4.0,CVT,고급유,10.1,15.4,197.0
BMW,428I,COMPACT,2.0,4.0,CVT,고급유,9.3,14.9,211.0
BMW,428I,SUBCOMPACT,2.0,4.0,CVT,고급유,8.8,14.1,221.0
BMW,428I,COMPACT,2.0,4.0,CVT,고급유,9.5,14.5,209.0
BMW,428I,COMPACT,2.0,4.0,CVT,고급유,9.5,14.5,209.0
BMW,435I,SUBCOMPACT,3.0,6.0,CVT,고급유,8.5,13.2,232.0
BMW,435I,COMPACT,3.0,6.0,CVT,고급유,8.6,13.0,232.0
BMW,435I,SUBCOMPACT,3.0,6.0,CVT,고급유,8.4,12.3,238.0
BMW,435I,COMPACT,3.0,6.0,CVT,고급유,8.3,12.7,238.0
BMW,435I,COMPACT,3.0,6.0,CVT,고급유,8.3,12.7,238.0
BMW,528I,MID_SIZE,2.0,4.0,CVT,고급유,9.5,14.5,209.0
BMW,535D,MID_SIZE,3.0,6.0,CVT,경유,10.9,15.9,212.0
BMW,535I,MID_SIZE,3.0,6.0,CVT,고급유,8.4,12.3,238.0
BMW,535I,FULL_SIZE,3.0,6.0,CVT,고급유,7.7,11.0,263.0
BMW,550I,MID_SIZE,4.4,8.0,CVT,고급유,6.9,10.4,288.0
BMW,550I,FULL_SIZE,4.4,8.0,CVT,고급유,7.0,10.8,283.0
BMW,640I,SUBCOMPACT,3.0,6.0,CVT,고급유,8.4,12.3,238.0
BMW,640I,COMPACT,3.0,6.0,CVT,고급유,8.4,12.3,238.0
BMW,650I,SUBCOMPACT,4.4,8.0,CVT,고급유,7.0,10.8,283.0
BMW,650I,COMPACT,4.4,8.0,CVT,고급유,6.9,10.4,288.0
BMW,650I,COMPACT,4.4,8.0,CVT,고급유,7.0,10.8,283.0
BMW,750I,FULL_SIZE,4.4,8.0,CVT,고급유,7.0,10.8,283.0
BMW,750LI,FULL_SIZE,4.4,8.0,CVT,고급유,7.0,10.8,283.0
BMW,ACTIVEHYBRID,MID_SIZE,3.0,6.0,CVT,고급유,9.4,12.7,219.0
BMW,ALPINA,COMPACT,4.4,8.0,CVT,고급유,7.0,10.8,283.0
BMW,M235I,SUBCOMPACT,3.0,6.0,CVT,고급유,8.6,13.0,232.0
BMW,M235I,SUBCOMPACT,3.0,6.0,CVT,고급유,8.6,13.0,232.0
BMW,M235I,SUBCOMPACT,3.0,6.0,CVT,고급유,8.3,12.7,238.0
BMW,M235I,SUBCOMPACT,3.0,6.0,CVT,고급유,8.3,12.7,238.0
BMW,X1,SUV ,2.0,4.0,CVT,고급유,9.3,13.5,215.0
BMW,X3,SUV ,2.0,4.0,CVT,경유,11.6,14.5,211.0
BMW,X3,SUV ,2.0,4.0,CVT,고급유,9.0,11.9,231.0
BMW,X3,SUV ,3.0,6.0,CVT,고급유,7.9,11.4,257.0
BMW,X4,SUV ,3.0,6.0,CVT,고급유,7.8,10.5,264.0
BMW,X4,SUV ,2.0,4.0,CVT,고급유,8.5,11.9,238.0
BMW,X4,SUV ,3.0,6.0,CVT,고급유,7.9,11.4,257.0
BMW,X5,SUV ,4.4,8.0,CVT,고급유,6.0,8.3,343.0
BMW,X5,SUV ,3.0,6.0,CVT,경유,10.0,13.2,233.0
BMW,X5,SUV ,3.0,6.0,CVT,고급유,7.7,10.3,269.0
BMW,X5,SUV ,4.4,8.0,CVT,고급유,6.4,8.8,322.0
BMW,X6,SUV ,4.4,8.0,CVT,고급유,6.0,8.3,343.0
BMW,X6,SUV ,3.0,6.0,CVT,고급유,7.7,10.3,269.0
BMW,X6,SUV ,4.4,8.0,CVT,고급유,6.4,8.8,322.0
BMW,Z4,TWO_SEATER,2.0,4.0,CVT,고급유,9.3,14.1,212.0
BMW,230I,SUBCOMPACT,2.0,4.0,CVT,고급유,10.0,13.9,207.0
BMW,230I,SUBCOMPACT,2.0,4.0,CVT,고급유,10.2,14.7,197.0
BMW,230I,SUBCOMPACT,2.0,4.0,CVT,고급유,9.5,13.5,213.0
BMW,230I,SUBCOMPACT,2.0,4.0,CVT,고급유,9.8,13.5,210.0
BMW,320I,COMPACT,2.0,4.0,CVT,고급유,10.0,15.4,200.0
BMW,320I,COMPACT,2.0,4.0,CVT,고급유,9.7,14.5,206.0
BMW,328D,COMPACT,2.0,4.0,CVT,경유,12.7,16.9,189.0
BMW,328D,STATION WAGON ,2.0,4.0,CVT,경유,12.7,16.9,189.0
BMW,330I,COMPACT,2.0,4.0,CVT,고급유,9.5,13.5,213.0
BMW,330I,FULL_SIZE,2.0,4.0,CVT,고급유,9.5,13.5,213.0
BMW,330I,STATION WAGON ,2.0,4.0,CVT,고급유,9.5,13.5,213.0
BMW,340I,COMPACT,3.0,6.0,CVT,고급유,9.0,12.8,224.0
BMW,340I,COMPACT,3.0,6.0,CVT,고급유,8.8,12.8,228.0
BMW,340I,FULL_SIZE,3.0,6.0,CVT,고급유,8.4,12.3,238.0
BMW,430I,SUBCOMPACT,2.0,4.0,CVT,고급유,9.4,13.7,211.0
BMW,430I,COMPACT,2.0,4.0,CVT,고급유,9.5,13.5,213.0
BMW,430I,COMPACT,2.0,4.0,CVT,고급유,9.5,13.5,213.0
BMW,440I,COMPACT,3.0,6.0,CVT,고급유,9.0,12.8,224.0
BMW,440I,SUBCOMPACT,3.0,6.0,CVT,고급유,8.4,12.3,238.0
BMW,440I,COMPACT,3.0,6.0,CVT,고급유,8.8,12.8,228.0
BMW,440I,COMPACT,3.0,6.0,CVT,고급유,8.8,12.8,228.0
BMW,530I,MID_SIZE,2.0,4.0,CVT,고급유,9.5,13.5,213.0
BMW,540I,MID_SIZE,3.0,6.0,CVT,고급유,8.8,12.8,228.0
BMW,640I,SUBCOMPACT,3.0,6.0,CVT,고급유,8.1,11.9,249.0
BMW,640I,COMPACT,3.0,6.0,CVT,고급유,8.1,11.9,249.0
BMW,650I,SUBCOMPACT,4.4,8.0,CVT,고급유,6.8,10.3,292.0
BMW,650I,COMPACT,4.4,8.0,CVT,고급유,7.2,11.0,273.0
BMW,650I,COMPACT,4.4,8.0,CVT,고급유,6.8,10.3,292.0
BMW,740LI,FULL_SIZE,3.0,6.0,CVT,고급유,8.4,12.3,238.0
BMW,750I,FULL_SIZE,4.4,8.0,CVT,고급유,7.2,11.0,273.0
BMW,750LI,FULL_SIZE,4.4,8.0,CVT,고급유,6.8,10.3,292.0
BMW,ALPINA,COMPACT,4.4,8.0,CVT,고급유,6.8,10.3,292.0
BMW,ALPINA,FULL_SIZE,4.4,8.0,CVT,고급유,6.8,10.3,292.0
BMW,M240I,SUBCOMPACT,3.0,6.0,CVT,고급유,9.0,12.8,224.0
BMW,M240I,SUBCOMPACT,3.0,6.0,CVT,고급유,9.0,12.8,224.0
BMW,M240I,SUBCOMPACT,3.0,6.0,CVT,고급유,8.8,12.8,228.0
BMW,M240I,SUBCOMPACT,3.0,6.0,CVT,고급유,8.8,12.8,228.0
BMW,M760I,FULL_SIZE,6.6,12.0,CVT,고급유,5.6,8.4,355.0
BMW,X1,SUV ,2.0,4.0,CVT,고급유,9.5,13.5,213.0
BMW,X3,SUV ,2.0,4.0,CVT,경유,11.5,14.1,211.0
BMW,X3,SUV ,2.0,4.0,CVT,고급유,9.0,11.8,233.0
BMW,X3,SUV ,3.0,6.0,CVT,고급유,7.9,11.0,260.0
BMW,X4,SUV ,3.0,6.0,CVT,고급유,7.9,11.0,260.0
BMW,X4,SUV ,2.0,4.0,CVT,고급유,8.5,11.6,240.0
BMW,X5,SUV ,4.4,8.0,CVT,고급유,6.0,8.3,341.0
BMW,X5,SUV ,3.0,6.0,CVT,경유,9.7,12.5,249.0
BMW,X5,SUV ,3.0,6.0,CVT,고급유,7.7,10.2,270.0
BMW,X5,SUV ,4.4,8.0,CVT,고급유,6.4,8.8,320.0
BMW,X6,SUV ,4.4,8.0,CVT,고급유,6.0,8.3,341.0
BMW,X6,SUV ,3.0,6.0,CVT,고급유,7.7,10.2,270.0
BMW,X6,SUV ,4.4,8.0,CVT,고급유,6.4,8.8,320.0
BMW,230I,SUBCOMPACT,2.0,4.0,CVT,고급유,10.2,14.7,197.0
BMW,230I,SUBCOMPACT,2.0,4.0,CVT,고급유,9.8,13.9,208.0
BMW,230I,SUBCOMPACT,2.0,4.0,CVT,고급유,10.1,14.1,202.0
BMW,328D,COMPACT,2.0,4.0,CVT,경유,12.8,16.9,184.0
BMW,328D,STATION WAGON ,2.0,4.0,CVT,경유,12.8,16.9,184.0
BMW,330I,COMPACT,2.0,4.0,CVT,고급유,9.8,13.9,208.0
BMW,330I,FULL_SIZE,2.0,4.0,CVT,고급유,9.8,13.9,208.0
BMW,330I,STATION WAGON ,2.0,4.0,CVT,고급유,9.8,13.9,208.0
BMW,340I,COMPACT,3.0,6.0,CVT,고급유,10.9,16.1,183.0
BMW,340I,COMPACT,3.0,6.0,CVT,고급유,9.0,13.3,223.0
BMW,340I,FULL_SIZE,3.0,6.0,CVT,고급유,8.5,12.7,235.0
BMW,430I,SUBCOMPACT,2.0,4.0,CVT,고급유,9.3,13.7,214.0
BMW,430I,COMPACT,2.0,4.0,CVT,고급유,9.8,13.9,208.0
BMW,430I,COMPACT,2.0,4.0,CVT,고급유,9.8,13.9,208.0
BMW,440I,COMPACT,3.0,6.0,CVT,고급유,10.9,16.1,183.0
BMW,440I,SUBCOMPACT,3.0,6.0,CVT,고급유,8.5,12.7,235.0
BMW,440I,COMPACT,3.0,6.0,CVT,고급유,9.0,13.3,223.0
BMW,440I,COMPACT,3.0,6.0,CVT,고급유,9.0,13.3,223.0
BMW,530I,MID_SIZE,2.0,4.0,CVT,고급유,9.8,13.9,208.0
BMW,540I,MID_SIZE,3.0,6.0,CVT,고급유,8.6,12.3,236.0
BMW,640I,SUBCOMPACT,3.0,6.0,CVT,고급유,8.1,11.9,248.0
BMW,640I,COMPACT,3.0,6.0,CVT,고급유,8.1,11.9,248.0
BMW,640I,FULL_SIZE,3.0,6.0,CVT,고급유,8.4,11.9,241.0
BMW,650I,SUBCOMPACT,4.4,8.0,CVT,고급유,6.8,10.4,292.0
BMW,650I,SUBCOMPACT,4.4,8.0,CVT,고급유,7.1,10.0,286.0
BMW,650I,COMPACT,4.4,8.0,CVT,고급유,6.8,10.4,292.0
BMW,750I,FULL_SIZE,4.4,8.0,CVT,고급유,6.8,10.4,292.0
BMW,750I,FULL_SIZE,4.4,8.0,CVT,고급유,7.0,10.6,283.0
BMW,ALPINA,COMPACT,4.4,8.0,CVT,고급유,6.8,10.4,292.0
BMW,M240I,SUBCOMPACT,3.0,6.0,CVT,고급유,9.2,13.0,222.0
BMW,M240I,SUBCOMPACT,3.0,6.0,CVT,고급유,9.2,13.0,222.0
BMW,M240I,SUBCOMPACT,3.0,6.0,CVT,고급유,8.9,12.8,227.0
BMW,M240I,SUBCOMPACT,3.0,6.0,CVT,고급유,8.9,12.8,227.0
BMW,M550I,MID_SIZE,4.4,8.0,CVT,고급유,7.0,10.6,283.0
BMW,M760I,FULL_SIZE,6.6,12.0,CVT,고급유,5.6,8.4,355.0
BMW,X1,SUV ,2.0,4.0,CVT,고급유,9.3,13.3,217.0
BMW,X2,SUV ,2.0,4.0,CVT,고급유,9.1,13.0,222.0
BMW,X3,SUV ,2.0,4.0,CVT,고급유,9.3,12.5,223.0
BMW,X3,SUV ,3.0,6.0,CVT,고급유,8.5,11.6,241.0
BMW,X4,SUV ,2.0,4.0,CVT,고급유,8.5,11.6,240.0
BMW,X4,SUV ,3.0,6.0,CVT,고급유,7.8,10.5,266.0
BMW,X5,SUV ,3.0,6.0,CVT,경유,9.7,12.5,246.0
BMW,X5,SUV ,3.0,6.0,CVT,고급유,7.7,10.2,270.0
BMW,X5,SUV ,4.4,8.0,CVT,고급유,6.5,8.9,317.0
BMW,X5,SUV ,4.4,8.0,CVT,고급유,6.0,8.3,341.0
BMW,X6,SUV ,3.0,6.0,CVT,고급유,7.7,10.2,270.0
BMW,X6,SUV ,4.4,8.0,CVT,고급유,6.5,8.9,317.0
BMW,X6,SUV ,4.4,8.0,CVT,고급유,6.0,8.3,341.0
BMW,230I,SUBCOMPACT,2.0,4.0,CVT,고급유,9.8,13.9,207.0
BMW,230I,SUBCOMPACT,2.0,4.0,CVT,고급유,10.1,14.1,202.0
BMW,330I,COMPACT,2.0,4.0,CVT,고급유,10.5,14.5,194.0
BMW,330I,FULL_SIZE,2.0,4.0,CVT,고급유,9.8,13.9,207.0
BMW,330I,STATION WAGON ,2.0,4.0,CVT,고급유,9.8,13.9,207.0
BMW,430I,SUBCOMPACT,2.0,4.0,CVT,고급유,9.4,13.7,213.0
BMW,430I,COMPACT,2.0,4.0,CVT,고급유,9.8,13.9,207.0
BMW,430I,COMPACT,2.0,4.0,CVT,고급유,9.8,13.9,207.0
BMW,440I,COMPACT,3.0,6.0,CVT,고급유,8.9,13.7,227.0
BMW,440I,SUBCOMPACT,3.0,6.0,CVT,고급유,8.5,12.7,235.0
BMW,440I,COMPACT,3.0,6.0,CVT,고급유,8.8,13.2,228.0
BMW,440I,COMPACT,3.0,6.0,CVT,고급유,8.8,13.2,228.0
BMW,530I,MID_SIZE,2.0,4.0,CVT,고급유,9.8,13.9,207.0
BMW,540I,MID_SIZE,3.0,6.0,CVT,고급유,8.9,12.3,231.0
BMW,640I,COMPACT,3.0,6.0,CVT,고급유,8.1,11.9,248.0
BMW,640I,FULL_SIZE,3.0,6.0,CVT,고급유,8.4,11.9,241.0
BMW,650I,COMPACT,4.4,8.0,CVT,고급유,7.1,10.4,282.0
BMW,750I,FULL_SIZE,4.4,8.0,CVT,고급유,7.5,10.9,269.0
BMW,750LI,FULL_SIZE,4.4,8.0,CVT,고급유,7.1,10.4,282.0
BMW,ALPINA,COMPACT,4.4,8.0,CVT,고급유,7.1,10.4,282.0
BMW,ALPINA,FULL_SIZE,4.4,8.0,CVT,고급유,7.1,10.4,282.0
BMW,M240I,SUBCOMPACT,3.0,6.0,CVT,고급유,8.9,12.8,227.0
BMW,M240I,SUBCOMPACT,3.0,6.0,CVT,고급유,8.9,12.8,227.0
BMW,M240I,SUBCOMPACT,3.0,6.0,CVT,고급유,8.9,12.8,227.0
BMW,M240I,SUBCOMPACT,3.0,6.0,CVT,고급유,8.8,12.5,229.0
BMW,M240I,SUBCOMPACT,3.0,6.0,CVT,고급유,8.8,12.5,229.0
BMW,M240I,SUBCOMPACT,3.0,6.0,CVT,고급유,8.8,12.5,229.0
BMW,M5,MID_SIZE,4.4,8.0,CVT,고급유,6.3,8.9,324.0
BMW,M5,MID_SIZE,4.4,8.0,CVT,고급유,6.3,8.9,324.0
BMW,M550I,MID_SIZE,4.4,8.0,CVT,고급유,7.5,10.9,269.0
BMW,M760LI,FULL_SIZE,6.6,12.0,CVT,고급유,5.6,8.4,355.0
BMW,M850I,SUBCOMPACT,4.4,8.0,CVT,고급유,7.4,10.9,270.0
BMW,M850I,SUBCOMPACT,4.4,8.0,CVT,고급유,7.5,10.9,269.0
BMW,X1,SUV ,2.0,4.0,CVT,고급유,9.3,13.3,217.0
BMW,X2,SUV ,2.0,4.0,CVT,고급유,9.1,13.0,222.0
BMW,X3,SUV ,2.0,4.0,CVT,고급유,9.3,12.5,223.0
BMW,X3,SUV ,3.0,6.0,CVT,고급유,8.4,11.5,245.0
BMW,X4,SUV ,2.0,4.0,CVT,고급유,9.3,12.5,223.0
BMW,X4,SUV ,3.0,6.0,CVT,고급유,8.4,11.5,245.0
BMW,X5,SUV ,3.0,6.0,CVT,고급유,8.5,11.0,245.0
BMW,X5,SUV ,4.4,8.0,CVT,고급유,6.5,9.0,314.0
BMW,X6,SUV ,3.0,6.0,CVT,고급유,7.7,10.1,272.0
BMW,X6,SUV ,4.4,8.0,CVT,고급유,7.0,9.4,294.0
BMW,X6,SUV ,4.4,8.0,CVT,고급유,6.0,8.3,341.0
BMW,X7,SUV ,3.0,6.0,CVT,고급유,8.3,10.6,254.0
BMW,X7,SUV ,4.4,8.0,CVT,고급유,7.0,9.4,294.0
BMW,230I,SUBCOMPACT,2.0,4.0,CVT,고급유,9.9,14.3,204.0
BMW,230I,SUBCOMPACT,2.0,4.0,CVT,고급유,9.2,13.3,219.0
BMW,230I,SUBCOMPACT,2.0,4.0,CVT,고급유,10.5,13.5,200.0
BMW,230I,SUBCOMPACT,2.0,4.0,CVT,고급유,9.2,13.3,219.0
BMW,330I,COMPACT,2.0,4.0,CVT,고급유,10.5,14.5,195.0
BMW,430I,SUBCOMPACT,2.0,4.0,CVT,고급유,9.4,13.7,213.0
BMW,430I,COMPACT,2.0,4.0,CVT,고급유,9.9,14.3,204.0
BMW,430I,COMPACT,2.0,4.0,CVT,고급유,9.2,13.3,219.0
BMW,430I,COMPACT,2.0,4.0,CVT,고급유,9.2,13.3,219.0
BMW,440I,SUBCOMPACT,3.0,6.0,CVT,고급유,8.1,11.8,249.0
BMW,440I,COMPACT,3.0,6.0,CVT,고급유,8.8,12.3,231.0
BMW,440I,COMPACT,3.0,6.0,CVT,고급유,8.8,12.0,233.0
BMW,440I,COMPACT,3.0,6.0,CVT,고급유,8.8,12.0,233.0
BMW,530I,MID_SIZE,2.0,4.0,CVT,고급유,10.1,13.3,206.0
BMW,540I,MID_SIZE,3.0,6.0,CVT,고급유,9.3,12.3,222.0
BMW,750I,FULL_SIZE,4.4,8.0,CVT,고급유,6.9,10.1,290.0
BMW,750LI,FULL_SIZE,4.4,8.0,CVT,고급유,6.9,10.1,290.0
BMW,ALPINA,FULL_SIZE,4.4,8.0,CVT,고급유,6.9,10.1,290.0
BMW,M240I,SUBCOMPACT,3.0,6.0,CVT,고급유,8.8,12.3,231.0
BMW,M240I,SUBCOMPACT,3.0,6.0,CVT,고급유,8.8,12.0,233.0
BMW,M240I,SUBCOMPACT,3.0,6.0,CVT,고급유,8.8,12.3,231.0
BMW,M240I,SUBCOMPACT,3.0,6.0,CVT,고급유,8.8,12.3,231.0
BMW,M240I,SUBCOMPACT,3.0,6.0,CVT,고급유,8.8,12.0,233.0
BMW,M240I,SUBCOMPACT,3.0,6.0,CVT,고급유,8.8,12.0,233.0
BMW,M340I,COMPACT,3.0,6.0,CVT,고급유,8.8,12.0,233.0
BMW,M5,MID_SIZE,4.4,8.0,CVT,고급유,6.3,9.1,322.0
BMW,M5,MID_SIZE,4.4,8.0,CVT,고급유,6.3,9.1,322.0
BMW,M550I,MID_SIZE,4.4,8.0,CVT,고급유,7.4,10.8,273.0
BMW,M760I,FULL_SIZE,6.6,12.0,CVT,고급유,5.6,8.4,354.0
BMW,M8,SUBCOMPACT,4.4,8.0,CVT,고급유,6.3,9.1,322.0
BMW,M8,SUBCOMPACT,4.4,8.0,CVT,고급유,6.3,9.1,322.0
BMW,M8,SUBCOMPACT,4.4,8.0,CVT,고급유,6.3,9.1,322.0
BMW,M8,SUBCOMPACT,4.4,8.0,CVT,고급유,6.3,9.1,322.0
BMW,M8,MID_SIZE,4.4,8.0,CVT,고급유,6.3,9.1,322.0
BMW,M8,MID_SIZE,4.4,8.0,CVT,고급유,6.3,9.1,322.0
BMW,M850I,SUBCOMPACT,4.4,8.0,CVT,고급유,6.9,10.1,290.0
BMW,M850I,SUBCOMPACT,4.4,8.0,CVT,고급유,7.4,10.8,273.0
BMW,M850I,MID_SIZE,4.4,8.0,CVT,고급유,6.9,10.1,290.0
BMW,X1,SUV ,2.0,4.0,CVT,고급유,9.7,13.0,213.0
BMW,X2,SUV ,2.0,4.0,CVT,고급유,10.1,13.2,207.0
BMW,X2,SUV ,2.0,4.0,CVT,고급유,10.0,12.8,210.0
BMW,X3,SUV ,2.0,4.0,CVT,고급유,10.0,12.2,215.0
BMW,X3,SUV ,3.0,6.0,CVT,고급유,6.0,8.3,339.0
BMW,X3,SUV ,3.0,6.0,CVT,고급유,6.0,8.3,339.0
BMW,X3,SUV ,3.0,6.0,CVT,고급유,8.8,11.5,235.0
BMW,X4,SUV ,2.0,4.0,CVT,고급유,10.0,12.2,215.0
BMW,X4,SUV ,3.0,6.0,CVT,고급유,6.0,8.3,339.0
BMW,X4,SUV ,3.0,6.0,CVT,고급유,6.0,8.3,339.0
BMW,X4,SUV ,3.0,6.0,CVT,고급유,8.8,11.5,235.0
BMW,X5,SUV ,3.0,6.0,CVT,고급유,8.5,11.0,245.0
BMW,X5,SUV ,4.4,8.0,CVT,고급유,6.9,9.3,302.0
BMW,X5,SUV ,4.4,8.0,CVT,고급유,6.9,9.3,302.0
BMW,X6,SUV ,3.0,6.0,CVT,고급유,8.5,11.0,245.0
BMW,X6,SUV ,4.4,8.0,CVT,고급유,6.9,9.3,302.0
BMW,X7,SUV ,3.0,6.0,CVT,고급유,8.3,10.6,254.0
BMW,X7,SUV ,4.4,8.0,CVT,고급유,6.5,8.8,318.0
BMW,X7,SUV ,4.4,8.0,CVT,고급유,6.5,8.8,318.0
BMW,Z4,TWO_SEATER,2.0,4.0,CVT,고급유,10.5,13.5,200.0
BMW,Z4,TWO_SEATER,3.0,6.0,CVT,고급유,9.7,12.5,216.0
CHEVROLET,CAMARO,COMPACT,3.6,6.0,CVT,휘발유,7.6,11.5,258.0
CHEVROLET,CAMARO,COMPACT,3.6,6.0,CVT,휘발유,7.9,12.7,242.0
CHEVROLET,CAMARO,COMPACT,6.2,8.0,CVT,고급유,6.5,10.2,294.0
CHEVROLET,CAMARO,COMPACT,6.2,8.0,CVT,고급유,5.1,7.8,382.0
CHEVROLET,CORVETTE,TWO_SEATER,6.2,8.0,CVT,고급유,6.7,11.8,276.0
CHEVROLET,CRUZE,MID_SIZE,1.4,4.0,CVT,휘발유,11.0,15.9,179.0
CHEVROLET,CRUZE,MID_SIZE,1.8,4.0,CVT,휘발유,9.5,14.9,202.0
CHEVROLET,CRUZE,MID_SIZE,2.0,4.0,CVT,경유,11.5,19.6,192.0
CHEVROLET,IMPALA,FULL_SIZE,2.5,4.0,CVT,휘발유,8.8,13.3,221.0
CHEVROLET,IMPALA,FULL_SIZE,3.6,6.0,CVT,휘발유,7.9,12.2,244.0
CHEVROLET,IMPALA_ECO,FULL_SIZE,2.4,4.0,CVT,휘발유,10.0,14.3,200.0
CHEVROLET,MALIBU,MID_SIZE,2.0,4.0,CVT,고급유,8.7,12.7,228.0
CHEVROLET,MALIBU,MID_SIZE,2.5,4.0,CVT,휘발유,10.8,15.6,184.0
CHEVROLET,ORLANDO,SUV ,2.4,4.0,CVT,휘발유,8.2,11.6,244.0
CHEVROLET,SONIC,COMPACT,1.4,4.0,CVT,휘발유,11.0,14.9,184.0
CHEVROLET,SONIC,COMPACT,1.8,4.0,CVT,휘발유,10.4,15.2,191.0
CHEVROLET,SONIC,COMPACT,1.4,4.0,CVT,휘발유,10.6,14.3,191.0
CHEVROLET,SONIC,MID_SIZE,1.4,4.0,CVT,휘발유,11.0,14.9,184.0
CHEVROLET,SONIC,MID_SIZE,1.8,4.0,CVT,휘발유,10.4,15.2,191.0
CHEVROLET,SONIC,MID_SIZE,1.4,4.0,CVT,휘발유,10.6,14.3,191.0
CHEVROLET,SPARK,SUBCOMPACT,1.2,4.0,CVT,휘발유,13.0,16.7,159.0
CHEVROLET,TRAX,SUV ,1.4,4.0,CVT,휘발유,10.6,14.1,193.0
CHEVROLET,TRAX,SUV ,1.4,4.0,CVT,휘발유,10.0,12.8,207.0
CHEVROLET,CAMARO,COMPACT,3.6,6.0,CVT,휘발유,7.5,11.4,260.0
CHEVROLET,CAMARO,COMPACT,6.2,8.0,CVT,고급유,6.5,10.2,294.0
CHEVROLET,CAMARO,COMPACT,3.6,6.0,CVT,휘발유,7.9,12.7,242.0
CHEVROLET,CAMARO,COMPACT,6.2,8.0,CVT,고급유,5.0,7.7,386.0
CHEVROLET,CITY,SPECIAL PURPOSE VEHICLE,2.0,4.0,CVT,휘발유,10.3,11.1,216.0
CHEVROLET,CORVETTE,TWO_SEATER,6.2,8.0,CVT,고급유,6.8,12.3,269.0
CHEVROLET,CORVETTE,TWO_SEATER,6.2,8.0,CVT,고급유,5.6,9.8,329.0
CHEVROLET,CRUZE,MID_SIZE,1.4,4.0,CVT,휘발유,11.0,15.9,179.0
CHEVROLET,CRUZE,MID_SIZE,1.8,4.0,CVT,휘발유,9.5,14.7,202.0
CHEVROLET,CRUZE,MID_SIZE,2.0,4.0,CVT,경유,11.5,19.6,192.0
CHEVROLET,IMPALA,FULL_SIZE,2.5,4.0,CVT,휘발유,9.4,13.3,212.0
CHEVROLET,IMPALA,FULL_SIZE,3.6,6.0,CVT,휘발유,8.0,12.2,244.0
CHEVROLET,MALIBU,MID_SIZE,2.0,4.0,CVT,고급유,8.8,12.7,225.0
CHEVROLET,MALIBU,MID_SIZE,2.5,4.0,CVT,휘발유,10.8,15.6,184.0
CHEVROLET,SONIC,COMPACT,1.4,4.0,CVT,휘발유,11.1,14.7,184.0
CHEVROLET,SONIC,COMPACT,1.8,4.0,CVT,휘발유,10.4,14.9,191.0
CHEVROLET,SONIC,COMPACT,1.4,4.0,CVT,휘발유,10.6,14.3,191.0
CHEVROLET,SONIC,MID_SIZE,1.4,4.0,CVT,휘발유,11.1,14.7,184.0
CHEVROLET,SONIC,MID_SIZE,1.8,4.0,CVT,휘발유,10.4,14.9,191.0
CHEVROLET,SONIC,MID_SIZE,1.4,4.0,CVT,휘발유,10.6,14.3,191.0
CHEVROLET,SPARK,SUBCOMPACT,1.2,4.0,CVT,휘발유,13.0,16.4,161.0
CHEVROLET,TRAX,SUV ,1.4,4.0,CVT,휘발유,10.9,14.3,189.0
CHEVROLET,TRAX,SUV ,1.4,4.0,CVT,휘발유,10.3,13.2,200.0
CHEVROLET,CAMARO,COMPACT,2.0,4.0,CVT,고급유,9.2,13.3,218.0
CHEVROLET,CAMARO,COMPACT,3.6,6.0,CVT,휘발유,8.1,11.8,248.0
CHEVROLET,CAMARO,COMPACT,6.2,8.0,CVT,고급유,7.0,11.9,272.0
CHEVROLET,CITY,SPECIAL PURPOSE VEHICLE,2.0,4.0,CVT,휘발유,10.3,11.1,220.0
CHEVROLET,CORVETTE,TWO_SEATER,6.2,8.0,CVT,고급유,6.8,12.3,275.0
CHEVROLET,CORVETTE,TWO_SEATER,6.2,8.0,CVT,고급유,5.6,9.8,335.0
CHEVROLET,CRUZE,COMPACT,1.4,4.0,CVT,휘발유,12.8,17.9,159.0
CHEVROLET,CRUZE,COMPACT,1.4,4.0,CVT,휘발유,12.8,16.9,160.0
CHEVROLET,CRUZE,MID_SIZE,1.4,4.0,CVT,휘발유,11.0,15.9,184.0
CHEVROLET,CRUZE,MID_SIZE,1.8,4.0,CVT,휘발유,9.5,14.7,207.0
CHEVROLET,IMPALA,FULL_SIZE,2.5,4.0,CVT,휘발유,9.4,13.3,215.0
CHEVROLET,IMPALA,FULL_SIZE,3.6,6.0,CVT,휘발유,8.0,12.2,248.0
CHEVROLET,IMPALA,MID_SIZE,3.6,6.0,CVT,휘발유,7.2,10.8,272.0
CHEVROLET,MALIBU,MID_SIZE,2.0,4.0,CVT,고급유,9.4,14.1,211.0
CHEVROLET,MALIBU,MID_SIZE,2.5,4.0,CVT,휘발유,10.0,14.3,202.0
CHEVROLET,MALIBU_HYBRID,MID_SIZE,1.8,4.0,CVT,휘발유,20.0,19.6,122.0
CHEVROLET,SONIC,COMPACT,1.4,4.0,CVT,휘발유,11.1,14.7,188.0
CHEVROLET,SONIC,COMPACT,1.8,4.0,CVT,휘발유,10.4,14.9,195.0
CHEVROLET,SONIC,COMPACT,1.4,4.0,CVT,휘발유,10.5,14.1,195.0
CHEVROLET,SONIC,STATION WAGON ,1.4,4.0,CVT,휘발유,11.1,14.7,188.0
CHEVROLET,SONIC,STATION WAGON ,1.8,4.0,CVT,휘발유,10.4,14.9,195.0
CHEVROLET,SONIC,STATION WAGON ,1.4,4.0,CVT,휘발유,10.5,14.1,195.0
CHEVROLET,SPARK,SUBCOMPACT,1.4,4.0,CVT,휘발유,13.2,17.5,157.0
CHEVROLET,TRAX,SUV ,1.4,4.0,CVT,휘발유,10.9,14.3,193.0
CHEVROLET,TRAX,SUV ,1.4,4.0,CVT,휘발유,10.3,13.2,205.0
CHEVROLET,CAMARO,SUBCOMPACT,2.0,4.0,CVT,고급유,9.2,13.0,222.0
CHEVROLET,CAMARO,SUBCOMPACT,3.6,6.0,CVT,휘발유,8.1,11.6,249.0
CHEVROLET,CAMARO,SUBCOMPACT,6.2,8.0,CVT,고급유,7.0,11.5,273.0
CHEVROLET,CAMARO,SUBCOMPACT,6.2,8.0,CVT,고급유,5.3,8.6,367.0
CHEVROLET,CITY,SPECIAL PURPOSE VEHICLE,2.0,4.0,CVT,휘발유,10.2,11.1,220.0
CHEVROLET,CORVETTE,TWO_SEATER,6.2,8.0,CVT,고급유,6.6,11.2,290.0
CHEVROLET,CORVETTE,TWO_SEATER,6.2,8.0,CVT,고급유,5.7,9.7,336.0
CHEVROLET,CRUZE,COMPACT,1.4,4.0,CVT,휘발유,12.7,16.9,165.0
CHEVROLET,CRUZE,COMPACT,1.4,4.0,CVT,휘발유,12.3,16.7,169.0
CHEVROLET,CRUZE,COMPACT,1.4,4.0,CVT,휘발유,12.3,16.1,172.0
CHEVROLET,CRUZE,COMPACT,1.4,4.0,CVT,휘발유,11.9,15.6,176.0
CHEVROLET,IMPALA,FULL_SIZE,2.5,4.0,CVT,휘발유,9.2,12.7,224.0
CHEVROLET,IMPALA,FULL_SIZE,3.6,6.0,CVT,휘발유,8.0,12.0,249.0
CHEVROLET,MALIBU_HYBRID,MID_SIZE,1.8,4.0,CVT,휘발유,20.8,18.2,121.0
CHEVROLET,SONIC,COMPACT,1.4,4.0,CVT,휘발유,11.4,15.2,184.0
CHEVROLET,SONIC,COMPACT,1.8,4.0,CVT,휘발유,10.3,14.5,197.0
CHEVROLET,SONIC,STATION WAGON ,1.4,4.0,CVT,휘발유,11.4,15.2,184.0
CHEVROLET,SONIC,STATION WAGON ,1.8,4.0,CVT,휘발유,10.3,14.5,197.0
CHEVROLET,SPARK,SUBCOMPACT,1.4,4.0,CVT,휘발유,12.8,16.1,167.0
CHEVROLET,TRAX,SUV ,1.4,4.0,CVT,휘발유,10.8,13.9,194.0
CHEVROLET,TRAX,SUV ,1.4,4.0,CVT,휘발유,10.2,13.0,208.0
CHEVROLET,CAMARO,SUBCOMPACT,2.0,4.0,CVT,고급유,9.3,13.2,220.0
CHEVROLET,CAMARO,SUBCOMPACT,3.6,6.0,CVT,휘발유,8.1,12.2,246.0
CHEVROLET,CAMARO,SUBCOMPACT,6.2,8.0,CVT,고급유,7.0,11.5,273.0
CHEVROLET,CAMARO,SUBCOMPACT,6.2,8.0,CVT,고급유,5.3,8.8,361.0
CHEVROLET,CITY,SPECIAL PURPOSE VEHICLE,2.0,4.0,CVT,휘발유,10.2,11.4,218.0
CHEVROLET,CORVETTE,TWO_SEATER,6.2,8.0,CVT,고급유,6.5,10.9,297.0
CHEVROLET,CORVETTE,TWO_SEATER,6.2,8.0,CVT,고급유,5.7,9.7,336.0
CHEVROLET,CRUZE,COMPACT,1.4,4.0,CVT,휘발유,12.5,16.9,166.0
CHEVROLET,CRUZE,COMPACT,1.4,4.0,CVT,휘발유,12.3,16.7,169.0
CHEVROLET,CRUZE,MID_SIZE,1.4,4.0,CVT,휘발유,12.3,16.1,172.0
CHEVROLET,CRUZE,MID_SIZE,1.4,4.0,CVT,휘발유,11.9,15.6,176.0
CHEVROLET,IMPALA,FULL_SIZE,2.5,4.0,CVT,휘발유,9.2,12.7,224.0
CHEVROLET,IMPALA,FULL_SIZE,3.6,6.0,CVT,휘발유,7.9,11.8,254.0
CHEVROLET,MALIBU_HYBRID,MID_SIZE,1.8,4.0,CVT,휘발유,20.8,18.2,121.0
CHEVROLET,SONIC,COMPACT,1.4,4.0,CVT,휘발유,11.4,15.2,184.0
CHEVROLET,SONIC,COMPACT,1.8,4.0,CVT,휘발유,10.8,14.3,193.0
CHEVROLET,SONIC,STATION WAGON ,1.4,4.0,CVT,휘발유,11.4,15.2,184.0
CHEVROLET,SONIC,STATION WAGON ,1.8,4.0,CVT,휘발유,10.8,14.3,193.0
CHEVROLET,SPARK,SUBCOMPACT,1.4,4.0,CVT,휘발유,12.8,16.1,167.0
CHEVROLET,TRAVERSE,SUV ,3.6,6.0,CVT,휘발유,7.8,11.5,258.0
CHEVROLET,TRAVERSE,SUV ,3.6,6.0,CVT,휘발유,7.3,10.6,276.0
CHEVROLET,TRAX,SUV ,1.4,4.0,CVT,휘발유,10.8,13.9,194.0
CHEVROLET,TRAX,SUV ,1.4,4.0,CVT,휘발유,10.1,12.8,210.0
CHEVROLET,CAMARO,SUBCOMPACT,2.0,4.0,CVT,고급유,9.3,13.0,220.0
CHEVROLET,CAMARO,SUBCOMPACT,3.6,6.0,CVT,휘발유,8.1,12.2,246.0
CHEVROLET,CAMARO,SUBCOMPACT,6.2,8.0,CVT,고급유,6.9,11.4,279.0
CHEVROLET,CAMARO,SUBCOMPACT,6.2,8.0,CVT,고급유,5.5,8.9,355.0
CHEVROLET,CORVETTE,TWO_SEATER,6.2,8.0,CVT,고급유,6.4,10.9,299.0
CHEVROLET,CORVETTE,TWO_SEATER,6.2,8.0,CVT,고급유,5.8,9.9,331.0
CHEVROLET,CORVETTE,TWO_SEATER,6.2,8.0,CVT,고급유,5.1,8.3,381.0
CHEVROLET,CRUZE,COMPACT,1.4,4.0,CVT,휘발유,12.0,16.1,172.0
CHEVROLET,CRUZE,COMPACT,1.4,4.0,CVT,휘발유,12.0,16.1,172.0
CHEVROLET,CRUZE,MID_SIZE,1.4,4.0,CVT,휘발유,12.0,16.1,172.0
CHEVROLET,CRUZE,MID_SIZE,1.4,4.0,CVT,휘발유,11.8,15.6,175.0
CHEVROLET,IMPALA,FULL_SIZE,2.5,4.0,CVT,휘발유,9.3,12.5,225.0
CHEVROLET,IMPALA,FULL_SIZE,3.6,6.0,CVT,휘발유,7.9,11.8,254.0
CHEVROLET,MALIBU,MID_SIZE,1.5,4.0,CVT,휘발유,12.2,15.2,174.0
CHEVROLET,MALIBU_HYBRID,MID_SIZE,1.8,4.0,CVT,휘발유,20.8,18.2,121.0
CHEVROLET,SPARK,SUBCOMPACT,1.4,4.0,CVT,휘발유,12.7,16.1,167.0
CHEVROLET,TRAX,SUV ,1.4,4.0,CVT,휘발유,11.0,13.2,196.0
CHEVROLET,TRAX,SUV ,1.4,4.0,CVT,휘발유,10.1,12.3,214.0
CHEVROLET,CAMARO,SUBCOMPACT,2.0,4.0,CVT,고급유,9.2,13.2,219.0
CHEVROLET,CAMARO,SUBCOMPACT,3.6,6.0,CVT,휘발유,8.0,12.3,247.0
CHEVROLET,CAMARO,SUBCOMPACT,6.2,8.0,CVT,고급유,6.8,11.2,282.0
CHEVROLET,CAMARO,SUBCOMPACT,6.2,8.0,CVT,고급유,5.5,8.9,355.0
CHEVROLET,CORVETTE,TWO_SEATER,6.2,8.0,CVT,고급유,6.5,11.5,290.0
CHEVROLET,IMPALA,FULL_SIZE,3.6,6.0,CVT,휘발유,7.8,11.8,255.0
CHEVROLET,MALIBU,MID_SIZE,1.5,4.0,CVT,휘발유,12.2,15.2,189.0
CHEVROLET,SPARK,SUBCOMPACT,1.4,4.0,CVT,휘발유,12.7,16.1,167.0
CHEVROLET,TRAX,SUV ,1.4,4.0,CVT,휘발유,11.0,13.2,196.0
CHEVROLET,TRAX,SUV ,1.4,4.0,CVT,휘발유,10.0,12.5,214.0
GENESIS,G80,FULL_SIZE,3.8,6.0,CVT,휘발유,7.0,10.5,286.0
GENESIS,G80,FULL_SIZE,5.0,8.0,CVT,고급유,5.8,9.5,332.0
GENESIS,G90,FULL_SIZE,3.3,6.0,CVT,고급유,7.3,10.3,279.0
GENESIS,G90,FULL_SIZE,5.0,8.0,CVT,고급유,6.6,9.8,306.0
GENESIS,G80,FULL_SIZE,3.3,6.0,CVT,고급유,7.2,10.3,282.0
GENESIS,G80,FULL_SIZE,3.8,6.0,CVT,휘발유,7.5,10.4,276.0
GENESIS,G80,FULL_SIZE,5.0,8.0,CVT,고급유,6.4,9.6,312.0
GENESIS,G90,FULL_SIZE,3.3,6.0,CVT,고급유,7.3,10.3,279.0
GENESIS,G90,FULL_SIZE,5.0,8.0,CVT,고급유,6.6,9.8,306.0
GENESIS,G70,COMPACT,2.0,4.0,CVT,고급유,8.7,11.5,241.0
GENESIS,G70,COMPACT,3.3,6.0,CVT,고급유,7.5,10.5,274.0
GENESIS,G80,FULL_SIZE,3.3,6.0,CVT,고급유,7.2,10.3,282.0
GENESIS,G80,FULL_SIZE,3.8,6.0,CVT,휘발유,7.5,10.4,276.0
GENESIS,G80,FULL_SIZE,5.0,8.0,CVT,고급유,6.4,9.6,312.0
GENESIS,G90,FULL_SIZE,3.3,6.0,CVT,고급유,7.3,10.3,279.0
GENESIS,G90,FULL_SIZE,5.0,8.0,CVT,고급유,6.6,9.8,306.0
GENESIS,G70,COMPACT,2.0,4.0,CVT,고급유,8.8,11.6,238.0
GENESIS,G70,COMPACT,3.3,6.0,CVT,고급유,7.1,10.5,284.0
GENESIS,G80,FULL_SIZE,3.3,6.0,CVT,고급유,7.2,10.3,282.0
GENESIS,G80,FULL_SIZE,3.8,6.0,CVT,휘발유,7.5,10.4,276.0
GENESIS,G80,FULL_SIZE,5.0,8.0,CVT,고급유,6.4,9.6,312.0
GENESIS,G90,FULL_SIZE,3.3,6.0,CVT,고급유,7.4,10.5,280.0
GENESIS,G90,FULL_SIZE,5.0,8.0,CVT,고급유,6.5,9.8,311.0
HONDA,ACCORD,MID_SIZE,2.4,4.0,CVT,휘발유,11.1,15.2,182.0
HONDA,ACCORD,MID_SIZE,2.4,4.0,CVT,휘발유,11.0,14.5,186.0
HONDA,ACCORD,MID_SIZE,3.5,6.0,CVT,휘발유,8.8,13.7,221.0
HONDA,ACCORD_HYBRID,MID_SIZE,2.0,4.0,CVT,휘발유,21.3,20.4,110.0
HONDA,CIVIC,COMPACT,1.8,4.0,CVT,휘발유,12.7,16.7,161.0
HONDA,CIVIC,COMPACT,1.8,4.0,CVT,휘발유,12.3,16.1,166.0
HONDA,CR-Z,TWO_SEATER,1.5,4.0,CVT,휘발유,15.2,16.7,145.0
HONDA,ACCORD,MID_SIZE,2.4,4.0,CVT,휘발유,11.4,15.4,179.0
HONDA,ACCORD,MID_SIZE,2.4,4.0,CVT,휘발유,11.1,14.9,184.0
HONDA,ACCORD,MID_SIZE,3.5,6.0,CVT,휘발유,8.8,13.7,219.0
HONDA,ACCORD_HYBRID,MID_SIZE,2.0,4.0,CVT,휘발유,21.3,18.9,115.0
HONDA,CIVIC,COMPACT,1.8,4.0,CVT,휘발유,12.7,16.4,163.0
HONDA,CIVIC,COMPACT,1.8,4.0,CVT,휘발유,12.3,16.1,166.0
HONDA,CIVIC_HYBRID,COMPACT,1.5,4.0,CVT,휘발유,18.9,20.0,120.0
HONDA,CR-V,SUV ,2.4,4.0,CVT,휘발유,11.6,14.5,179.0
HONDA,CR-V,SUV ,2.4,4.0,CVT,휘발유,11.0,13.9,191.0
HONDA,CR-Z,TWO_SEATER,1.5,4.0,CVT,휘발유,15.2,16.7,145.0
HONDA,FIT,STATION WAGON ,1.5,4.0,CVT,휘발유,14.3,17.5,147.0
HONDA,FIT,STATION WAGON ,1.5,4.0,CVT,휘발유,13.7,16.4,156.0
HONDA,ACCORD,MID_SIZE,3.5,6.0,CVT,휘발유,8.8,13.7,223.0
HONDA,ACCORD,MID_SIZE,2.4,4.0,CVT,휘발유,11.6,15.6,177.0
HONDA,ACCORD,MID_SIZE,2.4,4.0,CVT,휘발유,11.0,14.7,187.0
HONDA,CIVIC,COMPACT,1.5,4.0,CVT,휘발유,13.3,17.9,155.0
HONDA,CIVIC,COMPACT,2.0,4.0,CVT,휘발유,12.8,17.2,162.0
HONDA,CIVIC,MID_SIZE,1.5,4.0,CVT,휘발유,13.2,18.2,157.0
HONDA,CIVIC,MID_SIZE,2.0,4.0,CVT,휘발유,12.8,17.2,162.0
HONDA,CR-V,SUV ,2.4,4.0,CVT,휘발유,11.4,14.5,186.0
HONDA,CR-V,SUV ,2.4,4.0,CVT,휘발유,10.5,13.3,202.0
HONDA,CR-Z,TWO_SEATER,1.5,4.0,CVT,휘발유,14.3,15.6,157.0
HONDA,FIT,STATION WAGON ,1.5,4.0,CVT,휘발유,14.3,17.5,150.0
HONDA,FIT,STATION WAGON ,1.5,4.0,CVT,휘발유,13.7,16.4,158.0
HONDA,HR-V,SUV ,1.8,4.0,CVT,휘발유,12.0,14.9,177.0
HONDA,HR-V,SUV ,1.8,4.0,CVT,휘발유,12.0,14.9,177.0
HONDA,HR-V,SUV ,1.8,4.0,CVT,휘발유,11.4,13.9,190.0
HONDA,HR-V,SUV ,1.8,4.0,CVT,휘발유,11.4,13.9,190.0
HONDA,PILOT,SUV ,3.5,6.0,CVT,휘발유,8.1,10.8,257.0
HONDA,ACCORD,MID_SIZE,2.4,4.0,CVT,휘발유,10.9,14.5,190.0
HONDA,ACCORD,MID_SIZE,3.5,6.0,CVT,휘발유,8.8,13.5,225.0
HONDA,ACCORD,MID_SIZE,2.4,4.0,CVT,휘발유,11.5,15.2,180.0
HONDA,ACCORD_HYBRID,MID_SIZE,2.0,4.0,CVT,휘발유,20.4,19.6,114.0
HONDA,CIVIC,COMPACT,1.5,4.0,CVT,휘발유,13.3,16.9,158.0
HONDA,CIVIC,COMPACT,2.0,4.0,CVT,휘발유,12.8,16.7,163.0
HONDA,CIVIC,MID_SIZE,1.5,4.0,CVT,휘발유,13.5,17.9,153.0
HONDA,CIVIC,MID_SIZE,2.0,4.0,CVT,휘발유,12.8,16.7,163.0
HONDA,CIVIC,FULL_SIZE,1.5,4.0,CVT,휘발유,13.0,16.7,162.0
HONDA,CIVIC,FULL_SIZE,1.5,4.0,CVT,휘발유,12.7,15.2,170.0
HONDA,CIVIC,FULL_SIZE,1.5,4.0,CVT,고급유,12.7,15.2,170.0
HONDA,CR-V,SUV ,1.5,4.0,CVT,휘발유,11.9,14.3,181.0
HONDA,CR-V,SUV ,1.5,4.0,CVT,휘발유,11.5,13.9,188.0
HONDA,FIT,STATION WAGON ,1.5,4.0,CVT,휘발유,14.3,16.9,154.0
HONDA,FIT,STATION WAGON ,1.5,4.0,CVT,휘발유,13.2,15.6,164.0
HONDA,HR-V,STATION WAGON ,1.8,4.0,CVT,휘발유,12.0,14.5,180.0
HONDA,HR-V,STATION WAGON ,1.8,4.0,CVT,휘발유,12.0,14.5,180.0
HONDA,HR-V,STATION WAGON ,1.8,4.0,CVT,휘발유,11.2,13.3,194.0
HONDA,HR-V,STATION WAGON ,1.8,4.0,CVT,휘발유,11.2,13.3,194.0
HONDA,PILOT,SUV ,3.5,6.0,CVT,휘발유,8.1,10.8,256.0
HONDA,ACCORD,FULL_SIZE,1.5,4.0,CVT,휘발유,12.7,15.9,168.0
HONDA,ACCORD,FULL_SIZE,1.5,4.0,CVT,휘발유,12.2,14.7,177.0
HONDA,ACCORD,MID_SIZE,2.0,4.0,CVT,휘발유,9.6,13.5,211.0
HONDA,ACCORD_HYBRID,FULL_SIZE,2.0,4.0,CVT,휘발유,20.0,19.6,118.0
HONDA,CIVIC,COMPACT,1.5,4.0,CVT,휘발유,13.3,16.9,158.0
HONDA,CIVIC,COMPACT,2.0,4.0,CVT,휘발유,12.8,16.7,163.0
HONDA,CIVIC,FULL_SIZE,1.5,4.0,CVT,휘발유,13.0,16.7,162.0
HONDA,CIVIC,FULL_SIZE,1.5,4.0,CVT,휘발유,12.7,15.2,170.0
HONDA,CIVIC,FULL_SIZE,1.5,4.0,CVT,고급유,12.7,15.2,170.0
HONDA,CIVIC,MID_SIZE,1.5,4.0,CVT,휘발유,13.5,17.9,153.0
HONDA,CIVIC,MID_SIZE,2.0,4.0,CVT,휘발유,12.8,16.7,163.0
HONDA,CR-V,SUV ,1.5,4.0,CVT,휘발유,11.9,14.3,181.0
HONDA,CR-V,SUV ,1.5,4.0,CVT,휘발유,11.5,13.9,188.0
HONDA,FIT,STATION WAGON ,1.5,4.0,CVT,휘발유,14.3,16.9,151.0
HONDA,FIT,STATION WAGON ,1.5,4.0,CVT,휘발유,13.2,15.4,166.0
HONDA,HR-V,STATION WAGON ,1.8,4.0,CVT,휘발유,12.0,14.5,180.0
HONDA,HR-V,STATION WAGON ,1.8,4.0,CVT,휘발유,12.0,14.5,180.0
HONDA,HR-V,STATION WAGON ,1.8,4.0,CVT,휘발유,11.2,13.3,194.0
HONDA,HR-V,STATION WAGON ,1.8,4.0,CVT,휘발유,11.2,13.3,194.0
HONDA,ODYSSEY,MINIVAN,3.5,6.0,CVT,휘발유,7.9,11.9,252.0
HONDA,ODYSSEY,MINIVAN,3.5,6.0,CVT,휘발유,8.2,11.8,247.0
HONDA,PILOT,SUV ,3.5,6.0,CVT,휘발유,8.1,10.8,256.0
HONDA,ACCORD,FULL_SIZE,1.5,4.0,CVT,휘발유,12.7,15.9,168.0
HONDA,ACCORD,FULL_SIZE,1.5,4.0,CVT,휘발유,12.2,14.7,177.0
HONDA,ACCORD,MID_SIZE,2.0,4.0,CVT,휘발유,9.6,13.5,211.0
HONDA,ACCORD_HYBRID,FULL_SIZE,2.0,4.0,CVT,휘발유,20.0,20.0,117.0
HONDA,CIVIC,COMPACT,1.5,4.0,CVT,휘발유,12.8,15.6,167.0
HONDA,CIVIC,COMPACT,2.0,4.0,CVT,휘발유,12.8,16.4,164.0
HONDA,CIVIC,COMPACT,2.0,4.0,CVT,휘발유,12.0,15.2,176.0
HONDA,CIVIC,FULL_SIZE,1.5,4.0,CVT,휘발유,13.0,16.7,162.0
HONDA,CIVIC,FULL_SIZE,1.5,4.0,CVT,휘발유,12.7,15.2,170.0
HONDA,CIVIC,FULL_SIZE,1.5,4.0,CVT,고급유,12.7,15.2,170.0
HONDA,CIVIC,MID_SIZE,1.5,4.0,CVT,휘발유,12.8,16.1,165.0
HONDA,CIVIC,MID_SIZE,2.0,4.0,CVT,휘발유,12.7,16.4,167.0
HONDA,CR-V,SUV ,1.5,4.0,CVT,휘발유,11.9,14.3,181.0
HONDA,CR-V,SUV ,1.5,4.0,CVT,휘발유,11.5,13.9,188.0
HONDA,FIT,STATION WAGON ,1.5,4.0,CVT,휘발유,14.3,16.9,151.0
HONDA,FIT,STATION WAGON ,1.5,4.0,CVT,휘발유,13.2,15.4,166.0
HONDA,HR-V,STATION WAGON ,1.8,4.0,CVT,휘발유,11.9,14.3,181.0
HONDA,HR-V,STATION WAGON ,1.8,4.0,CVT,휘발유,11.4,13.3,193.0
HONDA,HR-V,STATION WAGON ,1.8,4.0,CVT,휘발유,11.0,13.0,199.0
HONDA,INSIGHT,MID_SIZE,1.5,4.0,CVT,휘발유,21.7,18.9,114.0
HONDA,INSIGHT,MID_SIZE,1.5,4.0,CVT,휘발유,21.7,18.9,114.0
HONDA,ODYSSEY,MINIVAN,3.5,6.0,CVT,휘발유,7.9,11.9,252.0
HONDA,ODYSSEY,MINIVAN,3.5,6.0,CVT,휘발유,8.2,11.8,247.0
HONDA,PILOT,SUV ,3.5,6.0,CVT,휘발유,8.1,10.8,257.0
HONDA,ACCORD,FULL_SIZE,1.5,4.0,CVT,휘발유,12.7,15.9,170.0
HONDA,ACCORD,FULL_SIZE,1.5,4.0,CVT,휘발유,12.2,14.7,177.0
HONDA,ACCORD,MID_SIZE,2.0,4.0,CVT,휘발유,9.6,13.5,211.0
HONDA,ACCORD_HYBRID,FULL_SIZE,2.0,4.0,CVT,휘발유,20.0,20.0,117.0
HONDA,CIVIC,COMPACT,1.5,4.0,CVT,휘발유,12.8,15.6,167.0
HONDA,CIVIC,COMPACT,2.0,4.0,CVT,휘발유,12.8,16.4,164.0
HONDA,CIVIC,COMPACT,2.0,4.0,CVT,휘발유,12.0,15.2,176.0
HONDA,CIVIC,FULL_SIZE,1.5,4.0,CVT,휘발유,13.0,16.7,162.0
HONDA,CIVIC,FULL_SIZE,1.5,4.0,CVT,고급유,12.5,15.2,172.0
HONDA,CIVIC,MID_SIZE,1.5,4.0,CVT,휘발유,12.8,16.1,165.0
HONDA,CIVIC,MID_SIZE,2.0,4.0,CVT,휘발유,12.7,16.4,167.0
HONDA,CIVIC,MID_SIZE,2.0,4.0,CVT,휘발유,12.2,15.4,172.0
HONDA,CR-V,SUV ,1.5,4.0,CVT,휘발유,12.0,14.3,180.0
HONDA,CR-V,SUV ,1.5,4.0,CVT,휘발유,11.5,13.5,189.0
HONDA,FIT,STATION WAGON ,1.5,4.0,CVT,휘발유,14.3,16.9,151.0
HONDA,FIT,STATION WAGON ,1.5,4.0,CVT,휘발유,13.2,15.4,166.0
HONDA,HR-V,STATION WAGON ,1.8,4.0,CVT,휘발유,11.9,14.3,181.0
HONDA,HR-V,STATION WAGON ,1.8,4.0,CVT,휘발유,11.4,13.3,193.0
HONDA,HR-V,STATION WAGON ,1.8,4.0,CVT,휘발유,11.0,13.0,200.0
HONDA,INSIGHT,MID_SIZE,1.5,4.0,CVT,휘발유,21.7,18.9,115.0
HONDA,ODYSSEY,MINIVAN,3.5,6.0,CVT,휘발유,8.2,11.8,248.0
HONDA,PASSPORT,SUV ,3.5,6.0,CVT,휘발유,8.0,10.2,265.0
HONDA,PILOT,SUV ,3.5,6.0,CVT,휘발유,8.1,10.8,257.0
HONDA,RIDGELINE,PICKUP TRUCK ,3.5,6.0,CVT,휘발유,7.9,10.0,269.0
HYUNDAI,SONATA_HYBRID,MID_SIZE,2.4,4.0,CVT,휘발유,15.4,16.9,143.0
HYUNDAI,SONATA_HYBRID,MID_SIZE,2.4,4.0,CVT,휘발유,15.2,16.9,145.0
HYUNDAI,ACCENT,COMPACT,1.6,4.0,CVT,휘발유,11.2,15.9,177.0
HYUNDAI,ELANTRA,MID_SIZE,1.8,4.0,CVT,휘발유,11.8,15.9,172.0
HYUNDAI,ELANTRA,MID_SIZE,2.0,4.0,CVT,휘발유,10.3,14.9,191.0
HYUNDAI,ELANTRA,MID_SIZE,2.0,4.0,CVT,휘발유,10.4,14.7,191.0
HYUNDAI,ELANTRA,MID_SIZE,2.0,4.0,CVT,휘발유,10.3,13.9,198.0
HYUNDAI,EQUUS,FULL_SIZE,5.0,8.0,CVT,고급유,6.3,9.8,306.0
HYUNDAI,GENESIS,FULL_SIZE,3.8,6.0,CVT,휘발유,6.9,10.6,278.0
HYUNDAI,GENESIS,FULL_SIZE,5.0,8.0,CVT,고급유,5.8,9.5,327.0
HYUNDAI,GENESIS,SUBCOMPACT,3.8,6.0,CVT,고급유,6.8,10.4,283.0
HYUNDAI,SANTA,SUV ,3.3,6.0,CVT,휘발유,7.8,10.6,260.0
HYUNDAI,SANTA,SUV ,3.3,6.0,CVT,휘발유,7.7,10.3,264.0
HYUNDAI,SANTA,SUV ,2.4,4.0,CVT,휘발유,8.5,11.5,237.0
HYUNDAI,SANTA,SUV ,2.0,4.0,CVT,휘발유,7.8,10.2,264.0
HYUNDAI,SANTA,SUV ,2.4,4.0,CVT,휘발유,8.0,10.8,255.0
HYUNDAI,SANTA,SUV ,3.3,6.0,CVT,휘발유,7.2,9.3,287.0
HYUNDAI,SONATA,FULL_SIZE,2.0,4.0,CVT,휘발유,9.6,13.5,209.0
HYUNDAI,SONATA,FULL_SIZE,2.4,4.0,CVT,휘발유,10.2,14.9,193.0
HYUNDAI,SONATA,FULL_SIZE,2.4,4.0,CVT,휘발유,10.2,14.9,193.0
HYUNDAI,SONATA_HYBRID,MID_SIZE,2.4,4.0,CVT,휘발유,15.2,16.9,145.0
HYUNDAI,SONATA_HYBRID,MID_SIZE,2.4,4.0,CVT,휘발유,15.2,16.9,145.0
HYUNDAI,TUCSON,SUV ,2.0,4.0,CVT,휘발유,9.8,12.2,214.0
HYUNDAI,TUCSON,SUV ,2.4,4.0,CVT,휘발유,8.8,12.0,230.0
HYUNDAI,TUCSON,SUV ,2.0,4.0,CVT,휘발유,8.8,10.8,239.0
HYUNDAI,TUCSON,SUV ,2.4,4.0,CVT,휘발유,8.6,10.8,244.0
HYUNDAI,VELOSTER,COMPACT,1.6,4.0,CVT,휘발유,10.1,13.2,202.0
HYUNDAI,ACCENT,COMPACT,1.6,4.0,CVT,휘발유,11.2,15.9,179.0
HYUNDAI,ELANTRA,MID_SIZE,1.8,4.0,CVT,휘발유,11.8,15.9,176.0
HYUNDAI,ELANTRA,MID_SIZE,2.0,4.0,CVT,휘발유,10.3,14.9,194.0
HYUNDAI,ELANTRA,MID_SIZE,2.0,4.0,CVT,휘발유,10.2,13.9,203.0
HYUNDAI,EQUUS,FULL_SIZE,5.0,8.0,CVT,고급유,6.3,9.8,312.0
HYUNDAI,GENESIS,FULL_SIZE,3.8,6.0,CVT,휘발유,6.9,10.6,285.0
HYUNDAI,GENESIS,FULL_SIZE,5.0,8.0,CVT,고급유,5.8,9.5,332.0
HYUNDAI,GENESIS,SUBCOMPACT,3.8,6.0,CVT,고급유,6.9,10.5,284.0
HYUNDAI,SANTA,SUV ,3.3,6.0,CVT,휘발유,7.8,10.6,265.0
HYUNDAI,SANTA,SUV ,3.3,6.0,CVT,휘발유,7.7,10.3,269.0
HYUNDAI,SANTA,SUV ,2.4,4.0,CVT,휘발유,8.5,11.5,239.0
HYUNDAI,SANTA,SUV ,2.0,4.0,CVT,휘발유,7.8,10.3,266.0
HYUNDAI,SANTA,SUV ,2.4,4.0,CVT,휘발유,8.0,10.8,257.0
HYUNDAI,SANTA,SUV ,3.3,6.0,CVT,휘발유,7.2,9.3,295.0
HYUNDAI,SONATA,FULL_SIZE,2.0,4.0,CVT,휘발유,9.6,13.5,214.0
HYUNDAI,SONATA,FULL_SIZE,2.4,4.0,CVT,휘발유,10.6,15.4,191.0
HYUNDAI,SONATA,FULL_SIZE,2.4,4.0,CVT,휘발유,10.0,14.3,204.0
HYUNDAI,TUCSON,SUV ,2.0,4.0,CVT,휘발유,9.9,13.2,211.0
HYUNDAI,TUCSON,SUV ,2.0,4.0,CVT,휘발유,9.1,11.1,240.0
HYUNDAI,ACCENT,COMPACT,1.6,4.0,CVT,휘발유,11.2,15.2,182.0
HYUNDAI,ELANTRA,MID_SIZE,2.0,4.0,CVT,휘발유,12.0,15.6,174.0
HYUNDAI,ELANTRA,MID_SIZE,2.0,4.0,CVT,휘발유,10.2,13.7,206.0
HYUNDAI,SANTA,SUV ,3.3,6.0,CVT,휘발유,7.8,10.6,265.0
HYUNDAI,SANTA,SUV ,3.3,6.0,CVT,휘발유,7.7,10.3,269.0
HYUNDAI,SANTA,SUV ,2.4,4.0,CVT,휘발유,9.0,11.6,235.0
HYUNDAI,SANTA,SUV ,2.0,4.0,CVT,휘발유,8.0,10.4,264.0
HYUNDAI,SANTA,SUV ,2.4,4.0,CVT,휘발유,8.3,11.0,253.0
HYUNDAI,SANTA,SUV ,3.3,6.0,CVT,휘발유,7.2,9.3,295.0
HYUNDAI,SONATA,FULL_SIZE,2.0,4.0,CVT,휘발유,9.5,13.2,216.0
HYUNDAI,SONATA,FULL_SIZE,2.4,4.0,CVT,휘발유,10.6,14.9,194.0
HYUNDAI,SONATA,FULL_SIZE,2.4,4.0,CVT,휘발유,10.0,13.9,207.0
HYUNDAI,SONATA_HYBRID,MID_SIZE,2.0,4.0,CVT,휘발유,15.9,17.5,143.0
HYUNDAI,SONATA_HYBRID,MID_SIZE,2.0,4.0,CVT,휘발유,16.7,18.9,137.0
HYUNDAI,TUCSON,SUV ,2.0,4.0,CVT,휘발유,9.9,12.8,213.0
HYUNDAI,TUCSON,SUV ,2.0,4.0,CVT,휘발유,9.1,11.0,241.0
HYUNDAI,VELOSTER,COMPACT,1.6,4.0,CVT,휘발유,11.2,13.7,193.0
HYUNDAI,ACCENT,COMPACT,1.6,4.0,CVT,휘발유,12.0,16.1,173.0
HYUNDAI,ELANTRA,MID_SIZE,2.0,4.0,CVT,휘발유,12.0,15.6,174.0
HYUNDAI,ELANTRA,FULL_SIZE,2.0,4.0,CVT,휘발유,10.6,13.9,198.0
HYUNDAI,KONA,SUV ,2.0,4.0,CVT,휘발유,11.6,14.3,
HYUNDAI,KONA,SUV ,2.0,4.0,CVT,휘발유,10.9,12.8,
HYUNDAI,SANTA,SUV ,3.3,6.0,CVT,휘발유,7.8,10.6,265.0
HYUNDAI,SANTA,SUV ,3.3,6.0,CVT,휘발유,7.7,10.3,269.0
HYUNDAI,SANTA,SUV ,3.3,6.0,CVT,휘발유,7.2,9.3,295.0
HYUNDAI,SANTA,SUV ,2.4,4.0,CVT,휘발유,9.0,11.6,235.0
HYUNDAI,SANTA,SUV ,2.4,4.0,CVT,휘발유,8.3,11.0,253.0
HYUNDAI,SANTA,SUV ,2.0,4.0,CVT,휘발유,8.0,10.4,264.0
HYUNDAI,SONATA,FULL_SIZE,2.0,4.0,CVT,휘발유,9.6,13.5,212.0
HYUNDAI,SONATA,FULL_SIZE,2.4,4.0,CVT,휘발유,10.2,14.5,202.0
HYUNDAI,TUCSON,SUV ,2.0,4.0,CVT,휘발유,9.9,12.8,213.0
HYUNDAI,TUCSON,SUV ,2.0,4.0,CVT,휘발유,9.1,11.0,241.0
HYUNDAI,ACCENT,COMPACT,1.6,4.0,CVT,휘발유,12.2,16.1,172.0
HYUNDAI,ELANTRA,MID_SIZE,2.0,4.0,CVT,휘발유,12.0,15.6,174.0
HYUNDAI,ELANTRA,FULL_SIZE,2.0,4.0,CVT,휘발유,10.6,14.1,200.0
HYUNDAI,KONA,SUV ,2.0,4.0,CVT,휘발유,11.6,14.3,186.0
HYUNDAI,KONA,SUV ,2.0,4.0,CVT,휘발유,10.9,12.8,202.0
HYUNDAI,SANTA,SUV ,2.4,4.0,CVT,휘발유,9.3,12.5,225.0
HYUNDAI,SANTA,SUV ,2.0,4.0,CVT,휘발유,8.1,10.2,262.0
HYUNDAI,SANTA,SUV ,2.4,4.0,CVT,휘발유,8.9,11.5,237.0
HYUNDAI,SANTA,SUV ,3.3,6.0,CVT,휘발유,7.6,10.6,268.0
HYUNDAI,SANTA,SUV ,3.3,6.0,CVT,휘발유,7.5,10.3,276.0
HYUNDAI,SANTA,SUV ,3.3,6.0,CVT,휘발유,7.1,9.3,297.0
HYUNDAI,SONATA,FULL_SIZE,2.0,4.0,CVT,휘발유,9.6,13.5,212.0
HYUNDAI,SONATA,FULL_SIZE,2.4,4.0,CVT,휘발유,10.8,14.1,198.0
HYUNDAI,SONATA,FULL_SIZE,2.4,4.0,CVT,휘발유,10.9,14.7,190.0
HYUNDAI,TUCSON,SUV ,2.0,4.0,CVT,휘발유,10.0,12.7,216.0
HYUNDAI,TUCSON,SUV ,2.0,4.0,CVT,휘발유,9.3,10.9,239.0
HYUNDAI,TUCSON,SUV ,2.4,4.0,CVT,휘발유,9.1,11.0,240.0
HYUNDAI,VELOSTER,COMPACT,2.0,4.0,CVT,휘발유,11.0,14.1,193.0
HYUNDAI,ACCENT,COMPACT,1.6,4.0,CVT,휘발유,13.7,16.7,160.0
HYUNDAI,ELANTRA,MID_SIZE,2.0,4.0,CVT,휘발유,12.8,17.9,161.0
HYUNDAI,ELANTRA,FULL_SIZE,2.0,4.0,CVT,휘발유,10.6,14.1,199.0
HYUNDAI,KONA,SUV ,2.0,4.0,CVT,휘발유,11.6,14.3,187.0
HYUNDAI,KONA,SUV ,2.0,4.0,CVT,휘발유,10.9,12.8,202.0
HYUNDAI,PALISADE,SUV ,3.8,6.0,CVT,휘발유,8.4,11.4,250.0
HYUNDAI,PALISADE,SUV ,3.8,6.0,CVT,휘발유,8.1,10.4,265.0
HYUNDAI,SANTA,SUV ,2.4,4.0,CVT,휘발유,9.3,12.5,225.0
HYUNDAI,SANTA,SUV ,2.0,4.0,CVT,휘발유,8.3,10.9,255.0
HYUNDAI,SANTA,SUV ,2.4,4.0,CVT,휘발유,8.8,11.4,238.0
HYUNDAI,SONATA,FULL_SIZE,1.6,4.0,CVT,휘발유,11.6,15.2,181.0
HYUNDAI,SONATA,FULL_SIZE,2.5,4.0,CVT,휘발유,11.4,15.6,182.0
HYUNDAI,TUCSON,SUV ,2.0,4.0,CVT,휘발유,10.0,12.7,216.0
HYUNDAI,TUCSON,SUV ,2.0,4.0,CVT,휘발유,9.3,10.9,239.0
HYUNDAI,TUCSON,SUV ,2.4,4.0,CVT,휘발유,9.1,11.0,241.0
HYUNDAI,VELOSTER,COMPACT,2.0,4.0,CVT,휘발유,11.0,14.1,193.0
HYUNDAI,VENUE,MID_SIZE,1.6,4.0,CVT,휘발유,12.5,14.3,178.0
INFINITI,Q50,MID_SIZE,3.7,6.0,CVT,고급유,8.3,12.5,235.0
INFINITI,Q50,MID_SIZE,3.7,6.0,CVT,고급유,7.9,11.5,248.0
INFINITI,Q50_HYBRID,COMPACT,3.5,6.0,CVT,고급유,12.2,14.9,172.0
INFINITI,Q50_HYBRID,COMPACT,3.5,6.0,CVT,고급유,11.5,13.3,189.0
INFINITI,Q60,SUBCOMPACT,3.7,6.0,CVT,고급유,7.5,10.6,265.0
INFINITI,Q60,SUBCOMPACT,3.7,6.0,CVT,고급유,7.4,10.8,269.0
INFINITI,Q60,SUBCOMPACT,3.7,6.0,CVT,고급유,7.8,11.2,255.0
INFINITI,Q70,MID_SIZE,3.7,6.0,CVT,고급유,7.8,11.2,253.0
INFINITI,Q70,MID_SIZE,5.6,8.0,CVT,고급유,6.9,10.5,283.0
INFINITI,Q70,MID_SIZE,3.7,6.0,CVT,고급유,7.6,10.4,267.0
INFINITI,Q70,MID_SIZE,5.6,8.0,CVT,고급유,6.7,9.8,294.0
INFINITI,Q70_HYBRID,MID_SIZE,3.5,6.0,CVT,고급유,12.5,14.3,175.0
INFINITI,QX50,STATION WAGON ,3.7,6.0,CVT,고급유,7.4,10.4,271.0
INFINITI,QX60,SUV ,3.5,6.0,CVT,고급유,8.4,11.1,244.0
INFINITI,QX60,SUV ,3.5,6.0,CVT,고급유,8.1,10.8,253.0
INFINITI,QX60_HYBRID,SUV ,2.5,4.0,CVT,휘발유,11.4,12.2,196.0
INFINITI,QX70,SUV ,3.7,6.0,CVT,고급유,6.9,9.3,294.0
INFINITI,QX70,SUV ,5.0,8.0,CVT,고급유,6.0,8.4,334.0
INFINITI,QX80,SUV ,5.6,8.0,CVT,고급유,5.7,8.3,345.0
INFINITI,Q50,MID_SIZE,3.7,6.0,CVT,고급유,8.3,12.3,237.0
INFINITI,Q50,MID_SIZE,3.7,6.0,CVT,고급유,8.0,11.5,248.0
INFINITI,Q50_HYBRID,COMPACT,3.5,6.0,CVT,고급유,12.2,14.9,172.0
INFINITI,Q50_HYBRID,COMPACT,3.5,6.0,CVT,고급유,11.5,13.3,189.0
INFINITI,Q60,SUBCOMPACT,3.7,6.0,CVT,고급유,8.1,11.5,246.0
INFINITI,Q60,SUBCOMPACT,3.7,6.0,CVT,고급유,7.5,10.6,264.0
INFINITI,Q60,SUBCOMPACT,3.7,6.0,CVT,고급유,7.4,10.8,269.0
INFINITI,Q70,MID_SIZE,3.7,6.0,CVT,고급유,7.8,11.2,253.0
INFINITI,Q70,MID_SIZE,5.6,8.0,CVT,고급유,6.8,10.5,285.0
INFINITI,Q70,MID_SIZE,3.7,6.0,CVT,고급유,7.6,10.4,267.0
INFINITI,Q70,MID_SIZE,5.6,8.0,CVT,고급유,6.7,9.8,297.0
INFINITI,Q70_HYBRID,MID_SIZE,3.5,6.0,CVT,고급유,12.5,14.5,172.0
INFINITI,QX50,STATION WAGON ,3.7,6.0,CVT,고급유,7.3,10.3,274.0
INFINITI,QX60,SUV ,3.5,6.0,CVT,고급유,8.8,11.8,232.0
INFINITI,QX60,SUV ,3.5,6.0,CVT,고급유,8.2,11.2,246.0
INFINITI,QX60_HYBRID,SUV ,2.5,4.0,CVT,휘발유,11.2,11.9,200.0
INFINITI,QX70,SUV ,3.7,6.0,CVT,고급유,6.8,9.3,294.0
INFINITI,QX80,SUV ,5.6,8.0,CVT,고급유,5.9,8.4,338.0
INFINITI,Q50,MID_SIZE,2.0,4.0,CVT,고급유,9.8,13.0,214.0
INFINITI,Q50,MID_SIZE,3.0,6.0,CVT,고급유,8.3,12.3,242.0
INFINITI,Q50,MID_SIZE,2.0,4.0,CVT,고급유,9.4,11.9,226.0
INFINITI,Q50,MID_SIZE,3.0,6.0,CVT,고급유,8.1,11.8,249.0
INFINITI,Q50S,MID_SIZE,3.0,6.0,CVT,고급유,7.8,11.1,262.0
INFINITI,Q50S,MID_SIZE,3.0,6.0,CVT,고급유,8.5,11.4,247.0
INFINITI,Q50S,MID_SIZE,3.0,6.0,CVT,고급유,8.1,11.0,256.0
INFINITI,Q50_HYBRID,COMPACT,3.5,6.0,CVT,고급유,11.9,14.5,181.0
INFINITI,Q50_HYBRID,COMPACT,3.5,6.0,CVT,고급유,11.5,13.2,193.0
INFINITI,Q70,MID_SIZE,3.7,6.0,CVT,고급유,7.6,10.3,274.0
INFINITI,Q70,MID_SIZE,5.6,8.0,CVT,고급유,6.7,9.8,300.0
INFINITI,Q70_HYBRID,MID_SIZE,3.5,6.0,CVT,고급유,12.5,14.5,177.0
INFINITI,QX50,STATION WAGON ,3.7,6.0,CVT,고급유,7.3,10.3,279.0
INFINITI,QX60,SUV ,3.5,6.0,CVT,고급유,8.5,11.8,242.0
INFINITI,QX60,SUV ,3.5,6.0,CVT,고급유,8.2,11.2,252.0
INFINITI,QX60_HYBRID,SUV ,2.5,4.0,CVT,휘발유,11.2,11.9,204.0
INFINITI,QX70,SUV ,3.7,6.0,CVT,고급유,6.9,9.3,301.0
INFINITI,QX80,SUV ,5.6,8.0,CVT,고급유,5.7,8.2,354.0
INFINITI,Q50,MID_SIZE,2.0,4.0,CVT,고급유,9.3,11.9,226.0
INFINITI,Q50,MID_SIZE,3.0,6.0,CVT,고급유,7.9,11.4,256.0
INFINITI,Q50S,MID_SIZE,3.0,6.0,CVT,고급유,8.1,10.9,257.0
INFINITI,Q50_HYBRID,COMPACT,3.5,6.0,CVT,고급유,11.0,13.0,200.0
INFINITI,Q60,SUBCOMPACT,2.0,4.0,CVT,고급유,8.9,11.8,233.0
INFINITI,Q60,SUBCOMPACT,3.0,6.0,CVT,고급유,8.1,11.4,253.0
INFINITI,Q60S,SUBCOMPACT,3.0,6.0,CVT,고급유,8.0,10.9,259.0
INFINITI,Q70,MID_SIZE,3.7,6.0,CVT,고급유,7.6,10.2,274.0
INFINITI,Q70,MID_SIZE,5.6,8.0,CVT,고급유,6.7,9.8,300.0
INFINITI,Q70_HYBRID,MID_SIZE,3.5,6.0,CVT,고급유,11.9,14.1,184.0
INFINITI,QX50,STATION WAGON ,3.7,6.0,CVT,고급유,7.3,10.2,280.0
INFINITI,QX60,SUV ,3.5,6.0,CVT,고급유,8.4,11.4,246.0
INFINITI,QX60,SUV ,3.5,6.0,CVT,고급유,8.0,11.0,257.0
INFINITI,QX60_HYBRID,SUV ,2.5,4.0,CVT,휘발유,10.5,11.6,214.0
INFINITI,QX70,SUV ,3.7,6.0,CVT,고급유,6.9,9.3,301.0
INFINITI,QX80,SUV ,5.6,8.0,CVT,고급유,5.7,8.2,355.0
INFINITI,Q50,MID_SIZE,2.0,4.0,CVT,고급유,9.3,11.6,228.0
INFINITI,Q50,MID_SIZE,3.0,6.0,CVT,고급유,8.1,11.5,253.0
INFINITI,Q50,MID_SIZE,3.0,6.0,CVT,고급유,8.0,10.8,260.0
INFINITI,Q50_HYBRID,COMPACT,3.5,6.0,CVT,고급유,11.0,13.0,200.0
INFINITI,Q60,SUBCOMPACT,2.0,4.0,CVT,고급유,8.9,11.8,233.0
INFINITI,Q60,SUBCOMPACT,3.0,6.0,CVT,고급유,8.1,11.6,251.0
INFINITI,Q60,SUBCOMPACT,3.0,6.0,CVT,고급유,8.0,10.9,259.0
INFINITI,Q70,MID_SIZE,3.7,6.0,CVT,고급유,7.6,10.2,274.0
INFINITI,Q70,MID_SIZE,5.6,8.0,CVT,고급유,6.7,9.7,301.0
INFINITI,QX60,SUV ,3.5,6.0,CVT,고급유,8.0,11.1,257.0
INFINITI,QX80,SUV ,5.6,8.0,CVT,고급유,5.7,8.2,354.0
INFINITI,Q50,MID_SIZE,2.0,4.0,CVT,고급유,9.3,11.6,229.0
INFINITI,Q50,MID_SIZE,3.0,6.0,CVT,고급유,8.1,11.5,253.0
INFINITI,Q50,MID_SIZE,3.0,6.0,CVT,고급유,8.0,10.8,261.0
INFINITI,Q60,SUBCOMPACT,2.0,4.0,CVT,고급유,8.9,11.8,233.0
INFINITI,Q60,SUBCOMPACT,3.0,6.0,CVT,고급유,8.1,11.5,251.0
INFINITI,Q60,SUBCOMPACT,3.0,6.0,CVT,고급유,8.0,10.9,259.0
INFINITI,Q70,MID_SIZE,3.7,6.0,CVT,고급유,7.6,10.2,275.0
INFINITI,Q70,MID_SIZE,5.6,8.0,CVT,고급유,6.7,9.8,301.0
INFINITI,QX50,SUV ,2.0,4.0,CVT,고급유,10.0,12.8,211.0
INFINITI,QX60,SUV ,3.5,6.0,CVT,고급유,8.0,11.1,257.0
INFINITI,QX80,SUV ,5.6,8.0,CVT,고급유,5.7,8.2,354.0
INFINITI,Q50,MID_SIZE,3.0,6.0,CVT,고급유,8.0,11.5,254.0
INFINITI,Q50,MID_SIZE,3.0,6.0,CVT,고급유,8.0,10.8,261.0
INFINITI,Q60,SUBCOMPACT,3.0,6.0,CVT,고급유,8.1,11.5,251.0
INFINITI,Q60,SUBCOMPACT,3.0,6.0,CVT,고급유,8.0,10.9,259.0
INFINITI,QX50,SUV ,2.0,4.0,CVT,고급유,9.3,12.0,228.0
INFINITI,QX60,SUV ,3.5,6.0,CVT,고급유,8.0,11.1,257.0
INFINITI,QX80,SUV ,5.6,8.0,CVT,고급유,5.6,8.1,360.0
JEEP,COMPASS,SUV ,2.0,4.0,CVT,휘발유,9.3,11.4,228.0
JEEP,COMPASS,SUV ,2.4,4.0,CVT,휘발유,8.5,9.7,255.0
JEEP,PATRIOT,SUV ,2.0,4.0,CVT,휘발유,9.3,11.4,228.0
JEEP,PATRIOT,SUV ,2.4,4.0,CVT,휘발유,8.5,9.7,255.0
JEEP,COMPASS,SUV ,2.0,4.0,CVT,휘발유,9.3,11.4,228.0
JEEP,COMPASS,SUV ,2.4,4.0,CVT,휘발유,8.5,9.7,255.0
JEEP,PATRIOT,SUV ,2.0,4.0,CVT,휘발유,9.3,11.4,228.0
JEEP,PATRIOT,SUV ,2.4,4.0,CVT,휘발유,8.5,9.7,255.0
JEEP,COMPASS,SUV ,2.0,4.0,CVT,휘발유,9.3,11.2,234.0
JEEP,COMPASS,SUV ,2.4,4.0,CVT,휘발유,8.5,9.7,259.0
JEEP,PATRIOT,SUV ,2.0,4.0,CVT,휘발유,9.3,11.2,234.0
JEEP,PATRIOT,SUV ,2.4,4.0,CVT,휘발유,8.5,9.7,259.0
JEEP,COMPASS,SUV ,2.0,4.0,CVT,휘발유,9.3,11.1,235.0
JEEP,COMPASS,SUV ,2.4,4.0,CVT,휘발유,8.5,9.7,259.0
JEEP,PATRIOT,SUV ,2.0,4.0,CVT,휘발유,9.3,11.1,235.0
JEEP,PATRIOT,SUV ,2.4,4.0,CVT,휘발유,8.5,9.7,259.0
KIA,OPTIMA_HYBRID,MID_SIZE,2.4,4.0,CVT,휘발유,15.4,16.9,143.0
KIA,OPTIMA_HYBRID,MID_SIZE,2.4,4.0,CVT,휘발유,14.9,16.7,147.0
KIA,CADENZA,FULL_SIZE,3.3,6.0,CVT,휘발유,7.9,11.9,246.0
KIA,FORTE,MID_SIZE,1.8,4.0,CVT,휘발유,11.4,16.4,175.0
KIA,FORTE,MID_SIZE,2.0,4.0,CVT,휘발유,10.3,14.9,191.0
KIA,FORTE,FULL_SIZE,1.6,4.0,CVT,휘발유,9.0,12.5,223.0
KIA,FORTE,FULL_SIZE,2.0,4.0,CVT,휘발유,10.5,13.9,196.0
KIA,FORTE,COMPACT,1.6,4.0,CVT,휘발유,9.4,12.8,216.0
KIA,FORTE,COMPACT,2.0,4.0,CVT,휘발유,10.3,14.1,198.0
KIA,K900,FULL_SIZE,3.8,6.0,CVT,휘발유,7.5,11.2,260.0
KIA,K900,FULL_SIZE,5.0,8.0,CVT,고급유,6.4,9.7,306.0
KIA,OPTIMA,MID_SIZE,2.0,4.0,CVT,휘발유,8.5,13.0,228.0
KIA,OPTIMA,MID_SIZE,2.4,4.0,CVT,휘발유,9.8,14.5,200.0
KIA,OPTIMA_HYBRID,MID_SIZE,2.4,4.0,CVT,휘발유,15.2,16.9,145.0
KIA,OPTIMA_HYBRID,MID_SIZE,2.4,4.0,CVT,휘발유,14.9,16.4,147.0
KIA,RIO,COMPACT,1.6,4.0,CVT,휘발유,11.4,15.9,177.0
KIA,RIO_ECO,COMPACT,1.6,4.0,CVT,휘발유,11.8,15.9,175.0
KIA,RONDO,STATION WAGON ,2.0,4.0,CVT,휘발유,9.4,13.2,214.0
KIA,SEDONA,MINIVAN,3.3,6.0,CVT,휘발유,7.6,10.3,267.0
KIA,SEDONA,MINIVAN,3.3,6.0,CVT,휘발유,7.8,10.5,262.0
KIA,SEDONA,MINIVAN,3.3,6.0,CVT,휘발유,7.0,9.5,288.0
KIA,SORENTO,SUV ,2.4,4.0,CVT,휘발유,8.5,11.5,239.0
KIA,SORENTO,SUV ,3.3,6.0,CVT,휘발유,7.9,11.1,255.0
KIA,SORENTO,SUV ,2.4,4.0,CVT,휘발유,8.2,10.6,251.0
KIA,SORENTO,SUV ,3.3,6.0,CVT,휘발유,7.5,10.0,271.0
KIA,SOUL,STATION WAGON ,1.6,4.0,CVT,휘발유,10.2,12.8,205.0
KIA,SOUL,STATION WAGON ,2.0,4.0,CVT,휘발유,9.9,13.0,207.0
KIA,SOUL_ECO,STATION WAGON ,2.0,4.0,CVT,휘발유,10.3,13.0,202.0
KIA,SPORTAGE,SUV ,2.4,4.0,CVT,휘발유,8.8,12.0,230.0
KIA,SPORTAGE,SUV ,2.0,4.0,CVT,휘발유,7.9,10.3,260.0
KIA,SPORTAGE,SUV ,2.4,4.0,CVT,휘발유,8.3,11.0,246.0
KIA,CADENZA,FULL_SIZE,3.3,6.0,CVT,휘발유,7.9,11.9,251.0
KIA,FORTE,MID_SIZE,1.8,4.0,CVT,휘발유,11.2,16.4,179.0
KIA,FORTE,MID_SIZE,2.0,4.0,CVT,휘발유,10.3,14.9,196.0
KIA,FORTE,FULL_SIZE,1.6,4.0,CVT,휘발유,9.0,12.5,228.0
KIA,FORTE,FULL_SIZE,2.0,4.0,CVT,휘발유,10.5,13.9,199.0
KIA,FORTE,COMPACT,1.6,4.0,CVT,휘발유,9.4,12.8,218.0
KIA,FORTE,COMPACT,2.0,4.0,CVT,휘발유,10.3,14.1,200.0
KIA,K900,FULL_SIZE,3.8,6.0,CVT,휘발유,7.2,10.9,278.0
KIA,K900,FULL_SIZE,5.0,8.0,CVT,휘발유,6.4,9.4,318.0
KIA,OPTIMA,FULL_SIZE,2.0,4.0,CVT,휘발유,9.2,13.5,222.0
KIA,OPTIMA,FULL_SIZE,2.4,4.0,CVT,휘발유,10.6,15.4,193.0
KIA,RIO,COMPACT,1.6,4.0,CVT,휘발유,11.5,15.9,178.0
KIA,RIO_ECO,COMPACT,1.6,4.0,CVT,휘발유,11.8,15.9,175.0
KIA,RONDO,STATION WAGON ,2.0,4.0,CVT,휘발유,9.9,13.2,214.0
KIA,SEDONA,MINIVAN,3.3,6.0,CVT,휘발유,7.6,10.3,275.0
KIA,SEDONA,MINIVAN,3.3,6.0,CVT,휘발유,7.8,10.5,269.0
KIA,SEDONA,MINIVAN,3.3,6.0,CVT,휘발유,7.0,9.5,296.0
KIA,SORENTO,SUV ,2.0,4.0,CVT,휘발유,8.5,11.6,245.0
KIA,SORENTO,SUV ,2.4,4.0,CVT,휘발유,9.0,12.2,233.0
KIA,SORENTO,SUV ,2.0,4.0,CVT,휘발유,8.1,10.8,259.0
KIA,SORENTO,SUV ,2.4,4.0,CVT,휘발유,8.8,10.9,245.0
KIA,SORENTO,SUV ,3.3,6.0,CVT,휘발유,7.5,10.6,275.0
KIA,SOUL,STATION WAGON ,1.6,4.0,CVT,휘발유,10.2,12.8,206.0
KIA,SOUL,STATION WAGON ,2.0,4.0,CVT,휘발유,10.2,13.3,208.0
KIA,SOUL_ECO,STATION WAGON ,2.0,4.0,CVT,휘발유,10.3,13.0,208.0
KIA,SPORTAGE,SUV ,2.4,4.0,CVT,휘발유,8.8,12.0,231.0
KIA,SPORTAGE,SUV ,2.0,4.0,CVT,휘발유,7.9,10.3,261.0
KIA,SPORTAGE,SUV ,2.4,4.0,CVT,휘발유,8.3,10.8,251.0
KIA,CADENZA,FULL_SIZE,3.3,6.0,CVT,휘발유,8.7,11.8,237.0
KIA,FORTE,MID_SIZE,2.0,4.0,CVT,휘발유,12.7,15.9,170.0
KIA,FORTE,MID_SIZE,2.0,4.0,CVT,휘발유,10.6,14.3,198.0
KIA,FORTE,FULL_SIZE,2.0,4.0,CVT,휘발유,10.3,14.3,197.0
KIA,FORTE,COMPACT,2.0,4.0,CVT,휘발유,10.4,13.7,203.0
KIA,K900,FULL_SIZE,3.8,6.0,CVT,휘발유,7.2,10.8,279.0
KIA,K900,FULL_SIZE,5.0,8.0,CVT,고급유,6.4,9.4,317.0
KIA,OPTIMA,FULL_SIZE,2.4,4.0,CVT,휘발유,10.4,14.7,198.0
KIA,OPTIMA,FULL_SIZE,2.4,4.0,CVT,휘발유,10.8,15.2,190.0
KIA,OPTIMA,FULL_SIZE,2.0,4.0,CVT,휘발유,9.2,13.2,224.0
KIA,OPTIMA_HYBRID,MID_SIZE,2.0,4.0,CVT,휘발유,16.7,19.6,132.0
KIA,RIO,COMPACT,1.6,4.0,CVT,휘발유,11.4,15.4,181.0
KIA,RONDO,STATION WAGON ,2.0,4.0,CVT,휘발유,10.1,13.2,210.0
KIA,SEDONA,MINIVAN,3.3,6.0,CVT,휘발유,7.6,10.3,275.0
KIA,SEDONA,MINIVAN,3.3,6.0,CVT,휘발유,7.8,10.5,269.0
KIA,SEDONA,MINIVAN,3.3,6.0,CVT,휘발유,7.1,9.5,296.0
KIA,SORENTO,SUV ,2.4,4.0,CVT,휘발유,8.9,12.0,234.0
KIA,SORENTO,SUV ,2.0,4.0,CVT,휘발유,8.1,10.6,259.0
KIA,SORENTO,SUV ,2.4,4.0,CVT,휘발유,8.7,10.8,246.0
KIA,SORENTO,SUV ,3.3,6.0,CVT,휘발유,7.1,9.9,289.0
KIA,SORENTO,SUV ,3.3,6.0,CVT,휘발유,7.6,10.8,270.0
KIA,SOUL,STATION WAGON ,1.6,4.0,CVT,휘발유,10.6,12.8,205.0
KIA,SOUL,STATION WAGON ,2.0,4.0,CVT,휘발유,10.5,12.8,206.0
KIA,SPORTAGE,SUV ,2.4,4.0,CVT,휘발유,9.6,12.5,220.0
KIA,SPORTAGE,SUV ,2.0,4.0,CVT,휘발유,8.4,9.8,263.0
KIA,SPORTAGE,SUV ,2.4,4.0,CVT,휘발유,8.8,10.5,247.0
KIA,CADENZA,FULL_SIZE,3.3,6.0,CVT,휘발유,8.7,11.8,237.0
KIA,FORTE,MID_SIZE,2.0,4.0,CVT,휘발유,12.5,16.4,168.0
KIA,FORTE,MID_SIZE,2.0,4.0,CVT,휘발유,10.6,14.3,198.0
KIA,FORTE,FULL_SIZE,2.0,4.0,CVT,휘발유,10.6,14.3,197.0
KIA,K900,FULL_SIZE,3.8,6.0,CVT,휘발유,7.2,10.8,279.0
KIA,K900,FULL_SIZE,5.0,8.0,CVT,고급유,6.4,9.4,317.0
KIA,OPTIMA,FULL_SIZE,2.0,4.0,CVT,휘발유,9.2,13.2,224.0
KIA,OPTIMA,FULL_SIZE,2.4,4.0,CVT,휘발유,10.4,14.7,198.0
KIA,OPTIMA,FULL_SIZE,2.4,4.0,CVT,휘발유,10.8,15.2,190.0
KIA,RIO,COMPACT,1.6,4.0,CVT,휘발유,11.8,15.6,177.0
KIA,SEDONA,MINIVAN,3.3,6.0,CVT,휘발유,7.6,10.3,275.0
KIA,SEDONA,MINIVAN,3.3,6.0,CVT,휘발유,7.8,10.5,269.0
KIA,SEDONA,MINIVAN,3.3,6.0,CVT,휘발유,7.1,9.5,296.0
KIA,SORENTO,SUV ,2.4,4.0,CVT,휘발유,8.9,12.0,234.0
KIA,SORENTO,SUV ,2.0,4.0,CVT,휘발유,8.1,10.6,259.0
KIA,SORENTO,SUV ,2.4,4.0,CVT,휘발유,8.7,10.8,246.0
KIA,SORENTO,SUV ,3.3,6.0,CVT,휘발유,7.1,9.9,289.0
KIA,SORENTO,SUV ,3.3,6.0,CVT,휘발유,7.6,10.8,270.0
KIA,SOUL,STATION WAGON ,1.6,4.0,CVT,휘발유,10.6,12.8,205.0
KIA,SOUL,STATION WAGON ,2.0,4.0,CVT,휘발유,10.5,12.8,206.0
KIA,SPORTAGE,SUV ,2.4,4.0,CVT,휘발유,9.7,12.8,218.0
KIA,SPORTAGE,SUV ,2.0,4.0,CVT,휘발유,8.4,9.8,263.0
KIA,SPORTAGE,SUV ,2.4,4.0,CVT,휘발유,8.8,10.5,247.0
KIA,STINGER,MID_SIZE,3.3,6.0,CVT,고급유,7.9,10.4,265.0
KIA,CADENZA,FULL_SIZE,3.3,6.0,CVT,휘발유,8.6,11.8,238.0
KIA,FORTE,MID_SIZE,2.0,4.0,CVT,휘발유,13.0,16.9,164.0
KIA,OPTIMA,FULL_SIZE,2.0,4.0,CVT,휘발유,8.9,12.7,230.0
KIA,OPTIMA,FULL_SIZE,2.4,4.0,CVT,휘발유,10.5,14.1,199.0
KIA,RIO,COMPACT,1.6,4.0,CVT,휘발유,11.8,15.6,177.0
KIA,SEDONA,MINIVAN,3.3,6.0,CVT,휘발유,7.9,10.0,272.0
KIA,SORENTO,SUV ,2.4,4.0,CVT,휘발유,9.3,12.2,225.0
KIA,SORENTO,SUV ,2.4,4.0,CVT,휘발유,8.9,11.1,242.0
KIA,SORENTO,SUV ,3.3,6.0,CVT,휘발유,8.0,10.3,265.0
KIA,SOUL,STATION WAGON ,1.6,4.0,CVT,휘발유,11.1,13.2,198.0
KIA,SOUL,STATION WAGON ,2.0,4.0,CVT,휘발유,10.5,12.8,206.0
KIA,SPORTAGE,SUV ,2.4,4.0,CVT,휘발유,9.7,12.8,218.0
KIA,SPORTAGE,SUV ,2.0,4.0,CVT,휘발유,8.4,9.8,263.0
KIA,SPORTAGE,SUV ,2.4,4.0,CVT,휘발유,8.8,10.5,247.0
KIA,STINGER,MID_SIZE,2.0,4.0,CVT,고급유,9.0,12.3,229.0
KIA,STINGER,MID_SIZE,3.3,6.0,CVT,고급유,7.4,10.4,279.0
KIA,FORTE,MID_SIZE,2.0,4.0,CVT,휘발유,12.7,16.9,165.0
KIA,FORTE,FULL_SIZE,2.0,4.0,CVT,휘발유,12.5,16.7,169.0
KIA,OPTIMA,FULL_SIZE,2.4,4.0,CVT,휘발유,10.5,14.1,199.0
KIA,RIO,COMPACT,1.6,4.0,CVT,휘발유,13.9,16.9,151.0
KIA,SEDONA,MINIVAN,3.3,6.0,CVT,휘발유,7.9,10.1,271.0
KIA,SORENTO,SUV ,2.4,4.0,CVT,휘발유,8.9,11.1,242.0
KIA,SORENTO,SUV ,3.3,6.0,CVT,휘발유,8.1,10.5,261.0
KIA,SOUL,STATION WAGON ,2.0,4.0,CVT,휘발유,11.6,14.1,188.0
KIA,SPORTAGE,SUV ,2.4,4.0,CVT,휘발유,9.9,13.2,214.0
KIA,SPORTAGE,SUV ,2.0,4.0,CVT,휘발유,8.3,10.4,261.0
KIA,SPORTAGE,SUV ,2.4,4.0,CVT,휘발유,9.3,11.0,239.0
KIA,STINGER,MID_SIZE,3.3,6.0,CVT,고급유,7.4,10.4,279.0
KIA,TELLURIDE,SUV ,3.8,6.0,CVT,휘발유,8.0,10.4,264.0
LAMBORGHINI,URUS,SUV ,4.0,8.0,CVT,고급유,5.2,7.1,384.0
LAMBORGHINI,URUS,SUV ,4.0,8.0,CVT,고급유,5.2,7.1,384.0
LAND ROVER,LR2,SUV ,2.0,4.0,CVT,고급유,7.4,10.1,274.0
LAND ROVER,LR4,SUV ,3.0,6.0,CVT,고급유,6.1,8.1,334.0
LAND ROVER,RANGE_EVOQUE,SUV ,2.0,4.0,CVT,고급유,8.8,12.7,225.0
LAND ROVER,RANGE_EVOQUE,SUV ,2.0,4.0,CVT,고급유,8.8,12.7,225.0
LAND ROVER,RANGE,SUV ,5.0,8.0,CVT,고급유,5.6,8.2,354.0
LAND ROVER,RANGE,SUV ,5.0,8.0,CVT,고급유,5.8,8.0,347.0
LAND ROVER,RANGE,SUV ,3.0,6.0,CVT,고급유,7.0,9.8,285.0
LAND ROVER,RANGE,SUV ,3.0,6.0,CVT,고급유,7.0,9.8,285.0
LAND ROVER,RANGE,SUV ,5.0,8.0,CVT,고급유,5.8,8.2,345.0
LAND ROVER,RANGE,SUV ,5.0,8.0,CVT,고급유,6.0,8.1,338.0
LAND ROVER,RANGE,SUV ,3.0,6.0,CVT,고급유,7.1,9.9,283.0
LAND ROVER,RANGE,SUV ,3.0,6.0,CVT,고급유,7.1,9.9,283.0
LAND ROVER,RANGE,SUV ,5.0,8.0,CVT,고급유,5.6,8.2,354.0
LAND ROVER,RANGE,SUV ,5.0,8.0,CVT,고급유,5.8,8.0,347.0
LAND ROVER,LR2,SUV ,2.0,4.0,CVT,고급유,7.4,10.1,274.0
LAND ROVER,LR4,SUV ,3.0,6.0,CVT,고급유,6.2,8.3,329.0
LAND ROVER,RANGE,SUV ,3.0,6.0,CVT,고급유,7.2,9.6,283.0
LAND ROVER,RANGE,SUV ,5.0,8.0,CVT,고급유,5.8,8.0,347.0
LAND ROVER,RANGE,SUV ,5.0,8.0,CVT,고급유,5.8,8.0,347.0
LAND ROVER,RANGE_EVOQUE,SUV ,2.0,4.0,CVT,고급유,8.8,12.7,223.0
LAND ROVER,RANGE_EVOQUE,SUV ,2.0,4.0,CVT,고급유,8.8,12.7,223.0
LAND ROVER,RANGE,SUV ,3.0,6.0,CVT,고급유,7.1,9.5,285.0
LAND ROVER,RANGE,SUV ,5.0,8.0,CVT,고급유,6.0,8.1,338.0
LAND ROVER,DISCOVERY,SUV ,2.0,4.0,CVT,고급유,8.4,11.1,248.0
LAND ROVER,LR4,SUV ,3.0,6.0,CVT,고급유,6.2,8.3,336.0
LAND ROVER,RANGE,SUV ,3.0,6.0,CVT,고급유,7.0,9.8,291.0
LAND ROVER,RANGE,SUV ,3.0,6.0,CVT,경유,9.4,12.3,254.0
LAND ROVER,RANGE,SUV ,5.0,8.0,CVT,고급유,5.8,8.0,356.0
LAND ROVER,RANGE,SUV ,5.0,8.0,CVT,고급유,5.8,8.0,356.0
LAND ROVER,RANGE,SUV ,3.0,6.0,CVT,고급유,7.0,9.8,291.0
LAND ROVER,RANGE,SUV ,3.0,6.0,CVT,경유,9.4,12.3,254.0
LAND ROVER,RANGE,SUV ,5.0,8.0,CVT,고급유,6.0,8.1,344.0
LAND ROVER,RANGE_EVOQUE,SUV ,2.0,4.0,CVT,고급유,8.8,12.7,229.0
LAND ROVER,DISCOVERY,SUV ,2.0,4.0,CVT,고급유,8.3,10.9,252.0
LAND ROVER,RANGE_EVOQUE,SUV ,2.0,4.0,CVT,고급유,8.8,12.5,231.0
LAND ROVER,RANGE_EVOQUE,SUV ,2.0,4.0,CVT,고급유,8.3,11.8,243.0
LAND ROVER,DISCOVERY,SUV ,2.0,4.0,CVT,고급유,8.8,10.8,246.0
LAND ROVER,RANGE_EVOQUE,SUV ,2.0,4.0,CVT,고급유,9.2,12.5,225.0
LAND ROVER,RANGE_EVOQUE,SUV ,2.0,4.0,CVT,고급유,8.9,12.2,231.0
LAND ROVER,RANGE,SUV ,2.0,4.0,CVT,경유,10.9,12.8,229.0
LAND ROVER,RANGE,SUV ,3.0,6.0,CVT,고급유,7.7,10.0,273.0
LAND ROVER,DISCOVERY,SUV ,3.0,6.0,CVT,고급유,6.8,8.8,311.0
LAND ROVER,DISCOVERY,SUV ,3.0,6.0,CVT,경유,8.8,10.9,279.0
LAND ROVER,DISCOVERY,SUV ,2.0,4.0,CVT,고급유,8.8,10.8,246.0
LAND ROVER,RANGE,SUV ,3.0,6.0,CVT,고급유,7.1,9.7,291.0
LAND ROVER,RANGE,SUV ,3.0,6.0,CVT,경유,9.3,12.0,256.0
LAND ROVER,RANGE,SUV ,5.0,8.0,CVT,고급유,6.9,8.8,305.0
LAND ROVER,RANGE,SUV ,5.0,8.0,CVT,고급유,5.6,7.9,365.0
LAND ROVER,RANGE,SUV ,3.0,6.0,CVT,고급유,7.1,9.7,291.0
LAND ROVER,RANGE,SUV ,3.0,6.0,CVT,경유,9.3,12.0,256.0
LAND ROVER,RANGE,SUV ,5.0,8.0,CVT,고급유,7.1,9.3,294.0
LAND ROVER,RANGE_EVOQUE,SUV ,2.0,4.0,CVT,고급유,9.2,12.5,225.0
LAND ROVER,RANGE_EVOQUE,SUV ,2.0,4.0,CVT,고급유,8.9,12.2,231.0
LAND ROVER,RANGE,SUV ,2.0,4.0,CVT,경유,10.9,12.8,229.0
LAND ROVER,RANGE,SUV ,2.0,4.0,CVT,고급유,8.5,10.9,248.0
LAND ROVER,RANGE,SUV ,3.0,6.0,CVT,고급유,7.7,10.0,273.0
LAND ROVER,DISCOVERY,SUV ,3.0,6.0,CVT,고급유,6.8,8.8,311.0
LAND ROVER,DISCOVERY,SUV ,3.0,6.0,CVT,경유,8.8,10.9,279.0
LAND ROVER,DISCOVERY,SUV ,2.0,4.0,CVT,고급유,7.9,10.3,266.0
LAND ROVER,DISCOVERY,SUV ,2.0,4.0,CVT,고급유,8.1,10.2,262.0
LAND ROVER,RANGE,SUV ,3.0,6.0,CVT,고급유,8.2,10.6,258.0
LAND ROVER,RANGE,SUV ,3.0,6.0,CVT,경유,9.3,12.0,256.0
LAND ROVER,RANGE,SUV ,5.0,8.0,CVT,고급유,6.9,8.9,305.0
LAND ROVER,RANGE,SUV ,5.0,8.0,CVT,고급유,6.9,8.8,305.0
LAND ROVER,RANGE,SUV ,5.0,8.0,CVT,고급유,5.8,7.9,354.0
LAND ROVER,RANGE,SUV ,5.0,8.0,CVT,고급유,5.6,7.9,365.0
LAND ROVER,RANGE,SUV ,3.0,6.0,CVT,고급유,7.9,10.4,264.0
LAND ROVER,RANGE,SUV ,3.0,6.0,CVT,경유,9.3,12.0,256.0
LAND ROVER,RANGE,SUV ,5.0,8.0,CVT,고급유,7.1,9.3,294.0
LAND ROVER,RANGE,SUV ,5.0,8.0,CVT,고급유,6.2,8.3,336.0
LAND ROVER,RANGE_EVOQUE,SUV ,2.0,4.0,CVT,고급유,8.5,11.5,245.0
LAND ROVER,RANGE_EVOQUE,SUV ,2.0,4.0,CVT,고급유,8.8,11.2,242.0
LAND ROVER,RANGE,SUV ,2.0,4.0,CVT,고급유,8.9,11.2,238.0
LAND ROVER,RANGE,SUV ,2.0,4.0,CVT,고급유,8.5,10.9,248.0
LAND ROVER,RANGE,SUV ,3.0,6.0,CVT,고급유,7.7,10.0,273.0
LAND ROVER,RANGE,SUV ,3.0,6.0,CVT,고급유,7.7,10.0,273.0
LAND ROVER,RANGE,SUV ,5.0,8.0,CVT,고급유,6.6,8.7,318.0
LEXUS,CT,COMPACT,1.8,4.0,CVT,휘발유,18.2,17.2,129.0
LEXUS,ES,MID_SIZE,2.5,4.0,CVT,휘발유,17.2,16.1,138.0
LEXUS,ES,MID_SIZE,3.5,6.0,CVT,휘발유,8.8,13.2,221.0
LEXUS,GS,MID_SIZE,3.5,6.0,CVT,고급유,8.3,12.0,239.0
LEXUS,GS,MID_SIZE,3.5,6.0,CVT,고급유,8.0,11.0,253.0
LEXUS,GS,MID_SIZE,3.5,6.0,CVT,고급유,13.0,13.5,175.0
LEXUS,GX,SUV ,4.6,8.0,CVT,고급유,6.4,8.5,320.0
LEXUS,IS,COMPACT,2.5,6.0,CVT,고급유,8.9,12.8,223.0
LEXUS,IS,COMPACT,2.5,6.0,CVT,고급유,8.5,11.5,239.0
LEXUS,IS,SUBCOMPACT,2.5,6.0,CVT,고급유,8.9,12.8,223.0
LEXUS,IS,COMPACT,3.5,6.0,CVT,고급유,8.2,11.5,244.0
LEXUS,IS,COMPACT,3.5,6.0,CVT,고급유,8.0,11.0,253.0
LEXUS,IS,SUBCOMPACT,3.5,6.0,CVT,고급유,8.3,11.5,244.0
LEXUS,IS,SUBCOMPACT,5.0,8.0,CVT,고급유,6.8,9.9,290.0
LEXUS,LS,MID_SIZE,4.6,8.0,CVT,고급유,6.9,10.4,283.0
LEXUS,LS,MID_SIZE,4.6,8.0,CVT,고급유,6.6,9.7,297.0
LEXUS,LS,MID_SIZE,4.6,8.0,CVT,고급유,6.6,9.7,297.0
LEXUS,LS,MID_SIZE,5.0,8.0,CVT,고급유,8.3,9.3,262.0
LEXUS,LX,SUV ,5.7,8.0,CVT,고급유,5.3,7.4,380.0
LEXUS,RX,SUV ,3.5,6.0,CVT,휘발유,7.5,10.2,269.0
LEXUS,RX,SUV ,3.5,6.0,CVT,휘발유,7.9,11.0,255.0
LEXUS,RX,SUV ,3.5,6.0,CVT,고급유,12.7,11.6,189.0
LEXUS,CT,COMPACT,1.8,4.0,CVT,휘발유,18.2,16.9,131.0
LEXUS,ES,MID_SIZE,2.5,4.0,CVT,휘발유,17.2,16.4,136.0
LEXUS,ES,MID_SIZE,3.5,6.0,CVT,휘발유,8.8,13.3,221.0
LEXUS,GS,MID_SIZE,3.5,6.0,CVT,고급유,8.1,11.8,244.0
LEXUS,GS,MID_SIZE,3.5,6.0,CVT,고급유,7.9,11.0,253.0
LEXUS,GS,MID_SIZE,3.5,6.0,CVT,고급유,12.5,14.5,172.0
LEXUS,GX,SUV ,4.6,8.0,CVT,고급유,6.4,8.5,320.0
LEXUS,IS,COMPACT,2.5,6.0,CVT,고급유,9.0,12.8,221.0
LEXUS,IS,COMPACT,2.5,6.0,CVT,고급유,8.5,11.5,239.0
LEXUS,IS,SUBCOMPACT,2.5,6.0,CVT,고급유,8.9,12.8,221.0
LEXUS,IS,COMPACT,3.5,6.0,CVT,고급유,8.1,11.8,244.0
LEXUS,IS,COMPACT,3.5,6.0,CVT,고급유,7.9,11.0,253.0
LEXUS,IS,SUBCOMPACT,3.5,6.0,CVT,고급유,8.2,11.5,244.0
LEXUS,LS,MID_SIZE,4.6,8.0,CVT,고급유,6.9,10.4,283.0
LEXUS,LS,MID_SIZE,4.6,8.0,CVT,고급유,6.6,9.8,297.0
LEXUS,LS,MID_SIZE,4.6,8.0,CVT,고급유,6.6,9.8,297.0
LEXUS,LS,MID_SIZE,5.0,8.0,CVT,고급유,7.9,9.9,264.0
LEXUS,LX,SUV ,5.7,8.0,CVT,고급유,5.3,7.4,382.0
LEXUS,NX,SUV ,2.0,4.0,CVT,고급유,9.4,11.9,221.0
LEXUS,NX,SUV ,2.0,4.0,CVT,고급유,9.3,11.4,228.0
LEXUS,NX,SUV ,2.5,4.0,CVT,휘발유,14.1,13.0,170.0
LEXUS,RC,SUBCOMPACT,3.5,6.0,CVT,고급유,8.1,11.8,244.0
LEXUS,RC,SUBCOMPACT,3.5,6.0,CVT,고급유,7.9,11.0,253.0
LEXUS,RC,SUBCOMPACT,5.0,8.0,CVT,고급유,6.6,10.5,290.0
LEXUS,RX,SUV ,3.5,6.0,CVT,휘발유,7.5,10.2,269.0
LEXUS,RX,SUV ,3.5,6.0,CVT,휘발유,7.9,11.0,255.0
LEXUS,RX,SUV ,3.5,6.0,CVT,고급유,12.5,11.8,189.0
LEXUS,CT,COMPACT,1.8,4.0,CVT,휘발유,18.2,16.9,132.0
LEXUS,ES,MID_SIZE,2.5,4.0,CVT,휘발유,17.2,16.4,139.0
LEXUS,ES,MID_SIZE,3.5,6.0,CVT,휘발유,8.8,13.2,225.0
LEXUS,GS,MID_SIZE,2.0,4.0,CVT,고급유,9.4,13.9,212.0
LEXUS,GS,MID_SIZE,2.0,4.0,CVT,고급유,8.8,12.8,227.0
LEXUS,GS,MID_SIZE,3.5,6.0,CVT,고급유,8.4,12.3,237.0
LEXUS,GS,MID_SIZE,3.5,6.0,CVT,고급유,8.1,11.1,254.0
LEXUS,GS,MID_SIZE,3.5,6.0,CVT,고급유,8.0,11.6,251.0
LEXUS,GS,MID_SIZE,3.5,6.0,CVT,고급유,12.3,14.5,177.0
LEXUS,GS,COMPACT,5.0,8.0,CVT,고급유,6.7,10.3,293.0
LEXUS,GX,SUV ,4.6,8.0,CVT,고급유,6.4,8.5,322.0
LEXUS,IS,COMPACT,2.0,4.0,CVT,고급유,9.4,13.9,212.0
LEXUS,IS,COMPACT,3.5,6.0,CVT,고급유,7.9,10.9,258.0
LEXUS,IS,COMPACT,3.5,6.0,CVT,고급유,8.1,11.8,246.0
LEXUS,IS,COMPACT,3.5,6.0,CVT,고급유,7.9,10.9,258.0
LEXUS,LS,MID_SIZE,4.6,8.0,CVT,고급유,6.9,10.4,286.0
LEXUS,LS,MID_SIZE,4.6,8.0,CVT,고급유,6.6,9.8,303.0
LEXUS,LS,MID_SIZE,4.6,8.0,CVT,고급유,6.6,9.8,303.0
LEXUS,LS,MID_SIZE,5.0,8.0,CVT,고급유,7.9,9.9,268.0
LEXUS,LX,SUV ,5.7,8.0,CVT,고급유,5.5,7.8,371.0
LEXUS,NX,SUV ,2.0,4.0,CVT,고급유,9.4,11.9,225.0
LEXUS,NX,SUV ,2.0,4.0,CVT,고급유,9.3,11.4,231.0
LEXUS,NX,SUV ,2.5,4.0,CVT,휘발유,14.1,13.0,172.0
LEXUS,RC,SUBCOMPACT,2.0,4.0,CVT,고급유,9.4,13.5,214.0
LEXUS,RC,SUBCOMPACT,3.5,6.0,CVT,고급유,7.9,10.9,258.0
LEXUS,RC,SUBCOMPACT,3.5,6.0,CVT,고급유,8.1,11.8,246.0
LEXUS,RC,SUBCOMPACT,3.5,6.0,CVT,고급유,7.9,10.9,258.0
LEXUS,RC,SUBCOMPACT,5.0,8.0,CVT,고급유,6.6,10.5,289.0
LEXUS,RX,SUV ,3.5,6.0,CVT,휘발유,8.2,11.2,251.0
LEXUS,RX,SUV ,3.5,6.0,CVT,고급유,13.0,12.2,186.0
LEXUS,CT,COMPACT,1.8,4.0,CVT,휘발유,18.2,16.9,132.0
LEXUS,ES,MID_SIZE,2.5,4.0,CVT,휘발유,17.2,16.4,139.0
LEXUS,ES,MID_SIZE,3.5,6.0,CVT,휘발유,8.8,13.0,226.0
LEXUS,GS,MID_SIZE,3.5,6.0,CVT,고급유,8.1,10.9,257.0
LEXUS,GS,MID_SIZE,3.5,6.0,CVT,고급유,12.5,14.5,176.0
LEXUS,GS,COMPACT,5.0,8.0,CVT,고급유,6.7,10.3,293.0
LEXUS,GX,SUV ,4.6,8.0,CVT,고급유,6.3,7.8,341.0
LEXUS,IS,COMPACT,2.0,4.0,CVT,고급유,9.4,13.7,214.0
LEXUS,IS,COMPACT,3.5,6.0,CVT,고급유,7.9,10.9,258.0
LEXUS,IS,COMPACT,3.5,6.0,CVT,고급유,7.9,10.9,258.0
LEXUS,LS,MID_SIZE,4.6,8.0,CVT,고급유,6.6,9.7,303.0
LEXUS,LS,MID_SIZE,4.6,8.0,CVT,고급유,6.6,9.7,303.0
LEXUS,LX,SUV ,5.7,8.0,CVT,고급유,5.5,7.7,372.0
LEXUS,NX,SUV ,2.0,4.0,CVT,고급유,9.3,11.8,226.0
LEXUS,NX,SUV ,2.0,4.0,CVT,고급유,9.3,11.2,232.0
LEXUS,NX,SUV ,2.5,4.0,CVT,휘발유,13.9,12.7,176.0
LEXUS,RC,SUBCOMPACT,3.5,6.0,CVT,고급유,7.9,10.9,258.0
LEXUS,RC,SUBCOMPACT,3.5,6.0,CVT,고급유,7.9,10.9,258.0
LEXUS,RC,SUBCOMPACT,5.0,8.0,CVT,고급유,6.6,10.5,289.0
LEXUS,RX,SUV ,3.5,6.0,CVT,휘발유,8.2,11.1,252.0
LEXUS,RX,SUV ,3.5,6.0,CVT,고급유,13.3,11.9,185.0
LEXUS,ES,MID_SIZE,2.5,4.0,CVT,휘발유,17.2,16.4,139.0
LEXUS,ES,MID_SIZE,3.5,6.0,CVT,휘발유,8.8,13.0,226.0
LEXUS,GS,MID_SIZE,3.5,6.0,CVT,고급유,8.0,10.9,257.0
LEXUS,GS,MID_SIZE,3.5,6.0,CVT,고급유,12.5,14.5,176.0
LEXUS,GS,COMPACT,5.0,8.0,CVT,고급유,6.7,10.3,293.0
LEXUS,GX,SUV ,4.6,8.0,CVT,고급유,6.3,7.8,341.0
LEXUS,IS,COMPACT,2.0,4.0,CVT,고급유,9.4,13.7,214.0
LEXUS,IS,COMPACT,3.5,6.0,CVT,고급유,8.1,11.0,254.0
LEXUS,IS,COMPACT,3.5,6.0,CVT,고급유,8.1,11.0,254.0
LEXUS,LC,SUBCOMPACT,5.0,8.0,CVT,고급유,6.8,10.9,286.0
LEXUS,LC,SUBCOMPACT,3.5,6.0,CVT,고급유,11.2,14.3,187.0
LEXUS,LS,MID_SIZE,3.4,6.0,CVT,고급유,8.2,12.8,240.0
LEXUS,LS,MID_SIZE,3.4,6.0,CVT,고급유,7.7,11.5,259.0
LEXUS,LS,MID_SIZE,3.5,6.0,CVT,고급유,10.6,14.1,195.0
LEXUS,LS,MID_SIZE,3.5,6.0,CVT,고급유,9.7,13.2,211.0
LEXUS,LX,SUV ,5.7,8.0,CVT,고급유,5.5,7.8,371.0
LEXUS,NX,SUV ,2.0,4.0,CVT,고급유,9.4,11.8,226.0
LEXUS,NX,SUV ,2.0,4.0,CVT,고급유,9.3,11.2,232.0
LEXUS,NX,SUV ,2.5,4.0,CVT,휘발유,13.9,12.7,176.0
LEXUS,RC,SUBCOMPACT,3.5,6.0,CVT,고급유,7.6,10.2,262.0
LEXUS,RC,SUBCOMPACT,3.5,6.0,CVT,고급유,7.6,10.2,262.0
LEXUS,RC,SUBCOMPACT,5.0,8.0,CVT,고급유,6.6,10.5,289.0
LEXUS,RX,SUV ,3.5,6.0,CVT,휘발유,8.2,11.1,252.0
LEXUS,RX,SUV ,3.5,6.0,CVT,휘발유,7.6,10.6,268.0
LEXUS,RX,SUV ,3.5,6.0,CVT,고급유,13.3,11.9,185.0
LEXUS,ES,MID_SIZE,2.5,4.0,CVT,휘발유,18.2,19.2,124.0
LEXUS,ES,MID_SIZE,3.5,6.0,CVT,휘발유,9.4,13.9,211.0
LEXUS,ES,MID_SIZE,3.5,6.0,CVT,휘발유,9.2,13.3,219.0
LEXUS,GS,MID_SIZE,3.5,6.0,CVT,고급유,8.1,11.0,254.0
LEXUS,GS,COMPACT,5.0,8.0,CVT,고급유,6.7,10.3,293.0
LEXUS,GX,SUV ,4.6,8.0,CVT,고급유,6.3,7.8,341.0
LEXUS,IS,COMPACT,2.0,4.0,CVT,고급유,9.1,13.2,220.0
LEXUS,IS,COMPACT,3.5,6.0,CVT,고급유,8.1,11.0,254.0
LEXUS,IS,COMPACT,3.5,6.0,CVT,고급유,8.1,11.0,254.0
LEXUS,LC,SUBCOMPACT,5.0,8.0,CVT,고급유,6.6,10.5,294.0
LEXUS,LC,SUBCOMPACT,3.5,6.0,CVT,고급유,11.1,14.1,189.0
LEXUS,LS,MID_SIZE,3.4,6.0,CVT,고급유,7.6,11.5,261.0
LEXUS,LS,MID_SIZE,3.5,6.0,CVT,고급유,9.7,13.0,214.0
LEXUS,LX,SUV ,5.7,8.0,CVT,고급유,5.5,7.8,371.0
LEXUS,NX,SUV ,2.0,4.0,CVT,고급유,9.3,11.8,226.0
LEXUS,NX,SUV ,2.0,4.0,CVT,고급유,9.3,11.2,232.0
LEXUS,NX,SUV ,2.5,4.0,CVT,휘발유,13.9,12.7,176.0
LEXUS,RC,SUBCOMPACT,3.5,6.0,CVT,고급유,7.6,10.2,262.0
LEXUS,RC,SUBCOMPACT,3.5,6.0,CVT,고급유,7.6,10.2,262.0
LEXUS,RC,SUBCOMPACT,5.0,8.0,CVT,고급유,6.6,10.5,289.0
LEXUS,RX,SUV ,3.5,6.0,CVT,휘발유,8.2,11.1,252.0
LEXUS,RX,SUV ,3.5,6.0,CVT,휘발유,7.6,10.6,268.0
LEXUS,RX,SUV ,3.5,6.0,CVT,고급유,13.3,11.9,185.0
LEXUS,RX,SUV ,3.5,6.0,CVT,고급유,12.3,11.9,190.0
LEXUS,UX,MID_SIZE,2.0,4.0,CVT,휘발유,12.5,15.9,168.0
LEXUS,UX,COMPACT,2.0,4.0,CVT,휘발유,18.2,17.5,130.0
LEXUS,UX,COMPACT,2.0,4.0,CVT,휘발유,17.5,16.1,140.0
LEXUS,ES_300H,MID_SIZE,2.5,4.0,CVT,휘발유,18.2,19.2,124.0
LEXUS,ES_350,MID_SIZE,3.5,6.0,CVT,휘발유,9.3,13.9,213.0
LEXUS,ES_350,MID_SIZE,3.5,6.0,CVT,휘발유,9.2,13.3,219.0
LEXUS,GS,MID_SIZE,3.5,6.0,CVT,고급유,8.1,11.0,254.0
LEXUS,GS,COMPACT,5.0,8.0,CVT,고급유,6.7,10.3,293.0
LEXUS,GX,SUV ,4.6,8.0,CVT,고급유,6.2,8.1,337.0
LEXUS,IS,COMPACT,2.0,4.0,CVT,고급유,9.1,13.2,220.0
LEXUS,IS,COMPACT,3.5,6.0,CVT,고급유,8.1,11.0,254.0
LEXUS,IS,COMPACT,3.5,6.0,CVT,고급유,8.1,11.0,254.0
LEXUS,LC,SUBCOMPACT,5.0,8.0,CVT,고급유,6.6,10.5,294.0
LEXUS,LC,SUBCOMPACT,3.5,6.0,CVT,고급유,11.1,14.1,189.0
LEXUS,LS,MID_SIZE,3.4,6.0,CVT,고급유,7.6,11.5,262.0
LEXUS,LS,MID_SIZE,3.5,6.0,CVT,고급유,9.7,13.0,214.0
LEXUS,LX,SUV ,5.7,8.0,CVT,고급유,5.2,7.0,395.0
LEXUS,NX,SUV ,2.0,4.0,CVT,고급유,9.3,11.8,226.0
LEXUS,NX,SUV ,2.0,4.0,CVT,고급유,9.3,11.2,232.0
LEXUS,NX,SUV ,2.5,4.0,CVT,휘발유,13.9,12.7,176.0
LEXUS,RC,SUBCOMPACT,3.5,6.0,CVT,고급유,7.6,10.2,262.0
LEXUS,RC,SUBCOMPACT,3.5,6.0,CVT,고급유,7.6,10.2,262.0
LEXUS,RC,SUBCOMPACT,5.0,8.0,CVT,고급유,6.9,10.4,285.0
LEXUS,RX,SUV ,3.5,6.0,CVT,휘발유,8.2,11.1,252.0
LEXUS,RX,SUV ,3.5,6.0,CVT,휘발유,7.6,10.6,268.0
LEXUS,RX,SUV ,3.5,6.0,CVT,고급유,13.3,11.9,185.0
LEXUS,RX,SUV ,3.5,6.0,CVT,고급유,12.3,11.9,190.0
LEXUS,UX,MID_SIZE,2.0,4.0,CVT,휘발유,12.5,15.9,168.0
LEXUS,UX,COMPACT,2.0,4.0,CVT,휘발유,17.5,16.1,140.0
LINCOLN,MKS,FULL_SIZE,3.5,6.0,CVT,휘발유,7.3,10.6,271.0
LINCOLN,MKS,FULL_SIZE,3.7,6.0,CVT,휘발유,7.6,11.1,260.0
LINCOLN,MKT,SUV ,3.5,6.0,CVT,휘발유,6.8,9.6,294.0
LINCOLN,MKT,SPECIAL PURPOSE VEHICLE,2.0,4.0,CVT,휘발유,8.7,11.8,235.0
LINCOLN,MKX,SUV ,3.7,6.0,CVT,휘발유,7.3,9.6,281.0
LINCOLN,MKZ,MID_SIZE,2.0,4.0,CVT,휘발유,9.5,14.1,207.0
LINCOLN,MKZ,MID_SIZE,3.7,6.0,CVT,휘발유,7.6,10.8,262.0
LINCOLN,MKZ_HYBRID,MID_SIZE,2.0,4.0,CVT,휘발유,16.1,15.6,145.0
LINCOLN,MKC,SUV ,2.0,4.0,CVT,휘발유,8.1,11.1,251.0
LINCOLN,MKC,SUV ,2.3,4.0,CVT,휘발유,7.8,10.9,258.0
LINCOLN,MKS,FULL_SIZE,3.5,6.0,CVT,휘발유,7.2,10.5,274.0
LINCOLN,MKS,FULL_SIZE,3.7,6.0,CVT,휘발유,7.6,11.1,258.0
LINCOLN,MKT,SUV ,3.5,6.0,CVT,휘발유,6.8,9.6,294.0
LINCOLN,MKT,SPECIAL PURPOSE VEHICLE,2.0,4.0,CVT,휘발유,8.7,11.9,232.0
LINCOLN,MKX,SUV ,3.7,6.0,CVT,휘발유,7.3,9.7,278.0
LINCOLN,MKZ,MID_SIZE,2.0,4.0,CVT,휘발유,9.5,14.3,205.0
LINCOLN,MKZ,MID_SIZE,3.7,6.0,CVT,휘발유,7.6,10.9,260.0
LINCOLN,MKZ_HYBRID,MID_SIZE,2.0,4.0,CVT,휘발유,17.5,16.7,133.0
LINCOLN,NAVIGATOR,SUV ,3.5,6.0,CVT,휘발유,6.2,8.5,327.0
LINCOLN,NAVIGATOR,SUV ,3.5,6.0,CVT,휘발유,6.2,8.1,331.0
LINCOLN,MKC,SUV ,2.0,4.0,CVT,휘발유,8.1,11.1,256.0
LINCOLN,MKC,SUV ,2.3,4.0,CVT,휘발유,7.8,11.0,261.0
LINCOLN,MKS,FULL_SIZE,3.5,6.0,CVT,휘발유,6.8,10.2,293.0
LINCOLN,MKS,FULL_SIZE,3.7,6.0,CVT,휘발유,7.0,10.2,287.0
LINCOLN,MKT,SUV ,3.5,6.0,CVT,휘발유,6.4,8.9,322.0
LINCOLN,MKT,SPECIAL PURPOSE VEHICLE,2.0,4.0,CVT,휘발유,7.6,10.6,268.0
LINCOLN,MKX,SUV ,2.7,6.0,CVT,휘발유,7.1,10.3,283.0
LINCOLN,MKX,SUV ,3.7,6.0,CVT,휘발유,6.9,9.7,293.0
LINCOLN,MKZ,MID_SIZE,2.0,4.0,CVT,휘발유,9.5,14.3,210.0
LINCOLN,MKZ,MID_SIZE,3.7,6.0,CVT,휘발유,7.8,11.5,257.0
LINCOLN,MKZ,MID_SIZE,2.0,4.0,CVT,휘발유,9.3,13.3,220.0
LINCOLN,MKZ,MID_SIZE,3.7,6.0,CVT,휘발유,7.2,10.3,279.0
LINCOLN,MKZ_HYBRID,MID_SIZE,2.0,4.0,CVT,휘발유,17.5,16.7,136.0
LINCOLN,NAVIGATOR,SUV ,3.5,6.0,CVT,휘발유,6.2,8.4,334.0
LINCOLN,NAVIGATOR,SUV ,3.5,6.0,CVT,휘발유,6.2,8.1,339.0
LINCOLN,CONTINENTAL,FULL_SIZE,2.7,6.0,CVT,휘발유,7.1,10.5,281.0
LINCOLN,CONTINENTAL,FULL_SIZE,3.0,6.0,CVT,휘발유,6.9,10.3,288.0
LINCOLN,CONTINENTAL,FULL_SIZE,3.7,6.0,CVT,휘발유,7.0,10.3,287.0
LINCOLN,MKC,SUV ,2.0,4.0,CVT,휘발유,8.1,10.8,256.0
LINCOLN,MKC,SUV ,2.0,4.0,CVT,휘발유,8.3,10.8,254.0
LINCOLN,MKC,SUV ,2.3,4.0,CVT,휘발유,7.6,10.6,268.0
LINCOLN,MKT,SUV ,3.5,6.0,CVT,휘발유,6.4,8.9,321.0
LINCOLN,MKX,SUV ,2.7,6.0,CVT,휘발유,7.1,10.2,284.0
LINCOLN,MKX,SUV ,3.7,6.0,CVT,휘발유,6.9,9.7,293.0
LINCOLN,MKZ,MID_SIZE,2.0,4.0,CVT,휘발유,8.9,13.2,230.0
LINCOLN,MKZ,MID_SIZE,3.0,6.0,CVT,휘발유,7.5,11.5,264.0
LINCOLN,MKZ,MID_SIZE,2.0,4.0,CVT,휘발유,8.5,11.9,239.0
LINCOLN,MKZ,MID_SIZE,3.0,6.0,CVT,휘발유,7.1,10.9,278.0
LINCOLN,MKZ_HYBRID,MID_SIZE,2.0,4.0,CVT,휘발유,17.5,16.1,139.0
LINCOLN,NAVIGATOR,SUV ,3.5,6.0,CVT,휘발유,6.3,8.3,333.0
LINCOLN,NAVIGATOR,SUV ,3.5,6.0,CVT,휘발유,6.2,8.1,339.0
LINCOLN,CONTINENTAL,FULL_SIZE,2.7,6.0,CVT,휘발유,7.1,10.6,280.0
LINCOLN,CONTINENTAL,FULL_SIZE,3.0,6.0,CVT,휘발유,6.9,10.2,290.0
LINCOLN,CONTINENTAL,FULL_SIZE,3.7,6.0,CVT,휘발유,7.0,10.3,287.0
LINCOLN,MKC,SUV ,2.0,4.0,CVT,휘발유,8.1,10.8,256.0
LINCOLN,MKC,SUV ,2.0,4.0,CVT,휘발유,8.3,10.8,254.0
LINCOLN,MKC,SUV ,2.3,4.0,CVT,휘발유,7.6,10.6,269.0
LINCOLN,MKT,SUV ,3.5,6.0,CVT,휘발유,6.4,8.9,322.0
LINCOLN,MKX,SUV ,2.7,6.0,CVT,휘발유,7.1,10.2,284.0
LINCOLN,MKX,SUV ,3.7,6.0,CVT,휘발유,7.0,9.7,293.0
LINCOLN,MKZ,MID_SIZE,2.0,4.0,CVT,휘발유,8.5,11.9,242.0
LINCOLN,MKZ,MID_SIZE,3.0,6.0,CVT,휘발유,7.1,10.9,278.0
LINCOLN,MKZ_HYBRID,MID_SIZE,2.0,4.0,CVT,휘발유,17.5,16.1,139.0
LINCOLN,NAVIGATOR,SUV ,3.5,6.0,CVT,휘발유,6.7,8.8,310.0
LINCOLN,CONTINENTAL,FULL_SIZE,2.7,6.0,CVT,휘발유,7.1,10.6,281.0
LINCOLN,CONTINENTAL,FULL_SIZE,3.0,6.0,CVT,휘발유,6.9,10.2,289.0
LINCOLN,CONTINENTAL,FULL_SIZE,3.7,6.0,CVT,휘발유,7.0,10.3,287.0
LINCOLN,MKC,SUV ,2.0,4.0,CVT,휘발유,8.1,10.8,257.0
LINCOLN,MKC,SUV ,2.0,4.0,CVT,휘발유,8.2,10.8,256.0
LINCOLN,MKC,SUV ,2.3,4.0,CVT,휘발유,7.6,10.5,270.0
LINCOLN,MKT,SUV ,3.5,6.0,CVT,휘발유,6.4,8.9,322.0
LINCOLN,MKZ,MID_SIZE,2.0,4.0,CVT,휘발유,8.3,11.9,245.0
LINCOLN,MKZ,MID_SIZE,3.0,6.0,CVT,휘발유,7.1,10.9,278.0
LINCOLN,MKZ_HYBRID,MID_SIZE,2.0,4.0,CVT,휘발유,17.5,16.1,139.0
LINCOLN,NAUTILUS,SUV ,2.0,4.0,CVT,휘발유,8.3,10.4,250.0
LINCOLN,NAUTILUS,SUV ,2.7,6.0,CVT,휘발유,7.9,10.9,259.0
LINCOLN,NAVIGATOR,SUV ,3.5,6.0,CVT,휘발유,6.7,8.8,314.0
LINCOLN,AVIATOR,SUV ,3.0,6.0,CVT,휘발유,7.3,10.3,280.0
LINCOLN,CONTINENTAL,FULL_SIZE,2.7,6.0,CVT,휘발유,7.1,10.5,281.0
LINCOLN,CONTINENTAL,FULL_SIZE,3.0,6.0,CVT,휘발유,6.9,10.2,289.0
LINCOLN,CONTINENTAL,FULL_SIZE,3.7,6.0,CVT,휘발유,7.0,10.3,287.0
LINCOLN,CORSAIR,SUV ,2.0,4.0,CVT,휘발유,9.0,12.3,229.0
LINCOLN,CORSAIR,SUV ,2.3,4.0,CVT,휘발유,9.0,12.2,230.0
LINCOLN,MKZ,MID_SIZE,2.0,4.0,CVT,휘발유,8.3,11.9,245.0
LINCOLN,MKZ_HYBRID,MID_SIZE,2.0,4.0,CVT,휘발유,18.2,17.5,131.0
LINCOLN,NAUTILUS,SUV ,2.0,4.0,CVT,휘발유,8.3,10.4,250.0
LINCOLN,NAUTILUS,SUV ,2.7,6.0,CVT,휘발유,8.0,10.9,258.0
LINCOLN,NAVIGATOR,SUV ,3.5,6.0,CVT,휘발유,6.7,8.7,315.0
MERCEDES-BENZ,B,STATION WAGON ,2.0,4.0,CVT,고급유,10.9,15.2,184.0
MERCEDES-BENZ,C,COMPACT,1.8,4.0,CVT,고급유,9.2,13.3,216.0
MERCEDES-BENZ,C,SUBCOMPACT,1.8,4.0,CVT,고급유,9.1,13.5,216.0
MERCEDES-BENZ,C,COMPACT,3.5,6.0,CVT,고급유,8.2,11.8,242.0
MERCEDES-BENZ,C,COMPACT,3.5,6.0,CVT,고급유,8.3,11.6,242.0
MERCEDES-BENZ,C,COMPACT,3.5,6.0,CVT,고급유,8.4,11.6,239.0
MERCEDES-BENZ,C,SUBCOMPACT,3.5,6.0,CVT,고급유,8.3,11.5,244.0
MERCEDES-BENZ,C,SUBCOMPACT,3.5,6.0,CVT,고급유,8.3,11.6,242.0
MERCEDES-BENZ,C,COMPACT,6.2,8.0,CVT,고급유,5.6,8.4,347.0
MERCEDES-BENZ,C,SUBCOMPACT,6.2,8.0,CVT,고급유,5.6,8.2,352.0
MERCEDES-BENZ,CL,COMPACT,4.7,8.0,CVT,고급유,6.5,9.6,304.0
MERCEDES-BENZ,CL,COMPACT,5.5,8.0,CVT,고급유,6.5,9.1,308.0
MERCEDES-BENZ,CLA,COMPACT,2.0,4.0,CVT,고급유,11.0,16.1,179.0
MERCEDES-BENZ,CLA,COMPACT,2.0,4.0,CVT,고급유,9.7,12.8,212.0
MERCEDES-BENZ,CLS,COMPACT,4.7,8.0,CVT,고급유,7.5,10.6,264.0
MERCEDES-BENZ,CLS,COMPACT,5.5,8.0,CVT,고급유,6.6,9.3,301.0
MERCEDES-BENZ,CLS,COMPACT,5.5,8.0,CVT,고급유,6.6,9.3,301.0
MERCEDES-BENZ,E,MID_SIZE,2.1,4.0,CVT,경유,11.8,17.5,194.0
MERCEDES-BENZ,E,MID_SIZE,3.5,6.0,CVT,고급유,8.5,12.2,235.0
MERCEDES-BENZ,E,MID_SIZE,3.5,6.0,CVT,고급유,8.6,12.3,230.0
MERCEDES-BENZ,E,SUBCOMPACT,3.5,6.0,CVT,고급유,8.4,11.8,239.0
MERCEDES-BENZ,E,STATION WAGON ,3.5,6.0,CVT,고급유,8.3,11.6,242.0
MERCEDES-BENZ,E,SUBCOMPACT,3.5,6.0,CVT,고급유,8.3,11.8,239.0
MERCEDES-BENZ,E,SUBCOMPACT,3.5,6.0,CVT,고급유,8.4,12.2,235.0
MERCEDES-BENZ,E,MID_SIZE,3.5,6.0,CVT,고급유,10.4,12.7,202.0
MERCEDES-BENZ,E,MID_SIZE,4.7,8.0,CVT,고급유,7.4,11.0,267.0
MERCEDES-BENZ,E,SUBCOMPACT,4.7,8.0,CVT,고급유,7.3,10.8,269.0
MERCEDES-BENZ,E,SUBCOMPACT,4.7,8.0,CVT,고급유,7.5,11.2,262.0
MERCEDES-BENZ,E,MID_SIZE,5.5,8.0,CVT,고급유,6.7,9.7,297.0
MERCEDES-BENZ,E,STATION WAGON ,5.5,8.0,CVT,고급유,6.5,9.1,310.0
MERCEDES-BENZ,E,MID_SIZE,5.5,8.0,CVT,고급유,6.7,9.7,297.0
MERCEDES-BENZ,E,STATION WAGON ,5.5,8.0,CVT,고급유,6.5,9.1,310.0
MERCEDES-BENZ,G,SUV ,5.5,8.0,CVT,고급유,5.0,6.3,419.0
MERCEDES-BENZ,G,SUV ,5.5,8.0,CVT,고급유,5.2,6.4,407.0
MERCEDES-BENZ,GL,SUV ,3.0,6.0,CVT,경유,7.5,9.8,324.0
MERCEDES-BENZ,GL,SUV ,4.7,8.0,CVT,고급유,5.8,7.8,350.0
MERCEDES-BENZ,GL,SUV ,4.7,8.0,CVT,고급유,5.7,7.6,359.0
MERCEDES-BENZ,GL,SUV ,5.5,8.0,CVT,고급유,5.6,7.5,363.0
MERCEDES-BENZ,GLK,SUV ,2.1,4.0,CVT,경유,10.4,14.1,230.0
MERCEDES-BENZ,GLK,SUV ,3.5,6.0,CVT,고급유,7.9,10.4,260.0
MERCEDES-BENZ,ML,SUV ,3.5,6.0,CVT,고급유,7.5,9.5,278.0
MERCEDES-BENZ,ML,SUV ,3.0,6.0,CVT,경유,8.5,11.8,278.0
MERCEDES-BENZ,ML,SUV ,4.7,8.0,CVT,고급유,6.2,8.5,327.0
MERCEDES-BENZ,ML,SUV ,5.5,8.0,CVT,고급유,5.8,7.4,356.0
MERCEDES-BENZ,S,FULL_SIZE,4.7,8.0,CVT,고급유,7.0,10.5,278.0
MERCEDES-BENZ,S,FULL_SIZE,4.7,8.0,CVT,고급유,7.0,10.6,276.0
MERCEDES-BENZ,S,FULL_SIZE,5.5,8.0,CVT,고급유,6.4,9.7,304.0
MERCEDES-BENZ,SL,TWO_SEATER,4.7,8.0,CVT,고급유,7.5,10.4,269.0
MERCEDES-BENZ,SL,TWO_SEATER,5.5,8.0,CVT,고급유,6.8,9.8,292.0
MERCEDES-BENZ,SL,TWO_SEATER,6.0,8.0,CVT,고급유,6.0,8.9,327.0
MERCEDES-BENZ,SLK,TWO_SEATER,1.8,4.0,CVT,고급유,9.7,13.9,205.0
MERCEDES-BENZ,SLK,TWO_SEATER,3.5,6.0,CVT,고급유,9.0,12.3,225.0
MERCEDES-BENZ,SLK,TWO_SEATER,5.5,8.0,CVT,고급유,8.1,11.5,246.0
MERCEDES-BENZ,SLS,TWO_SEATER,6.2,8.0,CVT,고급유,5.3,7.2,380.0
MERCEDES-BENZ,SLS,TWO_SEATER,6.2,8.0,CVT,고급유,5.5,7.9,361.0
MERCEDES-BENZ,SLS,TWO_SEATER,6.2,8.0,CVT,고급유,5.5,7.9,361.0
MERCEDES-BENZ,B,STATION WAGON ,2.0,4.0,CVT,고급유,10.9,15.2,184.0
MERCEDES-BENZ,B,STATION WAGON ,2.0,4.0,CVT,고급유,10.0,13.3,205.0
MERCEDES-BENZ,C,SUBCOMPACT,1.8,4.0,CVT,고급유,9.2,13.3,216.0
MERCEDES-BENZ,C,COMPACT,2.0,4.0,CVT,고급유,9.9,12.8,207.0
MERCEDES-BENZ,C,SUBCOMPACT,3.5,6.0,CVT,고급유,8.3,11.5,244.0
MERCEDES-BENZ,C,SUBCOMPACT,3.5,6.0,CVT,고급유,8.3,11.6,242.0
MERCEDES-BENZ,C,COMPACT,3.0,6.0,CVT,고급유,9.0,11.9,228.0
MERCEDES-BENZ,C,SUBCOMPACT,6.2,8.0,CVT,고급유,5.6,8.1,354.0
MERCEDES-BENZ,CLA,SUBCOMPACT,2.0,4.0,CVT,고급유,10.6,15.6,186.0
MERCEDES-BENZ,CLA,SUBCOMPACT,2.0,4.0,CVT,고급유,10.1,13.5,202.0
MERCEDES-BENZ,CLA,COMPACT,2.0,4.0,CVT,고급유,9.8,13.0,209.0
MERCEDES-BENZ,CLS,COMPACT,3.0,6.0,CVT,고급유,8.3,11.8,242.0
MERCEDES-BENZ,CLS,COMPACT,4.7,8.0,CVT,고급유,6.9,9.9,288.0
MERCEDES-BENZ,CLS,COMPACT,5.5,8.0,CVT,고급유,6.6,9.3,301.0
MERCEDES-BENZ,E,MID_SIZE,2.1,4.0,CVT,경유,11.6,16.9,200.0
MERCEDES-BENZ,E,MID_SIZE,3.5,6.0,CVT,고급유,8.4,12.2,235.0
MERCEDES-BENZ,E,MID_SIZE,3.0,6.0,CVT,고급유,8.3,11.8,239.0
MERCEDES-BENZ,E,STATION WAGON ,3.5,6.0,CVT,고급유,8.1,11.4,248.0
MERCEDES-BENZ,E,SUBCOMPACT,3.5,6.0,CVT,고급유,8.7,12.3,230.0
MERCEDES-BENZ,E,SUBCOMPACT,3.5,6.0,CVT,고급유,8.5,12.0,235.0
MERCEDES-BENZ,E,MID_SIZE,4.7,8.0,CVT,고급유,7.8,10.4,262.0
MERCEDES-BENZ,E,SUBCOMPACT,4.7,8.0,CVT,고급유,7.3,10.9,269.0
MERCEDES-BENZ,E,SUBCOMPACT,4.7,8.0,CVT,고급유,7.5,11.2,262.0
MERCEDES-BENZ,E,MID_SIZE,5.5,8.0,CVT,고급유,6.5,9.3,306.0
MERCEDES-BENZ,E,STATION WAGON ,5.5,8.0,CVT,고급유,6.6,9.1,306.0
MERCEDES-BENZ,G,SUV ,5.5,8.0,CVT,고급유,5.0,6.2,419.0
MERCEDES-BENZ,G,SUV ,5.5,8.0,CVT,고급유,5.0,6.0,426.0
MERCEDES-BENZ,GL,SUV ,3.0,6.0,CVT,경유,7.4,10.0,324.0
MERCEDES-BENZ,GL,SUV ,3.0,6.0,CVT,고급유,6.6,7.9,322.0
MERCEDES-BENZ,GL,SUV ,4.7,8.0,CVT,고급유,5.7,7.6,359.0
MERCEDES-BENZ,GL,SUV ,5.5,8.0,CVT,고급유,5.5,7.1,375.0
MERCEDES-BENZ,GLA,SUV ,2.0,4.0,CVT,고급유,10.2,13.5,200.0
MERCEDES-BENZ,GLA,STATION WAGON ,2.0,4.0,CVT,고급유,9.5,12.3,216.0
MERCEDES-BENZ,GLK,SUV ,2.1,4.0,CVT,경유,10.4,14.3,230.0
MERCEDES-BENZ,GLK,SUV ,3.5,6.0,CVT,고급유,7.9,10.4,258.0
MERCEDES-BENZ,ML,SUV ,3.0,6.0,CVT,경유,8.5,11.8,278.0
MERCEDES-BENZ,ML,SUV ,3.0,6.0,CVT,고급유,7.5,9.6,276.0
MERCEDES-BENZ,ML,SUV ,4.7,8.0,CVT,고급유,6.1,8.5,327.0
MERCEDES-BENZ,ML,SUV ,5.5,8.0,CVT,고급유,5.8,7.4,359.0
MERCEDES-BENZ,S,MID_SIZE,4.7,6.0,CVT,고급유,7.9,11.6,248.0
MERCEDES-BENZ,S,COMPACT,4.7,8.0,CVT,고급유,6.9,10.2,283.0
MERCEDES-BENZ,S,FULL_SIZE,4.7,8.0,CVT,고급유,6.8,10.2,288.0
MERCEDES-BENZ,S,MID_SIZE,4.7,8.0,CVT,고급유,6.8,11.0,281.0
MERCEDES-BENZ,S,FULL_SIZE,6.0,12.0,CVT,고급유,5.5,9.1,343.0
MERCEDES-BENZ,S,FULL_SIZE,5.5,8.0,CVT,고급유,6.4,9.9,304.0
MERCEDES-BENZ,S,COMPACT,5.5,8.0,CVT,고급유,6.4,9.9,304.0
MERCEDES-BENZ,S,FULL_SIZE,6.0,12.0,CVT,고급유,5.4,8.5,357.0
MERCEDES-BENZ,S,COMPACT,6.0,12.0,CVT,고급유,5.6,8.8,345.0
MERCEDES-BENZ,SL,TWO_SEATER,4.7,8.0,CVT,고급유,7.2,10.5,274.0
MERCEDES-BENZ,SL,TWO_SEATER,5.5,8.0,CVT,고급유,6.8,10.5,285.0
MERCEDES-BENZ,SL,TWO_SEATER,6.0,12.0,CVT,고급유,6.0,8.9,327.0
MERCEDES-BENZ,SLK,TWO_SEATER,1.8,4.0,CVT,고급유,9.6,13.9,207.0
MERCEDES-BENZ,SLK,TWO_SEATER,3.5,6.0,CVT,고급유,9.0,12.3,225.0
MERCEDES-BENZ,SLK,TWO_SEATER,5.5,8.0,CVT,고급유,8.1,11.8,244.0
MERCEDES-BENZ,AMG_C,COMPACT,4.0,8.0,CVT,고급유,7.5,10.4,268.0
MERCEDES-BENZ,AMG_C,COMPACT,4.0,8.0,CVT,고급유,7.5,10.4,268.0
MERCEDES-BENZ,AMG_CLA,COMPACT,2.0,4.0,CVT,고급유,9.8,13.0,214.0
MERCEDES-BENZ,AMG_CLS,COMPACT,5.5,8.0,CVT,고급유,6.6,9.3,308.0
MERCEDES-BENZ,AMG_E,MID_SIZE,5.5,8.0,CVT,고급유,6.5,9.3,310.0
MERCEDES-BENZ,AMG_E,STATION WAGON ,5.5,8.0,CVT,고급유,6.6,9.1,310.0
MERCEDES-BENZ,AMG_G,SUV ,5.5,8.0,CVT,고급유,5.0,6.0,417.0
MERCEDES-BENZ,AMG_G,SUV ,6.0,12.0,CVT,고급유,4.1,5.6,476.0
MERCEDES-BENZ,AMG_GL,SUV ,5.5,8.0,CVT,고급유,5.5,7.1,369.0
MERCEDES-BENZ,AMG_GLA,SUV ,2.0,4.0,CVT,고급유,9.7,12.3,216.0
MERCEDES-BENZ,AMG_GLE,SUV ,5.5,8.0,CVT,고급유,5.8,7.4,366.0
MERCEDES-BENZ,AMG_GLE,SUV ,5.5,8.0,CVT,고급유,5.8,7.8,363.0
MERCEDES-BENZ,AMG_S,FULL_SIZE,5.5,8.0,CVT,고급유,6.4,9.9,313.0
MERCEDES-BENZ,AMG_S,COMPACT,5.5,8.0,CVT,고급유,6.5,9.8,313.0
MERCEDES-BENZ,AMG_S,FULL_SIZE,6.0,12.0,CVT,고급유,5.4,8.5,361.0
MERCEDES-BENZ,AMG_S,COMPACT,6.0,12.0,CVT,고급유,5.6,8.8,355.0
MERCEDES-BENZ,AMG_SL,TWO_SEATER,5.5,8.0,CVT,고급유,6.8,10.5,298.0
MERCEDES-BENZ,AMG_SL,TWO_SEATER,6.0,12.0,CVT,고급유,6.0,8.9,335.0
MERCEDES-BENZ,AMG_SLK,TWO_SEATER,5.5,8.0,CVT,고급유,8.1,11.8,252.0
MERCEDES-BENZ,B,MID_SIZE,2.0,4.0,CVT,고급유,10.9,15.2,188.0
MERCEDES-BENZ,B,MID_SIZE,2.0,4.0,CVT,고급유,10.0,13.3,206.0
MERCEDES-BENZ,C,COMPACT,2.0,4.0,CVT,고급유,9.9,12.8,212.0
MERCEDES-BENZ,C,COMPACT,3.0,6.0,CVT,고급유,9.0,10.4,231.0
MERCEDES-BENZ,CLA,COMPACT,2.0,4.0,CVT,고급유,10.6,15.6,188.0
MERCEDES-BENZ,CLA,COMPACT,2.0,4.0,CVT,고급유,10.2,14.1,198.0
MERCEDES-BENZ,CLS,COMPACT,3.0,6.0,CVT,고급유,8.2,11.4,252.0
MERCEDES-BENZ,CLS,COMPACT,4.7,8.0,CVT,고급유,7.3,10.8,277.0
MERCEDES-BENZ,E_250,MID_SIZE,2.1,4.0,CVT,경유,11.6,16.7,200.0
MERCEDES-BENZ,E_300,MID_SIZE,3.5,6.0,CVT,고급유,8.4,12.2,240.0
MERCEDES-BENZ,E_400,MID_SIZE,3.0,6.0,CVT,고급유,8.3,11.8,244.0
MERCEDES-BENZ,E_400,SUBCOMPACT,3.0,6.0,CVT,고급유,8.5,11.9,239.0
MERCEDES-BENZ,E_400,STATION WAGON ,3.0,6.0,CVT,고급유,8.1,11.2,253.0
MERCEDES-BENZ,E_400,SUBCOMPACT,3.0,6.0,CVT,고급유,8.7,12.3,233.0
MERCEDES-BENZ,E_550,MID_SIZE,4.7,8.0,CVT,고급유,7.8,10.4,270.0
MERCEDES-BENZ,E_550,SUBCOMPACT,4.7,8.0,CVT,고급유,7.3,10.9,275.0
MERCEDES-BENZ,E_550,SUBCOMPACT,4.7,8.0,CVT,고급유,7.5,11.2,268.0
MERCEDES-BENZ,G_550,SUV ,5.5,8.0,CVT,고급유,5.3,6.1,401.0
MERCEDES-BENZ,GL_350,SUV ,3.0,6.0,CVT,경유,7.4,10.0,322.0
MERCEDES-BENZ,GL_450,SUV ,3.0,6.0,CVT,고급유,6.6,7.9,298.0
MERCEDES-BENZ,GL_550,SUV ,4.7,8.0,CVT,고급유,5.7,7.6,365.0
MERCEDES-BENZ,GLA_250,SUV ,2.0,4.0,CVT,고급유,10.2,13.5,203.0
MERCEDES-BENZ,GLE_400,SUV ,3.0,6.0,CVT,고급유,7.5,9.6,282.0
MERCEDES-BENZ,GLE_550,SUV ,4.7,8.0,CVT,고급유,6.2,8.5,335.0
MERCEDES-BENZ,MAYBACH,FULL_SIZE,6.0,12.0,CVT,고급유,5.5,8.5,359.0
MERCEDES-BENZ,METRIS,SPECIAL PURPOSE VEHICLE,2.0,4.0,CVT,고급유,9.3,10.5,233.0
MERCEDES-BENZ,METRIS,SPECIAL PURPOSE VEHICLE,2.0,4.0,CVT,고급유,8.7,9.8,248.0
MERCEDES-BENZ,S,MID_SIZE,3.0,6.0,CVT,고급유,7.9,11.6,253.0
MERCEDES-BENZ,S,MID_SIZE,4.7,8.0,CVT,고급유,6.8,11.0,294.0
MERCEDES-BENZ,S,FULL_SIZE,4.7,8.0,CVT,고급유,6.8,10.2,287.0
MERCEDES-BENZ,S,COMPACT,4.7,8.0,CVT,고급유,6.9,10.2,289.0
MERCEDES-BENZ,S,FULL_SIZE,6.0,12.0,CVT,고급유,5.8,9.1,340.0
MERCEDES-BENZ,SL,TWO_SEATER,4.7,8.0,CVT,고급유,6.8,10.4,289.0
MERCEDES-BENZ,SLK,TWO_SEATER,3.5,6.0,CVT,고급유,9.0,12.3,229.0
MERCEDES-BENZ,AMG,COMPACT,4.0,8.0,CVT,고급유,7.5,10.4,273.0
MERCEDES-BENZ,AMG,SUBCOMPACT,4.0,8.0,CVT,고급유,7.1,9.9,291.0
MERCEDES-BENZ,AMG,SUBCOMPACT,4.0,8.0,CVT,고급유,7.2,9.9,285.0
MERCEDES-BENZ,AMG,COMPACT,4.0,8.0,CVT,고급유,7.5,10.4,273.0
MERCEDES-BENZ,AMG,SUBCOMPACT,4.0,8.0,CVT,고급유,7.1,9.9,291.0
MERCEDES-BENZ,AMG,SUBCOMPACT,4.0,8.0,CVT,고급유,7.2,9.9,285.0
MERCEDES-BENZ,AMG,COMPACT,2.0,4.0,CVT,고급유,9.3,13.2,221.0
MERCEDES-BENZ,AMG,COMPACT,5.5,8.0,CVT,고급유,6.6,9.3,308.0
MERCEDES-BENZ,AMG,SUV ,5.5,8.0,CVT,고급유,5.0,6.0,413.0
MERCEDES-BENZ,AMG,SUV ,6.0,12.0,CVT,고급유,4.5,5.6,467.0
MERCEDES-BENZ,AMG,SUV ,2.0,4.0,CVT,고급유,8.8,11.8,233.0
MERCEDES-BENZ,AMG,SUV ,5.5,8.0,CVT,고급유,5.8,7.4,363.0
MERCEDES-BENZ,AMG,SUV ,5.5,8.0,CVT,고급유,5.8,7.8,363.0
MERCEDES-BENZ,AMG,SUV ,5.5,8.0,CVT,고급유,5.5,7.1,369.0
MERCEDES-BENZ,AMG,TWO_SEATER,4.0,8.0,CVT,고급유,6.9,9.3,303.0
MERCEDES-BENZ,AMG,TWO_SEATER,4.0,8.0,CVT,고급유,6.9,9.3,303.0
MERCEDES-BENZ,AMG,FULL_SIZE,5.5,8.0,CVT,고급유,6.4,9.9,313.0
MERCEDES-BENZ,AMG,COMPACT,5.5,8.0,CVT,고급유,6.1,9.4,322.0
MERCEDES-BENZ,AMG,COMPACT,5.5,8.0,CVT,고급유,6.5,9.8,305.0
MERCEDES-BENZ,AMG,FULL_SIZE,6.0,12.0,CVT,고급유,5.7,9.2,349.0
MERCEDES-BENZ,AMG,COMPACT,6.0,12.0,CVT,고급유,5.8,9.1,348.0
MERCEDES-BENZ,AMG,COMPACT,6.0,12.0,CVT,고급유,5.3,8.6,365.0
MERCEDES-BENZ,AMG,TWO_SEATER,5.5,8.0,CVT,고급유,6.8,10.5,298.0
MERCEDES-BENZ,AMG,TWO_SEATER,6.0,12.0,CVT,고급유,5.7,9.3,340.0
MERCEDES-BENZ,B,MID_SIZE,2.0,4.0,CVT,고급유,10.3,15.2,179.0
MERCEDES-BENZ,C,COMPACT,2.0,4.0,CVT,고급유,9.9,12.8,212.0
MERCEDES-BENZ,C,SUBCOMPACT,2.0,4.0,CVT,고급유,9.6,12.5,218.0
MERCEDES-BENZ,CLA,COMPACT,2.0,4.0,CVT,고급유,10.4,15.6,190.0
MERCEDES-BENZ,E,SUBCOMPACT,3.0,6.0,CVT,고급유,8.7,12.3,233.0
MERCEDES-BENZ,E,SUBCOMPACT,3.0,6.0,CVT,고급유,8.5,11.9,239.0
MERCEDES-BENZ,E,SUBCOMPACT,4.7,8.0,CVT,고급유,7.3,10.9,275.0
MERCEDES-BENZ,E,SUBCOMPACT,4.7,8.0,CVT,고급유,7.5,11.2,268.0
MERCEDES-BENZ,G,SUV ,4.0,8.0,CVT,고급유,5.3,6.0,401.0
MERCEDES-BENZ,GLA,SUV ,2.0,4.0,CVT,고급유,9.7,13.2,212.0
MERCEDES-BENZ,MAYBACH,FULL_SIZE,6.0,12.0,CVT,고급유,5.5,9.1,359.0
MERCEDES-BENZ,METRIS,SPECIAL PURPOSE VEHICLE,2.0,4.0,CVT,고급유,9.0,11.0,240.0
MERCEDES-BENZ,METRIS,SPECIAL PURPOSE VEHICLE,2.0,4.0,CVT,고급유,8.7,10.8,248.0
MERCEDES-BENZ,S,MID_SIZE,3.0,6.0,CVT,고급유,7.9,11.6,253.0
MERCEDES-BENZ,S,FULL_SIZE,6.0,12.0,CVT,고급유,5.7,9.3,350.0
MINI,COOPER,SUBCOMPACT,1.5,3.0,CVT,고급유,11.8,15.9,172.0
MINI,COOPER,SUBCOMPACT,1.5,3.0,CVT,고급유,11.8,15.9,172.0
MINI,COOPER,MINICOMPACT,1.6,4.0,CVT,고급유,11.6,15.4,177.0
MINI,COOPER,COMPACT,1.6,4.0,CVT,고급유,10.6,12.7,200.0
MINI,COOPER,TWO_SEATER,1.6,4.0,CVT,고급유,11.8,15.4,175.0
MINI,COOPER,COMPACT,1.6,4.0,CVT,고급유,10.6,12.7,200.0
MINI,COOPER,TWO_SEATER,1.6,4.0,CVT,고급유,11.6,15.4,177.0
MINI,COOPER,SUBCOMPACT,2.0,4.0,CVT,고급유,10.9,14.3,189.0
MINI,COOPER,SUBCOMPACT,2.0,4.0,CVT,고급유,10.9,14.3,189.0
MINI,COOPER,MINICOMPACT,1.6,4.0,CVT,고급유,10.9,14.7,186.0
MINI,COOPER,COMPACT,1.6,4.0,CVT,고급유,9.9,12.8,207.0
MINI,COOPER,TWO_SEATER,1.6,4.0,CVT,고급유,10.9,14.7,186.0
MINI,COOPER,COMPACT,1.6,4.0,CVT,고급유,9.9,12.8,207.0
MINI,COOPER,TWO_SEATER,1.6,4.0,CVT,고급유,10.9,14.7,186.0
MINI,JOHN,SUBCOMPACT,2.0,4.0,CVT,고급유,10.8,13.7,193.0
MINI,JOHN,MINICOMPACT,1.6,4.0,CVT,고급유,10.9,14.7,186.0
MINI,JOHN,COMPACT,1.6,4.0,CVT,고급유,9.9,12.8,207.0
MINI,JOHN,TWO_SEATER,1.6,4.0,CVT,고급유,10.9,14.7,186.0
MINI,JOHN,COMPACT,1.6,4.0,CVT,고급유,9.9,12.8,207.0
MINI,JOHN,TWO_SEATER,1.6,4.0,CVT,고급유,10.9,14.7,186.0
MINI,COOPER,SUBCOMPACT,1.5,3.0,CVT,고급유,11.5,15.2,181.0
MINI,COOPER,SUBCOMPACT,1.5,3.0,CVT,고급유,11.5,15.2,181.0
MINI,COOPER,MID_SIZE,1.5,3.0,CVT,고급유,10.6,14.3,195.0
MINI,COOPER,MINICOMPACT,1.5,3.0,CVT,고급유,11.5,15.2,181.0
MINI,COOPER,SUBCOMPACT,2.0,4.0,CVT,고급유,10.9,14.3,193.0
MINI,COOPER,SUBCOMPACT,2.0,4.0,CVT,고급유,10.9,14.3,193.0
MINI,COOPER,MID_SIZE,2.0,4.0,CVT,고급유,10.3,14.3,198.0
MINI,COOPER,MINICOMPACT,2.0,4.0,CVT,고급유,10.3,14.3,198.0
MINI,COOPER,COMPACT,1.6,4.0,CVT,고급유,9.9,13.0,212.0
MINI,COOPER,COMPACT,1.6,4.0,CVT,고급유,9.9,13.0,212.0
MINI,JOHN,SUBCOMPACT,2.0,4.0,CVT,고급유,10.6,13.3,199.0
MINI,JOHN,COMPACT,1.6,4.0,CVT,고급유,9.9,13.0,212.0
MINI,JOHN,COMPACT,1.6,4.0,CVT,고급유,9.9,13.0,212.0
MINI,COOPER,SUBCOMPACT,1.5,3.0,CVT,고급유,11.4,14.7,184.0
MINI,COOPER,SUBCOMPACT,1.5,3.0,CVT,고급유,11.4,14.7,184.0
MINI,COOPER,MID_SIZE,1.5,3.0,CVT,고급유,10.5,13.9,197.0
MINI,COOPER,MID_SIZE,1.5,3.0,CVT,고급유,9.8,12.8,213.0
MINI,COOPER,MINICOMPACT,1.5,3.0,CVT,고급유,11.4,14.7,184.0
MINI,COOPER,MID_SIZE,1.5,3.0,CVT,고급유,10.5,13.9,197.0
MINI,COOPER,MID_SIZE,1.5,3.0,CVT,고급유,9.7,12.7,215.0
MINI,COOPER,SUBCOMPACT,2.0,4.0,CVT,고급유,10.8,13.9,196.0
MINI,COOPER,SUBCOMPACT,2.0,4.0,CVT,고급유,10.8,13.9,196.0
MINI,COOPER,MID_SIZE,2.0,4.0,CVT,고급유,10.0,13.9,205.0
MINI,COOPER,MID_SIZE,2.0,4.0,CVT,고급유,9.8,13.5,210.0
MINI,COOPER,MINICOMPACT,2.0,4.0,CVT,고급유,10.6,13.9,196.0
MINI,COOPER,MID_SIZE,2.0,4.0,CVT,고급유,9.5,13.5,213.0
MINI,JOHN,SUBCOMPACT,2.0,4.0,CVT,고급유,10.8,13.9,196.0
MINI,JOHN,MID_SIZE,2.0,4.0,CVT,고급유,9.8,13.5,210.0
MINI,JOHN,MINICOMPACT,2.0,4.0,CVT,고급유,10.6,13.9,196.0
MINI,COOPER,SUBCOMPACT,1.5,3.0,CVT,고급유,11.5,14.7,184.0
MINI,COOPER,SUBCOMPACT,1.5,3.0,CVT,고급유,11.5,14.7,184.0
MINI,COOPER,MID_SIZE,1.5,3.0,CVT,고급유,9.8,13.2,212.0
MINI,COOPER,MINICOMPACT,1.5,3.0,CVT,고급유,11.5,14.7,184.0
MINI,COOPER,STATION WAGON ,1.5,3.0,CVT,고급유,9.7,12.7,215.0
MINI,COOPER,SUBCOMPACT,2.0,4.0,CVT,고급유,10.8,13.7,197.0
MINI,COOPER,SUBCOMPACT,2.0,4.0,CVT,고급유,10.8,13.7,197.0
MINI,COOPER,MID_SIZE,2.0,4.0,CVT,고급유,9.5,13.2,215.0
MINI,COOPER,MINICOMPACT,2.0,4.0,CVT,고급유,10.8,14.1,195.0
MINI,COOPER,MID_SIZE,2.0,4.0,CVT,고급유,9.5,13.2,215.0
MINI,JOHN,SUBCOMPACT,2.0,4.0,CVT,고급유,10.8,13.7,197.0
MINI,JOHN,MID_SIZE,2.0,4.0,CVT,고급유,9.8,13.3,211.0
MINI,JOHN,MINICOMPACT,2.0,4.0,CVT,고급유,10.2,13.7,203.0
MINI,JOHN,MID_SIZE,2.0,4.0,CVT,고급유,9.4,12.8,220.0
MINI,COOPER,SUBCOMPACT,1.5,3.0,CVT,고급유,11.4,14.7,184.0
MINI,COOPER,SUBCOMPACT,1.5,3.0,CVT,고급유,11.4,14.7,184.0
MINI,COOPER,MID_SIZE,1.5,3.0,CVT,고급유,9.8,13.2,212.0
MINI,COOPER,MINICOMPACT,1.5,3.0,CVT,고급유,11.4,14.7,184.0
MINI,COOPER,STATION WAGON ,1.5,3.0,CVT,고급유,9.7,12.7,215.0
MINI,COOPER,SUBCOMPACT,2.0,4.0,CVT,고급유,10.8,13.7,197.0
MINI,COOPER,SUBCOMPACT,2.0,4.0,CVT,고급유,10.8,13.7,197.0
MINI,COOPER,MID_SIZE,2.0,4.0,CVT,고급유,9.6,13.2,214.0
MINI,COOPER,MINICOMPACT,2.0,4.0,CVT,고급유,10.6,13.9,197.0
MINI,COOPER,MID_SIZE,2.0,4.0,CVT,고급유,9.5,13.2,215.0
MINI,JOHN,SUBCOMPACT,2.0,4.0,CVT,고급유,10.8,13.7,197.0
MINI,JOHN,MID_SIZE,2.0,4.0,CVT,고급유,9.6,13.2,214.0
MINI,JOHN,MINICOMPACT,2.0,4.0,CVT,고급유,10.6,13.9,197.0
MINI,JOHN,MID_SIZE,2.0,4.0,CVT,고급유,9.4,12.8,220.0
MINI,COOPER,MID_SIZE,1.5,3.0,CVT,고급유,10.3,14.3,197.0
MINI,COOPER,MID_SIZE,1.5,3.0,CVT,고급유,10.2,14.1,200.0
MINI,COOPER,MID_SIZE,2.0,4.0,CVT,고급유,9.8,13.5,207.0
MINI,COOPER,MID_SIZE,2.0,4.0,CVT,고급유,9.6,13.3,212.0
MINI,JOHN,SUBCOMPACT,2.0,4.0,CVT,고급유,10.9,14.5,190.0
MINI,JOHN,MID_SIZE,2.0,4.0,CVT,고급유,9.9,13.2,210.0
MINI,JOHN,MINICOMPACT,2.0,4.0,CVT,고급유,10.6,14.1,194.0
MINI,JOHN,MID_SIZE,2.0,4.0,CVT,고급유,10.0,12.8,210.0
NISSAN,370Z,TWO_SEATER,3.7,6.0,CVT,고급유,7.9,11.0,253.0
NISSAN,370Z,TWO_SEATER,3.7,6.0,CVT,고급유,7.7,10.5,262.0
NISSAN,ALTIMA,MID_SIZE,2.5,4.0,CVT,휘발유,11.5,16.1,175.0
NISSAN,ALTIMA,MID_SIZE,3.5,6.0,CVT,휘발유,9.3,13.5,214.0
NISSAN,JUKE,STATION WAGON ,1.6,4.0,CVT,고급유,11.5,13.7,186.0
NISSAN,JUKE,STATION WAGON ,1.6,4.0,CVT,고급유,10.8,12.7,200.0
NISSAN,MAXIMA,MID_SIZE,3.5,6.0,CVT,고급유,8.1,11.0,251.0
NISSAN,MURANO,SUV ,3.5,6.0,CVT,휘발유,7.6,9.9,271.0
NISSAN,NV200,SPECIAL PURPOSE VEHICLE,2.0,4.0,CVT,휘발유,10.0,11.8,214.0
NISSAN,PATHFINDER,SUV ,3.5,6.0,CVT,휘발유,8.3,11.2,244.0
NISSAN,PATHFINDER,SUV ,3.5,6.0,CVT,휘발유,8.1,10.8,253.0
NISSAN,PATHFINDER_HYBRID,SUV ,2.5,4.0,CVT,휘발유,11.0,11.8,202.0
NISSAN,QUEST,MINIVAN,3.5,6.0,CVT,휘발유,8.0,10.5,255.0
NISSAN,ROGUE,SUV ,2.5,4.0,CVT,휘발유,10.9,13.9,191.0
NISSAN,ROGUE,SUV ,2.5,4.0,CVT,휘발유,10.5,13.5,198.0
NISSAN,SENTRA,MID_SIZE,1.8,4.0,CVT,휘발유,12.8,16.7,161.0
NISSAN,VERSA,COMPACT,1.6,4.0,CVT,휘발유,13.9,17.2,152.0
NISSAN,370Z,TWO_SEATER,3.7,6.0,CVT,고급유,7.9,10.9,255.0
NISSAN,370Z,TWO_SEATER,3.7,6.0,CVT,고급유,7.7,10.4,264.0
NISSAN,ALTIMA,MID_SIZE,2.5,4.0,CVT,휘발유,11.5,16.1,175.0
NISSAN,ALTIMA,MID_SIZE,3.5,6.0,CVT,휘발유,9.7,13.5,207.0
NISSAN,JUKE,STATION WAGON ,1.6,4.0,CVT,휘발유,11.8,13.9,182.0
NISSAN,JUKE,STATION WAGON ,1.6,4.0,CVT,휘발유,11.4,13.3,189.0
NISSAN,JUKE,STATION WAGON ,1.6,4.0,CVT,고급유,10.6,12.3,202.0
NISSAN,MURANO,STATION WAGON ,3.5,6.0,CVT,휘발유,9.1,12.2,225.0
NISSAN,MURANO,STATION WAGON ,3.5,6.0,CVT,휘발유,8.9,12.0,228.0
NISSAN,NV200,SPECIAL PURPOSE VEHICLE,2.0,4.0,CVT,휘발유,10.3,11.1,216.0
NISSAN,PATHFINDER,SUV ,3.5,6.0,CVT,휘발유,8.4,11.6,239.0
NISSAN,PATHFINDER,SUV ,3.5,6.0,CVT,휘발유,8.3,11.2,246.0
NISSAN,PATHFINDER,SUV ,3.5,6.0,CVT,휘발유,7.9,11.1,253.0
NISSAN,PATHFINDER_HYBRID,SUV ,2.5,4.0,CVT,휘발유,11.0,11.8,202.0
NISSAN,QUEST,MINIVAN,3.5,6.0,CVT,휘발유,8.3,11.5,242.0
NISSAN,ROGUE,SUV ,2.5,4.0,CVT,휘발유,10.9,13.9,191.0
NISSAN,ROGUE,SUV ,2.5,4.0,CVT,휘발유,10.5,13.5,196.0
NISSAN,SENTRA,MID_SIZE,1.8,4.0,CVT,휘발유,12.5,16.4,166.0
NISSAN,VERSA,COMPACT,1.6,4.0,CVT,휘발유,13.3,16.7,156.0
NISSAN,370Z,TWO_SEATER,3.7,6.0,CVT,고급유,7.9,10.9,260.0
NISSAN,370Z,TWO_SEATER,3.7,6.0,CVT,고급유,7.6,10.4,270.0
NISSAN,ALTIMA,MID_SIZE,2.5,4.0,CVT,휘발유,11.5,16.7,176.0
NISSAN,ALTIMA,MID_SIZE,3.5,6.0,CVT,휘발유,9.7,13.5,212.0
NISSAN,ALTIMA,MID_SIZE,2.5,4.0,CVT,휘발유,11.2,15.9,181.0
NISSAN,JUKE,STATION WAGON ,1.6,4.0,CVT,고급유,11.8,13.9,186.0
NISSAN,JUKE,STATION WAGON ,1.6,4.0,CVT,고급유,11.4,13.3,194.0
NISSAN,JUKE,STATION WAGON ,1.6,4.0,CVT,고급유,10.6,12.3,208.0
NISSAN,MAXIMA,MID_SIZE,3.5,6.0,CVT,고급유,9.2,12.8,223.0
NISSAN,MURANO,STATION WAGON ,3.5,6.0,CVT,휘발유,9.1,12.2,230.0
NISSAN,MURANO,STATION WAGON ,3.5,6.0,CVT,휘발유,8.9,12.0,232.0
NISSAN,NV200,SPECIAL PURPOSE VEHICLE,2.0,4.0,CVT,휘발유,10.3,11.1,220.0
NISSAN,PATHFINDER,SUV ,3.5,6.0,CVT,휘발유,8.4,11.6,245.0
NISSAN,PATHFINDER,SUV ,3.5,6.0,CVT,휘발유,8.3,11.2,251.0
NISSAN,PATHFINDER,SUV ,3.5,6.0,CVT,휘발유,7.9,11.1,258.0
NISSAN,ROGUE,SUV ,2.5,4.0,CVT,휘발유,11.0,14.1,194.0
NISSAN,ROGUE,SUV ,2.5,4.0,CVT,휘발유,10.5,13.5,201.0
NISSAN,SENTRA,MID_SIZE,1.8,4.0,CVT,휘발유,12.5,16.4,167.0
NISSAN,VERSA,MID_SIZE,1.6,4.0,CVT,휘발유,13.3,16.7,161.0
NISSAN,370Z,TWO_SEATER,3.7,6.0,CVT,고급유,7.9,10.8,261.0
NISSAN,370Z,TWO_SEATER,3.7,6.0,CVT,고급유,7.7,10.3,270.0
NISSAN,ALTIMA,MID_SIZE,2.5,4.0,CVT,휘발유,11.4,16.7,176.0
NISSAN,ALTIMA,MID_SIZE,3.5,6.0,CVT,휘발유,9.4,13.7,214.0
NISSAN,ALTIMA,MID_SIZE,2.5,4.0,CVT,휘발유,11.4,15.4,183.0
NISSAN,ARMADA,SUV ,5.6,8.0,CVT,휘발유,5.7,7.8,362.0
NISSAN,JUKE,STATION WAGON ,1.6,4.0,CVT,고급유,11.8,13.3,189.0
NISSAN,JUKE,STATION WAGON ,1.6,4.0,CVT,고급유,11.1,12.8,199.0
NISSAN,JUKE,STATION WAGON ,1.6,4.0,CVT,고급유,10.5,12.0,209.0
NISSAN,MAXIMA,MID_SIZE,3.5,6.0,CVT,고급유,9.0,12.8,225.0
NISSAN,MURANO,STATION WAGON ,3.5,6.0,CVT,휘발유,9.1,12.0,230.0
NISSAN,MURANO,STATION WAGON ,3.5,6.0,CVT,휘발유,8.9,11.9,232.0
NISSAN,NV200,SPECIAL PURPOSE VEHICLE,2.0,4.0,CVT,휘발유,10.2,11.1,220.0
NISSAN,PATHFINDER,SUV ,3.5,6.0,CVT,휘발유,8.6,11.8,240.0
NISSAN,PATHFINDER,SUV ,3.5,6.0,CVT,휘발유,8.3,11.2,250.0
NISSAN,PATHFINDER,SUV ,3.5,6.0,CVT,휘발유,8.1,10.9,258.0
NISSAN,QASHQAI,STATION WAGON ,2.0,4.0,CVT,휘발유,11.4,13.7,191.0
NISSAN,QASHQAI,STATION WAGON ,2.0,4.0,CVT,휘발유,11.0,13.3,197.0
NISSAN,ROGUE,SUV ,2.5,4.0,CVT,휘발유,10.9,14.3,192.0
NISSAN,ROGUE,SUV ,2.5,4.0,CVT,휘발유,10.4,13.5,203.0
NISSAN,SENTRA,MID_SIZE,1.6,4.0,CVT,고급유,11.2,13.7,193.0
NISSAN,SENTRA,MID_SIZE,1.8,4.0,CVT,휘발유,12.3,15.9,171.0
NISSAN,SENTRA,MID_SIZE,1.6,4.0,CVT,고급유,10.6,12.8,205.0
NISSAN,TITAN,PICKUP TRUCK ,5.6,8.0,CVT,휘발유,6.7,8.9,312.0
NISSAN,TITAN,PICKUP TRUCK ,5.6,8.0,CVT,휘발유,6.6,9.0,315.0
NISSAN,TITAN,PICKUP TRUCK ,5.6,8.0,CVT,휘발유,6.3,8.3,333.0
NISSAN,VERSA,MID_SIZE,1.6,4.0,CVT,휘발유,13.2,16.1,164.0
NISSAN,370Z,TWO_SEATER,3.7,6.0,CVT,고급유,7.9,10.8,261.0
NISSAN,370Z,TWO_SEATER,3.7,6.0,CVT,고급유,7.7,10.3,270.0
NISSAN,ALTIMA,MID_SIZE,2.5,4.0,CVT,휘발유,11.5,15.9,179.0
NISSAN,ALTIMA,MID_SIZE,2.5,4.0,CVT,휘발유,11.2,15.6,185.0
NISSAN,ALTIMA,MID_SIZE,3.5,6.0,CVT,휘발유,9.4,13.7,214.0
NISSAN,ARMADA,SUV ,5.6,8.0,CVT,휘발유,5.7,7.8,362.0
NISSAN,KICKS,MID_SIZE,1.6,4.0,CVT,휘발유,13.0,15.2,169.0
NISSAN,MAXIMA,MID_SIZE,3.5,6.0,CVT,고급유,9.0,12.8,227.0
NISSAN,MURANO,STATION WAGON ,3.5,6.0,CVT,휘발유,9.1,12.0,230.0
NISSAN,MURANO,STATION WAGON ,3.5,6.0,CVT,휘발유,8.9,11.9,232.0
NISSAN,NV200,SPECIAL PURPOSE VEHICLE,2.0,4.0,CVT,휘발유,10.2,11.4,218.0
NISSAN,PATHFINDER,SUV ,3.5,6.0,CVT,휘발유,8.6,11.8,240.0
NISSAN,PATHFINDER,SUV ,3.5,6.0,CVT,휘발유,8.3,11.2,250.0
NISSAN,PATHFINDER,SUV ,3.5,6.0,CVT,휘발유,8.1,10.9,259.0
NISSAN,QASHQAI,STATION WAGON ,2.0,4.0,CVT,휘발유,11.4,13.7,191.0
NISSAN,QASHQAI,STATION WAGON ,2.0,4.0,CVT,휘발유,11.1,13.3,196.0
NISSAN,ROGUE,SUV ,2.5,4.0,CVT,휘발유,10.9,14.3,192.0
NISSAN,ROGUE,SUV ,2.5,4.0,CVT,휘발유,10.3,13.5,205.0
NISSAN,SENTRA,MID_SIZE,1.8,4.0,CVT,휘발유,12.3,15.9,172.0
NISSAN,SENTRA,MID_SIZE,1.6,4.0,CVT,고급유,11.2,13.7,193.0
NISSAN,SENTRA,MID_SIZE,1.6,4.0,CVT,고급유,10.6,12.8,205.0
NISSAN,TITAN,PICKUP TRUCK ,5.6,8.0,CVT,휘발유,6.7,8.9,312.0
NISSAN,TITAN,PICKUP TRUCK ,5.6,8.0,CVT,휘발유,6.6,9.0,315.0
NISSAN,TITAN,PICKUP TRUCK ,5.6,8.0,CVT,휘발유,6.3,8.4,331.0
NISSAN,VERSA,MID_SIZE,1.6,4.0,CVT,휘발유,13.2,16.1,164.0
NISSAN,370Z,TWO_SEATER,3.7,6.0,CVT,고급유,7.9,10.8,261.0
NISSAN,370Z,TWO_SEATER,3.7,6.0,CVT,고급유,7.7,10.3,271.0
NISSAN,ALTIMA,MID_SIZE,2.5,4.0,CVT,휘발유,11.6,16.4,174.0
NISSAN,ALTIMA,MID_SIZE,2.0,4.0,CVT,휘발유,11.0,14.5,190.0
NISSAN,ALTIMA,MID_SIZE,2.5,4.0,CVT,휘발유,11.8,15.9,177.0
NISSAN,ALTIMA,MID_SIZE,2.5,4.0,CVT,휘발유,11.0,15.4,186.0
NISSAN,ALTIMA,MID_SIZE,2.5,4.0,CVT,휘발유,10.8,14.9,190.0
NISSAN,ARMADA,SUV ,5.6,8.0,CVT,휘발유,5.6,7.8,364.0
NISSAN,KICKS,MID_SIZE,1.6,4.0,CVT,휘발유,13.0,15.2,169.0
NISSAN,MAXIMA,MID_SIZE,3.5,6.0,CVT,고급유,8.6,12.7,233.0
NISSAN,MURANO,STATION WAGON ,3.5,6.0,CVT,휘발유,8.5,12.0,240.0
NISSAN,MURANO,STATION WAGON ,3.5,6.0,CVT,휘발유,8.5,11.8,242.0
NISSAN,NV200,SPECIAL PURPOSE VEHICLE,2.0,4.0,CVT,휘발유,10.2,11.4,218.0
NISSAN,PATHFINDER,SUV ,3.5,6.0,CVT,휘발유,8.6,11.8,240.0
NISSAN,PATHFINDER,SUV ,3.5,6.0,CVT,휘발유,8.3,11.2,250.0
NISSAN,PATHFINDER,SUV ,3.5,6.0,CVT,휘발유,8.1,10.9,259.0
NISSAN,QASHQAI,STATION WAGON ,2.0,4.0,CVT,휘발유,11.6,13.9,188.0
NISSAN,QASHQAI,STATION WAGON ,2.0,4.0,CVT,휘발유,11.0,13.2,198.0
NISSAN,ROGUE,SUV ,2.5,4.0,CVT,휘발유,11.0,14.1,192.0
NISSAN,ROGUE,SUV ,2.5,4.0,CVT,휘발유,10.4,13.3,204.0
NISSAN,SENTRA,MID_SIZE,1.8,4.0,CVT,휘발유,12.3,15.9,172.0
NISSAN,SENTRA,MID_SIZE,1.6,4.0,CVT,고급유,11.2,13.7,193.0
NISSAN,SENTRA,MID_SIZE,1.6,4.0,CVT,고급유,10.6,12.8,205.0
NISSAN,TITAN,PICKUP TRUCK ,5.6,8.0,CVT,휘발유,6.7,8.9,312.0
NISSAN,TITAN,PICKUP TRUCK ,5.6,8.0,CVT,휘발유,6.6,9.0,315.0
NISSAN,TITAN,PICKUP TRUCK ,5.6,8.0,CVT,휘발유,6.3,8.4,331.0
NISSAN,VERSA,MID_SIZE,1.6,4.0,CVT,휘발유,13.2,16.1,164.0
NISSAN,370Z,TWO_SEATER,3.7,6.0,CVT,고급유,7.9,10.8,261.0
NISSAN,370Z,TWO_SEATER,3.7,6.0,CVT,고급유,7.7,10.3,271.0
NISSAN,ALTIMA,MID_SIZE,2.5,4.0,CVT,휘발유,11.0,15.4,186.0
NISSAN,ALTIMA,MID_SIZE,2.5,4.0,CVT,휘발유,10.8,14.9,190.0
NISSAN,ARMADA,SUV ,5.6,8.0,CVT,휘발유,5.7,7.8,362.0
NISSAN,FRONTIER,PICKUP TRUCK ,3.8,6.0,CVT,휘발유,7.6,10.2,273.0
NISSAN,FRONTIER,PICKUP TRUCK ,3.8,6.0,CVT,휘발유,7.2,9.8,287.0
NISSAN,KICKS,MID_SIZE,1.6,4.0,CVT,휘발유,13.0,15.2,169.0
NISSAN,MAXIMA,MID_SIZE,3.5,6.0,CVT,고급유,8.6,12.7,233.0
NISSAN,MURANO,STATION WAGON ,3.5,6.0,CVT,휘발유,8.5,12.0,240.0
NISSAN,MURANO,STATION WAGON ,3.5,6.0,CVT,휘발유,8.5,11.8,242.0
NISSAN,NV200,SPECIAL PURPOSE VEHICLE,2.0,4.0,CVT,휘발유,10.2,11.4,218.0
NISSAN,QASHQAI,STATION WAGON ,2.0,4.0,CVT,휘발유,11.4,13.5,192.0
NISSAN,QASHQAI,STATION WAGON ,2.0,4.0,CVT,휘발유,11.1,13.0,198.0
NISSAN,PATHFINDER,SUV ,3.5,6.0,CVT,휘발유,8.6,11.8,240.0
NISSAN,PATHFINDER,SUV ,3.5,6.0,CVT,휘발유,8.3,11.2,251.0
NISSAN,PATHFINDER,SUV ,3.5,6.0,CVT,휘발유,8.1,10.9,257.0
NISSAN,ROGUE,SUV ,2.5,4.0,CVT,휘발유,11.0,14.1,192.0
NISSAN,ROGUE,SUV ,2.5,4.0,CVT,휘발유,10.4,13.3,204.0
NISSAN,SENTRA,MID_SIZE,2.0,4.0,CVT,휘발유,12.5,16.7,167.0
NISSAN,SENTRA,MID_SIZE,2.0,4.0,CVT,휘발유,12.2,16.1,171.0
NISSAN,TITAN,PICKUP TRUCK ,5.6,8.0,CVT,고급유,6.6,9.0,313.0
NISSAN,TITAN,PICKUP TRUCK ,5.6,8.0,CVT,고급유,6.6,8.9,313.0
NISSAN,VERSA,COMPACT,1.6,4.0,CVT,휘발유,13.5,16.9,158.0
PORSCHE,CAYENNE,SUV ,3.0,6.0,CVT,고급유,8.0,10.0,265.0
PORSCHE,CAYENNE,SUV ,2.9,6.0,CVT,고급유,7.8,9.6,275.0
PORSCHE,CAYENNE,SUV ,4.0,8.0,CVT,고급유,6.4,8.1,329.0
PORSCHE,CAYENNE,SUV ,3.0,6.0,CVT,고급유,8.0,9.7,269.0
PORSCHE,CAYENNE,SUV ,2.9,6.0,CVT,고급유,7.6,9.5,278.0
PORSCHE,CAYENNE,SUV ,4.0,8.0,CVT,고급유,6.4,8.1,329.0
TOYOTA,4RUNNER,SUV ,4.0,6.0,CVT,휘발유,7.0,9.0,297.0
TOYOTA,4RUNNER,SUV ,4.0,6.0,CVT,휘발유,7.0,9.0,297.0
TOYOTA,AVALON,MID_SIZE,3.5,6.0,CVT,휘발유,8.8,13.2,221.0
TOYOTA,CAMRY,MID_SIZE,2.5,4.0,CVT,휘발유,10.5,15.2,189.0
TOYOTA,CAMRY,MID_SIZE,3.5,6.0,CVT,휘발유,9.0,12.8,221.0
TOYOTA,CAMRY_HYBRID,MID_SIZE,2.5,4.0,CVT,휘발유,18.2,16.9,131.0
TOYOTA,CAMRY_HYBRID,MID_SIZE,2.5,4.0,CVT,휘발유,17.2,16.1,138.0
TOYOTA,COROLLA,MID_SIZE,1.8,4.0,CVT,휘발유,12.3,15.9,168.0
TOYOTA,COROLLA,MID_SIZE,1.8,4.0,CVT,휘발유,12.5,16.9,163.0
TOYOTA,COROLLA_ECO,MID_SIZE,1.8,4.0,CVT,휘발유,13.0,17.9,156.0
TOYOTA,COROLLA_ECO,MID_SIZE,1.8,4.0,CVT,휘발유,12.8,16.9,159.0
TOYOTA,HIGHLANDER,SUV ,2.7,4.0,CVT,휘발유,8.5,11.6,237.0
TOYOTA,HIGHLANDER,SUV ,3.5,6.0,CVT,휘발유,7.9,10.6,258.0
TOYOTA,HIGHLANDER,SUV ,3.5,6.0,CVT,휘발유,7.7,10.3,264.0
TOYOTA,HIGHLANDER_HYBRID,SUV ,3.5,6.0,CVT,휘발유,12.5,11.6,191.0
TOYOTA,HIGHLANDER_HYBRID,SUV ,3.5,6.0,CVT,휘발유,12.7,11.6,189.0
TOYOTA,PRIUS,MID_SIZE,1.8,4.0,CVT,휘발유,21.3,20.4,110.0
TOYOTA,PRIUS,COMPACT,1.5,4.0,CVT,휘발유,21.7,20.4,108.0
TOYOTA,PRIUS,STATION WAGON ,1.8,4.0,CVT,휘발유,18.9,17.2,126.0
TOYOTA,RAV4,SUV ,2.5,4.0,CVT,휘발유,10.0,13.2,205.0
TOYOTA,RAV4,SUV ,2.5,4.0,CVT,휘발유,9.6,12.3,216.0
TOYOTA,RAV4,SUV ,2.5,4.0,CVT,휘발유,9.4,12.2,218.0
TOYOTA,SEQUOIA,SUV ,5.7,8.0,CVT,휘발유,5.3,7.2,384.0
TOYOTA,SIENNA,MINIVAN,3.5,6.0,CVT,휘발유,7.8,10.6,260.0
TOYOTA,SIENNA,MINIVAN,3.5,6.0,CVT,휘발유,7.0,9.7,285.0
TOYOTA,TUNDRA,PICKUP TRUCK ,4.0,6.0,CVT,휘발유,6.8,8.5,310.0
TOYOTA,TUNDRA,PICKUP TRUCK ,4.6,8.0,CVT,휘발유,6.3,8.1,329.0
TOYOTA,TUNDRA,PICKUP TRUCK ,5.7,8.0,CVT,휘발유,5.7,7.8,356.0
TOYOTA,TUNDRA,PICKUP TRUCK ,4.6,8.0,CVT,휘발유,5.9,7.8,347.0
TOYOTA,TUNDRA,PICKUP TRUCK ,5.7,8.0,CVT,휘발유,5.5,7.2,373.0
TOYOTA,VENZA,SUV ,2.7,4.0,CVT,휘발유,8.8,12.2,230.0
TOYOTA,VENZA,SUV ,3.5,6.0,CVT,휘발유,7.9,11.0,253.0
TOYOTA,VENZA,SUV ,2.7,4.0,CVT,휘발유,8.6,11.8,235.0
TOYOTA,VENZA,SUV ,3.5,6.0,CVT,휘발유,7.8,10.6,260.0
TOYOTA,4RUNNER,SUV ,4.0,6.0,CVT,휘발유,7.0,9.0,294.0
TOYOTA,4RUNNER,SUV ,4.0,6.0,CVT,휘발유,7.0,9.0,294.0
TOYOTA,AVALON,MID_SIZE,3.5,6.0,CVT,휘발유,8.8,13.3,221.0
TOYOTA,CAMRY,MID_SIZE,2.5,4.0,CVT,휘발유,10.3,14.5,193.0
TOYOTA,CAMRY,MID_SIZE,3.5,6.0,CVT,휘발유,9.1,13.0,218.0
TOYOTA,CAMRY_HYBRID,MID_SIZE,2.5,4.0,CVT,휘발유,18.2,16.7,131.0
TOYOTA,CAMRY_HYBRID,MID_SIZE,2.5,4.0,CVT,휘발유,17.5,16.4,136.0
TOYOTA,COROLLA,MID_SIZE,1.8,4.0,CVT,휘발유,12.7,16.4,163.0
TOYOTA,COROLLA,MID_SIZE,1.8,4.0,CVT,휘발유,12.2,16.1,168.0
TOYOTA,COROLLA_ECO,MID_SIZE,1.8,4.0,CVT,휘발유,13.0,17.9,156.0
TOYOTA,COROLLA_ECO,MID_SIZE,1.8,4.0,CVT,휘발유,13.0,16.7,159.0
TOYOTA,HIGHLANDER,SUV ,2.7,4.0,CVT,휘발유,8.5,10.5,246.0
TOYOTA,HIGHLANDER,SUV ,3.5,6.0,CVT,휘발유,8.0,10.8,255.0
TOYOTA,HIGHLANDER,SUV ,3.5,6.0,CVT,휘발유,7.7,10.2,267.0
TOYOTA,HIGHLANDER_HYBRID,SUV ,3.5,6.0,CVT,휘발유,11.6,11.8,196.0
TOYOTA,HIGHLANDER_HYBRID,SUV ,3.5,6.0,CVT,휘발유,11.9,12.0,193.0
TOYOTA,PRIUS,MID_SIZE,1.8,4.0,CVT,휘발유,21.7,20.4,108.0
TOYOTA,PRIUS,COMPACT,1.5,4.0,CVT,휘발유,22.2,19.6,110.0
TOYOTA,PRIUS,STATION WAGON ,1.8,4.0,CVT,휘발유,18.5,17.2,129.0
TOYOTA,RAV4,SUV ,2.5,4.0,CVT,휘발유,10.0,13.2,205.0
TOYOTA,RAV4,SUV ,2.5,4.0,CVT,휘발유,9.5,12.2,218.0
TOYOTA,RAV4,SUV ,2.5,4.0,CVT,휘발유,10.0,13.2,205.0
TOYOTA,RAV4,SUV ,2.5,4.0,CVT,휘발유,9.3,12.0,221.0
TOYOTA,SEQUOIA,SUV ,5.7,8.0,CVT,휘발유,5.3,7.1,382.0
TOYOTA,SIENNA,MINIVAN,3.5,6.0,CVT,휘발유,7.7,10.5,262.0
TOYOTA,SIENNA,MINIVAN,3.5,6.0,CVT,휘발유,6.9,9.8,288.0
TOYOTA,TUNDRA,PICKUP TRUCK ,4.6,8.0,CVT,휘발유,6.3,8.1,329.0
TOYOTA,TUNDRA,PICKUP TRUCK ,5.7,8.0,CVT,휘발유,5.8,7.8,350.0
TOYOTA,TUNDRA,PICKUP TRUCK ,4.6,8.0,CVT,휘발유,5.9,7.8,347.0
TOYOTA,TUNDRA,PICKUP TRUCK ,5.7,8.0,CVT,휘발유,5.4,7.0,382.0
TOYOTA,VENZA,SUV ,2.7,4.0,CVT,휘발유,8.6,11.1,239.0
TOYOTA,VENZA,SUV ,3.5,6.0,CVT,휘발유,8.0,11.1,251.0
TOYOTA,VENZA,SUV ,2.7,4.0,CVT,휘발유,8.6,10.9,242.0
TOYOTA,VENZA,SUV ,3.5,6.0,CVT,휘발유,7.8,10.8,260.0
TOYOTA,4RUNNER,SUV ,4.0,6.0,CVT,휘발유,7.0,9.0,298.0
TOYOTA,4RUNNER,SUV ,4.0,6.0,CVT,휘발유,7.0,9.0,298.0
TOYOTA,AVALON,MID_SIZE,3.5,6.0,CVT,휘발유,8.8,13.2,225.0
TOYOTA,CAMRY,MID_SIZE,2.5,4.0,CVT,휘발유,10.6,14.9,192.0
TOYOTA,CAMRY,MID_SIZE,3.5,6.0,CVT,휘발유,9.1,13.0,222.0
TOYOTA,CAMRY_HYBRID,MID_SIZE,2.5,4.0,CVT,휘발유,18.2,16.7,134.0
TOYOTA,CAMRY_HYBRID,MID_SIZE,2.5,4.0,CVT,휘발유,17.5,16.7,137.0
TOYOTA,COROLLA,MID_SIZE,1.8,4.0,CVT,휘발유,12.2,16.1,171.0
TOYOTA,COROLLA,MID_SIZE,1.8,4.0,CVT,휘발유,12.7,16.4,166.0
TOYOTA,COROLLA_ECO,MID_SIZE,1.8,4.0,CVT,휘발유,13.0,17.9,160.0
TOYOTA,COROLLA_ECO,MID_SIZE,1.8,4.0,CVT,휘발유,13.0,16.7,162.0
TOYOTA,HIGHLANDER,SUV ,3.5,6.0,CVT,휘발유,8.0,10.8,260.0
TOYOTA,HIGHLANDER,SUV ,3.5,6.0,CVT,휘발유,7.7,10.2,272.0
TOYOTA,HIGHLANDER_HYBRID,SUV ,3.5,6.0,CVT,휘발유,11.6,11.9,198.0
TOYOTA,HIGHLANDER_HYBRID,SUV ,3.5,6.0,CVT,휘발유,11.9,12.0,195.0
TOYOTA,PRIUS,MID_SIZE,1.8,4.0,CVT,휘발유,22.7,21.7,104.0
TOYOTA,PRIUS,COMPACT,1.5,4.0,CVT,휘발유,22.2,19.6,111.0
TOYOTA,PRIUS,STATION WAGON ,1.8,4.0,CVT,휘발유,18.5,17.2,131.0
TOYOTA,RAV4,SUV ,2.5,4.0,CVT,휘발유,9.9,13.0,212.0
TOYOTA,RAV4,SUV ,2.5,4.0,CVT,휘발유,9.5,12.2,220.0
TOYOTA,RAV4_HYBRID,SUV ,2.5,4.0,CVT,휘발유,14.5,13.2,169.0
TOYOTA,RAV4,SUV ,2.5,4.0,CVT,휘발유,10.0,13.2,208.0
TOYOTA,RAV4,SUV ,2.5,4.0,CVT,휘발유,9.4,12.3,220.0
TOYOTA,SEQUOIA,SUV ,5.7,8.0,CVT,휘발유,5.3,7.1,382.0
TOYOTA,SIENNA,MINIVAN,3.5,6.0,CVT,휘발유,7.7,10.5,267.0
TOYOTA,SIENNA,MINIVAN,3.5,6.0,CVT,휘발유,6.9,9.8,290.0
TOYOTA,TACOMA,PICKUP TRUCK ,2.7,4.0,CVT,휘발유,8.3,10.0,261.0
TOYOTA,TACOMA,PICKUP TRUCK ,3.5,6.0,CVT,휘발유,7.9,10.0,267.0
TOYOTA,TACOMA,PICKUP TRUCK ,2.7,4.0,CVT,휘발유,7.9,9.5,274.0
TOYOTA,TACOMA,PICKUP TRUCK ,3.5,6.0,CVT,휘발유,7.6,9.5,280.0
TOYOTA,TUNDRA,PICKUP TRUCK ,4.6,8.0,CVT,휘발유,6.3,8.1,335.0
TOYOTA,TUNDRA,PICKUP TRUCK ,5.7,8.0,CVT,휘발유,5.8,7.7,360.0
TOYOTA,TUNDRA,PICKUP TRUCK ,4.6,8.0,CVT,휘발유,5.9,7.8,351.0
TOYOTA,TUNDRA,PICKUP TRUCK ,5.7,8.0,CVT,휘발유,5.5,7.1,380.0
TOYOTA,VENZA,SUV ,2.7,4.0,CVT,휘발유,8.6,11.1,244.0
TOYOTA,VENZA,SUV ,3.5,6.0,CVT,휘발유,8.0,11.1,256.0
TOYOTA,VENZA,SUV ,2.7,4.0,CVT,휘발유,8.6,10.9,241.0
TOYOTA,VENZA,SUV ,3.5,6.0,CVT,휘발유,7.8,10.8,263.0
TOYOTA,YARIS,COMPACT,1.5,4.0,CVT,휘발유,13.9,17.9,151.0
TOYOTA,4RUNNER,SUV ,4.0,6.0,CVT,휘발유,7.0,8.3,310.0
TOYOTA,4RUNNER,SUV ,4.0,6.0,CVT,휘발유,7.0,8.3,310.0
TOYOTA,86,MINICOMPACT,2.0,4.0,CVT,고급유,10.1,13.7,204.0
TOYOTA,AVALON,MID_SIZE,3.5,6.0,CVT,휘발유,8.8,13.0,226.0
TOYOTA,CAMRY,MID_SIZE,2.5,4.0,CVT,휘발유,10.2,14.1,199.0
TOYOTA,CAMRY,MID_SIZE,3.5,6.0,CVT,휘발유,9.1,12.8,224.0
TOYOTA,CAMRY_HYBRID,MID_SIZE,2.5,4.0,CVT,휘발유,17.9,16.1,137.0
TOYOTA,CAMRY_HYBRID,MID_SIZE,2.5,4.0,CVT,휘발유,17.2,15.9,141.0
TOYOTA,COROLLA,MID_SIZE,1.8,4.0,CVT,휘발유,12.0,15.4,174.0
TOYOTA,COROLLA,MID_SIZE,1.8,4.0,CVT,휘발유,12.0,14.9,178.0
TOYOTA,COROLLA_ECO,MID_SIZE,1.8,4.0,CVT,휘발유,12.8,16.9,163.0
TOYOTA,COROLLA_ECO,MID_SIZE,1.8,4.0,CVT,휘발유,12.5,15.9,168.0
TOYOTA,COROLLA,MID_SIZE,1.8,4.0,CVT,휘발유,12.0,15.4,176.0
TOYOTA,HIGHLANDER,SUV ,3.5,6.0,CVT,휘발유,8.5,11.5,243.0
TOYOTA,HIGHLANDER,SUV ,3.5,6.0,CVT,휘발유,8.3,11.1,251.0
TOYOTA,HIGHLANDER,SUV ,3.5,6.0,CVT,휘발유,8.3,11.2,247.0
TOYOTA,HIGHLANDER,SUV ,3.5,6.0,CVT,휘발유,8.5,11.4,242.0
TOYOTA,HIGHLANDER_HYBRID,SUV ,3.5,6.0,CVT,휘발유,12.3,11.8,193.0
TOYOTA,PRIUS,MID_SIZE,1.8,4.0,CVT,휘발유,22.7,21.7,105.0
TOYOTA,PRIUS,COMPACT,1.5,4.0,CVT,휘발유,20.4,18.2,120.0
TOYOTA,PRIUS,STATION WAGON ,1.8,4.0,CVT,휘발유,18.2,16.7,135.0
TOYOTA,RAV4,SUV ,2.5,4.0,CVT,휘발유,9.7,12.5,217.0
TOYOTA,RAV4,SUV ,2.5,4.0,CVT,휘발유,10.0,12.8,210.0
TOYOTA,RAV4,SUV ,2.5,4.0,CVT,휘발유,9.5,12.0,222.0
TOYOTA,RAV4,SUV ,2.5,4.0,CVT,휘발유,9.3,11.9,226.0
TOYOTA,RAV4_HYBRID,SUV ,2.5,4.0,CVT,휘발유,14.5,12.8,170.0
TOYOTA,SEQUOIA,SUV ,5.7,8.0,CVT,휘발유,5.3,7.2,380.0
TOYOTA,SIENNA,MINIVAN,3.5,6.0,CVT,휘발유,8.0,11.2,255.0
TOYOTA,SIENNA,MINIVAN,3.5,6.0,CVT,휘발유,7.5,10.4,274.0
TOYOTA,TACOMA,PICKUP TRUCK ,2.7,4.0,CVT,휘발유,8.3,9.9,263.0
TOYOTA,TACOMA,PICKUP TRUCK ,3.5,6.0,CVT,휘발유,7.9,10.0,268.0
TOYOTA,TACOMA,PICKUP TRUCK ,2.7,4.0,CVT,휘발유,7.9,9.4,274.0
TOYOTA,TACOMA,PICKUP TRUCK ,3.5,6.0,CVT,휘발유,7.6,9.3,283.0
TOYOTA,TUNDRA,PICKUP TRUCK ,4.6,8.0,CVT,휘발유,6.3,8.1,334.0
TOYOTA,TUNDRA,PICKUP TRUCK ,5.7,8.0,CVT,휘발유,5.8,7.8,358.0
TOYOTA,TUNDRA,PICKUP TRUCK ,4.6,8.0,CVT,휘발유,6.0,7.9,349.0
TOYOTA,TUNDRA,PICKUP TRUCK ,5.7,8.0,CVT,휘발유,5.5,7.2,378.0
TOYOTA,YARIS,COMPACT,1.5,4.0,CVT,휘발유,13.7,17.2,155.0
TOYOTA,4RUNNER,SUV ,4.0,6.0,CVT,휘발유,7.0,8.4,308.0
TOYOTA,4RUNNER,SUV ,4.0,6.0,CVT,휘발유,7.0,8.4,308.0
TOYOTA,86,MINICOMPACT,2.0,4.0,CVT,고급유,10.1,13.7,204.0
TOYOTA,AVALON,MID_SIZE,3.5,6.0,CVT,휘발유,8.8,13.0,226.0
TOYOTA,CAMRY,MID_SIZE,2.5,4.0,CVT,휘발유,12.3,17.5,164.0
TOYOTA,CAMRY,MID_SIZE,2.5,4.0,CVT,휘발유,11.9,16.7,172.0
TOYOTA,CAMRY,MID_SIZE,2.5,4.0,CVT,휘발유,11.8,16.4,173.0
TOYOTA,CAMRY,MID_SIZE,3.5,6.0,CVT,휘발유,9.5,14.1,210.0
TOYOTA,CAMRY,MID_SIZE,3.5,6.0,CVT,휘발유,9.3,13.5,215.0
TOYOTA,CAMRY_HYBRID,MID_SIZE,2.5,4.0,CVT,휘발유,20.4,20.8,113.0
TOYOTA,CAMRY_HYBRID,MID_SIZE,2.5,4.0,CVT,휘발유,18.9,20.0,121.0
TOYOTA,C-HR,COMPACT,2.0,4.0,CVT,휘발유,11.5,13.3,189.0
TOYOTA,COROLLA,MID_SIZE,1.8,4.0,CVT,휘발유,12.0,15.4,174.0
TOYOTA,COROLLA,MID_SIZE,1.8,4.0,CVT,휘발유,12.0,14.9,178.0
TOYOTA,COROLLA_ECO,MID_SIZE,1.8,4.0,CVT,휘발유,12.8,16.9,163.0
TOYOTA,COROLLA_ECO,MID_SIZE,1.8,4.0,CVT,휘발유,12.5,15.9,168.0
TOYOTA,COROLLA,MID_SIZE,1.8,4.0,CVT,휘발유,12.0,15.4,176.0
TOYOTA,HIGHLANDER,SUV ,3.5,6.0,CVT,휘발유,8.5,11.5,243.0
TOYOTA,HIGHLANDER,SUV ,3.5,6.0,CVT,휘발유,8.3,11.1,251.0
TOYOTA,HIGHLANDER,SUV ,3.5,6.0,CVT,휘발유,8.3,11.2,247.0
TOYOTA,HIGHLANDER,SUV ,3.5,6.0,CVT,휘발유,8.5,11.4,242.0
TOYOTA,HIGHLANDER_HYBRID,SUV ,3.5,6.0,CVT,휘발유,12.3,11.8,193.0
TOYOTA,PRIUS,MID_SIZE,1.8,4.0,CVT,휘발유,23.3,21.7,105.0
TOYOTA,PRIUS,COMPACT,1.5,4.0,CVT,휘발유,20.4,18.2,120.0
TOYOTA,PRIUS,STATION WAGON ,1.8,4.0,CVT,휘발유,18.2,16.7,135.0
TOYOTA,RAV4,SUV ,2.5,4.0,CVT,휘발유,10.0,12.8,210.0
TOYOTA,RAV4,SUV ,2.5,4.0,CVT,휘발유,9.5,12.0,222.0
TOYOTA,RAV4,SUV ,2.5,4.0,CVT,휘발유,9.3,11.9,226.0
TOYOTA,RAV4_HYBRID,SUV ,2.5,4.0,CVT,휘발유,14.5,12.8,171.0
TOYOTA,SEQUOIA,SUV ,5.7,8.0,CVT,휘발유,5.4,7.2,384.0
TOYOTA,SIENNA,MINIVAN,3.5,6.0,CVT,휘발유,8.0,11.2,256.0
TOYOTA,SIENNA,MINIVAN,3.5,6.0,CVT,휘발유,7.5,10.4,274.0
TOYOTA,TACOMA,PICKUP TRUCK ,2.7,4.0,CVT,휘발유,8.3,9.9,263.0
TOYOTA,TACOMA,PICKUP TRUCK ,3.5,6.0,CVT,휘발유,7.9,10.0,268.0
TOYOTA,TACOMA,PICKUP TRUCK ,2.7,4.0,CVT,휘발유,7.9,9.4,274.0
TOYOTA,TACOMA,PICKUP TRUCK ,3.5,6.0,CVT,휘발유,7.6,9.3,283.0
TOYOTA,TUNDRA,PICKUP TRUCK ,5.7,8.0,CVT,휘발유,5.6,7.4,371.0
TOYOTA,TUNDRA,PICKUP TRUCK ,4.6,8.0,CVT,휘발유,6.0,7.6,354.0
TOYOTA,TUNDRA,PICKUP TRUCK ,5.7,8.0,CVT,휘발유,5.6,7.0,383.0
TOYOTA,YARIS,COMPACT,1.5,4.0,CVT,휘발유,13.7,17.2,155.0
TOYOTA,4RUNNER,SUV ,4.0,6.0,CVT,휘발유,7.0,8.4,308.0
TOYOTA,4RUNNER,SUV ,4.0,6.0,CVT,휘발유,7.0,8.4,308.0
TOYOTA,86,MINICOMPACT,2.0,4.0,CVT,고급유,10.1,13.7,204.0
TOYOTA,AVALON,MID_SIZE,3.5,6.0,CVT,휘발유,9.2,13.2,220.0
TOYOTA,CAMRY,MID_SIZE,2.5,4.0,CVT,휘발유,12.3,17.5,164.0
TOYOTA,CAMRY,MID_SIZE,2.5,4.0,CVT,휘발유,11.9,16.4,173.0
TOYOTA,CAMRY,MID_SIZE,2.5,4.0,CVT,휘발유,11.8,16.1,175.0
TOYOTA,CAMRY,MID_SIZE,3.5,6.0,CVT,휘발유,9.5,14.1,210.0
TOYOTA,CAMRY,MID_SIZE,3.5,6.0,CVT,휘발유,9.3,13.5,215.0
TOYOTA,CAMRY_HYBRID,MID_SIZE,2.5,4.0,CVT,휘발유,20.4,20.8,113.0
TOYOTA,CAMRY_HYBRID,MID_SIZE,2.5,4.0,CVT,휘발유,18.9,20.0,121.0
TOYOTA,C-HR,COMPACT,2.0,4.0,CVT,휘발유,11.5,13.3,189.0
TOYOTA,COROLLA,MID_SIZE,1.8,4.0,CVT,휘발유,12.0,15.4,174.0
TOYOTA,COROLLA,MID_SIZE,1.8,4.0,CVT,휘발유,12.0,14.9,178.0
TOYOTA,COROLLA_ECO,MID_SIZE,1.8,4.0,CVT,휘발유,12.8,16.9,163.0
TOYOTA,COROLLA,COMPACT,2.0,4.0,CVT,휘발유,13.3,17.2,157.0
TOYOTA,HIGHLANDER,SUV ,3.5,6.0,CVT,휘발유,8.5,11.5,243.0
TOYOTA,HIGHLANDER,SUV ,3.5,6.0,CVT,휘발유,8.3,11.1,250.0
TOYOTA,HIGHLANDER,SUV ,3.5,6.0,CVT,휘발유,8.3,11.2,248.0
TOYOTA,HIGHLANDER,SUV ,3.5,6.0,CVT,휘발유,8.5,11.4,242.0
TOYOTA,HIGHLANDER_HYBRID,SUV ,3.5,6.0,CVT,휘발유,12.3,11.8,193.0
TOYOTA,PRIUS,MID_SIZE,1.8,4.0,CVT,휘발유,22.7,21.7,105.0
TOYOTA,PRIUS,MID_SIZE,1.8,4.0,CVT,휘발유,22.2,20.4,109.0
TOYOTA,PRIUS,COMPACT,1.5,4.0,CVT,휘발유,20.4,18.2,120.0
TOYOTA,RAV4,SUV ,2.5,4.0,CVT,휘발유,11.4,14.9,183.0
TOYOTA,RAV4,SUV ,2.5,4.0,CVT,휘발유,10.9,14.1,190.0
TOYOTA,RAV4_HYBRID,SUV ,2.5,4.0,CVT,휘발유,17.2,15.9,140.0
TOYOTA,SEQUOIA,SUV ,5.7,8.0,CVT,휘발유,5.4,7.2,384.0
TOYOTA,SIENNA,MINIVAN,3.5,6.0,CVT,휘발유,8.1,11.2,254.0
TOYOTA,SIENNA,MINIVAN,3.5,6.0,CVT,휘발유,7.5,10.4,274.0
TOYOTA,TACOMA,PICKUP TRUCK ,2.7,4.0,CVT,휘발유,8.3,9.9,263.0
TOYOTA,TACOMA,PICKUP TRUCK ,2.7,4.0,CVT,휘발유,7.9,9.4,274.0
TOYOTA,TACOMA,PICKUP TRUCK ,3.5,6.0,CVT,휘발유,7.7,9.5,278.0
TOYOTA,TUNDRA,PICKUP TRUCK ,5.7,8.0,CVT,휘발유,5.6,7.4,371.0
TOYOTA,TUNDRA,PICKUP TRUCK ,4.6,8.0,CVT,휘발유,6.0,7.6,354.0
TOYOTA,TUNDRA,PICKUP TRUCK ,5.7,8.0,CVT,휘발유,5.6,7.1,382.0
TOYOTA,YARIS,COMPACT,1.5,4.0,CVT,휘발유,13.7,17.2,155.0
TOYOTA,4RUNNER,SUV ,4.0,6.0,CVT,휘발유,6.8,8.0,321.0
TOYOTA,4RUNNER,SUV ,4.0,6.0,CVT,휘발유,6.8,8.0,321.0
TOYOTA,86,MINICOMPACT,2.0,4.0,CVT,고급유,10.1,13.7,204.0
TOYOTA,AVALON,MID_SIZE,3.5,6.0,CVT,휘발유,9.2,13.2,220.0
TOYOTA,C-HR,COMPACT,2.0,4.0,CVT,휘발유,11.5,13.3,189.0
TOYOTA,CAMRY,MID_SIZE,2.5,4.0,CVT,휘발유,12.3,17.5,164.0
TOYOTA,CAMRY,MID_SIZE,2.5,4.0,CVT,휘발유,11.8,16.4,173.0
TOYOTA,CAMRY,MID_SIZE,2.5,4.0,CVT,휘발유,11.6,15.9,177.0
TOYOTA,CAMRY,MID_SIZE,3.5,6.0,CVT,휘발유,9.5,14.1,210.0
TOYOTA,CAMRY,MID_SIZE,3.5,6.0,CVT,휘발유,9.3,13.5,215.0
TOYOTA,CAMRY,MID_SIZE,3.5,6.0,CVT,휘발유,9.3,13.2,220.0
TOYOTA,CAMRY,MID_SIZE,2.5,4.0,CVT,휘발유,10.8,14.7,190.0
TOYOTA,CAMRY,MID_SIZE,2.5,4.0,CVT,휘발유,10.5,14.3,197.0
TOYOTA,CAMRY_HYBRID,MID_SIZE,2.5,4.0,CVT,휘발유,20.4,20.8,113.0
TOYOTA,CAMRY_HYBRID,MID_SIZE,2.5,4.0,CVT,휘발유,18.9,20.0,121.0
TOYOTA,COROLLA,COMPACT,1.8,4.0,CVT,휘발유,12.7,16.4,165.0
TOYOTA,COROLLA,COMPACT,1.8,4.0,CVT,휘발유,12.3,15.9,170.0
TOYOTA,COROLLA,COMPACT,2.0,4.0,CVT,휘발유,13.2,17.2,158.0
TOYOTA,COROLLA,COMPACT,2.0,4.0,CVT,휘발유,13.0,16.4,164.0
TOYOTA,COROLLA,COMPACT,2.0,4.0,CVT,휘발유,13.3,17.2,158.0
TOYOTA,COROLLA_HYBRID,COMPACT,1.8,4.0,CVT,휘발유,22.7,22.2,106.0
TOYOTA,GR,TWO_SEATER,3.0,6.0,CVT,고급유,10.1,13.0,208.0
TOYOTA,HIGHLANDER,SUV ,3.5,6.0,CVT,휘발유,8.4,12.0,240.0
TOYOTA,HIGHLANDER,SUV ,3.5,6.0,CVT,휘발유,8.5,11.6,240.0
TOYOTA,HIGHLANDER_HYBRID,SUV ,2.5,4.0,CVT,휘발유,14.9,14.7,158.0
TOYOTA,HIGHLANDER_HYBRID,SUV ,2.5,4.0,CVT,휘발유,15.2,14.7,156.0
TOYOTA,PRIUS,MID_SIZE,1.8,4.0,CVT,휘발유,22.7,21.3,106.0
TOYOTA,PRIUS,MID_SIZE,1.8,4.0,CVT,휘발유,22.2,20.4,109.0
TOYOTA,PRIUS,COMPACT,1.5,4.0,CVT,휘발유,20.4,18.2,120.0
TOYOTA,RAV4,SUV ,2.5,4.0,CVT,휘발유,11.4,14.7,184.0
TOYOTA,RAV4,SUV ,2.5,4.0,CVT,휘발유,10.9,14.1,194.0
TOYOTA,RAV4,SUV ,2.5,4.0,CVT,휘발유,10.5,13.3,200.0
TOYOTA,RAV4_HYBRID,SUV ,2.5,4.0,CVT,휘발유,17.5,15.9,139.0
TOYOTA,SEQUOIA,SUV ,5.7,8.0,CVT,휘발유,5.4,7.2,385.0
TOYOTA,SIENNA,MINIVAN,3.5,6.0,CVT,휘발유,7.9,11.0,259.0
TOYOTA,SIENNA,MINIVAN,3.5,6.0,CVT,휘발유,7.5,10.4,274.0
TOYOTA,TACOMA,PICKUP TRUCK ,2.7,4.0,CVT,휘발유,8.3,9.9,263.0
TOYOTA,TACOMA,PICKUP TRUCK ,2.7,4.0,CVT,휘발유,7.9,9.4,274.0
TOYOTA,TACOMA,PICKUP TRUCK ,3.5,6.0,CVT,휘발유,7.7,9.5,278.0
TOYOTA,TUNDRA,PICKUP TRUCK ,5.7,8.0,CVT,휘발유,5.6,7.4,371.0
TOYOTA,TUNDRA,PICKUP TRUCK ,5.7,8.0,CVT,휘발유,5.6,7.0,381.0
TOYOTA,YARIS,COMPACT,1.5,4.0,CVT,휘발유,13.7,16.9,155.0
VOLKSWAGEN,TOUAREG,SUV ,3.6,6.0,CVT,고급유,6.9,9.6,296.0
VOLKSWAGEN,TOUAREG_TDI,SUV ,3.0,6.0,CVT,경유,8.5,12.3,277.0
VOLKSWAGEN,BEETLE,COMPACT,1.8,4.0,CVT,휘발유,10.4,13.9,196.0
VOLKSWAGEN,BEETLE,SUBCOMPACT,1.8,4.0,CVT,휘발유,10.2,13.7,200.0
VOLKSWAGEN,CC,COMPACT,3.6,6.0,CVT,고급유,7.2,10.8,271.0
VOLKSWAGEN,GOLF,COMPACT,1.8,4.0,CVT,휘발유,10.8,15.4,186.0
VOLKSWAGEN,GOLF,STATION WAGON ,1.8,4.0,CVT,휘발유,10.6,14.7,193.0
VOLKSWAGEN,JETTA,COMPACT,1.8,4.0,CVT,휘발유,10.8,15.9,182.0
VOLKSWAGEN,JETTA,COMPACT,2.0,4.0,CVT,휘발유,9.6,14.3,205.0
VOLKSWAGEN,PASSAT,MID_SIZE,1.8,4.0,CVT,휘발유,10.3,15.2,191.0
VOLKSWAGEN,TIGUAN,SUV ,2.0,4.0,CVT,고급유,8.7,10.8,242.0
VOLKSWAGEN,TIGUAN,SUV ,2.0,4.0,CVT,고급유,8.5,10.6,246.0
VOLKSWAGEN,TOUAREG,SUV ,3.6,6.0,CVT,고급유,7.1,9.6,292.0
VOLKSWAGEN,TOUAREG_TDI,SUV ,3.0,6.0,CVT,경유,8.5,12.3,277.0
VOLKSWAGEN,BEETLE,COMPACT,1.8,4.0,CVT,휘발유,10.4,14.3,196.0
VOLKSWAGEN,BEETLE,SUBCOMPACT,1.8,4.0,CVT,휘발유,10.4,14.3,196.0
VOLKSWAGEN,BEETLE,COMPACT,1.8,4.0,CVT,휘발유,10.3,13.3,203.0
VOLKSWAGEN,GOLF,COMPACT,1.8,4.0,CVT,휘발유,10.8,15.4,189.0
VOLKSWAGEN,GOLF,STATION WAGON ,1.8,4.0,CVT,휘발유,10.6,14.7,193.0
VOLKSWAGEN,JETTA,COMPACT,1.4,4.0,CVT,휘발유,11.8,16.7,173.0
VOLKSWAGEN,JETTA,COMPACT,1.8,4.0,CVT,휘발유,10.9,15.6,186.0
VOLKSWAGEN,PASSAT,MID_SIZE,1.8,4.0,CVT,휘발유,10.6,15.9,187.0
VOLKSWAGEN,TIGUAN,SUV ,2.0,4.0,CVT,고급유,8.5,10.5,251.0
VOLKSWAGEN,TIGUAN,SUV ,2.0,4.0,CVT,고급유,8.6,10.8,248.0
VOLKSWAGEN,TOUAREG,SUV ,3.6,6.0,CVT,휘발유,7.1,9.6,292.0
VOLKSWAGEN,TOUAREG_TDI,SUV ,3.0,6.0,CVT,경유,8.9,11.9,270.0
VOLKSWAGEN,BEETLE,COMPACT,1.8,4.0,CVT,휘발유,10.3,13.9,199.0
VOLKSWAGEN,BEETLE,COMPACT,1.8,4.0,CVT,휘발유,10.4,13.3,201.0
VOLKSWAGEN,BEETLE,SUBCOMPACT,1.8,4.0,CVT,휘발유,10.3,13.9,199.0
VOLKSWAGEN,CC,COMPACT,3.6,6.0,CVT,휘발유,7.2,10.8,277.0
VOLKSWAGEN,GOLF,COMPACT,1.8,4.0,CVT,휘발유,10.6,14.9,192.0
VOLKSWAGEN,GOLF,STATION WAGON ,1.8,4.0,CVT,휘발유,10.8,14.5,192.0
VOLKSWAGEN,JETTA,COMPACT,1.4,4.0,CVT,휘발유,11.8,16.1,175.0
VOLKSWAGEN,JETTA,COMPACT,2.0,4.0,CVT,휘발유,10.2,13.5,205.0
VOLKSWAGEN,PASSAT,MID_SIZE,1.8,4.0,CVT,휘발유,9.9,14.3,204.0
VOLKSWAGEN,TIGUAN,SUV ,2.0,4.0,CVT,고급유,8.5,10.4,256.0
VOLKSWAGEN,TIGUAN,SUV ,2.0,4.0,CVT,고급유,8.3,10.0,263.0
VOLKSWAGEN,TOUAREG,SUV ,3.6,6.0,CVT,휘발유,7.2,9.6,287.0
VOLKSWAGEN,ATLAS,SUV ,2.0,4.0,CVT,휘발유,9.3,11.2,233.0
VOLKSWAGEN,ATLAS,SUV ,3.6,6.0,CVT,휘발유,7.3,9.9,282.0
VOLKSWAGEN,BEETLE,COMPACT,2.0,4.0,CVT,휘발유,11.1,13.9,191.0
VOLKSWAGEN,BEETLE,SUBCOMPACT,2.0,4.0,CVT,휘발유,11.1,13.9,191.0
VOLKSWAGEN,BEETLE,COMPACT,2.0,4.0,CVT,휘발유,11.0,14.5,189.0
VOLKSWAGEN,BEETLE,SUBCOMPACT,2.0,4.0,CVT,휘발유,11.0,14.5,189.0
VOLKSWAGEN,GOLF,COMPACT,1.8,4.0,CVT,휘발유,10.4,13.9,199.0
VOLKSWAGEN,GOLF,STATION WAGON ,1.8,4.0,CVT,휘발유,10.4,13.9,199.0
VOLKSWAGEN,PASSAT,MID_SIZE,2.0,4.0,CVT,휘발유,10.8,15.4,188.0
VOLKSWAGEN,TIGUAN,SUV ,2.0,4.0,CVT,휘발유,9.4,11.5,229.0
VOLKSWAGEN,TIGUAN,SUV ,2.0,4.0,CVT,휘발유,8.8,11.4,237.0
VOLKSWAGEN,ARTEON,FULL_SIZE,2.0,4.0,CVT,고급유,8.3,11.6,244.0
VOLKSWAGEN,ATLAS,SUV ,2.0,4.0,CVT,휘발유,8.6,11.0,245.0
VOLKSWAGEN,ATLAS,SUV ,3.6,6.0,CVT,휘발유,7.2,9.8,286.0
VOLKSWAGEN,BEETLE,COMPACT,2.0,4.0,CVT,휘발유,11.1,14.1,191.0
VOLKSWAGEN,BEETLE,SUBCOMPACT,2.0,4.0,CVT,휘발유,11.1,14.1,191.0
VOLKSWAGEN,BEETLE,COMPACT,2.0,4.0,CVT,휘발유,11.0,14.5,189.0
VOLKSWAGEN,BEETLE,SUBCOMPACT,2.0,4.0,CVT,휘발유,11.0,14.5,189.0
VOLKSWAGEN,GOLF,COMPACT,1.4,4.0,CVT,휘발유,12.3,15.6,172.0
VOLKSWAGEN,GOLF,STATION WAGON ,1.4,4.0,CVT,휘발유,11.6,15.4,178.0
VOLKSWAGEN,JETTA,COMPACT,1.4,4.0,CVT,휘발유,12.8,16.9,162.0
VOLKSWAGEN,PASSAT,MID_SIZE,2.0,4.0,CVT,휘발유,10.8,15.4,188.0
VOLKSWAGEN,TIGUAN,SUV ,2.0,4.0,CVT,휘발유,9.3,12.5,221.0
VOLKSWAGEN,TIGUAN,SUV ,2.0,4.0,CVT,휘발유,9.0,12.3,228.0
VOLKSWAGEN,ARTEON,FULL_SIZE,2.0,4.0,CVT,고급유,8.7,12.2,234.0
VOLKSWAGEN,ATLAS,SUV ,2.0,4.0,CVT,휘발유,7.8,9.6,273.0
VOLKSWAGEN,GOLF,COMPACT,1.4,4.0,CVT,휘발유,12.3,15.2,174.0
VOLKSWAGEN,JETTA,COMPACT,1.4,4.0,CVT,휘발유,12.8,16.9,162.0
VOLKSWAGEN,PASSAT,MID_SIZE,2.0,4.0,CVT,휘발유,9.8,14.5,205.0
VOLKSWAGEN,TIGUAN,SUV ,2.0,4.0,CVT,휘발유,9.5,12.3,221.0
VOLKSWAGEN,TIGUAN,SUV ,2.0,4.0,CVT,휘발유,8.7,11.5,241.0
VOLVO,S60,COMPACT,2.5,5.0,CVT,휘발유,8.8,12.8,223.0
VOLVO,S60,COMPACT,2.5,5.0,CVT,휘발유,8.6,12.0,232.0
VOLVO,S60,COMPACT,3.0,6.0,CVT,휘발유,7.6,10.5,264.0
VOLVO,S80,MID_SIZE,3.2,6.0,CVT,휘발유,8.4,12.3,235.0
VOLVO,S80,MID_SIZE,3.0,6.0,CVT,휘발유,7.6,10.5,264.0
VOLVO,XC60,SUV ,3.2,6.0,CVT,휘발유,7.7,11.2,258.0
VOLVO,XC60,SUV ,3.0,6.0,CVT,휘발유,7.5,10.2,271.0
VOLVO,XC60,SUV ,3.2,6.0,CVT,휘발유,7.6,10.5,264.0
VOLVO,XC70,SUV ,3.0,6.0,CVT,휘발유,7.5,10.2,271.0
VOLVO,XC70,SUV ,3.2,6.0,CVT,휘발유,7.8,10.8,260.0
VOLVO,XC90,SUV ,3.2,6.0,CVT,휘발유,6.7,9.8,294.0
VOLVO,S60,COMPACT,3.0,6.0,CVT,휘발유,7.8,11.2,253.0
VOLVO,S60,COMPACT,2.0,4.0,CVT,휘발유,10.2,15.2,193.0
VOLVO,S60,COMPACT,2.5,5.0,CVT,휘발유,8.6,12.2,232.0
VOLVO,S60,COMPACT,2.0,4.0,CVT,고급유,9.9,13.7,205.0
VOLVO,S60,COMPACT,3.0,6.0,CVT,휘발유,7.8,11.1,258.0
VOLVO,S80,MID_SIZE,2.0,4.0,CVT,휘발유,10.2,15.2,193.0
VOLVO,S80,MID_SIZE,3.0,6.0,CVT,휘발유,7.8,11.1,258.0
VOLVO,V60,SUV ,2.0,4.0,CVT,휘발유,10.2,13.2,202.0
VOLVO,V60,SUV ,2.5,5.0,CVT,휘발유,8.5,11.8,237.0
VOLVO,V60,STATION WAGON ,3.0,6.0,CVT,휘발유,7.8,11.2,253.0
VOLVO,V60,STATION WAGON ,2.0,4.0,CVT,휘발유,10.2,15.2,193.0
VOLVO,V60,STATION WAGON ,2.5,5.0,CVT,휘발유,8.6,12.2,232.0
VOLVO,V60,STATION WAGON ,3.0,6.0,CVT,휘발유,7.8,11.1,258.0
VOLVO,XC60,SUV ,3.2,6.0,CVT,휘발유,7.6,10.5,264.0
VOLVO,XC60,SUV ,2.0,4.0,CVT,휘발유,10.2,13.2,202.0
VOLVO,XC60,SUV ,2.5,5.0,CVT,휘발유,7.7,10.6,262.0
VOLVO,XC60,SUV ,2.0,4.0,CVT,고급유,9.3,12.8,216.0
VOLVO,XC60,SUV ,3.0,6.0,CVT,휘발유,7.4,10.1,274.0
VOLVO,XC70,SUV ,3.2,6.0,CVT,휘발유,7.6,11.0,260.0
VOLVO,XC70,SUV ,2.0,4.0,CVT,휘발유,10.2,13.2,202.0
VOLVO,XC70,SUV ,3.0,6.0,CVT,휘발유,7.4,10.1,274.0
VOLVO,S60,COMPACT,2.5,5.0,CVT,휘발유,8.5,11.6,239.0
VOLVO,S60,COMPACT,2.0,4.0,CVT,휘발유,10.4,14.9,193.0
VOLVO,S60,COMPACT,2.5,5.0,CVT,휘발유,8.6,12.2,233.0
VOLVO,S60,COMPACT,2.0,4.0,CVT,휘발유,10.4,14.9,193.0
VOLVO,S60,COMPACT,2.5,5.0,CVT,휘발유,8.6,12.2,233.0
VOLVO,S60,COMPACT,2.0,4.0,CVT,고급유,9.4,13.0,218.0
VOLVO,S60,COMPACT,2.0,4.0,CVT,고급유,8.8,12.2,231.0
VOLVO,S60,COMPACT,3.0,6.0,CVT,휘발유,7.7,11.1,259.0
VOLVO,S60,COMPACT,3.0,6.0,CVT,휘발유,7.7,11.1,259.0
VOLVO,S80,MID_SIZE,2.0,4.0,CVT,휘발유,10.4,14.9,193.0
VOLVO,V60,STATION WAGON ,2.5,5.0,CVT,휘발유,8.5,11.6,239.0
VOLVO,V60,STATION WAGON ,2.0,4.0,CVT,휘발유,10.4,14.9,193.0
VOLVO,V60,STATION WAGON ,2.5,5.0,CVT,휘발유,8.6,12.2,233.0
VOLVO,V60,STATION WAGON ,2.0,4.0,CVT,고급유,8.8,12.2,231.0
VOLVO,V60,STATION WAGON ,3.0,6.0,CVT,휘발유,7.7,11.1,259.0
VOLVO,V60,STATION WAGON ,3.0,6.0,CVT,휘발유,7.7,11.1,259.0
VOLVO,XC60,SUV ,2.0,4.0,CVT,휘발유,9.7,13.2,213.0
VOLVO,XC60,SUV ,2.5,5.0,CVT,휘발유,8.0,10.9,254.0
VOLVO,XC60,SUV ,2.0,4.0,CVT,고급유,9.1,12.3,226.0
VOLVO,XC60,SUV ,2.0,4.0,CVT,고급유,8.5,11.0,247.0
VOLVO,XC60,SUV ,3.0,6.0,CVT,휘발유,7.3,9.9,276.0
VOLVO,XC70,SUV ,2.0,4.0,CVT,휘발유,9.7,13.2,213.0
VOLVO,XC70,SUV ,2.5,5.0,CVT,휘발유,8.0,10.9,254.0
VOLVO,XC90,SUV ,2.0,4.0,CVT,고급유,9.4,11.0,232.0
VOLVO,XC90,SUV ,2.0,4.0,CVT,고급유,9.3,10.5,239.0
VOLVO,XC90,SUV ,2.0,4.0,CVT,고급유,8.7,10.5,247.0
VOLVO,S60,COMPACT,2.0,4.0,CVT,휘발유,10.4,14.3,198.0
VOLVO,S60,COMPACT,2.0,4.0,CVT,휘발유,9.3,12.8,219.0
VOLVO,S60,COMPACT,2.0,4.0,CVT,휘발유,10.4,14.3,198.0
VOLVO,S60,COMPACT,2.0,4.0,CVT,휘발유,9.3,12.8,219.0
VOLVO,S60,COMPACT,2.0,4.0,CVT,고급유,9.2,13.0,221.0
VOLVO,S60,COMPACT,2.0,4.0,CVT,고급유,8.5,11.8,241.0
VOLVO,S60,COMPACT,2.0,4.0,CVT,휘발유,9.3,12.8,220.0
VOLVO,S90,MID_SIZE,2.0,4.0,CVT,고급유,9.9,14.3,204.0
VOLVO,S90,MID_SIZE,2.0,4.0,CVT,고급유,9.3,13.2,219.0
VOLVO,V60,STATION WAGON ,2.0,4.0,CVT,휘발유,10.4,14.3,198.0
VOLVO,V60,STATION WAGON ,2.0,4.0,CVT,휘발유,9.3,12.8,219.0
VOLVO,V60,STATION WAGON ,2.0,4.0,CVT,고급유,9.2,13.0,221.0
VOLVO,V60,STATION WAGON ,2.0,4.0,CVT,고급유,8.5,11.8,241.0
VOLVO,V60,STATION WAGON ,2.0,4.0,CVT,휘발유,9.3,12.8,220.0
VOLVO,V90,STATION WAGON ,2.0,4.0,CVT,고급유,9.9,14.3,204.0
VOLVO,V90,STATION WAGON ,2.0,4.0,CVT,고급유,9.3,13.2,219.0
VOLVO,V90,STATION WAGON ,2.0,4.0,CVT,고급유,9.3,12.7,221.0
VOLVO,XC60,SUV ,2.0,4.0,CVT,휘발유,9.6,12.8,216.0
VOLVO,XC60,SUV ,2.0,4.0,CVT,휘발유,8.8,11.9,233.0
VOLVO,XC60,SUV ,2.0,4.0,CVT,고급유,8.5,11.5,244.0
VOLVO,XC90,SUV ,2.0,4.0,CVT,고급유,9.4,11.0,232.0
VOLVO,XC90,SUV ,2.0,4.0,CVT,고급유,9.3,10.5,239.0
VOLVO,XC90,SUV ,2.0,4.0,CVT,고급유,8.7,10.4,249.0
VOLVO,S60,COMPACT,2.0,4.0,CVT,휘발유,9.1,12.3,226.0
VOLVO,S60,COMPACT,2.0,4.0,CVT,고급유,9.2,13.0,221.0
VOLVO,S60,COMPACT,2.0,4.0,CVT,고급유,8.5,11.8,241.0
VOLVO,S60,COMPACT,2.0,4.0,CVT,휘발유,9.3,12.8,220.0
VOLVO,S90,MID_SIZE,2.0,4.0,CVT,고급유,9.9,13.5,206.0
VOLVO,S90,MID_SIZE,2.0,4.0,CVT,고급유,9.4,13.2,216.0
VOLVO,V60,STATION WAGON ,2.0,4.0,CVT,휘발유,9.1,12.3,226.0
VOLVO,V60,STATION WAGON ,2.0,4.0,CVT,고급유,9.2,13.0,221.0
VOLVO,V60,STATION WAGON ,2.0,4.0,CVT,고급유,8.5,11.8,241.0
VOLVO,V60,STATION WAGON ,2.0,4.0,CVT,휘발유,9.3,12.8,220.0
VOLVO,V90,STATION WAGON ,2.0,4.0,CVT,고급유,9.4,13.2,216.0
VOLVO,V90,STATION WAGON ,2.0,4.0,CVT,고급유,9.6,13.0,214.0
VOLVO,V90,STATION WAGON ,2.0,4.0,CVT,고급유,9.2,12.5,224.0
VOLVO,XC60,SUV ,2.0,4.0,CVT,고급유,9.3,11.8,228.0
VOLVO,XC60,SUV ,2.0,4.0,CVT,고급유,8.8,11.5,240.0
VOLVO,XC90,SUV ,2.0,4.0,CVT,고급유,9.2,12.0,227.0
VOLVO,XC90,SUV ,2.0,4.0,CVT,고급유,8.7,11.4,240.0
VOLVO,S60,COMPACT,2.0,4.0,CVT,고급유,10.1,15.2,197.0
VOLVO,S60,COMPACT,2.0,4.0,CVT,고급유,9.0,13.7,218.0
VOLVO,S90,MID_SIZE,2.0,4.0,CVT,고급유,9.4,13.5,215.0
VOLVO,S90,MID_SIZE,2.0,4.0,CVT,고급유,9.0,13.7,219.0
VOLVO,V60,STATION WAGON ,2.0,4.0,CVT,고급유,10.1,15.2,197.0
VOLVO,V60,STATION WAGON ,2.0,4.0,CVT,고급유,9.0,13.7,219.0
VOLVO,V60,STATION WAGON ,2.0,4.0,CVT,고급유,9.3,13.2,218.0
VOLVO,V90,STATION WAGON ,2.0,4.0,CVT,고급유,9.0,13.7,219.0
VOLVO,V90,STATION WAGON ,2.0,4.0,CVT,고급유,8.6,12.3,233.0
VOLVO,XC40,SUV ,2.0,4.0,CVT,고급유,9.7,13.3,211.0
VOLVO,XC60,SUV ,2.0,4.0,CVT,고급유,8.8,11.8,233.0
VOLVO,XC60,SUV ,2.0,4.0,CVT,고급유,8.5,11.6,242.0
VOLVO,XC90,SUV ,2.0,4.0,CVT,고급유,8.8,11.8,233.0
VOLVO,XC90,SUV ,2.0,4.0,CVT,고급유,8.3,11.2,250.0
VOLVO,S60,COMPACT,2.0,4.0,CVT,고급유,9.5,14.1,208.0
VOLVO,S60,COMPACT,2.0,4.0,CVT,고급유,9.1,13.5,219.0
VOLVO,S90,MID_SIZE,2.0,4.0,CVT,고급유,8.8,13.3,223.0
VOLVO,V60,STATION WAGON ,2.0,4.0,CVT,고급유,9.5,14.1,208.0
VOLVO,V60,STATION WAGON ,2.0,4.0,CVT,고급유,9.1,13.5,219.0
VOLVO,V60,STATION WAGON ,2.0,4.0,CVT,고급유,9.3,13.0,220.0
VOLVO,XC40,SUV ,2.0,4.0,CVT,휘발유,9.8,13.3,210.0
VOLVO,XC40,SUV ,2.0,4.0,CVT,고급유,9.3,13.0,219.0
VOLVO,XC60,SUV ,2.0,4.0,CVT,고급유,8.9,12.0,232.0
VOLVO,XC60,SUV ,2.0,4.0,CVT,고급유,8.5,11.6,240.0
VOLVO,XC90,SUV ,2.0,4.0,CVT,고급유,8.9,12.0,232.0
VOLVO,XC90,SUV ,2.0,4.0,CVT,고급유,8.2,11.5,248.0
