메이커,모델,스펙,배기량,기통,변속기,연료,CITY연비,HWY연비,CO2배출량
AUDI,R8,TWO_SEATER,4.2,8.0,AT,고급유,5.7,9.1,336.0
AUDI,R8,TWO_SEATER,5.2,10.0,AT,고급유,5.5,9.4,347.0
AUDI,R8,TWO_SEATER,4.2,8.0,AT,고급유,5.7,9.1,336.0
AUDI,R8,TWO_SEATER,5.2,10.0,AT,고급유,,9.4,347.0
AUDI,RS,SUBCOMPACT,4.2,8.0,AT,고급유,6.5,9.2,306.0
AUDI,RS,SUBCOMPACT,4.2,8.0,AT,고급유,6.6,8.8,308.0
AUDI,S4,COMPACT,3.0,6.0,AT,고급유,7.6,10.9,262.0
AUDI,S5,SUBCOMPACT,3.0,6.0,AT,고급유,7.6,10.9,262.0
AUDI,S5,SUBCOMPACT,3.0,6.0,AT,고급유,7.5,10.5,267.0
AUDI,S6,MID_SIZE,4.0,8.0,AT,고급유,7.0,10.3,281.0
AUDI,S7,MID_SIZE,4.0,8.0,AT,고급유,7.0,10.3,281.0
AUDI,TT,SUBCOMPACT,2.0,4.0,AT,고급유,9.6,13.2,209.0
AUDI,TT,TWO_SEATER,2.0,4.0,AT,고급유,9.6,13.2,209.0
AUDI,TTS,SUBCOMPACT,2.0,4.0,AT,고급유,8.7,11.4,237.0
AUDI,TTS,TWO_SEATER,2.0,4.0,AT,고급유,8.7,11.4,237.0
AUDI,A3,SUBCOMPACT,1.8,4.0,AT,고급유,10.0,14.1,200.0
AUDI,A3_TDI,SUBCOMPACT,2.0,4.0,AT,경유,13.2,18.2,177.0
AUDI,A3,SUBCOMPACT,2.0,4.0,AT,고급유,10.2,13.9,198.0
AUDI,A3,SUBCOMPACT,2.0,4.0,AT,고급유,9.9,13.3,205.0
AUDI,R8,TWO_SEATER,4.2,8.0,AT,고급유,5.8,9.6,327.0
AUDI,R8,TWO_SEATER,5.2,10.0,AT,고급유,,9.4,347.0
AUDI,R8,TWO_SEATER,4.2,8.0,AT,고급유,5.8,9.6,327.0
AUDI,R8,TWO_SEATER,5.2,10.0,AT,고급유,,9.4,347.0
AUDI,RS,SUBCOMPACT,4.2,8.0,AT,고급유,6.7,9.9,294.0
AUDI,RS,SUBCOMPACT,4.2,8.0,AT,고급유,6.8,9.4,297.0
AUDI,S3,SUBCOMPACT,2.0,4.0,AT,고급유,9.9,13.0,207.0
AUDI,S4,COMPACT,3.0,6.0,AT,고급유,7.7,11.8,253.0
AUDI,S5,SUBCOMPACT,3.0,6.0,AT,고급유,7.7,11.8,253.0
AUDI,S5,SUBCOMPACT,3.0,6.0,AT,고급유,7.5,11.0,262.0
AUDI,S6,MID_SIZE,4.0,8.0,AT,고급유,7.1,11.5,269.0
AUDI,S7,MID_SIZE,4.0,8.0,AT,고급유,7.1,11.5,269.0
AUDI,TT,SUBCOMPACT,2.0,4.0,AT,고급유,9.6,13.2,209.0
AUDI,TT,TWO_SEATER,2.0,4.0,AT,고급유,9.6,13.0,212.0
AUDI,TTS,SUBCOMPACT,2.0,4.0,AT,고급유,8.5,11.9,235.0
AUDI,TTS,TWO_SEATER,2.0,4.0,AT,고급유,8.5,11.8,235.0
AUDI,A3,SUBCOMPACT,1.8,4.0,AT,휘발유,10.0,14.1,204.0
AUDI,A3,SUBCOMPACT,2.0,4.0,AT,휘발유,10.2,13.9,201.0
AUDI,A3,SUBCOMPACT,2.0,4.0,AT,휘발유,9.9,13.3,208.0
AUDI,S3,SUBCOMPACT,2.0,4.0,AT,고급유,9.9,13.0,211.0
AUDI,S4,COMPACT,3.0,6.0,AT,고급유,7.7,11.8,257.0
AUDI,S5,SUBCOMPACT,3.0,6.0,AT,고급유,7.7,11.8,257.0
AUDI,S5,SUBCOMPACT,3.0,6.0,AT,고급유,7.5,11.0,266.0
AUDI,S6,MID_SIZE,4.0,8.0,AT,고급유,7.5,11.4,263.0
AUDI,S7,MID_SIZE,4.0,8.0,AT,고급유,7.5,11.4,265.0
AUDI,TT,SUBCOMPACT,2.0,4.0,AT,휘발유,9.9,12.8,209.0
AUDI,TT,TWO_SEATER,2.0,4.0,AT,휘발유,9.9,12.8,209.0
AUDI,TTS,SUBCOMPACT,2.0,4.0,AT,고급유,9.7,11.6,222.0
AUDI,A3,SUBCOMPACT,2.0,4.0,AT,휘발유,11.0,14.7,188.0
AUDI,A3,SUBCOMPACT,2.0,4.0,AT,휘발유,10.3,13.3,205.0
AUDI,A3,SUBCOMPACT,2.0,4.0,AT,휘발유,9.3,12.5,223.0
AUDI,A4,COMPACT,2.0,4.0,AT,고급유,11.6,15.6,177.0
AUDI,A4,COMPACT,2.0,4.0,AT,고급유,10.2,13.0,205.0
AUDI,A4,STATION WAGON ,2.0,4.0,AT,고급유,9.8,12.0,217.0
AUDI,R8,TWO_SEATER,5.2,10.0,AT,고급유,6.1,8.9,330.0
AUDI,R8,TWO_SEATER,5.2,10.0,AT,고급유,6.1,8.9,330.0
AUDI,S3,SUBCOMPACT,2.0,4.0,AT,고급유,9.1,11.8,232.0
AUDI,S5,SUBCOMPACT,3.0,6.0,AT,고급유,7.7,11.8,259.0
AUDI,S5,SUBCOMPACT,3.0,6.0,AT,고급유,7.5,11.0,266.0
AUDI,S6,MID_SIZE,4.0,8.0,AT,고급유,7.5,11.4,263.0
AUDI,S7,MID_SIZE,4.0,8.0,AT,고급유,7.5,11.4,265.0
AUDI,TT,SUBCOMPACT,2.0,4.0,AT,휘발유,9.9,12.8,209.0
AUDI,TT,TWO_SEATER,2.0,4.0,AT,휘발유,9.9,12.8,209.0
AUDI,TTS,SUBCOMPACT,2.0,4.0,AT,고급유,9.7,11.6,222.0
AUDI,A3,SUBCOMPACT,2.0,4.0,AT,휘발유,11.0,14.7,188.0
AUDI,A3,SUBCOMPACT,2.0,4.0,AT,휘발유,10.3,13.3,205.0
AUDI,A3,SUBCOMPACT,2.0,4.0,AT,휘발유,9.3,12.5,223.0
AUDI,A4,COMPACT,2.0,4.0,AT,고급유,11.6,15.6,177.0
AUDI,A4,COMPACT,2.0,4.0,AT,고급유,10.0,14.3,203.0
AUDI,A4,STATION WAGON ,2.0,4.0,AT,고급유,9.5,12.7,217.0
AUDI,A5,SUBCOMPACT,2.0,4.0,AT,고급유,10.0,14.3,203.0
AUDI,A5,SUBCOMPACT,2.0,4.0,AT,고급유,10.0,14.3,203.0
AUDI,A5,MID_SIZE,2.0,4.0,AT,고급유,10.0,14.3,203.0
AUDI,R8,TWO_SEATER,5.2,10.0,AT,고급유,6.3,10.5,304.0
AUDI,R8,TWO_SEATER,5.2,10.0,AT,고급유,5.8,8.8,338.0
AUDI,R8,TWO_SEATER,5.2,10.0,AT,고급유,5.8,8.8,338.0
AUDI,RS,SUBCOMPACT,2.5,5.0,AT,고급유,8.1,12.0,248.0
AUDI,RS,SUBCOMPACT,2.9,6.0,AT,고급유,7.8,11.2,260.0
AUDI,S3,SUBCOMPACT,2.0,4.0,AT,고급유,9.4,12.0,223.0
AUDI,S4,COMPACT,3.0,6.0,AT,고급유,8.7,12.5,232.0
AUDI,S5,SUBCOMPACT,3.0,6.0,AT,고급유,8.7,12.5,232.0
AUDI,S5,SUBCOMPACT,3.0,6.0,AT,고급유,8.4,12.3,239.0
AUDI,S5,MID_SIZE,3.0,6.0,AT,고급유,8.7,12.5,232.0
AUDI,S6,MID_SIZE,4.0,8.0,AT,고급유,6.7,10.0,298.0
AUDI,S7,MID_SIZE,4.0,8.0,AT,고급유,6.7,10.0,298.0
AUDI,SQ5,SUV ,3.0,6.0,AT,고급유,7.9,10.0,270.0
AUDI,TT,SUBCOMPACT,2.0,4.0,AT,휘발유,9.9,12.8,209.0
AUDI,TT,TWO_SEATER,2.0,4.0,AT,휘발유,9.9,12.8,209.0
AUDI,TT,SUBCOMPACT,2.5,5.0,AT,고급유,8.1,12.2,245.0
AUDI,TTS,SUBCOMPACT,2.0,4.0,AT,고급유,9.7,11.6,222.0
AUDI,A3,SUBCOMPACT,2.0,4.0,AT,휘발유,11.0,14.7,188.0
AUDI,A3,SUBCOMPACT,2.0,4.0,AT,휘발유,9.2,12.7,225.0
AUDI,A3,SUBCOMPACT,2.0,4.0,AT,휘발유,9.3,12.7,221.0
AUDI,A4,COMPACT,2.0,4.0,AT,고급유,11.6,14.5,182.0
AUDI,A4,COMPACT,2.0,4.0,AT,고급유,10.0,14.3,204.0
AUDI,A4,STATION WAGON ,2.0,4.0,AT,고급유,9.3,12.5,221.0
AUDI,A5,SUBCOMPACT,2.0,4.0,AT,고급유,10.0,14.3,204.0
AUDI,A5,SUBCOMPACT,2.0,4.0,AT,고급유,10.0,14.3,204.0
AUDI,A5,MID_SIZE,2.0,4.0,AT,고급유,10.0,14.3,204.0
AUDI,A6,MID_SIZE,3.0,6.0,AT,고급유,9.3,12.2,224.0
AUDI,A7,MID_SIZE,3.0,6.0,AT,고급유,9.3,12.2,224.0
AUDI,Q5,SUV ,2.0,4.0,AT,고급유,9.2,11.5,230.0
AUDI,RS,SUBCOMPACT,2.5,5.0,AT,고급유,8.1,11.9,247.0
AUDI,S3,SUBCOMPACT,2.0,4.0,AT,고급유,9.3,12.5,222.0
AUDI,TT,SUBCOMPACT,2.0,4.0,AT,휘발유,9.7,13.0,213.0
AUDI,TT,TWO_SEATER,2.0,4.0,AT,휘발유,9.7,13.0,213.0
AUDI,TT,SUBCOMPACT,2.5,5.0,AT,고급유,8.3,12.0,241.0
AUDI,TTS,SUBCOMPACT,2.0,4.0,AT,고급유,9.6,12.2,220.0
AUDI,A3,SUBCOMPACT,2.0,4.0,AT,휘발유,11.4,15.4,182.0
AUDI,A3,SUBCOMPACT,2.0,4.0,AT,휘발유,9.3,12.5,224.0
AUDI,A3,SUBCOMPACT,2.0,4.0,AT,휘발유,9.3,12.5,224.0
AUDI,A4,COMPACT,2.0,4.0,AT,고급유,10.0,13.7,205.0
AUDI,A4,STATION WAGON ,2.0,4.0,AT,고급유,10.0,13.5,206.0
AUDI,A5,SUBCOMPACT,2.0,4.0,AT,고급유,10.0,13.7,205.0
AUDI,A5,SUBCOMPACT,2.0,4.0,AT,고급유,10.0,13.5,206.0
AUDI,A5,MID_SIZE,2.0,4.0,AT,고급유,10.0,13.7,205.0
AUDI,A6,MID_SIZE,2.0,4.0,AT,고급유,10.2,13.5,205.0
AUDI,A6,MID_SIZE,3.0,6.0,AT,고급유,9.2,12.2,226.0
AUDI,A6,MID_SIZE,3.0,6.0,AT,고급유,8.5,11.0,247.0
AUDI,A7,MID_SIZE,3.0,6.0,AT,고급유,9.2,12.2,226.0
AUDI,Q5,SUV ,2.0,4.0,AT,고급유,9.3,11.9,226.0
AUDI,R8,TWO_SEATER,5.2,10.0,AT,고급유,5.7,8.5,347.0
AUDI,R8,TWO_SEATER,5.2,10.0,AT,고급유,5.7,8.5,347.0
AUDI,RS,SUBCOMPACT,2.5,5.0,AT,고급유,8.3,11.9,243.0
AUDI,S3,SUBCOMPACT,2.0,4.0,AT,고급유,9.3,12.5,222.0
AUDI,TT,SUBCOMPACT,2.0,4.0,AT,휘발유,9.7,13.0,213.0
AUDI,TT,TWO_SEATER,2.0,4.0,AT,휘발유,9.7,13.0,213.0
AUDI,TT,SUBCOMPACT,2.5,5.0,AT,고급유,8.3,12.2,241.0
AUDI,TTS,SUBCOMPACT,2.0,4.0,AT,고급유,9.6,12.2,220.0
BMW,320I,COMPACT,2.0,4.0,AT,고급유,10.0,15.4,193.0
BMW,320I,COMPACT,2.0,4.0,AT,고급유,9.8,14.3,202.0
BMW,328D,COMPACT,2.0,4.0,AT,경유,13.2,18.2,181.0
BMW,328D,STATION WAGON ,2.0,4.0,AT,경유,13.2,18.2,181.0
BMW,328I,COMPACT,2.0,4.0,AT,고급유,10.0,15.4,193.0
BMW,328I,COMPACT,2.0,4.0,AT,고급유,9.4,13.9,209.0
BMW,328I,STATION WAGON ,2.0,4.0,AT,고급유,9.4,13.9,209.0
BMW,335I,COMPACT,3.0,6.0,AT,고급유,8.8,13.7,221.0
BMW,335I,COMPACT,3.0,6.0,AT,고급유,8.5,12.8,228.0
BMW,335I,FULL_SIZE,3.0,6.0,AT,고급유,8.4,12.5,232.0
BMW,428I,COMPACT,2.0,4.0,AT,고급유,10.0,15.4,193.0
BMW,428I,COMPACT,2.0,4.0,AT,고급유,9.4,13.9,209.0
BMW,435I,COMPACT,3.0,6.0,AT,고급유,8.8,13.7,221.0
BMW,435I,COMPACT,3.0,6.0,AT,고급유,8.5,12.8,228.0
BMW,528I,MID_SIZE,2.0,4.0,AT,고급유,9.8,14.3,202.0
BMW,528I,MID_SIZE,2.0,4.0,AT,고급유,9.4,13.9,209.0
BMW,535D,MID_SIZE,3.0,6.0,AT,경유,10.9,15.6,213.0
BMW,535I,MID_SIZE,3.0,6.0,AT,고급유,8.4,12.5,232.0
BMW,535I,FULL_SIZE,3.0,6.0,AT,고급유,8.0,11.6,246.0
BMW,550I,MID_SIZE,4.4,8.0,AT,고급유,6.9,10.4,281.0
BMW,550I,FULL_SIZE,4.4,8.0,AT,고급유,6.7,10.2,292.0
BMW,640I,COMPACT,3.0,6.0,AT,고급유,8.4,12.5,232.0
BMW,650I,SUBCOMPACT,4.4,8.0,AT,고급유,6.7,10.2,292.0
BMW,650I,COMPACT,4.4,8.0,AT,고급유,6.9,10.4,281.0
BMW,650I,COMPACT,4.4,8.0,AT,고급유,6.7,10.2,292.0
BMW,740LI,FULL_SIZE,3.0,6.0,AT,고급유,8.0,11.6,246.0
BMW,750I,FULL_SIZE,4.4,8.0,AT,고급유,6.7,10.2,292.0
BMW,750LI,FULL_SIZE,4.4,8.0,AT,고급유,6.7,10.2,292.0
BMW,760LI,FULL_SIZE,6.0,12.0,AT,고급유,5.3,8.7,356.0
BMW,ACTIVEHYBRID,COMPACT,3.0,6.0,AT,고급유,10.9,14.1,191.0
BMW,ACTIVEHYBRID,MID_SIZE,3.0,6.0,AT,고급유,9.5,12.7,214.0
BMW,ACTIVEHYBRID,FULL_SIZE,3.0,6.0,AT,고급유,9.5,13.2,212.0
BMW,ALPINA,FULL_SIZE,4.4,8.0,AT,고급유,6.7,10.2,292.0
BMW,ALPINA,FULL_SIZE,4.4,8.0,AT,고급유,6.7,10.2,292.0
BMW,M5,MID_SIZE,4.4,8.0,AT,고급유,5.8,8.7,338.0
BMW,M6,SUBCOMPACT,4.4,8.0,AT,고급유,5.8,8.7,338.0
BMW,M6,COMPACT,4.4,8.0,AT,고급유,5.8,8.7,338.0
BMW,X1,SUV ,2.0,4.0,AT,고급유,9.4,13.9,209.0
BMW,X1,SUV ,3.0,6.0,AT,고급유,7.6,11.2,260.0
BMW,X3,SUV ,2.0,4.0,AT,고급유,8.9,11.8,230.0
BMW,X3,SUV ,3.0,6.0,AT,고급유,7.9,11.0,253.0
BMW,X5,SUV ,3.0,6.0,AT,고급유,7.8,11.4,255.0
BMW,X5,SUV ,4.4,8.0,AT,고급유,6.1,9.2,320.0
BMW,X6,SUV ,4.4,8.0,AT,고급유,5.5,7.3,370.0
BMW,X6,SUV ,3.0,6.0,AT,고급유,7.4,10.2,274.0
BMW,X6,SUV ,4.4,8.0,AT,고급유,6.1,8.8,324.0
BMW,Z4,TWO_SEATER,2.0,4.0,AT,고급유,9.3,14.1,209.0
BMW,Z4,TWO_SEATER,3.0,6.0,AT,고급유,7.3,9.9,278.0
BMW,Z4,TWO_SEATER,3.0,6.0,AT,고급유,7.3,9.9,278.0
BMW,M3,COMPACT,3.0,6.0,AT,고급유,7.0,10.4,278.0
BMW,M4,SUBCOMPACT,3.0,6.0,AT,고급유,7.1,10.3,278.0
BMW,M4,COMPACT,3.0,6.0,AT,고급유,7.1,10.3,278.0
BMW,M5,MID_SIZE,4.4,8.0,AT,고급유,5.8,8.7,338.0
BMW,M6,SUBCOMPACT,4.4,8.0,AT,고급유,5.8,8.7,338.0
BMW,M6,COMPACT,4.4,8.0,AT,고급유,5.8,8.7,338.0
BMW,M6,COMPACT,4.4,8.0,AT,고급유,5.8,8.7,338.0
BMW,Z4,TWO_SEATER,3.0,6.0,AT,고급유,7.3,10.0,278.0
BMW,Z4,TWO_SEATER,3.0,6.0,AT,고급유,7.3,10.0,278.0
BMW,M2,SUBCOMPACT,3.0,6.0,AT,고급유,8.5,11.4,244.0
BMW,M3,COMPACT,3.0,6.0,AT,고급유,7.1,10.3,284.0
BMW,M4,SUBCOMPACT,3.0,6.0,AT,고급유,7.0,10.4,282.0
BMW,M4,COMPACT,3.0,6.0,AT,고급유,7.1,10.3,284.0
BMW,M5,MID_SIZE,4.4,8.0,AT,고급유,5.8,8.7,344.0
BMW,M6,COMPACT,4.4,8.0,AT,고급유,5.8,8.7,344.0
BMW,M6,SUBCOMPACT,4.4,8.0,AT,고급유,5.8,8.7,344.0
BMW,M6,COMPACT,4.4,8.0,AT,고급유,5.8,8.7,344.0
BMW,Z4,TWO_SEATER,3.0,6.0,AT,고급유,7.3,10.0,282.0
BMW,Z4,TWO_SEATER,3.0,6.0,AT,고급유,7.3,10.0,282.0
BMW,M2,SUBCOMPACT,3.0,6.0,AT,고급유,8.5,11.2,245.0
BMW,M3,COMPACT,3.0,6.0,AT,고급유,7.1,10.3,284.0
BMW,M4,SUBCOMPACT,3.0,6.0,AT,고급유,7.1,10.4,283.0
BMW,M4,COMPACT,3.0,6.0,AT,고급유,7.1,10.3,284.0
BMW,M6,COMPACT,4.4,8.0,AT,고급유,5.8,8.6,343.0
BMW,M6,SUBCOMPACT,4.4,8.0,AT,고급유,5.8,8.6,343.0
BMW,M6,COMPACT,4.4,8.0,AT,고급유,5.8,8.6,343.0
BMW,M2,SUBCOMPACT,3.0,6.0,AT,고급유,8.5,11.2,245.0
BMW,M3,COMPACT,3.0,6.0,AT,고급유,7.4,10.1,280.0
BMW,M4,SUBCOMPACT,3.0,6.0,AT,고급유,6.9,9.5,299.0
BMW,M4,COMPACT,3.0,6.0,AT,고급유,7.4,10.1,280.0
BMW,M6,SUBCOMPACT,4.4,8.0,AT,고급유,5.8,8.6,344.0
BMW,M6,SUBCOMPACT,4.4,8.0,AT,고급유,5.8,8.6,344.0
BMW,M6,COMPACT,4.4,8.0,AT,고급유,5.8,8.6,344.0
BMW,M2,SUBCOMPACT,3.0,6.0,AT,고급유,7.0,9.6,294.0
BMW,M4,SUBCOMPACT,3.0,6.0,AT,고급유,6.9,9.5,299.0
BMW,M4,SUBCOMPACT,3.0,6.0,AT,고급유,6.9,9.5,299.0
BMW,M4,COMPACT,3.0,6.0,AT,고급유,7.0,9.6,294.0
BMW,M4,COMPACT,3.0,6.0,AT,고급유,7.0,9.6,294.0
BMW,M4,COMPACT,3.0,6.0,AT,고급유,7.0,9.6,294.0
BMW,M6,COMPACT,4.4,8.0,AT,고급유,5.8,8.6,344.0
BMW,M2,SUBCOMPACT,3.0,6.0,AT,고급유,7.1,9.7,290.0
BMW,M4,SUBCOMPACT,3.0,6.0,AT,고급유,6.9,9.5,299.0
BMW,M4,SUBCOMPACT,3.0,6.0,AT,고급유,6.9,9.5,299.0
BMW,M4,COMPACT,3.0,6.0,AT,고급유,7.1,9.7,290.0
BMW,M4,COMPACT,3.0,6.0,AT,고급유,7.1,9.7,290.0
BMW,M4,COMPACT,3.0,6.0,AT,고급유,7.1,9.7,290.0
CHEVROLET,CRUZE_ECO,MID_SIZE,1.4,4.0,AT,휘발유,11.0,16.7,177.0
CHEVROLET,EQUINOX,SUV ,2.4,4.0,AT,휘발유,9.5,13.7,209.0
CHEVROLET,EQUINOX,SUV ,3.6,6.0,AT,휘발유,7.2,10.4,276.0
CHEVROLET,EQUINOX,SUV ,2.4,4.0,AT,휘발유,8.7,12.2,230.0
CHEVROLET,EQUINOX,SUV ,3.6,6.0,AT,휘발유,6.8,10.1,290.0
CHEVROLET,EXPRESS,VAN ,4.3,6.0,AT,휘발유,5.8,7.9,347.0
CHEVROLET,EXPRESS,VAN ,5.3,8.0,AT,휘발유,5.6,7.5,366.0
CHEVROLET,EXPRESS,VAN ,5.3,8.0,AT,휘발유,5.5,7.0,380.0
CHEVROLET,EXPRESS,VAN ,5.3,8.0,AT,휘발유,5.4,7.2,380.0
CHEVROLET,EXPRESS,VAN ,5.3,8.0,AT,휘발유,5.5,7.0,380.0
CHEVROLET,EXPRESS,VAN ,5.3,8.0,AT,휘발유,5.4,7.2,380.0
CHEVROLET,EXPRESS,VAN ,5.3,8.0,AT,휘발유,5.5,7.0,380.0
CHEVROLET,EXPRESS,VAN ,4.8,8.0,AT,휘발유,4.7,7.0,414.0
CHEVROLET,EXPRESS,VAN ,6.0,8.0,AT,휘발유,4.6,6.7,432.0
CHEVROLET,EXPRESS,VAN ,4.8,8.0,AT,휘발유,4.7,7.0,419.0
CHEVROLET,EXPRESS,VAN ,6.0,8.0,AT,휘발유,4.5,6.7,435.0
CHEVROLET,SILVERADO,PICKUP TRUCK ,4.3,6.0,AT,휘발유,7.5,10.1,271.0
CHEVROLET,SILVERADO,PICKUP TRUCK ,5.3,8.0,AT,휘발유,6.8,9.7,292.0
CHEVROLET,SILVERADO,PICKUP TRUCK ,6.2,8.0,AT,고급유,6.1,8.8,324.0
CHEVROLET,SILVERADO,PICKUP TRUCK ,4.3,6.0,AT,휘발유,7.0,9.4,290.0
CHEVROLET,SILVERADO,PICKUP TRUCK ,5.3,8.0,AT,휘발유,6.7,9.4,299.0
CHEVROLET,SILVERADO,PICKUP TRUCK ,6.2,8.0,AT,고급유,6.1,8.5,329.0
CHEVROLET,SUBURBAN,SUV ,5.3,8.0,AT,휘발유,6.3,9.0,317.0
CHEVROLET,SUBURBAN,SUV ,5.3,8.0,AT,휘발유,6.3,9.0,317.0
CHEVROLET,TAHOE,SUV ,5.3,8.0,AT,휘발유,6.3,9.0,317.0
CHEVROLET,TAHOE,SUV ,5.3,8.0,AT,휘발유,6.3,9.0,317.0
CHEVROLET,TRAVERSE,SUV ,3.6,6.0,AT,휘발유,7.0,10.1,283.0
CHEVROLET,TRAVERSE,SUV ,3.6,6.0,AT,휘발유,6.8,9.8,290.0
CHEVROLET,COLORADO,PICKUP TRUCK ,2.5,4.0,AT,휘발유,8.4,11.4,242.0
CHEVROLET,COLORADO,PICKUP TRUCK ,3.6,6.0,AT,휘발유,7.7,10.9,260.0
CHEVROLET,COLORADO,PICKUP TRUCK ,2.5,4.0,AT,휘발유,7.9,10.5,260.0
CHEVROLET,COLORADO,PICKUP TRUCK ,3.6,6.0,AT,휘발유,7.4,10.2,271.0
CHEVROLET,CRUZE_ECO,MID_SIZE,1.4,4.0,AT,휘발유,11.1,16.4,177.0
CHEVROLET,EQUINOX,SUV ,2.4,4.0,AT,휘발유,9.5,13.7,209.0
CHEVROLET,EQUINOX,SUV ,2.4,4.0,AT,휘발유,9.5,13.7,209.0
CHEVROLET,EQUINOX,SUV ,3.6,6.0,AT,휘발유,7.0,10.5,278.0
CHEVROLET,EQUINOX,SUV ,2.4,4.0,AT,휘발유,8.7,12.2,230.0
CHEVROLET,EQUINOX,SUV ,2.4,4.0,AT,휘발유,8.7,12.2,230.0
CHEVROLET,EQUINOX,SUV ,3.6,6.0,AT,휘발유,6.8,10.1,290.0
CHEVROLET,EXPRESS,VAN ,4.8,8.0,AT,휘발유,4.8,7.0,414.0
CHEVROLET,EXPRESS,VAN ,6.0,8.0,AT,휘발유,4.5,6.7,432.0
CHEVROLET,EXPRESS,VAN ,6.0,8.0,AT,휘발유,4.5,6.7,432.0
CHEVROLET,EXPRESS,VAN ,4.8,8.0,AT,휘발유,4.7,7.0,416.0
CHEVROLET,EXPRESS,VAN ,6.0,8.0,AT,휘발유,4.5,6.6,437.0
CHEVROLET,EXPRESS,VAN ,6.0,8.0,AT,휘발유,4.5,6.6,437.0
CHEVROLET,SILVERADO,PICKUP TRUCK ,4.3,6.0,AT,휘발유,7.5,10.1,274.0
CHEVROLET,SILVERADO,PICKUP TRUCK ,5.3,8.0,AT,휘발유,6.8,9.7,292.0
CHEVROLET,SILVERADO,PICKUP TRUCK ,6.2,8.0,AT,고급유,6.2,8.8,322.0
CHEVROLET,SILVERADO,PICKUP TRUCK ,4.3,6.0,AT,휘발유,7.1,9.4,288.0
CHEVROLET,SILVERADO,PICKUP TRUCK ,5.3,8.0,AT,휘발유,6.7,9.3,299.0
CHEVROLET,SILVERADO,PICKUP TRUCK ,6.2,8.0,AT,고급유,6.1,8.6,327.0
CHEVROLET,SUBURBAN,SUV ,5.3,8.0,AT,휘발유,6.7,9.9,292.0
CHEVROLET,SUBURBAN,SUV ,5.3,8.0,AT,휘발유,6.5,9.3,306.0
CHEVROLET,TAHOE,SUV ,5.3,8.0,AT,휘발유,6.7,9.9,292.0
CHEVROLET,TAHOE,SUV ,5.3,8.0,AT,휘발유,6.6,9.6,299.0
CHEVROLET,TRAVERSE,SUV ,3.6,6.0,AT,휘발유,7.0,10.1,283.0
CHEVROLET,TRAVERSE,SUV ,3.6,6.0,AT,휘발유,6.8,9.8,290.0
CHEVROLET,COLORADO,PICKUP TRUCK ,2.5,4.0,AT,휘발유,8.4,11.2,247.0
CHEVROLET,COLORADO,PICKUP TRUCK ,2.8,4.0,AT,경유,9.3,13.0,252.0
CHEVROLET,COLORADO,PICKUP TRUCK ,3.6,6.0,AT,휘발유,7.7,10.9,265.0
CHEVROLET,COLORADO,PICKUP TRUCK ,2.5,4.0,AT,휘발유,7.9,10.4,265.0
CHEVROLET,COLORADO,PICKUP TRUCK ,2.8,4.0,AT,경유,8.3,12.2,277.0
CHEVROLET,COLORADO,PICKUP TRUCK ,3.6,6.0,AT,휘발유,7.4,10.1,279.0
CHEVROLET,CRUZE_ECO,MID_SIZE,1.4,4.0,AT,휘발유,11.1,16.4,181.0
CHEVROLET,EQUINOX,SUV ,2.4,4.0,AT,휘발유,9.5,13.7,214.0
CHEVROLET,EQUINOX,SUV ,3.6,6.0,AT,휘발유,7.0,10.5,285.0
CHEVROLET,EQUINOX,SUV ,2.4,4.0,AT,휘발유,9.5,13.7,214.0
CHEVROLET,EQUINOX,SUV ,2.4,4.0,AT,휘발유,8.7,12.2,235.0
CHEVROLET,EQUINOX,SUV ,3.6,6.0,AT,휘발유,6.7,9.9,300.0
CHEVROLET,EQUINOX,SUV ,2.4,4.0,AT,휘발유,8.7,12.2,235.0
CHEVROLET,EXPRESS,VAN ,6.0,8.0,AT,휘발유,4.5,6.7,441.0
CHEVROLET,EXPRESS,VAN ,6.0,8.0,AT,휘발유,4.3,6.3,465.0
CHEVROLET,MALIBU,MID_SIZE,1.5,4.0,AT,휘발유,11.5,15.9,179.0
CHEVROLET,SILVERADO,PICKUP TRUCK ,5.3,8.0,AT,휘발유,6.8,9.6,298.0
CHEVROLET,SILVERADO,PICKUP TRUCK ,6.2,8.0,AT,고급유,6.2,8.8,328.0
CHEVROLET,SILVERADO,PICKUP TRUCK ,4.3,6.0,AT,휘발유,7.4,10.0,280.0
CHEVROLET,SILVERADO,PICKUP TRUCK ,5.3,8.0,AT,휘발유,6.8,9.6,298.0
CHEVROLET,SILVERADO,PICKUP TRUCK ,5.3,8.0,AT,휘발유,6.7,9.3,307.0
CHEVROLET,SILVERADO,PICKUP TRUCK ,6.2,8.0,AT,고급유,6.1,8.6,332.0
CHEVROLET,SILVERADO,PICKUP TRUCK ,4.3,6.0,AT,휘발유,7.0,9.3,296.0
CHEVROLET,SILVERADO,PICKUP TRUCK ,5.3,8.0,AT,휘발유,6.7,9.3,306.0
CHEVROLET,SILVERADO,PICKUP TRUCK ,5.3,8.0,AT,휘발유,6.9,8.9,304.0
CHEVROLET,SUBURBAN,SUV ,5.3,8.0,AT,휘발유,6.6,9.6,304.0
CHEVROLET,SUBURBAN,SUV ,5.3,8.0,AT,휘발유,6.6,9.6,304.0
CHEVROLET,SUBURBAN,SUV ,5.3,8.0,AT,휘발유,6.5,9.3,312.0
CHEVROLET,SUBURBAN,SUV ,5.3,8.0,AT,휘발유,6.5,9.3,312.0
CHEVROLET,TAHOE,SUV ,5.3,8.0,AT,휘발유,6.6,9.6,304.0
CHEVROLET,TAHOE,SUV ,5.3,8.0,AT,휘발유,6.6,9.6,304.0
CHEVROLET,TAHOE,SUV ,5.3,8.0,AT,휘발유,6.6,9.3,310.0
CHEVROLET,TAHOE,SUV ,5.3,8.0,AT,휘발유,6.6,9.3,310.0
CHEVROLET,TRAVERSE,SUV ,3.6,6.0,AT,휘발유,6.3,9.4,315.0
CHEVROLET,TRAVERSE,SUV ,3.6,6.0,AT,휘발유,6.2,9.3,323.0
CHEVROLET,COLORADO,PICKUP TRUCK ,2.5,4.0,AT,휘발유,8.3,10.9,252.0
CHEVROLET,COLORADO,PICKUP TRUCK ,2.8,4.0,AT,경유,9.3,12.7,255.0
CHEVROLET,COLORADO,PICKUP TRUCK ,3.6,6.0,AT,휘발유,7.5,10.4,274.0
CHEVROLET,COLORADO,PICKUP TRUCK ,2.5,4.0,AT,휘발유,7.9,10.4,263.0
CHEVROLET,COLORADO,PICKUP TRUCK ,2.8,4.0,AT,경유,8.3,11.9,280.0
CHEVROLET,COLORADO,PICKUP TRUCK ,3.6,6.0,AT,휘발유,7.1,10.1,286.0
CHEVROLET,COLORADO,PICKUP TRUCK ,2.8,4.0,AT,경유,8.0,9.3,315.0
CHEVROLET,COLORADO,PICKUP TRUCK ,3.6,6.0,AT,휘발유,6.7,7.7,331.0
CHEVROLET,CRUZE,COMPACT,1.6,4.0,AT,경유,13.2,20.0,172.0
CHEVROLET,EQUINOX,SUV ,2.4,4.0,AT,휘발유,9.1,13.3,221.0
CHEVROLET,EQUINOX,SUV ,2.4,4.0,AT,휘발유,9.1,13.3,221.0
CHEVROLET,EQUINOX,SUV ,3.6,6.0,AT,휘발유,7.1,10.3,285.0
CHEVROLET,EQUINOX,SUV ,2.4,4.0,AT,휘발유,8.7,12.0,237.0
CHEVROLET,EQUINOX,SUV ,2.4,4.0,AT,휘발유,8.7,12.0,237.0
CHEVROLET,EQUINOX,SUV ,3.6,6.0,AT,휘발유,6.7,9.6,304.0
CHEVROLET,EXPRESS,VAN ,6.0,8.0,AT,휘발유,4.6,6.8,438.0
CHEVROLET,EXPRESS,VAN ,6.0,8.0,AT,휘발유,4.5,6.7,445.0
CHEVROLET,MALIBU,MID_SIZE,1.5,4.0,AT,휘발유,11.4,15.4,182.0
CHEVROLET,MALIBU,MID_SIZE,2.0,4.0,AT,고급유,9.3,14.1,212.0
CHEVROLET,SILVERADO,PICKUP TRUCK ,5.3,8.0,AT,휘발유,6.8,9.7,297.0
CHEVROLET,SILVERADO,PICKUP TRUCK ,5.3,8.0,AT,휘발유,6.6,9.3,309.0
CHEVROLET,SILVERADO,PICKUP TRUCK ,6.2,8.0,AT,고급유,6.3,8.9,324.0
CHEVROLET,SILVERADO,PICKUP TRUCK ,4.3,6.0,AT,휘발유,7.5,10.0,279.0
CHEVROLET,SILVERADO,PICKUP TRUCK ,5.3,8.0,AT,휘발유,6.8,9.7,298.0
CHEVROLET,SILVERADO,PICKUP TRUCK ,5.3,8.0,AT,휘발유,6.7,9.3,307.0
CHEVROLET,SILVERADO,PICKUP TRUCK ,5.3,8.0,AT,휘발유,6.3,8.7,327.0
CHEVROLET,SILVERADO,PICKUP TRUCK ,6.2,8.0,AT,고급유,6.3,8.5,330.0
CHEVROLET,SILVERADO,PICKUP TRUCK ,4.3,6.0,AT,휘발유,7.1,9.4,294.0
CHEVROLET,SILVERADO,PICKUP TRUCK ,5.3,8.0,AT,휘발유,6.7,9.3,307.0
CHEVROLET,SILVERADO,PICKUP TRUCK ,5.3,8.0,AT,휘발유,6.9,8.9,303.0
CHEVROLET,SUBURBAN,SUV ,5.3,8.0,AT,휘발유,6.6,9.6,305.0
CHEVROLET,SUBURBAN,SUV ,5.3,8.0,AT,휘발유,6.6,9.6,305.0
CHEVROLET,SUBURBAN,SUV ,5.3,8.0,AT,휘발유,6.5,9.3,312.0
CHEVROLET,SUBURBAN,SUV ,5.3,8.0,AT,휘발유,6.5,9.3,312.0
CHEVROLET,TAHOE,SUV ,5.3,8.0,AT,휘발유,6.6,9.6,305.0
CHEVROLET,TAHOE,SUV ,5.3,8.0,AT,휘발유,6.6,9.6,305.0
CHEVROLET,TAHOE,SUV ,5.3,8.0,AT,휘발유,6.6,9.3,310.0
CHEVROLET,TAHOE,SUV ,5.3,8.0,AT,휘발유,6.6,9.3,310.0
CHEVROLET,TRAVERSE,SUV ,3.6,6.0,AT,휘발유,6.4,9.4,315.0
CHEVROLET,TRAVERSE,SUV ,3.6,6.0,AT,휘발유,6.3,9.2,322.0
CHEVROLET,COLORADO,PICKUP TRUCK ,2.5,4.0,AT,휘발유,8.3,10.9,253.0
CHEVROLET,COLORADO,PICKUP TRUCK ,2.8,4.0,AT,경유,9.3,12.5,257.0
CHEVROLET,COLORADO,PICKUP TRUCK ,3.6,6.0,AT,휘발유,7.5,10.4,274.0
CHEVROLET,COLORADO,PICKUP TRUCK ,2.5,4.0,AT,휘발유,7.9,10.2,266.0
CHEVROLET,COLORADO,PICKUP TRUCK ,2.8,4.0,AT,경유,8.3,12.0,279.0
CHEVROLET,COLORADO,PICKUP TRUCK ,3.6,6.0,AT,휘발유,7.1,10.0,288.0
CHEVROLET,COLORADO,PICKUP TRUCK ,2.8,4.0,AT,경유,8.0,9.3,315.0
CHEVROLET,COLORADO,PICKUP TRUCK ,3.6,6.0,AT,휘발유,6.7,7.7,331.0
CHEVROLET,CRUZE,COMPACT,1.6,4.0,AT,경유,13.0,20.0,175.0
CHEVROLET,CRUZE,MID_SIZE,1.6,4.0,AT,경유,12.8,19.2,178.0
CHEVROLET,EQUINOX,SUV ,1.5,4.0,AT,휘발유,10.9,13.7,195.0
CHEVROLET,EQUINOX,SUV ,1.6,4.0,AT,경유,11.8,16.7,198.0
CHEVROLET,EQUINOX,SUV ,1.5,4.0,AT,휘발유,10.2,12.7,209.0
CHEVROLET,EQUINOX,SUV ,1.6,4.0,AT,경유,11.8,16.4,198.0
CHEVROLET,EQUINOX,SUV ,2.0,4.0,AT,고급유,9.2,12.0,228.0
CHEVROLET,MALIBU,MID_SIZE,1.5,4.0,AT,휘발유,11.4,15.4,181.0
CHEVROLET,MALIBU,MID_SIZE,2.0,4.0,AT,고급유,9.5,13.5,213.0
CHEVROLET,SILVERADO,PICKUP TRUCK ,4.3,6.0,AT,휘발유,7.5,10.0,278.0
CHEVROLET,SILVERADO,PICKUP TRUCK ,5.3,8.0,AT,휘발유,6.8,9.7,298.0
CHEVROLET,SILVERADO,PICKUP TRUCK ,5.3,8.0,AT,휘발유,6.8,9.7,298.0
CHEVROLET,SILVERADO,PICKUP TRUCK ,5.3,8.0,AT,휘발유,6.7,9.2,307.0
CHEVROLET,SILVERADO,PICKUP TRUCK ,6.2,8.0,AT,고급유,6.3,8.9,324.0
CHEVROLET,SILVERADO,PICKUP TRUCK ,5.3,8.0,AT,휘발유,7.5,10.0,278.0
CHEVROLET,SILVERADO,PICKUP TRUCK ,4.3,6.0,AT,휘발유,7.1,9.4,294.0
CHEVROLET,SILVERADO,PICKUP TRUCK ,5.3,8.0,AT,휘발유,6.7,9.3,307.0
CHEVROLET,SILVERADO,PICKUP TRUCK ,5.3,8.0,AT,휘발유,6.7,9.3,307.0
CHEVROLET,SILVERADO,PICKUP TRUCK ,5.3,8.0,AT,휘발유,6.4,8.6,324.0
CHEVROLET,SILVERADO,PICKUP TRUCK ,6.2,8.0,AT,고급유,6.3,8.5,331.0
CHEVROLET,SILVERADO,PICKUP TRUCK ,5.3,8.0,AT,휘발유,6.9,8.9,304.0
CHEVROLET,SUBURBAN,SUV ,5.3,8.0,AT,휘발유,6.6,9.6,305.0
CHEVROLET,SUBURBAN,SUV ,5.3,8.0,AT,휘발유,6.6,9.6,305.0
CHEVROLET,SUBURBAN,SUV ,5.3,8.0,AT,휘발유,6.5,9.2,313.0
CHEVROLET,SUBURBAN,SUV ,5.3,8.0,AT,휘발유,6.5,9.2,312.0
CHEVROLET,TAHOE,SUV ,5.3,8.0,AT,휘발유,6.6,9.6,305.0
CHEVROLET,TAHOE,SUV ,5.3,8.0,AT,휘발유,6.6,9.6,305.0
CHEVROLET,TAHOE,SUV ,5.3,8.0,AT,휘발유,6.6,9.3,310.0
CHEVROLET,TAHOE,SUV ,5.3,8.0,AT,휘발유,6.6,9.3,310.0
CHEVROLET,TAHOE,SUV ,6.2,8.0,AT,고급유,6.1,9.3,325.0
CHEVROLET,TRAVERSE,SUV ,2.0,4.0,AT,고급유,8.5,11.1,246.0
CHEVROLET,BLAZER,SUV ,2.5,4.0,AT,휘발유,9.3,11.4,232.0
CHEVROLET,BLAZER,SUV ,3.6,6.0,AT,휘발유,8.3,11.1,250.0
CHEVROLET,BLAZER,SUV ,3.6,6.0,AT,휘발유,7.9,10.5,265.0
CHEVROLET,COLORADO,PICKUP TRUCK ,2.5,4.0,AT,휘발유,8.3,10.9,253.0
CHEVROLET,COLORADO,PICKUP TRUCK ,2.8,4.0,AT,경유,8.5,12.7,270.0
CHEVROLET,COLORADO,PICKUP TRUCK ,3.6,6.0,AT,휘발유,7.5,10.4,274.0
CHEVROLET,COLORADO,PICKUP TRUCK ,2.5,4.0,AT,휘발유,7.9,10.2,267.0
CHEVROLET,COLORADO,PICKUP TRUCK ,2.8,4.0,AT,경유,8.2,11.9,283.0
CHEVROLET,COLORADO,PICKUP TRUCK ,3.6,6.0,AT,휘발유,7.1,10.1,286.0
CHEVROLET,COLORADO,PICKUP TRUCK ,2.8,4.0,AT,경유,7.5,9.4,326.0
CHEVROLET,COLORADO,PICKUP TRUCK ,3.6,6.0,AT,휘발유,6.7,7.7,331.0
CHEVROLET,CRUZE,COMPACT,1.6,4.0,AT,경유,13.2,20.4,172.0
CHEVROLET,CRUZE,MID_SIZE,1.6,4.0,AT,경유,12.8,19.2,178.0
CHEVROLET,EQUINOX,SUV ,1.5,4.0,AT,휘발유,10.9,13.7,196.0
CHEVROLET,EQUINOX,SUV ,1.6,4.0,AT,경유,11.8,16.7,199.0
CHEVROLET,EQUINOX,SUV ,1.5,4.0,AT,휘발유,10.8,12.8,207.0
CHEVROLET,EQUINOX,SUV ,1.6,4.0,AT,경유,11.8,16.4,199.0
CHEVROLET,EQUINOX,SUV ,2.0,4.0,AT,고급유,9.2,12.0,228.0
CHEVROLET,MALIBU,MID_SIZE,2.0,4.0,AT,고급유,9.5,13.5,214.0
CHEVROLET,SILVERADO,PICKUP TRUCK ,2.7,4.0,AT,휘발유,8.4,9.7,261.0
CHEVROLET,SILVERADO,PICKUP TRUCK ,4.3,6.0,AT,휘발유,6.6,8.7,316.0
CHEVROLET,SILVERADO,PICKUP TRUCK ,5.3,8.0,AT,휘발유,6.3,8.8,326.0
CHEVROLET,SILVERADO,PICKUP TRUCK ,5.3,8.0,AT,휘발유,6.4,8.4,329.0
CHEVROLET,SILVERADO,PICKUP TRUCK ,5.3,8.0,AT,휘발유,7.1,9.8,290.0
CHEVROLET,SILVERADO,PICKUP TRUCK ,2.7,4.0,AT,휘발유,8.0,9.3,275.0
CHEVROLET,SILVERADO,PICKUP TRUCK ,4.3,6.0,AT,휘발유,6.3,8.4,329.0
CHEVROLET,SILVERADO,PICKUP TRUCK ,4.3,6.0,AT,휘발유,6.1,7.8,347.0
CHEVROLET,SILVERADO,PICKUP TRUCK ,5.3,8.0,AT,휘발유,6.3,8.5,329.0
CHEVROLET,SILVERADO,PICKUP TRUCK ,5.3,8.0,AT,휘발유,6.2,8.0,339.0
CHEVROLET,SILVERADO,PICKUP TRUCK ,5.3,8.0,AT,휘발유,6.1,7.7,350.0
CHEVROLET,SILVERADO,PICKUP TRUCK ,5.3,8.0,AT,휘발유,6.7,9.3,306.0
CHEVROLET,SILVERADO,PICKUP TRUCK ,5.3,8.0,AT,휘발유,6.5,8.5,320.0
CHEVROLET,SILVERADO,PICKUP TRUCK ,6.2,8.0,AT,고급유,6.7,8.3,321.0
CHEVROLET,SILVERADO,PICKUP TRUCK ,5.3,8.0,AT,휘발유,6.4,9.2,317.0
CHEVROLET,SILVERADO,PICKUP TRUCK ,5.3,8.0,AT,휘발유,6.3,8.8,325.0
CHEVROLET,SUBURBAN,SUV ,5.3,8.0,AT,휘발유,6.4,9.5,314.0
CHEVROLET,SUBURBAN,SUV ,5.3,8.0,AT,휘발유,6.4,9.5,314.0
CHEVROLET,SUBURBAN,SUV ,5.3,8.0,AT,휘발유,6.0,8.8,336.0
CHEVROLET,SUBURBAN,SUV ,5.3,8.0,AT,휘발유,6.0,8.8,336.0
CHEVROLET,SUBURBAN,SUV ,6.2,8.0,AT,고급유,5.8,8.8,340.0
CHEVROLET,TAHOE,SUV ,5.3,8.0,AT,휘발유,6.4,9.5,314.0
CHEVROLET,TAHOE,SUV ,5.3,8.0,AT,휘발유,6.4,9.5,314.0
CHEVROLET,TAHOE,SUV ,5.3,8.0,AT,휘발유,6.3,9.0,321.0
CHEVROLET,TAHOE,SUV ,5.3,8.0,AT,휘발유,6.3,9.0,321.0
CHEVROLET,TAHOE,SUV ,6.2,8.0,AT,고급유,6.1,9.3,325.0
CHEVROLET,TRAVERSE,SUV ,3.6,6.0,AT,휘발유,7.7,11.4,261.0
CHEVROLET,TRAVERSE,SUV ,3.6,6.0,AT,휘발유,7.3,10.5,277.0
CHEVROLET,BLAZER,SUV ,2.0,4.0,AT,휘발유,9.1,12.0,225.0
CHEVROLET,BLAZER,SUV ,2.5,4.0,AT,휘발유,8.8,11.2,238.0
CHEVROLET,BLAZER,SUV ,2.0,4.0,AT,휘발유,8.8,11.5,232.0
CHEVROLET,BLAZER,SUV ,3.6,6.0,AT,휘발유,7.6,10.6,269.0
CHEVROLET,COLORADO,PICKUP TRUCK ,2.5,4.0,AT,휘발유,8.3,10.9,252.0
CHEVROLET,COLORADO,PICKUP TRUCK ,2.8,4.0,AT,경유,8.5,12.7,270.0
CHEVROLET,COLORADO,PICKUP TRUCK ,3.6,6.0,AT,휘발유,7.5,10.4,273.0
CHEVROLET,COLORADO,PICKUP TRUCK ,2.5,4.0,AT,휘발유,7.9,10.3,265.0
CHEVROLET,COLORADO,PICKUP TRUCK ,2.8,4.0,AT,경유,8.1,11.8,284.0
CHEVROLET,COLORADO,PICKUP TRUCK ,3.6,6.0,AT,휘발유,7.1,10.1,286.0
CHEVROLET,COLORADO,PICKUP TRUCK ,2.8,4.0,AT,경유,7.5,9.4,326.0
CHEVROLET,COLORADO,PICKUP TRUCK ,3.6,6.0,AT,휘발유,6.7,7.7,331.0
CHEVROLET,EQUINOX,SUV ,1.5,4.0,AT,휘발유,11.2,13.0,196.0
CHEVROLET,EQUINOX,SUV ,1.5,4.0,AT,휘발유,10.8,12.5,204.0
CHEVROLET,EQUINOX,SUV ,2.0,4.0,AT,고급유,9.2,12.0,228.0
CHEVROLET,MALIBU,MID_SIZE,2.0,4.0,AT,고급유,9.5,13.5,214.0
CHEVROLET,SILVERADO,PICKUP TRUCK ,2.7,4.0,AT,휘발유,8.4,9.7,262.0
CHEVROLET,SILVERADO,PICKUP TRUCK ,2.7,4.0,AT,휘발유,8.0,9.3,275.0
CHEVROLET,SILVERADO,PICKUP TRUCK ,3.0,6.0,AT,경유,9.8,13.9,238.0
CHEVROLET,SILVERADO,PICKUP TRUCK ,4.3,6.0,AT,휘발유,6.6,8.7,318.0
CHEVROLET,SILVERADO,PICKUP TRUCK ,5.3,8.0,AT,휘발유,6.3,8.8,326.0
CHEVROLET,SILVERADO,PICKUP TRUCK ,5.3,8.0,AT,휘발유,6.3,7.9,339.0
CHEVROLET,SILVERADO,PICKUP TRUCK ,5.3,8.0,AT,휘발유,7.2,9.9,286.0
CHEVROLET,SILVERADO,PICKUP TRUCK ,2.7,4.0,AT,휘발유,8.0,9.3,275.0
CHEVROLET,SILVERADO,PICKUP TRUCK ,2.7,4.0,AT,휘발유,7.9,9.1,280.0
CHEVROLET,SILVERADO,PICKUP TRUCK ,3.0,6.0,AT,경유,9.6,12.5,252.0
CHEVROLET,SILVERADO,PICKUP TRUCK ,4.3,6.0,AT,휘발유,6.4,8.3,331.0
CHEVROLET,SILVERADO,PICKUP TRUCK ,4.3,6.0,AT,휘발유,6.1,7.8,349.0
CHEVROLET,SILVERADO,PICKUP TRUCK ,5.3,8.0,AT,휘발유,6.3,8.5,331.0
CHEVROLET,SILVERADO,PICKUP TRUCK ,5.3,8.0,AT,휘발유,6.0,7.7,350.0
CHEVROLET,SILVERADO,PICKUP TRUCK ,5.3,8.0,AT,휘발유,6.0,7.6,354.0
CHEVROLET,SILVERADO,PICKUP TRUCK ,5.3,8.0,AT,휘발유,6.8,9.3,303.0
CHEVROLET,SILVERADO,PICKUP TRUCK ,5.3,8.0,AT,휘발유,7.0,9.4,296.0
CHEVROLET,SILVERADO,PICKUP TRUCK ,5.3,8.0,AT,휘발유,6.8,8.9,307.0
CHEVROLET,SILVERADO,PICKUP TRUCK ,6.2,8.0,AT,고급유,6.7,8.3,321.0
CHEVROLET,SILVERADO,PICKUP TRUCK ,6.2,8.0,AT,고급유,6.0,7.5,357.0
CHEVROLET,SILVERADO,PICKUP TRUCK ,6.2,8.0,AT,고급유,6.4,8.1,332.0
CHEVROLET,SUBURBAN,SUV ,5.3,8.0,AT,휘발유,6.4,9.5,314.0
CHEVROLET,SUBURBAN,SUV ,5.3,8.0,AT,휘발유,6.4,9.5,314.0
CHEVROLET,SUBURBAN,SUV ,5.3,8.0,AT,휘발유,6.0,8.8,337.0
CHEVROLET,SUBURBAN,SUV ,5.3,8.0,AT,휘발유,6.0,8.8,337.0
CHEVROLET,SUBURBAN,SUV ,6.2,8.0,AT,고급유,5.8,8.8,343.0
CHEVROLET,TAHOE,SUV ,5.3,8.0,AT,휘발유,6.4,9.5,314.0
CHEVROLET,TAHOE,SUV ,5.3,8.0,AT,휘발유,6.4,9.5,314.0
CHEVROLET,TAHOE,SUV ,5.3,8.0,AT,휘발유,6.3,8.9,325.0
CHEVROLET,TAHOE,SUV ,5.3,8.0,AT,휘발유,6.3,8.9,325.0
CHEVROLET,TAHOE,SUV ,6.2,8.0,AT,고급유,6.1,9.2,327.0
CHEVROLET,TRAVERSE,SUV ,3.6,6.0,AT,휘발유,7.7,11.4,261.0
CHEVROLET,TRAVERSE,SUV ,3.6,6.0,AT,휘발유,7.4,10.4,276.0
CHEVROLET,EQUINOX,SUV - SMALL,3.6,6.0,AT,에탄올,5.32,7.63,259.0
CHEVROLET,EQUINOX AWD,SUV - SMALL,3.6,6.0,AT,에탄올,5.05,7.35,272.0
CHEVROLET,EXPRESS 1500 CARGO,VAN - CARGO,5.3,8.0,AT,에탄올,4.26,5.65,334.0
CHEVROLET,EXPRESS 1500 CARGO AWD,VAN - CARGO,5.3,8.0,AT,에탄올,4.22,5.32,344.0
CHEVROLET,EXPRESS 1500 CARGO CONV,VAN - CARGO,5.3,8.0,AT,에탄올,4.18,5.41,344.0
CHEVROLET,EXPRESS 1500 CARGO CONV AWD,VAN - CARGO,5.3,8.0,AT,에탄올,3.95,5.18,362.0
CHEVROLET,EXPRESS 1500 PASSENGER,VAN - PASSENGER,5.3,8.0,AT,에탄올,4.18,5.41,344.0
CHEVROLET,EXPRESS 1500 PASSENGER AWD,VAN - PASSENGER,5.3,8.0,AT,에탄올,3.95,5.18,362.0
CHEVROLET,EXPRESS 2500 PASSENGER,VAN - PASSENGER,6.0,8.0,AT,에탄올,3.33,4.9,411.0
CHEVROLET,EXPRESS 3500 PASSENGER,VAN - PASSENGER,6.0,8.0,AT,에탄올,3.31,4.88,413.0
CHEVROLET,IMPALA,FULL-SIZE,3.6,6.0,AT,에탄올,5.99,8.85,229.0
CHEVROLET,SILVERADO,PICKUP TRUCK - STANDARD,4.3,6.0,AT,에탄올,5.29,7.04,269.0
CHEVROLET,SILVERADO,PICKUP TRUCK - STANDARD,5.3,8.0,AT,에탄올,5.13,7.3,270.0
CHEVROLET,SILVERADO 4WD,PICKUP TRUCK - STANDARD,4.3,6.0,AT,에탄올,5.0,6.62,285.0
CHEVROLET,SILVERADO 4WD,PICKUP TRUCK - STANDARD,5.3,8.0,AT,에탄올,5.03,7.04,277.0
CHEVROLET,SUBURBAN,SUV - STANDARD,5.3,8.0,AT,에탄올,4.65,6.85,294.0
CHEVROLET,SUBURBAN 4WD,SUV - STANDARD,5.3,8.0,AT,에탄올,4.65,6.85,294.0
CHEVROLET,TAHOE,SUV - STANDARD,5.3,8.0,AT,에탄올,4.65,6.85,294.0
CHEVROLET,TAHOE 4WD,SUV - STANDARD,5.3,8.0,AT,에탄올,4.65,6.85,294.0
CHEVROLET,EQUINOX FFV,SUV - SMALL,2.4,4.0,AT,에탄올,6.41,9.26,214.0
CHEVROLET,EQUINOX AWD FFV,SUV - SMALL,2.4,4.0,AT,에탄올,6.13,8.62,227.0
CHEVROLET,EXPRESS 2500 PASSENGER FFV,VAN - PASSENGER,6.0,8.0,AT,에탄올,3.3,4.88,414.0
CHEVROLET,EXPRESS 3500 PASSENGER FFV,VAN - PASSENGER,6.0,8.0,AT,에탄올,3.27,4.85,418.0
CHEVROLET,IMPALA,FULL-SIZE,3.6,6.0,AT,에탄올,5.88,8.7,232.0
CHEVROLET,SILVERADO,PICKUP TRUCK - STANDARD,4.3,6.0,AT,에탄올,5.18,6.99,274.0
CHEVROLET,SILVERADO,PICKUP TRUCK - STANDARD,5.3,8.0,AT,에탄올,5.03,7.25,275.0
CHEVROLET,SILVERADO 4WD,PICKUP TRUCK - STANDARD,4.3,6.0,AT,에탄올,4.93,6.58,288.0
CHEVROLET,SILVERADO 4WD,PICKUP TRUCK - STANDARD,5.3,8.0,AT,에탄올,4.95,6.99,280.0
CHEVROLET,SUBURBAN,SUV - STANDARD,5.3,8.0,AT,에탄올,4.95,7.35,275.0
CHEVROLET,SUBURBAN 4WD,SUV - STANDARD,5.3,8.0,AT,에탄올,4.52,6.49,306.0
CHEVROLET,TAHOE,SUV - STANDARD,5.3,8.0,AT,에탄올,4.95,7.35,275.0
CHEVROLET,TAHOE 4WD,SUV - STANDARD,5.3,8.0,AT,에탄올,4.88,7.14,282.0
CHEVROLET,EQUINOX FFV,SUV - SMALL,2.4,4.0,AT,에탄올,6.41,9.26,221.0
CHEVROLET,EQUINOX AWD FFV,SUV - SMALL,2.4,4.0,AT,에탄올,6.13,8.62,236.0
CHEVROLET,IMPALA FFV,FULL-SIZE,3.6,6.0,AT,에탄올,5.88,8.7,239.0
CHEVROLET,SILVERADO FFV,PICKUP TRUCK - STANDARD,4.3,6.0,AT,에탄올,5.18,6.94,284.0
CHEVROLET,SILVERADO FFV,PICKUP TRUCK - STANDARD,5.3,8.0,AT,에탄올,5.03,7.14,286.0
CHEVROLET,SILVERADO 4WD FFV,PICKUP TRUCK - STANDARD,4.3,6.0,AT,에탄올,4.93,6.54,301.0
CHEVROLET,SILVERADO 4WD FFV,PICKUP TRUCK - STANDARD,5.3,8.0,AT,에탄올,4.88,6.94,295.0
CHEVROLET,SUBURBAN FFV,SUV - STANDARD,5.3,8.0,AT,에탄올,4.88,7.14,288.0
CHEVROLET,SUBURBAN 4WD FFV,SUV - STANDARD,5.3,8.0,AT,에탄올,4.5,6.54,317.0
CHEVROLET,TAHOE FFV,SUV - STANDARD,5.3,8.0,AT,에탄올,4.88,7.14,288.0
CHEVROLET,TAHOE 4WD FFV,SUV - STANDARD,5.3,8.0,AT,에탄올,4.78,6.9,300.0
CHEVROLET,EQUINOX FFV,SUV - SMALL,2.4,4.0,AT,에탄올,6.41,9.09,223.0
CHEVROLET,EQUINOX AWD FFV,SUV - SMALL,2.4,4.0,AT,에탄올,6.13,8.47,234.0
CHEVROLET,IMPALA FFV,FULL-SIZE,3.6,6.0,AT,에탄올,5.88,8.55,240.0
CHEVROLET,SILVERADO FFV,PICKUP TRUCK - STANDARD,4.3,6.0,AT,에탄올,5.18,6.99,284.0
CHEVROLET,SILVERADO FFV,PICKUP TRUCK - STANDARD,5.3,8.0,AT,에탄올,5.08,7.19,284.0
CHEVROLET,SILVERADO 4WD FFV,PICKUP TRUCK - STANDARD,4.3,6.0,AT,에탄올,4.95,6.58,294.0
CHEVROLET,SILVERADO 4WD FFV,PICKUP TRUCK - STANDARD,5.3,8.0,AT,에탄올,4.83,6.94,315.0
CHEVROLET,SUBURBAN FFV,SUV - STANDARD,5.3,8.0,AT,에탄올,5.0,7.41,284.0
CHEVROLET,SUBURBAN 4WD FFV,SUV - STANDARD,5.3,8.0,AT,에탄올,4.52,6.49,317.0
CHEVROLET,TAHOE FFV,SUV - STANDARD,5.3,8.0,AT,에탄올,5.0,7.41,284.0
CHEVROLET,TAHOE 4WD FFV,SUV - STANDARD,5.3,8.0,AT,에탄올,4.81,6.9,299.0
CHEVROLET,IMPALA FFV,FULL-SIZE,3.6,6.0,AT,에탄올,5.81,8.62,245.0
CHEVROLET,SILVERADO FFV,PICKUP TRUCK - STANDARD,4.3,6.0,AT,에탄올,5.18,6.94,284.0
CHEVROLET,SILVERADO FFV,PICKUP TRUCK - STANDARD,5.3,8.0,AT,에탄올,5.08,7.19,283.0
CHEVROLET,SILVERADO 4WD FFV,PICKUP TRUCK - STANDARD,4.3,6.0,AT,에탄올,4.95,6.58,296.0
CHEVROLET,SILVERADO 4WD FFV,PICKUP TRUCK - STANDARD,5.3,8.0,AT,에탄올,4.76,6.67,309.0
CHEVROLET,SUBURBAN FFV,SUV - STANDARD,5.3,8.0,AT,에탄올,5.05,7.19,285.0
CHEVROLET,SUBURBAN 4WD FFV,SUV - STANDARD,5.3,8.0,AT,에탄올,4.48,6.37,321.0
CHEVROLET,TAHOE FFV,SUV - STANDARD,5.3,8.0,AT,에탄올,5.05,7.19,285.0
CHEVROLET,TAHOE 4WD FFV,SUV - STANDARD,5.3,8.0,AT,에탄올,4.81,6.9,299.0
CHEVROLET,Impala,FULL-SIZE,3.6,6.0,AT,에탄올,5.81,8.62,245.0
CHEVROLET,Silverado FFV,PICKUP TRUCK - STANDARD,5.3,8.0,AT,에탄올,4.74,6.67,306.0
CHEVROLET,Silverado 4WD FFV,PICKUP TRUCK - STANDARD,5.3,8.0,AT,에탄올,4.55,6.21,322.0
CHEVROLET,Suburban FFV,SUV - STANDARD,5.3,8.0,AT,에탄올,4.72,7.19,298.0
CHEVROLET,Suburban 4WD FFV,SUV - STANDARD,5.3,8.0,AT,에탄올,4.5,6.58,317.0
CHEVROLET,Tahoe FFV,SUV - STANDARD,5.3,8.0,AT,에탄올,4.72,7.19,298.0
CHEVROLET,Tahoe 4WD FFV,SUV - STANDARD,5.3,8.0,AT,에탄올,4.61,6.99,305.0
CHEVROLET,Impala,FULL-SIZE,3.6,6.0,AT,에탄올,5.81,8.62,246.0
CHEVROLET,Silverado FFV,PICKUP TRUCK - STANDARD,5.3,8.0,AT,에탄올,4.5,6.17,326.0
CHEVROLET,Silverado 4WD FFV,PICKUP TRUCK - STANDARD,5.3,8.0,AT,에탄올,4.48,5.52,342.0
CHEVROLET,Suburban FFV,SUV - STANDARD,5.3,8.0,AT,에탄올,4.72,7.19,298.0
CHEVROLET,Suburban 4WD FFV,SUV - STANDARD,5.3,8.0,AT,에탄올,4.5,6.54,319.0
CHEVROLET,Tahoe FFV,SUV - STANDARD,5.3,8.0,AT,에탄올,4.72,7.19,298.0
CHEVROLET,Tahoe 4WD FFV,SUV - STANDARD,5.3,8.0,AT,에탄올,4.61,6.99,305.0
CHRYSLER,300,FULL_SIZE,3.6,6.0,AT,휘발유,8.1,13.0,237.0
CHRYSLER,200,COMPACT,2.4,4.0,AT,휘발유,8.5,12.2,232.0
CHRYSLER,200,COMPACT,2.4,4.0,AT,휘발유,7.8,12.3,246.0
CHRYSLER,200,COMPACT,3.6,6.0,AT,휘발유,8.0,12.3,242.0
CHRYSLER,200,MID_SIZE,2.4,4.0,AT,휘발유,8.9,12.5,225.0
CHRYSLER,200,MID_SIZE,2.4,4.0,AT,휘발유,8.3,13.2,230.0
CHRYSLER,200,MID_SIZE,3.6,6.0,AT,휘발유,8.0,12.3,242.0
CHRYSLER,300,FULL_SIZE,5.7,8.0,AT,휘발유,6.3,10.9,294.0
CHRYSLER,300,FULL_SIZE,3.6,6.0,AT,휘발유,7.8,11.6,251.0
CHRYSLER,300,FULL_SIZE,5.7,8.0,AT,휘발유,6.2,10.0,308.0
CHRYSLER,300,FULL_SIZE,3.6,6.0,AT,휘발유,7.8,11.6,251.0
CHRYSLER,300,FULL_SIZE,3.6,6.0,AT,휘발유,8.1,13.0,237.0
CHRYSLER,300,FULL_SIZE,6.4,8.0,AT,고급유,6.0,9.7,317.0
CHRYSLER,TOWN,MINIVAN,3.6,6.0,AT,휘발유,7.1,10.5,276.0
CHRYSLER,200,MID_SIZE,2.4,4.0,AT,휘발유,9.8,15.6,196.0
CHRYSLER,200,MID_SIZE,2.4,4.0,AT,휘발유,9.8,15.6,196.0
CHRYSLER,200,MID_SIZE,3.6,6.0,AT,휘발유,8.1,13.3,235.0
CHRYSLER,200,MID_SIZE,3.6,6.0,AT,휘발유,8.1,13.3,235.0
CHRYSLER,200,MID_SIZE,3.6,6.0,AT,휘발유,7.8,12.3,246.0
CHRYSLER,200,MID_SIZE,3.6,6.0,AT,휘발유,7.8,12.3,246.0
CHRYSLER,300,FULL_SIZE,3.6,6.0,AT,휘발유,8.1,13.0,237.0
CHRYSLER,300,FULL_SIZE,3.6,6.0,AT,휘발유,8.1,13.0,237.0
CHRYSLER,300,FULL_SIZE,5.7,8.0,AT,휘발유,6.8,10.8,283.0
CHRYSLER,300,FULL_SIZE,3.6,6.0,AT,휘발유,7.8,11.6,251.0
CHRYSLER,300,FULL_SIZE,3.6,6.0,AT,휘발유,7.8,11.6,251.0
CHRYSLER,TOWN,MINIVAN,3.6,6.0,AT,휘발유,7.1,10.5,276.0
CHRYSLER,200,MID_SIZE,2.4,4.0,AT,휘발유,9.8,15.6,198.0
CHRYSLER,200,MID_SIZE,3.6,6.0,AT,휘발유,8.1,13.3,239.0
CHRYSLER,200,MID_SIZE,3.6,6.0,AT,휘발유,7.8,12.3,250.0
CHRYSLER,300,FULL_SIZE,3.6,6.0,AT,휘발유,8.1,13.0,240.0
CHRYSLER,300,FULL_SIZE,3.6,6.0,AT,휘발유,8.1,13.0,240.0
CHRYSLER,300,FULL_SIZE,5.7,8.0,AT,휘발유,6.8,10.8,289.0
CHRYSLER,300,FULL_SIZE,3.6,6.0,AT,휘발유,7.8,11.6,257.0
CHRYSLER,300,FULL_SIZE,3.6,6.0,AT,휘발유,7.8,11.6,257.0
CHRYSLER,TOWN,MINIVAN,3.6,6.0,AT,휘발유,7.1,10.5,282.0
CHRYSLER,200,MID_SIZE,2.4,4.0,AT,휘발유,9.8,15.2,201.0
CHRYSLER,200,MID_SIZE,3.6,6.0,AT,휘발유,8.1,13.2,241.0
CHRYSLER,200,MID_SIZE,3.6,6.0,AT,휘발유,7.8,12.0,252.0
CHRYSLER,300,FULL_SIZE,3.6,6.0,AT,휘발유,8.1,12.8,242.0
CHRYSLER,300,FULL_SIZE,5.7,8.0,AT,휘발유,6.8,10.6,289.0
CHRYSLER,300,FULL_SIZE,3.6,6.0,AT,휘발유,7.8,11.5,258.0
CHRYSLER,300,FULL_SIZE,3.6,6.0,AT,휘발유,7.8,11.5,258.0
CHRYSLER,PACIFICA,MINIVAN,3.6,6.0,AT,휘발유,7.8,11.9,257.0
CHRYSLER,PACIFICA,MINIVAN,3.6,6.0,AT,휘발유,8.1,11.9,249.0
CHRYSLER,300,FULL_SIZE,3.6,6.0,AT,휘발유,8.1,12.8,242.0
CHRYSLER,300,FULL_SIZE,3.6,6.0,AT,휘발유,8.1,12.8,242.0
CHRYSLER,300,FULL_SIZE,5.7,8.0,AT,휘발유,6.8,10.6,289.0
CHRYSLER,300,FULL_SIZE,3.6,6.0,AT,휘발유,7.8,11.5,258.0
CHRYSLER,300,FULL_SIZE,3.6,6.0,AT,휘발유,7.8,11.5,258.0
CHRYSLER,PACIFICA,MINIVAN,3.6,6.0,AT,휘발유,7.8,11.9,259.0
CHRYSLER,PACIFICA,MINIVAN,3.6,6.0,AT,휘발유,8.1,11.9,249.0
CHRYSLER,300,FULL_SIZE,3.6,6.0,AT,휘발유,8.1,12.8,242.0
CHRYSLER,300,FULL_SIZE,3.6,6.0,AT,휘발유,8.1,12.8,242.0
CHRYSLER,300,FULL_SIZE,5.7,8.0,AT,휘발유,6.8,10.6,289.0
CHRYSLER,300,FULL_SIZE,3.6,6.0,AT,휘발유,7.8,11.5,258.0
CHRYSLER,300,FULL_SIZE,3.6,6.0,AT,휘발유,7.8,11.5,258.0
CHRYSLER,PACIFICA,MINIVAN,3.6,6.0,AT,휘발유,7.8,11.9,259.0
CHRYSLER,PACIFICA,MINIVAN,3.6,6.0,AT,휘발유,8.1,11.9,249.0
CHRYSLER,300,FULL_SIZE,3.6,6.0,AT,휘발유,8.1,12.8,242.0
CHRYSLER,300,FULL_SIZE,5.7,8.0,AT,휘발유,6.8,10.6,289.0
CHRYSLER,300,FULL_SIZE,3.6,6.0,AT,휘발유,7.8,11.5,258.0
CHRYSLER,PACIFICA,MINIVAN,3.6,6.0,AT,휘발유,8.1,11.9,249.0
CHRYSLER,VOYAGER,MINIVAN,3.6,6.0,AT,휘발유,8.1,11.9,249.0
CHRYSLER,200 CONVERTIBLE FFV,COMPACT,3.6,6.0,AT,에탄올,5.88,8.93,230.0
CHRYSLER,200 SEDAN FFV,MID-SIZE,3.6,6.0,AT,에탄올,5.88,8.93,230.0
CHRYSLER,300 AWD FFV,FULL-SIZE,3.6,6.0,AT,에탄올,5.78,8.55,237.0
CHRYSLER,300 FFV,FULL-SIZE,3.6,6.0,AT,에탄올,5.95,9.71,222.0
CHRYSLER,TOWN & COUNTRY FFV,MINIVAN,3.6,6.0,AT,에탄올,5.08,7.52,269.0
CHRYSLER,200 FFV,MID-SIZE,2.4,4.0,AT,에탄올,7.35,11.76,181.0
CHRYSLER,200 FFV,MID-SIZE,3.6,6.0,AT,에탄올,6.06,9.9,218.0
CHRYSLER,200 AWD FFV,MID-SIZE,3.6,6.0,AT,에탄올,5.92,9.26,226.0
CHRYSLER,300 FFV,FULL-SIZE,3.6,6.0,AT,에탄올,5.95,9.71,222.0
CHRYSLER,300 AWD FFV,FULL-SIZE,3.6,6.0,AT,에탄올,5.78,8.55,237.0
CHRYSLER,TOWN & COUNTRY FFV,MINIVAN,3.6,6.0,AT,에탄올,5.08,7.52,269.0
CHRYSLER,200 FFV,MID-SIZE,2.4,4.0,AT,에탄올,7.35,11.76,186.0
CHRYSLER,200 FFV,MID-SIZE,3.6,6.0,AT,에탄올,6.06,9.9,225.0
CHRYSLER,200 AWD FFV,MID-SIZE,3.6,6.0,AT,에탄올,5.92,9.26,232.0
CHRYSLER,300 FFV,FULL-SIZE,3.6,6.0,AT,에탄올,5.95,9.71,229.0
CHRYSLER,300 AWD FFV,FULL-SIZE,3.6,6.0,AT,에탄올,5.78,8.55,243.0
CHRYSLER,TOWN & COUNTRY FFV,MINIVAN,3.6,6.0,AT,에탄올,5.08,7.52,279.0
CHRYSLER,200 FFV,MID-SIZE,2.4,4.0,AT,에탄올,7.19,11.24,192.0
CHRYSLER,200 FFV,MID-SIZE,3.6,6.0,AT,에탄올,5.95,9.62,230.0
CHRYSLER,200 AWD FFV,MID-SIZE,3.6,6.0,AT,에탄올,5.85,9.01,237.0
CHRYSLER,300 AWD FFV,FULL-SIZE,3.6,6.0,AT,에탄올,5.68,8.33,248.0
CHRYSLER,300 FFV,FULL-SIZE,3.6,6.0,AT,에탄올,5.85,9.43,234.0
CHRYSLER,300 AWD FFV,FULL-SIZE,3.6,6.0,AT,에탄올,5.68,8.33,248.0
CHRYSLER,300 FFV,FULL-SIZE,3.6,6.0,AT,에탄올,5.85,9.43,234.0
CHRYSLER,300 AWD FFV,FULL-SIZE,3.6,6.0,AT,에탄올,5.68,8.33,248.0
GMC,ACADIA,SUV ,3.6,6.0,AT,휘발유,7.0,10.1,283.0
GMC,ACADIA,SUV ,3.6,6.0,AT,휘발유,6.7,9.6,297.0
GMC,SAVANA,VAN ,4.3,6.0,AT,휘발유,5.8,7.9,347.0
GMC,SAVANA,VAN ,5.3,8.0,AT,휘발유,5.6,7.5,366.0
GMC,SAVANA,VAN ,5.3,8.0,AT,휘발유,5.5,7.0,380.0
GMC,SAVANA,VAN ,5.3,8.0,AT,휘발유,5.4,7.2,380.0
GMC,SAVANA,VAN ,5.3,8.0,AT,휘발유,5.5,7.0,380.0
GMC,SAVANA,VAN ,5.3,8.0,AT,휘발유,5.4,7.2,380.0
GMC,SAVANA,VAN ,5.3,8.0,AT,휘발유,5.5,7.0,380.0
GMC,SAVANA,VAN ,4.8,8.0,AT,휘발유,4.7,7.0,414.0
GMC,SAVANA,VAN ,6.0,8.0,AT,휘발유,4.6,6.7,432.0
GMC,SAVANA,VAN ,4.8,8.0,AT,휘발유,4.7,7.0,419.0
GMC,SAVANA,VAN ,6.0,8.0,AT,휘발유,4.5,6.7,435.0
GMC,SIERRA,PICKUP TRUCK ,4.3,6.0,AT,휘발유,7.5,10.1,271.0
GMC,SIERRA,PICKUP TRUCK ,5.3,8.0,AT,휘발유,6.8,9.7,292.0
GMC,SIERRA,PICKUP TRUCK ,6.2,8.0,AT,고급유,6.1,8.8,324.0
GMC,SIERRA,PICKUP TRUCK ,4.3,6.0,AT,휘발유,7.0,9.4,290.0
GMC,SIERRA,PICKUP TRUCK ,5.3,8.0,AT,휘발유,6.7,9.4,299.0
GMC,SIERRA,PICKUP TRUCK ,6.2,8.0,AT,고급유,6.1,8.5,329.0
GMC,TERRAIN,SUV ,2.4,4.0,AT,휘발유,9.5,13.7,209.0
GMC,TERRAIN,SUV ,3.6,6.0,AT,휘발유,7.2,10.4,276.0
GMC,TERRAIN,SUV ,2.4,4.0,AT,휘발유,8.7,12.2,230.0
GMC,TERRAIN,SUV ,3.6,6.0,AT,휘발유,6.8,10.1,290.0
GMC,YUKON,SUV ,5.3,8.0,AT,휘발유,6.3,9.0,317.0
GMC,YUKON,SUV ,5.3,8.0,AT,휘발유,6.3,9.0,317.0
GMC,YUKON,SUV ,6.2,8.0,AT,고급유,5.9,8.5,338.0
GMC,YUKON,SUV ,6.2,8.0,AT,고급유,5.3,7.5,377.0
GMC,YUKON,SUV ,5.3,8.0,AT,휘발유,6.3,9.0,317.0
GMC,YUKON,SUV ,5.3,8.0,AT,휘발유,6.3,9.0,317.0
GMC,ACADIA,SUV ,3.6,6.0,AT,휘발유,7.0,10.1,283.0
GMC,ACADIA,SUV ,3.6,6.0,AT,휘발유,6.8,9.8,290.0
GMC,CANYON,PICKUP TRUCK ,2.5,4.0,AT,휘발유,8.4,11.4,242.0
GMC,CANYON,PICKUP TRUCK ,3.6,6.0,AT,휘발유,7.7,10.9,260.0
GMC,CANYON,PICKUP TRUCK ,2.5,4.0,AT,휘발유,7.9,10.5,260.0
GMC,CANYON,PICKUP TRUCK ,3.6,6.0,AT,휘발유,7.4,10.2,271.0
GMC,SAVANA,VAN ,4.8,8.0,AT,휘발유,4.8,7.0,414.0
GMC,SAVANA,VAN ,6.0,8.0,AT,휘발유,4.5,6.7,432.0
GMC,SAVANA,VAN ,6.0,8.0,AT,휘발유,4.5,6.7,432.0
GMC,SAVANA,VAN ,4.8,8.0,AT,휘발유,4.7,7.0,416.0
GMC,SAVANA,VAN ,6.0,8.0,AT,휘발유,4.5,6.6,437.0
GMC,SAVANA,VAN ,6.0,8.0,AT,휘발유,4.5,6.6,437.0
GMC,SIERRA,PICKUP TRUCK ,4.3,6.0,AT,휘발유,7.5,10.1,274.0
GMC,SIERRA,PICKUP TRUCK ,5.3,8.0,AT,휘발유,6.8,9.7,292.0
GMC,SIERRA,PICKUP TRUCK ,6.2,8.0,AT,고급유,6.2,8.8,322.0
GMC,SIERRA,PICKUP TRUCK ,4.3,6.0,AT,휘발유,7.1,9.4,288.0
GMC,SIERRA,PICKUP TRUCK ,5.3,8.0,AT,휘발유,6.7,9.3,299.0
GMC,SIERRA,PICKUP TRUCK ,6.2,8.0,AT,고급유,6.1,8.6,327.0
GMC,TERRAIN,SUV ,2.4,4.0,AT,휘발유,9.5,13.7,209.0
GMC,TERRAIN,SUV ,2.4,4.0,AT,휘발유,9.5,13.7,209.0
GMC,TERRAIN,SUV ,3.6,6.0,AT,휘발유,7.0,10.5,278.0
GMC,TERRAIN,SUV ,2.4,4.0,AT,휘발유,8.7,12.2,230.0
GMC,TERRAIN,SUV ,3.6,6.0,AT,휘발유,6.8,10.1,290.0
GMC,YUKON,SUV ,5.3,8.0,AT,휘발유,6.7,9.9,292.0
GMC,YUKON,SUV ,5.3,8.0,AT,휘발유,6.6,9.6,299.0
GMC,YUKON,SUV ,6.2,8.0,AT,고급유,6.2,8.8,322.0
GMC,YUKON,SUV ,6.2,8.0,AT,고급유,6.3,9.0,317.0
GMC,YUKON,SUV ,5.3,8.0,AT,휘발유,6.7,9.9,292.0
GMC,YUKON,SUV ,5.3,8.0,AT,휘발유,6.5,9.3,306.0
GMC,YUKON,SUV ,6.2,8.0,AT,고급유,6.0,8.5,334.0
GMC,YUKON,SUV ,6.2,8.0,AT,고급유,6.1,8.5,329.0
GMC,ACADIA,SUV ,3.6,6.0,AT,휘발유,6.3,9.4,315.0
GMC,ACADIA,SUV ,3.6,6.0,AT,휘발유,6.2,9.3,323.0
GMC,CANYON,PICKUP TRUCK ,2.5,4.0,AT,휘발유,8.4,11.2,247.0
GMC,CANYON,PICKUP TRUCK ,2.8,4.0,AT,경유,9.3,13.0,252.0
GMC,CANYON,PICKUP TRUCK ,3.6,6.0,AT,휘발유,7.7,10.9,265.0
GMC,CANYON,PICKUP TRUCK ,2.5,4.0,AT,휘발유,7.9,10.4,265.0
GMC,CANYON,PICKUP TRUCK ,2.8,4.0,AT,경유,8.3,12.2,277.0
GMC,CANYON,PICKUP TRUCK ,3.6,6.0,AT,휘발유,7.4,10.1,279.0
GMC,SAVANA,VAN ,6.0,8.0,AT,휘발유,4.5,6.7,441.0
GMC,SAVANA,VAN ,6.0,8.0,AT,휘발유,4.3,6.3,465.0
GMC,SIERRA,PICKUP TRUCK ,5.3,8.0,AT,휘발유,6.8,9.6,298.0
GMC,SIERRA,PICKUP TRUCK ,6.2,8.0,AT,고급유,6.2,8.8,327.0
GMC,SIERRA,PICKUP TRUCK ,4.3,6.0,AT,휘발유,7.4,10.0,280.0
GMC,SIERRA,PICKUP TRUCK ,5.3,8.0,AT,휘발유,6.8,9.6,298.0
GMC,SIERRA,PICKUP TRUCK ,5.3,8.0,AT,휘발유,6.7,9.3,307.0
GMC,SIERRA,PICKUP TRUCK ,6.2,8.0,AT,고급유,6.1,8.6,332.0
GMC,SIERRA,PICKUP TRUCK ,4.3,6.0,AT,휘발유,7.0,9.3,296.0
GMC,SIERRA,PICKUP TRUCK ,5.3,8.0,AT,휘발유,6.7,9.3,306.0
GMC,SIERRA,PICKUP TRUCK ,5.3,8.0,AT,휘발유,6.9,8.9,304.0
GMC,TERRAIN,SUV ,2.4,4.0,AT,휘발유,9.5,13.7,214.0
GMC,TERRAIN,SUV ,3.6,6.0,AT,휘발유,7.0,10.5,285.0
GMC,TERRAIN,SUV ,2.4,4.0,AT,휘발유,9.5,13.7,214.0
GMC,TERRAIN,SUV ,2.4,4.0,AT,휘발유,8.7,12.2,235.0
GMC,TERRAIN,SUV ,3.6,6.0,AT,휘발유,6.7,9.9,300.0
GMC,YUKON,SUV ,5.3,8.0,AT,휘발유,6.6,9.6,304.0
GMC,YUKON,SUV ,5.3,8.0,AT,휘발유,6.6,9.6,304.0
GMC,YUKON,SUV ,5.3,8.0,AT,휘발유,6.6,9.3,310.0
GMC,YUKON,SUV ,6.2,8.0,AT,고급유,6.3,9.0,323.0
GMC,YUKON,SUV ,5.3,8.0,AT,휘발유,6.6,9.3,310.0
GMC,YUKON,SUV ,5.3,8.0,AT,휘발유,6.6,9.6,304.0
GMC,YUKON,SUV ,5.3,8.0,AT,휘발유,6.6,9.6,304.0
GMC,YUKON,SUV ,5.3,8.0,AT,휘발유,6.5,9.3,312.0
GMC,YUKON,SUV ,6.2,8.0,AT,고급유,6.1,8.5,334.0
GMC,YUKON,SUV ,5.3,8.0,AT,휘발유,6.5,9.3,312.0
GMC,ACADIA,SUV ,2.5,4.0,AT,휘발유,9.1,10.9,239.0
GMC,ACADIA,SUV ,3.6,6.0,AT,휘발유,7.7,10.8,265.0
GMC,ACADIA,SUV ,2.5,4.0,AT,휘발유,8.9,10.6,243.0
GMC,ACADIA,SUV ,3.6,6.0,AT,휘발유,7.5,10.5,271.0
GMC,CANYON,PICKUP TRUCK ,2.5,4.0,AT,휘발유,8.3,10.9,252.0
GMC,CANYON,PICKUP TRUCK ,2.8,4.0,AT,경유,9.3,12.7,255.0
GMC,CANYON,PICKUP TRUCK ,3.6,6.0,AT,휘발유,7.5,10.4,274.0
GMC,CANYON,PICKUP TRUCK ,2.5,4.0,AT,휘발유,7.9,10.4,263.0
GMC,CANYON,PICKUP TRUCK ,2.8,4.0,AT,경유,8.3,11.9,280.0
GMC,CANYON,PICKUP TRUCK ,3.6,6.0,AT,휘발유,7.1,10.1,286.0
GMC,SAVANA,VAN ,6.0,8.0,AT,휘발유,4.6,6.8,438.0
GMC,SAVANA,VAN ,6.0,8.0,AT,휘발유,4.5,6.7,445.0
GMC,SIERRA,PICKUP TRUCK ,5.3,8.0,AT,휘발유,6.8,9.7,297.0
GMC,SIERRA,PICKUP TRUCK ,5.3,8.0,AT,휘발유,6.6,9.3,309.0
GMC,SIERRA,PICKUP TRUCK ,6.2,8.0,AT,고급유,6.3,8.9,323.0
GMC,SIERRA,PICKUP TRUCK ,4.3,6.0,AT,휘발유,7.5,10.0,279.0
GMC,SIERRA,PICKUP TRUCK ,5.3,8.0,AT,휘발유,6.8,9.7,298.0
GMC,SIERRA,PICKUP TRUCK ,5.3,8.0,AT,휘발유,6.7,9.3,307.0
GMC,SIERRA,PICKUP TRUCK ,5.3,8.0,AT,휘발유,6.3,8.7,327.0
GMC,SIERRA,PICKUP TRUCK ,6.2,8.0,AT,고급유,6.3,8.5,330.0
GMC,SIERRA,PICKUP TRUCK ,4.3,6.0,AT,휘발유,7.1,9.4,294.0
GMC,SIERRA,PICKUP TRUCK ,5.3,8.0,AT,휘발유,6.7,9.3,307.0
GMC,SIERRA,PICKUP TRUCK ,5.3,8.0,AT,휘발유,6.9,8.9,303.0
GMC,TERRAIN,SUV ,2.4,4.0,AT,휘발유,9.1,13.3,221.0
GMC,TERRAIN,SUV ,2.4,4.0,AT,휘발유,9.1,13.3,221.0
GMC,TERRAIN,SUV ,3.6,6.0,AT,휘발유,7.1,10.3,285.0
GMC,TERRAIN,SUV ,2.4,4.0,AT,휘발유,8.7,12.0,237.0
GMC,TERRAIN,SUV ,3.6,6.0,AT,휘발유,6.7,9.6,304.0
GMC,YUKON,SUV ,5.3,8.0,AT,휘발유,6.6,9.6,305.0
GMC,YUKON,SUV ,5.3,8.0,AT,휘발유,6.6,9.6,305.0
GMC,YUKON,SUV ,5.3,8.0,AT,휘발유,6.6,9.3,310.0
GMC,YUKON,SUV ,5.3,8.0,AT,휘발유,6.6,9.3,310.0
GMC,YUKON,SUV ,6.2,8.0,AT,고급유,6.3,8.5,330.0
GMC,YUKON,SUV ,5.3,8.0,AT,휘발유,6.6,9.6,305.0
GMC,YUKON,SUV ,5.3,8.0,AT,휘발유,6.6,9.6,305.0
GMC,YUKON,SUV ,5.3,8.0,AT,휘발유,6.5,9.3,312.0
GMC,YUKON,SUV ,5.3,8.0,AT,휘발유,6.5,9.3,312.0
GMC,YUKON,SUV ,6.2,8.0,AT,고급유,6.1,8.5,333.0
GMC,ACADIA,SUV ,2.5,4.0,AT,휘발유,9.1,10.9,239.0
GMC,ACADIA,SUV ,3.6,6.0,AT,휘발유,7.6,10.6,268.0
GMC,ACADIA,SUV ,2.5,4.0,AT,휘발유,8.9,10.6,243.0
GMC,ACADIA,SUV ,3.6,6.0,AT,휘발유,7.4,10.5,275.0
GMC,CANYON,PICKUP TRUCK ,2.5,4.0,AT,휘발유,8.3,10.9,253.0
GMC,CANYON,PICKUP TRUCK ,2.8,4.0,AT,경유,9.3,12.5,257.0
GMC,CANYON,PICKUP TRUCK ,3.6,6.0,AT,휘발유,7.5,10.4,274.0
GMC,CANYON,PICKUP TRUCK ,2.5,4.0,AT,휘발유,7.9,10.2,266.0
GMC,CANYON,PICKUP TRUCK ,2.8,4.0,AT,경유,8.3,12.0,279.0
GMC,CANYON,PICKUP TRUCK ,3.6,6.0,AT,휘발유,7.1,10.0,288.0
GMC,SIERRA,PICKUP TRUCK ,4.3,6.0,AT,휘발유,7.5,10.0,278.0
GMC,SIERRA,PICKUP TRUCK ,5.3,8.0,AT,휘발유,6.8,9.7,298.0
GMC,SIERRA,PICKUP TRUCK ,5.3,8.0,AT,휘발유,6.8,9.7,298.0
GMC,SIERRA,PICKUP TRUCK ,5.3,8.0,AT,휘발유,6.7,9.2,307.0
GMC,SIERRA,PICKUP TRUCK ,6.2,8.0,AT,고급유,6.3,8.9,323.0
GMC,SIERRA,PICKUP TRUCK ,5.3,8.0,AT,휘발유,7.5,10.0,278.0
GMC,SIERRA,PICKUP TRUCK ,4.3,6.0,AT,휘발유,7.1,9.4,294.0
GMC,SIERRA,PICKUP TRUCK ,5.3,8.0,AT,휘발유,6.7,9.3,307.0
GMC,SIERRA,PICKUP TRUCK ,5.3,8.0,AT,휘발유,6.7,9.3,307.0
GMC,SIERRA,PICKUP TRUCK ,5.3,8.0,AT,휘발유,6.4,8.6,324.0
GMC,SIERRA,PICKUP TRUCK ,6.2,8.0,AT,고급유,6.3,8.5,331.0
GMC,SIERRA,PICKUP TRUCK ,5.3,8.0,AT,휘발유,6.9,8.9,304.0
GMC,TERRAIN,SUV ,1.5,4.0,AT,휘발유,10.9,12.7,201.0
GMC,TERRAIN,SUV ,1.6,4.0,AT,경유,11.8,16.7,198.0
GMC,TERRAIN,SUV ,1.5,4.0,AT,휘발유,10.4,12.0,210.0
GMC,TERRAIN,SUV ,1.6,4.0,AT,경유,11.8,16.4,198.0
GMC,TERRAIN,SUV ,2.0,4.0,AT,고급유,8.9,11.1,239.0
GMC,YUKON,SUV ,5.3,8.0,AT,휘발유,6.6,9.6,305.0
GMC,YUKON,SUV ,5.3,8.0,AT,휘발유,6.6,9.6,305.0
GMC,YUKON,SUV ,5.3,8.0,AT,휘발유,6.6,9.3,310.0
GMC,YUKON,SUV ,5.3,8.0,AT,휘발유,6.6,9.3,310.0
GMC,YUKON,SUV ,6.2,8.0,AT,고급유,6.1,9.3,325.0
GMC,YUKON,SUV ,5.3,8.0,AT,휘발유,6.6,9.6,305.0
GMC,YUKON,SUV ,5.3,8.0,AT,휘발유,6.6,9.6,305.0
GMC,YUKON,SUV ,5.3,8.0,AT,휘발유,6.5,9.2,313.0
GMC,YUKON,SUV ,5.3,8.0,AT,휘발유,6.5,9.2,312.0
GMC,YUKON,SUV ,6.2,8.0,AT,고급유,5.8,8.8,340.0
GMC,ACADIA,SUV ,2.5,4.0,AT,휘발유,9.0,10.9,237.0
GMC,ACADIA,SUV ,3.6,6.0,AT,휘발유,7.6,10.6,268.0
GMC,ACADIA,SUV ,2.5,4.0,AT,휘발유,8.8,10.6,248.0
GMC,ACADIA,SUV ,3.6,6.0,AT,휘발유,7.4,10.5,275.0
GMC,CANYON,PICKUP TRUCK ,2.5,4.0,AT,휘발유,8.3,10.9,253.0
GMC,CANYON,PICKUP TRUCK ,2.8,4.0,AT,경유,8.5,12.7,270.0
GMC,CANYON,PICKUP TRUCK ,3.6,6.0,AT,휘발유,7.5,10.4,274.0
GMC,CANYON,PICKUP TRUCK ,2.5,4.0,AT,휘발유,7.9,10.2,267.0
GMC,CANYON,PICKUP TRUCK ,2.8,4.0,AT,경유,8.2,11.9,283.0
GMC,CANYON,PICKUP TRUCK ,3.6,6.0,AT,휘발유,7.1,10.1,286.0
GMC,SIERRA,PICKUP TRUCK ,2.7,4.0,AT,휘발유,8.4,9.7,261.0
GMC,SIERRA,PICKUP TRUCK ,4.3,6.0,AT,휘발유,6.6,8.7,317.0
GMC,SIERRA,PICKUP TRUCK ,5.3,8.0,AT,휘발유,6.3,8.8,326.0
GMC,SIERRA,PICKUP TRUCK ,5.3,8.0,AT,휘발유,6.4,8.4,329.0
GMC,SIERRA,PICKUP TRUCK ,5.3,8.0,AT,휘발유,7.0,9.6,294.0
GMC,SIERRA,PICKUP TRUCK ,2.7,4.0,AT,휘발유,7.9,9.2,277.0
GMC,SIERRA,PICKUP TRUCK ,4.3,6.0,AT,휘발유,6.3,8.4,329.0
GMC,SIERRA,PICKUP TRUCK ,5.3,8.0,AT,휘발유,6.3,8.5,330.0
GMC,SIERRA,PICKUP TRUCK ,5.3,8.0,AT,휘발유,6.3,8.0,339.0
GMC,SIERRA,PICKUP TRUCK ,5.3,8.0,AT,휘발유,6.5,8.9,316.0
GMC,SIERRA,PICKUP TRUCK ,5.3,8.0,AT,휘발유,6.5,8.5,320.0
GMC,SIERRA,PICKUP TRUCK ,6.2,8.0,AT,고급유,6.5,8.4,326.0
GMC,SIERRA,PICKUP TRUCK ,6.2,8.0,AT,고급유,6.4,8.1,332.0
GMC,SIERRA,PICKUP TRUCK ,5.3,8.0,AT,휘발유,6.4,9.2,317.0
GMC,SIERRA,PICKUP TRUCK ,5.3,8.0,AT,휘발유,6.3,8.8,325.0
GMC,TERRAIN,SUV ,1.5,4.0,AT,휘발유,10.9,12.7,201.0
GMC,TERRAIN,SUV ,1.6,4.0,AT,경유,11.8,16.7,199.0
GMC,TERRAIN,SUV ,1.5,4.0,AT,휘발유,10.4,12.0,210.0
GMC,TERRAIN,SUV ,1.6,4.0,AT,경유,11.8,16.4,199.0
GMC,TERRAIN,SUV ,2.0,4.0,AT,고급유,8.9,11.1,239.0
GMC,YUKON,SUV ,5.3,8.0,AT,휘발유,6.4,9.5,314.0
GMC,YUKON,SUV ,5.3,8.0,AT,휘발유,6.4,9.5,314.0
GMC,YUKON,SUV ,5.3,8.0,AT,휘발유,6.3,9.0,321.0
GMC,YUKON,SUV ,5.3,8.0,AT,휘발유,6.3,9.0,321.0
GMC,YUKON,SUV ,6.2,8.0,AT,고급유,6.1,9.3,325.0
GMC,YUKON,SUV ,5.3,8.0,AT,휘발유,6.4,9.5,314.0
GMC,YUKON,SUV ,5.3,8.0,AT,휘발유,6.4,9.5,314.0
GMC,YUKON,SUV ,5.3,8.0,AT,휘발유,6.0,8.8,336.0
GMC,YUKON,SUV ,5.3,8.0,AT,휘발유,6.0,8.8,336.0
GMC,YUKON,SUV ,6.2,8.0,AT,고급유,5.8,8.8,340.0
GMC,ACADIA,SUV ,2.0,4.0,AT,휘발유,9.1,12.0,225.0
GMC,ACADIA,SUV ,2.5,4.0,AT,휘발유,8.8,11.2,238.0
GMC,ACADIA,SUV ,3.6,6.0,AT,휘발유,7.9,11.4,257.0
GMC,ACADIA,SUV ,2.0,4.0,AT,휘발유,8.8,11.5,232.0
GMC,ACADIA,SUV ,3.6,6.0,AT,휘발유,7.6,10.6,269.0
GMC,CANYON,PICKUP TRUCK ,2.5,4.0,AT,휘발유,8.3,10.9,252.0
GMC,CANYON,PICKUP TRUCK ,2.8,4.0,AT,경유,8.5,12.7,270.0
GMC,CANYON,PICKUP TRUCK ,3.6,6.0,AT,휘발유,7.5,10.4,273.0
GMC,CANYON,PICKUP TRUCK ,2.5,4.0,AT,휘발유,7.9,10.3,265.0
GMC,CANYON,PICKUP TRUCK ,2.8,4.0,AT,경유,8.1,11.8,284.0
GMC,CANYON,PICKUP TRUCK ,3.6,6.0,AT,휘발유,7.1,10.1,286.0
GMC,SIERRA,PICKUP TRUCK ,2.7,4.0,AT,휘발유,8.4,9.7,262.0
GMC,SIERRA,PICKUP TRUCK ,2.7,4.0,AT,휘발유,8.0,9.3,275.0
GMC,SIERRA,PICKUP TRUCK ,3.0,6.0,AT,경유,9.8,12.8,245.0
GMC,SIERRA,PICKUP TRUCK ,4.3,6.0,AT,휘발유,6.6,8.7,318.0
GMC,SIERRA,PICKUP TRUCK ,5.3,8.0,AT,휘발유,6.3,8.8,326.0
GMC,SIERRA,PICKUP TRUCK ,5.3,8.0,AT,휘발유,6.3,7.9,339.0
GMC,SIERRA,PICKUP TRUCK ,5.3,8.0,AT,휘발유,7.1,9.9,288.0
GMC,SIERRA,PICKUP TRUCK ,2.7,4.0,AT,휘발유,8.0,9.3,275.0
GMC,SIERRA,PICKUP TRUCK ,2.7,4.0,AT,휘발유,7.9,9.1,280.0
GMC,SIERRA,PICKUP TRUCK ,3.0,6.0,AT,경유,9.5,11.0,265.0
GMC,SIERRA,PICKUP TRUCK ,3.0,6.0,AT,경유,9.5,11.0,265.0
GMC,SIERRA,PICKUP TRUCK ,4.3,6.0,AT,휘발유,6.4,8.3,331.0
GMC,SIERRA,PICKUP TRUCK ,5.3,8.0,AT,휘발유,6.3,8.5,331.0
GMC,SIERRA,PICKUP TRUCK ,5.3,8.0,AT,휘발유,6.1,7.9,344.0
GMC,SIERRA,PICKUP TRUCK ,5.3,8.0,AT,휘발유,6.0,7.6,354.0
GMC,SIERRA,PICKUP TRUCK ,5.3,8.0,AT,휘발유,6.8,9.3,304.0
GMC,SIERRA,PICKUP TRUCK ,5.3,8.0,AT,휘발유,6.6,8.8,314.0
GMC,SIERRA,PICKUP TRUCK ,5.3,8.0,AT,휘발유,7.0,9.4,298.0
GMC,SIERRA,PICKUP TRUCK ,5.3,8.0,AT,휘발유,6.8,8.9,307.0
GMC,SIERRA,PICKUP TRUCK ,6.2,8.0,AT,고급유,6.5,8.4,326.0
GMC,SIERRA,PICKUP TRUCK ,6.2,8.0,AT,고급유,6.4,8.1,332.0
GMC,TERRAIN,SUV ,1.5,4.0,AT,휘발유,10.9,12.8,202.0
GMC,TERRAIN,SUV ,1.5,4.0,AT,휘발유,10.5,12.0,210.0
GMC,TERRAIN,SUV ,2.0,4.0,AT,고급유,8.9,11.1,239.0
GMC,YUKON,SUV ,5.3,8.0,AT,휘발유,6.4,9.5,314.0
GMC,YUKON,SUV ,5.3,8.0,AT,휘발유,6.4,9.5,314.0
GMC,YUKON,SUV ,5.3,8.0,AT,휘발유,6.3,8.9,325.0
GMC,YUKON,SUV ,5.3,8.0,AT,휘발유,6.3,8.9,325.0
GMC,YUKON,SUV ,6.2,8.0,AT,고급유,6.1,9.2,327.0
GMC,YUKON,SUV ,5.3,8.0,AT,휘발유,6.4,9.5,314.0
GMC,YUKON,SUV ,5.3,8.0,AT,휘발유,6.4,9.5,314.0
GMC,YUKON,SUV ,5.3,8.0,AT,휘발유,6.0,8.8,337.0
GMC,YUKON,SUV ,5.3,8.0,AT,휘발유,6.0,8.8,337.0
GMC,YUKON,SUV ,6.2,8.0,AT,고급유,5.8,8.8,343.0
GMC,SAVANA 1500 CARGO,VAN - CARGO,5.3,8.0,AT,에탄올,4.26,5.65,334.0
GMC,SAVANA 1500 CARGO AWD,VAN - CARGO,5.3,8.0,AT,에탄올,4.22,5.32,344.0
GMC,SAVANA 1500 CARGO CONV,VAN - CARGO,5.3,8.0,AT,에탄올,4.18,5.41,344.0
GMC,SAVANA 1500 CARGO CONV AWD,VAN - CARGO,5.3,8.0,AT,에탄올,3.95,5.18,362.0
GMC,SAVANA 1500 PASSENGER,VAN - PASSENGER,5.3,8.0,AT,에탄올,4.18,5.41,344.0
GMC,SAVANA 1500 PASSENGER AWD,VAN - PASSENGER,5.3,8.0,AT,에탄올,3.95,5.18,362.0
GMC,SAVANA 2500 PASSENGER,VAN - PASSENGER,6.0,8.0,AT,에탄올,3.33,4.9,411.0
GMC,SAVANA 3500 PASSENGER,VAN - PASSENGER,6.0,8.0,AT,에탄올,3.31,4.88,413.0
GMC,SIERRA,PICKUP TRUCK - STANDARD,4.3,6.0,AT,에탄올,5.29,7.04,269.0
GMC,SIERRA,PICKUP TRUCK - STANDARD,5.3,8.0,AT,에탄올,5.13,7.3,270.0
GMC,SIERRA 4WD,PICKUP TRUCK - STANDARD,4.3,6.0,AT,에탄올,5.0,6.62,285.0
GMC,SIERRA 4WD,PICKUP TRUCK - STANDARD,5.3,8.0,AT,에탄올,5.03,7.04,277.0
GMC,TERRAIN,SUV - SMALL,3.6,6.0,AT,에탄올,5.32,7.63,259.0
GMC,TERRAIN AWD,SUV - SMALL,3.6,6.0,AT,에탄올,5.05,7.35,272.0
GMC,YUKON,SUV - STANDARD,5.3,8.0,AT,에탄올,4.65,6.85,294.0
GMC,YUKON 4WD,SUV - STANDARD,5.3,8.0,AT,에탄올,4.65,6.85,294.0
GMC,YUKON DENALI AWD,SUV - STANDARD,6.2,8.0,AT,에탄올,4.29,6.21,322.0
GMC,YUKON DENALI XL AWD,SUV - STANDARD,6.2,8.0,AT,에탄올,3.89,5.62,354.0
GMC,YUKON XL,SUV - STANDARD,5.3,8.0,AT,에탄올,4.65,6.85,294.0
GMC,YUKON XL 4WD,SUV - STANDARD,5.3,8.0,AT,에탄올,4.65,6.85,294.0
GMC,SAVANA 2500 PASSENGER FFV,VAN - PASSENGER,6.0,8.0,AT,에탄올,3.3,4.88,414.0
GMC,SAVANA 3500 PASSENGER FFV,VAN - PASSENGER,6.0,8.0,AT,에탄올,3.27,4.85,418.0
GMC,SIERRA,PICKUP TRUCK - STANDARD,4.3,6.0,AT,에탄올,5.18,6.99,274.0
GMC,SIERRA,PICKUP TRUCK - STANDARD,5.3,8.0,AT,에탄올,5.03,7.25,275.0
GMC,SIERRA 4WD,PICKUP TRUCK - STANDARD,4.3,6.0,AT,에탄올,4.93,6.58,288.0
GMC,SIERRA 4WD,PICKUP TRUCK - STANDARD,5.3,8.0,AT,에탄올,4.95,6.99,280.0
GMC,TERRAIN FFV,SUV - SMALL,2.4,4.0,AT,에탄올,6.41,9.26,214.0
GMC,YUKON,SUV - STANDARD,5.3,8.0,AT,에탄올,4.95,7.35,275.0
GMC,YUKON 4WD,SUV - STANDARD,5.3,8.0,AT,에탄올,4.88,7.14,282.0
GMC,YUKON XL,SUV - STANDARD,5.3,8.0,AT,에탄올,4.95,7.35,275.0
GMC,YUKON XL 4WD,SUV - STANDARD,5.3,8.0,AT,에탄올,4.52,6.49,306.0
GMC,SIERRA FFV,PICKUP TRUCK - STANDARD,4.3,6.0,AT,에탄올,5.18,6.94,284.0
GMC,SIERRA FFV,PICKUP TRUCK - STANDARD,5.3,8.0,AT,에탄올,5.03,7.14,286.0
GMC,SIERRA 4WD FFV,PICKUP TRUCK - STANDARD,4.3,6.0,AT,에탄올,4.93,6.54,301.0
GMC,SIERRA 4WD FFV,PICKUP TRUCK - STANDARD,5.3,8.0,AT,에탄올,4.88,6.94,295.0
GMC,TERRAIN FFV,SUV - SMALL,2.4,4.0,AT,에탄올,6.41,9.26,221.0
GMC,YUKON FFV,SUV - STANDARD,5.3,8.0,AT,에탄올,4.88,7.14,288.0
GMC,YUKON 4WD FFV,SUV - STANDARD,5.3,8.0,AT,에탄올,4.78,6.9,300.0
GMC,YUKON XL FFV,SUV - STANDARD,5.3,8.0,AT,에탄올,4.88,7.14,288.0
GMC,YUKON XL 4WD FFV,SUV - STANDARD,5.3,8.0,AT,에탄올,4.5,6.54,317.0
GMC,SIERRA FFV,PICKUP TRUCK - STANDARD,4.3,6.0,AT,에탄올,5.18,6.99,284.0
GMC,SIERRA FFV,PICKUP TRUCK - STANDARD,5.3,8.0,AT,에탄올,5.08,7.19,284.0
GMC,SIERRA 4WD FFV,PICKUP TRUCK - STANDARD,4.3,6.0,AT,에탄올,4.93,6.58,294.0
GMC,SIERRA 4WD FFV,PICKUP TRUCK - STANDARD,5.3,8.0,AT,에탄올,4.83,6.94,317.0
GMC,TERRAIN FFV,SUV - SMALL,2.4,4.0,AT,에탄올,6.41,9.09,223.0
GMC,YUKON FFV,SUV - STANDARD,5.3,8.0,AT,에탄올,5.0,7.41,284.0
GMC,YUKON 4WD FFV,SUV - STANDARD,5.3,8.0,AT,에탄올,4.81,6.9,299.0
GMC,YUKON XL FFV,SUV - STANDARD,5.3,8.0,AT,에탄올,5.0,7.41,284.0
GMC,YUKON XL 4WD FFV,SUV - STANDARD,5.3,8.0,AT,에탄올,4.52,6.49,317.0
GMC,SIERRA FFV,PICKUP TRUCK - STANDARD,4.3,6.0,AT,에탄올,5.18,6.94,284.0
GMC,SIERRA FFV,PICKUP TRUCK - STANDARD,5.3,8.0,AT,에탄올,5.08,7.19,283.0
GMC,SIERRA 4WD FFV,PICKUP TRUCK - STANDARD,4.3,6.0,AT,에탄올,4.95,6.58,296.0
GMC,SIERRA 4WD FFV,PICKUP TRUCK - STANDARD,5.3,8.0,AT,에탄올,4.76,6.67,309.0
GMC,YUKON FFV,SUV - STANDARD,5.3,8.0,AT,에탄올,5.05,7.19,285.0
GMC,YUKON 4WD FFV,SUV - STANDARD,5.3,8.0,AT,에탄올,4.81,6.9,299.0
GMC,YUKON XL FFV,SUV - STANDARD,5.3,8.0,AT,에탄올,5.05,7.19,285.0
GMC,YUKON XL 4WD FFV,SUV - STANDARD,5.3,8.0,AT,에탄올,4.48,6.37,321.0
GMC,Sierra FFV,PICKUP TRUCK - STANDARD,5.3,8.0,AT,에탄올,4.74,6.67,306.0
GMC,Sierra 4WD FFV,PICKUP TRUCK - STANDARD,5.3,8.0,AT,에탄올,4.55,6.21,323.0
GMC,Yukon FFV,SUV - STANDARD,5.3,8.0,AT,에탄올,4.72,7.19,298.0
GMC,Yukon 4WD FFV,SUV - STANDARD,5.3,8.0,AT,에탄올,4.61,6.99,305.0
GMC,Yukon XL FFV,SUV - STANDARD,5.3,8.0,AT,에탄올,4.72,7.19,298.0
GMC,Yukon XL 4WD FFV,SUV - STANDARD,5.3,8.0,AT,에탄올,4.5,6.58,317.0
GMC,Sierra FFV,PICKUP TRUCK - STANDARD,5.3,8.0,AT,에탄올,4.5,6.17,326.0
GMC,Sierra 4WD FFV,PICKUP TRUCK - STANDARD,5.3,8.0,AT,에탄올,4.59,5.95,325.0
GMC,Yukon FFV,SUV - STANDARD,5.3,8.0,AT,에탄올,4.72,7.19,298.0
GMC,Yukon 4WD FFV,SUV - STANDARD,5.3,8.0,AT,에탄올,4.61,6.99,305.0
GMC,Yukon XL FFV,SUV - STANDARD,5.3,8.0,AT,에탄올,4.72,7.19,298.0
GMC,Yukon XL 4WD FFV,SUV - STANDARD,5.3,8.0,AT,에탄올,4.5,6.54,319.0
HONDA,ACCORD,MID_SIZE,3.5,6.0,AT,휘발유,9.1,14.7,209.0
HONDA,CROSSTOUR,SUV ,3.5,6.0,AT,휘발유,8.0,11.8,246.0
HONDA,CR-V,SUV ,2.4,4.0,AT,휘발유,9.7,13.2,209.0
HONDA,CR-V,SUV ,2.4,4.0,AT,휘발유,9.4,12.7,216.0
HONDA,FIT,STATION WAGON ,1.5,4.0,AT,휘발유,12.0,15.4,172.0
HONDA,ODYSSEY,MINIVAN,3.5,6.0,AT,휘발유,8.1,11.8,244.0
HONDA,PILOT,SUV ,3.5,6.0,AT,휘발유,7.5,10.8,265.0
HONDA,PILOT,SUV ,3.5,6.0,AT,휘발유,7.2,10.3,276.0
HONDA,RIDGELINE,PICKUP TRUCK ,3.5,6.0,AT,휘발유,6.6,8.8,308.0
HONDA,ACCORD,MID_SIZE,3.5,6.0,AT,휘발유,9.1,14.7,209.0
HONDA,ODYSSEY,MINIVAN,3.5,6.0,AT,휘발유,8.1,11.8,244.0
HONDA,PILOT,SUV ,3.5,6.0,AT,휘발유,7.5,10.8,264.0
HONDA,PILOT,SUV ,3.5,6.0,AT,휘발유,7.2,10.3,276.0
HONDA,ACCORD,MID_SIZE,3.5,6.0,AT,휘발유,8.8,14.3,219.0
HONDA,ODYSSEY,MINIVAN,3.5,6.0,AT,휘발유,8.1,11.8,250.0
HONDA,PILOT,SUV ,3.5,6.0,AT,휘발유,8.1,11.4,253.0
HONDA,PILOT,SUV ,3.5,6.0,AT,휘발유,7.7,10.8,265.0
HONDA,ACCORD,MID_SIZE,3.5,6.0,AT,휘발유,8.8,13.9,223.0
HONDA,ODYSSEY,MINIVAN,3.5,6.0,AT,휘발유,8.1,11.6,251.0
HONDA,PILOT,SUV ,3.5,6.0,AT,휘발유,8.1,11.4,254.0
HONDA,PILOT,SUV ,3.5,6.0,AT,휘발유,7.7,10.8,266.0
HONDA,RIDGELINE,PICKUP TRUCK ,3.5,6.0,AT,휘발유,7.8,10.5,264.0
HONDA,PILOT,SUV ,3.5,6.0,AT,휘발유,7.7,10.8,266.0
HONDA,RIDGELINE,PICKUP TRUCK ,3.5,6.0,AT,휘발유,7.8,10.5,264.0
HONDA,PASSPORT,SUV ,3.5,6.0,AT,휘발유,8.0,10.2,265.0
HONDA,PILOT,SUV ,3.5,6.0,AT,휘발유,8.1,11.5,250.0
HONDA,PILOT,SUV ,3.5,6.0,AT,휘발유,7.7,10.8,266.0
HONDA,RIDGELINE,PICKUP TRUCK ,3.5,6.0,AT,휘발유,7.8,10.5,263.0
HONDA,PILOT,SUV ,3.5,6.0,AT,휘발유,7.7,10.8,266.0
HYUNDAI,ACCENT,COMPACT,1.6,4.0,AT,휘발유,11.4,15.9,177.0
HYUNDAI,ELANTRA,MID_SIZE,2.0,4.0,AT,휘발유,10.2,13.9,198.0
HYUNDAI,EQUUS,FULL_SIZE,5.0,8.0,AT,고급유,6.4,9.8,304.0
HYUNDAI,GENESIS,FULL_SIZE,3.8,6.0,AT,휘발유,7.7,11.5,255.0
HYUNDAI,SANTA,SUV ,3.3,6.0,AT,휘발유,7.7,11.0,258.0
HYUNDAI,SANTA,SUV ,3.3,6.0,AT,휘발유,7.5,10.5,267.0
HYUNDAI,SANTA,SUV ,2.4,4.0,AT,휘발유,8.6,11.5,237.0
HYUNDAI,SANTA,SUV ,2.0,4.0,AT,휘발유,7.8,10.3,264.0
HYUNDAI,SANTA,SUV ,2.4,4.0,AT,휘발유,8.0,10.6,255.0
HYUNDAI,SONATA,FULL_SIZE,2.0,4.0,AT,휘발유,8.8,13.3,221.0
HYUNDAI,SONATA,FULL_SIZE,2.4,4.0,AT,휘발유,10.2,14.3,196.0
HYUNDAI,TUCSON,SUV ,2.0,4.0,AT,휘발유,9.8,12.2,214.0
HYUNDAI,TUCSON,SUV ,2.4,4.0,AT,휘발유,8.8,12.0,230.0
HYUNDAI,TUCSON,SUV ,2.0,4.0,AT,휘발유,8.8,10.8,242.0
HYUNDAI,TUCSON,SUV ,2.4,4.0,AT,휘발유,8.6,10.8,244.0
HYUNDAI,VELOSTER,COMPACT,1.6,4.0,AT,휘발유,11.6,15.2,177.0
HYUNDAI,VELOSTER,COMPACT,1.6,4.0,AT,휘발유,10.1,13.3,202.0
HYUNDAI,VELOSTER,COMPACT,1.6,4.0,AT,휘발유,11.6,15.2,177.0
HYUNDAI,SONATA_HYBRID,MID_SIZE,2.0,4.0,AT,휘발유,16.9,18.9,133.0
HYUNDAI,SONATA_HYBRID,MID_SIZE,2.0,4.0,AT,휘발유,16.7,18.2,136.0
HYUNDAI,TUCSON,SUV ,1.6,4.0,AT,휘발유,10.1,11.9,219.0
HYUNDAI,VELOSTER,COMPACT,1.6,4.0,AT,휘발유,12.0,15.4,177.0
HYUNDAI,VELOSTER,COMPACT,1.6,4.0,AT,휘발유,11.2,14.1,191.0
HYUNDAI,IONIQ,FULL_SIZE,1.6,4.0,AT,휘발유,23.3,22.7,103.0
HYUNDAI,IONIQ,FULL_SIZE,1.6,4.0,AT,휘발유,23.8,25.0,96.0
HYUNDAI,TUCSON,SUV ,1.6,4.0,AT,휘발유,10.1,11.8,221.0
HYUNDAI,VELOSTER,COMPACT,1.6,4.0,AT,휘발유,12.0,14.9,180.0
HYUNDAI,ELANTRA,MID_SIZE,1.6,4.0,AT,휘발유,11.2,14.3,189.0
HYUNDAI,ELANTRA,FULL_SIZE,1.6,4.0,AT,휘발유,10.9,14.1,194.0
HYUNDAI,IONIQ,FULL_SIZE,1.6,4.0,AT,휘발유,23.3,22.7,102.0
HYUNDAI,IONIQ,FULL_SIZE,1.6,4.0,AT,휘발유,23.8,25.0,96.0
HYUNDAI,KONA,SUV ,1.6,4.0,AT,휘발유,11.1,12.5,
HYUNDAI,SONATA_HYBRID,MID_SIZE,2.0,4.0,AT,휘발유,16.7,18.9,135.0
HYUNDAI,SONATA_HYBRID,MID_SIZE,2.0,4.0,AT,휘발유,16.9,19.6,132.0
HYUNDAI,TUCSON,SUV ,1.6,4.0,AT,휘발유,10.1,11.8,221.0
HYUNDAI,ELANTRA,MID_SIZE,1.6,4.0,AT,휘발유,11.2,14.3,189.0
HYUNDAI,ELANTRA,FULL_SIZE,1.6,4.0,AT,휘발유,10.3,13.5,205.0
HYUNDAI,IONIQ,FULL_SIZE,1.6,4.0,AT,휘발유,23.3,22.7,104.0
HYUNDAI,IONIQ,FULL_SIZE,1.6,4.0,AT,휘발유,23.8,25.0,96.0
HYUNDAI,KONA,SUV ,1.6,4.0,AT,휘발유,11.1,12.5,201.0
HYUNDAI,SONATA_HYBRID,MID_SIZE,2.0,4.0,AT,휘발유,16.7,18.9,135.0
HYUNDAI,SONATA_HYBRID,MID_SIZE,2.0,4.0,AT,휘발유,16.9,19.6,132.0
HYUNDAI,VELOSTER,COMPACT,1.6,4.0,AT,휘발유,11.8,14.5,184.0
HYUNDAI,ELANTRA,MID_SIZE,1.6,4.0,AT,휘발유,11.2,14.3,192.0
HYUNDAI,ELANTRA,FULL_SIZE,1.6,4.0,AT,휘발유,10.3,13.5,205.0
HYUNDAI,IONIQ,FULL_SIZE,1.6,4.0,AT,휘발유,23.8,23.8,99.0
HYUNDAI,IONIQ,FULL_SIZE,1.6,4.0,AT,휘발유,23.8,25.0,96.0
HYUNDAI,KONA,SUV ,1.6,4.0,AT,휘발유,11.1,12.5,201.0
HYUNDAI,SONATA_HYBRID,FULL_SIZE,2.0,4.0,AT,휘발유,18.9,21.7,117.0
HYUNDAI,VELOSTER,COMPACT,1.6,4.0,AT,휘발유,11.8,14.5,184.0
INFINITI,QX30,COMPACT,2.0,4.0,AT,고급유,10.3,14.1,200.0
INFINITI,QX30,COMPACT,2.0,4.0,AT,고급유,9.4,12.5,221.0
INFINITI,QX30,COMPACT,2.0,4.0,AT,고급유,10.3,14.1,200.0
INFINITI,QX30,COMPACT,2.0,4.0,AT,고급유,9.4,12.5,221.0
JEEP,CHEROKEE,SUV ,2.4,4.0,AT,휘발유,9.2,13.0,218.0
JEEP,CHEROKEE,SUV ,3.2,6.0,AT,휘발유,8.1,12.0,242.0
JEEP,CHEROKEE,SUV ,2.4,4.0,AT,휘발유,8.8,12.0,230.0
JEEP,CHEROKEE,SUV ,3.2,6.0,AT,휘발유,8.0,11.4,248.0
JEEP,CHEROKEE,SUV ,2.4,4.0,AT,휘발유,8.8,11.6,232.0
JEEP,CHEROKEE,SUV ,3.2,6.0,AT,휘발유,8.0,11.0,253.0
JEEP,CHEROKEE,SUV ,2.4,4.0,AT,휘발유,8.3,10.6,251.0
JEEP,CHEROKEE,SUV ,3.2,6.0,AT,휘발유,7.5,10.5,267.0
JEEP,COMPASS,SUV ,2.0,4.0,AT,휘발유,9.0,12.0,225.0
JEEP,COMPASS,SUV ,2.4,4.0,AT,휘발유,9.0,12.0,225.0
JEEP,COMPASS,SUV ,2.4,4.0,AT,휘발유,8.8,11.5,235.0
JEEP,GRAND,SUV ,5.7,8.0,AT,휘발유,5.8,8.5,340.0
JEEP,GRAND,SUV ,3.0,6.0,AT,경유,8.9,11.9,267.0
JEEP,GRAND,SUV ,3.6,6.0,AT,휘발유,7.2,10.2,278.0
JEEP,GRAND,SUV ,6.4,8.0,AT,고급유,5.4,7.9,363.0
JEEP,PATRIOT,SUV ,2.0,4.0,AT,휘발유,9.0,12.0,225.0
JEEP,PATRIOT,SUV ,2.4,4.0,AT,휘발유,9.0,12.0,225.0
JEEP,PATRIOT,SUV ,2.4,4.0,AT,휘발유,8.8,11.5,235.0
JEEP,WRANGLER,SUV ,3.6,6.0,AT,휘발유,7.1,9.0,294.0
JEEP,WRANGLER,SUV ,3.6,6.0,AT,휘발유,6.8,8.5,308.0
JEEP,CHEROKEE,SUV ,2.4,4.0,AT,휘발유,9.2,13.0,218.0
JEEP,CHEROKEE,SUV ,2.4,4.0,AT,휘발유,9.2,13.0,218.0
JEEP,CHEROKEE,SUV ,3.2,6.0,AT,휘발유,8.8,12.3,228.0
JEEP,CHEROKEE,SUV ,2.4,4.0,AT,휘발유,8.8,12.0,230.0
JEEP,CHEROKEE,SUV ,2.4,4.0,AT,휘발유,8.8,12.0,230.0
JEEP,CHEROKEE,SUV ,3.2,6.0,AT,휘발유,8.6,11.8,235.0
JEEP,CHEROKEE,SUV ,2.4,4.0,AT,휘발유,8.8,11.6,232.0
JEEP,CHEROKEE,SUV ,3.2,6.0,AT,휘발유,7.9,11.2,251.0
JEEP,CHEROKEE,SUV ,2.4,4.0,AT,휘발유,8.3,10.6,251.0
JEEP,CHEROKEE,SUV ,3.2,6.0,AT,휘발유,8.2,11.1,248.0
JEEP,COMPASS,SUV ,2.4,4.0,AT,휘발유,8.9,11.6,230.0
JEEP,COMPASS,SUV ,2.4,4.0,AT,휘발유,8.8,11.5,235.0
JEEP,GRAND,SUV ,3.0,6.0,AT,경유,8.9,11.9,267.0
JEEP,GRAND,SUV ,3.6,6.0,AT,휘발유,7.2,10.2,278.0
JEEP,GRAND,SUV ,5.7,8.0,AT,휘발유,5.8,8.7,338.0
JEEP,GRAND,SUV ,6.4,8.0,AT,고급유,5.4,7.9,363.0
JEEP,PATRIOT,SUV ,2.4,4.0,AT,휘발유,8.9,11.6,230.0
JEEP,PATRIOT,SUV ,2.4,4.0,AT,휘발유,8.8,11.5,235.0
JEEP,RENEGADE,SUV ,2.4,4.0,AT,휘발유,9.3,13.0,216.0
JEEP,RENEGADE,SUV ,2.4,4.0,AT,휘발유,8.9,12.5,225.0
JEEP,WRANGLER,SUV ,3.6,6.0,AT,휘발유,7.1,9.0,294.0
JEEP,WRANGLER,SUV ,3.6,6.0,AT,휘발유,6.8,8.5,308.0
JEEP,CHEROKEE,SUV ,2.4,4.0,AT,휘발유,9.2,13.0,223.0
JEEP,CHEROKEE,SUV ,2.4,4.0,AT,휘발유,9.2,13.0,223.0
JEEP,CHEROKEE,SUV ,3.2,6.0,AT,휘발유,8.8,12.3,233.0
JEEP,CHEROKEE,SUV ,2.4,4.0,AT,휘발유,8.8,12.0,233.0
JEEP,CHEROKEE,SUV ,2.4,4.0,AT,휘발유,8.8,12.0,233.0
JEEP,CHEROKEE,SUV ,3.2,6.0,AT,휘발유,8.6,11.8,240.0
JEEP,CHEROKEE,SUV ,2.4,4.0,AT,휘발유,8.8,11.6,238.0
JEEP,CHEROKEE,SUV ,3.2,6.0,AT,휘발유,8.0,11.2,256.0
JEEP,CHEROKEE,SUV ,2.4,4.0,AT,휘발유,8.3,10.6,255.0
JEEP,CHEROKEE,SUV ,3.2,6.0,AT,휘발유,8.2,11.1,253.0
JEEP,COMPASS,SUV ,2.4,4.0,AT,휘발유,8.9,11.6,235.0
JEEP,COMPASS,SUV ,2.4,4.0,AT,휘발유,8.5,11.0,248.0
JEEP,GRAND,SUV ,3.6,6.0,AT,휘발유,7.8,10.5,265.0
JEEP,GRAND,SUV ,5.7,8.0,AT,휘발유,6.0,9.3,329.0
JEEP,GRAND,SUV ,3.0,6.0,AT,경유,8.9,11.9,267.0
JEEP,GRAND,SUV ,6.4,8.0,AT,고급유,5.4,7.9,370.0
JEEP,PATRIOT,SUV ,2.4,4.0,AT,휘발유,8.9,11.6,235.0
JEEP,PATRIOT,SUV ,2.4,4.0,AT,휘발유,8.5,11.0,248.0
JEEP,RENEGADE,SUV ,2.4,4.0,AT,휘발유,9.3,13.0,220.0
JEEP,RENEGADE,SUV ,2.4,4.0,AT,휘발유,8.9,12.5,229.0
JEEP,WRANGLER,SUV ,3.6,6.0,AT,휘발유,7.1,9.0,299.0
JEEP,WRANGLER,SUV ,3.6,6.0,AT,휘발유,6.8,8.5,314.0
JEEP,CHEROKEE,SUV ,2.4,4.0,AT,휘발유,9.1,12.8,225.0
JEEP,CHEROKEE,SUV ,3.2,6.0,AT,휘발유,8.8,12.0,234.0
JEEP,CHEROKEE,SUV ,2.4,4.0,AT,휘발유,8.8,11.9,235.0
JEEP,CHEROKEE,SUV ,3.2,6.0,AT,휘발유,8.6,11.6,241.0
JEEP,CHEROKEE,SUV ,2.4,4.0,AT,휘발유,8.8,11.5,240.0
JEEP,CHEROKEE,SUV ,3.2,6.0,AT,휘발유,7.8,11.1,259.0
JEEP,CHEROKEE,SUV ,2.4,4.0,AT,휘발유,8.3,10.6,256.0
JEEP,CHEROKEE,SUV ,3.2,6.0,AT,휘발유,7.8,10.1,269.0
JEEP,COMPASS,SUV ,2.4,4.0,AT,휘발유,8.8,11.5,238.0
JEEP,COMPASS,SUV ,2.4,4.0,AT,휘발유,8.5,10.9,249.0
JEEP,GRAND,SUV ,3.6,6.0,AT,휘발유,7.9,10.4,265.0
JEEP,GRAND,SUV ,5.7,8.0,AT,휘발유,6.0,9.3,328.0
JEEP,GRAND,SUV ,6.4,8.0,AT,고급유,5.5,7.9,368.0
JEEP,NEW,SUV ,2.4,4.0,AT,휘발유,9.4,13.2,218.0
JEEP,NEW,SUV ,2.4,4.0,AT,휘발유,9.3,12.8,222.0
JEEP,PATRIOT,SUV ,2.4,4.0,AT,휘발유,8.8,11.5,238.0
JEEP,PATRIOT,SUV ,2.4,4.0,AT,휘발유,8.5,10.9,249.0
JEEP,RENEGADE,SUV ,2.4,4.0,AT,휘발유,9.3,12.8,222.0
JEEP,RENEGADE,SUV ,2.4,4.0,AT,휘발유,8.9,12.2,230.0
JEEP,WRANGLER,SUV ,3.6,6.0,AT,휘발유,7.1,9.0,299.0
JEEP,WRANGLER,SUV ,3.6,6.0,AT,휘발유,6.8,8.5,313.0
JEEP,CHEROKEE,SUV ,2.4,4.0,AT,휘발유,9.1,12.8,225.0
JEEP,CHEROKEE,SUV ,3.2,6.0,AT,휘발유,8.8,12.0,234.0
JEEP,CHEROKEE,SUV ,2.4,4.0,AT,휘발유,8.8,11.9,235.0
JEEP,CHEROKEE,SUV ,2.4,4.0,AT,휘발유,8.8,11.9,235.0
JEEP,CHEROKEE,SUV ,3.2,6.0,AT,휘발유,8.6,11.6,241.0
JEEP,CHEROKEE,SUV ,2.4,4.0,AT,휘발유,8.8,11.5,239.0
JEEP,CHEROKEE,SUV ,3.2,6.0,AT,휘발유,7.8,11.1,259.0
JEEP,CHEROKEE,SUV ,2.4,4.0,AT,휘발유,8.3,10.6,256.0
JEEP,CHEROKEE,SUV ,3.2,6.0,AT,휘발유,7.8,10.1,269.0
JEEP,COMPASS,SUV ,2.4,4.0,AT,휘발유,9.4,13.2,218.0
JEEP,COMPASS,SUV ,2.4,4.0,AT,휘발유,9.3,12.8,222.0
JEEP,GRAND,SUV ,3.0,6.0,AT,경유,8.9,11.8,268.0
JEEP,GRAND,SUV ,3.6,6.0,AT,휘발유,7.9,10.4,265.0
JEEP,GRAND,SUV ,5.7,8.0,AT,휘발유,6.0,9.2,331.0
JEEP,GRAND,SUV ,6.4,8.0,AT,고급유,5.5,7.9,368.0
JEEP,GRAND,SUV ,6.2,8.0,AT,고급유,4.8,7.2,413.0
JEEP,NEW,SUV ,2.0,4.0,AT,휘발유,9.5,10.6,233.0
JEEP,NEW,SUV ,3.6,6.0,AT,휘발유,7.8,9.6,274.0
JEEP,NEW,SUV ,2.0,4.0,AT,휘발유,9.2,10.0,245.0
JEEP,NEW,SUV ,3.6,6.0,AT,휘발유,7.8,9.8,275.0
JEEP,RENEGADE,SUV ,2.4,4.0,AT,휘발유,9.3,12.8,222.0
JEEP,RENEGADE,SUV ,2.4,4.0,AT,휘발유,9.3,12.8,222.0
JEEP,RENEGADE,SUV ,2.4,4.0,AT,휘발유,8.9,12.2,230.0
JEEP,WRANGLER,SUV ,3.6,6.0,AT,휘발유,7.1,9.0,299.0
JEEP,WRANGLER,SUV ,3.6,6.0,AT,휘발유,6.8,8.5,313.0
JEEP,CHEROKEE,SUV ,2.0,4.0,AT,휘발유,9.6,13.2,214.0
JEEP,CHEROKEE,SUV ,2.4,4.0,AT,휘발유,9.3,13.2,219.0
JEEP,CHEROKEE,SUV ,3.2,6.0,AT,휘발유,8.4,12.2,240.0
JEEP,CHEROKEE,SUV ,2.0,4.0,AT,휘발유,8.9,12.5,229.0
JEEP,CHEROKEE,SUV ,2.4,4.0,AT,휘발유,8.9,12.5,230.0
JEEP,CHEROKEE,SUV ,3.2,6.0,AT,휘발유,8.2,11.6,249.0
JEEP,CHEROKEE,SUV ,2.0,4.0,AT,휘발유,8.7,11.6,240.0
JEEP,CHEROKEE,SUV ,3.2,6.0,AT,휘발유,7.8,11.1,259.0
JEEP,CHEROKEE,SUV ,2.0,4.0,AT,휘발유,8.5,10.9,249.0
JEEP,CHEROKEE,SUV ,3.2,6.0,AT,휘발유,7.8,10.1,269.0
JEEP,COMPASS,SUV ,2.4,4.0,AT,휘발유,9.4,13.2,218.0
JEEP,COMPASS,SUV ,2.4,4.0,AT,휘발유,9.3,12.8,222.0
JEEP,GRAND,SUV ,3.6,6.0,AT,휘발유,7.9,10.4,265.0
JEEP,GRAND,SUV ,5.7,8.0,AT,휘발유,6.0,9.2,331.0
JEEP,GRAND,SUV ,3.0,6.0,AT,경유,8.9,11.8,268.0
JEEP,GRAND,SUV ,6.4,8.0,AT,고급유,5.5,7.9,368.0
JEEP,GRAND,SUV ,6.2,8.0,AT,고급유,4.8,7.2,413.0
JEEP,RENEGADE,SUV ,1.3,4.0,AT,휘발유,10.2,13.5,204.0
JEEP,RENEGADE,SUV ,2.4,4.0,AT,휘발유,9.3,12.8,222.0
JEEP,RENEGADE,SUV ,1.3,4.0,AT,휘발유,9.9,12.3,216.0
JEEP,RENEGADE,SUV ,2.4,4.0,AT,휘발유,8.9,12.2,230.0
JEEP,RENEGADE,SUV ,1.3,4.0,AT,휘발유,9.3,11.5,230.0
JEEP,WRANGLER,SUV ,2.0,4.0,AT,휘발유,9.5,10.6,233.0
JEEP,WRANGLER,SUV ,3.6,6.0,AT,휘발유,7.8,9.6,274.0
JEEP,WRANGLER,SUV ,2.0,4.0,AT,휘발유,9.2,10.0,245.0
JEEP,WRANGLER,SUV ,3.6,6.0,AT,휘발유,7.8,9.8,275.0
JEEP,CHEROKEE,SUV ,2.0,4.0,AT,휘발유,9.6,13.2,214.0
JEEP,CHEROKEE,SUV ,2.4,4.0,AT,휘발유,9.3,13.2,219.0
JEEP,CHEROKEE,SUV ,3.2,6.0,AT,휘발유,8.4,12.2,240.0
JEEP,CHEROKEE,SUV ,2.0,4.0,AT,휘발유,8.9,12.5,229.0
JEEP,CHEROKEE,SUV ,2.4,4.0,AT,휘발유,8.9,12.5,230.0
JEEP,CHEROKEE,SUV ,3.2,6.0,AT,휘발유,8.2,11.6,249.0
JEEP,CHEROKEE,SUV ,2.0,4.0,AT,휘발유,8.7,11.6,240.0
JEEP,CHEROKEE,SUV ,3.2,6.0,AT,휘발유,7.8,11.1,259.0
JEEP,CHEROKEE,SUV ,2.0,4.0,AT,휘발유,8.5,10.9,249.0
JEEP,CHEROKEE,SUV ,3.2,6.0,AT,휘발유,7.8,10.1,269.0
JEEP,COMPASS,SUV ,2.4,4.0,AT,휘발유,9.4,13.2,218.0
JEEP,COMPASS,SUV ,2.4,4.0,AT,휘발유,9.3,12.8,222.0
JEEP,GLADIATOR,PICKUP TRUCK ,3.6,6.0,AT,휘발유,7.3,9.3,290.0
JEEP,GRAND,SUV ,3.6,6.0,AT,휘발유,7.9,10.4,265.0
JEEP,GRAND,SUV ,5.7,8.0,AT,휘발유,6.0,9.2,331.0
JEEP,GRAND,SUV ,6.2,8.0,AT,고급유,4.8,7.2,413.0
JEEP,GRAND,SUV ,6.4,8.0,AT,고급유,5.5,7.9,368.0
JEEP,RENEGADE,SUV ,1.3,4.0,AT,휘발유,10.2,13.5,204.0
JEEP,RENEGADE,SUV ,2.4,4.0,AT,휘발유,9.3,12.8,222.0
JEEP,RENEGADE,SUV ,1.3,4.0,AT,휘발유,9.9,12.3,216.0
JEEP,RENEGADE,SUV ,1.3,4.0,AT,휘발유,9.3,11.5,230.0
JEEP,RENEGADE,SUV ,2.4,4.0,AT,휘발유,8.9,12.2,230.0
JEEP,WRANGLER,SUV ,2.0,4.0,AT,휘발유,9.3,10.2,241.0
JEEP,WRANGLER,SUV ,3.6,6.0,AT,휘발유,7.8,9.6,274.0
JEEP,WRANGLER,SUV ,3.6,6.0,AT,휘발유,8.3,10.2,259.0
JEEP,WRANGLER,SUV ,2.0,4.0,AT,휘발유,8.7,9.2,263.0
JEEP,WRANGLER,SUV ,2.0,4.0,AT,휘발유,8.8,9.5,257.0
JEEP,WRANGLER,SUV ,3.0,6.0,AT,경유,9.4,12.3,255.0
JEEP,WRANGLER,SUV ,3.6,6.0,AT,휘발유,7.8,9.3,280.0
JEEP,WRANGLER,SUV ,3.6,6.0,AT,휘발유,7.9,9.3,276.0
KIA,CADENZA,FULL_SIZE,3.3,6.0,AT,휘발유,7.9,11.4,251.0
KIA,FORTE,MID_SIZE,1.8,4.0,AT,휘발유,10.4,15.2,191.0
KIA,FORTE,MID_SIZE,2.0,4.0,AT,휘발유,10.2,15.2,193.0
KIA,FORTE,FULL_SIZE,1.6,4.0,AT,휘발유,9.0,12.5,223.0
KIA,FORTE,COMPACT,1.6,4.0,AT,휘발유,9.4,12.7,216.0
KIA,FORTE,COMPACT,2.0,4.0,AT,휘발유,10.4,14.3,193.0
KIA,OPTIMA,MID_SIZE,2.0,4.0,AT,휘발유,8.5,13.2,228.0
KIA,OPTIMA,MID_SIZE,2.4,4.0,AT,휘발유,9.8,14.7,200.0
KIA,RIO,COMPACT,1.6,4.0,AT,휘발유,11.5,15.9,175.0
KIA,RIO_ECO,COMPACT,1.6,4.0,AT,휘발유,11.8,15.6,175.0
KIA,RONDO,STATION WAGON ,2.0,4.0,AT,휘발유,9.5,13.3,212.0
KIA,SEDONA,MINIVAN,3.5,6.0,AT,휘발유,7.3,10.1,276.0
KIA,SORENTO,SUV ,2.4,4.0,AT,휘발유,8.5,11.8,237.0
KIA,SORENTO,SUV ,3.3,6.0,AT,휘발유,7.8,10.5,262.0
KIA,SORENTO,SUV ,2.4,4.0,AT,휘발유,8.1,10.8,253.0
KIA,SORENTO,SUV ,3.3,6.0,AT,휘발유,7.5,10.1,271.0
KIA,SOUL,STATION WAGON ,1.6,4.0,AT,휘발유,10.2,12.7,205.0
KIA,SOUL,STATION WAGON ,2.0,4.0,AT,휘발유,9.9,12.8,209.0
KIA,SOUL_ECO,STATION WAGON ,2.0,4.0,AT,휘발유,10.3,12.8,202.0
KIA,SPORTAGE,SUV ,2.4,4.0,AT,휘발유,8.8,12.0,230.0
KIA,SPORTAGE,SUV ,2.0,4.0,AT,휘발유,7.9,10.3,262.0
KIA,SPORTAGE,SUV ,2.4,4.0,AT,휘발유,8.3,11.0,246.0
KIA,OPTIMA,FULL_SIZE,1.6,4.0,AT,휘발유,11.9,16.4,175.0
KIA,OPTIMA_HYBRID,MID_SIZE,2.4,4.0,AT,휘발유,15.2,16.9,147.0
KIA,OPTIMA_HYBRID,MID_SIZE,2.4,4.0,AT,휘발유,14.9,16.4,150.0
KIA,FORTE,FULL_SIZE,1.6,4.0,AT,휘발유,10.6,12.7,207.0
KIA,FORTE,COMPACT,1.6,4.0,AT,휘발유,10.4,13.5,204.0
KIA,NIRO,STATION WAGON ,1.6,4.0,AT,휘발유,21.7,19.6,114.0
KIA,NIRO,STATION WAGON ,1.6,4.0,AT,휘발유,22.2,20.8,110.0
KIA,NIRO,STATION WAGON ,1.6,4.0,AT,휘발유,19.6,17.2,129.0
KIA,SOUL,STATION WAGON ,1.6,4.0,AT,휘발유,11.0,13.0,199.0
KIA,FORTE,FULL_SIZE,1.6,4.0,AT,휘발유,10.6,12.7,207.0
KIA,NIRO,STATION WAGON ,1.6,4.0,AT,휘발유,21.7,19.6,114.0
KIA,NIRO,STATION WAGON ,1.6,4.0,AT,휘발유,22.2,20.8,110.0
KIA,NIRO,STATION WAGON ,1.6,4.0,AT,휘발유,19.6,17.2,129.0
KIA,OPTIMA_HYBRID,MID_SIZE,2.0,4.0,AT,휘발유,16.7,19.6,132.0
KIA,SOUL,STATION WAGON ,1.6,4.0,AT,휘발유,11.0,13.0,199.0
KIA,NIRO,STATION WAGON ,1.6,4.0,AT,휘발유,21.7,19.6,114.0
KIA,NIRO,STATION WAGON ,1.6,4.0,AT,휘발유,22.2,20.8,110.0
KIA,NIRO,STATION WAGON ,1.6,4.0,AT,휘발유,19.6,17.2,129.0
KIA,OPTIMA_HYBRID,MID_SIZE,2.0,4.0,AT,휘발유,16.4,19.2,133.0
KIA,SOUL,STATION WAGON ,1.6,4.0,AT,휘발유,11.0,13.0,199.0
KIA,FORTE,MID_SIZE,1.6,4.0,AT,휘발유,11.5,15.2,184.0
KIA,FORTE,FULL_SIZE,1.6,4.0,AT,휘발유,11.2,14.5,190.0
KIA,NIRO,STATION WAGON ,1.6,4.0,AT,휘발유,21.7,19.6,114.0
KIA,NIRO,STATION WAGON ,1.6,,AT,휘발유,22.2,20.8,110.0
KIA,NIRO,STATION WAGON ,1.6,4.0,AT,휘발유,19.6,17.2,129.0
KIA,OPTIMA_HYBRID,MID_SIZE,2.0,4.0,AT,휘발유,16.9,19.2,132.0
LAMBORGHINI,AVENTADOR,TWO_SEATER,6.5,12.0,AT,고급유,4.4,7.8,421.0
LAMBORGHINI,GALLARDO,TWO_SEATER,5.2,10.0,AT,고급유,5.6,7.8,361.0
LAMBORGHINI,AVENTADOR,TWO_SEATER,6.5,12.0,AT,고급유,4.5,7.9,412.0
LAMBORGHINI,AVENTADOR,TWO_SEATER,6.5,12.0,AT,고급유,4.2,6.9,453.0
LAMBORGHINI,HURACAN,TWO_SEATER,5.2,10.0,AT,고급유,6.0,8.5,334.0
LAMBORGHINI,VENENO,TWO_SEATER,6.5,12.0,AT,고급유,4.5,7.2,423.0
LAMBORGHINI,AVENTADOR,TWO_SEATER,6.5,12.0,AT,고급유,4.5,7.9,420.0
LAMBORGHINI,AVENTADOR,TWO_SEATER,6.5,12.0,AT,고급유,4.2,7.1,452.0
LAMBORGHINI,HURACAN,TWO_SEATER,5.2,10.0,AT,고급유,6.1,8.8,331.0
LAMBORGHINI,HURACAN,TWO_SEATER,5.2,10.0,AT,고급유,5.9,8.5,340.0
LAMBORGHINI,AVENTADOR,TWO_SEATER,6.5,12.0,AT,고급유,4.5,7.9,428.0
LAMBORGHINI,AVENTADOR,TWO_SEATER,6.5,12.0,AT,고급유,4.2,6.9,461.0
LAMBORGHINI,AVENTADOR,TWO_SEATER,6.5,12.0,AT,고급유,4.3,7.4,438.0
LAMBORGHINI,AVENTADOR,TWO_SEATER,6.5,12.0,AT,고급유,4.2,6.9,461.0
LAMBORGHINI,HURACAN,TWO_SEATER,5.2,10.0,AT,고급유,6.1,8.8,331.0
LAMBORGHINI,HURACAN,TWO_SEATER,5.2,10.0,AT,고급유,5.9,8.5,340.0
LAMBORGHINI,AVENTADOR,TWO_SEATER,6.5,12.0,AT,고급유,4.2,7.1,454.0
LAMBORGHINI,AVENTADOR,TWO_SEATER,6.5,12.0,AT,고급유,4.1,6.9,464.0
LAMBORGHINI,AVENTADOR,TWO_SEATER,6.5,12.0,AT,고급유,4.2,7.1,454.0
LAMBORGHINI,AVENTADOR,TWO_SEATER,6.5,12.0,AT,고급유,4.1,6.9,464.0
LAMBORGHINI,HURACAN,TWO_SEATER,5.2,10.0,AT,고급유,6.0,8.8,336.0
LAMBORGHINI,HURACAN,TWO_SEATER,5.2,10.0,AT,고급유,5.8,8.2,349.0
LAMBORGHINI,HURACAN,TWO_SEATER,5.2,10.0,AT,고급유,6.0,8.5,337.0
LAMBORGHINI,HURACAN,TWO_SEATER,5.2,10.0,AT,고급유,5.8,8.1,350.0
LAMBORGHINI,AVENTADOR,TWO_SEATER,6.5,12.0,AT,고급유,3.8,6.4,487.0
LAMBORGHINI,AVENTADOR,TWO_SEATER,6.5,12.0,AT,고급유,3.8,6.3,493.0
LAMBORGHINI,HURACAN,TWO_SEATER,5.2,10.0,AT,고급유,5.5,7.6,366.0
LAMBORGHINI,HURACAN,TWO_SEATER,5.2,10.0,AT,고급유,5.6,7.7,370.0
LAMBORGHINI,HURACAN,TWO_SEATER,5.2,10.0,AT,고급유,5.5,7.6,366.0
LAMBORGHINI,HURACAN,TWO_SEATER,5.2,10.0,AT,고급유,5.6,7.7,370.0
LAMBORGHINI,HURACAN,TWO_SEATER,5.2,10.0,AT,고급유,5.6,7.7,370.0
LAMBORGHINI,HURACAN,TWO_SEATER,5.2,10.0,AT,고급유,5.6,7.7,370.0
LAMBORGHINI,AVENTADOR,TWO_SEATER,6.5,12.0,AT,고급유,3.8,6.5,485.0
LAMBORGHINI,AVENTADOR,TWO_SEATER,6.5,12.0,AT,고급유,1.0,6.3,493.0
LAMBORGHINI,HURACAN,TWO_SEATER,5.2,10.0,AT,고급유,5.6,7.8,370.0
LAMBORGHINI,HURACAN,TWO_SEATER,5.2,10.0,AT,고급유,5.6,7.8,370.0
LAMBORGHINI,HURACAN,TWO_SEATER,5.2,10.0,AT,고급유,5.6,7.8,370.0
LAMBORGHINI,HURACAN,TWO_SEATER,5.2,10.0,AT,고급유,5.6,7.8,370.0
LAND ROVER,RANGE ROVER LWB V8 5.0 SC FFV,SUV - STANDARD,5.0,8.0,AT,에탄올,4.0,5.92,342.0
LAND ROVER,RANGE ROVER SPORT V6 3.0 SC FFV,SUV - STANDARD,3.0,6.0,AT,에탄올,5.15,6.71,278.0
LAND ROVER,RANGE ROVER SPORT V8 5.0 SC FFV,SUV - STANDARD,5.0,8.0,AT,에탄올,4.17,6.02,331.0
LAND ROVER,RANGE ROVER V6 3.0 SC FFV,SUV - STANDARD,3.0,6.0,AT,에탄올,5.15,6.76,277.0
LAND ROVER,RANGE ROVER V8 5.0 SC FFV,SUV - STANDARD,5.0,8.0,AT,에탄올,4.0,5.92,342.0
LAND ROVER,RANGE ROVER SUPERCHARGED,SUV - STANDARD,5.0,8.0,AT,에탄올,4.0,5.92,342.0
LAND ROVER,RANGE ROVER SUPERCHARGED LWB,SUV - STANDARD,5.0,8.0,AT,에탄올,4.0,5.92,342.0
LAND ROVER,RANGE ROVER SPORT SUPERCHARGED,SUV - STANDARD,5.0,8.0,AT,에탄올,4.17,6.02,331.0
LINCOLN,MKT,SPECIAL PURPOSE VEHICLE,3.7,6.0,AT,휘발유,7.1,10.1,281.0
LINCOLN,NAVIGATOR,SUV ,5.4,8.0,AT,휘발유,5.5,7.5,368.0
LINCOLN,MKT,SPECIAL PURPOSE VEHICLE,3.7,6.0,AT,휘발유,7.1,10.0,281.0
LINCOLN,MKT,SPECIAL PURPOSE VEHICLE,3.7,6.0,AT,휘발유,6.8,9.8,298.0
LINCOLN,MKT,SPECIAL PURPOSE VEHICLE,3.7,6.0,AT,휘발유,6.8,9.8,298.0
LINCOLN,MKT,SPECIAL PURPOSE VEHICLE,3.7,6.0,AT,휘발유,6.8,9.8,298.0
LINCOLN,MKT,SPECIAL PURPOSE VEHICLE,3.7,6.0,AT,휘발유,6.8,9.7,297.0
LINCOLN,NAVIGATOR 4X4 FFV,SUV - STANDARD,5.4,8.0,AT,에탄올,4.08,5.56,346.0
MERCEDES-BENZ,SLS,TWO_SEATER,6.2,8.0,AT,고급유,5.5,7.9,359.0
MERCEDES-BENZ,SLS,TWO_SEATER,6.2,8.0,AT,고급유,5.5,7.9,359.0
MERCEDES-BENZ,AMG_GT,TWO_SEATER,4.0,8.0,AT,고급유,6.9,9.3,303.0
MERCEDES-BENZ,GLE_350D,SUV ,3.0,6.0,AT,경유,9.9,12.5,246.0
MERCEDES-BENZ,GLE_350D,SUV ,3.0,6.0,AT,경유,9.6,12.2,253.0
MERCEDES-BENZ,GLE_450,SUV ,3.0,6.0,AT,고급유,7.4,9.8,281.0
MERCEDES-BENZ,SLK,TWO_SEATER,2.0,4.0,AT,고급유,10.4,13.7,199.0
MERCEDES-BENZ,AMG,SUV ,3.0,6.0,AT,고급유,5.7,9.0,353.0
MERCEDES-BENZ,AMG,SUV ,3.0,6.0,AT,고급유,7.4,9.9,281.0
MERCEDES-BENZ,AMG,SUV ,3.0,6.0,AT,고급유,7.4,9.8,281.0
MERCEDES-BENZ,AMG,TWO_SEATER,3.0,6.0,AT,고급유,8.6,12.2,234.0
MERCEDES-BENZ,C,SUBCOMPACT,2.0,4.0,AT,고급유,9.3,12.5,222.0
MERCEDES-BENZ,CLS,COMPACT,4.7,8.0,AT,고급유,7.4,10.6,275.0
MERCEDES-BENZ,E,MID_SIZE,2.0,4.0,AT,고급유,9.3,12.3,246.0
MERCEDES-BENZ,E,MID_SIZE,3.0,6.0,AT,고급유,8.5,11.6,245.0
MERCEDES-BENZ,E,STATION WAGON ,3.0,6.0,AT,고급유,8.1,10.8,259.0
MERCEDES-BENZ,GLC,SUV ,2.0,4.0,AT,고급유,9.0,11.8,233.0
MERCEDES-BENZ,GLE,SUV ,3.0,6.0,AT,고급유,7.6,9.9,276.0
MERCEDES-BENZ,GLE,SUV ,4.7,8.0,AT,고급유,6.5,8.8,318.0
MERCEDES-BENZ,GLS,SUV ,3.0,6.0,AT,고급유,6.9,8.8,306.0
MERCEDES-BENZ,GLS,SUV ,4.7,8.0,AT,고급유,6.0,7.8,347.0
MERCEDES-BENZ,S,MID_SIZE,4.7,8.0,AT,고급유,7.0,10.9,280.0
MERCEDES-BENZ,S,FULL_SIZE,4.7,8.0,AT,고급유,7.0,10.9,280.0
MERCEDES-BENZ,S,COMPACT,4.7,8.0,AT,고급유,7.2,10.8,276.0
MERCEDES-BENZ,S,COMPACT,4.7,8.0,AT,고급유,7.1,10.8,278.0
MERCEDES-BENZ,SL,TWO_SEATER,3.0,6.0,AT,고급유,8.7,11.9,237.0
MERCEDES-BENZ,SL,TWO_SEATER,4.7,8.0,AT,고급유,7.4,10.5,275.0
MERCEDES-BENZ,SLC,TWO_SEATER,2.0,4.0,AT,고급유,10.5,13.9,200.0
MERCEDES-BENZ,AMG,COMPACT,3.0,6.0,AT,고급유,8.5,11.4,244.0
MERCEDES-BENZ,AMG,SUBCOMPACT,3.0,6.0,AT,고급유,8.1,10.6,256.0
MERCEDES-BENZ,AMG,SUBCOMPACT,3.0,6.0,AT,고급유,8.5,11.4,245.0
MERCEDES-BENZ,AMG,COMPACT,4.0,8.0,AT,고급유,7.5,10.4,274.0
MERCEDES-BENZ,AMG,SUBCOMPACT,4.0,8.0,AT,고급유,7.1,9.6,291.0
MERCEDES-BENZ,AMG,SUBCOMPACT,4.0,8.0,AT,고급유,7.2,9.9,285.0
MERCEDES-BENZ,AMG,COMPACT,4.0,8.0,AT,고급유,7.5,10.4,274.0
MERCEDES-BENZ,AMG,SUBCOMPACT,4.0,8.0,AT,고급유,7.1,9.6,291.0
MERCEDES-BENZ,AMG,SUBCOMPACT,4.0,8.0,AT,고급유,7.2,9.8,285.0
MERCEDES-BENZ,AMG,COMPACT,2.0,4.0,AT,고급유,9.7,12.7,217.0
MERCEDES-BENZ,AMG,MID_SIZE,3.0,6.0,AT,고급유,8.1,10.6,258.0
MERCEDES-BENZ,AMG,MID_SIZE,4.0,8.0,AT,고급유,6.5,9.4,313.0
MERCEDES-BENZ,AMG,STATION WAGON ,4.0,8.0,AT,고급유,6.6,9.1,312.0
MERCEDES-BENZ,AMG,SUV ,5.5,8.0,AT,고급유,5.0,6.5,419.0
MERCEDES-BENZ,AMG,SUV ,6.0,12.0,AT,고급유,4.5,5.6,473.0
MERCEDES-BENZ,AMG,STATION WAGON ,2.0,4.0,AT,고급유,9.3,12.0,225.0
MERCEDES-BENZ,AMG,SUV ,3.0,6.0,AT,고급유,7.6,9.9,277.0
MERCEDES-BENZ,AMG,SUV ,3.0,6.0,AT,고급유,7.7,10.1,272.0
MERCEDES-BENZ,AMG,SUV ,3.0,6.0,AT,고급유,7.4,9.7,282.0
MERCEDES-BENZ,AMG,SUV ,3.0,6.0,AT,고급유,7.4,9.4,285.0
MERCEDES-BENZ,AMG,SUV ,5.5,8.0,AT,고급유,5.8,7.5,364.0
MERCEDES-BENZ,AMG,SUV ,5.5,8.0,AT,고급유,5.8,7.8,357.0
MERCEDES-BENZ,AMG,SUV ,5.5,8.0,AT,고급유,5.7,7.5,367.0
MERCEDES-BENZ,AMG,TWO_SEATER,4.0,8.0,AT,고급유,6.9,9.3,302.0
MERCEDES-BENZ,AMG,TWO_SEATER,4.0,8.0,AT,고급유,6.8,9.1,304.0
MERCEDES-BENZ,AMG,TWO_SEATER,4.0,8.0,AT,고급유,6.5,8.5,322.0
MERCEDES-BENZ,AMG,TWO_SEATER,4.0,8.0,AT,고급유,6.5,8.5,322.0
MERCEDES-BENZ,AMG,TWO_SEATER,4.0,8.0,AT,고급유,6.4,8.4,324.0
MERCEDES-BENZ,AMG,TWO_SEATER,4.0,8.0,AT,고급유,6.9,9.3,302.0
MERCEDES-BENZ,AMG,FULL_SIZE,4.0,8.0,AT,고급유,7.1,11.2,275.0
MERCEDES-BENZ,AMG,SUBCOMPACT,4.0,8.0,AT,고급유,6.3,10.2,306.0
MERCEDES-BENZ,AMG,COMPACT,4.0,8.0,AT,고급유,7.1,11.5,271.0
MERCEDES-BENZ,AMG,FULL_SIZE,6.0,12.0,AT,고급유,5.4,9.2,356.0
MERCEDES-BENZ,AMG,TWO_SEATER,5.5,8.0,AT,고급유,6.8,10.5,291.0
MERCEDES-BENZ,AMG,TWO_SEATER,6.0,12.0,AT,고급유,5.7,9.3,339.0
MERCEDES-BENZ,AMG,TWO_SEATER,3.0,6.0,AT,고급유,8.6,12.2,236.0
MERCEDES-BENZ,B,MID_SIZE,2.0,4.0,AT,고급유,10.2,14.7,196.0
MERCEDES-BENZ,B,MID_SIZE,2.0,4.0,AT,고급유,9.7,12.8,215.0
MERCEDES-BENZ,C,COMPACT,2.0,4.0,AT,고급유,9.5,13.3,214.0
MERCEDES-BENZ,C,SUBCOMPACT,2.0,4.0,AT,고급유,9.3,12.5,224.0
MERCEDES-BENZ,C,SUBCOMPACT,2.0,4.0,AT,고급유,9.5,12.8,218.0
MERCEDES-BENZ,C,STATION WAGON ,2.0,4.0,AT,고급유,9.3,12.5,222.0
MERCEDES-BENZ,CLA,COMPACT,2.0,4.0,AT,고급유,10.4,15.2,193.0
MERCEDES-BENZ,CLA,COMPACT,2.0,4.0,AT,고급유,10.1,13.7,204.0
MERCEDES-BENZ,E,MID_SIZE,2.0,4.0,AT,고급유,9.1,12.3,227.0
MERCEDES-BENZ,E,MID_SIZE,3.0,6.0,AT,고급유,8.5,11.5,246.0
MERCEDES-BENZ,E,SUBCOMPACT,3.0,6.0,AT,고급유,8.3,10.9,251.0
MERCEDES-BENZ,E,SUBCOMPACT,3.0,6.0,AT,고급유,8.4,11.1,248.0
MERCEDES-BENZ,E,STATION WAGON ,3.0,6.0,AT,고급유,8.1,10.5,261.0
MERCEDES-BENZ,G,SUV ,4.0,8.0,AT,고급유,5.5,6.1,410.0
MERCEDES-BENZ,GLA,SUV ,2.0,4.0,AT,고급유,9.9,13.2,209.0
MERCEDES-BENZ,GLC,SUV ,2.0,4.0,AT,고급유,9.0,11.6,240.0
MERCEDES-BENZ,GLC,SUV ,2.0,4.0,AT,고급유,9.1,11.5,235.0
MERCEDES-BENZ,GLE,SUV ,3.0,6.0,AT,고급유,7.4,9.7,282.0
MERCEDES-BENZ,GLE,SUV ,4.7,8.0,AT,고급유,6.6,8.8,317.0
MERCEDES-BENZ,GLS,SUV ,3.0,6.0,AT,고급유,7.0,8.8,305.0
MERCEDES-BENZ,GLS,SUV ,4.7,8.0,AT,고급유,6.1,7.9,346.0
MERCEDES-BENZ,MAYBACH,FULL_SIZE,6.0,12.0,AT,고급유,5.4,9.0,355.0
MERCEDES-BENZ,METRIS,SPECIAL PURPOSE VEHICLE,2.0,4.0,AT,고급유,8.7,10.2,251.0
MERCEDES-BENZ,METRIS,SPECIAL PURPOSE VEHICLE,2.0,4.0,AT,고급유,8.1,9.7,268.0
MERCEDES-BENZ,S,MID_SIZE,3.0,6.0,AT,고급유,7.8,11.8,255.0
MERCEDES-BENZ,S,SUBCOMPACT,4.0,8.0,AT,고급유,7.2,10.9,276.0
MERCEDES-BENZ,S,FULL_SIZE,4.0,8.0,AT,고급유,7.4,11.6,265.0
MERCEDES-BENZ,S,MID_SIZE,4.0,8.0,AT,고급유,7.6,11.4,261.0
MERCEDES-BENZ,S,COMPACT,4.0,8.0,AT,고급유,7.4,11.4,269.0
MERCEDES-BENZ,SL,TWO_SEATER,3.0,6.0,AT,고급유,8.7,11.8,238.0
MERCEDES-BENZ,SL,TWO_SEATER,4.7,8.0,AT,고급유,7.4,10.4,275.0
MERCEDES-BENZ,SLC,TWO_SEATER,2.0,4.0,AT,고급유,10.4,13.5,202.0
MERCEDES-BENZ,A,SUBCOMPACT,2.0,4.0,AT,고급유,10.3,14.7,195.0
MERCEDES-BENZ,A,SUBCOMPACT,2.0,4.0,AT,고급유,10.4,14.1,199.0
MERCEDES-BENZ,A,STATION WAGON ,2.0,4.0,AT,고급유,10.6,14.7,192.0
MERCEDES-BENZ,A,STATION WAGON ,2.0,4.0,AT,고급유,10.1,14.3,201.0
MERCEDES-BENZ,AMG,COMPACT,3.0,6.0,AT,고급유,8.1,11.5,253.0
MERCEDES-BENZ,AMG,SUBCOMPACT,3.0,6.0,AT,고급유,7.9,10.9,263.0
MERCEDES-BENZ,AMG,SUBCOMPACT,3.0,6.0,AT,고급유,7.8,11.4,255.0
MERCEDES-BENZ,AMG,STATION WAGON ,3.0,6.0,AT,고급유,8.1,11.2,255.0
MERCEDES-BENZ,AMG,COMPACT,4.0,8.0,AT,고급유,7.6,11.5,263.0
MERCEDES-BENZ,AMG,COMPACT,4.0,8.0,AT,고급유,7.6,11.5,263.0
MERCEDES-BENZ,AMG,SUBCOMPACT,4.0,8.0,AT,고급유,7.2,10.3,282.0
MERCEDES-BENZ,AMG,SUBCOMPACT,4.0,8.0,AT,고급유,7.2,10.9,277.0
MERCEDES-BENZ,AMG,MINICOMPACT,2.0,4.0,AT,고급유,9.7,12.7,217.0
MERCEDES-BENZ,AMG,COMPACT,3.0,6.0,AT,고급유,8.1,11.5,235.0
MERCEDES-BENZ,AMG,MID_SIZE,3.0,6.0,AT,고급유,8.9,12.0,232.0
MERCEDES-BENZ,AMG,SUBCOMPACT,3.0,6.0,AT,고급유,8.0,11.1,245.0
MERCEDES-BENZ,AMG,SUBCOMPACT,3.0,6.0,AT,고급유,8.1,11.8,237.0
MERCEDES-BENZ,AMG,STATION WAGON ,3.0,6.0,AT,고급유,8.7,11.6,239.0
MERCEDES-BENZ,AMG,MID_SIZE,4.0,8.0,AT,고급유,6.3,9.5,318.0
MERCEDES-BENZ,AMG,STATION WAGON ,4.0,8.0,AT,고급유,6.8,9.6,299.0
MERCEDES-BENZ,AMG,SUV ,4.0,8.0,AT,고급유,5.5,6.4,396.0
MERCEDES-BENZ,AMG,STATION WAGON ,2.0,4.0,AT,고급유,9.3,12.0,225.0
MERCEDES-BENZ,AMG,SUV ,3.0,6.0,AT,고급유,8.0,10.4,262.0
MERCEDES-BENZ,AMG,SUV ,3.0,6.0,AT,고급유,7.9,10.3,265.0
MERCEDES-BENZ,AMG,SUV ,4.0,8.0,AT,고급유,6.7,9.2,309.0
MERCEDES-BENZ,AMG,SUV ,4.0,8.0,AT,고급유,6.7,9.2,309.0
MERCEDES-BENZ,AMG,SUV ,3.0,6.0,AT,고급유,7.1,9.4,292.0
MERCEDES-BENZ,AMG,SUV ,3.0,6.0,AT,고급유,7.1,9.2,297.0
MERCEDES-BENZ,AMG,SUV ,4.7,8.0,AT,고급유,5.6,7.5,370.0
MERCEDES-BENZ,AMG,SUV ,4.7,8.0,AT,고급유,5.8,7.8,357.0
MERCEDES-BENZ,AMG,SUV ,4.7,8.0,AT,고급유,5.6,7.6,370.0
MERCEDES-BENZ,AMG,COMPACT,3.0,6.0,AT,고급유,8.1,10.2,264.0
MERCEDES-BENZ,AMG,COMPACT,4.0,8.0,AT,고급유,6.5,8.7,323.0
MERCEDES-BENZ,AMG,COMPACT,4.0,8.0,AT,고급유,6.4,8.7,324.0
MERCEDES-BENZ,AMG,TWO_SEATER,4.0,8.0,AT,고급유,6.5,8.8,315.0
MERCEDES-BENZ,AMG,TWO_SEATER,4.0,8.0,AT,고급유,6.6,8.8,315.0
MERCEDES-BENZ,AMG,TWO_SEATER,4.0,8.0,AT,고급유,6.3,8.5,327.0
MERCEDES-BENZ,AMG,FULL_SIZE,4.0,8.0,AT,고급유,7.1,11.2,275.0
MERCEDES-BENZ,AMG,SUBCOMPACT,4.0,8.0,AT,고급유,6.3,10.2,306.0
MERCEDES-BENZ,AMG,COMPACT,4.0,8.0,AT,고급유,7.1,11.5,271.0
MERCEDES-BENZ,AMG,FULL_SIZE,6.0,12.0,AT,고급유,5.4,9.2,356.0
MERCEDES-BENZ,AMG,SUBCOMPACT,6.0,12.0,AT,고급유,5.8,9.1,337.0
MERCEDES-BENZ,AMG,COMPACT,6.0,12.0,AT,고급유,5.7,9.1,343.0
MERCEDES-BENZ,AMG,TWO_SEATER,5.5,8.0,AT,고급유,6.5,9.8,303.0
MERCEDES-BENZ,AMG,TWO_SEATER,3.0,6.0,AT,고급유,8.5,12.2,238.0
MERCEDES-BENZ,B,STATION WAGON ,2.0,4.0,AT,고급유,10.2,14.7,196.0
MERCEDES-BENZ,B,STATION WAGON ,2.0,4.0,AT,고급유,9.7,12.8,215.0
MERCEDES-BENZ,C,COMPACT,2.0,4.0,AT,고급유,9.1,13.7,219.0
MERCEDES-BENZ,C,SUBCOMPACT,2.0,4.0,AT,고급유,8.8,12.3,231.0
MERCEDES-BENZ,C,SUBCOMPACT,2.0,4.0,AT,고급유,9.2,13.0,221.0
MERCEDES-BENZ,C,STATION WAGON ,2.0,4.0,AT,고급유,9.2,13.0,221.0
MERCEDES-BENZ,CLA,MINICOMPACT,2.0,4.0,AT,고급유,10.4,15.2,193.0
MERCEDES-BENZ,CLA,MINICOMPACT,2.0,4.0,AT,고급유,10.1,13.7,204.0
MERCEDES-BENZ,CLS,COMPACT,3.0,6.0,AT,고급유,8.8,12.7,213.0
MERCEDES-BENZ,E,MID_SIZE,2.0,4.0,AT,고급유,9.1,12.3,228.0
MERCEDES-BENZ,E,MID_SIZE,3.0,6.0,AT,고급유,8.5,11.8,244.0
MERCEDES-BENZ,E,SUBCOMPACT,3.0,6.0,AT,고급유,7.9,9.9,271.0
MERCEDES-BENZ,E,SUBCOMPACT,3.0,6.0,AT,고급유,8.0,11.0,257.0
MERCEDES-BENZ,E,STATION WAGON ,3.0,6.0,AT,고급유,8.1,11.2,254.0
MERCEDES-BENZ,G,SUV ,4.0,8.0,AT,고급유,5.6,7.1,378.0
MERCEDES-BENZ,GLA,SUV ,2.0,4.0,AT,고급유,9.9,13.2,209.0
MERCEDES-BENZ,GLC,SUV ,2.0,4.0,AT,고급유,9.1,11.5,234.0
MERCEDES-BENZ,GLC,SUV ,2.0,4.0,AT,고급유,9.3,11.1,234.0
MERCEDES-BENZ,GLE,SUV ,3.0,6.0,AT,고급유,7.4,9.7,282.0
MERCEDES-BENZ,GLS,SUV ,3.0,6.0,AT,고급유,6.7,8.9,312.0
MERCEDES-BENZ,GLS,SUV ,4.7,8.0,AT,고급유,5.8,7.9,355.0
MERCEDES-BENZ,MAYBACH,FULL_SIZE,4.0,8.0,AT,고급유,6.9,10.5,286.0
MERCEDES-BENZ,MAYBACH,FULL_SIZE,6.0,12.0,AT,고급유,5.4,9.0,355.0
MERCEDES-BENZ,METRIS,SPECIAL PURPOSE VEHICLE,2.0,4.0,AT,고급유,8.7,10.2,251.0
MERCEDES-BENZ,METRIS,SPECIAL PURPOSE VEHICLE,2.0,4.0,AT,고급유,8.8,10.4,248.0
MERCEDES-BENZ,METRIS,SPECIAL PURPOSE VEHICLE,2.0,4.0,AT,고급유,8.1,9.7,268.0
MERCEDES-BENZ,S,MID_SIZE,3.0,6.0,AT,고급유,7.8,11.8,253.0
MERCEDES-BENZ,S,SUBCOMPACT,4.0,8.0,AT,고급유,7.2,10.9,275.0
MERCEDES-BENZ,S,FULL_SIZE,4.0,8.0,AT,고급유,7.4,11.6,265.0
MERCEDES-BENZ,S,MID_SIZE,4.0,8.0,AT,고급유,7.4,11.6,265.0
MERCEDES-BENZ,SL,TWO_SEATER,3.0,6.0,AT,고급유,8.5,11.8,241.0
MERCEDES-BENZ,SL,TWO_SEATER,4.7,8.0,AT,고급유,7.4,10.8,270.0
MERCEDES-BENZ,SLC,TWO_SEATER,2.0,4.0,AT,고급유,10.0,13.7,205.0
MERCEDES-BENZ,AMG,COMPACT,3.0,6.0,AT,고급유,8.1,11.5,253.0
MERCEDES-BENZ,AMG,SUBCOMPACT,3.0,6.0,AT,고급유,7.9,10.9,263.0
MERCEDES-BENZ,AMG,SUBCOMPACT,3.0,6.0,AT,고급유,7.8,11.4,255.0
MERCEDES-BENZ,AMG,STATION WAGON ,3.0,6.0,AT,고급유,8.1,11.2,255.0
MERCEDES-BENZ,AMG,COMPACT,4.0,8.0,AT,고급유,7.6,11.5,263.0
MERCEDES-BENZ,AMG,COMPACT,4.0,8.0,AT,고급유,7.6,11.5,263.0
MERCEDES-BENZ,AMG,SUBCOMPACT,4.0,8.0,AT,고급유,7.2,10.3,282.0
MERCEDES-BENZ,AMG,SUBCOMPACT,4.0,8.0,AT,고급유,7.2,10.9,277.0
MERCEDES-BENZ,AMG,COMPACT,3.0,6.0,AT,고급유,8.1,11.5,235.0
MERCEDES-BENZ,AMG,MID_SIZE,3.0,6.0,AT,고급유,8.9,12.0,232.0
MERCEDES-BENZ,AMG,SUBCOMPACT,3.0,6.0,AT,고급유,8.0,11.1,245.0
MERCEDES-BENZ,AMG,SUBCOMPACT,3.0,6.0,AT,고급유,8.1,11.8,237.0
MERCEDES-BENZ,AMG,MID_SIZE,4.0,8.0,AT,고급유,6.3,9.5,318.0
MERCEDES-BENZ,AMG,STATION WAGON ,4.0,8.0,AT,고급유,6.8,9.6,299.0
MERCEDES-BENZ,AMG,SUV ,4.0,8.0,AT,고급유,5.5,6.4,396.0
MERCEDES-BENZ,AMG,SUV ,4.0,8.0,AT,고급유,6.7,9.2,309.0
MERCEDES-BENZ,AMG,SUV ,4.0,8.0,AT,고급유,6.7,9.2,309.0
MERCEDES-BENZ,AMG,TWO_SEATER,4.0,8.0,AT,고급유,6.3,8.5,327.0
MERCEDES-BENZ,AMG,FULL_SIZE,4.0,8.0,AT,고급유,7.1,11.2,275.0
MERCEDES-BENZ,AMG,SUBCOMPACT,4.0,8.0,AT,고급유,6.3,10.2,306.0
MERCEDES-BENZ,AMG,COMPACT,4.0,8.0,AT,고급유,7.1,11.5,271.0
MERCEDES-BENZ,AMG,FULL_SIZE,6.0,12.0,AT,고급유,5.4,9.2,356.0
MERCEDES-BENZ,C,COMPACT,2.0,4.0,AT,고급유,9.1,13.7,219.0
MERCEDES-BENZ,C,SUBCOMPACT,2.0,4.0,AT,고급유,8.8,12.3,231.0
MERCEDES-BENZ,C,SUBCOMPACT,2.0,4.0,AT,고급유,9.2,13.0,221.0
MERCEDES-BENZ,C,STATION WAGON ,2.0,4.0,AT,고급유,9.2,13.0,221.0
MERCEDES-BENZ,CLS,COMPACT,3.0,6.0,AT,고급유,8.8,12.7,213.0
MERCEDES-BENZ,E,SUBCOMPACT,3.0,6.0,AT,고급유,7.9,9.9,271.0
MERCEDES-BENZ,E,SUBCOMPACT,3.0,6.0,AT,고급유,8.0,11.0,257.0
MERCEDES-BENZ,G,SUV ,4.0,8.0,AT,고급유,5.6,7.1,378.0
MERCEDES-BENZ,MAYBACH,FULL_SIZE,4.0,8.0,AT,고급유,6.9,10.5,286.0
MERCEDES-BENZ,MAYBACH,FULL_SIZE,6.0,12.0,AT,고급유,5.4,9.0,355.0
MERCEDES-BENZ,S,MID_SIZE,3.0,6.0,AT,고급유,7.8,11.8,253.0
MERCEDES-BENZ,S,FULL_SIZE,4.0,8.0,AT,고급유,7.4,11.6,265.0
MERCEDES-BENZ,S,MID_SIZE,4.0,8.0,AT,고급유,7.4,11.6,265.0
MERCEDES-BENZ,SL,TWO_SEATER,4.7,8.0,AT,고급유,7.4,10.8,270.0
MERCEDES-BENZ,SLC,TWO_SEATER,2.0,4.0,AT,고급유,10.0,13.7,205.0
MERCEDES-BENZ,C 300 4MATIC FFV,COMPACT,3.5,6.0,AT,에탄올,6.1,9.01,224.0
MERCEDES-BENZ,ML 350 4MATIC FFV,SUV - STANDARD,3.5,6.0,AT,에탄올,5.62,7.25,256.0
MERCEDES-BENZ,CLA 250 4MATIC FFV,COMPACT,2.0,4.0,AT,에탄올,7.63,10.2,198.0
MERCEDES-BENZ,GLA 250 4MATIC,SUV - SMALL,2.0,4.0,AT,에탄올,7.35,10.0,128.0
MINI,COOPER,SUBCOMPACT,1.6,4.0,AT,고급유,11.5,15.2,179.0
MINI,COOPER,MINICOMPACT,1.6,4.0,AT,고급유,11.5,15.2,179.0
MINI,COOPER,COMPACT,1.6,4.0,AT,고급유,10.6,12.7,200.0
MINI,COOPER,TWO_SEATER,1.6,4.0,AT,고급유,11.8,15.2,175.0
MINI,COOPER,COMPACT,1.6,4.0,AT,고급유,10.6,12.7,200.0
MINI,COOPER,TWO_SEATER,1.6,4.0,AT,고급유,11.5,15.2,179.0
MINI,COOPER,SUBCOMPACT,1.6,4.0,AT,고급유,10.8,14.3,191.0
MINI,COOPER,MINICOMPACT,1.6,4.0,AT,고급유,10.8,14.3,191.0
MINI,COOPER,COMPACT,1.6,4.0,AT,고급유,10.0,12.8,207.0
MINI,COOPER,TWO_SEATER,1.6,4.0,AT,고급유,10.8,14.3,191.0
MINI,COOPER,COMPACT,1.6,4.0,AT,고급유,10.0,12.8,207.0
MINI,COOPER,TWO_SEATER,1.6,4.0,AT,고급유,10.8,14.3,191.0
MINI,JOHN,SUBCOMPACT,1.6,4.0,AT,고급유,10.8,14.3,191.0
MINI,JOHN,MINICOMPACT,1.6,4.0,AT,고급유,10.8,14.3,191.0
MINI,JOHN,COMPACT,1.6,4.0,AT,고급유,10.0,12.8,207.0
MINI,JOHN,TWO_SEATER,1.6,4.0,AT,고급유,10.8,14.3,191.0
MINI,JOHN,COMPACT,1.6,4.0,AT,고급유,10.0,12.8,207.0
MINI,JOHN,TWO_SEATER,1.6,4.0,AT,고급유,10.8,14.3,191.0
MINI,COOPER,SUBCOMPACT,1.5,3.0,AT,고급유,12.0,15.6,174.0
MINI,COOPER,SUBCOMPACT,1.5,3.0,AT,고급유,12.0,15.6,174.0
MINI,COOPER,MINICOMPACT,1.5,3.0,AT,고급유,12.0,15.6,174.0
MINI,COOPER,SUBCOMPACT,2.0,4.0,AT,고급유,11.2,15.2,184.0
MINI,COOPER,SUBCOMPACT,2.0,4.0,AT,고급유,11.2,15.2,184.0
MINI,COOPER,MINICOMPACT,2.0,4.0,AT,고급유,10.9,14.5,191.0
NISSAN,ARMADA,SUV ,5.6,8.0,AT,휘발유,5.2,7.5,380.0
NISSAN,FRONTIER,PICKUP TRUCK ,2.5,4.0,AT,휘발유,7.3,9.4,283.0
NISSAN,FRONTIER,PICKUP TRUCK ,4.0,6.0,AT,휘발유,6.8,9.8,292.0
NISSAN,FRONTIER,PICKUP TRUCK ,4.0,6.0,AT,휘발유,6.4,8.9,315.0
NISSAN,GT-R,SUBCOMPACT,3.8,6.0,AT,고급유,6.9,9.2,297.0
NISSAN,TITAN,PICKUP TRUCK ,5.6,8.0,AT,휘발유,5.6,7.8,359.0
NISSAN,TITAN,PICKUP TRUCK ,5.6,8.0,AT,휘발유,5.1,7.0,398.0
NISSAN,XTERRA,SUV ,4.0,6.0,AT,휘발유,6.2,8.4,327.0
NISSAN,ARMADA,SUV ,5.6,8.0,AT,휘발유,5.2,7.5,382.0
NISSAN,FRONTIER,PICKUP TRUCK ,2.5,4.0,AT,휘발유,7.3,9.4,283.0
NISSAN,FRONTIER,PICKUP TRUCK ,4.0,6.0,AT,휘발유,6.8,9.7,292.0
NISSAN,FRONTIER,PICKUP TRUCK ,4.0,6.0,AT,휘발유,6.4,8.8,315.0
NISSAN,GT-R,SUBCOMPACT,3.8,6.0,AT,고급유,7.0,9.5,290.0
NISSAN,MICRA,COMPACT,1.6,4.0,AT,휘발유,11.4,15.2,179.0
NISSAN,TITAN,PICKUP TRUCK ,5.6,8.0,AT,휘발유,5.4,7.5,370.0
NISSAN,TITAN,PICKUP TRUCK ,5.6,8.0,AT,휘발유,5.1,7.0,396.0
NISSAN,XTERRA,SUV ,4.0,6.0,AT,휘발유,6.3,8.3,327.0
NISSAN,FRONTIER,PICKUP TRUCK ,2.5,4.0,AT,휘발유,7.4,9.6,285.0
NISSAN,FRONTIER,PICKUP TRUCK ,4.0,6.0,AT,휘발유,6.8,9.7,300.0
NISSAN,FRONTIER,PICKUP TRUCK ,4.0,6.0,AT,휘발유,6.4,8.8,322.0
NISSAN,GT-R,SUBCOMPACT,3.8,6.0,AT,고급유,7.0,9.5,294.0
NISSAN,MICRA,COMPACT,1.6,4.0,AT,휘발유,11.4,15.2,184.0
NISSAN,FRONTIER,PICKUP TRUCK ,2.5,4.0,AT,휘발유,7.4,9.5,286.0
NISSAN,FRONTIER,PICKUP TRUCK ,4.0,6.0,AT,휘발유,6.8,9.4,304.0
NISSAN,FRONTIER,PICKUP TRUCK ,4.0,6.0,AT,휘발유,6.3,8.7,326.0
NISSAN,GT-R,SUBCOMPACT,3.8,6.0,AT,고급유,6.9,9.3,300.0
NISSAN,MICRA,COMPACT,1.6,4.0,AT,휘발유,11.2,14.7,186.0
NISSAN,FRONTIER,PICKUP TRUCK ,2.5,4.0,AT,휘발유,7.4,9.3,290.0
NISSAN,FRONTIER,PICKUP TRUCK ,4.0,6.0,AT,휘발유,6.8,9.6,300.0
NISSAN,FRONTIER,PICKUP TRUCK ,4.0,6.0,AT,휘발유,6.3,8.7,326.0
NISSAN,GT-R,SUBCOMPACT,3.8,6.0,AT,고급유,6.9,9.3,300.0
NISSAN,MICRA,COMPACT,1.6,4.0,AT,휘발유,11.1,14.7,188.0
NISSAN,FRONTIER,PICKUP TRUCK ,2.5,4.0,AT,휘발유,7.3,9.3,290.0
NISSAN,FRONTIER,PICKUP TRUCK ,4.0,6.0,AT,휘발유,6.8,9.7,299.0
NISSAN,FRONTIER,PICKUP TRUCK ,4.0,6.0,AT,휘발유,6.3,8.7,326.0
NISSAN,GT-R,SUBCOMPACT,3.8,6.0,AT,고급유,7.0,9.3,295.0
NISSAN,MICRA,COMPACT,1.6,4.0,AT,휘발유,11.1,14.7,188.0
NISSAN,GT-R,SUBCOMPACT,3.8,6.0,AT,고급유,6.9,9.2,300.0
PORSCHE,911,MINICOMPACT,3.4,6.0,AT,고급유,8.6,12.0,232.0
PORSCHE,911,MINICOMPACT,3.4,6.0,AT,고급유,8.5,11.8,237.0
PORSCHE,911,MINICOMPACT,3.4,6.0,AT,고급유,8.3,11.5,242.0
PORSCHE,911,MINICOMPACT,3.8,6.0,AT,고급유,8.1,11.2,248.0
PORSCHE,911,MINICOMPACT,3.8,6.0,AT,고급유,7.9,11.1,253.0
PORSCHE,911,MINICOMPACT,3.4,6.0,AT,고급유,8.6,12.0,232.0
PORSCHE,911,MINICOMPACT,3.8,6.0,AT,고급유,8.3,11.5,244.0
PORSCHE,911,MINICOMPACT,3.8,6.0,AT,고급유,8.1,11.5,246.0
PORSCHE,911,TWO_SEATER,3.8,6.0,AT,고급유,6.3,8.7,322.0
PORSCHE,911,MINICOMPACT,3.8,6.0,AT,고급유,7.3,10.4,274.0
PORSCHE,911,MINICOMPACT,3.8,6.0,AT,고급유,7.3,10.4,274.0
PORSCHE,911,MINICOMPACT,3.8,6.0,AT,고급유,7.3,10.4,274.0
PORSCHE,911,MINICOMPACT,3.8,6.0,AT,고급유,7.3,10.4,274.0
PORSCHE,BOXSTER,TWO_SEATER,2.7,6.0,AT,고급유,9.3,13.5,212.0
PORSCHE,BOXSTER,TWO_SEATER,3.4,6.0,AT,고급유,8.8,12.7,225.0
PORSCHE,CAYENNE,SUV ,3.6,6.0,AT,고급유,7.1,9.8,290.0
PORSCHE,CAYENNE,SUV ,3.0,6.0,AT,경유,8.5,12.3,277.0
PORSCHE,CAYENNE,SUV ,4.8,8.0,AT,고급유,6.0,8.7,338.0
PORSCHE,CAYENNE,SUV ,4.8,8.0,AT,고급유,6.5,9.3,310.0
PORSCHE,CAYENNE,SUV ,3.0,6.0,AT,고급유,8.5,10.1,251.0
PORSCHE,CAYENNE,SUV ,4.8,8.0,AT,고급유,6.1,9.1,326.0
PORSCHE,CAYENNE,SUV ,4.8,8.0,AT,고급유,5.6,8.4,358.0
PORSCHE,CAYMAN,TWO_SEATER,2.7,6.0,AT,고급유,9.3,13.5,212.0
PORSCHE,CAYMAN,TWO_SEATER,3.4,6.0,AT,고급유,8.8,12.7,225.0
PORSCHE,PANAMERA,FULL_SIZE,3.6,6.0,AT,고급유,7.8,11.9,251.0
PORSCHE,PANAMERA,FULL_SIZE,3.6,6.0,AT,고급유,7.6,11.5,255.0
PORSCHE,PANAMERA,FULL_SIZE,3.0,6.0,AT,고급유,7.5,11.4,260.0
PORSCHE,PANAMERA,FULL_SIZE,3.0,6.0,AT,고급유,7.3,11.2,264.0
PORSCHE,PANAMERA,FULL_SIZE,4.8,8.0,AT,고급유,6.6,10.3,292.0
PORSCHE,PANAMERA,FULL_SIZE,3.0,6.0,AT,고급유,7.5,11.4,260.0
PORSCHE,PANAMERA,FULL_SIZE,4.8,8.0,AT,고급유,6.5,10.3,294.0
PORSCHE,PANAMERA,FULL_SIZE,4.8,8.0,AT,고급유,6.5,10.2,297.0
PORSCHE,911,MINICOMPACT,3.4,6.0,AT,고급유,8.6,11.9,232.0
PORSCHE,911,MINICOMPACT,3.4,6.0,AT,고급유,8.7,12.0,232.0
PORSCHE,911,MINICOMPACT,3.4,6.0,AT,고급유,8.6,11.8,235.0
PORSCHE,911,MINICOMPACT,3.4,6.0,AT,고급유,8.4,11.5,242.0
PORSCHE,911,MINICOMPACT,3.8,6.0,AT,고급유,7.9,10.9,255.0
PORSCHE,911,MINICOMPACT,3.8,6.0,AT,고급유,7.6,10.6,262.0
PORSCHE,911,MINICOMPACT,3.8,6.0,AT,고급유,8.2,11.2,246.0
PORSCHE,911,MINICOMPACT,3.8,6.0,AT,고급유,8.0,11.1,253.0
PORSCHE,911,MINICOMPACT,3.8,6.0,AT,고급유,7.9,11.1,253.0
PORSCHE,911,MINICOMPACT,3.8,6.0,AT,고급유,7.9,10.9,255.0
PORSCHE,911,MINICOMPACT,3.8,6.0,AT,고급유,8.4,115.0,242.0
PORSCHE,911,MINICOMPACT,3.8,6.0,AT,고급유,8.2,115.0,244.0
PORSCHE,911,TWO_SEATER,3.8,6.0,AT,고급유,6.3,8.7,322.0
PORSCHE,911,MINICOMPACT,3.4,6.0,AT,고급유,8.1,11.2,248.0
PORSCHE,911,MINICOMPACT,3.8,6.0,AT,고급유,7.8,10.8,258.0
PORSCHE,911,MINICOMPACT,3.8,6.0,AT,고급유,7.3,10.4,274.0
PORSCHE,911,MINICOMPACT,3.8,6.0,AT,고급유,7.3,10.4,274.0
PORSCHE,911,MINICOMPACT,3.8,6.0,AT,고급유,7.3,10.4,274.0
PORSCHE,911,MINICOMPACT,3.8,6.0,AT,고급유,7.3,10.4,274.0
PORSCHE,BOXSTER,TWO_SEATER,2.7,6.0,AT,고급유,9.3,13.5,212.0
PORSCHE,BOXSTER,TWO_SEATER,3.4,6.0,AT,고급유,9.2,13.0,218.0
PORSCHE,BOXSTER,TWO_SEATER,3.4,6.0,AT,고급유,8.8,12.7,225.0
PORSCHE,CAYENNE,SUV ,3.0,6.0,AT,경유,8.5,12.3,277.0
PORSCHE,CAYENNE,SUV ,3.6,6.0,AT,고급유,7.0,10.4,286.0
PORSCHE,CAYENNE,SUV ,4.8,8.0,AT,고급유,6.0,8.9,327.0
PORSCHE,CAYMAN,TWO_SEATER,2.7,6.0,AT,고급유,9.3,13.5,212.0
PORSCHE,CAYMAN,TWO_SEATER,3.4,6.0,AT,고급유,9.2,13.0,218.0
PORSCHE,CAYMAN,TWO_SEATER,3.4,6.0,AT,고급유,8.8,12.7,225.0
PORSCHE,MACAN,SUV ,3.0,6.0,AT,고급유,7.3,9.7,281.0
PORSCHE,MACAN,SUV ,3.6,6.0,AT,고급유,7.0,9.9,283.0
PORSCHE,PANAMERA,FULL_SIZE,3.6,6.0,AT,고급유,7.8,11.9,251.0
PORSCHE,PANAMERA,FULL_SIZE,3.6,6.0,AT,고급유,7.6,11.5,255.0
PORSCHE,PANAMERA,FULL_SIZE,3.0,6.0,AT,고급유,7.5,11.4,262.0
PORSCHE,PANAMERA,FULL_SIZE,3.0,6.0,AT,고급유,7.3,11.2,264.0
PORSCHE,PANAMERA,FULL_SIZE,4.8,8.0,AT,고급유,6.6,10.3,292.0
PORSCHE,PANAMERA,FULL_SIZE,3.0,6.0,AT,고급유,7.5,11.4,262.0
PORSCHE,PANAMERA,FULL_SIZE,4.8,8.0,AT,고급유,6.5,10.3,294.0
PORSCHE,PANAMERA,FULL_SIZE,4.8,8.0,AT,고급유,6.5,10.2,297.0
PORSCHE,PANAMERA,FULL_SIZE,4.8,8.0,AT,고급유,6.5,10.3,294.0
PORSCHE,PANAMERA,FULL_SIZE,4.8,8.0,AT,고급유,6.5,10.2,297.0
PORSCHE,911,MINICOMPACT,3.4,6.0,AT,고급유,8.6,11.9,238.0
PORSCHE,911,MINICOMPACT,3.4,6.0,AT,고급유,8.7,11.9,236.0
PORSCHE,911,MINICOMPACT,3.8,6.0,AT,고급유,7.9,11.1,259.0
PORSCHE,911,MINICOMPACT,3.8,6.0,AT,고급유,7.9,10.9,260.0
PORSCHE,911,MINICOMPACT,3.8,6.0,AT,고급유,8.4,11.5,245.0
PORSCHE,911,MINICOMPACT,3.8,6.0,AT,고급유,8.2,11.5,250.0
PORSCHE,911,MINICOMPACT,3.4,6.0,AT,고급유,8.5,11.8,240.0
PORSCHE,911,MINICOMPACT,3.4,6.0,AT,고급유,8.4,11.4,246.0
PORSCHE,911,MINICOMPACT,3.8,6.0,AT,고급유,7.9,10.9,260.0
PORSCHE,911,MINICOMPACT,3.8,6.0,AT,고급유,7.6,10.6,268.0
PORSCHE,911,MINICOMPACT,3.8,6.0,AT,고급유,8.2,11.2,251.0
PORSCHE,911,MINICOMPACT,3.8,6.0,AT,고급유,8.0,11.0,257.0
PORSCHE,911,TWO_SEATER,3.8,6.0,AT,고급유,6.3,8.7,329.0
PORSCHE,911,TWO_SEATER,4.0,6.0,AT,고급유,6.1,8.5,334.0
PORSCHE,911,MINICOMPACT,3.4,6.0,AT,고급유,8.1,11.2,253.0
PORSCHE,911,MINICOMPACT,3.8,6.0,AT,고급유,7.8,10.8,260.0
PORSCHE,911,MINICOMPACT,3.8,6.0,AT,고급유,7.3,10.4,278.0
PORSCHE,911,MINICOMPACT,3.8,6.0,AT,고급유,7.3,10.4,278.0
PORSCHE,911,MINICOMPACT,3.8,6.0,AT,고급유,7.3,10.4,278.0
PORSCHE,911,MINICOMPACT,3.8,6.0,AT,고급유,7.3,10.4,278.0
PORSCHE,BOXSTER,TWO_SEATER,2.7,6.0,AT,고급유,9.3,13.5,217.0
PORSCHE,BOXSTER,TWO_SEATER,3.4,6.0,AT,고급유,9.2,13.0,222.0
PORSCHE,BOXSTER,TWO_SEATER,3.4,6.0,AT,고급유,8.8,12.7,230.0
PORSCHE,CAYENNE,SUV ,3.6,6.0,AT,고급유,7.4,10.3,277.0
PORSCHE,CAYENNE,SUV ,3.0,6.0,AT,경유,8.9,11.9,270.0
PORSCHE,CAYENNE,SUV ,3.6,6.0,AT,고급유,6.8,9.6,300.0
PORSCHE,CAYENNE,SUV ,3.6,6.0,AT,고급유,7.0,10.4,286.0
PORSCHE,CAYENNE,SUV ,4.8,8.0,AT,고급유,6.0,8.9,334.0
PORSCHE,CAYENNE,SUV ,4.8,8.0,AT,고급유,5.9,8.9,336.0
PORSCHE,CAYMAN,TWO_SEATER,2.7,6.0,AT,고급유,9.3,13.5,217.0
PORSCHE,CAYMAN,TWO_SEATER,3.4,6.0,AT,고급유,9.2,13.0,222.0
PORSCHE,CAYMAN,TWO_SEATER,3.4,6.0,AT,고급유,8.8,12.7,230.0
PORSCHE,MACAN,SUV ,3.0,6.0,AT,고급유,7.3,9.7,285.0
PORSCHE,MACAN,SUV ,3.6,6.0,AT,고급유,7.0,9.9,287.0
PORSCHE,PANAMERA,FULL_SIZE,3.6,6.0,AT,고급유,7.8,11.9,255.0
PORSCHE,PANAMERA,FULL_SIZE,4.8,8.0,AT,고급유,6.6,10.3,298.0
PORSCHE,PANAMERA,FULL_SIZE,3.0,6.0,AT,고급유,7.5,11.4,267.0
PORSCHE,PANAMERA,FULL_SIZE,3.6,6.0,AT,고급유,7.6,11.5,262.0
PORSCHE,PANAMERA,FULL_SIZE,3.0,6.0,AT,고급유,7.5,11.4,267.0
PORSCHE,PANAMERA,FULL_SIZE,3.0,6.0,AT,고급유,7.3,11.2,271.0
PORSCHE,PANAMERA,FULL_SIZE,4.8,8.0,AT,고급유,6.5,10.3,300.0
PORSCHE,PANAMERA,FULL_SIZE,4.8,8.0,AT,고급유,6.5,10.2,303.0
PORSCHE,PANAMERA,FULL_SIZE,4.8,8.0,AT,고급유,6.5,10.3,300.0
PORSCHE,PANAMERA,FULL_SIZE,4.8,8.0,AT,고급유,6.5,10.2,303.0
PORSCHE,911,MINICOMPACT,3.0,6.0,AT,고급유,9.4,12.5,221.0
PORSCHE,911,MINICOMPACT,3.0,6.0,AT,고급유,9.3,12.0,227.0
PORSCHE,911,MINICOMPACT,3.0,6.0,AT,고급유,9.3,12.0,226.0
PORSCHE,911,MINICOMPACT,3.0,6.0,AT,고급유,9.3,11.9,228.0
PORSCHE,911,MINICOMPACT,3.0,6.0,AT,고급유,9.3,12.0,225.0
PORSCHE,911,MINICOMPACT,3.0,6.0,AT,고급유,9.1,11.9,230.0
PORSCHE,911,MINICOMPACT,3.0,6.0,AT,고급유,9.1,11.8,232.0
PORSCHE,911,MINICOMPACT,3.0,6.0,AT,고급유,9.2,11.8,231.0
PORSCHE,911,MINICOMPACT,3.0,6.0,AT,고급유,9.2,11.9,228.0
PORSCHE,911,MINICOMPACT,3.0,6.0,AT,고급유,9.0,11.6,233.0
PORSCHE,911,MINICOMPACT,3.8,6.0,AT,고급유,7.9,10.1,266.0
PORSCHE,911,MINICOMPACT,3.8,6.0,AT,고급유,7.9,10.1,267.0
PORSCHE,911,MINICOMPACT,3.8,6.0,AT,고급유,7.9,10.1,266.0
PORSCHE,911,MINICOMPACT,3.8,6.0,AT,고급유,7.9,10.1,267.0
PORSCHE,BOXSTER,TWO_SEATER,2.0,4.0,AT,고급유,9.5,12.5,219.0
PORSCHE,BOXSTER,TWO_SEATER,2.5,4.0,AT,고급유,9.1,11.9,230.0
PORSCHE,CAYENNE,SUV ,3.6,6.0,AT,고급유,7.8,10.3,268.0
PORSCHE,CAYENNE,SUV ,3.6,6.0,AT,고급유,7.4,9.8,281.0
PORSCHE,CAYENNE,SUV ,3.6,6.0,AT,고급유,7.2,10.4,281.0
PORSCHE,CAYENNE,SUV ,3.6,6.0,AT,고급유,6.9,9.6,296.0
PORSCHE,CAYENNE,SUV ,4.8,8.0,AT,고급유,6.0,8.9,334.0
PORSCHE,CAYENNE,SUV ,4.8,8.0,AT,고급유,6.0,8.9,334.0
PORSCHE,CAYMAN,TWO_SEATER,2.0,4.0,AT,고급유,9.5,12.5,219.0
PORSCHE,CAYMAN,TWO_SEATER,2.5,4.0,AT,고급유,9.1,11.9,230.0
PORSCHE,MACAN,SUV ,2.0,4.0,AT,고급유,8.6,10.8,248.0
PORSCHE,MACAN,SUV ,3.0,6.0,AT,고급유,7.3,9.7,285.0
PORSCHE,MACAN,SUV ,3.0,6.0,AT,고급유,7.2,9.7,287.0
PORSCHE,MACAN,SUV ,3.6,6.0,AT,고급유,7.0,9.9,287.0
PORSCHE,911,MINICOMPACT,3.0,6.0,AT,고급유,9.4,12.5,221.0
PORSCHE,911,MINICOMPACT,3.0,6.0,AT,고급유,9.3,12.0,227.0
PORSCHE,911,MINICOMPACT,3.0,6.0,AT,고급유,8.7,11.0,243.0
PORSCHE,911,MINICOMPACT,3.0,6.0,AT,고급유,8.5,10.9,249.0
PORSCHE,911,MINICOMPACT,3.0,6.0,AT,고급유,9.3,12.0,226.0
PORSCHE,911,MINICOMPACT,3.0,6.0,AT,배터리,9.3,11.9,228.0
PORSCHE,911,MINICOMPACT,3.0,6.0,AT,배터리,9.3,12.0,225.0
PORSCHE,911,MINICOMPACT,3.0,6.0,AT,고급유,9.1,11.9,230.0
PORSCHE,911,MINICOMPACT,3.0,6.0,AT,고급유,8.5,10.9,248.0
PORSCHE,911,MINICOMPACT,3.0,6.0,AT,고급유,8.4,10.8,250.0
PORSCHE,911,MINICOMPACT,3.0,6.0,AT,고급유,9.1,11.8,232.0
PORSCHE,911,MINICOMPACT,3.0,6.0,AT,고급유,9.2,11.8,231.0
PORSCHE,911,TWO_SEATER,4.0,6.0,AT,고급유,6.3,8.6,324.0
PORSCHE,911,MINICOMPACT,3.0,6.0,AT,고급유,9.2,11.9,228.0
PORSCHE,911,MINICOMPACT,3.0,6.0,AT,고급유,8.3,10.9,251.0
PORSCHE,911,MINICOMPACT,3.0,6.0,AT,고급유,9.0,11.6,233.0
PORSCHE,911,MINICOMPACT,3.8,6.0,AT,고급유,7.9,10.1,266.0
PORSCHE,911,MINICOMPACT,3.8,6.0,AT,고급유,7.9,10.1,267.0
PORSCHE,911,MINICOMPACT,3.8,6.0,AT,고급유,7.9,10.1,266.0
PORSCHE,911,MINICOMPACT,3.8,6.0,AT,고급유,7.9,10.1,267.0
PORSCHE,911,MINICOMPACT,3.8,6.0,AT,고급유,7.2,9.7,285.0
PORSCHE,BOXSTER,TWO_SEATER,2.0,4.0,AT,고급유,9.5,12.5,219.0
PORSCHE,BOXSTER,TWO_SEATER,2.5,4.0,AT,고급유,8.5,10.9,249.0
PORSCHE,BOXSTER,TWO_SEATER,2.5,4.0,AT,고급유,9.1,11.9,230.0
PORSCHE,CAYENNE,SUV ,3.6,6.0,AT,고급유,7.8,10.3,268.0
PORSCHE,CAYENNE,SUV ,3.6,6.0,AT,고급유,6.9,9.6,296.0
PORSCHE,CAYENNE,SUV ,3.6,6.0,AT,고급유,7.4,9.8,281.0
PORSCHE,CAYENNE,SUV ,3.6,6.0,AT,고급유,7.2,10.4,281.0
PORSCHE,CAYENNE,SUV ,4.8,8.0,AT,고급유,6.0,8.9,334.0
PORSCHE,CAYENNE,SUV ,4.8,8.0,AT,고급유,6.0,8.9,334.0
PORSCHE,CAYMAN,TWO_SEATER,2.0,4.0,AT,고급유,9.5,12.5,219.0
PORSCHE,CAYMAN,TWO_SEATER,2.5,4.0,AT,고급유,8.5,10.9,249.0
PORSCHE,CAYMAN,TWO_SEATER,2.5,4.0,AT,고급유,9.1,11.9,230.0
PORSCHE,MACAN,SUV ,2.0,4.0,AT,고급유,8.6,10.8,248.0
PORSCHE,MACAN,SUV ,3.0,6.0,AT,고급유,7.2,9.7,287.0
PORSCHE,MACAN,SUV ,3.0,6.0,AT,고급유,7.3,9.7,285.0
PORSCHE,MACAN,SUV ,3.6,6.0,AT,고급유,7.0,9.9,287.0
PORSCHE,MACAN,SUV ,3.6,6.0,AT,고급유,7.1,9.9,286.0
PORSCHE,PANAMERA,FULL_SIZE,3.0,6.0,AT,고급유,9.1,12.0,229.0
PORSCHE,PANAMERA,FULL_SIZE,3.0,6.0,AT,고급유,8.8,11.6,235.0
PORSCHE,PANAMERA,FULL_SIZE,3.0,6.0,AT,고급유,8.8,11.6,235.0
PORSCHE,PANAMERA,FULL_SIZE,3.0,6.0,AT,고급유,8.7,11.1,242.0
PORSCHE,PANAMERA,FULL_SIZE,2.9,6.0,AT,고급유,8.8,11.8,235.0
PORSCHE,PANAMERA,FULL_SIZE,2.9,6.0,AT,고급유,8.8,11.8,235.0
PORSCHE,PANAMERA,FULL_SIZE,2.9,6.0,AT,고급유,8.3,11.1,249.0
PORSCHE,PANAMERA,FULL_SIZE,4.0,8.0,AT,고급유,7.8,10.9,261.0
PORSCHE,PANAMERA,FULL_SIZE,4.0,8.0,AT,고급유,7.8,10.9,261.0
PORSCHE,PANAMERA,FULL_SIZE,4.0,8.0,AT,고급유,7.5,9.9,279.0
PORSCHE,911,MINICOMPACT,3.0,6.0,AT,고급유,9.4,12.5,221.0
PORSCHE,911,MINICOMPACT,3.0,6.0,AT,고급유,9.3,12.0,227.0
PORSCHE,911,MINICOMPACT,3.0,6.0,AT,고급유,8.7,11.0,243.0
PORSCHE,911,MINICOMPACT,3.0,6.0,AT,고급유,8.5,10.9,249.0
PORSCHE,911,MINICOMPACT,3.0,6.0,AT,고급유,9.3,12.0,226.0
PORSCHE,911,MINICOMPACT,3.0,6.0,AT,고급유,9.3,11.9,228.0
PORSCHE,911,MINICOMPACT,3.0,6.0,AT,고급유,8.4,11.0,248.0
PORSCHE,911,MINICOMPACT,3.0,6.0,AT,고급유,9.3,12.0,225.0
PORSCHE,911,MINICOMPACT,3.0,6.0,AT,고급유,9.1,11.9,230.0
PORSCHE,911,MINICOMPACT,3.0,6.0,AT,고급유,8.5,10.9,248.0
PORSCHE,911,MINICOMPACT,3.0,6.0,AT,고급유,8.4,10.8,250.0
PORSCHE,911,MINICOMPACT,3.0,6.0,AT,고급유,9.0,11.8,232.0
PORSCHE,911,MINICOMPACT,3.0,6.0,AT,고급유,9.1,11.8,231.0
PORSCHE,911,TWO_SEATER,3.8,6.0,AT,고급유,6.5,8.9,315.0
PORSCHE,911,TWO_SEATER,4.0,6.0,AT,고급유,6.3,8.5,324.0
PORSCHE,911,TWO_SEATER,4.0,6.0,AT,고급유,6.2,8.2,335.0
PORSCHE,911,MINICOMPACT,3.0,6.0,AT,고급유,9.2,11.9,228.0
PORSCHE,911,MINICOMPACT,3.0,6.0,AT,고급유,8.3,10.9,251.0
PORSCHE,911,MINICOMPACT,3.0,6.0,AT,고급유,9.0,11.6,233.0
PORSCHE,911,MINICOMPACT,3.8,6.0,AT,고급유,7.9,10.1,266.0
PORSCHE,911,MINICOMPACT,3.8,6.0,AT,고급유,7.9,10.1,267.0
PORSCHE,911,MINICOMPACT,3.8,6.0,AT,고급유,7.9,10.1,266.0
PORSCHE,911,MINICOMPACT,3.8,6.0,AT,고급유,7.9,10.1,267.0
PORSCHE,911,MINICOMPACT,3.8,6.0,AT,고급유,7.0,9.2,297.0
PORSCHE,BOXSTER,TWO_SEATER,2.0,4.0,AT,고급유,9.5,12.5,219.0
PORSCHE,BOXSTER,TWO_SEATER,2.5,4.0,AT,고급유,8.5,10.9,249.0
PORSCHE,BOXSTER,TWO_SEATER,2.5,4.0,AT,고급유,9.0,11.9,231.0
PORSCHE,CAYMAN,TWO_SEATER,2.0,4.0,AT,고급유,9.5,12.5,219.0
PORSCHE,CAYMAN,TWO_SEATER,2.5,4.0,AT,고급유,8.5,10.9,249.0
PORSCHE,CAYMAN,TWO_SEATER,2.5,4.0,AT,고급유,9.0,11.9,231.0
PORSCHE,MACAN,SUV ,2.0,4.0,AT,고급유,8.2,9.8,264.0
PORSCHE,MACAN,SUV ,3.0,6.0,AT,고급유,7.8,9.8,272.0
PORSCHE,PANAMERA,FULL_SIZE,3.0,6.0,AT,고급유,8.1,11.5,250.0
PORSCHE,PANAMERA,FULL_SIZE,3.0,6.0,AT,고급유,8.1,11.1,253.0
PORSCHE,PANAMERA,FULL_SIZE,3.0,6.0,AT,고급유,8.1,11.1,253.0
PORSCHE,PANAMERA,FULL_SIZE,3.0,6.0,AT,고급유,8.2,11.2,250.0
PORSCHE,PANAMERA,FULL_SIZE,2.9,6.0,AT,고급유,7.6,11.2,261.0
PORSCHE,PANAMERA,FULL_SIZE,2.9,6.0,AT,고급유,7.6,11.2,261.0
PORSCHE,PANAMERA,FULL_SIZE,2.9,6.0,AT,고급유,7.6,10.2,273.0
PORSCHE,PANAMERA,FULL_SIZE,4.0,8.0,AT,고급유,6.9,9.8,295.0
PORSCHE,PANAMERA,FULL_SIZE,4.0,8.0,AT,고급유,6.4,9.5,313.0
PORSCHE,PANAMERA,FULL_SIZE,4.0,8.0,AT,고급유,7.8,10.9,261.0
PORSCHE,PANAMERA,FULL_SIZE,4.0,8.0,AT,고급유,7.8,10.9,261.0
PORSCHE,PANAMERA,FULL_SIZE,4.0,8.0,AT,고급유,7.5,9.9,279.0
PORSCHE,911,MINICOMPACT,3.0,6.0,AT,고급유,7.6,10.3,271.0
PORSCHE,911,MINICOMPACT,3.0,6.0,AT,고급유,7.9,9.8,272.0
PORSCHE,911,MINICOMPACT,3.0,6.0,AT,고급유,7.6,9.8,277.0
PORSCHE,911,MINICOMPACT,3.0,6.0,AT,고급유,7.6,9.8,277.0
PORSCHE,MACAN,SUV ,2.0,4.0,AT,고급유,8.2,9.8,264.0
PORSCHE,MACAN,SUV ,3.0,6.0,AT,고급유,7.8,9.8,272.0
PORSCHE,PANAMERA,FULL_SIZE,3.0,6.0,AT,고급유,8.1,11.5,250.0
PORSCHE,PANAMERA,FULL_SIZE,3.0,6.0,AT,고급유,8.1,11.1,253.0
PORSCHE,PANAMERA,FULL_SIZE,3.0,6.0,AT,고급유,8.1,11.1,253.0
PORSCHE,PANAMERA,FULL_SIZE,3.0,6.0,AT,고급유,8.2,11.2,250.0
PORSCHE,PANAMERA,FULL_SIZE,2.9,6.0,AT,고급유,7.6,11.2,261.0
PORSCHE,PANAMERA,FULL_SIZE,2.9,6.0,AT,고급유,7.6,11.2,261.0
PORSCHE,PANAMERA,FULL_SIZE,2.9,6.0,AT,고급유,7.6,10.2,273.0
PORSCHE,PANAMERA,FULL_SIZE,4.0,8.0,AT,고급유,6.9,9.8,295.0
PORSCHE,PANAMERA,FULL_SIZE,4.0,8.0,AT,고급유,6.4,9.5,313.0
PORSCHE,PANAMERA,FULL_SIZE,4.0,8.0,AT,고급유,7.8,10.9,261.0
PORSCHE,PANAMERA,FULL_SIZE,4.0,8.0,AT,고급유,7.8,10.9,261.0
PORSCHE,PANAMERA,FULL_SIZE,4.0,8.0,AT,고급유,7.5,9.9,279.0
RAM,1500 FFV,PICKUP TRUCK - STANDARD,3.6,6.0,AT,에탄올,5.15,7.35,279.0
RAM,1500 4X4 FFV,PICKUP TRUCK - STANDARD,3.6,6.0,AT,에탄올,4.88,6.9,296.0
RAM,1500 FFV,PICKUP TRUCK - STANDARD,3.6,6.0,AT,에탄올,5.08,7.25,283.0
RAM,1500 4X4 FFV,PICKUP TRUCK - STANDARD,3.6,6.0,AT,에탄올,4.83,6.8,300.0
RAM,1500 FFV,PICKUP TRUCK - STANDARD,3.6,6.0,AT,에탄올,5.08,7.25,283.0
RAM,1500 4X4 FFV,PICKUP TRUCK - STANDARD,3.6,6.0,AT,에탄올,4.83,6.8,300.0
RAM,1500 Classic FFV,PICKUP TRUCK - STANDARD,3.6,6.0,AT,에탄올,5.08,7.25,283.0
RAM,1500 Classic 4X4 FFV,PICKUP TRUCK - STANDARD,3.6,6.0,AT,에탄올,4.83,6.8,300.0
TOYOTA,COROLLA,MID_SIZE,1.8,4.0,AT,휘발유,11.6,15.4,177.0
TOYOTA,COROLLA,STATION WAGON ,1.8,4.0,AT,휘발유,10.6,13.3,196.0
TOYOTA,FJ,SUV ,4.0,6.0,AT,휘발유,7.0,8.9,297.0
TOYOTA,TACOMA,PICKUP TRUCK ,2.7,4.0,AT,휘발유,8.2,10.8,251.0
TOYOTA,TACOMA,PICKUP TRUCK ,2.7,4.0,AT,휘발유,7.6,9.5,274.0
TOYOTA,TACOMA,PICKUP TRUCK ,4.0,6.0,AT,휘발유,6.8,8.7,306.0
TOYOTA,YARIS,COMPACT,1.5,4.0,AT,휘발유,12.7,15.2,168.0
TOYOTA,COROLLA,MID_SIZE,1.8,4.0,AT,휘발유,11.6,15.4,175.0
TOYOTA,TACOMA,PICKUP TRUCK ,2.7,4.0,AT,휘발유,8.2,10.1,258.0
TOYOTA,TACOMA,PICKUP TRUCK ,2.7,4.0,AT,휘발유,7.6,8.8,283.0
TOYOTA,TACOMA,PICKUP TRUCK ,4.0,6.0,AT,휘발유,6.8,8.6,308.0
TOYOTA,YARIS,COMPACT,1.5,4.0,AT,휘발유,12.8,15.2,168.0
TOYOTA,COROLLA,MID_SIZE,1.8,4.0,AT,휘발유,11.6,15.4,179.0
TOYOTA,YARIS,COMPACT,1.5,4.0,AT,휘발유,12.8,15.2,170.0
TOYOTA,YARIS,COMPACT,1.5,4.0,AT,휘발유,12.7,14.7,173.0
TOYOTA,YARIS,COMPACT,1.5,4.0,AT,휘발유,12.7,14.7,173.0
TOYOTA,YARIS,COMPACT,1.5,4.0,AT,휘발유,12.7,14.7,173.0
VOLKSWAGEN,BEETLE,COMPACT,1.8,4.0,AT,휘발유,10.5,13.9,196.0
VOLKSWAGEN,BEETLE,COMPACT,2.0,4.0,AT,고급유,9.7,13.0,209.0
VOLKSWAGEN,BEETLE,COMPACT,2.5,5.0,AT,휘발유,9.2,11.9,225.0
VOLKSWAGEN,BEETLE_TDI,COMPACT,2.0,4.0,AT,경유,11.9,16.9,200.0
VOLKSWAGEN,BEETLE,SUBCOMPACT,1.8,4.0,AT,휘발유,10.2,13.7,200.0
VOLKSWAGEN,BEETLE,SUBCOMPACT,2.0,4.0,AT,고급유,9.7,12.3,214.0
VOLKSWAGEN,BEETLE,SUBCOMPACT,2.5,5.0,AT,휘발유,8.9,11.5,232.0
VOLKSWAGEN,CC,COMPACT,2.0,4.0,AT,고급유,9.0,12.7,223.0
VOLKSWAGEN,CC,COMPACT,3.6,6.0,AT,고급유,7.0,10.2,283.0
VOLKSWAGEN,EOS,SUBCOMPACT,2.0,4.0,AT,고급유,9.2,12.5,221.0
VOLKSWAGEN,GOLF,STATION WAGON ,2.5,5.0,AT,휘발유,9.1,13.0,218.0
VOLKSWAGEN,GOLF_TDI,STATION WAGON ,2.0,4.0,AT,경유,12.3,15.6,198.0
VOLKSWAGEN,JETTA,COMPACT,1.8,4.0,AT,휘발유,10.5,14.9,189.0
VOLKSWAGEN,JETTA,COMPACT,2.0,4.0,AT,휘발유,9.4,12.5,216.0
VOLKSWAGEN,JETTA_TDI,COMPACT,2.0,4.0,AT,경유,12.3,15.6,198.0
VOLKSWAGEN,JETTA,COMPACT,2.0,4.0,AT,고급유,9.8,13.3,207.0
VOLKSWAGEN,JETTA,COMPACT,1.4,4.0,AT,고급유,17.9,19.2,124.0
VOLKSWAGEN,PASSAT,MID_SIZE,1.8,4.0,AT,휘발유,10.1,14.5,198.0
VOLKSWAGEN,PASSAT,MID_SIZE,2.5,5.0,AT,휘발유,9.1,12.5,223.0
VOLKSWAGEN,PASSAT,MID_SIZE,3.6,6.0,AT,고급유,8.1,11.4,248.0
VOLKSWAGEN,PASSAT_TDI,MID_SIZE,2.0,4.0,AT,경유,12.8,16.9,180.0
VOLKSWAGEN,ROUTAN,MINIVAN,3.6,6.0,AT,휘발유,7.0,10.5,278.0
VOLKSWAGEN,TIGUAN,SUV ,2.0,4.0,AT,고급유,8.5,10.5,246.0
VOLKSWAGEN,TIGUAN,SUV ,2.0,4.0,AT,고급유,8.5,10.6,246.0
VOLKSWAGEN,BEETLE,COMPACT,2.0,4.0,AT,고급유,10.0,12.7,209.0
VOLKSWAGEN,BEETLE_TDI,COMPACT,2.0,4.0,AT,경유,13.2,17.5,183.0
VOLKSWAGEN,BEETLE,SUBCOMPACT,2.0,4.0,AT,고급유,9.7,12.2,216.0
VOLKSWAGEN,CC,COMPACT,2.0,4.0,AT,고급유,9.3,13.0,214.0
VOLKSWAGEN,EOS,SUBCOMPACT,2.0,4.0,AT,고급유,9.3,12.8,219.0
VOLKSWAGEN,GOLF_TDI,COMPACT,2.0,4.0,AT,경유,13.2,18.2,177.0
VOLKSWAGEN,GOLF,COMPACT,2.0,4.0,AT,고급유,10.5,13.9,196.0
VOLKSWAGEN,GOLF_TDI,STATION WAGON ,2.0,4.0,AT,경유,13.2,17.9,180.0
VOLKSWAGEN,JETTA_TDI,COMPACT,2.0,4.0,AT,경유,13.2,19.2,175.0
VOLKSWAGEN,JETTA,COMPACT,2.0,4.0,AT,고급유,10.0,13.7,202.0
VOLKSWAGEN,JETTA_HYBRID,COMPACT,1.4,4.0,AT,고급유,17.9,20.4,122.0
VOLKSWAGEN,PASSAT_TDI,MID_SIZE,2.0,4.0,AT,경유,12.8,17.9,185.0
VOLKSWAGEN,PASSAT,MID_SIZE,3.6,6.0,AT,고급유,8.4,11.8,239.0
VOLKSWAGEN,CC,COMPACT,2.0,4.0,AT,고급유,9.3,13.0,217.0
VOLKSWAGEN,GOLF,COMPACT,2.0,4.0,AT,휘발유,10.5,13.9,198.0
VOLKSWAGEN,GOLF,COMPACT,2.0,4.0,AT,고급유,9.6,12.7,216.0
VOLKSWAGEN,JETTA,COMPACT,2.0,4.0,AT,휘발유,10.2,14.3,201.0
VOLKSWAGEN,JETTA_HYBRID,COMPACT,1.4,4.0,AT,고급유,17.5,20.4,124.0
VOLKSWAGEN,PASSAT,MID_SIZE,3.6,6.0,AT,휘발유,8.4,11.8,243.0
VOLKSWAGEN,GOLF,COMPACT,2.0,4.0,AT,휘발유,10.4,13.9,199.0
VOLKSWAGEN,GOLF,COMPACT,2.0,4.0,AT,고급유,9.6,12.7,216.0
VOLKSWAGEN,GOLF,STATION WAGON ,1.8,4.0,AT,휘발유,9.4,12.5,220.0
VOLKSWAGEN,GOLF,STATION WAGON ,1.8,4.0,AT,휘발유,9.4,12.5,220.0
VOLKSWAGEN,JETTA,COMPACT,1.8,4.0,AT,휘발유,10.6,14.7,193.0
VOLKSWAGEN,PASSAT,MID_SIZE,3.6,6.0,AT,휘발유,8.4,11.8,242.0
VOLKSWAGEN,GOLF,COMPACT,2.0,4.0,AT,휘발유,10.4,13.7,200.0
VOLKSWAGEN,GOLF,COMPACT,2.0,4.0,AT,고급유,9.4,12.5,220.0
VOLKSWAGEN,GOLF,STATION WAGON ,1.8,4.0,AT,휘발유,9.3,12.5,220.0
VOLKSWAGEN,GOLF,STATION WAGON ,1.8,4.0,AT,휘발유,9.3,12.3,224.0
VOLKSWAGEN,PASSAT,MID_SIZE,3.6,6.0,AT,휘발유,8.2,11.8,246.0
VOLKSWAGEN,GOLF,COMPACT,2.0,4.0,AT,휘발유,10.4,13.3,202.0
VOLKSWAGEN,GOLF,COMPACT,2.0,4.0,AT,고급유,9.8,12.7,213.0
VOLKSWAGEN,GOLF,STATION WAGON ,1.8,4.0,AT,휘발유,9.3,12.5,220.0
VOLKSWAGEN,GOLF,STATION WAGON ,1.8,4.0,AT,휘발유,9.3,12.3,224.0
VOLKSWAGEN,JETTA,COMPACT,2.0,4.0,AT,휘발유,10.8,13.9,196.0
VOLKSWAGEN,GOLF,COMPACT,2.0,4.0,AT,휘발유,10.3,13.3,203.0
VOLKSWAGEN,JETTA,COMPACT,2.0,4.0,AT,휘발유,10.8,13.9,196.0
