"성분AS","성분C","성분B","성분CA","성분CU","성분CR","성분MO","성분MN","성분N","성분P","성분S","성분TOTALAL","성분SOLAL","재료번호","성분V"
0.007,0.044,0,0,0.018,0.02,0,0.284,16,0.008,0.0037,0.028,0.025,"HQY130320",0
0.004,0.0197,0,0,0.031,0.02,0,0.208,17,0.0082,0.004,0.026,0.023,"HQF139400",0
0.006,0.0432,12,0,0.017,0.02,0,0.249,19,0.0056,0.003,0.033,0.032,"HQA009140",0
0.007,0.0018,0,0,0.011,0.02,0,0.095,18,0.0093,0.0042,0.028,0.027,"HQD037210",0.001
0.005,0.0426,0,0,0.033,0.03,0,0.183,18,0.0104,0.0032,0.033,0.032,"HQE138170",0
0.007,0.1159,0,0,0.015,0.02,0,0.439,23,0.0135,0.0023,0.023,0.022,"HQX040550",0.001
0.006,0.0423,0,0,0.009,0.02,0,0.193,27,0.008,0.0029,0.019,0.018,"HQC138480",0
0.007,0.0017,0,0,0.017,0.02,0,0.076,12,0.0078,0.0037,0.031,0.03,"HQA154180",0.002
0.005,0.0019,0,1,0.022,0.05,0.02,0.137,19,0.0503,0.0041,0.032,0.029,"HQX065240",0
0.005,0.0014,0,1,0.016,0.06,0.02,0.142,17,0.0485,0.004,0.036,0.034,"HQD140880",0.001
0.004,0.002,0,1,0.019,0.02,0,0.093,18,0.0103,0.0037,0.022,0.021,"HQE118070",0.001
0.005,0.0021,0,0,0.01,0.03,0,0.098,12,0.0111,0.0033,0.023,0.022,"HQE118040",0.001
0.007,0.0623,0,0,0.016,0.02,0,0.776,32,0.0113,0.0037,0.027,0.026,"HQB011090",0.001
0.005,0.0018,4,0,0.051,0.02,0,0.201,14,0.0454,0.0091,0.04,0.038,"HQF163270",0
0.007,0.0021,0,0,0.012,0.02,0,0.101,18,0.0099,0.003,0.029,0.027,"HQX011520",0.002
0.005,0.0023,0,0,0.014,0.02,0,0.101,16,0.0093,0.0038,0.03,0.029,"HQZ138340",0.001
0.004,0.0491,0,0,0.016,0.02,0,0.302,31,0.0094,0.0028,0.047,0.046,"HQJ131600",0
0.005,0.0358,0,0,0.023,0.02,0,0.192,21,0.0094,0.0043,0.026,0.025,"HQB098550",0
0.005,0.0019,0,0,0.02,0.02,0,0.149,18,0.0095,0.0034,0.028,0.026,"HQZ049290",0.002
0.007,0.1917,0,0,0.014,0.02,0,0.849,31,0.0114,0.003,0.029,0.028,"HQA098750",0
0.005,0.0357,0,0,0.03,0.02,0,0.196,28,0.0086,0.0032,0.018,0.017,"HQC030930",0
0.005,0.0371,0,0,0.02,0.02,0,0.193,25,0.0078,0.0032,0.035,0.033,"HQE119170",0
0.006,0.0023,0,0,0.009,0.02,0,0.139,12,0.0099,0.004,0.024,0.023,"HQA044040",0.002
0.005,0.0413,0,0,0.022,0.02,0,0.196,18,0.0074,0.0048,0.028,0.027,"HQE038870",0
0.006,0.002,0,1,0.01,0.02,0,0.133,22,0.0096,0.0038,0.028,0.027,"HQY117950",0.002
0.006,0.0371,0,2,0.013,0.02,0,0.195,33,0.0089,0.0032,0.028,0.026,"HQZ046960",0
0.005,0.0771,3,1,0.012,0.02,0,0.884,33,0.0195,0.0021,0.025,0.024,"HQD108340",0.002
0.005,0.0364,0,0,0.022,0.02,0,0.221,20,0.0093,0.0039,0.023,0.022,"HQG010400",0
0.005,0.1457,0,1,0.016,0.02,0,0.496,33,0.0137,0.0034,0.024,0.022,"HQX094350",0
0.005,0.0342,0,0,0.016,0.02,0,0.195,17,0.0091,0.0047,0.022,0.021,"HQZ032110",0
0.005,0.0013,0,0,0.009,0.01,0,0.062,13,0.0053,0.0033,0.033,0.032,"HQH033060",0.003
0.004,0.0013,0,0,0.097,0.02,0,0.144,14,0.02,0.0105,0.034,0.033,"HQJ034100",0
0.005,0.0409,0,0,0.021,0.02,0,0.188,19,0.0072,0.0032,0.028,0.027,"HQZ116790",0
0.006,0.0443,0,0,0.01,0.02,0,0.242,38,0.009,0.0031,0.034,0.033,"HQE100460",0.001
0.006,0.0017,0,0,0.032,0.02,0,0.103,19,0.009,0.0037,0.028,0.026,"HQC093640",0.001
0.003,0.0383,0,0,0.011,0.02,0,0.197,21,0.0105,0.0031,0.022,0.019,"HQJ080390",0
0.007,0.0016,0,0,0.018,0.02,0,0.07,13,0.0065,0.0034,0.036,0.035,"HQA155000",0.002
0.006,0.0609,0,1,0.019,0.02,0,0.776,26,0.0093,0.0033,0.043,0.04,"HQY007750",0.001
0.006,0.0023,0,0,0.1,0.02,0,0.149,16,0.0179,0.0094,0.03,0.029,"HQA070570",0
0.005,0.0023,0,0,0.025,0.03,0,0.089,21,0.0108,0.0036,0.024,0.024,"HQG050380",0.001
0.007,0.1509,0,0,0.014,0.02,0,0.814,33,0.0093,0.0026,0.027,0.026,"HQA162080",0
0.004,0.0022,0,0,0.012,0.01,0,0.145,13,0.0088,0.0033,0.03,0.028,"HQJ153440",0.001
0.007,0.0018,0,0,0.012,0.01,0,0.142,18,0.0093,0.0033,0.027,0.026,"HQA116600",0.002
0.006,0.0021,0,0,0.012,0.02,0,0.07,18,0.0083,0.0034,0.024,0.022,"HQX015210",0.004
0.004,0.0226,0,0,0.016,0.02,0,0.19,15,0.0097,0.0101,0.023,0.022,"HQC081130",0
0.007,0.0476,0,21,0.022,0.02,0,0.678,23,0.0117,0.0032,0.022,0.021,"HQD048250",0
0.005,0.0478,0,0,0.011,0.02,0,0.285,33,0.0096,0.0028,0.034,0.033,"HQD139240",0
0.004,0.0356,0,0,0.017,0.01,0,0.197,22,0.0068,0.0044,0.025,0.023,"HQH000780",0
0.005,0.0493,0,0,0.018,0.02,0,0.305,31,0.0113,0.0026,0.033,0.032,"HQB140610",0
0.004,0.0353,0,0,0.017,0.02,0,0.233,30,0.008,0.0027,0.033,0.031,"HQJ093000",0
0.003,0.0022,1,0,0.005,0.01,0,0.144,14,0.0098,0.0034,0.028,0.026,"HQH008620",0.001
0.006,0.0345,0,0,0.018,0.03,0,0.183,18,0.0111,0.0033,0.024,0.022,"HQB132520",0
0.004,0.0422,0,0,0.007,0.02,0,0.185,25,0.0132,0.0026,0.027,0.026,"HQG090790",0
0.005,0.0694,0,0,0.021,0.02,0,0.483,35,0.012,0.0027,0.044,0.043,"HQF018190",0.001
0.005,0.0019,0,2,0.01,0.02,0,0.102,14,0.0104,0.0033,0.028,0.028,"HQD156260",0.002
0.006,0.0477,0,0,0.018,0.02,0,0.277,29,0.0094,0.0037,0.029,0.028,"HQY011180",0
0.005,0.0015,4,0,0.056,0.02,0,0.191,16,0.0458,0.0087,0.038,0.034,"HQF070610",0
0.005,0.002,0,0,0.014,0.02,0,0.106,15,0.0093,0.0035,0.021,0.019,"HQZ138450",0.001
0.006,0.0021,0,0,0.008,0.02,0,0.06,13,0.0055,0.0033,0.031,0.03,"HQA041710",0.002
0.005,0.0018,0,0,0.02,0.03,0,0.096,20,0.0104,0.0039,0.025,0.022,"HQG042200",0.001
0.006,0.0022,0,0,0.02,0.02,0,0.081,17,0.0088,0.0035,0.023,0.021,"HQC138680",0.002
0.004,0.0372,0,0,0.009,0.02,0,0.192,30,0.0094,0.0024,0.032,0.031,"HQF056790",0
0.004,0.0164,0,1,0.015,0.02,0,0.183,12,0.0063,0.0029,0.02,0.02,"HQG152050",0
0.004,0.0023,0,18,0.017,0.02,0,0.1,15,0.0101,0.0036,0.032,0.03,"HQF090510",0.003
0.006,0.0409,0,0,0.01,0.02,0,0.188,14,0.0099,0.0037,0.02,0.02,"HQD000590",0
0.007,0.1874,0,0,0.013,0.02,0,0.858,31,0.0092,0.0026,0.019,0.018,"HQY097170",0.001
0.006,0.0382,0,0,0.013,0.02,0,0.203,19,0.0078,0.0034,0.023,0.022,"HQZ104050",0
0.006,0.1116,0,0,0.02,0.02,0,0.491,25,0.0081,0.0039,0.028,0.027,"HQC047190",0.001
0.006,0.0368,0,0,0.018,0.01,0,0.214,28,0.0067,0.0026,0.023,0.022,"HQX163400",0
0.007,0.1478,0,0,0.016,0.02,0,0.88,22,0.012,0.0031,0.016,0.015,"HQX048160",0.002
0.004,0.0374,0,0,0.015,0.02,0,0.186,29,0.0056,0.0032,0.04,0.037,"HQF140640",0
0.008,0.0393,0,0,0.007,0.01,0,0.191,19,0.0095,0.0027,0.023,0.022,"HQB025030",0
0.006,0.0016,0,0,0.015,0.02,0,0.092,16,0.0091,0.0034,0.026,0.024,"HQZ038500",0.001
0.004,0.0387,11,0,0.014,0.01,0,0.19,19,0.0064,0.0037,0.021,0.019,"HQF097530",0
0.006,0.0015,0,0,0.013,0.05,0.01,0.143,12,0.0505,0.0035,0.03,0.028,"HQZ104640",0
0.006,0.0802,2,0,0.011,0.02,0,0.911,37,0.0194,0.0028,0.029,0.025,"HQC145180",0.001
0.006,0.0326,0,0,0.01,0.01,0,0.271,18,0.0188,0.0035,0.027,0.026,"HQB034920",0
0.004,0.0347,0,0,0.02,0.03,0,0.185,13,0.0117,0.0034,0.018,0.016,"HQG005020",0
0.006,0.0342,0,0,0.008,0.04,0.01,0.196,20,0.0117,0.003,0.021,0.02,"HQB050240",0
0.006,0.0432,0,0,0.011,0.02,0,0.225,17,0.0069,0.0033,0.022,0.02,"HQC108640",0
0.006,0.0201,0,0,0.01,0.02,0,0.188,18,0.0091,0.0037,0.023,0.021,"HQZ082570",0
0.006,0.0424,13,0,0.021,0.02,0,0.194,18,0.0078,0.003,0.024,0.023,"HQA068460",0
0.005,0.0491,0,0,0.015,0.02,0,0.314,23,0.0098,0.0037,0.028,0.027,"HQZ064370",0
0.005,0.0018,0,0,0.012,0.02,0,0.145,19,0.0096,0.0032,0.026,0.025,"HQZ130700",0.001
0.006,0.0428,0,0,0.009,0.02,0,0.197,21,0.0094,0.0037,0.028,0.028,"HQC087710",0
0.006,0.0017,0,0,0.01,0.02,0,0.096,23,0.0088,0.0034,0.023,0.022,"HQY081880",0.001
0.004,0.1801,0,0,0.019,0.02,0,0.792,35,0.0074,0.0026,0.031,0.029,"HQJ109820",0.001
0.007,0.0015,0,3,0.008,0.02,0,0.094,23,0.0121,0.0029,0.03,0.029,"HQE024530",0.002
0.006,0.002,0,1,0.01,0.02,0,0.133,22,0.0096,0.0038,0.028,0.027,"HQY117940",0.002
0.006,0.0356,0,1,0.033,0.02,0,0.196,27,0.0078,0.004,0.027,0.025,"HQY027820",0
0.006,0.0373,0,0,0.018,0.02,0,0.208,15,0.0077,0.0037,0.03,0.029,"HQY089290",0
0.006,0.0614,0,0,0.012,0.01,0,0.349,29,0.0075,0.0029,0.031,0.029,"HQX150610",0
0.005,0.0019,0,1,0.022,0.05,0.02,0.137,19,0.0503,0.0041,0.032,0.029,"HQX065280",0
0.006,0.0333,0,0,0.013,0.02,0,0.177,27,0.0055,0.0027,0.026,0.024,"HQB134030",0
0.005,0.0023,0,0,0.01,0.01,0,0.091,18,0.0095,0.0027,0.034,0.033,"HQB038660",0.001
0.007,0.0356,0,0,0.009,0.01,0,0.179,18,0.0094,0.0037,0.026,0.025,"HQA137060",0
0.006,0.1953,0,0,0.008,0.02,0,0.477,29,0.0086,0.0027,0.035,0.034,"HQZ085210",0
0.005,0.0312,0,1,0.012,0.02,0,0.191,18,0.0067,0.0034,0.031,0.03,"HQZ054300",0
0.006,0.0019,1,0,0.012,0.03,0,0.071,15,0.0083,0.0035,0.028,0.027,"HQC094450",0.003
0.006,0.0349,0,1,0.024,0.02,0,0.208,22,0.0108,0.002,0.025,0.021,"HQC108020",0
0.006,0.0372,0,0,0.011,0.01,0,0.207,33,0.0092,0.0018,0.028,0.026,"HQB071440",0
0.005,0.0363,0,0,0.017,0.02,0,0.143,15,0.0093,0.0037,0.022,0.018,"HQF135630",0
0.007,0.0016,0,1,0.095,0.02,0,0.132,18,0.0184,0.01,0.036,0.034,"HQY125450",0
0.006,0.116,0,0,0.025,0.02,0,0.295,26,0.0095,0.0026,0.026,0.025,"HQC111160",0
0.005,0.0021,0,3,0.011,0.02,0,0.06,15,0.0064,0.0027,0.028,0.027,"HQA029590",0.002
0.006,0.0016,0,0,0.01,0.01,0,0.097,24,0.0094,0.0032,0.029,0.028,"HQE116540",0.001
0.006,0.0014,0,0,0.019,0.06,0.02,0.153,13,0.0544,0.0041,0.033,0.03,"HQY020320",0
0.006,0.0017,0,0,0.016,0.05,0.01,0.144,14,0.0498,0.0042,0.03,0.029,"HQZ104470",0
0.005,0.0021,0,0,0.013,0.02,0,0.066,15,0.0074,0.0037,0.018,0.017,"HQC031090",0.003
0.004,0.0709,0,0,0.027,0.02,0,0.254,77,0.0112,0.0026,0.028,0.026,"HQH157270",0
0.006,0.0431,0,0,0.02,0.02,0,0.202,25,0.0091,0.0035,0.021,0.016,"HQD003730",0
0.006,0.0377,0,0,0.018,0.02,0,0.201,16,0.0093,0.003,0.024,0.023,"HQA071110",0
0.005,0.0016,0,0,0.009,0.01,0,0.062,13,0.0052,0.0036,0.032,0.03,"HQF133290",0.003
0.004,0.036,0,1,0.016,0.02,0,0.182,20,0.0066,0.0035,0.022,0.022,"HQG080380",0
0.005,0.002,0,0,0.025,0.02,0,0.381,17,0.0258,0.0037,0.036,0.035,"HQE058570",0.003
0.006,0.1827,0,0,0.022,0.02,0,0.316,36,0.0088,0.0032,0.024,0.023,"HQX117590",0
0.006,0.0013,4,3,0.053,0.02,0,0.197,16,0.0438,0.008,0.034,0.033,"HQA067740",0.001
0.006,0.0388,0,0,0.007,0.02,0,0.182,23,0.0097,0.0034,0.019,0.018,"HQE019810",0
0.006,0.0015,7,0,0.057,0.02,0,0.187,14,0.0433,0.0083,0.038,0.035,"HQZ081450",0.001
0.004,0.0681,1,0,0.017,0.02,0,0.586,34,0.0191,0.0022,0.021,0.021,"HQJ036540",0.002
0.005,0.0195,0,0,0.009,0.02,0,0.193,16,0.0078,0.0032,0.019,0.018,"HQD083620",0
0.005,0.0357,0,0,0.012,0.02,0,0.187,18,0.0095,0.0045,0.028,0.027,"HQH009210",0
0.004,0.0331,0,0,0.016,0.02,0,0.189,21,0.0084,0.0036,0.025,0.023,"HQH016900",0
0.006,0.0022,0,1,0.013,0.02,0,0.075,22,0.0076,0.0037,0.032,0.032,"HQE077850",0.002
0.007,0.0183,0,11,0.016,0.02,0,0.135,12,0.0098,0.0037,0.029,0.028,"HQA074250",0
0.004,0.0023,0,0,0.021,0.02,0,0.074,16,0.0058,0.0037,0.03,0.026,"HQG128160",0.002
0.005,0.0172,0,1,0.016,0.02,0,0.192,24,0.0082,0.004,0.025,0.024,"HQH057750",0
0.005,0.001,6,0,0.01,0.02,0,0.688,16,0.0586,0.0035,0.034,0.032,"HQE116420",0.002
0.006,0.0323,0,0,0.017,0.02,0,0.193,19,0.0096,0.0035,0.026,0.025,"HQF004390",0
0.007,0.1923,0,0,0.011,0.02,0,0.833,29,0.0082,0.0022,0.024,0.024,"HQA086370",0
0.006,0.0017,0,0,0.014,0.06,0.02,0.145,17,0.0497,0.003,0.037,0.036,"HQB113470",0
0.006,0.0388,0,0,0.023,0.02,0,0.194,27,0.0072,0.003,0.018,0.017,"HQX147280",0
0.006,0.0022,0,2,0.023,0.02,0,0.067,17,0.0055,0.0039,0.029,0.026,"HQX133500",0.003
0.005,0.0019,0,1,0.022,0.05,0.02,0.137,19,0.0503,0.0041,0.032,0.029,"HQX065600",0
0.006,0.0025,0,0,0.02,0.03,0,0.145,21,0.0113,0.003,0.031,0.03,"HQD023420",0.002
0.004,0.1457,0,0,0.023,0.02,0,0.468,29,0.0119,0.003,0.023,0.022,"HQH131830",0
0.005,0.0403,0,0,0.009,0.03,0,0.189,22,0.0148,0.0027,0.024,0.022,"HQC032560",0
0.005,0.0128,18,5,0.025,0.02,0,0.146,22,0.0083,0.0034,0.022,0.022,"HQH060870",0
0.005,0.0464,0,0,0.011,0.02,0,0.195,26,0.0084,0.003,0.021,0.019,"HQC138540",0
0.004,0.0022,0,2,0.018,0.02,0,0.091,12,0.0088,0.0031,0.023,0.022,"HQH039700",0.001
0.005,0.0328,0,13,0.024,0.02,0,0.172,18,0.0083,0.0039,0.027,0.026,"HQB142390",0
0.004,0.0393,0,0,0.022,0.03,0,0.196,23,0.0097,0.0028,0.023,0.021,"HQJ022070",0
0.005,0.0355,10,0,0.011,0.02,0,0.196,17,0.0093,0.0036,0.018,0.017,"HQF007650",0
0.006,0.1524,0,7,0.012,0.02,0,0.82,29,0.0114,0.0026,0.026,0.023,"HQY091920",0.001
0.006,0.0377,0,0,0.021,0.02,0,0.194,13,0.0091,0.0034,0.026,0.025,"HQB088910",0
0.005,0.0011,0,0,0.01,0.01,0,0.072,16,0.0081,0.0031,0.028,0.026,"HQZ078230",0.001
0.005,0.0025,0,0,0.01,0.02,0,0.07,10,0.0071,0.0046,0.028,0.026,"HQE116900",0.002
0.006,0.1014,0,0,0.012,0.01,0,0.687,33,0.0104,0.0027,0.02,0.018,"HQA070750",0
0.005,0.0015,6,0,0.059,0.02,0,0.197,14,0.0446,0.0097,0.039,0.038,"HQE048910",0.001
0.006,0.0371,0,1,0.014,0.01,0,0.199,17,0.009,0.0027,0.033,0.031,"HQB029340",0
0.004,0.0702,0,0,0.021,0.02,0,0.486,33,0.0092,0.0032,0.04,0.039,"HQJ104230",0
0.006,0.0015,0,0,0.01,0.06,0.02,0.134,14,0.0501,0.0033,0.029,0.028,"HQA085640",0
0.004,0.0021,0,0,0.024,0.02,0,0.076,14,0.0086,0.0035,0.031,0.029,"HQF092120",0.003
0.004,0.0013,0,2,0.01,0.02,0,0.059,14,0.0065,0.0031,0.027,0.026,"HQG134620",0.004
0.004,0.0023,0,0,0.019,0.02,0,0.147,16,0.0095,0.0035,0.029,0.028,"HQH009120",0.001
0.006,0.0682,0,0,0.03,0.02,0,0.491,25,0.011,0.0035,0.041,0.04,"HQE085940",0.001
0.004,0.0173,18,0,0.023,0.02,0,0.154,16,0.0083,0.0026,0.028,0.023,"HQH061420",0
0.005,0.0015,0,0,0.009,0.02,0,0.1,18,0.0094,0.0027,0.024,0.022,"HQD153020",0.002
0.004,0.0531,0,1,0.013,0.02,0,0.318,36,0.0107,0.003,0.031,0.031,"HQF034740",0
0.004,0.0027,0,0,0.02,0.02,0,0.139,23,0.0094,0.0031,0.028,0.027,"HQE137750",0.002
0.007,0.0186,0,0,0.011,0.02,0,0.205,14,0.0076,0.0038,0.021,0.02,"HQY127110",0
0.007,0.0433,12,0,0.02,0.02,0,0.212,21,0.008,0.003,0.027,0.025,"HQX056100",0
0.004,0.1195,0,1,0.02,0.03,0,0.449,25,0.0156,0.0027,0.029,0.028,"HQG108500",0
0.007,0.117,0,0,0.011,0.01,0,0.34,26,0.0083,0.0025,0.023,0.023,"HQA084860",0
0.006,0.0307,0,0,0.016,0.02,0,0.28,20,0.0187,0.0029,0.029,0.027,"HQB035100",0
0.005,0.0018,0,0,0.019,0.02,0,0.081,23,0.009,0.0033,0.03,0.028,"HQG057250",0.001
0.005,0.0369,0,0,0.008,0.02,0,0.199,18,0.0104,0.0035,0.023,0.021,"HQD145340",0
0.006,0.1738,0,0,0.017,0.02,0,0.488,35,0.0087,0.003,0.019,0.017,"HQC120490",0
0.004,0.0021,0,0,0.009,0.02,0,0.091,22,0.0104,0.0027,0.031,0.029,"HQJ122050",0.001
0.005,0.0334,0,0,0.009,0.02,0,0.19,18,0.0103,0.0035,0.036,0.035,"HQZ026370",0
0.005,0.0213,0,0,0.01,0.02,0,0.19,16,0.0064,0.003,0.022,0.02,"HQA019350",0
0.006,0.002,0,2,0.026,0.02,0,0.15,20,0.0092,0.0036,0.034,0.032,"HQB002520",0.002
0.006,0.0016,6,0,0.051,0.02,0,0.194,22,0.0434,0.0084,0.036,0.035,"HQX068080",0
0.005,0.0396,0,51,0.012,0.02,0,0.19,19,0.0076,0.0034,0.029,0.027,"HQZ049040",0
0.004,0.0022,0,0,0.021,0.02,0,0.098,18,0.0091,0.0031,0.031,0.028,"HQF159360",0.001
0.006,0.0297,0,1,0.02,0.02,0,0.281,20,0.0198,0.0039,0.023,0.021,"HQB034600",0.001
0.005,0.0021,0,3,0.011,0.02,0,0.06,15,0.0064,0.0027,0.028,0.027,"HQA029620",0.002
0.006,0.0015,5,0,0.057,0.02,0,0.2,19,0.0456,0.0088,0.034,0.033,"HQA067760",0
0.006,0.019,0,0,0.028,0.03,0,0.2,19,0.01,0.0036,0.021,0.021,"HQD041980",0
0.005,0.0017,0,0,0.017,0.05,0.02,0.141,13,0.0517,0.0057,0.025,0.024,"HQC114990",0
0.007,0.0017,0,1,0.098,0.02,0,0.138,19,0.019,0.0096,0.033,0.031,"HQY125400",0
0.005,0.0364,0,0,0.016,0.02,0,0.185,25,0.0094,0.0027,0.032,0.031,"HQE103090",0.001
0.006,0.0016,0,0,0.013,0.01,0,0.095,14,0.0094,0.0031,0.023,0.021,"HQB003630",0.001
0.005,0.0021,0,0,0.023,0.06,0.01,0.145,21,0.0518,0.0047,0.029,0.028,"HQZ124250",0
0.005,0.0466,0,0,0.03,0.02,0,0.192,19,0.0076,0.0033,0.028,0.027,"HQC030840",0
0.006,0.1568,1,3,0.01,0.02,0,0.806,37,0.0094,0.002,0.039,0.038,"HQE110830",0.001
0.006,0.0428,0,0,0.009,0.02,0,0.197,21,0.0094,0.0037,0.028,0.028,"HQC087670",0
0.004,0.0018,0,0,0.015,0.02,0,0.101,16,0.0099,0.0031,0.034,0.032,"HQJ118160",0.001
0.006,0.0387,12,1,0.021,0.02,0,0.204,19,0.0077,0.0037,0.023,0.022,"HQB057350",0
0.004,0.066,0,0,0.03,0.02,0,0.492,28,0.0101,0.0034,0.043,0.041,"HQJ005160",0
0.004,0.0015,0,0,0.016,0.02,0,0.061,16,0.0095,0.0034,0.033,0.03,"HQJ114890",0.002
0.005,0.0017,0,0,0.019,0.02,0,0.085,13,0.0094,0.0037,0.028,0.028,"HQF159310",0.001
0.005,0.0469,0,1,0.017,0.02,0,0.29,26,0.0086,0.0032,0.033,0.032,"HQY011260",0
0.006,0.0016,0,0,0.022,0.06,0.02,0.143,17,0.048,0.0041,0.022,0.021,"HQB083340",0
0.007,0.0186,0,0,0.011,0.02,0,0.205,14,0.0076,0.0038,0.021,0.02,"HQY126950",0
0.004,0.0016,4,16,0.052,0.02,0,0.21,16,0.0464,0.0093,0.043,0.041,"HQH111640",0.001
0.006,0.0023,0,0,0.092,0.02,0,0.155,18,0.0189,0.0098,0.03,0.028,"HQY008160",0
0.007,0.0021,0,0,0.019,0.02,0,0.07,17,0.0087,0.0033,0.027,0.026,"HQA135340",0.002
0.006,0.0021,0,0,0.013,0.02,0,0.147,13,0.0098,0.0032,0.03,0.029,"HQF067880",0.002
0.005,0.0762,4,0,0.014,0.02,0,0.905,36,0.0182,0.0028,0.024,0.024,"HQC088740",0.002
0.005,0.0573,0,0,0.018,0.01,0,0.354,30,0.0064,0.0023,0.04,0.038,"HQF013210",0
0.004,0.0394,0,0,0.013,0.02,0,0.21,17,0.0083,0.0034,0.027,0.026,"HQE138680",0
0.005,0.0019,0,0,0.012,0.02,0,0.1,14,0.0088,0.0032,0.032,0.03,"HQZ138800",0.001
0.007,0.0022,0,0,0.018,0.02,0,0.094,17,0.0091,0.0037,0.028,0.027,"HQY124360",0.001
0.006,0.0186,0,1,0.02,0.03,0,0.179,17,0.0089,0.004,0.017,0.016,"HQE076900",0
0.005,0.0019,0,0,0.012,0.02,0,0.1,14,0.0088,0.0032,0.032,0.03,"HQZ138740",0.001
0.006,0.0018,0,0,0.019,0.02,0,0.094,16,0.0097,0.0034,0.024,0.023,"HQA006070",0.001
0.006,0.0371,0,0,0.019,0.02,0,0.219,24,0.0074,0.0036,0.02,0.018,"HQY021470",0
0.005,0.0016,0,0,0.01,0.02,0,0.077,16,0.0095,0.0028,0.036,0.035,"HQF029490",0.002
0.005,0.0024,0,1,0.009,0.05,0.02,0.144,12,0.0506,0.0041,0.032,0.031,"HQD085680",0
0.006,0.0378,0,1,0.01,0.01,0,0.149,23,0.0074,0.0023,0.028,0.026,"HQD011640",0
0.005,0.0022,0,1,0.02,0.02,0,0.136,18,0.0094,0.0041,0.033,0.031,"HQX162950",0.002
0.007,0.0018,1,0,0.011,0.02,0,0.136,13,0.0099,0.0032,0.022,0.021,"HQA084570",0.002
0.007,0.0022,0,1,0.012,0.02,0,0.072,19,0.0086,0.0035,0.026,0.025,"HQB109860",0.002
0.006,0.0334,0,0,0.015,0.02,0,0.181,14,0.0095,0.0023,0.022,0.019,"HQA149060",0
0.006,0.0016,0,1,0.009,0.02,0,0.085,17,0.0103,0.0031,0.024,0.022,"HQY157080",0.001
0.006,0.0373,0,0,0.02,0.03,0,0.125,22,0.0085,0.0035,0.022,0.021,"HQA034260",0
0.006,0.1153,0,0,0.024,0.02,0,0.454,34,0.0079,0.0029,0.016,0.015,"HQB113310",0
0.008,0.038,0,0,0.01,0.01,0,0.19,13,0.0051,0.0037,0.027,0.026,"HQD046600",0
0.005,0.0044,10,1,0.098,0.02,0.06,0.571,21,0.0831,0.0103,0.046,0.045,"HQF101190",0.002
0.005,0.0022,0,0,0.011,0.02,0,0.092,15,0.0101,0.0031,0.026,0.026,"HQF012560",0.001
0.005,0.0585,0,0,0.01,0.01,0,0.342,28,0.0076,0.0033,0.036,0.034,"HQE058240",0.001
0.005,0.039,0,1,0.012,0.01,0,0.191,21,0.0075,0.0035,0.032,0.03,"HQF066640",0
0.004,0.0018,0,3,0.018,0.02,0,0.101,12,0.012,0.0039,0.028,0.026,"HQH040900",0.001
0.006,0.0432,0,0,0.011,0.02,0,0.225,17,0.0069,0.0033,0.022,0.02,"HQC108610",0
0.005,0.0378,0,0,0.012,0.02,0,0.21,22,0.0079,0.0033,0.021,0.02,"HQZ144590",0
0.006,0.1416,0,0,0.017,0.02,0,0.873,39,0.013,0.0028,0.021,0.019,"HQY091510",0.001
0.005,0.0013,0,1,0.011,0.05,0.02,0.133,14,0.0507,0.0031,0.026,0.025,"HQD140950",0
0.005,0.0357,0,0,0.012,0.02,0,0.184,11,0.0103,0.003,0.021,0.02,"HQG027120",0
0.006,0.0586,0,0,0.023,0.02,0,0.772,33,0.0086,0.0026,0.028,0.027,"HQB009870",0
0.005,0.0387,0,0,0.014,0.02,0,0.193,18,0.0101,0.0038,0.024,0.023,"HQZ164320",0
0.005,0.002,0,0,0.009,0.02,0,0.077,16,0.0078,0.0031,0.027,0.026,"HQE031950",0.003
0.005,0.0361,0,0,0.008,0.02,0,0.169,21,0.0069,0.0022,0.02,0.019,"HQF128030",0
0.006,0.0579,0,1,0.012,0.01,0,0.766,30,0.0105,0.0025,0.038,0.036,"HQB011260",0.001
0.005,0.0376,0,0,0.013,0.02,0,0.187,26,0.0104,0.003,0.021,0.018,"HQF148480",0
0.005,0.0214,0,0,0.009,0.02,0,0.188,20,0.0089,0.0037,0.018,0.015,"HQD042300",0
0.006,0.1487,0,1,0.021,0.02,0,0.896,36,0.0113,0.0026,0.029,0.028,"HQA130380",0.001
0.004,0.0019,0,0,0.016,0.02,0,0.067,14,0.0082,0.0037,0.028,0.027,"HQJ143730",0.002
0.004,0.058,0,0,0.022,0.02,0,0.812,40,0.009,0.002,0.031,0.03,"HQG082440",0
0.004,0.0022,0,0,0.016,0.02,0,0.072,17,0.0077,0.0036,0.033,0.026,"HQG100850",0.002
0.004,0.0184,0,1,0.013,0.02,0,0.144,11,0.0115,0.0031,0.028,0.026,"HQF055510",0
0.004,0.0176,0,0,0.013,0.02,0,0.206,21,0.0117,0.0038,0.027,0.025,"HQJ149420",0
0.006,0.0412,0,0,0.007,0.02,0,0.213,19,0.017,0.003,0.026,0.024,"HQD011060",0
0.006,0.0018,0,1,0.014,0.02,0,0.387,16,0.0287,0.004,0.033,0.031,"HQE058590",0.003
0.005,0.0366,0,0,0.009,0.02,0,0.189,21,0.0086,0.0026,0.018,0.017,"HQG027100",0
0.004,0.0462,0,0,0.022,0.02,0,0.296,14,0.0065,0.0035,0.024,0.022,"HQE135600",0
0.004,0.0024,0,0,0.008,0.02,0,0.071,26,0.0069,0.0034,0.03,0.03,"HQG073740",0.002
0.005,0.002,0,1,0.02,0.03,0,0.074,21,0.0102,0.0045,0.032,0.031,"HQY035880",0.002
0.004,0.0015,0,0,0.053,0.02,0,0.143,12,0.0528,0.0095,0.033,0.031,"HQG127130",0
0.005,0.0183,0,0,0.012,0.02,0,0.199,16,0.0087,0.0093,0.028,0.027,"HQB132960",0
0.005,0.0014,5,0,0.048,0.02,0,0.183,12,0.046,0.0093,0.036,0.035,"HQJ156210",0.001
0.006,0.1224,0,0,0.019,0.02,0,0.463,21,0.0148,0.0031,0.017,0.015,"HQB085280",0
0.004,0.0172,0,0,0.018,0.02,0,0.189,22,0.0063,0.0031,0.018,0.016,"HQG151240",0
0.006,0.0018,0,0,0.013,0.02,0,0.081,17,0.0093,0.004,0.03,0.027,"HQA010940",0.002
0.006,0.0017,0,0,0.016,0.05,0.01,0.144,14,0.0498,0.0042,0.03,0.029,"HQZ104810",0
0.006,0.0017,5,1,0.052,0.02,0,0.196,18,0.0443,0.0086,0.033,0.032,"HQY005460",0.001
0.007,0.0385,0,0,0.016,0.02,0,0.225,17,0.0075,0.0032,0.024,0.023,"HQY112450",0
0.006,0.0658,0,1,0.012,0.02,0,0.821,26,0.0116,0.0029,0.03,0.028,"HQZ123040",0.001
0.004,0.0347,0,0,0.017,0.02,0,0.181,21,0.0074,0.003,0.036,0.034,"HQF125350",0
0.007,0.0015,0,1,0.013,0.01,0,0.097,17,0.0107,0.0035,0.028,0.026,"HQB003530",0.002
0.004,0.0013,0,1,0.021,0.02,0,0.072,15,0.0102,0.0039,0.031,0.03,"HQH063000",0.001
0.004,0.0016,0,1,0.022,0.03,0,0.102,18,0.0109,0.0044,0.037,0.035,"HQF066380",0.002
0.005,0.0016,0,0,0.014,0.02,0,0.09,13,0.0102,0.0036,0.029,0.028,"HQF015380",0.001
0.005,0.0024,0,1,0.014,0.03,0,0.141,18,0.0114,0.0033,0.024,0.018,"HQC016050",0.001
0.006,0.0014,0,0,0.058,0.02,0,0.15,13,0.0523,0.0082,0.03,0.029,"HQA058960",0.001
0.005,0.0021,0,0,0.011,0.01,0,0.094,19,0.0101,0.0038,0.032,0.031,"HQE056970",0.001
0.005,0.0026,0,0,0.009,0.02,0,0.105,15,0.0096,0.0032,0.026,0.025,"HQD155390",0.002
0.004,0.1838,0,0,0.014,0.01,0,0.79,37,0.0077,0.0022,0.031,0.03,"HQJ148720",0
0.004,0.002,0,0,0.013,0.02,0,0.074,17,0.0066,0.0031,0.028,0.027,"HQJ067310",0.003
0.005,0.0393,0,0,0.016,0.02,0,0.206,21,0.0068,0.0036,0.018,0.016,"HQY032050",0
0.007,0.0457,0,0,0.018,0.02,0,0.294,33,0.0101,0.0035,0.033,0.032,"HQX157940",0
0.006,0.0367,0,1,0.01,0.02,0,0.219,28,0.0134,0.0033,0.022,0.021,"HQY002730",0
0.006,0.1166,0,4,0.013,0.02,0,0.302,25,0.0086,0.0029,0.02,0.02,"HQZ042000",0.001
0.006,0.019,0,0,0.016,0.02,0,0.188,16,0.0083,0.0031,0.022,0.021,"HQE077090",0
0.006,0.0351,0,1,0.022,0.02,0,0.203,29,0.0061,0.0039,0.02,0.019,"HQY139540",0
0.006,0.0755,2,1,0.016,0.02,0,0.895,34,0.0194,0.0031,0.027,0.027,"HQE080720",0.002
0.007,0.02,0,1,0.01,0.02,0,0.174,14,0.0086,0.0034,0.025,0.024,"HQY130210",0
0.004,0.002,0,1,0.019,0.02,0,0.093,18,0.0103,0.0037,0.022,0.021,"HQE118200",0.001
0.005,0.0588,0,0,0.01,0.02,0,0.798,28,0.0088,0.0023,0.026,0.024,"HQZ093080",0
0.005,0.0014,5,0,0.048,0.02,0,0.183,12,0.046,0.0093,0.036,0.035,"HQJ156180",0.001
0.006,0.0016,0,0,0.01,0.02,0,0.06,20,0.0038,0.0032,0.033,0.031,"HQY110270",0.004
0.004,0.0395,0,0,0.011,0.01,0,0.198,17,0.0064,0.0031,0.022,0.021,"HQH048800",0
0.006,0.0326,0,0,0.01,0.01,0,0.271,18,0.0188,0.0035,0.027,0.026,"HQB034930",0
0.004,0.039,0,0,0.021,0.02,0,0.18,19,0.0101,0.0037,0.026,0.024,"HQF149280",0
0.006,0.1178,0,0,0.019,0.02,0,0.313,35,0.0094,0.0038,0.021,0.019,"HQX165590",0
0.004,0.003,0,0,0.01,0.01,0,0.103,18,0.0098,0.0034,0.034,0.033,"HQE056940",0.001
0.005,0.0377,0,1,0.01,0.01,0,0.194,21,0.0046,0.0036,0.024,0.02,"HQZ018740",0
0.007,0.0541,0,8,0.017,0.02,0,0.357,33,0.0089,0.0026,0.048,0.045,"HQY033050",0.001
0.005,0.0014,7,0,0.06,0.02,0,0.196,13,0.0446,0.0099,0.032,0.031,"HQE048690",0.001
0.005,0.0511,0,0,0.022,0.03,0,0.298,21,0.0135,0.0036,0.029,0.029,"HQE142010",0
0.006,0.0393,0,0,0.018,0.02,0,0.201,17,0.0076,0.0036,0.021,0.02,"HQY093780",0
0.006,0.053,0,1,0.016,0.02,0,0.791,38,0.0112,0.0031,0.03,0.028,"HQY025310",0.001
0.006,0.0018,0,0,0.032,0.03,0,0.135,15,0.0103,0.0033,0.033,0.032,"HQC142950",0.002
0.005,0.0013,0,0,0.011,0.01,0,0.078,13,0.0095,0.0032,0.037,0.036,"HQF073710",0.002
0.006,0.0012,6,0,0.051,0.02,0,0.197,19,0.0429,0.0096,0.04,0.038,"HQZ133450",0.001
0.004,0.0013,6,1,0.056,0.03,0,0.193,16,0.0458,0.0093,0.032,0.031,"HQJ069720",0.001
0.006,0.0431,0,0,0.014,0.02,0,0.138,19,0.0095,0.0039,0.016,0.014,"HQX165840",0
0.006,0.0021,0,0,0.034,0.03,0,0.149,17,0.0119,0.0039,0.034,0.031,"HQY015580",0.002
0.006,0.0571,0,0,0.014,0.02,0,0.356,30,0.0073,0.0028,0.042,0.04,"HQX136170",0
0.006,0.0397,0,0,0.025,0.02,0,0.187,18,0.008,0.0033,0.024,0.023,"HQC108760",0
0.004,0.0412,0,0,0.009,0.02,0,0.188,16,0.0089,0.0032,0.021,0.02,"HQJ053530",0
0.006,0.0771,3,0,0.017,0.02,0,0.911,26,0.0194,0.0026,0.024,0.023,"HQY009530",0.001
0.006,0.0017,0,0,0.016,0.05,0.02,0.14,14,0.0524,0.005,0.03,0.028,"HQZ104400",0
0.004,0.002,0,1,0.014,0.02,0,0.142,12,0.009,0.004,0.03,0.027,"HQG128840",0.002
0.005,0.0415,0,0,0.01,0.02,0,0.184,20,0.0092,0.0031,0.022,0.022,"HQF138410",0
0.007,0.0351,0,1,0.014,0.01,0,0.19,31,0.0073,0.0023,0.026,0.025,"HQB112540",0
0.006,0.0186,0,1,0.02,0.03,0,0.179,17,0.0089,0.004,0.017,0.016,"HQE076770",0
0.006,0.0353,0,0,0.02,0.02,0,0.2,19,0.01,0.0033,0.02,0.019,"HQB062480",0
0.006,0.0571,0,0,0.014,0.02,0,0.356,30,0.0073,0.0028,0.042,0.04,"HQX136210",0
0.005,0.0019,0,0,0.02,0.02,0,0.149,18,0.0095,0.0034,0.028,0.026,"HQZ049300",0.002
0.006,0.0765,2,0,0.019,0.02,0,0.906,29,0.0196,0.0024,0.033,0.032,"HQE073410",0.001
0.005,0.1194,0,0,0.012,0.01,0,0.334,21,0.0101,0.0024,0.027,0.025,"HQY055150",0.001
0.006,0.002,0,2,0.012,0.02,0,0.132,17,0.01,0.004,0.02,0.019,"HQX067920",0.002
0.006,0.0403,21,0,0.015,0.02,0,0.182,17,0.0095,0.0031,0.02,0.018,"HQA056520",0
0.006,0.1847,0,1,0.026,0.02,0,0.826,34,0.0092,0.0035,0.029,0.028,"HQY097280",0
0.004,0.1478,0,0,0.01,0.02,0,0.47,33,0.0086,0.0034,0.024,0.023,"HQH000550",0
0.006,0.0395,0,0,0.014,0.02,0,0.209,27,0.0073,0.003,0.03,0.028,"HQX163380",0
0.005,0.0019,0,0,0.009,0.01,0,0.147,21,0.0084,0.004,0.031,0.029,"HQF117310",0.001
0.006,0.0017,0,1,0.011,0.06,0.02,0.148,12,0.0507,0.0038,0.035,0.034,"HQB019760",0.001
0.005,0.1073,0,0,0.024,0.02,0,0.448,39,0.0092,0.003,0.032,0.031,"HQB048780",0
0.006,0.0015,0,0,0.014,0.02,0,0.098,19,0.0096,0.0027,0.032,0.03,"HQA039810",0.001
0.004,0.0625,0,0,0.011,0.02,0,0.343,31,0.0113,0.0028,0.035,0.032,"HQF053610",0
0.005,0.0017,6,1,0.065,0.03,0,0.195,14,0.045,0.0081,0.04,0.039,"HQG035370",0.001
0.006,0.0017,0,0,0.099,0.02,0,0.147,10,0.0184,0.0094,0.029,0.027,"HQB061590",0
0.007,0.0026,1,0,0.02,0.02,0,0.082,24,0.0101,0.0031,0.021,0.02,"HQA135270",0.003
0.006,0.0523,0,0,0.011,0.02,0,0.306,33,0.0143,0.0026,0.03,0.029,"HQD010000",0.001
0.007,0.1434,0,0,0.018,0.03,0,0.899,35,0.0131,0.0028,0.02,0.018,"HQA117090",0.002
0.006,0.002,0,2,0.01,0.02,0,0.14,11,0.0091,0.0029,0.026,0.025,"HQA106730",0.002
0.006,0.0228,0,1,0.012,0.02,0,0.171,13,0.0065,0.0039,0.022,0.02,"HQY127050",0
0.004,0.0337,0,0,0.011,0.02,0,0.205,22,0.0118,0.0031,0.024,0.023,"HQJ150520",0
0.006,0.046,0,0,0.01,0.02,0,0.186,11,0.009,0.0029,0.03,0.029,"HQD074440",0
0.007,0.0017,0,1,0.099,0.03,0,0.135,15,0.0183,0.0106,0.031,0.03,"HQY126140",0
0.007,0.0423,0,0,0.011,0.02,0,0.204,13,0.0101,0.003,0.022,0.021,"HQZ045980",0
0.006,0.0357,0,0,0.012,0.02,0,0.195,17,0.0066,0.0031,0.024,0.023,"HQB089430",0
0.006,0.0016,7,3,0.059,0.02,0,0.195,19,0.0456,0.0101,0.036,0.034,"HQX137690",0.001
0.007,0.0014,7,1,0.057,0.02,0,0.194,13,0.0439,0.0082,0.041,0.04,"HQZ046620",0.001
0.004,0.0375,0,1,0.012,0.02,0,0.191,17,0.0074,0.0036,0.026,0.025,"HQG081030",0
0.003,0.0376,0,1,0.012,0.01,0,0.138,22,0.0092,0.003,0.027,0.026,"HQY053740",0
0.004,0.0024,16,1,0.066,0.08,0,0.55,19,0.0148,0.0035,0.022,0.022,"HQJ144230",0.002
0.006,0.042,0,0,0.017,0.02,0,0.202,22,0.0083,0.0028,0.025,0.022,"HQC133070",0
0.006,0.0414,0,0,0.015,0.02,0,0.188,11,0.0086,0.003,0.035,0.034,"HQD074630",0
0.006,0.019,0,0,0.016,0.02,0,0.188,16,0.0083,0.0031,0.022,0.021,"HQE077080",0
0.005,0.1631,0,0,0.032,0.02,0,0.831,36,0.013,0.0037,0.032,0.03,"HQH086370",0.001
0.005,0.0351,16,0,0.019,0.02,0,0.203,42,0.0062,0.0032,0.025,0.024,"HQF136760",0
0.004,0.0048,12,1,0.098,0.02,0.06,0.595,23,0.0791,0.0112,0.059,0.057,"HQJ049300",0.002
0.006,0.0404,0,0,0.017,0.02,0,0.221,21,0.0058,0.003,0.027,0.025,"HQY119490",0
0.006,0.0014,0,0,0.015,0.02,0,0.079,11,0.0082,0.0035,0.028,0.025,"HQZ095630",0.003
0.005,0.0406,0,0,0.018,0.02,0,0.206,21,0.01,0.0029,0.023,0.02,"HQE100540",0
0.005,0.0384,0,0,0.022,0.02,0,0.191,24,0.0084,0.0036,0.029,0.028,"HQF129070",0
0.005,0.0014,5,0,0.056,0.02,0,0.191,17,0.0425,0.0086,0.038,0.037,"HQA067220",0.001
0.006,0.114,0,0,0.01,0.02,0,0.307,35,0.0132,0.0023,0.028,0.027,"HQZ095820",0.001
0.006,0.0486,0,0,0.011,0.02,0,0.289,32,0.009,0.0028,0.04,0.038,"HQX157050",0
0.008,0.0468,0,0,0.012,0.02,0,0.186,19,0.0081,0.0028,0.028,0.027,"HQA081560",0
0.005,0.0488,0,0,0.01,0.02,0,0.287,26,0.0086,0.0027,0.031,0.03,"HQG036110",0.001
0.005,0.1212,0,1,0.017,0.02,0,0.443,28,0.0092,0.0041,0.026,0.024,"HQB113160",0
0.007,0.0735,2,0,0.012,0.02,0,0.905,29,0.0192,0.0029,0.027,0.026,"HQY153030",0.001
0.006,0.0382,0,0,0.012,0.02,0,0.191,23,0.0115,0.003,0.02,0.019,"HQX030150",0
0.004,0.0022,0,0,0.012,0.02,0,0.144,14,0.0097,0.0027,0.025,0.024,"HQE008760",0.001
0.006,0.0348,0,2,0.012,0.01,0,0.204,16,0.0078,0.0036,0.022,0.021,"HQB030230",0
0.005,0.0347,0,0,0.027,0.03,0,0.185,15,0.0087,0.007,0.024,0.022,"HQZ087870",0
0.005,0.0015,0,0,0.009,0.02,0,0.079,11,0.0087,0.003,0.027,0.025,"HQE052780",0.002
0.005,0.002,0,0,0.017,0.02,0,0.065,15,0.0087,0.0041,0.032,0.03,"HQF092200",0.002
0.006,0.1485,0,1,0.014,0.02,0,0.799,30,0.01,0.0026,0.031,0.029,"HQC091920",0.001
0.007,0.1142,0,3,0.017,0.02,0,0.439,30,0.0089,0.003,0.031,0.029,"HQY137780",0.001
0.005,0.0354,11,1,0.018,0.02,0,0.242,20,0.0086,0.0043,0.037,0.036,"HQA007810",0
0.006,0.0371,0,0,0.015,0.02,0,0.189,26,0.0093,0.0032,0.028,0.027,"HQA133450",0
0.005,0.0341,0,1,0.01,0.02,0,0.186,11,0.0103,0.0031,0.024,0.024,"HQD145650",0
0.005,0.0345,0,0,0.014,0.02,0,0.185,21,0.0068,0.0029,0.027,0.026,"HQJ082250",0
0.006,0.0018,0,1,0.016,0.02,0,0.069,17,0.0088,0.0033,0.029,0.028,"HQA047780",0.003
0.005,0.0018,0,0,0.008,0.01,0,0.086,13,0.0094,0.0034,0.027,0.026,"HQG165470",0.001
0.005,0.0507,0,0,0.011,0.02,0,0.304,42,0.0101,0.0034,0.028,0.027,"HQZ065150",0
0.004,0.0023,0,1,0.017,0.02,0,0.143,8,0.0109,0.0032,0.033,0.032,"HQH094410",0.002
0.006,0.0393,0,0,0.009,0.02,0,0.194,25,0.0099,0.0032,0.022,0.02,"HQD043500",0
0.006,0.041,12,1,0.014,0.02,0,0.25,21,0.0102,0.0036,0.032,0.03,"HQY089170",0
0.006,0.1739,0,1,0.019,0.02,0,0.44,29,0.0073,0.0032,0.021,0.019,"HQY073410",0
0.005,0.0403,0,1,0.012,0.02,0,0.177,21,0.0085,0.0036,0.022,0.021,"HQG036490",0
0.005,0.0014,6,0,0.052,0.03,0,0.185,18,0.0466,0.0097,0.036,0.036,"HQF140490",0.001
0.006,0.0024,0,0,0.022,0.01,0,0.101,12,0.0091,0.0038,0.033,0.03,"HQC037580",0.001
0.005,0.0023,0,0,0.014,0.02,0,0.085,12,0.0091,0.0036,0.03,0.029,"HQE116820",0.002
0.005,0.0015,0,0,0.025,0.02,0,0.089,16,0.01,0.0035,0.034,0.034,"HQH004570",0.001
0.005,0.0749,2,0,0.012,0.02,0,0.887,32,0.0186,0.0027,0.027,0.025,"HQZ063790",0.001
0.004,0.002,0,1,0.016,0.02,0,0.152,15,0.009,0.0034,0.033,0.032,"HQH095130",0.002
0.006,0.0018,0,0,0.011,0.02,0,0.098,16,0.0095,0.0031,0.03,0.028,"HQA030870",0
0.005,0.0391,0,0,0.017,0.02,0,0.192,17,0.0085,0.0036,0.022,0.022,"HQB133170",0
0.006,0.0018,0,0,0.019,0.02,0,0.06,21,0.0066,0.0034,0.032,0.029,"HQY090180",0.002
0.006,0.0182,0,0,0.008,0.01,0,0.206,18,0.0069,0.0035,0.026,0.024,"HQY115630",0
0.006,0.0017,0,0,0.013,0.02,0,0.145,16,0.0095,0.0028,0.024,0.022,"HQX003670",0.002
0.006,0.0398,0,0,0.026,0.01,0,0.206,27,0.0085,0.0035,0.026,0.024,"HQC094190",0
0.006,0.0398,0,0,0.011,0.02,0,0.191,34,0.0081,0.004,0.029,0.028,"HQY002640",0
0.006,0.0378,0,1,0.01,0.01,0,0.149,23,0.0074,0.0023,0.028,0.026,"HQD011630",0
0.005,0.0015,0,0,0.02,0.02,0,0.159,19,0.0081,0.0032,0.029,0.028,"HQE048500",0.002
0.006,0.0194,0,0,0.02,0.02,0,0.182,21,0.0058,0.0105,0.03,0.028,"HQE065760",0
0.007,0.0407,0,0,0.007,0.02,0,0.196,23,0.0065,0.003,0.026,0.025,"HQD029800",0
0.005,0.0016,0,0,0.012,0.02,0,0.101,17,0.0095,0.0038,0.03,0.027,"HQZ121730",0.001
0.006,0.0019,0,0,0.013,0.06,0.02,0.144,19,0.0568,0.0039,0.037,0.036,"HQY020150",0
0.005,0.0044,10,0,0.094,0.02,0.06,0.603,18,0.0869,0.0093,0.05,0.048,"HQF101220",0.002
0.006,0.002,0,0,0.014,0.03,0,0.109,16,0.0125,0.0035,0.027,0.026,"HQB118710",0.002
0.004,0.0176,0,0,0.018,0.02,0,0.142,20,0.0081,0.0035,0.033,0.032,"HQF055600",0
0.005,0.0342,0,0,0.016,0.02,0,0.195,17,0.0091,0.0047,0.022,0.021,"HQZ031330",0
0.005,0.0385,0,0,0.017,0.02,0,0.19,30,0.0085,0.003,0.021,0.02,"HQE053970",0
0.005,0.0014,0,0,0.022,0.02,0,0.062,13,0.0072,0.0035,0.032,0.031,"HQB153490",0.002
0.005,0.0021,0,0,0.02,0.02,0,0.076,18,0.0095,0.0035,0.031,0.03,"HQE080410",0.003
0.006,0.0363,0,0,0.019,0.01,0,0.185,29,0.008,0.0028,0.045,0.044,"HQB036750",0
0.005,0.0371,0,0,0.018,0.02,0,0.203,21,0.0109,0.0025,0.022,0.02,"HQC029480",0
0.005,0.0018,0,0,0.019,0.01,0,0.059,16,0.0062,0.0034,0.033,0.032,"HQB152460",0.002
0.005,0.1551,0,1,0.02,0.01,0,0.803,28,0.0079,0.0022,0.034,0.033,"HQJ110390",0
0.007,0.0018,0,1,0.018,0.03,0,0.08,19,0.0097,0.0038,0.026,0.024,"HQZ042090",0.003
0.007,0.0031,0,0,0.017,0.03,0,0.143,16,0.0095,0.0033,0.017,0.016,"HQA077290",0.001
0.005,0.1883,0,0,0.031,0.02,0,0.895,35,0.014,0.0033,0.014,0.012,"HQD105010",0.001
0.006,0.0586,0,0,0.023,0.02,0,0.772,33,0.0086,0.0026,0.028,0.027,"HQB009860",0
0.006,0.0382,0,0,0.012,0.02,0,0.2,14,0.0076,0.0029,0.029,0.028,"HQD074620",0
0.004,0.0154,21,0,0.01,0.02,0,0.133,14,0.0102,0.0039,0.035,0.034,"HQF117250",0
0.005,0.1935,0,1,0.024,0.02,0,0.845,30,0.0113,0.0037,0.023,0.022,"HQX067330",0.001
0.005,0.0021,0,0,0.097,0.02,0,0.145,13,0.0179,0.0096,0.034,0.032,"HQC045750",0
0.005,0.0179,0,0,0.008,0.02,0,0.195,14,0.0088,0.0024,0.027,0.024,"HQD018480",0
0.005,0.0015,6,1,0.055,0.02,0,0.189,18,0.0436,0.0088,0.039,0.037,"HQG138390",0.001
0.007,0.0021,0,0,0.016,0.02,0,0.064,28,0.0057,0.0048,0.029,0.027,"HQZ096460",0.003
0.004,0.0175,0,0,0.023,0.02,0,0.139,10,0.0103,0.0036,0.028,0.027,"HQF055520",0
0.005,0.0019,0,0,0.012,0.02,0,0.091,15,0.0104,0.0033,0.02,0.02,"HQJ085330",0
0.007,0.0393,0,0,0.012,0.02,0,0.192,21,0.0104,0.0029,0.028,0.026,"HQX019070",0
0.005,0.0486,0,0,0.009,0.01,0,0.307,22,0.0073,0.0033,0.021,0.02,"HQZ065190",0
0.006,0.0658,0,1,0.012,0.02,0,0.821,26,0.0116,0.0029,0.03,0.028,"HQZ124170",0.001
0.006,0.0014,4,0,0.057,0.02,0,0.209,19,0.043,0.008,0.038,0.036,"HQC042530",0.001
0.006,0.0392,0,0,0.028,0.03,0,0.199,27,0.0086,0.003,0.028,0.027,"HQY018940",0
0.004,0.0388,11,0,0.027,0.02,0,0.198,15,0.006,0.0037,0.021,0.02,"HQF098210",0
0.006,0.0018,5,1,0.063,0.02,0,0.211,18,0.0471,0.0102,0.04,0.038,"HQZ077430",0.001
0.006,0.0406,0,0,0.018,0.02,0,0.154,22,0.0086,0.0029,0.028,0.026,"HQX161810",0
0.006,0.0395,0,0,0.012,0.03,0,0.142,17,0.011,0.003,0.023,0.021,"HQB133090",0
0.006,0.0016,0,0,0.022,0.06,0.02,0.143,17,0.048,0.0041,0.022,0.021,"HQB083060",0
0.006,0.1233,0,0,0.021,0.03,0,0.302,25,0.0115,0.0033,0.019,0.018,"HQX055330",0.001
0.006,0.063,0,6,0.01,0.02,0,0.792,30,0.0108,0.002,0.031,0.03,"HQD016700",0.001
0.004,0.0015,0,0,0.021,0.02,0,0.136,14,0.0118,0.0032,0.017,0.016,"HQE009770",0.001
0.007,0.0367,0,0,0.014,0.02,0,0.153,17,0.0084,0.0038,0.022,0.021,"HQZ041190",0
0.005,0.0014,5,0,0.057,0.02,0,0.224,18,0.0437,0.0092,0.039,0.038,"HQH058020",0.001
0.006,0.0388,0,0,0.007,0.02,0,0.182,23,0.0097,0.0034,0.019,0.018,"HQE019720",0
0.007,0.0434,0,4,0.011,0.02,0,0.191,20,0.0122,0.0034,0.02,0.018,"HQA099220",0
0.006,0.0404,1,0,0.013,0.02,0,0.199,20,0.0083,0.0032,0.021,0.02,"HQA059630",0
0.005,0.0022,0,0,0.019,0.02,0,0.143,15,0.0102,0.0038,0.027,0.027,"HQD147290",0.002
0.005,0.0025,16,1,0.065,0.07,0,0.537,18,0.0136,0.0044,0.024,0.021,"HQG163160",0.002
0.006,0.037,0,0,0.019,0.02,0,0.205,18,0.0056,0.003,0.03,0.029,"HQB087260",0
0.005,0.002,0,1,0.097,0.02,0,0.144,16,0.0184,0.0091,0.033,0.031,"HQX146940",0
0.007,0.1292,0,0,0.012,0.02,0,0.903,36,0.0083,0.0023,0.024,0.023,"HQY124990",0
0.005,0.0016,0,0,0.014,0.02,0,0.091,18,0.0094,0.0036,0.029,0.027,"HQZ123190",0.001
0.006,0.0371,0,0,0.015,0.01,0,0.197,28,0.0056,0.0022,0.026,0.025,"HQC107930",0
0.006,0.0384,0,0,0.022,0.02,0,0.196,26,0.008,0.0037,0.037,0.036,"HQF003430",0
0.004,0.1107,0,0,0.022,0.02,0,0.341,28,0.0118,0.0033,0.026,0.025,"HQG057550",0
0.004,0.034,0,0,0.015,0.02,0,0.177,17,0.008,0.0031,0.024,0.022,"HQF121510",0
0.006,0.002,0,0,0.014,0.03,0,0.109,16,0.0125,0.0035,0.027,0.026,"HQB118700",0.002
0.006,0.0016,0,0,0.009,0.02,0,0.09,19,0.0104,0.003,0.026,0.025,"HQE024560",0.001
0.004,0.0541,0,0,0.018,0.02,0,0.79,36,0.0095,0.0024,0.037,0.034,"HQE012210",0.001
0.005,0.0351,0,0,0.018,0.02,0,0.193,22,0.0119,0.0033,0.02,0.018,"HQC029960",0
0.005,0.0017,0,2,0.017,0.05,0.02,0.14,10,0.0504,0.0038,0.033,0.031,"HQZ066750",0
0.004,0.0015,0,1,0.051,0.03,0,0.143,16,0.0527,0.0092,0.037,0.036,"HQF138980",0
0.006,0.002,0,2,0.011,0.02,0,0.09,14,0.0096,0.0036,0.025,0.024,"HQE093980",0.002
0.007,0.0011,0,0,0.019,0.02,0,0.075,14,0.0101,0.0036,0.029,0.027,"HQX157730",0.001
0.005,0.0019,0,0,0.021,0.02,0,0.093,21,0.0095,0.0041,0.024,0.024,"HQC053450",0.001
0.005,0.0024,14,0,0.06,0.07,0,0.53,21,0.0137,0.0033,0.02,0.019,"HQA006350",0.001
0.007,0.0637,0,0,0.02,0.01,0,0.354,23,0.0077,0.0024,0.034,0.033,"HQB014270",0
0.004,0.0022,0,0,0.013,0.02,0,0.102,22,0.0094,0.0026,0.027,0.025,"HQC005730",0.001
0.006,0.0442,0,4,0.012,0.02,0,0.295,29,0.0115,0.0025,0.034,0.032,"HQX158390",0
0.006,0.0584,0,0,0.016,0.02,0,0.792,33,0.0096,0.0031,0.029,0.028,"HQE063390",0
0.004,0.0352,0,0,0.015,0.02,0,0.191,19,0.0077,0.0032,0.028,0.024,"HQG129590",0
0.005,0.0405,0,1,0.019,0.02,0,0.293,29,0.008,0.0032,0.033,0.03,"HQX110170",0
0.006,0.0019,5,2,0.009,0.02,0,0.699,15,0.0583,0.0035,0.035,0.033,"HQZ064560",0.002
0.006,0.0403,0,0,0.02,0.01,0,0.2,20,0.0068,0.0035,0.025,0.023,"HQY102890",0
0.005,0.0013,1,0,0.027,0.05,0.02,0.142,15,0.052,0.0056,0.034,0.033,"HQC114790",0.001
0.004,0.0222,0,0,0.016,0.01,0,0.186,19,0.0074,0.0037,0.026,0.025,"HQJ108180",0
0.005,0.0465,0,0,0.012,0.02,0,0.293,26,0.0087,0.0029,0.025,0.024,"HQE131390",0
0.004,0.0024,0,0,0.01,0.02,0,0.072,14,0.0056,0.0034,0.027,0.026,"HQG127540",0.002
0.005,0.0012,6,0,0.053,0.02,0,0.199,16,0.0435,0.0087,0.039,0.037,"HQC034770",0
0.006,0.0013,0,0,0.009,0.02,0.01,0.067,13,0.0062,0.0031,0.032,0.031,"HQZ071980",0.003
0.008,0.0014,0,0,0.014,0.02,0,0.063,18,0.0057,0.0032,0.03,0.028,"HQD036650",0.004
0.005,0.0345,0,0,0.014,0.02,0,0.185,21,0.0068,0.0029,0.027,0.026,"HQJ082740",0
0.004,0.0358,0,0,0.022,0.03,0,0.184,12,0.0114,0.0029,0.019,0.017,"HQG005340",0
0.006,0.0415,11,0,0.01,0.02,0,0.261,21,0.0068,0.004,0.027,0.025,"HQY007720",0
0.006,0.0388,0,0,0.011,0.02,0,0.195,21,0.0102,0.0025,0.026,0.025,"HQY093960",0
0.007,0.0017,6,0,0.054,0.02,0,0.202,20,0.0427,0.0085,0.041,0.04,"HQB012890",0.001
0.005,0.0014,5,1,0.052,0.02,0,0.191,18,0.0432,0.0092,0.037,0.035,"HQZ064620",0.001
0.006,0.0017,0,0,0.016,0.05,0.02,0.14,14,0.0524,0.005,0.03,0.028,"HQZ104580",0
0.005,0.0024,0,0,0.009,0.02,0.01,0.143,18,0.0086,0.0032,0.03,0.029,"HQJ083400",0.002
0.006,0.019,0,0,0.028,0.03,0,0.2,19,0.01,0.0036,0.021,0.021,"HQD042310",0
0.005,0.0412,0,1,0.018,0.01,0,0.239,34,0.0099,0.0025,0.028,0.027,"HQE050810",0.001
0.006,0.1561,0,0,0.013,0.02,0,0.806,23,0.0099,0.0028,0.024,0.023,"HQC092030",0.001
0.005,0.0385,0,0,0.019,0.02,0,0.203,18,0.0092,0.0029,0.026,0.025,"HQB104170",0
0.006,0.0396,0,0,0.017,0.02,0,0.189,21,0.0104,0.0034,0.027,0.025,"HQA141640",0
0.005,0.0016,0,0,0.014,0.02,0,0.093,16,0.0103,0.0039,0.034,0.033,"HQH028210",0.001
0.005,0.0314,0,0,0.018,0.02,0,0.202,22,0.0093,0.004,0.035,0.032,"HQY045760",0
0.004,0.0015,0,0,0.009,0.02,0,0.07,12,0.0091,0.0033,0.036,0.033,"HQD094680",0.001
0.006,0.0205,0,0,0.015,0.02,0,0.196,26,0.0086,0.0035,0.018,0.017,"HQB115280",0
0.006,0.0389,0,0,0.033,0.02,0,0.205,20,0.0063,0.004,0.031,0.029,"HQY024970",0
0.005,0.0364,0,2,0.009,0.02,0,0.185,15,0.0086,0.003,0.022,0.021,"HQD122420",0
0.005,0.0016,0,2,0.015,0.02,0,0.094,16,0.0098,0.0039,0.031,0.028,"HQC119210",0.001
0.005,0.0386,11,0,0.018,0.01,0,0.196,17,0.0058,0.0035,0.026,0.025,"HQF020660",0
0.004,0.0333,0,0,0.012,0.01,0,0.213,33,0.0085,0.0035,0.033,0.03,"HQE059120",0
0.004,0.0364,0,0,0.014,0.02,0,0.188,25,0.0096,0.0027,0.023,0.019,"HQF148430",0
0.003,0.0352,0,0,0.02,0.02,0,0.176,26,0.0071,0.0033,0.02,0.017,"HQG099050",0
0.004,0.0025,0,0,0.021,0.03,0,0.094,15,0.0113,0.004,0.031,0.029,"HQG077590",0.001
0.005,0.0606,0,0,0.011,0.02,0,0.797,30,0.0115,0.0026,0.032,0.03,"HQZ124190",0.001
0.005,0.0375,0,0,0.01,0.02,0,0.194,29,0.0087,0.0027,0.017,0.015,"HQC061970",0
0.005,0.0013,0,1,0.011,0.05,0.02,0.133,14,0.0507,0.0031,0.026,0.025,"HQD140250",0
0.006,0.1273,0,0,0.016,0.02,0,0.303,25,0.011,0.0035,0.018,0.017,"HQA005500",0.001
0.005,0.0014,0,0,0.022,0.02,0,0.062,13,0.0072,0.0035,0.032,0.031,"HQB153580",0.002
0.004,0.0016,0,0,0.019,0.02,0,0.098,16,0.0095,0.0035,0.032,0.03,"HQJ019460",0.001
0.007,0.0369,0,2,0.013,0.01,0,0.191,16,0.0034,0.0035,0.022,0.021,"HQD058430",0
0.006,0.0193,0,0,0.016,0.02,0,0.204,28,0.0087,0.0043,0.028,0.025,"HQZ082790",0
0.006,0.0412,0,0,0.007,0.02,0,0.213,19,0.017,0.003,0.026,0.024,"HQD011020",0
0.005,0.1378,0,1,0.013,0.02,0,0.881,35,0.0093,0.0023,0.024,0.022,"HQZ046890",0.001
0.006,0.0379,0,0,0.011,0.02,0,0.145,20,0.0107,0.0028,0.02,0.018,"HQC092470",0
0.005,0.0014,5,0,0.056,0.02,0,0.191,17,0.0425,0.0086,0.038,0.037,"HQA067360",0.001
0.005,0.0025,0,0,0.016,0.02,0,0.144,15,0.0094,0.0035,0.033,0.031,"HQZ128320",0.001
0.007,0.0016,6,1,0.052,0.02,0,0.189,18,0.0432,0.0085,0.036,0.034,"HQA141340",0.001
0.005,0.0184,0,0,0.013,0.02,0,0.196,19,0.0097,0.0037,0.024,0.021,"HQZ082500",0
0.005,0.038,0,0,0.009,0.02,0,0.202,21,0.0093,0.0031,0.028,0.026,"HQX114520",0
0.005,0.0023,0,1,0.009,0.02,0,0.063,17,0.0067,0.0029,0.028,0.028,"HQJ098510",0.002
0.007,0.0623,0,0,0.016,0.02,0,0.776,32,0.0113,0.0037,0.027,0.026,"HQB011120",0.001
0.005,0.059,0,2,0.013,0.02,0,0.78,25,0.0087,0.0023,0.037,0.036,"HQY057080",0
0.004,0.0709,0,0,0.027,0.02,0,0.254,77,0.0112,0.0026,0.028,0.026,"HQH157730",0
0.006,0.0371,0,1,0.014,0.01,0,0.199,17,0.009,0.0027,0.033,0.031,"HQB029350",0
0.004,0.0018,0,0,0.023,0.02,0,0.096,15,0.0107,0.0035,0.024,0.021,"HQF086710",0.001
0.004,0.0593,0,1,0.009,0.01,0,0.783,27,0.0134,0.002,0.044,0.042,"HQH154890",0.001
0.006,0.0567,0,0,0.031,0.02,0,0.788,39,0.0102,0.0027,0.032,0.031,"HQB114710",0
0.006,0.0017,0,1,0.014,0.02,0,0.09,19,0.0098,0.0043,0.028,0.027,"HQJ085240",0.001
0.005,0.0393,0,0,0.01,0.02,0,0.198,19,0.0081,0.0034,0.027,0.026,"HQZ026100",0
0.005,0.0018,0,0,0.094,0.02,0,0.148,16,0.0188,0.0099,0.035,0.034,"HQY010500",0
0.006,0.0015,6,1,0.054,0.02,0,0.198,14,0.0443,0.0089,0.041,0.038,"HQZ040190",0.001
0.006,0.0391,0,0,0.014,0.02,0,0.153,22,0.0076,0.0027,0.027,0.026,"HQD011360",0
0.006,0.0435,0,0,0.016,0.02,0,0.197,24,0.008,0.003,0.022,0.021,"HQA108390",0
0.006,0.0377,0,0,0.01,0.02,0,0.189,15,0.0109,0.0032,0.021,0.02,"HQA105740",0
0.006,0.0021,0,0,0.014,0.03,0,0.101,15,0.0103,0.0033,0.03,0.029,"HQB117450",0.002
0.008,0.0018,0,0,0.011,0.06,0.02,0.148,14,0.0546,0.0034,0.035,0.034,"HQB021710",0
0.005,0.0377,0,0,0.016,0.02,0,0.176,12,0.0108,0.0028,0.022,0.022,"HQA034960",0
0.005,0.0356,0,0,0.018,0.03,0,0.184,22,0.0092,0.0036,0.028,0.027,"HQD122780",0
0.004,0.002,0,1,0.022,0.02,0,0.09,12,0.0095,0.0033,0.03,0.026,"HQF087000",0.001
0.006,0.0019,0,0,0.02,0.05,0.02,0.149,21,0.0507,0.0042,0.035,0.034,"HQY135370",0
0.006,0.0021,0,0,0.034,0.03,0,0.149,17,0.0119,0.0039,0.034,0.031,"HQY015650",0.002
0.004,0.0419,0,0,0.016,0.03,0,0.193,19,0.0104,0.0044,0.018,0.018,"HQD144880",0
0.007,0.0423,0,0,0.011,0.02,0,0.204,13,0.0101,0.003,0.022,0.021,"HQZ046210",0
0.004,0.002,0,1,0.022,0.02,0,0.09,12,0.0095,0.0033,0.03,0.026,"HQF086990",0.001
0.005,0.0406,0,0,0.011,0.02,0,0.184,15,0.0087,0.0037,0.02,0.02,"HQE095750",0
0.004,0.0014,6,0,0.053,0.02,0,0.205,12,0.045,0.0098,0.039,0.037,"HQH147360",0
0.005,0.0015,0,0,0.021,0.02,0,0.075,15,0.0089,0.0036,0.039,0.038,"HQF162230",0.002
0.005,0.0383,0,0,0.02,0.03,0,0.187,19,0.0116,0.0042,0.025,0.023,"HQC116640",0
0.007,0.0629,0,1,0.026,0.02,0,0.8,22,0.0129,0.003,0.037,0.036,"HQB010920",0.001
0.006,0.0391,0,0,0.013,0.02,0,0.214,17,0.0072,0.0036,0.018,0.017,"HQZ020040",0
0.006,0.0657,0,1,0.025,0.02,0,0.492,28,0.0107,0.0033,0.053,0.052,"HQE084960",0.001
0.005,0.0419,0,2,0.02,0.02,0,0.126,22,0.0092,0.0041,0.017,0.016,"HQX165710",0
0.006,0.0018,0,1,0.009,0.02,0,0.07,18,0.0097,0.0035,0.027,0.024,"HQD065590",0.003
0.006,0.0449,0,1,0.012,0.02,0,0.199,21,0.0095,0.0034,0.02,0.018,"HQZ039200",0
0.005,0.1986,0,0,0.021,0.02,0,0.375,27,0.0102,0.0028,0.039,0.038,"HQH089830",0
0.004,0.0393,0,0,0.009,0.01,0,0.193,23,0.0092,0.0031,0.022,0.02,"HQJ121740",0
0.007,0.0017,0,1,0.023,0.06,0.02,0.148,11,0.0498,0.0048,0.036,0.033,"HQB012700",0.001
0.004,0.0022,0,0,0.012,0.02,0,0.145,13,0.0104,0.0037,0.036,0.035,"HQH094980",0.002
0.004,0.0373,0,0,0.012,0.02,0,0.181,17,0.0088,0.003,0.022,0.022,"HQD102110",0
0.006,0.0014,0,2,0.019,0.02,0,0.079,20,0.0088,0.004,0.028,0.025,"HQX046040",0.001
0.007,0.0183,0,11,0.016,0.02,0,0.135,12,0.0098,0.0037,0.029,0.028,"HQA073500",0
0.005,0.0015,0,0,0.056,0.03,0,0.148,23,0.0507,0.0087,0.031,0.028,"HQF125040",0.001
0.005,0.0015,0,1,0.021,0.02,0,0.068,20,0.0087,0.0041,0.032,0.03,"HQX163540",0.002
0.006,0.0442,0,4,0.012,0.02,0,0.295,29,0.0115,0.0025,0.034,0.032,"HQX158370",0
0.006,0.0381,0,0,0.019,0.01,0,0.194,24,0.0054,0.0036,0.03,0.029,"HQX020230",0
0.007,0.1749,0,0,0.015,0.01,0,0.782,30,0.0094,0.0028,0.023,0.022,"HQX023970",0.001
0.006,0.0769,1,0,0.031,0.02,0,0.917,27,0.0169,0.0028,0.027,0.024,"HQC123110",0.001
0.006,0.0355,0,0,0.01,0.02,0,0.186,21,0.008,0.0035,0.024,0.022,"HQY028380",0
0.004,0.002,0,0,0.02,0.02,0,0.067,22,0.0101,0.004,0.033,0.032,"HQF092010",0.003
0.005,0.0023,0,1,0.009,0.02,0,0.063,17,0.0067,0.0029,0.028,0.028,"HQJ098880",0.002
0.006,0.0393,12,0,0.02,0.02,0,0.214,18,0.0064,0.0029,0.026,0.024,"HQX093110",0
0.004,0.1199,0,0,0.014,0.02,0,0.301,27,0.0096,0.0027,0.025,0.024,"HQJ069810",0
0.005,0.0358,0,0,0.023,0.02,0,0.196,19,0.0088,0.0038,0.026,0.024,"HQY089590",0
0.006,0.0384,0,0,0.014,0.02,0,0.195,21,0.0087,0.0031,0.021,0.021,"HQA027540",0
0.006,0.002,0,0,0.015,0.06,0.02,0.143,17,0.048,0.0032,0.031,0.029,"HQY135290",0
0.006,0.033,0,4,0.02,0.02,0,0.192,18,0.0081,0.0046,0.019,0.017,"HQB030370",0
0.004,0.0504,0,0,0.011,0.02,0,0.297,16,0.0085,0.003,0.019,0.018,"HQE131320",0
0.005,0.0016,0,2,0.101,0.02,0,0.144,15,0.0203,0.0095,0.026,0.024,"HQZ055370",0
0.005,0.0019,0,0,0.011,0.01,0,0.066,15,0.0073,0.0035,0.028,0.027,"HQF008560",0.003
0.007,0.0582,0,1,0.013,0.02,0,0.782,29,0.0093,0.0027,0.026,0.025,"HQY007160",0.001
0.005,0.0318,0,3,0.023,0.04,0.01,0.199,16,0.0081,0.0027,0.021,0.019,"HQC016360",0
0.004,0.0014,4,0,0.056,0.02,0,0.186,18,0.0426,0.0093,0.038,0.035,"HQH025020",0.001
0.005,0.0374,0,12,0.01,0.02,0,0.197,16,0.0073,0.0043,0.026,0.026,"HQD062350",0
0.005,0.0013,1,0,0.027,0.05,0.02,0.142,15,0.052,0.0056,0.034,0.033,"HQC115300",0.001
0.007,0.1749,0,0,0.015,0.01,0,0.782,30,0.0094,0.0028,0.023,0.022,"HQX023960",0.001
0.005,0.0182,15,0,0.012,0.02,0,0.144,14,0.008,0.0031,0.029,0.028,"HQJ102510",0
0.005,0.1588,0,0,0.023,0.02,0,0.776,44,0.0106,0.0016,0.028,0.027,"HQF092990",0.001
0.005,0.0381,0,0,0.021,0.02,0,0.189,27,0.0081,0.0031,0.018,0.017,"HQC030980",0
0.006,0.0472,0,0,0.012,0.02,0,0.29,24,0.0067,0.0033,0.034,0.033,"HQA019850",0
0.004,0.0397,0,0,0.022,0.03,0,0.193,24,0.0091,0.003,0.025,0.024,"HQD128770",0
0.006,0.002,0,1,0.016,0.02,0,0.145,13,0.0093,0.0033,0.032,0.031,"HQH108000",0.002
0.005,0.0488,0,0,0.01,0.02,0,0.287,26,0.0086,0.0027,0.031,0.03,"HQG036130",0.001
0.006,0.0409,1,0,0.007,0.02,0,0.213,22,0.01,0.0039,0.033,0.032,"HQX140250",0
0.005,0.0372,0,0,0.011,0.01,0,0.206,23,0.0059,0.003,0.023,0.022,"HQZ144290",0
0.006,0.1765,0,0,0.013,0.02,0,0.447,36,0.0111,0.0027,0.019,0.015,"HQC127280",0
0.006,0.033,0,0,0.018,0.02,0,0.192,21,0.0095,0.0037,0.03,0.029,"HQA120590",0
0.005,0.0015,0,1,0.098,0.02,0,0.146,20,0.0179,0.0094,0.037,0.036,"HQH079120",0
0.007,0.02,0,0,0.013,0.02,0,0.191,21,0.0105,0.0029,0.023,0.021,"HQY128140",0
0.006,0.0346,0,0,0.01,0.01,0,0.186,20,0.0063,0.0026,0.028,0.027,"HQA075860",0
0.007,0.186,0,0,0.01,0.03,0,0.84,24,0.0087,0.0023,0.022,0.021,"HQA086910",0
0.007,0.0019,0,1,0.01,0.01,0,0.143,17,0.009,0.0033,0.029,0.028,"HQA116250",0.002
0.004,0.156,0,0,0.012,0.01,0,0.585,44,0.0132,0.0017,0.032,0.031,"HQH154010",0
0.004,0.0344,0,0,0.01,0.02,0,0.205,25,0.0086,0.0024,0.024,0.021,"HQG143210",0
0.005,0.0018,0,0,0.008,0.01,0,0.086,13,0.0094,0.0034,0.027,0.026,"HQG165540",0.001
0.006,0.107,0,0,0.01,0.02,0,0.481,33,0.0096,0.003,0.019,0.017,"HQZ088770",0.001
0.005,0.0017,0,0,0.01,0.02,0,0.14,19,0.0098,0.0031,0.028,0.027,"HQZ114040",0.001
0.006,0.118,0,0,0.012,0.02,0,0.442,25,0.0102,0.0027,0.019,0.018,"HQA084670",0
0.005,0.0014,5,0,0.051,0.02,0,0.197,19,0.0465,0.0085,0.036,0.035,"HQX068830",0.001
0.004,0.0021,0,0,0.021,0.02,0,0.102,21,0.0093,0.0034,0.029,0.028,"HQE056470",0.001
0.005,0.0333,0,0,0.011,0.01,0,0.186,21,0.008,0.0027,0.026,0.025,"HQA069240",0
0.006,0.0378,0,0,0.01,0.02,0,0.191,18,0.008,0.003,0.027,0.026,"HQD018950",0
0.005,0.1433,0,0,0.015,0.02,0,0.873,24,0.0113,0.0028,0.017,0.016,"HQC002300",0
0.005,0.0023,0,0,0.009,0.01,0,0.15,16,0.0093,0.0027,0.029,0.027,"HQF096420",0.001
0.004,0.0197,0,0,0.031,0.02,0,0.208,17,0.0082,0.004,0.026,0.023,"HQF138870",0
0.006,0.0205,0,0,0.015,0.02,0,0.196,26,0.0086,0.0035,0.018,0.017,"HQB115270",0
0.005,0.0474,0,0,0.014,0.02,0,0.296,31,0.0096,0.0037,0.025,0.024,"HQY011240",0
0.006,0.0349,0,0,0.01,0.02,0,0.187,20,0.0075,0.0037,0.019,0.018,"HQD030510",0
0.005,0.002,0,0,0.017,0.02,0,0.065,15,0.0087,0.0041,0.032,0.03,"HQF092210",0.002
0.004,0.0534,0,0,0.019,0.02,0,0.357,31,0.0108,0.0028,0.036,0.034,"HQH061330",0
0.005,0.0025,0,0,0.012,0.02,0,0.058,20,0.0074,0.0031,0.021,0.02,"HQZ135040",0.002
0.007,0.0017,0,0,0.017,0.02,0,0.076,12,0.0078,0.0037,0.031,0.03,"HQA154240",0.002
0.005,0.0357,0,0,0.012,0.02,0,0.184,11,0.0103,0.003,0.021,0.02,"HQG028170",0
0.007,0.0746,2,2,0.025,0.02,0,1.319,35,0.0132,0.0027,0.016,0.015,"HQY162320",0.003
0.004,0.0016,5,0,0.053,0.02,0,0.207,17,0.0438,0.0091,0.038,0.036,"HQF140520",0
0.004,0.0023,0,0,0.011,0.02,0.01,0.098,15,0.0094,0.0031,0.033,0.031,"HQH139830",0.001
0.005,0.0013,0,0,0.014,0.03,0,0.102,20,0.0095,0.0034,0.032,0.031,"HQD147900",0.002
0.006,0.0363,0,0,0.02,0.02,0,0.183,16,0.0097,0.003,0.029,0.027,"HQA133880",0
0.005,0.0021,0,0,0.022,0.03,0,0.088,17,0.0082,0.0028,0.023,0.021,"HQB079080",0.002
0.005,0.0023,0,0,0.014,0.02,0,0.101,16,0.0093,0.0038,0.03,0.029,"HQZ138350",0.001
0.005,0.0014,7,0,0.06,0.02,0,0.196,13,0.0446,0.0099,0.032,0.031,"HQE048710",0.001
0.004,0.1493,0,0,0.02,0.02,0,0.49,34,0.0121,0.0022,0.022,0.021,"HQF057630",0.001
0.005,0.0365,0,8,0.018,0.02,0,0.174,18,0.0068,0.0035,0.021,0.019,"HQC117700",0
0.007,0.0169,0,0,0.024,0.01,0,0.168,23,0.0098,0.0038,0.015,0.014,"HQY125600",0
0.004,0.0016,0,0,0.011,0.02,0,0.067,15,0.0067,0.0033,0.031,0.029,"HQH142730",0.004
0.004,0.002,0,0,0.021,0.03,0,0.092,17,0.0104,0.004,0.03,0.029,"HQH003610",0.001
0.008,0.002,0,0,0.009,0.02,0,0.059,18,0.0066,0.0028,0.023,0.021,"HQB017590",0.003
0.006,0.002,0,0,0.019,0.02,0,0.07,16,0.008,0.0033,0.029,0.026,"HQA135390",0.002
0.004,0.0347,0,0,0.041,0.02,0.01,0.181,26,0.0063,0.0051,0.027,0.026,"HQF125190",0
0.004,0.0023,0,0,0.014,0.02,0,0.092,25,0.0098,0.0031,0.032,0.03,"HQF034400",0.002
0.006,0.0779,2,2,0.015,0.02,0,0.879,31,0.0177,0.0021,0.033,0.031,"HQX016000",0.002
0.005,0.1813,0,0,0.018,0.02,0,0.779,28,0.0096,0.0031,0.024,0.022,"HQZ064260",0
0.004,0.1129,0,1,0.012,0.02,0,0.491,23,0.0113,0.0027,0.02,0.02,"HQF048090",0
0.006,0.0385,0,1,0.026,0.02,0,0.195,26,0.0077,0.0038,0.027,0.025,"HQX158820",0
0.005,0.0017,0,0,0.01,0.06,0.02,0.133,26,0.0522,0.0037,0.035,0.034,"HQD140030",0
0.004,0.0029,15,0,0.062,0.07,0,0.516,21,0.0149,0.0033,0.022,0.021,"HQJ146720",0.002
0.004,0.0378,0,0,0.02,0.02,0,0.203,26,0.0109,0.0036,0.02,0.018,"HQJ012670",0
0.006,0.0018,0,0,0.022,0.05,0.01,0.146,13,0.0495,0.0035,0.038,0.036,"HQB083180",0
0.007,0.0184,0,2,0.011,0.02,0,0.206,11,0.0074,0.0039,0.02,0.019,"HQY126110",0
0.006,0.0016,0,0,0.012,0.05,0.01,0.147,14,0.0498,0.0043,0.032,0.025,"HQC120680",0
0.003,0.0376,0,1,0.012,0.01,0,0.138,22,0.0092,0.003,0.027,0.026,"HQY053290",0
0.004,0.1569,0,1,0.01,0.02,0,0.768,30,0.0119,0.0024,0.016,0.016,"HQJ136220",0.001
0.005,0.002,0,0,0.01,0.01,0,0.06,18,0.0087,0.0031,0.032,0.031,"HQE144940",0.001
0.004,0.0422,0,3,0.013,0.02,0,0.197,22,0.011,0.0038,0.026,0.025,"HQD126440",0
0.006,0.0012,0,0,0.016,0.02,0,0.06,18,0.0057,0.0037,0.028,0.027,"HQX036630",0.004
0.004,0.0021,0,0,0.017,0.01,0,0.072,24,0.0062,0.003,0.033,0.031,"HQB153460",0.002
0.006,0.0014,0,0,0.025,0.05,0.02,0.149,14,0.0533,0.0051,0.033,0.03,"HQC115090",0.001
0.004,0.0022,0,0,0.012,0.01,0,0.145,13,0.0088,0.0033,0.03,0.028,"HQJ153430",0.001
0.007,0.0018,0,0,0.021,0.02,0,0.093,16,0.0082,0.0036,0.03,0.029,"HQA117220",0.001
0.005,0.0389,0,0,0.023,0.03,0,0.233,30,0.0113,0.0036,0.032,0.03,"HQF140700",0
0.005,0.0554,0,1,0.018,0.02,0,0.763,31,0.009,0.003,0.032,0.032,"HQF125930",0.001
0.005,0.0356,0,0,0.008,0.02,0,0.137,21,0.0065,0.0038,0.022,0.02,"HQZ169890",0
0.005,0.0028,0,0,0.018,0.02,0,0.144,15,0.01,0.0029,0.028,0.026,"HQE006690",0.003
0.005,0.0491,0,2,0.01,0.02,0,0.296,26,0.0089,0.0024,0.037,0.035,"HQY054510",0
0.006,0.0397,0,0,0.025,0.02,0,0.187,18,0.008,0.0033,0.024,0.023,"HQC107920",0
0.005,0.0015,4,0,0.052,0.02,0,0.192,18,0.0428,0.0085,0.031,0.029,"HQX068800",0
0.006,0.042,0,0,0.026,0.02,0,0.21,11,0.0088,0.0036,0.02,0.019,"HQA151980",0
0.005,0.0016,0,0,0.009,0.01,0,0.062,13,0.0052,0.0036,0.032,0.03,"HQF133300",0.003
0.006,0.0021,0,0,0.016,0.02,0,0.103,18,0.0085,0.0025,0.03,0.028,"HQX006540",0.002
0.006,0.0378,0,0,0.013,0.02,0,0.206,19,0.0059,0.0034,0.028,0.027,"HQX137070",0
0.004,0.0021,8,0,0.087,0.03,0,0.254,14,0.0719,0.0099,0.041,0.04,"HQH167430",0.001
0.006,0.0377,0,1,0.014,0.02,0,0.194,23,0.0087,0.0036,0.04,0.038,"HQZ026980",0
0.005,0.0019,0,9,0.019,0.03,0,0.094,19,0.0108,0.0038,0.039,0.037,"HQB130690",0.001
0.006,0.0337,0,0,0.021,0.02,0,0.138,17,0.0092,0.0031,0.025,0.023,"HQB133320",0
0.005,0.1559,0,1,0.018,0.02,0,0.782,31,0.008,0.0024,0.025,0.023,"HQY050930",0.001
0.006,0.0349,0,0,0.017,0.02,0,0.197,12,0.0063,0.0031,0.028,0.026,"HQF125070",0
0.005,0.0023,0,0,0.025,0.02,0,0.076,19,0.0097,0.0033,0.032,0.029,"HQA028580",0.002
0.004,0.0461,0,0,0.011,0.01,0,0.3,34,0.0065,0.0024,0.041,0.04,"HQJ131700",0
0.005,0.0013,0,0,0.012,0.02,0,0.067,18,0.005,0.003,0.026,0.024,"HQZ118060",0.003
0.004,0.0356,0,0,0.019,0.02,0.01,0.183,33,0.0059,0.0031,0.029,0.027,"HQC069100",0
0.005,0.1457,0,0,0.015,0.02,0,0.496,27,0.0118,0.003,0.02,0.019,"HQZ149380",0.001
0.005,0.0018,0,0,0.023,0.02,0,0.146,19,0.0097,0.0041,0.034,0.032,"HQH013140",0.002
0.006,0.0014,5,0,0.055,0.02,0,0.203,15,0.0432,0.0092,0.037,0.035,"HQZ050960",0.001
0.005,0.043,0,0,0.011,0.02,0,0.182,30,0.0137,0.003,0.026,0.025,"HQF112260",0
0.006,0.0016,0,0,0.018,0.02,0,0.095,17,0.0098,0.0037,0.029,0.027,"HQY014800",0.001
0.006,0.0228,0,1,0.012,0.02,0,0.171,13,0.0065,0.0039,0.022,0.02,"HQY127090",0
0.007,0.0169,0,0,0.024,0.01,0,0.168,23,0.0098,0.0038,0.015,0.014,"HQY125590",0
0.005,0.0394,0,0,0.009,0.02,0,0.238,18,0.0095,0.0034,0.033,0.032,"HQA071120",0
0.004,0.002,0,0,0.009,0.01,0,0.071,20,0.0078,0.0026,0.031,0.03,"HQJ137170",0.002
0.004,0.0018,0,0,0.018,0.02,0,0.081,13,0.0089,0.0034,0.041,0.039,"HQE040250",0.003
0.006,0.0018,0,0,0.013,0.05,0.02,0.145,15,0.0487,0.0038,0.03,0.028,"HQZ104530",0.001
0.007,0.0752,4,1,0.031,0.02,0,0.882,41,0.0193,0.0025,0.032,0.032,"HQA124480",0.002
0.006,0.0018,0,0,0.019,0.06,0.02,0.142,12,0.0486,0.0042,0.031,0.029,"HQZ104100",0
0.005,0.0384,0,0,0.022,0.02,0,0.191,24,0.0084,0.0036,0.029,0.028,"HQF128910",0
0.005,0.0713,0,0,0.025,0.03,0,0.483,33,0.0127,0.0032,0.051,0.05,"HQG024270",0.001
0.004,0.0016,0,15,0.014,0.02,0,0.094,16,0.0092,0.0032,0.025,0.024,"HQD104910",0.001
0.006,0.0622,0,0,0.011,0.02,0,0.809,33,0.0141,0.0026,0.031,0.029,"HQX044730",0.001
0.005,0.0027,0,0,0.013,0.02,0,0.144,16,0.0096,0.0028,0.02,0.017,"HQE006680",0.004
0.006,0.0017,0,0,0.016,0.05,0.02,0.14,14,0.0524,0.005,0.03,0.028,"HQZ104570",0
0.006,0.0022,0,0,0.019,0.02,0,0.101,16,0.0118,0.0031,0.023,0.022,"HQX006360",0.001
0.005,0.0012,0,1,0.02,0.02,0,0.086,18,0.0087,0.0037,0.028,0.026,"HQH107740",0.003
0.005,0.0403,0,0,0.019,0.02,0,0.199,21,0.0076,0.0043,0.032,0.031,"HQZ054220",0
0.004,0.0371,0,5,0.017,0.01,0,0.199,27,0.006,0.0035,0.028,0.026,"HQH079510",0
0.006,0.0435,0,0,0.015,0.02,0,0.204,19,0.0106,0.003,0.023,0.021,"HQA070340",0
0.005,0.0581,0,0,0.03,0.02,0,0.805,29,0.0106,0.0035,0.034,0.033,"HQE063520",0.001
0.004,0.0327,0,0,0.015,0.02,0,0.194,15,0.0095,0.0031,0.029,0.027,"HQB100150",0
0.004,0.0018,0,0,0.021,0.01,0,0.093,15,0.0102,0.0034,0.033,0.031,"HQG108040",0.001
0.006,0.0025,0,0,0.013,0.06,0.02,0.148,15,0.0474,0.0038,0.036,0.034,"HQB012400",0.001
0.006,0.0023,0,1,0.014,0.03,0,0.113,21,0.0137,0.0041,0.022,0.019,"HQX055650",0.003
0.006,0.0615,0,0,0.02,0.02,0,0.297,30,0.0084,0.0033,0.031,0.03,"HQA068790",0
0.006,0.0019,0,0,0.022,0.05,0.02,0.146,20,0.0494,0.0035,0.03,0.029,"HQB112630",0
0.004,0.0016,0,1,0.017,0.02,0,0.094,18,0.0102,0.0037,0.033,0.031,"HQH146520",0.001
0.005,0.0018,0,1,0.012,0.02,0,0.086,18,0.0096,0.0044,0.024,0.023,"HQX144990",0.001
0.006,0.1191,0,0,0.017,0.02,0,0.424,22,0.0101,0.0024,0.025,0.024,"HQD021280",0
0.004,0.0014,4,0,0.056,0.02,0,0.186,18,0.0426,0.0093,0.038,0.035,"HQH025300",0.001
0.006,0.002,0,0,0.015,0.02,0,0.068,20,0.0061,0.0025,0.028,0.027,"HQX091200",0.002
0.006,0.0019,0,5,0.029,0.02,0,0.1,21,0.0097,0.0044,0.023,0.021,"HQX075740",0.001
0.007,0.0422,0,0,0.013,0.02,0,0.189,17,0.0069,0.0032,0.029,0.028,"HQA105670",0
0.004,0.033,0,0,0.02,0.02,0,0.189,23,0.0074,0.0028,0.036,0.034,"HQG113170",0
0.005,0.1375,0,6,0.022,0.02,0,0.871,32,0.0101,0.0036,0.019,0.019,"HQB144930",0
0.004,0.0482,0,0,0.011,0.02,0,0.292,34,0.0084,0.0023,0.031,0.03,"HQJ131720",0
0.005,0.0018,0,3,0.021,0.02,0,0.087,14,0.0097,0.0035,0.03,0.029,"HQG050360",0.001
0.007,0.0017,0,0,0.014,0.02,0,0.073,18,0.0082,0.003,0.024,0.023,"HQB117050",0.002
0.005,0.0397,0,0,0.009,0.02,0,0.205,14,0.0071,0.0035,0.026,0.024,"HQD121950",0
0.005,0.0022,0,0,0.02,0.02,0,0.061,17,0.0078,0.0039,0.033,0.031,"HQY020590",0.002
0.004,0.0373,0,0,0.013,0.01,0,0.223,33,0.0059,0.0026,0.028,0.027,"HQG010460",0
0.006,0.0368,0,0,0.009,0.01,0,0.185,23,0.0061,0.003,0.022,0.021,"HQA075080",0
0.004,0.0014,0,0,0.009,0.02,0,0.07,13,0.0095,0.0036,0.035,0.034,"HQD094710",0.002
0.005,0.1075,0,0,0.011,0.02,0,0.459,23,0.0117,0.0031,0.025,0.024,"HQB113410",0
0.005,0.0357,0,0,0.03,0.02,0,0.196,28,0.0086,0.0032,0.018,0.017,"HQC030220",0
0.004,0.0021,0,0,0.017,0.02,0,0.141,19,0.0098,0.0028,0.034,0.032,"HQJ159980",0.001
0.005,0.0376,0,0,0.012,0.02,0,0.209,18,0.0097,0.003,0.021,0.02,"HQY093900",0
0.004,0.0356,0,0,0.019,0.02,0.01,0.183,33,0.0059,0.0031,0.029,0.027,"HQC069040",0
0.005,0.0027,0,0,0.033,0.03,0,0.144,22,0.0105,0.0039,0.032,0.031,"HQF067910",0.002
0.007,0.0014,5,1,0.055,0.02,0,0.19,16,0.0441,0.0092,0.036,0.036,"HQA141440",0.001
0.004,0.038,0,0,0.01,0.02,0,0.196,17,0.0075,0.0023,0.02,0.019,"HQC003420",0
0.006,0.0578,0,2,0.012,0.02,0,0.347,28,0.0071,0.0029,0.038,0.037,"HQX136120",0
0.006,0.1105,0,0,0.009,0.01,0,0.463,23,0.0089,0.0034,0.024,0.023,"HQA055530",0
0.006,0.0019,6,0,0.055,0.03,0,0.203,22,0.0462,0.0098,0.032,0.03,"HQH057550",0.001
0.004,0.0787,0,0,0.013,0.02,0,0.545,25,0.0107,0.0038,0.037,0.036,"HQJ138650",0.001
0.006,0.0014,5,0,0.062,0.02,0,0.208,19,0.0424,0.0078,0.04,0.038,"HQX137330",0.001
0.007,0.0021,0,0,0.011,0.02,0,0.142,11,0.01,0.0032,0.021,0.02,"HQA043580",0.002
0.004,0.0181,0,0,0.008,0.02,0,0.181,19,0.0093,0.0024,0.02,0.02,"HQF047470",0
0.007,0.057,0,0,0.023,0.02,0,0.805,35,0.0077,0.0026,0.041,0.04,"HQY107410",0
0.006,0.0021,0,1,0.014,0.02,0,0.074,23,0.0094,0.0032,0.024,0.023,"HQX011910",0.003
0.006,0.0381,0,0,0.011,0.03,0,0.197,24,0.009,0.0034,0.032,0.032,"HQB051600",0
0.005,0.0019,0,0,0.013,0.02,0,0.389,17,0.0268,0.0036,0.038,0.035,"HQD078280",0.003
0.005,0.0444,12,0,0.019,0.03,0,0.192,17,0.0092,0.0037,0.027,0.026,"HQF097270",0
0.005,0.1234,0,0,0.026,0.02,0,0.41,30,0.0099,0.0034,0.024,0.024,"HQZ132760",0
0.004,0.0393,0,0,0.022,0.03,0,0.196,23,0.0097,0.0028,0.023,0.021,"HQJ021960",0
0.006,0.1637,0,0,0.02,0.02,0,0.471,40,0.009,0.003,0.018,0.017,"HQY091470",0
0.006,0.1924,0,0,0.011,0.02,0,0.861,36,0.0098,0.0026,0.027,0.026,"HQY075910",0
0.004,0.0015,0,0,0.01,0.01,0,0.066,14,0.0042,0.0037,0.03,0.028,"HQF133150",0.004
0.006,0.0013,0,0,0.009,0.02,0.01,0.067,13,0.0062,0.0031,0.032,0.031,"HQZ071970",0.003
0.006,0.0369,0,0,0.01,0.02,0,0.183,23,0.0079,0.0032,0.02,0.02,"HQB097540",0
0.006,0.0463,0,1,0.016,0.02,0,0.283,24,0.0091,0.0035,0.032,0.03,"HQY010980",0
0.006,0.0365,0,0,0.013,0.02,0,0.152,12,0.0118,0.0034,0.024,0.018,"HQA034170",0
0.006,0.0643,0,1,0.017,0.02,0,0.803,27,0.0107,0.0027,0.028,0.027,"HQZ093030",0.001
0.006,0.0018,0,0,0.021,0.02,0,0.088,12,0.0087,0.0037,0.025,0.024,"HQA146610",0.001
0.004,0.0014,0,1,0.011,0.02,0,0.095,16,0.0098,0.0034,0.034,0.032,"HQH060200",0.001
0.005,0.0564,0,0,0.02,0.02,0,0.813,28,0.012,0.0044,0.029,0.028,"HQE040470",0.001
0.005,0.0017,6,1,0.065,0.03,0,0.195,14,0.045,0.0081,0.04,0.039,"HQG035780",0.001
0.006,0.0547,0,0,0.011,0.02,0,0.792,26,0.01,0.0028,0.043,0.041,"HQY057420",0
0.005,0.0713,0,0,0.025,0.03,0,0.483,33,0.0127,0.0032,0.051,0.05,"HQG025910",0.001
0.005,0.0446,0,0,0.022,0.02,0,0.182,18,0.009,0.0035,0.016,0.015,"HQE146050",0
0.006,0.0395,0,0,0.012,0.03,0,0.142,17,0.011,0.003,0.023,0.021,"HQB133060",0
0.005,0.0491,0,0,0.015,0.02,0,0.314,23,0.0098,0.0037,0.028,0.027,"HQZ064360",0
0.006,0.0579,0,1,0.012,0.01,0,0.766,30,0.0105,0.0025,0.038,0.036,"HQB011240",0.001
0.006,0.0021,0,0,0.021,0.02,0,0.145,21,0.0111,0.004,0.031,0.03,"HQY016920",0.001
0.007,0.057,0,0,0.014,0.01,0,0.333,34,0.0068,0.003,0.038,0.037,"HQA122130",0
0.005,0.0364,0,0,0.016,0.02,0,0.185,25,0.0094,0.0027,0.032,0.031,"HQE103170",0.001
0.006,0.071,1,0,0.01,0.01,0,0.489,36,0.0066,0.0033,0.044,0.043,"HQE084880",0.001
0.005,0.0018,0,0,0.013,0.02,0,0.082,17,0.0093,0.0036,0.033,0.031,"HQE062920",0.001
0.006,0.0396,0,0,0.017,0.02,0,0.189,21,0.0104,0.0034,0.027,0.025,"HQA141580",0
0.007,0.0422,0,0,0.013,0.02,0,0.189,17,0.0069,0.0032,0.029,0.028,"HQA105650",0
0.006,0.0424,0,0,0.021,0.03,0,0.195,22,0.0093,0.0035,0.024,0.022,"HQD003790",0
0.005,0.0014,0,0,0.1,0.02,0,0.143,13,0.0177,0.0092,0.028,0.027,"HQA041880",0
0.005,0.2064,0,0,0.018,0.02,0,0.37,23,0.0097,0.0033,0.029,0.028,"HQZ084660",0
0.005,0.0014,0,0,0.022,0.02,0,0.068,14,0.0098,0.0046,0.028,0.027,"HQC088240",0.002
0.005,0.0343,0,1,0.021,0.03,0,0.22,26,0.0129,0.0037,0.022,0.02,"HQD112720",0.001
0.006,0.063,0,6,0.01,0.02,0,0.792,30,0.0108,0.002,0.031,0.03,"HQD016750",0.001
0.004,0.1685,0,0,0.017,0.02,0,0.773,25,0.0089,0.0022,0.026,0.025,"HQH131550",0
0.005,0.0426,0,0,0.013,0.03,0,0.183,15,0.0179,0.003,0.022,0.022,"HQG013140",0
0.005,0.0023,0,1,0.011,0.03,0,0.138,17,0.0103,0.0034,0.03,0.028,"HQD121380",0.001
0.007,0.0375,0,0,0.009,0.02,0,0.19,10,0.0078,0.0024,0.03,0.028,"HQA105900",0
0.005,0.0017,0,1,0.008,0.01,0,0.144,16,0.0092,0.0033,0.029,0.028,"HQE106040",0.002
0.005,0.0345,8,0,0.011,0.02,0,0.204,15,0.0064,0.0037,0.027,0.024,"HQD056770",0
0.007,0.0387,0,0,0.01,0.01,0,0.208,34,0.0091,0.0025,0.028,0.026,"HQX039500",0
0.005,0.002,0,2,0.021,0.02,0,0.153,14,0.0102,0.0038,0.029,0.026,"HQJ080910",0.002
0.006,0.1096,0,0,0.016,0.02,0,0.439,28,0.0088,0.0028,0.024,0.022,"HQA109000",0
0.004,0.0018,0,0,0.016,0.02,0,0.094,14,0.0089,0.0029,0.03,0.026,"HQG113990",0.001
0.004,0.0236,0,0,0.008,0.01,0,0.192,18,0.0084,0.0029,0.021,0.017,"HQD090820",0
0.005,0.0356,0,0,0.012,0.02,0,0.199,22,0.0079,0.0034,0.024,0.023,"HQY021290",0
0.007,0.0811,3,0,0.019,0.02,0,0.895,28,0.0195,0.0023,0.026,0.026,"HQA124890",0.001
0.006,0.0018,0,1,0.016,0.02,0,0.085,17,0.0102,0.004,0.025,0.023,"HQY156930",0.001
0.004,0.0627,0,1,0.017,0.02,0,0.786,34,0.0104,0.0026,0.023,0.022,"HQG081630",0.001
0.005,0.0014,0,1,0.016,0.06,0.02,0.142,17,0.0485,0.004,0.036,0.034,"HQD141020",0.001
0.006,0.08,0,0,0.022,0.02,0,0.293,28,0.0121,0.0034,0.04,0.038,"HQC137230",0.001
0.006,0.0016,0,2,0.012,0.02,0,0.097,19,0.0102,0.0037,0.026,0.025,"HQX156270",0.001
0.005,0.0385,0,0,0.019,0.02,0,0.203,18,0.0092,0.0029,0.026,0.025,"HQB105050",0
0.005,0.0014,0,0,0.009,0.01,0,0.066,12,0.0048,0.0039,0.026,0.023,"HQF131930",0.003
0.005,0.0024,0,0,0.02,0.03,0,0.138,19,0.0097,0.0036,0.03,0.029,"HQH019500",0.001
0.006,0.0376,0,0,0.022,0.02,0,0.188,25,0.0071,0.0031,0.025,0.024,"HQB022100",0
0.004,0.0734,0,1,0.016,0.02,0,0.316,32,0.011,0.003,0.03,0.029,"HQE145380",0
0.005,0.002,0,0,0.012,0.02,0,0.094,14,0.0096,0.0031,0.022,0.019,"HQZ122600",0.001
0.004,0.0442,0,0,0.016,0.02,0,0.205,22,0.0093,0.0031,0.027,0.026,"HQJ161250",0
0.005,0.002,0,0,0.017,0.02,0,0.065,15,0.0087,0.0041,0.032,0.03,"HQF092180",0.002
0.006,0.0392,0,0,0.01,0.01,0,0.184,27,0.0086,0.0029,0.026,0.026,"HQB050510",0
0.005,0.0377,0,0,0.021,0.02,0,0.197,22,0.0058,0.004,0.031,0.029,"HQY032400",0
0.007,0.0016,0,0,0.012,0.02,0,0.068,19,0.008,0.0033,0.027,0.024,"HQX046450",0.002
0.004,0.0016,0,1,0.017,0.02,0,0.094,17,0.0097,0.0034,0.03,0.03,"HQJ124410",0.001
0.006,0.0383,0,0,0.018,0.03,0,0.202,25,0.0093,0.0041,0.024,0.023,"HQY097650",0
0.006,0.1553,0,0,0.024,0.02,0,0.492,23,0.0114,0.0035,0.026,0.025,"HQC117800",0
0.004,0.0412,20,0,0.015,0.02,0,0.19,20,0.0101,0.0035,0.022,0.021,"HQF088790",0
0.005,0.002,0,1,0.03,0.05,0.02,0.141,21,0.0468,0.0042,0.031,0.028,"HQB048450",0.001
0.006,0.1412,0,0,0.017,0.02,0,0.456,34,0.0105,0.0032,0.023,0.023,"HQF077510",0
0.006,0.0417,0,0,0.018,0.02,0,0.202,22,0.0075,0.0035,0.024,0.022,"HQX127980",0
0.005,0.0022,0,0,0.02,0.02,0,0.069,16,0.0073,0.0038,0.034,0.031,"HQF094280",0.003
0.007,0.0367,0,0,0.014,0.02,0,0.153,17,0.0084,0.0038,0.022,0.021,"HQZ041130",0
0.005,0.037,0,0,0.019,0.03,0,0.2,18,0.0096,0.0036,0.02,0.018,"HQZ038400",0
0.005,0.0202,0,0,0.022,0.02,0,0.209,16,0.0095,0.0032,0.025,0.024,"HQC142080",0
0.007,0.0684,0,0,0.013,0.02,0,0.259,106,0.0112,0.0033,0.026,0.024,"HQZ038070",0.001
0.005,0.0014,0,0,0.015,0.02,0,0.076,21,0.0081,0.0032,0.027,0.026,"HQB087490",0.002
0.005,0.0021,0,1,0.012,0.02,0,0.386,15,0.0271,0.003,0.032,0.031,"HQB040500",0.002
0.005,0.0016,0,0,0.015,0.02,0,0.142,18,0.0095,0.0039,0.03,0.028,"HQX068710",0.001
0.005,0.0388,0,0,0.019,0.02,0,0.211,18,0.0107,0.004,0.033,0.03,"HQY101080",0
0.004,0.0014,7,0,0.053,0.02,0,0.198,18,0.0455,0.0099,0.039,0.037,"HQJ070640",0.001
0.007,0.0015,0,0,0.016,0.02,0,0.094,18,0.0094,0.0031,0.032,0.03,"HQD052820",0.001
0.005,0.0132,17,0,0.014,0.02,0,0.143,16,0.0061,0.0034,0.022,0.021,"HQH060830",0
0.004,0.0015,0,0,0.016,0.02,0,0.061,16,0.0095,0.0034,0.033,0.03,"HQJ112850",0.002
0.006,0.0013,5,0,0.051,0.02,0,0.202,20,0.0452,0.0086,0.041,0.039,"HQX001670",0.001
0.006,0.0363,0,0,0.02,0.02,0,0.183,16,0.0097,0.003,0.029,0.027,"HQA133930",0
0.007,0.0016,0,0,0.032,0.02,0,0.076,17,0.0093,0.0046,0.039,0.037,"HQX131480",0.001
0.005,0.0386,0,0,0.017,0.02,0,0.199,15,0.0097,0.0035,0.023,0.022,"HQE105600",0
0.005,0.0019,0,0,0.009,0.01,0,0.147,21,0.0084,0.004,0.031,0.029,"HQF117210",0.001
0.007,0.0014,0,2,0.094,0.02,0,0.147,17,0.0178,0.0099,0.034,0.033,"HQY133500",0.001
0.005,0.0561,0,0,0.018,0.01,0,0.339,34,0.0065,0.0028,0.032,0.031,"HQB040430",0
0.004,0.0373,0,0,0.019,0.02,0,0.219,28,0.0094,0.003,0.021,0.02,"HQJ058280",0.001
0.006,0.002,0,0,0.093,0.01,0,0.152,15,0.0169,0.0088,0.036,0.034,"HQB026730",0
0.006,0.0375,0,3,0.019,0.02,0,0.19,22,0.0084,0.0032,0.029,0.026,"HQX012020",0
0.006,0.0017,0,1,0.014,0.02,0,0.059,14,0.007,0.0034,0.027,0.026,"HQA069110",0.004
0.006,0.0415,0,0,0.018,0.03,0,0.187,28,0.0094,0.0037,0.034,0.033,"HQF127190",0
0.006,0.0454,18,0,0.013,0.02,0,0.198,14,0.0081,0.0028,0.022,0.021,"HQC014260",0
0.005,0.002,0,0,0.011,0.02,0,0.094,17,0.0093,0.0036,0.027,0.025,"HQX142530",0
0.005,0.0357,0,0,0.03,0.02,0,0.196,28,0.0086,0.0032,0.018,0.017,"HQC030180",0
0.006,0.0419,0,55,0.017,0.02,0,0.202,26,0.0079,0.003,0.023,0.022,"HQB104270",0
0.005,0.0017,0,0,0.014,0.02,0,0.093,14,0.0103,0.0038,0.038,0.036,"HQG167060",0.001
0.007,0.1363,0,0,0.014,0.02,0,0.863,27,0.0114,0.0028,0.017,0.016,"HQX048250",0.002
0.004,0.0021,0,3,0.009,0.02,0,0.072,24,0.0083,0.0028,0.03,0.027,"HQE030500",0.003
0.004,0.0394,0,0,0.013,0.02,0,0.21,17,0.0083,0.0034,0.027,0.026,"HQE138670",0
0.004,0.0475,0,0,0.02,0.02,0,0.288,33,0.0097,0.0031,0.032,0.032,"HQG148100",0
0.004,0.1195,0,1,0.02,0.03,0,0.449,25,0.0156,0.0027,0.029,0.028,"HQG108460",0
0.006,0.0478,0,0,0.009,0.02,0,0.188,24,0.0091,0.0037,0.039,0.037,"HQZ061340",0
0.004,0.0019,0,1,0.101,0.02,0,0.129,13,0.0183,0.0094,0.031,0.03,"HQD134970",0
0.004,0.0388,0,0,0.008,0.01,0,0.21,14,0.0071,0.003,0.03,0.028,"HQH147880",0
0.006,0.0021,0,0,0.008,0.02,0,0.06,13,0.0084,0.0033,0.025,0.024,"HQA041680",0.002
0.004,0.0378,11,0,0.021,0.02,0,0.206,21,0.005,0.0029,0.02,0.019,"HQF098200",0
0.006,0.0377,0,1,0.01,0.02,0,0.211,23,0.009,0.0031,0.027,0.026,"HQB108660",0
0.006,0.0359,0,0,0.01,0.02,0,0.2,23,0.0092,0.0025,0.027,0.026,"HQA154270",0
0.007,0.0018,0,0,0.009,0.02,0,0.084,20,0.0085,0.0033,0.031,0.029,"HQY159390",0.002
0.006,0.0021,0,0,0.022,0.02,0,0.143,8,0.0095,0.0039,0.028,0.026,"HQD003030",0.002
0.005,0.033,0,0,0.02,0.03,0,0.19,16,0.0138,0.0038,0.026,0.024,"HQE105020",0
0.005,0.0019,0,0,0.017,0.02,0,0.151,17,0.0078,0.0032,0.027,0.026,"HQC025540",0.001
0.007,0.0591,0,0,0.016,0.01,0,0.803,29,0.0081,0.0031,0.031,0.03,"HQY125310",0.001
0.006,0.0409,0,0,0.01,0.02,0,0.188,14,0.0099,0.0037,0.02,0.02,"HQD000490",0
0.005,0.0013,0,0,0.011,0.01,0,0.076,16,0.0093,0.0035,0.031,0.027,"HQF000480",0.002
0.005,0.0021,0,0,0.01,0.03,0,0.098,12,0.0111,0.0033,0.023,0.022,"HQE118050",0.001
0.006,0.0013,0,1,0.01,0.03,0,0.102,15,0.0092,0.0032,0.035,0.034,"HQD113770",0.001
0.005,0.1536,0,0,0.012,0.02,0,0.497,25,0.0126,0.0032,0.027,0.025,"HQF014850",0
0.006,0.002,0,0,0.012,0.02,0,0.148,16,0.0079,0.0029,0.027,0.025,"HQA042170",0.001
0.005,0.0018,0,0,0.014,0.02,0,0.141,21,0.009,0.0041,0.027,0.026,"HQD069410",0.002
0.004,0.0019,0,1,0.101,0.02,0,0.129,13,0.0183,0.0094,0.031,0.03,"HQD134990",0
0.004,0.0024,0,0,0.011,0.02,0,0.152,16,0.0099,0.0042,0.03,0.028,"HQF154850",0.002
0.004,0.0024,0,0,0.01,0.02,0,0.072,14,0.0056,0.0034,0.027,0.026,"HQG128100",0.002
0.004,0.0431,0,0,0.025,0.02,0,0.199,20,0.007,0.0034,0.023,0.022,"HQH128170",0
0.005,0.0021,0,0,0.016,0.02,0,0.099,16,0.0111,0.0031,0.024,0.023,"HQA052390",0.001
0.005,0.0014,4,0,0.064,0.02,0,0.196,8,0.0445,0.0086,0.038,0.036,"HQD161250",0.001
0.004,0.0013,0,1,0.025,0.02,0,0.078,15,0.0086,0.0043,0.032,0.03,"HQF162460",0.002
0.005,0.0343,0,0,0.025,0.02,0,0.196,31,0.0104,0.0025,0.024,0.022,"HQC030890",0
0.004,0.0022,0,0,0.013,0.02,0,0.072,15,0.0087,0.0039,0.03,0.029,"HQJ156670",0.002
0.004,0.0025,0,0,0.01,0.02,0,0.146,18,0.01,0.0033,0.025,0.023,"HQE137600",0.002
0.004,0.0013,0,0,0.053,0.02,0,0.145,11,0.0514,0.0094,0.038,0.033,"HQG129360",0
0.006,0.0297,0,1,0.02,0.02,0,0.281,20,0.0198,0.0039,0.023,0.021,"HQB034880",0.001
0.007,0.0186,0,0,0.011,0.02,0,0.205,14,0.0076,0.0038,0.021,0.02,"HQY126960",0
0.005,0.0444,0,0,0.009,0.02,0,0.137,13,0.0117,0.0042,0.026,0.026,"HQG054230",0
0.006,0.0018,0,0,0.012,0.02,0,0.094,14,0.0091,0.0035,0.025,0.023,"HQD037750",0.002
0.007,0.0019,0,0,0.014,0.02,0,0.093,16,0.0085,0.0032,0.029,0.026,"HQB117490",0.002
0.007,0.004,10,5,0.102,0.02,0.06,0.597,17,0.0894,0.0091,0.054,0.052,"HQY153210",0.002
0.006,0.0775,2,0,0.026,0.03,0,0.922,29,0.0193,0.0028,0.029,0.027,"HQX103070",0.001
0.005,0.0025,0,0,0.007,0.02,0,0.09,16,0.0094,0.0036,0.032,0.032,"HQD072760",0.001
0.005,0.0643,0,2,0.017,0.02,0,0.787,33,0.0107,0.0024,0.021,0.019,"HQB001800",0.001
0.004,0.0017,0,0,0.022,0.03,0,0.071,19,0.0091,0.0037,0.035,0.032,"HQG150510",0.002
0.006,0.0381,0,5,0.009,0.02,0,0.229,25,0.0087,0.0025,0.027,0.026,"HQA070890",0.001
0.005,0.0178,0,0,0.017,0.02,0,0.194,16,0.0076,0.0107,0.027,0.026,"HQB132970",0
0.004,0.0017,0,0,0.019,0.02,0,0.064,20,0.007,0.0034,0.035,0.034,"HQJ034800",0.003
0.005,0.0015,0,0,0.016,0.02,0,0.066,18,0.005,0.0037,0.019,0.018,"HQA000590",0.003
0.007,0.0015,0,2,0.012,0.02,0,0.095,17,0.0105,0.0039,0.028,0.025,"HQY157000",0.001
0.005,0.0015,5,0,0.052,0.02,0,0.194,13,0.0452,0.0088,0.039,0.038,"HQD093670",0
0.006,0.0631,0,0,0.012,0.01,0,0.345,27,0.0092,0.0027,0.029,0.027,"HQX150670",0
0.004,0.0022,0,0,0.019,0.02,0,0.093,12,0.0098,0.003,0.03,0.026,"HQE003040",0.002
0.005,0.039,0,0,0.012,0.02,0,0.188,15,0.0093,0.0033,0.028,0.027,"HQD108730",0
0.005,0.0019,0,0,0.01,0.02,0,0.09,17,0.0113,0.0032,0.036,0.034,"HQF066390",0.001
0.006,0.1383,0,0,0.015,0.01,0,0.48,30,0.0077,0.003,0.024,0.023,"HQY009180",0
0.006,0.0021,0,0,0.012,0.02,0,0.07,18,0.0083,0.0034,0.024,0.022,"HQX015190",0.004
0.005,0.0019,0,0,0.022,0.02,0,0.138,15,0.0106,0.0033,0.029,0.028,"HQE120270",0.002
0.006,0.0355,0,5,0.017,0.02,0,0.203,21,0.0079,0.0035,0.032,0.03,"HQX114470",0
0.006,0.0389,0,0,0.021,0.02,0,0.202,25,0.0082,0.0042,0.03,0.029,"HQY019190",0
0.005,0.0356,0,0,0.013,0.03,0.01,0.218,23,0.0076,0.0024,0.023,0.021,"HQB050160",0
0.006,0.0021,0,0,0.013,0.02,0,0.148,16,0.0083,0.0037,0.036,0.034,"HQA105570",0.001
0.006,0.0017,0,0,0.009,0.02,0,0.065,17,0.0041,0.0034,0.029,0.027,"HQY111600",0.003
0.006,0.0186,0,1,0.02,0.03,0,0.179,17,0.0089,0.004,0.017,0.016,"HQE076830",0
0.006,0.037,0,0,0.01,0.02,0,0.191,29,0.0065,0.0031,0.024,0.023,"HQY065450",0
0.006,0.0376,0,0,0.017,0.02,0,0.195,33,0.0076,0.0034,0.026,0.024,"HQX135920",0
0.004,0.0014,0,1,0.015,0.06,0.02,0.142,17,0.0519,0.0033,0.033,0.031,"HQD141040",0.001
0.006,0.0013,0,0,0.015,0.05,0.02,0.151,15,0.0551,0.0039,0.031,0.03,"HQY020220",0
0.004,0.0018,0,0,0.01,0.02,0,0.113,12,0.0087,0.0033,0.028,0.024,"HQE002410",0.002
0.006,0.0385,0,1,0.011,0.02,0,0.203,24,0.0069,0.0031,0.033,0.031,"HQX137000",0
0.006,0.0017,0,0,0.013,0.05,0.01,0.149,13,0.0475,0.0043,0.036,0.035,"HQZ104940",0
0.005,0.0028,0,0,0.011,0.02,0,0.099,16,0.0107,0.0035,0.024,0.021,"HQA068890",0.001
0.006,0.0021,0,0,0.008,0.02,0,0.06,13,0.0084,0.0033,0.025,0.024,"HQA041520",0.002
0.004,0.0012,0,0,0.012,0.01,0,0.076,14,0.009,0.0032,0.031,0.029,"HQC001130",0.001
0.005,0.0542,1,0,0.013,0.02,0,0.336,27,0.0094,0.0033,0.036,0.035,"HQD112650",0
0.005,0.0366,0,0,0.009,0.02,0,0.189,21,0.0086,0.0026,0.018,0.017,"HQG027020",0
0.005,0.0264,0,0,0.023,0.02,0,0.198,22,0.0089,0.0037,0.015,0.013,"HQY018980",0
0.006,0.0401,0,0,0.015,0.01,0,0.194,23,0.0081,0.0031,0.024,0.023,"HQB043730",0
0.005,0.1711,0,0,0.029,0.02,0,0.772,31,0.0116,0.0031,0.022,0.02,"HQB043800",0
0.006,0.0395,0,0,0.011,0.02,0,0.142,16,0.0083,0.0026,0.02,0.019,"HQA128390",0
0.006,0.0176,0,0,0.015,0.02,0,0.199,20,0.007,0.0036,0.018,0.017,"HQY151320",0
0.006,0.038,0,0,0.011,0.02,0,0.198,17,0.0061,0.0028,0.024,0.022,"HQB081160",0
0.006,0.1233,0,0,0.021,0.03,0,0.302,25,0.0115,0.0033,0.019,0.018,"HQX055350",0.001
0.006,0.0389,0,1,0.013,0.03,0,0.151,20,0.0123,0.0037,0.025,0.024,"HQX161700",0
0.006,0.0363,0,0,0.02,0.02,0,0.183,16,0.0097,0.003,0.029,0.027,"HQA133900",0
0.005,0.0012,0,0,0.024,0.02,0,0.074,15,0.0091,0.0037,0.027,0.024,"HQC088010",0.003
0.006,0.0023,0,0,0.009,0.02,0,0.139,12,0.0099,0.004,0.024,0.023,"HQA044030",0.002
0.005,0.0694,0,0,0.021,0.02,0,0.483,35,0.012,0.0027,0.044,0.043,"HQF018200",0.001
0.004,0.045,0,1,0.022,0.02,0,0.301,27,0.0065,0.0036,0.032,0.031,"HQG149550",0
0.006,0.0608,0,0,0.013,0.02,0,0.803,27,0.0073,0.0029,0.033,0.032,"HQZ055860",0.001
0.005,0.0023,0,1,0.016,0.02,0,0.091,15,0.0107,0.0039,0.037,0.034,"HQH107670",0.003
0.006,0.0016,0,0,0.024,0.05,0.02,0.148,10,0.0493,0.0043,0.035,0.034,"HQB083250",0
0.006,0.0608,0,0,0.022,0.02,0,0.339,29,0.0082,0.0022,0.037,0.034,"HQB040580",0
0.007,0.1307,0,0,0.013,0.01,0,0.904,30,0.0074,0.0029,0.023,0.022,"HQY124530",0.001
0.005,0.0018,0,0,0.016,0.02,0,0.098,25,0.0099,0.0029,0.028,0.026,"HQD055780",0.001
0.005,0.0371,0,0,0.01,0.02,0,0.174,22,0.0101,0.003,0.026,0.024,"HQA078070",0
0.008,0.0393,0,0,0.007,0.01,0,0.191,19,0.0095,0.0027,0.023,0.022,"HQB025050",0
0.005,0.0362,0,2,0.009,0.02,0,0.187,14,0.0087,0.0041,0.018,0.017,"HQD043310",0
0.006,0.0205,0,0,0.017,0.02,0,0.184,12,0.0068,0.0031,0.025,0.023,"HQA131930",0
0.004,0.1157,0,0,0.015,0.02,0,0.492,20,0.012,0.0027,0.019,0.018,"HQF048060",0
0.006,0.0547,0,0,0.011,0.02,0,0.792,26,0.01,0.0028,0.043,0.041,"HQY057440",0
0.006,0.0018,0,0,0.021,0.02,0,0.088,12,0.0087,0.0037,0.025,0.024,"HQA145940",0.001
0.006,0.0015,6,1,0.059,0.02,0,0.2,18,0.0483,0.0086,0.038,0.036,"HQX137500",0.001
0.004,0.0024,0,0,0.011,0.02,0,0.152,16,0.0099,0.0042,0.03,0.028,"HQF154860",0.002
0.004,0.0017,0,1,0.009,0.01,0,0.099,14,0.0094,0.0033,0.035,0.033,"HQG057600",0.002
0.005,0.0381,0,0,0.015,0.03,0,0.193,25,0.0124,0.0026,0.031,0.03,"HQG005270",0
0.004,0.0626,1,1,0.016,0.02,0,0.802,28,0.0146,0.0023,0.024,0.024,"HQH153990",0.001
0.006,0.0016,0,0,0.013,0.02,0,0.08,19,0.0097,0.0037,0.035,0.033,"HQA055210",0.001
0.006,0.1208,0,0,0.015,0.02,0,0.321,27,0.0144,0.0035,0.023,0.021,"HQX055360",0.001
0.004,0.0591,0,0,0.013,0.01,0,0.812,48,0.0075,0.002,0.037,0.035,"HQJ136840",0
0.005,0.0014,4,0,0.053,0.03,0,0.192,16,0.0409,0.008,0.036,0.034,"HQE009470",0.001
0.005,0.0711,0,0,0.016,0.02,0,0.498,45,0.0082,0.0035,0.046,0.044,"HQE085000",0.001
0.004,0.0016,0,2,0.01,0.02,0,0.109,20,0.0105,0.0034,0.028,0.026,"HQH122540",0.001
0.006,0.0217,0,0,0.017,0.02,0,0.212,17,0.0116,0.0045,0.02,0.018,"HQX049790",0
0.006,0.0412,12,0,0.022,0.02,0,0.214,22,0.008,0.0036,0.024,0.023,"HQX074720",0
0.005,0.1661,0,0,0.013,0.01,0,0.456,41,0.0089,0.0027,0.03,0.028,"HQY090370",0
0.007,0.0382,0,0,0.009,0.02,0,0.196,18,0.0115,0.0031,0.032,0.031,"HQX039520",0
0.005,0.0397,0,1,0.012,0.02,0,0.192,18,0.0074,0.0033,0.035,0.034,"HQE103790",0
0.004,0.0014,0,0,0.057,0.02,0,0.149,13,0.0518,0.0094,0.039,0.038,"HQG129390",0
0.005,0.0015,15,0,0.06,0.07,0,0.529,17,0.0141,0.003,0.025,0.024,"HQD101340",0.002
0.004,0.0346,0,0,0.017,0.02,0,0.187,14,0.0118,0.0031,0.031,0.029,"HQF091340",0
0.006,0.1806,0,0,0.016,0.02,0,0.801,28,0.0091,0.0033,0.024,0.023,"HQZ062060",0
0.005,0.0015,6,0,0.059,0.02,0,0.197,14,0.0446,0.0097,0.039,0.038,"HQE048800",0.001
0.004,0.0022,0,0,0.017,0.02,0,0.145,21,0.0099,0.003,0.023,0.022,"HQH131230",0.002
0.005,0.0691,2,1,0.287,0.42,0,0.411,,0.1009,0.0029,0.022,0.022,"HQF029140",0.002
0.005,0.0496,0,0,0.009,0.02,0,0.286,17,0.0079,0.0029,0.028,0.026,"HQE146190",0
0.004,0.0021,0,0,0.017,0.02,0,0.074,12,0.0082,0.0033,0.032,0.031,"HQF090440",0.002
0.006,0.0369,0,0,0.013,0.01,0,0.191,21,0.007,0.003,0.028,0.027,"HQA133570",0
0.006,0.0387,12,1,0.021,0.02,0,0.204,19,0.0077,0.0037,0.023,0.022,"HQB057430",0
0.004,0.0021,0,0,0.017,0.01,0,0.072,24,0.0062,0.003,0.033,0.031,"HQB153560",0.002
0.004,0.0011,0,0,0.014,0.02,0,0.077,19,0.0091,0.0032,0.028,0.026,"HQC002830",0.001
0.005,0.0623,0,0,0.01,0.02,0,0.844,25,0.0099,0.0027,0.032,0.031,"HQZ124030",0.001
0.005,0.0014,5,1,0.05,0.02,0,0.199,15,0.0435,0.0088,0.041,0.04,"HQZ064940",0.001
0.007,0.0019,0,0,0.013,0.01,0,0.057,18,0.0059,0.0026,0.024,0.023,"HQB017490",0.002
0.006,0.0022,0,0,0.023,0.02,0,0.077,18,0.0061,0.0037,0.03,0.028,"HQY018810",0.002
0.005,0.0013,0,1,0.01,0.06,0.02,0.141,19,0.0507,0.0037,0.033,0.031,"HQD140090",0
0.006,0.0385,0,0,0.017,0.02,0,0.202,25,0.0076,0.0036,0.021,0.02,"HQX128580",0
0.007,0.0016,0,0,0.02,0.05,0.02,0.13,18,0.0507,0.0037,0.025,0.025,"HQB048700",0
0.007,0.0629,0,1,0.026,0.02,0,0.8,22,0.0129,0.003,0.037,0.036,"HQB010840",0.001
0.006,0.0016,6,0,0.056,0.03,0,0.204,15,0.0442,0.0086,0.042,0.041,"HQB126590",0.001
0.005,0.0044,7,0,0.096,0.02,0.06,0.602,19,0.0883,0.0097,0.051,0.049,"HQY040550",0.002
0.005,0.002,0,1,0.016,0.02,0,0.092,17,0.0093,0.0038,0.031,0.03,"HQE056880",0.002
0.006,0.0015,0,0,0.021,0.06,0.02,0.141,16,0.0492,0.0035,0.031,0.03,"HQB083300",0
0.005,0.0016,5,0,0.051,0.02,0,0.194,17,0.0456,0.0084,0.043,0.041,"HQF135420",0.001
0.005,0.0021,0,1,0.013,0.03,0,0.096,18,0.0099,0.0044,0.029,0.028,"HQE117350",0.001
0.004,0.0022,0,0,0.016,0.02,0,0.072,17,0.0077,0.0036,0.033,0.026,"HQG100840",0.002
0.005,0.0017,0,1,0.012,0.02,0,0.074,17,0.008,0.0039,0.027,0.024,"HQZ123710",0.002
0.006,0.0206,0,23,0.012,0.02,0,0.196,18,0.0065,0.0031,0.019,0.017,"HQY151390",0
0.006,0.0019,0,0,0.017,0.02,0,0.145,12,0.0088,0.0032,0.025,0.023,"HQB129910",0.001
0.005,0.0021,0,0,0.023,0.06,0.01,0.145,21,0.0518,0.0047,0.029,0.028,"HQZ124160",0
0.006,0.071,1,0,0.016,0.02,0,0.888,34,0.0192,0.0027,0.025,0.023,"HQY025790",0.001
0.004,0.0364,0,0,0.014,0.02,0,0.184,14,0.0147,0.0035,0.027,0.025,"HQG040170",0
0.006,0.0591,0,0,0.011,0.02,0,0.358,32,0.0085,0.0026,0.038,0.037,"HQB137400",0
0.005,0.0015,0,1,0.01,0.02,0,0.105,17,0.0091,0.0038,0.031,0.029,"HQE086650",0.001
0.004,0.0333,0,0,0.012,0.01,0,0.213,33,0.0085,0.0035,0.033,0.03,"HQE059140",0
0.006,0.0015,0,2,0.012,0.02,0,0.06,14,0.0071,0.0036,0.028,0.026,"HQA069660",0.004
0.006,0.0446,0,0,0.012,0.02,0,0.209,20,0.0078,0.0034,0.023,0.022,"HQD000370",0
0.005,0.0758,0,0,0.025,0.02,0,0.473,37,0.0133,0.0032,0.044,0.042,"HQF018070",0.001
0.005,0.1762,0,1,0.016,0.03,0,0.486,34,0.0135,0.0027,0.024,0.023,"HQE094290",0
0.007,0.0399,0,5,0.013,0.02,0,0.203,17,0.0061,0.0033,0.024,0.024,"HQY103360",0
0.006,0.0017,0,0,0.016,0.05,0.02,0.14,14,0.0524,0.005,0.03,0.028,"HQZ104590",0
0.004,0.0682,0,0,0.017,0.02,0,0.23,90,0.0085,0.0032,0.027,0.024,"HQH158340",0
0.007,0.0014,0,0,0.016,0.02,0,0.064,16,0.005,0.0036,0.032,0.032,"HQD036780",0.004
0.005,0.0366,0,0,0.015,0.02,0,0.193,17,0.0087,0.0026,0.027,0.026,"HQB026930",0
0.005,0.0021,0,0,0.009,0.02,0,0.404,11,0.0275,0.0032,0.038,0.036,"HQE024780",0.003
0.005,0.0377,0,0,0.021,0.02,0,0.197,22,0.0058,0.004,0.031,0.029,"HQY032410",0
0.005,0.0018,0,0,0.097,0.02,0,0.154,11,0.02,0.0099,0.03,0.028,"HQZ089510",0
0.004,0.066,0,0,0.03,0.02,0,0.492,28,0.0101,0.0034,0.043,0.041,"HQJ005150",0
0.006,0.0021,0,1,0.014,0.02,0,0.074,23,0.0094,0.0032,0.024,0.023,"HQX011790",0.003
0.004,0.002,0,0,0.013,0.02,0,0.074,17,0.0066,0.0031,0.028,0.027,"HQJ067300",0.003
0.006,0.1463,0,0,0.026,0.02,0,1.469,37,0.0126,0.003,0.017,0.016,"HQX056430",0.002
0.006,0.0019,0,1,0.016,0.03,0,0.1,15,0.0097,0.0039,0.024,0.022,"HQZ106130",0.001
0.004,0.0014,6,0,0.054,0.02,0,0.192,17,0.0436,0.0091,0.031,0.03,"HQD161230",0.001
0.006,0.0016,0,0,0.013,0.01,0,0.095,14,0.0094,0.0031,0.023,0.021,"HQB003600",0.001
0.004,0.0021,0,0,0.015,0.02,0,0.093,17,0.0092,0.0036,0.028,0.026,"HQF126360",0.001
0.006,0.0369,0,0,0.013,0.01,0,0.191,21,0.007,0.003,0.028,0.027,"HQA133580",0
0.006,0.0766,1,1,0.019,0.02,0,0.907,27,0.0198,0.0019,0.025,0.024,"HQA116830",0.003
0.006,0.055,0,0,0.01,0.01,0,0.804,29,0.0074,0.0024,0.036,0.033,"HQF012740",0.001
0.005,0.0017,1,0,0.01,0.02,0,0.101,14,0.0092,0.0033,0.034,0.033,"HQE039300",0.003
0.007,0.1292,0,0,0.012,0.02,0,0.903,36,0.0083,0.0023,0.024,0.023,"HQY124980",0
0.005,0.0321,0,0,0.01,0.01,0,0.186,22,0.0072,0.0032,0.023,0.02,"HQD102150",0
0.005,0.0014,5,0,0.048,0.02,0,0.183,12,0.046,0.0093,0.036,0.035,"HQJ156170",0.001
0.006,0.0389,0,0,0.033,0.02,0,0.205,20,0.0063,0.004,0.031,0.029,"HQY023480",0
0.005,0.0014,0,0,0.022,0.02,0,0.068,14,0.0098,0.0046,0.028,0.027,"HQC088200",0.002
0.006,0.0013,0,0,0.015,0.05,0.02,0.151,15,0.0551,0.0039,0.031,0.03,"HQY020210",0
0.004,0.0012,0,0,0.021,0.03,0,0.067,17,0.0094,0.0036,0.031,0.03,"HQJ115330",0.001
0.005,0.0016,0,0,0.016,0.02,0,0.094,12,0.0101,0.0036,0.035,0.034,"HQG165580",0.001
0.005,0.002,0,0,0.105,0.02,0,0.149,10,0.0192,0.0103,0.036,0.031,"HQF012130",0
0.005,0.0018,0,1,0.022,0.02,0,0.068,16,0.0092,0.0041,0.03,0.028,"HQF069100",0.003
0.006,0.0389,0,0,0.013,0.02,0,0.145,14,0.0083,0.0031,0.021,0.02,"HQA034940",0
0.006,0.0347,0,0,0.01,0.02,0,0.192,22,0.0103,0.0027,0.028,0.026,"HQX026460",0
0.004,0.0204,0,1,0.01,0.02,0,0.193,15,0.01,0.0037,0.03,0.028,"HQG092970",0
0.007,0.0404,0,0,0.015,0.02,0,0.197,27,0.0074,0.0033,0.026,0.025,"HQY149490",0
0.006,0.0167,15,0,0.019,0.02,0,0.148,31,0.0099,0.0032,0.025,0.023,"HQX081410",0
0.004,0.0022,0,0,0.017,0.02,0,0.145,21,0.0099,0.003,0.023,0.022,"HQH131250",0.002
0.005,0.0184,0,0,0.01,0.02,0,0.19,18,0.0097,0.0093,0.023,0.022,"HQB132710",0
0.007,0.0022,0,0,0.02,0.03,0,0.094,15,0.0107,0.0041,0.022,0.021,"HQD037190",0.002
0.006,0.038,0,0,0.011,0.02,0,0.195,18,0.0077,0.0032,0.025,0.023,"HQZ093750",0
0.006,0.1561,0,0,0.013,0.02,0,0.806,23,0.0099,0.0028,0.024,0.023,"HQC092350",0.001
0.006,0.0191,0,0,0.011,0.02,0,0.181,19,0.0055,0.0104,0.022,0.021,"HQE065830",0
0.006,0.0024,0,6,0.012,0.02,0,0.135,16,0.0096,0.0032,0.026,0.026,"HQD071560",0.002
0.006,0.1149,0,0,0.011,0.01,0,0.3,30,0.0074,0.0028,0.023,0.022,"HQY017090",0
0.005,0.0015,0,0,0.018,0.05,0.02,0.145,19,0.0502,0.0034,0.028,0.026,"HQC075980",0.001
0.006,0.0019,0,0,0.013,0.02,0,0.074,19,0.0074,0.0029,0.026,0.026,"HQD014600",0.003
0.005,0.0019,0,6,0.011,0.02,0,0.08,18,0.0054,0.0032,0.031,0.027,"HQE117700",0.003
0.004,0.0016,5,0,0.055,0.02,0,0.211,24,0.0458,0.008,0.041,0.039,"HQF134320",0.001
0.006,0.0326,0,0,0.014,0.01,0,0.163,15,0.0114,0.0027,0.018,0.016,"HQB004730",0
0.005,0.0402,0,0,0.01,0.02,0,0.241,22,0.0093,0.0029,0.02,0.019,"HQF017470",0.001
0.004,0.1173,0,0,0.029,0.04,0,0.45,30,0.0144,0.0029,0.025,0.023,"HQG107330",0
0.005,0.1538,0,0,0.028,0.02,0,0.778,35,0.0103,0.0038,0.025,0.024,"HQX091170",0
0.006,0.0018,0,0,0.011,0.02,0,0.09,19,0.0091,0.0038,0.028,0.026,"HQX146280",0.001
0.006,0.0011,0,0,0.009,0.02,0,0.065,16,0.0057,0.0033,0.026,0.024,"HQZ117960",0.004
0.005,0.0014,5,1,0.05,0.02,0,0.199,15,0.0435,0.0088,0.041,0.04,"HQZ064780",0.001
0.007,0.0021,0,0,0.011,0.02,0,0.097,12,0.0104,0.0035,0.029,0.027,"HQA145880",0.001
0.006,0.1207,0,0,0.011,0.01,0,0.436,37,0.0076,0.0023,0.029,0.027,"HQX033720",0
0.006,0.0375,0,0,0.011,0.02,0,0.191,27,0.0077,0.0026,0.033,0.032,"HQB051610",0
0.006,0.0014,4,0,0.057,0.02,0,0.209,19,0.043,0.008,0.038,0.036,"HQC042560",0.001
0.007,0.0018,0,1,0.018,0.03,0,0.08,19,0.0097,0.0038,0.026,0.024,"HQZ041070",0.003
0.005,0.0368,0,0,0.009,0.02,0,0.202,19,0.008,0.0033,0.026,0.025,"HQZ135900",0
0.007,0.0411,0,0,0.02,0.02,0,0.212,15,0.0082,0.0032,0.021,0.019,"HQY104360",0
0.006,0.0525,0,0,0.019,0.02,0,0.838,33,0.0084,0.0032,0.035,0.033,"HQY007610",0.001
0.005,0.0785,3,3,0.02,0.03,0,0.892,30,0.02,0.0024,0.032,0.031,"HQC119450",0.002
0.006,0.002,0,0,0.019,0.02,0,0.07,16,0.008,0.0033,0.029,0.026,"HQA135400",0.002
0.006,0.0019,0,0,0.013,0.06,0.02,0.144,19,0.0568,0.0039,0.037,0.036,"HQY020050",0
0.006,0.0018,0,0,0.014,0.02,0,0.089,16,0.0096,0.0028,0.026,0.023,"HQB084780",0
0.005,0.0025,16,0,0.063,0.07,0,0.558,17,0.0131,0.0025,0.026,0.024,"HQB080100",0.001
0.004,0.0188,14,3,0.013,0.02,0,0.132,19,0.0076,0.0033,0.032,0.031,"HQF056120",0
0.006,0.0019,0,0,0.013,0.06,0.02,0.144,19,0.0568,0.0039,0.037,0.036,"HQY019990",0
0.005,0.0017,5,0,0.057,0.02,0,0.191,20,0.042,0.0084,0.032,0.03,"HQB002480",0.001
0.005,0.0014,6,0,0.051,0.03,0,0.188,21,0.0454,0.0082,0.034,0.032,"HQD062570",0.001
0.005,0.0013,0,1,0.05,0.02,0,0.139,16,0.0514,0.0092,0.029,0.028,"HQE106900",0.001
0.004,0.0713,0,1,0.012,0.02,0,0.254,91,0.0088,0.0028,0.031,0.03,"HQC001470",0
0.004,0.0017,0,1,0.014,0.02,0,0.1,17,0.0099,0.0032,0.03,0.028,"HQJ045110",0.001
0.005,0.0363,0,0,0.017,0.02,0,0.143,15,0.0093,0.0037,0.022,0.018,"HQF135580",0
0.007,0.1902,0,0,0.012,0.02,0,0.472,38,0.0087,0.0028,0.028,0.026,"HQA156940",0
0.006,0.0347,0,3,0.012,0.02,0,0.188,14,0.0082,0.0034,0.024,0.022,"HQZ093900",0
0.006,0.0015,0,0,0.095,0.02,0,0.141,16,0.0176,0.0092,0.032,0.032,"HQA041790",0
0.005,0.0018,0,0,0.011,0.02,0,0.134,14,0.0101,0.0026,0.024,0.023,"HQD123020",0.001
0.005,0.2044,0,0,0.02,0.02,0,0.887,32,0.0114,0.003,0.022,0.021,"HQF117910",0.001
0.005,0.0371,0,0,0.018,0.02,0,0.203,21,0.0109,0.0025,0.022,0.02,"HQC029930",0
0.004,0.0419,17,0,0.013,0.02,0,0.179,20,0.0093,0.0029,0.014,0.014,"HQF048740",0
0.005,0.0021,0,0,0.021,0.02,0,0.076,11,0.0082,0.0036,0.029,0.027,"HQF092460",0.003
0.005,0.0022,0,1,0.013,0.02,0,0.147,20,0.0098,0.0038,0.027,0.026,"HQA010890",0.002
0.004,0.032,0,0,0.017,0.02,0,0.202,23,0.0089,0.0031,0.027,0.025,"HQD127970",0
0.006,0.0018,0,0,0.012,0.01,0,0.107,23,0.0088,0.0045,0.027,0.026,"HQA125320",0.001
0.006,0.0377,0,0,0.018,0.02,0,0.201,16,0.0093,0.003,0.024,0.023,"HQA071000",0
0.004,0.0352,0,0,0.015,0.02,0,0.191,19,0.0077,0.0032,0.028,0.024,"HQG131170",0
0.008,0.1488,0,0,0.021,0.02,0,0.487,34,0.0122,0.0032,0.024,0.023,"HQE020470",0.001
0.005,0.0497,0,0,0.019,0.02,0,0.276,19,0.0101,0.0035,0.02,0.018,"HQC036680",0
0.006,0.0017,0,0,0.013,0.02,0,0.071,18,0.0084,0.004,0.037,0.036,"HQZ052250",0.001
0.004,0.0015,0,0,0.024,0.02,0,0.064,13,0.0092,0.0037,0.031,0.03,"HQG095340",0.002
0.007,0.1912,0,0,0.011,0.02,0,0.843,29,0.0081,0.0023,0.023,0.022,"HQA087470",0
0.005,0.002,0,0,0.01,0.02,0,0.068,15,0.0058,0.0034,0.029,0.028,"HQE157310",0.003
0.006,0.0228,0,1,0.012,0.02,0,0.171,13,0.0065,0.0039,0.022,0.02,"HQY127070",0
0.006,0.0423,0,0,0.009,0.02,0,0.193,27,0.008,0.0029,0.019,0.018,"HQC138490",0
0.006,0.194,1,0,0.014,0.02,0,0.472,30,0.0126,0.0024,0.029,0.028,"HQA056080",0.001
0.005,0.0433,0,1,0.014,0.02,0,0.213,22,0.0071,0.0035,0.026,0.024,"HQX117980",0
0.006,0.0634,0,1,0.013,0.02,0,0.782,36,0.0115,0.0032,0.025,0.023,"HQZ124080",0.001
0.004,0.0022,0,0,0.01,0.01,0,0.147,16,0.0096,0.0026,0.033,0.032,"HQJ159360",0.001
0.005,0.0343,0,0,0.025,0.02,0,0.196,31,0.0104,0.0025,0.024,0.022,"HQC029470",0
0.004,0.0022,0,0,0.011,0.02,0,0.135,19,0.0102,0.0038,0.03,0.029,"HQJ067780",0.001
0.005,0.0014,0,0,0.011,0.01,0,0.075,14,0.0086,0.0034,0.031,0.029,"HQF000550",0.002
0.007,0.0423,0,0,0.011,0.02,0,0.204,13,0.0101,0.003,0.022,0.021,"HQZ046200",0
0.006,0.0023,0,0,0.01,0.02,0,0.394,16,0.0265,0.0031,0.033,0.032,"HQE024680",0.003
0.006,0.1162,0,0,0.023,0.03,0,0.438,28,0.0114,0.0034,0.018,0.018,"HQY017740",0
0.005,0.0377,0,0,0.016,0.02,0,0.176,12,0.0108,0.0028,0.022,0.022,"HQA034910",0
0.007,0.0367,18,0,0.01,0.02,0,0.188,16,0.0083,0.0031,0.018,0.018,"HQB032460",0
0.004,0.0013,0,1,0.025,0.02,0,0.078,15,0.0086,0.0043,0.032,0.03,"HQF162450",0.002
0.006,0.0375,0,0,0.011,0.02,0,0.191,27,0.0077,0.0026,0.033,0.032,"HQB051330",0
0.005,0.0014,6,0,0.052,0.03,0,0.185,18,0.0466,0.0097,0.036,0.036,"HQF140470",0.001
0.004,0.0019,0,0,0.01,0.02,0,0.136,14,0.0109,0.0035,0.024,0.022,"HQE119780",0.002
0.004,0.0024,0,1,0.021,0.01,0,0.148,22,0.0095,0.004,0.03,0.029,"HQJ062580",0.002
0.006,0.0597,0,0,0.015,0.02,0,0.363,30,0.0098,0.003,0.036,0.034,"HQC125730",0
0.006,0.0015,0,0,0.01,0.05,0.01,0.136,15,0.0527,0.0032,0.029,0.028,"HQA086900",0
0.006,0.0012,4,0,0.054,0.02,0,0.202,19,0.045,0.0088,0.039,0.038,"HQA073710",0
0.004,0.0021,0,0,0.013,0.02,0,0.14,20,0.0091,0.0048,0.026,0.026,"HQG137200",0.002
0.006,0.002,0,0,0.016,0.02,0,0.096,20,0.0087,0.0029,0.026,0.023,"HQY133410",0.001
0.005,0.1076,0,0,0.013,0.02,0,0.449,32,0.0093,0.0026,0.024,0.023,"HQB049190",0
0.004,0.0019,0,0,0.012,0.02,0,0.091,12,0.0095,0.0032,0.028,0.027,"HQF033530",0.001
0.004,0.1899,0,0,0.01,0.02,0,0.835,25,0.0079,0.0027,0.023,0.022,"HQJ108330",0
0.006,0.0413,0,0,0.011,0.02,0,0.2,25,0.0071,0.0033,0.022,0.021,"HQY003700",0
0.004,0.0022,0,0,0.011,0.02,0,0.091,16,0.0104,0.0025,0.028,0.026,"HQJ123060",0.001
0.006,0.0695,0,3,0.01,0.02,0,0.492,39,0.0117,0.0057,0.049,0.048,"HQD038750",0.001
0.004,0.0442,0,0,0.016,0.02,0,0.205,22,0.0093,0.0031,0.027,0.026,"HQJ161360",0
0.006,0.002,0,2,0.026,0.02,0,0.15,20,0.0092,0.0036,0.034,0.032,"HQB001830",0.002
0.007,0.1382,2,1,0.027,0.02,0,1.493,35,0.0107,0.0022,0.023,0.022,"HQA128800",0.002
0.006,0.0018,0,1,0.013,0.02,0,0.056,15,0.0065,0.004,0.024,0.022,"HQY090270",0.002
0.007,0.0017,0,0,0.103,0.02,0,0.141,20,0.0216,0.01,0.028,0.027,"HQZ055420",0
0.007,0.0018,0,0,0.018,0.02,0,0.099,16,0.0088,0.0033,0.026,0.024,"HQY124350",0.001
0.004,0.0021,0,1,0.013,0.02,0,0.093,14,0.0098,0.0031,0.024,0.022,"HQF039430",0.001
0.006,0.002,0,0,0.01,0.01,0,0.068,23,0.0086,0.0033,0.021,0.02,"HQX011620",0.002
0.005,0.0474,0,0,0.014,0.02,0,0.296,31,0.0096,0.0037,0.025,0.024,"HQY011230",0
0.006,0.0449,0,1,0.012,0.02,0,0.199,21,0.0095,0.0034,0.02,0.018,"HQZ039230",0
0.006,0.0201,0,0,0.01,0.02,0,0.184,18,0.0076,0.0026,0.026,0.025,"HQD010880",0
0.005,0.0385,0,0,0.015,0.02,0,0.189,17,0.009,0.0033,0.018,0.016,"HQG005070",0
0.006,0.002,0,0,0.028,0.02,0,0.154,18,0.0095,0.0041,0.029,0.027,"HQY025580",0.001
0.005,0.0355,10,0,0.011,0.02,0,0.196,17,0.0093,0.0036,0.018,0.017,"HQF008570",0
0.005,0.0197,0,0,0.009,0.01,0,0.196,18,0.0056,0.0083,0.023,0.021,"HQC048070",0
0.004,0.002,0,0,0.024,0.02,0,0.09,12,0.0104,0.0033,0.034,0.032,"HQJ123080",0.001
0.005,0.0381,0,0,0.015,0.03,0,0.193,25,0.0124,0.0026,0.031,0.03,"HQG005110",0
0.005,0.0356,0,0,0.012,0.02,0,0.199,22,0.0079,0.0034,0.024,0.023,"HQY021320",0
0.007,0.0021,0,0,0.011,0.01,0,0.099,12,0.0099,0.0033,0.029,0.027,"HQY100960",0.001
0.006,0.0013,4,3,0.053,0.02,0,0.197,16,0.0438,0.008,0.034,0.033,"HQA067230",0.001
0.006,0.0287,0,1,0.031,0.02,0,0.204,18,0.008,0.004,0.018,0.017,"HQY019050",0
0.006,0.0386,1,0,0.009,0.02,0,0.191,14,0.0087,0.0032,0.026,0.023,"HQA064130",0
0.005,0.1192,0,0,0.019,0.02,0,0.456,17,0.0071,0.0029,0.018,0.017,"HQZ096250",0
0.007,0.02,0,1,0.01,0.02,0,0.174,14,0.0086,0.0034,0.025,0.024,"HQY130160",0
0.006,0.0382,0,0,0.018,0.01,0,0.195,17,0.0067,0.0042,0.039,0.038,"HQF004330",0
0.007,0.1788,0,0,0.026,0.03,0,0.466,27,0.0138,0.0032,0.036,0.035,"HQX085530",0.001
0.006,0.1184,0,0,0.013,0.01,0,0.409,33,0.0068,0.0037,0.02,0.019,"HQX166190",0
0.006,0.0018,0,0,0.015,0.02,0,0.099,18,0.0108,0.0031,0.033,0.031,"HQX006830",0.001
0.006,0.0015,6,1,0.059,0.02,0,0.2,18,0.0483,0.0086,0.038,0.036,"HQX137510",0.001
0.006,0.0427,0,0,0.024,0.02,0,0.204,16,0.0074,0.003,0.024,0.023,"HQA097400",0
0.005,0.0353,0,0,0.014,0.02,0,0.189,19,0.0078,0.0025,0.024,0.022,"HQC023420",0
0.006,0.0016,0,0,0.012,0.05,0.01,0.147,14,0.0498,0.0043,0.032,0.025,"HQC120660",0
0.005,0.0448,0,1,0.016,0.02,0,0.287,18,0.0106,0.0038,0.034,0.033,"HQE145170",0
0.005,0.0355,0,0,0.009,0.02,0,0.206,21,0.0073,0.003,0.028,0.028,"HQD118430",0
0.007,0.1101,0,0,0.019,0.02,0,0.306,27,0.0092,0.003,0.028,0.027,"HQY137390",0
0.003,0.0469,0,1,0.011,0.01,0,0.283,27,0.0099,0.0027,0.03,0.028,"HQY051150",0
0.004,0.0392,0,0,0.011,0.02,0,0.188,26,0.0126,0.0032,0.019,0.018,"HQG047770",0
0.005,0.0018,0,1,0.018,0.02,0,0.143,18,0.0104,0.004,0.023,0.021,"HQY015640",0.002
0.004,0.0406,13,0,0.019,0.02,0,0.24,17,0.0095,0.0074,0.032,0.031,"HQF085540",0
0.006,0.0429,11,2,0.008,0.01,0,0.266,21,0.0065,0.003,0.033,0.031,"HQA007220",0
0.006,0.1178,0,0,0.029,0.02,0,0.446,32,0.0134,0.0026,0.039,0.038,"HQF143720",0.001
0.006,0.0388,0,0,0.013,0.02,0,0.194,20,0.0073,0.0031,0.022,0.022,"HQC107280",0
0.006,0.0396,0,0,0.031,0.02,0,0.192,19,0.0097,0.0035,0.027,0.025,"HQG032940",0
0.006,0.0188,0,2,0.012,0.02,0,0.193,14,0.0079,0.0029,0.026,0.024,"HQB020080",0
0.004,0.0015,0,1,0.022,0.02,0,0.064,12,0.0062,0.0038,0.033,0.032,"HQF073970",0.004
0.005,0.0362,0,0,0.019,0.02,0,0.189,20,0.0105,0.0038,0.018,0.016,"HQC034350",0
0.005,0.0534,0,0,0.026,0.02,0,0.342,21,0.0071,0.0032,0.026,0.024,"HQY048650",0
0.007,0.0366,0,0,0.019,0.02,0,0.19,16,0.0094,0.0036,0.028,0.026,"HQA115610",0
0.004,0.0194,0,0,0.018,0.02,0,0.143,14,0.0087,0.0028,0.032,0.03,"HQJ161910",0
0.006,0.0232,0,0,0.016,0.02,0,0.208,19,0.0089,0.0027,0.025,0.024,"HQZ087820",0
0.005,0.0366,0,0,0.014,0.02,0,0.191,27,0.009,0.002,0.041,0.038,"HQG161280",0
0.007,0.0352,0,0,0.014,0.01,0,0.19,25,0.0068,0.0027,0.029,0.028,"HQB038130",0
0.004,0.0017,0,0,0.01,0.02,0,0.132,14,0.0095,0.0026,0.03,0.028,"HQE013120",0.001
0.005,0.0658,0,0,0.012,0.01,0,0.482,36,0.0099,0.0032,0.036,0.034,"HQH163190",0
0.006,0.0395,0,0,0.011,0.01,0,0.188,19,0.0077,0.0034,0.034,0.032,"HQA120920",0
0.004,0.0498,0,0,0.009,0.01,0,0.286,23,0.0083,0.0037,0.023,0.022,"HQF028780",0
0.006,0.0429,0,0,0.01,0.01,0,0.205,25,0.0078,0.0033,0.028,0.027,"HQX155400",0
0.005,0.0019,0,0,0.017,0.02,0,0.059,17,0.0049,0.0035,0.032,0.031,"HQG050140",0.003
0.005,0.045,0,0,0.009,0.02,0,0.192,11,0.0082,0.0029,0.028,0.027,"HQG016120",0
0.005,0.0018,0,0,0.097,0.02,0,0.154,11,0.02,0.0099,0.03,0.028,"HQZ089430",0
0.005,0.0756,2,0,0.01,0.02,0,0.904,21,0.0191,0.0026,0.023,0.022,"HQZ064110",0.001
0.006,0.0419,0,55,0.017,0.02,0,0.202,26,0.0079,0.003,0.023,0.022,"HQB104250",0
0.006,0.0371,0,0,0.009,0.01,0,0.194,21,0.0072,0.0025,0.026,0.024,"HQY070640",0
0.006,0.0026,0,0,0.022,0.02,0,0.145,18,0.0093,0.0034,0.028,0.026,"HQE081600",0.001
0.004,0.0021,0,0,0.011,0.02,0,0.094,13,0.009,0.003,0.033,0.031,"HQH159320",0.001
0.005,0.0765,4,2,0.03,0.02,0,0.899,28,0.0182,0.0024,0.027,0.026,"HQD108550",0.001
0.006,0.0398,0,0,0.012,0.02,0,0.206,17,0.008,0.0033,0.032,0.031,"HQX142420",0
0.007,0.046,0,0,0.017,0.02,0,0.209,22,0.0098,0.0043,0.029,0.028,"HQA092990",0
0.006,0.0397,0,0,0.015,0.02,0,0.201,18,0.0084,0.003,0.024,0.022,"HQB006780",0
0.004,0.0393,0,0,0.032,0.02,0,0.192,23,0.0075,0.0034,0.022,0.022,"HQF028020",0
0.006,0.0393,0,0,0.022,0.02,0,0.199,23,0.0066,0.004,0.021,0.02,"HQA024910",0
0.004,0.0391,0,1,0.011,0.02,0,0.183,14,0.0101,0.0037,0.028,0.026,"HQF155620",0
0.005,0.1252,0,0,0.02,0.02,0,0.869,36,0.0095,0.002,0.021,0.02,"HQB050790",0
0.005,0.0018,0,0,0.012,0.01,0,0.1,14,0.0088,0.0029,0.021,0.019,"HQB077910",0
0.004,0.1556,0,0,0.03,0.01,0,0.811,37,0.0139,0.0026,0.021,0.02,"HQJ108210",0.001
0.006,0.0431,0,0,0.011,0.01,0,0.196,21,0.0067,0.0033,0.025,0.024,"HQZ009990",0
0.005,0.0013,0,1,0.026,0.03,0,0.102,17,0.0093,0.0036,0.026,0.024,"HQD144130",0.002
0.005,0.0404,9,0,0.011,0.02,0,0.233,16,0.0089,0.0033,0.035,0.033,"HQG035220",0
0.005,0.0018,0,0,0.022,0.02,0,0.09,17,0.0105,0.0037,0.027,0.024,"HQA067000",0.001
0.006,0.0019,0,0,0.017,0.02,0,0.07,20,0.0089,0.0032,0.029,0.027,"HQB090850",0.001
0.004,0.0511,0,0,0.012,0.02,0,0.308,44,0.0084,0.002,0.049,0.047,"HQJ031170",0
0.005,0.1076,0,0,0.013,0.02,0,0.449,32,0.0093,0.0026,0.024,0.023,"HQB049160",0
0.005,0.0457,18,0,0.009,0.02,0,0.207,13,0.0108,0.0023,0.025,0.024,"HQC019900",0
0.005,0.0362,0,0,0.019,0.02,0,0.189,20,0.0105,0.0038,0.018,0.016,"HQC034380",0
0.006,0.0368,0,0,0.012,0.01,0,0.205,25,0.0082,0.0032,0.017,0.016,"HQX088310",0
0.004,0.0019,0,1,0.012,0.02,0,0.072,15,0.0061,0.0036,0.026,0.024,"HQG143710",0.002
0.006,0.0704,1,1,0.015,0.02,0,0.497,27,0.0185,0.003,0.028,0.027,"HQA125500",0.001
0.005,0.0019,0,0,0.013,0.02,0,0.093,19,0.0078,0.0032,0.03,0.027,"HQY030560",0
0.004,0.0408,0,0,0.02,0.02,0,0.192,26,0.0075,0.003,0.024,0.022,"HQJ122260",0
0.005,0.0017,0,3,0.01,0.02,0,0.096,14,0.0098,0.0035,0.029,0.027,"HQD153600",0.002
0.005,0.1461,0,0,0.01,0.02,0,0.509,28,0.0097,0.0033,0.023,0.017,"HQF081740",0
0.004,0.0799,2,2,0.02,0.02,0,1.087,27,0.0189,0.0021,0.034,0.032,"HQG091910",0.001
0.005,0.0406,0,0,0.015,0.02,0,0.215,22,0.0082,0.0032,0.029,0.027,"HQB089850",0
0.006,0.0023,0,0,0.02,0.02,0,0.143,16,0.0102,0.0031,0.025,0.024,"HQD021160",0.002
0.006,0.0335,0,4,0.012,0.01,0,0.208,19,0.0096,0.0035,0.025,0.022,"HQX134920",0
0.004,0.0348,0,0,0.018,0.05,0,0.183,36,0.0119,0.0033,0.032,0.032,"HQH115300",0.001
0.004,0.0431,0,2,0.009,0.02,0,0.184,20,0.0085,0.0033,0.026,0.025,"HQD126380",0
0.007,0.0021,0,0,0.007,0.01,0,0.094,16,0.009,0.0026,0.043,0.042,"HQA135620",0.001
0.004,0.0408,0,0,0.012,0.01,0,0.228,23,0.0081,0.0031,0.022,0.021,"HQE048200",0
0.005,0.0401,0,0,0.008,0.02,0,0.191,20,0.011,0.003,0.024,0.024,"HQB137940",0
0.007,0.0408,0,0,0.022,0.02,0,0.187,21,0.0085,0.0038,0.017,0.016,"HQA139340",0
0.006,0.0699,0,0,0.019,0.02,0,0.482,33,0.01,0.0028,0.048,0.046,"HQG021590",0
0.005,0.0344,0,0,0.012,0.02,0,0.186,14,0.0068,0.0036,0.022,0.021,"HQE065970",0
0.006,0.0374,0,0,0.014,0.02,0,0.201,25,0.0086,0.0035,0.024,0.022,"HQX160910",0
0.005,0.1624,0,2,0.009,0.01,0,0.745,19,0.0089,0.0022,0.022,0.022,"HQG011630",0.001
0.006,0.0568,0,0,0.013,0.02,0,0.352,29,0.0089,0.0025,0.025,0.024,"HQB062090",0
0.005,0.05,0,1,0.019,0.02,0,0.293,34,0.0103,0.0035,0.037,0.036,"HQH086530",0
0.006,0.0299,0,0,0.008,0.02,0,0.192,15,0.0083,0.0025,0.026,0.025,"HQZ045490",0
0.006,0.0349,0,0,0.017,0.02,0,0.197,12,0.0063,0.0031,0.028,0.026,"HQF122640",0
0.005,0.0012,0,0,0.015,0.02,0,0.06,19,0.0081,0.0041,0.039,0.038,"HQG049960",0.002
0.005,0.0014,0,0,0.017,0.02,0,0.097,16,0.0089,0.0034,0.03,0.029,"HQD112070",0.001
0.007,0.037,0,0,0.02,0.01,0,0.199,40,0.0038,0.0033,0.023,0.022,"HQY158810",0
0.007,0.0024,9,0,0.072,0.02,0,0.242,19,0.0682,0.0107,0.042,0.04,"HQX073880",0.001
0.004,0.0585,0,0,0.015,0.02,0,0.8,33,0.0111,0.002,0.027,0.026,"HQG106270",0.001
0.005,0.1461,0,1,0.025,0.02,0,0.908,28,0.0113,0.003,0.024,0.024,"HQH021300",0.001
0.004,0.0754,2,0,0.027,0.02,0,0.889,25,0.0164,0.0027,0.027,0.025,"HQG110370",0.001
0.004,0.1095,0,0,0.018,0.01,0,0.414,32,0.0097,0.003,0.02,0.019,"HQJ076860",0
0.006,0.0569,0,0,0.016,0.01,0,0.314,27,0.0052,0.0029,0.039,0.037,"HQZ070800",0
0.005,0.0197,0,2,0.019,0.02,0,0.19,22,0.0079,0.0032,0.015,0.014,"HQH069960",0
0.005,0.0407,0,1,0.01,0.02,0,0.167,19,0.0098,0.0042,0.03,0.028,"HQY081130",0
0.004,0.0317,0,0,0.01,0.01,0,0.168,19,0.0047,0.0028,0.023,0.022,"HQF105160",0
0.005,0.0383,0,0,0.02,0.03,0,0.187,19,0.0116,0.0042,0.025,0.023,"HQC116670",0
0.006,0.0205,0,0,0.01,0.01,0,0.187,21,0.0072,0.003,0.023,0.022,"HQD040810",0
0.005,0.0401,0,3,0.008,0.02,0,0.188,19,0.0084,0.0031,0.017,0.016,"HQD063970",0
0.007,0.0017,0,5,0.018,0.02,0,0.101,21,0.0095,0.0035,0.03,0.027,"HQX011810",0.001
0.004,0.0396,13,0,0.019,0.03,0,0.194,23,0.011,0.0037,0.022,0.019,"HQJ124610",0
0.005,0.0045,8,0,0.101,0.02,0.06,0.589,18,0.0846,0.0087,0.046,0.044,"HQE056190",0.002
0.005,0.0019,0,0,0.029,0.03,0,0.102,16,0.0107,0.0031,0.035,0.03,"HQF032320",0.001
0.006,0.0741,2,0,0.012,0.02,0,0.905,26,0.0192,0.0024,0.032,0.029,"HQE071920",0.001
0.005,0.0014,0,0,0.018,0.05,0.02,0.144,14,0.05,0.0035,0.033,0.032,"HQC073560",0
0.005,0.0387,0,0,0.01,0.02,0,0.192,17,0.0087,0.003,0.031,0.029,"HQC025110",0
0.006,0.0019,0,0,0.014,0.02,0,0.091,13,0.0095,0.0031,0.022,0.019,"HQZ094410",0.001
0.005,0.0778,2,1,0.025,0.02,0,0.902,26,0.0197,0.0026,0.03,0.03,"HQE140150",0.001
0.004,0.1132,0,0,0.014,0.02,0,0.29,25,0.0115,0.0027,0.029,0.027,"HQG054890",0
0.004,0.045,0,1,0.015,0.02,0,0.297,35,0.008,0.0028,0.029,0.028,"HQH052460",0
0.007,0.1841,0,0,0.022,0.02,0,0.49,31,0.0106,0.0027,0.02,0.018,"HQX050180",0.001
0.004,0.0317,0,0,0.01,0.02,0,0.196,13,0.011,0.0029,0.02,0.019,"HQE001670",0
0.005,0.0754,1,0,0.02,0.02,0,0.883,31,0.0196,0.0023,0.024,0.022,"HQY037860",0.001
0.004,0.1838,0,0,0.014,0.01,0,0.79,37,0.0077,0.0022,0.031,0.03,"HQJ148050",0
0.005,0.0377,0,0,0.017,0.02,0,0.195,19,0.0079,0.0025,0.032,0.032,"HQF115130",0
0.006,0.078,3,1,0.012,0.02,0,0.88,35,0.0207,0.0016,0.026,0.025,"HQA050810",0.001
0.006,0.0566,0,1,0.022,0.03,0,0.79,38,0.0133,0.0025,0.034,0.032,"HQF015690",0.002
0.004,0.0717,0,0,0.022,0.02,0,0.485,41,0.0111,0.0015,0.033,0.031,"HQG082650",0
0.005,0.0441,19,0,0.021,0.02,0,0.196,17,0.0099,0.0051,0.022,0.021,"HQH051280",0
0.006,0.0466,0,0,0.013,0.02,0,0.193,26,0.0068,0.0031,0.028,0.027,"HQC138140",0
0.004,0.002,0,0,0.008,0.02,0,0.1,11,0.0105,0.0027,0.024,0.023,"HQD159860",0.001
0.005,0.0393,0,0,0.02,0.02,0,0.187,18,0.0085,0.0035,0.027,0.026,"HQF115820",0
0.005,0.0413,0,0,0.01,0.02,0,0.309,26,0.0084,0.0021,0.03,0.026,"HQF037490",0
0.005,0.0631,0,1,0.014,0.02,0,0.776,43,0.0101,0.0026,0.04,0.039,"HQG042930",0.001
0.005,0.0588,0,0,0.012,0.01,0,0.815,35,0.0057,0.002,0.029,0.027,"HQC026760",0
0.007,0.0415,0,0,0.027,0.01,0,0.261,17,0.0099,0.0032,0.029,0.027,"HQA149300",0
0.007,0.0614,0,0,0.021,0.02,0,0.81,28,0.0114,0.0029,0.028,0.027,"HQB088550",0
0.005,0.0402,0,1,0.014,0.02,0,0.215,24,0.0067,0.0036,0.022,0.02,"HQX094880",0
0.005,0.0407,0,0,0.012,0.03,0,0.307,12,0.008,0.0033,0.025,0.024,"HQY059780",0
0.004,0.0455,0,0,0.02,0.02,0,0.194,14,0.0083,0.0037,0.024,0.023,"HQC074850",0
0.006,0.0622,0,0,0.012,0.02,0,0.792,30,0.0107,0.0036,0.025,0.025,"HQA048460",0.001
0.006,0.0368,0,0,0.017,0.02,0,0.213,30,0.0082,0.0039,0.019,0.018,"HQC098350",0
0.006,0.057,0,0,0.015,0.02,0,0.809,36,0.0115,0.0021,0.032,0.03,"HQZ005590",0.001
0.005,0.0014,0,0,0.02,0.02,0,0.095,10,0.0109,0.004,0.034,0.032,"HQH121820",0.002
0.005,0.0344,0,0,0.01,0.02,0,0.193,16,0.0087,0.0028,0.025,0.021,"HQG027730",0
0.006,0.0405,0,2,0.014,0.02,0,0.202,13,0.0083,0.0034,0.032,0.031,"HQA058340",0
0.004,0.0012,0,0,0.052,0.02,0,0.146,14,0.0542,0.0089,0.03,0.027,"HQJ161530",0.001
0.004,0.1521,0,0,0.017,0.02,0,0.49,27,0.0122,0.0028,0.026,0.026,"HQF057580",0.001
0.004,0.1129,0,1,0.012,0.02,0,0.491,23,0.0113,0.0027,0.02,0.02,"HQF048150",0
0.004,0.0022,0,0,0.011,0.02,0,0.135,19,0.0102,0.0038,0.03,0.029,"HQJ067800",0.001
0.004,0.0331,0,0,0.016,0.02,0,0.189,21,0.0084,0.0036,0.025,0.023,"HQH016400",0
0.004,0.1189,0,0,0.019,0.02,0,0.329,18,0.0083,0.0034,0.021,0.02,"HQG080520",0
0.005,0.0349,0,0,0.013,0.01,0,0.187,17,0.0058,0.0028,0.022,0.02,"HQE099490",0
0.005,0.0422,0,0,0.009,0.02,0,0.292,21,0.0072,0.0044,0.02,0.019,"HQX107720",0
0.007,0.1902,0,1,0.011,0.02,0,0.448,31,0.0084,0.0029,0.024,0.023,"HQA094910",0
0.004,0.0325,0,0,0.02,0.02,0,0.186,12,0.0108,0.0034,0.024,0.023,"HQH016070",0
0.005,0.0325,0,0,0.018,0.02,0,0.187,19,0.0061,0.0028,0.028,0.028,"HQD129740",0
0.005,0.0032,16,0,0.061,0.07,0,0.563,16,0.0149,0.0036,0.027,0.024,"HQH052830",0.002
0.005,0.0396,0,0,0.013,0.03,0,0.186,23,0.0092,0.0031,0.02,0.02,"HQG030730",0
0.005,0.0414,0,0,0.014,0.02,0,0.192,22,0.0059,0.0029,0.026,0.025,"HQZ128550",0
0.004,0.0366,0,1,0.023,0.05,0,0.14,23,0.0059,0.0036,0.033,0.032,"HQG084030",0
0.005,0.0363,0,0,0.024,0.03,0,0.198,20,0.0101,0.0044,0.025,0.024,"HQD112380",0
0.004,0.0723,0,0,0.025,0.02,0,0.463,51,0.0116,0.0033,0.045,0.043,"HQH074970",0.001
0.006,0.0223,14,0,0.011,0.02,0,0.154,14,0.0084,0.0038,0.027,0.026,"HQZ003720",0
0.007,0.0015,0,0,0.015,0.02,0,0.083,17,0.009,0.0034,0.035,0.032,"HQY118310",0.001
0.006,0.0406,0,0,0.011,0.03,0,0.19,19,0.0098,0.0034,0.018,0.017,"HQC100300",0
0.006,0.0302,0,0,0.019,0.02,0,0.275,20,0.019,0.0035,0.029,0.028,"HQB034650",0
0.005,0.0788,3,1,0.021,0.02,0,0.91,39,0.0195,0.0027,0.03,0.029,"HQB077510",0.001
0.006,0.0388,0,0,0.016,0.02,0,0.155,17,0.0086,0.0034,0.023,0.022,"HQX159780",0
0.005,0.1236,1,0,0.021,0.02,0,1.218,26,0.0119,0.0026,0.022,0.021,"HQH057060",0.001
0.005,0.0424,0,0,0.012,0.02,0,0.206,24,0.0075,0.0032,0.025,0.024,"HQH121560",0
0.004,0.0764,2,0,0.024,0.02,0,0.891,30,0.0195,0.0027,0.03,0.028,"HQG148330",0.001
0.005,0.0568,0,0,0.023,0.02,0,0.812,24,0.0127,0.0029,0.03,0.029,"HQD161580",0.001
0.004,0.0023,0,0,0.021,0.02,0,0.074,16,0.0058,0.0037,0.03,0.026,"HQG128170",0.002
0.005,0.0385,0,0,0.015,0.02,0,0.198,23,0.0085,0.0041,0.027,0.026,"HQZ121110",0
0.004,0.0403,0,0,0.011,0.02,0,0.199,26,0.0072,0.0034,0.02,0.019,"HQJ019960",0
0.006,0.1165,0,0,0.01,0.02,0,0.457,36,0.0093,0.0034,0.024,0.022,"HQA052430",0
0.007,0.0306,0,3,0.019,0.02,0,0.186,23,0.0082,0.0032,0.02,0.019,"HQA100330",0
0.005,0.0201,0,4,0.011,0.02,0,0.191,16,0.0076,0.0032,0.025,0.024,"HQY041760",0
0.007,0.0018,0,0,0.011,0.02,0,0.068,16,0.0065,0.0034,0.027,0.026,"HQZ003990",0.003
0.004,0.0207,0,0,0.026,0.02,0,0.143,15,0.0092,0.0032,0.034,0.033,"HQJ161460",0
0.005,0.1192,0,0,0.019,0.02,0,0.456,17,0.0071,0.0029,0.018,0.017,"HQZ097870",0
0.004,0.0425,11,0,0.009,0.01,0,0.194,14,0.0068,0.0029,0.026,0.025,"HQH157510",0
0.006,0.0014,0,2,0.013,0.02,0,0.093,20,0.0103,0.0049,0.023,0.021,"HQZ001740",0.002
0.006,0.0791,2,0,0.02,0.02,0,0.905,39,0.0192,0.0021,0.035,0.032,"HQA144240",0.001
0.006,0.1178,0,0,0.029,0.02,0,0.446,32,0.0134,0.0026,0.039,0.038,"HQF143750",0.001
0.006,0.0018,5,1,0.054,0.02,0,0.196,17,0.04,0.0083,0.039,0.037,"HQY094830",0.001
0.004,0.1775,0,0,0.027,0.02,0,0.799,25,0.0115,0.0036,0.019,0.017,"HQJ061420",0.001
0.005,0.0394,0,0,0.03,0.02,0,0.186,20,0.0075,0.0033,0.043,0.041,"HQE113210",0
0.004,0.0328,0,0,0.026,0.02,0,0.182,21,0.0107,0.003,0.021,0.018,"HQE027960",0
0.006,0.1233,2,1,0.014,0.02,0,1.219,30,0.0109,0.0026,0.025,0.024,"HQX133620",0.002
0.006,0.0373,0,0,0.012,0.02,0,0.199,17,0.0106,0.0039,0.02,0.017,"HQC097110",0
0.005,0.0408,0,0,0.019,0.02,0,0.17,23,0.0088,0.004,0.029,0.028,"HQG028530",0
0.005,0.0365,0,2,0.008,0.02,0,0.209,23,0.0064,0.0041,0.024,0.022,"HQX105380",0
0.005,0.0361,0,0,0.008,0.02,0,0.181,13,0.0101,0.0023,0.017,0.017,"HQE027320",0
0.005,0.0442,0,0,0.017,0.02,0,0.28,29,0.0104,0.0034,0.029,0.027,"HQZ140140",0
0.004,0.0019,0,0,0.012,0.02,0,0.092,14,0.0101,0.0037,0.027,0.024,"HQJ131360",0.001
0.004,0.0405,0,0,0.009,0.02,0,0.192,15,0.0083,0.0031,0.026,0.025,"HQH123810",0
0.005,0.0018,0,0,0.016,0.02,0,0.091,17,0.0096,0.0043,0.029,0.028,"HQZ161340",0.001
0.006,0.0571,0,0,0.021,0.02,0,0.804,36,0.0106,0.0029,0.028,0.027,"HQB085240",0
0.006,0.1167,0,0,0.017,0.02,0,0.445,31,0.0086,0.0024,0.021,0.02,"HQB113020",0
0.005,0.1342,0,0,0.013,0.02,0,0.849,22,0.0102,0.0032,0.018,0.017,"HQF083520",0.001
0.006,0.176,0,1,0.019,0.03,0,0.768,32,0.0121,0.0031,0.026,0.026,"HQE064190",0.001
0.006,0.1552,0,2,0.014,0.01,0,1.107,33,0.0088,0.0028,0.028,0.027,"HQY060130",0.001
0.005,0.0427,0,0,0.025,0.02,0,0.205,23,0.0068,0.0051,0.023,0.021,"HQX108780",0
0.005,0.0018,0,0,0.016,0.02,0,0.096,18,0.0093,0.0031,0.036,0.034,"HQE063750",0.001
0.004,0.0341,0,0,0.019,0.02,0,0.182,19,0.0066,0.0039,0.026,0.025,"HQF104390",0
0.006,0.1192,0,0,0.015,0.01,0,0.453,30,0.0085,0.0036,0.026,0.025,"HQY077900",0
0.005,0.0019,0,0,0.009,0.02,0,0.094,14,0.0095,0.0032,0.027,0.026,"HQE011750",0.001
0.007,0.0384,0,0,0.019,0.02,0,0.211,27,0.0053,0.0027,0.03,0.026,"HQY119270",0
0.004,0.1199,0,0,0.014,0.02,0,0.301,27,0.0096,0.0027,0.025,0.024,"HQJ069820",0
0.004,0.1864,0,0,0.022,0.02,0,0.83,34,0.0134,0.0027,0.024,0.023,"HQJ003160",0
0.004,0.0357,0,0,0.026,0.02,0,0.192,19,0.0091,0.0034,0.028,0.026,"HQE000780",0
0.005,0.0753,0,0,0.021,0.02,0,0.275,27,0.0063,0.0036,0.024,0.023,"HQE134120",0
0.003,0.0418,0,0,0.01,0.01,0,0.204,18,0.0078,0.0029,0.024,0.023,"HQY046360",0
0.005,0.0399,0,0,0.012,0.02,0,0.198,20,0.0072,0.003,0.027,0.026,"HQZ067000",0
0.006,0.0382,0,0,0.011,0.02,0,0.196,25,0.0076,0.0027,0.022,0.022,"HQY137280",0
0.005,0.0415,0,1,0.018,0.03,0,0.202,19,0.0087,0.0035,0.024,0.024,"HQH098720",0
0.004,0.0319,0,0,0.014,0.02,0,0.189,26,0.0111,0.0024,0.041,0.039,"HQH162470",0
0.005,0.0562,0,0,0.02,0.02,0,0.794,37,0.0088,0.003,0.04,0.038,"HQE039240",0.001
0.005,0.0279,0,8,0.015,0.02,0,0.185,24,0.0077,0.0028,0.027,0.026,"HQE110630",0
0.005,0.0023,0,0,0.017,0.02,0,0.109,21,0.0097,0.0034,0.027,0.024,"HQB003080",0.001
0.006,0.0022,0,0,0.01,0.02,0,0.095,17,0.0094,0.004,0.022,0.019,"HQB085600",0.001
0.006,0.1423,0,0,0.021,0.02,0,1.194,33,0.0119,0.0028,0.02,0.018,"HQX061230",0.001
0.004,0.0353,0,0,0.017,0.02,0,0.195,28,0.0092,0.0026,0.034,0.033,"HQE059020",0
0.005,0.0675,1,1,0.011,0.02,0,0.576,33,0.0175,0.003,0.029,0.028,"HQD129190",0.001
0.004,0.0674,0,0,0.023,0.02,0,0.488,33,0.014,0.0022,0.044,0.042,"HQJ062400",0.001
0.006,0.0389,0,0,0.011,0.02,0,0.238,25,0.0078,0.004,0.026,0.025,"HQZ049340",0
0.005,0.066,2,1,0.022,0.03,0,0.604,31,0.0196,0.0034,0.03,0.029,"HQH096530",0.002
0.005,0.0712,0,0,0.023,0.02,0,0.494,37,0.0101,0.0023,0.054,0.052,"HQG022390",0
0.003,0.0577,0,1,0.036,0.02,0,0.345,22,0.01,0.0039,0.032,0.029,"HQY048300",0
0.004,0.147,0,0,0.031,0.02,0,0.5,32,0.0128,0.0033,0.026,0.025,"HQH131060",0.001
0.007,0.0166,0,0,0.01,0.02,0,0.188,20,0.0071,0.0032,0.015,0.014,"HQD031010",0
0.003,0.034,0,0,0.011,0.01,0,0.137,18,0.0089,0.0028,0.017,0.014,"HQY092850",0
0.004,0.0703,1,0,0.023,0.02,0,0.596,28,0.019,0.0029,0.031,0.031,"HQF040140",0
0.005,0.0397,0,0,0.017,0.02,0,0.189,39,0.0079,0.0028,0.03,0.029,"HQG017600",0
0.006,0.0025,0,0,0.018,0.02,0,0.092,19,0.0089,0.0033,0.026,0.024,"HQX059160",0.001
0.006,0.0547,0,0,0.011,0.02,0,0.356,41,0.0067,0.0027,0.035,0.033,"HQA099860",0
0.007,0.1809,0,0,0.012,0.02,0,0.795,38,0.0109,0.0026,0.026,0.024,"HQB090570",0
0.007,0.0363,14,1,0.013,0.02,0,0.229,15,0.0083,0.003,0.026,0.026,"HQA164440",0
0.005,0.0192,0,1,0.021,0.02,0,0.19,20,0.0075,0.006,0.027,0.026,"HQE086710",0
0.004,0.0393,0,0,0.019,0.02,0,0.197,16,0.0094,0.0036,0.032,0.029,"HQC066140",0
0.007,0.1494,0,1,0.027,0.02,0,0.869,27,0.0094,0.0026,0.02,0.018,"HQX036260",0.001
0.006,0.0384,0,0,0.014,0.02,0,0.195,21,0.0087,0.0031,0.021,0.021,"HQA027590",0
0.004,0.0347,0,1,0.016,0.02,0,0.185,24,0.0082,0.0046,0.032,0.031,"HQH012840",0
0.004,0.034,0,0,0.006,0.02,0,0.188,24,0.0133,0.0029,0.021,0.02,"HQF056280",0
0.006,0.0429,0,0,0.009,0.02,0,0.206,24,0.0089,0.0028,0.02,0.018,"HQX123910",0
0.005,0.034,0,0,0.017,0.02,0,0.204,16,0.0111,0.0033,0.021,0.02,"HQF148910",0
0.005,0.0373,13,0,0.014,0.02,0,0.191,19,0.0098,0.0035,0.027,0.025,"HQF027420",0
0.006,0.0362,0,0,0.012,0.01,0,0.193,21,0.0091,0.0023,0.018,0.017,"HQB025790",0
0.006,0.0704,1,1,0.015,0.02,0,0.497,27,0.0185,0.003,0.028,0.027,"HQA125520",0.001
0.005,0.0812,3,1,0.022,0.02,0,0.891,30,0.0191,0.002,0.032,0.031,"HQH062930",0.001
0.005,0.0647,0,0,0.026,0.02,0,0.469,35,0.0106,0.003,0.043,0.041,"HQH099280",0.001
0.006,0.0464,0,0,0.014,0.03,0,0.303,35,0.0138,0.0031,0.031,0.03,"HQY132850",0
0.005,0.1894,0,0,0.018,0.02,0,0.437,32,0.0084,0.0029,0.021,0.021,"HQX115140",0
0.006,0.1901,0,0,0.018,0.03,0,0.773,31,0.0191,0.0033,0.036,0.034,"HQC106200",0.001
0.003,0.0392,0,0,0.017,0.02,0,0.219,20,0.01,0.0035,0.032,0.028,"HQJ160200",0
0.004,0.0017,0,0,0.021,0.02,0,0.103,14,0.0103,0.0046,0.031,0.026,"HQF083940",0.001
0.005,0.0357,0,0,0.022,0.02,0,0.184,15,0.01,0.003,0.028,0.027,"HQC022650",0
0.007,0.0397,0,0,0.017,0.02,0,0.205,25,0.0081,0.0037,0.019,0.018,"HQX083090",0
0.005,0.0618,0,1,0.023,0.03,0,0.77,26,0.0128,0.0034,0.032,0.032,"HQG061360",0.001
0.005,0.0431,0,0,0.011,0.02,0,0.204,19,0.0109,0.0028,0.02,0.018,"HQJ090160",0
0.007,0.0741,3,0,0.017,0.02,0,0.906,32,0.018,0.0024,0.032,0.03,"HQY154950",0.001
0.006,0.0024,0,8,0.013,0.02,0,0.151,13,0.0095,0.0034,0.025,0.023,"HQA087160",0.002
0.006,0.0348,0,0,0.021,0.02,0,0.197,28,0.0082,0.0032,0.035,0.034,"HQD059850",0
0.004,0.0336,13,1,0.022,0.03,0,0.23,15,0.0104,0.0035,0.03,0.028,"HQG063970",0
0.005,0.0377,0,0,0.017,0.02,0,0.189,22,0.009,0.0035,0.03,0.03,"HQH011460",0
0.007,0.0401,0,0,0.01,0.01,0,0.197,21,0.0088,0.0024,0.03,0.028,"HQX020640",0
0.005,0.0355,0,0,0.02,0.02,0,0.189,30,0.008,0.0028,0.032,0.032,"HQH026770",0
0.007,0.0371,0,0,0.011,0.02,0,0.195,32,0.0077,0.0031,0.026,0.024,"HQX136940",0
0.006,0.0404,0,0,0.018,0.02,0,0.182,15,0.011,0.0045,0.022,0.022,"HQE092010",0
0.005,0.0328,0,0,0.016,0.02,0,0.206,27,0.0088,0.0044,0.027,0.026,"HQY066080",0
0.005,0.0027,7,2,0.063,0.02,0,0.243,18,0.0692,0.0087,0.034,0.032,"HQY032550",0.001
0.006,0.0389,0,0,0.011,0.02,0,0.195,17,0.0096,0.0038,0.026,0.025,"HQZ082260",0
0.005,0.039,0,1,0.012,0.02,0,0.185,34,0.0071,0.0036,0.021,0.02,"HQE000590",0
0.005,0.0651,0,1,0.033,0.02,0,0.479,28,0.0132,0.0031,0.043,0.041,"HQH098610",0.002
0.007,0.002,5,1,0.052,0.02,0,0.197,16,0.0436,0.0091,0.041,0.039,"HQZ044540",0.001
0.004,0.191,0,0,0.016,0.02,0,0.445,27,0.0096,0.0023,0.034,0.032,"HQJ143460",0
0.005,0.0647,0,0,0.012,0.02,0,0.474,39,0.0099,0.002,0.042,0.041,"HQC019190",0
0.004,0.0354,0,2,0.022,0.03,0,0.184,18,0.006,0.0035,0.026,0.025,"HQG077310",0
0.005,0.0219,0,0,0.007,0.02,0,0.211,25,0.0098,0.0032,0.028,0.028,"HQD080200",0
0.004,0.0349,0,0,0.011,0.03,0,0.178,15,0.0069,0.0034,0.027,0.026,"HQG077230",0
0.007,0.0405,21,0,0.011,0.02,0,0.195,23,0.0115,0.003,0.022,0.02,"HQB030540",0
0.004,0.0421,14,0,0.011,0.02,0,0.185,17,0.0082,0.0025,0.02,0.019,"HQJ040610",0
0.005,0.1888,0,0,0.018,0.02,0,0.441,33,0.0095,0.0029,0.034,0.033,"HQB129780",0
0.005,0.0573,0,0,0.012,0.02,0,0.79,25,0.012,0.0028,0.038,0.037,"HQF031750",0.001
0.003,0.0189,0,0,0.009,0.02,0,0.19,16,0.0104,0.0044,0.021,0.02,"HQG089710",0
0.005,0.0795,3,2,0.012,0.03,0,0.895,33,0.0191,0.0021,0.027,0.026,"HQD109290",0.001
0.006,0.0015,0,0,0.018,0.02,0,0.099,22,0.0088,0.0035,0.031,0.029,"HQY029470",0.001
0.005,0.1627,0,1,0.022,0.02,0,1.078,30,0.0137,0.0042,0.027,0.024,"HQH044860",0.001
0.005,0.0015,0,0,0.01,0.01,0,0.063,19,0.009,0.0031,0.035,0.034,"HQG066530",0.001
0.005,0.0385,0,0,0.013,0.02,0,0.207,25,0.0097,0.0026,0.028,0.027,"HQC068630",0
0.004,0.0345,0,0,0.008,0.02,0,0.174,14,0.0074,0.0033,0.018,0.018,"HQD098010",0
0.006,0.0402,0,0,0.02,0.02,0,0.147,17,0.006,0.003,0.02,0.018,"HQA162410",0
0.004,0.1132,0,0,0.014,0.02,0,0.29,25,0.0115,0.0027,0.029,0.027,"HQG054840",0
0.005,0.0023,0,0,0.025,0.03,0,0.089,21,0.0108,0.0036,0.024,0.024,"HQG048090",0.001
0.005,0.0551,0,8,0.01,0.01,0,0.348,29,0.006,0.003,0.031,0.029,"HQD087130",0
0.005,0.0014,5,0,0.055,0.02,0,0.191,19,0.045,0.0092,0.039,0.038,"HQH017950",0
0.006,0.0183,14,0,0.009,0.01,0,0.152,16,0.0068,0.0029,0.018,0.017,"HQA071400",0
0.005,0.0643,0,2,0.017,0.02,0,0.787,33,0.0107,0.0024,0.021,0.019,"HQB001840",0.001
0.006,0.13,0,0,0.015,0.01,0,0.882,43,0.0103,0.0022,0.022,0.021,"HQX076630",0.001
0.007,0.0726,4,2,0.02,0.02,0,0.884,36,0.0188,0.0023,0.028,0.027,"HQY155000",0.001
0.005,0.067,0,2,0.017,0.02,0,0.247,100,0.0135,0.0039,0.029,0.027,"HQC085460",0
0.005,0.0388,13,0,0.012,0.02,0,0.201,16,0.0058,0.0032,0.029,0.028,"HQG151420",0
0.006,0.0396,0,0,0.026,0.02,0,0.154,29,0.0068,0.0026,0.021,0.019,"HQY091200",0
0.004,0.0425,0,0,0.014,0.02,0,0.197,21,0.0079,0.0027,0.033,0.032,"HQJ058990",0
0.004,0.0012,0,0,0.012,0.01,0,0.076,14,0.009,0.0032,0.031,0.029,"HQC001090",0.001
0.006,0.0196,0,0,0.017,0.02,0,0.199,18,0.0075,0.0035,0.025,0.024,"HQY151330",0
0.004,0.037,0,0,0.02,0.03,0,0.186,19,0.0087,0.0053,0.025,0.024,"HQH011160",0
0.005,0.0491,0,0,0.016,0.02,0,0.29,20,0.0108,0.0035,0.028,0.026,"HQF144810",0
0.006,0.0767,0,0,0.013,0.02,0,0.909,32,0.0194,0.0018,0.028,0.027,"HQY058650",0.001
0.006,0.1862,0,0,0.018,0.02,0,0.471,23,0.0105,0.0032,0.03,0.029,"HQA056820",0
0.004,0.0019,0,1,0.024,0.02,0,0.065,16,0.0074,0.0045,0.031,0.03,"HQH074410",0.004
0.004,0.04,0,0,0.014,0.02,0,0.184,16,0.0088,0.0034,0.027,0.025,"HQF041310",0
0.005,0.0402,0,0,0.022,0.01,0,0.218,19,0.007,0.0041,0.022,0.02,"HQX139120",0
0.006,0.1475,0,0,0.021,0.02,0,0.892,31,0.0115,0.0023,0.026,0.025,"HQA130330",0.001
0.007,0.0301,0,0,0.017,0.01,0,0.211,20,0.0072,0.0035,0.016,0.014,"HQX018290",0
0.006,0.0395,0,0,0.017,0.02,0,0.201,20,0.0051,0.0033,0.02,0.019,"HQZ002230",0
0.004,0.0404,1,0,0.023,0.03,0,0.182,19,0.0093,0.004,0.032,0.031,"HQJ059520",0
0.007,0.0373,0,1,0.015,0.02,0,0.196,37,0.006,0.0034,0.018,0.016,"HQX124030",0
0.005,0.0418,12,1,0.018,0.03,0,0.181,23,0.01,0.0039,0.029,0.028,"HQG031280",0
0.005,0.0202,13,3,0.011,0.02,0,0.133,20,0.0059,0.0025,0.028,0.028,"HQJ101440",0
0.004,0.0347,0,0,0.017,0.02,0,0.181,21,0.0074,0.003,0.036,0.034,"HQF125220",0
0.005,0.0395,16,0,0.017,0.02,0,0.184,19,0.0086,0.0038,0.026,0.025,"HQZ159900",0
0.006,0.002,0,0,0.027,0.03,0,0.14,21,0.0142,0.0046,0.018,0.017,"HQX034660",0.002
0.006,0.0018,0,0,0.01,0.02,0,0.095,19,0.0088,0.0042,0.029,0.028,"HQZ042490",0.001
0.006,0.0183,0,0,0.015,0.02,0,0.189,20,0.0079,0.0035,0.024,0.023,"HQE078260",0
0.004,0.0455,18,0,0.019,0.03,0,0.19,14,0.0135,0.0035,0.018,0.017,"HQF106830",0
0.002,0.0435,0,0,0.011,0.01,0,0.289,33,0.0098,0.0025,0.044,0.042,"HQY051780",0
0.006,0.0349,0,0,0.009,0.02,0,0.19,23,0.0073,0.0029,0.029,0.027,"HQB006250",0
0.004,0.0372,1,0,0.023,0.02,0,0.19,22,0.0075,0.0034,0.02,0.019,"HQJ028190",0
0.005,0.1472,0,0,0.023,0.02,0,0.521,24,0.0117,0.0034,0.02,0.018,"HQE082390",0.001
0.004,0.0357,0,0,0.019,0.02,0,0.188,13,0.0144,0.0044,0.02,0.019,"HQF158800",0
0.006,0.0392,0,0,0.014,0.02,0,0.186,15,0.0084,0.0039,0.018,0.018,"HQC092150",0
0.006,0.036,0,3,0.017,0.02,0,0.197,24,0.0085,0.0037,0.03,0.028,"HQA118350",0
0.005,0.0397,0,1,0.012,0.02,0,0.192,18,0.0074,0.0033,0.035,0.034,"HQE103700",0
0.006,0.018,0,0,0.015,0.01,0,0.194,18,0.0069,0.0031,0.023,0.023,"HQZ087640",0
0.005,0.0601,0,0,0.019,0.01,0,0.768,34,0.0086,0.0032,0.027,0.026,"HQG136700",0.001
0.005,0.0388,0,0,0.018,0.02,0,0.204,36,0.0083,0.0039,0.028,0.027,"HQX086440",0.001
0.004,0.0354,0,0,0.013,0.02,0,0.169,15,0.0067,0.0042,0.022,0.019,"HQG089850",0
0.004,0.0358,0,1,0.01,0.02,0,0.184,24,0.0078,0.0025,0.022,0.022,"HQJ038900",0
0.005,0.0384,0,0,0.014,0.02,0,0.286,26,0.0105,0.0029,0.028,0.027,"HQC037220",0
0.006,0.1875,0,1,0.02,0.02,0,0.82,27,0.0093,0.0033,0.02,0.018,"HQX114130",0
0.004,0.1448,0,1,0.01,0.02,0,0.449,26,0.0092,0.0029,0.022,0.021,"HQD130870",0
0.006,0.1173,0,0,0.018,0.02,0,0.305,33,0.0097,0.0029,0.027,0.026,"HQY002210",0
0.004,0.0196,0,0,0.018,0.01,0,0.192,10,0.0068,0.0037,0.025,0.024,"HQG090470",0
0.006,0.0379,0,1,0.011,0.02,0,0.185,30,0.0079,0.0035,0.017,0.015,"HQB085060",0
0.004,0.0392,0,0,0.016,0.02,0.01,0.192,18,0.0088,0.0032,0.02,0.019,"HQG128530",0
0.004,0.0568,0,0,0.012,0.02,0,0.789,37,0.0105,0.0021,0.035,0.033,"HQJ123940",0.001
0.004,0.1781,0,0,0.011,0.02,0,0.471,32,0.0107,0.0022,0.024,0.023,"HQJ063480",0.001
0.005,0.0778,2,1,0.025,0.02,0,0.902,26,0.0197,0.0026,0.03,0.03,"HQE139430",0.001
0.006,0.0394,0,0,0.025,0.01,0,0.201,32,0.0076,0.0026,0.026,0.024,"HQB029070",0
0.004,0.0426,19,0,0.016,0.02,0,0.148,20,0.0099,0.0037,0.017,0.015,"HQE042960",0
0.005,0.0389,0,0,0.018,0.03,0,0.19,17,0.0095,0.0035,0.031,0.029,"HQE113650",0
0.007,0.0362,0,0,0.013,0.01,0,0.196,33,0.007,0.0025,0.025,0.023,"HQB017910",0
0.006,0.0717,2,1,0.013,0.02,0,0.502,30,0.0186,0.003,0.032,0.031,"HQA125010",0.001
0.005,0.0027,0,0,0.011,0.02,0,0.407,15,0.0269,0.0034,0.042,0.041,"HQF021550",0.003
0.004,0.0377,0,0,0.021,0.02,0,0.205,21,0.0098,0.0037,0.024,0.022,"HQJ028180",0
0.008,0.0014,0,0,0.014,0.02,0,0.063,18,0.0057,0.0032,0.03,0.028,"HQD032440",0.004
0.005,0.0404,0,0,0.014,0.02,0,0.213,36,0.0077,0.0028,0.028,0.026,"HQX105020",0
0.005,0.036,13,3,0.014,0.01,0,0.23,16,0.0045,0.0049,0.035,0.034,"HQD077550",0
0.005,0.0381,11,0,0.021,0.03,0,0.19,23,0.0081,0.0036,0.023,0.022,"HQH001600",0
0.006,0.0631,0,0,0.012,0.01,0,0.345,27,0.0092,0.0027,0.029,0.027,"HQX150660",0
0.006,0.0482,0,0,0.016,0.02,0,0.312,29,0.0072,0.0033,0.033,0.031,"HQX088570",0
0.005,0.0367,0,1,0.009,0.02,0,0.15,18,0.0085,0.0049,0.023,0.022,"HQY079670",0
0.006,0.0201,0,23,0.012,0.02,0,0.181,19,0.0082,0.0031,0.022,0.021,"HQC081010",0
0.006,0.1888,0,1,0.013,0.02,0,0.818,35,0.0101,0.0028,0.022,0.02,"HQY029960",0.001
0.005,0.002,0,0,0.015,0.02,0,0.061,17,0.0055,0.0035,0.029,0.029,"HQG050060",0.002
0.006,0.0388,0,0,0.01,0.01,0,0.198,21,0.0094,0.0032,0.028,0.026,"HQX015620",0
0.006,0.0365,0,0,0.012,0.02,0,0.192,19,0.0068,0.0029,0.03,0.029,"HQD011780",0
0.004,0.0354,12,0,0.02,0.02,0,0.19,19,0.0092,0.0031,0.027,0.026,"HQE033710",0
0.004,0.0019,0,0,0.013,0.02,0,0.064,19,0.0093,0.0031,0.023,0.022,"HQJ015820",0.001
0.005,0.0017,0,0,0.009,0.02,0,0.101,25,0.0077,0.0032,0.028,0.028,"HQD111750",0.002
0.004,0.0484,0,0,0.012,0.02,0,0.307,27,0.0099,0.0025,0.035,0.033,"HQJ014350",0.001
0.006,0.0421,17,0,0.015,0.01,0,0.196,17,0.0101,0.0029,0.024,0.022,"HQB029970",0
0.007,0.0724,2,0,0.015,0.02,0,0.901,35,0.0195,0.0024,0.026,0.024,"HQX038770",0.001
0.006,0.1924,0,0,0.02,0.02,0,0.84,31,0.0128,0.0026,0.03,0.029,"HQA155350",0.001
0.004,0.0017,0,0,0.019,0.02,0,0.11,13,0.0102,0.0039,0.024,0.022,"HQG039800",0.001
0.003,0.0333,0,0,0.02,0.02,0,0.2,13,0.0074,0.003,0.019,0.018,"HQC009330",0
0.004,0.0765,0,0,0.021,0.02,0,0.297,30,0.0069,0.0033,0.035,0.033,"HQG109030",0
0.005,0.0021,0,0,0.011,0.02,0,0.094,21,0.0093,0.0028,0.031,0.03,"HQF031900",0.001
0.004,0.0777,0,0,0.018,0.02,0,0.447,32,0.0097,0.003,0.02,0.02,"HQG108400",0.001
0.004,0.0021,15,1,0.068,0.07,0,0.527,21,0.0155,0.0043,0.03,0.028,"HQH028680",0.002
0.005,0.0576,0,0,0.021,0.02,0,0.785,23,0.0133,0.0031,0.03,0.029,"HQC027090",0
0.004,0.0382,18,0,0.007,0.01,0,0.157,21,0.0115,0.0025,0.018,0.018,"HQB148420",0
0.005,0.0389,0,0,0.019,0.01,0,0.194,19,0.0063,0.0033,0.024,0.022,"HQD086200",0
0.007,0.0014,5,0,0.052,0.02,0,0.199,14,0.0469,0.0095,0.034,0.032,"HQY009020",0.001
0.006,0.0364,0,1,0.014,0.02,0,0.2,33,0.0074,0.0027,0.025,0.022,"HQX043720",0
0.005,0.0428,0,0,0.013,0.01,0,0.197,11,0.0054,0.0027,0.026,0.025,"HQZ089860",0
0.005,0.042,19,0,0.01,0.02,0,0.212,21,0.0048,0.0027,0.023,0.021,"HQC019740",0
0.004,0.0429,0,0,0.019,0.02,0,0.176,25,0.0095,0.0035,0.03,0.029,"HQH136640",0
0.006,0.0372,0,1,0.014,0.01,0,0.188,29,0.0072,0.0039,0.02,0.018,"HQD043720",0
0.005,0.0019,0,0,0.017,0.02,0,0.151,17,0.0078,0.0032,0.027,0.026,"HQC025560",0.001
0.005,0.0016,0,0,0.021,0.02,0,0.059,21,0.0093,0.0036,0.039,0.038,"HQF082320",0.002
0.004,0.0411,0,0,0.009,0.02,0,0.187,19,0.0082,0.0026,0.024,0.024,"HQJ100950",0
0.005,0.0019,0,0,0.009,0.02,0,0.094,14,0.0095,0.0032,0.027,0.026,"HQE011740",0.001
0.006,0.0017,0,0,0.013,0.03,0,0.096,18,0.0104,0.003,0.031,0.03,"HQB121910",0.001
0.007,0.0796,0,0,0.013,0.02,0,0.426,34,0.0065,0.0033,0.027,0.026,"HQY034790",0
0.005,0.0708,2,1,0.027,0.02,0,0.618,36,0.0206,0.0034,0.034,0.033,"HQH096500",0.001
0.005,0.0697,1,0,0.014,0.02,0,0.599,24,0.0188,0.0026,0.034,0.034,"HQJ078780",0.001
0.006,0.1964,0,0,0.012,0.02,0,0.439,20,0.0117,0.0031,0.028,0.027,"HQE084590",0.001
0.005,0.0601,0,0,0.014,0.02,0,0.806,35,0.0092,0.0026,0.039,0.038,"HQZ151230",0
0.004,0.0446,0,0,0.02,0.02,0,0.147,17,0.0095,0.0036,0.026,0.024,"HQG042460",0
0.005,0.0356,0,0,0.01,0.01,0,0.22,35,0.0084,0.0027,0.029,0.027,"HQD094020",0
0.004,0.0373,0,0,0.018,0.02,0,0.187,15,0.0103,0.0037,0.025,0.024,"HQD151670",0
0.007,0.0024,9,0,0.072,0.02,0,0.242,19,0.0682,0.0107,0.042,0.04,"HQX074010",0.001
0.007,0.1472,0,1,0.02,0.02,0,0.858,26,0.0126,0.0031,0.021,0.019,"HQX036220",0.002
0.004,0.1854,0,0,0.024,0.02,0,0.776,28,0.0086,0.0032,0.028,0.027,"HQG093650",0
0.006,0.0387,0,0,0.014,0.02,0,0.209,23,0.0108,0.0035,0.022,0.02,"HQX069140",0
0.005,0.0019,0,1,0.015,0.02,0,0.1,19,0.0103,0.0038,0.032,0.03,"HQH031950",0.001
0.004,0.0014,0,0,0.011,0.02,0,0.065,15,0.0062,0.0033,0.03,0.028,"HQH032600",0.004
0.004,0.0201,0,0,0.019,0.02,0,0.187,22,0.0082,0.0039,0.024,0.023,"HQJ041270",0
0.006,0.0597,0,0,0.022,0.02,0,0.814,31,0.0093,0.0025,0.05,0.049,"HQY073660",0.001
0.007,0.0539,0,0,0.019,0.02,0,0.797,44,0.0092,0.0024,0.036,0.034,"HQY006460",0.001
0.007,0.1163,0,0,0.015,0.02,0,0.289,21,0.0095,0.004,0.02,0.019,"HQX048370",0.001
0.004,0.0594,0,1,0.012,0.02,0,0.334,23,0.0095,0.0028,0.04,0.039,"HQF052210",0
0.005,0.0019,0,0,0.011,0.02,0,0.082,13,0.0093,0.0033,0.025,0.023,"HQB070800",0.002
0.006,0.0364,0,0,0.011,0.02,0,0.213,22,0.0072,0.0036,0.024,0.023,"HQC098470",0
0.005,0.0356,17,0,0.01,0.02,0,0.165,20,0.0094,0.0027,0.02,0.019,"HQG023330",0
0.006,0.0419,0,0,0.033,0.03,0,0.199,19,0.0083,0.0044,0.018,0.017,"HQD066240",0
0.005,0.0384,11,0,0.012,0.02,0,0.264,20,0.008,0.0027,0.03,0.029,"HQX092080",0
0.007,0.0396,0,0,0.013,0.02,0,0.186,18,0.0103,0.0033,0.032,0.031,"HQB038390",0
0.006,0.1166,0,2,0.02,0.02,0,0.48,28,0.0084,0.0029,0.026,0.025,"HQY105980",0
0.005,0.0818,2,0,0.029,0.03,0,1.11,42,0.0189,0.0023,0.028,0.027,"HQC061080",0.001
0.007,0.0355,19,6,0.014,0.02,0,0.188,17,0.0104,0.0036,0.022,0.022,"HQB029830",0
0.004,0.0366,0,0,0.019,0.02,0,0.179,15,0.0088,0.0033,0.019,0.018,"HQD143580",0
0.006,0.0667,1,0,0.024,0.02,0,0.591,25,0.0178,0.0029,0.028,0.026,"HQY108200",0
0.006,0.0397,12,0,0.021,0.02,0,0.2,17,0.0069,0.0031,0.019,0.018,"HQA161280",0
0.007,0.194,0,0,0.025,0.02,0,0.854,30,0.0091,0.0029,0.014,0.013,"HQA097360",0
0.006,0.0045,9,0,0.103,0.03,0.05,0.559,24,0.0828,0.0102,0.048,0.047,"HQC027110",0.002
0.006,0.0543,0,0,0.013,0.02,0,0.298,14,0.0084,0.0033,0.021,0.02,"HQC091790",0
0.005,0.0017,0,0,0.01,0.02,0,0.095,17,0.0106,0.004,0.031,0.028,"HQG007670",0.001
0.007,0.036,0,1,0.011,0.02,0,0.202,22,0.0074,0.0033,0.021,0.019,"HQY161700",0
0.004,0.1486,0,0,0.013,0.02,0,0.488,28,0.0096,0.0026,0.021,0.02,"HQH131020",0
0.004,0.0386,0,0,0.011,0.02,0,0.183,26,0.0065,0.0033,0.03,0.03,"HQJ016480",0
0.007,0.0184,0,0,0.011,0.02,0,0.189,24,0.0076,0.0028,0.026,0.025,"HQA121660",0
0.005,0.0025,17,0,0.057,0.07,0,0.528,21,0.0137,0.0039,0.03,0.028,"HQG159920",0.002
0.006,0.0695,0,3,0.01,0.02,0,0.492,39,0.0117,0.0057,0.049,0.048,"HQD038770",0.001
0.006,0.0017,0,1,0.014,0.02,0,0.059,14,0.007,0.0034,0.027,0.026,"HQA069150",0.004
0.005,0.0369,0,0,0.018,0.03,0,0.178,17,0.0081,0.0038,0.018,0.018,"HQE083770",0
0.005,0.002,8,0,0.078,0.02,0,0.258,20,0.0698,0.0095,0.042,0.041,"HQF022720",0.001
0.004,0.1105,0,0,0.015,0.02,0,0.297,35,0.0109,0.0025,0.017,0.016,"HQC063830",0
0.006,0.0616,0,1,0.013,0.02,0,0.349,28,0.0085,0.0028,0.027,0.026,"HQZ104160",0
0.004,0.0817,0,0,0.017,0.02,0,0.428,30,0.011,0.003,0.022,0.021,"HQC002600",0
0.007,0.0678,2,0,0.017,0.02,0.01,0.869,35,0.0105,0.0023,0.036,0.032,"HQD015820",0.002
0.006,0.1207,0,0,0.011,0.01,0,0.436,37,0.0076,0.0023,0.029,0.027,"HQX033880",0
0.004,0.147,0,0,0.031,0.02,0,0.5,32,0.0128,0.0033,0.026,0.025,"HQH130990",0.001
0.007,0.0015,0,2,0.009,0.02,0,0.063,19,0.0094,0.0037,0.035,0.033,"HQX043100",0.001
0.005,0.0418,21,0,0.018,0.02,0,0.196,16,0.0071,0.0029,0.02,0.019,"HQB142280",0
0.006,0.114,0,0,0.01,0.02,0,0.307,35,0.0132,0.0023,0.028,0.027,"HQZ095830",0.001
0.004,0.0379,0,0,0.009,0.01,0,0.197,27,0.0042,0.0027,0.037,0.036,"HQG113530",0
0.007,0.0016,6,0,0.053,0.02,0,0.197,17,0.0447,0.0095,0.041,0.039,"HQX020990",0.001
0.006,0.0682,0,0,0.03,0.02,0,0.491,25,0.011,0.0035,0.041,0.04,"HQE085030",0.001
0.006,0.039,1,0,0.017,0.01,0,0.198,18,0.0067,0.0035,0.024,0.023,"HQX023140",0
0.004,0.0345,0,1,0.012,0.02,0,0.176,23,0.0079,0.0034,0.025,0.023,"HQH028440",0
0.005,0.0334,12,2,0.013,0.02,0,0.229,16,0.0081,0.0035,0.03,0.028,"HQE125080",0
0.007,0.0406,0,0,0.011,0.02,0,0.208,29,0.0065,0.0023,0.029,0.027,"HQZ002040",0.001
0.005,0.1437,1,1,0.028,0.02,0,0.841,33,0.0129,0.0029,0.023,0.022,"HQE053000",0.002
0.004,0.0016,0,0,0.011,0.02,0,0.075,12,0.0098,0.0036,0.031,0.029,"HQD093220",0.001
0.004,0.0395,0,3,0.018,0.02,0,0.195,22,0.0123,0.0071,0.027,0.024,"HQF018460",0
0.007,0.0015,0,0,0.01,0.01,0,0.092,21,0.0096,0.0028,0.033,0.031,"HQB019530",0.001
0.006,0.1178,0,0,0.019,0.02,0,0.313,35,0.0094,0.0038,0.021,0.019,"HQX166090",0
0.005,0.0369,0,0,0.018,0.03,0,0.178,17,0.0081,0.0038,0.018,0.018,"HQE083760",0
0.005,0.0016,0,0,0.02,0.02,0,0.061,23,0.0081,0.004,0.032,0.031,"HQX145690",0.004
0.005,0.0609,0,3,0.015,0.02,0,0.347,30,0.0071,0.0034,0.042,0.04,"HQX135510",0
0.006,0.0353,0,0,0.012,0.02,0,0.201,15,0.0075,0.0025,0.023,0.022,"HQB006770",0
0.006,0.0344,0,0,0.019,0.03,0.01,0.2,14,0.0071,0.0033,0.027,0.026,"HQA152720",0
0.006,0.0372,0,0,0.008,0.01,0,0.219,20,0.0084,0.0031,0.031,0.029,"HQY070560",0
0.005,0.0451,0,0,0.009,0.02,0,0.282,26,0.0081,0.0032,0.034,0.031,"HQZ139790",0
0.006,0.0012,5,0,0.057,0.02,0,0.237,17,0.0435,0.0089,0.037,0.035,"HQZ056350",0.001
0.004,0.036,0,0,0.022,0.02,0,0.197,24,0.0061,0.0034,0.031,0.028,"HQZ019020",0
0.005,0.0185,0,1,0.016,0.03,0,0.196,16,0.0072,0.0031,0.028,0.026,"HQE085370",0
0.004,0.0343,0,0,0.008,0.01,0,0.2,25,0.0072,0.0027,0.024,0.022,"HQG141580",0
0.004,0.1775,0,0,0.027,0.02,0,0.799,25,0.0115,0.0036,0.019,0.017,"HQJ061430",0.001
0.006,0.1263,0,0,0.014,0.02,0,0.909,41,0.0101,0.002,0.036,0.034,"HQZ047470",0.001
0.005,0.0015,6,0,0.056,0.02,0,0.202,18,0.0446,0.0093,0.038,0.036,"HQC042080",0.001
0.006,0.0337,0,0,0.012,0.02,0,0.195,15,0.0085,0.0031,0.024,0.023,"HQA152760",0
0.006,0.0368,0,0,0.012,0.01,0,0.205,25,0.0082,0.0032,0.017,0.016,"HQX088300",0
0.004,0.1186,0,0,0.013,0.01,0,0.47,30,0.0112,0.0021,0.022,0.021,"HQJ156870",0
0.006,0.0024,1,0,0.012,0.02,0.01,0.092,14,0.0099,0.0043,0.028,0.027,"HQF142670",0.001
0.004,0.0357,0,0,0.026,0.02,0,0.192,19,0.0091,0.0034,0.028,0.026,"HQE000350",0
0.006,0.0471,0,0,0.016,0.03,0,0.208,13,0.0114,0.0041,0.028,0.027,"HQC104910",0
0.005,0.0402,0,0,0.013,0.02,0,0.203,17,0.0097,0.0029,0.039,0.038,"HQA027030",0
0.004,0.0021,0,1,0.01,0.02,0,0.144,18,0.0095,0.0036,0.037,0.036,"HQH093160",0.002
0.004,0.0013,4,0,0.049,0.02,0,0.195,15,0.0453,0.0092,0.039,0.037,"HQJ156630",0
0.006,0.1553,1,5,0.021,0.02,0,0.799,31,0.01,0.0029,0.033,0.032,"HQE038970",0.002
0.005,0.1465,0,0,0.011,0.02,0,0.48,26,0.0109,0.0034,0.023,0.022,"HQA061440",0
0.006,0.0391,12,0,0.023,0.02,0,0.241,19,0.0067,0.0033,0.032,0.031,"HQA163290",0
0.004,0.0345,0,0,0.008,0.02,0,0.174,14,0.0074,0.0033,0.018,0.018,"HQD097990",0
0.006,0.1249,0,0,0.017,0.03,0,0.308,24,0.0119,0.0031,0.018,0.017,"HQC109011",0.001
0.004,0.0154,0,0,0.013,0.02,0,0.177,12,0.007,0.0034,0.026,0.02,"HQG110080",0
0.005,0.0396,0,0,0.013,0.02,0,0.197,21,0.0087,0.003,0.02,0.019,"HQB126700",0
0.005,0.0589,0,0,0.012,0.02,0,0.802,31,0.0078,0.0021,0.035,0.034,"HQD015940",0.001
0.005,0.0795,0,8,0.017,0.02,0,0.903,33,0.0199,0.0025,0.029,0.028,"HQF161000",0.001
0.007,0.0393,0,0,0.009,0.02,0,0.199,22,0.0098,0.0033,0.025,0.024,"HQX026040",0
0.006,0.0547,0,0,0.013,0.02,0,0.798,31,0.0105,0.0025,0.04,0.039,"HQE020230",0.001
0.005,0.1494,0,1,0.018,0.02,0,1.21,35,0.0096,0.003,0.021,0.019,"HQX148170",0.001
0.005,0.038,0,0,0.014,0.06,0,0.186,42,0.0091,0.0037,0.032,0.031,"HQZ145790",0
0.006,0.0335,0,4,0.012,0.01,0,0.208,19,0.0096,0.0035,0.025,0.022,"HQX134870",0
0.006,0.0795,2,0,0.021,0.02,0,0.913,38,0.0197,0.0018,0.027,0.026,"HQY009710",0.001
0.005,0.0555,0,0,0.015,0.02,0,0.348,15,0.0075,0.0028,0.031,0.03,"HQA042860",0
0.005,0.0389,0,0,0.017,0.02,0,0.198,18,0.0076,0.0029,0.032,0.03,"HQE081800",0
0.004,0.1511,0,0,0.019,0.02,0,0.487,36,0.0123,0.0033,0.02,0.019,"HQG133300",0.001
0.004,0.0017,0,0,0.021,0.01,0,0.058,14,0.0102,0.003,0.036,0.034,"HQJ130410",0.001
0.006,0.0552,0,0,0.02,0.02,0,0.305,37,0.0069,0.0033,0.035,0.034,"HQA155810",0
0.005,0.1146,0,0,0.011,0.02,0,0.403,26,0.0084,0.003,0.019,0.018,"HQG052810",0
0.004,0.0025,0,0,0.012,0.02,0,0.145,12,0.0108,0.0027,0.028,0.028,"HQJ159460",0.002
0.005,0.0021,0,0,0.012,0.02,0,0.099,13,0.0095,0.003,0.034,0.031,"HQF158000",0.001
0.004,0.0173,18,0,0.023,0.02,0,0.154,16,0.0083,0.0026,0.028,0.023,"HQH061460",0
0.004,0.0353,0,0,0.013,0.02,0,0.183,13,0.0095,0.0032,0.027,0.025,"HQF054400",0
0.005,0.0022,0,1,0.019,0.02,0,0.098,14,0.0095,0.0034,0.032,0.031,"HQH104120",0.002
0.006,0.0353,0,0,0.012,0.02,0,0.201,15,0.0075,0.0025,0.023,0.022,"HQB006660",0
0.006,0.0419,0,3,0.009,0.01,0,0.188,22,0.0107,0.0036,0.029,0.028,"HQB043120",0
0.007,0.0011,0,0,0.019,0.02,0,0.075,14,0.0101,0.0036,0.029,0.027,"HQX159370",0.001
0.005,0.004,9,1,0.096,0.02,0.06,0.573,13,0.0836,0.0096,0.049,0.047,"HQE042170",0.001
0.005,0.041,0,1,0.019,0.02,0,0.185,20,0.0113,0.0038,0.022,0.022,"HQF130140",0
0.005,0.036,0,0,0.011,0.02,0,0.185,12,0.0107,0.0035,0.025,0.024,"HQC137910",0
0.005,0.0653,0,0,0.021,0.02,0,0.481,28,0.008,0.0027,0.044,0.043,"HQA060970",0
0.006,0.1516,0,0,0.019,0.02,0,0.783,27,0.0088,0.003,0.026,0.024,"HQY006030",0
0.006,0.0391,0,0,0.013,0.01,0,0.185,13,0.0066,0.0029,0.027,0.026,"HQA077990",0
0.005,0.1143,0,1,0.015,0.02,0,0.492,28,0.0103,0.0032,0.021,0.019,"HQZ118750",0.001
0.006,0.0185,0,0,0.011,0.02,0,0.191,15,0.0066,0.0033,0.024,0.023,"HQZ011350",0
0.004,0.0365,0,0,0.017,0.03,0,0.187,19,0.0086,0.0039,0.02,0.02,"HQF098710",0
0.005,0.0016,0,0,0.012,0.02,0,0.075,19,0.0108,0.004,0.038,0.036,"HQH032570",0.002
0.006,0.0371,0,3,0.013,0.02,0,0.196,22,0.0065,0.0034,0.018,0.016,"HQD032770",0
0.004,0.0606,0,0,0.013,0.02,0,0.788,33,0.0128,0.0028,0.033,0.032,"HQG118980",0.001
0.007,0.0019,0,0,0.013,0.01,0,0.102,16,0.009,0.0031,0.032,0.03,"HQA144530",0.001
0.007,0.0016,0,0,0.009,0.05,0.02,0.143,16,0.0512,0.003,0.038,0.037,"HQB019780",0
0.005,0.0376,16,0,0.024,0.02,0,0.176,35,0.0095,0.0051,0.016,0.015,"HQF088900",0
0.005,0.0421,0,0,0.012,0.02,0,0.262,17,0.0071,0.0042,0.026,0.026,"HQZ169270",0
0.006,0.0424,0,0,0.016,0.02,0,0.209,23,0.009,0.0033,0.029,0.028,"HQA015870",0
0.004,0.1147,0,0,0.014,0.02,0,0.486,22,0.0131,0.0028,0.023,0.022,"HQF045420",0
0.007,0.0403,0,0,0.026,0.02,0,0.191,16,0.0066,0.0035,0.022,0.022,"HQA162360",0
0.007,0.0024,9,0,0.072,0.02,0,0.242,19,0.0682,0.0107,0.042,0.04,"HQX073900",0.001
0.006,0.0019,0,0,0.012,0.02,0,0.093,17,0.0101,0.0035,0.028,0.027,"HQB083580",0.001
0.006,0.0815,0,0,0.011,0.02,0,0.323,37,0.008,0.0027,0.028,0.026,"HQY036810",0
0.004,0.1454,0,0,0.015,0.02,0,0.502,30,0.0113,0.0025,0.022,0.02,"HQH143580",0
0.004,0.1163,0,0,0.024,0.02,0,0.454,30,0.0101,0.0033,0.022,0.021,"HQJ074220",0.001
0.005,0.0397,0,1,0.012,0.02,0,0.192,18,0.0074,0.0033,0.035,0.034,"HQE103730",0
0.006,0.079,2,1,0.013,0.02,0,0.895,36,0.0184,0.002,0.026,0.025,"HQB093190",0.001
0.007,0.0646,0,0,0.012,0.02,0,0.809,37,0.0095,0.0026,0.042,0.041,"HQY074300",0.001
0.004,0.0391,0,0,0.01,0.02,0,0.211,22,0.008,0.003,0.022,0.02,"HQE049430",0
0.004,0.0817,0,0,0.017,0.02,0,0.428,30,0.011,0.003,0.022,0.021,"HQC003440",0
0.006,0.1081,0,0,0.014,0.02,0,0.449,27,0.01,0.0024,0.025,0.024,"HQA017770",0
0.005,0.0763,2,1,0.022,0.02,0,0.898,29,0.0184,0.0026,0.026,0.024,"HQD111630",0.001
0.006,0.048,0,0,0.012,0.02,0,0.31,19,0.0076,0.003,0.023,0.022,"HQX044350",0
0.007,0.0706,3,0,0.019,0.02,0,0.887,37,0.0197,0.0023,0.023,0.02,"HQC143210",0.002
0.006,0.0403,11,0,0.017,0.02,0,0.232,20,0.0082,0.0032,0.028,0.028,"HQA163160",0
0.004,0.0419,11,0,0.009,0.01,0,0.183,15,0.0074,0.0036,0.027,0.026,"HQG074040",0
0.004,0.0648,0,0,0.013,0.02,0,0.256,101,0.0079,0.0024,0.027,0.026,"HQC002930",0
0.005,0.0465,0,3,0.019,0.02,0,0.289,15,0.0115,0.0033,0.022,0.021,"HQF140690",0
0.005,0.002,0,0,0.015,0.02,0,0.093,17,0.009,0.0041,0.028,0.028,"HQD071510",0.001
0.005,0.0205,13,0,0.012,0.02,0,0.147,12,0.0075,0.0032,0.016,0.015,"HQA071570",0
0.005,0.0012,0,0,0.024,0.02,0,0.083,20,0.0087,0.0036,0.035,0.033,"HQH108100",0.002
0.006,0.0019,0,0,0.01,0.01,0,0.096,22,0.0099,0.0032,0.027,0.026,"HQX031270",0.001
0.006,0.0424,13,0,0.014,0.02,0,0.188,16,0.0085,0.0034,0.029,0.027,"HQF006970",0
0.006,0.045,0,1,0.011,0.02,0,0.29,33,0.006,0.0034,0.032,0.03,"HQA019950",0
0.007,0.0351,0,1,0.008,0.01,0,0.203,19,0.0055,0.0032,0.026,0.024,"HQY116160",0
0.005,0.0287,0,0,0.009,0.02,0,0.186,35,0.008,0.0029,0.034,0.034,"HQD123160",0
0.004,0.0019,0,0,0.012,0.02,0,0.092,14,0.0101,0.0037,0.027,0.024,"HQJ130830",0.001
0.005,0.0018,0,4,0.013,0.02,0,0.082,17,0.0071,0.003,0.026,0.024,"HQA027310",0.002
0.006,0.0407,0,0,0.018,0.01,0,0.224,17,0.0067,0.0034,0.024,0.023,"HQX146420",0
0.004,0.0571,0,0,0.024,0.02,0,0.34,28,0.0088,0.0031,0.033,0.032,"HQJ014810",0
0.005,0.0399,1,0,0.014,0.02,0,0.158,16,0.0109,0.0038,0.02,0.018,"HQC084880",0
0.005,0.0407,0,0,0.007,0.02,0,0.191,14,0.0077,0.0035,0.029,0.028,"HQJ108840",0
0.006,0.0811,2,0,0.012,0.02,0.01,0.916,30,0.0193,0.0028,0.028,0.024,"HQE066720",0.001
0.005,0.0652,0,1,0.013,0.01,0,0.476,35,0.0077,0.0035,0.05,0.046,"HQE084150",0.001
0.005,0.0389,0,0,0.018,0.03,0,0.19,17,0.0095,0.0035,0.031,0.029,"HQE113830",0
0.005,0.038,0,0,0.009,0.02,0,0.202,21,0.0093,0.0031,0.028,0.026,"HQX111490",0
0.005,0.1175,0,0,0.011,0.02,0,0.473,32,0.0098,0.003,0.016,0.014,"HQC059240",0
0.005,0.0322,0,0,0.018,0.02,0,0.185,23,0.0075,0.0035,0.024,0.023,"HQG039150",0
0.005,0.0335,0,0,0.019,0.02,0,0.193,10,0.0076,0.0037,0.028,0.026,"HQF074930",0
0.004,0.0533,0,0,0.023,0.02,0,0.354,29,0.0104,0.0032,0.036,0.035,"HQE126660",0
0.006,0.0403,0,1,0.011,0.02,0,0.196,39,0.0105,0.0026,0.025,0.024,"HQY092130",0
0.006,0.0316,0,1,0.009,0.02,0,0.205,16,0.0076,0.0032,0.025,0.023,"HQY110020",0
0.006,0.0372,0,2,0.017,0.02,0,0.198,26,0.0073,0.0032,0.026,0.024,"HQY154160",0
0.005,0.0411,0,1,0.019,0.02,0,0.186,28,0.0084,0.0037,0.021,0.02,"HQE147440",0
0.006,0.0022,0,0,0.011,0.02,0,0.059,20,0.0091,0.0034,0.03,0.03,"HQB044970",0.002
0.005,0.0769,0,4,0.017,0.02,0,0.3,15,0.0128,0.0022,0.037,0.036,"HQF158310",0
0.005,0.1495,0,0,0.019,0.02,0,0.489,32,0.0109,0.0033,0.017,0.016,"HQY010620",0
0.006,0.039,0,0,0.01,0.02,0,0.19,15,0.008,0.004,0.024,0.02,"HQG031200",0
0.004,0.1215,1,1,0.012,0.02,0.01,1.18,25,0.0084,0.0023,0.021,0.02,"HQJ071720",0.001
0.007,0.0427,0,0,0.021,0.03,0,0.201,21,0.0098,0.0031,0.031,0.03,"HQA095540",0
0.006,0.0345,0,1,0.012,0.02,0,0.198,22,0.0062,0.0031,0.034,0.032,"HQZ045390",0
0.006,0.0405,0,0,0.016,0.02,0,0.2,11,0.0089,0.0031,0.025,0.023,"HQA149350",0
0.006,0.0599,1,0,0.014,0.02,0,0.343,24,0.0085,0.0031,0.032,0.031,"HQB062220",0
0.005,0.0369,0,0,0.027,0.01,0,0.184,19,0.0071,0.0044,0.044,0.043,"HQF021040",0
0.004,0.0015,0,0,0.017,0.02,0,0.072,12,0.0076,0.0035,0.031,0.029,"HQG147730",0.002
0.004,0.0538,0,0,0.022,0.02,0,0.773,29,0.0146,0.0026,0.025,0.024,"HQG061230",0.001
0.006,0.0188,0,2,0.008,0.02,0,0.193,15,0.0078,0.0027,0.023,0.022,"HQD016280",0
0.004,0.0017,0,0,0.015,0.01,0,0.093,20,0.0089,0.0026,0.028,0.027,"HQH158160",0.001
0.005,0.0819,3,0,0.017,0.02,0,0.916,28,0.0195,0.0028,0.028,0.027,"HQC018290",0.001
0.006,0.077,1,0,0.027,0.02,0,0.903,34,0.0189,0.0024,0.023,0.022,"HQB081550",0.001
0.005,0.0343,0,0,0.009,0.01,0,0.194,17,0.0075,0.0032,0.032,0.031,"HQE000480",0
0.005,0.0513,0,0,0.018,0.02,0,0.775,33,0.0099,0.0024,0.053,0.05,"HQH035260",0.001
0.005,0.0395,0,0,0.011,0.03,0,0.21,22,0.0076,0.0032,0.019,0.018,"HQB077010",0
0.006,0.0388,0,3,0.015,0.02,0,0.196,27,0.0071,0.0032,0.022,0.02,"HQX159910",0
0.007,0.0015,0,0,0.012,0.02,0,0.072,18,0.0084,0.0033,0.031,0.029,"HQA079320",0.001
0.005,0.0351,0,0,0.014,0.02,0,0.195,22,0.0068,0.0024,0.028,0.027,"HQH112300",0
0.004,0.0209,0,0,0.021,0.02,0,0.172,26,0.0072,0.0029,0.027,0.023,"HQH051350",0
0.004,0.0164,0,1,0.015,0.02,0,0.183,12,0.0063,0.0029,0.02,0.02,"HQG150950",0
0.005,0.0272,0,1,0.018,0.02,0.01,0.193,35,0.0098,0.0042,0.034,0.032,"HQD123310",0
0.004,0.118,1,0,0.017,0.01,0,1.165,39,0.0107,0.0029,0.016,0.014,"HQB149460",0
0.006,0.0019,0,0,0.012,0.02,0,0.097,22,0.0088,0.0032,0.029,0.026,"HQC144870",0.001
0.006,0.0369,0,0,0.01,0.02,0,0.211,14,0.0078,0.003,0.023,0.021,"HQA043240",0
0.004,0.0183,0,0,0.013,0.01,0,0.183,15,0.0053,0.0027,0.026,0.024,"HQG110840",0
0.006,0.0593,0,0,0.018,0.02,0,0.764,40,0.0096,0.0033,0.031,0.029,"HQZ013030",0.001
0.007,0.0457,0,0,0.018,0.02,0,0.294,33,0.0101,0.0035,0.033,0.032,"HQX158080",0
0.006,0.0019,0,0,0.009,0.02,0,0.09,15,0.0088,0.0036,0.031,0.03,"HQF127850",0.001
0.006,0.1378,1,0,0.013,0.01,0,0.815,45,0.0102,0.0028,0.017,0.016,"HQX076920",0.001
0.007,0.1895,0,0,0.011,0.02,0,0.854,26,0.0116,0.0032,0.02,0.018,"HQZ031840",0.001
0.005,0.0844,1,0,0.032,0.02,0,0.918,30,0.0182,0.0027,0.028,0.027,"HQZ088890",0.001
0.005,0.0019,0,1,0.024,0.02,0,0.14,22,0.0088,0.0035,0.028,0.027,"HQH106620",0.002
0.006,0.063,0,0,0.023,0.02,0,0.801,29,0.011,0.0028,0.033,0.032,"HQH116880",0.001
0.004,0.0407,0,0,0.017,0.02,0,0.188,26,0.0101,0.003,0.025,0.022,"HQJ021480",0
0.006,0.0403,0,0,0.02,0.01,0,0.2,20,0.0068,0.0035,0.025,0.023,"HQY100140",0
0.006,0.148,0,2,0.012,0.02,0,0.789,30,0.0098,0.0028,0.025,0.024,"HQC090100",0.001
0.006,0.0429,0,0,0.018,0.02,0,0.188,33,0.0066,0.0038,0.025,0.024,"HQZ005450",0
0.004,0.0384,0,0,0.012,0.01,0,0.204,21,0.0102,0.0031,0.039,0.037,"HQH151840",0
0.004,0.0475,0,0,0.02,0.02,0,0.288,33,0.0097,0.0031,0.032,0.032,"HQG148120",0
0.004,0.0331,0,0,0.007,0.02,0,0.19,26,0.0087,0.0028,0.019,0.018,"HQG019840",0
0.005,0.0016,6,0,0.051,0.03,0,0.187,18,0.0475,0.0102,0.034,0.033,"HQJ156540",0.001
0.005,0.0674,0,0,0.023,0.03,0,0.254,94,0.0129,0.0036,0.031,0.027,"HQE124590",0
0.005,0.0373,0,0,0.014,0.02,0,0.21,25,0.0071,0.0054,0.032,0.031,"HQH041690",0
0.006,0.0417,0,0,0.016,0.02,0,0.19,24,0.0074,0.0033,0.036,0.035,"HQA065070",0
0.005,0.0371,0,0,0.011,0.02,0,0.182,10,0.0075,0.0026,0.021,0.02,"HQZ151910",0
0.003,0.0324,0,0,0.015,0.01,0,0.186,15,0.0061,0.0029,0.031,0.024,"HQH006620",0
0.005,0.0019,0,0,0.015,0.02,0,0.139,14,0.011,0.0027,0.029,0.028,"HQJ095450",0.002
0.005,0.0382,0,0,0.022,0.02,0,0.143,18,0.0091,0.0041,0.024,0.023,"HQH105960",0
0.004,0.1653,1,0,0.027,0.02,0,0.6,34,0.0129,0.003,0.041,0.039,"HQJ009490",0.001
0.006,0.1158,0,0,0.019,0.02,0.01,0.314,28,0.009,0.003,0.035,0.033,"HQX048470",0
0.005,0.0015,0,0,0.018,0.02,0,0.07,13,0.0085,0.0034,0.034,0.034,"HQG045340",0.002
0.006,0.0348,0,0,0.01,0.02,0,0.201,22,0.0086,0.0032,0.024,0.023,"HQC098690",0
0.004,0.0026,0,1,0.009,0.02,0,0.076,22,0.0079,0.0032,0.031,0.029,"HQG071770",0.003
0.005,0.0016,0,0,0.025,0.02,0,0.143,20,0.0098,0.0042,0.035,0.034,"HQE149220",0.002
0.006,0.0373,0,0,0.021,0.02,0,0.144,17,0.0079,0.0041,0.023,0.022,"HQY140370",0
0.005,0.1946,0,0,0.014,0.02,0,0.865,37,0.0135,0.0025,0.023,0.022,"HQC031470",0.001
0.006,0.1186,0,1,0.019,0.02,0,0.304,29,0.0099,0.0036,0.022,0.021,"HQY002380",0
0.006,0.2019,0,0,0.015,0.02,0,0.896,29,0.0105,0.0032,0.026,0.024,"HQE158430",0.001
0.006,0.0386,0,0,0.026,0.03,0,0.164,16,0.0109,0.0031,0.026,0.025,"HQE013510",0
0.004,0.0577,0,0,0.014,0.02,0,0.788,38,0.0101,0.0024,0.037,0.036,"HQH118090",0.001
0.007,0.094,0,0,0.013,0.02,0,0.481,23,0.0073,0.0028,0.018,0.016,"HQY113770",0
0.005,0.0023,0,0,0.027,0.02,0,0.143,18,0.0095,0.0034,0.03,0.029,"HQC122720",0.001
0.006,0.0481,0,0,0.01,0.01,0,0.29,18,0.0069,0.0032,0.028,0.027,"HQF004020",0
0.004,0.0038,10,0,0.096,0.04,0.06,0.583,22,0.0799,0.0083,0.048,0.046,"HQG057530",0.001
0.004,0.0577,0,0,0.014,0.02,0,0.338,29,0.0093,0.0024,0.032,0.03,"HQG002880",0
0.006,0.1235,0,0,0.01,0.02,0,0.309,26,0.011,0.002,0.027,0.026,"HQD013000",0
0.005,0.0393,0,0,0.017,0.02,0,0.194,20,0.0076,0.0039,0.026,0.025,"HQY013680",0
0.006,0.0464,0,0,0.014,0.03,0,0.303,35,0.0138,0.0031,0.031,0.03,"HQY132860",0
0.004,0.0404,13,0,0.008,0.02,0,0.221,17,0.0086,0.0029,0.034,0.034,"HQE130920",0
0.004,0.0226,0,0,0.016,0.02,0,0.19,15,0.0097,0.0101,0.023,0.022,"HQC080150",0
0.005,0.0548,0,0,0.007,0.01,0,0.313,17,0.0083,0.0026,0.021,0.02,"HQB044990",0
0.005,0.0359,19,0,0.023,0.02,0,0.184,17,0.0115,0.0039,0.018,0.018,"HQZ119690",0
0.004,0.145,0,0,0.017,0.02,0,0.487,37,0.0113,0.0029,0.022,0.02,"HQJ029120",0.001
0.006,0.0374,0,0,0.027,0.02,0,0.2,12,0.0085,0.0039,0.028,0.027,"HQY075580",0
0.006,0.0018,0,0,0.013,0.02,0,0.081,17,0.0093,0.004,0.03,0.027,"HQA011320",0.002
0.005,0.0815,0,0,0.009,0.01,0,0.445,28,0.0121,0.0034,0.014,0.012,"HQX092490",0
0.005,0.0015,0,0,0.022,0.02,0,0.091,24,0.0104,0.003,0.02,0.019,"HQZ132750",0
0.006,0.0396,0,0,0.027,0.02,0,0.219,24,0.0067,0.0032,0.026,0.025,"HQX118580",0
0.005,0.0634,0,0,0.01,0.02,0,0.347,24,0.0109,0.0025,0.037,0.036,"HQE127650",0.001
0.006,0.1208,0,0,0.013,0.02,0,0.295,30,0.012,0.0032,0.016,0.014,"HQZ130920",0
0.005,0.0016,0,0,0.022,0.02,0,0.059,12,0.0086,0.0039,0.039,0.038,"HQF079020",0.002
0.006,0.0398,0,0,0.012,0.02,0,0.206,17,0.008,0.0033,0.032,0.031,"HQX142430",0
0.005,0.0383,0,0,0.017,0.02,0,0.188,20,0.0109,0.0026,0.023,0.022,"HQG026550",0
0.004,0.0026,16,0,0.067,0.07,0,0.533,16,0.0138,0.003,0.022,0.022,"HQJ144220",0.002
0.004,0.1437,0,0,0.019,0.02,0,0.492,35,0.0105,0.0028,0.025,0.025,"HQH130530",0.001
0.004,0.038,0,0,0.017,0.02,0,0.18,20,0.0085,0.0033,0.024,0.023,"HQH136800",0
0.004,0.0543,0,2,0.023,0.03,0,0.792,38,0.0123,0.0032,0.038,0.036,"HQH012640",0
0.005,0.0815,3,0,0.019,0.02,0,0.909,28,0.0189,0.0021,0.027,0.027,"HQE067980",0.001
0.005,0.1915,0,1,0.021,0.02,0,0.449,23,0.009,0.0036,0.029,0.028,"HQD079780",0
0.004,0.0018,0,0,0.011,0.02,0,0.09,14,0.0101,0.0042,0.032,0.029,"HQJ131510",0.001
0.005,0.0356,17,0,0.01,0.02,0,0.165,20,0.0094,0.0027,0.02,0.019,"HQG023350",0
0.006,0.0391,0,0,0.009,0.02,0,0.189,18,0.0083,0.0035,0.021,0.021,"HQE086030",0
0.005,0.0424,0,3,0.028,0.02,0,0.203,25,0.008,0.0034,0.028,0.027,"HQF029880",0
0.006,0.047,0,0,0.023,0.03,0,0.188,14,0.0109,0.0038,0.03,0.03,"HQC067540",0
0.005,0.0377,0,0,0.009,0.02,0,0.2,12,0.0101,0.0033,0.019,0.018,"HQD153620",0
0.005,0.0443,0,0,0.015,0.02,0,0.184,20,0.0087,0.0039,0.037,0.036,"HQC083260",0
0.006,0.1731,0,0,0.014,0.01,0,0.472,22,0.0064,0.003,0.028,0.026,"HQY072760",0
0.004,0.1186,0,0,0.018,0.02,0,0.492,23,0.0133,0.0026,0.018,0.016,"HQJ156850",0
0.006,0.0374,0,0,0.023,0.02,0,0.191,17,0.0098,0.0034,0.021,0.02,"HQD004350",0
0.005,0.0018,0,0,0.009,0.02,0,0.097,10,0.0099,0.0033,0.027,0.024,"HQE127320",0.001
0.005,0.1216,0,0,0.025,0.02,0,0.461,30,0.0123,0.0033,0.024,0.022,"HQC071000",0.001
0.005,0.0562,0,0,0.021,0.02,0,0.797,31,0.012,0.0027,0.043,0.041,"HQH087360",0.001
0.007,0.0195,0,0,0.012,0.02,0,0.194,27,0.0065,0.0024,0.023,0.021,"HQA121040",0
0.005,0.0019,0,0,0.009,0.02,0,0.09,17,0.0085,0.003,0.028,0.028,"HQF156680",0.001
0.004,0.0716,0,0,0.018,0.03,0,0.602,30,0.0194,0.0018,0.031,0.029,"HQJ078260",0.002
0.004,0.0024,0,0,0.01,0.02,0,0.104,16,0.009,0.0035,0.03,0.028,"HQE011730",0.001
0.005,0.0383,0,0,0.023,0.02,0,0.208,21,0.0077,0.0035,0.029,0.028,"HQC039350",0
0.004,0.0025,0,0,0.009,0.01,0,0.1,18,0.0088,0.0026,0.033,0.03,"HQJ143770",0
0.004,0.1414,0,0,0.017,0.02,0,0.811,30,0.012,0.0024,0.027,0.026,"HQG141050",0
0.006,0.0019,0,0,0.01,0.01,0,0.094,12,0.0096,0.0025,0.03,0.028,"HQB036070",0.001
0.006,0.079,4,1,0.013,0.02,0,0.885,31,0.0189,0.0024,0.03,0.03,"HQA046070",0.001
0.005,0.1143,0,0,0.014,0.02,0,0.444,35,0.0084,0.0026,0.02,0.018,"HQZ010830",0
0.005,0.0427,0,0,0.011,0.01,0,0.179,20,0.0063,0.0029,0.028,0.026,"HQC125580",0
0.004,0.0017,0,0,0.011,0.02,0,0.099,17,0.0093,0.0047,0.031,0.03,"HQG119980",0.001
0.007,0.0401,0,0,0.01,0.01,0,0.197,21,0.0088,0.0024,0.03,0.028,"HQX020490",0
0.005,0.0408,20,0,0.02,0.02,0,0.195,17,0.0089,0.003,0.026,0.024,"HQB141140",0
0.004,0.0015,1,1,0.055,0.03,0,0.69,20,0.0689,0.0042,0.032,0.03,"HQG122710",0.001
0.004,0.0389,20,0,0.019,0.02,0,0.194,16,0.0069,0.0029,0.02,0.017,"HQH051500",0
0.004,0.0413,0,2,0.024,0.02,0,0.194,19,0.0103,0.0045,0.032,0.031,"HQH089610",0
0.008,0.0353,0,0,0.01,0.01,0,0.201,29,0.0086,0.0026,0.022,0.02,"HQD032860",0
0.004,0.0019,0,0,0.008,0.02,0,0.104,12,0.0094,0.0035,0.029,0.026,"HQE012370",0.001
0.004,0.1236,0,0,0.011,0.02,0,0.496,21,0.0119,0.0026,0.022,0.021,"HQJ157020",0
0.006,0.0021,0,0,0.017,0.02,0,0.099,19,0.0099,0.0032,0.024,0.022,"HQX085090",0.001
0.006,0.0599,1,0,0.014,0.02,0,0.343,24,0.0085,0.0031,0.032,0.031,"HQB061800",0
0.007,0.0349,0,0,0.014,0.01,0,0.199,26,0.0054,0.0019,0.038,0.037,"HQD059600",0
0.006,0.1096,0,0,0.016,0.02,0,0.439,28,0.0088,0.0028,0.024,0.022,"HQA108850",0
0.005,0.0584,0,1,0.011,0.02,0,0.776,28,0.0104,0.0021,0.028,0.028,"HQD153180",0.001
0.006,0.0399,0,0,0.011,0.02,0,0.185,20,0.0078,0.0036,0.022,0.02,"HQY028220",0
0.005,0.0016,0,0,0.012,0.02,0,0.101,17,0.0095,0.0038,0.03,0.027,"HQZ121710",0.001
0.004,0.1193,0,0,0.023,0.02,0,0.453,25,0.0094,0.0034,0.025,0.024,"HQJ027460",0
0.007,0.057,0,0,0.023,0.02,0,0.805,35,0.0077,0.0026,0.041,0.04,"HQY108040",0
0.005,0.0524,0,1,0.013,0.02,0,0.334,27,0.0092,0.0027,0.036,0.035,"HQE126840",0.001
0.006,0.0383,0,3,0.015,0.02,0,0.218,20,0.0106,0.0036,0.025,0.023,"HQY110510",0
0.006,0.0657,0,1,0.025,0.02,0,0.492,28,0.0107,0.0033,0.053,0.052,"HQE085910",0.001
0.006,0.0334,0,0,0.015,0.02,0,0.181,14,0.0095,0.0023,0.022,0.019,"HQA146810",0
0.005,0.1169,0,0,0.012,0.02,0,0.457,19,0.0092,0.0025,0.016,0.014,"HQZ086570",0
0.006,0.0398,0,0,0.009,0.02,0,0.216,28,0.0078,0.0042,0.028,0.026,"HQX104960",0
0.007,0.0026,1,0,0.02,0.02,0,0.082,24,0.0101,0.0031,0.021,0.02,"HQA132920",0.003
0.006,0.0745,0,21,0.011,0.02,0,0.483,36,0.008,0.0018,0.02,0.019,"HQD048970",0
0.007,0.0352,0,0,0.014,0.01,0,0.19,25,0.0068,0.0027,0.029,0.028,"HQB038040",0
0.004,0.044,12,0,0.014,0.02,0,0.196,14,0.0087,0.0032,0.02,0.02,"HQJ040760",0
0.007,0.0024,0,0,0.011,0.02,0,0.074,24,0.0084,0.0033,0.032,0.031,"HQX011830",0.002
0.004,0.0413,0,0,0.008,0.02,0,0.21,16,0.0079,0.0031,0.029,0.028,"HQD157380",0
0.006,0.1248,0,0,0.016,0.02,0,0.3,22,0.0099,0.0027,0.026,0.025,"HQD018720",0
0.005,0.0415,0,0,0.02,0.02,0,0.23,24,0.0084,0.0031,0.024,0.023,"HQC041510",0
0.004,0.0339,0,1,0.018,0.02,0,0.178,14,0.0089,0.0047,0.024,0.022,"HQG158300",0
0.004,0.0533,0,0,0.026,0.02,0,0.342,28,0.0084,0.003,0.042,0.041,"HQF034960",0
0.006,0.0016,0,0,0.048,0.02,0,0.153,16,0.0526,0.0093,0.037,0.036,"HQX111670",0
0.004,0.0777,0,0,0.018,0.02,0,0.447,32,0.0097,0.003,0.02,0.02,"HQG109410",0.001
0.006,0.043,0,0,0.019,0.02,0,0.192,25,0.0103,0.005,0.021,0.018,"HQA095710",0
0.006,0.0366,0,0,0.013,0.02,0,0.188,22,0.0093,0.0035,0.024,0.022,"HQA013650",0
0.008,0.0582,0,0,0.012,0.01,0,0.347,23,0.0068,0.0024,0.034,0.031,"HQD044860",0
0.006,0.0012,0,0,0.01,0.01,0,0.072,14,0.0065,0.0029,0.029,0.028,"HQZ146070",0.002
0.004,0.1134,0,0,0.013,0.02,0,0.304,31,0.0092,0.0029,0.026,0.024,"HQH076880",0
0.007,0.1576,0,0,0.023,0.02,0,0.445,29,0.0089,0.0033,0.022,0.022,"HQA106390",0
0.005,0.1659,0,1,0.013,0.02,0,0.481,27,0.0112,0.003,0.023,0.022,"HQE044190",0.001
0.007,0.1466,0,0,0.017,0.02,0,0.781,26,0.0097,0.0032,0.021,0.02,"HQY128870",0.001
0.006,0.0024,7,1,0.082,0.03,0,0.236,11,0.0742,0.009,0.035,0.034,"HQG016720",0.001
0.004,0.0419,17,0,0.013,0.02,0,0.179,20,0.0093,0.0029,0.014,0.014,"HQF048670",0
0.005,0.0014,0,0,0.096,0.02,0,0.146,16,0.0189,0.0105,0.038,0.037,"HQE129090",0.001
0.005,0.0023,0,1,0.021,0.02,0,0.098,15,0.0092,0.0038,0.03,0.029,"HQH104790",0.002
0.004,0.0022,0,0,0.014,0.02,0,0.076,14,0.007,0.003,0.03,0.028,"HQH046210",0.002
0.007,0.0582,0,0,0.012,0.01,0,0.347,28,0.0076,0.003,0.034,0.033,"HQA121530",0
0.004,0.0358,0,0,0.019,0.02,0,0.209,28,0.0109,0.003,0.027,0.026,"HQC067740",0
0.005,0.0697,0,0,0.025,0.03,0,0.487,38,0.0116,0.0029,0.052,0.05,"HQG023490",0
0.005,0.0385,0,0,0.013,0.02,0,0.207,25,0.0097,0.0026,0.028,0.027,"HQC068750",0
0.007,0.1396,0,2,0.015,0.02,0,1.193,26,0.0128,0.0029,0.015,0.013,"HQY147560",0.001
0.004,0.0781,4,1,0.036,0.02,0,0.88,34,0.0185,0.002,0.024,0.024,"HQH123490",0.002
0.006,0.0544,0,0,0.019,0.02,0,0.354,28,0.008,0.0036,0.043,0.041,"HQY070210",0
0.006,0.0352,0,1,0.009,0.02,0,0.203,18,0.0089,0.0039,0.026,0.024,"HQY079280",0
0.005,0.0391,0,0,0.01,0.02,0,0.189,24,0.009,0.0024,0.026,0.026,"HQF024450",0
0.006,0.0021,0,0,0.015,0.02,0,0.103,17,0.01,0.0027,0.022,0.02,"HQX006240",0.001
0.005,0.002,0,0,0.011,0.02,0,0.15,12,0.0095,0.003,0.022,0.019,"HQZ113880",0.001
0.007,0.0833,1,7,0.023,0.02,0,1.08,33,0.017,0.0021,0.029,0.027,"HQB020120",0.001
0.006,0.1445,0,0,0.009,0.01,0,0.497,38,0.0069,0.0026,0.03,0.029,"HQE063020",0
0.004,0.0017,0,0,0.013,0.02,0,0.088,19,0.0097,0.0037,0.032,0.031,"HQC003230",0
0.006,0.0555,0,0,0.013,0.02,0,0.782,39,0.0097,0.0024,0.034,0.033,"HQA078190",0
0.005,0.163,0,0,0.022,0.02,0,1.094,29,0.0137,0.0039,0.028,0.027,"HQF130650",0.002
0.005,0.0384,12,0,0.012,0.01,0,0.184,18,0.0064,0.0032,0.026,0.024,"HQE120220",0
0.006,0.0014,4,0,0.057,0.02,0,0.209,19,0.043,0.008,0.038,0.036,"HQC041850",0.001
0.004,0.0355,0,0,0.017,0.02,0,0.189,16,0.0072,0.0035,0.031,0.03,"HQG128520",0
0.006,0.0398,11,0,0.015,0.01,0,0.258,25,0.0059,0.0029,0.03,0.028,"HQX093090",0
0.005,0.0388,13,0,0.021,0.02,0,0.229,17,0.0077,0.0047,0.032,0.031,"HQE124940",0
0.006,0.0355,0,0,0.009,0.02,0,0.191,14,0.0089,0.0032,0.028,0.027,"HQZ098750",0
0.006,0.0608,0,0,0.011,0.02,0,0.348,26,0.0096,0.003,0.036,0.035,"HQB134240",0
0.004,0.0399,0,0,0.013,0.02,0.01,0.19,28,0.0089,0.0024,0.023,0.022,"HQJ070860",0
0.006,0.076,2,0,0.024,0.02,0,0.888,31,0.0186,0.003,0.026,0.025,"HQZ033590",0.001
0.006,0.1222,0,0,0.022,0.02,0,1.204,36,0.012,0.0028,0.026,0.025,"HQA011030",0.001
0.005,0.0395,0,0,0.011,0.02,0,0.182,22,0.011,0.0037,0.025,0.024,"HQX057370",0
0.006,0.0387,0,0,0.008,0.02,0,0.199,15,0.0082,0.0029,0.025,0.024,"HQZ094780",0
0.006,0.0436,0,0,0.017,0.01,0,0.204,36,0.0063,0.0031,0.032,0.032,"HQF143910",0
0.005,0.0397,0,0,0.021,0.02,0,0.201,18,0.0073,0.0033,0.032,0.031,"HQH100570",0
0.004,0.1154,0,1,0.018,0.02,0,0.318,25,0.0068,0.0025,0.029,0.029,"HQG101600",0
0.006,0.0367,0,0,0.012,0.02,0,0.191,19,0.0099,0.0026,0.02,0.018,"HQA147020",0
0.005,0.0406,0,0,0.018,0.02,0,0.206,21,0.01,0.0029,0.023,0.02,"HQE100550",0
0.006,0.0756,0,0,0.013,0.02,0,0.9,28,0.0194,0.0022,0.032,0.031,"HQA027920",0.001
0.005,0.0424,0,0,0.007,0.02,0,0.206,21,0.0094,0.0031,0.026,0.024,"HQX111430",0
0.005,0.041,17,0,0.021,0.04,0,0.185,32,0.0089,0.0033,0.023,0.022,"HQF136720",0
0.006,0.0395,0,0,0.015,0.01,0,0.202,30,0.0073,0.0025,0.028,0.027,"HQB031970",0
0.005,0.054,0,0,0.027,0.02,0,0.784,47,0.0108,0.0026,0.04,0.038,"HQD102660",0
0.004,0.0385,13,2,0.018,0.02,0,0.196,17,0.0072,0.0035,0.022,0.021,"HQE003820",0
0.007,0.0184,0,2,0.011,0.02,0,0.206,11,0.0074,0.0039,0.02,0.019,"HQY126060",0
0.005,0.0187,0,0,0.012,0.02,0,0.197,14,0.0093,0.003,0.024,0.023,"HQD086820",0
0.005,0.0536,0,0,0.02,0.02,0,0.345,28,0.0104,0.0036,0.041,0.039,"HQH017640",0.001
0.006,0.0578,0,0,0.021,0.02,0,0.794,25,0.0075,0.0022,0.036,0.035,"HQA086610",0
0.005,0.0324,11,0,0.008,0.02,0,0.194,27,0.0109,0.0028,0.023,0.022,"HQD099880",0
0.005,0.0021,0,0,0.01,0.02,0,0.101,18,0.0097,0.0026,0.023,0.021,"HQZ136700",0
0.006,0.0423,0,0,0.013,0.02,0,0.195,19,0.0084,0.0035,0.026,0.025,"HQD003680",0
0.004,0.0358,0,0,0.013,0.02,0,0.191,19,0.0072,0.0034,0.029,0.029,"HQB148680",0
0.005,0.0367,0,0,0.009,0.02,0,0.175,16,0.01,0.0027,0.019,0.018,"HQD150750",0
0.005,0.0608,1,0,0.02,0.02,0,0.782,36,0.0133,0.0026,0.027,0.026,"HQB094400",0.001
0.004,0.0402,0,0,0.022,0.02,0,0.212,23,0.0096,0.003,0.039,0.037,"HQY045730",0.001
0.004,0.0549,0,0,0.012,0.02,0,0.79,31,0.0095,0.0026,0.032,0.031,"HQG118350",0.001
0.005,0.0384,0,0,0.012,0.01,0,0.179,26,0.0059,0.0028,0.02,0.018,"HQB056870",0
0.007,0.0614,0,0,0.021,0.02,0,0.81,28,0.0114,0.0029,0.028,0.027,"HQB087640",0
0.007,0.1101,0,0,0.02,0.02,0,0.474,30,0.0101,0.0034,0.03,0.029,"HQX120370",0
0.006,0.0348,0,0,0.01,0.02,0,0.201,22,0.0086,0.0032,0.024,0.023,"HQC098580",0
0.007,0.0627,0,0,0.012,0.02,0,0.771,29,0.0115,0.003,0.028,0.027,"HQB114550",0
0.008,0.0365,0,0,0.009,0.02,0,0.186,14,0.0122,0.0029,0.032,0.032,"HQE019520",0
0.005,0.0394,0,0,0.009,0.02,0,0.191,23,0.0113,0.0038,0.027,0.026,"HQG024220",0
0.005,0.0385,0,0,0.019,0.02,0,0.192,20,0.007,0.0032,0.028,0.027,"HQH037250",0
0.004,0.0499,0,0,0.015,0.02,0,0.296,31,0.0121,0.0021,0.034,0.034,"HQJ031370",0.001
0.005,0.0016,0,1,0.01,0.02,0,0.095,16,0.0097,0.0032,0.032,0.03,"HQC089030",0.001
0.004,0.0594,0,1,0.023,0.02,0,0.779,37,0.0096,0.0028,0.032,0.03,"HQB143310",0.001
0.006,0.0472,0,0,0.012,0.02,0,0.292,30,0.0107,0.0031,0.038,0.037,"HQX156970",0
0.005,0.0411,0,1,0.019,0.02,0,0.186,28,0.0084,0.0037,0.021,0.02,"HQE147490",0
0.007,0.1239,0,0,0.019,0.02,0,1.211,37,0.0108,0.003,0.022,0.02,"HQX133200",0.001
0.007,0.0024,0,0,0.028,0.02,0,0.098,19,0.0103,0.0033,0.027,0.025,"HQY133270",0.002
0.005,0.0395,0,1,0.024,0.03,0,0.199,23,0.0122,0.0035,0.018,0.017,"HQC142160",0
0.005,0.0399,0,0,0.007,0.02,0,0.176,21,0.0097,0.0022,0.029,0.028,"HQX111310",0
0.006,0.0622,0,0,0.011,0.01,0,0.794,31,0.0098,0.003,0.028,0.028,"HQF016080",0
0.005,0.0459,0,1,0.017,0.02,0,0.289,31,0.0091,0.0024,0.033,0.032,"HQE146340",0
0.005,0.0707,1,0,0.016,0.02,0,0.895,40,0.0178,0.0022,0.027,0.026,"HQY043710",0.001
0.006,0.0399,0,0,0.022,0.02,0,0.213,18,0.0075,0.0049,0.023,0.02,"HQA025080",0
0.005,0.0569,1,0,0.019,0.02,0,0.801,39,0.0138,0.003,0.025,0.024,"HQH013210",0
0.004,0.0373,0,0,0.016,0.01,0,0.168,26,0.0062,0.0034,0.022,0.022,"HQJ038980",0
0.005,0.0402,19,0,0.018,0.02,0,0.19,35,0.0105,0.0046,0.02,0.019,"HQF089220",0
0.006,0.04,0,0,0.013,0.02,0,0.194,22,0.0101,0.0039,0.031,0.031,"HQB070220",0
0.004,0.0404,0,0,0.018,0.02,0,0.188,31,0.0077,0.0031,0.034,0.034,"HQF093770",0
0.005,0.0015,0,3,0.099,0.02,0,0.142,22,0.0184,0.0101,0.034,0.033,"HQH049600",0
0.004,0.0318,0,0,0.015,0.02,0,0.196,16,0.0117,0.0033,0.032,0.03,"HQE001010",0
0.006,0.1202,0,0,0.011,0.01,0,0.328,43,0.0085,0.0023,0.026,0.025,"HQA035130",0
0.004,0.0332,0,1,0.015,0.02,0,0.189,20,0.0078,0.0037,0.035,0.033,"HQE148700",0
0.005,0.0789,3,1,0.034,0.03,0,0.896,28,0.0197,0.0027,0.036,0.035,"HQH071800",0.002
0.007,0.0023,0,0,0.013,0.02,0,0.097,16,0.0093,0.0038,0.03,0.028,"HQA101790",0.001
0.005,0.0012,7,0,0.053,0.02,0,0.189,13,0.0444,0.0093,0.041,0.04,"HQF138150",0.001
0.004,0.0375,0,0,0.01,0.02,0,0.208,28,0.008,0.0023,0.031,0.03,"HQC007170",0
0.004,0.1483,1,1,0.014,0.02,0,0.784,37,0.0085,0.002,0.024,0.022,"HQJ136190",0.001
0.007,0.1333,0,0,0.023,0.02,0,1.206,43,0.0107,0.0024,0.021,0.02,"HQY147170",0.002
0.005,0.0377,0,0,0.016,0.02,0,0.176,12,0.0108,0.0028,0.022,0.022,"HQA031740",0
0.005,0.0334,0,4,0.019,0.02,0,0.177,29,0.009,0.0043,0.027,0.026,"HQB101000",0
0.005,0.066,2,1,0.022,0.03,0,0.604,31,0.0196,0.0034,0.03,0.029,"HQH096110",0.002
0.006,0.0594,0,0,0.012,0.02,0,0.359,25,0.0084,0.0032,0.035,0.033,"HQC123750",0
0.006,0.0564,0,0,0.022,0.01,0,0.795,41,0.0078,0.0022,0.035,0.033,"HQY107370",0
0.005,0.0613,0,0,0.014,0.02,0,0.794,37,0.0088,0.0026,0.042,0.041,"HQF012770",0.001
0.005,0.0558,0,0,0.022,0.02,0,0.337,31,0.0073,0.0031,0.033,0.032,"HQZ127710",0
0.006,0.038,0,0,0.011,0.02,0,0.195,18,0.0077,0.0032,0.025,0.023,"HQZ093810",0
0.007,0.1081,0,0,0.013,0.02,0,0.447,22,0.0141,0.0026,0.021,0.02,"HQA082560",0
0.006,0.0406,0,3,0.012,0.02,0,0.207,19,0.0078,0.003,0.029,0.026,"HQX109590",0
0.004,0.002,0,0,0.014,0.01,0,0.092,19,0.0101,0.0031,0.027,0.024,"HQJ119750",0.001
0.007,0.1565,0,0,0.015,0.01,0,0.861,30,0.0093,0.0033,0.019,0.017,"HQX036310",0.001
0.005,0.1545,0,1,0.012,0.02,0,0.786,30,0.0113,0.0019,0.034,0.033,"HQF155970",0
0.004,0.1487,0,0,0.023,0.02,0.01,0.493,34,0.0087,0.0024,0.028,0.026,"HQJ149980",0
0.004,0.0047,9,2,0.098,0.02,0.06,0.57,10,0.078,0.0089,0.051,0.048,"HQF050840",0.002
0.005,0.1966,0,0,0.032,0.02,0,0.832,41,0.0088,0.0034,0.019,0.018,"HQF115680",0.001
0.005,0.0397,0,0,0.009,0.02,0,0.216,16,0.0078,0.0034,0.026,0.025,"HQA046770",0
0.006,0.0806,2,1,0.027,0.02,0,0.911,30,0.0198,0.0031,0.024,0.024,"HQZ089070",0.002
0.005,0.0368,0,0,0.009,0.02,0,0.197,15,0.0079,0.0029,0.022,0.022,"HQC069740",0
0.005,0.0368,0,0,0.012,0.02,0,0.141,18,0.0083,0.0033,0.022,0.021,"HQZ167130",0
0.005,0.0562,0,0,0.021,0.02,0,0.797,31,0.012,0.0027,0.043,0.041,"HQH087310",0.001
0.007,0.121,0,0,0.01,0.02,0,0.439,31,0.0097,0.0021,0.03,0.029,"HQX033690",0.001
0.004,0.1638,0,0,0.018,0.02,0,0.505,23,0.0116,0.0034,0.023,0.022,"HQG046440",0.001
0.006,0.0329,0,2,0.015,0.02,0,0.211,27,0.0115,0.0018,0.033,0.031,"HQY065960",0.001
0.005,0.1155,0,2,0.022,0.02,0,0.495,29,0.0095,0.003,0.03,0.028,"HQE155340",0
0.007,0.0379,0,1,0.02,0.02,0,0.199,27,0.0106,0.0038,0.022,0.019,"HQA151440",0.001
0.004,0.0383,0,0,0.018,0.02,0,0.187,22,0.0096,0.0031,0.029,0.025,"HQF144400",0
0.004,0.191,0,0,0.016,0.02,0,0.445,27,0.0096,0.0023,0.034,0.032,"HQJ142210",0
0.005,0.0382,0,0,0.008,0.02,0,0.187,19,0.009,0.0042,0.022,0.021,"HQD154770",0
0.007,0.034,0,0,0.011,0.02,0,0.187,33,0.0071,0.0021,0.028,0.027,"HQY139500",0
0.004,0.048,0,0,0.026,0.02,0,0.305,30,0.0108,0.0039,0.035,0.034,"HQF037630",0
0.004,0.0016,5,0,0.052,0.02,0,0.199,19,0.0447,0.0083,0.036,0.034,"HQG059310",0
0.006,0.0378,0,0,0.009,0.02,0,0.182,14,0.0104,0.0037,0.022,0.021,"HQB094710",0
0.006,0.0349,0,1,0.024,0.02,0,0.208,22,0.0108,0.002,0.025,0.021,"HQC106320",0
0.006,0.061,0,1,0.01,0.02,0,0.803,32,0.0113,0.0017,0.039,0.038,"HQX043820",0.001
0.004,0.032,0,0,0.015,0.02,0,0.195,22,0.0067,0.0032,0.026,0.025,"HQG128350",0
0.007,0.1391,0,0,0.012,0.02,0,0.858,30,0.0096,0.0026,0.024,0.022,"HQZ004160",0.001
0.005,0.0381,0,0,0.012,0.02,0,0.193,20,0.0066,0.004,0.021,0.018,"HQX160100",0
0.005,0.0305,0,1,0.015,0.02,0,0.186,40,0.0083,0.003,0.031,0.03,"HQJ021810",0
0.007,0.0679,3,0,0.019,0.02,0,0.601,30,0.0185,0.0024,0.035,0.033,"HQX153000",0
0.005,0.0016,0,0,0.011,0.02,0,0.094,15,0.0096,0.0036,0.032,0.03,"HQH060160",0.001
0.004,0.0014,5,0,0.05,0.02,0,0.193,18,0.047,0.0092,0.034,0.033,"HQH020950",0.001
0.006,0.0598,0,0,0.012,0.02,0,0.34,32,0.0058,0.0035,0.04,0.038,"HQX134760",0
0.004,0.0021,0,0,0.024,0.02,0,0.092,18,0.0106,0.0033,0.025,0.023,"HQJ144580",0.001
0.005,0.0367,0,0,0.012,0.02,0,0.208,18,0.0082,0.0033,0.024,0.024,"HQC016250",0
0.006,0.1222,0,0,0.022,0.02,0,1.204,36,0.012,0.0028,0.026,0.025,"HQA010990",0.001
0.005,0.0372,0,4,0.011,0.02,0,0.192,27,0.0088,0.0026,0.022,0.022,"HQD124130",0
0.005,0.0041,11,1,0.1,0.03,0.06,0.608,18,0.0817,0.0095,0.049,0.047,"HQG057180",0.002
0.006,0.0023,0,0,0.013,0.02,0,0.145,22,0.0099,0.0039,0.023,0.021,"HQY016870",0.001
0.005,0.0426,0,0,0.008,0.02,0,0.194,18,0.0082,0.0032,0.022,0.021,"HQD121990",0
0.006,0.1161,0,0,0.017,0.03,0,0.457,32,0.0174,0.003,0.024,0.023,"HQX076380",0.001
0.005,0.0295,0,0,0.009,0.01,0,0.19,13,0.0073,0.0034,0.032,0.029,"HQF152050",0
0.004,0.0378,11,0,0.021,0.02,0,0.206,21,0.005,0.0029,0.02,0.019,"HQF096100",0
0.007,0.053,0,1,0.013,0.02,0,0.354,23,0.0078,0.0028,0.034,0.032,"HQA111660",0.001
0.004,0.0359,0,0,0.02,0.03,0,0.192,15,0.0085,0.0033,0.022,0.019,"HQG104350",0
0.005,0.1883,0,0,0.031,0.02,0,0.895,35,0.014,0.0033,0.014,0.012,"HQD103280",0.001
0.005,0.068,0,1,0.011,0.03,0,0.487,31,0.0154,0.0038,0.048,0.046,"HQD135310",0
0.006,0.0374,0,0,0.01,0.01,0,0.219,19,0.0066,0.003,0.03,0.029,"HQB071390",0
0.006,0.1944,0,0,0.011,0.02,0,0.454,33,0.0126,0.0019,0.048,0.046,"HQE022920",0
0.004,0.0333,0,0,0.009,0.02,0,0.197,15,0.009,0.0034,0.026,0.024,"HQD154540",0
0.004,0.044,12,0,0.01,0.01,0,0.186,18,0.0074,0.0032,0.03,0.029,"HQH157560",0
0.004,0.0185,0,0,0.012,0.02,0,0.173,18,0.0063,0.003,0.022,0.021,"HQG111820",0
0.004,0.0354,0,0,0.017,0.02,0,0.179,19,0.0094,0.0037,0.027,0.025,"HQG115820",0
0.006,0.0366,0,1,0.012,0.02,0,0.135,19,0.0063,0.0032,0.023,0.022,"HQX159620",0
0.005,0.0586,0,0,0.019,0.02,0,0.35,25,0.0104,0.003,0.041,0.04,"HQF077330",0
0.003,0.0333,0,0,0.02,0.02,0,0.2,13,0.0074,0.003,0.019,0.018,"HQC009270",0
0.006,0.0371,0,1,0.015,0.02,0.01,0.182,16,0.0107,0.0029,0.024,0.023,"HQE025070",0
0.004,0.0347,0,1,0.02,0.02,0,0.196,21,0.0069,0.0039,0.024,0.023,"HQF075240",0
0.006,0.071,1,0,0.01,0.01,0,0.489,36,0.0066,0.0033,0.044,0.043,"HQE084930",0.001
0.004,0.0444,0,0,0.022,0.02,0,0.199,16,0.0148,0.0041,0.028,0.026,"HQJ042730",0
0.006,0.041,0,0,0.012,0.02,0,0.175,19,0.01,0.0027,0.031,0.03,"HQD011180",0.001
0.005,0.0573,0,0,0.013,0.02,0,0.799,33,0.0107,0.0022,0.034,0.033,"HQF033090",0.001
0.005,0.0681,0,0,0.014,0.03,0,0.242,105,0.0054,0.0021,0.03,0.028,"HQG030020",0
0.006,0.0434,0,0,0.012,0.02,0,0.196,22,0.0079,0.0036,0.02,0.019,"HQY017030",0
0.005,0.1466,0,1,0.011,0.02,0,0.488,26,0.0095,0.0026,0.028,0.028,"HQJ150970",0
0.004,0.0392,0,0,0.009,0.02,0,0.195,14,0.0091,0.0029,0.029,0.028,"HQD155200",0
0.005,0.0403,0,0,0.022,0.02,0,0.193,17,0.0078,0.0036,0.022,0.021,"HQB131540",0
0.006,0.1425,1,1,0.03,0.03,0,0.901,29,0.0136,0.0031,0.024,0.023,"HQE073600",0.001
0.004,0.0808,3,0,0.021,0.03,0,0.913,28,0.0201,0.0028,0.028,0.027,"HQJ163920",0.001
0.005,0.1415,0,1,0.023,0.02,0,0.774,36,0.01,0.0024,0.024,0.023,"HQG024530",0.001
0.004,0.0393,0,1,0.024,0.02,0,0.188,22,0.0117,0.0029,0.027,0.026,"HQH145130",0.001
0.007,0.0639,2,0,0.011,0.02,0,0.596,25,0.0185,0.0028,0.025,0.024,"HQB057890",0.001
0.005,0.0416,17,0,0.02,0.02,0,0.123,12,0.0099,0.0037,0.021,0.021,"HQE042600",0
0.006,0.0775,1,0,0.017,0.02,0,0.912,31,0.0189,0.0027,0.024,0.02,"HQC123210",0.001
0.005,0.039,0,0,0.013,0.02,0,0.192,27,0.0096,0.003,0.032,0.03,"HQY067060",0
0.005,0.0395,0,0,0.007,0.02,0,0.2,14,0.0135,0.0032,0.027,0.026,"HQF064420",0
0.005,0.0354,0,0,0.026,0.02,0,0.177,22,0.0085,0.0035,0.02,0.018,"HQX002680",0
0.004,0.0749,0,0,0.016,0.01,0,0.459,30,0.0098,0.0021,0.031,0.029,"HQJ144800",0
0.006,0.0023,0,0,0.092,0.02,0,0.155,18,0.0189,0.0098,0.03,0.028,"HQY008250",0
0.006,0.0021,0,1,0.013,0.02,0,0.106,12,0.0116,0.0039,0.029,0.028,"HQE092120",0.001
0.004,0.0404,1,0,0.023,0.03,0,0.182,19,0.0093,0.004,0.032,0.031,"HQJ059540",0
0.005,0.0404,0,0,0.017,0.02,0,0.2,19,0.0068,0.0038,0.021,0.02,"HQZ017050",0
0.004,0.0317,0,0,0.01,0.01,0,0.168,19,0.0047,0.0028,0.023,0.022,"HQF104930",0
0.006,0.1273,0,0,0.016,0.02,0,0.303,25,0.011,0.0035,0.018,0.017,"HQA003240",0.001
0.005,0.0604,0,1,0.022,0.02,0,0.774,30,0.0098,0.0025,0.031,0.03,"HQG000150",0
0.004,0.131,0,0,0.024,0.02,0,0.885,25,0.0099,0.0035,0.017,0.017,"HQB145290",0
0.005,0.0388,0,0,0.019,0.02,0,0.211,18,0.0107,0.004,0.033,0.03,"HQY101630",0
0.006,0.0407,11,0,0.012,0.02,0,0.25,13,0.006,0.0031,0.032,0.03,"HQA009480",0
0.004,0.1798,0,1,0.034,0.01,0,0.752,35,0.0083,0.0039,0.032,0.03,"HQG093110",0.001
0.005,0.0562,0,0,0.021,0.02,0,0.797,31,0.012,0.0027,0.043,0.041,"HQH087300",0.001
0.007,0.0784,4,1,0.014,0.02,0,0.89,35,0.0188,0.0033,0.029,0.029,"HQA101910",0.001
0.005,0.0362,0,0,0.015,0.02,0,0.186,20,0.008,0.0034,0.023,0.022,"HQD105770",0
0.004,0.072,1,0,0.012,0.02,0,0.606,33,0.0195,0.0023,0.034,0.034,"HQJ036300",0.002
0.006,0.0021,0,1,0.02,0.02,0,0.095,17,0.0101,0.0039,0.026,0.024,"HQX079080",0.001
0.004,0.035,0,0,0.02,0.02,0,0.191,24,0.0085,0.003,0.035,0.034,"HQG102080",0
0.005,0.0016,0,2,0.015,0.02,0,0.094,16,0.0098,0.0039,0.031,0.028,"HQC117250",0.001
0.007,0.0779,4,1,0.015,0.02,0,0.903,32,0.0185,0.0022,0.034,0.034,"HQA102330",0.002
0.005,0.178,0,1,0.015,0.02,0,0.476,27,0.0092,0.0031,0.019,0.018,"HQX139310",0
0.006,0.0678,0,0,0.033,0.03,0,0.481,29,0.0141,0.0031,0.045,0.044,"HQC105200",0
0.005,0.123,0,0,0.014,0.02,0,0.291,20,0.0096,0.0027,0.021,0.021,"HQH022730",0.001
0.004,0.0395,0,0,0.011,0.01,0,0.198,17,0.0064,0.0031,0.022,0.021,"HQH045570",0
0.005,0.0377,0,0,0.019,0.02,0,0.207,24,0.0084,0.0036,0.033,0.032,"HQY095670",0
0.006,0.0404,0,0,0.008,0.02,0,0.191,23,0.0124,0.0028,0.022,0.018,"HQX026950",0
0.004,0.0381,0,0,0.024,0.02,0,0.189,25,0.0096,0.0028,0.031,0.029,"HQH136440",0
0.006,0.0566,0,0,0.01,0.01,0,0.34,31,0.0077,0.0025,0.044,0.042,"HQA043420",0
0.006,0.0497,0,0,0.009,0.02,0,0.318,19,0.008,0.0039,0.023,0.021,"HQZ032230",0
0.004,0.0557,0,0,0.015,0.02,0,0.338,31,0.0074,0.0032,0.034,0.033,"HQE126350",0.001
0.006,0.0401,0,0,0.013,0.02,0,0.193,18,0.0091,0.0035,0.021,0.019,"HQX034010",0
0.005,0.0754,4,1,0.018,0.02,0,1.093,28,0.0203,0.0042,0.03,0.029,"HQE132390",0.002
0.006,0.0429,0,1,0.01,0.02,0,0.209,20,0.0097,0.0033,0.02,0.018,"HQX069470",0
0.006,0.0188,0,2,0.008,0.02,0,0.193,15,0.0078,0.0027,0.023,0.022,"HQD016300",0
0.006,0.0379,0,0,0.016,0.02,0,0.191,20,0.0071,0.0028,0.016,0.015,"HQZ166940",0
0.007,0.0301,0,0,0.017,0.01,0,0.211,20,0.0072,0.0035,0.016,0.014,"HQX018300",0
0.006,0.0593,0,8,0.012,0.03,0,0.769,35,0.0102,0.0024,0.026,0.025,"HQA029460",0
0.006,0.0392,0,2,0.013,0.02,0,0.205,17,0.0067,0.0036,0.023,0.021,"HQA136910",0
0.007,0.0016,5,1,0.054,0.02,0,0.196,17,0.0419,0.0081,0.038,0.035,"HQY158650",0
0.006,0.1209,0,0,0.011,0.02,0,0.31,29,0.0096,0.0028,0.014,0.013,"HQA003230",0
0.006,0.0584,0,0,0.016,0.02,0,0.792,33,0.0096,0.0031,0.029,0.028,"HQE062870",0
0.007,0.0745,1,1,0.013,0.02,0,1.284,36,0.0076,0.0022,0.021,0.019,"HQA104530",0.001
0.006,0.0602,0,0,0.018,0.02,0,0.798,34,0.011,0.0027,0.029,0.028,"HQB008520",0.001
0.006,0.1468,0,0,0.017,0.02,0,0.786,41,0.0109,0.0031,0.022,0.02,"HQX079580",0.001
0.005,0.0365,0,0,0.018,0.02,0,0.196,26,0.0115,0.0032,0.023,0.022,"HQH105880",0.001
0.005,0.1349,0,1,0.009,0.02,0,0.932,33,0.0114,0.002,0.019,0.018,"HQZ135720",0.001
0.004,0.0405,0,0,0.016,0.02,0,0.2,18,0.0102,0.0032,0.025,0.024,"HQJ057310",0
0.005,0.0382,0,0,0.014,0.02,0,0.202,15,0.0086,0.0032,0.03,0.028,"HQH112660",0
0.004,0.0445,0,0,0.007,0.01,0,0.299,12,0.0087,0.0032,0.029,0.025,"HQE020650",0
0.002,0.0456,0,0,0.008,0.01,0,0.3,33,0.0077,0.0021,0.034,0.033,"HQY050600",0
0.006,0.0361,0,0,0.01,0.02,0,0.193,19,0.0087,0.0028,0.027,0.026,"HQB130190",0
0.006,0.0425,0,0,0.02,0.02,0,0.195,22,0.0079,0.0036,0.036,0.035,"HQC127390",0
0.004,0.0392,0,0,0.015,0.02,0,0.198,17,0.0086,0.0033,0.021,0.018,"HQF099030",0
0.006,0.0573,0,0,0.014,0.02,0,0.356,31,0.0071,0.0028,0.031,0.029,"HQA099750",0
0.006,0.1007,0,0,0.012,0.01,0,0.678,31,0.0083,0.0024,0.022,0.022,"HQA032300",0
0.006,0.0602,0,0,0.01,0.01,0,0.297,25,0.0057,0.003,0.024,0.022,"HQZ070880",0
0.005,0.0015,0,0,0.018,0.02,0,0.07,13,0.0085,0.0034,0.034,0.034,"HQG045300",0.002
0.006,0.0459,0,0,0.018,0.02,0,0.287,20,0.0093,0.003,0.018,0.017,"HQX046370",0
0.005,0.0371,0,0,0.02,0.02,0,0.184,17,0.0077,0.003,0.02,0.019,"HQC069020",0
0.007,0.041,0,0,0.017,0.01,0,0.207,30,0.0049,0.0043,0.024,0.022,"HQY156510",0
0.005,0.039,0,0,0.013,0.02,0,0.192,27,0.0096,0.003,0.032,0.03,"HQY067200",0
0.006,0.0195,0,6,0.01,0.02,0,0.194,16,0.0074,0.0092,0.023,0.021,"HQD047140",0
0.006,0.036,0,0,0.014,0.02,0,0.188,28,0.009,0.0031,0.03,0.029,"HQA133200",0
0.006,0.0397,12,0,0.014,0.02,0,0.181,22,0.0091,0.0028,0.023,0.022,"HQG000390",0
0.007,0.0021,0,0,0.011,0.02,0,0.097,12,0.0104,0.0035,0.029,0.027,"HQA144180",0.001
0.005,0.002,14,0,0.06,0.06,0,0.539,13,0.015,0.0031,0.025,0.021,"HQD100010",0.001
0.005,0.0411,0,0,0.015,0.02,0,0.193,13,0.0115,0.0034,0.022,0.021,"HQF000280",0
0.006,0.0425,0,0,0.018,0.03,0,0.195,24,0.0086,0.0034,0.022,0.022,"HQD065700",0
0.005,0.039,0,1,0.012,0.02,0,0.206,17,0.0073,0.0034,0.023,0.021,"HQY092640",0
0.006,0.0018,0,0,0.034,0.02,0,0.099,20,0.0087,0.0045,0.023,0.02,"HQX084180",0.001
0.004,0.0412,0,0,0.012,0.02,0,0.198,16,0.0101,0.0033,0.026,0.024,"HQJ011640",0
0.005,0.0377,0,0,0.019,0.02,0,0.207,24,0.0084,0.0036,0.033,0.032,"HQY095620",0
0.005,0.0405,0,0,0.008,0.01,0,0.212,18,0.0078,0.0028,0.027,0.025,"HQX114310",0
0.004,0.0018,0,0,0.01,0.02,0,0.113,12,0.0087,0.0033,0.028,0.024,"HQE003170",0.002
0.004,0.1186,0,0,0.013,0.01,0,0.47,30,0.0112,0.0021,0.022,0.021,"HQJ156930",0
0.004,0.0346,0,1,0.012,0.02,0,0.186,25,0.0074,0.0031,0.02,0.019,"HQD128980",0
0.004,0.0603,0,1,0.028,0.03,0,0.803,32,0.0116,0.0022,0.041,0.04,"HQJ140630",0.001
0.004,0.0024,0,0,0.008,0.02,0,0.071,26,0.0069,0.0034,0.03,0.03,"HQG072530",0.002
0.007,0.0442,12,0,0.011,0.02,0,0.202,20,0.0115,0.0041,0.023,0.022,"HQA099180",0
0.005,0.1226,0,0,0.011,0.02,0,0.507,30,0.01,0.0026,0.021,0.02,"HQD127770",0
0.004,0.0193,0,0,0.018,0.02,0,0.145,17,0.0084,0.0031,0.036,0.034,"HQG036650",0
0.005,0.0411,0,2,0.011,0.02,0,0.255,18,0.0088,0.0033,0.035,0.033,"HQF017350",0
0.008,0.0398,0,0,0.022,0.02,0,0.194,31,0.0088,0.0041,0.03,0.029,"HQD032230",0
0.004,0.0407,0,0,0.017,0.02,0,0.188,26,0.0101,0.003,0.025,0.022,"HQJ021340",0
0.005,0.065,0,0,0.018,0.02,0,0.491,28,0.0083,0.0039,0.053,0.052,"HQG164950",0
0.007,0.0582,0,0,0.012,0.01,0,0.347,28,0.0076,0.003,0.034,0.033,"HQA121340",0
0.005,0.001,6,0,0.01,0.02,0,0.688,16,0.0586,0.0035,0.034,0.032,"HQE116480",0.002
0.006,0.185,0,0,0.022,0.02,0,0.406,51,0.01,0.0023,0.032,0.03,"HQF006020",0.001
0.004,0.0346,0,0,0.01,0.02,0,0.19,22,0.0064,0.0031,0.03,0.028,"HQG012140",0
0.005,0.1251,0,0,0.013,0.02,0,0.884,29,0.0131,0.0019,0.017,0.016,"HQG140350",0.001
0.005,0.0353,12,4,0.012,0.01,0,0.181,15,0.0051,0.0033,0.034,0.033,"HQE033600",0
0.005,0.0404,0,1,0.01,0.02,0,0.183,27,0.0082,0.0034,0.034,0.033,"HQC083500",0
0.005,0.15,0,0,0.024,0.02,0,0.459,23,0.0097,0.003,0.018,0.016,"HQE041820",0.001
0.006,0.1204,0,0,0.021,0.02,0,0.356,29,0.0096,0.0032,0.022,0.022,"HQC110780",0
0.005,0.0407,0,0,0.016,0.02,0,0.201,14,0.008,0.0033,0.027,0.026,"HQC026290",0
0.004,0.0422,0,0,0.02,0.01,0,0.314,42,0.0058,0.0034,0.032,0.03,"HQE129870",0
0.005,0.0019,0,0,0.009,0.02,0,0.094,14,0.0089,0.0032,0.028,0.027,"HQZ151860",0
0.005,0.0371,0,0,0.02,0.01,0,0.222,36,0.0064,0.0043,0.027,0.026,"HQX145110",0
0.005,0.0781,5,2,0.014,0.02,0,0.894,37,0.0194,0.0024,0.028,0.028,"HQE139610",0.001
0.004,0.0184,0,0,0.009,0.02,0,0.177,22,0.0075,0.0026,0.021,0.02,"HQD127130",0
0.006,0.0015,0,0,0.01,0.02,0,0.08,16,0.0089,0.0038,0.037,0.035,"HQC136450",0.002
0.004,0.0311,0,1,0.016,0.02,0,0.188,22,0.0074,0.0031,0.019,0.017,"HQC007450",0
0.004,0.035,0,0,0.014,0.01,0,0.193,16,0.0057,0.0031,0.027,0.026,"HQG163870",0
0.006,0.019,0,0,0.016,0.02,0,0.201,19,0.0073,0.0041,0.016,0.014,"HQZ116100",0
0.004,0.0367,0,2,0.018,0.05,0,0.139,21,0.0068,0.0031,0.032,0.026,"HQG070350",0
0.004,0.0191,0,0,0.023,0.02,0,0.14,16,0.0089,0.0037,0.023,0.022,"HQJ141680",0
0.006,0.0419,0,0,0.008,0.02,0,0.198,20,0.0072,0.0027,0.025,0.024,"HQD029620",0
0.006,0.0393,0,0,0.015,0.02,0,0.192,12,0.008,0.0034,0.019,0.018,"HQZ097780",0
0.005,0.0018,0,1,0.098,0.02,0,0.141,14,0.0198,0.0086,0.033,0.032,"HQF078960",0
0.005,0.0593,0,0,0.014,0.02,0,0.79,31,0.0094,0.0024,0.032,0.031,"HQB088250",0
0.006,0.0386,1,0,0.009,0.02,0,0.191,14,0.0087,0.0032,0.026,0.023,"HQA064380",0
0.004,0.0405,0,0,0.009,0.02,0,0.192,15,0.0083,0.0031,0.026,0.025,"HQH123830",0
0.005,0.0019,0,0,0.018,0.02,0,0.146,19,0.0088,0.0035,0.034,0.032,"HQZ113700",0.001
0.005,0.1812,0,0,0.018,0.02,0,0.834,28,0.0115,0.0031,0.018,0.017,"HQZ152150",0
0.006,0.1805,0,0,0.026,0.03,0,0.443,18,0.0131,0.0037,0.024,0.023,"HQE078660",0.001
0.007,0.041,0,5,0.015,0.02,0,0.201,20,0.0053,0.004,0.029,0.027,"HQY156670",0
0.005,0.175,0,0,0.013,0.02,0,0.445,25,0.0104,0.0025,0.033,0.031,"HQE147100",0
0.005,0.1543,0,1,0.016,0.02,0,0.873,30,0.0098,0.0036,0.029,0.027,"HQX103760",0.001
0.006,0.0183,14,0,0.009,0.01,0,0.152,16,0.0068,0.0029,0.018,0.017,"HQA071430",0
0.005,0.0386,0,0,0.013,0.02,0,0.192,18,0.009,0.0029,0.029,0.028,"HQF157440",0
0.005,0.0016,0,0,0.019,0.03,0,0.075,12,0.0092,0.0038,0.035,0.035,"HQF078810",0.001
0.006,0.039,0,0,0.011,0.02,0,0.201,16,0.0089,0.0031,0.043,0.042,"HQA065360",0
0.005,0.0573,0,1,0.018,0.02,0,0.348,26,0.0063,0.003,0.039,0.038,"HQH103600",0
0.006,0.0632,0,84,0.024,0.02,0,0.797,32,0.0123,0.003,0.035,0.033,"HQX026760",0.002
0.005,0.0014,0,0,0.021,0.02,0,0.065,14,0.0082,0.003,0.031,0.03,"HQC021150",0.002
0.005,0.039,0,1,0.017,0.02,0,0.198,16,0.0092,0.0036,0.019,0.018,"HQB032130",0
0.006,0.0377,0,0,0.018,0.02,0,0.201,16,0.0093,0.003,0.024,0.023,"HQA071070",0
0.004,0.0358,0,0,0.013,0.02,0,0.191,19,0.0072,0.0034,0.029,0.029,"HQB148660",0
0.006,0.0321,0,0,0.021,0.02,0,0.195,29,0.0107,0.0033,0.035,0.032,"HQE110710",0
0.006,0.1463,0,0,0.022,0.02,0,0.479,31,0.0126,0.0024,0.025,0.023,"HQG032200",0.001
0.007,0.0752,1,1,0.031,0.02,0,0.597,39,0.0182,0.0028,0.03,0.029,"HQD020200",0.001
0.005,0.0576,0,0,0.014,0.02,0,0.339,21,0.0094,0.0028,0.037,0.036,"HQZ127200",0.001
0.005,0.027,0,0,0.012,0.02,0,0.188,39,0.0085,0.0029,0.033,0.032,"HQD123510",0
0.005,0.0348,0,0,0.025,0.02,0,0.201,16,0.0088,0.0031,0.027,0.026,"HQG136890",0
0.006,0.0394,0,1,0.013,0.02,0,0.168,23,0.0092,0.0035,0.024,0.023,"HQX126710",0
0.005,0.0795,3,2,0.012,0.03,0,0.895,33,0.0191,0.0021,0.027,0.026,"HQD109790",0.001
0.006,0.0392,0,0,0.017,0.02,0,0.211,19,0.0078,0.0038,0.026,0.024,"HQX057050",0
0.004,0.0317,0,0,0.013,0.02,0,0.192,23,0.0069,0.0023,0.024,0.023,"HQB151160",0
0.005,0.04,0,0,0.02,0.02,0,0.192,21,0.0078,0.0039,0.026,0.024,"HQX056860",0
0.006,0.0387,0,0,0.02,0.02,0,0.192,19,0.0073,0.0041,0.027,0.025,"HQB003990",0
0.006,0.0308,0,0,0.009,0.02,0,0.204,12,0.0093,0.003,0.029,0.028,"HQE069500",0
0.007,0.1334,0,2,0.012,0.02,0,1.184,33,0.0109,0.002,0.016,0.014,"HQY109610",0.001
0.005,0.0383,0,0,0.019,0.02,0,0.194,26,0.007,0.0031,0.025,0.024,"HQC041560",0
0.004,0.0696,0,0,0.012,0.02,0,0.493,33,0.0123,0.003,0.041,0.039,"HQJ002250",0
0.005,0.0381,0,0,0.012,0.02,0,0.197,11,0.0081,0.0032,0.025,0.025,"HQE030210",0
0.005,0.002,0,2,0.012,0.02,0,0.071,12,0.0099,0.0034,0.03,0.028,"HQA011130",0.002
0.006,0.0018,0,0,0.032,0.03,0,0.135,15,0.0103,0.0033,0.033,0.032,"HQC142930",0.002
0.005,0.0344,0,0,0.012,0.02,0,0.19,15,0.0098,0.0033,0.029,0.027,"HQE058060",0
0.005,0.0349,0,0,0.008,0.02,0,0.184,16,0.0068,0.0036,0.024,0.023,"HQZ148510",0
0.005,0.0361,0,0,0.018,0.02,0,0.196,16,0.01,0.0033,0.032,0.031,"HQC030700",0
0.006,0.0604,0,0,0.019,0.03,0,0.799,29,0.0095,0.0024,0.033,0.032,"HQZ094440",0.001
0.004,0.1157,0,1,0.022,0.01,0,0.293,27,0.0089,0.003,0.02,0.019,"HQG076110",0
0.005,0.0344,0,0,0.01,0.02,0,0.193,16,0.0087,0.0028,0.025,0.021,"HQG027720",0
0.006,0.0014,0,0,0.018,0.02,0,0.091,11,0.0107,0.0041,0.024,0.022,"HQA006080",0.001
0.004,0.04,0,2,0.02,0.02,0,0.199,30,0.0064,0.003,0.025,0.021,"HQE045340",0
0.004,0.0372,1,0,0.023,0.02,0,0.19,22,0.0075,0.0034,0.02,0.019,"HQJ028390",0
0.006,0.0791,2,0,0.027,0.02,0,0.897,33,0.0202,0.0021,0.024,0.023,"HQX006860",0.001
0.004,0.0387,0,0,0.01,0.01,0,0.202,17,0.0064,0.0029,0.021,0.019,"HQY046470",0
0.004,0.0184,0,1,0.02,0.02,0,0.183,17,0.006,0.003,0.027,0.025,"HQH049150",0
0.006,0.0338,0,0,0.009,0.02,0,0.199,21,0.0114,0.0032,0.026,0.023,"HQY046130",0.001
0.004,0.1375,1,16,0.023,0.02,0,1.181,23,0.0111,0.0027,0.026,0.025,"HQJ060500",0.001
0.004,0.0381,19,0,0.015,0.02,0,0.188,18,0.0097,0.0037,0.023,0.022,"HQH005910",0
0.004,0.0461,0,0,0.007,0.01,0,0.282,22,0.0097,0.0036,0.024,0.023,"HQF027780",0
0.005,0.0474,0,0,0.009,0.02,0,0.142,17,0.0061,0.0031,0.018,0.017,"HQC085210",0
0.005,0.0756,0,0,0.032,0.02,0,0.908,31,0.0207,0.004,0.026,0.022,"HQF148780",0.001
0.004,0.044,0,0,0.019,0.02,0,0.185,16,0.0079,0.0042,0.024,0.023,"HQH074720",0
0.005,0.0416,0,0,0.02,0.06,0,0.185,32,0.0099,0.003,0.037,0.036,"HQH115420",0
0.004,0.0358,0,0,0.019,0.02,0,0.209,28,0.0109,0.003,0.027,0.026,"HQC067730",0
0.005,0.1437,0,0,0.014,0.02,0,0.468,30,0.0086,0.003,0.025,0.025,"HQD131060",0
0.007,0.0595,0,0,0.022,0.03,0,0.792,33,0.0096,0.0024,0.033,0.032,"HQA086690",0
0.005,0.0374,12,0,0.021,0.02,0,0.242,27,0.0088,0.0029,0.039,0.037,"HQE124720",0
0.006,0.0028,18,0,0.059,0.07,0,0.548,28,0.0133,0.0029,0.016,0.015,"HQA160150",0.001
0.004,0.0364,0,0,0.021,0.02,0,0.195,19,0.01,0.0041,0.02,0.019,"HQF049560",0
0.005,0.0024,0,0,0.009,0.02,0,0.142,17,0.0108,0.0035,0.022,0.022,"HQE003240",0.004
0.004,0.0409,0,0,0.012,0.02,0,0.19,14,0.0067,0.0041,0.032,0.03,"HQC084990",0
0.005,0.0552,0,0,0.013,0.02,0,0.293,23,0.0103,0.0025,0.033,0.032,"HQA068750",0
0.005,0.0016,0,0,0.021,0.02,0,0.095,13,0.01,0.0034,0.033,0.031,"HQE127590",0.002
0.004,0.0834,0,0,0.011,0.02,0,0.311,26,0.0101,0.0042,0.038,0.037,"HQF022930",0.001
0.006,0.0215,0,0,0.023,0.03,0,0.193,15,0.0114,0.0044,0.029,0.027,"HQE085210",0
0.005,0.0369,0,1,0.016,0.02,0,0.193,19,0.0073,0.0038,0.018,0.015,"HQZ035760",0
0.006,0.0022,0,0,0.01,0.02,0,0.094,20,0.0093,0.0026,0.033,0.032,"HQA135960",0.001
0.005,0.0019,0,0,0.018,0.02,0,0.092,14,0.0102,0.0035,0.031,0.03,"HQG156580",0.001
0.006,0.0012,0,3,0.018,0.02,0,0.068,19,0.0094,0.0045,0.038,0.034,"HQY095530",0.001
0.007,0.0011,0,1,0.021,0.02,0,0.078,18,0.009,0.0031,0.03,0.028,"HQX159000",0.002
0.007,0.0414,0,0,0.018,0.02,0,0.146,12,0.0061,0.0037,0.019,0.018,"HQA162570",0
0.006,0.0365,0,1,0.01,0.02,0,0.178,18,0.0069,0.0034,0.018,0.016,"HQZ094570",0
0.007,0.0209,0,0,0.019,0.02,0,0.193,19,0.0107,0.0098,0.024,0.023,"HQZ000050",0
0.005,0.0343,0,0,0.018,0.02,0,0.198,17,0.0123,0.0038,0.018,0.017,"HQF149550",0
0.005,0.0401,0,0,0.017,0.02,0,0.184,16,0.0067,0.0035,0.03,0.03,"HQG012560",0
0.007,0.0195,0,0,0.011,0.03,0,0.195,18,0.0076,0.0033,0.022,0.021,"HQY151220",0
0.004,0.0461,0,0,0.007,0.01,0,0.282,22,0.0097,0.0036,0.024,0.023,"HQF027810",0
0.005,0.0416,13,0,0.011,0.02,0,0.226,11,0.0081,0.0038,0.031,0.031,"HQF086700",0
0.004,0.0384,0,0,0.019,0.02,0,0.185,13,0.0075,0.0033,0.024,0.023,"HQF101280",0
0.007,0.0433,12,0,0.019,0.02,0,0.204,21,0.0088,0.0033,0.025,0.024,"HQX056060",0
0.004,0.0382,0,0,0.014,0.02,0,0.188,22,0.0084,0.0027,0.022,0.02,"HQJ151360",0
0.006,0.0015,0,2,0.012,0.02,0,0.08,20,0.0103,0.0036,0.029,0.026,"HQY034180",0.001
0.004,0.0527,0,0,0.012,0.02,0,0.788,44,0.0114,0.002,0.038,0.037,"HQJ135750",0
0.005,0.0377,16,0,0.014,0.02,0,0.177,14,0.0103,0.0034,0.021,0.019,"HQZ071430",0
0.004,0.0421,0,0,0.011,0.01,0,0.284,37,0.0074,0.0025,0.029,0.028,"HQF027660",0
0.005,0.0016,0,0,0.011,0.02,0,0.109,18,0.0092,0.0034,0.024,0.024,"HQD103070",0.001
0.004,0.0327,0,0,0.015,0.02,0,0.213,26,0.0089,0.0029,0.023,0.022,"HQD128400",0
0.004,0.0365,0,3,0.012,0.01,0,0.198,12,0.0064,0.0035,0.02,0.019,"HQF053760",0
0.006,0.0392,0,0,0.02,0.01,0,0.204,19,0.0082,0.0042,0.027,0.025,"HQF001760",0
0.006,0.076,2,0,0.024,0.02,0,0.888,31,0.0186,0.003,0.026,0.025,"HQZ033210",0.001
0.007,0.0678,2,0,0.017,0.02,0.01,0.869,35,0.0105,0.0023,0.036,0.032,"HQD015670",0.002
0.005,0.002,0,0,0.01,0.01,0,0.099,16,0.0099,0.0024,0.024,0.023,"HQB036270",0.001
0.004,0.1258,0,1,0.024,0.02,0,0.297,23,0.0098,0.0027,0.03,0.029,"HQH022810",0.001
0.003,0.0022,0,0,0.013,0.01,0,0.056,12,0.0065,0.0035,0.032,0.03,"HQY054560",0.002
0.005,0.0021,0,1,0.026,0.02,0,0.061,17,0.007,0.0042,0.032,0.031,"HQY087210",0.003
0.006,0.0373,0,1,0.01,0.02,0,0.204,18,0.0078,0.0032,0.021,0.018,"HQY110980",0
0.004,0.058,0,0,0.021,0.02,0,0.348,32,0.0075,0.0032,0.038,0.037,"HQH061610",0
0.004,0.0341,11,0,0.016,0.02,0,0.198,20,0.0075,0.0027,0.025,0.024,"HQE003640",0
0.006,0.0447,0,0,0.01,0.01,0,0.192,20,0.0066,0.0028,0.026,0.025,"HQA089920",0
0.006,0.0579,0,0,0.023,0.02,0,0.812,37,0.009,0.0026,0.026,0.025,"HQB130620",0
0.006,0.0607,0,0,0.014,0.02,0,0.788,30,0.0092,0.0028,0.035,0.034,"HQC126290",0
0.005,0.0014,6,1,0.054,0.02,0,0.198,19,0.043,0.0097,0.038,0.037,"HQB040730",0.001
0.004,0.0413,0,0,0.013,0.02,0,0.188,26,0.0089,0.0026,0.022,0.021,"HQJ070710",0
0.005,0.0016,0,0,0.029,0.02,0,0.098,22,0.0088,0.0037,0.034,0.032,"HQY030710",0.001
0.005,0.0447,0,0,0.014,0.02,0,0.197,16,0.0092,0.003,0.023,0.021,"HQY062750",0
0.005,0.0729,0,0,0.011,0.05,0.01,0.612,28,0.0183,0.003,0.028,0.027,"HQF137420",0.001
0.006,0.0365,0,0,0.024,0.02,0,0.199,35,0.0083,0.0028,0.028,0.027,"HQC141310",0
0.006,0.0567,0,3,0.017,0.02,0,0.369,25,0.0115,0.0029,0.026,0.025,"HQX047200",0.001
0.006,0.0014,0,0,0.025,0.05,0.02,0.151,15,0.0563,0.0057,0.034,0.032,"HQC115030",0
0.006,0.0394,0,1,0.012,0.01,0,0.206,19,0.0056,0.0037,0.018,0.016,"HQY130590",0
0.005,0.1124,0,0,0.022,0.02,0,0.323,30,0.0101,0.0019,0.02,0.019,"HQB046440",0
0.006,0.1174,1,0,0.013,0.02,0,1.193,30,0.0142,0.0023,0.021,0.02,"HQC067640",0.001
0.007,0.0355,0,0,0.019,0.02,0,0.202,35,0.0066,0.0035,0.028,0.027,"HQD032280",0
0.004,0.1867,0,0,0.026,0.03,0,0.839,28,0.0132,0.003,0.019,0.018,"HQJ003320",0
0.007,0.1101,0,0,0.02,0.02,0,0.474,30,0.0101,0.0034,0.03,0.029,"HQX120210",0
0.006,0.0466,0,0,0.013,0.02,0,0.193,26,0.0068,0.0031,0.028,0.027,"HQC138010",0
0.006,0.0386,0,0,0.022,0.02,0,0.199,21,0.007,0.003,0.033,0.031,"HQD004140",0
0.006,0.048,0,0,0.019,0.02,0,0.29,23,0.0094,0.0038,0.024,0.022,"HQX059990",0
0.005,0.0018,14,0,0.05,0.07,0,0.526,17,0.0139,0.0035,0.022,0.021,"HQG159250",0.002
0.005,0.0385,0,0,0.018,0.02,0,0.189,23,0.0113,0.003,0.02,0.018,"HQX004180",0
0.007,0.0351,0,1,0.008,0.01,0,0.203,19,0.0055,0.0032,0.026,0.024,"HQY116200",0
0.005,0.0394,0,0,0.01,0.02,0,0.196,19,0.0081,0.0032,0.024,0.021,"HQF138790",0
0.005,0.0336,0,0,0.012,0.02,0,0.201,23,0.0067,0.003,0.018,0.017,"HQZ156540",0
0.004,0.0533,0,0,0.023,0.02,0,0.354,29,0.0104,0.0032,0.036,0.035,"HQE126730",0
0.005,0.0338,0,0,0.011,0.04,0,0.195,42,0.0072,0.0032,0.034,0.033,"HQZ154360",0
0.005,0.1147,0,0,0.021,0.02,0,0.445,33,0.0101,0.0035,0.022,0.02,"HQG029130",0
0.005,0.1863,0,0,0.012,0.02,0,0.846,29,0.0088,0.0027,0.022,0.021,"HQZ151930",0
0.005,0.0354,0,0,0.026,0.02,0,0.177,22,0.0085,0.0035,0.02,0.018,"HQX002610",0
0.004,0.0015,0,0,0.018,0.02,0,0.059,15,0.0079,0.0037,0.03,0.028,"HQG148280",0.002
0.004,0.0017,0,0,0.021,0.02,0,0.103,14,0.0103,0.0046,0.031,0.026,"HQF085430",0.001
0.007,0.0394,0,0,0.011,0.01,0,0.191,15,0.0074,0.0031,0.021,0.02,"HQB117250",0
0.005,0.071,0,0,0.014,0.02,0,0.887,34,0.0197,0.0019,0.026,0.025,"HQY058960",0.001
0.005,0.1148,0,0,0.021,0.02,0,1.187,31,0.0072,0.0036,0.02,0.018,"HQC069270",0.001
0.006,0.114,0,0,0.01,0.02,0,0.307,35,0.0132,0.0023,0.028,0.027,"HQZ095980",0.001
0.004,0.0405,0,0,0.016,0.02,0,0.2,18,0.0102,0.0032,0.025,0.024,"HQJ057090",0
0.005,0.0612,0,0,0.021,0.02,0,0.791,31,0.0125,0.0029,0.03,0.029,"HQC027010",0.001
0.004,0.0016,0,0,0.109,0.03,0,0.148,19,0.0203,0.0087,0.028,0.027,"HQF078900",0.001
0.006,0.0531,0,1,0.015,0.02,0,0.797,24,0.0118,0.0028,0.028,0.028,"HQE067040",0.001
0.006,0.1073,0,0,0.013,0.01,0,0.315,32,0.0082,0.0026,0.018,0.017,"HQB052040",0
0.004,0.0782,0,0,0.022,0.02,0,0.298,28,0.0108,0.003,0.029,0.024,"HQG080930",0
0.004,0.0563,0,0,0.011,0.02,0,0.785,31,0.0126,0.0026,0.037,0.037,"HQJ123960",0.001
0.007,0.0406,0,0,0.011,0.02,0,0.208,29,0.0065,0.0023,0.029,0.027,"HQZ002320",0.001
0.004,0.0355,0,0,0.025,0.02,0,0.183,18,0.0085,0.003,0.021,0.019,"HQF144700",0
0.005,0.0382,0,0,0.015,0.02,0,0.238,14,0.0063,0.0039,0.028,0.027,"HQZ169240",0
0.005,0.0795,3,1,0.023,0.02,0,0.898,39,0.0184,0.0027,0.026,0.025,"HQF123600",0.001
0.005,0.0372,0,0,0.02,0.02,0,0.181,18,0.0114,0.0047,0.025,0.024,"HQG149050",0
0.006,0.0368,20,0,0.011,0.02,0,0.175,19,0.0084,0.0038,0.025,0.023,"HQZ071730",0
0.005,0.0016,0,0,0.009,0.02,0,0.064,16,0.0098,0.004,0.036,0.035,"HQH032860",0.002
0.005,0.0385,11,0,0.011,0.02,0,0.186,14,0.0078,0.0028,0.022,0.021,"HQG154160",0
0.004,0.0189,0,0,0.012,0.02,0,0.139,22,0.01,0.0029,0.029,0.028,"HQF054230",0
0.006,0.0319,0,0,0.018,0.02,0,0.191,30,0.0079,0.0027,0.033,0.03,"HQA033890",0
0.004,0.0026,15,3,0.076,0.07,0,0.548,19,0.0154,0.0028,0.033,0.031,"HQF041380",0.002
0.007,0.0166,0,0,0.01,0.02,0,0.188,20,0.0071,0.0032,0.015,0.014,"HQD030980",0
0.007,0.0544,0,0,0.016,0.01,0,0.34,21,0.0063,0.0029,0.028,0.027,"HQA143070",0
0.004,0.0302,0,0,0.012,0.01,0,0.203,19,0.0055,0.003,0.02,0.019,"HQH127930",0
0.004,0.055,0,0,0.022,0.02,0,0.789,33,0.012,0.0028,0.027,0.023,"HQH085960",0.001
0.007,0.0012,0,0,0.018,0.02,0,0.075,17,0.0095,0.0039,0.027,0.025,"HQX158520",0.002
0.004,0.0367,13,0,0.01,0.02,0,0.259,24,0.0119,0.0025,0.039,0.037,"HQG107640",0
0.005,0.0353,0,0,0.013,0.02,0,0.201,19,0.0079,0.0026,0.026,0.024,"HQA031530",0
0.006,0.002,0,0,0.017,0.02,0,0.094,24,0.01,0.0033,0.026,0.025,"HQZ005300",0.001
0.007,0.0021,0,0,0.018,0.02,0,0.097,18,0.0095,0.0033,0.026,0.026,"HQA140170",0.001
0.004,0.0022,0,0,0.009,0.02,0,0.073,16,0.0081,0.0029,0.029,0.027,"HQE030590",0.003
0.006,0.1149,0,0,0.011,0.01,0,0.3,30,0.0074,0.0028,0.023,0.022,"HQY017080",0
0.006,0.034,0,0,0.01,0.02,0,0.182,16,0.0089,0.0036,0.02,0.019,"HQA073870",0
0.005,0.0373,0,0,0.011,0.02,0,0.202,30,0.0108,0.0026,0.027,0.026,"HQD128060",0
0.005,0.0329,0,1,0.01,0.02,0,0.2,17,0.008,0.0033,0.028,0.026,"HQZ052850",0
0.004,0.0738,1,0,0.018,0.02,0,0.6,39,0.019,0.003,0.034,0.033,"HQC000590",0
0.005,0.0375,0,0,0.01,0.02,0,0.195,14,0.0074,0.0026,0.032,0.03,"HQE069660",0
0.004,0.0532,0,0,0.012,0.02,0,0.326,42,0.0086,0.003,0.024,0.023,"HQG002060",0
0.006,0.0382,0,0,0.015,0.02,0,0.2,18,0.0081,0.0034,0.018,0.016,"HQZ036170",0
0.004,0.0398,0,0,0.014,0.02,0,0.191,22,0.0095,0.0033,0.029,0.026,"HQJ053320",0
0.005,0.0366,0,0,0.011,0.02,0,0.2,15,0.0098,0.003,0.028,0.027,"HQG020290",0
0.004,0.1798,0,1,0.034,0.01,0,0.752,35,0.0083,0.0039,0.032,0.03,"HQG093160",0.001
0.007,0.0768,2,0,0.014,0.02,0,0.906,37,0.0202,0.0027,0.024,0.022,"HQZ033040",0.001
0.005,0.0403,0,0,0.01,0.02,0,0.192,16,0.0078,0.0024,0.027,0.025,"HQC025740",0
0.004,0.0428,0,0,0.019,0.02,0,0.216,22,0.0086,0.0046,0.028,0.027,"HQJ042520",0
0.005,0.0405,0,1,0.019,0.02,0,0.293,29,0.008,0.0032,0.033,0.03,"HQX108710",0
0.007,0.0193,0,0,0.01,0.02,0,0.143,18,0.0068,0.0029,0.022,0.02,"HQD047200",0.002
0.006,0.0584,0,1,0.011,0.02,0,0.793,22,0.0103,0.0026,0.035,0.034,"HQB093970",0.001
0.006,0.0391,12,0,0.023,0.02,0,0.241,19,0.0067,0.0033,0.032,0.031,"HQA163280",0
0.007,0.0458,0,1,0.011,0.02,0,0.191,21,0.0073,0.0028,0.022,0.02,"HQA089820",0
0.005,0.07,0,2,0.012,0.02,0,0.494,36,0.013,0.0019,0.041,0.04,"HQC020020",0
0.005,0.1222,0,1,0.011,0.02,0,0.301,30,0.0112,0.0027,0.026,0.026,"HQC063890",0
0.005,0.0019,0,0,0.018,0.02,0,0.146,19,0.0088,0.0035,0.034,0.032,"HQZ113750",0.001
0.006,0.0375,0,0,0.011,0.02,0,0.191,27,0.0077,0.0026,0.033,0.032,"HQB051380",0
0.007,0.0386,0,0,0.016,0.02,0,0.209,22,0.0106,0.0033,0.024,0.023,"HQA092140",0
0.005,0.0566,1,0,0.009,0.02,0,0.345,21,0.0086,0.0029,0.03,0.029,"HQE126950",0.001
0.004,0.0015,0,0,0.011,0.01,0,0.066,15,0.0067,0.0038,0.031,0.029,"HQY054830",0.002
0.006,0.0372,11,0,0.016,0.02,0,0.187,24,0.009,0.0028,0.019,0.018,"HQD056080",0
0.005,0.0601,0,0,0.019,0.01,0,0.768,34,0.0086,0.0032,0.027,0.026,"HQG136630",0.001
0.006,0.0428,11,4,0.018,0.02,0,0.242,24,0.0077,0.0036,0.03,0.028,"HQX161540",0
0.006,0.077,0,0,0.014,0.02,0,0.442,27,0.0089,0.0034,0.029,0.028,"HQC136900",0
0.005,0.1089,1,0,0.01,0.02,0,0.321,40,0.0091,0.003,0.029,0.027,"HQX116880",0
0.005,0.1454,0,0,0.013,0.02,0,0.484,34,0.0085,0.0025,0.02,0.019,"HQZ156270",0
0.006,0.1762,0,0,0.012,0.02,0,0.483,22,0.0085,0.0033,0.032,0.031,"HQZ085250",0
0.004,0.1281,0,0,0.02,0.02,0,0.862,25,0.0109,0.0028,0.017,0.016,"HQG071960",0
0.005,0.0684,0,2,0.019,0.02,0,0.492,29,0.0101,0.0024,0.048,0.047,"HQJ101950",0
0.004,0.0722,0,1,0.011,0.02,0,0.239,97,0.0081,0.0028,0.037,0.036,"HQC001420",0
0.004,0.0416,0,1,0.008,0.02,0,0.197,20,0.009,0.0036,0.026,0.025,"HQH165060",0
0.006,0.1771,0,0,0.012,0.01,0,0.486,26,0.0086,0.0025,0.02,0.019,"HQX004590",0.001
0.004,0.0425,19,0,0.007,0.01,0,0.195,13,0.0123,0.0032,0.015,0.014,"HQB148330",0
0.004,0.118,0,0,0.013,0.02,0,0.333,25,0.0108,0.0026,0.022,0.022,"HQC003800",0
0.005,0.1636,0,1,0.022,0.02,0,0.293,28,0.0105,0.0035,0.029,0.028,"HQH083880",0.001
0.004,0.0412,0,0,0.014,0.02,0,0.19,18,0.009,0.0036,0.032,0.03,"HQJ006060",0
0.005,0.1425,0,0,0.023,0.02,0,0.888,30,0.0134,0.0037,0.028,0.024,"HQF069730",0
0.004,0.0014,6,0,0.051,0.02,0,0.182,15,0.0462,0.0096,0.04,0.039,"HQG059060",0.001
0.006,0.0019,0,12,0.019,0.02,0,0.097,22,0.0097,0.0033,0.021,0.02,"HQX074750",0.001
0.004,0.1206,0,0,0.028,0.02,0,1.172,29,0.0084,0.0025,0.023,0.022,"HQB150270",0.001
0.005,0.0386,0,0,0.015,0.02,0,0.198,33,0.0066,0.0026,0.024,0.022,"HQD003900",0
0.006,0.002,0,3,0.011,0.01,0,0.103,16,0.0093,0.0031,0.028,0.025,"HQY097910",0.001
0.005,0.0422,12,0,0.014,0.02,0,0.232,23,0.008,0.0032,0.033,0.032,"HQG064170",0
0.006,0.0362,0,0,0.015,0.01,0,0.184,20,0.005,0.0044,0.025,0.023,"HQX056590",0
0.005,0.0608,0,0,0.011,0.01,0,0.333,39,0.0057,0.0027,0.035,0.034,"HQJ104930",0
0.005,0.042,0,0,0.012,0.02,0,0.203,27,0.0087,0.0029,0.028,0.026,"HQZ046320",0
0.004,0.146,0,0,0.016,0.02,0,0.908,18,0.0135,0.0029,0.02,0.018,"HQJ052470",0.001
0.005,0.0348,0,0,0.009,0.02,0,0.19,18,0.0062,0.0033,0.026,0.025,"HQE092970",0
0.005,0.0458,0,0,0.014,0.02,0,0.327,17,0.0057,0.0036,0.022,0.019,"HQX108360",0
0.006,0.0399,0,0,0.019,0.02,0,0.195,23,0.0109,0.004,0.027,0.025,"HQX045970",0
0.005,0.1652,1,0,0.013,0.02,0,0.81,29,0.0085,0.0026,0.044,0.043,"HQE066650",0.001
0.004,0.032,0,0,0.017,0.02,0,0.202,23,0.0089,0.0031,0.027,0.025,"HQD128320",0
0.005,0.0364,0,1,0.011,0.02,0,0.18,16,0.0093,0.0034,0.02,0.019,"HQG029400",0
0.004,0.183,0,0,0.02,0.02,0,0.515,22,0.0124,0.0037,0.033,0.032,"HQG046390",0
0.004,0.0371,0,0,0.016,0.02,0,0.19,18,0.0082,0.004,0.021,0.019,"HQH127010",0
0.005,0.0372,0,0,0.011,0.01,0,0.206,23,0.0059,0.003,0.023,0.022,"HQZ144310",0
0.005,0.0808,0,1,0.021,0.03,0,0.417,33,0.0094,0.0034,0.022,0.021,"HQF158880",0
0.005,0.0023,0,0,0.024,0.02,0,0.096,16,0.0105,0.0041,0.029,0.027,"HQF159710",0.001
0.005,0.0357,12,1,0.019,0.02,0,0.251,18,0.0076,0.0041,0.032,0.031,"HQA007110",0
0.005,0.0386,0,0,0.018,0.02,0,0.192,28,0.0085,0.0032,0.029,0.028,"HQX140700",0
0.004,0.0561,0,1,0.024,0.02,0,0.791,22,0.0091,0.0023,0.039,0.038,"HQG081190",0.001
0.005,0.0398,0,0,0.013,0.02,0,0.186,19,0.0083,0.0042,0.022,0.02,"HQZ012080",0
0.005,0.0764,4,1,0.013,0.02,0,1.095,39,0.0193,0.0024,0.026,0.025,"HQE132230",0.002
0.005,0.0014,1,0,0.098,0.03,0,0.135,16,0.0184,0.0096,0.027,0.026,"HQD139930",0
0.004,0.0333,0,0,0.009,0.02,0,0.197,15,0.009,0.0034,0.026,0.024,"HQD154480",0
0.006,0.0227,0,0,0.009,0.02,0,0.183,13,0.0098,0.003,0.022,0.021,"HQD040910",0
0.006,0.0374,0,0,0.01,0.01,0,0.191,27,0.007,0.0027,0.022,0.02,"HQX004070",0
0.005,0.0373,0,0,0.011,0.02,0,0.202,30,0.0108,0.0026,0.027,0.026,"HQD128140",0
0.004,0.0392,0,0,0.012,0.01,0,0.205,32,0.0082,0.0027,0.028,0.027,"HQC075420",0
0.005,0.0429,0,0,0.008,0.01,0,0.244,18,0.0056,0.003,0.032,0.032,"HQD156800",0
0.005,0.0383,0,0,0.019,0.02,0,0.191,28,0.0096,0.0035,0.019,0.018,"HQX004330",0
0.006,0.0391,0,0,0.011,0.02,0,0.2,10,0.0056,0.0027,0.034,0.033,"HQA065190",0
0.005,0.0016,0,0,0.011,0.02,0,0.109,18,0.0092,0.0034,0.024,0.024,"HQD103050",0.001
0.006,0.1367,0,0,0.012,0.02,0,0.886,30,0.0103,0.0028,0.022,0.021,"HQA116980",0.001
0.006,0.0578,0,1,0.025,0.02,0,0.35,28,0.0109,0.0035,0.034,0.03,"HQX080880",0
0.004,0.0493,0,0,0.013,0.02,0,0.295,34,0.0118,0.0023,0.033,0.032,"HQG113710",0.001
0.005,0.0361,0,0,0.021,0.01,0,0.193,21,0.0067,0.0038,0.029,0.028,"HQX064950",0
0.004,0.0382,0,0,0.009,0.01,0,0.172,20,0.0052,0.0035,0.027,0.026,"HQG089310",0
0.004,0.0019,0,0,0.01,0.02,0,0.097,23,0.0095,0.0035,0.03,0.028,"HQF156800",0.001
0.004,0.0617,0,0,0.019,0.02,0,0.8,27,0.0108,0.0026,0.037,0.035,"HQJ123870",0.001
0.005,0.0403,0,0,0.022,0.02,0,0.193,17,0.0078,0.0036,0.022,0.021,"HQB131110",0
0.006,0.0015,6,0,0.052,0.02,0,0.192,20,0.0459,0.009,0.036,0.035,"HQD067460",0.001
0.004,0.0399,0,0,0.011,0.02,0,0.197,12,0.0081,0.0031,0.021,0.02,"HQC005820",0
0.004,0.0023,0,0,0.014,0.02,0,0.086,14,0.0099,0.0033,0.03,0.03,"HQD136480",0.001
0.004,0.0364,1,0,0.031,0.01,0,0.195,25,0.0068,0.0035,0.029,0.028,"HQJ108660",0
0.006,0.0015,0,0,0.017,0.02,0,0.084,17,0.0099,0.0038,0.031,0.028,"HQB008120",0.002
0.006,0.0783,1,0,0.014,0.02,0,1.113,29,0.0202,0.0018,0.032,0.031,"HQA039390",0.001
0.005,0.0383,0,0,0.02,0.02,0,0.192,14,0.0102,0.0035,0.024,0.023,"HQH106120",0
0.006,0.0704,1,1,0.015,0.02,0,0.497,27,0.0185,0.003,0.028,0.027,"HQA124400",0.001
0.004,0.0028,0,0,0.02,0.02,0,0.091,20,0.0095,0.0038,0.024,0.022,"HQG037240",0.001
0.005,0.0586,0,1,0.017,0.02,0,0.791,31,0.0088,0.0028,0.038,0.037,"HQH092690",0.001
0.005,0.0015,0,0,0.01,0.02,0,0.068,16,0.007,0.0037,0.024,0.023,"HQB084880",0.003
0.005,0.0433,0,0,0.008,0.02,0,0.197,21,0.0078,0.0037,0.025,0.023,"HQZ017350",0
0.006,0.0364,0,0,0.036,0.02,0,0.2,22,0.0117,0.0048,0.022,0.021,"HQC092630",0
0.004,0.1254,0,0,0.022,0.02,0,0.311,32,0.0114,0.0029,0.026,0.024,"HQJ017580",0
0.006,0.0362,0,0,0.012,0.01,0,0.193,21,0.0091,0.0023,0.018,0.017,"HQB025840",0
0.004,0.0365,0,0,0.009,0.01,0,0.194,24,0.0063,0.0026,0.019,0.016,"HQF099620",0
0.004,0.0359,0,0,0.017,0.02,0,0.183,27,0.0058,0.0053,0.022,0.021,"HQG049740",0
0.008,0.0583,0,0,0.014,0.02,0,0.332,36,0.0065,0.0026,0.026,0.026,"HQB013140",0
0.004,0.0387,0,0,0.023,0.02,0,0.168,12,0.0072,0.0029,0.02,0.019,"HQC068210",0
0.004,0.0415,0,7,0.016,0.02,0,0.238,23,0.0103,0.0026,0.038,0.036,"HQJ126570",0
0.006,0.0403,0,0,0.009,0.02,0,0.196,21,0.0069,0.0035,0.032,0.031,"HQC039890",0
0.007,0.0558,0,0,0.02,0.02,0,0.354,28,0.0071,0.0032,0.031,0.031,"HQD044750",0
0.005,0.055,0,0,0.009,0.02,0,0.771,22,0.0087,0.0023,0.029,0.027,"HQF107780",0.001
0.005,0.0367,0,0,0.008,0.02,0,0.138,23,0.0107,0.0026,0.021,0.02,"HQG005630",0
0.004,0.0019,0,1,0.024,0.02,0,0.084,15,0.0098,0.0042,0.023,0.022,"HQD084560",0.001
0.004,0.0015,0,0,0.014,0.02,0,0.101,16,0.0104,0.0037,0.034,0.03,"HQG114130",0.002
0.005,0.0022,0,1,0.019,0.02,0,0.098,14,0.0095,0.0034,0.032,0.031,"HQH104240",0.002
0.004,0.0018,8,0,0.072,0.02,0,0.25,20,0.0701,0.0083,0.038,0.037,"HQB143430",0.001
0.005,0.0834,0,0,0.02,0.02,0,0.465,27,0.0088,0.0034,0.024,0.023,"HQZ116840",0
0.007,0.0729,0,1,0.01,0.02,0,0.611,24,0.0196,0.0024,0.03,0.028,"HQD022330",0.001
0.004,0.1428,0,0,0.023,0.02,0,0.89,26,0.0146,0.0031,0.019,0.016,"HQJ052560",0.002
0.005,0.1474,0,0,0.011,0.02,0,0.499,35,0.0087,0.0024,0.021,0.018,"HQE053500",0
0.004,0.0019,0,0,0.014,0.02,0,0.093,16,0.0093,0.0031,0.027,0.025,"HQH159720",0.001
0.007,0.0386,0,0,0.016,0.02,0,0.209,22,0.0106,0.0033,0.024,0.023,"HQA092270",0
0.007,0.0385,0,1,0.017,0.02,0,0.199,19,0.0092,0.0035,0.024,0.022,"HQY121740",0
0.004,0.0406,18,0,0.017,0.02,0,0.195,17,0.0116,0.0032,0.017,0.017,"HQB149110",0
0.005,0.0376,0,0,0.014,0.02,0,0.206,15,0.0078,0.0037,0.025,0.024,"HQZ121430",0
0.004,0.036,0,0,0.019,0.02,0,0.18,16,0.0111,0.0029,0.024,0.021,"HQF159270",0
0.007,0.0402,0,0,0.02,0.02,0,0.198,17,0.009,0.0035,0.025,0.024,"HQB108610",0
0.004,0.0014,0,0,0.011,0.02,0,0.08,15,0.0111,0.0039,0.028,0.025,"HQJ124250",0.002
0.004,0.1407,0,0,0.023,0.03,0,0.885,33,0.0117,0.0027,0.028,0.026,"HQH021550",0.001
0.004,0.0027,0,0,0.008,0.02,0,0.079,21,0.0107,0.0036,0.027,0.026,"HQF048800",0.003
0.004,0.002,0,2,0.009,0.02,0,0.063,14,0.0074,0.0037,0.026,0.025,"HQG071830",0.002
0.005,0.1547,0,0,0.022,0.02,0,0.834,31,0.0149,0.0034,0.016,0.015,"HQF102150",0.001
0.006,0.0604,0,0,0.014,0.01,0,0.341,26,0.0079,0.003,0.035,0.034,"HQB038800",0
0.004,0.0743,3,0,0.023,0.02,0,0.893,25,0.0184,0.0022,0.03,0.028,"HQG110730",0.001
0.004,0.0372,1,0,0.023,0.02,0,0.19,22,0.0075,0.0034,0.02,0.019,"HQJ028290",0
0.006,0.0446,0,1,0.01,0.02,0,0.29,20,0.0121,0.0046,0.019,0.016,"HQZ010350",0
0.004,0.0337,0,0,0.007,0.01,0,0.19,20,0.0093,0.0036,0.032,0.03,"HQZ025580",0
0.006,0.1851,0,0,0.016,0.02,0,0.832,31,0.0099,0.0023,0.025,0.024,"HQD040660",0.001
0.005,0.038,0,0,0.009,0.03,0,0.191,16,0.0099,0.0032,0.024,0.024,"HQE072500",0
0.006,0.0012,0,1,0.016,0.02,0,0.07,16,0.009,0.0034,0.037,0.035,"HQZ106550",0.002
0.006,0.0423,0,0,0.01,0.02,0,0.195,28,0.0073,0.0033,0.033,0.031,"HQX027840",0
0.005,0.0561,0,0,0.016,0.02,0,0.801,33,0.0107,0.0024,0.031,0.03,"HQF135460",0.001
0.005,0.002,0,0,0.019,0.02,0,0.097,22,0.0096,0.0035,0.025,0.023,"HQH087250",0.001
0.006,0.0016,0,0,0.017,0.05,0.02,0.143,17,0.0515,0.0035,0.034,0.032,"HQX153860",0
0.006,0.002,0,1,0.019,0.02,0,0.077,15,0.0069,0.0033,0.017,0.016,"HQA046220",0.002
0.004,0.0019,0,1,0.024,0.02,0,0.065,16,0.0074,0.0045,0.031,0.03,"HQH074460",0.004
0.005,0.0015,0,0,0.013,0.02,0,0.073,16,0.0088,0.0034,0.033,0.032,"HQG045470",0.002
0.005,0.0365,0,2,0.021,0.02,0,0.185,26,0.0074,0.0034,0.024,0.022,"HQY103650",0
0.006,0.0019,0,0,0.016,0.02,0,0.068,20,0.0098,0.0047,0.032,0.03,"HQX150090",0.002
0.005,0.0387,19,0,0.02,0.02,0,0.196,22,0.0117,0.0032,0.027,0.025,"HQF143410",0
0.004,0.1134,0,0,0.013,0.02,0,0.304,31,0.0092,0.0029,0.026,0.024,"HQH076950",0
0.005,0.0013,4,0,0.053,0.02,0,0.201,14,0.0445,0.0087,0.038,0.037,"HQZ050700",0.001
0.006,0.0687,0,0,0.014,0.02,0,0.255,90,0.0085,0.0026,0.026,0.025,"HQB098910",0
0.004,0.0352,0,0,0.009,0.02,0,0.197,13,0.0085,0.0028,0.022,0.016,"HQD152030",0
0.005,0.042,0,0,0.011,0.05,0,0.2,36,0.0102,0.0032,0.037,0.036,"HQE015140",0.001
0.005,0.0564,0,0,0.022,0.02,0,0.795,26,0.0125,0.0028,0.028,0.025,"HQJ024000",0.001
0.006,0.0359,0,0,0.022,0.02,0,0.187,20,0.0082,0.0039,0.026,0.025,"HQY075460",0
0.006,0.1436,0,1,0.015,0.02,0,0.838,32,0.0079,0.0034,0.021,0.02,"HQC081910",0.001
0.005,0.1753,0,0,0.019,0.02,0,0.493,29,0.0142,0.0036,0.022,0.022,"HQE043430",0.002
0.004,0.0573,0,0,0.013,0.01,0,0.805,34,0.0101,0.0022,0.038,0.035,"HQJ023740",0.001
0.005,0.0545,0,0,0.012,0.02,0,0.351,25,0.0089,0.003,0.04,0.039,"HQZ049260",0
0.004,0.0419,0,0,0.021,0.02,0,0.189,23,0.0088,0.0033,0.02,0.02,"HQF029730",0
0.006,0.0014,0,0,0.018,0.02,0,0.075,15,0.0095,0.0035,0.036,0.035,"HQD048490",0.001
0.004,0.0373,0,2,0.018,0.02,0,0.203,29,0.0062,0.0024,0.03,0.028,"HQD128860",0
0.005,0.0019,0,0,0.013,0.02,0,0.091,17,0.0103,0.0032,0.025,0.024,"HQG155530",0.001
0.006,0.0385,0,0,0.022,0.03,0,0.199,14,0.009,0.0036,0.023,0.023,"HQC106640",0
0.005,0.0361,0,0,0.01,0.02,0,0.179,11,0.0063,0.0029,0.012,0.012,"HQZ114170",0
0.007,0.0376,0,0,0.01,0.02,0,0.189,20,0.0093,0.0031,0.026,0.025,"HQB107460",0
0.005,0.0378,0,0,0.021,0.03,0,0.187,19,0.0088,0.0039,0.025,0.024,"HQE036710",0
0.005,0.0561,0,0,0.016,0.02,0,0.801,33,0.0107,0.0024,0.031,0.03,"HQF134270",0.001
0.005,0.1427,0,0,0.009,0.02,0,0.495,23,0.0099,0.002,0.02,0.019,"HQZ157390",0
0.007,0.0012,0,0,0.011,0.02,0,0.076,18,0.0092,0.0036,0.036,0.035,"HQX157440",0.002
0.005,0.0813,2,0,0.022,0.02,0,0.921,40,0.0196,0.0022,0.03,0.029,"HQC018090",0
0.006,0.0405,0,0,0.012,0.02,0,0.199,21,0.0068,0.0039,0.029,0.027,"HQZ073810",0
0.007,0.0396,0,0,0.009,0.02,0,0.193,27,0.0058,0.0031,0.019,0.019,"HQD029230",0
0.005,0.0019,0,0,0.014,0.02,0,0.107,16,0.0103,0.0029,0.022,0.02,"HQZ122660",0.001
0.005,0.1464,0,2,0.021,0.02,0,0.489,33,0.0124,0.0026,0.027,0.025,"HQB041160",0.001
0.007,0.0706,3,0,0.019,0.02,0,0.887,37,0.0197,0.0023,0.023,0.02,"HQC143220",0.002
0.007,0.0656,0,0,0.023,0.02,0,0.591,30,0.0183,0.0032,0.027,0.026,"HQY108150",0
0.005,0.0608,0,1,0.022,0.02,0,0.81,39,0.0152,0.0026,0.042,0.04,"HQG061600",0.001
0.005,0.0365,0,0,0.03,0.02,0,0.201,28,0.0083,0.0034,0.035,0.033,"HQF114510",0
0.005,0.1812,0,0,0.018,0.02,0,0.834,28,0.0115,0.0031,0.018,0.017,"HQZ152190",0
0.005,0.0415,0,0,0.015,0.02,0.01,0.185,28,0.0098,0.0028,0.026,0.026,"HQJ081970",0
0.007,0.042,0,0,0.012,0.02,0,0.192,23,0.0118,0.0031,0.028,0.027,"HQB104410",0
0.005,0.0752,1,1,0.017,0.02,0,1.291,18,0.009,0.0019,0.019,0.018,"HQH029440",0.001
0.006,0.0366,0,0,0.007,0.02,0,0.2,16,0.0083,0.0039,0.028,0.026,"HQE095140",0
0.006,0.1352,0,0,0.02,0.02,0,0.868,32,0.0114,0.003,0.017,0.015,"HQA115040",0.001
0.006,0.0382,0,0,0.022,0.02,0,0.186,26,0.009,0.0031,0.025,0.024,"HQB096640",0
0.005,0.0579,0,0,0.019,0.02,0,0.8,22,0.0113,0.0027,0.036,0.034,"HQE039040",0.001
0.006,0.15,0,1,0.018,0.02,0,0.879,28,0.0085,0.0028,0.03,0.028,"HQX047920",0.001
0.004,0.0383,0,0,0.018,0.02,0,0.187,22,0.0096,0.0031,0.029,0.025,"HQF144130",0
0.005,0.039,0,0,0.012,0.02,0,0.194,23,0.0061,0.0039,0.029,0.028,"HQH018650",0
0.005,0.0496,0,0,0.009,0.02,0,0.286,17,0.0079,0.0029,0.028,0.026,"HQE146080",0
0.005,0.0184,0,0,0.013,0.02,0,0.145,12,0.0077,0.0029,0.036,0.033,"HQG021900",0
0.004,0.002,0,0,0.01,0.02,0,0.06,12,0.0088,0.0038,0.038,0.036,"HQE129280",0.002
0.004,0.0546,0,0,0.021,0.02,0,0.799,34,0.0093,0.0023,0.039,0.038,"HQH161600",0
0.004,0.048,0,0,0.026,0.02,0,0.305,30,0.0108,0.0039,0.035,0.034,"HQF037720",0
0.006,0.0597,0,0,0.015,0.02,0,0.363,30,0.0098,0.003,0.036,0.034,"HQC123620",0
0.006,0.0016,0,0,0.013,0.02,0,0.09,15,0.0093,0.0036,0.028,0.026,"HQZ094170",0.001
0.005,0.0371,0,2,0.013,0.02,0,0.194,17,0.0125,0.0035,0.019,0.019,"HQB151010",0
0.004,0.0315,11,0,0.025,0.02,0,0.189,19,0.0069,0.0049,0.022,0.021,"HQH035410",0
0.004,0.0397,0,0,0.011,0.02,0,0.187,16,0.0079,0.0034,0.023,0.022,"HQH100620",0
0.005,0.0402,0,0,0.012,0.02,0,0.205,16,0.0075,0.0027,0.028,0.026,"HQA051030",0
0.005,0.0402,11,1,0.011,0.02,0,0.19,16,0.0109,0.0031,0.024,0.023,"HQF006940",0
0.005,0.0405,18,0,0.029,0.02,0,0.201,14,0.0086,0.0033,0.02,0.019,"HQF106750",0
0.006,0.0018,0,0,0.011,0.02,0.01,0.056,15,0.0077,0.0032,0.02,0.02,"HQB084930",0.002
0.007,0.0397,0,0,0.022,0.02,0,0.286,23,0.0127,0.003,0.015,0.014,"HQY082450",0.001
0.006,0.0398,0,2,0.016,0.02,0,0.185,25,0.0135,0.0037,0.018,0.016,"HQX034810",0
0.006,0.0412,0,0,0.025,0.02,0,0.212,16,0.0091,0.0035,0.021,0.02,"HQD066100",0
0.005,0.1409,0,0,0.023,0.01,0,0.882,31,0.0077,0.0033,0.028,0.027,"HQF070150",0
0.006,0.1169,0,0,0.015,0.02,0,0.31,27,0.0179,0.0032,0.018,0.017,"HQX039890",0.001
0.004,0.047,0,4,0.015,0.02,0,0.296,40,0.0082,0.0023,0.04,0.036,"HQY051550",0
0.006,0.0351,0,0,0.01,0.02,0,0.191,16,0.0113,0.0038,0.022,0.021,"HQA074200",0
0.006,0.0387,0,0,0.008,0.02,0,0.199,15,0.0082,0.0029,0.025,0.024,"HQZ094890",0
0.006,0.0024,0,0,0.015,0.02,0,0.077,14,0.0077,0.0032,0.022,0.02,"HQC138690",0.002
0.004,0.0011,6,0,0.052,0.02,0,0.196,16,0.0408,0.0096,0.04,0.038,"HQH144780",0.001
0.005,0.0013,0,1,0.05,0.02,0,0.139,16,0.0514,0.0092,0.029,0.028,"HQE105790",0.001
0.003,0.0364,0,0,0.017,0.05,0,0.148,24,0.0059,0.0028,0.033,0.033,"HQG084140",0
0.006,0.0421,17,0,0.015,0.01,0,0.196,17,0.0101,0.0029,0.024,0.022,"HQB029990",0
0.005,0.0364,0,0,0.009,0.02,0,0.19,15,0.0095,0.0051,0.03,0.03,"HQE093360",0
0.006,0.0593,0,0,0.011,0.02,0,0.809,45,0.0115,0.002,0.035,0.034,"HQX044760",0.001
0.007,0.0388,0,0,0.009,0.02,0,0.202,19,0.009,0.0036,0.02,0.018,"HQY113440",0
0.004,0.0018,0,1,0.01,0.02,0,0.063,15,0.0072,0.003,0.03,0.026,"HQH142570",0.004
0.004,0.0388,1,0,0.015,0.02,0,0.199,19,0.0078,0.0033,0.027,0.026,"HQC016180",0
0.004,0.039,0,0,0.027,0.02,0,0.195,30,0.0106,0.0036,0.027,0.026,"HQJ091420",0
0.006,0.047,0,0,0.023,0.03,0,0.188,14,0.0109,0.0038,0.03,0.03,"HQC067570",0
0.005,0.1453,0,0,0.015,0.02,0,0.5,20,0.0113,0.003,0.024,0.023,"HQZ156580",0
0.005,0.0378,0,0,0.015,0.02,0,0.204,17,0.0068,0.0028,0.023,0.022,"HQA014470",0
0.005,0.0392,0,1,0.023,0.03,0,0.196,17,0.0136,0.0056,0.029,0.027,"HQG161310",0
0.004,0.1916,0,1,0.011,0.02,0,0.438,22,0.0111,0.003,0.033,0.032,"HQF047960",0
0.008,0.1568,0,0,0.017,0.02,0,0.821,31,0.0072,0.0017,0.02,0.018,"HQZ000490",0.002
0.003,0.0511,0,0,0.019,0.02,0,0.325,25,0.0095,0.0031,0.033,0.03,"HQG117680",0
0.004,0.0418,0,0,0.009,0.02,0,0.19,19,0.0098,0.0032,0.026,0.025,"HQJ125930",0
0.005,0.0404,0,0,0.008,0.02,0,0.196,25,0.01,0.0031,0.02,0.02,"HQE072430",0
0.007,0.0341,0,0,0.009,0.01,0.01,0.196,23,0.0056,0.0035,0.023,0.019,"HQD032670",0
0.006,0.0019,0,0,0.011,0.02,0,0.092,18,0.0097,0.003,0.035,0.034,"HQC016550",0.002
0.005,0.1147,0,0,0.011,0.02,0,0.352,26,0.0063,0.0038,0.02,0.019,"HQD067330",0
0.005,0.0351,0,1,0.012,0.02,0,0.2,22,0.0071,0.0041,0.027,0.025,"HQE093510",0
0.005,0.0827,0,0,0.021,0.02,0,0.296,26,0.0109,0.0026,0.028,0.026,"HQH100060",0
0.003,0.0785,0,0,0.03,0.02,0,0.301,31,0.0099,0.0024,0.03,0.028,"HQG081720",0
0.004,0.0364,11,0,0.029,0.02,0,0.185,21,0.014,0.0041,0.018,0.017,"HQG151480",0
0.004,0.0561,0,1,0.024,0.02,0,0.791,22,0.0091,0.0023,0.039,0.038,"HQG082100",0.001
0.006,0.0608,0,0,0.015,0.02,0,0.812,38,0.0098,0.0025,0.031,0.03,"HQB093340",0
0.007,0.0212,0,1,0.01,0.02,0,0.197,16,0.006,0.009,0.019,0.018,"HQY144590",0
0.006,0.0455,0,0,0.035,0.02,0,0.18,18,0.0078,0.0037,0.023,0.023,"HQC103950",0
0.006,0.0435,0,0,0.012,0.02,0,0.19,23,0.0061,0.0031,0.029,0.028,"HQC125710",0
0.006,0.075,2,0,0.011,0.02,0,0.909,30,0.02,0.0025,0.029,0.028,"HQC143290",0.001
0.006,0.0015,6,0,0.052,0.02,0,0.192,20,0.0459,0.009,0.036,0.035,"HQD067510",0.001
0.004,0.0568,0,0,0.024,0.02,0,0.341,24,0.0078,0.0027,0.04,0.038,"HQJ012280",0
0.005,0.0389,0,0,0.01,0.02,0,0.205,12,0.008,0.0036,0.024,0.023,"HQF112310",0
0.006,0.0362,0,0,0.012,0.01,0,0.193,21,0.0091,0.0023,0.018,0.017,"HQB025820",0
0.004,0.0396,0,0,0.018,0.02,0,0.192,20,0.0077,0.0027,0.027,0.024,"HQJ004210",0
0.005,0.0351,0,0,0.028,0.02,0,0.181,21,0.008,0.0038,0.023,0.023,"HQH015900",0
0.005,0.1747,0,0,0.021,0.02,0,0.479,39,0.0105,0.0029,0.021,0.02,"HQA014010",0
0.006,0.0378,0,3,0.012,0.01,0,0.19,22,0.0063,0.0033,0.034,0.031,"HQA130550",0
0.004,0.0578,0,0,0.015,0.01,0,0.348,21,0.0078,0.0028,0.046,0.044,"HQJ013130",0
0.006,0.1366,0,1,0.029,0.03,0,0.886,27,0.0145,0.0029,0.025,0.023,"HQX103590",0.001
0.004,0.045,0,0,0.029,0.03,0,0.283,29,0.0113,0.0023,0.031,0.03,"HQJ031670",0
0.005,0.0819,2,0,0.029,0.03,0,0.913,31,0.0204,0.0025,0.031,0.03,"HQD084030",0.002
0.005,0.0223,0,0,0.008,0.02,0,0.181,14,0.008,0.003,0.023,0.022,"HQF043530",0
0.005,0.0395,0,0,0.022,0.02,0,0.186,13,0.0132,0.0043,0.03,0.029,"HQH012320",0
0.006,0.0405,0,0,0.017,0.02,0,0.215,41,0.0078,0.0035,0.024,0.023,"HQX118560",0
0.004,0.0351,0,0,0.008,0.01,0,0.19,17,0.0061,0.0032,0.024,0.022,"HQF051180",0
0.005,0.0387,19,0,0.02,0.02,0,0.196,22,0.0117,0.0032,0.027,0.025,"HQF143430",0
0.004,0.0421,0,0,0.021,0.03,0,0.188,18,0.0111,0.0037,0.027,0.027,"HQJ017220",0
0.004,0.0445,12,0,0.019,0.03,0,0.198,16,0.0102,0.0038,0.024,0.022,"HQJ124480",0
0.005,0.0017,0,2,0.029,0.02,0,0.071,17,0.0086,0.0044,0.04,0.038,"HQF161410",0.002
0.005,0.0624,0,3,0.013,0.02,0.01,0.355,30,0.0108,0.0029,0.032,0.031,"HQF072150",0.001
0.005,0.0386,0,3,0.009,0.02,0,0.201,21,0.0089,0.0029,0.023,0.018,"HQA051280",0
0.004,0.0392,0,0,0.012,0.01,0,0.186,21,0.01,0.0023,0.023,0.022,"HQH155270",0
0.004,0.0016,5,0,0.054,0.02,0,0.198,11,0.0432,0.0095,0.044,0.041,"HQH144710",0.001
0.005,0.0358,0,0,0.023,0.02,0,0.196,19,0.0088,0.0038,0.026,0.024,"HQY087790",0
0.006,0.0384,0,0,0.011,0.02,0,0.201,35,0.0096,0.002,0.025,0.024,"HQX082840",0
0.005,0.0404,0,0,0.012,0.05,0,0.205,41,0.0126,0.0045,0.026,0.025,"HQH115190",0
0.006,0.0668,1,0,0.012,0.02,0,0.594,25,0.0183,0.0025,0.029,0.028,"HQD022170",0.001
0.006,0.0405,0,0,0.01,0.02,0,0.194,21,0.0115,0.0031,0.032,0.03,"HQB038260",0
0.006,0.0537,0,3,0.016,0.02,0,0.766,26,0.0086,0.0033,0.028,0.027,"HQE068260",0.001
0.005,0.0397,0,0,0.021,0.02,0,0.185,16,0.0064,0.0035,0.022,0.022,"HQH076000",0
0.005,0.1387,0,0,0.017,0.01,0,0.898,33,0.0105,0.0025,0.015,0.014,"HQX071730",0.001
0.004,0.1444,0,0,0.018,0.01,0,0.511,33,0.006,0.0035,0.022,0.021,"HQE095270",0
0.006,0.0033,16,26,0.061,0.07,0,0.537,21,0.0133,0.0029,0.02,0.017,"HQA159460",0.001
0.005,0.0014,6,1,0.054,0.02,0,0.198,19,0.043,0.0097,0.038,0.037,"HQB040650",0.001
0.004,0.0415,0,0,0.011,0.02,0,0.13,18,0.0093,0.0034,0.027,0.026,"HQE133650",0
0.005,0.0387,0,0,0.008,0.02,0,0.205,20,0.0089,0.0029,0.019,0.018,"HQZ099320",0
0.005,0.0505,0,0,0.01,0.02,0,0.295,42,0.0084,0.0027,0.038,0.036,"HQY051260",0
0.006,0.1455,0,4,0.021,0.02,0,0.494,31,0.0109,0.0033,0.013,0.012,"HQY010830",0.001
0.004,0.0356,0,0,0.017,0.02,0,0.194,13,0.0068,0.0036,0.024,0.02,"HQF095370",0
0.004,0.0554,0,0,0.01,0.01,0,0.785,32,0.0085,0.0023,0.026,0.025,"HQF032660",0
0.005,0.0381,0,0,0.018,0.02,0,0.194,16,0.0093,0.0035,0.031,0.03,"HQJ091240",0
0.005,0.0355,19,0,0.012,0.02,0,0.169,18,0.0069,0.0034,0.021,0.019,"HQZ161620",0
0.005,0.0793,0,1,0.014,0.02,0,0.271,24,0.0104,0.0037,0.027,0.025,"HQZ025720",0
0.006,0.0015,0,0,0.016,0.02,0,0.064,18,0.0079,0.0034,0.032,0.03,"HQY104490",0.003
0.007,0.0806,1,24,0.011,0.02,0,0.485,31,0.0085,0.0013,0.018,0.017,"HQD031450",0.001
0.007,0.0021,0,6,0.032,0.02,0,0.063,18,0.0061,0.006,0.028,0.026,"HQX132720",0.002
0.005,0.1434,0,0,0.012,0.02,0,0.838,28,0.0103,0.0024,0.028,0.027,"HQH122210",0.001
0.006,0.0401,19,4,0.021,0.03,0,0.196,13,0.0138,0.0042,0.025,0.022,"HQE098950",0
0.006,0.0033,16,26,0.061,0.07,0,0.537,21,0.0133,0.0029,0.02,0.017,"HQA159420",0.001
0.005,0.0387,0,0,0.014,0.02,0,0.192,26,0.0083,0.003,0.025,0.024,"HQZ098870",0
0.005,0.0381,0,0,0.008,0.02,0,0.204,25,0.0087,0.003,0.024,0.023,"HQZ143700",0
0.005,0.0371,0,0,0.012,0.02,0,0.187,17,0.0076,0.0037,0.026,0.024,"HQZ153440",0
0.005,0.0644,0,4,0.012,0.02,0,0.793,38,0.0149,0.0027,0.034,0.033,"HQG061550",0.001
0.007,0.0799,2,1,0.03,0.02,0,0.917,38,0.0201,0.0025,0.021,0.02,"HQB081680",0.002
0.005,0.0019,0,0,0.018,0.02,0,0.092,14,0.0102,0.0035,0.031,0.03,"HQG156610",0.001
0.005,0.0223,0,0,0.008,0.02,0,0.181,14,0.008,0.003,0.023,0.022,"HQF043540",0
0.006,0.0394,0,0,0.008,0.01,0,0.181,20,0.0074,0.0028,0.028,0.027,"HQA143800",0
0.005,0.0772,3,2,0.017,0.02,0,0.92,24,0.0201,0.0027,0.03,0.029,"HQE139570",0.001
0.005,0.0018,0,0,0.093,0.02,0,0.146,21,0.0169,0.0099,0.031,0.03,"HQE037420",0
0.006,0.0524,0,2,0.009,0.02,0,0.298,28,0.0085,0.0034,0.034,0.031,"HQY131910",0
0.007,0.0374,0,0,0.011,0.01,0,0.183,17,0.0069,0.0031,0.023,0.022,"HQA150880",0
0.006,0.0381,0,0,0.02,0.03,0,0.196,22,0.0097,0.0038,0.021,0.02,"HQC103740",0
0.005,0.0347,0,0,0.01,0.02,0,0.184,22,0.0078,0.0033,0.026,0.023,"HQZ055950",0
0.005,0.0014,0,0,0.011,0.01,0,0.073,17,0.0096,0.0033,0.031,0.029,"HQE162890",0.002
0.004,0.0599,0,0,0.014,0.02,0,0.796,31,0.0107,0.0021,0.039,0.037,"HQJ141150",0.001
0.004,0.0663,0,1,0.014,0.02,0,0.494,29,0.0122,0.0032,0.049,0.046,"HQG165740",0.001
0.005,0.002,0,0,0.013,0.02,0,0.057,18,0.0061,0.004,0.03,0.028,"HQH031580",0.002
0.008,0.0826,2,2,0.012,0.02,0,1.081,31,0.02,0.0021,0.029,0.028,"HQD029040",0.001
0.005,0.0405,0,0,0.014,0.02,0,0.188,16,0.0095,0.0039,0.026,0.026,"HQE036640",0
0.005,0.004,11,1,0.099,0.02,0.06,0.56,23,0.0812,0.0098,0.053,0.052,"HQE041370",0.002
0.005,0.0393,0,0,0.021,0.01,0,0.208,20,0.0042,0.0038,0.02,0.018,"HQA025090",0
0.004,0.0019,0,1,0.018,0.02,0,0.055,19,0.0092,0.0036,0.035,0.034,"HQE144910",0.001
0.004,0.0358,0,0,0.021,0.02,0,0.193,16,0.0096,0.0041,0.024,0.024,"HQF048240",0
0.006,0.1023,0,0,0.017,0.02,0,0.507,23,0.0095,0.0029,0.017,0.016,"HQZ037190",0
0.008,0.002,0,1,0.02,0.02,0,0.089,12,0.01,0.0034,0.026,0.024,"HQA145870",0.001
0.005,0.1476,0,0,0.012,0.02,0,0.708,25,0.0187,0.0027,0.017,0.014,"HQD147650",0.002
0.006,0.0567,0,0,0.012,0.02,0,0.363,30,0.0082,0.0032,0.038,0.034,"HQF010550",0
0.004,0.1244,0,0,0.02,0.02,0,0.309,26,0.0073,0.0026,0.017,0.016,"HQC064370",0
0.005,0.1437,0,0,0.014,0.02,0,0.468,30,0.0086,0.003,0.025,0.025,"HQD131020",0
0.005,0.0383,0,0,0.029,0.02,0,0.21,22,0.0068,0.0042,0.022,0.021,"HQX118450",0
0.006,0.0182,0,2,0.014,0.02,0,0.204,20,0.0087,0.0028,0.024,0.023,"HQY128210",0
0.005,0.0438,0,0,0.01,0.02,0,0.189,23,0.0133,0.0038,0.028,0.028,"HQF152820",0
0.004,0.0017,0,0,0.03,0.02,0,0.082,14,0.0101,0.0038,0.026,0.026,"HQF078140",0.002
0.005,0.0524,0,1,0.013,0.02,0,0.334,27,0.0092,0.0027,0.036,0.035,"HQE126930",0.001
0.006,0.0523,0,0,0.016,0.02,0,0.346,37,0.0092,0.004,0.039,0.038,"HQF010640",0
0.007,0.1449,0,0,0.017,0.02,0,0.845,27,0.0097,0.0031,0.024,0.023,"HQY124970",0.001
0.006,0.0777,2,0,0.017,0.02,0,0.899,38,0.0202,0.0025,0.026,0.025,"HQZ088930",0
0.005,0.039,0,0,0.016,0.02,0,0.149,34,0.0073,0.0025,0.025,0.024,"HQB041630",0
0.005,0.0773,5,1,0.024,0.02,0,0.897,38,0.0205,0.0027,0.031,0.031,"HQF070950",0.001
0.004,0.036,0,1,0.008,0.01,0,0.193,27,0.0076,0.0036,0.024,0.022,"HQJ100210",0
0.007,0.1383,0,0,0.012,0.02,0,0.864,35,0.0097,0.0024,0.022,0.021,"HQZ047360",0.001
0.005,0.0382,0,0,0.011,0.01,0,0.202,36,0.0066,0.0023,0.026,0.025,"HQD086400",0
0.004,0.0388,0,0,0.008,0.01,0,0.21,14,0.0071,0.003,0.03,0.028,"HQH147960",0
0.006,0.0409,0,0,0.026,0.02,0,0.191,23,0.0099,0.0031,0.027,0.026,"HQC057950",0
0.004,0.0183,0,1,0.01,0.02,0,0.186,19,0.0093,0.0039,0.025,0.023,"HQY048110",0
0.005,0.0016,0,1,0.021,0.03,0,0.103,18,0.012,0.0047,0.028,0.028,"HQH091350",0.001
0.005,0.0617,0,1,0.015,0.01,0,0.34,29,0.007,0.0027,0.032,0.03,"HQB038480",0
0.004,0.0404,0,0,0.013,0.02,0,0.189,15,0.0088,0.0033,0.023,0.022,"HQF056530",0
0.005,0.0355,0,0,0.02,0.02,0,0.189,30,0.008,0.0028,0.032,0.032,"HQH026820",0
0.006,0.0206,0,1,0.019,0.02,0,0.143,16,0.0119,0.004,0.026,0.024,"HQB021990",0.002
0.005,0.1045,0,0,0.015,0.02,0,0.47,26,0.0112,0.0033,0.032,0.027,"HQH034580",0
0.006,0.0788,2,0,0.028,0.02,0,0.906,37,0.0196,0.0023,0.028,0.027,"HQA011410",0.001
0.006,0.0373,0,0,0.009,0.02,0,0.183,26,0.0104,0.003,0.02,0.019,"HQC138160",0
0.004,0.1148,0,0,0.023,0.02,0,0.316,25,0.0065,0.0034,0.029,0.027,"HQG076200",0
0.005,0.0021,0,0,0.01,0.02,0,0.088,14,0.0106,0.0033,0.037,0.036,"HQG047230",0.001
0.005,0.0025,0,4,0.009,0.02,0,0.105,14,0.0097,0.0032,0.026,0.025,"HQD153390",0.002
0.005,0.043,12,0,0.023,0.02,0,0.237,14,0.0093,0.0041,0.035,0.033,"HQF087330",0
0.004,0.0191,0,0,0.023,0.02,0,0.14,16,0.0089,0.0037,0.023,0.022,"HQJ141370",0
0.004,0.0569,0,0,0.028,0.02,0,0.335,28,0.0083,0.0028,0.041,0.041,"HQB142610",0
0.006,0.0396,0,0,0.026,0.02,0,0.154,29,0.0068,0.0026,0.021,0.019,"HQY091300",0
0.007,0.0352,0,1,0.008,0.02,0,0.195,19,0.0095,0.0028,0.022,0.019,"HQB018340",0
0.004,0.0414,17,2,0.021,0.02,0,0.128,14,0.011,0.0033,0.017,0.016,"HQE042390",0
0.006,0.0355,0,0,0.009,0.02,0,0.203,23,0.01,0.0035,0.022,0.02,"HQX046230",0
0.006,0.0434,0,1,0.009,0.02,0,0.284,34,0.0079,0.0032,0.038,0.037,"HQZ139270",0
0.005,0.0815,3,0,0.019,0.02,0,0.909,28,0.0189,0.0021,0.027,0.027,"HQE067990",0.001
0.005,0.0615,0,1,0.024,0.02,0,0.765,28,0.0117,0.0024,0.028,0.027,"HQG000590",0
0.006,0.0362,0,1,0.013,0.02,0,0.202,19,0.0073,0.0035,0.028,0.027,"HQY103850",0
0.005,0.0435,0,0,0.022,0.02,0,0.196,30,0.0071,0.003,0.022,0.021,"HQC057310",0
0.005,0.0348,0,0,0.026,0.02,0.01,0.183,15,0.0071,0.0032,0.025,0.024,"HQG163420",0
0.005,0.0363,0,0,0.018,0.02,0,0.183,22,0.0083,0.0028,0.017,0.016,"HQF144330",0
0.005,0.0211,0,0,0.012,0.02,0,0.186,15,0.0064,0.003,0.027,0.026,"HQY041050",0
0.006,0.1169,0,0,0.015,0.02,0.01,0.337,23,0.0087,0.0023,0.024,0.023,"HQX048780",0
0.005,0.0661,0,2,0.037,0.04,0,0.492,37,0.0122,0.0021,0.06,0.057,"HQE052520",0.001
0.005,0.1104,0,0,0.021,0.02,0,0.451,55,0.0119,0.0025,0.028,0.027,"HQH119730",0.001
0.007,0.196,0,0,0.011,0.02,0,0.868,45,0.0082,0.0023,0.015,0.014,"HQA096910",0
0.004,0.0016,4,16,0.052,0.02,0,0.21,16,0.0464,0.0093,0.043,0.041,"HQH110090",0.001
0.005,0.0342,0,0,0.016,0.02,0,0.191,18,0.0097,0.0035,0.02,0.018,"HQZ147970",0
0.004,0.1782,0,0,0.023,0.02,0,0.771,36,0.0097,0.0016,0.035,0.034,"HQG093430",0
0.007,0.0423,0,2,0.016,0.02,0,0.189,14,0.0068,0.0032,0.028,0.026,"HQA160230",0
0.006,0.0382,12,0,0.009,0.02,0,0.244,21,0.0089,0.0032,0.028,0.026,"HQX051740",0
0.007,0.0406,0,0,0.011,0.02,0,0.208,29,0.0065,0.0023,0.029,0.027,"HQZ002300",0.001
0.005,0.0022,0,0,0.02,0.02,0,0.092,17,0.0096,0.0039,0.03,0.028,"HQF119330",0.001
0.005,0.0418,0,1,0.016,0.02,0,0.191,32,0.0079,0.0029,0.031,0.03,"HQG017910",0
0.006,0.0351,0,0,0.01,0.02,0,0.2,17,0.0073,0.0028,0.027,0.025,"HQY130800",0
0.005,0.0021,0,1,0.013,0.02,0,0.101,15,0.0093,0.0039,0.035,0.033,"HQE063440",0.001
0.006,0.0406,20,0,0.016,0.02,0,0.187,16,0.0093,0.0035,0.021,0.02,"HQA053950",0
0.005,0.0381,0,0,0.011,0.01,0,0.193,18,0.0067,0.0034,0.026,0.024,"HQF001940",0
0.005,0.0016,0,0,0.013,0.02,0,0.075,15,0.0107,0.0032,0.027,0.024,"HQH106530",0.003
0.006,0.0542,0,0,0.011,0.01,0,0.345,33,0.0076,0.0029,0.036,0.034,"HQH117810",0
0.007,0.0384,0,0,0.01,0.02,0,0.214,22,0.0081,0.0027,0.022,0.02,"HQD032950",0
0.005,0.146,0,0,0.019,0.02,0,0.914,35,0.0124,0.003,0.018,0.017,"HQE152510",0.001
0.007,0.0788,3,0,0.018,0.02,0,0.9,32,0.019,0.0032,0.029,0.027,"HQY154900",0.001
0.006,0.0022,0,0,0.011,0.02,0,0.142,15,0.0091,0.0033,0.032,0.029,"HQE098040",0.002
0.006,0.0563,0,0,0.018,0.02,0,0.359,32,0.0069,0.003,0.036,0.034,"HQA099520",0
0.005,0.0465,0,0,0.017,0.02,0,0.286,47,0.0088,0.0033,0.032,0.028,"HQE047770",0
0.006,0.1184,0,0,0.01,0.02,0,0.291,24,0.0084,0.0028,0.024,0.022,"HQZ096230",0
0.004,0.0292,0,0,0.011,0.02,0,0.194,16,0.0121,0.0034,0.03,0.026,"HQE000980",0
0.006,0.0595,0,0,0.012,0.02,0,0.347,25,0.0079,0.003,0.043,0.042,"HQD045400",0
0.006,0.0368,0,0,0.009,0.01,0,0.196,18,0.0053,0.003,0.021,0.02,"HQY109240",0
0.004,0.1137,0,0,0.018,0.02,0,0.293,30,0.0109,0.0019,0.021,0.02,"HQJ069780",0
0.006,0.0368,0,0,0.012,0.02,0,0.207,20,0.0078,0.0029,0.021,0.018,"HQC107070",0
0.004,0.0015,0,0,0.018,0.02,0,0.073,14,0.0098,0.0037,0.035,0.034,"HQJ111340",0.001
0.004,0.1147,0,0,0.014,0.02,0,0.486,22,0.0131,0.0028,0.023,0.022,"HQF045110",0
0.006,0.115,0,1,0.011,0.02,0.01,0.48,30,0.0122,0.003,0.022,0.021,"HQA017610",0
0.006,0.1843,0,0,0.014,0.02,0,0.425,25,0.0097,0.003,0.037,0.036,"HQE078490",0.001
0.006,0.0374,0,0,0.027,0.02,0,0.2,12,0.0085,0.0039,0.028,0.027,"HQY075720",0
0.005,0.0333,0,0,0.011,0.02,0,0.184,22,0.0077,0.0034,0.025,0.021,"HQE006320",0
0.006,0.0168,0,1,0.011,0.02,0,0.135,15,0.009,0.0033,0.035,0.033,"HQY150870",0
0.005,0.0361,0,0,0.011,0.01,0,0.189,28,0.0084,0.0029,0.029,0.028,"HQB097450",0
0.004,0.122,0,0,0.012,0.02,0.01,1.179,29,0.0091,0.0021,0.022,0.021,"HQJ071160",0.002
0.004,0.1488,0,0,0.03,0.02,0,0.6,29,0.0138,0.0039,0.034,0.032,"HQF149670",0.001
0.006,0.0188,0,2,0.01,0.02,0,0.184,17,0.0095,0.0031,0.024,0.023,"HQY047710",0
0.004,0.1065,0,5,0.017,0.02,0,0.437,25,0.0098,0.003,0.026,0.025,"HQH117190",0
0.006,0.1176,0,0,0.024,0.02,0,0.445,23,0.0107,0.0034,0.02,0.019,"HQB004200",0
0.005,0.0404,9,0,0.011,0.02,0,0.233,16,0.0089,0.0033,0.035,0.033,"HQG036060",0
0.005,0.0245,0,0,0.017,0.02,0,0.188,14,0.0072,0.0038,0.03,0.03,"HQE039720",0
0.007,0.0018,0,0,0.014,0.02,0,0.1,15,0.0085,0.0039,0.029,0.026,"HQA116560",0.002
0.005,0.0027,0,1,0.012,0.02,0,0.063,17,0.0073,0.004,0.031,0.03,"HQY019210",0.002
0.005,0.0333,0,0,0.011,0.01,0,0.186,21,0.008,0.0027,0.026,0.025,"HQA069270",0
0.006,0.176,0,1,0.019,0.03,0,0.768,32,0.0121,0.0031,0.026,0.026,"HQE064550",0.001
0.005,0.0464,0,0,0.01,0.02,0,0.282,23,0.0069,0.0035,0.019,0.018,"HQX107700",0
0.004,0.0018,0,0,0.013,0.02,0,0.098,15,0.0107,0.0037,0.034,0.032,"HQH060170",0
0.004,0.038,0,0,0.017,0.02,0,0.18,20,0.0085,0.0033,0.024,0.023,"HQH136780",0
0.007,0.0812,2,0,0.016,0.02,0,0.914,36,0.0184,0.0022,0.032,0.031,"HQA144640",0.001
0.005,0.0519,0,1,0.018,0.02,0,0.292,24,0.0084,0.0039,0.022,0.02,"HQX068170",0
0.005,0.0426,0,0,0.019,0.03,0,0.209,12,0.0123,0.0043,0.016,0.016,"HQD144110",0
0.005,0.002,0,0,0.015,0.02,0,0.075,15,0.0087,0.003,0.035,0.033,"HQZ108980",0.001
0.005,0.0598,0,1,0.018,0.02,0,0.338,28,0.0099,0.0035,0.039,0.038,"HQZ049470",0
0.007,0.0189,0,0,0.009,0.02,0,0.188,16,0.0079,0.0033,0.02,0.019,"HQA121050",0
0.005,0.1716,0,0,0.011,0.02,0,0.533,38,0.0113,0.0028,0.025,0.024,"HQZ154530",0
0.004,0.06,0,1,0.013,0.02,0,0.795,31,0.0123,0.0028,0.037,0.036,"HQG118460",0.001
0.006,0.0364,0,0,0.012,0.01,0,0.205,26,0.008,0.0034,0.027,0.026,"HQX155740",0
0.006,0.0435,0,0,0.02,0.02,0,0.289,18,0.0084,0.0034,0.029,0.028,"HQY129540",0
0.005,0.0745,0,1,0.011,0.02,0,0.352,30,0.0073,0.0035,0.025,0.024,"HQZ064730",0
0.006,0.0023,0,0,0.013,0.02,0,0.145,22,0.0099,0.0039,0.023,0.021,"HQY015870",0.001
0.005,0.0395,0,0,0.018,0.02,0,0.2,20,0.0079,0.0035,0.025,0.023,"HQZ074790",0
0.006,0.056,0,0,0.015,0.02,0,0.798,37,0.0119,0.0031,0.038,0.034,"HQF015490",0
0.006,0.0373,0,0,0.012,0.02,0,0.183,19,0.0091,0.003,0.024,0.021,"HQA147090",0
0.006,0.1196,0,1,0.02,0.02,0,0.444,29,0.009,0.0026,0.021,0.02,"HQY105660",0
0.006,0.1891,0,0,0.02,0.02,0,0.483,31,0.0089,0.0032,0.03,0.029,"HQA056450",0
0.005,0.0017,0,0,0.026,0.03,0,0.085,17,0.0098,0.0035,0.026,0.023,"HQA045630",0.002
0.006,0.0015,0,0,0.019,0.02,0,0.063,20,0.0069,0.0038,0.03,0.028,"HQY001830",0.002
0.005,0.0226,0,0,0.011,0.02,0,0.2,13,0.0092,0.0036,0.021,0.02,"HQZ127220",0
0.006,0.0365,0,0,0.011,0.02,0,0.197,14,0.0096,0.0029,0.024,0.022,"HQE069230",0
0.004,0.0406,0,0,0.005,0.02,0,0.196,15,0.0154,0.0032,0.029,0.028,"HQF064450",0
0.006,0.0413,0,0,0.008,0.02,0,0.206,16,0.0112,0.0032,0.017,0.017,"HQD065850",0
0.005,0.0788,3,1,0.013,0.01,0,0.91,33,0.019,0.0029,0.024,0.024,"HQE139830",0.001
0.006,0.0375,0,0,0.009,0.02,0,0.214,28,0.0043,0.003,0.025,0.022,"HQX118020",0
0.007,0.0398,0,0,0.011,0.02,0,0.18,27,0.0078,0.0035,0.025,0.024,"HQB104810",0
0.006,0.0183,0,0,0.015,0.02,0,0.189,20,0.0079,0.0035,0.024,0.023,"HQE077870",0
0.004,0.2025,0,0,0.013,0.02,0,0.889,26,0.0125,0.0032,0.015,0.014,"HQG089600",0
0.007,0.0643,0,0,0.023,0.02,0,0.239,100,0.0112,0.0034,0.024,0.023,"HQA095810",0
0.005,0.0334,0,0,0.011,0.02,0,0.199,16,0.0088,0.0044,0.027,0.023,"HQE032890",0
0.006,0.0364,0,0,0.013,0.02,0,0.201,20,0.0057,0.0032,0.035,0.033,"HQZ044860",0
0.005,0.044,0,2,0.019,0.02,0,0.179,32,0.0105,0.0027,0.03,0.029,"HQF137780",0.001
0.004,0.0784,3,1,0.014,0.02,0,0.901,25,0.0184,0.0021,0.028,0.027,"HQJ164110",0.001
0.005,0.0378,0,0,0.014,0.02,0,0.188,21,0.0068,0.0034,0.023,0.022,"HQZ167420",0
0.003,0.0196,0,0,0.024,0.02,0,0.137,16,0.007,0.003,0.032,0.031,"HQJ161840",0
0.007,0.0777,3,0,0.016,0.02,0,0.913,29,0.0192,0.0026,0.029,0.027,"HQA102160",0
0.006,0.002,0,0,0.017,0.02,0,0.095,19,0.0094,0.0037,0.024,0.022,"HQY100070",0.001
0.005,0.0348,0,0,0.026,0.02,0.01,0.183,15,0.0071,0.0032,0.025,0.024,"HQG163880",0
0.005,0.0705,0,0,0.019,0.03,0,0.604,29,0.02,0.0032,0.023,0.022,"HQF137640",0.002
0.005,0.002,0,0,0.018,0.02,0,0.062,19,0.0096,0.0038,0.029,0.028,"HQH083060",0.002
0.006,0.0019,0,0,0.012,0.02,0,0.093,17,0.0101,0.0035,0.028,0.027,"HQB083630",0.001
0.006,0.0587,0,0,0.02,0.02,0,0.339,30,0.0066,0.0031,0.035,0.033,"HQZ005780",0
0.005,0.0745,0,0,0.016,0.02,0,0.454,31,0.0077,0.0026,0.028,0.027,"HQZ066960",0
0.006,0.075,2,0,0.019,0.02,0,1.089,33,0.0193,0.0025,0.027,0.026,"HQX001740",0.001
0.005,0.0201,14,0,0.013,0.02,0,0.152,12,0.0087,0.0036,0.021,0.019,"HQA071540",0
0.004,0.0302,0,0,0.028,0.03,0,0.304,18,0.0205,0.0056,0.024,0.02,"HQH078940",0.001
0.007,0.0394,17,0,0.01,0.02,0,0.208,20,0.008,0.0036,0.017,0.016,"HQX082780",0
0.004,0.0017,5,0,0.056,0.02,0,0.201,21,0.0463,0.0094,0.041,0.039,"HQJ155430",0.001
0.006,0.0397,0,0,0.018,0.02,0,0.191,18,0.0075,0.0043,0.027,0.026,"HQZ093430",0
0.005,0.0362,0,2,0.009,0.02,0,0.187,14,0.0087,0.0041,0.018,0.017,"HQD040580",0
0.004,0.0024,15,0,0.06,0.07,0,0.538,19,0.0133,0.0045,0.025,0.024,"HQJ056240",0.002
0.005,0.0384,0,0,0.01,0.02,0,0.195,25,0.0094,0.0028,0.018,0.017,"HQJ021370",0
0.006,0.034,0,2,0.013,0.02,0,0.202,28,0.0069,0.0029,0.035,0.033,"HQY028010",0
0.005,0.002,0,0,0.011,0.02,0,0.15,12,0.0095,0.003,0.022,0.019,"HQZ113870",0.001
0.006,0.033,0,0,0.013,0.02,0,0.212,27,0.0074,0.0036,0.025,0.021,"HQC098420",0
0.005,0.0382,0,1,0.017,0.02,0,0.145,18,0.0065,0.0035,0.024,0.023,"HQY091220",0
0.007,0.0393,0,0,0.009,0.01,0,0.203,20,0.0057,0.0033,0.025,0.023,"HQY116140",0
0.005,0.0022,0,0,0.014,0.02,0,0.144,15,0.009,0.0037,0.022,0.02,"HQZ113660",0.001
0.005,0.0372,0,0,0.016,0.01,0,0.208,25,0.0075,0.0028,0.037,0.035,"HQY040420",0.001
0.006,0.0378,0,0,0.014,0.02,0,0.193,19,0.0082,0.0032,0.026,0.025,"HQY084230",0
0.005,0.0015,0,0,0.017,0.02,0,0.07,17,0.0091,0.0034,0.038,0.035,"HQF078700",0.002
0.006,0.0027,0,0,0.024,0.02,0,0.091,17,0.0104,0.0034,0.032,0.031,"HQA135890",0.001
0.007,0.0763,3,0,0.024,0.02,0,0.895,35,0.0177,0.0022,0.035,0.034,"HQB015870",0
0.008,0.1709,0,0,0.011,0.02,0,0.79,29,0.0074,0.002,0.023,0.022,"HQZ000400",0.002
0.006,0.1227,0,1,0.012,0.02,0,1.176,41,0.0145,0.0021,0.025,0.024,"HQX134100",0.001
0.006,0.0598,0,0,0.012,0.02,0,0.34,32,0.0058,0.0035,0.04,0.038,"HQX134750",0
0.004,0.0478,0,0,0.011,0.02,0,0.292,34,0.0068,0.0026,0.038,0.036,"HQG112230",0
0.004,0.0389,0,0,0.017,0.02,0,0.179,14,0.0091,0.003,0.022,0.021,"HQF041100",0
0.005,0.0661,0,2,0.037,0.04,0,0.492,37,0.0122,0.0021,0.06,0.057,"HQE052620",0.001
0.006,0.0433,0,0,0.022,0.02,0,0.204,21,0.0066,0.003,0.03,0.028,"HQA164180",0
0.006,0.0351,0,0,0.012,0.02,0,0.201,10,0.0084,0.0035,0.027,0.026,"HQE103580",0
0.004,0.1989,0,0,0.05,0.02,0,0.437,33,0.0088,0.002,0.037,0.035,"HQH167120",0
0.005,0.0032,16,0,0.061,0.07,0,0.563,16,0.0149,0.0036,0.027,0.024,"HQH053200",0.002
0.005,0.0316,0,0,0.023,0.03,0,0.204,26,0.012,0.0041,0.026,0.022,"HQF114530",0
0.005,0.2009,0,0,0.016,0.02,0,0.439,39,0.0092,0.0023,0.029,0.028,"HQJ084280",0
0.004,0.0352,0,0,0.009,0.01,0,0.206,29,0.0083,0.0027,0.021,0.02,"HQB148520",0
0.005,0.0365,0,8,0.018,0.02,0,0.174,18,0.0068,0.0035,0.021,0.019,"HQC117160",0
0.004,0.0376,0,0,0.014,0.02,0,0.188,21,0.0092,0.0031,0.03,0.028,"HQG012480",0
0.004,0.0403,0,0,0.018,0.02,0,0.175,16,0.011,0.0031,0.027,0.025,"HQF155610",0
0.005,0.0022,0,1,0.011,0.02,0,0.106,11,0.0095,0.003,0.027,0.025,"HQG157320",0.001
0.004,0.1486,0,0,0.021,0.02,0,0.909,30,0.0118,0.0022,0.021,0.017,"HQJ052400",0.001
0.004,0.0404,0,0,0.019,0.02,0,0.193,15,0.0102,0.0042,0.028,0.026,"HQH078520",0
0.004,0.0014,0,0,0.009,0.02,0,0.066,9,0.0106,0.0033,0.038,0.036,"HQD093420",0.002
0.007,0.0378,0,0,0.011,0.02,0,0.175,17,0.0089,0.003,0.026,0.024,"HQA145760",0
0.004,0.0393,0,0,0.017,0.02,0,0.192,14,0.0107,0.008,0.02,0.019,"HQJ126860",0
0.006,0.0574,0,0,0.015,0.02,0,0.35,21,0.0108,0.0031,0.028,0.026,"HQX098250",0
0.006,0.1153,0,0,0.011,0.02,0,0.297,25,0.009,0.0034,0.017,0.016,"HQD014790",0
0.006,0.1378,1,0,0.013,0.01,0,0.815,45,0.0102,0.0028,0.017,0.016,"HQX076790",0.001
0.004,0.1273,1,1,0.019,0.02,0,0.87,25,0.0094,0.0029,0.028,0.027,"HQJ051590",0.001
0.006,0.0325,0,0,0.009,0.02,0,0.186,20,0.009,0.0027,0.024,0.024,"HQA133390",0
0.006,0.0715,0,0,0.021,0.02,0,0.611,32,0.0186,0.0035,0.029,0.028,"HQZ160600",0
0.005,0.1221,0,0,0.021,0.02,0,0.438,25,0.0112,0.0029,0.018,0.018,"HQC059120",0
0.004,0.0363,0,0,0.026,0.02,0,0.205,23,0.0068,0.0031,0.025,0.024,"HQG137510",0
0.006,0.0339,0,0,0.011,0.01,0,0.193,33,0.0044,0.0024,0.022,0.02,"HQB075490",0
0.004,0.0017,0,0,0.03,0.02,0,0.082,14,0.0101,0.0038,0.026,0.026,"HQF078620",0.002
0.005,0.1124,0,0,0.022,0.02,0,0.323,30,0.0101,0.0019,0.02,0.019,"HQB046430",0
0.005,0.0339,0,0,0.019,0.02,0,0.19,15,0.0089,0.0032,0.022,0.02,"HQA037970",0
0.006,0.0382,0,1,0.027,0.02,0,0.199,29,0.0087,0.003,0.024,0.023,"HQB031610",0
0.004,0.1528,0,0,0.012,0.02,0,0.509,27,0.0119,0.0022,0.025,0.024,"HQJ001410",0
0.003,0.0511,0,0,0.019,0.02,0,0.325,25,0.0095,0.0031,0.033,0.03,"HQG117730",0
0.006,0.0695,0,0,0.01,0.02,0,0.508,32,0.0107,0.0033,0.044,0.04,"HQD040200",0
0.006,0.152,0,0,0.021,0.02,0,0.435,23,0.0112,0.005,0.02,0.02,"HQE079840",0.001
0.005,0.1189,0,0,0.016,0.02,0,0.305,28,0.0084,0.0029,0.024,0.023,"HQX118830",0
0.004,0.0768,0,0,0.022,0.02,0,0.413,23,0.0085,0.0027,0.022,0.021,"HQJ144100",0
0.005,0.0483,0,0,0.01,0.02,0,0.288,24,0.0139,0.0044,0.028,0.027,"HQZ165670",0
0.004,0.0017,0,0,0.021,0.02,0,0.103,14,0.0103,0.0046,0.031,0.026,"HQF083890",0.001
0.005,0.0377,0,1,0.01,0.01,0,0.194,21,0.0046,0.0036,0.024,0.02,"HQZ018700",0
0.005,0.0377,10,0,0.01,0.02,0,0.242,19,0.0058,0.0031,0.032,0.031,"HQA008690",0
0.005,0.0629,0,1,0.013,0.02,0,0.338,32,0.0125,0.0031,0.032,0.031,"HQG064490",0.001
0.004,0.0389,0,0,0.011,0.02,0,0.203,25,0.008,0.0029,0.024,0.023,"HQF095600",0
0.004,0.0335,0,0,0.01,0.01,0,0.186,21,0.005,0.0038,0.021,0.02,"HQG122340",0
0.007,0.0338,0,0,0.013,0.02,0,0.191,19,0.0073,0.0055,0.021,0.02,"HQA131820",0
0.006,0.0401,0,0,0.014,0.02,0,0.291,27,0.0082,0.0029,0.017,0.016,"HQY129120",0
0.004,0.1206,0,0,0.028,0.02,0,1.172,29,0.0084,0.0025,0.023,0.022,"HQB150260",0.001
0.004,0.0827,0,4,0.016,0.02,0,0.451,34,0.0112,0.0024,0.029,0.028,"HQJ034380",0.001
0.006,0.1662,0,1,0.019,0.02,0,0.776,32,0.0114,0.0031,0.021,0.02,"HQX023990",0.001
0.004,0.0594,0,0,0.012,0.01,0,0.79,36,0.008,0.0018,0.028,0.027,"HQF030170",0
0.004,0.191,0,0,0.016,0.02,0,0.445,27,0.0096,0.0023,0.034,0.032,"HQJ142260",0
0.005,0.0016,0,0,0.015,0.01,0,0.085,17,0.01,0.0038,0.029,0.028,"HQX142220",0.001
0.005,0.0012,6,0,0.054,0.02,0,0.199,18,0.0475,0.0089,0.032,0.03,"HQZ133660",0
0.005,0.0574,0,0,0.014,0.02,0,0.785,33,0.0077,0.003,0.04,0.039,"HQB001950",0.001
0.007,0.0469,0,0,0.01,0.02,0,0.189,16,0.004,0.0038,0.019,0.019,"HQD035470",0
0.004,0.0419,11,0,0.009,0.01,0,0.183,15,0.0074,0.0036,0.027,0.026,"HQG073590",0
0.006,0.0387,0,0,0.008,0.02,0,0.199,15,0.0082,0.0029,0.025,0.024,"HQZ094860",0
0.006,0.0019,4,0,0.056,0.02,0,0.203,23,0.045,0.0091,0.042,0.041,"HQZ075030",0
0.007,0.0638,0,0,0.013,0.02,0,0.62,35,0.0184,0.0022,0.03,0.029,"HQD053880",0.001
0.005,0.0623,0,0,0.01,0.02,0,0.844,25,0.0099,0.0027,0.032,0.031,"HQZ122950",0.001
0.005,0.0379,0,0,0.017,0.03,0,0.2,32,0.0073,0.0028,0.028,0.026,"HQB051700",0
0.004,0.047,0,4,0.015,0.02,0,0.296,40,0.0082,0.0023,0.04,0.036,"HQY051640",0
0.005,0.0774,0,0,0.024,0.02,0,0.296,27,0.0064,0.0028,0.027,0.026,"HQH100320",0
0.005,0.0474,0,0,0.009,0.02,0,0.142,17,0.0061,0.0031,0.018,0.017,"HQC085250",0
0.005,0.0381,0,0,0.012,0.02,0,0.225,21,0.0064,0.0035,0.025,0.023,"HQX109800",0
0.004,0.0015,0,0,0.021,0.02,0,0.089,13,0.0107,0.0032,0.031,0.03,"HQH142910",0.001
0.005,0.0647,0,1,0.009,0.02,0,0.793,28,0.0107,0.0026,0.028,0.026,"HQZ058680",0.001
0.004,0.0328,0,0,0.026,0.02,0,0.182,21,0.0107,0.003,0.021,0.018,"HQE027880",0
0.006,0.0368,0,0,0.013,0.02,0,0.195,20,0.0067,0.0028,0.019,0.018,"HQA030790",0
0.005,0.0414,0,0,0.022,0.02,0,0.199,12,0.0083,0.0035,0.028,0.026,"HQH121150",0
0.004,0.1731,0,0,0.011,0.02,0,0.498,32,0.0104,0.003,0.023,0.022,"HQE043450",0.001
0.004,0.1281,0,0,0.02,0.02,0,0.862,25,0.0109,0.0028,0.017,0.016,"HQG072070",0
0.005,0.0352,17,3,0.031,0.02,0,0.19,19,0.0096,0.0037,0.012,0.011,"HQE042750",0
0.007,0.0427,0,0,0.023,0.02,0,0.191,14,0.0105,0.0033,0.029,0.028,"HQA092500",0
0.006,0.0019,0,0,0.012,0.02,0,0.085,21,0.0112,0.0028,0.036,0.035,"HQX013390",0.002
0.005,0.102,0,0,0.015,0.01,0,0.449,42,0.0071,0.0027,0.012,0.01,"HQZ114060",0
0.006,0.0418,0,0,0.015,0.02,0,0.286,28,0.0055,0.0031,0.019,0.018,"HQX109310",0
0.005,0.0402,0,0,0.02,0.02,0,0.203,23,0.0125,0.0029,0.029,0.028,"HQH112020",0.001
0.004,0.0021,0,0,0.019,0.03,0,0.142,18,0.0136,0.0034,0.021,0.02,"HQH127240",0.002
0.005,0.0647,0,0,0.012,0.02,0,0.474,39,0.0099,0.002,0.042,0.041,"HQC019270",0
0.005,0.0604,0,1,0.013,0.02,0,0.773,35,0.0102,0.0025,0.03,0.029,"HQG043030",0.001
0.006,0.0406,0,0,0.012,0.02,0,0.207,25,0.0089,0.0033,0.024,0.023,"HQC100970",0
0.004,0.1455,0,0,0.02,0.02,0,0.465,30,0.0133,0.0027,0.022,0.022,"HQF057550",0.001
0.006,0.0413,0,1,0.01,0.01,0,0.201,22,0.0068,0.0024,0.032,0.03,"HQY046050",0
0.005,0.0795,2,0,0.022,0.03,0,0.913,35,0.0198,0.0021,0.024,0.02,"HQH062730",0.001
0.004,0.0373,0,1,0.012,0.02,0,0.183,21,0.0126,0.0034,0.022,0.022,"HQG142830",0
0.004,0.1211,0,0,0.014,0.02,0,0.312,26,0.0121,0.0029,0.023,0.022,"HQH071440",0
0.005,0.0405,0,0,0.014,0.02,0,0.188,16,0.0095,0.0039,0.026,0.026,"HQE036440",0
0.006,0.0434,0,0,0.013,0.02,0,0.18,17,0.0101,0.003,0.023,0.021,"HQA077710",0
0.005,0.0418,0,0,0.013,0.01,0,0.199,30,0.0066,0.0034,0.024,0.023,"HQC041710",0
0.004,0.0783,5,0,0.015,0.02,0,0.89,34,0.0183,0.002,0.03,0.027,"HQH150100",0
0.005,0.1616,0,0,0.025,0.02,0,0.589,33,0.0106,0.0023,0.042,0.04,"HQH154290",0
0.004,0.0354,0,0,0.018,0.02,0,0.201,22,0.009,0.0032,0.032,0.031,"HQF093420",0
0.004,0.0347,0,1,0.023,0.02,0,0.184,18,0.0093,0.0036,0.024,0.022,"HQF074470",0
0.004,0.0376,0,0,0.02,0.02,0,0.194,23,0.0086,0.0037,0.023,0.022,"HQH126750",0
0.006,0.0543,0,0,0.021,0.02,0,0.353,20,0.0065,0.0038,0.037,0.036,"HQY070180",0
0.006,0.0362,1,0,0.012,0.02,0,0.182,25,0.0088,0.003,0.022,0.021,"HQC123530",0
0.006,0.0777,1,0,0.013,0.02,0,0.903,34,0.019,0.0024,0.031,0.029,"HQC145190",0.001
0.005,0.04,0,0,0.02,0.02,0,0.191,25,0.0095,0.0027,0.024,0.023,"HQJ099280",0
0.005,0.0218,0,0,0.018,0.02,0,0.207,20,0.0077,0.0032,0.021,0.02,"HQZ133170",0
0.005,0.0754,3,0,0.021,0.02,0,0.893,24,0.0188,0.0027,0.026,0.025,"HQC036980",0
0.005,0.0211,0,0,0.021,0.02,0,0.195,20,0.0078,0.0035,0.024,0.023,"HQH137980",0
0.005,0.0368,0,0,0.012,0.02,0,0.149,20,0.0053,0.0038,0.026,0.025,"HQG042370",0
0.006,0.0464,0,0,0.013,0.02,0,0.272,22,0.0071,0.0027,0.022,0.02,"HQY089630",0
0.006,0.073,0,0,0.016,0.02,0,0.284,23,0.0084,0.0032,0.021,0.02,"HQA053590",0
0.006,0.0364,0,0,0.028,0.02,0,0.191,17,0.0079,0.0039,0.03,0.03,"HQC127230",0
0.004,0.0393,0,0,0.019,0.02,0,0.197,16,0.0094,0.0036,0.032,0.029,"HQC066200",0
0.007,0.0369,0,3,0.022,0.02,0.01,0.201,35,0.0079,0.0034,0.022,0.02,"HQX088000",0
0.007,0.1316,0,0,0.013,0.02,0,0.898,38,0.0086,0.0026,0.024,0.023,"HQY124420",0.001
0.006,0.0015,0,0,0.009,0.02,0,0.09,19,0.0103,0.0034,0.026,0.025,"HQB099260",0.001
0.005,0.063,0,0,0.01,0.01,0,0.36,27,0.0056,0.0023,0.037,0.036,"HQF010840",0
0.005,0.0395,19,0,0.018,0.02,0,0.171,17,0.0064,0.0033,0.022,0.021,"HQZ161760",0
0.007,0.0016,0,7,0.097,0.02,0.01,0.136,17,0.0159,0.0094,0.034,0.032,"HQD054930",0
0.006,0.0411,0,0,0.018,0.02,0,0.2,19,0.007,0.0027,0.026,0.025,"HQA108600",0
0.006,0.1667,0,0,0.013,0.02,0,0.486,27,0.0097,0.0024,0.028,0.027,"HQY090800",0
0.006,0.0016,5,0,0.009,0.02,0,0.681,16,0.0593,0.0035,0.036,0.034,"HQZ064490",0.002
0.006,0.0378,0,7,0.014,0.02,0,0.196,28,0.0105,0.0026,0.032,0.03,"HQX030400",0
0.005,0.0025,17,0,0.057,0.07,0,0.528,21,0.0137,0.0039,0.03,0.028,"HQG159940",0.002
0.004,0.0201,0,0,0.016,0.02,0,0.196,14,0.0074,0.0033,0.02,0.018,"HQG045580",0
0.005,0.0421,0,0,0.009,0.02,0,0.198,21,0.0079,0.0042,0.023,0.022,"HQD126940",0
0.005,0.032,0,3,0.009,0.02,0,0.183,16,0.0107,0.0028,0.017,0.017,"HQE069040",0.001
0.005,0.1158,0,0,0.016,0.02,0,0.303,25,0.012,0.0031,0.027,0.026,"HQA035650",0
0.005,0.0387,0,0,0.014,0.02,0,0.186,14,0.0109,0.0032,0.02,0.02,"HQD143800",0
0.007,0.0393,0,0,0.021,0.02,0,0.211,35,0.0066,0.003,0.034,0.032,"HQB097180",0
0.005,0.0393,0,0,0.017,0.02,0,0.194,20,0.0076,0.0039,0.026,0.025,"HQY013670",0
0.005,0.0017,0,0,0.017,0.05,0.02,0.139,13,0.0519,0.0038,0.028,0.026,"HQC087170",0
0.005,0.0602,0,0,0.016,0.03,0,0.795,37,0.0117,0.0033,0.033,0.03,"HQE067450",0
0.005,0.0815,2,1,0.016,0.02,0,0.925,32,0.0184,0.0018,0.04,0.038,"HQE004260",0.002
0.005,0.1533,0,0,0.014,0.02,0,0.704,27,0.0106,0.0024,0.026,0.025,"HQE146300",0.001
0.006,0.044,0,0,0.011,0.02,0,0.191,23,0.0076,0.0038,0.022,0.021,"HQA095760",0
0.005,0.0382,0,0,0.02,0.02,0,0.184,21,0.0092,0.0029,0.027,0.025,"HQC058000",0
0.004,0.0582,0,0,0.015,0.02,0,0.773,31,0.0094,0.0029,0.025,0.022,"HQJ086660",0.001
0.005,0.0019,0,0,0.024,0.02,0,0.06,19,0.0083,0.0034,0.032,0.031,"HQF068870",0.003
0.006,0.0597,0,0,0.023,0.02,0,0.799,42,0.0083,0.0022,0.04,0.039,"HQB099330",0
0.006,0.0727,0,1,0.021,0.02,0,0.515,30,0.0099,0.0028,0.049,0.046,"HQC105040",0
0.005,0.0368,0,0,0.012,0.02,0,0.207,13,0.01,0.0034,0.023,0.022,"HQZ167520",0
0.005,0.0413,0,0,0.01,0.02,0,0.195,10,0.0078,0.0029,0.028,0.027,"HQZ091250",0
0.005,0.0598,0,0,0.015,0.02,0,0.793,29,0.0083,0.0037,0.03,0.028,"HQC042460",0
0.007,0.0646,0,0,0.012,0.02,0,0.809,37,0.0095,0.0026,0.042,0.041,"HQY074280",0.001
0.006,0.0404,0,1,0.013,0.02,0,0.154,24,0.007,0.0036,0.023,0.022,"HQZ039740",0
0.005,0.0012,6,0,0.063,0.02,0,0.2,16,0.0426,0.0087,0.04,0.039,"HQZ077460",0.001
0.007,0.0388,0,0,0.021,0.01,0,0.197,22,0.0067,0.0034,0.021,0.02,"HQY159130",0.001
0.005,0.0017,5,1,0.054,0.02,0,0.192,17,0.0479,0.0083,0.042,0.04,"HQF069380",0.001
0.004,0.0046,10,0,0.097,0.02,0.06,0.59,15,0.0833,0.01,0.046,0.044,"HQJ074790",0.002
0.005,0.0369,0,0,0.024,0.01,0,0.182,17,0.0095,0.003,0.022,0.021,"HQF143030",0
0.005,0.0399,0,0,0.012,0.02,0,0.212,17,0.0069,0.0027,0.027,0.026,"HQA013610",0
0.005,0.0336,0,0,0.011,0.02,0,0.182,19,0.006,0.0035,0.023,0.022,"HQZ148490",0
0.006,0.0356,0,1,0.022,0.02,0,0.196,21,0.0103,0.0034,0.023,0.021,"HQB006620",0
0.005,0.0603,0,0,0.015,0.02,0,0.343,28,0.0077,0.003,0.036,0.035,"HQZ163620",0.001
0.005,0.0769,3,0,0.023,0.02,0,0.906,28,0.0191,0.0024,0.023,0.022,"HQE072100",0.002
0.005,0.0392,0,1,0.022,0.03,0,0.205,20,0.0086,0.0037,0.021,0.019,"HQB131380",0
0.004,0.0017,0,1,0.014,0.02,0,0.143,15,0.0098,0.0035,0.029,0.028,"HQD146800",0.001
0.004,0.1769,1,1,0.029,0.02,0,0.799,26,0.0145,0.0037,0.022,0.022,"HQJ061560",0.002
0.006,0.0389,1,0,0.027,0.01,0,0.221,22,0.0051,0.0044,0.025,0.023,"HQX140000",0
0.005,0.0376,19,0,0.013,0.02,0,0.189,19,0.0089,0.0029,0.019,0.017,"HQB141220",0
0.007,0.0789,2,0,0.02,0.02,0,0.915,37,0.019,0.0022,0.028,0.027,"HQX006700",0.001
0.005,0.002,0,0,0.019,0.02,0,0.097,22,0.0096,0.0035,0.025,0.023,"HQH089150",0.001
0.006,0.0408,0,0,0.024,0.02,0,0.206,16,0.0079,0.0034,0.019,0.018,"HQA164280",0
0.005,0.0401,0,0,0.012,0.01,0,0.236,23,0.0069,0.0029,0.035,0.03,"HQE155570",0
0.004,0.0554,0,0,0.01,0.01,0,0.785,32,0.0085,0.0023,0.026,0.025,"HQF032050",0
0.004,0.1254,0,0,0.022,0.02,0,0.311,32,0.0114,0.0029,0.026,0.024,"HQJ017610",0
0.005,0.076,3,0,0.021,0.02,0,0.882,28,0.0184,0.002,0.029,0.028,"HQG148500",0.001
0.005,0.0398,0,0,0.013,0.01,0,0.217,31,0.0053,0.0023,0.034,0.033,"HQB138090",0
0.005,0.0336,0,0,0.015,0.02,0,0.2,16,0.0082,0.0028,0.033,0.032,"HQE000700",0
0.005,0.058,0,0,0.012,0.02,0,0.338,26,0.0081,0.0025,0.031,0.03,"HQG002480",0
0.006,0.0409,0,1,0.014,0.02,0,0.189,17,0.0079,0.0028,0.029,0.026,"HQA090080",0
0.005,0.0214,0,0,0.02,0.02,0,0.142,6,0.0094,0.0034,0.035,0.034,"HQG022800",0
0.006,0.0345,0,1,0.016,0.02,0,0.2,29,0.0097,0.0033,0.034,0.032,"HQX136390",0
0.005,0.0402,0,0,0.008,0.02,0,0.296,25,0.0062,0.0036,0.02,0.018,"HQX107610",0
0.004,0.0021,0,0,0.009,0.02,0,0.059,23,0.0066,0.0034,0.027,0.024,"HQJ032980",0.003
0.006,0.0023,0,0,0.02,0.02,0,0.143,16,0.0102,0.0031,0.025,0.024,"HQD021770",0.002
0.006,0.0015,0,2,0.012,0.02,0,0.06,14,0.0071,0.0036,0.028,0.026,"HQA069180",0.004
0.004,0.0609,0,0,0.018,0.02,0,0.78,24,0.0121,0.0026,0.033,0.031,"HQH085870",0
0.005,0.0022,0,1,0.014,0.02,0,0.072,13,0.0083,0.003,0.029,0.027,"HQH028300",0.002
0.005,0.0395,0,0,0.01,0.01,0,0.16,17,0.0066,0.0033,0.019,0.018,"HQZ141840",0
0.006,0.0014,0,0,0.018,0.02,0,0.091,11,0.0107,0.0041,0.024,0.022,"HQA003760",0.001
0.006,0.0372,11,0,0.016,0.02,0,0.187,24,0.009,0.0028,0.019,0.018,"HQD056170",0
0.006,0.1138,0,0,0.011,0.01,0,0.451,30,0.0086,0.0027,0.02,0.019,"HQZ010610",0.001
0.005,0.0316,0,0,0.016,0.02,0,0.2,26,0.0082,0.0036,0.032,0.03,"HQY023450",0
0.005,0.0476,0,0,0.013,0.02,0,0.303,40,0.0108,0.0026,0.034,0.033,"HQF040630",0
0.005,0.0313,0,0,0.023,0.03,0,0.19,21,0.0093,0.0034,0.031,0.03,"HQE113470",0
0.005,0.0374,0,0,0.011,0.01,0,0.203,27,0.0053,0.0032,0.024,0.023,"HQZ152380",0
0.005,0.0021,0,0,0.014,0.02,0,0.102,18,0.0089,0.0029,0.033,0.032,"HQC055230",0.002
0.005,0.0015,0,4,0.012,0.02,0,0.09,20,0.0104,0.0038,0.029,0.028,"HQH030870",0.001
0.006,0.0019,0,0,0.01,0.02,0,0.09,13,0.0094,0.003,0.03,0.029,"HQB083810",0.001
0.005,0.0021,0,1,0.011,0.02,0,0.085,23,0.0098,0.0035,0.04,0.039,"HQG053300",0.002
0.005,0.1992,0,0,0.033,0.02,0,0.486,23,0.0099,0.0029,0.036,0.034,"HQC013940",0
0.006,0.0822,2,0,0.012,0.02,0,1.091,33,0.0178,0.0021,0.03,0.03,"HQD028880",0.001
0.005,0.0374,12,0,0.021,0.02,0,0.242,27,0.0088,0.0029,0.039,0.037,"HQE124780",0
0.005,0.0023,0,0,0.024,0.02,0,0.096,16,0.0105,0.0041,0.029,0.027,"HQF158580",0.001
0.004,0.1486,0,0,0.021,0.02,0,0.909,30,0.0118,0.0022,0.021,0.017,"HQJ052660",0.001
0.005,0.0197,0,0,0.014,0.02,0,0.139,18,0.0105,0.0037,0.024,0.022,"HQC024960",0.001
0.004,0.0021,0,0,0.017,0.02,0,0.101,20,0.0111,0.0032,0.034,0.032,"HQG104400",0.001
0.005,0.0343,0,1,0.016,0.03,0,0.191,21,0.0114,0.0037,0.023,0.021,"HQE104960",0
0.007,0.1609,0,1,0.03,0.02,0,0.594,26,0.0119,0.0028,0.041,0.04,"HQA117650",0.001
0.006,0.0019,0,0,0.02,0.02,0,0.093,24,0.0088,0.0034,0.026,0.025,"HQA115520",0.002
0.006,0.0427,0,0,0.015,0.02,0,0.196,26,0.0077,0.0028,0.017,0.016,"HQC136070",0
0.006,0.0768,2,1,0.017,0.01,0,0.881,36,0.018,0.0024,0.034,0.033,"HQB054790",0.001
0.005,0.0385,11,0,0.011,0.02,0,0.186,14,0.0078,0.0028,0.022,0.021,"HQG154120",0
0.005,0.0373,0,0,0.01,0.02,0,0.142,15,0.0079,0.0026,0.031,0.028,"HQE012600",0
0.007,0.0388,0,1,0.01,0.01,0,0.179,21,0.0072,0.003,0.034,0.033,"HQA120700",0
0.006,0.0016,0,0,0.011,0.02,0,0.075,19,0.0096,0.0031,0.025,0.023,"HQC135970",0.002
0.005,0.031,0,0,0.011,0.03,0,0.186,17,0.007,0.004,0.028,0.027,"HQD129810",0
0.006,0.0021,0,0,0.021,0.02,0,0.145,21,0.0111,0.004,0.031,0.03,"HQY015680",0.001
0.004,0.115,0,0,0.022,0.02,0,0.321,25,0.0112,0.0028,0.018,0.017,"HQG077950",0.001
0.003,0.0367,0,0,0.011,0.01,0,0.203,22,0.0079,0.0023,0.032,0.03,"HQY047400",0
0.005,0.0656,1,1,0.013,0.02,0,0.481,40,0.0085,0.003,0.036,0.035,"HQE045760",0.001
0.005,0.0015,0,0,0.017,0.02,0,0.07,17,0.0091,0.0034,0.038,0.035,"HQF078830",0.002
0.006,0.038,0,1,0.021,0.02,0,0.196,27,0.0078,0.0025,0.034,0.033,"HQH105980",0.001
0.005,0.0019,0,0,0.01,0.02,0,0.066,19,0.0051,0.0032,0.03,0.028,"HQE079120",0.002
0.005,0.0344,0,0,0.009,0.02,0,0.189,14,0.0097,0.0038,0.028,0.025,"HQZ128390",0
0.005,0.0344,0,0,0.015,0.01,0,0.219,19,0.0052,0.0029,0.025,0.024,"HQG016500",0
0.005,0.0436,0,0,0.012,0.02,0,0.207,18,0.0103,0.0031,0.025,0.024,"HQZ068290",0
0.005,0.0804,4,1,0.015,0.02,0,0.899,32,0.0193,0.0024,0.027,0.026,"HQF070890",0.001
0.005,0.0378,0,0,0.013,0.02,0,0.198,19,0.0097,0.0038,0.03,0.028,"HQZ082040",0
0.004,0.0385,0,0,0.01,0.01,0,0.195,14,0.0047,0.0034,0.026,0.024,"HQH008510",0
0.006,0.1204,0,0,0.016,0.02,0,0.345,31,0.01,0.0024,0.023,0.022,"HQA111280",0
0.005,0.0711,0,0,0.019,0.02,0,0.498,37,0.011,0.0029,0.054,0.049,"HQG022240",0
0.004,0.0563,0,0,0.026,0.02,0,0.779,24,0.0094,0.0029,0.032,0.03,"HQG127870",0
0.006,0.0368,0,0,0.019,0.02,0,0.2,21,0.009,0.0044,0.033,0.031,"HQX113890",0
0.006,0.0596,0,0,0.018,0.02,0,0.804,28,0.0096,0.003,0.038,0.037,"HQC125980",0
0.006,0.0373,0,0,0.014,0.02,0,0.198,18,0.0098,0.0032,0.02,0.019,"HQX047000",0
0.005,0.0316,0,0,0.009,0.02,0,0.19,37,0.0094,0.0032,0.037,0.036,"HQD123580",0
0.004,0.0701,0,1,0.024,0.02,0,0.483,44,0.01,0.0027,0.053,0.051,"HQG021680",0.001
0.004,0.0835,0,0,0.01,0.02,0,0.444,26,0.0144,0.0029,0.031,0.03,"HQH152210",0
0.005,0.1498,0,0,0.019,0.02,0,0.506,33,0.0108,0.0032,0.023,0.022,"HQF076950",0
0.005,0.0335,14,0,0.008,0.02,0,0.232,16,0.0072,0.0042,0.033,0.032,"HQD077570",0
0.006,0.1173,0,0,0.018,0.02,0,0.305,33,0.0097,0.0029,0.027,0.026,"HQY002230",0
0.005,0.1796,0,0,0.017,0.02,0,0.787,36,0.0092,0.0024,0.031,0.03,"HQE064070",0
0.004,0.0433,18,0,0.018,0.02,0,0.171,17,0.0102,0.0034,0.015,0.014,"HQF045760",0
0.007,0.0396,0,0,0.018,0.02,0,0.201,23,0.0062,0.0034,0.028,0.027,"HQY118040",0
0.004,0.0386,0,2,0.01,0.02,0,0.156,15,0.007,0.0031,0.02,0.019,"HQC004260",0
0.005,0.0767,1,1,0.031,0.02,0,0.899,30,0.0185,0.0034,0.028,0.027,"HQF148670",0.001
0.003,0.0364,0,0,0.017,0.05,0,0.148,24,0.0059,0.0028,0.033,0.033,"HQG084110",0
0.006,0.1056,0,0,0.012,0.02,0,0.447,24,0.009,0.0028,0.024,0.023,"HQZ150700",0
0.005,0.0198,0,2,0.016,0.02,0,0.183,19,0.0065,0.0039,0.019,0.018,"HQZ017980",0
0.004,0.0722,0,1,0.011,0.02,0,0.239,97,0.0081,0.0028,0.037,0.036,"HQC001430",0
0.005,0.0028,18,1,0.06,0.07,0,0.539,21,0.014,0.0038,0.026,0.024,"HQG161030",0.002
0.006,0.0022,0,0,0.01,0.02,0,0.093,17,0.0087,0.0033,0.029,0.027,"HQZ037940",0.001
0.006,0.0418,0,0,0.015,0.02,0,0.286,28,0.0055,0.0031,0.019,0.018,"HQX109300",0
0.005,0.1169,0,0,0.02,0.02,0,0.34,28,0.0095,0.0029,0.023,0.021,"HQD067240",0
0.006,0.0773,3,2,0.025,0.03,0,0.903,29,0.018,0.0022,0.032,0.031,"HQE073360",0.002
0.005,0.1644,0,0,0.018,0.02,0,0.301,30,0.0118,0.0042,0.035,0.033,"HQH083250",0
0.007,0.0302,0,15,0.009,0.02,0,0.197,33,0.0082,0.0035,0.029,0.028,"HQA139810",0
0.006,0.0397,0,0,0.013,0.03,0,0.203,39,0.0092,0.0033,0.032,0.031,"HQC097400",0
0.004,0.0027,0,6,0.009,0.02,0,0.099,15,0.0097,0.0032,0.03,0.028,"HQH121870",0.001
0.005,0.0022,0,1,0.01,0.01,0,0.07,14,0.0073,0.0034,0.031,0.03,"HQD093260",0.002
0.005,0.0012,0,0,0.009,0.01,0,0.071,19,0.009,0.003,0.033,0.032,"HQZ077330",0.001
0.005,0.0013,5,0,0.056,0.03,0.01,0.193,11,0.0435,0.0076,0.035,0.033,"HQB094870",0
0.005,0.0351,0,0,0.011,0.02,0,0.185,17,0.0076,0.0038,0.023,0.02,"HQZ128840",0
0.006,0.0422,0,0,0.023,0.03,0,0.306,27,0.009,0.0034,0.025,0.023,"HQX059940",0
0.006,0.0551,0,0,0.014,0.02,0,0.356,35,0.0076,0.0024,0.035,0.033,"HQB062170",0
0.006,0.1117,0,0,0.011,0.02,0,0.457,28,0.0107,0.0023,0.02,0.02,"HQF141060",0.001
0.005,0.0771,3,1,0.012,0.02,0,0.884,33,0.0195,0.0021,0.025,0.024,"HQD108350",0.002
0.006,0.0384,0,0,0.011,0.02,0,0.197,19,0.0078,0.0045,0.026,0.025,"HQZ089600",0
0.006,0.0351,0,0,0.01,0.02,0,0.191,16,0.0113,0.0038,0.022,0.021,"HQA074090",0
0.006,0.1193,0,0,0.011,0.02,0,0.311,25,0.0102,0.0022,0.026,0.021,"HQD014670",0.001
0.007,0.0402,0,0,0.02,0.02,0,0.198,17,0.009,0.0035,0.025,0.024,"HQB108380",0
0.005,0.0371,0,0,0.012,0.02,0,0.187,17,0.0076,0.0037,0.026,0.024,"HQZ153400",0
0.005,0.0405,0,0,0.009,0.02,0,0.192,21,0.008,0.0027,0.021,0.02,"HQJ099430",0
0.007,0.0387,0,0,0.016,0.02,0,0.184,18,0.0095,0.0036,0.024,0.023,"HQA131910",0
0.006,0.0385,10,0,0.011,0.02,0,0.244,16,0.0071,0.0028,0.032,0.03,"HQC068600",0
0.005,0.0555,0,0,0.015,0.02,0,0.348,15,0.0075,0.0028,0.031,0.03,"HQA042920",0
0.005,0.0026,0,2,0.026,0.02,0,0.094,16,0.0099,0.0043,0.031,0.028,"HQG160220",0.001
0.004,0.1511,0,0,0.019,0.02,0,0.487,36,0.0123,0.0033,0.02,0.019,"HQG133280",0.001
0.005,0.0382,0,0,0.02,0.02,0,0.184,21,0.0092,0.0029,0.027,0.025,"HQC057990",0
0.004,0.0404,11,0,0.023,0.01,0,0.206,30,0.0057,0.0033,0.036,0.034,"HQG039540",0
0.004,0.2125,0,0,0.027,0.02,0,0.451,22,0.0103,0.0031,0.04,0.037,"HQH166900",0
0.004,0.0022,0,0,0.008,0.02,0,0.105,8,0.0092,0.0029,0.036,0.035,"HQD159550",0.001
0.006,0.0217,0,0,0.017,0.02,0,0.212,17,0.0116,0.0045,0.02,0.018,"HQX049760",0
0.005,0.0409,0,0,0.017,0.02,0,0.192,23,0.0073,0.0038,0.026,0.025,"HQX119990",0
0.006,0.0368,0,0,0.023,0.02,0,0.193,21,0.0063,0.0035,0.029,0.028,"HQY027730",0
0.006,0.0341,0,0,0.012,0.02,0,0.19,16,0.0085,0.0033,0.024,0.022,"HQZ111340",0
0.004,0.0605,0,0,0.016,0.02,0,0.322,23,0.0097,0.003,0.029,0.028,"HQJ014690",0
0.006,0.0779,2,0,0.022,0.02,0,0.909,38,0.0198,0.0024,0.03,0.029,"HQA011780",0.001
0.005,0.0427,0,0,0.025,0.02,0,0.205,23,0.0068,0.0051,0.023,0.021,"HQX108800",0
0.005,0.0421,18,0,0.02,0.02,0,0.199,19,0.0079,0.0037,0.025,0.024,"HQF106980",0
0.005,0.1754,0,0,0.012,0.02,0,0.779,29,0.0089,0.0024,0.023,0.022,"HQJ021040",0
0.004,0.018,14,2,0.009,0.01,0,0.133,16,0.0057,0.0029,0.029,0.028,"HQJ087840",0
0.005,0.1404,0,2,0.014,0.02,0,0.496,23,0.012,0.0025,0.027,0.025,"HQY062930",0.001
0.004,0.0513,0,0,0.013,0.02,0,0.348,21,0.0073,0.0022,0.043,0.041,"HQJ012110",0
0.006,0.1147,0,0,0.025,0.02,0,0.293,32,0.0124,0.0043,0.02,0.018,"HQX053630",0.001
0.005,0.0368,0,0,0.022,0.02,0,0.193,27,0.0084,0.003,0.03,0.028,"HQZ142270",0
0.004,0.1166,0,0,0.012,0.02,0,0.501,28,0.0109,0.003,0.018,0.018,"HQD127550",0.001
0.004,0.0395,0,0,0.02,0.03,0,0.196,18,0.0087,0.0033,0.022,0.022,"HQH069840",0
0.007,0.1153,0,3,0.011,0.02,0,0.445,29,0.0092,0.0026,0.017,0.015,"HQB112950",0
0.007,0.0375,0,0,0.015,0.02,0,0.21,18,0.0088,0.0039,0.023,0.022,"HQX086940",0
0.006,0.0403,0,0,0.02,0.01,0,0.2,20,0.0068,0.0035,0.025,0.023,"HQY100180",0
0.005,0.0734,0,1,0.027,0.02,0,0.479,44,0.011,0.0011,0.052,0.05,"HQH153800",0.001
0.004,0.0369,0,0,0.033,0.06,0,0.135,25,0.0094,0.0042,0.033,0.031,"HQG060000",0
0.005,0.038,0,0,0.011,0.01,0,0.212,30,0.0079,0.0026,0.029,0.027,"HQX003850",0
0.005,0.0754,3,0,0.021,0.02,0,0.893,24,0.0188,0.0027,0.026,0.025,"HQC037360",0
0.006,0.0019,0,1,0.009,0.02,0,0.139,9,0.0097,0.0037,0.029,0.025,"HQA044160",0.001
0.005,0.0016,0,0,0.011,0.02,0,0.109,18,0.0092,0.0034,0.024,0.024,"HQD103030",0.001
0.006,0.0018,0,0,0.014,0.02,0,0.089,16,0.0096,0.0028,0.026,0.023,"HQB083490",0
0.005,0.0376,0,0,0.014,0.02,0,0.206,15,0.0078,0.0037,0.025,0.024,"HQZ121480",0
0.005,0.1222,0,1,0.011,0.02,0,0.301,30,0.0112,0.0027,0.026,0.026,"HQC063950",0
0.004,0.0361,0,2,0.012,0.02,0,0.199,18,0.0103,0.003,0.026,0.023,"HQD152310",0
0.005,0.038,0,1,0.017,0.02,0,0.194,15,0.012,0.0039,0.026,0.025,"HQY067170",0
0.007,0.0582,0,0,0.013,0.02,0,0.793,41,0.0079,0.0025,0.048,0.046,"HQA078120",0
0.006,0.1208,0,0,0.013,0.02,0,0.295,30,0.012,0.0032,0.016,0.014,"HQZ131230",0
0.004,0.0026,16,0,0.067,0.07,0,0.533,16,0.0138,0.003,0.022,0.022,"HQJ145060",0.002
0.005,0.0399,0,0,0.012,0.02,0,0.212,17,0.0069,0.0027,0.027,0.026,"HQA013670",0
0.005,0.1377,0,1,0.023,0.02,0,1.163,31,0.0105,0.0036,0.022,0.02,"HQX148100",0.002
0.005,0.0204,0,0,0.011,0.01,0,0.201,15,0.0058,0.0029,0.014,0.013,"HQZ125550",0
0.006,0.0484,0,0,0.015,0.03,0,0.31,21,0.0114,0.004,0.017,0.015,"HQZ033100",0
0.005,0.1206,0,1,0.011,0.02,0,0.307,26,0.0117,0.0029,0.019,0.018,"HQZ085030",0
0.005,0.0405,0,0,0.013,0.02,0,0.182,28,0.0086,0.0032,0.034,0.033,"HQG017380",0
0.004,0.0221,0,0,0.022,0.02,0,0.157,19,0.0087,0.0029,0.028,0.026,"HQJ120380",0
0.005,0.0403,0,0,0.01,0.02,0,0.192,16,0.0078,0.0024,0.027,0.025,"HQC025850",0
0.006,0.0382,0,0,0.018,0.01,0,0.195,17,0.0067,0.0042,0.039,0.038,"HQF004360",0
0.006,0.0018,0,0,0.027,0.03,0.01,0.102,19,0.0112,0.0025,0.024,0.022,"HQB044580",0.002
0.004,0.0342,0,31,0.014,0.03,0,0.188,15,0.0107,0.0032,0.026,0.024,"HQD122390",0
0.006,0.0623,0,0,0.021,0.02,0,0.818,34,0.0103,0.0026,0.028,0.026,"HQB084330",0
0.004,0.1226,1,0,0.016,0.01,0,1.186,31,0.0087,0.0028,0.028,0.027,"HQB149570",0.001
0.005,0.0545,0,0,0.02,0.01,0,0.352,23,0.0068,0.0028,0.032,0.03,"HQC023170",0
0.004,0.0417,14,0,0.013,0.02,0,0.193,14,0.0075,0.0028,0.025,0.024,"HQJ039480",0
0.004,0.0388,11,0,0.027,0.02,0,0.198,15,0.006,0.0037,0.021,0.02,"HQF096000",0
0.005,0.0813,2,0,0.022,0.02,0,0.921,40,0.0196,0.0022,0.03,0.029,"HQC018110",0
0.006,0.0362,0,0,0.011,0.01,0,0.197,15,0.0069,0.0028,0.026,0.025,"HQA146890",0
0.004,0.0552,0,0,0.017,0.02,0,0.786,25,0.0121,0.0025,0.035,0.034,"HQG060410",0.001
0.005,0.0519,0,1,0.018,0.02,0,0.292,24,0.0084,0.0039,0.022,0.02,"HQX068180",0
0.004,0.0395,0,0,0.02,0.03,0,0.196,18,0.0087,0.0033,0.022,0.022,"HQH069570",0
0.004,0.1486,0,0,0.013,0.02,0,0.488,28,0.0096,0.0026,0.021,0.02,"HQH130930",0
0.006,0.1132,0,0,0.01,0.02,0,0.311,30,0.0086,0.0027,0.025,0.024,"HQX117080",0
0.006,0.185,0,0,0.011,0.02,0,0.517,29,0.0115,0.003,0.026,0.025,"HQC119830",0.001
0.005,0.07,0,0,0.025,0.02,0,0.495,31,0.0129,0.0034,0.041,0.039,"HQC021070",0.001
0.004,0.0783,5,0,0.015,0.02,0,0.89,34,0.0183,0.002,0.03,0.027,"HQH150260",0
0.004,0.0573,0,0,0.023,0.02,0,0.335,18,0.0085,0.0027,0.039,0.038,"HQJ012940",0
0.005,0.0349,0,0,0.011,0.03,0,0.189,23,0.0112,0.0037,0.021,0.02,"HQC141430",0
0.004,0.0396,0,0,0.032,0.02,0,0.145,18,0.0076,0.0036,0.025,0.022,"HQE133660",0
0.005,0.0176,0,0,0.02,0.02,0,0.187,16,0.0079,0.0037,0.025,0.024,"HQZ087280",0
0.004,0.0355,0,0,0.02,0.02,0,0.193,29,0.0096,0.0035,0.019,0.018,"HQF099390",0
0.005,0.002,0,0,0.013,0.02,0,0.087,16,0.0105,0.0037,0.026,0.023,"HQZ159490",0.001
0.006,0.0408,12,0,0.025,0.02,0,0.253,18,0.0098,0.0045,0.034,0.031,"HQX052090",0
0.006,0.0016,0,0,0.013,0.02,0,0.061,14,0.0073,0.0036,0.025,0.024,"HQA069210",0.003
0.006,0.0373,0,0,0.02,0.02,0,0.196,20,0.0091,0.004,0.024,0.022,"HQX066070",0
0.005,0.0408,0,0,0.017,0.02,0,0.178,18,0.0063,0.0035,0.024,0.023,"HQC082940",0
0.004,0.1207,0,1,0.022,0.01,0,0.278,31,0.009,0.0024,0.026,0.023,"HQG076460",0
0.006,0.0671,1,0,0.025,0.02,0,0.601,34,0.019,0.0032,0.027,0.025,"HQX153380",0.001
0.005,0.0372,0,0,0.014,0.02,0,0.216,21,0.0101,0.0032,0.028,0.027,"HQA024800",0
0.006,0.0343,0,0,0.017,0.02,0,0.197,24,0.0081,0.0037,0.029,0.028,"HQY099760",0
0.005,0.1685,0,0,0.022,0.03,0,0.48,31,0.0133,0.0028,0.021,0.021,"HQE043930",0.001
0.006,0.0788,4,2,0.014,0.02,0,0.901,33,0.0193,0.0024,0.029,0.029,"HQE068590",0.001
0.006,0.0019,0,5,0.029,0.02,0,0.1,21,0.0097,0.0044,0.023,0.021,"HQX074340",0.001
0.006,0.0019,0,0,0.019,0.02,0,0.093,21,0.0088,0.003,0.026,0.024,"HQA029120",0
0.005,0.0373,0,0,0.009,0.03,0,0.194,20,0.0098,0.003,0.033,0.031,"HQD121890",0
0.005,0.0411,0,0,0.013,0.02,0,0.196,22,0.0073,0.0034,0.021,0.02,"HQE073020",0
0.005,0.1423,0,0,0.013,0.02,0,0.864,33,0.0132,0.0029,0.025,0.024,"HQY053000",0.001
0.005,0.0021,0,1,0.021,0.02,0,0.144,18,0.0113,0.0039,0.036,0.034,"HQH009910",0.002
0.005,0.002,0,0,0.019,0.03,0,0.095,11,0.0106,0.0033,0.034,0.033,"HQJ102210",0.001
0.005,0.0017,0,0,0.012,0.02,0,0.074,16,0.0085,0.003,0.033,0.032,"HQC057640",0.001
0.007,0.0017,0,0,0.022,0.02,0,0.096,11,0.0099,0.0032,0.034,0.032,"HQA140110",0.001
0.006,0.0368,0,0,0.019,0.02,0,0.2,21,0.009,0.0044,0.033,0.031,"HQX113900",0
0.007,0.1162,0,0,0.021,0.02,0,1.175,40,0.0114,0.0018,0.025,0.024,"HQX134000",0.001
0.005,0.0763,0,1,0.285,0.42,0,0.411,,0.0962,0.0035,0.02,0.018,"HQF028880",0.003
0.006,0.0015,5,0,0.054,0.03,0,0.186,19,0.0445,0.0089,0.034,0.033,"HQC042370",0.001
0.008,0.0468,0,0,0.012,0.02,0,0.186,19,0.0081,0.0028,0.028,0.027,"HQA080020",0
0.005,0.02,0,0,0.013,0.02,0,0.188,23,0.0082,0.0032,0.02,0.016,"HQH138060",0
0.003,0.0016,0,0,0.01,0.02,0,0.068,11,0.0076,0.0033,0.032,0.03,"HQY054540",0.002
0.006,0.0341,0,0,0.012,0.02,0,0.19,16,0.0085,0.0033,0.024,0.022,"HQZ111350",0
0.004,0.0788,2,0,0.014,0.02,0,0.895,40,0.0189,0.0018,0.025,0.024,"HQC060420",0.001
0.004,0.0396,0,0,0.008,0.01,0,0.193,23,0.0098,0.0037,0.032,0.031,"HQF063250",0
0.005,0.0025,0,0,0.012,0.01,0,0.148,23,0.0094,0.003,0.034,0.032,"HQD042370",0.001
0.005,0.0019,0,0,0.009,0.02,0,0.061,18,0.0093,0.0037,0.028,0.027,"HQE145020",0.002
0.005,0.0385,0,1,0.008,0.02,0,0.205,24,0.0126,0.0035,0.034,0.032,"HQZ142050",0
0.005,0.0021,0,1,0.029,0.02,0,0.096,16,0.0096,0.0044,0.031,0.028,"HQH092530",0.001
0.006,0.0381,0,0,0.012,0.02,0,0.195,17,0.0096,0.0043,0.028,0.026,"HQZ090200",0
0.007,0.0585,0,0,0.012,0.03,0,0.801,28,0.012,0.0032,0.022,0.02,"HQX084450",0.001
0.005,0.0395,0,0,0.021,0.02,0,0.197,18,0.0099,0.0033,0.026,0.024,"HQH112540",0
0.004,0.0019,0,0,0.008,0.02,0,0.104,12,0.0094,0.0035,0.029,0.026,"HQE012510",0.001
0.006,0.176,0,1,0.019,0.03,0,0.768,32,0.0121,0.0031,0.026,0.026,"HQE064740",0.001
0.006,0.0575,0,0,0.013,0.02,0,0.349,24,0.0063,0.0039,0.038,0.037,"HQE089250",0
0.006,0.0018,0,0,0.01,0.02,0,0.06,20,0.0094,0.0039,0.038,0.035,"HQB008590",0.002
0.007,0.0757,1,0,0.011,0.02,0,0.882,34,0.0188,0.0022,0.029,0.028,"HQD053230",0.002
0.005,0.0358,0,0,0.008,0.02,0,0.204,22,0.0069,0.0032,0.025,0.023,"HQX105540",0
0.006,0.0765,2,0,0.019,0.02,0,0.906,29,0.0196,0.0024,0.033,0.032,"HQE073490",0.001
0.006,0.042,0,0,0.01,0.02,0,0.191,17,0.0095,0.0028,0.021,0.02,"HQA090270",0
0.006,0.0015,0,0,0.009,0.02,0,0.096,23,0.0095,0.0033,0.027,0.025,"HQY081050",0.001
0.004,0.1918,0,0,0.011,0.02,0,0.477,32,0.0109,0.0019,0.032,0.032,"HQJ063590",0.001
0.005,0.0381,0,0,0.008,0.02,0,0.204,25,0.0087,0.003,0.024,0.023,"HQZ143660",0
0.004,0.0027,0,0,0.008,0.02,0,0.079,21,0.0107,0.0036,0.027,0.026,"HQF048860",0.003
0.004,0.0537,0,0,0.015,0.02,0,0.788,23,0.0133,0.0022,0.035,0.034,"HQH146890",0.001
0.007,0.0678,2,0,0.017,0.02,0.01,0.869,35,0.0105,0.0023,0.036,0.032,"HQD015700",0.002
0.005,0.0024,0,0,0.015,0.02,0,0.07,22,0.009,0.0034,0.028,0.026,"HQZ135130",0.002
0.007,0.1409,0,0,0.023,0.02,0,1.509,38,0.0134,0.0024,0.022,0.021,"HQX055850",0.002
0.007,0.1157,0,0,0.024,0.02,0,0.316,29,0.0082,0.0033,0.018,0.018,"HQY100580",0
0.006,0.0369,0,1,0.008,0.02,0,0.196,15,0.0067,0.003,0.021,0.019,"HQZ109450",0
0.005,0.0575,0,0,0.014,0.03,0,0.336,19,0.0099,0.0025,0.029,0.028,"HQH140710",0
0.007,0.0186,0,4,0.01,0.02,0,0.211,16,0.0075,0.0031,0.024,0.023,"HQY115770",0
0.004,0.0674,0,0,0.026,0.02,0,0.818,33,0.0091,0.0027,0.037,0.036,"HQG104960",0
0.004,0.0392,0,0,0.012,0.02,0,0.243,21,0.0095,0.0031,0.019,0.018,"HQJ055420",0
0.007,0.0024,0,1,0.01,0.02,0,0.095,16,0.0093,0.0044,0.03,0.028,"HQA101830",0.001
0.005,0.1462,0,0,0.015,0.02,0,0.484,27,0.0144,0.0027,0.022,0.021,"HQG032060",0.001
0.005,0.0397,0,5,0.02,0.02,0,0.183,15,0.0112,0.0035,0.026,0.025,"HQA077790",0
0.005,0.034,0,0,0.016,0.02,0,0.183,19,0.0142,0.0036,0.032,0.031,"HQG012250",0
0.006,0.02,0,0,0.016,0.02,0,0.185,18,0.0081,0.0096,0.021,0.02,"HQC080460",0
0.005,0.0713,0,0,0.024,0.02,0,0.488,37,0.0129,0.0027,0.047,0.045,"HQH098430",0.001
0.004,0.0371,0,0,0.019,0.02,0,0.177,21,0.013,0.0031,0.033,0.031,"HQJ057050",0.001
0.004,0.0026,0,1,0.011,0.02,0,0.095,18,0.0105,0.0033,0.032,0.029,"HQG048230",0.001
0.004,0.0433,0,0,0.009,0.02,0,0.194,23,0.0104,0.0032,0.027,0.026,"HQH161200",0
0.005,0.0564,0,0,0.022,0.02,0,0.795,26,0.0125,0.0028,0.028,0.025,"HQJ023970",0.001
0.004,0.1854,0,0,0.023,0.01,0,0.799,31,0.0075,0.002,0.023,0.022,"HQJ148860",0
0.005,0.057,0,0,0.019,0.02,0,0.797,27,0.0102,0.0027,0.035,0.034,"HQC026660",0
0.006,0.1774,0,0,0.009,0.02,0,0.299,25,0.0113,0.0026,0.035,0.034,"HQX114640",0
0.006,0.0201,0,1,0.013,0.02,0,0.173,16,0.0064,0.0022,0.02,0.018,"HQY129100",0
0.004,0.0199,0,0,0.011,0.02,0,0.214,13,0.0088,0.0036,0.024,0.023,"HQJ146540",0
0.005,0.0697,0,0,0.019,0.02,0,0.503,37,0.0113,0.0033,0.045,0.043,"HQB112230",0
0.004,0.0019,14,0,0.064,0.07,0,0.538,19,0.0145,0.0026,0.029,0.027,"HQE028320",0.002
0.004,0.0467,0,0,0.013,0.01,0,0.29,17,0.0063,0.0032,0.031,0.026,"HQJ014450",0
0.004,0.0221,0,0,0.01,0.01,0,0.196,19,0.0085,0.0036,0.026,0.025,"HQJ104520",0
0.006,0.0443,19,0,0.018,0.02,0,0.195,19,0.0094,0.0032,0.025,0.024,"HQC135470",0
0.006,0.1506,0,0,0.017,0.02,0,0.887,33,0.0106,0.0028,0.022,0.02,"HQX103680",0.001
0.007,0.0564,0,0,0.014,0.01,0,0.784,29,0.0063,0.0022,0.032,0.031,"HQD026360",0
0.005,0.0387,0,0,0.011,0.02,0,0.191,15,0.0103,0.0031,0.02,0.019,"HQZ125070",0
0.006,0.0384,1,0,0.013,0.02,0,0.185,22,0.0092,0.0023,0.037,0.036,"HQA145470",0.001
0.007,0.0399,0,0,0.022,0.02,0,0.198,29,0.0064,0.0037,0.028,0.026,"HQY084220",0
0.004,0.1072,0,1,0.018,0.02,0,0.49,27,0.0104,0.0027,0.026,0.025,"HQH040170",0
0.005,0.0694,0,0,0.019,0.03,0,0.477,30,0.0061,0.0034,0.047,0.044,"HQG163360",0
0.004,0.0569,0,1,0.016,0.02,0,0.794,33,0.008,0.0025,0.038,0.036,"HQH073130",0.001
0.006,0.0016,0,0,0.016,0.02,0,0.091,17,0.0093,0.0029,0.022,0.02,"HQB097270",0.001
0.004,0.1134,0,0,0.013,0.02,0,0.304,31,0.0092,0.0029,0.026,0.024,"HQH076890",0
0.005,0.1125,0,0,0.021,0.02,0,0.307,29,0.01,0.0024,0.034,0.029,"HQH076260",0
0.004,0.0408,0,0,0.013,0.02,0,0.194,24,0.0081,0.0029,0.029,0.028,"HQJ050390",0
0.006,0.002,0,0,0.015,0.02,0,0.089,22,0.0095,0.0034,0.025,0.024,"HQX074820",0.001
0.006,0.0346,0,0,0.016,0.01,0,0.208,38,0.0093,0.0036,0.022,0.02,"HQX145280",0
0.004,0.0387,12,0,0.021,0.02,0,0.242,20,0.0087,0.0042,0.036,0.034,"HQF087200",0
0.004,0.032,11,0,0.02,0.02,0,0.189,22,0.006,0.0048,0.026,0.025,"HQH035550",0
0.004,0.0378,0,0,0.021,0.02,0,0.188,17,0.009,0.0039,0.026,0.026,"HQF096730",0
0.005,0.0404,0,0,0.009,0.07,0,0.204,34,0.006,0.0029,0.034,0.033,"HQZ146380",0
0.004,0.0332,0,0,0.015,0.02,0,0.187,17,0.0059,0.0043,0.033,0.028,"HQG164380",0
0.004,0.0679,0,0,0.015,0.01,0,0.604,31,0.0185,0.0025,0.03,0.028,"HQC000640",0
0.005,0.0402,0,1,0.012,0.02,0,0.201,27,0.0079,0.0037,0.031,0.028,"HQX150330",0
0.006,0.0756,0,0,0.025,0.02,0,1.298,28,0.0108,0.0024,0.021,0.02,"HQG019500",0.002
0.007,0.0369,0,0,0.012,0.01,0,0.208,16,0.0069,0.0026,0.019,0.017,"HQA150760",0
0.005,0.1112,0,13,0.014,0.02,0,0.3,27,0.0068,0.0028,0.03,0.029,"HQH077360",0
0.005,0.0378,0,1,0.012,0.02,0,0.174,17,0.0089,0.0036,0.026,0.025,"HQZ054690",0
0.004,0.1154,0,1,0.018,0.02,0,0.318,25,0.0068,0.0025,0.029,0.029,"HQG101360",0
0.006,0.0386,0,4,0.023,0.02,0,0.215,23,0.0094,0.0039,0.016,0.015,"HQX123130",0
0.004,0.1221,0,0,0.011,0.02,0,0.31,30,0.0082,0.0023,0.027,0.025,"HQJ033680",0
0.006,0.0191,0,0,0.013,0.02,0,0.216,19,0.0094,0.0031,0.017,0.016,"HQZ116230",0
0.004,0.1661,0,1,0.02,0.02,0,0.496,20,0.0089,0.0033,0.023,0.02,"HQE043970",0
0.006,0.0016,5,0,0.009,0.02,0,0.681,16,0.0593,0.0035,0.036,0.034,"HQZ064470",0.002
0.006,0.0407,0,0,0.018,0.01,0,0.224,17,0.0067,0.0034,0.024,0.023,"HQX145460",0
0.007,0.0575,0,0,0.013,0.02,0,0.799,35,0.0109,0.0024,0.039,0.037,"HQX132210",0.001
0.007,0.1396,0,2,0.015,0.02,0,1.193,26,0.0128,0.0029,0.015,0.013,"HQY147330",0.001
0.006,0.0419,0,0,0.008,0.02,0,0.198,20,0.0072,0.0027,0.025,0.024,"HQD029580",0
0.005,0.0772,0,0,0.01,0.02,0,0.541,20,0.0095,0.0036,0.034,0.034,"HQD156060",0.001
0.006,0.1478,0,0,0.012,0.03,0,0.694,34,0.0149,0.0025,0.016,0.014,"HQZ002960",0.001
0.006,0.0747,2,0,0.013,0.02,0,0.913,34,0.0191,0.0027,0.029,0.028,"HQX073620",0.001
0.005,0.0427,0,0,0.016,0.02,0.01,0.223,25,0.0083,0.0033,0.019,0.018,"HQE048050",0
0.005,0.002,0,0,0.014,0.02,0,0.101,12,0.0092,0.0038,0.035,0.033,"HQC037060",0.001
0.004,0.1477,0,0,0.013,0.02,0,0.5,31,0.0121,0.0035,0.019,0.018,"HQJ028840",0.001
0.007,0.0372,0,0,0.021,0.02,0,0.212,24,0.0085,0.0032,0.022,0.02,"HQX109630",0
0.007,0.0019,0,5,0.009,0.02,0,0.09,18,0.0103,0.0031,0.019,0.017,"HQX031510",0.002
0.005,0.0807,2,0,0.017,0.02,0,0.915,32,0.0189,0.0018,0.026,0.025,"HQH062660",0.001
0.005,0.0213,0,1,0.012,0.02,0,0.199,15,0.0079,0.0035,0.019,0.018,"HQZ125920",0
0.006,0.0375,0,0,0.012,0.02,0,0.201,15,0.0098,0.0034,0.022,0.021,"HQB004580",0
0.004,0.034,0,0,0.02,0.02,0,0.192,27,0.0078,0.0039,0.02,0.019,"HQC005620",0
0.006,0.0329,0,0,0.01,0.01,0,0.195,21,0.0093,0.0034,0.022,0.02,"HQE073320",0
0.004,0.0043,9,2,0.092,0.02,0.06,0.575,22,0.0822,0.01,0.045,0.043,"HQY040570",0.002
0.004,0.0418,18,0,0.019,0.02,0,0.191,27,0.0071,0.0028,0.024,0.023,"HQG092690",0.001
0.006,0.1155,0,0,0.018,0.02,0,0.297,30,0.0119,0.0028,0.024,0.023,"HQX024640",0.001
0.004,0.0376,0,0,0.013,0.05,0,0.143,18,0.0101,0.0033,0.034,0.033,"HQG060880",0
0.004,0.0014,0,0,0.01,0.02,0,0.066,17,0.0093,0.0033,0.032,0.03,"HQH133660",0.001
0.005,0.0527,0,0,0.024,0.02,0,0.362,33,0.008,0.003,0.044,0.043,"HQH117600",0
0.005,0.0172,0,1,0.016,0.02,0,0.192,24,0.0082,0.004,0.025,0.024,"HQH070260",0
0.005,0.0356,0,0,0.02,0.02,0,0.133,25,0.0072,0.0033,0.026,0.026,"HQB137130",0
0.006,0.0017,0,0,0.018,0.02,0,0.071,13,0.0075,0.0034,0.029,0.026,"HQA073690",0.002
0.006,0.0375,3,0,0.022,0.01,0,0.19,21,0.0081,0.0033,0.028,0.028,"HQB038180",0
0.006,0.0384,0,0,0.015,0.02,0,0.205,22,0.009,0.0038,0.027,0.022,"HQC103750",0
0.005,0.0014,0,0,0.009,0.02,0,0.093,14,0.01,0.0032,0.024,0.023,"HQD073200",0.001
0.007,0.02,0,0,0.013,0.02,0,0.191,21,0.0105,0.0029,0.023,0.021,"HQY128270",0
0.008,0.0763,3,0,0.022,0.02,0,0.922,27,0.0205,0.0022,0.025,0.024,"HQA144790",0.002
0.007,0.185,0,0,0.018,0.02,0,0.816,38,0.0131,0.0027,0.017,0.015,"HQX009710",0.001
0.005,0.0583,0,1,0.021,0.03,0,0.785,28,0.013,0.0022,0.033,0.032,"HQF105000",0.001
0.004,0.0735,0,0,0.017,0.02,0,0.892,41,0.0177,0.0024,0.026,0.025,"HQY059250",0.002
0.006,0.0342,0,0,0.011,0.01,0.01,0.176,13,0.0079,0.003,0.027,0.026,"HQB055040",0
0.007,0.0606,0,0,0.016,0.01,0,0.328,31,0.0097,0.0037,0.039,0.038,"HQB040600",0
0.006,0.0329,0,0,0.036,0.03,0,0.203,18,0.0104,0.0033,0.026,0.023,"HQC097160",0
0.004,0.0357,0,0,0.015,0.02,0,0.192,30,0.009,0.0029,0.028,0.027,"HQJ006500",0
0.006,0.0022,0,0,0.02,0.02,0,0.1,16,0.0092,0.0039,0.029,0.027,"HQA117230",0.001
0.004,0.1475,0,1,0.021,0.02,0,0.893,28,0.0108,0.0031,0.023,0.022,"HQH021630",0.001
0.005,0.0441,0,0,0.012,0.02,0,0.195,18,0.011,0.0031,0.025,0.024,"HQZ098970",0
0.005,0.0492,0,0,0.029,0.02,0,0.299,33,0.0081,0.0039,0.03,0.028,"HQF117510",0
0.005,0.0343,0,0,0.01,0.02,0,0.247,26,0.0085,0.0022,0.028,0.027,"HQD156830",0
0.004,0.0372,20,1,0.023,0.02,0,0.199,34,0.008,0.0028,0.022,0.021,"HQG092720",0
0.005,0.0361,0,0,0.024,0.02,0,0.216,20,0.0082,0.0024,0.027,0.025,"HQB096950",0
0.006,0.0381,0,3,0.015,0.02,0,0.187,24,0.0083,0.0039,0.022,0.02,"HQY033830",0
0.005,0.0593,0,0,0.014,0.02,0,0.79,31,0.0094,0.0024,0.032,0.031,"HQB088680",0
0.004,0.0198,0,0,0.017,0.02,0,0.191,21,0.0076,0.0033,0.025,0.023,"HQH048860",0
0.006,0.0014,5,0,0.052,0.02,0,0.198,22,0.0443,0.0085,0.043,0.041,"HQD054280",0.001
0.004,0.1487,0,0,0.023,0.02,0.01,0.493,34,0.0087,0.0024,0.028,0.026,"HQJ150020",0
0.006,0.1441,0,7,0.022,0.01,0.01,0.687,23,0.0093,0.0028,0.028,0.027,"HQB056670",0.001
0.006,0.0379,0,1,0.011,0.02,0,0.194,20,0.0133,0.0034,0.04,0.038,"HQZ027160",0
0.005,0.0015,0,0,0.024,0.02,0,0.079,12,0.009,0.0034,0.036,0.035,"HQH138310",0.002
0.006,0.1165,0,0,0.017,0.02,0,0.296,27,0.008,0.003,0.021,0.019,"HQY102710",0
0.007,0.0414,0,0,0.018,0.02,0,0.146,12,0.0061,0.0037,0.019,0.018,"HQA162300",0
0.006,0.0014,0,2,0.019,0.02,0,0.07,16,0.0087,0.0049,0.035,0.033,"HQX157570",0.002
0.006,0.0581,0,0,0.013,0.02,0,0.799,29,0.0066,0.0025,0.034,0.033,"HQC026610",0.001
0.006,0.0606,0,0,0.013,0.02,0,0.784,29,0.011,0.0028,0.029,0.029,"HQC042100",0.001
0.004,0.0377,0,0,0.018,0.03,0,0.199,23,0.0079,0.0033,0.019,0.018,"HQJ121350",0
0.004,0.0802,0,0,0.016,0.02,0,0.448,23,0.0097,0.0025,0.025,0.024,"HQJ034560",0.001
0.004,0.0399,0,0,0.028,0.03,0,0.195,27,0.0109,0.0041,0.03,0.028,"HQC074830",0
0.003,0.0189,0,0,0.009,0.02,0,0.19,16,0.0104,0.0044,0.021,0.02,"HQG089760",0
0.006,0.0311,0,0,0.017,0.02,0,0.197,22,0.0101,0.0034,0.023,0.022,"HQX050440",0
0.005,0.0358,0,0,0.021,0.02,0,0.147,18,0.0104,0.0034,0.026,0.025,"HQF084900",0
0.005,0.0016,0,0,0.01,0.02,0,0.068,17,0.0095,0.0037,0.035,0.033,"HQE050110",0.001
0.005,0.0354,11,1,0.018,0.02,0,0.242,20,0.0086,0.0043,0.037,0.036,"HQA007840",0
0.005,0.0334,0,0,0.011,0.02,0,0.187,12,0.0093,0.0031,0.031,0.029,"HQD118600",0
0.007,0.0377,0,0,0.009,0.02,0,0.195,12,0.0099,0.0029,0.023,0.022,"HQE019290",0
0.005,0.0795,1,0,0.017,0.02,0,0.921,29,0.0191,0.0023,0.023,0.022,"HQZ136970",0.002
0.005,0.0328,0,0,0.023,0.02,0,0.145,10,0.0086,0.0029,0.026,0.024,"HQE012950",0
0.006,0.1946,0,0,0.022,0.02,0,0.876,31,0.012,0.0025,0.03,0.029,"HQA037730",0.001
0.005,0.0328,0,0,0.023,0.02,0,0.145,10,0.0086,0.0029,0.026,0.024,"HQE013090",0
0.005,0.1408,0,0,0.009,0.02,0,0.474,30,0.0112,0.0024,0.018,0.017,"HQG032110",0
0.005,0.1445,0,0,0.021,0.02,0,0.476,27,0.0063,0.0023,0.027,0.027,"HQG032330",0
0.004,0.0022,0,0,0.018,0.02,0,0.074,12,0.0085,0.004,0.026,0.024,"HQG048960",0.003
0.004,0.0687,0,0,0.013,0.02,0,0.249,108,0.0102,0.0029,0.033,0.032,"HQC000440",0
0.006,0.0633,0,1,0.025,0.02,0,0.759,32,0.011,0.0032,0.025,0.023,"HQH117140",0.001
0.007,0.0422,0,0,0.013,0.02,0,0.189,17,0.0069,0.0032,0.029,0.028,"HQA105690",0
0.005,0.0691,2,1,0.287,0.42,0,0.411,,0.1009,0.0029,0.022,0.022,"HQF029170",0.002
0.004,0.0022,0,0,0.022,0.02,0,0.092,18,0.0103,0.0035,0.028,0.027,"HQF083590",0.001
0.004,0.0362,0,0,0.015,0.01,0,0.199,25,0.0058,0.0036,0.027,0.024,"HQF130040",0
0.006,0.0028,0,0,0.009,0.02,0,0.093,12,0.009,0.0041,0.028,0.027,"HQD071460",0.001
0.006,0.0018,0,3,0.095,0.02,0,0.145,16,0.0188,0.0092,0.031,0.029,"HQZ089550",0
0.004,0.0394,0,0,0.012,0.01,0,0.15,14,0.0065,0.003,0.024,0.023,"HQY053680",0
0.005,0.1819,0,0,0.025,0.02,0,0.456,31,0.0097,0.0033,0.026,0.024,"HQE078840",0
0.004,0.0363,0,0,0.016,0.02,0,0.186,14,0.0089,0.0048,0.024,0.023,"HQF115240",0
0.006,0.0384,0,0,0.027,0.03,0,0.205,24,0.0077,0.0034,0.022,0.021,"HQD066140",0
0.007,0.0022,0,0,0.009,0.02,0,0.095,17,0.0088,0.0035,0.023,0.022,"HQY117870",0.001
0.006,0.0599,0,0,0.016,0.02,0,0.817,35,0.0096,0.0027,0.037,0.035,"HQX132380",0.001
0.004,0.0226,0,0,0.016,0.02,0,0.19,15,0.0097,0.0101,0.023,0.022,"HQC081220",0
0.006,0.0392,12,0,0.02,0.02,0,0.196,17,0.008,0.003,0.021,0.019,"HQA099460",0
0.006,0.1493,0,0,0.017,0.02,0,0.503,27,0.0103,0.0025,0.028,0.027,"HQE056100",0.001
0.005,0.035,0,1,0.008,0.02,0,0.196,17,0.0091,0.0029,0.025,0.024,"HQD122690",0
0.006,0.0376,0,1,0.015,0.02,0,0.213,24,0.0108,0.0037,0.023,0.021,"HQX068940",0
0.006,0.0021,0,0,0.021,0.02,0,0.145,21,0.0111,0.004,0.031,0.03,"HQY015760",0.001
0.006,0.1348,0,0,0.023,0.03,0,1.456,39,0.0154,0.002,0.021,0.02,"HQX055960",0.002
0.006,0.0379,0,0,0.024,0.02,0,0.194,22,0.0096,0.0041,0.021,0.02,"HQX057220",0
0.005,0.0548,0,0,0.007,0.01,0,0.313,17,0.0083,0.0026,0.021,0.02,"HQB044480",0
0.005,0.0471,0,0,0.026,0.02,0,0.264,22,0.008,0.0039,0.024,0.023,"HQH089010",0
0.005,0.0018,1,0,0.024,0.02,0.01,0.087,17,0.0122,0.004,0.026,0.023,"HQG161530",0.002
0.004,0.002,0,0,0.014,0.01,0,0.092,19,0.0101,0.0031,0.027,0.024,"HQJ119820",0.001
0.006,0.0016,0,0,0.02,0.05,0.02,0.138,12,0.0503,0.0035,0.027,0.026,"HQB004310",0.001
0.006,0.1849,0,0,0.023,0.03,0,0.804,23,0.0134,0.003,0.029,0.027,"HQA037490",0
0.007,0.0406,0,0,0.023,0.02,0,0.204,17,0.0108,0.0035,0.022,0.021,"HQX027130",0
0.005,0.0362,0,0,0.013,0.02,0,0.201,21,0.0113,0.0041,0.033,0.032,"HQC033130",0
0.006,0.1207,0,0,0.012,0.02,0,0.479,29,0.0095,0.0027,0.022,0.021,"HQA129220",0
0.006,0.1699,0,0,0.018,0.02,0,0.805,24,0.0104,0.0031,0.027,0.025,"HQZ061890",0.001
0.005,0.0409,0,0,0.009,0.02,0,0.205,19,0.0089,0.0028,0.028,0.027,"HQA002680",0
0.004,0.0204,0,0,0.015,0.02,0,0.198,14,0.0073,0.0032,0.025,0.024,"HQH135720",0
0.004,0.0368,0,0,0.01,0.02,0,0.189,25,0.0095,0.0035,0.023,0.022,"HQC005890",0
0.004,0.1487,0,1,0.01,0.02,0,0.419,30,0.0083,0.0029,0.026,0.025,"HQD130850",0
0.006,0.0422,0,0,0.013,0.02,0,0.215,23,0.0062,0.0037,0.025,0.023,"HQX116660",0
0.004,0.0362,0,0,0.01,0.02,0,0.203,16,0.0103,0.0031,0.036,0.034,"HQD161040",0
0.004,0.0405,0,0,0.025,0.02,0,0.182,16,0.0095,0.0035,0.024,0.023,"HQF092480",0
0.006,0.0369,0,0,0.017,0.02,0,0.193,23,0.0076,0.0046,0.026,0.024,"HQY022960",0
0.007,0.0547,0,0,0.012,0.02,0,0.805,26,0.011,0.0026,0.028,0.024,"HQD042720",0
0.005,0.0019,0,1,0.022,0.02,0,0.101,15,0.0092,0.0038,0.029,0.028,"HQH103910",0.002
0.005,0.0361,0,0,0.016,0.02,0,0.195,15,0.0106,0.0039,0.012,0.011,"HQZ163130",0
0.005,0.0586,0,0,0.021,0.02,0,0.85,32,0.009,0.0021,0.042,0.037,"HQH093130",0.001
0.008,0.1709,0,0,0.011,0.02,0,0.79,29,0.0074,0.002,0.023,0.022,"HQY162070",0.002
0.005,0.0224,1,1,0.019,0.02,0,0.192,30,0.009,0.0035,0.019,0.019,"HQH054760",0
0.006,0.0551,0,1,0.023,0.02,0,0.352,28,0.0067,0.0034,0.037,0.035,"HQY070610",0
0.005,0.1484,0,0,0.012,0.02,0,0.787,31,0.0136,0.0023,0.018,0.016,"HQF151120",0.001
0.006,0.1322,0,1,0.021,0.02,0,0.845,26,0.0124,0.0034,0.018,0.017,"HQF082830",0.001
0.007,0.1491,0,0,0.012,0.02,0,0.703,25,0.0106,0.0025,0.017,0.016,"HQB009760",0
0.006,0.0349,0,1,0.024,0.02,0,0.208,22,0.0108,0.002,0.025,0.021,"HQC106330",0
0.005,0.0191,0,0,0.014,0.02,0,0.149,16,0.0068,0.003,0.028,0.027,"HQZ086980",0
0.004,0.0622,0,0,0.022,0.02,0,0.796,28,0.0108,0.0025,0.032,0.031,"HQG106080",0.001
0.005,0.0015,0,0,0.012,0.02,0,0.078,12,0.0092,0.0035,0.036,0.034,"HQZ088730",0.001
0.004,0.1528,0,0,0.012,0.02,0,0.489,28,0.0115,0.0023,0.026,0.026,"HQF057230",0.001
0.005,0.1118,0,0,0.013,0.02,0,0.442,26,0.008,0.0031,0.021,0.02,"HQX107020",0
0.005,0.0433,0,1,0.014,0.02,0,0.213,22,0.0071,0.0035,0.026,0.024,"HQX118000",0
0.006,0.0022,0,2,0.023,0.02,0,0.067,17,0.0055,0.0039,0.029,0.026,"HQX131820",0.003
0.005,0.0309,0,0,0.009,0.02,0,0.194,33,0.0094,0.0031,0.035,0.034,"HQD123470",0
0.005,0.0659,0,0,0.021,0.02,0,0.486,30,0.0129,0.0024,0.042,0.04,"HQH099110",0.001
0.006,0.0725,2,0,0.291,0.41,0,0.41,,0.0987,0.0031,0.031,0.03,"HQB114880",0.002
0.004,0.0021,0,0,0.024,0.03,0,0.142,18,0.0087,0.0036,0.028,0.026,"HQJ062120",0.002
0.006,0.0594,0,0,0.012,0.02,0,0.359,25,0.0084,0.0032,0.035,0.033,"HQC122420",0
0.006,0.0369,0,0,0.009,0.01,0,0.189,33,0.0058,0.0028,0.026,0.025,"HQA106510",0
0.006,0.0023,0,0,0.025,0.02,0,0.094,13,0.01,0.0035,0.026,0.024,"HQB007840",0.001
0.006,0.1445,0,0,0.015,0.02,0,0.49,33,0.0111,0.0028,0.014,0.013,"HQY009440",0
0.004,0.0363,0,0,0.014,0.02,0,0.189,20,0.0088,0.0036,0.028,0.025,"HQG037170",0
0.006,0.0014,0,0,0.014,0.03,0,0.073,22,0.0089,0.0032,0.034,0.033,"HQA030230",0.001
0.004,0.002,15,0,0.059,0.07,0,0.518,13,0.0145,0.0027,0.022,0.022,"HQD100810",0.002
0.006,0.073,0,0,0.016,0.02,0,0.284,23,0.0084,0.0032,0.021,0.02,"HQA055440",0
0.005,0.0545,0,0,0.019,0.02,0,0.349,24,0.0074,0.0021,0.035,0.034,"HQC025610",0
0.006,0.0465,0,0,0.012,0.02,0,0.307,32,0.0115,0.0052,0.032,0.03,"HQZ015740",0
0.006,0.0593,0,1,0.013,0.02,0,0.339,23,0.0079,0.0034,0.03,0.029,"HQY048470",0
0.006,0.0422,0,0,0.01,0.02,0,0.19,19,0.0079,0.0034,0.022,0.021,"HQD035030",0
0.004,0.031,0,1,0.016,0.01,0,0.194,20,0.0069,0.004,0.036,0.035,"HQZ027130",0
0.005,0.0771,0,1,0.015,0.02,0,0.288,29,0.0089,0.0034,0.036,0.035,"HQH100430",0.001
0.005,0.0759,0,0,0.021,0.02,0,0.494,26,0.0079,0.0041,0.026,0.025,"HQZ154210",0
0.006,0.0349,0,1,0.017,0.02,0,0.207,17,0.0081,0.0041,0.025,0.022,"HQX045930",0
0.004,0.0381,11,0,0.014,0.02,0,0.178,14,0.0126,0.0043,0.019,0.019,"HQG123230",0
0.005,0.0018,0,0,0.019,0.02,0,0.081,23,0.009,0.0033,0.03,0.028,"HQG053320",0.001
0.006,0.0385,0,1,0.011,0.02,0,0.203,24,0.0069,0.0031,0.033,0.031,"HQX136990",0
0.006,0.047,0,0,0.023,0.03,0,0.188,14,0.0109,0.0038,0.03,0.03,"HQC066090",0
0.005,0.0411,0,0,0.011,0.02,0,0.206,23,0.0108,0.0027,0.026,0.025,"HQD154630",0.001
0.007,0.0044,11,3,0.099,0.02,0.06,0.612,22,0.081,0.0091,0.044,0.042,"HQY101710",0.002
0.005,0.0349,0,0,0.011,0.03,0,0.189,23,0.0112,0.0037,0.021,0.02,"HQC141380",0
0.006,0.044,0,0,0.016,0.02,0,0.192,19,0.01,0.0036,0.026,0.025,"HQC145140",0
0.005,0.0356,0,0,0.008,0.02,0,0.176,15,0.0092,0.0035,0.027,0.025,"HQF018350",0
0.004,0.1197,0,1,0.025,0.02,0,0.295,28,0.0088,0.0035,0.016,0.016,"HQG076210",0
0.006,0.0781,3,1,0.022,0.02,0,0.915,34,0.0196,0.0024,0.028,0.027,"HQX006910",0.002
0.007,0.1161,0,0,0.009,0.02,0,0.293,22,0.0079,0.0029,0.024,0.024,"HQA140600",0
0.006,0.0386,0,0,0.02,0.02,0,0.193,23,0.0124,0.0028,0.036,0.035,"HQB068160",0.001
0.004,0.1605,0,1,0.022,0.02,0,0.796,36,0.009,0.0024,0.044,0.042,"HQH147060",0.001
0.005,0.0717,1,1,0.276,0.42,0,0.397,,0.0975,0.0034,0.022,0.022,"HQF029100",0.002
0.005,0.1052,0,0,0.014,0.02,0,0.448,31,0.0091,0.0027,0.028,0.026,"HQZ150650",0
0.004,0.1475,0,0,0.018,0.01,0,0.488,40,0.0105,0.0029,0.022,0.022,"HQF027260",0
0.006,0.0376,11,0,0.012,0.02,0,0.197,19,0.0095,0.0033,0.026,0.025,"HQB056380",0
0.005,0.0373,0,0,0.009,0.03,0,0.194,20,0.0098,0.003,0.033,0.031,"HQD121930",0
0.006,0.0396,0,0,0.018,0.02,0,0.212,21,0.0079,0.0043,0.032,0.03,"HQA016380",0
0.006,0.1345,0,0,0.024,0.01,0,0.893,37,0.0107,0.0023,0.014,0.012,"HQB050980",0.001
0.006,0.0381,0,0,0.02,0.02,0,0.194,24,0.0079,0.004,0.026,0.024,"HQY037260",0
0.007,0.0021,0,0,0.011,0.01,0,0.099,12,0.0099,0.0033,0.029,0.027,"HQY100940",0.001
0.006,0.1805,0,0,0.026,0.03,0,0.443,18,0.0131,0.0037,0.024,0.023,"HQE078680",0.001
0.005,0.002,0,1,0.011,0.02,0,0.091,14,0.0095,0.0035,0.026,0.025,"HQG007060",0.001
0.005,0.0411,0,0,0.019,0.02,0,0.187,20,0.0063,0.004,0.026,0.024,"HQF129090",0
0.004,0.0014,0,0,0.02,0.02,0,0.077,14,0.0087,0.0047,0.031,0.029,"HQE038840",0.002
0.007,0.0644,0,0,0.015,0.02,0,0.84,30,0.0146,0.0025,0.038,0.037,"HQD060030",0.001
0.005,0.1466,0,1,0.011,0.02,0,0.488,26,0.0095,0.0026,0.028,0.028,"HQJ150900",0
0.007,0.0015,0,0,0.025,0.02,0,0.098,16,0.0084,0.0038,0.032,0.03,"HQX127750",0.001
0.006,0.1224,0,0,0.019,0.02,0,0.463,21,0.0148,0.0031,0.017,0.015,"HQB084380",0
0.003,0.1492,0,0,0.013,0.01,0,0.469,22,0.0087,0.0032,0.022,0.021,"HQH000860",0
0.005,0.0395,0,0,0.021,0.02,0,0.201,18,0.0093,0.004,0.028,0.027,"HQH110570",0
0.006,0.0016,0,0,0.015,0.02,0,0.089,13,0.009,0.0031,0.03,0.028,"HQB090190",0.001
0.004,0.0536,0,0,0.026,0.02,0,0.348,27,0.0088,0.0035,0.04,0.038,"HQG002240",0
0.006,0.0426,0,0,0.014,0.02,0,0.191,18,0.0058,0.0039,0.026,0.026,"HQA029350",0
0.006,0.1315,0,0,0.019,0.01,0,0.925,28,0.0107,0.0034,0.024,0.022,"HQX141190",0.001
0.006,0.0798,2,0,0.014,0.02,0,0.893,44,0.0189,0.0022,0.027,0.025,"HQC018570",0
0.007,0.0389,0,0,0.01,0.01,0,0.202,17,0.0078,0.0029,0.017,0.015,"HQB118230",0
0.006,0.0018,0,1,0.018,0.02,0,0.103,18,0.0116,0.0036,0.022,0.02,"HQB097590",0.001
0.006,0.0448,0,0,0.018,0.02,0,0.199,16,0.0083,0.0036,0.024,0.023,"HQA058170",0
0.008,0.0547,0,0,0.012,0.02,0,0.801,29,0.0112,0.003,0.035,0.032,"HQD042530",0
0.003,0.035,0,3,0.012,0.02,0,0.179,11,0.0095,0.0037,0.024,0.023,"HQH010260",0
0.007,0.0763,1,7,0.014,0.02,0,0.918,25,0.0189,0.0021,0.028,0.027,"HQB094050",0.001
0.006,0.0368,0,0,0.017,0.02,0,0.213,30,0.0082,0.0039,0.019,0.018,"HQC098360",0
0.007,0.0319,0,0,0.012,0.01,0,0.206,31,0.0094,0.003,0.038,0.037,"HQX136550",0
0.006,0.0355,0,0,0.009,0.02,0,0.203,23,0.01,0.0035,0.022,0.02,"HQX046580",0
0.007,0.0396,0,0,0.019,0.02,0,0.195,26,0.009,0.004,0.021,0.02,"HQX126850",0
0.007,0.1194,0,0,0.016,0.02,0,0.313,27,0.0072,0.0026,0.022,0.02,"HQZ041620",0
0.005,0.0411,0,0,0.013,0.02,0,0.196,22,0.0073,0.0034,0.021,0.02,"HQE072970",0
0.005,0.0661,0,2,0.037,0.04,0,0.492,37,0.0122,0.0021,0.06,0.057,"HQE052550",0.001
0.005,0.0565,0,1,0.03,0.02,0,0.804,25,0.0072,0.0026,0.036,0.034,"HQH072040",0.001
0.004,0.0455,0,0,0.02,0.02,0,0.194,14,0.0083,0.0037,0.024,0.023,"HQC074920",0
0.005,0.076,3,0,0.021,0.02,0,0.882,28,0.0184,0.002,0.029,0.028,"HQG148490",0.001
0.006,0.0543,0,0,0.017,0.02,0,0.773,27,0.0104,0.0025,0.031,0.029,"HQA078170",0
0.005,0.0365,0,2,0.008,0.02,0,0.209,23,0.0064,0.0041,0.024,0.022,"HQX105410",0
0.004,0.0379,0,0,0.029,0.02,0,0.201,24,0.0076,0.0034,0.024,0.023,"HQF111650",0
0.004,0.1923,0,0,0.024,0.03,0,0.441,31,0.01,0.0024,0.038,0.037,"HQJ143330",0
0.006,0.0388,10,0,0.021,0.02,0,0.203,22,0.0096,0.0042,0.025,0.024,"HQD050200",0
0.005,0.002,0,0,0.009,0.01,0,0.143,19,0.0095,0.0042,0.025,0.023,"HQY095540",0.001
0.005,0.1182,0,0,0.032,0.02,0,0.451,25,0.0123,0.0031,0.022,0.021,"HQD096760",0
0.004,0.0403,0,0,0.01,0.02,0,0.183,20,0.0081,0.0034,0.024,0.023,"HQF103640",0
0.005,0.0408,0,0,0.01,0.06,0,0.201,41,0.0059,0.003,0.035,0.034,"HQZ145840",0
0.007,0.0014,0,0,0.024,0.01,0,0.069,17,0.009,0.0061,0.034,0.032,"HQX128430",0.002
0.008,0.0025,0,0,0.011,0.02,0,0.09,16,0.0099,0.0034,0.027,0.027,"HQB019390",0
0.006,0.0635,0,0,0.014,0.02,0,0.35,28,0.0085,0.0027,0.031,0.03,"HQD015190",0
0.005,0.0388,0,0,0.01,0.02,0,0.207,15,0.0094,0.0027,0.022,0.02,"HQB151000",0
0.007,0.0391,0,0,0.008,0.01,0,0.167,19,0.0056,0.003,0.021,0.02,"HQX139180",0
0.006,0.0377,1,0,0.017,0.02,0,0.197,21,0.0078,0.0038,0.024,0.022,"HQX023360",0
0.006,0.0604,0,1,0.031,0.02,0,0.351,25,0.0079,0.004,0.04,0.038,"HQA111870",0
0.004,0.045,0,0,0.026,0.02,0,0.2,16,0.0095,0.0037,0.024,0.024,"HQH088930",0
0.007,0.0606,0,0,0.02,0.02,0,0.809,27,0.0106,0.0025,0.032,0.03,"HQX084850",0.001
0.005,0.0354,0,0,0.026,0.02,0,0.177,22,0.0085,0.0035,0.02,0.018,"HQX002650",0
0.006,0.0375,0,0,0.012,0.02,0,0.202,17,0.0108,0.0029,0.031,0.029,"HQB129180",0
0.006,0.0368,0,0,0.01,0.02,0,0.129,18,0.0082,0.003,0.017,0.016,"HQC054600",0
0.005,0.0803,3,1,0.018,0.02,0,0.907,38,0.019,0.003,0.03,0.03,"HQA004660",0.001
0.004,0.0014,4,0,0.056,0.02,0,0.186,18,0.0426,0.0093,0.038,0.035,"HQH025030",0.001
0.006,0.0397,13,0,0.01,0.02,0,0.193,13,0.0124,0.0036,0.027,0.026,"HQF006850",0
0.005,0.0751,4,1,0.013,0.02,0,1.072,42,0.0195,0.0016,0.032,0.032,"HQE132430",0.002
0.007,0.0582,0,0,0.012,0.01,0,0.347,28,0.0076,0.003,0.034,0.033,"HQA121370",0
0.006,0.0017,0,1,0.008,0.01,0,0.093,19,0.0097,0.003,0.026,0.024,"HQB036400",0.001
0.005,0.0419,17,2,0.009,0.02,0,0.2,16,0.0101,0.0037,0.024,0.022,"HQA002070",0
0.004,0.0533,0,0,0.027,0.02,0,0.789,26,0.0118,0.0028,0.041,0.039,"HQG001090",0
0.005,0.0526,0,0,0.009,0.01,0,0.782,28,0.0108,0.0023,0.03,0.029,"HQF031960",0
0.005,0.0018,0,0,0.019,0.02,0,0.081,23,0.009,0.0033,0.03,0.028,"HQG053280",0.001
0.005,0.0681,0,0,0.02,0.02,0,0.482,36,0.0113,0.0029,0.044,0.043,"HQH099790",0.001
0.004,0.0393,0,0,0.022,0.03,0,0.196,23,0.0097,0.0028,0.023,0.021,"HQJ022020",0
0.005,0.035,0,0,0.015,0.01,0,0.2,26,0.0077,0.0031,0.028,0.025,"HQX002580",0
0.005,0.0182,0,0,0.017,0.02,0,0.187,18,0.0075,0.0041,0.024,0.023,"HQH055350",0
0.006,0.0563,0,0,0.015,0.02,0,0.342,21,0.0067,0.0033,0.028,0.027,"HQZ165710",0
0.005,0.0023,0,1,0.011,0.03,0,0.138,17,0.0103,0.0034,0.03,0.028,"HQD121440",0.001
0.006,0.0334,0,2,0.021,0.01,0,0.167,22,0.0055,0.004,0.024,0.023,"HQA136730",0
0.005,0.0711,0,0,0.017,0.02,0,0.622,22,0.0204,0.0035,0.027,0.026,"HQF137130",0.001
0.005,0.0478,0,0,0.009,0.02,0,0.201,13,0.0072,0.0032,0.023,0.021,"HQZ106740",0
0.005,0.0588,0,0,0.016,0.02,0,0.798,34,0.0083,0.0025,0.042,0.041,"HQA048150",0
0.006,0.0409,0,5,0.017,0.01,0,0.185,28,0.0083,0.0024,0.034,0.032,"HQJ091660",0.001
0.006,0.1042,0,0,0.014,0.02,0,0.5,28,0.0094,0.0026,0.019,0.018,"HQX048280",0
0.005,0.0334,0,0,0.013,0.02,0,0.177,10,0.0071,0.003,0.024,0.023,"HQF104300",0
0.005,0.0374,0,0,0.01,0.02,0,0.176,21,0.0069,0.0034,0.027,0.026,"HQE045290",0
0.005,0.039,1,1,0.033,0.03,0,0.19,30,0.0119,0.0041,0.021,0.02,"HQE141560",0
0.004,0.0024,0,0,0.01,0.02,0,0.097,16,0.0092,0.003,0.028,0.025,"HQF036560",0.001
0.005,0.0021,0,1,0.011,0.02,0,0.062,16,0.0063,0.0039,0.03,0.028,"HQZ016780",0.003
0.006,0.0377,0,29,0.007,0.02,0,0.196,21,0.0106,0.0028,0.02,0.018,"HQX114070",0
0.006,0.1446,0,0,0.017,0.02,0,0.906,26,0.0121,0.0028,0.023,0.021,"HQX071860",0.001
0.007,0.0175,0,0,0.013,0.01,0,0.193,18,0.0069,0.0027,0.028,0.027,"HQA121740",0
0.005,0.0021,0,1,0.021,0.02,0,0.059,12,0.0079,0.004,0.034,0.033,"HQG046180",0.003
0.005,0.0364,0,0,0.011,0.02,0,0.18,17,0.0061,0.0028,0.025,0.022,"HQZ128990",0
0.004,0.0016,5,0,0.053,0.02,0,0.207,17,0.0438,0.0091,0.038,0.036,"HQF140410",0
0.006,0.002,0,18,0.008,0.02,0,0.086,18,0.0101,0.0033,0.023,0.022,"HQA074960",0.001
0.007,0.036,0,0,0.01,0.02,0,0.176,28,0.0087,0.0035,0.017,0.016,"HQA074220",0
0.005,0.1342,0,0,0.013,0.02,0,0.849,22,0.0102,0.0032,0.018,0.017,"HQF082900",0.001
0.007,0.1079,0,0,0.013,0.02,0,0.495,23,0.013,0.0024,0.023,0.022,"HQD027140",0.001
0.004,0.0014,0,0,0.015,0.03,0,0.079,18,0.0098,0.0034,0.032,0.031,"HQH106890",0.002
0.006,0.0026,17,0,0.065,0.07,0,0.541,14,0.0129,0.0034,0.031,0.029,"HQB080250",0.002
0.007,0.1185,0,0,0.017,0.01,0.03,0.298,42,0.0089,0.0028,0.029,0.028,"HQA113520",0
0.007,0.0018,0,0,0.021,0.02,0,0.091,15,0.0107,0.0033,0.034,0.033,"HQA136330",0.001
0.004,0.0197,0,0,0.011,0.02,0,0.191,10,0.0091,0.004,0.02,0.016,"HQG092290",0
0.007,0.0021,0,3,0.017,0.02,0,0.151,17,0.0094,0.0036,0.034,0.033,"HQD021560",0.002
0.005,0.0801,2,1,0.025,0.02,0,1.078,32,0.0196,0.0017,0.029,0.028,"HQX001970",0.002
0.004,0.0421,0,0,0.013,0.02,0,0.209,17,0.0079,0.0034,0.032,0.028,"HQJ059080",0
0.005,0.1432,0,0,0.012,0.03,0,0.683,25,0.015,0.0028,0.018,0.017,"HQJ096760",0.001
0.006,0.0019,0,0,0.016,0.02,0,0.068,20,0.0098,0.0047,0.032,0.03,"HQX147650",0.002
0.005,0.0367,0,0,0.009,0.02,0,0.175,16,0.01,0.0027,0.019,0.018,"HQD150810",0
0.005,0.1739,0,0,0.011,0.01,0.01,0.779,33,0.0078,0.0028,0.023,0.021,"HQC029570",0
0.005,0.0378,0,1,0.022,0.02,0,0.178,23,0.008,0.0044,0.022,0.02,"HQH116660",0
0.004,0.1772,0,1,0.028,0.02,0,0.803,39,0.014,0.0047,0.021,0.019,"HQJ061620",0.001
0.005,0.1908,0,1,0.02,0.02,0,0.845,35,0.01,0.0027,0.027,0.026,"HQX111930",0.001
0.006,0.0393,0,0,0.018,0.02,0,0.196,30,0.0085,0.0029,0.028,0.027,"HQY043030",0
0.005,0.0714,5,1,0.017,0.03,0,0.859,35,0.019,0.0012,0.022,0.022,"HQG058340",0.002
0.006,0.0021,0,0,0.008,0.02,0,0.06,13,0.0084,0.0033,0.025,0.024,"HQA041490",0.002
0.004,0.0406,13,0,0.019,0.02,0,0.24,17,0.0095,0.0074,0.032,0.031,"HQF085490",0
0.006,0.1511,0,0,0.011,0.01,0,0.852,38,0.0067,0.0029,0.024,0.022,"HQX035880",0.001
0.004,0.1587,1,0,0.016,0.02,0,0.792,41,0.0105,0.003,0.034,0.034,"HQC009220",0
0.005,0.0728,0,0,0.289,0.42,0,0.419,,0.0995,0.0035,0.024,0.024,"HQY065540",0.003
0.004,0.0672,2,0,0.012,0.02,0,0.601,33,0.0205,0.0029,0.027,0.026,"HQH137770",0
0.006,0.0417,12,1,0.012,0.02,0,0.26,19,0.0083,0.003,0.031,0.029,"HQY006330",0
0.005,0.037,0,1,0.011,0.02,0,0.175,23,0.0077,0.0034,0.019,0.018,"HQZ017150",0
0.007,0.0763,1,7,0.014,0.02,0,0.918,25,0.0189,0.0021,0.028,0.027,"HQB094070",0.001
0.004,0.0579,0,0,0.022,0.02,0,0.799,31,0.0127,0.0023,0.036,0.031,"HQG131020",0.001
0.006,0.0347,0,0,0.01,0.01,0,0.193,18,0.0052,0.003,0.024,0.022,"HQY116380",0
0.007,0.0382,0,0,0.01,0.01,0,0.176,21,0.0102,0.0029,0.015,0.013,"HQX020900",0
0.006,0.0017,0,0,0.017,0.02,0,0.389,22,0.028,0.003,0.03,0.029,"HQB038460",0.002
0.006,0.0184,0,0,0.017,0.03,0,0.191,16,0.0093,0.0035,0.024,0.022,"HQE085430",0
0.007,0.0397,0,1,0.015,0.02,0,0.237,12,0.0102,0.004,0.025,0.023,"HQA149130",0
0.006,0.043,0,0,0.014,0.02,0,0.196,19,0.0097,0.0037,0.02,0.019,"HQZ008460",0
0.005,0.0526,0,2,0.015,0.02,0,0.352,18,0.0075,0.0019,0.031,0.03,"HQC022950",0
0.005,0.0562,0,0,0.02,0.02,0,0.794,37,0.0088,0.003,0.04,0.038,"HQE038900",0.001
0.006,0.0019,0,1,0.02,0.02,0,0.094,15,0.0089,0.0039,0.033,0.031,"HQH103940",0.002
0.006,0.0541,0,2,0.015,0.02,0,0.342,27,0.0068,0.0029,0.026,0.024,"HQX148770",0
0.006,0.0013,0,0,0.011,0.02,0,0.097,10,0.0106,0.0034,0.034,0.032,"HQE022680",0.001
0.004,0.0344,0,0,0.026,0.02,0,0.193,14,0.0115,0.0042,0.022,0.022,"HQF101120",0
0.006,0.0385,0,0,0.009,0.02,0,0.198,20,0.0103,0.0034,0.028,0.026,"HQX015580",0
0.005,0.1802,0,0,0.014,0.02,0,0.788,32,0.0062,0.0028,0.027,0.024,"HQH029270",0.001
0.005,0.0679,0,0,0.018,0.02,0,0.493,46,0.0136,0.0025,0.044,0.043,"HQC020160",0
0.006,0.0376,0,2,0.012,0.02,0,0.194,20,0.0092,0.0036,0.025,0.024,"HQY159210",0
0.005,0.0015,5,0,0.053,0.02,0,0.199,14,0.0442,0.0087,0.039,0.037,"HQF140290",0.001
0.004,0.0363,0,0,0.023,0.02,0,0.197,22,0.0079,0.0034,0.034,0.032,"HQJ004790",0
0.006,0.11,0,0,0.008,0.02,0,0.288,24,0.01,0.0026,0.024,0.023,"HQZ084950",0
0.004,0.0014,0,0,0.018,0.02,0,0.063,15,0.008,0.0041,0.026,0.023,"HQF051980",0.004
0.005,0.0399,0,0,0.038,0.02,0,0.186,20,0.0067,0.0033,0.017,0.015,"HQC138930",0
0.004,0.0559,0,0,0.026,0.02,0,0.825,27,0.0092,0.0032,0.039,0.037,"HQH117070",0.001
0.004,0.0412,0,0,0.009,0.02,0,0.188,16,0.0089,0.0032,0.021,0.02,"HQJ050300",0
0.005,0.0555,0,0,0.02,0.02,0,0.785,45,0.011,0.0026,0.039,0.036,"HQH087450",0.001
0.005,0.0344,0,0,0.009,0.02,0,0.196,16,0.0086,0.0032,0.02,0.019,"HQD118760",0
0.004,0.0361,0,0,0.008,0.02,0,0.19,16,0.0085,0.0029,0.023,0.02,"HQD088900",0
0.004,0.0195,0,0,0.011,0.02,0,0.144,20,0.0086,0.0034,0.032,0.03,"HQG036760",0
0.004,0.0016,0,2,0.009,0.06,0.02,0.143,17,0.0483,0.004,0.032,0.03,"HQD116340",0
0.004,0.0376,0,1,0.011,0.01,0,0.185,11,0.0089,0.0037,0.031,0.03,"HQJ001350",0
0.004,0.0019,0,1,0.009,0.02,0,0.114,15,0.0098,0.003,0.03,0.028,"HQD152850",0.001
0.005,0.036,0,0,0.02,0.02,0,0.194,18,0.0091,0.0036,0.025,0.024,"HQD140580",0
0.005,0.0381,0,0,0.009,0.02,0,0.198,22,0.0064,0.003,0.022,0.02,"HQX110130",0
0.007,0.1497,0,0,0.019,0.02,0,0.914,34,0.0099,0.0025,0.016,0.015,"HQY091690",0.001
0.006,0.0418,11,0,0.017,0.02,0,0.208,20,0.0081,0.0038,0.024,0.021,"HQX074220",0
0.005,0.0601,0,0,0.027,0.02,0,0.8,32,0.0104,0.0027,0.05,0.048,"HQG000640",0
0.005,0.0681,0,0,0.014,0.03,0,0.242,105,0.0054,0.0021,0.03,0.028,"HQG029370",0
0.006,0.0452,0,0,0.022,0.02,0,0.283,27,0.0058,0.0038,0.031,0.029,"HQX089820",0
0.005,0.1196,0,0,0.023,0.02,0,0.294,28,0.0096,0.0028,0.02,0.019,"HQB067400",0
0.007,0.0456,0,0,0.012,0.01,0,0.279,30,0.0064,0.0033,0.036,0.035,"HQD043960",0
0.005,0.0024,0,0,0.021,0.02,0,0.095,14,0.0109,0.0029,0.032,0.031,"HQE000280",0.002
0.006,0.0332,0,0,0.015,0.02,0,0.187,20,0.0098,0.0041,0.025,0.023,"HQZ100720",0
0.006,0.0409,17,0,0.008,0.02,0,0.196,19,0.0118,0.0028,0.02,0.019,"HQB030830",0
0.006,0.0401,0,0,0.019,0.02,0,0.216,21,0.0102,0.004,0.019,0.018,"HQY033760",0
0.007,0.0358,0,0,0.008,0.02,0,0.198,16,0.0085,0.0031,0.022,0.02,"HQA152550",0
0.005,0.0022,0,1,0.027,0.03,0,0.072,17,0.0085,0.0038,0.034,0.032,"HQH074490",0.004
0.006,0.1145,0,0,0.009,0.01,0,0.506,25,0.0111,0.0028,0.024,0.023,"HQF004230",0
0.003,0.0352,0,0,0.02,0.02,0,0.176,26,0.0071,0.0033,0.02,0.017,"HQG096550",0
0.004,0.0024,0,0,0.02,0.02,0,0.103,12,0.0096,0.0037,0.032,0.029,"HQJ117920",0.001
0.005,0.1527,0,4,0.01,0.02,0,0.797,27,0.0111,0.0018,0.034,0.031,"HQJ095290",0.001
0.004,0.0176,0,1,0.013,0.03,0,0.175,15,0.0105,0.0028,0.028,0.026,"HQJ074520",0
0.006,0.0016,0,0,0.021,0.02,0,0.088,12,0.0091,0.0041,0.03,0.029,"HQF071530",0.001
0.004,0.0388,0,0,0.008,0.02,0,0.186,13,0.0089,0.0034,0.033,0.031,"HQG143580",0
0.006,0.0508,0,0,0.01,0.02,0,0.291,31,0.0071,0.0031,0.032,0.031,"HQA057850",0
0.004,0.0792,0,0,0.012,0.02,0,0.441,29,0.0099,0.003,0.018,0.017,"HQC002750",0
0.006,0.0021,0,12,0.011,0.02,0,0.097,15,0.0122,0.0032,0.035,0.032,"HQE022640",0.001
0.004,0.0022,15,0,0.066,0.07,0,0.547,29,0.0138,0.0033,0.027,0.025,"HQG057080",0.001
0.004,0.0374,10,0,0.016,0.02,0,0.194,16,0.0089,0.0036,0.022,0.02,"HQE057960",0
0.006,0.0393,0,0,0.009,0.02,0,0.194,25,0.0099,0.0032,0.022,0.02,"HQD043050",0
0.006,0.02,0,0,0.016,0.02,0,0.16,18,0.0073,0.0034,0.027,0.025,"HQY083120",0
0.005,0.018,0,1,0.023,0.02,0,0.189,12,0.0086,0.0031,0.02,0.018,"HQE075150",0
0.004,0.0028,15,0,0.058,0.07,0,0.517,15,0.0143,0.003,0.025,0.024,"HQJ142990",0.002
0.006,0.0392,0,0,0.017,0.02,0,0.211,19,0.0078,0.0038,0.026,0.024,"HQX057460",0
0.005,0.0398,0,0,0.017,0.02,0,0.2,14,0.0088,0.0038,0.026,0.025,"HQH116530",0
0.004,0.0407,11,0,0.019,0.02,0,0.211,22,0.0063,0.0037,0.035,0.034,"HQF097770",0
0.005,0.063,0,0,0.01,0.01,0,0.36,27,0.0056,0.0023,0.037,0.036,"HQF013280",0
0.004,0.0372,0,0,0.01,0.01,0,0.212,12,0.0089,0.003,0.029,0.028,"HQH155100",0
0.004,0.1428,0,1,0.021,0.01,0,0.877,25,0.0067,0.003,0.028,0.027,"HQF070410",0.001
0.004,0.033,0,0,0.01,0.02,0,0.221,16,0.0068,0.0036,0.023,0.021,"HQG164340",0
0.007,0.141,0,0,0.024,0.02,0,0.904,32,0.0155,0.0028,0.013,0.012,"HQX047800",0.001
0.005,0.0372,0,2,0.021,0.02,0,0.186,16,0.0111,0.004,0.026,0.025,"HQG148920",0
0.004,0.036,0,0,0.018,0.02,0,0.148,14,0.0066,0.0034,0.023,0.022,"HQE133830",0
0.004,0.0019,0,0,0.021,0.03,0,0.09,19,0.0098,0.0042,0.023,0.022,"HQH003630",0.001
0.006,0.0424,12,0,0.019,0.02,0,0.236,20,0.0073,0.0031,0.03,0.029,"HQA163600",0
0.006,0.148,0,2,0.012,0.02,0,0.789,30,0.0098,0.0028,0.025,0.024,"HQC089950",0.001
0.005,0.1101,0,1,0.013,0.02,0,0.469,28,0.01,0.0027,0.014,0.013,"HQB084680",0
0.005,0.0019,0,0,0.021,0.02,0,0.081,16,0.0084,0.0042,0.03,0.029,"HQH063870",0.003
0.005,0.0035,9,0,0.099,0.02,0.06,0.615,18,0.0887,0.0089,0.046,0.045,"HQY040690",0.002
0.006,0.0392,12,0,0.02,0.02,0,0.248,27,0.0097,0.0041,0.033,0.031,"HQX051980",0
0.006,0.1204,0,0,0.021,0.02,0,0.356,29,0.0096,0.0032,0.022,0.022,"HQC110680",0
0.005,0.152,0,0,0.02,0.01,0,0.287,28,0.0091,0.0025,0.03,0.026,"HQH083770",0
0.006,0.0384,0,0,0.011,0.02,0,0.197,19,0.0078,0.0045,0.026,0.025,"HQZ089640",0
0.005,0.1158,0,0,0.021,0.02,0,0.501,28,0.0141,0.0023,0.023,0.022,"HQC052840",0.001
0.006,0.0353,0,0,0.012,0.02,0,0.201,15,0.0075,0.0025,0.023,0.022,"HQB006730",0
0.006,0.0382,0,0,0.009,0.01,0,0.2,28,0.0078,0.0028,0.03,0.029,"HQZ098490",0
0.006,0.0209,5,0,0.019,0.02,0,0.15,14,0.0088,0.004,0.029,0.027,"HQZ086700",0
0.004,0.0376,0,0,0.02,0.02,0,0.189,17,0.0099,0.0031,0.027,0.026,"HQF152360",0
0.007,0.0359,0,0,0.02,0.02,0,0.197,23,0.0089,0.003,0.03,0.029,"HQX136880",0
0.004,0.147,0,0,0.031,0.02,0,0.5,32,0.0128,0.0033,0.026,0.025,"HQH131080",0.001
0.006,0.0023,0,0,0.014,0.02,0,0.089,17,0.009,0.0042,0.027,0.026,"HQZ004540",0.001
0.006,0.0392,0,0,0.014,0.02,0,0.186,15,0.0084,0.0039,0.018,0.018,"HQC092940",0
0.005,0.0014,0,0,0.019,0.02,0,0.073,17,0.0063,0.0037,0.03,0.028,"HQF074360",0.004
0.005,0.0526,0,2,0.015,0.02,0,0.352,18,0.0075,0.0019,0.031,0.03,"HQC023070",0
0.006,0.0385,0,0,0.009,0.02,0,0.198,20,0.0103,0.0034,0.028,0.026,"HQX015500",0
0.007,0.0365,0,0,0.009,0.01,0,0.197,20,0.008,0.0035,0.02,0.018,"HQX034710",0
0.006,0.0715,0,0,0.021,0.02,0,0.611,32,0.0186,0.0035,0.029,0.028,"HQZ160590",0
0.006,0.04,0,0,0.006,0.02,0,0.131,13,0.0094,0.0032,0.026,0.026,"HQD010130",0
0.004,0.0014,6,0,0.054,0.02,0,0.192,17,0.0436,0.0091,0.031,0.03,"HQD159820",0.001
0.005,0.0364,0,0,0.011,0.01,0,0.199,20,0.0076,0.0034,0.026,0.024,"HQX065200",0
0.006,0.0016,0,0,0.009,0.02,0,0.088,22,0.0095,0.0033,0.031,0.029,"HQX041730",0.001
0.004,0.0402,0,0,0.018,0.02,0,0.198,21,0.0075,0.0032,0.026,0.026,"HQC075530",0
0.004,0.078,4,1,0.015,0.02,0,0.916,25,0.0199,0.002,0.026,0.025,"HQH162130",0.002
0.006,0.0387,12,1,0.021,0.02,0,0.204,19,0.0077,0.0037,0.023,0.022,"HQB057360",0
0.004,0.0368,0,0,0.027,0.03,0,0.203,14,0.0124,0.0034,0.017,0.016,"HQF102040",0
0.005,0.0191,0,0,0.015,0.02,0,0.204,15,0.0073,0.0032,0.012,0.011,"HQZ116540",0
0.006,0.0414,18,1,0.009,0.02,0,0.193,25,0.0108,0.0029,0.023,0.022,"HQX028500",0
0.005,0.0302,0,0,0.013,0.02,0,0.21,31,0.0098,0.0045,0.029,0.028,"HQY065820",0
0.006,0.0867,0,0,0.012,0.02,0,0.294,21,0.0098,0.0032,0.026,0.026,"HQC136730",0
0.005,0.0367,0,1,0.009,0.02,0,0.15,18,0.0085,0.0049,0.023,0.022,"HQY079160",0
0.004,0.0019,0,0,0.019,0.03,0,0.093,19,0.0119,0.0034,0.028,0.028,"HQF094010",0.003
0.007,0.1396,0,2,0.015,0.02,0,1.193,26,0.0128,0.0029,0.015,0.013,"HQY147380",0.001
0.005,0.1474,0,0,0.011,0.02,0,0.499,35,0.0087,0.0024,0.021,0.018,"HQE053560",0
0.005,0.1028,0,0,0.01,0.02,0,0.458,24,0.0106,0.0027,0.032,0.031,"HQY053650",0
0.006,0.0363,0,0,0.014,0.02,0,0.213,19,0.0074,0.0039,0.024,0.023,"HQX132970",0
0.006,0.0396,0,0,0.013,0.03,0,0.209,22,0.0087,0.0029,0.026,0.024,"HQB126980",0
0.006,0.0018,0,1,0.016,0.02,0,0.069,17,0.0088,0.0033,0.029,0.028,"HQA045880",0.003
0.007,0.0196,0,0,0.014,0.02,0,0.194,18,0.0064,0.0033,0.022,0.02,"HQY151070",0
0.006,0.0299,0,0,0.008,0.02,0,0.192,15,0.0083,0.0025,0.026,0.025,"HQZ045510",0
0.007,0.0637,0,0,0.02,0.01,0,0.354,23,0.0077,0.0024,0.034,0.033,"HQB014330",0
0.007,0.0388,0,1,0.01,0.01,0,0.179,21,0.0072,0.003,0.034,0.033,"HQA120710",0
0.006,0.0038,11,0,0.093,0.02,0.06,0.572,25,0.0825,0.0093,0.053,0.052,"HQB063800",0.002
0.006,0.0395,0,0,0.015,0.01,0,0.202,30,0.0073,0.0025,0.028,0.027,"HQB031940",0
0.006,0.0622,0,0,0.015,0.02,0,0.765,33,0.0112,0.0037,0.03,0.03,"HQC127490",0.001
0.006,0.0391,12,0,0.023,0.02,0,0.241,19,0.0067,0.0033,0.032,0.031,"HQA163300",0
0.005,0.0363,0,0,0.011,0.02,0,0.191,15,0.0075,0.0032,0.029,0.028,"HQC065700",0
0.004,0.0364,0,0,0.022,0.02,0,0.191,26,0.0115,0.0041,0.026,0.024,"HQF093120",0
0.005,0.0338,0,1,0.018,0.02,0,0.189,19,0.0082,0.0035,0.021,0.02,"HQF074130",0
0.005,0.0367,0,1,0.032,0.03,0,0.196,15,0.0101,0.0037,0.03,0.03,"HQD139720",0
0.006,0.0468,0,0,0.012,0.02,0,0.197,15,0.0088,0.003,0.03,0.028,"HQD021970",0
0.006,0.0377,0,0,0.018,0.02,0,0.207,25,0.0064,0.0029,0.023,0.022,"HQC098840",0
0.005,0.0404,0,0,0.008,0.02,0,0.196,25,0.01,0.0031,0.02,0.02,"HQE072590",0
0.006,0.0413,0,0,0.008,0.02,0,0.206,16,0.0112,0.0032,0.017,0.017,"HQD066020",0
0.006,0.0546,0,0,0.018,0.02,0,0.306,22,0.012,0.0046,0.026,0.024,"HQX068400",0
0.006,0.1199,0,0,0.018,0.02,0,1.168,39,0.0083,0.003,0.016,0.015,"HQZ007320",0.001
0.007,0.044,0,0,0.011,0.02,0,0.176,34,0.0075,0.0033,0.031,0.03,"HQA130960",0
0.007,0.0369,0,0,0.019,0.02,0.01,0.187,18,0.0073,0.0033,0.022,0.021,"HQX047440",0
0.008,0.0015,5,0,0.058,0.03,0.01,0.189,12,0.04,0.0075,0.033,0.03,"HQB094370",0.001
0.007,0.0018,0,0,0.01,0.02,0,0.096,18,0.0105,0.0033,0.028,0.026,"HQX031400",0.002
0.007,0.0406,0,0,0.01,0.02,0,0.207,19,0.0073,0.0029,0.028,0.026,"HQX041990",0
0.004,0.0012,5,0,0.051,0.03,0,0.191,14,0.0474,0.009,0.032,0.03,"HQJ155910",0.001
0.006,0.1172,0,1,0.01,0.01,0,0.434,24,0.0088,0.0025,0.026,0.025,"HQA052850",0
0.005,0.0024,0,0,0.011,0.02,0,0.086,22,0.0108,0.0032,0.032,0.031,"HQF075550",0.001
0.005,0.0015,0,0,0.012,0.02,0,0.078,14,0.0075,0.0032,0.025,0.024,"HQA047090",0.002
0.007,0.2013,0,0,0.017,0.02,0,0.89,35,0.0103,0.003,0.019,0.018,"HQA096990",0.001
0.006,0.0309,0,1,0.01,0.02,0,0.19,22,0.0093,0.004,0.034,0.032,"HQY079780",0
0.005,0.0669,0,1,0.012,0.02,0,0.241,102,0.0081,0.0034,0.032,0.031,"HQG029330",0
0.004,0.0421,0,0,0.021,0.03,0,0.188,18,0.0111,0.0037,0.027,0.027,"HQJ017210",0
0.007,0.0361,0,0,0.014,0.01,0,0.195,20,0.0076,0.0024,0.026,0.025,"HQA114090",0
0.005,0.0351,0,0,0.012,0.02,0,0.193,21,0.0104,0.0028,0.026,0.024,"HQG020340",0
0.004,0.0698,2,0,0.025,0.02,0,0.59,31,0.0188,0.0027,0.03,0.03,"HQG099410",0.001
0.006,0.0365,0,0,0.024,0.02,0,0.199,35,0.0083,0.0028,0.028,0.027,"HQC141320",0
0.006,0.0016,0,0,0.009,0.02,0,0.092,18,0.0096,0.003,0.026,0.025,"HQA145190",0.001
0.004,0.0023,0,0,0.023,0.02,0,0.152,16,0.0093,0.0032,0.028,0.026,"HQJ138870",0.001
0.005,0.0017,0,0,0.012,0.02,0,0.064,16,0.0073,0.0031,0.022,0.019,"HQZ123590",0.002
0.007,0.0443,0,0,0.017,0.02,0,0.21,22,0.0097,0.0033,0.027,0.026,"HQA092850",0
0.006,0.1487,0,0,0.029,0.02,0,0.806,26,0.0107,0.0033,0.03,0.028,"HQE053200",0.002
0.006,0.0016,0,0,0.011,0.02,0,0.093,16,0.0092,0.0035,0.035,0.032,"HQX135230",0.001
0.006,0.0398,0,0,0.026,0.01,0,0.206,27,0.0085,0.0035,0.026,0.024,"HQC094080",0
0.006,0.1184,0,0,0.013,0.01,0,0.409,33,0.0068,0.0037,0.02,0.019,"HQX166110",0
0.005,0.0021,0,0,0.019,0.02,0,0.089,12,0.0094,0.0035,0.032,0.031,"HQH144210",0.001
0.006,0.0358,0,0,0.011,0.02,0,0.181,19,0.0061,0.0035,0.025,0.024,"HQC138170",0
0.004,0.0038,9,1,0.097,0.02,0.06,0.563,18,0.0772,0.009,0.047,0.046,"HQF051090",0.002
0.005,0.0373,0,2,0.014,0.02,0,0.193,25,0.0083,0.0033,0.022,0.02,"HQZ018820",0
0.006,0.0789,1,2,0.013,0.02,0,0.889,33,0.0185,0.0019,0.035,0.034,"HQY092230",0.002
0.004,0.0022,0,1,0.011,0.02,0,0.085,20,0.0097,0.0029,0.03,0.029,"HQF075670",0.001
0.004,0.043,0,0,0.014,0.02,0,0.175,17,0.011,0.0029,0.024,0.023,"HQE135510",0
0.006,0.002,0,0,0.019,0.02,0,0.073,18,0.0105,0.0036,0.025,0.024,"HQB108230",0.002
0.006,0.0658,0,1,0.012,0.02,0,0.821,26,0.0116,0.0029,0.03,0.028,"HQZ123010",0.001
0.004,0.0472,0,0,0.022,0.02,0,0.295,20,0.0075,0.0034,0.024,0.02,"HQG066960",0
0.006,0.0379,0,0,0.024,0.02,0,0.194,22,0.0096,0.0041,0.021,0.02,"HQX056890",0
0.004,0.0565,0,0,0.015,0.02,0,0.786,48,0.0126,0.0025,0.032,0.031,"HQG060340",0.001
0.006,0.1427,0,0,0.023,0.02,0,0.494,21,0.0109,0.0033,0.016,0.016,"HQA105460",0
0.007,0.038,15,0,0.014,0.02,0.01,0.229,19,0.0089,0.0035,0.025,0.024,"HQX082680",0
0.006,0.0192,0,0,0.008,0.02,0,0.193,22,0.009,0.0033,0.022,0.02,"HQZ125410",0
0.005,0.0409,0,0,0.017,0.02,0,0.192,23,0.0073,0.0038,0.026,0.025,"HQX118390",0
0.006,0.0377,0,0,0.018,0.02,0,0.201,16,0.0093,0.003,0.024,0.023,"HQA071080",0
0.004,0.0348,0,0,0.016,0.02,0,0.196,17,0.0076,0.004,0.026,0.024,"HQG165950",0
0.006,0.0442,0,4,0.012,0.02,0,0.295,29,0.0115,0.0025,0.034,0.032,"HQX157180",0
0.005,0.1249,0,1,0.015,0.02,0,0.867,26,0.0111,0.0027,0.019,0.019,"HQB143550",0
0.004,0.0478,0,0,0.009,0.01,0,0.289,23,0.0086,0.0043,0.019,0.018,"HQJ111660",0
0.006,0.0378,0,7,0.014,0.02,0,0.196,28,0.0105,0.0026,0.032,0.03,"HQX030420",0
0.005,0.0339,0,1,0.02,0.02,0,0.195,23,0.0083,0.0046,0.028,0.026,"HQX062340",0
0.003,0.0309,0,0,0.018,0.02,0,0.185,16,0.0079,0.0033,0.029,0.026,"HQG117170",0
0.005,0.0431,0,0,0.011,0.02,0,0.294,22,0.0067,0.0032,0.021,0.019,"HQX107330",0
0.005,0.0012,5,0,0.053,0.02,0,0.191,18,0.0436,0.0093,0.038,0.036,"HQZ040050",0.001
0.005,0.0726,1,0,0.028,0.02,0,0.906,35,0.019,0.0025,0.027,0.026,"HQY043520",0.001
0.006,0.11,0,0,0.008,0.02,0,0.288,24,0.01,0.0026,0.024,0.023,"HQZ084890",0
0.004,0.0016,0,0,0.017,0.02,0,0.072,19,0.0071,0.0034,0.032,0.031,"HQF090500",0.002
0.005,0.0018,6,1,0.052,0.02,0,0.194,14,0.046,0.0086,0.04,0.039,"HQF160820",0
0.004,0.1229,0,1,0.016,0.08,0,0.357,29,0.0106,0.0024,0.023,0.023,"HQG076740",0.001
0.005,0.002,0,0,0.02,0.02,0,0.069,19,0.0089,0.0038,0.04,0.038,"HQF125120",0.001
0.006,0.0414,0,0,0.016,0.02,0,0.206,22,0.0057,0.0041,0.021,0.019,"HQZ002100",0
0.004,0.034,0,0,0.009,0.02,0,0.191,23,0.0106,0.0028,0.023,0.022,"HQE027730",0
0.005,0.0019,0,9,0.014,0.02,0,0.087,19,0.0102,0.0032,0.021,0.02,"HQB133800",0
0.004,0.1106,0,0,0.025,0.02,0,0.33,24,0.0121,0.0031,0.023,0.02,"HQG101550",0
0.006,0.002,0,0,0.013,0.02,0,0.09,14,0.0096,0.0028,0.035,0.031,"HQB103710",0.001
0.006,0.0429,11,2,0.008,0.01,0,0.266,21,0.0065,0.003,0.033,0.031,"HQA007260",0
0.004,0.0827,2,0,0.016,0.02,0,0.906,29,0.0202,0.0025,0.029,0.025,"HQG116190",0.001
0.005,0.1498,0,0,0.019,0.02,0,0.506,33,0.0108,0.0032,0.023,0.022,"HQF077020",0
0.003,0.0495,0,0,0.018,0.03,0,0.29,37,0.0107,0.003,0.03,0.025,"HQG116390",0
0.004,0.0317,0,0,0.016,0.02,0,0.193,25,0.008,0.0027,0.039,0.038,"HQE059230",0
0.005,0.102,0,0,0.015,0.01,0,0.449,42,0.0071,0.0027,0.012,0.01,"HQZ114480",0
0.005,0.002,0,0,0.011,0.02,0,0.094,17,0.0093,0.0036,0.027,0.025,"HQX142230",0
0.006,0.133,0,1,0.02,0.02,0,0.873,27,0.0111,0.0029,0.022,0.022,"HQH030590",0.001
0.004,0.0333,0,0,0.015,0.02,0,0.18,9,0.0104,0.0026,0.016,0.015,"HQG005260",0
0.006,0.0019,0,1,0.013,0.02,0,0.067,14,0.0082,0.0032,0.027,0.025,"HQB108280",0.002
0.006,0.0406,0,0,0.011,0.03,0,0.19,19,0.0098,0.0034,0.018,0.017,"HQC101000",0
0.005,0.036,0,0,0.009,0.02,0,0.203,25,0.0111,0.0035,0.035,0.032,"HQF118880",0
0.004,0.0406,13,0,0.019,0.02,0,0.24,17,0.0095,0.0074,0.032,0.031,"HQF085520",0
0.005,0.0369,0,4,0.01,0.02,0,0.173,11,0.0092,0.003,0.02,0.019,"HQC125320",0
0.007,0.0479,0,0,0.02,0.02,0,0.303,27,0.0083,0.0037,0.034,0.032,"HQY131850",0
0.005,0.0542,0,0,0.014,0.02,0,0.806,39,0.0119,0.0014,0.043,0.04,"HQB143250",0
0.005,0.1087,0,0,0.012,0.02,0,0.438,27,0.0056,0.0033,0.015,0.015,"HQD066480",0
0.006,0.0398,0,0,0.016,0.02,0,0.202,16,0.0093,0.0028,0.028,0.026,"HQA151580",0
0.007,0.0014,0,0,0.024,0.01,0,0.069,17,0.009,0.0061,0.034,0.032,"HQX128450",0.002
0.007,0.1187,0,0,0.013,0.02,0,1.169,41,0.0126,0.0022,0.024,0.023,"HQX133790",0.001
0.005,0.0355,0,0,0.014,0.02,0,0.189,22,0.01,0.0037,0.02,0.019,"HQH119590",0
0.006,0.068,1,0,0.296,0.42,0,0.41,41,0.107,0.0025,0.025,0.024,"HQF028800",0.003
0.004,0.0023,0,0,0.023,0.02,0,0.152,16,0.0093,0.0032,0.028,0.026,"HQJ138850",0.001
0.005,0.0288,0,0,0.012,0.02,0,0.269,13,0.0195,0.0034,0.023,0.021,"HQH079640",0.001
0.006,0.0778,3,1,0.021,0.03,0,0.896,44,0.0183,0.0023,0.028,0.027,"HQF124050",0.001
0.006,0.0712,0,0,0.013,0.02,0,0.495,27,0.0097,0.0033,0.049,0.047,"HQE156280",0
0.005,0.07,0,2,0.012,0.02,0,0.494,36,0.013,0.0019,0.041,0.04,"HQC020040",0
0.004,0.0354,0,1,0.013,0.02,0,0.19,20,0.01,0.0041,0.02,0.018,"HQE097460",0
0.004,0.0024,17,1,0.067,0.07,0,0.542,12,0.0149,0.003,0.024,0.023,"HQJ142850",0.002
0.006,0.0409,0,0,0.019,0.02,0,0.186,23,0.0103,0.0038,0.027,0.027,"HQB101470",0
0.006,0.0397,0,0,0.009,0.02,0,0.189,17,0.0091,0.003,0.023,0.022,"HQZ146220",0
0.006,0.0386,0,4,0.023,0.02,0,0.215,23,0.0094,0.0039,0.016,0.015,"HQX123110",0
0.005,0.0391,0,0,0.028,0.02,0,0.199,18,0.0092,0.0033,0.024,0.022,"HQE050710",0
0.007,0.1048,0,0,0.011,0.02,0,0.511,30,0.008,0.0024,0.025,0.023,"HQY113830",0
0.006,0.0594,0,0,0.013,0.02,0.01,0.796,37,0.0093,0.0024,0.033,0.032,"HQC047990",0
0.004,0.0037,10,1,0.091,0.02,0.06,0.564,16,0.0864,0.0098,0.047,0.046,"HQJ075300",0.001
0.005,0.0383,17,0,0.012,0.03,0,0.183,23,0.0095,0.0033,0.021,0.02,"HQG023990",0
0.006,0.0209,5,0,0.019,0.02,0,0.15,14,0.0088,0.004,0.029,0.027,"HQZ086240",0
0.006,0.0355,0,0,0.022,0.02,0,0.195,15,0.0083,0.0037,0.032,0.03,"HQY075050",0
0.006,0.1459,0,0,0.01,0.01,0,0.479,30,0.0092,0.0026,0.023,0.022,"HQE105410",0
0.005,0.0756,5,0,0.026,0.03,0,0.907,30,0.0195,0.0029,0.032,0.031,"HQH091840",0.001
0.006,0.0395,0,0,0.015,0.01,0,0.202,30,0.0073,0.0025,0.028,0.027,"HQB032040",0
0.004,0.0667,0,0,0.016,0.02,0,0.476,34,0.0108,0.0025,0.044,0.042,"HQJ061820",0.001
0.004,0.0478,0,0,0.02,0.02,0,0.293,31,0.0103,0.003,0.037,0.036,"HQB093450",0
0.006,0.1124,0,0,0.017,0.02,0,0.415,22,0.0087,0.0026,0.021,0.019,"HQZ097950",0
0.006,0.0017,0,0,0.01,0.02,0,0.145,12,0.011,0.0032,0.022,0.02,"HQD055680",0.002
0.007,0.0405,0,5,0.013,0.02,0,0.186,23,0.009,0.0029,0.026,0.024,"HQA081510",0
0.005,0.0412,0,2,0.019,0.05,0,0.185,44,0.0067,0.0044,0.029,0.028,"HQF137430",0
0.005,0.0687,0,0,0.011,0.02,0,0.256,90,0.0101,0.0028,0.034,0.032,"HQD101180",0
0.006,0.0826,0,25,0.009,0.01,0,0.482,29,0.0084,0.0016,0.013,0.012,"HQD031550",0.001
0.004,0.0221,0,0,0.022,0.02,0,0.157,19,0.0087,0.0029,0.028,0.026,"HQJ120430",0
0.006,0.0395,0,0,0.015,0.01,0,0.202,30,0.0073,0.0025,0.028,0.027,"HQB032140",0
0.004,0.036,0,0,0.022,0.02,0,0.197,24,0.0061,0.0034,0.031,0.028,"HQZ019240",0
0.005,0.0364,0,0,0.014,0.02,0,0.187,28,0.0094,0.0024,0.031,0.029,"HQJ089210",0
0.005,0.0402,0,0,0.02,0.02,0,0.203,23,0.0125,0.0029,0.029,0.028,"HQH112110",0.001
0.005,0.0027,0,0,0.012,0.02,0,0.098,19,0.009,0.0027,0.026,0.022,"HQH063380",0.003
0.006,0.0769,1,0,0.031,0.02,0,0.917,27,0.0169,0.0028,0.027,0.024,"HQC122860",0.001
0.005,0.0572,0,1,0.012,0.01,0,0.774,41,0.0132,0.0037,0.028,0.026,"HQD102290",0.001
0.004,0.0019,0,1,0.03,0.02,0,0.066,13,0.0075,0.0045,0.028,0.026,"HQH091160",0.004
0.005,0.0021,0,1,0.019,0.02,0,0.091,20,0.0099,0.0033,0.024,0.02,"HQD072910",0.001
0.005,0.0404,0,0,0.015,0.02,0,0.191,22,0.0103,0.0032,0.027,0.027,"HQH073260",0
0.007,0.02,0,0,0.013,0.02,0,0.191,21,0.0105,0.0029,0.023,0.021,"HQY130860",0
0.005,0.0467,0,1,0.019,0.02,0,0.203,21,0.0097,0.0039,0.027,0.026,"HQE099140",0.001
0.005,0.0413,0,0,0.016,0.03,0,0.176,18,0.0124,0.0037,0.025,0.024,"HQC077880",0
0.005,0.1809,0,0,0.01,0.02,0,0.496,30,0.0097,0.0028,0.027,0.026,"HQE039980",0
0.006,0.0756,1,0,0.013,0.02,0,0.899,33,0.0204,0.0021,0.031,0.029,"HQY026440",0.002
0.004,0.0015,0,0,0.014,0.02,0,0.09,11,0.0097,0.003,0.028,0.026,"HQJ131310",0.001
0.006,0.0563,0,0,0.011,0.02,0,0.788,32,0.0083,0.0025,0.025,0.024,"HQB093910",0
0.006,0.0353,0,0,0.021,0.02,0,0.165,19,0.0093,0.003,0.03,0.029,"HQB063910",0
0.006,0.1222,0,0,0.013,0.01,0,0.455,35,0.0103,0.0029,0.035,0.033,"HQY077540",0
0.004,0.1052,0,0,0.013,0.02,0,0.44,19,0.01,0.0023,0.022,0.022,"HQG152360",0
0.007,0.0678,2,0,0.017,0.02,0.01,0.869,35,0.0105,0.0023,0.036,0.032,"HQD015730",0.002
0.005,0.0415,0,0,0.013,0.02,0,0.195,19,0.0083,0.0033,0.023,0.022,"HQA014270",0
0.004,0.0594,0,0,0.012,0.01,0,0.79,36,0.008,0.0018,0.028,0.027,"HQF030090",0
0.005,0.0023,0,1,0.019,0.02,0,0.063,19,0.0098,0.0033,0.029,0.028,"HQG008000",0.002
0.005,0.0394,0,0,0.008,0.02,0,0.202,20,0.0076,0.0027,0.027,0.026,"HQA051190",0
0.005,0.0372,0,1,0.02,0.02,0,0.194,15,0.0075,0.0032,0.023,0.02,"HQE135290",0
0.005,0.0397,0,0,0.009,0.02,0,0.205,14,0.0071,0.0035,0.026,0.024,"HQD122030",0
0.007,0.0391,0,0,0.018,0.02,0,0.175,14,0.0091,0.0029,0.025,0.024,"HQE025230",0
0.006,0.1429,0,0,0.011,0.02,0,0.837,25,0.011,0.0031,0.023,0.022,"HQC081830",0.001
0.005,0.0387,0,0,0.021,0.02,0,0.19,19,0.0088,0.0043,0.024,0.022,"HQH111850",0
0.007,0.0456,0,0,0.012,0.01,0,0.279,30,0.0064,0.0033,0.036,0.035,"HQD043870",0
0.005,0.035,0,1,0.008,0.02,0,0.196,17,0.0091,0.0029,0.025,0.024,"HQD122580",0
0.006,0.0019,0,0,0.01,0.02,0,0.1,14,0.0098,0.0028,0.021,0.019,"HQA145130",0.001
0.005,0.0378,0,0,0.018,0.02,0,0.194,16,0.0087,0.0034,0.018,0.014,"HQE127180",0
0.006,0.0022,0,0,0.01,0.02,0,0.098,18,0.0097,0.0026,0.027,0.025,"HQX021220",0.001
0.005,0.1519,0,0,0.02,0.02,0,0.581,28,0.0133,0.0033,0.033,0.033,"HQG147990",0
0.006,0.0831,1,0,0.03,0.02,0,0.916,29,0.0196,0.0031,0.024,0.024,"HQF123990",0.002
0.005,0.0793,1,2,0.013,0.02,0,0.887,38,0.0189,0.0023,0.032,0.031,"HQY058780",0.001
0.006,0.0376,0,0,0.015,0.02,0,0.201,14,0.0121,0.0039,0.022,0.021,"HQZ080440",0
0.005,0.0015,5,0,0.055,0.03,0,0.198,14,0.0441,0.0096,0.041,0.039,"HQC143050",0.001
0.007,0.0485,0,0,0.01,0.02,0,0.307,35,0.0097,0.0021,0.039,0.038,"HQD022280",0
0.006,0.0386,2,0,0.021,0.02,0,0.2,24,0.0107,0.0033,0.025,0.025,"HQA130930",0
0.005,0.033,0,1,0.019,0.03,0,0.188,19,0.0124,0.0036,0.03,0.028,"HQF152240",0
0.005,0.0016,0,0,0.014,0.02,0,0.093,16,0.0103,0.0039,0.034,0.033,"HQH028310",0.001
0.004,0.0017,0,0,0.021,0.02,0,0.103,14,0.0103,0.0046,0.031,0.026,"HQF083900",0.001
0.005,0.0421,0,0,0.012,0.02,0,0.262,17,0.0071,0.0042,0.026,0.026,"HQZ169260",0
0.007,0.0015,3,0,0.054,0.02,0,0.197,17,0.0451,0.0097,0.04,0.036,"HQY149560",0.001
0.006,0.0347,0,0,0.009,0.01,0,0.18,16,0.0083,0.0027,0.022,0.022,"HQB052410",0
0.006,0.0811,2,0,0.012,0.02,0.01,0.916,30,0.0193,0.0028,0.028,0.024,"HQE066740",0.001
0.005,0.1519,0,0,0.02,0.02,0,0.581,28,0.0133,0.0033,0.033,0.033,"HQG148050",0
0.006,0.0019,0,0,0.019,0.02,0,0.093,21,0.0088,0.003,0.026,0.024,"HQA029150",0
0.005,0.0405,0,0,0.011,0.02,0,0.206,20,0.0061,0.0035,0.026,0.024,"HQH121440",0
0.006,0.1198,0,0,0.01,0.02,0,0.318,25,0.0102,0.0027,0.018,0.016,"HQA003400",0
0.006,0.0329,0,0,0.01,0.01,0,0.195,21,0.0093,0.0034,0.022,0.02,"HQE073160",0
0.005,0.0491,0,0,0.015,0.01,0,0.312,30,0.0062,0.0035,0.032,0.031,"HQX089960",0
0.005,0.0468,0,0,0.01,0.02,0,0.331,27,0.0083,0.0031,0.027,0.026,"HQZ139050",0
0.004,0.1371,1,0,0.025,0.02,0,0.829,40,0.0119,0.003,0.022,0.02,"HQJ046450",0.002
0.006,0.0763,0,0,0.025,0.01,0,0.428,25,0.0099,0.003,0.027,0.026,"HQY104890",0
0.005,0.1412,0,2,0.013,0.02,0,0.878,32,0.0133,0.0025,0.018,0.016,"HQY031060",0.001
0.005,0.0541,0,1,0.01,0.01,0,0.343,25,0.0063,0.0033,0.038,0.037,"HQE058530",0
0.005,0.0408,0,0,0.019,0.02,0,0.17,23,0.0088,0.004,0.029,0.028,"HQG026840",0
0.006,0.0385,0,0,0.009,0.02,0,0.188,19,0.0103,0.0034,0.025,0.023,"HQC023670",0
0.005,0.0396,0,0,0.014,0.02,0,0.173,13,0.0068,0.004,0.021,0.02,"HQZ163510",0
0.006,0.0715,0,0,0.021,0.02,0,0.611,32,0.0186,0.0035,0.029,0.028,"HQZ160510",0
0.007,0.0661,2,1,0.012,0.01,0,0.582,34,0.0178,0.0027,0.024,0.023,"HQB057340",0.001
0.007,0.0352,0,0,0.01,0.01,0.01,0.191,37,0.0061,0.0027,0.022,0.021,"HQA131100",0
0.005,0.0545,0,1,0.018,0.02,0.01,0.783,36,0.0096,0.0027,0.023,0.022,"HQE108870",0.001
0.005,0.0349,0,0,0.016,0.02,0,0.178,27,0.0051,0.004,0.021,0.02,"HQE158860",0
0.004,0.0422,0,0,0.007,0.02,0,0.185,25,0.0132,0.0026,0.027,0.026,"HQG090080",0
0.005,0.0023,16,0,0.059,0.07,0,0.532,26,0.0152,0.0036,0.022,0.021,"HQD100120",0.002
0.006,0.1381,0,0,0.031,0.02,0,0.845,29,0.0088,0.0031,0.024,0.022,"HQA106310",0
0.005,0.0365,17,0,0.01,0.02,0,0.188,25,0.0083,0.0028,0.024,0.023,"HQA001760",0
0.007,0.0788,3,0,0.018,0.02,0,0.9,32,0.019,0.0032,0.029,0.027,"HQY155020",0.001
0.006,0.0395,0,0,0.011,0.02,0,0.142,16,0.0083,0.0026,0.02,0.019,"HQA127860",0
0.005,0.0765,1,0,0.015,0.01,0,0.891,26,0.0184,0.0025,0.026,0.025,"HQF124010",0.001
0.005,0.0401,0,0,0.01,0.01,0,0.214,15,0.008,0.0031,0.03,0.028,"HQB070000",0
0.006,0.0788,3,8,0.023,0.02,0,0.886,35,0.0193,0.0026,0.02,0.019,"HQY142590",0.002
0.005,0.0343,0,1,0.013,0.02,0,0.197,26,0.0083,0.0034,0.028,0.026,"HQC089420",0
0.007,0.059,0,0,0.01,0.02,0,0.783,32,0.0101,0.0024,0.031,0.03,"HQX132230",0.001
0.006,0.0399,0,0,0.01,0.02,0,0.145,23,0.0073,0.0032,0.019,0.018,"HQC092840",0
0.005,0.002,14,0,0.06,0.06,0,0.539,13,0.015,0.0031,0.025,0.021,"HQD099980",0.001
0.006,0.0488,0,1,0.022,0.03,0,0.278,37,0.0083,0.0037,0.024,0.023,"HQZ013250",0
0.005,0.0382,0,0,0.009,0.01,0,0.18,28,0.0068,0.0028,0.023,0.022,"HQG154350",0
0.004,0.0357,0,0,0.01,0.02,0,0.196,17,0.0118,0.0036,0.025,0.023,"HQH163710",0
0.006,0.1182,0,1,0.022,0.02,0,0.3,31,0.0085,0.0031,0.022,0.02,"HQY003140",0
0.006,0.0587,0,0,0.01,0.02,0,0.344,32,0.0083,0.0024,0.031,0.031,"HQD013530",0.001
0.005,0.0827,0,0,0.021,0.02,0,0.296,26,0.0109,0.0026,0.028,0.026,"HQH098880",0
0.004,0.1653,1,0,0.027,0.02,0,0.6,34,0.0129,0.003,0.041,0.039,"HQJ009570",0.001
0.005,0.0016,6,0,0.051,0.03,0,0.187,18,0.0475,0.0102,0.034,0.033,"HQJ156090",0.001
0.004,0.0384,0,0,0.017,0.02,0.01,0.188,28,0.0077,0.0031,0.02,0.017,"HQE053890",0
0.005,0.0615,0,1,0.013,0.02,0,0.788,26,0.0094,0.0022,0.04,0.039,"HQF012900",0.001
0.006,0.1231,0,0,0.009,0.02,0,0.32,29,0.0063,0.0027,0.027,0.026,"HQD014760",0
0.004,0.0733,2,0,0.022,0.03,0,0.886,32,0.0194,0.0024,0.029,0.025,"HQG148700",0.001
0.006,0.041,0,0,0.02,0.02,0,0.205,17,0.0088,0.0046,0.021,0.02,"HQX158600",0
0.007,0.0607,0,2,0.018,0.02,0,0.798,31,0.0092,0.0027,0.03,0.028,"HQY122350",0.001
0.006,0.0756,3,0,0.016,0.02,0,0.928,37,0.018,0.0022,0.026,0.025,"HQZ146810",0.001
0.005,0.039,0,0,0.012,0.02,0,0.194,23,0.0061,0.0039,0.029,0.028,"HQH018520",0
0.004,0.0022,0,0,0.02,0.02,0,0.143,16,0.0096,0.0033,0.035,0.034,"HQJ049780",0.003
0.006,0.0814,1,2,0.012,0.02,0,0.901,34,0.0196,0.0019,0.03,0.029,"HQY092350",0.002
0.005,0.0421,0,0,0.017,0.03,0,0.208,13,0.0134,0.0032,0.014,0.013,"HQH045530",0
0.007,0.0021,0,0,0.016,0.02,0,0.098,16,0.0082,0.0032,0.032,0.03,"HQY133280",0.001
0.006,0.0431,0,0,0.011,0.01,0,0.196,21,0.0067,0.0033,0.025,0.024,"HQZ010120",0
0.005,0.038,0,0,0.011,0.01,0,0.212,30,0.0079,0.0026,0.029,0.027,"HQX004010",0
0.005,0.0714,5,1,0.017,0.03,0,0.859,35,0.019,0.0012,0.022,0.022,"HQG058270",0.002
0.005,0.1096,0,0,0.01,0.01,0,0.437,30,0.0076,0.0029,0.018,0.015,"HQZ011400",0
0.006,0.1445,0,0,0.015,0.02,0,0.49,33,0.0111,0.0028,0.014,0.013,"HQY009470",0
0.007,0.0338,0,0,0.013,0.02,0,0.191,19,0.0073,0.0055,0.021,0.02,"HQA130890",0
0.004,0.0702,0,0,0.021,0.01,0,0.485,31,0.0085,0.0027,0.046,0.044,"HQG082840",0
0.006,0.0352,0,0,0.012,0.02,0,0.202,18,0.0085,0.0045,0.025,0.024,"HQA007490",0
0.005,0.071,0,0,0.014,0.02,0,0.887,34,0.0197,0.0019,0.026,0.025,"HQY058950",0.001
0.005,0.0358,0,0,0.012,0.02,0,0.147,30,0.0099,0.0022,0.024,0.022,"HQB073110",0
0.005,0.0351,0,0,0.028,0.02,0,0.181,21,0.008,0.0038,0.023,0.023,"HQH016170",0
0.005,0.0414,0,0,0.019,0.01,0,0.2,25,0.0071,0.0032,0.033,0.032,"HQF082450",0
0.006,0.0375,0,0,0.012,0.02,0,0.201,15,0.0098,0.0034,0.022,0.021,"HQB004570",0
0.005,0.0734,0,1,0.027,0.02,0,0.479,44,0.011,0.0011,0.052,0.05,"HQH153770",0.001
0.006,0.0698,0,0,0.015,0.01,0,0.491,36,0.0084,0.0032,0.04,0.039,"HQA061800",0
0.006,0.0363,0,0,0.011,0.02,0,0.19,23,0.0069,0.0028,0.033,0.032,"HQY104110",0
0.006,0.0434,0,0,0.016,0.02,0,0.187,36,0.0064,0.0035,0.019,0.018,"HQC139080",0
0.005,0.1946,0,0,0.014,0.02,0,0.865,37,0.0135,0.0025,0.023,0.022,"HQC029860",0.001
0.007,0.0356,0,0,0.019,0.02,0,0.194,28,0.0076,0.0032,0.02,0.019,"HQX087160",0
0.004,0.0702,0,0,0.021,0.01,0,0.485,31,0.0085,0.0027,0.046,0.044,"HQG082920",0
0.005,0.0681,0,0,0.014,0.03,0,0.242,105,0.0054,0.0021,0.03,0.028,"HQG029390",0
0.005,0.1342,0,0,0.024,0.02,0,0.918,22,0.0133,0.0026,0.024,0.023,"HQF083870",0.001
0.005,0.045,0,0,0.009,0.02,0,0.186,14,0.0095,0.0032,0.031,0.03,"HQC077570",0
0.004,0.0022,15,1,0.061,0.07,0,0.532,21,0.0132,0.0032,0.026,0.025,"HQG055140",0.002
0.004,0.0346,0,1,0.012,0.02,0,0.186,25,0.0074,0.0031,0.02,0.019,"HQD129320",0
0.005,0.12,0,5,0.023,0.02,0,0.5,22,0.0132,0.0026,0.017,0.015,"HQC058640",0.001
0.005,0.0423,0,0,0.022,0.02,0,0.204,18,0.0088,0.0034,0.024,0.023,"HQB122810",0
0.007,0.0386,0,0,0.012,0.02,0,0.209,19,0.009,0.003,0.018,0.017,"HQA103140",0
0.004,0.0025,0,0,0.023,0.02,0,0.1,16,0.0095,0.0029,0.032,0.028,"HQF029670",0.001
0.005,0.0194,0,1,0.023,0.02,0,0.186,17,0.0087,0.0041,0.021,0.02,"HQE075380",0
0.007,0.0401,0,0,0.011,0.02,0,0.203,33,0.0088,0.003,0.021,0.02,"HQX023110",0
0.006,0.0565,0,0,0.016,0.02,0,0.794,28,0.0092,0.0022,0.034,0.033,"HQB054170",0
0.004,0.0363,0,0,0.017,0.02,0,0.19,15,0.0095,0.0033,0.016,0.016,"HQD124400",0
0.005,0.0402,0,0,0.022,0.01,0,0.218,19,0.007,0.0041,0.022,0.02,"HQX139690",0
0.006,0.0395,0,0,0.009,0.02,0,0.197,18,0.0075,0.0027,0.023,0.022,"HQB126920",0
0.004,0.0021,0,2,0.019,0.02,0,0.065,21,0.0073,0.0031,0.029,0.026,"HQG008030",0.003
0.007,0.1895,0,0,0.011,0.02,0,0.854,26,0.0116,0.0032,0.02,0.018,"HQZ031740",0.001
0.006,0.0384,1,0,0.013,0.02,0,0.185,22,0.0092,0.0023,0.037,0.036,"HQA145500",0.001
0.005,0.0018,0,0,0.019,0.02,0,0.08,10,0.0092,0.0035,0.025,0.024,"HQB086870",0.002
0.006,0.0404,0,0,0.012,0.02,0,0.203,22,0.0072,0.0043,0.024,0.022,"HQZ112310",0
0.006,0.0715,0,0,0.021,0.02,0,0.611,32,0.0186,0.0035,0.029,0.028,"HQZ160470",0
0.005,0.0018,0,0,0.014,0.02,0,0.094,14,0.0097,0.0032,0.026,0.025,"HQE138080",0.001
0.004,0.0638,0,0,0.012,0.02,0,0.78,31,0.0088,0.002,0.038,0.037,"HQF055430",0.001
0.005,0.0012,0,0,0.012,0.02,0,0.07,14,0.0101,0.0031,0.037,0.036,"HQF163010",0.001
0.004,0.0399,0,0,0.011,0.02,0,0.172,33,0.0103,0.0024,0.015,0.014,"HQC007060",0
0.004,0.0362,13,0,0.016,0.02,0,0.223,19,0.007,0.0041,0.029,0.028,"HQE125050",0
0.005,0.0823,3,1,0.021,0.03,0,0.887,25,0.0189,0.0025,0.023,0.022,"HQZ147260",0.002
0.005,0.1992,0,0,0.033,0.02,0,0.486,23,0.0099,0.0029,0.036,0.034,"HQC013880",0
0.007,0.1401,0,0,0.022,0.02,0,1.181,39,0.0115,0.003,0.015,0.014,"HQY147070",0.001
0.004,0.1427,1,1,0.011,0.01,0,0.844,33,0.0068,0.0027,0.025,0.025,"HQJ135640",0.001
0.004,0.043,0,0,0.014,0.02,0,0.175,17,0.011,0.0029,0.024,0.023,"HQE134960",0
0.005,0.0828,0,1,0.019,0.02,0,0.456,29,0.0075,0.0033,0.032,0.028,"HQG034890",0
0.005,0.0186,0,0,0.014,0.02,0,0.199,21,0.0078,0.0035,0.024,0.022,"HQB115240",0
0.005,0.002,0,1,0.009,0.02,0,0.087,23,0.0107,0.0032,0.021,0.018,"HQD084780",0.001
0.004,0.002,5,0,0.054,0.03,0,0.191,12,0.0448,0.0105,0.038,0.038,"HQE147310",0.001
0.005,0.0791,0,0,0.011,0.02,0,0.305,25,0.0082,0.0029,0.028,0.026,"HQY034890",0
0.004,0.1199,0,0,0.014,0.02,0,0.301,27,0.0096,0.0027,0.025,0.024,"HQJ069940",0
0.007,0.0763,3,0,0.024,0.02,0,0.895,35,0.0177,0.0022,0.035,0.034,"HQB015800",0
0.003,0.075,2,0,0.025,0.02,0,1.081,25,0.0181,0.0031,0.027,0.023,"HQG092130",0.001
0.004,0.0195,0,3,0.011,0.02,0,0.197,16,0.0105,0.003,0.024,0.022,"HQJ141270",0
0.006,0.1466,0,0,0.021,0.02,0,0.791,37,0.0081,0.0028,0.026,0.024,"HQY053220",0.001
0.007,0.0016,0,0,0.013,0.02,0,0.095,17,0.0099,0.0032,0.025,0.024,"HQZ005370",0.001
0.006,0.0547,0,0,0.013,0.02,0,0.798,31,0.0105,0.0025,0.04,0.039,"HQE020250",0.001
0.004,0.0025,0,1,0.021,0.03,0,0.095,21,0.0106,0.0052,0.025,0.022,"HQH062120",0.001
0.005,0.0025,0,4,0.009,0.02,0,0.105,14,0.0097,0.0032,0.026,0.025,"HQD153400",0.002
0.006,0.0347,0,0,0.02,0.02,0,0.167,21,0.0114,0.0033,0.018,0.017,"HQA136890",0
0.005,0.0021,0,0,0.019,0.03,0,0.1,20,0.0086,0.0034,0.03,0.029,"HQE004060",0.003
0.004,0.0376,0,1,0.014,0.01,0,0.143,23,0.0074,0.0032,0.026,0.025,"HQY053470",0
0.005,0.0426,0,0,0.019,0.03,0,0.209,12,0.0123,0.0043,0.016,0.016,"HQD144320",0
0.004,0.06,0,1,0.013,0.02,0,0.795,31,0.0123,0.0028,0.037,0.036,"HQG118420",0.001
0.005,0.0434,0,0,0.011,0.02,0,0.193,18,0.0083,0.003,0.024,0.023,"HQJ109130",0
0.004,0.0022,0,0,0.009,0.03,0,0.089,15,0.0081,0.0032,0.026,0.026,"HQD105150",0.003
0.005,0.0644,0,4,0.012,0.02,0,0.793,38,0.0149,0.0027,0.034,0.033,"HQG061620",0.001
0.005,0.0442,0,0,0.008,0.02,0,0.214,17,0.0105,0.0036,0.023,0.022,"HQZ068400",0
0.004,0.0813,2,1,0.012,0.01,0,0.902,41,0.0176,0.002,0.028,0.027,"HQD084170",0.001
0.006,0.1166,0,2,0.02,0.02,0,0.48,28,0.0084,0.0029,0.026,0.025,"HQY105870",0
0.005,0.041,0,0,0.009,0.02,0,0.164,17,0.0096,0.0031,0.029,0.027,"HQC054280",0
0.006,0.1074,0,0,0.016,0.02,0,0.468,26,0.0152,0.0028,0.03,0.029,"HQX076140",0.001
0.006,0.0371,0,1,0.014,0.01,0,0.199,17,0.009,0.0027,0.033,0.031,"HQB030110",0
0.004,0.0354,12,0,0.02,0.02,0,0.19,19,0.0092,0.0031,0.027,0.026,"HQE033400",0
0.006,0.0398,0,0,0.015,0.02,0,0.187,25,0.0095,0.0029,0.025,0.024,"HQA031690",0
0.004,0.082,5,3,0.017,0.03,0,0.922,27,0.0213,0.0032,0.025,0.024,"HQF070550",0.002
0.007,0.0359,0,0,0.015,0.02,0,0.201,14,0.0082,0.003,0.025,0.023,"HQA092740",0
0.007,0.1609,0,1,0.03,0.02,0,0.594,26,0.0119,0.0028,0.041,0.04,"HQA117670",0.001
0.004,0.0014,0,0,0.014,0.02,0,0.092,10,0.0087,0.0029,0.028,0.027,"HQJ040700",0.001
0.005,0.0425,0,0,0.01,0.02,0,0.19,14,0.0089,0.0034,0.029,0.028,"HQZ068800",0
0.004,0.0017,0,1,0.02,0.03,0,0.074,13,0.011,0.004,0.037,0.036,"HQF162880",0.002
0.004,0.0405,0,0,0.025,0.02,0,0.182,16,0.0095,0.0035,0.024,0.023,"HQF092500",0
0.005,0.0022,0,0,0.012,0.02,0,0.143,16,0.0097,0.003,0.025,0.024,"HQC013610",0.001
0.005,0.123,0,0,0.014,0.02,0,0.291,20,0.0096,0.0027,0.021,0.021,"HQH022650",0.001
0.005,0.0023,0,0,0.014,0.02,0,0.101,16,0.0093,0.0038,0.03,0.029,"HQZ137820",0.001
0.005,0.0322,0,0,0.018,0.02,0,0.185,23,0.0075,0.0035,0.024,0.023,"HQG039190",0
0.007,0.0382,0,0,0.009,0.02,0,0.196,18,0.0115,0.0031,0.032,0.031,"HQX039570",0
0.007,0.0786,2,0,0.016,0.02,0,0.937,32,0.0195,0.0028,0.02,0.019,"HQZ033220",0.001
0.006,0.0347,0,0,0.01,0.01,0,0.193,18,0.0052,0.003,0.024,0.022,"HQY116350",0
0.005,0.1163,0,0,0.013,0.02,0.01,0.303,24,0.0114,0.0024,0.018,0.018,"HQH105200",0.001
0.006,0.04,0,0,0.022,0.02,0,0.188,27,0.0104,0.003,0.024,0.023,"HQA133090",0
0.006,0.002,0,2,0.02,0.02,0,0.097,20,0.0092,0.0035,0.037,0.035,"HQE063870",0.002
0.005,0.0368,0,0,0.022,0.02,0,0.193,27,0.0084,0.003,0.03,0.028,"HQZ142220",0
0.004,0.0012,5,0,0.05,0.02,0,0.185,17,0.0454,0.0092,0.038,0.037,"HQJ025350",0.001
0.004,0.0533,0,0,0.023,0.02,0,0.354,29,0.0104,0.0032,0.036,0.035,"HQE126720",0
0.005,0.1177,0,0,0.013,0.02,0,0.449,29,0.012,0.0033,0.017,0.016,"HQZ118850",0
0.008,0.0359,0,1,0.018,0.01,0,0.211,30,0.0059,0.0036,0.024,0.023,"HQX126040",0
0.005,0.0409,0,0,0.021,0.02,0,0.188,19,0.0072,0.0032,0.028,0.027,"HQZ116770",0
0.006,0.07,1,1,0.011,0.02,0,0.491,41,0.0126,0.0026,0.043,0.041,"HQB112710",0.001
0.005,0.203,0,1,0.014,0.02,0,0.893,25,0.0143,0.0022,0.027,0.026,"HQG047540",0.001
0.004,0.0395,0,1,0.013,0.02,0,0.192,26,0.0111,0.0023,0.035,0.034,"HQJ051840",0.002
0.004,0.0353,0,0,0.022,0.02,0,0.185,26,0.0091,0.0034,0.016,0.015,"HQJ012010",0
0.005,0.0016,0,1,0.018,0.02,0,0.138,20,0.0096,0.0044,0.027,0.026,"HQH009930",0.002
0.006,0.0593,0,0,0.018,0.02,0,0.764,40,0.0096,0.0033,0.031,0.029,"HQZ012860",0.001
0.005,0.0389,0,0,0.011,0.01,0,0.19,29,0.0075,0.0024,0.027,0.027,"HQJ111930",0
0.007,0.036,0,0,0.011,0.02,0,0.204,22,0.0085,0.0035,0.03,0.028,"HQY148730",0
0.005,0.0371,0,0,0.012,0.02,0,0.187,17,0.0076,0.0037,0.026,0.024,"HQZ153430",0
0.006,0.0377,0,1,0.012,0.02,0,0.192,30,0.008,0.0029,0.03,0.029,"HQA016190",0
0.007,0.1359,2,0,0.023,0.02,0,1.462,39,0.0104,0.0025,0.028,0.027,"HQY012550",0.002
0.005,0.0584,0,1,0.015,0.02,0,0.806,31,0.0086,0.003,0.038,0.036,"HQH093020",0.001
0.005,0.1089,1,0,0.01,0.02,0,0.321,40,0.0091,0.003,0.029,0.027,"HQX116720",0
0.005,0.0659,1,0,0.024,0.03,0,0.588,32,0.0185,0.0025,0.026,0.026,"HQF016130",0.001
0.004,0.0478,0,0,0.011,0.02,0,0.292,34,0.0068,0.0026,0.038,0.036,"HQG112160",0
0.006,0.0379,0,2,0.021,0.02,0,0.204,19,0.0089,0.0042,0.02,0.018,"HQY111120",0
0.005,0.0378,0,1,0.012,0.02,0,0.174,17,0.0089,0.0036,0.026,0.025,"HQZ053750",0
0.004,0.0356,0,0,0.011,0.02,0,0.197,19,0.0104,0.0023,0.034,0.033,"HQE006900",0
0.006,0.0359,0,1,0.011,0.02,0,0.188,19,0.0087,0.0033,0.028,0.028,"HQE088560",0
0.004,0.0457,0,1,0.017,0.02,0,0.292,21,0.0141,0.0032,0.037,0.034,"HQH084820",0.001
0.005,0.0367,0,0,0.022,0.02,0,0.194,25,0.0084,0.003,0.027,0.026,"HQC071510",0
0.006,0.0841,0,0,0.016,0.02,0,0.264,23,0.0106,0.0031,0.03,0.028,"HQA055390",0.001
0.006,0.1524,0,0,0.024,0.02,0,0.811,38,0.0121,0.0026,0.029,0.028,"HQG024730",0.001
0.006,0.0393,0,0,0.012,0.02,0,0.208,12,0.0086,0.0022,0.026,0.024,"HQB089600",0
0.007,0.0389,0,0,0.011,0.01,0,0.202,18,0.0065,0.0029,0.026,0.024,"HQA154530",0
0.006,0.0594,0,0,0.013,0.01,0,0.351,31,0.008,0.0026,0.031,0.03,"HQA143000",0
0.005,0.0576,0,0,0.021,0.02,0,0.785,23,0.0133,0.0031,0.03,0.029,"HQC027100",0
0.007,0.0693,1,0,0.014,0.02,0,0.596,30,0.018,0.0024,0.028,0.026,"HQD020530",0.001
0.007,0.0215,0,0,0.009,0.02,0,0.21,18,0.0094,0.0101,0.021,0.02,"HQY144380",0
0.004,0.1387,1,0,0.019,0.02,0,0.852,26,0.0135,0.0026,0.024,0.023,"HQJ135650",0.002
0.006,0.0012,0,2,0.021,0.03,0,0.074,17,0.0106,0.0046,0.037,0.034,"HQY097580",0.002
0.004,0.0667,0,0,0.031,0.02,0,0.253,101,0.0098,0.0033,0.031,0.028,"HQD097040",0
0.004,0.0016,0,1,0.01,0.02,0,0.092,13,0.0094,0.0041,0.024,0.021,"HQH087870",0.001
0.004,0.0196,0,0,0.018,0.01,0,0.192,10,0.0068,0.0037,0.025,0.024,"HQG090380",0
0.006,0.0388,0,4,0.016,0.01,0,0.15,17,0.0083,0.0037,0.025,0.023,"HQB073200",0
0.005,0.056,0,0,0.014,0.02,0,0.777,32,0.0106,0.0026,0.03,0.028,"HQZ151280",0
0.006,0.0016,5,0,0.058,0.02,0,0.188,19,0.043,0.0093,0.039,0.037,"HQX147580",0.001
0.005,0.1266,0,0,0.02,0.02,0,0.282,28,0.0118,0.0037,0.028,0.026,"HQA003120",0
0.007,0.0021,0,0,0.017,0.02,0,0.064,23,0.0062,0.0034,0.03,0.029,"HQY105300",0.003
0.004,0.0354,0,0,0.017,0.02,0,0.179,19,0.0094,0.0037,0.027,0.025,"HQG115830",0
0.005,0.0388,0,0,0.009,0.01,0,0.197,12,0.005,0.0029,0.027,0.026,"HQF024380",0
0.006,0.0463,0,0,0.032,0.02,0,0.181,13,0.0099,0.0033,0.031,0.03,"HQC104800",0
0.006,0.0622,0,1,0.01,0.03,0,0.803,35,0.0141,0.0027,0.043,0.041,"HQA018870",0.002
0.006,0.0584,0,0,0.013,0.02,0,0.8,35,0.0109,0.0023,0.021,0.02,"HQB099770",0
0.005,0.0389,0,0,0.011,0.02,0,0.197,14,0.0082,0.0032,0.027,0.026,"HQD073830",0
0.006,0.0386,0,0,0.01,0.02,0,0.2,20,0.0073,0.0034,0.029,0.028,"HQA090070",0
0.004,0.0411,0,0,0.016,0.01,0,0.198,33,0.0068,0.0025,0.025,0.025,"HQF143970",0
0.008,0.1709,0,0,0.011,0.02,0,0.79,29,0.0074,0.002,0.023,0.022,"HQY162140",0.002
0.006,0.0021,0,0,0.018,0.02,0,0.099,17,0.0099,0.0035,0.035,0.033,"HQZ037890",0.001
0.006,0.04,0,1,0.026,0.02,0,0.206,19,0.0098,0.0043,0.031,0.029,"HQX122220",0
0.006,0.0359,0,0,0.016,0.02,0,0.198,27,0.0086,0.0032,0.032,0.03,"HQX136750",0
0.007,0.1364,0,0,0.011,0.02,0,0.857,23,0.0093,0.0022,0.022,0.021,"HQA106190",0
0.005,0.1731,0,0,0.034,0.03,0,0.446,46,0.0105,0.0031,0.028,0.026,"HQE078060",0
0.006,0.0418,0,0,0.021,0.02,0,0.216,22,0.007,0.0041,0.03,0.029,"HQC131040",0
0.004,0.0017,5,0,0.056,0.02,0,0.201,21,0.0463,0.0094,0.041,0.039,"HQJ155380",0.001
0.006,0.1102,0,0,0.019,0.03,0,0.484,23,0.01,0.0027,0.03,0.029,"HQX120470",0
0.005,0.0612,0,0,0.01,0.01,0,0.347,27,0.0054,0.0026,0.038,0.036,"HQF010770",0
0.006,0.0015,0,0,0.014,0.02,0,0.092,14,0.01,0.0033,0.029,0.029,"HQA139860",0.001
0.005,0.0613,0,1,0.017,0.02,0,0.358,24,0.0096,0.0034,0.034,0.033,"HQF115230",0.001
0.006,0.0373,0,0,0.016,0.02,0,0.191,18,0.0081,0.0034,0.015,0.014,"HQX052880",0
0.004,0.0024,0,0,0.011,0.02,0,0.067,11,0.0115,0.0034,0.034,0.032,"HQF162710",0.001
0.006,0.0355,0,1,0.009,0.02,0,0.195,22,0.0074,0.0038,0.029,0.028,"HQZ004780",0
0.004,0.0022,0,0,0.009,0.02,0,0.135,16,0.0101,0.0031,0.025,0.024,"HQH006520",0.001
0.006,0.0416,0,0,0.016,0.02,0,0.197,20,0.0082,0.0037,0.02,0.019,"HQZ008780",0
0.006,0.0403,0,0,0.009,0.02,0,0.196,28,0.0077,0.0034,0.024,0.022,"HQC106500",0
0.006,0.0017,0,0,0.018,0.02,0,0.092,19,0.0098,0.0037,0.026,0.024,"HQY099690",0.001
0.008,0.0025,0,0,0.011,0.02,0,0.09,16,0.0099,0.0034,0.027,0.027,"HQB019380",0
0.005,0.0574,0,0,0.014,0.02,0,0.785,33,0.0077,0.003,0.04,0.039,"HQB001940",0.001
0.005,0.1739,0,0,0.013,0.02,0,0.298,25,0.0148,0.0028,0.025,0.024,"HQD076950",0.001
0.005,0.1493,0,0,0.012,0.02,0,0.687,30,0.0107,0.0027,0.025,0.022,"HQD148110",0
0.004,0.0431,0,2,0.009,0.02,0,0.184,20,0.0085,0.0033,0.026,0.025,"HQD126350",0
0.004,0.1142,0,0,0.022,0.02,0,0.491,23,0.0104,0.0026,0.029,0.027,"HQG134910",0
0.006,0.0015,6,1,0.057,0.02,0,0.196,14,0.0454,0.0094,0.043,0.041,"HQZ040000",0.001
0.004,0.0399,0,0,0.013,0.02,0.01,0.19,28,0.0089,0.0024,0.023,0.022,"HQJ070880",0
0.006,0.059,0,1,0.011,0.02,0.01,0.341,27,0.0076,0.0024,0.04,0.039,"HQX049910",0.001
0.005,0.0397,0,1,0.015,0.02,0,0.19,18,0.0067,0.0038,0.021,0.018,"HQZ116130",0
0.005,0.04,12,1,0.025,0.02,0,0.224,16,0.0104,0.0038,0.036,0.034,"HQG064290",0
0.004,0.0509,0,0,0.019,0.02,0,0.294,45,0.01,0.0028,0.035,0.032,"HQG112040",0.001
0.006,0.0366,0,0,0.025,0.02,0,0.196,17,0.0078,0.003,0.019,0.017,"HQA142020",0
0.004,0.0757,0,1,0.036,0.01,0,0.463,39,0.0073,0.0037,0.022,0.02,"HQG108850",0.001
0.006,0.0457,0,0,0.022,0.02,0,0.297,25,0.0099,0.0037,0.018,0.016,"HQZ009680",0
0.007,0.0352,0,1,0.008,0.02,0,0.195,19,0.0095,0.0028,0.022,0.019,"HQB018390",0
0.005,0.0393,0,0,0.011,0.02,0,0.187,20,0.0093,0.0032,0.02,0.019,"HQD124190",0
0.006,0.0378,0,0,0.01,0.02,0,0.197,15,0.0074,0.0027,0.019,0.018,"HQY137040",0
0.005,0.0378,0,0,0.01,0.02,0,0.197,21,0.0091,0.0047,0.024,0.022,"HQY022980",0
0.006,0.068,1,0,0.296,0.42,0,0.41,41,0.107,0.0025,0.025,0.024,"HQF028860",0.003
0.005,0.0801,2,0,0.018,0.02,0,0.914,29,0.0205,0.0024,0.029,0.028,"HQD084080",0.002
0.006,0.143,0,0,0.01,0.02,0,0.841,29,0.0092,0.0022,0.024,0.024,"HQC092340",0.001
0.004,0.0561,0,1,0.024,0.02,0,0.791,22,0.0091,0.0023,0.039,0.038,"HQG082090",0.001
0.006,0.0393,0,0,0.014,0.02,0,0.203,14,0.0071,0.0032,0.022,0.021,"HQZ097800",0
0.006,0.0017,0,0,0.01,0.02,0,0.067,16,0.0079,0.0024,0.023,0.022,"HQB059520",0.002
0.006,0.1249,0,0,0.017,0.03,0,0.308,24,0.0119,0.0031,0.018,0.017,"HQC108990",0.001
0.006,0.1968,0,0,0.021,0.02,0,0.434,33,0.0123,0.0027,0.031,0.031,"HQA094680",0
0.004,0.0018,0,1,0.019,0.02,0,0.092,14,0.0098,0.0035,0.031,0.03,"HQJ016020",0.001
0.004,0.0404,19,0,0.007,0.01,0,0.139,14,0.0142,0.0032,0.017,0.017,"HQB148570",0
0.006,0.0018,0,0,0.013,0.02,0,0.098,18,0.0095,0.0037,0.032,0.031,"HQA039220",0
0.006,0.0571,0,1,0.011,0.02,0,0.81,39,0.0104,0.0021,0.037,0.035,"HQX043590",0.001
0.006,0.0378,0,0,0.011,0.02,0,0.195,18,0.0045,0.0039,0.024,0.023,"HQD035690",0
0.006,0.0394,0,0,0.02,0.02,0,0.205,23,0.0074,0.0029,0.021,0.02,"HQX157750",0
0.006,0.0375,0,0,0.009,0.02,0,0.197,16,0.0091,0.0028,0.023,0.021,"HQY126730",0
0.005,0.1143,0,0,0.014,0.02,0,0.444,35,0.0084,0.0026,0.02,0.018,"HQZ010840",0
0.006,0.0408,12,0,0.025,0.02,0,0.253,18,0.0098,0.0045,0.034,0.031,"HQX052160",0
0.004,0.0018,0,0,0.023,0.02,0,0.093,18,0.0094,0.0037,0.026,0.024,"HQG036440",0.001
0.004,0.0406,0,0,0.005,0.02,0,0.196,15,0.0154,0.0032,0.029,0.028,"HQF064490",0
0.005,0.0317,0,0,0.015,0.02,0,0.191,12,0.0091,0.0029,0.025,0.02,"HQE113790",0
0.005,0.0413,0,0,0.012,0.02,0,0.202,20,0.0068,0.0027,0.025,0.024,"HQZ107110",0
0.005,0.0018,0,0,0.039,0.03,0,0.091,18,0.0099,0.0032,0.038,0.037,"HQD073290",0.002
0.005,0.0016,0,0,0.012,0.02,0,0.097,17,0.0092,0.0032,0.036,0.034,"HQY030680",0.001
0.006,0.0019,0,1,0.013,0.02,0,0.067,14,0.0082,0.0032,0.027,0.025,"HQB109920",0.002
0.004,0.0026,0,11,0.011,0.02,0,0.094,15,0.0087,0.003,0.035,0.031,"HQH159540",0.001
0.005,0.061,0,0,0.015,0.02,0,0.81,38,0.0087,0.0018,0.034,0.033,"HQE008960",0.001
0.005,0.0394,0,0,0.02,0.02,0,0.199,24,0.0086,0.0028,0.034,0.032,"HQC066250",0
0.004,0.1075,0,1,0.021,0.02,0,0.454,30,0.0136,0.0028,0.022,0.022,"HQJ074070",0.001
0.006,0.0363,0,0,0.011,0.02,0,0.201,26,0.0093,0.0035,0.031,0.03,"HQX155340",0
0.005,0.0404,0,0,0.024,0.01,0,0.2,21,0.0049,0.0034,0.031,0.03,"HQH111700",0
0.007,0.0539,0,0,0.019,0.02,0,0.797,44,0.0092,0.0024,0.036,0.034,"HQY006410",0.001
0.007,0.0016,0,1,0.016,0.02,0,0.11,15,0.0114,0.0037,0.032,0.03,"HQB009660",0.002
0.006,0.0736,1,0,0.018,0.02,0,0.587,33,0.0194,0.0028,0.031,0.03,"HQJ086750",0.001
0.005,0.0446,0,0,0.015,0.02,0,0.189,12,0.0103,0.0034,0.028,0.026,"HQG016130",0
0.004,0.0378,12,0,0.018,0.02,0,0.247,20,0.0127,0.0024,0.03,0.028,"HQG106690",0
0.005,0.0738,0,0,0.024,0.03,0,0.891,31,0.0195,0.0029,0.032,0.031,"HQF149190",0.001
0.007,0.0411,0,0,0.016,0.02,0,0.199,35,0.0085,0.0034,0.033,0.032,"HQX127440",0
0.005,0.0021,0,0,0.01,0.02,0,0.096,12,0.0093,0.0046,0.031,0.028,"HQF129490",0.001
0.005,0.0344,0,0,0.01,0.02,0,0.193,16,0.0087,0.0028,0.025,0.021,"HQG027570",0
0.005,0.0406,0,0,0.018,0.02,0,0.206,21,0.01,0.0029,0.023,0.02,"HQE100560",0
0.006,0.0022,0,0,0.008,0.02,0,0.091,14,0.0095,0.0031,0.025,0.024,"HQA029180",0
0.006,0.0432,0,0,0.017,0.02,0,0.194,10,0.0075,0.0037,0.022,0.022,"HQB088040",0
0.005,0.0014,0,1,0.017,0.02,0,0.077,15,0.009,0.0045,0.036,0.034,"HQY040790",0.002
0.005,0.0016,0,1,0.03,0.02,0,0.069,17,0.0087,0.0044,0.038,0.036,"HQY037790",0.002
0.004,0.0474,0,0,0.014,0.01,0,0.302,27,0.0062,0.0025,0.034,0.032,"HQH052440",0
0.006,0.1858,0,0,0.014,0.02,0,0.83,31,0.0138,0.0028,0.024,0.023,"HQA037600",0.001
0.006,0.0524,0,2,0.009,0.02,0,0.298,28,0.0085,0.0034,0.034,0.031,"HQY131900",0
0.004,0.0183,0,0,0.013,0.01,0,0.183,15,0.0053,0.0027,0.026,0.024,"HQG110920",0
0.006,0.0017,1,0,0.096,0.02,0,0.14,15,0.0174,0.0095,0.034,0.034,"HQB061630",0
0.004,0.0191,0,0,0.023,0.02,0,0.14,16,0.0089,0.0037,0.023,0.022,"HQJ141390",0
0.007,0.0014,5,0,0.052,0.02,0,0.198,16,0.0449,0.009,0.033,0.032,"HQA141560",0.001
0.004,0.1166,0,0,0.013,0.02,0,0.48,31,0.0099,0.0026,0.026,0.025,"HQB051870",0
0.007,0.0326,0,0,0.021,0.02,0,0.193,19,0.0046,0.0021,0.032,0.031,"HQA159970",0.001
0.005,0.0403,0,0,0.01,0.02,0,0.197,20,0.0079,0.0036,0.027,0.025,"HQF135870",0
0.004,0.0011,0,0,0.014,0.02,0,0.077,19,0.0091,0.0032,0.028,0.026,"HQC001280",0.001
0.005,0.0354,0,0,0.015,0.06,0,0.199,51,0.0088,0.0027,0.034,0.032,"HQF135730",0
0.007,0.1902,0,0,0.012,0.02,0,0.472,38,0.0087,0.0028,0.028,0.026,"HQA157230",0
0.005,0.0434,0,0,0.01,0.02,0,0.214,18,0.0085,0.0033,0.023,0.021,"HQZ109510",0
0.004,0.019,0,0,0.025,0.02,0,0.191,19,0.0085,0.004,0.018,0.016,"HQG089790",0
0.004,0.0407,0,0,0.017,0.02,0.01,0.289,29,0.0085,0.0038,0.027,0.026,"HQF037450",0
0.004,0.043,0,0,0.021,0.02,0,0.189,20,0.0082,0.004,0.021,0.02,"HQF135120",0
0.005,0.0314,0,0,0.012,0.02,0,0.19,19,0.0089,0.003,0.019,0.018,"HQB056520",0
0.004,0.0348,0,0,0.01,0.02,0,0.191,21,0.0081,0.0029,0.024,0.022,"HQC065610",0
0.005,0.034,0,0,0.017,0.02,0,0.19,19,0.0066,0.0033,0.027,0.026,"HQG163580",0
0.006,0.0442,0,1,0.019,0.02,0,0.141,10,0.0098,0.0035,0.027,0.026,"HQF132320",0
0.005,0.0369,0,0,0.014,0.02,0,0.173,22,0.008,0.0034,0.019,0.018,"HQB142420",0
0.006,0.039,0,0,0.028,0.02,0,0.194,31,0.0093,0.0039,0.031,0.03,"HQB068330",0
0.004,0.0394,0,0,0.011,0.01,0,0.202,23,0.0082,0.003,0.026,0.023,"HQH148330",0
0.005,0.0359,0,0,0.018,0.02,0,0.194,16,0.0102,0.0028,0.029,0.029,"HQC022760",0
0.007,0.1163,0,0,0.015,0.02,0,0.289,21,0.0095,0.004,0.02,0.019,"HQX048410",0.001
0.004,0.159,0,0,0.025,0.02,0,0.595,26,0.0122,0.0028,0.042,0.04,"HQH154140",0
0.003,0.0214,0,0,0.009,0.01,0,0.191,11,0.0079,0.0038,0.028,0.027,"HQG092410",0
0.006,0.0203,0,1,0.017,0.02,0,0.197,17,0.0089,0.0036,0.029,0.027,"HQA018110",0
0.004,0.1165,0,0,0.017,0.02,0,0.47,18,0.0088,0.0033,0.022,0.022,"HQD096920",0
0.004,0.0025,0,0,0.018,0.02,0,0.061,14,0.0072,0.0036,0.025,0.021,"HQJ054780",0.002
0.006,0.0777,4,1,0.021,0.02,0,0.891,34,0.0193,0.002,0.027,0.027,"HQA045760",0.001
0.004,0.037,0,0,0.021,0.02,0,0.195,26,0.0082,0.0092,0.026,0.025,"HQH011050",0
0.005,0.0381,0,0,0.024,0.02,0,0.197,19,0.0075,0.0036,0.022,0.021,"HQY041350",0
0.004,0.0719,3,0,0.023,0.02,0,0.599,34,0.02,0.0032,0.024,0.023,"HQH136990",0.001
0.004,0.0384,0,0,0.011,0.02,0,0.183,24,0.0086,0.0036,0.027,0.026,"HQJ019950",0
0.005,0.0356,0,0,0.02,0.02,0,0.133,25,0.0072,0.0033,0.026,0.026,"HQB137080",0
0.006,0.0599,1,0,0.014,0.02,0,0.343,24,0.0085,0.0031,0.032,0.031,"HQB062230",0
0.005,0.0389,0,0,0.017,0.02,0,0.198,18,0.0076,0.0029,0.032,0.03,"HQE081820",0
0.005,0.034,0,0,0.017,0.02,0,0.19,19,0.0066,0.0033,0.027,0.026,"HQG163610",0
0.005,0.1475,0,0,0.014,0.02,0,0.502,32,0.0103,0.0021,0.028,0.026,"HQY063220",0
0.004,0.0404,0,1,0.021,0.02,0,0.146,17,0.0086,0.0036,0.022,0.02,"HQF084980",0
0.005,0.0018,0,1,0.011,0.02,0,0.064,14,0.0059,0.0034,0.03,0.027,"HQZ041100",0.003
0.004,0.0814,0,0,0.013,0.02,0,0.442,33,0.0113,0.003,0.018,0.016,"HQG067120",0
0.005,0.1089,0,1,0.02,0.02,0,0.347,26,0.0122,0.0022,0.023,0.022,"HQH105460",0.001
0.007,0.0021,0,0,0.016,0.02,0,0.1,19,0.0099,0.004,0.023,0.02,"HQY153300",0.001
0.005,0.0328,0,13,0.024,0.02,0,0.172,18,0.0083,0.0039,0.027,0.026,"HQB140560",0
0.005,0.0019,0,0,0.018,0.02,0,0.14,20,0.0093,0.0037,0.03,0.029,"HQE098000",0.002
0.006,0.0366,0,0,0.013,0.02,0,0.188,22,0.0093,0.0035,0.024,0.022,"HQA013660",0
0.005,0.0774,0,0,0.024,0.02,0,0.296,27,0.0064,0.0028,0.027,0.026,"HQH100260",0
0.007,0.0402,0,0,0.01,0.02,0,0.189,22,0.0086,0.0029,0.026,0.025,"HQA133780",0
0.005,0.1431,0,0,0.01,0.01,0,0.498,30,0.007,0.0027,0.023,0.02,"HQE053470",0
0.006,0.0401,0,0,0.018,0.02,0,0.2,17,0.0077,0.0029,0.036,0.034,"HQE119000",0
0.005,0.0386,0,3,0.022,0.02,0,0.185,17,0.0066,0.0037,0.021,0.02,"HQG064500",0
0.004,0.0743,0,1,0.016,0.02,0,0.283,27,0.0096,0.0025,0.033,0.033,"HQG082300",0
0.005,0.0362,0,0,0.009,0.02,0,0.183,18,0.0112,0.0033,0.022,0.021,"HQG038930",0
0.005,0.0374,0,0,0.02,0.02,0,0.203,18,0.0093,0.0033,0.02,0.016,"HQD145380",0
0.005,0.0223,0,0,0.008,0.02,0,0.181,14,0.008,0.003,0.023,0.022,"HQF047310",0
0.006,0.0497,0,0,0.01,0.02,0,0.304,28,0.0098,0.0023,0.028,0.026,"HQX036010",0
0.005,0.1216,0,0,0.01,0.01,0,0.454,31,0.0067,0.0025,0.024,0.023,"HQD049400",0
0.004,0.0517,0,0,0.013,0.02,0,0.783,35,0.0132,0.0036,0.039,0.038,"HQF021740",0.001
0.005,0.0272,0,1,0.018,0.02,0.01,0.193,35,0.0098,0.0042,0.034,0.032,"HQD123270",0
0.007,0.116,0,0,0.016,0.02,0,0.297,20,0.0081,0.0029,0.02,0.019,"HQY129840",0
0.005,0.0614,0,0,0.015,0.02,0,0.342,34,0.0083,0.0028,0.035,0.034,"HQZ127560",0
0.006,0.0413,0,0,0.008,0.02,0,0.206,16,0.0112,0.0032,0.017,0.017,"HQD066040",0
0.004,0.0333,0,0,0.012,0.01,0,0.213,33,0.0085,0.0035,0.033,0.03,"HQE058140",0
0.006,0.165,0,0,0.014,0.02,0,0.483,33,0.0104,0.0022,0.031,0.03,"HQA058730",0
0.004,0.0019,14,0,0.064,0.07,0,0.538,19,0.0145,0.0026,0.029,0.027,"HQE028290",0.002
0.006,0.0319,0,0,0.009,0.02,0,0.184,19,0.0079,0.0036,0.017,0.016,"HQE065900",0
0.005,0.0559,0,3,0.013,0.01,0,0.78,28,0.0075,0.0027,0.037,0.036,"HQH011000",0
0.004,0.0431,0,0,0.012,0.02,0,0.204,17,0.0102,0.0036,0.018,0.017,"HQJ057370",0
0.005,0.1746,0,2,0.023,0.02,0,0.491,37,0.0144,0.0029,0.016,0.015,"HQB067040",0.001
0.006,0.1796,0,1,0.009,0.02,0,0.431,34,0.0089,0.0036,0.027,0.026,"HQE078000",0
0.007,0.038,15,0,0.014,0.02,0.01,0.229,19,0.0089,0.0035,0.025,0.024,"HQX082460",0
0.004,0.046,0,0,0.023,0.02,0,0.297,20,0.01,0.0046,0.024,0.023,"HQH084340",0
0.005,0.0416,0,0,0.018,0.02,0,0.212,19,0.008,0.0033,0.024,0.023,"HQH096920",0
0.006,0.0016,0,0,0.03,0.02,0,0.094,24,0.0095,0.0045,0.027,0.025,"HQX094080",0.001
0.006,0.0199,0,1,0.019,0.02,0,0.169,19,0.0059,0.0036,0.028,0.026,"HQY125960",0
0.004,0.0354,0,0,0.013,0.02,0,0.186,17,0.0099,0.0042,0.015,0.014,"HQB144570",0
0.006,0.0018,0,0,0.014,0.02,0,0.098,16,0.0097,0.0027,0.022,0.021,"HQB037180",0
0.005,0.0018,0,0,0.017,0.02,0,0.08,15,0.0081,0.0032,0.028,0.026,"HQA012490",0.002
0.004,0.035,0,0,0.011,0.04,0,0.174,16,0.0088,0.0033,0.029,0.029,"HQG077180",0
0.006,0.0018,0,1,0.014,0.02,0,0.096,14,0.0087,0.003,0.027,0.025,"HQB089110",0.001
0.004,0.0356,0,0,0.018,0.02,0,0.14,17,0.0127,0.0033,0.023,0.022,"HQE133690",0
0.004,0.0489,0,0,0.025,0.02,0,0.294,29,0.0064,0.0034,0.031,0.03,"HQF037930",0
0.005,0.0353,0,0,0.01,0.02,0,0.194,11,0.0072,0.0024,0.021,0.02,"HQE030120",0
0.004,0.0025,0,0,0.023,0.02,0,0.1,16,0.0095,0.0029,0.032,0.028,"HQF029470",0.001
0.005,0.0275,0,0,0.012,0.01,0,0.184,16,0.0065,0.0035,0.015,0.013,"HQF070050",0
0.007,0.0411,10,3,0.016,0.02,0,0.239,25,0.0079,0.003,0.032,0.029,"HQY087360",0
0.006,0.0373,0,0,0.024,0.02,0,0.194,26,0.0103,0.0035,0.017,0.016,"HQB108980",0
0.007,0.0803,2,0,0.033,0.03,0,0.901,26,0.0194,0.0035,0.03,0.03,"HQX102450",0.001
0.006,0.0391,0,0,0.022,0.02,0,0.185,20,0.0083,0.0027,0.04,0.038,"HQA158340",0
0.005,0.0379,0,0,0.008,0.02,0,0.181,12,0.0079,0.0029,0.023,0.022,"HQE030180",0
0.003,0.0394,0,0,0.019,0.02,0,0.189,30,0.0078,0.003,0.029,0.028,"HQJ053190",0
0.005,0.0021,0,1,0.026,0.02,0,0.061,17,0.007,0.0042,0.032,0.031,"HQY087250",0.003
0.006,0.0586,0,0,0.024,0.02,0,0.796,36,0.01,0.0029,0.037,0.035,"HQX145920",0
0.006,0.0196,0,0,0.011,0.02,0,0.198,20,0.0081,0.0027,0.025,0.024,"HQB020010",0
0.004,0.0359,0,0,0.017,0.02,0,0.183,27,0.0058,0.0053,0.022,0.021,"HQG049680",0
0.006,0.0994,0,0,0.012,0.02,0,0.64,26,0.0094,0.0023,0.018,0.017,"HQA034810",0
0.006,0.0378,0,7,0.014,0.02,0,0.196,28,0.0105,0.0026,0.032,0.03,"HQX030470",0
0.006,0.0472,0,0,0.012,0.02,0,0.292,30,0.0107,0.0031,0.038,0.037,"HQX157980",0
0.005,0.1464,0,0,0.012,0.02,0,0.777,32,0.0121,0.0019,0.034,0.032,"HQG024630",0.001
0.005,0.0667,0,0,0.015,0.01,0,0.241,109,0.0106,0.004,0.032,0.031,"HQC086950",0.001
0.007,0.0393,0,0,0.013,0.02,0,0.194,19,0.0088,0.0033,0.022,0.021,"HQY122820",0
0.005,0.0387,0,0,0.02,0.02,0,0.192,16,0.0072,0.003,0.017,0.016,"HQF141370",0
0.005,0.057,0,0,0.011,0.02,0,0.34,32,0.0093,0.003,0.033,0.032,"HQZ127770",0
0.005,0.0384,0,0,0.019,0.03,0.01,0.205,36,0.0072,0.0029,0.034,0.032,"HQC045220",0
0.007,0.0367,0,1,0.009,0.01,0,0.206,21,0.0068,0.003,0.022,0.021,"HQY137160",0
0.006,0.0319,0,0,0.009,0.02,0,0.184,19,0.0079,0.0036,0.017,0.016,"HQE066110",0
0.005,0.0204,0,0,0.011,0.01,0,0.201,15,0.0058,0.0029,0.014,0.013,"HQZ125860",0
0.004,0.1183,1,1,0.015,0.02,0,1.168,29,0.0083,0.0029,0.023,0.023,"HQB149740",0
0.005,0.0567,0,0,0.01,0.02,0,0.339,25,0.0087,0.0037,0.04,0.038,"HQD079050",0
0.006,0.0494,0,0,0.025,0.02,0,0.287,45,0.009,0.0033,0.029,0.028,"HQJ083770",0
0.004,0.1775,0,0,0.018,0.02,0,0.481,35,0.0114,0.0028,0.023,0.021,"HQJ063160",0.001
0.005,0.0773,3,0,0.017,0.02,0,0.895,30,0.0179,0.0023,0.024,0.024,"HQC037310",0.001
0.003,0.0017,0,0,0.016,0.02,0,0.085,20,0.0108,0.0039,0.027,0.025,"HQX061090",0.001
0.005,0.0398,0,3,0.016,0.02,0,0.197,20,0.0091,0.0039,0.017,0.015,"HQZ045640",0
0.004,0.0395,0,0,0.02,0.03,0,0.196,18,0.0087,0.0033,0.022,0.022,"HQH069740",0
0.004,0.0485,0,0,0.027,0.02,0,0.294,21,0.0084,0.0027,0.038,0.035,"HQH052520",0
0.005,0.0761,2,1,0.014,0.02,0,0.902,33,0.0185,0.0026,0.029,0.028,"HQF124310",0.001
0.007,0.0385,0,0,0.018,0.02,0,0.205,16,0.0076,0.0036,0.026,0.025,"HQY154360",0
0.005,0.0345,0,0,0.014,0.02,0,0.185,21,0.0068,0.0029,0.027,0.026,"HQJ081300",0
0.005,0.0019,0,0,0.017,0.02,0,0.064,16,0.0077,0.0036,0.032,0.032,"HQH093400",0.003
0.004,0.0362,0,0,0.01,0.02,0,0.203,16,0.0103,0.0031,0.036,0.034,"HQD161050",0
0.006,0.037,0,16,0.011,0.02,0,0.222,18,0.0108,0.0035,0.024,0.023,"HQZ077740",0
0.005,0.0371,0,0,0.031,0.02,0,0.204,14,0.0088,0.0033,0.026,0.025,"HQB130250",0
0.005,0.0364,0,0,0.011,0.02,0,0.188,20,0.0108,0.0028,0.028,0.027,"HQG026910",0
0.005,0.0395,0,1,0.024,0.03,0,0.199,23,0.0122,0.0035,0.018,0.017,"HQC142220",0
0.004,0.0342,0,0,0.021,0.02,0,0.196,19,0.0089,0.0028,0.021,0.019,"HQC007280",0
0.005,0.0424,0,0,0.007,0.02,0,0.206,21,0.0094,0.0031,0.026,0.024,"HQX111400",0
0.006,0.0402,0,0,0.014,0.02,0,0.205,15,0.0088,0.0029,0.017,0.016,"HQA142220",0
0.005,0.1529,0,1,0.018,0.02,0,0.696,28,0.0108,0.003,0.023,0.022,"HQE146260",0.001
0.006,0.1202,0,0,0.009,0.02,0,0.303,28,0.0102,0.003,0.021,0.02,"HQX116960",0
0.005,0.0578,0,0,0.027,0.02,0,0.792,27,0.0119,0.0033,0.033,0.031,"HQG000900",0
0.005,0.0352,0,0,0.015,0.03,0,0.188,19,0.0138,0.0031,0.029,0.029,"HQD128490",0
0.006,0.0343,0,2,0.008,0.01,0,0.183,23,0.0078,0.0032,0.022,0.022,"HQB075350",0
0.006,0.1096,0,0,0.016,0.02,0,0.439,28,0.0088,0.0028,0.024,0.022,"HQA108960",0
0.006,0.0404,0,0,0.015,0.01,0,0.207,21,0.0049,0.0043,0.027,0.026,"HQZ112070",0
0.006,0.0014,0,0,0.022,0.02,0,0.068,20,0.0064,0.0036,0.03,0.029,"HQX159340",0.004
0.005,0.0786,3,1,0.024,0.02,0,0.909,36,0.0191,0.0032,0.021,0.021,"HQE004180",0.003
0.006,0.0378,0,7,0.014,0.02,0,0.196,28,0.0105,0.0026,0.032,0.03,"HQX030390",0
0.005,0.0021,0,0,0.01,0.02,0,0.088,14,0.0106,0.0033,0.037,0.036,"HQG047180",0.001
0.005,0.0381,0,0,0.008,0.02,0,0.204,25,0.0087,0.003,0.024,0.023,"HQZ143680",0
0.006,0.0367,0,0,0.019,0.02,0,0.197,20,0.0069,0.0038,0.023,0.021,"HQY067250",0
0.004,0.0381,11,0,0.014,0.02,0,0.178,14,0.0126,0.0043,0.019,0.019,"HQG123060",0
0.006,0.0018,0,0,0.011,0.02,0,0.09,19,0.0091,0.0038,0.028,0.026,"HQX146260",0.001
0.006,0.0376,0,0,0.017,0.02,0,0.195,33,0.0076,0.0034,0.026,0.024,"HQX135980",0
0.006,0.0382,0,0,0.011,0.02,0,0.196,25,0.0076,0.0027,0.022,0.022,"HQY137610",0
0.007,0.1512,0,0,0.018,0.02,0,0.808,25,0.0086,0.0031,0.022,0.021,"HQY128670",0.001
0.004,0.0357,0,1,0.01,0.02,0,0.218,27,0.0065,0.0043,0.017,0.015,"HQD128660",0
0.004,0.0172,0,0,0.01,0.02,0,0.188,16,0.0077,0.0028,0.017,0.017,"HQJ140450",0
0.006,0.08,0,0,0.022,0.02,0,0.293,28,0.0121,0.0034,0.04,0.038,"HQC137190",0.001
0.007,0.1617,1,1,0.013,0.01,0,0.8,32,0.0088,0.0023,0.033,0.032,"HQA163440",0.001
0.005,0.0386,0,0,0.019,0.02,0,0.197,16,0.0069,0.0032,0.028,0.026,"HQH116710",0
0.006,0.0369,0,0,0.02,0.02,0,0.211,31,0.0097,0.0029,0.028,0.026,"HQY034110",0
0.007,0.0178,0,0,0.012,0.02,0,0.149,30,0.0076,0.0028,0.024,0.02,"HQX053130",0.002
0.007,0.0015,0,0,0.016,0.02,0,0.083,16,0.0102,0.0031,0.033,0.03,"HQD048290",0.001
0.006,0.0752,0,0,0.029,0.02,0,0.889,36,0.0191,0.0022,0.031,0.029,"HQY026230",0.001
0.006,0.0782,2,0,0.024,0.02,0,0.909,31,0.018,0.0026,0.031,0.03,"HQA144400",0.001
0.006,0.0364,0,1,0.014,0.02,0,0.2,33,0.0074,0.0027,0.025,0.022,"HQX043650",0
0.006,0.0402,0,0,0.018,0.02,0,0.198,20,0.0088,0.0035,0.024,0.023,"HQX159930",0
0.004,0.044,12,0,0.014,0.02,0,0.196,14,0.0087,0.0032,0.02,0.02,"HQJ040330",0
0.005,0.0021,0,0,0.018,0.03,0,0.06,15,0.0095,0.0037,0.032,0.03,"HQG001720",0.001
0.005,0.0395,0,0,0.018,0.02,0,0.144,12,0.0087,0.0034,0.028,0.025,"HQE105680",0
0.004,0.1201,0,10,0.045,0.02,0,0.31,21,0.0109,0.0034,0.029,0.027,"HQH076250",0
0.006,0.0735,2,0,0.026,0.02,0,0.897,33,0.0193,0.0027,0.028,0.027,"HQB081470",0.001
0.004,0.1141,0,0,0.011,0.01,0,0.292,30,0.0059,0.0032,0.014,0.012,"HQG052750",0
0.004,0.0357,0,0,0.019,0.02,0,0.188,13,0.0144,0.0044,0.02,0.019,"HQF158780",0
0.004,0.0517,0,0,0.013,0.02,0,0.783,35,0.0132,0.0036,0.039,0.038,"HQF021730",0.001
0.006,0.0334,0,0,0.017,0.02,0,0.192,31,0.0088,0.0035,0.018,0.018,"HQX087970",0
0.004,0.0205,1,0,0.016,0.02,0,0.193,14,0.0083,0.0033,0.028,0.028,"HQJ040250",0
0.004,0.0365,0,1,0.013,0.02,0,0.194,27,0.0104,0.0031,0.034,0.033,"HQG101830",0
0.005,0.0378,0,0,0.021,0.02,0,0.192,14,0.0106,0.004,0.022,0.02,"HQH121190",0
0.006,0.0335,0,0,0.011,0.02,0,0.183,27,0.0082,0.0032,0.032,0.031,"HQA133520",0
0.006,0.0436,0,0,0.036,0.03,0,0.19,18,0.0097,0.0039,0.023,0.022,"HQC141280",0
0.005,0.0384,0,0,0.019,0.03,0.01,0.205,36,0.0072,0.0029,0.034,0.032,"HQC045180",0
0.006,0.0401,0,0,0.012,0.02,0,0.199,23,0.0083,0.0031,0.023,0.021,"HQZ008640",0
0.005,0.0602,0,1,0.021,0.01,0,0.336,21,0.0071,0.0033,0.033,0.032,"HQG072330",0
0.006,0.0326,0,0,0.014,0.01,0,0.163,15,0.0114,0.0027,0.018,0.016,"HQB004710",0
0.003,0.0342,12,0,0.011,0.02,0,0.197,17,0.0066,0.0044,0.03,0.027,"HQH001300",0
0.005,0.0014,5,0,0.059,0.02,0,0.195,17,0.043,0.0088,0.038,0.037,"HQE152870",0.001
0.007,0.022,0,1,0.017,0.03,0,0.132,22,0.0085,0.0037,0.029,0.027,"HQY082630",0
0.005,0.0012,6,0,0.057,0.02,0,0.197,17,0.0465,0.0091,0.044,0.043,"HQE153080",0.001
0.006,0.1163,0,0,0.017,0.02,0,0.447,25,0.0091,0.0033,0.012,0.01,"HQZ031010",0
0.004,0.0572,0,0,0.012,0.02,0,0.338,36,0.0078,0.0032,0.034,0.032,"HQG063060",0
0.006,0.0389,0,1,0.013,0.03,0,0.151,20,0.0123,0.0037,0.025,0.024,"HQX161360",0
0.005,0.0407,2,0,0.016,0.02,0,0.217,13,0.0073,0.0026,0.029,0.028,"HQC067860",0
0.004,0.0018,0,0,0.015,0.02,0,0.097,18,0.01,0.0037,0.03,0.028,"HQF155070",0.001
0.004,0.1511,0,1,0.01,0.02,0,1.181,30,0.0128,0.003,0.02,0.018,"HQX061510",0.001
0.005,0.0356,0,0,0.019,0.02,0,0.195,24,0.0094,0.003,0.019,0.018,"HQG031050",0
0.005,0.1572,0,0,0.016,0.02,0,0.804,38,0.0096,0.0019,0.032,0.031,"HQF155950",0
0.007,0.0359,0,0,0.024,0.02,0,0.192,24,0.0125,0.0037,0.023,0.022,"HQD062230",0
0.006,0.0353,0,0,0.009,0.02,0,0.197,20,0.0062,0.0029,0.024,0.022,"HQY113220",0
0.006,0.0471,0,0,0.019,0.02,0,0.283,29,0.0073,0.0035,0.034,0.033,"HQC109190",0
0.004,0.0806,4,0,0.032,0.02,0,0.905,29,0.0194,0.0022,0.025,0.024,"HQH123480",0.002
0.006,0.0018,0,0,0.032,0.03,0,0.135,15,0.0103,0.0033,0.033,0.032,"HQC143000",0.002
0.007,0.0369,0,3,0.022,0.02,0.01,0.201,35,0.0079,0.0034,0.022,0.02,"HQX088070",0
0.006,0.0429,0,0,0.01,0.01,0,0.205,25,0.0078,0.0033,0.028,0.027,"HQX155510",0
0.005,0.0407,2,0,0.016,0.02,0,0.217,13,0.0073,0.0026,0.029,0.028,"HQC067920",0
0.006,0.0418,0,0,0.011,0.01,0,0.187,22,0.0083,0.0028,0.026,0.026,"HQA118830",0
0.005,0.0355,12,0,0.019,0.02,0,0.186,18,0.0093,0.003,0.029,0.028,"HQH033630",0
0.005,0.0388,8,0,0.03,0.02,0,0.193,16,0.0088,0.0034,0.029,0.027,"HQG031320",0
0.004,0.0605,0,1,0.014,0.03,0,0.807,27,0.014,0.0022,0.034,0.033,"HQD152540",0.002
0.005,0.0429,0,0,0.018,0.02,0,0.189,19,0.0112,0.0035,0.027,0.025,"HQB107320",0
0.007,0.0159,0,0,0.012,0.02,0,0.187,15,0.0065,0.0028,0.024,0.022,"HQY124840",0
0.005,0.171,0,1,0.011,0.01,0,0.53,24,0.0084,0.0043,0.021,0.02,"HQZ154620",0
0.007,0.0442,12,0,0.011,0.02,0,0.202,20,0.0115,0.0041,0.023,0.022,"HQA099120",0
0.005,0.0395,0,0,0.011,0.02,0,0.182,22,0.011,0.0037,0.025,0.024,"HQX056610",0
0.006,0.0377,1,0,0.017,0.02,0,0.197,21,0.0078,0.0038,0.024,0.022,"HQX023350",0
0.004,0.0591,0,2,0.011,0.01,0,0.798,26,0.0078,0.0025,0.032,0.032,"HQH010990",0
0.007,0.0541,0,8,0.017,0.02,0,0.357,33,0.0089,0.0026,0.048,0.045,"HQY033070",0.001
0.005,0.0409,0,0,0.014,0.02,0,0.147,18,0.0084,0.0034,0.022,0.021,"HQF085170",0
0.005,0.0019,0,0,0.017,0.02,0,0.064,16,0.0077,0.0036,0.032,0.032,"HQH093430",0.003
0.007,0.0549,0,0,0.012,0.02,0,0.792,31,0.012,0.0025,0.044,0.043,"HQD032490",0.001
0.007,0.0018,0,0,0.01,0.02,0,0.068,14,0.0093,0.0031,0.033,0.032,"HQD049830",0.001
0.006,0.0412,0,0,0.012,0.02,0,0.214,26,0.0077,0.0037,0.028,0.026,"HQY002600",0
0.004,0.0386,0,2,0.01,0.02,0,0.156,15,0.007,0.0031,0.02,0.019,"HQC004290",0
0.005,0.1935,0,1,0.013,0.02,0,0.402,34,0.0105,0.0017,0.04,0.039,"HQJ084220",0
0.004,0.1476,0,0,0.024,0.02,0,0.486,23,0.0134,0.0029,0.022,0.021,"HQH131050",0.001
0.006,0.0383,0,3,0.015,0.02,0,0.218,20,0.0106,0.0036,0.025,0.023,"HQY110580",0
0.006,0.0417,12,1,0.012,0.02,0,0.26,19,0.0083,0.003,0.031,0.029,"HQY006350",0
0.006,0.0014,5,2,0.051,0.01,0,0.194,18,0.0434,0.0087,0.038,0.036,"HQB021390",0.001
0.004,0.0511,0,0,0.012,0.02,0,0.308,44,0.0084,0.002,0.049,0.047,"HQJ031140",0
0.004,0.0567,0,1,0.023,0.02,0,0.335,34,0.0069,0.0029,0.035,0.034,"HQJ014930",0
0.006,0.0474,0,0,0.007,0.02,0,0.303,17,0.0078,0.0033,0.028,0.026,"HQZ032640",0
0.005,0.0387,19,0,0.02,0.02,0,0.196,22,0.0117,0.0032,0.027,0.025,"HQF143350",0
0.004,0.0026,17,1,0.072,0.07,0,0.58,25,0.0133,0.0032,0.027,0.025,"HQG010490",0.002
0.005,0.042,0,0,0.012,0.02,0,0.203,27,0.0087,0.0029,0.028,0.026,"HQZ046390",0
0.004,0.0023,0,0,0.014,0.02,0,0.092,25,0.0098,0.0031,0.032,0.03,"HQF034480",0.002
0.007,0.0427,0,0,0.023,0.02,0,0.191,14,0.0105,0.0033,0.029,0.028,"HQA092310",0
0.006,0.0403,11,0,0.017,0.02,0,0.232,20,0.0082,0.0032,0.028,0.028,"HQA164430",0
0.005,0.0364,0,0,0.016,0.02,0,0.185,25,0.0094,0.0027,0.032,0.031,"HQE103080",0.001
0.007,0.0484,0,0,0.008,0.02,0,0.293,23,0.0083,0.0035,0.025,0.023,"HQY081470",0
0.005,0.0411,0,2,0.011,0.02,0,0.255,18,0.0088,0.0033,0.035,0.033,"HQF017450",0
0.006,0.0712,0,2,0.01,0.02,0,0.596,36,0.0185,0.0028,0.031,0.03,"HQD020410",0.001
0.004,0.0423,0,0,0.011,0.02,0,0.198,20,0.0099,0.0034,0.026,0.022,"HQJ004480",0
0.006,0.0019,0,0,0.012,0.02,0,0.067,22,0.008,0.0031,0.028,0.026,"HQX009130",0.003
0.005,0.0346,0,0,0.014,0.02,0,0.2,28,0.0083,0.0033,0.023,0.022,"HQC045080",0
0.004,0.0373,0,2,0.018,0.02,0,0.203,29,0.0062,0.0024,0.03,0.028,"HQD128820",0
0.007,0.0243,0,0,0.014,0.02,0,0.201,11,0.0093,0.0099,0.021,0.019,"HQZ000190",0
0.005,0.041,0,0,0.012,0.02,0,0.235,22,0.0077,0.0038,0.029,0.027,"HQX142560",0
0.004,0.0749,0,0,0.021,0.02,0,0.311,22,0.0093,0.0026,0.021,0.019,"HQJ143810",0
0.006,0.0409,0,0,0.014,0.02,0,0.192,24,0.008,0.0029,0.023,0.022,"HQZ106850",0
0.006,0.0392,0,0,0.028,0.03,0,0.199,27,0.0086,0.003,0.028,0.027,"HQY018910",0
0.005,0.0791,1,1,0.011,0.02,0,0.873,19,0.0186,0.0021,0.023,0.022,"HQZ064190",0.001
0.007,0.0385,0,0,0.018,0.02,0,0.205,16,0.0076,0.0036,0.026,0.025,"HQY154460",0
0.004,0.0217,0,0,0.025,0.02,0,0.174,18,0.0098,0.0039,0.024,0.023,"HQJ104410",0
0.006,0.0466,0,1,0.022,0.02,0,0.297,26,0.0101,0.003,0.028,0.026,"HQX060080",0.001
0.004,0.1075,0,1,0.021,0.02,0,0.454,30,0.0136,0.0028,0.022,0.022,"HQJ074040",0.001
0.005,0.0396,0,1,0.009,0.01,0,0.181,22,0.0068,0.0028,0.027,0.025,"HQC057160",0
0.005,0.1493,0,0,0.012,0.02,0,0.687,30,0.0107,0.0027,0.025,0.022,"HQD148140",0
0.003,0.0335,0,0,0.016,0.02,0,0.195,14,0.0094,0.004,0.034,0.033,"HQG113600",0
0.005,0.0545,0,0,0.019,0.02,0,0.349,24,0.0074,0.0021,0.035,0.034,"HQC023880",0
0.004,0.0779,0,0,0.016,0.03,0,0.32,24,0.0128,0.0026,0.025,0.021,"HQE133390",0
0.005,0.1453,0,0,0.021,0.02,0,0.793,27,0.0133,0.0027,0.025,0.024,"HQF151070",0.001
0.006,0.0659,0,0,0.022,0.02,0,0.815,29,0.0098,0.0032,0.036,0.034,"HQA013790",0
0.003,0.0189,0,0,0.009,0.02,0,0.19,16,0.0104,0.0044,0.021,0.02,"HQG089720",0
0.005,0.0617,0,0,0.013,0.03,0,0.346,25,0.0101,0.003,0.031,0.031,"HQB134190",0
0.006,0.0414,0,0,0.015,0.02,0,0.188,11,0.0086,0.003,0.035,0.034,"HQD074600",0
0.007,0.0403,0,0,0.018,0.03,0,0.19,21,0.0119,0.0039,0.027,0.027,"HQA092650",0
0.006,0.0393,11,0,0.012,0.02,0,0.246,18,0.0062,0.0031,0.03,0.03,"HQX051690",0
0.005,0.0402,0,0,0.013,0.02,0,0.203,17,0.0097,0.0029,0.039,0.038,"HQA027020",0
0.004,0.1197,0,1,0.025,0.02,0,0.295,28,0.0088,0.0035,0.016,0.016,"HQG076410",0
0.006,0.0396,0,0,0.019,0.02,0,0.204,14,0.0068,0.0034,0.026,0.024,"HQZ144230",0
0.004,0.0014,4,0,0.056,0.02,0,0.186,18,0.0426,0.0093,0.038,0.035,"HQH024730",0.001
0.007,0.1142,0,0,0.013,0.02,0,0.293,19,0.0119,0.0026,0.022,0.02,"HQA141090",0
0.007,0.0017,0,0,0.088,0.02,0,0.146,18,0.0175,0.01,0.032,0.031,"HQY125880",0
0.007,0.0017,0,5,0.018,0.02,0,0.101,21,0.0095,0.0035,0.03,0.027,"HQX011760",0.001
0.005,0.0021,0,0,0.016,0.02,0,0.137,15,0.0099,0.0037,0.025,0.024,"HQG003400",0.002
0.004,0.1221,0,0,0.011,0.02,0,0.504,25,0.0142,0.0025,0.023,0.022,"HQJ157330",0
0.007,0.0369,0,3,0.022,0.02,0.01,0.201,35,0.0079,0.0034,0.022,0.02,"HQX088050",0
0.005,0.0688,1,2,0.276,0.41,0,0.395,0,0.0961,0.003,0.024,0.024,"HQF029120",0.002
0.006,0.0374,0,0,0.022,0.02,0,0.201,25,0.0079,0.0037,0.025,0.024,"HQC054080",0
0.005,0.0356,0,0,0.01,0.01,0,0.22,35,0.0084,0.0027,0.029,0.027,"HQD094150",0
0.004,0.0436,0,0,0.028,0.02,0,0.298,30,0.0068,0.003,0.036,0.035,"HQJ112670",0
0.005,0.0394,0,0,0.016,0.02,0,0.188,20,0.008,0.0041,0.03,0.029,"HQF074880",0
0.005,0.0684,1,1,0.02,0.02,0,0.597,29,0.019,0.0031,0.034,0.034,"HQF163150",0.001
0.005,0.0361,0,0,0.018,0.02,0,0.196,16,0.01,0.0033,0.032,0.031,"HQC030750",0
0.005,0.0798,2,0,0.014,0.01,0,0.888,23,0.0178,0.0026,0.028,0.028,"HQA144560",0.001
0.004,0.0678,0,0,0.024,0.02,0,0.478,28,0.0085,0.0027,0.046,0.044,"HQG100610",0.001
0.004,0.131,0,0,0.024,0.02,0,0.885,25,0.0099,0.0035,0.017,0.017,"HQB143520",0
0.007,0.02,0,0,0.012,0.02,0,0.195,12,0.0071,0.003,0.024,0.022,"HQY128280",0
0.005,0.0022,0,1,0.016,0.02,0,0.095,14,0.0094,0.0035,0.033,0.032,"HQH104160",0.002
0.007,0.0408,0,0,0.009,0.02,0,0.208,23,0.0101,0.0038,0.032,0.03,"HQX121730",0
0.005,0.0418,0,0,0.02,0.02,0,0.18,19,0.0072,0.0039,0.02,0.02,"HQG049750",0
0.006,0.0458,0,0,0.013,0.02,0,0.297,22,0.0095,0.0035,0.022,0.02,"HQZ009580",0
0.007,0.1595,0,0,0.013,0.01,0,0.817,29,0.0084,0.0022,0.031,0.03,"HQY097770",0.001
0.006,0.1196,0,1,0.02,0.02,0,0.444,29,0.009,0.0026,0.021,0.02,"HQY105750",0
0.005,0.018,0,1,0.023,0.02,0,0.189,12,0.0086,0.0031,0.02,0.018,"HQE075220",0
0.005,0.0025,0,0,0.009,0.02,0,0.062,19,0.0075,0.0037,0.028,0.026,"HQZ017480",0.002
0.004,0.0391,0,0,0.01,0.02,0,0.211,22,0.008,0.003,0.022,0.02,"HQE046400",0
0.005,0.0542,0,0,0.012,0.02,0,0.777,33,0.0107,0.0026,0.028,0.026,"HQZ153210",0.001
0.004,0.0019,0,0,0.023,0.02,0,0.086,12,0.0104,0.0033,0.023,0.022,"HQF065170",0.002
0.004,0.0324,0,0,0.009,0.04,0,0.18,17,0.0099,0.0033,0.023,0.022,"HQG077540",0
0.004,0.0368,0,0,0.031,0.02,0,0.198,21,0.0096,0.0043,0.018,0.017,"HQJ028270",0
0.004,0.1166,0,0,0.013,0.02,0,0.48,31,0.0099,0.0026,0.026,0.025,"HQB051900",0
0.005,0.0044,10,1,0.098,0.02,0.06,0.571,21,0.0831,0.0103,0.046,0.045,"HQF101170",0.002
0.006,0.0529,0,0,0.021,0.02,0,0.3,34,0.0099,0.0029,0.026,0.024,"HQX158170",0.001
0.004,0.0687,0,0,0.025,0.02,0,0.488,30,0.0104,0.0036,0.038,0.037,"HQJ102750",0
0.005,0.0361,0,0,0.019,0.02,0,0.194,13,0.0097,0.0031,0.028,0.027,"HQE001150",0
0.004,0.1211,0,0,0.01,0.02,0,0.302,35,0.009,0.0025,0.025,0.024,"HQJ033880",0.001
0.006,0.0413,1,0,0.01,0.02,0,0.202,25,0.0087,0.0023,0.033,0.032,"HQE068850",0
0.004,0.0548,0,0,0.02,0.02,0,0.337,33,0.008,0.0032,0.034,0.032,"HQF034680",0
0.004,0.0026,0,0,0.015,0.02,0,0.145,17,0.009,0.0034,0.027,0.026,"HQH007220",0.001
0.005,0.0438,0,0,0.018,0.02,0,0.203,14,0.009,0.0036,0.032,0.03,"HQH078240",0
0.006,0.0346,0,0,0.009,0.01,0,0.199,22,0.0084,0.0022,0.02,0.02,"HQB025130",0
0.005,0.0414,0,0,0.01,0.02,0,0.218,16,0.007,0.003,0.028,0.026,"HQA048520",0
0.005,0.0352,0,0,0.018,0.02,0,0.201,25,0.0069,0.0034,0.024,0.024,"HQB124790",0
0.006,0.1445,0,0,0.012,0.02,0,0.672,29,0.0082,0.0025,0.025,0.023,"HQF018960",0
0.005,0.0398,0,3,0.016,0.02,0,0.197,20,0.0091,0.0039,0.017,0.015,"HQZ045660",0
0.007,0.0427,0,0,0.013,0.01,0,0.22,23,0.0101,0.0031,0.026,0.024,"HQB017990",0
0.006,0.0481,0,0,0.01,0.01,0,0.29,18,0.0069,0.0032,0.028,0.027,"HQF004060",0
0.006,0.0385,0,0,0.007,0.01,0,0.183,23,0.0094,0.0034,0.024,0.022,"HQA133610",0
0.006,0.0402,0,0,0.014,0.02,0,0.195,18,0.0082,0.0028,0.023,0.022,"HQX094680",0
0.005,0.0022,0,0,0.01,0.02,0,0.098,15,0.0096,0.0034,0.031,0.03,"HQG047740",0.001
0.005,0.0575,0,0,0.014,0.03,0,0.336,19,0.0099,0.0025,0.029,0.028,"HQH140770",0
0.004,0.0569,0,0,0.021,0.02,0,0.791,42,0.0097,0.0025,0.035,0.033,"HQJ023840",0.001
0.004,0.0539,0,4,0.018,0.02,0,0.766,31,0.0064,0.003,0.033,0.03,"HQF121690",0
0.006,0.0371,0,1,0.014,0.01,0,0.199,17,0.009,0.0027,0.033,0.031,"HQB029360",0
0.005,0.0388,12,0,0.022,0.02,0,0.206,22,0.0088,0.0039,0.032,0.031,"HQH001090",0
0.006,0.1897,0,1,0.012,0.01,0,0.784,46,0.0095,0.0024,0.032,0.031,"HQH031010",0.001
0.007,0.0724,2,0,0.015,0.02,0,0.901,35,0.0195,0.0024,0.026,0.024,"HQX039250",0.001
0.006,0.0382,0,0,0.013,0.02,0,0.203,19,0.0078,0.0034,0.023,0.022,"HQZ104010",0
0.004,0.0015,0,1,0.016,0.05,0.02,0.148,12,0.0471,0.0035,0.037,0.035,"HQG123120",0.001
0.004,0.0413,0,0,0.008,0.02,0,0.21,16,0.0079,0.0031,0.029,0.028,"HQD157220",0
0.006,0.1891,0,0,0.017,0.02,0,0.863,35,0.0122,0.0034,0.021,0.019,"HQX064140",0.001
0.005,0.0344,0,0,0.009,0.02,0,0.189,14,0.0097,0.0038,0.028,0.025,"HQZ128450",0
0.005,0.1951,0,0,0.035,0.03,0,0.869,39,0.0134,0.0029,0.024,0.023,"HQJ148810",0.001
0.005,0.0017,0,5,0.013,0.02,0,0.089,13,0.0101,0.0031,0.023,0.02,"HQD055160",0.001
0.004,0.0017,0,0,0.021,0.02,0,0.103,14,0.0103,0.0046,0.031,0.026,"HQF083950",0.001
0.006,0.0355,0,0,0.01,0.02,0,0.186,21,0.008,0.0035,0.024,0.022,"HQY027940",0
0.006,0.0565,0,2,0.014,0.02,0,0.802,30,0.0094,0.0027,0.035,0.034,"HQD111690",0.001
0.005,0.0351,0,0,0.011,0.02,0,0.185,17,0.0076,0.0038,0.023,0.02,"HQZ128800",0
0.005,0.1889,1,1,0.02,0.02,0,0.859,33,0.012,0.0028,0.027,0.026,"HQH031230",0
0.004,0.0415,0,0,0.011,0.02,0,0.13,18,0.0093,0.0034,0.027,0.026,"HQE133620",0
0.006,0.0407,0,3,0.016,0.02,0,0.214,16,0.0083,0.0033,0.018,0.017,"HQX069320",0
0.006,0.078,2,0,0.021,0.03,0,1.056,31,0.0195,0.0024,0.031,0.03,"HQC060860",0.002
0.005,0.0013,4,0,0.055,0.02,0,0.202,19,0.0449,0.0089,0.038,0.037,"HQZ075010",0
0.005,0.0536,0,0,0.02,0.02,0,0.345,28,0.0104,0.0036,0.041,0.039,"HQH017630",0.001
0.006,0.0404,1,0,0.013,0.02,0,0.199,20,0.0083,0.0032,0.021,0.02,"HQA056980",0
0.004,0.0359,0,1,0.008,0.02,0,0.192,14,0.011,0.0028,0.029,0.026,"HQG090120",0
0.005,0.0365,0,0,0.015,0.02,0,0.196,12,0.0104,0.0033,0.03,0.028,"HQF083280",0
0.005,0.0365,0,0,0.018,0.02,0,0.195,15,0.0061,0.0038,0.03,0.03,"HQA029430",0
0.004,0.1502,0,1,0.019,0.01,0,0.487,26,0.008,0.0033,0.025,0.024,"HQY062440",0
0.006,0.0736,0,0,0.022,0.02,0,1.073,33,0.0195,0.0026,0.027,0.026,"HQY072410",0.001
0.006,0.0593,0,8,0.012,0.03,0,0.769,35,0.0102,0.0024,0.026,0.025,"HQA029500",0
0.004,0.0381,13,0,0.022,0.02,0,0.186,16,0.0101,0.0041,0.028,0.027,"HQG002750",0
0.005,0.0023,0,0,0.024,0.02,0,0.096,16,0.0105,0.0041,0.029,0.027,"HQF158570",0.001
0.006,0.0398,1,1,0.02,0.02,0,0.184,18,0.0081,0.0027,0.023,0.022,"HQA159640",0
0.004,0.0773,1,0,0.023,0.02,0,0.902,21,0.0197,0.002,0.026,0.025,"HQJ164000",0.001
0.005,0.0388,0,0,0.009,0.01,0,0.197,12,0.005,0.0029,0.027,0.026,"HQF024350",0
0.007,0.0558,0,1,0.025,0.01,0,0.327,36,0.0091,0.0034,0.032,0.031,"HQA121290",0.001
0.004,0.1844,0,0,0.018,0.03,0,0.838,29,0.0135,0.0033,0.026,0.024,"HQJ003370",0
0.005,0.0431,0,0,0.019,0.02,0,0.193,19,0.0114,0.0038,0.03,0.028,"HQF158860",0
0.007,0.0393,0,0,0.009,0.01,0,0.203,20,0.0057,0.0033,0.025,0.023,"HQY116090",0
0.004,0.0355,0,0,0.025,0.02,0,0.196,30,0.0097,0.0034,0.028,0.026,"HQH078590",0
0.005,0.0348,0,0,0.012,0.02,0,0.187,18,0.0091,0.0035,0.028,0.027,"HQZ128300",0
0.006,0.0379,0,0,0.012,0.02,0,0.191,19,0.0103,0.0036,0.032,0.031,"HQA118790",0
0.004,0.0406,0,0,0.014,0.03,0,0.236,17,0.0105,0.0038,0.021,0.02,"HQJ064040",0
0.006,0.0791,3,0,0.026,0.02,0,0.92,32,0.0189,0.002,0.026,0.026,"HQB101940",0.001
0.006,0.0402,11,1,0.011,0.02,0,0.258,18,0.0082,0.0035,0.032,0.03,"HQY006290",0
0.005,0.0295,0,0,0.009,0.01,0,0.19,13,0.0073,0.0034,0.032,0.029,"HQF150850",0
0.005,0.0432,0,0,0.015,0.02,0,0.195,21,0.009,0.0039,0.027,0.026,"HQB131180",0
0.004,0.0354,0,0,0.023,0.02,0,0.189,16,0.0072,0.0082,0.024,0.022,"HQF115020",0
0.006,0.0399,0,0,0.018,0.03,0,0.192,23,0.0115,0.0035,0.019,0.018,"HQX053270",0
0.005,0.0377,0,0,0.009,0.02,0,0.17,24,0.0089,0.003,0.027,0.025,"HQZ054730",0
0.004,0.0332,0,0,0.022,0.02,0,0.184,22,0.0059,0.0036,0.025,0.023,"HQG073100",0
0.006,0.0653,1,0,0.023,0.01,0,0.6,41,0.0182,0.0019,0.03,0.03,"HQB057180",0
0.007,0.1449,0,0,0.017,0.02,0,0.845,27,0.0097,0.0031,0.024,0.023,"HQY124920",0.001
0.004,0.0019,0,0,0.011,0.01,0,0.094,19,0.0095,0.004,0.032,0.031,"HQF029650",0.001
0.004,0.0407,11,0,0.019,0.02,0,0.211,22,0.0063,0.0037,0.035,0.034,"HQF096040",0
0.006,0.0524,0,2,0.009,0.02,0,0.298,28,0.0085,0.0034,0.034,0.031,"HQY132320",0
0.004,0.0507,0,0,0.018,0.02,0,0.293,17,0.009,0.0041,0.019,0.018,"HQC034420",0
0.005,0.0644,0,4,0.012,0.02,0,0.793,38,0.0149,0.0027,0.034,0.033,"HQG062480",0.001
0.005,0.0785,5,3,0.023,0.03,0,0.894,35,0.0198,0.0029,0.03,0.029,"HQF070870",0.002
0.005,0.0406,0,0,0.017,0.02,0,0.215,16,0.01,0.0035,0.029,0.028,"HQE050000",0
0.005,0.0397,0,0,0.009,0.02,0,0.17,19,0.0102,0.0033,0.022,0.02,"HQX112690",0
0.005,0.0341,0,0,0.012,0.02,0,0.182,16,0.009,0.0035,0.026,0.025,"HQF141930",0
0.006,0.039,0,0,0.018,0.03,0,0.187,17,0.008,0.0042,0.027,0.026,"HQB003870",0
0.005,0.0571,0,0,0.028,0.02,0,0.788,26,0.0124,0.003,0.037,0.032,"HQG001120",0.001
0.006,0.0398,0,0,0.018,0.02,0,0.152,30,0.0095,0.0026,0.028,0.027,"HQB073400",0
0.005,0.1207,0,1,0.014,0.02,0,0.305,29,0.0117,0.0026,0.019,0.016,"HQH070840",0
0.005,0.0739,4,1,0.014,0.02,0,0.917,30,0.0194,0.0026,0.029,0.029,"HQD108390",0.001
0.004,0.0192,14,0,0.011,0.01,0,0.139,20,0.0052,0.0028,0.034,0.032,"HQJ087690",0
0.006,0.0554,0,1,0.023,0.02,0,0.8,42,0.0125,0.0025,0.043,0.042,"HQE020310",0.002
0.007,0.0549,0,0,0.012,0.02,0,0.792,31,0.012,0.0025,0.044,0.043,"HQD032470",0.001
0.004,0.0184,0,2,0.009,0.01,0,0.195,19,0.0068,0.0035,0.02,0.02,"HQF052330",0
0.004,0.0192,0,0,0.011,0.01,0,0.136,11,0.0078,0.0027,0.03,0.028,"HQJ162100",0
0.005,0.1173,0,0,0.011,0.01,0,0.468,17,0.0107,0.0023,0.02,0.019,"HQJ156610",0.001
0.004,0.0372,0,0,0.013,0.02,0,0.194,18,0.0073,0.0041,0.026,0.024,"HQE036890",0
0.004,0.041,0,0,0.012,0.02,0,0.19,17,0.0099,0.0031,0.028,0.027,"HQJ071310",0
0.006,0.0403,0,0,0.011,0.02,0,0.188,22,0.0102,0.0037,0.017,0.016,"HQD034990",0
0.006,0.0367,0,0,0.009,0.02,0,0.154,20,0.0073,0.0035,0.025,0.023,"HQX140200",0
0.004,0.0014,5,0,0.052,0.02,0,0.193,21,0.0479,0.0088,0.035,0.033,"HQJ156280",0.001
0.006,0.038,19,1,0.01,0.03,0,0.245,27,0.0195,0.0029,0.028,0.027,"HQF143450",0.001
0.004,0.0351,0,0,0.013,0.02,0,0.189,15,0.0082,0.0035,0.026,0.025,"HQH076170",0
0.007,0.1196,0,0,0.014,0.01,0,0.426,26,0.0106,0.0037,0.016,0.015,"HQA112980",0
0.005,0.0773,3,0,0.017,0.02,0,0.895,30,0.0179,0.0023,0.024,0.024,"HQC037390",0.001
0.004,0.0021,0,1,0.01,0.02,0,0.144,18,0.0095,0.0036,0.037,0.036,"HQH093500",0.002
0.005,0.0348,11,2,0.016,0.02,0,0.208,13,0.0075,0.0036,0.022,0.021,"HQA040320",0
0.006,0.0396,0,0,0.018,0.02,0,0.212,21,0.0079,0.0043,0.032,0.03,"HQA016490",0
0.005,0.0819,2,0,0.029,0.03,0,0.913,31,0.0204,0.0025,0.031,0.03,"HQD083930",0.002
0.007,0.0558,0,1,0.025,0.01,0,0.327,36,0.0091,0.0034,0.032,0.031,"HQA120970",0.001
0.006,0.0288,0,1,0.022,0.02,0,0.189,21,0.008,0.0037,0.016,0.016,"HQF069920",0
0.006,0.0429,0,0,0.02,0.02,0,0.205,12,0.0074,0.003,0.028,0.027,"HQC099240",0
0.007,0.0427,0,0,0.023,0.02,0,0.191,14,0.0105,0.0033,0.029,0.028,"HQA092320",0
0.005,0.0733,3,0,0.024,0.02,0,0.903,43,0.0189,0.0023,0.028,0.027,"HQZ074230",0
0.006,0.1774,0,0,0.009,0.02,0,0.299,25,0.0113,0.0026,0.035,0.034,"HQX114670",0
0.006,0.1235,0,0,0.01,0.02,0,0.309,26,0.011,0.002,0.027,0.026,"HQD013010",0
0.004,0.0412,0,0,0.014,0.01,0,0.194,40,0.0066,0.0033,0.023,0.023,"HQG108230",0
0.005,0.0168,0,1,0.028,0.02,0,0.147,15,0.0072,0.0041,0.027,0.025,"HQY059470",0
0.005,0.0019,0,1,0.017,0.02,0,0.087,20,0.011,0.0038,0.026,0.025,"HQY029490",0.001
0.005,0.0016,0,1,0.052,0.03,0,0.138,16,0.0531,0.0088,0.026,0.026,"HQD158400",0.001
0.005,0.0363,0,0,0.024,0.03,0,0.198,20,0.0101,0.0044,0.025,0.024,"HQD112390",0
0.007,0.0398,0,0,0.021,0.02,0,0.2,24,0.0121,0.0028,0.03,0.028,"HQY146750",0
0.005,0.0019,0,2,0.018,0.02,0,0.067,22,0.0091,0.0038,0.031,0.027,"HQH105690",0.003
0.006,0.0363,0,0,0.011,0.02,0,0.19,23,0.0069,0.0028,0.033,0.032,"HQY104010",0
0.004,0.0164,0,1,0.015,0.02,0,0.183,12,0.0063,0.0029,0.02,0.02,"HQG150930",0
0.005,0.0016,5,0,0.051,0.02,0,0.194,17,0.0456,0.0084,0.043,0.041,"HQF135360",0.001
0.006,0.0017,0,1,0.014,0.02,0,0.107,12,0.009,0.0037,0.036,0.035,"HQD111900",0.002
0.004,0.0419,11,0,0.009,0.01,0,0.183,15,0.0074,0.0036,0.027,0.026,"HQG073510",0
0.005,0.0023,0,0,0.025,0.03,0.01,0.103,15,0.0116,0.0035,0.032,0.03,"HQG037660",0.001
0.005,0.042,0,0,0.011,0.05,0,0.2,36,0.0102,0.0032,0.037,0.036,"HQE015110",0.001
0.004,0.0533,0,0,0.019,0.01,0,0.338,20,0.0069,0.003,0.038,0.032,"HQJ012450",0
0.006,0.1436,0,2,0.017,0.02,0,0.782,31,0.0105,0.0028,0.024,0.023,"HQY128410",0.001
0.004,0.0382,18,0,0.007,0.01,0,0.157,21,0.0115,0.0025,0.018,0.018,"HQB148310",0
0.006,0.0027,17,1,0.059,0.07,0,0.54,18,0.0144,0.0033,0.021,0.019,"HQB080290",0.002
0.004,0.0019,0,0,0.013,0.02,0,0.064,19,0.0093,0.0031,0.023,0.022,"HQJ015780",0.001
0.004,0.0311,0,1,0.016,0.02,0,0.188,22,0.0074,0.0031,0.019,0.017,"HQC007500",0
0.007,0.0546,0,1,0.012,0.02,0,0.8,42,0.0096,0.0025,0.044,0.043,"HQA078230",0.001
0.004,0.0027,16,0,0.064,0.07,0,0.549,16,0.0141,0.0033,0.021,0.019,"HQG058080",0.001
0.004,0.0397,0,0,0.011,0.02,0,0.187,16,0.0079,0.0034,0.023,0.022,"HQH100730",0
0.006,0.0463,0,0,0.032,0.02,0,0.181,13,0.0099,0.0033,0.031,0.03,"HQC104670",0
0.004,0.0378,0,0,0.006,0.01,0,0.205,18,0.0107,0.003,0.03,0.028,"HQH151700",0
0.006,0.0385,0,0,0.009,0.02,0,0.188,19,0.0103,0.0034,0.025,0.023,"HQC023660",0
0.006,0.0393,0,0,0.015,0.02,0,0.192,12,0.008,0.0034,0.019,0.018,"HQZ097860",0
0.006,0.0373,0,0,0.017,0.01,0,0.196,22,0.0058,0.0034,0.025,0.023,"HQA166940",0
0.005,0.165,0,0,0.012,0.01,0,0.488,37,0.0091,0.0028,0.023,0.022,"HQE095310",0
0.005,0.0591,0,0,0.009,0.02,0,0.351,28,0.0106,0.0031,0.034,0.033,"HQZ127630",0
0.005,0.0019,0,0,0.023,0.02,0,0.147,17,0.0097,0.0036,0.028,0.026,"HQH119130",0.002
0.005,0.0367,0,0,0.009,0.02,0,0.189,16,0.0075,0.0032,0.02,0.019,"HQZ152630",0
0.006,0.0378,0,0,0.018,0.01,0,0.145,31,0.0067,0.0027,0.018,0.017,"HQC089150",0
0.006,0.0349,0,0,0.015,0.02,0,0.197,17,0.0088,0.0029,0.029,0.027,"HQA140210",0
0.004,0.0317,0,0,0.013,0.02,0,0.192,23,0.0069,0.0023,0.024,0.023,"HQB151180",0
0.004,0.0352,0,0,0.031,0.02,0,0.18,15,0.0084,0.0036,0.022,0.022,"HQE135300",0
0.006,0.0757,3,1,0.017,0.02,0,0.884,32,0.0189,0.0023,0.028,0.026,"HQZ039000",0.001
0.004,0.055,0,0,0.017,0.02,0,0.338,25,0.0079,0.0053,0.04,0.038,"HQG036390",0
0.005,0.1158,0,1,0.013,0.03,0,0.319,26,0.0145,0.003,0.029,0.026,"HQH022630",0
0.007,0.0551,0,0,0.017,0.02,0,0.804,24,0.0108,0.0027,0.032,0.031,"HQB010490",0.002
0.005,0.0795,3,2,0.012,0.03,0,0.895,33,0.0191,0.0021,0.027,0.026,"HQD109270",0.001
0.004,0.1143,0,1,0.021,0.02,0,0.46,27,0.0147,0.0027,0.02,0.019,"HQG077920",0.001
0.005,0.0012,6,0,0.057,0.02,0,0.197,17,0.0465,0.0091,0.044,0.043,"HQE152940",0.001
0.005,0.0021,0,1,0.017,0.02,0,0.093,16,0.0096,0.0035,0.034,0.032,"HQH104030",0.002
0.006,0.0397,0,0,0.017,0.02,0,0.189,33,0.008,0.0035,0.024,0.022,"HQX086140",0
0.005,0.0617,0,0,0.013,0.03,0,0.346,25,0.0101,0.003,0.031,0.031,"HQB134340",0
0.005,0.1757,0,1,0.013,0.02,0,0.793,33,0.012,0.0025,0.034,0.032,"HQZ061800",0.001
0.006,0.0022,0,0,0.014,0.03,0,0.138,24,0.0098,0.0038,0.028,0.025,"HQD003110",0.002
0.004,0.1769,1,1,0.029,0.02,0,0.799,26,0.0145,0.0037,0.022,0.022,"HQJ061550",0.002
0.005,0.0765,0,8,0.027,0.02,0,1.31,40,0.0101,0.003,0.025,0.024,"HQE130110",0.001
0.006,0.0414,0,0,0.023,0.02,0,0.197,14,0.0134,0.0042,0.023,0.022,"HQA066730",0
0.005,0.1326,0,1,0.011,0.02,0,0.869,33,0.0106,0.0026,0.016,0.014,"HQZ135340",0.001
0.004,0.0478,0,0,0.013,0.01,0,0.294,20,0.0047,0.0033,0.027,0.026,"HQE129710",0
0.005,0.0421,0,0,0.025,0.02,0,0.191,26,0.0081,0.0039,0.023,0.022,"HQZ012950",0
0.006,0.0226,0,2,0.01,0.01,0,0.21,18,0.0065,0.0033,0.024,0.023,"HQZ132620",0
0.005,0.0021,14,1,0.055,0.08,0,0.534,16,0.0141,0.0036,0.026,0.025,"HQH052700",0.002
0.005,0.037,12,1,0.016,0.01,0,0.235,23,0.0069,0.0031,0.031,0.029,"HQA006880",0
0.004,0.0757,0,0,0.018,0.02,0,0.329,26,0.0077,0.0031,0.032,0.031,"HQG108180",0
0.004,0.0413,0,0,0.016,0.02,0,0.149,14,0.0093,0.0034,0.026,0.022,"HQG042740",0
0.006,0.002,0,0,0.009,0.01,0,0.057,18,0.0087,0.003,0.029,0.028,"HQX028330",0.003
0.005,0.0333,0,0,0.016,0.02,0,0.198,31,0.0079,0.0029,0.027,0.026,"HQC039490",0
0.005,0.0581,0,0,0.012,0.02,0,0.338,25,0.0089,0.0033,0.031,0.026,"HQC123320",0
0.004,0.048,0,0,0.026,0.02,0,0.305,30,0.0108,0.0039,0.035,0.034,"HQF037320",0
0.004,0.0404,0,0,0.009,0.02,0,0.231,31,0.0071,0.0025,0.021,0.02,"HQJ030980",0
0.005,0.0607,0,0,0.014,0.02,0,0.344,29,0.0077,0.003,0.032,0.03,"HQY033180",0
0.004,0.2062,0,0,0.011,0.01,0,0.426,22,0.0097,0.0025,0.027,0.024,"HQH166730",0
0.006,0.0573,0,1,0.012,0.02,0,0.767,35,0.0101,0.0029,0.041,0.04,"HQB099450",0.001
0.006,0.0019,0,0,0.016,0.02,0,0.068,20,0.0098,0.0047,0.032,0.03,"HQX150080",0.002
0.005,0.0338,0,0,0.018,0.01,0,0.148,20,0.0083,0.0027,0.019,0.018,"HQB073070",0
0.004,0.0481,0,0,0.024,0.02,0,0.181,16,0.0072,0.0047,0.024,0.023,"HQJ059860",0
0.004,0.0024,16,1,0.066,0.08,0,0.55,19,0.0148,0.0035,0.022,0.022,"HQJ143640",0.002
0.004,0.0483,0,0,0.027,0.02,0,0.29,36,0.0093,0.0034,0.044,0.043,"HQH088830",0
0.005,0.0025,17,0,0.057,0.07,0,0.528,21,0.0137,0.0039,0.03,0.028,"HQG160000",0.002
0.005,0.0021,0,0,0.021,0.02,0,0.076,11,0.0082,0.0036,0.029,0.027,"HQF092150",0.003
0.004,0.0814,0,0,0.013,0.02,0,0.442,33,0.0113,0.003,0.018,0.016,"HQG066310",0
0.006,0.0018,0,0,0.012,0.02,0,0.101,18,0.0095,0.0033,0.029,0.027,"HQX141360",0.001
0.007,0.0397,0,0,0.017,0.02,0,0.205,25,0.0081,0.0037,0.019,0.018,"HQX083190",0
0.005,0.0584,0,2,0.021,0.02,0,0.342,24,0.0064,0.0035,0.034,0.032,"HQZ006650",0
0.006,0.0601,0,0,0.022,0.02,0,0.331,30,0.0076,0.0035,0.032,0.03,"HQX098010",0
0.006,0.1456,0,3,0.017,0.02,0,0.463,27,0.0095,0.0037,0.031,0.028,"HQE095480",0
0.005,0.1102,0,0,0.02,0.03,0,0.428,23,0.0135,0.0029,0.013,0.012,"HQB120530",0
0.006,0.0326,0,6,0.026,0.02,0,0.167,20,0.0093,0.0036,0.024,0.023,"HQX047300",0
0.005,0.0392,0,0,0.014,0.02,0,0.198,21,0.0089,0.0032,0.016,0.014,"HQA046680",0
0.007,0.1253,0,0,0.025,0.02,0,1.141,29,0.0119,0.0029,0.018,0.017,"HQA077160",0.002
0.005,0.1135,0,0,0.017,0.02,0,0.312,28,0.0102,0.0028,0.026,0.025,"HQH115870",0.001
0.006,0.0021,0,1,0.011,0.02,0,0.145,16,0.0104,0.0038,0.02,0.017,"HQA077300",0.002
0.004,0.0513,0,0,0.013,0.02,0,0.348,21,0.0073,0.0022,0.043,0.041,"HQJ012100",0
0.005,0.1266,0,0,0.02,0.02,0,0.282,28,0.0118,0.0037,0.028,0.026,"HQA002510",0
0.006,0.0584,0,0,0.013,0.02,0,0.81,30,0.0077,0.0026,0.026,0.025,"HQA013810",0
0.005,0.0715,3,1,0.01,0.01,0,0.592,42,0.0192,0.0037,0.028,0.025,"HQZ058460",0.001
0.006,0.0335,0,0,0.011,0.02,0,0.199,25,0.0095,0.0026,0.031,0.029,"HQY025410",0.001
0.005,0.0413,0,0,0.01,0.02,0,0.309,26,0.0084,0.0021,0.03,0.026,"HQF037470",0
0.007,0.0368,0,3,0.011,0.01,0,0.199,19,0.0068,0.0027,0.028,0.026,"HQB025600",0
0.005,0.0018,0,3,0.021,0.02,0,0.087,14,0.0097,0.0035,0.03,0.029,"HQG047350",0.001
0.006,0.0752,1,0,0.016,0.02,0,0.91,35,0.0183,0.0022,0.029,0.027,"HQY026120",0.001
0.005,0.0017,0,0,0.018,0.02,0,0.077,20,0.0085,0.004,0.028,0.026,"HQC144680",0.003
0.007,0.0024,0,1,0.01,0.02,0,0.095,16,0.0093,0.0044,0.03,0.028,"HQA101870",0.001
0.005,0.0194,0,0,0.016,0.02,0,0.191,15,0.0077,0.0033,0.024,0.023,"HQA019030",0
0.004,0.0384,0,0,0.017,0.02,0.01,0.188,28,0.0077,0.0031,0.02,0.017,"HQE053880",0
0.004,0.019,0,0,0.025,0.02,0,0.191,19,0.0085,0.004,0.018,0.016,"HQG089690",0
0.004,0.0437,0,0,0.022,0.02,0,0.302,33,0.0084,0.0039,0.038,0.036,"HQE147040",0
0.007,0.0729,0,1,0.01,0.02,0,0.611,24,0.0196,0.0024,0.03,0.028,"HQD022390",0.001
0.006,0.035,0,0,0.01,0.02,0,0.194,17,0.0072,0.0026,0.023,0.022,"HQY137190",0
0.004,0.0591,0,2,0.011,0.01,0,0.798,26,0.0078,0.0025,0.032,0.032,"HQH010930",0
0.006,0.053,0,1,0.016,0.02,0,0.791,38,0.0112,0.0031,0.03,0.028,"HQY026020",0.001
0.005,0.1543,0,1,0.016,0.02,0,0.873,30,0.0098,0.0036,0.029,0.027,"HQX103820",0.001
0.006,0.0604,0,0,0.019,0.03,0,0.799,29,0.0095,0.0024,0.033,0.032,"HQZ093350",0.001
0.005,0.1378,0,1,0.013,0.02,0,0.881,35,0.0093,0.0023,0.024,0.022,"HQZ047280",0.001
0.007,0.0656,0,0,0.023,0.02,0,0.591,30,0.0183,0.0032,0.027,0.026,"HQY107810",0
0.006,0.0377,17,0,0.011,0.02,0,0.193,16,0.0065,0.0031,0.021,0.019,"HQY119750",0
0.005,0.0381,0,1,0.011,0.02,0,0.261,21,0.008,0.0041,0.025,0.024,"HQZ170290",0
0.006,0.0429,0,1,0.01,0.02,0,0.209,20,0.0097,0.0033,0.02,0.018,"HQX069490",0
0.006,0.0397,0,0,0.015,0.02,0,0.201,18,0.0084,0.003,0.024,0.022,"HQB006790",0
0.004,0.1609,0,0,0.012,0.02,0,0.605,27,0.0135,0.0019,0.035,0.032,"HQH154090",0
0.006,0.0757,2,0,0.024,0.02,0,1.074,38,0.0174,0.0028,0.026,0.025,"HQA062420",0.001
0.006,0.0513,0,0,0.009,0.02,0,0.286,28,0.0083,0.0028,0.018,0.017,"HQB044400",0
0.005,0.0015,0,3,0.011,0.02,0,0.139,16,0.0103,0.0036,0.022,0.02,"HQX148290",0.001
0.006,0.0393,0,1,0.015,0.02,0,0.216,17,0.008,0.0039,0.027,0.024,"HQY095230",0
0.004,0.0361,0,0,0.019,0.02,0,0.196,27,0.007,0.0032,0.03,0.028,"HQJ006380",0
0.005,0.0391,0,0,0.017,0.02,0,0.194,18,0.0084,0.0039,0.026,0.024,"HQA024890",0
0.005,0.0022,0,0,0.011,0.02,0,0.067,12,0.007,0.003,0.029,0.027,"HQH063440",0.002
0.004,0.0426,13,0,0.017,0.02,0,0.199,19,0.0114,0.0044,0.022,0.021,"HQG121060",0
0.006,0.0595,0,0,0.012,0.02,0,0.347,25,0.0079,0.003,0.043,0.042,"HQD045370",0
0.007,0.0486,0,1,0.027,0.02,0,0.284,16,0.0077,0.0049,0.03,0.028,"HQY129470",0
0.004,0.0387,0,0,0.018,0.02,0,0.182,19,0.0077,0.0036,0.024,0.022,"HQJ009090",0
0.005,0.0377,0,0,0.021,0.02,0,0.197,22,0.0058,0.004,0.031,0.029,"HQY032240",0
0.004,0.0558,0,0,0.013,0.01,0,0.759,19,0.0101,0.0025,0.024,0.022,"HQG043170",0
0.006,0.0026,1,0,0.016,0.02,0,0.096,20,0.0097,0.0037,0.034,0.033,"HQE056330",0.001
0.005,0.0772,3,0,0.019,0.02,0,0.903,40,0.0207,0.0028,0.03,0.029,"HQY009130",0.001
0.005,0.189,0,1,0.023,0.02,0,0.85,34,0.0113,0.0034,0.018,0.018,"HQH030830",0.001
0.004,0.0242,0,0,0.026,0.02,0,0.185,32,0.0073,0.0037,0.019,0.017,"HQH048690",0
0.004,0.0594,0,0,0.012,0.01,0,0.79,36,0.008,0.0018,0.028,0.027,"HQF030050",0
0.005,0.039,0,0,0.016,0.02,0,0.149,34,0.0073,0.0025,0.025,0.024,"HQB041890",0
0.004,0.0026,0,1,0.011,0.02,0,0.095,18,0.0105,0.0033,0.032,0.029,"HQG048240",0.001
0.007,0.0397,0,0,0.022,0.02,0,0.286,23,0.0127,0.003,0.015,0.014,"HQY082370",0.001
0.005,0.0674,0,0,0.014,0.02,0,0.501,35,0.0117,0.0027,0.039,0.037,"HQF105880",0.001
0.006,0.0351,0,0,0.011,0.01,0,0.208,18,0.007,0.0033,0.02,0.019,"HQY118020",0
0.005,0.0361,0,0,0.01,0.01,0,0.193,40,0.0082,0.0031,0.023,0.022,"HQB122620",0
0.006,0.143,0,0,0.01,0.02,0,0.841,29,0.0092,0.0022,0.024,0.024,"HQC092310",0.001
0.005,0.0383,0,0,0.014,0.02,0,0.19,16,0.0071,0.0032,0.033,0.032,"HQC029840",0
0.007,0.0575,0,0,0.013,0.02,0,0.767,37,0.0096,0.0026,0.03,0.028,"HQX028340",0.001
0.004,0.048,0,0,0.026,0.02,0,0.305,30,0.0108,0.0039,0.035,0.034,"HQF037610",0
0.004,0.0365,0,0,0.015,0.02,0,0.184,20,0.0076,0.0038,0.024,0.022,"HQG073480",0
0.006,0.0408,0,0,0.011,0.02,0,0.191,23,0.0093,0.0031,0.018,0.016,"HQC100960",0
0.005,0.0312,0,0,0.018,0.02,0,0.193,19,0.0091,0.0041,0.026,0.025,"HQF114620",0
0.005,0.0372,0,2,0.019,0.02,0,0.186,22,0.0085,0.0041,0.022,0.02,"HQE097030",0
0.004,0.0022,15,1,0.061,0.07,0,0.532,21,0.0132,0.0032,0.026,0.025,"HQG055120",0.002
0.006,0.0363,0,0,0.009,0.02,0,0.207,31,0.0068,0.0031,0.023,0.018,"HQC097030",0
0.006,0.0016,0,0,0.01,0.01,0,0.071,21,0.0092,0.0032,0.035,0.033,"HQA163820",0.002
0.005,0.0395,0,0,0.012,0.01,0,0.19,14,0.0074,0.0032,0.025,0.024,"HQH121360",0
0.004,0.1173,0,2,0.022,0.02,0,0.311,33,0.0102,0.0026,0.027,0.026,"HQH071270",0.001
0.004,0.0419,17,0,0.013,0.02,0,0.179,20,0.0093,0.0029,0.014,0.014,"HQF048690",0
0.004,0.0716,0,0,0.018,0.03,0,0.602,30,0.0194,0.0018,0.031,0.029,"HQJ078280",0.002
0.007,0.022,0,1,0.017,0.03,0,0.132,22,0.0085,0.0037,0.029,0.027,"HQY082620",0
0.007,0.0015,0,0,0.012,0.02,0.01,0.093,19,0.0059,0.0017,0.025,0.024,"HQD011270",0.004
0.006,0.0385,0,0,0.009,0.02,0,0.188,19,0.0103,0.0034,0.025,0.023,"HQC023680",0
0.005,0.0719,2,0,0.017,0.01,0,0.589,29,0.0192,0.0029,0.027,0.026,"HQC000790",0
0.006,0.0766,1,1,0.019,0.02,0,0.907,27,0.0198,0.0019,0.025,0.024,"HQA116930",0.003
0.005,0.0391,0,0,0.028,0.03,0,0.198,21,0.0095,0.0038,0.027,0.027,"HQC025910",0
0.005,0.1887,0,0,0.012,0.02,0,0.469,29,0.0069,0.0022,0.036,0.035,"HQE147710",0
0.006,0.1197,0,2,0.018,0.02,0,0.463,24,0.0124,0.0028,0.019,0.018,"HQB003330",0.002
0.005,0.0402,0,0,0.012,0.02,0,0.193,15,0.0108,0.0036,0.029,0.028,"HQB108160",0
0.007,0.0376,0,0,0.01,0.02,0,0.189,20,0.0093,0.0031,0.026,0.025,"HQB107470",0
0.004,0.0176,0,0,0.013,0.02,0,0.206,21,0.0117,0.0038,0.027,0.025,"HQJ148210",0
0.005,0.0395,16,0,0.017,0.02,0,0.184,19,0.0086,0.0038,0.026,0.025,"HQZ159830",0
0.006,0.0397,13,0,0.01,0.02,0,0.193,13,0.0124,0.0036,0.027,0.026,"HQF006630",0
0.005,0.0024,0,0,0.021,0.02,0,0.07,10,0.0076,0.0042,0.032,0.029,"HQH091340",0.003
0.005,0.0433,0,1,0.014,0.02,0,0.213,22,0.0071,0.0035,0.026,0.024,"HQX118030",0
0.004,0.0396,0,0,0.009,0.01,0,0.189,19,0.0103,0.0035,0.027,0.024,"HQH165190",0
0.005,0.0561,0,0,0.013,0.02,0,0.351,28,0.0085,0.0027,0.032,0.031,"HQZ126010",0
0.005,0.054,0,0,0.022,0.02,0,0.794,24,0.0093,0.0025,0.031,0.03,"HQF107980",0.001
0.007,0.0346,0,0,0.01,0.02,0,0.199,20,0.0088,0.0028,0.03,0.028,"HQZ046160",0
0.004,0.075,0,5,0.023,0.01,0,0.465,36,0.0062,0.0025,0.037,0.035,"HQJ144020",0
0.004,0.0404,0,0,0.018,0.02,0,0.188,31,0.0077,0.0031,0.034,0.034,"HQF093710",0
0.005,0.1536,0,0,0.012,0.02,0,0.497,25,0.0126,0.0032,0.027,0.025,"HQF014870",0
0.005,0.0338,0,0,0.018,0.01,0,0.148,20,0.0083,0.0027,0.019,0.018,"HQB073050",0
0.004,0.039,0,0,0.021,0.02,0,0.195,21,0.0085,0.003,0.033,0.031,"HQH147330",0
0.004,0.0202,0,0,0.02,0.02,0,0.196,29,0.0097,0.0033,0.022,0.018,"HQH049380",0
0.005,0.0417,0,0,0.02,0.02,0,0.233,22,0.0073,0.0036,0.018,0.017,"HQY057290",0
0.005,0.1089,0,0,0.024,0.03,0,0.466,39,0.008,0.0032,0.023,0.022,"HQX106610",0
0.005,0.0357,0,0,0.019,0.02,0,0.201,20,0.0107,0.0039,0.027,0.024,"HQZ142290",0
0.005,0.0769,4,1,0.013,0.02,0,0.892,40,0.0193,0.002,0.027,0.026,"HQZ147540",0.001
0.006,0.0784,2,1,0.022,0.02,0,0.906,29,0.0198,0.0025,0.026,0.025,"HQB093230",0.002
0.007,0.0361,0,0,0.021,0.02,0,0.175,16,0.011,0.0027,0.027,0.025,"HQD024440",0
0.005,0.0395,0,0,0.009,0.02,0,0.194,19,0.0119,0.0029,0.024,0.022,"HQG032490",0
0.005,0.0653,0,0,0.021,0.02,0,0.481,28,0.008,0.0027,0.044,0.043,"HQA060980",0
0.004,0.0023,0,0,0.009,0.02,0,0.097,15,0.0098,0.003,0.029,0.024,"HQF038140",0.001
0.005,0.0391,0,0,0.014,0.03,0,0.211,16,0.012,0.0031,0.027,0.026,"HQA050090",0
0.004,0.0586,0,0,0.017,0.02,0,0.347,32,0.0072,0.0037,0.042,0.041,"HQC072500",0
0.005,0.0333,0,0,0.011,0.02,0,0.188,20,0.0093,0.0034,0.026,0.025,"HQD150610",0
0.004,0.0429,12,0,0.011,0.02,0,0.188,18,0.0079,0.0029,0.019,0.019,"HQD100350",0
0.005,0.0014,0,0,0.013,0.02,0,0.089,13,0.0104,0.003,0.033,0.032,"HQH143030",0.001
0.004,0.0202,0,0,0.02,0.02,0,0.196,29,0.0097,0.0033,0.022,0.018,"HQH049370",0
0.004,0.0172,0,0,0.01,0.02,0,0.188,16,0.0077,0.0028,0.017,0.017,"HQJ141710",0
0.006,0.0813,2,0,0.015,0.02,0,0.919,37,0.0192,0.0022,0.022,0.022,"HQA004430",0
0.005,0.0601,0,1,0.02,0.02,0,0.816,40,0.0061,0.0021,0.038,0.038,"HQH010700",0
0.005,0.1102,0,0,0.02,0.03,0,0.428,23,0.0135,0.0029,0.013,0.012,"HQB120540",0
0.005,0.0661,0,1,0.012,0.02,0,0.485,30,0.01,0.0029,0.045,0.042,"HQB112380",0
0.005,0.0335,0,0,0.019,0.02,0,0.193,10,0.0076,0.0037,0.028,0.026,"HQF074670",0
0.004,0.1289,1,1,0.023,0.01,0,0.889,33,0.0106,0.0026,0.026,0.026,"HQJ051190",0.001
0.006,0.0407,0,8,0.013,0.02,0,0.196,25,0.0072,0.003,0.036,0.032,"HQF000260",0
0.005,0.0408,0,0,0.018,0.02,0,0.199,18,0.0103,0.0032,0.04,0.035,"HQE096360",0
0.006,0.037,0,0,0.019,0.02,0,0.205,18,0.0056,0.003,0.03,0.029,"HQB087280",0
0.006,0.0385,10,0,0.011,0.02,0,0.244,16,0.0071,0.0028,0.032,0.03,"HQC068590",0
0.005,0.0381,0,0,0.016,0.02,0,0.201,28,0.0077,0.003,0.026,0.025,"HQA016560",0
0.006,0.0377,0,0,0.01,0.02,0,0.189,15,0.0109,0.0032,0.021,0.02,"HQA103160",0
0.005,0.0019,0,0,0.011,0.02,0,0.078,11,0.0088,0.0035,0.038,0.037,"HQH033940",0.002
0.004,0.0018,0,0,0.01,0.02,0,0.097,15,0.0086,0.0032,0.024,0.021,"HQG037330",0.001
0.004,0.0404,0,0,0.009,0.02,0,0.231,31,0.0071,0.0025,0.021,0.02,"HQJ031000",0
0.005,0.0017,4,0,0.053,0.02,0,0.201,20,0.0486,0.009,0.034,0.032,"HQZ133560",0
0.006,0.0336,0,0,0.012,0.02,0,0.188,23,0.0063,0.0028,0.026,0.026,"HQF122560",0
0.006,0.0432,12,0,0.017,0.02,0,0.249,19,0.0056,0.003,0.033,0.032,"HQA009310",0
0.008,0.1568,0,0,0.017,0.02,0,0.821,31,0.0072,0.0017,0.02,0.018,"HQY161940",0.002
0.006,0.0033,16,26,0.061,0.07,0,0.537,21,0.0133,0.0029,0.02,0.017,"HQA159430",0.001
0.006,0.0015,0,2,0.012,0.02,0,0.06,14,0.0071,0.0036,0.028,0.026,"HQA069670",0.004
0.005,0.0441,0,0,0.021,0.02,0,0.324,29,0.0084,0.0032,0.028,0.027,"HQZ138920",0
0.005,0.1183,0,0,0.011,0.02,0,0.307,20,0.0102,0.0029,0.024,0.023,"HQH071480",0
0.004,0.1407,0,0,0.023,0.03,0,0.885,33,0.0117,0.0027,0.028,0.026,"HQH021720",0.001
0.005,0.0405,0,0,0.021,0.02,0,0.187,30,0.0073,0.0022,0.022,0.021,"HQG167820",0
0.005,0.0801,1,0,0.014,0.02,0,0.91,33,0.0208,0.0023,0.028,0.027,"HQJ163800",0.001
0.007,0.1514,0,0,0.01,0.02,0,1.05,33,0.0143,0.0021,0.019,0.018,"HQE025710",0.002
0.006,0.0023,17,0,0.067,0.06,0,0.552,22,0.0151,0.0035,0.025,0.023,"HQC136320",0.002
0.005,0.0381,0,0,0.011,0.01,0,0.193,18,0.0067,0.0034,0.026,0.024,"HQF001870",0
0.004,0.0338,0,0,0.017,0.02,0,0.18,19,0.0089,0.0035,0.027,0.026,"HQG073180",0
0.004,0.2062,0,0,0.011,0.01,0,0.426,22,0.0097,0.0025,0.027,0.024,"HQH166680",0
0.005,0.0441,0,0,0.025,0.02,0,0.189,20,0.0112,0.0039,0.027,0.026,"HQH073610",0
0.006,0.0193,0,0,0.015,0.02,0,0.158,18,0.008,0.0034,0.028,0.026,"HQY083250",0
0.004,0.133,0,0,0.024,0.01,0,0.852,30,0.0096,0.0027,0.026,0.025,"HQJ053790",0.001
0.004,0.0573,0,0,0.023,0.02,0,0.335,18,0.0085,0.0027,0.039,0.038,"HQJ012930",0
0.004,0.0752,2,1,0.016,0.02,0,0.908,27,0.0188,0.0019,0.037,0.035,"HQH045390",0.001
0.005,0.0385,0,1,0.022,0.02,0.01,0.196,24,0.0083,0.0034,0.029,0.027,"HQX088240",0
0.004,0.0314,0,1,0.01,0.01,0,0.193,16,0.0053,0.0032,0.024,0.021,"HQF123520",0
0.007,0.0017,0,0,0.009,0.01,0,0.098,17,0.0102,0.0027,0.032,0.03,"HQX011720",0.001
0.005,0.0328,0,13,0.024,0.02,0,0.172,18,0.0083,0.0039,0.027,0.026,"HQB140580",0
0.006,0.1182,0,1,0.022,0.02,0,0.3,31,0.0085,0.0031,0.022,0.02,"HQY003300",0
0.006,0.0413,12,0,0.022,0.03,0,0.199,21,0.0104,0.0038,0.027,0.025,"HQX055090",0
0.004,0.1995,0,0,0.022,0.03,0,0.461,22,0.0149,0.0026,0.036,0.035,"HQJ143130",0
0.006,0.0408,0,0,0.011,0.02,0,0.198,22,0.0076,0.0029,0.029,0.027,"HQA108300",0
0.005,0.0016,0,0,0.023,0.02,0,0.06,20,0.008,0.0033,0.016,0.016,"HQH027130",0.002
0.005,0.0672,0,0,0.014,0.02,0,0.484,25,0.0094,0.0028,0.039,0.038,"HQJ105040",0
0.007,0.0393,0,0,0.009,0.01,0,0.194,20,0.008,0.0027,0.028,0.027,"HQX014880",0
0.005,0.0754,1,0,0.021,0.02,0,0.906,31,0.0202,0.0025,0.026,0.026,"HQY038240",0.001
0.006,0.0358,0,0,0.011,0.02,0,0.191,16,0.0081,0.0027,0.023,0.022,"HQB088170",0
0.004,0.0375,0,0,0.012,0.02,0,0.182,14,0.0071,0.0028,0.023,0.022,"HQG098440",0.001
0.005,0.0016,0,0,0.014,0.02,0,0.068,15,0.0093,0.0038,0.034,0.032,"HQE038230",0.002
0.006,0.0018,0,0,0.009,0.01,0,0.099,17,0.0096,0.0033,0.026,0.024,"HQY015400",0.001
0.005,0.0021,0,0,0.027,0.02,0,0.072,12,0.0102,0.0036,0.037,0.035,"HQG017320",0.002
0.005,0.0032,16,0,0.061,0.07,0,0.563,16,0.0149,0.0036,0.027,0.024,"HQH052780",0.002
0.007,0.0795,3,0,0.02,0.03,0,0.907,35,0.0184,0.0025,0.025,0.024,"HQX038700",0.001
0.005,0.0019,0,0,0.014,0.02,0,0.077,14,0.0082,0.0037,0.043,0.041,"HQE040270",0.002
0.006,0.0418,0,0,0.011,0.01,0,0.187,22,0.0083,0.0028,0.026,0.026,"HQA118910",0
0.006,0.003,17,1,0.06,0.07,0,0.546,21,0.0136,0.0028,0.018,0.015,"HQA158770",0.001
0.006,0.0387,0,3,0.014,0.02,0,0.2,12,0.0088,0.0029,0.037,0.035,"HQB060320",0
0.006,0.0687,2,0,0.02,0.02,0,0.489,31,0.0182,0.0031,0.028,0.027,"HQA125160",0.001
0.007,0.0399,0,0,0.022,0.02,0,0.198,29,0.0064,0.0037,0.028,0.026,"HQY084170",0
0.005,0.0366,0,0,0.014,0.02,0,0.207,13,0.0117,0.0031,0.028,0.027,"HQF149740",0
0.007,0.0362,0,1,0.014,0.02,0,0.207,16,0.0083,0.0032,0.023,0.022,"HQY122800",0
0.007,0.1813,0,0,0.012,0.02,0,0.3,25,0.0133,0.003,0.024,0.022,"HQX084350",0.001
0.007,0.0561,0,0,0.024,0.02,0,0.784,32,0.0088,0.0023,0.034,0.029,"HQD024830",0.001
0.005,0.0013,0,2,0.018,0.02,0,0.076,16,0.0088,0.0034,0.027,0.026,"HQB090710",0.001
0.007,0.0393,0,0,0.009,0.02,0,0.199,22,0.0098,0.0033,0.025,0.024,"HQX026380",0
0.006,0.0285,0,0,0.014,0.03,0,0.293,17,0.0185,0.0037,0.028,0.026,"HQY034230",0.001
0.004,0.0018,0,0,0.099,0.02,0,0.15,17,0.0192,0.0106,0.029,0.027,"HQH077790",0
0.005,0.1214,0,0,0.022,0.02,0,1.167,40,0.0117,0.0027,0.019,0.018,"HQH057170",0.001
0.007,0.0409,0,0,0.012,0.02,0,0.194,28,0.0081,0.0037,0.02,0.019,"HQD028480",0
0.005,0.1551,0,1,0.02,0.01,0,0.803,28,0.0079,0.0022,0.034,0.033,"HQJ110360",0
0.004,0.0436,0,0,0.025,0.02,0,0.203,16,0.009,0.0039,0.027,0.027,"HQJ042370",0
0.005,0.039,0,1,0.012,0.02,0,0.185,34,0.0071,0.0036,0.021,0.02,"HQE000630",0
0.005,0.0382,0,0,0.015,0.02,0,0.238,14,0.0063,0.0039,0.028,0.027,"HQZ169200",0
0.005,0.1529,0,1,0.018,0.02,0,0.696,28,0.0108,0.003,0.023,0.022,"HQE146270",0.001
0.006,0.0365,0,1,0.015,0.02,0,0.2,19,0.0096,0.003,0.038,0.036,"HQX059400",0
0.004,0.0016,0,0,0.017,0.02,0,0.088,13,0.0093,0.0035,0.032,0.031,"HQC017310",0.001
0.004,0.0436,0,0,0.012,0.02,0,0.201,15,0.0096,0.0051,0.036,0.035,"HQC053990",0
0.004,0.0411,0,0,0.009,0.01,0,0.258,23,0.008,0.0026,0.026,0.025,"HQB046650",0
0.004,0.038,0,0,0.012,0.03,0,0.191,23,0.0117,0.0029,0.033,0.032,"HQJ087740",0
0.007,0.0367,0,0,0.012,0.02,0,0.175,17,0.0071,0.0028,0.025,0.024,"HQX042130",0
0.004,0.0485,0,0,0.027,0.02,0,0.294,21,0.0084,0.0027,0.038,0.035,"HQH052640",0
0.005,0.0343,0,1,0.013,0.02,0,0.197,26,0.0083,0.0034,0.028,0.026,"HQC089410",0
0.004,0.0352,0,0,0.021,0.02,0,0.192,28,0.0085,0.0029,0.027,0.025,"HQG109060",0
0.004,0.0327,0,1,0.02,0.02,0,0.198,26,0.0084,0.0034,0.039,0.038,"HQH113360",0
0.006,0.0395,0,0,0.016,0.02,0,0.19,26,0.0058,0.0033,0.022,0.02,"HQY107590",0
0.005,0.1118,0,0,0.024,0.02,0,0.446,30,0.0112,0.0026,0.029,0.028,"HQG021950",0
0.004,0.0326,0,4,0.027,0.02,0,0.181,15,0.0087,0.0032,0.023,0.021,"HQE032430",0
0.005,0.0371,12,0,0.017,0.02,0,0.194,16,0.0083,0.0035,0.024,0.023,"HQF017270",0
0.004,0.1189,0,0,0.019,0.02,0,0.329,18,0.0083,0.0034,0.021,0.02,"HQG077750",0
0.004,0.1437,0,1,0.028,0.02,0,0.874,40,0.0107,0.0033,0.023,0.022,"HQH079930",0.001
0.006,0.033,0,0,0.016,0.02,0,0.209,25,0.0071,0.0041,0.019,0.017,"HQZ121310",0
0.006,0.0015,0,0,0.023,0.03,0,0.096,20,0.0109,0.0041,0.029,0.028,"HQA006750",0.001
0.006,0.0803,0,0,0.014,0.02,0,0.279,25,0.013,0.0031,0.027,0.026,"HQC136610",0
0.004,0.0347,0,0,0.025,0.02,0,0.138,32,0.0075,0.0027,0.022,0.02,"HQJ024850",0
0.004,0.1198,0,1,0.01,0.02,0,0.299,20,0.0103,0.0027,0.023,0.023,"HQC004000",0
0.006,0.1047,0,0,0.014,0.01,0,0.678,41,0.0075,0.0023,0.02,0.019,"HQA032330",0
0.004,0.0373,0,0,0.013,0.01,0,0.223,33,0.0059,0.0026,0.028,0.027,"HQG010420",0
0.006,0.0574,0,0,0.015,0.02,0,0.35,21,0.0108,0.0031,0.028,0.026,"HQX098110",0
0.006,0.0404,0,0,0.008,0.01,0,0.147,15,0.0069,0.0031,0.019,0.016,"HQC089240",0
0.004,0.0354,0,0,0.019,0.02,0,0.179,22,0.0105,0.0034,0.016,0.013,"HQJ030700",0
0.005,0.0707,1,0,0.016,0.02,0,0.895,40,0.0178,0.0022,0.027,0.026,"HQY043730",0.001
0.006,0.0019,0,1,0.011,0.02,0,0.09,19,0.0095,0.0041,0.041,0.039,"HQE054240",0.002
0.004,0.0534,0,0,0.019,0.02,0,0.357,31,0.0108,0.0028,0.036,0.034,"HQH061390",0
0.005,0.0018,0,1,0.021,0.02,0,0.09,13,0.0111,0.0039,0.024,0.022,"HQF065230",0.002
0.006,0.1419,0,0,0.017,0.02,0,0.887,26,0.0104,0.0027,0.02,0.019,"HQA028040",0.001
0.007,0.041,0,1,0.01,0.02,0,0.179,16,0.0094,0.003,0.025,0.024,"HQA147190",0
0.004,0.1467,0,1,0.018,0.02,0,0.419,29,0.0094,0.0029,0.028,0.027,"HQD136110",0
0.007,0.0385,0,0,0.018,0.02,0,0.205,16,0.0076,0.0036,0.026,0.025,"HQY154390",0
0.006,0.0403,0,0,0.009,0.02,0,0.196,28,0.0077,0.0034,0.024,0.022,"HQC106600",0
0.004,0.0629,0,0,0.012,0.02,0,0.353,24,0.0068,0.0024,0.04,0.039,"HQJ115640",0
0.005,0.0698,2,1,0.285,0.42,0,0.401,0,0.1028,0.0032,0.031,0.031,"HQF028540",0.002
0.005,0.0392,19,0,0.021,0.02,0,0.193,16,0.0091,0.003,0.023,0.022,"HQG022990",0
0.007,0.0013,5,0,0.054,0.02,0,0.207,16,0.0466,0.0092,0.037,0.035,"HQY158760",0.001
0.005,0.0022,0,1,0.008,0.01,0,0.099,18,0.01,0.0035,0.032,0.03,"HQX099840",0.001
0.006,0.0355,0,0,0.01,0.02,0,0.186,21,0.008,0.0035,0.024,0.022,"HQY028050",0
0.004,0.1463,0,1,0.015,0.02,0,0.803,27,0.0111,0.0024,0.024,0.022,"HQG140830",0.001
0.008,0.0386,0,0,0.012,0.02,0,0.181,32,0.008,0.0026,0.022,0.02,"HQX123780",0
0.005,0.0404,15,0,0.016,0.02,0,0.184,24,0.0105,0.0039,0.018,0.016,"HQZ159630",0
0.005,0.002,0,0,0.008,0.02,0,0.099,18,0.0095,0.003,0.032,0.031,"HQZ037790",0.001
0.006,0.0022,0,0,0.01,0.02,0,0.095,19,0.0091,0.0033,0.026,0.024,"HQZ042170",0.001
0.004,0.0157,0,0,0.009,0.02,0,0.143,15,0.0086,0.0034,0.042,0.04,"HQJ142350",0
0.007,0.0013,0,0,0.098,0.02,0,0.143,11,0.0173,0.0091,0.032,0.031,"HQD054980",0
0.004,0.115,0,0,0.022,0.02,0,0.321,25,0.0112,0.0028,0.018,0.017,"HQG078010",0.001
0.005,0.0017,4,0,0.053,0.02,0,0.201,20,0.0486,0.009,0.034,0.032,"HQZ133550",0
0.006,0.0399,0,0,0.011,0.02,0,0.185,20,0.0078,0.0036,0.022,0.02,"HQY028210",0
0.005,0.0429,0,0,0.024,0.02,0,0.192,21,0.0086,0.0042,0.023,0.022,"HQH073730",0
0.005,0.0553,0,10,0.016,0.02,0,0.772,26,0.0116,0.0028,0.03,0.029,"HQG001450",0
0.006,0.0018,0,0,0.012,0.02,0,0.094,14,0.0091,0.0035,0.025,0.023,"HQD034880",0.002
0.006,0.036,19,1,0.03,0.02,0,0.189,15,0.0096,0.0034,0.019,0.016,"HQZ119320",0
0.004,0.0019,14,0,0.064,0.07,0,0.538,19,0.0145,0.0026,0.029,0.027,"HQE028310",0.002
0.005,0.0371,0,0,0.011,0.02,0,0.198,35,0.008,0.0023,0.02,0.018,"HQB090170",0
0.007,0.0363,0,0,0.011,0.02,0,0.21,13,0.0073,0.003,0.022,0.02,"HQY126410",0
0.004,0.0023,0,0,0.01,0.02,0,0.099,20,0.0104,0.0031,0.036,0.034,"HQJ027220",0.003
0.004,0.0022,16,0,0.058,0.06,0,0.514,16,0.0144,0.0029,0.017,0.014,"HQD100060",0.001
0.004,0.0398,0,0,0.01,0.02,0,0.142,16,0.0102,0.0037,0.026,0.024,"HQG052550",0
0.007,0.0374,0,0,0.011,0.01,0,0.183,17,0.0069,0.0031,0.023,0.022,"HQA151010",0
0.005,0.0694,0,0,0.019,0.03,0,0.477,30,0.0061,0.0034,0.047,0.044,"HQG163280",0
0.006,0.0183,0,0,0.009,0.01,0,0.185,15,0.0064,0.0087,0.022,0.02,"HQC048080",0
0.006,0.039,0,0,0.02,0.01,0,0.214,20,0.0073,0.0034,0.023,0.022,"HQA150520",0
0.004,0.139,0,0,0.02,0.02,0,0.841,28,0.0105,0.0021,0.02,0.02,"HQJ136660",0.001
0.008,0.0773,3,1,0.016,0.02,0,0.887,25,0.02,0.0029,0.022,0.022,"HQB010250",0.002
0.005,0.1538,0,0,0.028,0.02,0,0.778,35,0.0103,0.0038,0.025,0.024,"HQX090760",0
0.005,0.0387,0,0,0.011,0.02,0,0.186,17,0.0106,0.0038,0.025,0.024,"HQF000030",0
0.005,0.0451,0,0,0.014,0.02,0,0.221,20,0.0121,0.0034,0.024,0.023,"HQA070200",0
0.004,0.0419,0,0,0.029,0.02,0,0.139,23,0.0074,0.0035,0.026,0.025,"HQJ024970",0
0.004,0.0387,0,0,0.013,0.02,0,0.189,21,0.0089,0.0022,0.037,0.035,"HQJ125940",0
0.006,0.1807,0,0,0.012,0.02,0,0.5,28,0.0126,0.0034,0.019,0.018,"HQZ154940",0
0.005,0.0556,0,0,0.016,0.02,0,0.352,32,0.0088,0.0033,0.047,0.045,"HQZ051070",0
0.006,0.002,0,0,0.018,0.02,0,0.086,18,0.0089,0.0038,0.025,0.023,"HQX079390",0.001
0.007,0.0673,0,0,0.011,0.02,0,0.615,31,0.0194,0.0024,0.033,0.031,"HQD053370",0.001
0.006,0.0573,0,0,0.014,0.02,0,0.356,31,0.0071,0.0028,0.031,0.029,"HQA099790",0
0.006,0.1956,0,0,0.017,0.02,0,0.807,37,0.0115,0.0023,0.019,0.018,"HQE158330",0.001
0.004,0.1105,0,0,0.015,0.02,0,0.297,35,0.0109,0.0025,0.017,0.016,"HQC063510",0
0.005,0.0576,0,0,0.014,0.02,0,0.339,21,0.0094,0.0028,0.037,0.036,"HQZ128000",0.001
0.005,0.0828,0,1,0.019,0.02,0,0.456,29,0.0075,0.0033,0.032,0.028,"HQG035180",0
0.005,0.0392,0,0,0.02,0.02,0,0.193,25,0.0097,0.0034,0.027,0.027,"HQC031660",0
0.006,0.112,0,0,0.016,0.03,0,0.444,38,0.0142,0.0031,0.018,0.017,"HQX076240",0.001
0.006,0.0387,12,0,0.018,0.02,0,0.24,16,0.0081,0.0028,0.03,0.028,"HQA163020",0
0.004,0.0221,0,0,0.022,0.02,0,0.157,19,0.0087,0.0029,0.028,0.026,"HQJ120520",0
0.006,0.1944,0,0,0.011,0.02,0,0.454,33,0.0126,0.0019,0.048,0.046,"HQE022910",0
0.007,0.0359,0,1,0.012,0.02,0,0.215,22,0.0057,0.0026,0.022,0.021,"HQY162200",0
0.004,0.053,0,0,0.012,0.02,0,0.784,30,0.0103,0.0023,0.035,0.034,"HQG118590",0.001
0.006,0.0014,0,3,0.02,0.02,0.01,0.063,18,0.0065,0.0037,0.028,0.027,"HQZ005990",0.003
0.004,0.0018,5,0,0.052,0.02,0,0.191,17,0.0442,0.0079,0.034,0.031,"HQJ155970",0
0.006,0.1506,0,0,0.017,0.02,0,0.887,33,0.0106,0.0028,0.022,0.02,"HQX103640",0.001
0.005,0.0019,0,0,0.012,0.02,0,0.088,22,0.0096,0.0034,0.023,0.022,"HQZ013300",0.001
0.006,0.074,3,0,0.022,0.03,0,0.904,31,0.0195,0.0023,0.025,0.023,"HQZ038750",0.001
0.005,0.0015,1,0,0.012,0.02,0,0.059,23,0.0103,0.0033,0.023,0.022,"HQC020380",0.002
0.006,0.0014,0,0,0.018,0.02,0,0.076,20,0.0088,0.0031,0.035,0.032,"HQX079110",0.001
0.004,0.0399,0,0,0.013,0.02,0.01,0.19,28,0.0089,0.0024,0.023,0.022,"HQJ070750",0
0.006,0.0803,3,0,0.021,0.02,0,0.896,32,0.0187,0.0025,0.026,0.026,"HQA050850",0.001
0.004,0.0018,0,0,0.015,0.02,0,0.094,15,0.0105,0.0041,0.026,0.025,"HQH137180",0.001
0.005,0.0192,0,0,0.029,0.03,0,0.193,16,0.009,0.004,0.028,0.026,"HQE078270",0
0.006,0.0569,0,0,0.018,0.02,0,0.348,21,0.0074,0.0029,0.028,0.027,"HQZ104880",0
0.004,0.0384,0,0,0.021,0.02,0,0.197,14,0.0143,0.0033,0.03,0.029,"HQF083420",0
0.004,0.0354,0,1,0.013,0.02,0,0.19,20,0.01,0.0041,0.02,0.018,"HQE093480",0
0.006,0.0378,0,1,0.01,0.01,0,0.149,23,0.0074,0.0023,0.028,0.026,"HQD010910",0
0.005,0.0527,0,0,0.024,0.02,0,0.362,33,0.008,0.003,0.044,0.043,"HQH117900",0
0.005,0.0419,0,0,0.013,0.02,0,0.186,23,0.0061,0.0034,0.034,0.033,"HQH098790",0
0.006,0.0582,0,0,0.014,0.01,0,0.797,27,0.0105,0.003,0.027,0.026,"HQY064410",0.001
0.004,0.0014,0,0,0.009,0.02,0,0.066,9,0.0106,0.0033,0.038,0.036,"HQD093500",0.002
0.006,0.0481,0,0,0.01,0.01,0,0.29,18,0.0069,0.0032,0.028,0.027,"HQF004050",0
0.005,0.0378,0,0,0.013,0.02,0,0.143,18,0.0087,0.0032,0.022,0.02,"HQB041770",0
0.008,0.0468,0,0,0.012,0.02,0,0.186,19,0.0081,0.0028,0.028,0.027,"HQA080030",0
0.005,0.038,0,0,0.017,0.02,0,0.217,21,0.0087,0.0031,0.03,0.028,"HQH116570",0
0.005,0.0012,6,0,0.049,0.03,0,0.19,20,0.0441,0.0073,0.038,0.035,"HQJ155790",0.001
0.004,0.1186,0,0,0.018,0.02,0,0.492,23,0.0133,0.0026,0.018,0.016,"HQJ156810",0
0.005,0.0021,0,0,0.011,0.02,0,0.073,18,0.0085,0.0031,0.028,0.027,"HQZ145610",0.002
0.003,0.1199,0,0,0.019,0.02,0,0.32,21,0.0079,0.003,0.024,0.023,"HQG077710",0
0.006,0.0363,14,0,0.015,0.02,0,0.195,20,0.0073,0.003,0.026,0.024,"HQA055970",0
0.005,0.0318,0,0,0.021,0.02,0,0.187,17,0.0084,0.0034,0.024,0.023,"HQC031270",0
0.005,0.0016,0,0,0.023,0.02,0,0.06,20,0.008,0.0033,0.016,0.016,"HQH028460",0.002
0.006,0.1768,0,1,0.028,0.02,0,0.797,25,0.0125,0.0036,0.027,0.026,"HQH095930",0.001
0.005,0.0383,11,0,0.01,0.02,0,0.198,22,0.0108,0.0035,0.031,0.03,"HQF006670",0
0.006,0.0171,0,1,0.01,0.02,0,0.195,17,0.0108,0.0033,0.016,0.014,"HQY047580",0
0.007,0.1219,0,0,0.028,0.02,0,0.288,24,0.009,0.0031,0.019,0.018,"HQA141110",0
0.005,0.0381,11,0,0.021,0.03,0,0.19,23,0.0081,0.0036,0.023,0.022,"HQH001480",0
0.005,0.0403,0,0,0.028,0.02,0,0.166,28,0.0084,0.004,0.039,0.037,"HQX119950",0
0.005,0.0734,2,0,0.029,0.02,0,1.083,40,0.0195,0.0028,0.028,0.027,"HQX003720",0.002
0.007,0.0359,0,0,0.02,0.02,0,0.197,23,0.0089,0.003,0.03,0.029,"HQX136870",0
0.006,0.0031,7,0,0.068,0.02,0,0.271,16,0.0693,0.0099,0.04,0.036,"HQY032590",0.001
0.006,0.0397,0,0,0.018,0.02,0,0.191,18,0.0075,0.0043,0.027,0.026,"HQZ093680",0
0.004,0.0375,0,2,0.015,0.02,0,0.185,14,0.0108,0.0037,0.017,0.017,"HQG153980",0
0.005,0.0024,0,0,0.018,0.02,0,0.095,15,0.0099,0.0029,0.03,0.029,"HQF075560",0.001
0.007,0.1449,0,0,0.017,0.02,0,0.845,27,0.0097,0.0031,0.024,0.023,"HQY124960",0.001
0.005,0.0024,0,0,0.012,0.02,0,0.071,13,0.0087,0.0036,0.028,0.027,"HQA012340",0.002
0.005,0.0353,0,0,0.021,0.02,0,0.192,19,0.0086,0.0029,0.021,0.02,"HQE006740",0
0.006,0.0406,0,0,0.022,0.02,0,0.197,19,0.006,0.0035,0.022,0.019,"HQF074060",0
0.005,0.1763,0,0,0.021,0.02,0,0.291,33,0.0148,0.0034,0.028,0.026,"HQD076790",0
0.006,0.0409,0,0,0.019,0.02,0,0.186,23,0.0103,0.0038,0.027,0.027,"HQB101450",0
0.005,0.0471,0,0,0.026,0.02,0,0.264,22,0.008,0.0039,0.024,0.023,"HQH089050",0
0.006,0.0355,0,0,0.019,0.02,0,0.207,25,0.0079,0.0035,0.032,0.03,"HQY037110",0
0.004,0.0016,6,0,0.058,0.02,0,0.196,13,0.0455,0.0089,0.039,0.038,"HQJ068100",0.001
0.005,0.0344,0,0,0.012,0.02,0,0.21,19,0.0079,0.0039,0.025,0.023,"HQZ090690",0
0.004,0.0403,0,0,0.016,0.02,0,0.139,21,0.0068,0.0034,0.025,0.024,"HQH069860",0
0.007,0.0729,0,1,0.01,0.02,0,0.611,24,0.0196,0.0024,0.03,0.028,"HQD022460",0.001
0.004,0.0317,0,0,0.01,0.02,0,0.196,13,0.011,0.0029,0.02,0.019,"HQE001660",0
0.006,0.0021,0,0,0.015,0.02,0,0.146,17,0.0104,0.0037,0.022,0.021,"HQZ113440",0.001
0.005,0.0013,0,0,0.093,0.02,0,0.154,13,0.0184,0.0099,0.032,0.03,"HQH077840",0
0.006,0.0379,0,0,0.018,0.02,0,0.231,24,0.0096,0.0038,0.026,0.025,"HQX134250",0
0.005,0.036,0,0,0.009,0.01,0,0.213,23,0.0067,0.0023,0.032,0.03,"HQB026960",0
0.005,0.0183,0,0,0.012,0.02,0,0.199,16,0.0087,0.0093,0.028,0.027,"HQB132920",0
0.007,0.0606,0,0,0.02,0.02,0,0.809,27,0.0106,0.0025,0.032,0.03,"HQX084860",0.001
0.006,0.0016,0,1,0.013,0.02,0,0.072,14,0.0084,0.0036,0.022,0.02,"HQB059480",0.003
0.004,0.035,0,0,0.022,0.02,0,0.193,13,0.0127,0.0043,0.026,0.024,"HQF096520",0
0.004,0.0549,0,0,0.012,0.02,0,0.79,31,0.0095,0.0026,0.032,0.031,"HQG118340",0.001
0.005,0.1178,0,0,0.025,0.02,0,0.32,30,0.0108,0.0027,0.026,0.024,"HQB067060",0
0.007,0.0411,0,0,0.02,0.02,0,0.212,15,0.0082,0.0032,0.021,0.019,"HQY104440",0
0.005,0.0349,0,0,0.011,0.03,0,0.189,23,0.0112,0.0037,0.021,0.02,"HQC141340",0
0.004,0.0391,0,0,0.022,0.02,0,0.154,21,0.0098,0.0047,0.025,0.024,"HQF125450",0
0.005,0.0474,0,0,0.011,0.02,0,0.299,30,0.0089,0.003,0.036,0.035,"HQB140780",0
0.007,0.0358,0,0,0.008,0.02,0,0.198,16,0.0085,0.0031,0.022,0.02,"HQA152600",0
0.005,0.0179,0,0,0.02,0.03,0,0.197,13,0.0093,0.0092,0.023,0.022,"HQB132980",0
0.005,0.0769,0,4,0.017,0.02,0,0.3,15,0.0128,0.0022,0.037,0.036,"HQF158520",0
0.005,0.0381,0,0,0.009,0.02,0,0.2,19,0.0074,0.0031,0.023,0.022,"HQC068910",0.001
0.006,0.0398,0,2,0.01,0.01,0,0.191,15,0.0063,0.0031,0.027,0.026,"HQA138360",0
0.004,0.0365,0,0,0.017,0.02,0,0.196,19,0.0076,0.0032,0.027,0.026,"HQC006840",0
0.004,0.0372,0,0,0.018,0.02,0,0.218,33,0.0089,0.0031,0.031,0.03,"HQG007570",0
0.005,0.0358,0,1,0.016,0.02,0,0.197,18,0.0092,0.0033,0.03,0.029,"HQD118890",0
0.006,0.039,0,11,0.022,0.02,0,0.198,21,0.0085,0.0032,0.019,0.018,"HQC106950",0
0.006,0.0373,0,0,0.016,0.02,0,0.191,18,0.0081,0.0034,0.015,0.014,"HQX052740",0
0.006,0.0569,0,4,0.013,0.02,0,0.798,28,0.0085,0.0027,0.024,0.022,"HQZ055790",0.001
0.005,0.0468,0,0,0.01,0.02,0,0.331,27,0.0083,0.0031,0.027,0.026,"HQZ139340",0
0.007,0.0017,0,0,0.024,0.03,0,0.09,18,0.0112,0.0048,0.032,0.032,"HQB012470",0.001
0.006,0.1131,0,0,0.027,0.02,0,0.312,32,0.0078,0.0031,0.021,0.02,"HQY100540",0
0.004,0.0354,0,0,0.009,0.02,0,0.193,31,0.007,0.003,0.029,0.027,"HQF056640",0
0.005,0.0369,0,0,0.013,0.02,0,0.188,17,0.0091,0.0033,0.019,0.015,"HQZ091170",0
0.007,0.0623,0,0,0.016,0.02,0,0.776,32,0.0113,0.0037,0.027,0.026,"HQB011050",0.001
0.006,0.0545,0,0,0.016,0.02,0,0.799,33,0.01,0.0026,0.034,0.032,"HQY062560",0.001
0.006,0.0585,0,0,0.014,0.02,0,0.344,21,0.0082,0.0026,0.033,0.031,"HQA042680",0
0.006,0.0358,0,0,0.02,0.02,0,0.183,20,0.0095,0.0039,0.028,0.026,"HQX056500",0
0.004,0.0437,0,0,0.018,0.02,0,0.286,29,0.0109,0.0032,0.039,0.038,"HQJ080690",0
0.004,0.0366,0,0,0.017,0.01,0,0.189,19,0.0068,0.0029,0.03,0.028,"HQG100130",0
0.004,0.0695,0,1,0.023,0.02,0,0.776,31,0.0111,0.0025,0.035,0.034,"HQJ130870",0.001
0.006,0.1488,0,0,0.013,0.02,0,0.5,26,0.0129,0.0031,0.024,0.02,"HQE053340",0
0.005,0.1108,0,0,0.021,0.02,0,0.46,36,0.0094,0.0031,0.028,0.026,"HQX120540",0
0.004,0.0013,0,0,0.019,0.02,0,0.064,14,0.0092,0.0033,0.024,0.023,"HQH079950",0.003
0.004,0.0334,0,0,0.016,0.01,0,0.198,26,0.0072,0.0025,0.034,0.032,"HQG142490",0
0.006,0.0418,12,1,0.012,0.02,0,0.258,21,0.0082,0.0041,0.033,0.031,"HQY007470",0
0.005,0.0368,0,0,0.022,0.02,0,0.193,27,0.0084,0.003,0.03,0.028,"HQZ142440",0
0.006,0.0374,0,0,0.021,0.02,0,0.198,32,0.0075,0.0029,0.033,0.032,"HQY012290",0
0.004,0.0374,0,0,0.026,0.02,0,0.193,19,0.0082,0.0036,0.031,0.03,"HQF092720",0
0.007,0.056,0,1,0.009,0.01,0,0.774,30,0.0086,0.0024,0.039,0.038,"HQX131870",0.001
0.005,0.0795,1,0,0.017,0.02,0,0.921,29,0.0191,0.0023,0.023,0.022,"HQZ137100",0.002
0.006,0.0217,0,1,0.018,0.02,0,0.199,16,0.0092,0.009,0.021,0.018,"HQY144700",0
0.006,0.0014,0,0,0.009,0.03,0,0.113,17,0.011,0.0028,0.023,0.022,"HQC095190",0.001
0.005,0.0312,0,0,0.018,0.02,0,0.193,19,0.0091,0.0041,0.026,0.025,"HQF114650",0
0.004,0.1061,0,0,0.011,0.01,0,0.484,21,0.0078,0.0021,0.027,0.025,"HQF140890",0
0.006,0.0369,0,0,0.013,0.01,0,0.191,21,0.007,0.003,0.028,0.027,"HQA131210",0
0.006,0.107,0,0,0.01,0.02,0,0.481,33,0.0096,0.003,0.019,0.017,"HQZ088790",0.001
0.006,0.0481,0,0,0.012,0.02,0,0.296,34,0.0097,0.0044,0.028,0.026,"HQZ013760",0
0.006,0.0366,0,0,0.023,0.02,0,0.192,18,0.0081,0.0036,0.02,0.02,"HQB031700",0
0.005,0.056,0,0,0.036,0.03,0,0.785,31,0.011,0.003,0.034,0.032,"HQC027190",0.001
0.005,0.0483,0,0,0.013,0.02,0,0.195,15,0.0072,0.0035,0.027,0.024,"HQF126320",0
0.006,0.0575,0,0,0.014,0.02,0,0.796,31,0.0087,0.0025,0.036,0.035,"HQY006920",0.001
0.005,0.0374,0,0,0.009,0.02,0,0.184,21,0.0058,0.0037,0.02,0.02,"HQE159250",0
0.006,0.0302,0,0,0.011,0.02,0,0.201,29,0.0084,0.0029,0.032,0.029,"HQE111250",0
0.006,0.0353,0,0,0.017,0.02,0,0.182,20,0.0067,0.0039,0.029,0.028,"HQZ100890",0
0.005,0.033,0,0,0.009,0.02,0,0.202,14,0.0094,0.0031,0.024,0.023,"HQE069570",0
0.006,0.0346,0,0,0.018,0.02,0,0.2,23,0.0076,0.0041,0.021,0.02,"HQB124830",0
0.007,0.0014,0,0,0.032,0.02,0,0.066,23,0.0099,0.0044,0.033,0.031,"HQX159070",0.002
0.006,0.0387,0,3,0.014,0.02,0,0.2,12,0.0088,0.0029,0.037,0.035,"HQB060250",0
0.006,0.0371,0,0,0.019,0.02,0,0.196,20,0.0086,0.0035,0.029,0.026,"HQY148880",0
0.006,0.0599,0,4,0.023,0.02,0,0.81,28,0.0086,0.0031,0.036,0.034,"HQX131130",0.001
0.004,0.0755,2,0,0.032,0.03,0,0.895,33,0.0184,0.0023,0.03,0.028,"HQG148630",0.001
0.005,0.0014,0,0,0.019,0.02,0,0.061,18,0.0108,0.0034,0.03,0.029,"HQH042450",0.002
0.006,0.0387,18,0,0.011,0.02,0,0.2,15,0.0068,0.0035,0.02,0.019,"HQY119600",0
0.006,0.1136,2,1,0.011,0.02,0,1.175,27,0.0109,0.0025,0.025,0.024,"HQC069460",0.001
0.005,0.0019,0,0,0.019,0.02,0,0.141,17,0.0097,0.0034,0.031,0.03,"HQH012510",0.001
0.006,0.0412,0,0,0.01,0.02,0,0.198,23,0.0078,0.0032,0.029,0.027,"HQZ054150",0
0.007,0.0583,0,0,0.013,0.01,0,0.353,41,0.0076,0.0024,0.035,0.033,"HQA122010",0
0.006,0.0017,0,1,0.014,0.02,0,0.059,14,0.007,0.0034,0.027,0.026,"HQA069140",0.004
0.006,0.0394,0,4,0.026,0.02,0,0.19,56,0.0091,0.0037,0.022,0.02,"HQX022770",0
0.005,0.0362,0,1,0.012,0.02,0,0.182,18,0.0077,0.0037,0.026,0.023,"HQF114720",0
0.005,0.037,0,0,0.019,0.03,0,0.189,19,0.0095,0.0037,0.023,0.022,"HQD140460",0
0.005,0.0759,1,0,0.022,0.02,0,1.091,38,0.0188,0.0022,0.03,0.029,"HQC060710",0.001
0.004,0.0431,0,0,0.025,0.02,0,0.199,20,0.007,0.0034,0.023,0.022,"HQH124870",0
0.006,0.0374,0,0,0.009,0.02,0,0.199,19,0.0125,0.0031,0.02,0.017,"HQD062420",0
0.007,0.0483,0,1,0.009,0.02,0,0.297,27,0.0098,0.0032,0.023,0.022,"HQY081350",0
0.006,0.034,0,0,0.012,0.01,0,0.193,23,0.0093,0.0026,0.023,0.022,"HQB069590",0
0.004,0.0757,0,1,0.036,0.01,0,0.463,39,0.0073,0.0037,0.022,0.02,"HQG108910",0.001
0.004,0.0419,0,0,0.024,0.02,0,0.182,14,0.0082,0.0036,0.018,0.017,"HQJ050350",0
0.005,0.1158,0,1,0.013,0.03,0,0.319,26,0.0145,0.003,0.029,0.026,"HQH022700",0
0.004,0.036,0,0,0.013,0.02,0,0.196,15,0.0087,0.003,0.028,0.027,"HQJ001040",0
0.004,0.1475,0,0,0.018,0.01,0,0.488,40,0.0105,0.0029,0.022,0.022,"HQF027220",0
0.006,0.0795,2,0,0.021,0.02,0,0.913,38,0.0197,0.0018,0.027,0.026,"HQY009220",0.001
0.006,0.0024,0,1,0.011,0.01,0,0.107,23,0.008,0.0037,0.028,0.026,"HQY080870",0.001
0.004,0.0434,0,0,0.021,0.02,0,0.293,31,0.009,0.0031,0.031,0.029,"HQG147210",0
0.004,0.0378,0,1,0.016,0.02,0,0.196,23,0.0097,0.0035,0.021,0.02,"HQH074710",0
0.006,0.0384,1,0,0.013,0.02,0,0.185,22,0.0092,0.0023,0.037,0.036,"HQA145520",0.001
0.006,0.0604,0,0,0.011,0.02,0,0.823,31,0.0122,0.0026,0.03,0.029,"HQZ153350",0
0.004,0.0386,0,0,0.015,0.02,0,0.181,22,0.0119,0.003,0.024,0.022,"HQJ003080",0
0.006,0.0015,0,0,0.02,0.06,0.02,0.147,17,0.05,0.0043,0.032,0.03,"HQX152100",0
0.005,0.1448,0,0,0.014,0.02,0,0.833,24,0.0113,0.0026,0.018,0.016,"HQF151310",0.001
0.005,0.0367,0,1,0.018,0.02,0,0.205,23,0.0097,0.0036,0.038,0.036,"HQY066350",0
0.005,0.0351,0,0,0.011,0.02,0,0.185,17,0.0076,0.0038,0.023,0.02,"HQZ128890",0
0.006,0.0393,12,0,0.02,0.02,0,0.214,18,0.0064,0.0029,0.026,0.024,"HQX093010",0
0.006,0.0368,0,0,0.021,0.02,0,0.189,38,0.009,0.0027,0.026,0.025,"HQC041740",0
0.004,0.0386,0,1,0.006,0.02,0,0.192,16,0.0116,0.0037,0.029,0.027,"HQF064140",0
0.006,0.0017,0,0,0.016,0.02,0,0.093,15,0.0102,0.0043,0.028,0.025,"HQZ042360",0.001
0.004,0.0047,11,0,0.096,0.02,0.06,0.597,12,0.0833,0.0094,0.056,0.052,"HQJ047200",0.002
0.007,0.0388,0,0,0.009,0.02,0,0.202,19,0.009,0.0036,0.02,0.018,"HQY113350",0
0.004,0.0387,0,0,0.01,0.01,0,0.196,12,0.0088,0.0033,0.028,0.027,"HQG118880",0
0.006,0.0634,0,0,0.02,0.02,0,0.798,37,0.0095,0.0028,0.035,0.034,"HQC126140",0
0.007,0.0416,0,1,0.017,0.02,0,0.207,17,0.0069,0.0042,0.021,0.02,"HQY121790",0
0.004,0.0024,0,0,0.009,0.02,0,0.094,16,0.0088,0.003,0.026,0.026,"HQD136540",0.001
0.005,0.0789,3,1,0.034,0.03,0,0.896,28,0.0197,0.0027,0.036,0.035,"HQH071710",0.002
0.007,0.0683,0,1,0.021,0.02,0,0.595,27,0.0175,0.0028,0.029,0.027,"HQY108270",0.001
0.005,0.0024,0,0,0.021,0.02,0,0.07,10,0.0076,0.0042,0.032,0.029,"HQH091180",0.003
0.005,0.0021,0,1,0.01,0.02,0,0.097,19,0.0103,0.0031,0.033,0.03,"HQG155460",0.001
0.007,0.156,0,2,0.025,0.02,0,0.808,36,0.0076,0.0022,0.043,0.042,"HQA160620",0.001
0.005,0.0597,0,1,0.017,0.02,0,0.814,30,0.0117,0.003,0.03,0.029,"HQF134360",0.002
0.006,0.0777,2,0,0.017,0.02,0,0.899,38,0.0202,0.0025,0.026,0.025,"HQZ089200",0
0.005,0.0349,0,0,0.012,0.02,0,0.177,15,0.0104,0.0039,0.02,0.02,"HQG161060",0
0.005,0.0392,8,0,0.01,0.01,0,0.214,19,0.0089,0.0034,0.031,0.03,"HQF006560",0
0.006,0.0578,0,1,0.025,0.02,0,0.35,28,0.0109,0.0035,0.034,0.03,"HQX080820",0
0.005,0.0022,0,0,0.009,0.02,0.01,0.118,18,0.0109,0.0026,0.029,0.027,"HQE024480",0.001
0.004,0.0387,0,0,0.008,0.02,0,0.188,21,0.0097,0.0033,0.026,0.023,"HQE048020",0
0.006,0.1756,0,1,0.014,0.02,0,0.773,32,0.0117,0.0029,0.02,0.018,"HQX111890",0.001
0.006,0.0374,0,0,0.015,0.02,0.01,0.201,18,0.0086,0.0042,0.023,0.021,"HQA131730",0
0.004,0.0641,0,0,0.013,0.02,0,0.342,30,0.0094,0.0033,0.034,0.032,"HQJ047810",0.001
0.004,0.0386,0,2,0.01,0.02,0,0.156,15,0.007,0.0031,0.02,0.019,"HQC004250",0
0.005,0.0451,0,0,0.009,0.02,0,0.282,26,0.0081,0.0032,0.034,0.031,"HQZ139620",0
0.006,0.0413,0,0,0.01,0.03,0,0.193,14,0.0112,0.004,0.034,0.033,"HQA050250",0
0.006,0.0345,18,1,0.009,0.01,0,0.181,24,0.0084,0.0038,0.019,0.018,"HQB029920",0
0.004,0.038,0,0,0.013,0.02,0,0.184,20,0.0086,0.0035,0.023,0.022,"HQF122180",0
0.004,0.0404,0,0,0.026,0.02,0,0.209,15,0.0108,0.0043,0.023,0.022,"HQF101800",0
0.005,0.004,9,1,0.096,0.02,0.06,0.573,13,0.0836,0.0096,0.049,0.047,"HQE042200",0.001
0.004,0.0198,0,0,0.009,0.02,0,0.188,18,0.008,0.0031,0.027,0.026,"HQJ073740",0
0.007,0.056,1,1,0.012,0.02,0,0.794,30,0.0108,0.0023,0.034,0.033,"HQB089020",0.001
0.004,0.1104,0,1,0.011,0.01,0,0.451,22,0.0104,0.0025,0.024,0.023,"HQH165420",0
0.004,0.0638,0,3,0.023,0.02,0,0.811,37,0.0078,0.0029,0.032,0.031,"HQJ055080",0.001
0.005,0.0536,0,2,0.015,0.02,0,0.797,36,0.0088,0.0027,0.031,0.027,"HQE067220",0
0.007,0.0564,0,0,0.014,0.01,0,0.784,29,0.0063,0.0022,0.032,0.031,"HQD025000",0
0.004,0.0371,0,0,0.017,0.02,0,0.186,23,0.0079,0.0028,0.033,0.032,"HQH010240",0
0.005,0.0018,1,0,0.024,0.02,0.01,0.087,17,0.0122,0.004,0.026,0.023,"HQG161570",0.002
0.008,0.0014,0,0,0.009,0.02,0,0.076,9,0.0086,0.0032,0.036,0.033,"HQD049520",0.002
0.003,0.0353,0,0,0.02,0.02,0,0.194,16,0.0069,0.0042,0.029,0.021,"HQH008760",0
0.006,0.0346,0,0,0.01,0.02,0,0.18,21,0.0086,0.0033,0.022,0.021,"HQE088030",0
0.005,0.2064,0,0,0.018,0.02,0,0.37,23,0.0097,0.0033,0.029,0.028,"HQZ084450",0
0.005,0.0342,0,0,0.016,0.02,0,0.191,18,0.0097,0.0035,0.02,0.018,"HQZ147870",0
0.005,0.0368,0,0,0.014,0.02,0,0.184,28,0.0113,0.0041,0.029,0.028,"HQJ021190",0
0.005,0.1426,0,0,0.021,0.02,0,0.893,31,0.0115,0.0025,0.022,0.021,"HQJ087180",0.001
0.004,0.0402,0,0,0.018,0.02,0,0.198,21,0.0075,0.0032,0.026,0.026,"HQC074570",0
0.004,0.0023,16,0,0.063,0.07,0,0.553,21,0.013,0.0034,0.028,0.024,"HQG056900",0.001
0.005,0.0395,0,0,0.011,0.03,0,0.21,22,0.0076,0.0032,0.019,0.018,"HQB076800",0
0.005,0.0323,0,0,0.024,0.02,0,0.188,17,0.0097,0.0041,0.028,0.027,"HQC044980",0
0.005,0.1216,0,0,0.025,0.02,0,0.461,30,0.0123,0.0033,0.024,0.022,"HQC071220",0.001
0.005,0.0418,21,0,0.018,0.02,0,0.196,16,0.0071,0.0029,0.02,0.019,"HQB141900",0
0.005,0.1782,0,0,0.021,0.03,0,0.776,29,0.0134,0.0026,0.02,0.016,"HQE064630",0.001
0.006,0.0389,0,2,0.02,0.02,0,0.201,16,0.0085,0.0033,0.023,0.022,"HQY121830",0
0.005,0.0446,0,1,0.013,0.02,0,0.303,35,0.0074,0.005,0.03,0.028,"HQZ014010",0
0.004,0.0279,0,0,0.027,0.02,0,0.264,17,0.0184,0.0038,0.031,0.029,"HQH079670",0.001
0.006,0.1099,0,1,0.03,0.02,0,0.314,36,0.0119,0.0029,0.022,0.022,"HQA108830",0.001
0.004,0.0026,0,1,0.011,0.02,0,0.095,18,0.0105,0.0033,0.032,0.029,"HQG048190",0.001
0.006,0.0358,0,0,0.018,0.02,0,0.198,18,0.0079,0.0031,0.019,0.018,"HQA030480",0
0.004,0.1101,0,0,0.023,0.02,0,0.437,33,0.0086,0.0022,0.027,0.027,"HQJ027680",0
0.005,0.0587,0,0,0.022,0.02,0,0.345,21,0.0088,0.0031,0.032,0.032,"HQG003000",0
0.006,0.0021,0,0,0.019,0.02,0,0.089,12,0.0092,0.004,0.035,0.034,"HQE088820",0.001
0.005,0.0578,0,0,0.027,0.02,0,0.792,27,0.0119,0.0033,0.033,0.031,"HQG000920",0
0.004,0.0359,0,0,0.02,0.02,0,0.19,20,0.0088,0.0032,0.027,0.026,"HQG122870",0
0.004,0.1317,0,1,0.017,0.02,0,0.885,34,0.0102,0.0044,0.018,0.017,"HQG072110",0
0.005,0.0017,0,0,0.012,0.02,0,0.064,16,0.0073,0.0031,0.022,0.019,"HQZ123660",0.002
0.005,0.0392,0,0,0.01,0.02,0,0.192,16,0.0094,0.0025,0.028,0.028,"HQD121550",0
0.004,0.0016,0,0,0.014,0.02,0,0.082,18,0.0089,0.0031,0.028,0.027,"HQJ149680",0.002
0.007,0.0377,0,0,0.013,0.02,0,0.206,32,0.0094,0.0025,0.034,0.033,"HQA080430",0
0.004,0.0022,17,3,0.064,0.07,0,0.543,12,0.0141,0.0038,0.03,0.029,"HQJ056210",0.002
0.006,0.0407,1,0,0.016,0.02,0,0.196,15,0.0088,0.0034,0.023,0.023,"HQA057180",0
0.004,0.0354,12,0,0.024,0.02,0,0.221,16,0.0097,0.0038,0.036,0.036,"HQE131570",0
0.006,0.1345,0,0,0.011,0.02,0,0.815,22,0.0105,0.0023,0.019,0.017,"HQA105920",0
0.005,0.0357,0,0,0.014,0.02,0,0.191,25,0.007,0.0028,0.026,0.025,"HQE113130",0
0.005,0.1154,0,0,0.02,0.02,0,0.445,25,0.0104,0.0029,0.019,0.016,"HQH117260",0
0.005,0.0394,0,0,0.016,0.02,0,0.188,20,0.008,0.0041,0.03,0.029,"HQF074900",0
0.004,0.1528,0,0,0.012,0.02,0,0.489,28,0.0115,0.0023,0.026,0.026,"HQF056900",0.001
0.005,0.0042,9,1,0.095,0.02,0.06,0.586,12,0.08,0.0092,0.05,0.048,"HQE041630",0.002
0.005,0.0022,0,0,0.011,0.02,0,0.095,23,0.0097,0.0038,0.023,0.021,"HQZ159110",0.001
0.006,0.0594,0,0,0.012,0.02,0,0.359,25,0.0084,0.0032,0.035,0.033,"HQC123820",0
0.006,0.0391,0,0,0.015,0.02,0,0.195,29,0.0078,0.0039,0.029,0.027,"HQZ073880",0
0.005,0.0023,0,0,0.012,0.02,0,0.066,13,0.0077,0.0034,0.028,0.025,"HQZ135950",0.002
0.006,0.0354,0,0,0.012,0.02,0,0.184,19,0.0085,0.0032,0.03,0.029,"HQC045420",0
0.005,0.0438,0,0,0.022,0.01,0,0.211,33,0.0072,0.0028,0.031,0.03,"HQF144000",0
0.004,0.0353,0,1,0.02,0.02,0,0.194,24,0.0114,0.0025,0.021,0.02,"HQD144780",0.001
0.005,0.0436,0,0,0.012,0.02,0,0.207,18,0.0103,0.0031,0.025,0.024,"HQZ068460",0
0.006,0.0015,0,0,0.01,0.02,0,0.094,18,0.0083,0.0026,0.032,0.031,"HQX085830",0.001
0.004,0.0014,0,0,0.013,0.02,0,0.075,17,0.0092,0.0037,0.037,0.035,"HQF161040",0.002
0.004,0.1162,0,2,0.024,0.02,0,0.489,29,0.0099,0.0026,0.023,0.022,"HQH039900",0.001
0.005,0.0356,0,0,0.019,0.02,0,0.188,14,0.0097,0.0039,0.024,0.023,"HQG158510",0
0.005,0.0363,0,0,0.011,0.02,0,0.191,15,0.0075,0.0032,0.029,0.028,"HQC065750",0
0.004,0.0569,0,1,0.019,0.02,0,0.35,28,0.0093,0.0032,0.038,0.036,"HQG118000",0.001
0.006,0.1175,0,0,0.01,0.02,0,0.298,22,0.0085,0.0032,0.03,0.029,"HQZ084970",0
0.004,0.0025,0,0,0.025,0.02,0,0.146,17,0.0101,0.0042,0.027,0.026,"HQF040430",0.004
0.007,0.1101,0,0,0.02,0.02,0,0.474,30,0.0101,0.0034,0.03,0.029,"HQX120260",0
0.004,0.0391,0,1,0.011,0.02,0,0.183,14,0.0101,0.0037,0.028,0.026,"HQF155550",0
0.004,0.0358,12,0,0.023,0.02,0,0.239,27,0.0119,0.0027,0.026,0.025,"HQG107550",0
0.006,0.1166,0,2,0.02,0.02,0,0.48,28,0.0084,0.0029,0.026,0.025,"HQY106010",0
0.006,0.0367,0,0,0.011,0.02,0,0.185,21,0.0103,0.0033,0.019,0.018,"HQB102620",0
0.005,0.129,0,0,0.019,0.02,0,0.901,24,0.0115,0.0031,0.027,0.026,"HQF008420",0.001
0.006,0.038,0,0,0.014,0.02,0,0.184,30,0.0082,0.0031,0.022,0.021,"HQC029700",0
0.004,0.0206,0,0,0.011,0.02,0,0.184,15,0.0144,0.0025,0.02,0.018,"HQJ073720",0
0.006,0.0355,0,0,0.009,0.02,0,0.203,23,0.01,0.0035,0.022,0.02,"HQX046210",0
0.004,0.0019,0,0,0.019,0.03,0,0.093,19,0.0119,0.0034,0.028,0.028,"HQF094020",0.003
0.006,0.0189,0,0,0.015,0.03,0,0.193,22,0.0104,0.0093,0.023,0.022,"HQB132780",0
0.006,0.061,0,1,0.01,0.02,0,0.803,32,0.0113,0.0017,0.039,0.038,"HQX043860",0.001
0.005,0.0025,17,0,0.057,0.07,0,0.528,21,0.0137,0.0039,0.03,0.028,"HQG159980",0.002
0.005,0.0398,0,0,0.016,0.02,0,0.254,18,0.0094,0.0042,0.021,0.019,"HQZ167470",0
0.004,0.1211,0,0,0.01,0.02,0,0.302,35,0.009,0.0025,0.025,0.024,"HQJ033830",0.001
0.005,0.0367,0,0,0.018,0.01,0,0.18,22,0.0059,0.0035,0.02,0.019,"HQX002200",0
0.006,0.0355,0,1,0.007,0.01,0,0.194,17,0.0069,0.0037,0.032,0.031,"HQZ025240",0
0.005,0.121,0,0,0.016,0.02,0,0.312,32,0.01,0.0033,0.024,0.023,"HQZ131040",0
0.005,0.0333,0,0,0.023,0.02,0,0.192,30,0.0059,0.0033,0.024,0.022,"HQC039660",0
0.006,0.002,1,0,0.01,0.01,0,0.064,23,0.0045,0.0032,0.028,0.028,"HQD104640",0.002
0.006,0.0486,0,0,0.011,0.02,0,0.256,14,0.0076,0.0035,0.023,0.022,"HQC091620",0
0.004,0.0018,0,1,0.013,0.02,0,0.097,14,0.0097,0.0035,0.029,0.027,"HQH037490",0.001
0.006,0.0401,0,0,0.013,0.02,0,0.193,18,0.0091,0.0035,0.021,0.019,"HQX034000",0
0.007,0.121,0,0,0.01,0.02,0,0.439,31,0.0097,0.0021,0.03,0.029,"HQX033700",0.001
0.004,0.0789,4,0,0.027,0.02,0,0.888,30,0.0189,0.0027,0.025,0.025,"HQG058210",0.001
0.005,0.0383,0,1,0.014,0.01,0,0.187,34,0.0074,0.0031,0.044,0.042,"HQH006790",0
0.006,0.0371,0,0,0.01,0.02,0,0.21,28,0.0082,0.0031,0.028,0.027,"HQX136680",0
0.005,0.0573,0,0,0.019,0.01,0,0.786,32,0.0097,0.0035,0.033,0.031,"HQF133990",0.001
0.005,0.0019,0,0,0.011,0.02,0,0.082,13,0.0093,0.0033,0.025,0.023,"HQB070790",0.002
0.005,0.0379,12,0,0.025,0.02,0,0.243,23,0.0061,0.0035,0.034,0.032,"HQA007950",0
0.006,0.0396,0,0,0.01,0.01,0,0.2,21,0.0074,0.0034,0.026,0.024,"HQX062240",0
0.005,0.0355,12,0,0.019,0.02,0,0.186,18,0.0093,0.003,0.029,0.028,"HQH033690",0
0.006,0.0375,0,0,0.012,0.02,0,0.202,17,0.0108,0.0029,0.031,0.029,"HQB129150",0
0.005,0.0576,0,1,0.022,0.03,0,0.817,43,0.0155,0.0023,0.044,0.039,"HQE108110",0.001
0.005,0.0345,0,0,0.022,0.03,0,0.179,24,0.0086,0.0047,0.033,0.032,"HQE148800",0
0.007,0.0332,0,1,0.017,0.02,0,0.199,27,0.0104,0.0033,0.038,0.037,"HQB057550",0
0.005,0.1133,0,0,0.013,0.02,0,0.445,25,0.0092,0.0025,0.023,0.022,"HQZ150620",0
0.004,0.0015,0,0,0.02,0.02,0,0.065,16,0.0094,0.0039,0.039,0.036,"HQG067310",0.001
0.005,0.0354,0,0,0.013,0.02,0,0.188,26,0.0063,0.0027,0.02,0.017,"HQC062260",0
0.005,0.0377,0,0,0.02,0.03,0,0.204,14,0.0106,0.0047,0.02,0.019,"HQD144570",0
0.006,0.0348,0,0,0.011,0.02,0,0.207,19,0.0093,0.0036,0.023,0.022,"HQZ052090",0
0.005,0.0374,0,0,0.01,0.02,0,0.176,21,0.0069,0.0034,0.027,0.026,"HQE045310",0
0.007,0.0398,0,0,0.009,0.02,0,0.181,12,0.0089,0.0035,0.027,0.026,"HQD028530",0
0.005,0.0692,0,0,0.022,0.03,0,0.609,28,0.0203,0.0026,0.03,0.029,"HQA030930",0
0.005,0.1494,0,1,0.018,0.02,0,1.21,35,0.0096,0.003,0.021,0.019,"HQX148150",0.001
0.006,0.1506,0,0,0.017,0.02,0,0.887,33,0.0106,0.0028,0.022,0.02,"HQX103690",0.001
0.006,0.0367,0,2,0.025,0.02,0,0.18,19,0.0093,0.0048,0.031,0.029,"HQY095960",0
0.006,0.0408,0,0,0.024,0.02,0,0.206,16,0.0079,0.0034,0.019,0.018,"HQA164310",0
0.006,0.0605,0,1,0.012,0.02,0,0.797,25,0.0122,0.0028,0.023,0.02,"HQZ124050",0.002
0.006,0.0191,0,0,0.013,0.02,0,0.216,19,0.0094,0.0031,0.017,0.016,"HQZ116220",0
0.005,0.0021,0,0,0.011,0.02,0,0.073,18,0.0085,0.0031,0.028,0.027,"HQZ145700",0.002
0.006,0.0719,0,0,0.021,0.02,0,0.244,107,0.0071,0.0034,0.029,0.028,"HQA095940",0
0.007,0.0814,4,1,0.017,0.02,0,0.906,31,0.0216,0.0024,0.028,0.027,"HQA102420",0.002
0.006,0.0766,3,1,0.021,0.02,0.01,0.891,36,0.02,0.0026,0.028,0.027,"HQB077460",0.001
0.006,0.0381,0,1,0.011,0.01,0,0.199,21,0.0075,0.0028,0.018,0.017,"HQB022220",0
0.005,0.0392,17,0,0.013,0.02,0,0.185,12,0.0084,0.0037,0.026,0.025,"HQZ160880",0
0.007,0.002,0,0,0.009,0.03,0,0.087,19,0.0107,0.0034,0.026,0.024,"HQX030510",0.001
0.005,0.0451,0,0,0.013,0.02,0,0.322,30,0.0068,0.0029,0.029,0.027,"HQZ139360",0
0.005,0.0388,0,0,0.019,0.02,0,0.211,18,0.0107,0.004,0.033,0.03,"HQY100230",0
0.006,0.0784,0,1,0.013,0.02,0,0.295,21,0.0109,0.0033,0.036,0.035,"HQC137020",0
0.006,0.0765,4,1,0.013,0.02,0,0.895,32,0.0187,0.0025,0.028,0.027,"HQD109040",0.001
0.004,0.0429,12,0,0.011,0.02,0,0.188,18,0.0079,0.0029,0.019,0.019,"HQD100550",0
0.005,0.0369,0,0,0.008,0.02,0,0.199,18,0.0104,0.0035,0.023,0.021,"HQD145280",0
0.004,0.0764,4,0,0.013,0.02,0,0.895,33,0.0196,0.0021,0.032,0.028,"HQH150200",0
0.004,0.0455,18,0,0.019,0.03,0,0.19,14,0.0135,0.0035,0.018,0.017,"HQF106800",0
0.005,0.0487,0,0,0.013,0.01,0,0.311,18,0.0051,0.0033,0.028,0.027,"HQF138510",0
0.005,0.0429,0,0,0.012,0.02,0,0.2,13,0.0079,0.0035,0.021,0.02,"HQD106460",0
0.005,0.0609,0,3,0.015,0.02,0,0.347,30,0.0071,0.0034,0.042,0.04,"HQX135420",0
0.005,0.018,0,1,0.023,0.02,0,0.189,12,0.0086,0.0031,0.02,0.018,"HQE075120",0
0.004,0.0489,0,0,0.025,0.02,0,0.294,29,0.0064,0.0034,0.031,0.03,"HQF038000",0
0.005,0.1238,1,1,0.016,0.02,0,1.177,41,0.0071,0.0023,0.022,0.022,"HQJ071620",0.001
0.003,0.0016,0,0,0.009,0.01,0,0.088,20,0.0096,0.004,0.03,0.029,"HQH003600",0.001
0.005,0.0383,0,0,0.02,0.03,0,0.187,19,0.0116,0.0042,0.025,0.023,"HQC116680",0
0.005,0.0438,0,0,0.01,0.02,0,0.189,23,0.0133,0.0038,0.028,0.028,"HQF152830",0
0.005,0.0014,0,0,0.024,0.02,0,0.06,18,0.0086,0.0036,0.03,0.029,"HQH133720",0.002
0.006,0.0594,0,0,0.013,0.01,0,0.351,31,0.008,0.0026,0.031,0.03,"HQA143030",0
0.005,0.0318,0,0,0.021,0.02,0,0.187,17,0.0084,0.0034,0.024,0.023,"HQC031260",0
0.004,0.042,0,0,0.02,0.02,0,0.15,26,0.0094,0.0025,0.03,0.029,"HQC054420",0
0.005,0.0015,6,0,0.058,0.02,0,0.199,17,0.0452,0.0098,0.039,0.038,"HQH057680",0.001
0.005,0.0373,0,0,0.014,0.02,0,0.199,23,0.0082,0.003,0.034,0.032,"HQY037060",0
0.004,0.047,0,1,0.016,0.02,0,0.293,23,0.0097,0.0027,0.034,0.034,"HQJ112580",0
0.006,0.0358,0,0,0.012,0.02,0,0.186,26,0.0096,0.0042,0.028,0.028,"HQC041270",0
0.005,0.0602,0,0,0.011,0.02,0,0.346,24,0.0071,0.0034,0.033,0.032,"HQC071980",0
0.004,0.044,13,0,0.015,0.02,0,0.198,21,0.0116,0.0037,0.026,0.024,"HQJ124680",0
0.005,0.1956,0,0,0.014,0.02,0,0.885,30,0.0111,0.0026,0.026,0.025,"HQJ148300",0.001
0.005,0.0021,0,0,0.01,0.02,0,0.095,18,0.0096,0.0038,0.038,0.036,"HQE052750",0.001
0.005,0.0016,0,0,0.018,0.02,0,0.143,14,0.0097,0.0044,0.027,0.026,"HQG028410",0.002
0.004,0.0744,0,0,0.022,0.02,0,0.299,24,0.0088,0.0028,0.031,0.03,"HQG066790",0
0.004,0.1186,0,0,0.018,0.02,0,0.492,23,0.0133,0.0026,0.018,0.016,"HQJ156960",0
0.006,0.1169,0,0,0.017,0.03,0,0.335,25,0.0094,0.0034,0.023,0.023,"HQC108550",0
0.006,0.0396,0,0,0.015,0.02,0,0.199,23,0.0103,0.0029,0.026,0.024,"HQX018840",0.001
0.006,0.0016,0,0,0.023,0.05,0.02,0.129,18,0.049,0.0039,0.03,0.028,"HQX065220",0
0.005,0.0423,0,0,0.017,0.02,0,0.195,25,0.0112,0.0031,0.026,0.025,"HQH111990",0.001
0.006,0.048,0,0,0.009,0.02,0,0.29,24,0.01,0.0033,0.021,0.02,"HQB044210",0
0.005,0.038,0,0,0.015,0.02,0,0.208,23,0.0095,0.0034,0.024,0.023,"HQY096120",0
0.006,0.0412,0,0,0.011,0.02,0,0.186,17,0.0105,0.0028,0.025,0.024,"HQB122280",0
0.006,0.147,0,0,0.018,0.02,0,0.473,25,0.0133,0.0038,0.023,0.022,"HQF076390",0
0.005,0.112,0,0,0.019,0.02,0,0.407,24,0.0102,0.003,0.016,0.015,"HQZ150420",0
0.005,0.1415,0,1,0.023,0.02,0,0.774,36,0.01,0.0024,0.024,0.023,"HQG024660",0.001
0.006,0.0621,0,0,0.02,0.02,0,0.329,37,0.0088,0.0033,0.032,0.03,"HQH119070",0
0.005,0.0438,0,0,0.027,0.02,0,0.194,35,0.0085,0.0033,0.033,0.032,"HQF003610",0
0.006,0.0017,0,0,0.032,0.02,0,0.103,19,0.009,0.0037,0.028,0.026,"HQC091830",0.001
0.006,0.0376,0,0,0.015,0.02,0,0.201,14,0.0121,0.0039,0.022,0.021,"HQZ080450",0
0.005,0.1928,0,0,0.014,0.02,0,0.814,57,0.0094,0.0021,0.019,0.018,"HQH031120",0.001
0.005,0.0356,0,0,0.011,0.02,0,0.186,25,0.0075,0.0024,0.026,0.024,"HQB051300",0
0.004,0.0536,0,0,0.012,0.02,0,0.346,24,0.0098,0.0027,0.034,0.032,"HQH140980",0
0.004,0.0353,0,4,0.01,0.02,0,0.219,24,0.0087,0.0026,0.029,0.028,"HQD157230",0
0.004,0.0022,0,1,0.015,0.02,0,0.132,21,0.0092,0.0045,0.034,0.033,"HQF086860",0.001
0.006,0.0418,12,1,0.012,0.02,0,0.258,21,0.0082,0.0041,0.033,0.031,"HQY007340",0
0.007,0.005,9,0,0.097,0.02,0.06,0.572,24,0.0855,0.0084,0.052,0.05,"HQY101290",0.002
0.005,0.0691,0,0,0.022,0.03,0,0.575,34,0.0188,0.0022,0.024,0.023,"HQJ086980",0.001
0.005,0.0354,0,0,0.026,0.02,0.01,0.187,19,0.0089,0.0042,0.025,0.023,"HQG163500",0
0.007,0.0021,0,3,0.017,0.02,0,0.151,17,0.0094,0.0036,0.034,0.033,"HQD021580",0.002
0.005,0.1778,0,0,0.015,0.02,0,0.487,23,0.0138,0.0031,0.019,0.019,"HQC119380",0.001
0.006,0.0217,0,1,0.018,0.02,0,0.199,16,0.0092,0.009,0.021,0.018,"HQY144680",0
0.007,0.0763,1,7,0.014,0.02,0,0.918,25,0.0189,0.0021,0.028,0.027,"HQB094060",0.001
0.004,0.042,0,0,0.033,0.03,0,0.183,19,0.0111,0.0039,0.03,0.029,"HQH124160",0
0.004,0.0363,0,0,0.02,0.02,0,0.2,14,0.0096,0.003,0.021,0.02,"HQF054080",0
0.005,0.1062,0,0,0.01,0.02,0,0.454,25,0.0085,0.0035,0.017,0.016,"HQX107010",0
0.005,0.198,0,0,0.012,0.02,0,0.435,26,0.0104,0.003,0.028,0.027,"HQF005880",0.001
0.005,0.0016,0,1,0.01,0.02,0,0.095,16,0.0097,0.0032,0.032,0.03,"HQC089480",0.001
0.005,0.0015,0,0,0.015,0.02,0,0.146,21,0.0095,0.0042,0.029,0.027,"HQE149230",0.002
0.004,0.1172,0,1,0.015,0.02,0,0.295,34,0.0127,0.0023,0.025,0.024,"HQG102450",0
0.006,0.0018,0,0,0.009,0.01,0,0.065,23,0.0076,0.0045,0.031,0.03,"HQA132970",0.002
0.005,0.1124,0,1,0.011,0.02,0,0.392,25,0.0138,0.0039,0.016,0.014,"HQZ015410",0.001
0.005,0.0352,0,0,0.03,0.02,0,0.183,15,0.0092,0.0042,0.021,0.02,"HQF147040",0
0.004,0.0778,2,0,0.021,0.02,0,0.911,22,0.0187,0.0026,0.029,0.028,"HQG111120",0.001
0.006,0.0469,0,0,0.016,0.02,0,0.283,28,0.0086,0.0042,0.03,0.029,"HQZ013680",0
0.004,0.0393,0,0,0.021,0.03,0,0.19,17,0.013,0.004,0.03,0.028,"HQE141640",0
0.004,0.002,0,0,0.019,0.02,0,0.091,16,0.0105,0.0032,0.033,0.032,"HQG155410",0.001
0.005,0.0372,0,0,0.009,0.02,0,0.196,16,0.0094,0.0028,0.027,0.026,"HQC032710",0
0.005,0.0332,0,0,0.024,0.02,0,0.186,16,0.0075,0.0036,0.027,0.025,"HQF112650",0
0.004,0.0392,0,0,0.027,0.02,0,0.191,14,0.0104,0.0042,0.02,0.02,"HQG126580",0
0.005,0.1394,0,18,0.018,0.04,0,0.848,33,0.0108,0.0033,0.024,0.022,"HQX091090",0.001
0.005,0.0607,0,0,0.025,0.02,0,0.794,32,0.0081,0.0026,0.024,0.022,"HQA015470",0
0.006,0.1621,0,1,0.01,0.01,0,0.807,26,0.0112,0.002,0.03,0.029,"HQJ096550",0.001
0.004,0.0388,0,0,0.008,0.01,0,0.21,14,0.0071,0.003,0.03,0.028,"HQH147990",0
0.006,0.045,0,0,0.009,0.02,0,0.277,20,0.0086,0.0043,0.018,0.016,"HQZ010430",0
0.005,0.0019,0,1,0.014,0.02,0,0.104,16,0.0107,0.0042,0.03,0.028,"HQZ037820",0.001
0.006,0.1222,0,0,0.022,0.02,0,1.204,36,0.012,0.0028,0.026,0.025,"HQA011070",0.001
0.006,0.0308,0,0,0.009,0.02,0,0.204,12,0.0093,0.003,0.029,0.028,"HQE069380",0
0.005,0.0485,0,0,0.017,0.02,0,0.197,29,0.0092,0.0026,0.033,0.032,"HQH110180",0.001
0.004,0.0018,0,0,0.019,0.02,0,0.096,15,0.0097,0.0033,0.026,0.024,"HQH060270",0.001
0.007,0.0598,0,2,0.016,0.02,0,0.807,30,0.0078,0.002,0.031,0.03,"HQA156160",0.001
0.004,0.1214,0,1,0.011,0.02,0,0.301,24,0.0134,0.0034,0.025,0.022,"HQJ070320",0.001
0.006,0.0583,0,0,0.014,0.02,0,0.791,30,0.0091,0.0028,0.025,0.022,"HQZ055710",0.001
0.006,0.0368,0,0,0.009,0.01,0,0.185,23,0.0061,0.003,0.022,0.021,"HQA075120",0
0.004,0.1147,0,0,0.026,0.02,0,0.474,24,0.0103,0.0027,0.026,0.024,"HQJ157210",0
0.007,0.1161,0,0,0.009,0.02,0,0.293,22,0.0079,0.0029,0.024,0.024,"HQA140530",0
0.007,0.0343,0,0,0.016,0.01,0,0.201,11,0.007,0.0029,0.032,0.03,"HQA153060",0
0.006,0.0383,0,1,0.022,0.02,0,0.207,15,0.0079,0.0035,0.021,0.02,"HQA038250",0
0.007,0.0459,0,0,0.034,0.03,0,0.191,20,0.0138,0.0036,0.039,0.037,"HQD027030",0.001
0.005,0.041,0,0,0.017,0.02,0,0.2,22,0.0075,0.0031,0.024,0.021,"HQH049260",0
0.006,0.0388,0,0,0.021,0.02,0,0.196,17,0.01,0.0039,0.023,0.022,"HQZ103750",0
0.004,0.14,0,1,0.028,0.02,0,0.883,29,0.0102,0.0031,0.022,0.021,"HQH080010",0.001
0.004,0.1211,0,0,0.014,0.02,0,0.312,26,0.0121,0.0029,0.023,0.022,"HQH071320",0
0.005,0.0588,0,0,0.035,0.02,0,0.781,23,0.009,0.003,0.03,0.025,"HQG127860",0
0.006,0.0623,0,0,0.021,0.02,0,0.818,34,0.0103,0.0026,0.028,0.026,"HQB085030",0
0.006,0.0375,0,0,0.019,0.03,0,0.199,21,0.009,0.0033,0.026,0.024,"HQE093850",0
0.005,0.002,0,1,0.016,0.02,0,0.065,15,0.0085,0.0032,0.031,0.029,"HQA009740",0.002
0.007,0.0391,0,0,0.01,0.01,0,0.194,21,0.0056,0.003,0.018,0.017,"HQY110330",0
0.005,0.0827,0,0,0.021,0.02,0,0.296,26,0.0109,0.0026,0.028,0.026,"HQH098850",0
0.005,0.0398,0,1,0.026,0.02,0,0.2,18,0.0098,0.0048,0.024,0.023,"HQH119580",0
0.005,0.0361,0,0,0.008,0.02,0.01,0.211,25,0.0054,0.0032,0.025,0.023,"HQX104620",0
0.006,0.0383,0,0,0.029,0.03,0,0.19,22,0.01,0.0037,0.026,0.025,"HQE081240",0
0.005,0.0526,0,2,0.015,0.02,0,0.352,18,0.0075,0.0019,0.031,0.03,"HQC022940",0
0.006,0.0407,0,0,0.025,0.02,0,0.193,20,0.0093,0.0039,0.031,0.03,"HQC127310",0
0.006,0.1812,0,0,0.017,0.02,0,0.735,34,0.0081,0.0033,0.025,0.02,"HQC104520",0
0.004,0.1128,0,5,0.018,0.02,0,0.451,30,0.0097,0.0032,0.028,0.028,"HQJ074120",0
0.005,0.0347,0,0,0.022,0.02,0,0.191,20,0.0079,0.003,0.024,0.023,"HQC030080",0.001
0.005,0.0022,0,0,0.014,0.02,0,0.065,22,0.0071,0.0041,0.029,0.027,"HQC137700",0.003
0.004,0.0568,0,0,0.023,0.02,0,0.82,29,0.0144,0.0021,0.042,0.039,"HQG131510",0.002
0.006,0.038,0,0,0.015,0.01,0,0.195,19,0.0061,0.0032,0.03,0.028,"HQA059830",0
0.007,0.188,0,0,0.02,0.02,0,0.468,36,0.0089,0.0033,0.026,0.025,"HQA157110",0.001
0.006,0.0563,0,0,0.015,0.02,0,0.342,21,0.0067,0.0033,0.028,0.027,"HQZ165820",0
0.004,0.0385,0,0,0.013,0.01,0,0.208,18,0.0087,0.0037,0.021,0.02,"HQF099200",0
0.003,0.0332,0,0,0.015,0.02,0,0.204,10,0.0101,0.0028,0.029,0.025,"HQG113820",0
0.005,0.2033,1,0,0.031,0.02,0,0.88,34,0.0121,0.004,0.017,0.016,"HQD103240",0.001
0.005,0.0429,0,0,0.013,0.02,0,0.284,16,0.0075,0.0034,0.024,0.022,"HQY087530",0
0.005,0.1139,0,0,0.021,0.03,0,0.494,18,0.0107,0.0023,0.024,0.023,"HQC058840",0.001
0.004,0.1385,0,0,0.027,0.03,0,0.875,24,0.0139,0.0031,0.026,0.021,"HQH021500",0.001
0.007,0.0367,0,1,0.009,0.01,0,0.206,21,0.0068,0.003,0.022,0.021,"HQY136990",0
0.004,0.0364,0,0,0.017,0.02,0,0.241,35,0.0091,0.0024,0.029,0.027,"HQG143240",0
0.004,0.0733,2,0,0.022,0.03,0,0.886,32,0.0194,0.0024,0.029,0.025,"HQG148770",0.001
0.006,0.1467,0,1,0.011,0.02,0,0.678,30,0.011,0.0027,0.025,0.023,"HQZ059340",0
0.004,0.0339,0,0,0.018,0.02,0,0.241,25,0.0073,0.0026,0.029,0.028,"HQG165920",0
0.006,0.1331,0,0,0.012,0.02,0,0.314,25,0.0109,0.0026,0.02,0.02,"HQZ086460",0
0.004,0.0021,0,0,0.013,0.02,0,0.093,14,0.0088,0.0029,0.023,0.02,"HQD087820",0
0.004,0.0194,0,0,0.017,0.02,0,0.192,14,0.0055,0.0034,0.028,0.026,"HQJ040100",0
0.005,0.0338,0,0,0.02,0.02,0,0.193,20,0.0093,0.0035,0.02,0.019,"HQZ142470",0
0.007,0.0018,0,0,0.016,0.01,0,0.142,12,0.0092,0.0034,0.027,0.026,"HQA115000",0.002
0.004,0.0386,0,0,0.009,0.02,0,0.186,22,0.0095,0.003,0.026,0.026,"HQF091600",0
0.005,0.0372,0,0,0.009,0.02,0,0.196,16,0.0094,0.0028,0.027,0.026,"HQC033180",0
0.004,0.1004,0,0,0.022,0.02,0,0.477,36,0.0072,0.0037,0.022,0.021,"HQG074540",0
0.004,0.034,0,0,0.009,0.02,0,0.191,23,0.0106,0.0028,0.023,0.022,"HQE027800",0
0.005,0.0017,0,0,0.021,0.02,0,0.071,20,0.0093,0.0039,0.04,0.038,"HQF078410",0.002
0.006,0.0351,0,0,0.013,0.02,0,0.175,21,0.0074,0.0031,0.028,0.027,"HQA034030",0
0.005,0.0545,0,0,0.021,0.02,0,0.805,34,0.0081,0.0024,0.042,0.039,"HQF121620",0.001
0.005,0.0017,0,0,0.014,0.02,0,0.092,16,0.0099,0.0037,0.027,0.026,"HQF143070",0.001
0.005,0.0516,0,1,0.014,0.02,0,0.348,29,0.0078,0.002,0.036,0.035,"HQF077260",0.001
0.005,0.0398,0,0,0.013,0.02,0,0.186,19,0.0083,0.0042,0.022,0.02,"HQZ012260",0
0.006,0.0822,2,0,0.012,0.02,0,1.091,33,0.0178,0.0021,0.03,0.03,"HQD028710",0.001
0.007,0.0021,0,0,0.013,0.02,0,0.073,14,0.0081,0.0035,0.024,0.022,"HQD046910",0.003
0.004,0.0421,0,0,0.013,0.02,0,0.209,17,0.0079,0.0034,0.032,0.028,"HQJ059090",0
0.006,0.0382,0,0,0.009,0.02,0,0.181,12,0.0095,0.003,0.026,0.025,"HQD012690",0
0.005,0.0806,2,0,0.03,0.02,0,0.9,33,0.019,0.0029,0.024,0.023,"HQA011860",0.001
0.005,0.0482,0,0,0.03,0.02,0,0.301,35,0.0097,0.0037,0.036,0.035,"HQF117110",0.001
0.006,0.0812,2,0,0.016,0.02,0,0.902,41,0.0204,0.0026,0.032,0.031,"HQB081830",0.002
0.006,0.0667,1,0,0.024,0.02,0,0.591,25,0.0178,0.0029,0.028,0.026,"HQY107830",0
0.006,0.0016,6,3,0.01,0.02,0,0.681,14,0.0543,0.0035,0.038,0.037,"HQE116700",0.002
0.005,0.1218,0,0,0.012,0.02,0,0.431,23,0.0099,0.0034,0.022,0.022,"HQG052870",0.001
0.005,0.0392,0,0,0.014,0.02,0,0.198,21,0.0089,0.0032,0.016,0.014,"HQA046260",0
0.006,0.0466,0,1,0.022,0.02,0,0.297,26,0.0101,0.003,0.028,0.026,"HQX060010",0.001
0.006,0.0587,0,0,0.02,0.02,0,0.339,30,0.0066,0.0031,0.035,0.033,"HQZ005820",0
0.004,0.0388,19,1,0.021,0.02,0,0.177,25,0.0084,0.0045,0.023,0.021,"HQH050840",0
0.006,0.1163,0,0,0.017,0.02,0,0.447,25,0.0091,0.0033,0.012,0.01,"HQZ031120",0
0.007,0.1153,0,0,0.014,0.01,0,0.408,24,0.009,0.0033,0.021,0.019,"HQA113320",0
0.004,0.0354,0,0,0.021,0.02,0,0.185,19,0.0067,0.0031,0.023,0.021,"HQJ039050",0
0.006,0.0405,0,2,0.014,0.02,0,0.202,13,0.0083,0.0034,0.032,0.031,"HQA060070",0
0.005,0.0785,5,3,0.023,0.03,0,0.894,35,0.0198,0.0029,0.03,0.029,"HQF070700",0.002
0.006,0.1848,0,0,0.014,0.02,0,0.795,28,0.0087,0.0027,0.022,0.021,"HQZ062050",0.001
0.004,0.0365,0,0,0.018,0.02,0,0.189,21,0.0073,0.0033,0.037,0.035,"HQF114080",0
0.005,0.0376,0,0,0.01,0.02,0,0.202,21,0.0073,0.0029,0.035,0.033,"HQA050530",0
0.006,0.0319,0,0,0.009,0.01,0,0.193,23,0.0057,0.0028,0.024,0.023,"HQB075190",0
0.007,0.0309,0,0,0.016,0.02,0,0.21,24,0.008,0.0027,0.01,0.008,"HQX018530",0
0.005,0.0722,0,0,0.013,0.02,0,0.491,32,0.0124,0.0021,0.043,0.04,"HQC020060",0
0.007,0.0017,0,0,0.013,0.03,0,0.139,18,0.0103,0.0033,0.035,0.033,"HQD021350",0.002
0.006,0.0368,0,0,0.009,0.02,0,0.19,14,0.0103,0.0028,0.028,0.028,"HQB090100",0
0.004,0.0682,0,0,0.017,0.02,0,0.23,90,0.0085,0.0032,0.027,0.024,"HQH157210",0
0.004,0.0385,0,0,0.016,0.02,0,0.181,19,0.0075,0.005,0.022,0.021,"HQH011310",0
0.005,0.0367,0,0,0.009,0.02,0,0.189,16,0.0075,0.0032,0.02,0.019,"HQZ152780",0
0.006,0.0351,0,0,0.012,0.02,0,0.192,17,0.0073,0.0035,0.022,0.021,"HQC103540",0
0.004,0.0345,0,0,0.023,0.02,0,0.194,28,0.0083,0.0032,0.021,0.021,"HQG104690",0
0.005,0.0421,0,0,0.009,0.02,0,0.198,21,0.0079,0.0042,0.023,0.022,"HQD126960",0
0.005,0.0416,0,0,0.018,0.02,0,0.212,19,0.008,0.0033,0.024,0.023,"HQH096900",0
0.005,0.0016,0,0,0.015,0.02,0,0.06,14,0.0089,0.0045,0.036,0.036,"HQF127750",0.001
0.004,0.0184,1,0,0.02,0.02,0,0.202,19,0.0073,0.0033,0.027,0.026,"HQJ039940",0
0.007,0.0443,0,0,0.017,0.02,0,0.21,22,0.0097,0.0033,0.027,0.026,"HQA092810",0
0.006,0.0765,3,0,0.016,0.02,0,0.893,30,0.0197,0.0021,0.026,0.025,"HQX102510",0
0.006,0.1092,0,0,0.021,0.02,0,0.461,23,0.0095,0.0023,0.031,0.03,"HQA018020",0
0.006,0.0387,0,0,0.026,0.02,0,0.189,21,0.0078,0.0038,0.028,0.027,"HQA117330",0
0.005,0.0668,3,1,0.026,0.02,0,0.593,38,0.0193,0.0025,0.025,0.025,"HQG040280",0.002
0.005,0.0185,0,0,0.013,0.02,0,0.209,18,0.0081,0.0031,0.02,0.019,"HQZ116280",0
0.005,0.0025,0,0,0.026,0.03,0,0.094,16,0.0092,0.0039,0.027,0.025,"HQE089160",0.001
0.006,0.0423,0,0,0.012,0.02,0,0.199,21,0.0073,0.003,0.03,0.028,"HQZ109290",0
0.004,0.0599,0,0,0.014,0.02,0,0.796,31,0.0107,0.0021,0.039,0.037,"HQJ140710",0.001
0.005,0.045,0,0,0.02,0.03,0,0.196,23,0.0109,0.0032,0.033,0.03,"HQC067520",0
0.005,0.0021,0,0,0.009,0.02,0,0.069,18,0.0086,0.0026,0.032,0.03,"HQB044820",0.002
0.006,0.0758,0,0,0.012,0.02,0,0.437,18,0.0112,0.0025,0.032,0.031,"HQY104770",0
0.005,0.0347,0,0,0.023,0.02,0,0.148,21,0.0065,0.0031,0.019,0.016,"HQD105800",0
0.006,0.0573,0,0,0.014,0.03,0,0.811,40,0.0114,0.0027,0.036,0.035,"HQZ004360",0.001
0.005,0.0756,0,0,0.031,0.03,0,0.9,38,0.0206,0.0034,0.026,0.022,"HQF148540",0.001
0.004,0.0405,0,0,0.029,0.02,0,0.126,16,0.0106,0.0033,0.021,0.021,"HQJ023530",0
0.007,0.0399,0,7,0.012,0.02,0,0.186,21,0.0124,0.0036,0.023,0.023,"HQD062430",0
0.004,0.0023,0,0,0.013,0.02,0,0.15,12,0.01,0.003,0.033,0.031,"HQH147230",0.004
0.004,0.124,0,0,0.025,0.02,0,0.483,33,0.0053,0.0026,0.038,0.036,"HQJ025660",0
0.004,0.0385,0,0,0.015,0.03,0,0.191,18,0.0094,0.0032,0.027,0.026,"HQJ121490",0
0.004,0.1106,0,0,0.025,0.02,0,0.33,24,0.0121,0.0031,0.023,0.02,"HQG101410",0
0.004,0.0354,0,0,0.009,0.02,0,0.196,14,0.0091,0.0027,0.022,0.02,"HQG136940",0
0.004,0.174,0,0,0.011,0.02,0,0.456,34,0.0095,0.003,0.025,0.024,"HQE045790",0
0.006,0.0326,11,1,0.009,0.01,0,0.227,18,0.0082,0.0029,0.026,0.025,"HQA163190",0
0.006,0.0012,0,0,0.012,0.02,0,0.088,16,0.0105,0.0031,0.02,0.017,"HQZ042380",0.001
0.005,0.0481,0,0,0.014,0.02,0,0.304,28,0.0108,0.0024,0.036,0.032,"HQJ019260",0.001
0.006,0.0404,0,0,0.014,0.01,0,0.194,17,0.0085,0.003,0.033,0.032,"HQA064350",0
0.005,0.0354,0,1,0.011,0.02,0,0.197,29,0.0093,0.0023,0.039,0.037,"HQY070310",0.001
0.005,0.0411,0,0,0.014,0.02,0,0.185,25,0.0078,0.0032,0.022,0.022,"HQH100250",0
0.007,0.1307,0,0,0.013,0.01,0,0.904,30,0.0074,0.0029,0.023,0.022,"HQY124630",0.001
0.005,0.0016,0,0,0.009,0.01,0,0.062,13,0.0052,0.0036,0.032,0.03,"HQF131000",0.003
0.006,0.1211,0,0,0.008,0.01,0,0.294,30,0.0052,0.0032,0.025,0.024,"HQD018520",0
0.005,0.0413,0,0,0.01,0.02,0,0.195,23,0.0057,0.0029,0.037,0.036,"HQE155900",0
0.004,0.0422,0,0,0.008,0.01,0,0.186,19,0.0103,0.0027,0.03,0.028,"HQJ000160",0
0.005,0.0348,0,0,0.025,0.02,0,0.201,16,0.0088,0.0031,0.027,0.026,"HQG136850",0
0.004,0.0367,0,2,0.018,0.05,0,0.139,21,0.0068,0.0031,0.032,0.026,"HQG070160",0
0.006,0.0409,0,0,0.011,0.02,0.02,0.198,31,0.0104,0.0032,0.029,0.028,"HQB079870",0
0.004,0.0605,0,0,0.016,0.02,0,0.322,23,0.0097,0.003,0.029,0.028,"HQJ014650",0
0.005,0.0016,0,0,0.013,0.02,0,0.146,17,0.0103,0.0028,0.026,0.025,"HQC025510",0.002
0.007,0.0025,0,0,0.015,0.02,0,0.066,19,0.0071,0.0034,0.028,0.026,"HQY154760",0.003
0.005,0.002,1,0,0.022,0.02,0,0.094,21,0.0094,0.0046,0.028,0.026,"HQD061500",0.001
0.005,0.0417,0,0,0.013,0.02,0,0.192,24,0.0109,0.004,0.025,0.024,"HQX059800",0
0.006,0.0195,0,0,0.02,0.03,0,0.187,20,0.0124,0.0092,0.02,0.018,"HQC080410",0
0.004,0.0375,0,0,0.009,0.01,0,0.19,14,0.0105,0.0037,0.024,0.022,"HQG071570",0
0.006,0.0638,0,0,0.021,0.02,0,0.836,29,0.012,0.0029,0.042,0.041,"HQZ153590",0
0.006,0.0395,0,0,0.022,0.02,0,0.219,22,0.0071,0.0041,0.033,0.032,"HQY095800",0
0.004,0.0023,0,0,0.019,0.02,0,0.093,21,0.0086,0.0039,0.028,0.026,"HQF119120",0.001
0.004,0.0371,0,0,0.019,0.02,0,0.196,17,0.0085,0.004,0.035,0.034,"HQJ001200",0
0.006,0.033,0,0,0.013,0.02,0,0.212,27,0.0074,0.0036,0.025,0.021,"HQC098540",0
0.004,0.0335,0,0,0.02,0.02,0,0.19,28,0.0084,0.0032,0.033,0.032,"HQH113580",0
0.005,0.0454,0,27,0.009,0.01,0,0.279,41,0.005,0.0027,0.048,0.047,"HQE047580",0
0.005,0.0808,2,0,0.038,0.02,0,0.929,30,0.0193,0.0029,0.027,0.026,"HQE067190",0.001
0.006,0.1047,0,0,0.011,0.02,0,0.436,27,0.0061,0.0023,0.027,0.026,"HQA111050",0
0.004,0.034,0,0,0.006,0.02,0,0.188,24,0.0133,0.0029,0.021,0.02,"HQF055770",0
0.005,0.0387,0,1,0.019,0.03,0,0.196,21,0.0062,0.0032,0.031,0.03,"HQH106030",0
0.005,0.1425,0,0,0.012,0.02,0,0.683,26,0.0132,0.0026,0.022,0.022,"HQJ096720",0.002
0.006,0.0796,2,1,0.016,0.02,0,1.083,41,0.0185,0.0027,0.031,0.03,"HQX001700",0.001
0.006,0.0795,2,0,0.021,0.02,0,0.913,38,0.0197,0.0018,0.027,0.026,"HQY009230",0.001
0.005,0.0381,0,0,0.012,0.02,0,0.225,21,0.0064,0.0035,0.025,0.023,"HQX108860",0
0.005,0.0754,1,0,0.021,0.02,0,0.906,31,0.0202,0.0025,0.026,0.026,"HQY038260",0.001
0.005,0.0384,11,0,0.017,0.02,0,0.193,18,0.0091,0.0029,0.026,0.025,"HQH033820",0
0.004,0.0377,0,0,0.011,0.01,0,0.23,17,0.0059,0.0032,0.024,0.023,"HQC004200",0
0.004,0.0368,0,0,0.018,0.02,0,0.193,16,0.0052,0.0028,0.026,0.025,"HQC075600",0
0.005,0.0659,0,0,0.021,0.02,0,0.486,30,0.0129,0.0024,0.042,0.04,"HQH099070",0.001
0.005,0.0762,1,3,0.029,0.02,0,1.289,37,0.0099,0.0019,0.021,0.021,"HQD096080",0.001
0.005,0.0349,0,1,0.016,0.03,0,0.181,23,0.0131,0.0041,0.022,0.02,"HQX072290",0
0.004,0.0358,12,0,0.023,0.02,0,0.239,27,0.0119,0.0027,0.026,0.025,"HQG107470",0
0.006,0.002,0,0,0.017,0.02,0,0.089,21,0.0094,0.0036,0.029,0.027,"HQX127680",0.001
0.004,0.1818,0,0,0.02,0.02,0,0.801,26,0.0106,0.0027,0.03,0.029,"HQJ148120",0
0.004,0.1211,0,0,0.014,0.02,0,0.298,33,0.0092,0.0024,0.025,0.024,"HQH115770",0
0.006,0.0023,16,0,0.062,0.07,0,0.525,20,0.0153,0.0033,0.022,0.021,"HQB079810",0.002
0.006,0.0609,0,0,0.016,0.01,0,0.806,45,0.0073,0.0032,0.032,0.029,"HQZ012730",0.001
0.005,0.0014,0,0,0.01,0.01,0,0.072,21,0.0089,0.0033,0.043,0.042,"HQE050380",0.001
0.004,0.0431,0,0,0.023,0.03,0,0.2,15,0.0076,0.0034,0.029,0.028,"HQJ050060",0
0.007,0.0421,0,1,0.011,0.02,0,0.183,16,0.0094,0.0032,0.021,0.021,"HQA103330",0
0.007,0.0591,0,0,0.014,0.02,0,0.777,30,0.0089,0.0025,0.036,0.034,"HQD024600",0
0.004,0.0337,0,0,0.009,0.02,0,0.174,16,0.0102,0.0036,0.026,0.025,"HQH018320",0
0.005,0.035,0,0,0.013,0.02,0,0.212,17,0.0076,0.0033,0.025,0.024,"HQZ121580",0
0.006,0.0399,0,0,0.012,0.02,0,0.214,26,0.0078,0.0049,0.025,0.024,"HQX062130",0
0.006,0.0372,0,0,0.011,0.02,0,0.149,33,0.0059,0.0022,0.025,0.022,"HQB133230",0
0.004,0.0025,0,1,0.009,0.02,0,0.059,12,0.0068,0.0035,0.029,0.028,"HQG071790",0.002
0.007,0.0012,0,0,0.009,0.02,0,0.073,13,0.0085,0.0032,0.035,0.034,"HQD050980",0.002
0.004,0.0018,0,0,0.01,0.02,0,0.097,22,0.0101,0.0031,0.033,0.032,"HQH026910",0.001
0.006,0.0747,2,0,0.013,0.02,0,0.913,34,0.0191,0.0027,0.029,0.028,"HQX073600",0.001
0.005,0.0362,0,5,0.015,0.02,0,0.195,23,0.0072,0.0035,0.031,0.028,"HQY056930",0
0.006,0.1507,0,0,0.018,0.02,0,0.489,26,0.0117,0.0032,0.019,0.018,"HQX094490",0.001
0.006,0.0191,0,0,0.013,0.02,0,0.216,19,0.0094,0.0031,0.017,0.016,"HQZ116180",0
0.005,0.0398,0,1,0.026,0.02,0,0.2,18,0.0098,0.0048,0.024,0.023,"HQH119300",0
0.006,0.0399,0,0,0.012,0.02,0,0.201,23,0.0117,0.0036,0.02,0.019,"HQY041680",0.001
0.005,0.0013,0,0,0.008,0.02,0,0.093,15,0.01,0.003,0.029,0.026,"HQD073500",0.002
0.004,0.0509,0,0,0.019,0.02,0,0.294,45,0.01,0.0028,0.035,0.032,"HQG112070",0.001
0.006,0.0014,0,1,0.014,0.02,0,0.144,22,0.0089,0.0038,0.027,0.024,"HQB130810",0.001
0.006,0.0018,0,1,0.017,0.02,0,0.098,18,0.0095,0.0042,0.033,0.031,"HQZ013170",0.001
0.006,0.0377,0,1,0.012,0.02,0,0.192,30,0.008,0.0029,0.03,0.029,"HQA016370",0
0.005,0.2064,0,0,0.018,0.02,0,0.37,23,0.0097,0.0033,0.029,0.028,"HQZ084460",0
0.005,0.1445,0,1,0.014,0.02,0,0.49,25,0.0127,0.0035,0.017,0.016,"HQZ170110",0.001
0.005,0.0357,0,1,0.013,0.02,0,0.169,20,0.0079,0.0035,0.024,0.022,"HQY139990",0
0.006,0.1014,0,0,0.012,0.01,0,0.687,33,0.0104,0.0027,0.02,0.018,"HQA070700",0
0.005,0.0429,0,1,0.016,0.02,0,0.187,24,0.0081,0.0034,0.022,0.021,"HQB090000",0
0.004,0.1472,0,0,0.018,0.02,0,0.825,23,0.0134,0.0024,0.021,0.02,"HQG140670",0.001
0.006,0.0016,6,1,0.053,0.01,0,0.195,17,0.0471,0.0083,0.041,0.037,"HQZ044700",0.001
0.005,0.0386,0,0,0.011,0.02,0,0.197,15,0.0084,0.0035,0.02,0.02,"HQF148940",0
0.004,0.0358,0,0,0.017,0.02,0,0.181,21,0.008,0.0033,0.035,0.035,"HQH006850",0
0.005,0.035,0,6,0.014,0.02,0,0.186,15,0.0097,0.0034,0.023,0.022,"HQC065970",0
0.006,0.0018,0,2,0.011,0.02,0,0.097,15,0.0094,0.0039,0.025,0.024,"HQZ042450",0.001
0.006,0.0409,0,0,0.012,0.02,0,0.21,19,0.0085,0.0036,0.024,0.022,"HQZ035940",0
0.004,0.0616,0,0,0.011,0.02,0,0.77,25,0.0123,0.0032,0.028,0.025,"HQJ111590",0.001
0.005,0.0023,16,0,0.059,0.07,0,0.532,26,0.0152,0.0036,0.022,0.021,"HQD101270",0.002
0.007,0.0014,5,1,0.055,0.02,0,0.19,16,0.0441,0.0092,0.036,0.036,"HQA139570",0.001
0.007,0.1176,0,0,0.014,0.02,0,1.185,29,0.0126,0.0026,0.027,0.026,"HQA076820",0.001
0.005,0.058,0,0,0.012,0.02,0,0.338,26,0.0081,0.0025,0.031,0.03,"HQG002450",0
0.006,0.0014,0,0,0.018,0.02,0,0.077,17,0.0091,0.0036,0.04,0.038,"HQX078810",0.002
0.002,0.0435,0,0,0.011,0.01,0,0.289,33,0.0098,0.0025,0.044,0.042,"HQY051590",0
0.006,0.002,0,0,0.022,0.02,0,0.088,16,0.0089,0.0035,0.028,0.027,"HQA140450",0.001
0.004,0.0695,0,0,0.012,0.02,0,0.235,99,0.0091,0.0035,0.023,0.021,"HQH158400",0
0.005,0.042,19,0,0.01,0.02,0,0.212,21,0.0048,0.0027,0.023,0.021,"HQC019720",0
0.006,0.1065,0,1,0.008,0.02,0,0.419,29,0.0119,0.0025,0.013,0.01,"HQA035580",0
0.005,0.0385,10,0,0.016,0.02,0,0.25,19,0.0083,0.0036,0.018,0.017,"HQA013270",0
0.005,0.06,0,1,0.022,0.02,0,0.813,33,0.0101,0.0025,0.036,0.035,"HQG008050",0.001
0.006,0.0597,0,2,0.011,0.02,0,0.352,23,0.0098,0.0029,0.031,0.03,"HQX047140",0.001
0.006,0.1115,1,0,0.009,0.02,0,0.444,28,0.0084,0.0027,0.027,0.026,"HQA052700",0.001
0.005,0.1995,0,1,0.01,0.02,0,0.818,36,0.0088,0.0026,0.025,0.024,"HQF115610",0.001
0.005,0.0395,0,0,0.019,0.02,0,0.196,25,0.008,0.0037,0.023,0.022,"HQH096630",0
0.004,0.0395,0,1,0.013,0.02,0,0.192,26,0.0111,0.0023,0.035,0.034,"HQJ053120",0.002
0.007,0.0415,0,0,0.01,0.02,0,0.192,19,0.0074,0.0033,0.027,0.022,"HQD043220",0
0.005,0.0397,0,1,0.012,0.02,0,0.192,18,0.0074,0.0033,0.035,0.034,"HQE103750",0
0.006,0.038,13,0,0.01,0.02,0,0.189,18,0.0077,0.0033,0.024,0.023,"HQA040240",0
0.004,0.0375,0,2,0.015,0.02,0,0.185,14,0.0108,0.0037,0.017,0.017,"HQG154010",0
0.006,0.06,0,0,0.016,0.02,0,0.335,23,0.0104,0.0037,0.029,0.028,"HQE056570",0.001
0.006,0.0482,0,0,0.014,0.02,0,0.302,31,0.0103,0.003,0.031,0.03,"HQY132670",0
0.006,0.0388,0,0,0.01,0.02,0,0.21,28,0.0073,0.0029,0.022,0.019,"HQC101490",0
0.005,0.0392,0,1,0.022,0.03,0,0.205,20,0.0086,0.0037,0.021,0.019,"HQB131370",0
0.004,0.0014,0,0,0.026,0.02,0,0.074,19,0.0089,0.0035,0.033,0.031,"HQH135040",0.002
0.005,0.0018,0,0,0.014,0.02,0,0.09,17,0.0104,0.0045,0.027,0.025,"HQH033130",0.001
0.006,0.0205,0,0,0.01,0.01,0,0.187,21,0.0072,0.003,0.023,0.022,"HQD040840",0
0.006,0.0355,0,0,0.009,0.02,0,0.191,14,0.0089,0.0032,0.028,0.027,"HQZ098640",0
0.004,0.1479,0,0,0.019,0.03,0,0.5,31,0.017,0.0036,0.027,0.025,"HQG133820",0
0.004,0.0752,0,0,0.012,0.02,0,0.503,25,0.0099,0.0027,0.016,0.016,"HQC002630",0
0.006,0.0405,0,0,0.013,0.01,0,0.205,20,0.006,0.0038,0.02,0.019,"HQX143050",0
0.004,0.0681,1,0,0.017,0.02,0,0.586,34,0.0191,0.0022,0.021,0.021,"HQJ036470",0.002
0.005,0.0028,0,0,0.01,0.02,0,0.147,17,0.0097,0.0027,0.023,0.021,"HQE003220",0.004
0.004,0.0393,0,0,0.012,0.02,0,0.181,18,0.0086,0.0034,0.021,0.02,"HQF121920",0
0.007,0.0394,17,0,0.01,0.02,0,0.208,20,0.008,0.0036,0.017,0.016,"HQX082590",0
0.004,0.1989,0,0,0.05,0.02,0,0.437,33,0.0088,0.002,0.037,0.035,"HQH167090",0
0.006,0.0176,0,0,0.015,0.02,0,0.199,20,0.007,0.0036,0.018,0.017,"HQY150990",0
0.007,0.0596,0,15,0.014,0.01,0,0.335,26,0.0068,0.0036,0.035,0.034,"HQA114460",0
0.005,0.059,0,2,0.013,0.02,0,0.78,25,0.0087,0.0023,0.037,0.036,"HQY056490",0
0.004,0.0321,0,0,0.011,0.01,0,0.185,27,0.0078,0.0029,0.016,0.015,"HQC056980",0
0.004,0.0445,0,0,0.023,0.02,0,0.194,14,0.0093,0.0035,0.029,0.027,"HQH130170",0
0.004,0.0453,0,0,0.012,0.01,0,0.304,26,0.0071,0.002,0.031,0.029,"HQJ014180",0
0.004,0.0014,0,0,0.023,0.06,0.01,0.145,14,0.054,0.0038,0.038,0.037,"HQG064990",0.001
0.005,0.0395,19,0,0.018,0.02,0,0.171,17,0.0064,0.0033,0.022,0.021,"HQZ161740",0
0.006,0.0593,0,1,0.013,0.02,0,0.339,23,0.0079,0.0034,0.03,0.029,"HQY048580",0
0.006,0.0354,0,0,0.013,0.02,0,0.175,23,0.0111,0.0028,0.021,0.02,"HQA131460",0
0.005,0.1216,0,0,0.012,0.01,0,0.406,38,0.0072,0.0035,0.029,0.028,"HQD096680",0
0.004,0.0034,18,0,0.064,0.07,0,0.54,20,0.0149,0.0044,0.026,0.024,"HQH028050",0.002
0.005,0.0012,5,0,0.053,0.02,0,0.191,18,0.0436,0.0093,0.038,0.036,"HQZ040170",0.001
0.005,0.1956,0,0,0.014,0.02,0,0.885,30,0.0111,0.0026,0.026,0.025,"HQJ148420",0.001
0.007,0.0791,4,1,0.021,0.02,0,0.9,45,0.0199,0.0028,0.032,0.031,"HQA124800",0.002
0.006,0.078,2,0,0.021,0.03,0,1.056,31,0.0195,0.0024,0.031,0.03,"HQC060870",0.002
0.005,0.038,18,1,0.015,0.02,0,0.174,13,0.0097,0.0029,0.018,0.017,"HQG023210",0
0.004,0.0047,9,2,0.098,0.02,0.06,0.57,10,0.078,0.0089,0.051,0.048,"HQF050880",0.002
0.006,0.0366,0,0,0.008,0.02,0,0.207,17,0.0123,0.004,0.023,0.022,"HQZ080190",0
0.006,0.0398,0,0,0.011,0.02,0,0.191,34,0.0081,0.004,0.029,0.028,"HQY001740",0
0.005,0.0013,5,0,0.054,0.02,0,0.203,15,0.0443,0.0094,0.038,0.036,"HQZ039820",0.001
0.006,0.042,0,0,0.015,0.01,0,0.203,37,0.0066,0.0029,0.027,0.026,"HQD038650",0
0.005,0.0371,0,0,0.017,0.02,0,0.19,14,0.0075,0.0035,0.024,0.024,"HQH106250",0
0.007,0.1008,0,0,0.011,0.01,0,0.487,27,0.007,0.0023,0.024,0.023,"HQA109370",0
0.004,0.0021,0,0,0.011,0.02,0,0.094,17,0.0102,0.0031,0.024,0.023,"HQJ121990",0.001
0.004,0.0533,0,0,0.027,0.02,0,0.789,26,0.0118,0.0028,0.041,0.039,"HQG001060",0
0.005,0.0391,0,0,0.018,0.02,0,0.2,17,0.0082,0.0032,0.02,0.018,"HQX069020",0
0.006,0.0358,0,0,0.013,0.02,0,0.201,17,0.009,0.0035,0.027,0.026,"HQZ080140",0
0.005,0.0381,0,0,0.012,0.02,0,0.193,20,0.0066,0.004,0.021,0.018,"HQX160060",0
0.004,0.0533,0,0,0.019,0.01,0,0.338,20,0.0069,0.003,0.038,0.032,"HQJ012460",0
0.005,0.0713,0,0,0.024,0.02,0,0.488,37,0.0129,0.0027,0.047,0.045,"HQH098450",0.001
0.006,0.0427,0,0,0.013,0.02,0,0.19,25,0.0077,0.0025,0.023,0.022,"HQJ081580",0
0.005,0.0714,5,1,0.017,0.03,0,0.859,35,0.019,0.0012,0.022,0.022,"HQG058360",0.002
0.007,0.0619,0,0,0.015,0.02,0,0.811,35,0.0135,0.0025,0.029,0.028,"HQX027530",0.001
0.007,0.0382,0,20,0.018,0.01,0,0.137,19,0.0079,0.0027,0.027,0.026,"HQA128000",0
0.004,0.1101,0,0,0.023,0.02,0,0.437,33,0.0086,0.0022,0.027,0.027,"HQJ027650",0
0.005,0.0318,0,0,0.021,0.02,0,0.187,17,0.0084,0.0034,0.024,0.023,"HQC031320",0
0.004,0.0385,0,0,0.012,0.02,0,0.203,16,0.0074,0.0029,0.025,0.023,"HQH132730",0
0.004,0.1385,0,0,0.027,0.03,0,0.875,24,0.0139,0.0031,0.026,0.021,"HQH021580",0.001
0.005,0.0021,0,0,0.011,0.02,0,0.102,18,0.009,0.0033,0.029,0.028,"HQC055260",0.001
0.004,0.1596,0,0,0.022,0.02,0,0.598,33,0.0102,0.0022,0.04,0.038,"HQH154590",0
0.005,0.0025,0,0,0.01,0.02,0,0.074,19,0.0084,0.0027,0.033,0.032,"HQJ106070",0.002
0.006,0.0401,0,0,0.019,0.02,0,0.204,22,0.0111,0.0039,0.023,0.022,"HQX024240",0
0.004,0.0407,13,15,0.022,0.03,0,0.235,22,0.0082,0.0043,0.04,0.039,"HQC083690",0
0.008,0.0562,0,0,0.015,0.02,0,0.323,22,0.0077,0.003,0.032,0.032,"HQB013410",0
0.006,0.0367,0,0,0.027,0.02,0,0.194,23,0.0113,0.0039,0.029,0.027,"HQX064000",0
0.006,0.1136,2,1,0.011,0.02,0,1.175,27,0.0109,0.0025,0.025,0.024,"HQC069490",0.001
0.007,0.0018,0,0,0.019,0.02,0,0.098,18,0.0099,0.0033,0.034,0.032,"HQX086210",0.001
0.005,0.0395,0,0,0.011,0.02,0,0.169,26,0.0088,0.0035,0.029,0.027,"HQX119960",0
0.006,0.0354,0,0,0.021,0.02,0,0.155,13,0.0101,0.003,0.018,0.016,"HQB133680",0
0.006,0.0413,1,0,0.01,0.02,0,0.202,25,0.0087,0.0023,0.033,0.032,"HQE066130",0
0.006,0.1894,0,0,0.018,0.02,0,0.848,35,0.0075,0.003,0.029,0.028,"HQZ152500",0
0.005,0.1479,0,1,0.01,0.02,0,0.688,33,0.0122,0.0022,0.025,0.024,"HQZ059560",0.001
0.006,0.0378,0,0,0.015,0.02,0,0.199,20,0.0085,0.0032,0.028,0.026,"HQZ107220",0
0.007,0.0355,19,6,0.014,0.02,0,0.188,17,0.0104,0.0036,0.022,0.022,"HQB029700",0
0.006,0.0354,0,0,0.011,0.02,0,0.199,21,0.0089,0.0038,0.024,0.022,"HQY025460",0
0.004,0.2016,0,0,0.016,0.02,0,0.454,18,0.0128,0.0024,0.036,0.034,"HQJ143230",0
0.004,0.0022,0,1,0.012,0.02,0,0.078,18,0.0088,0.0034,0.031,0.03,"HQF048980",0.003
0.005,0.0346,0,0,0.013,0.02,0,0.186,18,0.0132,0.0037,0.02,0.019,"HQZ148140",0
0.004,0.0403,12,1,0.013,0.02,0,0.2,18,0.0069,0.0025,0.027,0.026,"HQJ039360",0
0.005,0.0578,0,0,0.014,0.02,0,0.797,26,0.0105,0.0025,0.023,0.022,"HQZ151630",0
0.005,0.043,12,0,0.023,0.02,0,0.237,14,0.0093,0.0041,0.035,0.033,"HQF085550",0
0.004,0.0023,0,0,0.018,0.02,0,0.15,14,0.0099,0.0038,0.028,0.026,"HQJ049830",0.003
0.007,0.1198,0,0,0.02,0.02,0,0.457,26,0.0127,0.003,0.025,0.024,"HQD051580",0
0.006,0.1467,0,1,0.018,0.02,0,0.905,37,0.0115,0.0027,0.017,0.016,"HQX071770",0.001
0.005,0.055,0,0,0.013,0.02,0,0.803,26,0.0094,0.0024,0.027,0.026,"HQF105610",0
0.005,0.1062,0,0,0.01,0.02,0,0.454,25,0.0085,0.0035,0.017,0.016,"HQX107180",0
0.005,0.0457,0,0,0.024,0.02,0,0.297,16,0.0118,0.0033,0.021,0.019,"HQF140760",0
0.005,0.0467,0,1,0.019,0.02,0,0.203,21,0.0097,0.0039,0.027,0.026,"HQE099170",0.001
0.004,0.0642,2,1,0.021,0.03,0,0.593,24,0.0187,0.0025,0.033,0.032,"HQG040380",0.001
0.006,0.0793,4,2,0.014,0.02,0,0.906,30,0.0198,0.0029,0.028,0.028,"HQD108120",0.002
0.006,0.1165,0,0,0.017,0.02,0,0.296,27,0.008,0.003,0.021,0.019,"HQY102720",0
0.005,0.0372,0,1,0.015,0.02,0,0.196,25,0.0087,0.0027,0.032,0.03,"HQZ089820",0
0.004,0.1227,0,0,0.009,0.01,0,0.302,23,0.0101,0.0025,0.028,0.027,"HQC004040",0
0.004,0.047,0,0,0.014,0.02,0,0.292,34,0.0106,0.0028,0.037,0.036,"HQJ115890",0
0.006,0.0026,0,0,0.011,0.01,0,0.1,19,0.0091,0.0044,0.031,0.029,"HQX154890",0.001
0.006,0.0402,0,0,0.014,0.01,0,0.19,37,0.0054,0.0037,0.027,0.026,"HQX145340",0
0.006,0.0375,3,0,0.022,0.01,0,0.19,21,0.0081,0.0033,0.028,0.028,"HQB038120",0
0.005,0.0202,13,3,0.011,0.02,0,0.133,20,0.0059,0.0025,0.028,0.028,"HQJ101570",0
0.006,0.0372,11,0,0.016,0.02,0,0.187,24,0.009,0.0028,0.019,0.018,"HQD056040",0
0.006,0.0025,1,0,0.013,0.02,0,0.091,14,0.0089,0.0037,0.036,0.035,"HQE088790",0.001
0.005,0.0386,11,1,0.016,0.02,0,0.185,17,0.0093,0.0037,0.022,0.021,"HQE003380",0
0.006,0.0352,0,0,0.012,0.02,0,0.202,18,0.0085,0.0045,0.025,0.024,"HQA007430",0
0.006,0.0576,0,0,0.014,0.01,0,0.786,31,0.0078,0.002,0.031,0.028,"HQB055570",0
0.004,0.0385,0,0,0.01,0.01,0,0.195,14,0.0047,0.0034,0.026,0.024,"HQH008530",0
0.007,0.0041,11,2,0.099,0.03,0.06,0.569,25,0.0784,0.0092,0.046,0.044,"HQY153370",0.002
0.006,0.071,1,0,0.016,0.02,0,0.888,34,0.0192,0.0027,0.025,0.023,"HQY025810",0.001
0.004,0.1144,0,0,0.011,0.02,0,0.46,28,0.011,0.0025,0.02,0.02,"HQF046280",0
0.006,0.1441,0,7,0.022,0.01,0.01,0.687,23,0.0093,0.0028,0.028,0.027,"HQB056660",0.001
0.004,0.0569,0,2,0.016,0.02,0.01,0.779,29,0.0086,0.0025,0.04,0.039,"HQG061950",0.001
0.005,0.1425,0,0,0.021,0.02,0,0.483,24,0.0102,0.0027,0.016,0.015,"HQA061170",0
0.006,0.0702,0,0,0.013,0.02,0,0.491,43,0.0133,0.0067,0.039,0.037,"HQD038680",0
0.006,0.0361,0,0,0.01,0.02,0,0.193,19,0.0087,0.0028,0.027,0.026,"HQB130200",0
0.005,0.0697,0,0,0.019,0.03,0,0.243,95,0.0078,0.0027,0.029,0.028,"HQG031750",0
0.006,0.0416,0,26,0.01,0.02,0,0.192,20,0.0099,0.004,0.025,0.024,"HQD004470",0
0.004,0.0355,0,0,0.02,0.02,0,0.193,29,0.0096,0.0035,0.019,0.018,"HQF099400",0
0.005,0.0709,0,0,0.022,0.03,0,0.487,28,0.0139,0.003,0.048,0.047,"HQG024400",0.001
0.005,0.0577,0,1,0.01,0.02,0,0.789,24,0.0093,0.0022,0.029,0.028,"HQF104850",0.001
0.004,0.0348,0,0,0.021,0.02,0,0.185,18,0.0089,0.0038,0.035,0.034,"HQG143530",0
0.005,0.057,0,0,0.011,0.02,0,0.34,32,0.0093,0.003,0.033,0.032,"HQZ128030",0
0.007,0.1232,0,0,0.011,0.02,0,0.318,19,0.0077,0.0024,0.02,0.019,"HQD018870",0
0.006,0.0622,0,0,0.015,0.02,0,0.765,33,0.0112,0.0037,0.03,0.03,"HQC125820",0.001
0.006,0.0374,0,0,0.021,0.02,0,0.198,32,0.0075,0.0029,0.033,0.032,"HQY012350",0
0.007,0.0014,0,0,0.009,0.02,0,0.075,14,0.0089,0.0034,0.031,0.03,"HQD048530",0.002
0.005,0.0021,0,4,0.009,0.02,0,0.095,15,0.008,0.0039,0.022,0.02,"HQD104490",0.002
0.008,0.0579,0,0,0.03,0.02,0,0.834,35,0.0095,0.0024,0.03,0.03,"HQD031970",0.001
0.004,0.0329,0,1,0.021,0.02,0,0.192,31,0.011,0.0032,0.027,0.025,"HQH018760",0.001
0.004,0.0354,0,0,0.019,0.02,0,0.196,21,0.0071,0.003,0.027,0.025,"HQG144210",0
0.008,0.0018,0,0,0.013,0.02,0,0.088,14,0.0104,0.0037,0.034,0.033,"HQB019610",0
0.005,0.0395,0,1,0.01,0.02,0,0.202,22,0.0082,0.0031,0.036,0.034,"HQZ066270",0
0.005,0.0422,0,0,0.015,0.02,0,0.208,22,0.006,0.0037,0.036,0.035,"HQA015060",0
0.005,0.0608,0,0,0.011,0.01,0,0.333,39,0.0057,0.0027,0.035,0.034,"HQJ104840",0
0.005,0.0182,0,0,0.017,0.01,0,0.146,12,0.0075,0.003,0.036,0.032,"HQG021140",0
0.006,0.1081,0,0,0.013,0.02,0,0.451,17,0.0084,0.0029,0.012,0.011,"HQZ114270",0
0.006,0.0381,0,5,0.009,0.02,0,0.229,25,0.0087,0.0025,0.027,0.026,"HQA071140",0.001
0.005,0.0397,0,0,0.021,0.03,0,0.19,11,0.0099,0.0033,0.024,0.023,"HQD144060",0
0.004,0.0021,0,1,0.009,0.02,0,0.147,11,0.0111,0.0033,0.034,0.033,"HQH093370",0.002
0.005,0.0185,0,0,0.018,0.02,0,0.199,19,0.0071,0.0041,0.029,0.028,"HQE039930",0
0.007,0.0596,0,0,0.026,0.02,0,0.797,32,0.0115,0.0026,0.039,0.037,"HQA087980",0
0.006,0.0179,0,0,0.015,0.02,0,0.191,16,0.0103,0.0028,0.022,0.021,"HQB021800",0
0.004,0.0362,0,0,0.022,0.02,0,0.197,21,0.0079,0.004,0.026,0.026,"HQJ006210",0
0.007,0.0561,0,0,0.024,0.02,0,0.784,32,0.0088,0.0023,0.034,0.029,"HQD024850",0.001
0.004,0.0392,0,0,0.009,0.01,0,0.178,15,0.0082,0.0031,0.027,0.027,"HQG089350",0.001
0.006,0.0698,0,0,0.015,0.01,0,0.491,36,0.0084,0.0032,0.04,0.039,"HQA061660",0
0.005,0.0527,0,0,0.01,0.02,0,0.293,15,0.0098,0.0029,0.018,0.016,"HQB045010",0
0.006,0.081,0,0,0.015,0.02,0,1.312,35,0.0088,0.0023,0.023,0.022,"HQA160340",0.002
0.005,0.1434,0,0,0.012,0.02,0,0.838,28,0.0103,0.0024,0.028,0.027,"HQH122220",0.001
0.004,0.044,12,0,0.016,0.02,0,0.261,13,0.0105,0.0028,0.03,0.029,"HQE125320",0
0.007,0.0012,0,0,0.019,0.02,0,0.073,14,0.0094,0.0035,0.03,0.029,"HQX157310",0.002
0.005,0.0018,7,0,0.085,0.02,0,0.248,19,0.0684,0.0092,0.042,0.041,"HQX074060",0.001
0.004,0.1074,0,0,0.02,0.02,0,0.455,30,0.0125,0.0028,0.024,0.022,"HQJ074440",0.001
0.006,0.0349,0,0,0.008,0.02,0,0.196,17,0.0094,0.0035,0.018,0.016,"HQA024240",0
0.007,0.0796,1,0,0.017,0.02,0,1.108,40,0.0198,0.0024,0.034,0.033,"HQB020300",0.002
0.006,0.1231,0,0,0.009,0.02,0,0.32,29,0.0063,0.0027,0.027,0.026,"HQD014750",0
0.005,0.0386,0,0,0.019,0.02,0,0.197,16,0.0069,0.0032,0.028,0.026,"HQH116730",0
0.005,0.0571,0,0,0.01,0.02,0,0.777,25,0.0108,0.0027,0.027,0.024,"HQZ058880",0.001
0.006,0.0459,0,0,0.018,0.02,0,0.287,20,0.0093,0.003,0.018,0.017,"HQX046420",0
0.006,0.0375,0,0,0.01,0.01,0,0.206,17,0.0056,0.0044,0.029,0.028,"HQY086980",0
0.004,0.1183,0,10,0.016,0.01,0,0.341,31,0.0079,0.0026,0.02,0.02,"HQJ032480",0
0.006,0.0357,0,0,0.015,0.02,0,0.216,25,0.009,0.0028,0.021,0.019,"HQY041360",0.001
0.004,0.0398,0,0,0.014,0.02,0,0.191,22,0.0095,0.0033,0.029,0.026,"HQJ053420",0
0.003,0.1165,0,1,0.009,0.01,0,0.295,27,0.0122,0.0032,0.023,0.021,"HQY054650",0.001
0.007,0.1162,0,0,0.01,0.02,0,0.319,30,0.0112,0.0019,0.022,0.021,"HQB120210",0
0.006,0.0465,0,1,0.022,0.03,0,0.305,29,0.0118,0.0023,0.044,0.043,"HQG035330",0.001
0.007,0.0409,0,0,0.014,0.02,0,0.201,22,0.0083,0.0038,0.024,0.023,"HQX123170",0
0.007,0.0533,0,5,0.015,0.02,0,0.36,29,0.0071,0.0028,0.038,0.036,"HQX134620",0
0.006,0.0369,0,0,0.02,0.02,0,0.211,31,0.0097,0.0029,0.028,0.026,"HQY034150",0
0.005,0.0402,0,0,0.012,0.02,0,0.205,16,0.0075,0.0027,0.028,0.026,"HQA051010",0
0.004,0.0352,0,6,0.022,0.02,0,0.167,17,0.0063,0.0044,0.021,0.02,"HQG089980",0.001
0.005,0.0359,0,0,0.014,0.02,0,0.198,19,0.0083,0.0033,0.029,0.027,"HQB071080",0
0.005,0.0035,9,0,0.099,0.02,0.06,0.615,18,0.0887,0.0089,0.046,0.045,"HQY040660",0.002
0.005,0.0534,0,0,0.026,0.02,0,0.342,21,0.0071,0.0032,0.026,0.024,"HQY048660",0
0.005,0.0377,0,0,0.009,0.02,0,0.2,12,0.0101,0.0033,0.019,0.018,"HQD144910",0
0.005,0.0391,0,0,0.018,0.02,0,0.2,17,0.0082,0.0032,0.02,0.018,"HQX069030",0
0.004,0.0567,0,1,0.02,0.02,0,0.814,44,0.0069,0.0017,0.04,0.039,"HQH010630",0
0.005,0.0412,0,0,0.02,0.03,0,0.186,12,0.0114,0.0037,0.024,0.023,"HQH069800",0
0.006,0.0446,0,2,0.022,0.02,0,0.303,37,0.0104,0.0041,0.035,0.032,"HQZ013840",0
0.005,0.0025,0,0,0.01,0.02,0,0.131,22,0.011,0.003,0.031,0.03,"HQC032380",0.002
0.007,0.0018,0,0,0.01,0.02,0,0.068,14,0.0093,0.0031,0.033,0.032,"HQD049910",0.001
0.004,0.0408,0,0,0.018,0.02,0,0.183,15,0.0087,0.0036,0.023,0.021,"HQC007260",0
0.005,0.0371,0,0,0.012,0.02,0,0.187,17,0.0076,0.0037,0.026,0.024,"HQZ153480",0
0.004,0.0016,0,2,0.01,0.02,0,0.109,20,0.0105,0.0034,0.028,0.026,"HQH121950",0.001
0.006,0.0319,0,0,0.018,0.02,0,0.191,30,0.0079,0.0027,0.033,0.03,"HQA033920",0
0.006,0.1548,0,0,0.012,0.02,0,0.797,40,0.0062,0.0025,0.048,0.046,"HQA086060",0
0.004,0.122,0,0,0.017,0.02,0,0.492,21,0.0117,0.003,0.027,0.025,"HQJ025720",0
0.004,0.0369,0,0,0.033,0.06,0,0.135,25,0.0094,0.0042,0.033,0.031,"HQG060230",0
0.005,0.0811,2,0,0.021,0.02,0,0.918,34,0.0199,0.0021,0.027,0.026,"HQH063240",0.001
0.005,0.0395,0,0,0.019,0.02,0,0.196,25,0.008,0.0037,0.023,0.022,"HQH096650",0
0.004,0.1212,0,0,0.01,0.02,0,0.298,27,0.0151,0.003,0.017,0.017,"HQJ070570",0.001
0.006,0.1115,1,0,0.009,0.02,0,0.444,28,0.0084,0.0027,0.027,0.026,"HQA052560",0.001
0.004,0.0499,0,0,0.015,0.02,0,0.296,31,0.0121,0.0021,0.034,0.034,"HQJ031230",0.001
0.006,0.0367,0,0,0.023,0.02,0,0.209,21,0.0084,0.0052,0.018,0.016,"HQA025190",0
0.004,0.0622,1,0,0.012,0.01,0,0.349,26,0.0053,0.0022,0.035,0.034,"HQJ115690",0
0.004,0.043,0,0,0.014,0.02,0,0.175,17,0.011,0.0029,0.024,0.023,"HQE135590",0
0.007,0.0401,13,0,0.012,0.01,0,0.207,22,0.0079,0.0031,0.03,0.028,"HQX014290",0
0.005,0.0794,2,1,0.026,0.02,0,1.079,35,0.0188,0.0022,0.036,0.034,"HQX003780",0.002
0.006,0.0578,0,0,0.025,0.02,0,0.352,30,0.0074,0.0025,0.033,0.03,"HQA111590",0
0.005,0.0412,0,0,0.02,0.02,0,0.199,21,0.0094,0.0035,0.026,0.024,"HQZ074650",0
0.005,0.0369,0,0,0.024,0.02,0,0.19,24,0.0102,0.0038,0.023,0.021,"HQZ147770",0
0.005,0.0328,0,0,0.016,0.02,0,0.206,27,0.0088,0.0044,0.027,0.026,"HQY066310",0
0.005,0.0352,12,0,0.016,0.02,0,0.194,18,0.0073,0.0033,0.024,0.021,"HQE033250",0
0.004,0.0028,0,1,0.009,0.02,0,0.069,16,0.0072,0.003,0.028,0.025,"HQG071700",0.003
0.005,0.0018,0,3,0.01,0.02,0,0.093,18,0.0082,0.0035,0.035,0.031,"HQE052360",0.001
0.007,0.0016,0,0,0.032,0.02,0,0.076,17,0.0093,0.0046,0.039,0.037,"HQX130800",0.001
0.006,0.074,2,0,0.016,0.02,0,0.892,31,0.0179,0.0024,0.026,0.024,"HQZ038600",0.001
0.006,0.1421,0,0,0.02,0.03,0,0.897,30,0.0123,0.0027,0.021,0.02,"HQA027800",0.001
0.005,0.0333,0,0,0.011,0.02,0,0.184,22,0.0077,0.0034,0.025,0.021,"HQE006090",0
0.006,0.0322,0,0,0.014,0.02,0,0.201,24,0.0115,0.003,0.022,0.02,"HQX072440",0
0.005,0.063,0,2,0.011,0.02,0,0.839,28,0.0106,0.0025,0.026,0.025,"HQZ058960",0.001
0.004,0.1989,0,0,0.05,0.02,0,0.437,33,0.0088,0.002,0.037,0.035,"HQH167110",0
0.005,0.0018,0,0,0.017,0.02,0,0.069,19,0.009,0.0033,0.03,0.029,"HQG067980",0.002
0.004,0.1175,0,1,0.013,0.01,0,0.298,29,0.0089,0.0022,0.028,0.027,"HQJ077570",0
0.005,0.0416,0,0,0.02,0.06,0,0.185,32,0.0099,0.003,0.037,0.036,"HQH115440",0
0.005,0.0594,0,0,0.028,0.02,0,0.785,28,0.0112,0.0025,0.029,0.027,"HQF107830",0.001
0.006,0.0019,0,1,0.016,0.02,0,0.13,22,0.0099,0.0036,0.023,0.021,"HQX041630",0.002
0.005,0.0364,0,0,0.027,0.03,0,0.191,23,0.0097,0.0038,0.025,0.024,"HQE113750",0
0.006,0.0406,0,0,0.01,0.02,0,0.204,24,0.0071,0.0033,0.028,0.027,"HQC100320",0
0.006,0.0189,0,1,0.015,0.02,0,0.145,17,0.0095,0.0038,0.025,0.024,"HQY150750",0
0.005,0.1289,0,1,0.018,0.02,0,0.878,26,0.0132,0.0028,0.019,0.017,"HQB050020",0.001
0.005,0.0571,0,0,0.01,0.02,0,0.777,25,0.0108,0.0027,0.027,0.024,"HQZ058940",0.001
0.005,0.0019,0,0,0.025,0.02,0,0.079,17,0.0103,0.0036,0.021,0.019,"HQH103100",0.003
0.005,0.0393,0,0,0.021,0.01,0,0.208,20,0.0042,0.0038,0.02,0.018,"HQA025160",0
0.004,0.0362,0,0,0.022,0.02,0,0.197,21,0.0079,0.004,0.026,0.026,"HQJ006190",0
0.005,0.0411,0,0,0.016,0.02,0,0.191,21,0.009,0.0035,0.018,0.016,"HQJ091180",0
0.006,0.0363,0,0,0.016,0.02,0,0.194,22,0.0078,0.0038,0.025,0.024,"HQZ098590",0
0.005,0.1423,0,1,0.012,0.02,0.01,0.681,32,0.01,0.0028,0.02,0.019,"HQH059020",0.001
0.005,0.0391,0,0,0.02,0.02,0,0.182,14,0.0102,0.0056,0.021,0.021,"HQD152440",0
0.004,0.0567,0,1,0.02,0.02,0,0.814,44,0.0069,0.0017,0.04,0.039,"HQH010770",0
0.005,0.1216,0,0,0.01,0.01,0,0.454,31,0.0067,0.0025,0.024,0.023,"HQD049320",0
0.004,0.0431,12,0,0.016,0.02,0,0.202,18,0.0093,0.003,0.02,0.018,"HQJ040870",0
0.006,0.0527,0,0,0.011,0.02,0,0.351,30,0.0086,0.0025,0.036,0.034,"HQX030930",0.001
0.005,0.0377,0,0,0.009,0.02,0,0.17,24,0.0089,0.003,0.027,0.025,"HQZ054760",0
0.006,0.0448,0,0,0.018,0.02,0,0.216,24,0.0098,0.0035,0.03,0.03,"HQC097320",0
0.005,0.059,0,0,0.01,0.01,0,0.358,26,0.0097,0.0033,0.033,0.031,"HQZ166370",0.001
0.004,0.0405,0,0,0.016,0.02,0,0.193,13,0.0073,0.0035,0.022,0.021,"HQF098290",0
0.005,0.1498,0,0,0.011,0.02,0,0.498,32,0.0107,0.0022,0.024,0.023,"HQJ161050",0
0.004,0.059,0,0,0.014,0.02,0,0.347,26,0.0096,0.0029,0.033,0.032,"HQJ047880",0.001
0.005,0.0014,0,0,0.023,0.05,0.02,0.141,15,0.052,0.0037,0.033,0.031,"HQG065020",0
0.006,0.04,0,0,0.015,0.02,0,0.201,12,0.007,0.0035,0.035,0.034,"HQA066340",0
0.005,0.0392,0,0,0.011,0.02,0,0.195,20,0.0089,0.0033,0.028,0.026,"HQG036500",0
0.005,0.0374,0,0,0.02,0.02,0,0.203,18,0.0093,0.0033,0.02,0.016,"HQD145310",0
0.005,0.0022,0,1,0.014,0.02,0,0.072,13,0.0083,0.003,0.029,0.027,"HQH028250",0.002
0.004,0.1974,0,1,0.016,0.02,0,0.875,29,0.0106,0.0028,0.022,0.021,"HQG090320",0.001
0.005,0.0016,0,0,0.022,0.02,0,0.069,15,0.0094,0.004,0.032,0.031,"HQH002490",0.002
0.004,0.0562,0,0,0.014,0.02,0,0.351,28,0.009,0.003,0.033,0.028,"HQH140450",0
0.004,0.0678,0,0,0.024,0.02,0,0.478,28,0.0085,0.0027,0.046,0.044,"HQG100600",0.001
0.004,0.0382,0,0,0.02,0.02,0,0.197,19,0.0091,0.0025,0.03,0.029,"HQH144870",0
0.005,0.0566,0,1,0.013,0.02,0,0.342,21,0.0091,0.0028,0.034,0.033,"HQH103330",0.001
0.004,0.1129,0,1,0.012,0.02,0,0.491,23,0.0113,0.0027,0.02,0.02,"HQF048180",0
0.006,0.0373,0,0,0.012,0.02,0,0.199,17,0.0106,0.0039,0.02,0.017,"HQC097070",0
0.007,0.0015,0,0,0.016,0.02,0,0.083,16,0.0102,0.0031,0.033,0.03,"HQD048610",0.001
0.006,0.0392,0,0,0.018,0.02,0,0.24,22,0.0095,0.0038,0.02,0.019,"HQX134300",0
0.006,0.0466,0,0,0.013,0.02,0,0.193,26,0.0068,0.0031,0.028,0.027,"HQC138150",0
0.004,0.0355,0,0,0.017,0.02,0,0.189,16,0.0072,0.0035,0.031,0.03,"HQG128650",0
0.005,0.0431,0,0,0.011,0.02,0,0.204,19,0.0109,0.0028,0.02,0.018,"HQJ090110",0
0.007,0.1181,2,1,0.014,0.02,0,1.182,34,0.0082,0.0022,0.023,0.022,"HQA162130",0.002
0.006,0.0757,3,1,0.014,0.02,0,0.893,37,0.0181,0.0025,0.034,0.032,"HQY153740",0.001
0.005,0.1221,0,0,0.021,0.02,0,0.438,25,0.0112,0.0029,0.018,0.018,"HQC059340",0
0.004,0.118,0,0,0.013,0.02,0,0.333,25,0.0108,0.0026,0.022,0.022,"HQC003780",0
0.005,0.0392,0,0,0.01,0.02,0,0.201,24,0.0072,0.0034,0.025,0.024,"HQZ061510",0
0.007,0.0539,0,0,0.019,0.02,0,0.797,44,0.0092,0.0024,0.036,0.034,"HQY005370",0.001
0.005,0.0356,0,0,0.009,0.02,0,0.199,24,0.0077,0.0029,0.026,0.025,"HQH041750",0
0.007,0.0017,0,0,0.088,0.02,0,0.146,18,0.0175,0.01,0.032,0.031,"HQY125740",0
0.004,0.0021,0,0,0.013,0.02,0,0.093,14,0.0088,0.0029,0.023,0.02,"HQD087950",0
0.006,0.0526,0,2,0.022,0.02,0,0.778,37,0.0085,0.0029,0.027,0.025,"HQX130580",0.001
0.005,0.0443,0,0,0.015,0.02,0,0.184,20,0.0087,0.0039,0.037,0.036,"HQC083250",0
0.004,0.1238,0,0,0.026,0.03,0,0.302,32,0.0113,0.0026,0.027,0.026,"HQJ018030",0.001
0.006,0.0591,0,13,0.025,0.02,0,0.767,34,0.0117,0.0034,0.031,0.03,"HQC047540",0.001
0.005,0.039,0,0,0.012,0.02,0,0.204,32,0.0119,0.0027,0.03,0.03,"HQE006760",0.001
0.004,0.0432,12,0,0.019,0.02,0,0.192,16,0.0106,0.0034,0.026,0.023,"HQH157540",0
0.006,0.0591,0,1,0.02,0.02,0,0.349,30,0.0077,0.0034,0.033,0.032,"HQY030290",0
0.005,0.0017,0,0,0.016,0.02,0,0.098,20,0.0093,0.003,0.024,0.023,"HQX085420",0.001
0.004,0.002,0,0,0.01,0.02,0,0.149,19,0.0099,0.0035,0.032,0.03,"HQJ071190",0.002
0.004,0.0389,0,0,0.016,0.02,0,0.193,16,0.0086,0.0038,0.022,0.022,"HQG141320",0
0.005,0.0401,0,0,0.008,0.02,0,0.191,20,0.011,0.003,0.024,0.024,"HQB137890",0
0.004,0.0014,0,0,0.011,0.02,0,0.08,15,0.0111,0.0039,0.028,0.025,"HQJ124180",0.002
0.007,0.0013,0,0,0.021,0.01,0,0.057,18,0.0058,0.0037,0.034,0.032,"HQX036660",0.004
0.004,0.0371,0,0,0.016,0.01,0,0.194,15,0.009,0.0035,0.035,0.033,"HQF091810",0
0.004,0.0362,0,0,0.014,0.02,0,0.195,22,0.0096,0.0031,0.034,0.031,"HQJ004870",0
0.005,0.0361,0,0,0.012,0.02,0,0.199,18,0.0067,0.0033,0.02,0.02,"HQZ156390",0
0.005,0.0025,16,1,0.065,0.07,0,0.537,18,0.0136,0.0044,0.024,0.021,"HQG160430",0.002
0.005,0.0542,0,1,0.01,0.02,0,0.348,31,0.0091,0.0022,0.028,0.027,"HQD108740",0
0.004,0.038,0,0,0.022,0.02,0,0.182,22,0.0087,0.0038,0.024,0.024,"HQJ009890",0
0.005,0.0017,0,0,0.012,0.02,0,0.093,14,0.0106,0.0029,0.029,0.028,"HQC018050",0
0.005,0.0015,4,1,0.054,0.02,0,0.198,8,0.0434,0.0095,0.036,0.034,"HQD143310",0.001
0.006,0.0391,0,0,0.011,0.02,0,0.2,10,0.0056,0.0027,0.034,0.033,"HQA065170",0
0.005,0.171,0,1,0.011,0.01,0,0.53,24,0.0084,0.0043,0.021,0.02,"HQZ154660",0
0.004,0.1282,0,0,0.021,0.03,0,0.878,26,0.0135,0.002,0.026,0.025,"HQJ136480",0.001
0.006,0.0017,0,0,0.019,0.02,0,0.094,21,0.011,0.0036,0.025,0.024,"HQX074510",0.001
0.005,0.0822,2,0,0.023,0.02,0,0.905,32,0.0194,0.0027,0.035,0.033,"HQC119710",0.001
0.004,0.0016,0,0,0.02,0.02,0,0.065,13,0.0094,0.0035,0.034,0.033,"HQJ130570",0.001
0.004,0.0016,0,0,0.009,0.02,0,0.095,16,0.0093,0.0034,0.029,0.027,"HQH133310",0.002
0.005,0.0432,0,0,0.014,0.02,0,0.188,15,0.008,0.0032,0.017,0.016,"HQZ101140",0
0.005,0.0584,0,1,0.015,0.02,0,0.806,31,0.0086,0.003,0.038,0.036,"HQH092920",0.001
0.004,0.0015,6,0,0.058,0.02,0,0.201,17,0.0465,0.0096,0.047,0.045,"HQH056980",0.001
0.004,0.0568,0,0,0.024,0.02,0,0.341,24,0.0078,0.0027,0.04,0.038,"HQJ012250",0
0.006,0.0021,0,2,0.018,0.02,0,0.136,23,0.0103,0.0045,0.028,0.026,"HQY007980",0.002
0.005,0.0438,0,0,0.012,0.02,0,0.211,21,0.0143,0.0028,0.02,0.019,"HQY062150",0.001
0.004,0.0426,0,0,0.035,0.02,0,0.198,17,0.0122,0.0048,0.027,0.027,"HQJ043060",0
0.005,0.0372,0,4,0.011,0.02,0,0.192,27,0.0088,0.0026,0.022,0.022,"HQD124080",0
0.007,0.0047,10,0,0.103,0.02,0.06,0.578,28,0.0826,0.0101,0.053,0.051,"HQX126610",0.001
0.007,0.0021,0,0,0.017,0.02,0,0.064,23,0.0062,0.0034,0.03,0.029,"HQY105290",0.003
0.006,0.0394,0,0,0.01,0.02,0,0.193,27,0.0097,0.0032,0.025,0.024,"HQD038590",0
0.005,0.0567,0,0,0.01,0.02,0,0.339,25,0.0087,0.0037,0.04,0.038,"HQD079030",0
0.005,0.1204,0,26,0.017,0.02,0,0.501,23,0.0094,0.0023,0.025,0.023,"HQC059180",0
0.006,0.0399,0,0,0.022,0.02,0,0.213,18,0.0075,0.0049,0.023,0.02,"HQA024720",0
0.006,0.0019,0,1,0.016,0.02,0,0.13,22,0.0099,0.0036,0.023,0.021,"HQX041480",0.002
0.005,0.0018,5,1,0.055,0.02,0,0.201,23,0.0428,0.0098,0.041,0.039,"HQE009270",0.002
0.006,0.1284,0,0,0.014,0.02,0,0.451,22,0.0117,0.0027,0.02,0.02,"HQA084830",0.001
0.005,0.0018,0,1,0.018,0.02,0,0.143,18,0.0104,0.004,0.023,0.021,"HQY015630",0.002
0.006,0.033,0,0,0.018,0.02,0,0.192,21,0.0095,0.0037,0.03,0.029,"HQA118410",0
0.004,0.0374,0,2,0.016,0.02,0,0.192,13,0.0119,0.0029,0.022,0.021,"HQF056420",0
0.004,0.0354,0,1,0.013,0.02,0,0.19,20,0.01,0.0041,0.02,0.018,"HQE093490",0
0.004,0.038,0,0,0.01,0.02,0,0.227,22,0.0072,0.0026,0.024,0.023,"HQJ126120",0
0.006,0.0404,0,0,0.013,0.02,0,0.199,17,0.0127,0.0033,0.028,0.027,"HQD068060",0
0.006,0.0019,0,0,0.02,0.02,0,0.069,19,0.0086,0.0028,0.028,0.027,"HQZ105970",0.001
0.004,0.036,0,0,0.019,0.02,0,0.18,16,0.0111,0.0029,0.024,0.021,"HQF159150",0
0.004,0.002,0,0,0.028,0.02,0,0.15,22,0.0103,0.0038,0.027,0.025,"HQG071250",0.001
0.006,0.0384,0,0,0.027,0.03,0,0.205,24,0.0077,0.0034,0.022,0.021,"HQD066000",0
0.004,0.033,11,1,0.023,0.02,0,0.169,22,0.0077,0.0033,0.028,0.027,"HQJ009740",0
0.004,0.0016,0,0,0.02,0.02,0,0.082,24,0.0117,0.0029,0.028,0.026,"HQF031820",0.001
0.005,0.0386,0,0,0.017,0.02,0,0.18,20,0.0096,0.0034,0.021,0.02,"HQC006320",0
0.006,0.036,0,0,0.014,0.01,0,0.203,33,0.0058,0.0027,0.028,0.026,"HQY014900",0
0.006,0.0382,0,1,0.025,0.02,0,0.19,18,0.009,0.0039,0.021,0.019,"HQB006760",0
0.006,0.0379,0,0,0.02,0.02,0,0.194,23,0.0092,0.0034,0.026,0.025,"HQJ091260",0
0.007,0.0021,0,0,0.011,0.01,0,0.099,12,0.0099,0.0033,0.029,0.027,"HQY100950",0.001
0.004,0.1228,0,0,0.014,0.01,0,0.44,25,0.0119,0.0025,0.02,0.019,"HQC003790",0
0.004,0.0629,0,0,0.012,0.02,0,0.353,24,0.0068,0.0024,0.04,0.039,"HQJ115670",0
0.006,0.0403,0,0,0.009,0.02,0,0.196,28,0.0077,0.0034,0.024,0.022,"HQC106490",0
0.005,0.1569,0,0,0.014,0.02,0,1.111,32,0.0102,0.0028,0.03,0.028,"HQY060120",0.001
0.005,0.038,0,0,0.011,0.02,0,0.192,21,0.0125,0.0029,0.028,0.026,"HQF111830",0
0.005,0.0369,0,0,0.027,0.01,0,0.184,19,0.0071,0.0044,0.044,0.043,"HQF021000",0
0.006,0.0401,19,4,0.021,0.03,0,0.196,13,0.0138,0.0042,0.025,0.022,"HQE098940",0
0.006,0.0383,0,0,0.031,0.02,0,0.199,22,0.0094,0.0029,0.032,0.031,"HQB129390",0
0.004,0.0556,0,0,0.023,0.01,0,0.342,34,0.0072,0.0031,0.039,0.038,"HQJ116270",0
0.007,0.0019,0,1,0.018,0.02,0,0.139,17,0.0093,0.0033,0.028,0.026,"HQX036540",0.002
0.004,0.04,12,0,0.011,0.01,0,0.189,13,0.0064,0.0033,0.025,0.024,"HQG073960",0
0.004,0.0454,11,0,0.018,0.02,0,0.204,21,0.0095,0.0033,0.024,0.023,"HQF027380",0
0.007,0.0401,0,0,0.011,0.02,0,0.203,33,0.0088,0.003,0.021,0.02,"HQX023040",0
0.007,0.0353,0,0,0.012,0.02,0,0.188,27,0.0061,0.0025,0.023,0.021,"HQY103510",0
0.004,0.1199,0,0,0.014,0.02,0,0.301,27,0.0096,0.0027,0.025,0.024,"HQJ069930",0
0.005,0.0022,0,1,0.012,0.02,0,0.084,21,0.0085,0.0031,0.03,0.029,"HQG047340",0.001
0.005,0.0745,0,0,0.016,0.02,0,0.454,31,0.0077,0.0026,0.028,0.027,"HQZ066950",0
0.004,0.1475,0,1,0.021,0.02,0,0.893,28,0.0108,0.0031,0.023,0.022,"HQH021660",0.001
0.004,0.0829,4,0,0.012,0.02,0,0.916,37,0.0206,0.0022,0.03,0.029,"HQJ149150",0.001
0.005,0.002,0,2,0.012,0.02,0,0.071,12,0.0099,0.0034,0.03,0.028,"HQA011120",0.002
0.006,0.0606,0,0,0.017,0.02,0,0.813,41,0.0068,0.0021,0.038,0.037,"HQA019450",0
0.004,0.1478,0,0,0.01,0.02,0,0.47,33,0.0086,0.0034,0.024,0.023,"HQG168330",0
0.007,0.1407,1,0,0.019,0.02,0,1.504,42,0.0107,0.0021,0.025,0.024,"HQY013860",0.001
0.005,0.1415,0,1,0.023,0.02,0,0.774,36,0.01,0.0024,0.024,0.023,"HQG024520",0.001
0.005,0.0415,0,0,0.011,0.02,0,0.204,21,0.0077,0.0036,0.021,0.02,"HQZ009260",0
0.007,0.0384,13,0,0.019,0.02,0,0.198,21,0.0078,0.0041,0.021,0.02,"HQX014250",0
0.005,0.036,0,0,0.011,0.02,0,0.206,20,0.0073,0.0027,0.027,0.025,"HQB076700",0
0.006,0.0386,0,0,0.013,0.02,0,0.201,19,0.0084,0.0048,0.025,0.024,"HQX113550",0
0.005,0.0017,0,0,0.027,0.03,0,0.089,23,0.0127,0.0044,0.028,0.027,"HQC139500",0.001
0.005,0.0198,0,2,0.016,0.02,0,0.183,19,0.0065,0.0039,0.019,0.018,"HQZ018030",0
0.004,0.002,0,0,0.013,0.02,0,0.108,20,0.0093,0.0029,0.031,0.029,"HQC055090",0.002
0.007,0.0021,0,1,0.013,0.02,0,0.092,18,0.0091,0.0025,0.027,0.025,"HQX021460",0.001
0.004,0.0354,0,0,0.021,0.02,0,0.185,19,0.0067,0.0031,0.023,0.021,"HQJ038660",0
0.005,0.018,1,0,0.029,0.03,0,0.199,25,0.0149,0.0051,0.02,0.019,"HQC139670",0
0.007,0.0777,3,0,0.016,0.02,0,0.913,29,0.0192,0.0026,0.029,0.027,"HQA102130",0
0.004,0.0019,0,0,0.014,0.02,0,0.069,18,0.0075,0.0028,0.03,0.029,"HQH046030",0.002
0.005,0.12,0,5,0.023,0.02,0,0.5,22,0.0132,0.0026,0.017,0.015,"HQC059330",0.001
0.006,0.0015,0,0,0.014,0.02,0,0.098,19,0.0096,0.0027,0.032,0.03,"HQA039830",0.001
0.004,0.0625,0,0,0.011,0.02,0,0.343,31,0.0113,0.0028,0.035,0.032,"HQF052180",0
0.005,0.0301,0,1,0.013,0.02,0,0.175,23,0.0054,0.0033,0.021,0.02,"HQH034240",0
0.007,0.0021,0,3,0.017,0.02,0,0.151,17,0.0094,0.0036,0.034,0.033,"HQD021550",0.002
0.005,0.0564,0,1,0.012,0.02,0,0.343,22,0.0091,0.0027,0.036,0.034,"HQD108680",0
0.006,0.0203,13,0,0.012,0.02,0,0.157,13,0.0076,0.0034,0.027,0.025,"HQZ002820",0
0.004,0.123,0,0,0.015,0.01,0,0.309,22,0.0087,0.003,0.026,0.025,"HQH115530",0
0.005,0.0388,0,2,0.013,0.02,0,0.147,19,0.0076,0.0037,0.025,0.021,"HQE105840",0
0.004,0.058,0,0,0.018,0.02,0,0.792,40,0.009,0.0021,0.029,0.027,"HQG106310",0
0.004,0.0674,0,0,0.023,0.02,0,0.488,33,0.014,0.0022,0.044,0.042,"HQJ062360",0.001
0.005,0.0016,5,11,0.058,0.02,0,0.194,10,0.0422,0.0085,0.044,0.04,"HQE119890",0.001
0.006,0.0695,0,3,0.01,0.02,0,0.492,39,0.0117,0.0057,0.049,0.048,"HQD040230",0.001
0.006,0.0751,2,0,0.024,0.02,0,0.896,43,0.0191,0.0024,0.027,0.027,"HQB077320",0
0.004,0.0198,14,2,0.01,0.01,0,0.126,14,0.0065,0.0031,0.035,0.033,"HQF056000",0
0.004,0.0335,0,0,0.02,0.02,0,0.19,28,0.0084,0.0032,0.033,0.032,"HQH113540",0
0.006,0.0394,0,0,0.015,0.02,0,0.187,20,0.0103,0.0024,0.028,0.027,"HQC057730",0
0.005,0.0381,0,0,0.013,0.02,0,0.194,20,0.011,0.0026,0.023,0.021,"HQG026610",0
0.005,0.0016,0,0,0.009,0.02,0,0.097,14,0.0087,0.0032,0.026,0.024,"HQZ070440",0
0.005,0.0018,0,1,0.013,0.02,0,0.091,20,0.0091,0.0036,0.032,0.03,"HQX140860",0.001
0.004,0.1371,1,0,0.025,0.02,0,0.829,40,0.0119,0.003,0.022,0.02,"HQJ046430",0.002
0.005,0.2033,1,0,0.031,0.02,0,0.88,34,0.0121,0.004,0.017,0.016,"HQD102780",0.001
0.005,0.0019,0,0,0.009,0.02,0,0.094,14,0.0095,0.0032,0.027,0.026,"HQE011700",0.001
0.005,0.1177,0,0,0.013,0.02,0,0.449,29,0.012,0.0033,0.017,0.016,"HQZ119590",0
0.005,0.1212,0,1,0.017,0.02,0,0.443,28,0.0092,0.0041,0.026,0.024,"HQB113260",0
0.005,0.038,0,1,0.017,0.02,0,0.194,15,0.012,0.0039,0.026,0.025,"HQY066860",0
0.006,0.0014,0,2,0.019,0.02,0,0.079,20,0.0088,0.004,0.028,0.025,"HQX043940",0.001
0.006,0.0571,0,0,0.021,0.01,0,0.343,15,0.0083,0.0029,0.028,0.027,"HQA143160",0
0.007,0.0476,0,0,0.018,0.01,0,0.296,40,0.0062,0.0032,0.04,0.039,"HQD044030",0
0.005,0.0327,0,0,0.016,0.02,0,0.179,16,0.0066,0.0032,0.024,0.023,"HQG027580",0
0.006,0.0368,0,0,0.014,0.02,0,0.2,18,0.0077,0.0029,0.029,0.028,"HQZ134020",0
0.007,0.1316,0,0,0.013,0.02,0,0.898,38,0.0086,0.0026,0.024,0.023,"HQY124490",0.001
0.004,0.0178,0,0,0.01,0.02,0,0.191,18,0.0076,0.0103,0.024,0.024,"HQD098060",0
0.005,0.0788,3,1,0.013,0.01,0,0.91,33,0.019,0.0029,0.024,0.024,"HQE139860",0.001
0.005,0.042,19,0,0.01,0.02,0,0.212,21,0.0048,0.0027,0.023,0.021,"HQC019630",0
0.005,0.198,0,0,0.012,0.02,0,0.435,26,0.0104,0.003,0.028,0.027,"HQF005910",0.001
0.004,0.032,0,0,0.015,0.02,0,0.195,22,0.0067,0.0032,0.026,0.025,"HQG128360",0
0.006,0.0014,0,0,0.03,0.02,0,0.094,16,0.0097,0.0037,0.023,0.021,"HQC091890",0.001
0.004,0.0415,0,0,0.013,0.02,0,0.186,15,0.0083,0.0033,0.023,0.023,"HQC006610",0
0.005,0.0769,3,1,0.034,0.03,0,0.894,34,0.019,0.0026,0.034,0.033,"HQG148540",0.001
0.006,0.022,0,0,0.011,0.02,0,0.2,15,0.0095,0.0047,0.025,0.024,"HQA018560",0
0.004,0.0489,0,0,0.025,0.02,0,0.294,29,0.0064,0.0034,0.031,0.03,"HQF037980",0
0.004,0.0418,0,0,0.01,0.02,0,0.206,18,0.0111,0.003,0.029,0.027,"HQH164080",0
0.007,0.0755,3,0,0.017,0.03,0,0.902,35,0.0193,0.0022,0.032,0.03,"HQX038920",0.001
0.005,0.0535,0,0,0.023,0.02,0,0.756,33,0.0094,0.0026,0.033,0.031,"HQG000070",0
0.005,0.0012,6,0,0.054,0.02,0,0.199,18,0.0475,0.0089,0.032,0.03,"HQZ133420",0
0.006,0.0195,0,6,0.01,0.02,0,0.194,16,0.0074,0.0092,0.023,0.021,"HQD047170",0
0.005,0.1146,0,0,0.01,0.02,0,0.313,29,0.0119,0.0028,0.018,0.017,"HQB120580",0
0.005,0.0382,0,0,0.015,0.02,0,0.207,20,0.0088,0.0036,0.018,0.016,"HQZ167340",0
0.005,0.0016,0,1,0.01,0.02,0,0.095,16,0.0097,0.0032,0.032,0.03,"HQC089510",0.001
0.003,0.002,0,0,0.024,0.02,0,0.093,10,0.0097,0.003,0.025,0.024,"HQG083280",0.001
0.006,0.0557,0,0,0.014,0.02,0,0.803,38,0.0079,0.0028,0.038,0.036,"HQY025250",0.001
0.006,0.0581,0,0,0.018,0.02,0,0.803,40,0.0093,0.0028,0.033,0.032,"HQB130170",0
0.004,0.038,0,0,0.007,0.01,0,0.181,21,0.0149,0.0034,0.031,0.028,"HQH151590",0
0.005,0.0393,0,0,0.011,0.02,0,0.165,25,0.0083,0.0033,0.022,0.02,"HQZ141880",0
0.005,0.0353,0,0,0.013,0.02,0,0.201,19,0.0079,0.0026,0.026,0.024,"HQA031540",0
0.005,0.0413,0,0,0.022,0.02,0,0.196,18,0.0074,0.0048,0.028,0.027,"HQE036560",0
0.005,0.0365,0,0,0.018,0.02,0,0.195,15,0.0061,0.0038,0.03,0.03,"HQA029250",0
0.006,0.0405,0,0,0.017,0.02,0,0.215,41,0.0078,0.0035,0.024,0.023,"HQX118470",0
0.008,0.0392,0,0,0.008,0.02,0,0.193,20,0.0091,0.0027,0.026,0.026,"HQB025470",0
0.004,0.0434,0,0,0.021,0.02,0,0.293,31,0.009,0.0031,0.031,0.029,"HQG147140",0
0.007,0.0043,10,0,0.101,0.02,0.06,0.589,25,0.0826,0.0099,0.052,0.05,"HQX126390",0.001
0.005,0.0446,0,1,0.013,0.02,0,0.303,35,0.0074,0.005,0.03,0.028,"HQZ013620",0
0.004,0.0019,0,0,0.012,0.02,0,0.062,15,0.0078,0.0032,0.026,0.025,"HQJ124050",0.002
0.006,0.0188,0,0,0.01,0.02,0,0.178,26,0.0079,0.0036,0.024,0.024,"HQC142020",0
0.005,0.0028,7,0,0.07,0.02,0,0.238,14,0.0708,0.0095,0.042,0.038,"HQG016630",0.001
0.004,0.1214,0,0,0.023,0.02,0,0.314,26,0.0095,0.003,0.027,0.026,"HQH071250",0
0.006,0.0016,6,3,0.01,0.02,0,0.681,14,0.0543,0.0035,0.038,0.037,"HQE116450",0.002
0.004,0.0164,0,0,0.011,0.01,0,0.194,26,0.0057,0.0027,0.021,0.02,"HQB144690",0
0.004,0.0663,0,1,0.014,0.02,0,0.494,29,0.0122,0.0032,0.049,0.046,"HQG165670",0.001
0.004,0.0366,0,0,0.009,0.02,0,0.202,17,0.0107,0.0048,0.025,0.022,"HQJ160470",0
0.005,0.1115,0,0,0.02,0.02,0,0.503,38,0.0099,0.0014,0.028,0.028,"HQG020590",0
0.004,0.0364,0,0,0.016,0.02,0,0.184,17,0.0082,0.0034,0.022,0.022,"HQG110160",0
0.005,0.0799,3,1,0.016,0.02,0,1.075,33,0.0184,0.0022,0.035,0.034,"HQH046460",0.002
0.005,0.0374,0,0,0.014,0.02,0,0.185,32,0.0093,0.0025,0.03,0.029,"HQB068410",0
0.005,0.002,0,0,0.022,0.02,0,0.149,16,0.0098,0.004,0.039,0.038,"HQH108160",0.002
0.005,0.0397,0,0,0.017,0.02,0,0.189,39,0.0079,0.0028,0.03,0.029,"HQG017650",0
0.006,0.1732,0,0,0.016,0.02,0,0.479,30,0.0113,0.0031,0.019,0.018,"HQX004450",0.001
0.005,0.0432,0,0,0.015,0.02,0,0.195,21,0.009,0.0039,0.027,0.026,"HQB130930",0
0.004,0.0156,0,0,0.016,0.02,0,0.181,19,0.0075,0.0028,0.022,0.021,"HQG116440",0
0.006,0.0556,0,0,0.016,0.02,0,0.332,29,0.0108,0.0042,0.032,0.03,"HQX030710",0.001
0.004,0.0404,15,1,0.02,0.01,0,0.241,21,0.0052,0.0038,0.038,0.037,"HQG072420",0
0.004,0.0378,0,1,0.012,0.02,0,0.231,26,0.0132,0.0026,0.023,0.021,"HQG143130",0
0.007,0.021,0,0,0.019,0.03,0,0.206,17,0.008,0.0084,0.024,0.023,"HQY163470",0.001
0.004,0.0342,0,31,0.014,0.03,0,0.188,15,0.0107,0.0032,0.026,0.024,"HQD122450",0
0.007,0.1219,0,0,0.028,0.02,0,0.288,24,0.009,0.0031,0.019,0.018,"HQA140960",0
0.005,0.0737,0,0,0.013,0.02,0,0.298,31,0.0088,0.0025,0.031,0.03,"HQZ026000",0
0.006,0.0377,0,0,0.009,0.02,0,0.185,11,0.0069,0.0036,0.032,0.031,"HQF002010",0
0.006,0.0393,0,0,0.017,0.02,0,0.185,17,0.0077,0.0028,0.034,0.032,"HQD022000",0
0.005,0.0021,0,0,0.01,0.02,0,0.088,14,0.0106,0.0033,0.037,0.036,"HQG047240",0.001
0.004,0.0743,0,1,0.016,0.02,0,0.283,27,0.0096,0.0025,0.033,0.033,"HQG081310",0
0.006,0.0383,0,0,0.009,0.01,0,0.192,15,0.0075,0.0038,0.033,0.032,"HQF022260",0
0.006,0.0387,12,0,0.018,0.02,0,0.24,16,0.0081,0.0028,0.03,0.028,"HQA164470",0
0.006,0.0382,18,0,0.014,0.01,0,0.203,16,0.0067,0.0026,0.024,0.022,"HQY118700",0
0.004,0.0423,0,0,0.011,0.02,0,0.198,20,0.0099,0.0034,0.026,0.022,"HQJ004510",0
0.004,0.0386,19,0,0.008,0.02,0,0.172,15,0.0159,0.0029,0.016,0.016,"HQB148780",0
0.005,0.0392,0,0,0.017,0.02,0,0.199,19,0.0094,0.0031,0.026,0.025,"HQH050000",0
0.006,0.0019,0,0,0.017,0.02,0,0.07,20,0.0089,0.0032,0.029,0.027,"HQB090910",0.001
0.005,0.0382,0,0,0.02,0.02,0,0.18,19,0.0088,0.0037,0.02,0.019,"HQE099040",0
0.006,0.0567,0,0,0.021,0.02,0,0.342,26,0.0091,0.0027,0.035,0.034,"HQC023920",0
0.004,0.0358,0,0,0.023,0.03,0,0.188,19,0.0094,0.0042,0.02,0.02,"HQJ112460",0
0.007,0.0359,10,0,0.023,0.03,0,0.23,24,0.0119,0.0034,0.032,0.03,"HQX081180",0
0.006,0.0195,0,0,0.011,0.02,0,0.195,13,0.0088,0.0033,0.025,0.024,"HQY149790",0
0.006,0.0226,0,2,0.01,0.01,0,0.21,18,0.0065,0.0033,0.024,0.023,"HQZ132560",0
0.005,0.0587,0,0,0.022,0.02,0,0.345,21,0.0088,0.0031,0.032,0.032,"HQG003280",0
0.004,0.0783,5,0,0.015,0.02,0,0.89,34,0.0183,0.002,0.03,0.027,"HQH150140",0
0.007,0.0615,0,1,0.03,0.03,0,0.822,37,0.0126,0.0022,0.028,0.027,"HQD058990",0.001
0.004,0.0208,0,0,0.013,0.01,0,0.2,11,0.0068,0.0024,0.024,0.021,"HQH139160",0
0.005,0.1177,0,0,0.013,0.02,0,0.47,35,0.0098,0.0023,0.022,0.02,"HQB084080",0
0.006,0.1862,0,0,0.018,0.02,0,0.471,23,0.0105,0.0032,0.03,0.029,"HQA056140",0
0.005,0.0398,0,0,0.01,0.02,0,0.189,14,0.0099,0.004,0.024,0.023,"HQE049590",0
0.004,0.0379,0,0,0.029,0.02,0,0.201,24,0.0076,0.0034,0.024,0.023,"HQF111690",0
0.005,0.1216,0,0,0.012,0.01,0,0.406,38,0.0072,0.0035,0.029,0.028,"HQD096690",0
0.003,0.0785,0,0,0.03,0.02,0,0.301,31,0.0099,0.0024,0.03,0.028,"HQG081950",0
0.006,0.1047,0,0,0.014,0.01,0,0.678,41,0.0075,0.0023,0.02,0.019,"HQA032360",0
0.004,0.0018,0,0,0.021,0.01,0,0.093,15,0.0102,0.0034,0.033,0.031,"HQG104310",0.001
0.004,0.036,0,1,0.008,0.01,0,0.193,27,0.0076,0.0036,0.024,0.022,"HQJ100340",0
0.006,0.0342,0,0,0.011,0.02,0,0.199,23,0.0091,0.0031,0.019,0.018,"HQX155560",0
0.004,0.0757,0,1,0.036,0.01,0,0.463,39,0.0073,0.0037,0.022,0.02,"HQG108870",0.001
0.006,0.0404,0,0,0.012,0.02,0,0.193,22,0.0065,0.0033,0.022,0.021,"HQD000810",0
0.004,0.0476,0,0,0.027,0.03,0,0.296,22,0.0085,0.0046,0.034,0.033,"HQG062810",0
0.006,0.0411,0,0,0.009,0.02,0,0.191,27,0.0088,0.0027,0.025,0.023,"HQX097820",0
0.005,0.1185,0,0,0.02,0.02,0,0.424,23,0.0103,0.0029,0.023,0.023,"HQB084270",0
0.005,0.1944,0,0,0.028,0.02,0,0.788,33,0.0113,0.0041,0.014,0.014,"HQE158720",0.001
0.005,0.0383,0,0,0.029,0.02,0,0.21,22,0.0068,0.0042,0.022,0.021,"HQX118500",0
0.004,0.0019,0,0,0.008,0.02,0.01,0.099,14,0.0104,0.0026,0.029,0.028,"HQF038160",0.001
0.003,0.0185,0,0,0.009,0.01,0,0.199,18,0.0087,0.0035,0.024,0.023,"HQY048260",0
0.005,0.0357,0,0,0.02,0.02,0,0.147,14,0.0089,0.0029,0.018,0.017,"HQF085020",0
0.006,0.0414,0,0,0.023,0.02,0,0.197,14,0.0134,0.0042,0.023,0.022,"HQA066770",0
0.004,0.0015,0,0,0.029,0.02,0,0.141,19,0.0102,0.0038,0.035,0.034,"HQJ049900",0.004
0.006,0.0203,0,1,0.017,0.02,0,0.197,17,0.0089,0.0036,0.029,0.027,"HQA018100",0
0.007,0.0564,0,0,0.011,0.02,0,0.796,37,0.0148,0.0022,0.031,0.03,"HQE022980",0.002
0.007,0.0433,12,0,0.02,0.02,0,0.212,21,0.008,0.003,0.027,0.025,"HQX056090",0
0.005,0.0168,0,0,0.019,0.02,0,0.179,15,0.0086,0.003,0.02,0.019,"HQE073690",0
0.006,0.1343,0,0,0.017,0.02,0,0.825,25,0.0099,0.0031,0.023,0.022,"HQF008190",0.002
0.005,0.0347,0,0,0.015,0.03,0,0.191,17,0.009,0.0041,0.024,0.022,"HQE081200",0
0.005,0.1497,0,0,0.011,0.02,0,0.697,29,0.0126,0.0026,0.022,0.021,"HQD147460",0
0.004,0.0432,0,0,0.018,0.01,0,0.192,15,0.0059,0.0038,0.029,0.027,"HQJ052850",0
0.007,0.0627,0,0,0.012,0.02,0,0.771,29,0.0115,0.003,0.028,0.027,"HQB114600",0
0.004,0.0352,0,0,0.01,0.01,0,0.19,13,0.0053,0.0033,0.028,0.027,"HQG073260",0
0.006,0.0398,0,0,0.013,0.02,0,0.204,21,0.0095,0.0034,0.027,0.026,"HQD003860",0
0.004,0.0768,2,0,0.011,0.02,0,0.906,22,0.0192,0.0028,0.027,0.026,"HQF123890",0.001
0.005,0.0018,0,0,0.012,0.02,0,0.075,17,0.0086,0.0039,0.033,0.032,"HQG166810",0.002
0.006,0.0379,0,0,0.009,0.02,0,0.196,16,0.0094,0.0032,0.019,0.019,"HQB096660",0
0.005,0.0015,0,0,0.011,0.02,0,0.096,14,0.0096,0.0036,0.03,0.027,"HQC139540",0.001
0.006,0.0393,0,0,0.012,0.02,0,0.208,12,0.0086,0.0022,0.026,0.024,"HQB089660",0
0.006,0.1079,0,0,0.018,0.02,0,0.493,24,0.0113,0.0032,0.019,0.018,"HQD026920",0.001
0.004,0.0398,0,0,0.012,0.02,0,0.185,12,0.0094,0.0025,0.024,0.023,"HQJ010290",0
0.004,0.1238,0,0,0.026,0.03,0,0.302,32,0.0113,0.0026,0.027,0.026,"HQJ017910",0.001
0.004,0.0426,19,0,0.016,0.02,0,0.148,20,0.0099,0.0037,0.017,0.015,"HQE042460",0
0.004,0.0432,12,0,0.019,0.02,0,0.192,16,0.0106,0.0034,0.026,0.023,"HQH157660",0
0.004,0.0369,12,0,0.017,0.02,0,0.205,18,0.0099,0.0035,0.023,0.022,"HQH033420",0
0.005,0.0417,0,0,0.01,0.02,0,0.188,22,0.0089,0.0037,0.017,0.016,"HQE045160",0
0.005,0.034,10,0,0.008,0.02,0,0.196,32,0.0117,0.0025,0.022,0.021,"HQD099810",0
0.005,0.0395,0,0,0.011,0.03,0,0.21,22,0.0076,0.0032,0.019,0.018,"HQB075420",0
0.005,0.1449,0,1,0.011,0.02,0,0.491,28,0.0122,0.0033,0.023,0.022,"HQG168500",0
0.004,0.0431,0,0,0.025,0.02,0,0.199,20,0.007,0.0034,0.023,0.022,"HQH124610",0
0.006,0.1848,0,0,0.012,0.02,0,0.771,33,0.0086,0.0029,0.028,0.026,"HQC104940",0
0.004,0.0784,2,1,0.035,0.02,0,0.896,31,0.0187,0.0029,0.023,0.022,"HQG110600",0.001
0.005,0.0366,0,0,0.011,0.02,0,0.2,15,0.0098,0.003,0.028,0.027,"HQG020220",0
0.007,0.1188,0,0,0.012,0.02,0,0.309,29,0.0086,0.0025,0.022,0.02,"HQY102810",0
0.005,0.0022,0,11,0.014,0.02,0,0.086,17,0.0094,0.0036,0.028,0.026,"HQF118640",0.001
0.006,0.0406,0,3,0.012,0.02,0,0.207,19,0.0078,0.003,0.029,0.026,"HQX109560",0
0.005,0.0575,0,0,0.014,0.03,0,0.336,19,0.0099,0.0025,0.029,0.028,"HQH140730",0
0.004,0.0351,0,0,0.009,0.02,0,0.185,18,0.0112,0.0028,0.022,0.021,"HQG016100",0
0.005,0.1216,0,0,0.01,0.01,0,0.454,31,0.0067,0.0025,0.024,0.023,"HQD049050",0
0.006,0.002,0,2,0.011,0.02,0,0.09,14,0.0096,0.0036,0.025,0.024,"HQE093970",0.002
0.006,0.1173,0,2,0.014,0.02,0,1.197,37,0.0092,0.0035,0.022,0.021,"HQZ007470",0.002
0.008,0.038,0,0,0.01,0.01,0,0.19,13,0.0051,0.0037,0.027,0.026,"HQD045280",0
0.004,0.081,3,0,0.024,0.01,0,1.074,25,0.0182,0.0027,0.025,0.024,"HQG091770",0.001
0.006,0.0455,0,0,0.035,0.02,0,0.18,18,0.0078,0.0037,0.023,0.023,"HQC103980",0
0.004,0.0014,5,0,0.06,0.03,0,0.2,14,0.0425,0.0088,0.033,0.032,"HQH113650",0.001
0.006,0.1146,0,0,0.013,0.02,0,0.292,30,0.0088,0.003,0.02,0.019,"HQX024490",0
0.004,0.0564,0,0,0.02,0.02,0,0.335,31,0.009,0.0029,0.04,0.038,"HQJ048240",0.001
0.006,0.0526,0,2,0.022,0.02,0,0.778,37,0.0085,0.0029,0.027,0.025,"HQX130600",0.001
0.003,0.0365,0,0,0.018,0.02,0,0.186,25,0.009,0.0034,0.033,0.031,"HQJ005910",0
0.005,0.1453,0,0,0.015,0.02,0,0.5,20,0.0113,0.003,0.024,0.023,"HQZ156990",0
0.004,0.0364,0,0,0.014,0.02,0,0.188,25,0.0096,0.0027,0.023,0.019,"HQF145040",0
0.005,0.039,0,1,0.019,0.02,0,0.206,20,0.0089,0.0047,0.028,0.026,"HQY056470",0
0.004,0.0408,12,0,0.013,0.02,0,0.19,15,0.0096,0.0037,0.027,0.026,"HQG120920",0
0.005,0.0771,1,1,0.028,0.02,0,1.304,33,0.0107,0.0027,0.022,0.021,"HQD141840",0.002
0.005,0.0366,0,0,0.026,0.02,0,0.198,19,0.012,0.0031,0.026,0.024,"HQH113480",0
0.005,0.0372,0,0,0.016,0.01,0,0.208,25,0.0075,0.0028,0.037,0.035,"HQY040350",0.001
0.005,0.0386,0,1,0.009,0.02,0,0.194,23,0.0106,0.0031,0.023,0.021,"HQX105050",0
0.006,0.0014,0,0,0.011,0.02,0,0.074,20,0.0087,0.0028,0.031,0.029,"HQX163620",0.002
0.005,0.0024,0,1,0.014,0.03,0,0.141,18,0.0114,0.0033,0.024,0.018,"HQC013790",0.001
0.006,0.0396,0,0,0.01,0.02,0,0.186,18,0.0085,0.0036,0.024,0.02,"HQE094960",0
0.006,0.1131,0,0,0.027,0.02,0,0.312,32,0.0078,0.0031,0.021,0.02,"HQY100710",0
0.005,0.0013,0,0,0.02,0.02,0,0.096,22,0.01,0.0045,0.027,0.026,"HQX094130",0
0.005,0.0012,0,0,0.02,0.02,0,0.074,16,0.0087,0.0038,0.033,0.032,"HQG049890",0.002
0.004,0.0027,0,1,0.009,0.02,0,0.15,13,0.0088,0.0033,0.028,0.027,"HQD131560",0.001
0.006,0.0392,0,0,0.018,0.02,0,0.24,22,0.0095,0.0038,0.02,0.019,"HQX134290",0
0.004,0.0564,1,0,0.026,0.02,0,0.785,27,0.0137,0.0025,0.031,0.031,"HQH146880",0.001
0.004,0.002,0,1,0.016,0.02,0,0.152,15,0.009,0.0034,0.033,0.032,"HQH093620",0.002
0.005,0.0032,16,0,0.061,0.07,0,0.563,16,0.0149,0.0036,0.027,0.024,"HQH052800",0.002
0.004,0.0331,0,0,0.024,0.02,0,0.189,21,0.0098,0.0035,0.024,0.023,"HQJ112320",0
0.004,0.0408,12,0,0.013,0.02,0,0.19,15,0.0096,0.0037,0.027,0.026,"HQG120880",0
0.004,0.0649,0,0,0.019,0.02,0,0.474,35,0.0131,0.0035,0.032,0.031,"HQJ002450",0
0.005,0.0361,0,0,0.011,0.01,0,0.189,28,0.0084,0.0029,0.029,0.028,"HQB097440",0
0.004,0.0372,0,0,0.01,0.02,0,0.188,15,0.0094,0.0029,0.023,0.022,"HQJ010450",0
0.005,0.1841,0,0,0.021,0.02,0,0.855,34,0.0129,0.0031,0.019,0.018,"HQF155430",0.001
0.006,0.0319,0,0,0.018,0.02,0,0.191,30,0.0079,0.0027,0.033,0.03,"HQA033870",0
0.004,0.0585,0,2,0.022,0.02,0,0.814,28,0.0119,0.0022,0.032,0.026,"HQG131680",0.001
0.006,0.0418,0,0,0.017,0.02,0,0.197,16,0.0079,0.0027,0.028,0.027,"HQA108190",0
0.005,0.0359,0,0,0.014,0.02,0,0.198,19,0.0083,0.0033,0.029,0.027,"HQB070360",0
0.005,0.0657,0,0,0.011,0.02,0,0.774,29,0.0099,0.0029,0.028,0.025,"HQX100460",0
0.005,0.036,13,3,0.014,0.01,0,0.23,16,0.0045,0.0049,0.035,0.034,"HQD077610",0
0.006,0.0342,1,0,0.014,0.02,0,0.132,20,0.01,0.0038,0.02,0.018,"HQX159560",0
0.004,0.038,0,0,0.013,0.02,0,0.187,22,0.0092,0.0033,0.029,0.027,"HQJ004450",0
0.006,0.0017,0,1,0.01,0.02,0,0.133,15,0.0095,0.0033,0.031,0.029,"HQY139140",0.002
0.006,0.0831,1,0,0.03,0.02,0,0.916,29,0.0196,0.0031,0.024,0.024,"HQF124280",0.002
0.004,0.0377,12,0,0.017,0.02,0,0.189,10,0.0084,0.0028,0.02,0.019,"HQG152010",0
0.008,0.0747,5,1,0.016,0.02,0,0.881,32,0.0189,0.0014,0.032,0.03,"HQB015540",0.001
0.005,0.0803,2,1,0.015,0.02,0,0.907,33,0.0203,0.0026,0.029,0.028,"HQC018230",0.001
0.006,0.0395,0,0,0.019,0.02,0,0.2,18,0.0078,0.0046,0.028,0.026,"HQX158570",0
0.006,0.0374,0,0,0.015,0.02,0,0.196,19,0.008,0.0034,0.027,0.026,"HQZ055290",0
0.006,0.0404,0,0,0.015,0.01,0,0.207,21,0.0049,0.0043,0.027,0.026,"HQZ112050",0
0.006,0.0345,0,0,0.014,0.01,0,0.201,17,0.0058,0.0035,0.026,0.025,"HQZ148290",0
0.006,0.0546,0,0,0.014,0.02,0,0.801,30,0.0103,0.0019,0.025,0.025,"HQH093710",0.001
0.004,0.1585,0,0,0.022,0.02,0,0.284,22,0.0094,0.003,0.035,0.034,"HQH083590",0
0.004,0.0013,0,0,0.022,0.02,0,0.065,18,0.0084,0.0034,0.036,0.035,"HQJ110850",0.001
0.005,0.0395,0,0,0.019,0.02,0,0.185,16,0.0066,0.003,0.021,0.017,"HQF029850",0
0.005,0.0487,0,0,0.013,0.01,0,0.311,18,0.0051,0.0033,0.028,0.027,"HQF138570",0
0.005,0.0451,0,0,0.014,0.02,0,0.221,20,0.0121,0.0034,0.024,0.023,"HQA070280",0
0.005,0.1212,0,1,0.017,0.02,0,0.443,28,0.0092,0.0041,0.026,0.024,"HQB113190",0
0.006,0.0394,0,0,0.013,0.02,0,0.187,24,0.0102,0.0029,0.027,0.026,"HQA035030",0
0.004,0.0478,0,0,0.013,0.01,0,0.294,20,0.0047,0.0033,0.027,0.026,"HQE129670",0
0.005,0.1616,0,0,0.025,0.02,0,0.589,33,0.0106,0.0023,0.042,0.04,"HQH154270",0
0.006,0.0319,0,0,0.009,0.01,0,0.193,23,0.0057,0.0028,0.024,0.023,"HQB075060",0
0.006,0.0556,0,0,0.024,0.02,0,0.804,30,0.0109,0.0029,0.036,0.035,"HQB088210",0
0.008,0.0582,0,0,0.012,0.01,0,0.347,23,0.0068,0.0024,0.034,0.031,"HQD045510",0
0.005,0.0019,0,0,0.009,0.02,0,0.08,19,0.0092,0.0025,0.033,0.032,"HQE030400",0.003
0.004,0.0014,7,0,0.053,0.02,0,0.198,18,0.0455,0.0099,0.039,0.037,"HQJ067840",0.001
0.005,0.0577,0,0,0.013,0.02,0,0.817,21,0.0122,0.0021,0.028,0.027,"HQD159340",0.002
0.005,0.0612,0,0,0.027,0.03,0,0.784,29,0.0138,0.0033,0.021,0.02,"HQF133750",0.001
0.004,0.0365,0,0,0.011,0.01,0,0.187,11,0.0053,0.0032,0.034,0.032,"HQH008600",0
0.005,0.0386,0,0,0.017,0.02,0,0.199,15,0.0097,0.0035,0.023,0.022,"HQE105490",0
0.006,0.1047,0,0,0.014,0.01,0,0.678,41,0.0075,0.0023,0.02,0.019,"HQA032380",0
0.004,0.0184,1,0,0.02,0.02,0,0.202,19,0.0073,0.0033,0.027,0.026,"HQJ039890",0
0.006,0.0507,0,0,0.013,0.02,0,0.795,38,0.0105,0.0026,0.028,0.026,"HQA079780",0
0.004,0.0442,0,0,0.017,0.02,0,0.156,23,0.0103,0.0031,0.021,0.02,"HQJ127180",0
0.005,0.1317,0,1,0.034,0.03,0,0.844,30,0.0154,0.0035,0.031,0.03,"HQF151560",0.001
0.006,0.0466,1,1,0.022,0.03,0,0.209,24,0.0115,0.003,0.035,0.033,"HQY007100",0
0.004,0.1511,0,1,0.021,0.02,0,0.463,29,0.0097,0.0023,0.028,0.027,"HQJ001230",0
0.004,0.042,0,0,0.016,0.02,0,0.191,17,0.0099,0.0029,0.027,0.026,"HQG137370",0
0.006,0.0397,13,0,0.01,0.02,0,0.193,13,0.0124,0.0036,0.027,0.026,"HQF006700",0
0.007,0.0729,0,1,0.01,0.02,0,0.611,24,0.0196,0.0024,0.03,0.028,"HQD022320",0.001
0.006,0.0583,0,1,0.021,0.02,0,0.806,28,0.0118,0.0031,0.029,0.027,"HQY025070",0.001
0.004,0.0021,0,0,0.011,0.02,0,0.094,13,0.009,0.003,0.033,0.031,"HQH159370",0.001
0.004,0.0345,0,3,0.025,0.03,0,0.187,29,0.008,0.0034,0.03,0.029,"HQD140010",0
0.005,0.0393,0,0,0.016,0.02,0,0.206,21,0.0068,0.0036,0.018,0.016,"HQY031990",0
0.004,0.188,0,0,0.017,0.02,0,0.401,30,0.0097,0.0028,0.021,0.02,"HQC120200",0
0.008,0.0784,3,1,0.024,0.02,0,1.103,35,0.0192,0.0032,0.029,0.028,"HQB019920",0.002
0.003,0.0495,0,0,0.018,0.03,0,0.29,37,0.0107,0.003,0.03,0.025,"HQG116300",0
0.005,0.002,0,0,0.009,0.02,0,0.068,16,0.0064,0.0033,0.034,0.032,"HQE106600",0.002
0.005,0.0012,6,0,0.057,0.02,0,0.199,16,0.0437,0.0092,0.042,0.04,"HQC142750",0.001
0.005,0.0369,11,0,0.014,0.02,0,0.198,16,0.009,0.004,0.019,0.018,"HQA000480",0
0.006,0.0015,4,0,0.054,0.02,0,0.201,26,0.0431,0.0099,0.035,0.034,"HQH109870",0.001
0.006,0.0384,0,0,0.015,0.02,0,0.205,22,0.009,0.0038,0.027,0.022,"HQC103660",0
0.005,0.0421,10,0,0.021,0.02,0,0.253,18,0.0091,0.0038,0.034,0.032,"HQY006590",0
0.004,0.1162,0,2,0.024,0.02,0,0.489,29,0.0099,0.0026,0.023,0.022,"HQH039880",0.001
0.004,0.0327,0,1,0.02,0.02,0,0.198,26,0.0084,0.0034,0.039,0.038,"HQH113410",0
0.006,0.0433,0,0,0.022,0.02,0,0.204,21,0.0066,0.003,0.03,0.028,"HQA164160",0
0.004,0.0617,0,0,0.013,0.02,0,0.359,33,0.0103,0.003,0.046,0.045,"HQJ116190",0
0.007,0.0766,3,1,0.016,0.02,0,0.947,37,0.0184,0.0025,0.03,0.028,"HQB102270",0.001
0.005,0.0025,0,0,0.012,0.02,0,0.1,13,0.0093,0.0035,0.028,0.026,"HQC137780",0.001
0.006,0.04,0,0,0.017,0.01,0,0.209,27,0.0077,0.0027,0.025,0.023,"HQA143710",0
0.007,0.0639,2,0,0.011,0.02,0,0.596,25,0.0185,0.0028,0.025,0.024,"HQB057870",0.001
0.006,0.044,0,0,0.011,0.02,0,0.191,23,0.0076,0.0038,0.022,0.021,"HQA095740",0
0.006,0.0414,18,1,0.009,0.02,0,0.193,25,0.0108,0.0029,0.023,0.022,"HQX027310",0
0.006,0.1843,0,0,0.014,0.02,0,0.425,25,0.0097,0.003,0.037,0.036,"HQE078020",0.001
0.005,0.0191,0,0,0.012,0.02,0,0.177,15,0.0074,0.003,0.026,0.025,"HQA062230",0
0.006,0.1348,0,0,0.023,0.03,0,1.456,39,0.0154,0.002,0.021,0.02,"HQX055990",0.002
0.004,0.0013,0,0,0.016,0.02,0,0.08,14,0.0104,0.0033,0.03,0.029,"HQG164440",0.001
0.006,0.0388,0,0,0.021,0.02,0,0.196,17,0.01,0.0039,0.023,0.022,"HQZ103850",0
0.004,0.0635,0,0,0.014,0.02,0,0.803,20,0.0112,0.0023,0.027,0.023,"HQD152070",0.001
0.007,0.0595,0,0,0.022,0.03,0,0.792,33,0.0096,0.0024,0.033,0.032,"HQA086770",0
0.004,0.1459,0,0,0.02,0.03,0,0.868,36,0.0163,0.0027,0.032,0.03,"HQY052710",0.002
0.005,0.1112,0,13,0.014,0.02,0,0.3,27,0.0068,0.0028,0.03,0.029,"HQH077270",0
0.006,0.0367,0,0,0.018,0.02,0,0.195,14,0.0086,0.0032,0.026,0.025,"HQD004210",0
0.005,0.0412,0,0,0.02,0.02,0,0.199,21,0.0094,0.0035,0.026,0.024,"HQZ074640",0
0.005,0.0554,0,1,0.012,0.02,0,0.796,27,0.0111,0.0023,0.03,0.028,"HQH091940",0.001
0.006,0.0409,17,0,0.008,0.02,0,0.196,19,0.0118,0.0028,0.02,0.019,"HQB030770",0
0.006,0.078,3,1,0.012,0.02,0,0.88,35,0.0207,0.0016,0.026,0.025,"HQA051330",0.001
0.006,0.0354,0,3,0.011,0.02,0,0.196,15,0.0087,0.0044,0.021,0.02,"HQD058450",0
0.005,0.0017,0,3,0.01,0.02,0,0.087,19,0.01,0.0036,0.02,0.02,"HQJ121840",0
0.007,0.0383,0,0,0.017,0.02,0,0.224,13,0.0076,0.0036,0.028,0.026,"HQY111460",0
0.004,0.0404,13,0,0.008,0.02,0,0.221,17,0.0086,0.0029,0.034,0.034,"HQE130970",0
0.005,0.041,17,0,0.021,0.04,0,0.185,32,0.0089,0.0033,0.023,0.022,"HQF136650",0
0.005,0.0018,0,1,0.021,0.02,0,0.09,13,0.0111,0.0039,0.024,0.022,"HQF065260",0.002
0.005,0.0355,0,0,0.02,0.02,0,0.189,30,0.008,0.0028,0.032,0.032,"HQH026870",0
0.003,0.0352,0,0,0.02,0.02,0,0.176,26,0.0071,0.0033,0.02,0.017,"HQG096620",0
0.005,0.0405,0,0,0.014,0.02,0,0.188,16,0.0095,0.0039,0.026,0.026,"HQE036470",0
0.004,0.0416,0,0,0.022,0.02,0,0.183,16,0.0108,0.0031,0.018,0.017,"HQG144240",0
0.005,0.0404,12,0,0.011,0.02,0,0.188,18,0.0075,0.0034,0.021,0.02,"HQD054410",0
0.004,0.0784,3,1,0.014,0.02,0,0.901,25,0.0184,0.0021,0.028,0.027,"HQJ164080",0.001
0.004,0.1273,1,1,0.019,0.02,0,0.87,25,0.0094,0.0029,0.028,0.027,"HQJ051540",0.001
0.005,0.0017,0,0,0.01,0.02,0,0.096,16,0.0089,0.0029,0.034,0.032,"HQF030610",0.001
0.006,0.0397,0,0,0.023,0.02,0,0.215,20,0.0082,0.0028,0.026,0.025,"HQB127090",0
0.004,0.0362,0,0,0.022,0.02,0,0.186,14,0.0118,0.0032,0.019,0.016,"HQE027140",0
0.006,0.1059,0,0,0.017,0.01,0,0.412,28,0.0093,0.0028,0.02,0.019,"HQB046020",0
0.006,0.071,1,0,0.016,0.02,0,0.888,34,0.0192,0.0027,0.025,0.023,"HQY025610",0.001
0.006,0.1074,0,0,0.016,0.02,0,0.468,26,0.0152,0.0028,0.03,0.029,"HQX076120",0.001
0.005,0.1461,0,1,0.012,0.02,0,0.681,43,0.0109,0.0014,0.025,0.025,"HQJ097030",0.001
0.006,0.0746,4,0,0.016,0.01,0,0.906,35,0.0192,0.003,0.026,0.025,"HQC088730",0.002
0.004,0.0399,0,0,0.019,0.02,0,0.188,25,0.0085,0.003,0.028,0.026,"HQJ001600",0
0.006,0.0336,0,1,0.009,0.02,0,0.184,14,0.0082,0.0034,0.028,0.026,"HQZ090080",0
0.004,0.0967,0,1,0.02,0.02,0,0.497,21,0.0097,0.0031,0.025,0.024,"HQF065290",0.001
0.007,0.0404,0,1,0.012,0.02,0,0.141,19,0.0071,0.0033,0.028,0.026,"HQY161890",0
0.006,0.0839,1,0,0.012,0.02,0,0.933,27,0.0207,0.0026,0.037,0.034,"HQC122780",0.002
0.004,0.0195,0,0,0.011,0.02,0,0.144,20,0.0086,0.0034,0.032,0.03,"HQG036750",0
0.006,0.0403,12,0,0.012,0.02,0,0.201,23,0.0108,0.0028,0.018,0.016,"HQX074610",0
0.006,0.1089,0,0,0.013,0.02,0,0.436,30,0.0115,0.0027,0.012,0.01,"HQB120040",0
0.005,0.0548,0,0,0.01,0.01,0,0.355,23,0.005,0.0028,0.039,0.031,"HQD087090",0
0.006,0.0373,0,0,0.016,0.02,0,0.191,18,0.0081,0.0034,0.015,0.014,"HQX052750",0
0.006,0.0326,11,1,0.009,0.01,0,0.227,18,0.0082,0.0029,0.026,0.025,"HQA164590",0
0.004,0.0378,0,0,0.012,0.01,0,0.185,25,0.0066,0.0025,0.024,0.024,"HQJ039170",0
0.008,0.0547,0,0,0.012,0.02,0,0.801,29,0.0112,0.003,0.035,0.032,"HQD042580",0
0.005,0.0381,0,0,0.011,0.01,0,0.21,33,0.008,0.0027,0.03,0.028,"HQD094350",0
0.005,0.0368,0,0,0.013,0.01,0,0.209,16,0.0095,0.0032,0.032,0.03,"HQF091870",0
0.005,0.0434,0,0,0.01,0.02,0,0.214,18,0.0085,0.0033,0.023,0.021,"HQZ109420",0
0.004,0.0367,0,2,0.018,0.05,0,0.139,21,0.0068,0.0031,0.032,0.026,"HQG070200",0
0.004,0.0023,0,0,0.02,0.02,0,0.156,23,0.0097,0.0036,0.036,0.033,"HQJ049820",0.003
0.005,0.0391,0,0,0.028,0.03,0,0.198,21,0.0095,0.0038,0.027,0.027,"HQC025970",0
0.006,0.0811,2,0,0.012,0.02,0.01,0.916,30,0.0193,0.0028,0.028,0.024,"HQE066710",0.001
0.005,0.079,3,1,0.016,0.02,0,0.887,23,0.0194,0.0024,0.026,0.026,"HQE066970",0.001
0.005,0.0373,0,0,0.014,0.02,0,0.181,25,0.0104,0.0038,0.024,0.023,"HQF132030",0
0.005,0.1435,0,0,0.014,0.02,0,0.501,24,0.0106,0.0027,0.017,0.016,"HQZ156700",0
0.006,0.0739,3,3,0.011,0.01,0,0.892,38,0.0197,0.0031,0.04,0.039,"HQC143520",0.001
0.005,0.08,2,2,0.012,0.02,0,0.89,34,0.0192,0.0026,0.032,0.031,"HQZ063750",0.002
0.006,0.0416,20,0,0.021,0.02,0,0.195,30,0.0104,0.0032,0.021,0.02,"HQA053820",0
0.006,0.1461,0,0,0.016,0.02,0,0.467,19,0.0106,0.0036,0.024,0.023,"HQE079860",0.001
0.005,0.0557,1,1,0.017,0.02,0,0.344,30,0.0092,0.0027,0.042,0.04,"HQB142700",0.001
0.006,0.036,0,1,0.012,0.02,0,0.189,16,0.0075,0.0033,0.018,0.016,"HQY110690",0
0.004,0.1472,0,0,0.018,0.02,0,0.825,23,0.0134,0.0024,0.021,0.02,"HQG141080",0.001
0.005,0.0397,0,0,0.009,0.02,0,0.216,16,0.0078,0.0034,0.026,0.025,"HQA046810",0
0.006,0.038,0,0,0.011,0.02,0,0.195,18,0.0077,0.0032,0.025,0.023,"HQZ093740",0
0.005,0.0023,0,0,0.015,0.03,0,0.09,14,0.0099,0.0036,0.026,0.025,"HQF125290",0.001
0.005,0.0455,0,0,0.023,0.02,0,0.208,24,0.0093,0.0029,0.023,0.022,"HQC057380",0
0.004,0.0352,0,0,0.012,0.02,0,0.193,32,0.0083,0.0022,0.028,0.026,"HQD086900",0
0.004,0.0203,0,0,0.018,0.02,0,0.186,12,0.0081,0.0034,0.028,0.024,"HQH055580",0
0.004,0.0561,0,0,0.019,0.02,0,0.791,32,0.0096,0.0015,0.032,0.032,"HQH147140",0.001
0.006,0.0367,0,1,0.01,0.02,0,0.219,28,0.0134,0.0033,0.022,0.021,"HQY002010",0
0.005,0.0393,0,0,0.007,0.02,0,0.141,22,0.0094,0.0037,0.026,0.024,"HQX140420",0
0.006,0.0309,0,1,0.01,0.02,0,0.19,22,0.0093,0.004,0.034,0.032,"HQY079770",0
0.004,0.1638,0,0,0.018,0.02,0,0.505,23,0.0116,0.0034,0.023,0.022,"HQG046280",0.001
0.005,0.0203,0,0,0.011,0.02,0,0.186,15,0.0095,0.0033,0.025,0.023,"HQJ106570",0
0.006,0.0412,0,0,0.013,0.02,0,0.153,23,0.0064,0.0035,0.023,0.022,"HQX163770",0
0.005,0.0018,0,0,0.022,0.02,0,0.09,17,0.0105,0.0037,0.027,0.024,"HQA066980",0.001
0.007,0.0397,0,0,0.022,0.02,0,0.286,23,0.0127,0.003,0.015,0.014,"HQY082440",0.001
0.005,0.0017,0,0,0.016,0.02,0,0.148,14,0.0093,0.0046,0.024,0.023,"HQA057200",0.002
0.004,0.0016,0,0,0.014,0.02,0,0.095,12,0.01,0.0034,0.027,0.026,"HQH137250",0.002
0.006,0.0584,0,0,0.012,0.02,0,0.787,31,0.009,0.0022,0.03,0.03,"HQB093750",0.001
0.006,0.0406,0,0,0.011,0.03,0,0.144,21,0.0125,0.0035,0.017,0.016,"HQC092530",0
0.005,0.0375,0,0,0.03,0.02,0,0.19,21,0.0092,0.0032,0.036,0.035,"HQD086000",0
0.006,0.0437,0,0,0.01,0.01,0,0.187,30,0.0046,0.0027,0.013,0.012,"HQZ002400",0
0.004,0.0385,20,0,0.011,0.02,0,0.187,11,0.0107,0.0032,0.026,0.024,"HQD088360",0
0.006,0.1381,0,0,0.011,0.02,0,0.856,32,0.0123,0.0028,0.018,0.017,"HQB050940",0.001
0.006,0.0385,1,0,0.021,0.02,0,0.201,18,0.0127,0.0039,0.021,0.02,"HQA158160",0
0.006,0.0358,0,3,0.01,0.02,0,0.192,24,0.0093,0.0036,0.023,0.02,"HQX125680",0
0.006,0.002,0,0,0.016,0.02,0,0.096,20,0.0079,0.0037,0.022,0.02,"HQY004900",0.001
0.005,0.0364,0,0,0.02,0.02,0,0.195,20,0.0098,0.0034,0.025,0.024,"HQJ091530",0
0.004,0.0216,15,0,0.013,0.02,0,0.145,20,0.0076,0.0031,0.033,0.032,"HQJ101720",0
0.006,0.0596,0,2,0.012,0.01,0,0.813,35,0.0081,0.0017,0.049,0.048,"HQD046370",0.001
0.006,0.04,0,0,0.012,0.02,0,0.202,20,0.01,0.0031,0.028,0.028,"HQF137710",0
0.006,0.0754,2,1,0.011,0.02,0,0.898,38,0.0197,0.0026,0.034,0.034,"HQC143490",0.002
0.006,0.0461,0,0,0.014,0.02,0,0.301,30,0.0111,0.0035,0.032,0.03,"HQA057660",0
0.004,0.1424,0,3,0.018,0.02,0,0.84,27,0.0121,0.0031,0.019,0.017,"HQX103270",0.001
0.004,0.0355,0,0,0.026,0.02,0,0.179,16,0.009,0.0037,0.028,0.028,"HQG122660",0
0.005,0.0461,11,1,0.013,0.02,0,0.191,18,0.0072,0.0037,0.026,0.025,"HQF020360",0
0.005,0.035,0,0,0.009,0.02,0,0.192,16,0.0097,0.0031,0.024,0.024,"HQF112000",0
0.006,0.0375,0,0,0.009,0.02,0,0.214,28,0.0043,0.003,0.025,0.022,"HQX116520",0
0.005,0.115,0,1,0.009,0.02,0,0.481,20,0.0119,0.0026,0.016,0.013,"HQZ119580",0.001
0.004,0.0329,0,0,0.016,0.02,0,0.186,14,0.0099,0.0029,0.023,0.022,"HQE032460",0
0.004,0.0373,0,0,0.011,0.02,0,0.193,19,0.008,0.0033,0.022,0.02,"HQH126610",0
0.004,0.1935,0,1,0.028,0.02,0,0.428,31,0.0103,0.0019,0.041,0.039,"HQH166960",0
0.005,0.0016,0,0,0.014,0.02,0,0.069,18,0.0073,0.0048,0.026,0.024,"HQH028470",0.003
0.004,0.0018,0,0,0.008,0.02,0,0.077,11,0.0078,0.0032,0.027,0.024,"HQD089090",0.003
0.005,0.0756,3,0,0.02,0.02,0,0.913,35,0.0198,0.0024,0.028,0.027,"HQZ074070",0
0.007,0.0368,0,0,0.008,0.02,0,0.195,21,0.0102,0.0029,0.024,0.022,"HQX026310",0
0.006,0.0682,0,7,0.013,0.02,0,0.496,37,0.0114,0.0031,0.046,0.042,"HQE156290",0.001
0.005,0.0387,0,0,0.014,0.02,0,0.192,26,0.0083,0.003,0.025,0.024,"HQZ098840",0
0.006,0.0735,2,0,0.026,0.02,0,0.897,33,0.0193,0.0027,0.028,0.027,"HQB081360",0.001
0.005,0.1466,0,1,0.011,0.02,0,0.488,26,0.0095,0.0026,0.028,0.028,"HQJ150910",0
0.005,0.0373,0,0,0.014,0.02,0,0.21,25,0.0071,0.0054,0.032,0.031,"HQH041970",0
0.004,0.0414,0,0,0.01,0.02,0,0.235,17,0.0076,0.0029,0.028,0.026,"HQJ126640",0
0.005,0.0357,12,1,0.019,0.02,0,0.251,18,0.0076,0.0041,0.032,0.031,"HQA006930",0
0.005,0.0398,0,1,0.026,0.02,0,0.2,18,0.0098,0.0048,0.024,0.023,"HQH119280",0
0.006,0.0428,0,0,0.011,0.02,0,0.194,18,0.007,0.0035,0.02,0.02,"HQC098790",0
0.005,0.0396,0,1,0.009,0.01,0,0.181,22,0.0068,0.0028,0.027,0.025,"HQC056740",0
0.004,0.0015,0,0,0.008,0.01,0,0.093,8,0.0091,0.0026,0.033,0.031,"HQD087660",0.001
0.007,0.0735,2,0,0.012,0.02,0,0.905,29,0.0192,0.0029,0.027,0.026,"HQY153390",0.001
0.006,0.0371,0,0,0.025,0.02,0,0.193,18,0.0087,0.0026,0.023,0.021,"HQB006930",0
0.007,0.0021,0,0,0.01,0.02,0,0.091,18,0.0096,0.0035,0.026,0.025,"HQC117410",0.001
0.005,0.0681,0,0,0.022,0.02,0,0.249,120,0.011,0.0032,0.039,0.038,"HQG029260",0
0.005,0.0745,0,0,0.011,0.02,0,0.442,22,0.0077,0.0028,0.028,0.026,"HQZ157270",0
0.005,0.0391,0,0,0.018,0.02,0,0.195,23,0.0073,0.0029,0.027,0.025,"HQJ080770",0
0.006,0.0388,0,0,0.01,0.01,0,0.198,21,0.0094,0.0032,0.028,0.026,"HQX015240",0
0.006,0.0396,0,0,0.012,0.02,0,0.193,27,0.0072,0.0031,0.03,0.028,"HQB042140",0
0.005,0.0023,15,0,0.061,0.07,0,0.557,13,0.0147,0.0034,0.021,0.02,"HQE026650",0.002
0.005,0.0393,0,0,0.019,0.02,0,0.195,17,0.0072,0.0037,0.025,0.024,"HQE036980",0
0.007,0.0578,1,1,0.015,0.02,0,0.841,31,0.0146,0.0026,0.038,0.036,"HQD059360",0.002
0.006,0.0371,0,1,0.015,0.02,0.01,0.182,16,0.0107,0.0029,0.024,0.023,"HQE025180",0
0.005,0.0352,0,0,0.015,0.02,0,0.198,21,0.0062,0.0037,0.021,0.02,"HQZ124710",0
0.005,0.0432,0,0,0.015,0.02,0,0.19,23,0.0108,0.003,0.028,0.027,"HQH073580",0
0.007,0.0021,0,0,0.016,0.02,0,0.1,19,0.0099,0.004,0.023,0.02,"HQY153290",0.001
0.004,0.0334,0,0,0.01,0.01,0,0.195,16,0.0081,0.0039,0.023,0.022,"HQF056840",0
0.004,0.0016,0,0,0.025,0.02,0,0.094,16,0.0088,0.0039,0.031,0.029,"HQF123630",0.001
0.007,0.0011,5,1,0.052,0.02,0,0.194,12,0.0434,0.0082,0.038,0.037,"HQD054490",0.001
0.006,0.0392,0,0,0.01,0.01,0,0.184,27,0.0086,0.0029,0.026,0.026,"HQB050390",0
0.006,0.0567,0,0,0.021,0.02,0,0.342,26,0.0091,0.0027,0.035,0.034,"HQC023950",0
0.005,0.146,0,2,0.01,0.01,0,0.685,36,0.0089,0.0018,0.035,0.034,"HQJ097140",0
0.004,0.0014,0,0,0.009,0.02,0,0.066,9,0.0106,0.0033,0.038,0.036,"HQD093460",0.002
0.005,0.023,0,0,0.021,0.02,0,0.183,21,0.0083,0.0041,0.022,0.022,"HQH054550",0
0.007,0.0575,0,0,0.012,0.01,0,0.358,29,0.009,0.0029,0.029,0.027,"HQX148870",0
0.004,0.0034,18,0,0.064,0.07,0,0.54,20,0.0149,0.0044,0.026,0.024,"HQH028020",0.002
0.005,0.0558,0,0,0.011,0.02,0,0.34,23,0.0073,0.0027,0.031,0.03,"HQC023200",0
0.006,0.0189,0,0,0.014,0.02,0,0.197,20,0.0083,0.005,0.022,0.02,"HQZ114730",0
0.004,0.0446,0,0,0.022,0.02,0,0.195,26,0.0073,0.0035,0.027,0.026,"HQH133140",0
0.004,0.1465,1,0,0.023,0.02,0,0.898,29,0.011,0.003,0.027,0.026,"HQJ052280",0.001
0.005,0.1087,0,0,0.012,0.02,0,0.438,27,0.0056,0.0033,0.015,0.015,"HQD066490",0
0.006,0.0018,0,0,0.018,0.02,0,0.098,12,0.0093,0.0036,0.03,0.027,"HQF012720",0.001
0.005,0.0409,0,0,0.009,0.02,0,0.205,19,0.0089,0.0028,0.028,0.027,"HQA002620",0
0.006,0.0578,0,0,0.021,0.02,0,0.794,25,0.0075,0.0022,0.036,0.035,"HQA086640",0
0.006,0.0392,0,1,0.012,0.01,0,0.196,39,0.0087,0.0029,0.028,0.027,"HQB064120",0.001
0.006,0.0419,0,0,0.012,0.03,0,0.158,17,0.0082,0.0028,0.025,0.024,"HQC139630",0
0.005,0.0011,0,0,0.01,0.02,0,0.097,15,0.0091,0.0033,0.029,0.028,"HQD117970",0.001
0.006,0.0347,0,0,0.022,0.02,0.01,0.2,22,0.0071,0.0036,0.024,0.023,"HQX047220",0
0.005,0.0409,0,0,0.018,0.03,0,0.196,19,0.0093,0.0033,0.026,0.025,"HQY033910",0
0.006,0.1446,0,0,0.017,0.02,0,0.906,26,0.0121,0.0028,0.023,0.021,"HQX071870",0.001
0.004,0.08,4,0,0.02,0.02,0,0.888,25,0.0198,0.0019,0.029,0.028,"HQH161880",0
0.007,0.0784,4,1,0.014,0.02,0,0.89,35,0.0188,0.0033,0.029,0.029,"HQA101920",0.001
0.004,0.0368,0,0,0.027,0.03,0,0.203,14,0.0124,0.0034,0.017,0.016,"HQF101980",0
0.005,0.0013,0,0,0.013,0.01,0,0.102,25,0.0102,0.0029,0.031,0.029,"HQC017070",0
0.007,0.0389,19,3,0.009,0.02,0,0.216,20,0.0076,0.0031,0.02,0.019,"HQY118640",0
0.004,0.0022,0,0,0.014,0.02,0,0.064,19,0.0097,0.0032,0.031,0.028,"HQJ130650",0.001
0.005,0.1437,1,1,0.028,0.02,0,0.841,33,0.0129,0.0029,0.023,0.022,"HQE053040",0.002
0.005,0.1469,0,0,0.021,0.03,0,0.504,28,0.0125,0.0027,0.028,0.027,"HQH053000",0
0.004,0.0018,0,0,0.019,0.02,0,0.062,16,0.0094,0.0047,0.035,0.033,"HQF082210",0.002
0.007,0.0019,6,1,0.051,0.02,0,0.195,16,0.0433,0.0086,0.039,0.038,"HQY158790",0.001
0.005,0.0016,0,0,0.015,0.01,0,0.085,17,0.01,0.0038,0.029,0.028,"HQX142270",0.001
0.006,0.0411,0,3,0.009,0.02,0,0.207,22,0.0085,0.0034,0.025,0.024,"HQD065970",0
0.004,0.031,0,0,0.025,0.02,0,0.197,30,0.0102,0.0029,0.031,0.029,"HQF048400",0
0.005,0.0389,0,0,0.012,0.02,0,0.143,15,0.0079,0.0035,0.028,0.026,"HQZ166890",0
0.006,0.0443,0,0,0.011,0.02,0,0.207,30,0.0108,0.0029,0.025,0.024,"HQA081290",0
0.006,0.0739,2,0,0.012,0.02,0,0.9,31,0.0189,0.0024,0.03,0.029,"HQC143130",0.001
0.007,0.0391,0,0,0.01,0.01,0,0.194,21,0.0056,0.003,0.018,0.017,"HQY111160",0
0.005,0.0385,0,0,0.017,0.02,0,0.19,30,0.0085,0.003,0.021,0.02,"HQE053940",0
0.006,0.0374,0,0,0.01,0.01,0,0.191,27,0.007,0.0027,0.022,0.02,"HQX004090",0
0.006,0.0407,12,0,0.011,0.01,0,0.254,31,0.0073,0.003,0.026,0.025,"HQA007030",0
0.005,0.0397,0,5,0.02,0.02,0,0.183,15,0.0112,0.0035,0.026,0.025,"HQA077780",0
0.005,0.0112,18,0,0.018,0.02,0,0.145,14,0.0077,0.003,0.022,0.021,"HQF163830",0
0.007,0.0414,0,0,0.012,0.02,0,0.182,15,0.0074,0.0033,0.023,0.022,"HQA071890",0
0.006,0.0347,0,0,0.009,0.02,0,0.183,18,0.0078,0.0029,0.027,0.026,"HQB064530",0
0.005,0.0015,0,1,0.026,0.02,0,0.072,19,0.0057,0.0047,0.029,0.027,"HQD109510",0.003
0.004,0.0337,0,1,0.015,0.02,0,0.181,31,0.0108,0.0034,0.022,0.019,"HQF096350",0
0.005,0.0355,0,0,0.009,0.02,0,0.206,21,0.0073,0.003,0.028,0.028,"HQD118300",0
0.004,0.0413,0,2,0.024,0.02,0,0.194,19,0.0103,0.0045,0.032,0.031,"HQH089620",0
0.005,0.0362,0,0,0.011,0.02,0,0.139,12,0.007,0.0033,0.024,0.022,"HQZ166020",0
0.005,0.0177,0,0,0.011,0.02,0,0.195,15,0.0073,0.0031,0.017,0.017,"HQF034600",0
0.005,0.1345,0,2,0.015,0.02,0,0.826,36,0.0078,0.0035,0.023,0.021,"HQX090910",0.001
0.006,0.0429,0,0,0.015,0.02,0,0.196,19,0.0105,0.003,0.031,0.029,"HQC067810",0
0.006,0.0446,0,0,0.012,0.02,0,0.209,20,0.0078,0.0034,0.023,0.022,"HQC145280",0
0.004,0.0421,0,1,0.01,0.02,0,0.192,18,0.0102,0.0027,0.026,0.024,"HQG153670",0
0.004,0.112,0,0,0.026,0.02,0,0.445,28,0.0118,0.0031,0.023,0.022,"HQG135380",0
0.006,0.0184,0,4,0.009,0.02,0,0.201,17,0.0086,0.0089,0.021,0.019,"HQY144180",0
0.005,0.0326,0,0,0.026,0.01,0,0.197,22,0.0079,0.003,0.022,0.021,"HQA139400",0
0.008,0.0795,3,2,0.029,0.02,0,0.904,37,0.0206,0.0023,0.026,0.025,"HQA144830",0.002
0.004,0.0013,0,0,0.101,0.02,0,0.155,15,0.0216,0.0097,0.035,0.032,"HQG117190",0
0.004,0.0021,0,2,0.017,0.01,0,0.096,16,0.009,0.0032,0.031,0.029,"HQH159560",0.001
0.005,0.0406,0,2,0.014,0.02,0,0.201,21,0.0082,0.0048,0.028,0.026,"HQZ121370",0
0.006,0.0395,0,0,0.022,0.02,0,0.196,28,0.0087,0.0028,0.029,0.028,"HQB059940",0
0.006,0.0381,12,0,0.016,0.02,0,0.253,24,0.0088,0.0029,0.034,0.032,"HQX092110",0
0.005,0.061,0,1,0.013,0.03,0,0.79,38,0.0127,0.0027,0.043,0.041,"HQZ151010",0.001
0.005,0.0766,1,0,0.019,0.02,0,0.9,34,0.0183,0.0029,0.025,0.023,"HQY025690",0.002
0.006,0.1138,0,0,0.011,0.01,0,0.451,30,0.0086,0.0027,0.02,0.019,"HQZ010660",0.001
0.005,0.0363,0,0,0.012,0.02,0,0.195,28,0.0066,0.0036,0.039,0.038,"HQZ082300",0
0.005,0.0635,0,0,0.026,0.03,0,0.783,28,0.0141,0.0026,0.033,0.031,"HQJ025130",0
0.006,0.0379,0,0,0.013,0.01,0,0.201,26,0.0048,0.0035,0.031,0.029,"HQY084310",0
0.007,0.0326,0,0,0.021,0.02,0,0.193,19,0.0046,0.0021,0.032,0.031,"HQA159930",0.001
0.004,0.0014,0,2,0.014,0.06,0.02,0.141,10,0.0527,0.0034,0.034,0.034,"HQF072010",0.001
0.004,0.0014,6,0,0.054,0.02,0,0.192,17,0.0436,0.0091,0.031,0.03,"HQD160040",0.001
0.005,0.0026,0,0,0.01,0.02,0,0.404,19,0.026,0.0029,0.032,0.03,"HQD153150",0.002
0.005,0.0372,0,0,0.011,0.01,0,0.206,23,0.0059,0.003,0.023,0.022,"HQZ144360",0
0.005,0.0438,0,0,0.018,0.02,0,0.203,14,0.009,0.0036,0.032,0.03,"HQH078650",0
0.004,0.038,0,0,0.014,0.03,0,0.197,19,0.0113,0.0033,0.022,0.021,"HQJ021180",0
0.006,0.042,0,0,0.01,0.02,0,0.191,17,0.0095,0.0028,0.021,0.02,"HQA090260",0
0.006,0.0395,0,0,0.019,0.02,0,0.2,18,0.0078,0.0046,0.028,0.026,"HQX158840",0
0.006,0.018,0,0,0.015,0.01,0,0.194,18,0.0069,0.0031,0.023,0.023,"HQZ087140",0
0.006,0.1935,0,0,0.013,0.02,0,0.461,26,0.0117,0.0025,0.04,0.039,"HQE022830",0
0.006,0.0025,0,1,0.016,0.02,0,0.146,13,0.01,0.0039,0.028,0.027,"HQG028370",0.002
0.004,0.0202,0,0,0.009,0.01,0,0.141,16,0.0075,0.0033,0.034,0.032,"HQG037040",0
0.004,0.0042,9,1,0.099,0.02,0.06,0.572,13,0.0804,0.0094,0.053,0.052,"HQJ046810",0.002
0.004,0.0478,0,0,0.018,0.02,0,0.289,27,0.0103,0.0031,0.034,0.033,"HQJ115540",0
0.006,0.04,0,0,0.024,0.03,0.01,0.187,18,0.0097,0.0031,0.016,0.015,"HQC108860",0
0.004,0.0018,0,0,0.02,0.02,0,0.102,14,0.0092,0.0035,0.028,0.026,"HQH087720",0.001
0.007,0.0393,0,0,0.026,0.02,0,0.186,16,0.0092,0.0032,0.027,0.024,"HQA092380",0
0.005,0.0428,0,0,0.013,0.01,0,0.197,11,0.0054,0.0027,0.026,0.025,"HQZ089920",0
0.006,0.039,0,0,0.011,0.02,0,0.201,16,0.0089,0.0031,0.043,0.042,"HQA065050",0
0.004,0.072,1,0,0.012,0.02,0,0.606,33,0.0195,0.0023,0.034,0.034,"HQJ036280",0.002
0.007,0.0414,0,0,0.018,0.02,0,0.146,12,0.0061,0.0037,0.019,0.018,"HQA162580",0
0.005,0.0352,0,0,0.015,0.03,0,0.188,19,0.0138,0.0031,0.029,0.029,"HQD128560",0
0.004,0.0387,0,0,0.01,0.01,0,0.202,17,0.0064,0.0029,0.021,0.019,"HQY046500",0
0.004,0.0577,0,0,0.014,0.02,0,0.788,38,0.0101,0.0024,0.037,0.036,"HQH118040",0.001
0.004,0.0358,11,0,0.017,0.02,0,0.195,14,0.009,0.0033,0.022,0.02,"HQG157560",0
0.004,0.0022,0,4,0.019,0.02,0,0.09,18,0.0094,0.0032,0.026,0.025,"HQF075170",0
0.006,0.0403,0,0,0.011,0.02,0,0.193,16,0.0104,0.0032,0.024,0.021,"HQA136840",0
0.004,0.0372,0,0,0.015,0.03,0,0.189,14,0.0123,0.0037,0.025,0.023,"HQE141520",0
0.005,0.0398,0,0,0.015,0.02,0,0.187,15,0.0051,0.0032,0.025,0.024,"HQD085910",0
0.005,0.0396,12,0,0.011,0.02,0,0.206,18,0.0081,0.0031,0.024,0.023,"HQZ042070",0
0.004,0.1556,0,0,0.03,0.01,0,0.811,37,0.0139,0.0026,0.021,0.02,"HQJ108220",0.001
0.005,0.061,0,0,0.015,0.02,0,0.81,38,0.0087,0.0018,0.034,0.033,"HQE009700",0.001
0.006,0.1272,0,0,0.01,0.02,0,0.884,28,0.0109,0.0022,0.02,0.018,"HQZ135600",0.001
0.005,0.0382,0,0,0.015,0.02,0,0.257,16,0.0084,0.0039,0.02,0.019,"HQZ167300",0
0.007,0.053,0,1,0.013,0.02,0,0.354,23,0.0078,0.0028,0.034,0.032,"HQA111630",0.001
0.005,0.0665,0,0,0.023,0.02,0,0.49,39,0.01,0.0027,0.056,0.054,"HQG021770",0
0.006,0.0526,0,2,0.022,0.02,0,0.778,37,0.0085,0.0029,0.027,0.025,"HQX130610",0.001
0.006,0.03,0,1,0.01,0.02,0,0.196,18,0.0053,0.0036,0.015,0.014,"HQZ018090",0
0.006,0.0756,3,1,0.015,0.02,0,0.888,35,0.0192,0.0028,0.026,0.025,"HQA012260",0.001
0.005,0.1739,0,2,0.011,0.02,0,0.833,28,0.0143,0.0011,0.035,0.033,"HQH093790",0.002
0.006,0.1501,0,4,0.018,0.02,0,0.822,25,0.0109,0.0028,0.028,0.027,"HQC089730",0.001
0.006,0.0016,0,0,0.01,0.01,0,0.066,14,0.0076,0.0025,0.03,0.028,"HQB069850",0.002
0.006,0.0375,0,0,0.017,0.02,0,0.197,17,0.0086,0.0032,0.022,0.021,"HQA030400",0
0.007,0.0796,1,0,0.017,0.02,0,1.108,40,0.0198,0.0024,0.034,0.033,"HQB019850",0.002
0.007,0.0025,0,3,0.014,0.06,0.02,0.144,12,0.0496,0.0032,0.037,0.033,"HQB012280",0.001
0.004,0.1452,0,0,0.013,0.02,0,0.496,30,0.0134,0.0036,0.017,0.017,"HQJ160750",0.001
0.005,0.1177,0,0,0.018,0.02,0,0.306,30,0.0082,0.0031,0.021,0.019,"HQG151640",0
0.006,0.0628,0,1,0.02,0.02,0,0.802,34,0.0104,0.0025,0.041,0.039,"HQX084580",0.001
0.006,0.1723,0,1,0.014,0.02,0,0.468,30,0.0091,0.003,0.033,0.03,"HQZ084760",0
0.005,0.0612,0,0,0.021,0.02,0,0.791,31,0.0125,0.0029,0.03,0.029,"HQC026920",0.001
0.006,0.0022,0,0,0.019,0.02,0,0.089,16,0.0095,0.0035,0.03,0.028,"HQA074270",0.001
0.005,0.0615,0,1,0.013,0.02,0,0.788,26,0.0094,0.0022,0.04,0.039,"HQF012930",0.001
0.004,0.0396,0,0,0.011,0.02,0,0.194,15,0.0087,0.003,0.034,0.032,"HQG102040",0
0.007,0.0435,0,0,0.023,0.02,0,0.137,16,0.0057,0.0034,0.027,0.026,"HQA162430",0
0.007,0.0369,0,3,0.022,0.02,0.01,0.201,35,0.0079,0.0034,0.022,0.02,"HQX088380",0
0.005,0.0567,0,0,0.013,0.02,0,0.83,38,0.0132,0.0022,0.034,0.032,"HQD099570",0.001
0.006,0.0375,0,0,0.012,0.02,0,0.201,15,0.0098,0.0034,0.022,0.021,"HQB004480",0
0.005,0.0393,0,0,0.012,0.02,0,0.202,16,0.0072,0.0029,0.022,0.021,"HQZ113950",0
0.006,0.0283,0,0,0.008,0.02,0,0.201,15,0.0053,0.0033,0.012,0.011,"HQZ017860",0
0.005,0.0361,0,0,0.016,0.02,0,0.195,15,0.0106,0.0039,0.012,0.011,"HQZ163150",0
0.005,0.0372,0,2,0.019,0.02,0,0.186,22,0.0085,0.0041,0.022,0.02,"HQE095930",0
0.007,0.0386,0,0,0.012,0.02,0,0.209,19,0.009,0.003,0.018,0.017,"HQA103360",0
0.006,0.1158,0,0,0.019,0.02,0.01,0.314,28,0.009,0.003,0.035,0.033,"HQX048450",0
0.004,0.1143,0,0,0.017,0.02,0,0.464,29,0.0114,0.0023,0.021,0.019,"HQG054700",0
0.005,0.0386,0,0,0.018,0.02,0,0.188,17,0.0076,0.0032,0.028,0.027,"HQA050570",0
0.004,0.0408,0,0,0.016,0.02,0,0.189,11,0.0125,0.0032,0.028,0.028,"HQF093920",0
0.006,0.0408,0,0,0.016,0.02,0,0.208,18,0.0069,0.0032,0.027,0.025,"HQA056850",0
0.006,0.0604,0,0,0.011,0.02,0,0.823,31,0.0122,0.0026,0.03,0.029,"HQZ153560",0
0.006,0.0181,0,4,0.015,0.02,0,0.202,15,0.0093,0.0031,0.022,0.021,"HQD016340",0
0.005,0.0023,0,1,0.016,0.02,0,0.091,15,0.0107,0.0039,0.037,0.034,"HQH107640",0.003
0.005,0.1792,0,0,0.013,0.02,0,0.498,25,0.0083,0.0029,0.022,0.021,"HQZ168820",0
0.005,0.0381,0,0,0.009,0.02,0,0.196,17,0.0107,0.003,0.027,0.026,"HQC032920",0
0.006,0.0571,0,0,0.021,0.01,0,0.343,15,0.0083,0.0029,0.028,0.027,"HQA143170",0
0.005,0.0018,0,0,0.011,0.02,0,0.099,12,0.0091,0.0025,0.028,0.027,"HQB137640",0.001
0.005,0.0615,0,1,0.024,0.02,0,0.765,28,0.0117,0.0024,0.028,0.027,"HQF165600",0
0.006,0.0387,12,0,0.018,0.02,0,0.24,16,0.0081,0.0028,0.03,0.028,"HQA163000",0
0.004,0.0187,0,3,0.02,0.02,0,0.192,21,0.0086,0.0036,0.022,0.02,"HQH138390",0
0.005,0.0372,0,0,0.016,0.01,0,0.208,25,0.0075,0.0028,0.037,0.035,"HQY040340",0.001
0.005,0.1894,0,0,0.018,0.02,0,0.437,32,0.0084,0.0029,0.021,0.021,"HQX114780",0
0.005,0.0451,0,0,0.013,0.02,0,0.322,30,0.0068,0.0029,0.029,0.027,"HQZ139460",0
0.006,0.0013,0,0,0.01,0.02,0,0.1,13,0.0092,0.0033,0.025,0.024,"HQC094620",0.001
0.004,0.0409,0,1,0.014,0.02,0,0.187,24,0.0081,0.0031,0.032,0.03,"HQF141200",0
0.004,0.0341,11,0,0.016,0.02,0,0.198,20,0.0075,0.0027,0.025,0.024,"HQE003540",0
0.006,0.0596,0,0,0.013,0.02,0,0.34,31,0.007,0.0028,0.039,0.038,"HQD013370",0.001
0.005,0.035,0,0,0.011,0.02,0,0.21,16,0.0078,0.0033,0.021,0.017,"HQD155070",0
0.004,0.0196,14,0,0.015,0.01,0,0.146,21,0.0056,0.0032,0.043,0.042,"HQJ087170",0
0.006,0.13,0,0,0.015,0.01,0,0.882,43,0.0103,0.0022,0.022,0.021,"HQX076800",0.001
0.004,0.0373,0,0,0.009,0.02,0,0.197,12,0.0079,0.003,0.02,0.019,"HQF137870",0
0.006,0.0378,0,2,0.016,0.02,0,0.182,18,0.0086,0.0031,0.021,0.02,"HQA058220",0
0.004,0.0024,0,1,0.021,0.02,0,0.144,18,0.0093,0.0039,0.028,0.026,"HQG028860",0.002
0.005,0.1128,0,0,0.017,0.02,0,0.429,40,0.0092,0.0021,0.023,0.021,"HQZ015500",0
0.005,0.0389,0,5,0.009,0.02,0,0.21,30,0.0066,0.0031,0.029,0.027,"HQY103940",0
0.006,0.0766,2,0,0.016,0.02,0,0.902,32,0.0178,0.0023,0.032,0.031,"HQZ039180",0.001
0.005,0.0185,0,1,0.016,0.03,0,0.196,16,0.0072,0.0031,0.028,0.026,"HQE085480",0
0.006,0.0507,0,0,0.013,0.02,0,0.795,38,0.0105,0.0026,0.028,0.026,"HQA079830",0
0.006,0.0434,0,0,0.016,0.02,0,0.187,36,0.0064,0.0035,0.019,0.018,"HQC139170",0
0.006,0.0527,0,0,0.011,0.02,0,0.351,30,0.0086,0.0025,0.036,0.034,"HQX031030",0.001
0.006,0.0513,0,0,0.009,0.02,0,0.286,28,0.0083,0.0028,0.018,0.017,"HQB044430",0
0.006,0.0395,0,0,0.01,0.02,0,0.201,16,0.0073,0.0029,0.033,0.032,"HQZ105940",0
0.006,0.0593,0,1,0.013,0.02,0,0.339,23,0.0079,0.0034,0.03,0.029,"HQY048620",0
0.004,0.031,0,0,0.025,0.02,0,0.197,30,0.0102,0.0029,0.031,0.029,"HQF048430",0
0.004,0.0371,0,0,0.011,0.02,0,0.192,22,0.0125,0.003,0.03,0.028,"HQF152180",0
0.007,0.1194,0,0,0.016,0.02,0,0.313,27,0.0072,0.0026,0.022,0.02,"HQZ041660",0
0.006,0.0362,0,0,0.011,0.02,0,0.203,22,0.0083,0.0033,0.022,0.021,"HQY121470",0
0.005,0.0439,0,0,0.016,0.03,0,0.188,24,0.0095,0.0032,0.025,0.024,"HQD073940",0
0.008,0.0398,0,0,0.022,0.02,0,0.194,31,0.0088,0.0041,0.03,0.029,"HQD032200",0
0.005,0.0369,0,0,0.013,0.02,0,0.188,17,0.0091,0.0033,0.019,0.015,"HQZ091180",0
0.006,0.0581,0,2,0.011,0.02,0,0.792,31,0.0096,0.0025,0.032,0.031,"HQZ017780",0.001
0.006,0.0594,0,0,0.014,0.02,0,0.347,35,0.0072,0.0032,0.032,0.031,"HQE090100",0
0.007,0.0799,2,1,0.03,0.02,0,0.917,38,0.0201,0.0025,0.021,0.02,"HQB081380",0.002
0.005,0.055,0,0,0.022,0.02,0,0.346,31,0.0088,0.0031,0.032,0.029,"HQE126530",0.001
0.004,0.0017,0,0,0.021,0.02,0,0.125,18,0.0092,0.0036,0.026,0.023,"HQG039710",0.001
0.005,0.0014,5,2,0.057,0.02,0,0.186,14,0.0439,0.0089,0.04,0.037,"HQH018230",0
0.007,0.0401,13,0,0.012,0.01,0,0.207,22,0.0079,0.0031,0.03,0.028,"HQX014520",0
0.005,0.0354,0,0,0.01,0.01,0,0.183,18,0.0067,0.0035,0.029,0.028,"HQG167870",0
0.005,0.1317,0,1,0.034,0.03,0,0.844,30,0.0154,0.0035,0.031,0.03,"HQF151580",0.001
0.005,0.0737,0,0,0.013,0.02,0,0.298,31,0.0088,0.0025,0.031,0.03,"HQZ026040",0
0.005,0.0044,10,1,0.098,0.02,0.06,0.571,21,0.0831,0.0103,0.046,0.045,"HQF098530",0.002
0.004,0.06,0,1,0.013,0.02,0,0.795,31,0.0123,0.0028,0.037,0.036,"HQG118480",0.001
0.004,0.0445,0,0,0.017,0.02,0,0.192,20,0.0088,0.004,0.026,0.025,"HQJ062750",0
0.005,0.0562,0,0,0.021,0.02,0,0.797,31,0.012,0.0027,0.043,0.041,"HQH087330",0.001
0.006,0.0326,0,0,0.01,0.01,0,0.271,18,0.0188,0.0035,0.027,0.026,"HQB035070",0
0.004,0.02,0,0,0.014,0.02,0,0.203,13,0.0083,0.0033,0.029,0.028,"HQJ039980",0
0.005,0.152,0,0,0.02,0.01,0,0.287,28,0.0091,0.0025,0.03,0.026,"HQH083690",0
0.006,0.0372,0,1,0.014,0.01,0,0.188,29,0.0072,0.0039,0.02,0.018,"HQD041400",0
0.006,0.0547,0,0,0.013,0.02,0,0.798,31,0.0105,0.0025,0.04,0.039,"HQE020240",0.001
0.004,0.0018,8,0,0.072,0.02,0,0.25,20,0.0701,0.0083,0.038,0.037,"HQB145520",0.001
0.006,0.0353,11,0,0.019,0.02,0,0.202,13,0.0054,0.0028,0.03,0.028,"HQA040180",0
0.004,0.0371,0,0,0.018,0.02,0,0.194,15,0.0098,0.0029,0.023,0.02,"HQJ057560",0
0.005,0.0368,0,0,0.009,0.02,0,0.197,15,0.0079,0.0029,0.022,0.022,"HQC069630",0
0.004,0.0017,0,0,0.096,0.02,0,0.14,16,0.0185,0.0101,0.033,0.032,"HQE129470",0.001
0.006,0.0547,0,1,0.012,0.02,0,0.345,32,0.0097,0.0034,0.042,0.04,"HQZ051130",0
0.006,0.0363,14,0,0.015,0.02,0,0.195,20,0.0073,0.003,0.026,0.024,"HQA056050",0
0.006,0.0603,0,0,0.016,0.02,0,0.781,40,0.009,0.0028,0.025,0.024,"HQX031140",0
0.006,0.0015,0,2,0.012,0.02,0,0.08,20,0.0103,0.0036,0.029,0.026,"HQY034190",0.001
0.007,0.0393,0,0,0.013,0.02,0,0.194,19,0.0088,0.0033,0.022,0.021,"HQY122930",0
0.005,0.0361,0,0,0.018,0.02,0,0.196,16,0.01,0.0033,0.032,0.031,"HQC030740",0
0.006,0.0419,0,33,0.016,0.02,0,0.209,21,0.0099,0.0037,0.022,0.021,"HQD000540",0
0.006,0.038,0,0,0.008,0.02,0,0.203,20,0.0078,0.0033,0.028,0.025,"HQY079580",0
0.005,0.0513,0,0,0.018,0.02,0,0.775,33,0.0099,0.0024,0.053,0.05,"HQH035360",0.001
0.006,0.0596,0,0,0.018,0.02,0,0.804,28,0.0096,0.003,0.038,0.037,"HQC125970",0
0.004,0.0567,0,1,0.02,0.02,0,0.814,44,0.0069,0.0017,0.04,0.039,"HQH010790",0
0.008,0.0016,6,0,0.053,0.02,0,0.194,17,0.0455,0.0092,0.039,0.038,"HQB012930",0.001
0.004,0.0355,0,0,0.025,0.02,0,0.196,30,0.0097,0.0034,0.028,0.026,"HQH078570",0
0.006,0.044,0,4,0.014,0.03,0,0.182,18,0.0124,0.0037,0.035,0.034,"HQA050450",0
0.006,0.0815,3,2,0.022,0.03,0,0.89,36,0.02,0.0025,0.02,0.02,"HQY142740",0.002
0.004,0.1407,0,0,0.023,0.03,0,0.885,33,0.0117,0.0027,0.028,0.026,"HQH021560",0.001
0.007,0.1188,0,0,0.012,0.02,0,0.309,29,0.0086,0.0025,0.022,0.02,"HQY102830",0
0.004,0.1212,0,0,0.01,0.02,0,0.298,27,0.0151,0.003,0.017,0.017,"HQJ070560",0.001
0.004,0.031,0,0,0.025,0.02,0,0.197,30,0.0102,0.0029,0.031,0.029,"HQF048380",0
0.006,0.0371,0,0,0.016,0.02,0,0.183,19,0.0065,0.0032,0.026,0.025,"HQD010320",0
0.004,0.1969,0,0,0.018,0.02,0,0.911,30,0.0115,0.0032,0.02,0.017,"HQG090550",0
0.005,0.0567,0,0,0.018,0.02,0,0.339,25,0.0098,0.0044,0.03,0.028,"HQE142200",0.001
0.007,0.0401,13,0,0.012,0.01,0,0.207,22,0.0079,0.0031,0.03,0.028,"HQX014500",0
0.004,0.0647,0,0,0.022,0.02,0,0.782,32,0.0112,0.0029,0.031,0.03,"HQJ054270",0.001
0.006,0.0394,0,0,0.02,0.02,0,0.205,23,0.0074,0.0029,0.021,0.02,"HQX157770",0
0.006,0.0355,0,0,0.018,0.02,0,0.191,19,0.0138,0.0034,0.024,0.023,"HQX072210",0
0.006,0.0021,0,0,0.019,0.02,0,0.089,12,0.0092,0.004,0.035,0.034,"HQE088880",0.001
0.004,0.0018,0,0,0.025,0.02,0,0.147,14,0.0105,0.0043,0.027,0.026,"HQF086900",0.001
0.005,0.0017,0,3,0.01,0.02,0,0.087,19,0.01,0.0036,0.02,0.02,"HQJ121830",0
0.004,0.044,12,0,0.014,0.02,0,0.196,14,0.0087,0.0032,0.02,0.02,"HQJ040730",0
0.005,0.0542,0,1,0.01,0.02,0,0.348,31,0.0091,0.0022,0.028,0.027,"HQD108630",0
0.005,0.0699,0,0,0.02,0.02,0,0.49,29,0.0098,0.0033,0.05,0.048,"HQG166290",0
0.006,0.0374,0,0,0.015,0.02,0,0.196,19,0.008,0.0034,0.027,0.026,"HQZ055340",0
0.006,0.0368,0,0,0.014,0.02,0,0.2,18,0.0077,0.0029,0.029,0.028,"HQZ134130",0
0.004,0.002,0,0,0.01,0.02,0,0.06,12,0.0088,0.0038,0.038,0.036,"HQE129290",0.002
0.007,0.0195,0,0,0.012,0.02,0,0.194,27,0.0065,0.0024,0.023,0.021,"HQA120990",0
0.006,0.0337,0,0,0.014,0.02,0,0.199,26,0.0063,0.0024,0.027,0.025,"HQA152510",0
0.004,0.0327,0,0,0.013,0.02,0,0.187,9,0.0083,0.0037,0.027,0.025,"HQG109660",0
0.004,0.162,0,0,0.018,0.02,0,0.599,30,0.0128,0.0025,0.04,0.039,"HQJ009670",0.001
0.004,0.0676,1,1,0.025,0.02,0,0.581,31,0.0182,0.0031,0.028,0.027,"HQG099570",0.001
0.005,0.0363,0,0,0.018,0.02,0,0.199,18,0.009,0.0036,0.027,0.026,"HQF099080",0
0.004,0.0391,0,1,0.011,0.02,0,0.183,14,0.0101,0.0037,0.028,0.026,"HQF155570",0
0.004,0.0354,0,0,0.017,0.02,0,0.179,19,0.0094,0.0037,0.027,0.025,"HQG115900",0
0.006,0.0364,0,1,0.01,0.02,0,0.204,23,0.0068,0.0028,0.037,0.035,"HQY103750",0
0.005,0.0368,0,1,0.01,0.02,0,0.194,21,0.0114,0.003,0.019,0.016,"HQD152830",0
0.005,0.0349,0,3,0.02,0.02,0,0.203,28,0.0106,0.0043,0.023,0.02,"HQX121600",0
0.004,0.0015,0,0,0.009,0.02,0,0.07,12,0.0091,0.0033,0.036,0.033,"HQD093170",0.001
0.006,0.0383,0,0,0.024,0.02,0,0.204,20,0.0106,0.0039,0.02,0.019,"HQY130330",0
0.005,0.0431,0,0,0.011,0.02,0,0.294,22,0.0067,0.0032,0.021,0.019,"HQX107520",0
0.007,0.0017,0,0,0.013,0.03,0,0.139,18,0.0103,0.0033,0.035,0.033,"HQD022450",0.002
0.004,0.044,0,1,0.01,0.02,0,0.308,28,0.0079,0.0032,0.044,0.043,"HQE048440",0.001
0.004,0.0579,0,0,0.022,0.02,0,0.799,31,0.0127,0.0023,0.036,0.031,"HQG130800",0.001
0.005,0.0597,0,1,0.017,0.02,0,0.814,30,0.0117,0.003,0.03,0.029,"HQF134340",0.002
0.005,0.0359,0,3,0.02,0.02,0,0.197,27,0.0068,0.0036,0.028,0.026,"HQY013030",0
0.004,0.1124,0,1,0.021,0.02,0,0.492,26,0.0113,0.0034,0.021,0.02,"HQH040020",0
0.006,0.0183,0,3,0.018,0.02,0,0.212,20,0.007,0.0032,0.024,0.022,"HQY149080",0
0.005,0.0399,0,0,0.025,0.03,0,0.17,19,0.01,0.0055,0.02,0.019,"HQF147120",0
0.005,0.1571,0,1,0.019,0.02,0,0.787,25,0.0089,0.0026,0.028,0.025,"HQY006000",0.001
0.005,0.0022,0,5,0.011,0.02,0,0.081,15,0.0092,0.0026,0.027,0.026,"HQH144060",0.003
0.005,0.1442,0,1,0.03,0.02,0,0.888,33,0.0107,0.0025,0.021,0.021,"HQE011940",0.002
0.006,0.0388,0,0,0.013,0.01,0,0.194,27,0.0053,0.0027,0.023,0.022,"HQC142480",0
0.006,0.1713,0,0,0.012,0.01,0,0.492,28,0.0102,0.0023,0.022,0.021,"HQX004930",0
0.005,0.002,0,1,0.013,0.02,0,0.097,19,0.0089,0.0036,0.026,0.025,"HQA006170",0.001
0.005,0.0442,0,0,0.018,0.01,0,0.205,25,0.0055,0.0037,0.026,0.024,"HQG016460",0
0.006,0.0384,0,0,0.027,0.03,0,0.205,24,0.0077,0.0034,0.022,0.021,"HQD066010",0
0.006,0.0569,0,0,0.025,0.02,0,0.355,28,0.0076,0.0039,0.036,0.035,"HQC072480",0
0.005,0.002,0,0,0.019,0.03,0,0.095,11,0.0106,0.0033,0.034,0.033,"HQJ102220",0.001
0.005,0.0042,10,1,0.101,0.02,0.06,0.579,20,0.0784,0.0088,0.051,0.049,"HQF050970",0.001
0.005,0.0404,0,1,0.01,0.02,0,0.183,27,0.0082,0.0034,0.034,0.033,"HQC083390",0
0.005,0.1366,0,0,0.019,0.02,0,1.196,26,0.0169,0.0029,0.021,0.02,"HQE009070",0.001
0.005,0.0015,6,0,0.058,0.02,0,0.199,17,0.0452,0.0098,0.039,0.038,"HQH057640",0.001
0.004,0.0176,0,0,0.018,0.02,0,0.142,20,0.0081,0.0035,0.033,0.032,"HQF054290",0
0.006,0.0019,0,16,0.011,0.02,0,0.092,14,0.0096,0.0031,0.027,0.025,"HQB003140",0.001
0.005,0.1905,0,0,0.013,0.01,0,0.359,25,0.008,0.0032,0.03,0.029,"HQF006280",0
0.005,0.0426,19,0,0.008,0.02,0,0.195,22,0.0071,0.0033,0.022,0.021,"HQE043160",0
0.005,0.0775,0,0,0.013,0.02,0,0.287,24,0.0098,0.0032,0.035,0.034,"HQE145770",0
0.005,0.0236,0,0,0.01,0.02,0,0.187,22,0.0102,0.0035,0.023,0.021,"HQD040830",0
0.005,0.1468,0,1,0.022,0.02,0,0.895,28,0.0119,0.0028,0.024,0.023,"HQH021790",0.001
0.006,0.0367,0,0,0.027,0.02,0,0.194,23,0.0113,0.0039,0.029,0.027,"HQX064050",0
0.005,0.0018,9,0,0.081,0.02,0,0.247,22,0.0668,0.0085,0.04,0.038,"HQB143130",0.001
0.006,0.0395,0,0,0.016,0.02,0,0.196,20,0.0091,0.0031,0.02,0.018,"HQB079860",0
0.005,0.0544,1,0,0.011,0.01,0,0.34,27,0.0048,0.0026,0.04,0.039,"HQH017400",0
0.004,0.0392,0,0,0.009,0.02,0,0.195,14,0.0091,0.0029,0.029,0.028,"HQD154380",0
0.006,0.0375,0,0,0.034,0.02,0,0.198,26,0.01,0.004,0.037,0.036,"HQX121910",0
0.006,0.038,0,0,0.009,0.03,0,0.196,13,0.0105,0.0025,0.021,0.018,"HQE084560",0
0.006,0.0376,11,0,0.012,0.02,0,0.197,19,0.0095,0.0033,0.026,0.025,"HQB056370",0
0.004,0.0046,10,0,0.095,0.02,0.06,0.583,11,0.0812,0.0096,0.052,0.05,"HQJ047290",0.002
0.006,0.0023,18,1,0.066,0.07,0,0.556,14,0.0133,0.0028,0.022,0.021,"HQA158550",0.002
0.004,0.0389,12,0,0.019,0.02,0,0.248,26,0.0084,0.003,0.03,0.028,"HQG106870",0
0.007,0.0193,0,0,0.01,0.02,0,0.143,18,0.0068,0.0029,0.022,0.02,"HQD047220",0.002
0.005,0.0578,0,0,0.021,0.02,0,0.812,28,0.0126,0.0026,0.031,0.029,"HQF104970",0.001
0.004,0.1448,0,0,0.027,0.03,0,0.504,32,0.0112,0.0029,0.028,0.027,"HQG040080",0
0.005,0.0018,0,0,0.017,0.02,0,0.08,15,0.0081,0.0032,0.028,0.026,"HQA009010",0.002
0.006,0.0015,0,0,0.094,0.03,0,0.135,20,0.0176,0.0093,0.034,0.034,"HQC097700",0
0.004,0.0634,0,0,0.013,0.02,0,0.338,28,0.0103,0.0032,0.031,0.03,"HQF052310",0
0.006,0.0813,2,0,0.015,0.02,0,0.919,37,0.0192,0.0022,0.022,0.022,"HQA004410",0
0.006,0.1579,0,0,0.027,0.02,0,0.815,37,0.0085,0.0027,0.036,0.035,"HQZ106340",0
0.004,0.0383,0,0,0.018,0.02,0,0.187,22,0.0096,0.0031,0.029,0.025,"HQF144110",0
0.006,0.0373,0,0,0.014,0.02,0,0.191,22,0.0079,0.0035,0.037,0.036,"HQY084500",0
0.006,0.0385,0,4,0.019,0.02,0,0.201,15,0.0085,0.0034,0.03,0.028,"HQY094200",0
0.006,0.0803,0,0,0.014,0.02,0,0.279,25,0.013,0.0031,0.027,0.026,"HQC137250",0
0.004,0.0021,0,0,0.015,0.03,0,0.121,9,0.0112,0.0033,0.022,0.021,"HQD159560",0.001
0.004,0.0337,0,3,0.023,0.02,0,0.199,15,0.0066,0.0034,0.026,0.024,"HQG128450",0
0.006,0.1093,0,0,0.014,0.01,0,0.461,25,0.0082,0.0026,0.024,0.023,"HQA113170",0
0.005,0.0402,0,0,0.015,0.02,0,0.194,20,0.009,0.003,0.024,0.022,"HQH047890",0
0.007,0.0354,0,0,0.01,0.01,0,0.181,11,0.0059,0.0029,0.032,0.032,"HQA159020",0
0.005,0.0371,0,0,0.018,0.02,0,0.236,18,0.009,0.0026,0.023,0.019,"HQF028330",0
0.007,0.0763,4,0,0.024,0.02,0,0.902,41,0.0188,0.0023,0.033,0.032,"HQX038620",0.001
0.004,0.0014,0,2,0.023,0.02,0,0.075,17,0.0104,0.0036,0.037,0.034,"HQH046400",0.002
0.005,0.0404,0,0,0.019,0.02,0,0.19,20,0.0098,0.0033,0.02,0.02,"HQJ081210",0
0.005,0.042,17,0,0.012,0.02,0,0.196,18,0.0113,0.0037,0.029,0.027,"HQA001650",0
0.006,0.0799,1,0,0.016,0.02,0,0.886,28,0.019,0.0023,0.026,0.025,"HQA011980",0
0.005,0.0397,18,0,0.013,0.02,0,0.181,16,0.0072,0.0036,0.021,0.017,"HQZ159520",0
0.004,0.0354,0,0,0.022,0.01,0,0.192,25,0.0062,0.0025,0.034,0.031,"HQH106420",0
0.005,0.0018,0,0,0.012,0.02,0,0.107,18,0.0108,0.0026,0.023,0.021,"HQC017200",0
0.007,0.0706,3,0,0.019,0.02,0,0.887,37,0.0197,0.0023,0.023,0.02,"HQC143100",0.002
0.006,0.0218,15,0,0.022,0.02,0,0.141,19,0.0074,0.0034,0.02,0.02,"HQB066930",0
0.004,0.0393,0,0,0.012,0.02,0,0.181,18,0.0086,0.0034,0.021,0.02,"HQF122090",0
0.007,0.0842,0,0,0.013,0.02,0,0.449,28,0.0104,0.003,0.028,0.028,"HQY104800",0
0.007,0.0363,0,0,0.011,0.02,0,0.21,13,0.0073,0.003,0.022,0.02,"HQY126250",0
0.005,0.0193,0,0,0.014,0.01,0,0.194,12,0.0061,0.01,0.024,0.023,"HQA014710",0
0.005,0.115,0,0,0.01,0.02,0,0.297,30,0.0093,0.0028,0.032,0.031,"HQH138910",0
0.004,0.0016,5,0,0.055,0.02,0,0.203,22,0.0443,0.0088,0.033,0.032,"HQF163090",0
0.004,0.0416,0,0,0.007,0.01,0,0.189,17,0.0121,0.0049,0.029,0.028,"HQF063050",0
0.004,0.1214,0,1,0.011,0.02,0,0.301,24,0.0134,0.0034,0.025,0.022,"HQJ070100",0.001
0.006,0.0335,0,0,0.012,0.02,0,0.204,26,0.0078,0.0037,0.029,0.027,"HQY020820",0
0.004,0.1252,0,0,0.027,0.02,0,0.309,26,0.0098,0.0033,0.034,0.034,"HQJ033350",0
0.005,0.0334,0,0,0.026,0.02,0,0.192,32,0.0073,0.0031,0.028,0.023,"HQE113000",0
0.007,0.0679,3,0,0.019,0.02,0,0.601,30,0.0185,0.0024,0.035,0.033,"HQX152990",0
0.004,0.1465,1,0,0.023,0.02,0,0.898,29,0.011,0.003,0.027,0.026,"HQJ052600",0.001
0.005,0.0016,3,0,0.054,0.02,0,0.197,15,0.0456,0.0085,0.032,0.029,"HQA009040",0
0.006,0.0373,0,0,0.024,0.02,0,0.194,26,0.0103,0.0035,0.017,0.016,"HQB108890",0
0.005,0.0551,0,8,0.01,0.01,0,0.348,29,0.006,0.003,0.031,0.029,"HQD087420",0
0.006,0.1183,0,0,0.018,0.02,0,0.305,33,0.0119,0.0032,0.016,0.014,"HQX055170",0.001
0.007,0.0795,3,0,0.02,0.03,0,0.907,35,0.0184,0.0025,0.025,0.024,"HQX038810",0.001
0.006,0.0382,0,0,0.009,0.02,0,0.185,15,0.0084,0.003,0.024,0.021,"HQE072230",0
0.006,0.0752,0,0,0.029,0.02,0,0.889,36,0.0191,0.0022,0.031,0.029,"HQY026210",0.001
0.004,0.0026,0,0,0.014,0.02,0,0.145,18,0.0092,0.0042,0.03,0.028,"HQJ062080",0.002
0.006,0.002,0,0,0.013,0.02,0,0.148,20,0.009,0.003,0.03,0.029,"HQX050160",0.001
0.008,0.0385,0,0,0.013,0.02,0,0.174,19,0.0094,0.0029,0.023,0.022,"HQB018120",0
0.004,0.0352,0,0,0.031,0.02,0,0.18,15,0.0084,0.0036,0.022,0.022,"HQE135360",0
0.006,0.0804,3,0,0.014,0.01,0,0.895,31,0.0196,0.0025,0.032,0.031,"HQX102640",0.001
0.007,0.0787,2,0,0.021,0.02,0,0.898,33,0.0187,0.0027,0.034,0.033,"HQA144570",0.001
0.006,0.1968,0,0,0.021,0.02,0,0.434,33,0.0123,0.0027,0.031,0.031,"HQA094720",0
0.005,0.1172,0,0,0.015,0.02,0,1.19,30,0.008,0.0034,0.024,0.023,"HQC069170",0.001
0.006,0.0017,16,1,0.064,0.07,0,0.556,11,0.0142,0.0033,0.026,0.023,"HQA003000",0.002
0.005,0.0438,17,1,0.009,0.02,0,0.2,22,0.0078,0.0037,0.022,0.021,"HQE043250",0
0.006,0.1241,0,0,0.019,0.02,0,0.415,27,0.0079,0.004,0.025,0.024,"HQD067080",0
0.006,0.0367,0,0,0.019,0.02,0,0.197,20,0.0069,0.0038,0.023,0.021,"HQY067260",0
0.005,0.0018,0,0,0.011,0.01,0,0.09,19,0.0087,0.0027,0.026,0.024,"HQB078010",0
0.005,0.0372,0,0,0.025,0.03,0.01,0.196,15,0.0105,0.0038,0.012,0.011,"HQE081540",0
0.005,0.0016,0,0,0.009,0.02,0,0.097,14,0.0087,0.0032,0.026,0.024,"HQZ070390",0
0.004,0.0021,0,0,0.013,0.02,0,0.144,15,0.01,0.0038,0.026,0.025,"HQJ067750",0.002
0.005,0.0561,0,0,0.015,0.02,0,0.797,23,0.0089,0.0031,0.038,0.037,"HQF010090",0
0.004,0.037,0,0,0.016,0.02,0,0.183,16,0.0076,0.0025,0.036,0.035,"HQG102270",0
0.005,0.0019,0,0,0.018,0.02,0,0.09,13,0.0092,0.004,0.032,0.031,"HQG039920",0.001
0.005,0.0414,0,0,0.013,0.02,0,0.196,26,0.009,0.0025,0.023,0.022,"HQJ081410",0.001
0.005,0.0773,1,0,0.022,0.03,0,0.898,27,0.0192,0.0029,0.029,0.028,"HQE007320",0.001
0.005,0.0609,0,0,0.023,0.02,0,0.791,31,0.0106,0.0028,0.039,0.038,"HQF024140",0
0.006,0.0351,0,0,0.01,0.02,0,0.191,16,0.0113,0.0038,0.022,0.021,"HQA074180",0
0.006,0.0201,0,0,0.01,0.02,0,0.188,18,0.0091,0.0037,0.023,0.021,"HQZ081660",0
0.005,0.0338,0,0,0.012,0.02,0,0.195,17,0.008,0.0038,0.035,0.032,"HQG150810",0
0.006,0.0186,0,1,0.009,0.02,0,0.197,17,0.0074,0.0037,0.028,0.026,"HQE077860",0
0.006,0.0368,0,0,0.019,0.02,0,0.2,21,0.009,0.0044,0.033,0.031,"HQX114000",0
0.004,0.0381,0,0,0.019,0.02,0,0.235,18,0.0132,0.0036,0.018,0.017,"HQH070620",0
0.005,0.0018,0,0,0.014,0.02,0,0.102,22,0.0098,0.0038,0.03,0.028,"HQE086560",0.001
0.004,0.036,0,0,0.012,0.01,0,0.175,13,0.0068,0.0034,0.025,0.024,"HQG109740",0
0.004,0.0561,0,0,0.019,0.02,0,0.791,32,0.0096,0.0015,0.032,0.032,"HQH147150",0.001
0.004,0.1213,0,0,0.021,0.01,0,0.309,31,0.0071,0.0029,0.02,0.02,"HQJ032570",0
0.006,0.0016,5,0,0.052,0.02,0,0.19,17,0.0444,0.0089,0.039,0.037,"HQX020450",0.001
0.006,0.0015,0,0,0.024,0.02,0,0.097,20,0.0109,0.0037,0.02,0.018,"HQX074380",0.001
0.004,0.0719,3,0,0.023,0.02,0,0.599,34,0.02,0.0032,0.024,0.023,"HQH137090",0.001
0.006,0.0015,5,0,0.054,0.02,0,0.204,14,0.0448,0.0092,0.042,0.038,"HQG034740",0.001
0.005,0.0377,11,0,0.015,0.03,0,0.195,12,0.0104,0.0034,0.015,0.014,"HQE059370",0
0.005,0.0182,0,0,0.017,0.02,0,0.187,18,0.0075,0.0041,0.024,0.023,"HQH055310",0
0.006,0.0392,0,0,0.02,0.01,0,0.204,19,0.0082,0.0042,0.027,0.025,"HQF001750",0
0.004,0.0022,0,0,0.012,0.02,0,0.145,12,0.0103,0.0031,0.036,0.034,"HQJ113190",0.001
0.008,0.0578,0,0,0.017,0.02,0,0.829,37,0.009,0.0025,0.038,0.037,"HQD032100",0.001
0.006,0.0016,0,0,0.01,0.02,0,0.074,18,0.007,0.0037,0.028,0.025,"HQZ077970",0.003
0.007,0.0022,0,0,0.008,0.01,0,0.089,15,0.0095,0.0033,0.03,0.029,"HQB013860",0.001
0.006,0.039,0,0,0.014,0.02,0,0.189,29,0.0091,0.0027,0.038,0.036,"HQX117920",0
0.005,0.0367,0,0,0.019,0.02,0,0.185,21,0.0077,0.0028,0.022,0.02,"HQH124810",0
0.004,0.0338,12,1,0.011,0.02,0,0.186,17,0.0106,0.0039,0.027,0.025,"HQH035760",0
0.004,0.0372,13,0,0.025,0.03,0,0.194,14,0.0117,0.0034,0.025,0.024,"HQG121330",0
0.006,0.0018,0,0,0.013,0.03,0,0.103,15,0.0113,0.0032,0.026,0.025,"HQC016860",0.001
0.006,0.0351,0,1,0.018,0.02,0,0.194,15,0.0096,0.0039,0.026,0.024,"HQZ093470",0
0.006,0.002,1,1,0.022,0.02,0,0.072,16,0.0101,0.0036,0.035,0.034,"HQH074380",0.004
0.005,0.0588,0,1,0.012,0.02,0,0.787,22,0.0144,0.0021,0.038,0.037,"HQJ111410",0.001
0.006,0.0368,0,0,0.013,0.02,0,0.195,20,0.0067,0.0028,0.019,0.018,"HQA032470",0
0.004,0.1125,0,0,0.022,0.02,0,0.495,22,0.01,0.0031,0.025,0.024,"HQG068680",0
0.004,0.1128,0,5,0.018,0.02,0,0.451,30,0.0097,0.0032,0.028,0.028,"HQJ073970",0
0.005,0.0015,4,0,0.056,0.02,0,0.191,16,0.0458,0.0087,0.038,0.034,"HQF069600",0
0.006,0.0406,0,0,0.009,0.01,0,0.194,16,0.0052,0.0035,0.024,0.023,"HQE096890",0
0.004,0.0338,0,0,0.024,0.02,0,0.188,16,0.007,0.004,0.024,0.023,"HQG047850",0
0.006,0.0422,0,0,0.01,0.01,0,0.203,25,0.0078,0.0026,0.022,0.02,"HQB006270",0
0.005,0.0697,0,0,0.013,0.02,0,0.607,36,0.0184,0.0033,0.023,0.022,"HQZ160610",0
0.005,0.071,0,0,0.014,0.02,0,0.887,34,0.0197,0.0019,0.026,0.025,"HQY058600",0.001
0.004,0.0679,0,0,0.015,0.01,0,0.604,31,0.0185,0.0025,0.03,0.028,"HQC001010",0
0.005,0.1449,0,0,0.021,0.03,0,0.475,38,0.0122,0.0024,0.025,0.024,"HQE041740",0.001
0.006,0.0021,0,1,0.011,0.02,0,0.089,19,0.0091,0.0033,0.028,0.026,"HQD104440",0.003
0.007,0.0018,0,1,0.011,0.02,0,0.09,15,0.009,0.0045,0.029,0.028,"HQA102890",0.001
0.006,0.0347,0,0,0.009,0.02,0,0.183,18,0.0078,0.0029,0.027,0.026,"HQB064580",0
0.005,0.0756,0,0,0.032,0.02,0,0.908,31,0.0207,0.004,0.026,0.022,"HQF148760",0.001
0.005,0.0555,0,0,0.02,0.02,0,0.785,45,0.011,0.0026,0.039,0.036,"HQH087470",0.001
0.004,0.1127,0,0,0.012,0.02,0,0.302,27,0.0095,0.0026,0.028,0.025,"HQH138500",0
0.006,0.0577,0,1,0.012,0.01,0,0.83,32,0.0104,0.0029,0.036,0.035,"HQA018590",0.001
0.006,0.0526,0,0,0.011,0.02,0,0.784,38,0.009,0.0025,0.037,0.036,"HQA089760",0.001
0.006,0.0021,0,0,0.008,0.02,0,0.06,13,0.0084,0.0033,0.025,0.024,"HQA041640",0.002
0.005,0.0591,0,0,0.009,0.02,0,0.351,28,0.0106,0.0031,0.034,0.033,"HQZ127600",0
0.004,0.0372,18,0,0.008,0.02,0,0.178,14,0.014,0.0038,0.019,0.017,"HQF047720",0
0.006,0.0462,0,0,0.01,0.02,0,0.184,34,0.0084,0.0031,0.024,0.023,"HQX150510",0
0.005,0.0815,3,0,0.019,0.02,0,0.909,28,0.0189,0.0021,0.027,0.027,"HQE068040",0.001
0.005,0.0352,0,0,0.025,0.02,0,0.199,18,0.0105,0.0038,0.021,0.019,"HQF112450",0
0.006,0.0351,0,0,0.012,0.02,0,0.201,10,0.0084,0.0035,0.027,0.026,"HQE103590",0
0.004,0.038,0,0,0.01,0.02,0,0.227,22,0.0072,0.0026,0.024,0.023,"HQJ126260",0
0.006,0.0651,0,0,0.021,0.02,0,0.483,33,0.0075,0.0026,0.044,0.042,"HQA060310",0
0.004,0.0342,0,0,0.021,0.02,0,0.196,19,0.0089,0.0028,0.021,0.019,"HQC007300",0
0.006,0.0367,12,0,0.009,0.02,0,0.19,14,0.0084,0.0034,0.024,0.024,"HQA040390",0
0.005,0.0023,0,0,0.025,0.03,0.01,0.103,15,0.0116,0.0035,0.032,0.03,"HQG036570",0.001
0.006,0.0431,0,1,0.011,0.03,0,0.2,25,0.0118,0.0039,0.032,0.03,"HQY032890",0
0.004,0.0022,0,0,0.018,0.02,0,0.141,11,0.0091,0.0036,0.031,0.029,"HQH006410",0.001
0.006,0.0019,0,0,0.014,0.02,0,0.142,15,0.011,0.003,0.026,0.025,"HQD021450",0.002
0.005,0.0365,0,0,0.017,0.03,0,0.195,18,0.0116,0.0048,0.027,0.025,"HQC116740",0
0.004,0.0373,0,0,0.011,0.02,0,0.186,14,0.0094,0.0036,0.028,0.027,"HQE001750",0
0.007,0.1382,0,0,0.015,0.02,0,0.854,24,0.0077,0.0021,0.021,0.02,"HQA106250",0
0.005,0.0018,0,0,0.016,0.05,0.01,0.147,16,0.0498,0.005,0.041,0.04,"HQB005080",0
0.006,0.0381,0,0,0.012,0.02,0,0.195,17,0.0096,0.0043,0.028,0.026,"HQZ090540",0
0.004,0.035,0,0,0.018,0.02,0,0.203,13,0.0092,0.0037,0.031,0.029,"HQF091480",0
0.005,0.0367,0,0,0.011,0.02,0,0.203,26,0.011,0.003,0.022,0.02,"HQZ150050",0
0.006,0.0995,0,0,0.01,0.01,0,0.491,23,0.0092,0.0028,0.023,0.022,"HQF004290",0
0.006,0.0027,0,1,0.015,0.02,0,0.096,17,0.0105,0.0034,0.029,0.027,"HQB076860",0.001
0.006,0.0398,0,0,0.013,0.02,0,0.204,21,0.0095,0.0034,0.027,0.026,"HQD003430",0
0.005,0.034,0,0,0.018,0.02,0,0.18,20,0.0068,0.0043,0.032,0.031,"HQE148520",0
0.004,0.0392,0,0,0.019,0.02,0,0.16,17,0.0092,0.0035,0.017,0.015,"HQC062430",0
0.005,0.0808,0,1,0.021,0.03,0,0.417,33,0.0094,0.0034,0.022,0.021,"HQF158980",0
0.005,0.0367,0,0,0.017,0.02,0,0.188,14,0.0095,0.0036,0.025,0.024,"HQE000660",0
0.005,0.0016,0,0,0.02,0.03,0,0.095,21,0.0099,0.0037,0.027,0.024,"HQY034200",0.001
0.004,0.0014,5,0,0.058,0.02,0,0.197,13,0.0416,0.0086,0.033,0.032,"HQF096840",0.001
0.004,0.0404,15,1,0.02,0.01,0,0.241,21,0.0052,0.0038,0.038,0.037,"HQG072370",0
0.006,0.0339,0,0,0.011,0.02,0,0.171,11,0.008,0.003,0.02,0.019,"HQB117940",0
0.006,0.0334,0,0,0.011,0.02,0,0.172,15,0.0086,0.0033,0.017,0.016,"HQE086470",0
0.007,0.0611,0,0,0.031,0.02,0,0.341,28,0.0078,0.0036,0.038,0.037,"HQC071790",0.001
0.005,0.002,0,2,0.008,0.02,0,0.08,16,0.0105,0.0032,0.029,0.026,"HQD093330",0.002
0.006,0.0702,0,0,0.013,0.02,0,0.491,43,0.0133,0.0067,0.039,0.037,"HQD038280",0
0.005,0.0396,0,0,0.015,0.02,0,0.193,18,0.0085,0.0032,0.026,0.023,"HQC062340",0
0.005,0.0336,0,0,0.015,0.02,0,0.2,16,0.0082,0.0028,0.033,0.032,"HQE000720",0
0.006,0.0016,0,0,0.018,0.02,0,0.089,22,0.0083,0.0034,0.026,0.024,"HQA155660",0.002
0.005,0.0021,0,0,0.017,0.02,0,0.067,19,0.0075,0.0032,0.026,0.023,"HQH063610",0.002
0.005,0.0555,0,0,0.013,0.02,0,0.828,31,0.0114,0.0021,0.029,0.027,"HQF165350",0.001
0.006,0.0639,0,1,0.013,0.01,0,0.793,29,0.0082,0.0022,0.039,0.037,"HQY074080",0.001
0.005,0.1252,0,0,0.02,0.02,0,0.869,36,0.0095,0.002,0.021,0.02,"HQB051220",0
0.007,0.0318,0,11,0.008,0.02,0,0.178,19,0.0073,0.0032,0.028,0.026,"HQB117170",0
0.005,0.038,0,0,0.017,0.01,0,0.203,18,0.0074,0.0035,0.028,0.025,"HQF119020",0
0.006,0.0355,0,0,0.018,0.02,0,0.191,19,0.0138,0.0034,0.024,0.023,"HQX072180",0
0.006,0.0375,0,0,0.022,0.02,0,0.197,22,0.0073,0.0038,0.028,0.028,"HQD059110",0
0.005,0.0548,0,0,0.021,0.02,0,0.342,32,0.0057,0.003,0.035,0.034,"HQJ016220",0
0.005,0.0365,0,0,0.008,0.02,0,0.184,24,0.008,0.0033,0.024,0.023,"HQZ018530",0
0.006,0.0594,0,0,0.011,0.01,0,0.351,32,0.0068,0.0022,0.032,0.03,"HQB061760",0
0.005,0.0439,0,0,0.008,0.01,0,0.188,17,0.0068,0.0045,0.03,0.03,"HQC074470",0
0.005,0.0376,0,0,0.021,0.02,0,0.149,20,0.0065,0.0041,0.029,0.028,"HQC089190",0
0.005,0.1142,0,1,0.013,0.02,0,0.301,27,0.0103,0.0029,0.023,0.023,"HQG155760",0
0.006,0.0046,11,0,0.097,0.03,0.06,0.579,23,0.0831,0.0095,0.059,0.058,"HQB063600",0.002
0.005,0.0408,0,0,0.01,0.06,0,0.201,41,0.0059,0.003,0.035,0.034,"HQZ145830",0
0.005,0.1264,0,0,0.029,0.03,0,0.47,32,0.0107,0.0036,0.026,0.024,"HQZ131440",0
0.004,0.0558,0,1,0.017,0.02,0,0.776,28,0.011,0.0026,0.029,0.028,"HQG060680",0.001
0.007,0.0421,0,1,0.011,0.02,0,0.183,16,0.0094,0.0032,0.021,0.021,"HQA102590",0
0.004,0.0361,0,0,0.009,0.01,0,0.199,19,0.0081,0.0037,0.021,0.019,"HQE035810",0
0.005,0.1841,0,0,0.017,0.02,0,0.407,25,0.0075,0.0031,0.024,0.022,"HQX114790",0
0.007,0.0021,0,0,0.016,0.02,0,0.064,28,0.0057,0.0048,0.029,0.027,"HQZ096520",0.003
0.006,0.0432,12,0,0.017,0.02,0,0.249,19,0.0056,0.003,0.033,0.032,"HQA009330",0
0.005,0.0372,0,4,0.011,0.02,0,0.192,27,0.0088,0.0026,0.022,0.022,"HQD124110",0
0.005,0.0353,0,0,0.01,0.02,0,0.198,18,0.0068,0.0031,0.024,0.023,"HQZ124790",0
0.005,0.0014,6,2,0.053,0.02,0,0.195,16,0.045,0.0088,0.048,0.046,"HQH018010",0
0.005,0.0331,0,0,0.014,0.01,0,0.208,15,0.0074,0.0023,0.036,0.032,"HQG020020",0
0.004,0.0802,0,0,0.016,0.02,0,0.448,23,0.0097,0.0025,0.025,0.024,"HQJ034530",0.001
0.005,0.0372,0,0,0.025,0.03,0.01,0.196,15,0.0105,0.0038,0.012,0.011,"HQE081510",0
0.006,0.1372,0,0,0.014,0.02,0,0.912,25,0.0095,0.0022,0.021,0.021,"HQE011910",0.002
0.004,0.0381,0,0,0.024,0.02,0,0.189,25,0.0096,0.0028,0.031,0.029,"HQH136140",0
0.006,0.0369,0,0,0.016,0.02,0,0.202,16,0.0058,0.0038,0.034,0.033,"HQZ017850",0
0.006,0.0597,0,0,0.025,0.02,0,0.8,37,0.0104,0.0029,0.036,0.035,"HQB087800",0
0.006,0.0369,0,1,0.013,0.02,0,0.186,32,0.0065,0.0032,0.023,0.022,"HQZ107030",0
0.005,0.0466,0,0,0.014,0.01,0,0.262,39,0.0089,0.0037,0.025,0.024,"HQC072010",0
0.006,0.0386,0,0,0.016,0.02,0,0.221,14,0.0103,0.0043,0.024,0.022,"HQC093980",0
0.005,0.1034,0,0,0.012,0.02,0,0.492,23,0.0133,0.0029,0.016,0.015,"HQH119090",0.001
0.005,0.0568,0,0,0.01,0.02,0,0.339,34,0.0091,0.0031,0.04,0.039,"HQD079130",0
0.004,0.147,0,0,0.024,0.02,0,0.503,23,0.0122,0.0027,0.02,0.018,"HQJ001380",0
0.005,0.0381,12,0,0.02,0.03,0,0.172,16,0.0095,0.0049,0.026,0.025,"HQG000340",0
0.004,0.0372,0,0,0.01,0.02,0,0.188,15,0.0094,0.0029,0.023,0.022,"HQJ010390",0
0.004,0.0372,0,0,0.014,0.05,0,0.148,24,0.0066,0.0034,0.039,0.037,"HQG070290",0
0.004,0.0022,1,0,0.008,0.01,0,0.062,18,0.0071,0.0036,0.029,0.028,"HQF048880",0.003
0.004,0.0762,0,0,0.029,0.02,0,0.291,30,0.0102,0.0025,0.026,0.025,"HQG081820",0
0.005,0.0385,0,0,0.013,0.02,0,0.207,25,0.0097,0.0026,0.028,0.027,"HQC068490",0
0.006,0.0015,5,0,0.054,0.03,0,0.186,19,0.0445,0.0089,0.034,0.033,"HQC042380",0.001
0.006,0.1204,0,0,0.01,0.02,0,0.297,40,0.0115,0.0024,0.023,0.022,"HQX023570",0.001
0.004,0.0573,0,0,0.023,0.02,0,0.335,18,0.0085,0.0027,0.039,0.038,"HQJ012810",0
0.004,0.1476,0,4,0.027,0.02,0,0.493,38,0.011,0.004,0.028,0.026,"HQH053070",0
0.004,0.0337,16,0,0.023,0.02,0,0.188,35,0.0084,0.003,0.022,0.021,"HQF147420",0
0.006,0.1463,0,0,0.022,0.02,0,0.479,31,0.0126,0.0024,0.025,0.023,"HQG032250",0.001
0.004,0.002,5,0,0.054,0.03,0,0.191,12,0.0448,0.0105,0.038,0.038,"HQE147330",0.001
0.006,0.002,0,0,0.019,0.03,0,0.138,19,0.008,0.0031,0.013,0.012,"HQC025530",0.002
0.005,0.0594,0,0,0.028,0.02,0,0.785,28,0.0112,0.0025,0.029,0.027,"HQF107800",0.001
0.007,0.1902,0,1,0.011,0.02,0,0.448,31,0.0084,0.0029,0.024,0.023,"HQA094900",0
0.005,0.0388,13,0,0.021,0.02,0,0.229,17,0.0077,0.0047,0.032,0.031,"HQE124900",0
0.005,0.1342,0,0,0.024,0.02,0,0.918,22,0.0133,0.0026,0.024,0.023,"HQF083760",0.001
0.005,0.0393,0,0,0.019,0.02,0,0.193,19,0.0113,0.0028,0.022,0.022,"HQG153590",0
0.006,0.1211,0,0,0.008,0.01,0,0.294,30,0.0052,0.0032,0.025,0.024,"HQD018510",0
0.006,0.0363,14,0,0.015,0.02,0,0.195,20,0.0073,0.003,0.026,0.024,"HQA056000",0
0.006,0.1629,0,4,0.014,0.02,0,0.484,25,0.0105,0.0029,0.022,0.02,"HQA058580",0
0.004,0.0187,0,0,0.014,0.01,0,0.197,26,0.0068,0.0031,0.024,0.024,"HQJ146250",0
0.006,0.0396,0,0,0.027,0.02,0,0.219,24,0.0067,0.0032,0.026,0.025,"HQX118900",0
0.005,0.0398,0,0,0.028,0.01,0,0.206,29,0.0084,0.0032,0.036,0.036,"HQF020180",0
0.004,0.017,0,0,0.008,0.01,0,0.189,20,0.0076,0.0028,0.022,0.021,"HQF043970",0
0.005,0.0021,0,0,0.019,0.02,0,0.089,12,0.0094,0.0035,0.032,0.031,"HQH143220",0.001
0.006,0.056,0,0,0.012,0.01,0,0.795,32,0.0065,0.003,0.031,0.029,"HQY024730",0.001
0.006,0.0183,0,0,0.015,0.02,0,0.189,20,0.0079,0.0035,0.024,0.023,"HQE077900",0
0.004,0.118,1,0,0.017,0.01,0,1.165,39,0.0107,0.0029,0.016,0.014,"HQB149480",0
0.004,0.0527,0,0,0.011,0.02,0,0.79,28,0.0062,0.0022,0.034,0.032,"HQG118320",0
0.006,0.0346,0,0,0.01,0.02,0,0.18,21,0.0086,0.0033,0.022,0.021,"HQE088050",0
0.006,0.0378,0,1,0.008,0.02,0,0.172,15,0.0063,0.0036,0.023,0.021,"HQZ018260",0
0.007,0.035,0,0,0.01,0.02,0,0.201,15,0.0087,0.0033,0.032,0.031,"HQZ042850",0
0.004,0.0586,0,1,0.019,0.02,0,0.771,34,0.0097,0.003,0.029,0.028,"HQJ083470",0.001
0.007,0.141,0,0,0.024,0.02,0,0.904,32,0.0155,0.0028,0.013,0.012,"HQX047840",0.001
0.006,0.0015,0,0,0.023,0.03,0,0.096,20,0.0109,0.0041,0.029,0.028,"HQA006740",0.001
0.006,0.0409,0,0,0.026,0.02,0,0.191,23,0.0099,0.0031,0.027,0.026,"HQC057430",0
0.004,0.0014,6,0,0.056,0.02,0,0.188,15,0.0441,0.0093,0.039,0.038,"HQF137110",0.001
0.005,0.0015,0,0,0.017,0.02,0,0.084,19,0.0081,0.0036,0.032,0.03,"HQA030140",0.001
0.007,0.0378,0,0,0.015,0.01,0,0.21,22,0.0075,0.0033,0.021,0.02,"HQB022270",0
0.005,0.185,0,0,0.018,0.02,0,0.482,30,0.0081,0.0024,0.028,0.027,"HQZ084500",0
0.005,0.1496,0,9,0.01,0.02,0,0.458,27,0.0101,0.003,0.026,0.024,"HQZ149500",0
0.007,0.1166,0,0,0.012,0.02,0,0.285,34,0.0071,0.0031,0.017,0.015,"HQY129960",0
0.006,0.0438,0,0,0.009,0.02,0,0.199,14,0.0071,0.0034,0.024,0.023,"HQA057370",0
0.004,0.1136,0,0,0.023,0.02,0,0.461,31,0.009,0.0026,0.024,0.023,"HQJ027610",0
0.006,0.0404,0,1,0.014,0.01,0,0.198,21,0.0057,0.0032,0.026,0.025,"HQB002800",0
0.003,0.0748,1,0,0.018,0.02,0,0.882,32,0.0179,0.0024,0.032,0.031,"HQG116110",0
0.004,0.0314,0,0,0.02,0.02,0,0.201,18,0.0057,0.0033,0.012,0.011,"HQH127990",0
0.005,0.0412,0,0,0.016,0.01,0,0.235,25,0.0089,0.0037,0.027,0.024,"HQD094270",0
0.006,0.1033,0,0,0.016,0.02,0,0.459,28,0.0092,0.0029,0.023,0.022,"HQZ114700",0
0.006,0.081,2,0,0.018,0.02,0,0.911,33,0.0189,0.002,0.034,0.034,"HQA115280",0.001
0.007,0.04,0,2,0.015,0.02,0,0.206,19,0.0094,0.0032,0.03,0.028,"HQA092280",0
0.006,0.0405,0,0,0.01,0.02,0,0.194,21,0.0115,0.0031,0.032,0.03,"HQB038110",0
0.006,0.0374,0,0,0.013,0.02,0,0.189,22,0.0085,0.003,0.025,0.024,"HQX014980",0
0.005,0.0378,0,0,0.022,0.02,0,0.189,22,0.0117,0.0035,0.028,0.026,"HQF152620",0
0.005,0.0019,0,6,0.011,0.02,0,0.08,18,0.0054,0.0032,0.031,0.027,"HQE159330",0.003
0.004,0.0415,0,7,0.016,0.02,0,0.238,23,0.0103,0.0026,0.038,0.036,"HQJ126540",0
0.007,0.0021,0,0,0.015,0.02,0,0.067,16,0.007,0.0038,0.035,0.033,"HQY154920",0.003
0.005,0.0424,0,3,0.028,0.02,0,0.203,25,0.008,0.0034,0.028,0.027,"HQF028390",0
0.004,0.0414,19,0,0.008,0.02,0,0.181,21,0.013,0.003,0.025,0.024,"HQD088590",0
0.007,0.0016,0,0,0.026,0.02,0,0.071,15,0.0094,0.0042,0.038,0.036,"HQB029000",0.001
0.004,0.0372,1,0,0.023,0.02,0,0.19,22,0.0075,0.0034,0.02,0.019,"HQJ028240",0
0.004,0.0203,0,0,0.018,0.02,0,0.186,12,0.0081,0.0034,0.028,0.024,"HQH055550",0
0.007,0.0434,0,0,0.024,0.02,0,0.205,14,0.0086,0.0037,0.042,0.041,"HQD044970",0
0.005,0.0754,3,0,0.021,0.02,0,0.893,24,0.0188,0.0027,0.026,0.025,"HQC037330",0
0.006,0.08,3,0,0.026,0.02,0,0.898,35,0.0191,0.0027,0.028,0.027,"HQX007020",0.002
0.005,0.0019,0,0,0.02,0.02,0,0.073,18,0.0099,0.0034,0.021,0.019,"HQC036940",0.001
0.006,0.0635,0,2,0.016,0.02,0,0.795,34,0.01,0.0024,0.032,0.031,"HQJ085780",0.001
0.006,0.0014,0,1,0.02,0.03,0,0.072,19,0.0091,0.0045,0.03,0.028,"HQY115990",0.001
0.005,0.1184,0,0,0.016,0.01,0,0.46,33,0.0082,0.0026,0.023,0.022,"HQB052090",0
0.007,0.0564,0,0,0.022,0.02,0,0.792,31,0.0083,0.0026,0.036,0.034,"HQY122260",0.001
0.005,0.1063,0,0,0.031,0.02,0,0.446,22,0.0121,0.0041,0.024,0.023,"HQG155540",0
0.005,0.0368,0,0,0.019,0.02,0,0.299,21,0.0074,0.0027,0.02,0.019,"HQB137190",0
0.004,0.0373,0,2,0.018,0.02,0,0.203,29,0.0062,0.0024,0.03,0.028,"HQD128850",0
0.005,0.1484,0,0,0.012,0.02,0,0.787,31,0.0136,0.0023,0.018,0.016,"HQF151090",0.001
0.004,0.0732,1,2,0.021,0.02,0,0.593,26,0.0192,0.0027,0.032,0.03,"HQJ078600",0.001
0.006,0.0395,0,0,0.011,0.01,0,0.188,19,0.0077,0.0034,0.034,0.032,"HQA118930",0
0.006,0.0411,0,0,0.013,0.02,0,0.194,17,0.0089,0.0042,0.018,0.016,"HQA138250",0
0.004,0.0023,18,0,0.061,0.07,0,0.553,16,0.0144,0.0032,0.031,0.03,"HQJ056100",0.002
0.006,0.0362,0,0,0.011,0.02,0,0.203,22,0.0083,0.0033,0.022,0.021,"HQY121510",0
0.005,0.0013,5,0,0.05,0.03,0,0.195,20,0.0437,0.0086,0.04,0.038,"HQC143030",0.001
0.006,0.0016,0,0,0.013,0.02,0,0.097,16,0.009,0.003,0.03,0.028,"HQZ006050",0.001
0.005,0.036,0,0,0.013,0.01,0,0.196,21,0.0087,0.0027,0.027,0.026,"HQB096800",0
0.004,0.0428,0,0,0.02,0.02,0,0.297,32,0.0101,0.0031,0.034,0.032,"HQJ034350",0.001
0.007,0.1435,0,0,0.02,0.03,0,0.859,29,0.0116,0.0026,0.024,0.022,"HQY128890",0.001
0.005,0.041,17,0,0.021,0.04,0,0.185,32,0.0089,0.0033,0.023,0.022,"HQF136740",0
0.005,0.0021,0,0,0.012,0.01,0,0.155,14,0.0087,0.0033,0.033,0.032,"HQA007390",0.001
0.005,0.0014,0,0,0.094,0.02,0,0.147,14,0.0186,0.0102,0.031,0.029,"HQH077820",0
0.005,0.0383,0,0,0.016,0.02,0,0.206,22,0.009,0.0029,0.032,0.03,"HQB071040",0
0.004,0.0325,0,0,0.015,0.02,0,0.191,18,0.0075,0.0045,0.023,0.022,"HQZ032070",0
0.005,0.0021,0,1,0.013,0.03,0,0.096,18,0.0099,0.0044,0.029,0.028,"HQE116640",0.001
0.006,0.0024,0,0,0.025,0.03,0,0.104,14,0.0098,0.0031,0.028,0.027,"HQE013410",0.002
0.004,0.0338,12,1,0.011,0.02,0,0.186,17,0.0106,0.0039,0.027,0.025,"HQH035670",0
0.005,0.0458,0,0,0.014,0.02,0,0.327,17,0.0057,0.0036,0.022,0.019,"HQX108380",0
0.004,0.036,0,0,0.019,0.02,0,0.18,16,0.0111,0.0029,0.024,0.021,"HQF159240",0
0.004,0.0019,0,0,0.02,0.02,0,0.094,14,0.01,0.0039,0.028,0.026,"HQH091450",0.001
0.004,0.1427,1,1,0.011,0.01,0,0.844,33,0.0068,0.0027,0.025,0.025,"HQJ135870",0.001
0.004,0.0406,0,0,0.014,0.03,0,0.236,17,0.0105,0.0038,0.021,0.02,"HQJ064030",0
0.005,0.0377,10,0,0.01,0.02,0,0.242,19,0.0058,0.0031,0.032,0.031,"HQA009540",0
0.006,0.0326,11,1,0.009,0.01,0,0.227,18,0.0082,0.0029,0.026,0.025,"HQA163240",0
0.004,0.0022,0,2,0.018,0.02,0,0.091,12,0.0088,0.0031,0.023,0.022,"HQH039710",0.001
0.004,0.02,0,0,0.014,0.02,0,0.203,13,0.0083,0.0033,0.029,0.028,"HQJ039960",0
0.006,0.065,0,0,0.011,0.02,0,0.805,37,0.0141,0.0021,0.036,0.034,"HQX031200",0.002
0.004,0.0331,0,0,0.025,0.02,0,0.202,35,0.007,0.0022,0.025,0.021,"HQJ058950",0.002
0.004,0.0355,11,0,0.015,0.02,0,0.238,18,0.0092,0.0027,0.03,0.029,"HQG106810",0
0.004,0.0373,0,0,0.011,0.02,0,0.186,14,0.0094,0.0036,0.028,0.027,"HQE001730",0
0.005,0.0367,0,0,0.009,0.02,0,0.189,16,0.0075,0.0032,0.02,0.019,"HQZ151900",0
0.005,0.039,0,0,0.022,0.03,0,0.182,19,0.013,0.0037,0.035,0.034,"HQC053870",0
0.004,0.0373,0,1,0.01,0.02,0,0.183,12,0.0073,0.0033,0.022,0.022,"HQH040500",0
0.006,0.0021,0,0,0.017,0.02,0,0.145,15,0.009,0.0032,0.028,0.026,"HQB020540",0.002
0.005,0.0575,0,0,0.012,0.01,0,0.365,28,0.0077,0.0028,0.036,0.035,"HQZ166760",0
0.005,0.039,10,0,0.014,0.02,0,0.199,16,0.0094,0.0039,0.017,0.016,"HQA000380",0
0.004,0.0352,0,0,0.01,0.02,0,0.19,17,0.0102,0.0028,0.032,0.031,"HQH161330",0
0.006,0.0427,0,1,0.015,0.02,0,0.205,18,0.0074,0.0051,0.021,0.019,"HQZ004380",0
0.004,0.0602,0,0,0.025,0.03,0,0.814,37,0.0114,0.0025,0.042,0.04,"HQJ137020",0.001
0.005,0.0185,1,0,0.009,0.02,0,0.181,17,0.0083,0.0032,0.024,0.024,"HQA061970",0
0.004,0.1295,0,0,0.019,0.02,0,0.318,22,0.0118,0.0038,0.026,0.025,"HQC071180",0
0.006,0.0396,0,0,0.013,0.03,0,0.209,22,0.0087,0.0029,0.026,0.024,"HQB127000",0
0.007,0.0615,0,1,0.03,0.03,0,0.822,37,0.0126,0.0022,0.028,0.027,"HQD059860",0.001
0.007,0.0021,0,0,0.018,0.02,0,0.097,18,0.0095,0.0033,0.026,0.026,"HQA139760",0.001
0.005,0.0471,1,0,0.022,0.02,0,0.308,43,0.0099,0.0033,0.019,0.018,"HQC037230",0.001
0.005,0.036,0,0,0.013,0.01,0,0.196,21,0.0087,0.0027,0.027,0.026,"HQB096790",0
0.007,0.0393,0,0,0.011,0.01,0,0.206,16,0.0058,0.0032,0.023,0.022,"HQA114300",0
0.004,0.0521,0,0,0.021,0.02,0,0.831,27,0.0096,0.0032,0.042,0.04,"HQG043560",0.001
0.006,0.044,0,0,0.02,0.02,0,0.2,14,0.0087,0.0038,0.022,0.022,"HQD000390",0
0.005,0.1104,0,0,0.021,0.02,0,0.451,55,0.0119,0.0025,0.028,0.027,"HQH119850",0.001
0.005,0.0019,0,0,0.018,0.02,0,0.089,11,0.0104,0.0034,0.029,0.028,"HQG007150",0.001
0.007,0.0173,0,0,0.02,0.03,0,0.145,17,0.0105,0.0033,0.031,0.03,"HQY150640",0
0.005,0.0185,0,0,0.013,0.02,0,0.187,24,0.0079,0.0029,0.024,0.023,"HQH136210",0.001
0.006,0.06,0,0,0.034,0.03,0,0.791,37,0.011,0.0028,0.032,0.029,"HQC097530",0.001
0.006,0.0015,0,0,0.016,0.02,0,0.064,18,0.0079,0.0034,0.032,0.03,"HQY104500",0.003
0.004,0.0583,1,1,0.018,0.02,0,0.801,34,0.0076,0.0026,0.026,0.026,"HQJ039870",0.001
0.006,0.1204,0,0,0.031,0.02,0,0.458,35,0.0095,0.0031,0.034,0.033,"HQF142960",0
0.005,0.0014,0,0,0.014,0.02,0,0.097,16,0.0099,0.0031,0.023,0.021,"HQC016880",0
0.005,0.0578,0,0,0.02,0.02,0,0.333,30,0.0068,0.0031,0.026,0.025,"HQZ005210",0
0.005,0.1262,0,0,0.017,0.02,0,0.325,34,0.0088,0.0035,0.018,0.018,"HQC063780",0
0.007,0.1074,0,0,0.018,0.02,0,0.447,26,0.01,0.003,0.024,0.022,"HQY113070",0
0.004,0.0012,0,0,0.011,0.01,0,0.058,14,0.0054,0.0029,0.03,0.029,"HQG134660",0.004
0.004,0.0352,0,0,0.01,0.02,0,0.191,25,0.009,0.0027,0.017,0.016,"HQJ011540",0
0.005,0.0598,0,0,0.015,0.02,0,0.793,29,0.0083,0.0037,0.03,0.028,"HQC041980",0
0.006,0.0386,0,0,0.02,0.02,0,0.193,23,0.0124,0.0028,0.036,0.035,"HQB068130",0.001
0.006,0.0397,0,0,0.009,0.02,0,0.189,17,0.0091,0.003,0.023,0.022,"HQZ144190",0
0.005,0.0403,0,0,0.028,0.02,0,0.166,28,0.0084,0.004,0.039,0.037,"HQX119910",0
0.004,0.0407,0,0,0.015,0.02,0,0.145,35,0.0067,0.0027,0.028,0.026,"HQG042260",0
0.004,0.0279,0,0,0.027,0.02,0,0.264,17,0.0184,0.0038,0.031,0.029,"HQH080940",0.001
0.004,0.0345,0,0,0.008,0.02,0,0.174,14,0.0074,0.0033,0.018,0.018,"HQD097960",0
0.006,0.1456,0,0,0.012,0.02,0,0.797,26,0.0126,0.0028,0.024,0.023,"HQF008050",0.001
0.007,0.0013,0,0,0.011,0.02,0,0.079,17,0.0081,0.0037,0.037,0.035,"HQY157070",0.002
0.004,0.0795,0,1,0.013,0.02,0,0.293,31,0.0081,0.0023,0.044,0.042,"HQG081100",0
0.006,0.0017,0,1,0.013,0.02,0,0.064,15,0.0095,0.0037,0.024,0.022,"HQZ123380",0.002
0.006,0.0407,1,0,0.016,0.02,0,0.196,15,0.0088,0.0034,0.023,0.023,"HQA057150",0
0.006,0.0407,15,0,0.016,0.02,0,0.201,19,0.0093,0.0037,0.03,0.029,"HQX023870",0
0.005,0.0406,0,0,0.011,0.02,0,0.184,15,0.0087,0.0037,0.02,0.02,"HQE096040",0
0.006,0.0204,15,0,0.017,0.02,0,0.165,18,0.0073,0.0036,0.028,0.027,"HQX139670",0
0.005,0.0482,0,5,0.021,0.03,0,0.321,25,0.0092,0.0026,0.024,0.021,"HQY059320",0
0.005,0.1119,0,0,0.024,0.02,0,0.487,35,0.0109,0.0022,0.029,0.028,"HQE119140",0
0.005,0.0601,0,1,0.02,0.02,0,0.816,40,0.0061,0.0021,0.038,0.038,"HQH010750",0
0.006,0.039,1,0,0.017,0.01,0,0.198,18,0.0067,0.0035,0.024,0.023,"HQX023200",0
0.005,0.0338,0,0,0.01,0.02,0,0.2,12,0.0084,0.0033,0.033,0.032,"HQE019490",0
0.004,0.0016,0,1,0.017,0.02,0,0.094,17,0.0097,0.0034,0.03,0.03,"HQJ123810",0.001
0.005,0.0369,0,0,0.008,0.02,0,0.199,18,0.0104,0.0035,0.023,0.021,"HQD144510",0
0.005,0.0423,0,0,0.021,0.02,0,0.193,19,0.0104,0.0041,0.032,0.031,"HQC033020",0
0.005,0.0369,13,0,0.02,0.02,0,0.186,17,0.0092,0.0042,0.027,0.024,"HQG000030",0
0.007,0.0017,0,1,0.011,0.02,0,0.065,18,0.0044,0.0035,0.032,0.03,"HQY110120",0.004
0.006,0.0385,0,1,0.011,0.02,0,0.201,20,0.0098,0.0036,0.027,0.026,"HQZ045550",0
0.006,0.1779,0,0,0.013,0.02,0,0.488,36,0.0069,0.0025,0.031,0.029,"HQA157340",0
0.005,0.0015,4,1,0.054,0.02,0,0.198,8,0.0434,0.0095,0.036,0.034,"HQD143650",0.001
0.005,0.004,10,2,0.095,0.02,0.06,0.575,22,0.0801,0.0102,0.055,0.053,"HQE041650",0.002
0.005,0.0378,0,1,0.017,0.02,0,0.207,39,0.0073,0.003,0.021,0.02,"HQY029650",0
0.006,0.0332,0,0,0.015,0.02,0,0.187,20,0.0098,0.0041,0.025,0.023,"HQZ100690",0
0.007,0.071,1,1,0.016,0.02,0,0.594,30,0.0177,0.0031,0.038,0.035,"HQD020020",0.001
0.004,0.0018,0,0,0.015,0.02,0,0.101,16,0.0099,0.0031,0.034,0.032,"HQJ118170",0.001
0.006,0.0019,0,0,0.012,0.02,0,0.097,22,0.0088,0.0032,0.029,0.026,"HQC144880",0.001
0.006,0.0418,0,2,0.008,0.02,0,0.205,23,0.0103,0.0037,0.026,0.025,"HQD067890",0
0.004,0.0595,0,0,0.009,0.01,0,0.339,33,0.0055,0.0032,0.029,0.029,"HQD087210",0
0.006,0.0669,0,1,0.032,0.02,0,0.781,35,0.0121,0.0024,0.032,0.03,"HQA018330",0.001
0.006,0.0188,0,1,0.01,0.02,0,0.194,19,0.0082,0.0034,0.024,0.023,"HQY047810",0
0.005,0.0371,0,1,0.018,0.02,0,0.191,22,0.0088,0.0037,0.023,0.022,"HQE139680",0
0.006,0.0215,0,0,0.023,0.03,0,0.193,15,0.0114,0.0044,0.029,0.027,"HQE084720",0
0.005,0.0542,0,0,0.012,0.02,0,0.777,33,0.0107,0.0026,0.028,0.026,"HQZ151390",0.001
0.007,0.0551,0,0,0.017,0.02,0,0.804,24,0.0108,0.0027,0.032,0.031,"HQB010460",0.002
0.005,0.0015,0,1,0.026,0.02,0,0.094,16,0.0094,0.0044,0.022,0.021,"HQE088940",0.001
0.005,0.0348,0,0,0.009,0.02,0,0.19,18,0.0062,0.0033,0.026,0.025,"HQE092960",0
0.005,0.0021,0,0,0.014,0.02,0,0.102,18,0.0089,0.0029,0.033,0.032,"HQC055220",0.002
0.004,0.1103,0,1,0.011,0.02,0,0.428,22,0.0088,0.0025,0.016,0.016,"HQG068570",0
0.007,0.1344,0,0,0.012,0.01,0,0.911,39,0.0083,0.0028,0.023,0.023,"HQY124660",0
0.005,0.162,0,3,0.014,0.02,0,0.806,33,0.011,0.0027,0.032,0.031,"HQE146760",0.001
0.006,0.0018,0,0,0.02,0.02,0,0.084,18,0.0098,0.0036,0.033,0.031,"HQX061110",0.001
0.004,0.0649,0,0,0.013,0.02,0,0.488,39,0.0144,0.0039,0.05,0.048,"HQJ059980",0.002
0.005,0.0407,0,0,0.01,0.02,0,0.188,19,0.0089,0.0044,0.022,0.02,"HQZ012450",0
0.007,0.0595,0,0,0.022,0.03,0,0.792,33,0.0096,0.0024,0.033,0.032,"HQA086700",0
0.004,0.0339,0,0,0.016,0.02,0,0.18,19,0.0064,0.0035,0.02,0.017,"HQG048280",0
0.005,0.0387,0,1,0.01,0.02,0,0.191,27,0.0072,0.0022,0.026,0.026,"HQJ112110",0
0.006,0.0334,0,0,0.017,0.02,0,0.192,31,0.0088,0.0035,0.018,0.018,"HQX088350",0
0.006,0.0432,0,0,0.017,0.02,0,0.194,10,0.0075,0.0037,0.022,0.022,"HQB088070",0
0.007,0.1745,0,0,0.014,0.02,0,0.795,35,0.0106,0.0022,0.025,0.024,"HQB090480",0.001
0.004,0.0382,0,1,0.016,0.02,0,0.199,19,0.0089,0.0029,0.033,0.031,"HQB146130",0
0.004,0.0578,0,0,0.015,0.02,0,0.34,25,0.0081,0.0039,0.034,0.033,"HQG036360",0.001
0.005,0.1177,0,0,0.018,0.02,0,0.306,30,0.0082,0.0031,0.021,0.019,"HQG151650",0
0.005,0.0545,0,0,0.02,0.01,0,0.352,23,0.0068,0.0028,0.032,0.03,"HQC023370",0
0.004,0.0816,5,2,0.03,0.02,0,0.898,30,0.0193,0.0037,0.028,0.026,"HQH092400",0.001
0.004,0.0369,0,0,0.014,0.02,0,0.192,27,0.0094,0.0036,0.034,0.033,"HQF020880",0
0.005,0.0026,0,0,0.018,0.03,0,0.106,15,0.0087,0.0033,0.034,0.033,"HQD159600",0.002
0.004,0.11,0,0,0.029,0.03,0,0.48,33,0.0118,0.0032,0.022,0.021,"HQG135030",0
0.004,0.0396,0,0,0.013,0.06,0,0.14,12,0.0123,0.0032,0.035,0.031,"HQG059980",0
0.005,0.0392,0,0,0.019,0.02,0,0.211,18,0.0094,0.0033,0.023,0.022,"HQZ121020",0
0.006,0.039,0,5,0.019,0.02,0,0.192,30,0.0113,0.0034,0.028,0.026,"HQX028220",0
0.006,0.0361,0,2,0.01,0.02,0,0.207,21,0.0079,0.0033,0.026,0.024,"HQB070680",0
0.005,0.0369,0,0,0.024,0.02,0,0.19,24,0.0102,0.0038,0.023,0.021,"HQZ147900",0
0.006,0.0384,0,1,0.036,0.01,0,0.197,20,0.008,0.0032,0.035,0.034,"HQB006440",0
0.005,0.0387,0,0,0.01,0.02,0,0.192,17,0.0087,0.003,0.031,0.029,"HQC025020",0
0.006,0.13,0,0,0.015,0.01,0,0.882,43,0.0103,0.0022,0.022,0.021,"HQX076610",0.001
0.005,0.0355,0,0,0.012,0.02,0,0.193,19,0.0102,0.0028,0.033,0.032,"HQB064610",0
0.004,0.0321,0,0,0.011,0.01,0,0.185,27,0.0078,0.0029,0.016,0.015,"HQC056990",0
0.006,0.0384,0,0,0.022,0.02,0,0.196,26,0.008,0.0037,0.037,0.036,"HQF003460",0
0.006,0.1691,0,0,0.015,0.01,0,0.499,42,0.0075,0.0035,0.028,0.026,"HQY078020",0
0.007,0.0376,0,0,0.018,0.02,0,0.211,24,0.0084,0.0036,0.028,0.026,"HQX121480",0
0.006,0.0355,0,0,0.017,0.02,0,0.188,12,0.0089,0.0038,0.03,0.029,"HQE103600",0
0.005,0.0347,0,0,0.011,0.02,0,0.212,30,0.0105,0.0028,0.027,0.026,"HQX024350",0
0.004,0.1107,0,0,0.016,0.02,0,0.496,18,0.0135,0.0028,0.022,0.021,"HQG068650",0
0.005,0.0019,0,0,0.012,0.02,0,0.081,18,0.0095,0.0034,0.03,0.028,"HQB119930",0.001
0.006,0.0016,0,0,0.02,0.05,0.02,0.138,12,0.0503,0.0035,0.027,0.026,"HQB004270",0.001
0.007,0.0401,0,0,0.01,0.01,0,0.197,21,0.0088,0.0024,0.03,0.028,"HQX020470",0
0.006,0.0397,13,0,0.01,0.02,0,0.193,13,0.0124,0.0036,0.027,0.026,"HQF006650",0
0.004,0.1207,0,1,0.022,0.01,0,0.278,31,0.009,0.0024,0.026,0.023,"HQG076520",0
0.005,0.0647,0,0,0.012,0.02,0,0.474,39,0.0099,0.002,0.042,0.041,"HQC019280",0
0.004,0.0503,0,2,0.02,0.02,0,0.791,37,0.01,0.0024,0.036,0.032,"HQH092150",0.001
0.004,0.1472,0,0,0.018,0.02,0,0.825,23,0.0134,0.0024,0.021,0.02,"HQG141100",0.001
0.004,0.0591,0,0,0.013,0.02,0,0.339,26,0.0102,0.0024,0.038,0.036,"HQH160300",0
0.005,0.0488,0,0,0.008,0.01,0,0.308,17,0.0049,0.0032,0.025,0.024,"HQF138460",0
0.004,0.0413,0,0,0.018,0.02,0,0.193,20,0.0081,0.0036,0.029,0.027,"HQJ006700",0
0.004,0.0585,0,2,0.022,0.02,0,0.814,28,0.0119,0.0022,0.032,0.026,"HQG131580",0.001
0.005,0.1616,0,0,0.025,0.02,0,0.589,33,0.0106,0.0023,0.042,0.04,"HQH154330",0
0.005,0.0021,0,0,0.01,0.02,0,0.087,21,0.0089,0.0027,0.032,0.03,"HQB099230",0.001
0.006,0.0369,0,5,0.009,0.02,0,0.195,17,0.0074,0.003,0.028,0.026,"HQY137830",0
0.007,0.0352,0,1,0.008,0.02,0,0.195,19,0.0095,0.0028,0.022,0.019,"HQB018370",0
0.004,0.0392,0,1,0.007,0.02,0,0.19,16,0.0151,0.0044,0.024,0.022,"HQF063480",0
0.007,0.0387,0,0,0.014,0.02,0,0.194,20,0.0093,0.0028,0.029,0.027,"HQX014930",0
0.004,0.0392,0,0,0.012,0.02,0,0.243,21,0.0095,0.0031,0.019,0.018,"HQJ056640",0
0.006,0.0021,0,0,0.008,0.02,0,0.06,13,0.0084,0.0033,0.025,0.024,"HQA041500",0.002
0.006,0.0014,3,0,0.052,0.02,0,0.205,11,0.046,0.0085,0.037,0.036,"HQY147480",0.001
0.003,0.0333,0,0,0.02,0.02,0,0.2,13,0.0074,0.003,0.019,0.018,"HQC009490",0
0.004,0.072,1,0,0.012,0.02,0,0.606,33,0.0195,0.0023,0.034,0.034,"HQJ036570",0.002
0.006,0.0394,0,0,0.012,0.02,0,0.194,29,0.0075,0.0033,0.019,0.019,"HQC102420",0
0.005,0.0362,0,0,0.013,0.02,0,0.201,21,0.0113,0.0041,0.033,0.032,"HQC033120",0
0.004,0.0181,0,0,0.018,0.02,0,0.191,13,0.0084,0.0033,0.021,0.018,"HQE040000",0
0.004,0.0378,0,0,0.021,0.02,0,0.188,17,0.009,0.0039,0.026,0.026,"HQF096740",0
0.006,0.0021,0,1,0.025,0.02,0,0.084,18,0.0071,0.0046,0.026,0.025,"HQA154150",0.002
0.004,0.1638,0,0,0.018,0.02,0,0.505,23,0.0116,0.0034,0.023,0.022,"HQG046230",0.001
0.004,0.0406,11,0,0.011,0.02,0,0.192,26,0.0074,0.003,0.028,0.026,"HQJ124840",0
0.005,0.0369,0,1,0.014,0.02,0,0.184,20,0.0071,0.0042,0.026,0.025,"HQH015860",0
0.006,0.0584,0,0,0.012,0.02,0,0.787,31,0.009,0.0022,0.03,0.03,"HQB093730",0.001
0.004,0.0167,0,1,0.018,0.02,0,0.19,17,0.0076,0.0031,0.021,0.019,"HQB144710",0
0.006,0.1166,0,4,0.013,0.02,0,0.302,25,0.0086,0.0029,0.02,0.02,"HQZ041910",0.001
0.006,0.0931,0,1,0.019,0.02,0,0.48,32,0.0062,0.0035,0.031,0.029,"HQY113140",0
0.004,0.0568,0,0,0.012,0.02,0,0.789,37,0.0105,0.0021,0.035,0.033,"HQJ124010",0.001
0.006,0.0176,0,0,0.015,0.02,0,0.199,20,0.007,0.0036,0.018,0.017,"HQY151020",0
0.006,0.0019,5,1,0.058,0.02,0,0.202,18,0.0449,0.0087,0.043,0.041,"HQY002990",0.001
0.006,0.0404,0,0,0.015,0.02,0,0.196,17,0.008,0.0036,0.034,0.032,"HQB003840",0.001
0.007,0.0015,0,1,0.013,0.01,0,0.097,17,0.0107,0.0035,0.028,0.026,"HQB003130",0.002
0.005,0.002,0,1,0.011,0.02,0,0.118,19,0.0102,0.0031,0.026,0.026,"HQD137060",0.001
0.007,0.0398,0,0,0.021,0.02,0,0.2,24,0.0121,0.0028,0.03,0.028,"HQY146720",0
0.005,0.0402,0,0,0.008,0.02,0,0.296,25,0.0062,0.0036,0.02,0.018,"HQX107300",0
0.007,0.0039,10,1,0.094,0.02,0.06,0.574,17,0.0838,0.0092,0.045,0.043,"HQY101560",0.002
0.006,0.037,0,0,0.019,0.02,0,0.205,18,0.0056,0.003,0.03,0.029,"HQB087240",0
0.006,0.0594,0,0,0.014,0.02,0,0.361,26,0.0081,0.0028,0.033,0.031,"HQC123950",0
0.004,0.0402,0,0,0.012,0.02,0,0.203,26,0.0111,0.0032,0.023,0.022,"HQJ011600",0
0.006,0.0364,0,0,0.013,0.02,0,0.201,20,0.0057,0.0032,0.035,0.033,"HQZ044840",0
0.004,0.0575,0,1,0.029,0.03,0,0.343,21,0.0113,0.0036,0.038,0.037,"HQH017160",0.001
0.005,0.1298,1,0,0.012,0.02,0,0.871,30,0.0115,0.0026,0.031,0.029,"HQF008090",0.001
0.004,0.0017,0,1,0.02,0.03,0,0.074,13,0.011,0.004,0.037,0.036,"HQF162850",0.002
0.004,0.0387,0,0,0.01,0.01,0,0.202,17,0.0064,0.0029,0.021,0.019,"HQY046530",0
0.006,0.1466,0,0,0.021,0.02,0,0.791,37,0.0081,0.0028,0.026,0.024,"HQY053210",0.001
0.006,0.0378,0,0,0.009,0.02,0,0.182,14,0.0104,0.0037,0.022,0.021,"HQB094650",0
0.006,0.0396,0,0,0.018,0.02,0,0.212,21,0.0079,0.0043,0.032,0.03,"HQA016390",0
0.005,0.0018,0,0,0.012,0.02,0,0.109,23,0.0106,0.0031,0.029,0.027,"HQD000040",0.001
0.004,0.0368,0,0,0.008,0.02,0,0.192,26,0.0103,0.0037,0.021,0.02,"HQD139370",0
0.005,0.0387,0,0,0.014,0.02,0,0.187,26,0.0133,0.0038,0.019,0.018,"HQY032840",0
0.004,0.0378,0,1,0.016,0.02,0,0.196,23,0.0097,0.0035,0.021,0.02,"HQH073340",0
0.005,0.0778,1,1,0.022,0.02,0,0.88,36,0.0202,0.0016,0.029,0.028,"HQY037920",0.001
0.004,0.0384,0,0,0.019,0.02,0,0.185,13,0.0075,0.0033,0.024,0.023,"HQF101380",0
0.004,0.0013,4,0,0.051,0.02,0,0.19,18,0.0455,0.0087,0.04,0.038,"HQJ155650",0
0.006,0.0416,0,0,0.023,0.01,0,0.151,18,0.0063,0.0031,0.017,0.016,"HQA162690",0
0.005,0.0613,0,1,0.017,0.02,0,0.358,24,0.0096,0.0034,0.034,0.033,"HQF076760",0.001
0.006,0.0798,2,0,0.014,0.02,0,0.893,44,0.0189,0.0022,0.027,0.025,"HQC018680",0
0.004,0.0498,0,0,0.009,0.01,0,0.286,23,0.0083,0.0037,0.023,0.022,"HQF027910",0
0.007,0.0416,0,1,0.017,0.02,0,0.207,17,0.0069,0.0042,0.021,0.02,"HQY123200",0
0.005,0.0017,0,0,0.017,0.02,0,0.096,22,0.0097,0.0036,0.025,0.021,"HQD086580",0.001
0.005,0.0731,2,1,0.011,0.02,0,0.598,32,0.0192,0.003,0.03,0.029,"HQZ059240",0.001
0.005,0.0349,0,3,0.02,0.02,0,0.203,28,0.0106,0.0043,0.023,0.02,"HQX121590",0
0.005,0.0361,0,0,0.012,0.02,0,0.199,18,0.0067,0.0033,0.02,0.02,"HQZ156360",0
0.004,0.0357,0,0,0.01,0.02,0,0.206,18,0.0072,0.0031,0.03,0.028,"HQD155030",0
0.007,0.0575,0,0,0.013,0.02,0,0.767,37,0.0096,0.0026,0.03,0.028,"HQX028420",0.001
0.006,0.1153,0,0,0.011,0.02,0,0.297,25,0.009,0.0034,0.017,0.016,"HQD014770",0
0.006,0.0018,0,0,0.018,0.01,0,0.149,16,0.0097,0.0027,0.024,0.022,"HQA166500",0.001
0.007,0.0575,0,0,0.012,0.01,0,0.358,29,0.009,0.0029,0.029,0.027,"HQX148850",0
0.007,0.112,0,2,0.016,0.02,0,0.296,25,0.0123,0.0028,0.019,0.018,"HQX040200",0.001
0.005,0.0784,3,2,0.019,0.02,0,0.895,30,0.02,0.0026,0.03,0.028,"HQZ147490",0.001
0.004,0.0357,0,0,0.014,0.02,0,0.195,14,0.0083,0.0024,0.022,0.02,"HQG003210",0
0.005,0.1644,1,1,0.023,0.02,0,0.789,30,0.0117,0.0029,0.025,0.024,"HQG003500",0.001
0.006,0.1471,1,0,0.021,0.02,0,0.891,38,0.0121,0.0027,0.024,0.023,"HQJ105100",0.001
0.006,0.0393,12,0,0.02,0.02,0,0.214,18,0.0064,0.0029,0.026,0.024,"HQX093130",0
0.005,0.0732,2,1,0.019,0.02,0,1.079,36,0.0186,0.002,0.024,0.023,"HQX001890",0.002
0.007,0.0351,0,1,0.008,0.01,0,0.203,19,0.0055,0.0032,0.026,0.024,"HQY116180",0
0.006,0.1397,1,0,0.022,0.02,0,0.812,25,0.0111,0.0032,0.024,0.022,"HQX076730",0.001
0.006,0.0181,0,0,0.017,0.02,0,0.183,22,0.0082,0.0034,0.029,0.027,"HQY151270",0
0.004,0.0455,0,0,0.023,0.02,0,0.301,32,0.0075,0.0034,0.034,0.033,"HQE147010",0
0.004,0.0356,12,0,0.022,0.02,0,0.194,21,0.0084,0.0042,0.026,0.024,"HQG121120",0
0.006,0.036,0,0,0.022,0.02,0,0.184,26,0.0077,0.0028,0.029,0.028,"HQD010420",0
0.004,0.0368,0,0,0.018,0.02,0,0.193,16,0.0052,0.0028,0.026,0.025,"HQC075720",0
0.005,0.0575,0,1,0.021,0.02,0,0.807,32,0.0103,0.0031,0.03,0.029,"HQJ086090",0.001
0.006,0.0579,0,0,0.018,0.02,0,0.333,30,0.0076,0.003,0.028,0.027,"HQZ005930",0
0.006,0.0385,0,0,0.01,0.02,0,0.196,19,0.012,0.003,0.023,0.021,"HQX020550",0
0.007,0.0018,0,1,0.011,0.02,0,0.142,17,0.0098,0.0036,0.025,0.024,"HQA076750",0.002
0.005,0.0182,0,0,0.014,0.01,0,0.194,18,0.006,0.0033,0.016,0.015,"HQY041000",0
0.007,0.0415,0,0,0.01,0.02,0,0.192,19,0.0074,0.0033,0.027,0.022,"HQD043160",0
0.005,0.0014,0,0,0.099,0.02,0,0.144,12,0.0192,0.0091,0.031,0.03,"HQF105670",0
0.005,0.0191,0,0,0.015,0.02,0,0.204,15,0.0073,0.0032,0.012,0.011,"HQZ116440",0
0.004,0.035,0,0,0.012,0.02,0,0.202,14,0.0098,0.003,0.028,0.027,"HQG141230",0
0.004,0.019,0,0,0.009,0.01,0,0.147,15,0.0077,0.0024,0.031,0.029,"HQJ162160",0
0.007,0.094,0,0,0.013,0.02,0,0.481,23,0.0073,0.0028,0.018,0.016,"HQY113760",0
0.006,0.1561,0,0,0.013,0.02,0,0.806,23,0.0099,0.0028,0.024,0.023,"HQC092360",0.001
0.005,0.037,0,1,0.011,0.02,0,0.175,23,0.0077,0.0034,0.019,0.018,"HQZ017170",0
0.005,0.0406,0,0,0.01,0.02,0,0.204,27,0.0074,0.0029,0.04,0.039,"HQE118790",0
0.004,0.0011,0,0,0.036,0.02,0,0.075,22,0.0085,0.0043,0.034,0.032,"HQY037820",0.001
0.005,0.0526,0,0,0.009,0.01,0,0.782,28,0.0108,0.0023,0.03,0.029,"HQF032620",0
0.005,0.1898,0,1,0.013,0.02,0,0.822,32,0.0108,0.0029,0.018,0.017,"HQZ152930",0.001
0.006,0.038,0,0,0.009,0.01,0,0.212,19,0.0075,0.0037,0.025,0.024,"HQY121300",0
0.007,0.0352,0,0,0.014,0.02,0,0.195,14,0.0078,0.0029,0.023,0.022,"HQA152340",0
0.004,0.0412,0,1,0.024,0.02,0,0.192,24,0.0076,0.0037,0.024,0.023,"HQJ028320",0
0.004,0.0369,0,0,0.022,0.02,0,0.199,19,0.0103,0.0035,0.028,0.026,"HQF049300",0
0.004,0.0357,0,1,0.017,0.01,0,0.198,22,0.0069,0.0038,0.024,0.021,"HQH089460",0
0.005,0.1226,0,0,0.011,0.02,0,0.507,30,0.01,0.0026,0.021,0.02,"HQD127400",0
0.006,0.0393,0,0,0.018,0.02,0,0.196,30,0.0085,0.0029,0.028,0.027,"HQY042950",0
0.004,0.1101,0,0,0.023,0.02,0,0.437,33,0.0086,0.0022,0.027,0.027,"HQJ029270",0
0.004,0.0585,0,0,0.015,0.02,0,0.8,33,0.0111,0.002,0.027,0.026,"HQG106350",0.001
0.006,0.0366,0,0,0.025,0.02,0,0.196,17,0.0078,0.003,0.019,0.017,"HQA142060",0
0.004,0.0023,8,0,0.083,0.02,0,0.246,20,0.071,0.0097,0.044,0.043,"HQJ000300",0.001
0.004,0.0711,0,4,0.014,0.02,0,0.585,29,0.0196,0.0025,0.026,0.025,"HQJ036600",0.001
0.004,0.0417,0,0,0.013,0.02,0,0.193,17,0.0126,0.0037,0.023,0.02,"HQF063520",0
0.004,0.0408,0,0,0.018,0.02,0,0.183,15,0.0087,0.0036,0.023,0.021,"HQC007250",0
0.005,0.1417,0,0,0.018,0.02,0,0.479,26,0.0131,0.0029,0.018,0.017,"HQF076520",0.001
0.005,0.0442,0,0,0.017,0.02,0,0.214,36,0.0082,0.0025,0.02,0.019,"HQB104160",0
0.006,0.0773,3,2,0.025,0.03,0,0.903,29,0.018,0.0022,0.032,0.031,"HQE073350",0.002
0.006,0.0608,0,0,0.011,0.02,0,0.348,26,0.0096,0.003,0.036,0.035,"HQB134210",0
0.006,0.0374,0,4,0.014,0.02,0,0.199,16,0.0058,0.0037,0.024,0.021,"HQY130570",0
0.004,0.0423,0,0,0.011,0.02,0,0.198,20,0.0099,0.0034,0.026,0.022,"HQJ004490",0
0.005,0.0016,6,0,0.053,0.03,0,0.201,21,0.0433,0.0087,0.043,0.041,"HQA071250",0
0.006,0.0199,0,0,0.017,0.02,0,0.205,13,0.0076,0.0039,0.025,0.024,"HQA019060",0
0.004,0.1467,0,1,0.018,0.02,0,0.419,29,0.0094,0.0029,0.028,0.027,"HQD135950",0
0.005,0.0018,0,2,0.017,0.02,0,0.1,17,0.0112,0.0035,0.033,0.031,"HQE052740",0.001
0.004,0.2036,0,1,0.026,0.02,0,0.448,26,0.0105,0.0026,0.035,0.034,"HQH166860",0
0.004,0.0432,12,0,0.019,0.02,0,0.192,16,0.0106,0.0034,0.026,0.023,"HQH157700",0
0.007,0.002,0,1,0.01,0.02,0,0.1,19,0.009,0.0033,0.02,0.019,"HQY142580",0.003
0.006,0.042,0,0,0.015,0.01,0,0.203,37,0.0066,0.0029,0.027,0.026,"HQD038660",0
0.006,0.039,0,5,0.019,0.02,0,0.192,30,0.0113,0.0034,0.028,0.026,"HQX028180",0
0.005,0.042,17,0,0.012,0.02,0,0.196,18,0.0113,0.0037,0.029,0.027,"HQA001580",0
0.006,0.1183,0,0,0.015,0.02,0,0.445,43,0.0081,0.0023,0.023,0.022,"HQA003570",0
0.004,0.0673,0,0,0.009,0.02,0,0.492,32,0.0096,0.0024,0.05,0.049,"HQG100340",0.001
0.005,0.1266,0,0,0.02,0.02,0,0.282,28,0.0118,0.0037,0.028,0.026,"HQA003110",0
0.006,0.0615,0,0,0.014,0.02,0,0.345,32,0.0088,0.0027,0.032,0.031,"HQB134140",0
0.004,0.0015,0,1,0.025,0.02,0,0.078,17,0.0097,0.004,0.037,0.034,"HQH135150",0.002
0.006,0.0537,0,0,0.019,0.02,0,0.339,24,0.0073,0.0035,0.03,0.03,"HQA042740",0
0.006,0.0516,0,1,0.011,0.02,0,0.303,31,0.0086,0.0038,0.035,0.033,"HQE091420",0.001
0.004,0.036,0,0,0.01,0.01,0,0.186,15,0.0078,0.0035,0.026,0.024,"HQG163800",0
0.005,0.0019,0,0,0.009,0.01,0,0.066,16,0.0102,0.0031,0.03,0.029,"HQJ097850",0.002
0.004,0.0017,0,0,0.011,0.02,0,0.149,17,0.011,0.003,0.029,0.028,"HQF096290",0.002
0.006,0.0392,0,0,0.008,0.02,0,0.193,18,0.0076,0.0032,0.034,0.033,"HQA046390",0
0.006,0.0427,0,1,0.018,0.02,0,0.211,20,0.0064,0.0038,0.034,0.033,"HQY090300",0
0.005,0.0379,0,0,0.011,0.01,0,0.199,24,0.0073,0.0034,0.02,0.02,"HQD093960",0
0.005,0.1141,0,0,0.02,0.02,0,0.458,24,0.01,0.0025,0.026,0.025,"HQG029620",0.001
0.006,0.0364,0,0,0.008,0.02,0,0.201,14,0.0078,0.0031,0.026,0.026,"HQD045080",0
0.005,0.1739,0,0,0.013,0.02,0,0.298,25,0.0148,0.0028,0.025,0.024,"HQD076870",0.001
0.006,0.0406,0,0,0.011,0.03,0,0.144,21,0.0125,0.0035,0.017,0.016,"HQC092450",0
0.006,0.044,0,0,0.011,0.02,0,0.191,23,0.0076,0.0038,0.022,0.021,"HQA095770",0
0.006,0.0017,0,0,0.01,0.02,0,0.15,15,0.0095,0.0026,0.034,0.033,"HQX009290",0.002
0.005,0.0023,0,0,0.014,0.02,0,0.101,16,0.0093,0.0038,0.03,0.029,"HQZ136590",0.001
0.004,0.0402,0,0,0.009,0.02,0,0.19,15,0.0092,0.003,0.019,0.019,"HQJ050580",0
0.004,0.0354,0,0,0.012,0.02,0,0.184,18,0.0088,0.0028,0.028,0.027,"HQF093480",0
0.006,0.1289,0,1,0.025,0.02,0,0.355,26,0.0106,0.0041,0.023,0.022,"HQY017460",0
0.005,0.115,0,0,0.01,0.02,0,0.288,27,0.0093,0.0028,0.032,0.031,"HQH139200",0
0.005,0.0022,0,0,0.02,0.02,0,0.141,11,0.0098,0.0034,0.031,0.03,"HQJ095610",0.002
0.005,0.002,0,0,0.02,0.02,0,0.089,16,0.0107,0.0037,0.024,0.023,"HQF082710",0.001
0.004,0.0331,0,0,0.016,0.02,0,0.227,18,0.0084,0.0035,0.025,0.024,"HQG007550",0
0.005,0.0375,0,0,0.015,0.02,0,0.195,20,0.0073,0.0038,0.022,0.018,"HQC116870",0
0.005,0.0344,0,0,0.017,0.02,0,0.19,19,0.0093,0.0036,0.02,0.02,"HQE032220",0
0.006,0.0355,0,0,0.01,0.02,0,0.186,21,0.008,0.0035,0.024,0.022,"HQY028150",0
0.006,0.1445,0,0,0.009,0.01,0,0.497,38,0.0069,0.0026,0.03,0.029,"HQE063090",0
0.004,0.0401,19,0,0.025,0.02,0,0.19,20,0.0071,0.0033,0.026,0.026,"HQG092600",0.001
0.005,0.0324,0,1,0.011,0.02,0,0.195,24,0.0084,0.0031,0.025,0.023,"HQY046210",0
0.007,0.0429,0,0,0.013,0.02,0,0.201,18,0.0068,0.0032,0.018,0.017,"HQA095430",0
0.005,0.0364,9,0,0.011,0.02,0,0.222,17,0.0099,0.0029,0.029,0.028,"HQD140770",0
0.006,0.0482,0,0,0.014,0.02,0,0.302,31,0.0103,0.003,0.031,0.03,"HQY132730",0
0.006,0.1177,0,0,0.009,0.02,0,0.291,21,0.0109,0.0023,0.02,0.018,"HQD019420",0
0.004,0.0023,0,1,0.015,0.02,0,0.095,13,0.0104,0.004,0.031,0.029,"HQG047570",0.001
0.005,0.0414,0,0,0.013,0.02,0,0.196,26,0.009,0.0025,0.023,0.022,"HQJ081370",0.001
0.004,0.038,0,0,0.007,0.01,0,0.181,21,0.0149,0.0034,0.031,0.028,"HQH151570",0
0.004,0.0308,0,0,0.024,0.02,0,0.203,17,0.0086,0.0028,0.03,0.029,"HQD160320",0
0.006,0.0355,0,1,0.012,0.02,0,0.188,23,0.0085,0.0038,0.034,0.032,"HQE094090",0
0.007,0.0443,0,0,0.017,0.02,0,0.21,22,0.0097,0.0033,0.027,0.026,"HQA092780",0
0.005,0.0772,4,0,0.015,0.01,0,0.908,28,0.0189,0.0028,0.027,0.026,"HQC088990",0.001
0.005,0.0364,0,1,0.016,0.02,0,0.193,16,0.0093,0.0028,0.025,0.024,"HQA047520",0
0.007,0.0356,0,10,0.011,0.02,0,0.213,22,0.0086,0.0033,0.023,0.021,"HQY121010",0
0.005,0.0728,0,0,0.289,0.42,0,0.419,,0.0995,0.0035,0.024,0.024,"HQY065550",0.003
0.004,0.0349,0,0,0.011,0.03,0,0.178,15,0.0069,0.0034,0.027,0.026,"HQG077440",0
0.004,0.0625,0,0,0.011,0.02,0,0.343,31,0.0113,0.0028,0.035,0.032,"HQF052170",0
0.007,0.0425,0,0,0.013,0.02,0,0.216,18,0.0085,0.0037,0.023,0.022,"HQX158720",0
0.005,0.0482,0,0,0.03,0.02,0,0.301,35,0.0097,0.0037,0.036,0.035,"HQF117130",0.001
0.006,0.2019,0,0,0.015,0.02,0,0.896,29,0.0105,0.0032,0.026,0.024,"HQE158420",0.001
0.006,0.0498,0,0,0.015,0.02,0,0.303,23,0.0111,0.0038,0.021,0.019,"HQX068590",0
0.006,0.0596,0,2,0.012,0.01,0,0.813,35,0.0081,0.0017,0.049,0.048,"HQD046380",0.001
0.004,0.0381,0,0,0.014,0.02,0,0.19,16,0.0078,0.0033,0.022,0.02,"HQJ056380",0
0.004,0.1411,0,1,0.014,0.02,0,0.845,28,0.0079,0.0038,0.021,0.02,"HQG072240",0.001
0.006,0.1445,0,0,0.012,0.02,0,0.672,29,0.0082,0.0025,0.025,0.023,"HQF019280",0
0.005,0.0015,0,0,0.008,0.01,0,0.06,15,0.0066,0.0032,0.029,0.027,"HQD087560",0.004
0.006,0.0776,1,0,0.015,0.02,0,0.903,37,0.0186,0.0023,0.03,0.03,"HQB082000",0.001
0.005,0.002,0,0,0.015,0.02,0,0.061,17,0.0055,0.0035,0.029,0.029,"HQG049990",0.002
0.006,0.0013,0,0,0.1,0.02,0,0.14,15,0.0168,0.0086,0.038,0.037,"HQD054890",0
0.005,0.0016,0,0,0.011,0.02,0,0.058,15,0.0082,0.0033,0.026,0.025,"HQF069090",0.003
0.004,0.1149,0,0,0.017,0.02,0,0.305,36,0.0064,0.0032,0.025,0.024,"HQZ015320",0
0.005,0.002,0,0,0.011,0.02,0,0.057,18,0.01,0.0044,0.033,0.032,"HQF082340",0.001
0.004,0.0594,0,1,0.012,0.02,0,0.334,23,0.0095,0.0028,0.04,0.039,"HQF051810",0
0.006,0.1427,0,0,0.023,0.02,0,0.494,21,0.0109,0.0033,0.016,0.016,"HQA105470",0
0.005,0.0023,15,0,0.061,0.07,0,0.557,13,0.0147,0.0034,0.021,0.02,"HQE027400",0.002
0.006,0.0236,0,0,0.019,0.02,0,0.157,18,0.0081,0.0045,0.032,0.031,"HQY083340",0
0.005,0.0363,0,0,0.017,0.02,0,0.186,20,0.014,0.0033,0.033,0.032,"HQG164260",0
0.004,0.0698,1,0,0.023,0.01,0,0.596,39,0.0186,0.0021,0.028,0.027,"HQJ148970",0
0.004,0.0363,0,0,0.016,0.01,0,0.188,16,0.0078,0.0033,0.026,0.024,"HQF051460",0
0.005,0.0024,0,0,0.013,0.02,0,0.069,12,0.0058,0.0035,0.029,0.028,"HQE157220",0.003
0.006,0.0608,0,0,0.013,0.02,0,0.803,27,0.0073,0.0029,0.033,0.032,"HQZ055100",0.001
0.006,0.1059,0,0,0.017,0.01,0,0.412,28,0.0093,0.0028,0.02,0.019,"HQB045980",0
0.005,0.0737,0,0,0.013,0.02,0,0.298,31,0.0088,0.0025,0.031,0.03,"HQZ025970",0
0.004,0.0025,0,0,0.01,0.02,0,0.146,18,0.01,0.0033,0.025,0.023,"HQE137410",0.002
0.004,0.0399,0,0,0.028,0.03,0,0.195,27,0.0109,0.0041,0.03,0.028,"HQC074800",0
0.004,0.0373,0,0,0.018,0.02,0,0.187,15,0.0103,0.0037,0.025,0.024,"HQD152510",0
0.004,0.0391,0,0,0.014,0.01,0,0.18,18,0.0081,0.0032,0.029,0.028,"HQD041320",0
0.006,0.0019,0,1,0.016,0.02,0,0.13,22,0.0099,0.0036,0.023,0.021,"HQX041600",0.002
0.005,0.0379,0,0,0.013,0.02,0,0.214,21,0.0095,0.003,0.028,0.027,"HQB096650",0
0.006,0.0383,0,0,0.015,0.02,0,0.185,15,0.0087,0.005,0.027,0.025,"HQA057490",0
0.004,0.0478,0,0,0.009,0.01,0,0.289,23,0.0086,0.0043,0.019,0.018,"HQJ111650",0
0.006,0.0327,0,0,0.021,0.02,0,0.189,18,0.0078,0.0036,0.023,0.022,"HQE111390",0
0.005,0.038,0,1,0.017,0.02,0,0.194,15,0.012,0.0039,0.026,0.025,"HQY067140",0
0.005,0.1393,0,0,0.011,0.02,0,0.883,25,0.0101,0.0028,0.028,0.027,"HQY028390",0
0.004,0.0347,0,1,0.016,0.02,0,0.185,24,0.0082,0.0046,0.032,0.031,"HQH012780",0
0.005,0.1152,0,1,0.012,0.02,0,0.492,26,0.0102,0.003,0.019,0.017,"HQZ119100",0
0.005,0.0015,4,0,0.056,0.02,0,0.191,16,0.0458,0.0087,0.038,0.034,"HQF069570",0
0.004,0.0176,0,1,0.013,0.03,0,0.175,15,0.0105,0.0028,0.028,0.026,"HQJ074560",0
0.005,0.0573,0,0,0.012,0.02,0,0.79,25,0.012,0.0028,0.038,0.037,"HQF032640",0.001
0.004,0.0028,0,1,0.009,0.02,0,0.069,16,0.0072,0.003,0.028,0.025,"HQG071710",0.003
0.005,0.0015,0,1,0.019,0.02,0,0.077,16,0.0095,0.0037,0.031,0.029,"HQZ051380",0.001
0.005,0.0025,16,1,0.071,0.07,0,0.514,13,0.0147,0.0033,0.034,0.032,"HQH028100",0.002
0.007,0.0729,0,1,0.01,0.02,0,0.611,24,0.0196,0.0024,0.03,0.028,"HQD022400",0.001
0.005,0.0396,0,0,0.014,0.02,0,0.173,13,0.0068,0.004,0.021,0.02,"HQZ163500",0
0.005,0.0387,8,0,0.012,0.02,0,0.209,20,0.0076,0.0032,0.022,0.02,"HQA000150",0
0.004,0.0439,0,0,0.016,0.02,0,0.201,24,0.0098,0.0034,0.022,0.021,"HQJ011750",0
0.007,0.112,0,2,0.016,0.02,0,0.296,25,0.0123,0.0028,0.019,0.018,"HQX040020",0.001
0.005,0.0022,0,0,0.02,0.02,0,0.061,17,0.0078,0.0039,0.033,0.031,"HQY018630",0.002
0.005,0.002,0,1,0.02,0.02,0,0.091,15,0.0095,0.0044,0.026,0.025,"HQH065310",0.001
0.006,0.0378,0,1,0.01,0.01,0,0.149,23,0.0074,0.0023,0.028,0.026,"HQD010990",0
0.004,0.0364,0,0,0.017,0.02,0,0.241,35,0.0091,0.0024,0.029,0.027,"HQG143330",0
0.004,0.037,0,0,0.009,0.01,0,0.193,20,0.0077,0.003,0.027,0.025,"HQE046310",0
0.005,0.0742,1,1,0.012,0.02,0,0.595,32,0.0188,0.0023,0.027,0.027,"HQD130130",0.001
0.006,0.0016,0,0,0.011,0.02,0,0.075,19,0.0096,0.0031,0.025,0.023,"HQC136010",0.002
0.005,0.154,0,0,0.011,0.02,0,0.514,24,0.01,0.0026,0.027,0.026,"HQZ150110",0
0.004,0.0017,0,0,0.021,0.02,0,0.125,18,0.0092,0.0036,0.026,0.023,"HQG039680",0.001
0.004,0.0416,0,0,0.009,0.02,0,0.185,15,0.0089,0.0037,0.032,0.031,"HQG095860",0
0.006,0.0342,0,0,0.023,0.03,0,0.185,15,0.0091,0.0041,0.022,0.02,"HQZ093540",0
0.005,0.0018,0,0,0.016,0.02,0,0.096,18,0.0093,0.0031,0.036,0.034,"HQE062850",0.001
0.006,0.0017,0,0,0.019,0.02,0,0.094,21,0.011,0.0036,0.025,0.024,"HQX074500",0.001
0.004,0.038,12,1,0.01,0.02,0,0.201,13,0.0079,0.0028,0.022,0.02,"HQJ039580",0
0.004,0.0578,0,0,0.015,0.02,0,0.34,25,0.0081,0.0039,0.034,0.033,"HQG036340",0.001
0.005,0.0314,0,0,0.012,0.02,0,0.19,19,0.0089,0.003,0.019,0.018,"HQB056610",0
0.005,0.0703,0,0,0.01,0.02,0,0.47,37,0.007,0.0028,0.046,0.045,"HQG163930",0
0.005,0.1413,0,0,0.013,0.02,0,0.485,28,0.0108,0.0026,0.018,0.017,"HQY010870",0
0.004,0.1132,0,0,0.014,0.02,0,0.29,25,0.0115,0.0027,0.029,0.027,"HQG054900",0
0.004,0.0347,0,0,0.017,0.02,0.01,0.205,30,0.011,0.0026,0.029,0.028,"HQF158410",0
0.005,0.1861,0,0,0.014,0.02,0,0.837,31,0.0134,0.0022,0.021,0.02,"HQJ106300",0.001
0.006,0.0424,0,0,0.011,0.03,0,0.189,16,0.0085,0.0035,0.018,0.016,"HQC139110",0
0.004,0.0738,0,1,0.027,0.02,0,0.291,25,0.0093,0.0027,0.035,0.034,"HQG109880",0
0.007,0.1383,0,0,0.012,0.02,0,0.864,35,0.0097,0.0024,0.022,0.021,"HQZ047500",0.001
0.004,0.1747,0,0,0.018,0.02,0,0.479,33,0.0132,0.0029,0.039,0.037,"HQG045950",0
0.006,0.0176,0,0,0.015,0.02,0,0.199,20,0.007,0.0036,0.018,0.017,"HQY151000",0
0.005,0.0018,0,1,0.013,0.06,0.02,0.139,21,0.0514,0.0035,0.039,0.037,"HQX153850",0.001
0.006,0.0345,0,0,0.014,0.02,0,0.196,12,0.0078,0.0036,0.02,0.017,"HQE086850",0
0.007,0.0182,0,0,0.012,0.02,0,0.216,24,0.009,0.0086,0.027,0.026,"HQY163550",0.002
0.005,0.0388,0,0,0.017,0.02,0,0.194,19,0.008,0.0031,0.018,0.017,"HQA042480",0
0.005,0.0779,0,0,0.025,0.03,0,0.922,28,0.0212,0.0037,0.026,0.025,"HQF149260",0.001
0.005,0.0365,0,0,0.015,0.02,0,0.196,12,0.0104,0.0033,0.03,0.028,"HQF082590",0
0.005,0.055,0,0,0.011,0.02,0,0.803,34,0.0112,0.003,0.044,0.043,"HQY062430",0.001
0.004,0.0392,0,0,0.019,0.03,0,0.188,18,0.012,0.0039,0.026,0.025,"HQJ030150",0
0.005,0.0406,0,0,0.015,0.02,0,0.215,22,0.0082,0.0032,0.029,0.027,"HQB089890",0
0.004,0.042,0,0,0.016,0.02,0,0.191,17,0.0099,0.0029,0.027,0.026,"HQG137410",0
0.006,0.0013,0,0,0.013,0.02,0,0.092,18,0.0099,0.0038,0.032,0.03,"HQX135310",0.001
0.004,0.0418,19,2,0.021,0.02,0,0.189,17,0.0102,0.004,0.018,0.016,"HQF045580",0
0.006,0.0411,0,0,0.016,0.02,0,0.192,32,0.0084,0.0027,0.028,0.028,"HQJ081330",0
0.006,0.0797,3,1,0.011,0.02,0,0.884,32,0.0186,0.0026,0.029,0.028,"HQZ146590",0.002
0.004,0.0013,5,0,0.057,0.03,0,0.192,17,0.0442,0.0102,0.038,0.037,"HQH055030",0.001
0.006,0.0779,2,2,0.015,0.02,0,0.879,31,0.0177,0.0021,0.033,0.031,"HQX016010",0.002
0.004,0.0795,0,0,0.013,0.01,0,0.443,29,0.0118,0.0022,0.028,0.024,"HQH151970",0
0.005,0.0397,0,0,0.021,0.03,0,0.19,11,0.0099,0.0033,0.024,0.023,"HQD144080",0
0.004,0.0352,0,0,0.009,0.02,0,0.197,13,0.0085,0.0028,0.022,0.016,"HQD151530",0
0.007,0.0674,1,0,0.023,0.01,0,0.602,37,0.0188,0.0021,0.033,0.032,"HQB057200",0
0.007,0.0403,0,0,0.015,0.01,0,0.209,21,0.0061,0.0025,0.028,0.027,"HQY130510",0
0.006,0.0017,0,0,0.01,0.02,0,0.098,17,0.0099,0.0034,0.026,0.024,"HQX135110",0.001
0.004,0.0016,0,0,0.097,0.02,0,0.142,13,0.0189,0.0101,0.032,0.03,"HQG120940",0
0.005,0.0367,0,0,0.031,0.02,0,0.19,33,0.0083,0.0038,0.032,0.031,"HQF129390",0
0.005,0.0623,0,0,0.013,0.02,0,0.79,33,0.0104,0.0027,0.036,0.036,"HQF015820",0.001
0.005,0.0355,0,0,0.009,0.02,0,0.133,18,0.0087,0.0034,0.026,0.026,"HQH070070",0
0.005,0.038,0,0,0.009,0.02,0,0.189,19,0.0099,0.0031,0.025,0.024,"HQZ152560",0
0.004,0.1254,0,1,0.023,0.02,0,0.293,23,0.0086,0.0029,0.019,0.019,"HQH023070",0
0.005,0.0377,0,1,0.02,0.02,0,0.134,14,0.0076,0.0035,0.023,0.022,"HQF071920",0
0.007,0.0012,5,0,0.058,0.02,0,0.21,16,0.0448,0.009,0.037,0.034,"HQY158960",0.001
0.006,0.0377,0,0,0.012,0.02,0,0.196,32,0.0093,0.0027,0.033,0.031,"HQB031890",0
0.004,0.0183,0,1,0.01,0.02,0,0.186,19,0.0093,0.0039,0.025,0.023,"HQY048040",0
0.004,0.0412,0,0,0.014,0.02,0,0.19,18,0.009,0.0036,0.032,0.03,"HQJ006040",0
0.005,0.0015,1,0,0.015,0.02,0,0.071,16,0.0091,0.0039,0.035,0.034,"HQG050280",0.002
0.005,0.1494,0,0,0.024,0.02,0,0.592,27,0.0113,0.0038,0.034,0.033,"HQF149440",0
0.005,0.0377,0,0,0.011,0.02,0,0.187,19,0.008,0.002,0.03,0.029,"HQC059060",0
0.005,0.0409,0,0,0.012,0.01,0,0.189,24,0.0091,0.0028,0.033,0.031,"HQB052760",0
0.007,0.0807,2,1,0.011,0.02,0,0.927,30,0.02,0.0027,0.028,0.025,"HQZ032730",0.002
0.005,0.043,0,1,0.01,0.02,0,0.182,16,0.0103,0.0025,0.025,0.024,"HQF158440",0
0.007,0.0599,0,1,0.011,0.02,0,0.789,43,0.0139,0.0021,0.036,0.033,"HQX030170",0.002
0.007,0.0364,0,0,0.023,0.02,0,0.184,20,0.0072,0.0039,0.029,0.029,"HQA116190",0
0.006,0.0384,0,0,0.013,0.02,0.01,0.183,23,0.008,0.0028,0.028,0.027,"HQJ081780",0
0.006,0.0563,0,0,0.018,0.02,0,0.359,32,0.0069,0.003,0.036,0.034,"HQA099540",0
0.005,0.068,0,1,0.011,0.03,0,0.487,31,0.0154,0.0038,0.048,0.046,"HQD136750",0
0.006,0.0569,0,0,0.011,0.02,0,0.343,32,0.0088,0.003,0.036,0.034,"HQZ049560",0
0.005,0.0357,0,0,0.02,0.02,0,0.203,17,0.0083,0.0033,0.033,0.031,"HQY061570",0
0.004,0.0025,14,0,0.065,0.06,0,0.535,24,0.0141,0.0028,0.025,0.024,"HQG055270",0.001
0.003,0.0392,0,0,0.017,0.02,0,0.219,20,0.01,0.0035,0.032,0.028,"HQJ160150",0
0.004,0.1183,1,1,0.015,0.02,0,1.168,29,0.0083,0.0029,0.023,0.023,"HQB149730",0
0.006,0.0607,0,2,0.026,0.02,0,0.759,36,0.0121,0.0025,0.026,0.025,"HQX026520",0.001
0.005,0.0402,0,0,0.015,0.02,0,0.194,20,0.009,0.003,0.024,0.022,"HQH047770",0
0.004,0.0403,0,0,0.02,0.02,0,0.193,21,0.0078,0.0037,0.022,0.022,"HQH089550",0
0.005,0.0551,0,0,0.018,0.02,0,0.801,32,0.0099,0.0029,0.034,0.033,"HQE108910",0
0.005,0.185,0,0,0.018,0.02,0,0.482,30,0.0081,0.0024,0.028,0.027,"HQZ084620",0
0.004,0.0016,0,2,0.01,0.02,0,0.109,20,0.0105,0.0034,0.028,0.026,"HQH121940",0.001
0.006,0.1776,0,0,0.017,0.01,0,0.498,37,0.0099,0.0033,0.023,0.021,"HQC120020",0
0.004,0.0574,0,1,0.025,0.03,0,0.339,26,0.0147,0.0038,0.036,0.034,"HQH017470",0
0.005,0.0594,0,0,0.028,0.02,0,0.785,28,0.0112,0.0025,0.029,0.027,"HQF107880",0.001
0.005,0.0397,0,0,0.009,0.02,0,0.17,19,0.0102,0.0033,0.022,0.02,"HQX112720",0
0.006,0.0022,0,0,0.009,0.02,0,0.093,19,0.0101,0.0039,0.024,0.022,"HQD038050",0.002
0.005,0.0565,0,0,0.015,0.02,0,0.802,31,0.0117,0.0027,0.034,0.032,"HQA048600",0
0.004,0.0591,0,0,0.013,0.02,0,0.339,26,0.0102,0.0024,0.038,0.036,"HQH160290",0
0.005,0.0318,0,3,0.023,0.04,0.01,0.199,16,0.0081,0.0027,0.021,0.019,"HQC016490",0
0.006,0.0191,0,0,0.016,0.02,0,0.145,23,0.0093,0.0033,0.024,0.022,"HQX052350",0.002
0.006,0.0409,0,0,0.012,0.02,0,0.21,19,0.0085,0.0036,0.024,0.022,"HQZ036050",0
0.005,0.1618,0,0,0.018,0.02,0,0.801,35,0.0077,0.0022,0.031,0.029,"HQY050950",0
0.006,0.002,0,0,0.022,0.02,0,0.088,16,0.0089,0.0035,0.028,0.027,"HQA140470",0.001
0.005,0.0355,0,0,0.011,0.02,0,0.183,21,0.011,0.0033,0.028,0.027,"HQG026830",0
0.006,0.0041,9,0,0.096,0.02,0.06,0.59,15,0.0848,0.0097,0.042,0.04,"HQZ150770",0.001
0.006,0.0444,19,0,0.01,0.02,0,0.181,17,0.0091,0.0038,0.019,0.018,"HQD035200",0
0.007,0.0366,0,0,0.019,0.02,0,0.19,16,0.0094,0.0036,0.028,0.026,"HQA115540",0
0.005,0.0014,0,0,0.098,0.03,0,0.141,16,0.019,0.0093,0.036,0.036,"HQF105360",0.001
0.004,0.0358,0,0,0.017,0.02,0,0.181,21,0.008,0.0033,0.035,0.035,"HQH006820",0
0.006,0.1806,0,0,0.016,0.02,0,0.801,28,0.0091,0.0033,0.024,0.023,"HQZ062090",0
0.005,0.1137,0,0,0.017,0.02,0,0.335,25,0.0109,0.003,0.021,0.02,"HQZ150340",0
0.004,0.0392,0,0,0.009,0.02,0,0.195,14,0.0091,0.0029,0.029,0.028,"HQD155190",0
0.005,0.0401,12,0,0.022,0.02,0,0.219,15,0.01,0.0039,0.042,0.04,"HQF087280",0
0.004,0.0541,0,0,0.024,0.02,0,0.344,28,0.0067,0.0035,0.035,0.031,"HQF034610",0
0.006,0.0507,0,0,0.013,0.02,0,0.795,38,0.0105,0.0026,0.028,0.026,"HQA079800",0
0.006,0.0435,0,0,0.012,0.02,0,0.19,23,0.0061,0.0031,0.029,0.028,"HQC122910",0
0.006,0.038,19,1,0.01,0.03,0,0.245,27,0.0195,0.0029,0.028,0.027,"HQF143500",0.001
0.007,0.0392,0,0,0.009,0.01,0,0.185,24,0.0093,0.0025,0.029,0.027,"HQX020720",0
0.006,0.0364,0,0,0.008,0.02,0,0.201,14,0.0078,0.0031,0.026,0.026,"HQD044540",0
0.006,0.0326,11,1,0.009,0.01,0,0.227,18,0.0082,0.0029,0.026,0.025,"HQA164370",0
0.004,0.0022,0,0,0.017,0.02,0,0.09,17,0.0096,0.0039,0.028,0.026,"HQF156780",0.001
0.004,0.0768,0,0,0.022,0.02,0,0.413,23,0.0085,0.0027,0.022,0.021,"HQJ144130",0
0.007,0.0372,0,2,0.013,0.02,0,0.21,20,0.0057,0.0036,0.029,0.027,"HQY154010",0
0.005,0.0014,6,2,0.053,0.02,0,0.195,16,0.045,0.0088,0.048,0.046,"HQH017990",0
0.006,0.1131,0,0,0.027,0.02,0,0.312,32,0.0078,0.0031,0.021,0.02,"HQY100550",0
0.006,0.0374,0,0,0.027,0.02,0,0.2,12,0.0085,0.0039,0.028,0.027,"HQY075520",0
0.004,0.0723,0,0,0.025,0.02,0,0.463,51,0.0116,0.0033,0.045,0.043,"HQH074920",0.001
0.006,0.145,0,0,0.016,0.02,0,0.792,34,0.0111,0.0028,0.026,0.025,"HQX090860",0
0.004,0.0408,0,0,0.01,0.02,0,0.185,24,0.0098,0.0035,0.029,0.028,"HQJ125980",0
0.004,0.0396,0,0,0.011,0.02,0,0.194,15,0.0087,0.003,0.034,0.032,"HQG102240",0
0.006,0.0366,0,0,0.023,0.02,0,0.192,18,0.0081,0.0036,0.02,0.02,"HQB031850",0
0.006,0.0374,0,4,0.014,0.02,0,0.199,16,0.0058,0.0037,0.024,0.021,"HQY130050",0
0.005,0.0352,0,0,0.014,0.02,0,0.201,16,0.0089,0.0032,0.025,0.023,"HQA049950",0
0.004,0.0405,0,0,0.015,0.02,0,0.189,17,0.0096,0.0031,0.021,0.021,"HQJ009190",0
0.006,0.1827,0,0,0.022,0.02,0,0.316,36,0.0088,0.0032,0.024,0.023,"HQX115120",0
0.006,0.0401,0,0,0.008,0.01,0,0.243,17,0.0087,0.0033,0.025,0.024,"HQD058730",0
0.006,0.0382,0,0,0.015,0.02,0,0.188,16,0.0082,0.0036,0.022,0.021,"HQJ082160",0
0.007,0.0021,0,0,0.007,0.01,0,0.094,16,0.009,0.0026,0.043,0.042,"HQA135610",0.001
0.007,0.0356,0,0,0.019,0.02,0,0.194,28,0.0076,0.0032,0.02,0.019,"HQX087100",0
0.004,0.0585,0,0,0.015,0.02,0,0.323,18,0.0089,0.003,0.036,0.034,"HQY050690",0
0.004,0.0021,0,0,0.024,0.02,0,0.092,18,0.0106,0.0033,0.025,0.023,"HQJ144570",0.001
0.004,0.0487,0,1,0.017,0.02,0,0.287,35,0.0089,0.0033,0.038,0.035,"HQG064460",0.001
0.005,0.0381,0,0,0.011,0.01,0,0.21,33,0.008,0.0027,0.03,0.028,"HQD094550",0
0.006,0.0587,0,0,0.01,0.02,0,0.344,32,0.0083,0.0024,0.031,0.031,"HQD013290",0.001
0.006,0.0391,0,0,0.012,0.01,0,0.197,21,0.0074,0.0027,0.027,0.026,"HQX015370",0
0.005,0.0393,0,0,0.011,0.02,0,0.187,20,0.0093,0.0032,0.02,0.019,"HQD124200",0
0.005,0.0014,0,0,0.012,0.01,0,0.098,15,0.0098,0.0032,0.029,0.027,"HQF030440",0.001
0.005,0.0177,0,0,0.015,0.02,0,0.178,17,0.0081,0.0101,0.023,0.023,"HQC081280",0
0.006,0.0016,0,0,0.02,0.03,0,0.076,18,0.0075,0.0036,0.03,0.028,"HQZ094500",0.003
0.006,0.1934,0,0,0.009,0.01,0,0.45,33,0.0039,0.0029,0.033,0.032,"HQD077140",0
0.004,0.0557,0,0,0.015,0.02,0,0.338,31,0.0074,0.0032,0.034,0.033,"HQE126370",0.001
0.006,0.0354,0,0,0.027,0.02,0,0.174,31,0.0075,0.0066,0.031,0.029,"HQB069440",0
0.005,0.0401,12,0,0.022,0.02,0,0.219,15,0.01,0.0039,0.042,0.04,"HQF087270",0
0.005,0.0393,0,0,0.019,0.02,0,0.193,19,0.0113,0.0028,0.022,0.022,"HQG153570",0
0.005,0.1137,0,0,0.017,0.02,0,0.335,25,0.0109,0.003,0.021,0.02,"HQZ150380",0
0.006,0.1421,0,0,0.02,0.03,0,0.897,30,0.0123,0.0027,0.021,0.02,"HQA028050",0.001
0.004,0.0321,0,0,0.009,0.02,0,0.185,13,0.0079,0.0038,0.023,0.022,"HQE032280",0
0.006,0.0418,0,0,0.011,0.05,0,0.199,39,0.0083,0.0033,0.031,0.03,"HQA116440",0
0.005,0.0378,0,0,0.016,0.02,0,0.197,16,0.007,0.0045,0.022,0.021,"HQZ163230",0
0.005,0.0363,0,0,0.012,0.02,0,0.195,28,0.0066,0.0036,0.039,0.038,"HQZ082340",0
0.005,0.0019,0,0,0.024,0.02,0,0.06,19,0.0083,0.0034,0.032,0.031,"HQF068820",0.003
0.005,0.0432,0,0,0.015,0.02,0,0.19,23,0.0108,0.003,0.028,0.027,"HQH073450",0
0.004,0.0381,0,1,0.015,0.02,0.01,0.199,18,0.0099,0.0041,0.019,0.017,"HQC005960",0
0.006,0.0021,0,0,0.014,0.02,0,0.151,20,0.0088,0.003,0.024,0.021,"HQX076510",0.001
0.006,0.0431,0,1,0.011,0.03,0,0.2,25,0.0118,0.0039,0.032,0.03,"HQY034750",0
0.004,0.1198,0,1,0.01,0.02,0,0.299,20,0.0103,0.0027,0.023,0.023,"HQC003990",0
0.007,0.0394,0,0,0.009,0.01,0,0.198,18,0.0073,0.003,0.03,0.029,"HQA113950",0
0.005,0.1147,0,0,0.021,0.02,0,0.445,33,0.0101,0.0035,0.022,0.02,"HQG029150",0
0.005,0.0386,0,0,0.01,0.02,0,0.193,14,0.008,0.0031,0.026,0.024,"HQZ153130",0
0.004,0.0022,8,0,0.069,0.02,0,0.264,17,0.0703,0.0078,0.037,0.035,"HQB143180",0.001
0.005,0.0381,0,0,0.011,0.01,0,0.21,33,0.008,0.0027,0.03,0.028,"HQD094310",0
0.005,0.0573,0,0,0.019,0.04,0,0.805,27,0.0154,0.0026,0.029,0.028,"HQE108250",0.001
0.002,0.0435,0,0,0.011,0.01,0,0.289,33,0.0098,0.0025,0.044,0.042,"HQY051710",0
0.004,0.0444,0,0,0.018,0.02,0,0.191,18,0.0082,0.0036,0.03,0.029,"HQH089190",0
0.004,0.0473,0,0,0.022,0.02,0,0.313,16,0.0072,0.0036,0.023,0.02,"HQG068080",0
0.005,0.0017,0,1,0.013,0.02,0,0.091,17,0.009,0.0033,0.028,0.027,"HQB137460",0.001
0.004,0.0381,0,1,0.015,0.02,0.01,0.199,18,0.0099,0.0041,0.019,0.017,"HQC005770",0
0.006,0.0365,0,0,0.011,0.02,0,0.197,28,0.0098,0.0026,0.026,0.024,"HQX024090",0
0.006,0.0023,16,0,0.058,0.07,0,0.543,22,0.0131,0.0032,0.028,0.026,"HQB079670",0.001
0.006,0.039,0,0,0.02,0.01,0,0.214,20,0.0073,0.0034,0.023,0.022,"HQA151790",0
0.005,0.0395,0,0,0.011,0.02,0,0.182,22,0.011,0.0037,0.025,0.024,"HQX057400",0
0.005,0.0021,0,0,0.017,0.02,0,0.085,13,0.0098,0.0038,0.024,0.021,"HQH143150",0.001
0.007,0.0735,2,0,0.012,0.02,0,0.905,29,0.0192,0.0029,0.027,0.026,"HQY153340",0.001
0.006,0.0422,0,0,0.013,0.02,0,0.195,22,0.0085,0.0037,0.02,0.019,"HQD065670",0
0.004,0.1198,0,1,0.01,0.02,0,0.299,20,0.0103,0.0027,0.023,0.023,"HQC004050",0
0.004,0.0709,0,0,0.027,0.02,0,0.254,77,0.0112,0.0026,0.028,0.026,"HQH156540",0
0.006,0.1709,0,0,0.008,0.02,0,0.298,34,0.0134,0.0035,0.014,0.012,"HQX140120",0
0.004,0.0023,0,0,0.023,0.02,0,0.152,16,0.0093,0.0032,0.028,0.026,"HQJ138810",0.001
0.006,0.0192,0,0,0.008,0.02,0,0.193,22,0.009,0.0033,0.022,0.02,"HQZ125420",0
0.006,0.1081,0,0,0.014,0.02,0,0.449,27,0.01,0.0024,0.025,0.024,"HQA017740",0
0.005,0.0418,0,0,0.01,0.02,0,0.185,21,0.009,0.0029,0.029,0.029,"HQF046040",0
0.006,0.0358,0,0,0.017,0.02,0,0.188,16,0.0057,0.003,0.024,0.023,"HQA161320",0
0.004,0.002,0,1,0.016,0.02,0,0.152,15,0.009,0.0034,0.033,0.032,"HQH093660",0.002
0.007,0.0016,0,0,0.01,0.02,0,0.098,21,0.0097,0.0044,0.023,0.019,"HQD034650",0.001
0.006,0.0333,0,20,0.012,0.02,0,0.191,22,0.0087,0.0031,0.031,0.028,"HQE024970",0
0.005,0.0417,0,0,0.009,0.02,0,0.197,16,0.0069,0.0032,0.028,0.026,"HQD086250",0
0.006,0.0546,0,0,0.018,0.02,0,0.306,22,0.012,0.0046,0.026,0.024,"HQX068270",0
0.006,0.0481,0,0,0.014,0.02,0,0.306,40,0.0113,0.0034,0.027,0.025,"HQY132180",0
0.006,0.0403,0,0,0.011,0.02,0,0.193,16,0.0104,0.0032,0.024,0.021,"HQA136820",0
0.005,0.0015,0,1,0.01,0.02,0,0.105,17,0.0091,0.0038,0.031,0.029,"HQE086520",0.001
0.005,0.039,0,0,0.014,0.02,0,0.2,22,0.008,0.0027,0.032,0.03,"HQZ066220",0
0.004,0.0549,0,0,0.011,0.02,0,0.339,28,0.0098,0.0022,0.036,0.035,"HQH160100",0
0.005,0.1096,0,0,0.01,0.01,0,0.437,30,0.0076,0.0029,0.018,0.015,"HQZ011580",0
0.005,0.1234,0,0,0.026,0.02,0,0.41,30,0.0099,0.0034,0.024,0.024,"HQZ131280",0
0.006,0.1811,0,1,0.01,0.02,0,0.447,28,0.0086,0.0029,0.022,0.022,"HQY073740",0
0.005,0.0782,3,0,0.022,0.02,0,0.914,32,0.0197,0.0021,0.032,0.028,"HQD147070",0.002
0.004,0.0021,0,0,0.016,0.02,0,0.14,14,0.0096,0.0051,0.024,0.023,"HQG137130",0.002
0.006,0.0345,0,1,0.012,0.02,0,0.198,22,0.0062,0.0031,0.034,0.032,"HQZ044930",0
0.006,0.0015,0,0,0.016,0.02,0,0.064,18,0.0079,0.0034,0.032,0.03,"HQY104510",0.003
0.005,0.0013,0,0,0.012,0.02,0,0.093,15,0.0096,0.0039,0.023,0.021,"HQC054880",0.001
0.006,0.0446,0,2,0.022,0.02,0,0.303,37,0.0104,0.0041,0.035,0.032,"HQZ013970",0
0.004,0.1162,0,2,0.024,0.02,0,0.489,29,0.0099,0.0026,0.023,0.022,"HQH040070",0.001
0.007,0.0596,0,15,0.014,0.01,0,0.335,26,0.0068,0.0036,0.035,0.034,"HQA113640",0
0.006,0.0415,0,0,0.013,0.02,0,0.2,24,0.0071,0.0036,0.021,0.018,"HQC103470",0
0.007,0.0019,0,5,0.009,0.02,0,0.09,18,0.0103,0.0031,0.019,0.017,"HQX031500",0.002
0.005,0.0401,0,0,0.013,0.05,0,0.185,43,0.0053,0.0035,0.037,0.035,"HQZ153510",0
0.005,0.0608,0,1,0.022,0.02,0,0.81,39,0.0152,0.0026,0.042,0.04,"HQG062530",0.001
0.005,0.0358,0,0,0.022,0.02,0,0.189,21,0.0096,0.0036,0.027,0.026,"HQF082660",0
0.006,0.0584,0,0,0.015,0.02,0,0.778,28,0.0099,0.0026,0.026,0.024,"HQB010760",0.001
0.005,0.0581,0,0,0.023,0.03,0,0.327,26,0.011,0.003,0.04,0.039,"HQD078550",0
0.006,0.0551,0,1,0.023,0.02,0,0.352,28,0.0067,0.0034,0.037,0.035,"HQY073490",0
0.007,0.0014,0,0,0.018,0.02,0,0.067,18,0.0089,0.0038,0.03,0.028,"HQX128500",0.001
0.006,0.0382,0,2,0.017,0.02,0,0.145,18,0.0059,0.0036,0.024,0.023,"HQY091450",0
0.004,0.0354,0,0,0.011,0.01,0,0.216,29,0.0071,0.0021,0.02,0.019,"HQB150880",0
0.006,0.0601,0,0,0.012,0.02,0,0.358,33,0.0091,0.003,0.032,0.03,"HQZ049590",0
0.007,0.0179,11,0,0.018,0.02,0,0.143,22,0.008,0.0025,0.02,0.019,"HQD025940",0
0.006,0.0418,0,0,0.016,0.01,0,0.196,26,0.005,0.0028,0.019,0.018,"HQB088990",0
0.005,0.0023,16,1,0.068,0.07,0,0.545,16,0.014,0.0036,0.023,0.022,"HQG010690",0.002
0.005,0.0348,11,2,0.016,0.02,0,0.208,13,0.0075,0.0036,0.022,0.021,"HQA040350",0
0.004,0.171,0,0,0.012,0.01,0,0.761,24,0.0114,0.0027,0.016,0.015,"HQJ061970",0.002
0.005,0.0368,0,0,0.027,0.03,0,0.178,16,0.0145,0.0036,0.028,0.028,"HQF152950",0
0.006,0.1756,0,1,0.014,0.02,0,0.773,32,0.0117,0.0029,0.02,0.018,"HQX111690",0.001
0.006,0.0349,0,0,0.011,0.02,0,0.198,14,0.01,0.0032,0.025,0.024,"HQB050480",0
0.004,0.0492,0,1,0.014,0.01,0,0.296,33,0.0059,0.0029,0.035,0.033,"HQF046370",0
0.006,0.0626,0,1,0.013,0.02,0,0.818,26,0.0106,0.0021,0.037,0.034,"HQD015800",0.001
0.005,0.0019,0,0,0.021,0.02,0,0.064,15,0.0095,0.0037,0.034,0.032,"HQG005940",0.003
0.005,0.0018,0,4,0.023,0.02,0,0.071,16,0.0104,0.0037,0.03,0.029,"HQF161190",0.002
0.007,0.0024,0,0,0.011,0.02,0,0.095,13,0.0087,0.003,0.04,0.039,"HQD054070",0.002
0.006,0.0568,1,0,0.01,0.02,0,0.799,28,0.0088,0.0032,0.032,0.032,"HQD059460",0.001
0.005,0.0022,0,0,0.008,0.02,0,0.077,11,0.0111,0.0033,0.033,0.032,"HQA010870",0.002
0.005,0.0365,0,2,0.008,0.02,0,0.209,23,0.0064,0.0041,0.024,0.022,"HQX105260",0
0.005,0.0323,0,0,0.02,0.01,0,0.2,17,0.0092,0.0036,0.028,0.027,"HQF000740",0
0.005,0.0403,0,0,0.022,0.02,0,0.193,17,0.0078,0.0036,0.022,0.021,"HQB131570",0
0.004,0.1989,0,0,0.05,0.02,0,0.437,33,0.0088,0.002,0.037,0.035,"HQH167130",0
0.005,0.0429,0,0,0.024,0.02,0,0.192,21,0.0086,0.0042,0.023,0.022,"HQH073790",0
0.006,0.0027,8,0,0.083,0.02,0,0.264,15,0.0719,0.0099,0.048,0.046,"HQF021590",0.001
0.007,0.0393,0,0,0.009,0.02,0,0.199,22,0.0098,0.0033,0.025,0.024,"HQX026440",0
0.007,0.1176,0,0,0.014,0.02,0,1.185,29,0.0126,0.0026,0.027,0.026,"HQA076810",0.001
0.004,0.0046,10,1,0.101,0.02,0.06,0.579,23,0.0815,0.0096,0.05,0.05,"HQF098550",0.002
0.004,0.0344,0,0,0.019,0.05,0,0.191,32,0.011,0.0033,0.035,0.033,"HQH115490",0
0.005,0.0189,0,1,0.022,0.03,0,0.19,15,0.0091,0.0037,0.027,0.026,"HQE078090",0.001
0.004,0.0428,0,0,0.01,0.02,0,0.194,18,0.009,0.0026,0.035,0.035,"HQJ127420",0
0.004,0.0758,2,1,0.012,0.01,0,1.283,41,0.0063,0.0017,0.021,0.021,"HQF037170",0.001
0.007,0.0037,11,0,0.096,0.02,0.06,0.587,26,0.0813,0.0081,0.042,0.04,"HQY101500",0.002
0.003,0.0332,0,0,0.015,0.02,0,0.204,10,0.0101,0.0028,0.029,0.025,"HQG113830",0
0.004,0.0392,0,0,0.019,0.03,0,0.188,18,0.012,0.0039,0.026,0.025,"HQJ030610",0
0.005,0.0773,1,0,0.022,0.03,0,0.898,27,0.0192,0.0029,0.029,0.028,"HQE007310",0.001
0.005,0.111,0,0,0.012,0.02,0,0.485,22,0.0106,0.0024,0.03,0.029,"HQE118980",0
0.005,0.0024,0,0,0.013,0.03,0,0.095,12,0.0101,0.0038,0.028,0.026,"HQG037720",0.001
0.005,0.04,0,0,0.01,0.01,0,0.194,22,0.0057,0.0027,0.027,0.026,"HQA051170",0
0.007,0.0361,0,0,0.021,0.02,0,0.175,16,0.011,0.0027,0.027,0.025,"HQD024460",0
0.006,0.0773,0,0,0.014,0.01,0,0.884,30,0.0187,0.0032,0.03,0.029,"HQY096820",0.001
0.005,0.0534,0,0,0.026,0.02,0,0.342,21,0.0071,0.0032,0.026,0.024,"HQY048500",0
0.005,0.0348,0,4,0.025,0.02,0,0.177,23,0.0104,0.0032,0.023,0.022,"HQF121820",0
0.006,0.0387,0,1,0.013,0.02,0,0.176,13,0.0089,0.0028,0.023,0.022,"HQE024920",0
0.004,0.0376,0,0,0.013,0.02,0,0.194,15,0.0095,0.0027,0.02,0.019,"HQH124760",0
0.004,0.0373,0,0,0.007,0.01,0,0.19,11,0.0102,0.0047,0.037,0.036,"HQF063160",0
0.007,0.0392,0,0,0.023,0.02,0,0.209,23,0.0062,0.0034,0.029,0.027,"HQY154040",0
0.006,0.0418,0,0,0.011,0.01,0,0.187,22,0.0083,0.0028,0.026,0.026,"HQA118860",0
0.005,0.1759,0,0,0.012,0.02,0,0.484,33,0.0115,0.0024,0.026,0.024,"HQX010110",0.001
0.006,0.055,0,0,0.01,0.01,0,0.804,29,0.0074,0.0024,0.036,0.033,"HQF010390",0.001
0.005,0.0361,0,1,0.015,0.02,0,0.183,20,0.0096,0.0034,0.024,0.022,"HQE023060",0
0.006,0.0831,1,0,0.011,0.02,0,1.082,33,0.0181,0.0023,0.027,0.026,"HQD028900",0.001
0.007,0.0351,0,1,0.008,0.01,0,0.203,19,0.0055,0.0032,0.026,0.024,"HQY116330",0
0.005,0.0313,0,0,0.013,0.02,0,0.19,17,0.0095,0.0032,0.024,0.018,"HQE023420",0
0.005,0.0386,0,0,0.01,0.05,0,0.168,33,0.0081,0.0032,0.04,0.04,"HQH114960",0.001
0.005,0.1626,0,1,0.016,0.02,0,0.819,38,0.0102,0.0021,0.039,0.038,"HQG010290",0.001
0.005,0.1182,0,1,0.021,0.02,0,0.301,27,0.0132,0.0029,0.027,0.026,"HQH104930",0.001
0.006,0.0464,0,0,0.014,0.03,0,0.303,35,0.0138,0.0031,0.031,0.03,"HQY132760",0
0.004,0.0467,0,0,0.013,0.01,0,0.29,17,0.0063,0.0032,0.031,0.026,"HQJ014440",0
0.005,0.0416,0,0,0.009,0.01,0,0.188,24,0.006,0.0036,0.03,0.027,"HQZ015670",0
0.005,0.0026,0,2,0.026,0.02,0,0.094,16,0.0099,0.0043,0.031,0.028,"HQG160330",0.001
0.004,0.1443,0,0,0.018,0.02,0,0.473,28,0.0111,0.0028,0.027,0.026,"HQF056940",0
0.005,0.0399,0,0,0.011,0.02,0,0.207,22,0.0126,0.0031,0.028,0.026,"HQZ025440",0
0.004,0.0178,0,0,0.01,0.02,0,0.191,18,0.0076,0.0103,0.024,0.024,"HQD097920",0
0.006,0.0421,0,0,0.017,0.02,0,0.184,28,0.0096,0.003,0.032,0.031,"HQB107980",0
0.005,0.0416,17,0,0.02,0.02,0,0.123,12,0.0099,0.0037,0.021,0.021,"HQE042610",0
0.005,0.1095,0,0,0.016,0.02,0,0.435,22,0.012,0.0028,0.02,0.018,"HQG021330",0
0.004,0.0037,10,1,0.091,0.02,0.06,0.564,16,0.0864,0.0098,0.047,0.046,"HQJ075240",0.001
0.006,0.0361,0,0,0.014,0.02,0,0.171,23,0.01,0.0035,0.027,0.026,"HQX015510",0
0.005,0.0015,0,0,0.019,0.01,0,0.092,21,0.0099,0.0034,0.024,0.023,"HQX085220",0.001
0.005,0.0394,0,0,0.012,0.02,0,0.219,26,0.0084,0.0033,0.029,0.027,"HQX116490",0
0.006,0.0594,0,0,0.025,0.02,0,0.355,27,0.0067,0.0034,0.035,0.033,"HQY072600",0
0.005,0.0017,0,0,0.021,0.02,0,0.071,20,0.0093,0.0039,0.04,0.038,"HQF078540",0.002
0.006,0.1241,0,0,0.019,0.02,0,0.415,27,0.0079,0.004,0.025,0.024,"HQD066990",0
0.007,0.0396,0,0,0.019,0.02,0,0.195,26,0.009,0.004,0.021,0.02,"HQX126270",0
0.005,0.0595,0,1,0.025,0.02,0,0.787,31,0.0094,0.0036,0.048,0.046,"HQX148020",0.001
0.006,0.0014,0,2,0.095,0.02,0,0.137,19,0.0191,0.0105,0.034,0.032,"HQY133210",0
0.006,0.04,0,2,0.012,0.02,0,0.197,17,0.0083,0.0029,0.022,0.02,"HQY126870",0
0.004,0.0375,0,1,0.011,0.02,0,0.202,18,0.0093,0.0032,0.026,0.024,"HQG141510",0
0.005,0.0016,0,33,0.016,0.02,0,0.082,15,0.009,0.003,0.029,0.026,"HQJ015870",0.001
0.005,0.0023,16,1,0.067,0.07,0,0.543,13,0.0133,0.0038,0.027,0.026,"HQG010610",0.002
0.006,0.1378,0,0,0.014,0.02,0,0.821,28,0.0111,0.0029,0.024,0.023,"HQF007790",0.001
0.005,0.0397,0,0,0.012,0.02,0,0.2,20,0.0093,0.0032,0.028,0.026,"HQZ051760",0
0.007,0.0551,0,0,0.017,0.02,0,0.804,24,0.0108,0.0027,0.032,0.031,"HQB010480",0.002
0.005,0.0014,5,0,0.054,0.03,0,0.196,16,0.0427,0.0091,0.038,0.037,"HQF097000",0.001
0.004,0.002,0,1,0.014,0.02,0,0.142,12,0.009,0.004,0.03,0.027,"HQG129170",0.002
0.005,0.0405,18,0,0.029,0.02,0,0.201,14,0.0086,0.0033,0.02,0.019,"HQF106720",0
0.006,0.0588,0,0,0.026,0.02,0,0.807,37,0.0087,0.0029,0.03,0.028,"HQX147840",0
0.005,0.0415,0,0,0.011,0.02,0,0.189,22,0.0074,0.003,0.024,0.024,"HQJ081730",0
0.005,0.0348,0,0,0.009,0.02,0,0.19,18,0.0062,0.0033,0.026,0.025,"HQE092990",0
0.004,0.0354,0,0,0.021,0.02,0,0.185,19,0.0067,0.0031,0.023,0.021,"HQJ038670",0
0.004,0.032,0,0,0.017,0.02,0,0.202,23,0.0089,0.0031,0.027,0.025,"HQD128030",0
0.006,0.0371,0,1,0.012,0.02,0,0.142,16,0.0063,0.0035,0.028,0.027,"HQY091140",0
0.006,0.1392,0,1,0.012,0.02,0,0.895,32,0.0102,0.003,0.028,0.027,"HQY028400",0.001
0.005,0.0373,0,0,0.022,0.02,0,0.198,30,0.0078,0.0027,0.031,0.029,"HQX105090",0
0.006,0.1233,0,0,0.021,0.03,0,0.302,25,0.0115,0.0033,0.019,0.018,"HQX055550",0.001
0.006,0.0399,0,0,0.008,0.02,0,0.21,13,0.009,0.003,0.027,0.025,"HQC088820",0
0.007,0.0391,0,0,0.01,0.01,0,0.194,21,0.0056,0.003,0.018,0.017,"HQY111190",0
0.006,0.0345,0,1,0.013,0.01,0,0.225,46,0.0052,0.0025,0.017,0.015,"HQB075710",0
0.007,0.0398,0,0,0.021,0.02,0,0.2,24,0.0121,0.0028,0.03,0.028,"HQY146740",0
0.004,0.0568,0,0,0.024,0.02,0,0.341,24,0.0078,0.0027,0.04,0.038,"HQJ012290",0
0.006,0.0023,0,1,0.01,0.02,0,0.096,15,0.0103,0.0038,0.027,0.024,"HQE092310",0.001
0.005,0.1234,0,0,0.01,0.02,0,0.31,29,0.0096,0.0025,0.022,0.02,"HQA035260",0
0.004,0.0392,0,0,0.018,0.02,0,0.191,24,0.009,0.0038,0.029,0.028,"HQJ160250",0
0.007,0.0342,0,0,0.015,0.02,0,0.191,15,0.0076,0.0034,0.021,0.02,"HQZ045710",0
0.005,0.0431,0,0,0.011,0.02,0,0.204,19,0.0109,0.0028,0.02,0.018,"HQJ090040",0
0.004,0.055,0,0,0.01,0.01,0,0.346,20,0.0041,0.003,0.036,0.034,"HQD088300",0
0.006,0.0011,4,0,0.051,0.02,0,0.204,12,0.0413,0.0078,0.034,0.032,"HQB094560",0
0.006,0.0402,0,0,0.015,0.01,0,0.196,14,0.0059,0.0029,0.027,0.026,"HQA149460",0
0.004,0.0337,0,3,0.019,0.02,0,0.177,16,0.0074,0.0036,0.019,0.018,"HQC009150",0
0.004,0.1101,0,0,0.009,0.01,0,0.444,29,0.0086,0.0025,0.024,0.023,"HQH165560",0
0.004,0.0792,0,0,0.012,0.02,0,0.441,29,0.0099,0.003,0.018,0.017,"HQC003470",0
0.005,0.0386,0,0,0.019,0.02,0,0.197,16,0.0069,0.0032,0.028,0.026,"HQH116450",0
0.004,0.0404,0,0,0.009,0.02,0,0.231,31,0.0071,0.0025,0.021,0.02,"HQJ031020",0
0.004,0.0443,13,0,0.019,0.02,0,0.2,14,0.0094,0.0031,0.026,0.024,"HQH158000",0
0.005,0.0327,0,0,0.019,0.02,0,0.192,18,0.0101,0.0037,0.018,0.017,"HQC033200",0
0.006,0.1488,0,0,0.017,0.03,0,0.807,35,0.0144,0.0022,0.036,0.031,"HQG025140",0.001
0.006,0.0416,0,0,0.015,0.02,0,0.201,30,0.0092,0.0033,0.024,0.023,"HQC106430",0
0.005,0.0402,0,0,0.009,0.02,0,0.186,21,0.0069,0.0034,0.027,0.023,"HQY027860",0
0.006,0.1273,0,0,0.016,0.02,0,0.303,25,0.011,0.0035,0.018,0.017,"HQA003320",0.001
0.004,0.0348,0,0,0.02,0.03,0,0.193,16,0.0099,0.0042,0.021,0.02,"HQG103670",0
0.004,0.0431,0,0,0.025,0.02,0,0.199,20,0.007,0.0034,0.023,0.022,"HQH124560",0
0.007,0.0021,0,0,0.01,0.02,0,0.091,16,0.0092,0.0035,0.03,0.029,"HQY121950",0.001
0.004,0.0013,0,0,0.011,0.02,0,0.071,13,0.0096,0.0037,0.031,0.03,"HQF073960",0.002
0.006,0.0815,3,2,0.022,0.03,0,0.89,36,0.02,0.0025,0.02,0.02,"HQY142950",0.002
0.005,0.0015,0,3,0.099,0.02,0,0.142,22,0.0184,0.0101,0.034,0.033,"HQH049610",0
0.007,0.0408,0,0,0.009,0.02,0,0.208,23,0.0101,0.0038,0.032,0.03,"HQX121810",0
0.006,0.1381,0,0,0.011,0.02,0,0.856,32,0.0123,0.0028,0.018,0.017,"HQB049950",0.001
0.006,0.039,0,11,0.022,0.02,0,0.198,21,0.0085,0.0032,0.019,0.018,"HQC106900",0
0.006,0.0016,0,0,0.026,0.02,0,0.095,17,0.0105,0.0044,0.026,0.024,"HQX094200",0.001
0.005,0.0358,0,0,0.008,0.02,0,0.204,22,0.0069,0.0032,0.025,0.023,"HQX105460",0
0.006,0.0512,0,0,0.012,0.02,0,0.281,38,0.0072,0.0035,0.035,0.034,"HQA058020",0
0.005,0.0389,0,1,0.024,0.03,0,0.179,18,0.0102,0.0047,0.03,0.029,"HQF127300",0
0.004,0.0347,0,0,0.025,0.02,0,0.138,32,0.0075,0.0027,0.022,0.02,"HQJ024840",0
0.006,0.1935,0,0,0.013,0.02,0,0.461,26,0.0117,0.0025,0.04,0.039,"HQE022820",0
0.004,0.1136,0,0,0.023,0.02,0,0.461,31,0.009,0.0026,0.024,0.023,"HQJ027640",0
0.007,0.1565,0,0,0.015,0.01,0,0.861,30,0.0093,0.0033,0.019,0.017,"HQX036350",0.001
0.004,0.0348,1,0,0.011,0.02,0,0.18,18,0.0073,0.0032,0.02,0.02,"HQH069660",0
0.004,0.0355,0,0,0.011,0.01,0,0.179,12,0.005,0.0031,0.022,0.022,"HQG095970",0
0.006,0.1187,0,0,0.026,0.02,0,0.45,35,0.0102,0.0033,0.04,0.038,"HQF142830",0
0.006,0.0402,0,8,0.016,0.02,0,0.192,30,0.0095,0.0031,0.028,0.027,"HQD045220",0
0.005,0.0458,0,0,0.016,0.01,0,0.316,37,0.0074,0.0033,0.029,0.028,"HQZ165460",0
0.006,0.0994,0,0,0.012,0.02,0,0.64,26,0.0094,0.0023,0.018,0.017,"HQA034830",0
0.004,0.1661,0,1,0.02,0.02,0,0.496,20,0.0089,0.0033,0.023,0.02,"HQE044000",0
0.006,0.0392,12,0,0.02,0.02,0,0.248,27,0.0097,0.0041,0.033,0.031,"HQX051600",0
0.006,0.1523,0,0,0.029,0.02,0,0.594,39,0.0143,0.0035,0.039,0.037,"HQF149960",0.001
0.004,0.0352,0,0,0.031,0.02,0,0.18,15,0.0084,0.0036,0.022,0.022,"HQE135370",0
0.006,0.042,0,0,0.018,0.02,0,0.189,15,0.008,0.003,0.016,0.015,"HQA042230",0
0.006,0.0019,0,0,0.016,0.02,0,0.1,18,0.0105,0.0034,0.031,0.03,"HQZ109060",0
0.006,0.0365,0,0,0.013,0.02,0,0.152,12,0.0118,0.0034,0.024,0.018,"HQA034200",0
0.005,0.102,0,0,0.015,0.01,0,0.449,42,0.0071,0.0027,0.012,0.01,"HQZ114540",0
0.006,0.076,2,0,0.024,0.02,0,0.888,31,0.0186,0.003,0.026,0.025,"HQZ033190",0.001
0.007,0.0374,0,0,0.016,0.02,0,0.204,26,0.007,0.0038,0.021,0.02,"HQX126500",0
0.004,0.0374,0,1,0.013,0.02,0,0.189,16,0.0084,0.0033,0.025,0.022,"HQH069910",0
0.004,0.0351,0,0,0.009,0.02,0,0.185,18,0.0112,0.0028,0.022,0.021,"HQG016030",0
0.005,0.1308,0,0,0.02,0.02,0,0.869,27,0.0106,0.0029,0.024,0.023,"HQF083060",0
0.005,0.0017,0,0,0.01,0.01,0,0.075,18,0.0094,0.0034,0.04,0.038,"HQE050060",0.001
0.005,0.0411,0,0,0.013,0.02,0,0.196,22,0.0073,0.0034,0.021,0.02,"HQE073090",0
0.006,0.0181,0,0,0.026,0.02,0,0.198,19,0.008,0.0031,0.023,0.022,"HQA017450",0
0.005,0.1939,0,0,0.028,0.02,0,0.8,25,0.0106,0.0032,0.024,0.024,"HQF115530",0.001
0.004,0.0455,18,0,0.019,0.03,0,0.19,14,0.0135,0.0035,0.018,0.017,"HQF106790",0
0.006,0.0413,0,0,0.016,0.02,0,0.203,23,0.0095,0.004,0.03,0.029,"HQX121850",0
0.004,0.0625,0,2,0.021,0.02,0,0.775,27,0.0129,0.0023,0.036,0.035,"HQG128620",0.001
0.006,0.0397,13,0,0.01,0.02,0,0.193,13,0.0124,0.0036,0.027,0.026,"HQF006880",0
0.007,0.0557,0,0,0.01,0.02,0,0.811,36,0.0115,0.002,0.031,0.03,"HQX043630",0.001
0.007,0.0415,0,0,0.01,0.02,0,0.192,19,0.0074,0.0033,0.027,0.022,"HQD043210",0
0.005,0.0778,3,2,0.024,0.02,0,0.891,27,0.0198,0.0021,0.035,0.033,"HQH072340",0.001
0.006,0.0702,0,0,0.013,0.02,0,0.491,43,0.0133,0.0067,0.039,0.037,"HQD038690",0
0.006,0.0208,0,1,0.009,0.02,0,0.199,18,0.0064,0.0095,0.02,0.019,"HQY144570",0
0.006,0.1894,0,0,0.018,0.02,0,0.848,35,0.0075,0.003,0.029,0.028,"HQZ152680",0
0.006,0.0036,11,1,0.104,0.02,0.06,0.577,19,0.0833,0.0087,0.045,0.042,"HQZ147480",0.002
0.007,0.0362,0,1,0.014,0.02,0,0.207,16,0.0083,0.0032,0.023,0.022,"HQY122770",0
0.005,0.0017,0,18,0.021,0.02,0,0.062,14,0.01,0.0035,0.036,0.034,"HQG000530",0.001
0.006,0.0404,0,0,0.015,0.02,0,0.196,17,0.008,0.0036,0.034,0.032,"HQB003850",0.001
0.005,0.0016,6,0,0.053,0.03,0,0.201,21,0.0433,0.0087,0.043,0.041,"HQA071300",0
0.005,0.0622,0,0,0.011,0.02,0,0.799,30,0.0086,0.0023,0.028,0.027,"HQZ122870",0
0.004,0.1128,0,1,0.021,0.02,0,0.291,32,0.0086,0.0029,0.021,0.02,"HQG156150",0
0.005,0.0348,0,1,0.018,0.02,0,0.193,33,0.0086,0.0034,0.043,0.041,"HQY089890",0
0.005,0.038,0,0,0.009,0.02,0,0.189,19,0.0099,0.0031,0.025,0.024,"HQZ152620",0
0.006,0.1196,0,0,0.013,0.02,0,0.331,38,0.0082,0.003,0.032,0.031,"HQY078210",0
0.005,0.0197,0,0,0.014,0.02,0,0.139,18,0.0105,0.0037,0.024,0.022,"HQC025150",0.001
0.005,0.058,1,0,0.024,0.02,0,0.8,36,0.0106,0.0032,0.037,0.036,"HQE039200",0.002
0.007,0.0423,0,2,0.016,0.02,0,0.189,14,0.0068,0.0032,0.028,0.026,"HQA159160",0
0.006,0.0184,0,0,0.017,0.03,0,0.191,16,0.0093,0.0035,0.024,0.022,"HQE085420",0
0.006,0.0393,0,0,0.017,0.02,0,0.185,17,0.0077,0.0028,0.034,0.032,"HQD021910",0
0.006,0.0014,0,1,0.02,0.02,0,0.07,18,0.0091,0.0033,0.029,0.028,"HQD048090",0.002
0.006,0.0021,0,0,0.016,0.02,0,0.103,18,0.0085,0.0025,0.03,0.028,"HQX006800",0.002
0.007,0.1884,0,2,0.031,0.02,0,0.85,30,0.0109,0.0022,0.027,0.026,"HQY095360",0.001
0.007,0.0377,19,0,0.012,0.02,0,0.207,13,0.0071,0.0028,0.022,0.021,"HQY118490",0
0.005,0.0791,1,2,0.012,0.02,0,0.891,27,0.0201,0.0021,0.031,0.03,"HQY058900",0.002
0.006,0.0022,0,0,0.01,0.02,0,0.142,13,0.0092,0.0035,0.027,0.027,"HQC122880",0.001
0.006,0.0425,0,0,0.013,0.02,0,0.192,17,0.0131,0.0032,0.021,0.019,"HQD064150",0
0.005,0.036,0,0,0.01,0.01,0,0.19,18,0.0089,0.0034,0.031,0.028,"HQF020740",0
0.004,0.041,11,0,0.017,0.02,0,0.197,26,0.0075,0.0029,0.022,0.02,"HQJ039370",0
0.005,0.055,0,0,0.022,0.02,0,0.346,31,0.0088,0.0031,0.032,0.029,"HQE126590",0.001
0.006,0.0376,0,0,0.018,0.02,0,0.209,15,0.0077,0.0028,0.019,0.017,"HQA151340",0
0.005,0.0371,0,0,0.011,0.02,0,0.209,31,0.0091,0.0028,0.023,0.018,"HQC120170",0.001
0.006,0.0021,0,0,0.011,0.02,0,0.093,19,0.01,0.0036,0.026,0.024,"HQZ042350",0.001
0.006,0.0373,0,0,0.013,0.02,0,0.182,26,0.0093,0.0033,0.031,0.03,"HQA115680",0
0.004,0.056,0,0,0.023,0.01,0,0.786,41,0.0115,0.0024,0.025,0.023,"HQJ085680",0.001
0.006,0.0329,0,2,0.015,0.02,0,0.211,27,0.0115,0.0018,0.033,0.031,"HQY066220",0.001
0.005,0.023,0,0,0.021,0.02,0,0.183,21,0.0083,0.0041,0.022,0.022,"HQH054700",0
0.005,0.0019,0,0,0.023,0.02,0,0.147,17,0.0097,0.0036,0.028,0.026,"HQH119140",0.002
0.006,0.1735,0,0,0.015,0.02,0,0.297,27,0.0093,0.0028,0.027,0.025,"HQX114650",0
0.007,0.0768,2,0,0.014,0.02,0,0.906,37,0.0202,0.0027,0.024,0.022,"HQZ033380",0.001
0.007,0.1232,0,1,0.018,0.02,0,0.342,27,0.0118,0.0037,0.019,0.016,"HQA111490",0.002
0.006,0.0018,0,0,0.014,0.02,0,0.067,17,0.0068,0.0035,0.032,0.03,"HQY104610",0.002
0.006,0.038,0,0,0.008,0.02,0,0.203,20,0.0078,0.0033,0.028,0.025,"HQY079550",0
0.007,0.0362,0,0,0.018,0.02,0,0.198,22,0.0124,0.0025,0.025,0.023,"HQA147200",0
0.005,0.0782,0,0,0.021,0.02,0,0.473,34,0.0086,0.0028,0.028,0.026,"HQC136130",0
0.004,0.1127,0,0,0.012,0.02,0,0.302,27,0.0095,0.0026,0.028,0.025,"HQH138550",0
0.007,0.1211,1,1,0.024,0.03,0,1.191,27,0.0122,0.0027,0.027,0.027,"HQA164200",0.003
0.006,0.0379,0,0,0.019,0.02,0,0.189,34,0.0081,0.0032,0.032,0.031,"HQA120600",0
0.005,0.0464,0,0,0.01,0.02,0,0.282,23,0.0069,0.0035,0.019,0.018,"HQX107580",0
0.006,0.0639,0,1,0.013,0.01,0,0.793,29,0.0082,0.0022,0.039,0.037,"HQY074070",0.001
0.005,0.0416,0,0,0.022,0.02,0,0.202,33,0.0077,0.0036,0.018,0.017,"HQD041260",0
0.006,0.1161,0,0,0.017,0.03,0,0.457,32,0.0174,0.003,0.024,0.023,"HQX076350",0.001
0.006,0.0599,0,0,0.031,0.03,0,0.813,40,0.0096,0.0024,0.036,0.034,"HQB130500",0
0.006,0.0413,0,8,0.014,0.02,0,0.14,13,0.0075,0.0033,0.018,0.018,"HQA162840",0
0.004,0.035,0,1,0.016,0.02,0,0.183,15,0.0096,0.004,0.026,0.024,"HQF122250",0
0.005,0.0389,0,0,0.011,0.02,0,0.197,14,0.0082,0.0032,0.027,0.026,"HQD073850",0
0.006,0.0389,1,0,0.027,0.01,0,0.221,22,0.0051,0.0044,0.025,0.023,"HQX139830",0
0.005,0.0018,0,0,0.093,0.02,0,0.146,21,0.0169,0.0099,0.031,0.03,"HQE037510",0
0.005,0.0403,0,0,0.019,0.02,0,0.212,21,0.0105,0.0047,0.031,0.03,"HQC054020",0
0.006,0.056,0,0,0.021,0.02,0,0.342,33,0.013,0.0038,0.039,0.038,"HQF075990",0
0.004,0.1463,0,0,0.01,0.02,0,0.682,34,0.0089,0.0033,0.025,0.024,"HQF019230",0.001
0.004,0.0775,2,2,0.02,0.02,0,0.889,25,0.0207,0.0023,0.031,0.03,"HQH045160",0.002
0.007,0.0416,0,0,0.012,0.02,0,0.216,20,0.0081,0.0032,0.021,0.019,"HQX041890",0
0.005,0.0019,0,0,0.02,0.03,0,0.145,17,0.0096,0.0031,0.026,0.024,"HQE105800",0.002
0.005,0.0014,0,0,0.02,0.02,0,0.072,12,0.0087,0.004,0.038,0.036,"HQH045330",0.001
0.004,0.0396,0,0,0.022,0.01,0,0.195,18,0.0071,0.0036,0.031,0.031,"HQH005670",0
0.005,0.1158,0,0,0.026,0.02,0,0.464,22,0.0106,0.0026,0.018,0.017,"HQG029540",0
0.005,0.0398,0,0,0.02,0.02,0,0.213,25,0.0094,0.003,0.028,0.027,"HQB089690",0
0.006,0.002,0,2,0.01,0.02,0,0.14,11,0.0091,0.0029,0.026,0.025,"HQA106760",0.002
0.004,0.0496,0,0,0.02,0.02,0,0.206,17,0.0087,0.0035,0.028,0.024,"HQF126160",0
0.004,0.0181,0,0,0.008,0.02,0,0.181,19,0.0093,0.0024,0.02,0.02,"HQF044130",0
0.005,0.0367,0,1,0.014,0.03,0,0.188,15,0.0097,0.0033,0.022,0.02,"HQE084500",0
0.006,0.0316,0,0,0.019,0.02,0,0.192,22,0.011,0.0029,0.019,0.018,"HQB062870",0
0.006,0.0587,0,0,0.01,0.02,0,0.344,32,0.0083,0.0024,0.031,0.031,"HQD013660",0.001
0.005,0.0019,0,0,0.018,0.02,0,0.089,11,0.0104,0.0034,0.029,0.028,"HQG007190",0.001
0.004,0.0401,19,0,0.025,0.02,0,0.19,20,0.0071,0.0033,0.026,0.026,"HQG092670",0.001
0.004,0.1264,0,0,0.023,0.02,0,0.306,25,0.009,0.0028,0.028,0.027,"HQH071120",0
0.005,0.041,0,0,0.015,0.02,0,0.214,19,0.0084,0.0032,0.022,0.021,"HQZ111970",0
0.006,0.0815,3,2,0.022,0.03,0,0.89,36,0.02,0.0025,0.02,0.02,"HQY142880",0.002
0.007,0.121,0,0,0.01,0.02,0,0.439,31,0.0097,0.0021,0.03,0.029,"HQX033580",0.001
0.005,0.0415,12,0,0.013,0.02,0,0.226,22,0.0079,0.0041,0.026,0.025,"HQA012810",0
0.004,0.0203,0,0,0.018,0.02,0,0.186,12,0.0081,0.0034,0.028,0.024,"HQH055500",0
0.006,0.0343,0,0,0.013,0.02,0,0.196,23,0.0072,0.0032,0.024,0.018,"HQC099130",0
0.005,0.1102,0,0,0.02,0.03,0,0.428,23,0.0135,0.0029,0.013,0.012,"HQB120600",0
0.006,0.002,0,0,0.014,0.01,0,0.095,17,0.0093,0.0046,0.027,0.025,"HQX145600",0.001
0.006,0.0028,0,0,0.009,0.02,0,0.093,12,0.009,0.0041,0.028,0.027,"HQD071340",0.001
0.004,0.0396,0,0,0.017,0.02,0,0.195,25,0.0058,0.0035,0.028,0.028,"HQG167900",0
0.005,0.0811,3,0,0.014,0.02,0,0.898,30,0.0201,0.0027,0.026,0.025,"HQE071850",0.001
0.006,0.0367,12,0,0.009,0.02,0,0.19,14,0.0084,0.0034,0.024,0.024,"HQA039930",0
0.006,0.0198,0,0,0.016,0.02,0,0.198,17,0.0074,0.0097,0.03,0.028,"HQA014850",0
0.005,0.059,0,2,0.013,0.02,0,0.78,25,0.0087,0.0023,0.037,0.036,"HQY057100",0
0.004,0.0392,0,0,0.02,0.02,0,0.179,22,0.008,0.0033,0.022,0.021,"HQJ057010",0
0.006,0.0325,0,0,0.009,0.02,0,0.186,20,0.009,0.0027,0.024,0.024,"HQA133380",0
0.005,0.0672,0,0,0.014,0.02,0,0.484,25,0.0094,0.0028,0.039,0.038,"HQJ101910",0
0.004,0.0024,0,1,0.021,0.02,0,0.144,18,0.0093,0.0039,0.028,0.026,"HQG028840",0.002
0.005,0.118,0,1,0.013,0.02,0,0.377,35,0.0089,0.0032,0.028,0.026,"HQX166020",0
0.006,0.0021,0,1,0.014,0.02,0,0.074,23,0.0094,0.0032,0.024,0.023,"HQX008990",0.003
0.006,0.0385,0,0,0.022,0.03,0,0.199,14,0.009,0.0036,0.023,0.023,"HQC108660",0
0.004,0.0394,0,0,0.015,0.02,0,0.191,14,0.0082,0.0032,0.018,0.017,"HQJ010110",0
0.005,0.1337,0,1,0.021,0.02,0.01,0.881,27,0.0086,0.0033,0.023,0.021,"HQX141310",0.001
0.004,0.0339,0,0,0.008,0.02,0,0.182,12,0.0093,0.0034,0.026,0.024,"HQE032410",0
0.005,0.0021,14,1,0.055,0.08,0,0.534,16,0.0141,0.0036,0.026,0.025,"HQH052710",0.002
0.006,0.0386,2,0,0.021,0.02,0,0.2,24,0.0107,0.0033,0.025,0.025,"HQA131500",0
0.007,0.0039,10,1,0.094,0.02,0.06,0.574,17,0.0838,0.0092,0.045,0.043,"HQY101390",0.002
0.007,0.0386,0,2,0.012,0.02,0,0.199,14,0.0089,0.0036,0.029,0.027,"HQZ042980",0
0.005,0.0022,0,0,0.02,0.02,0,0.142,16,0.0091,0.0039,0.03,0.028,"HQH117510",0.002
0.006,0.0019,0,0,0.017,0.02,0,0.145,12,0.0088,0.0032,0.025,0.023,"HQB129890",0.001
0.007,0.0359,0,0,0.015,0.02,0,0.201,14,0.0082,0.003,0.025,0.023,"HQA092750",0
0.005,0.038,0,0,0.015,0.02,0,0.208,23,0.0095,0.0034,0.024,0.023,"HQY096130",0
0.005,0.1189,0,0,0.016,0.02,0,0.305,28,0.0084,0.0029,0.024,0.023,"HQX116750",0
0.005,0.0349,0,1,0.016,0.03,0,0.181,23,0.0131,0.0041,0.022,0.02,"HQX072330",0
0.005,0.0612,0,0,0.019,0.02,0,0.793,36,0.0116,0.0029,0.039,0.038,"HQF024070",0.001
0.005,0.0433,0,0,0.013,0.02,0,0.204,37,0.0104,0.0038,0.032,0.03,"HQE096190",0
0.006,0.1202,0,0,0.009,0.02,0,0.303,28,0.0102,0.003,0.021,0.02,"HQX116980",0
0.004,0.0567,0,1,0.023,0.02,0,0.335,34,0.0069,0.0029,0.035,0.034,"HQJ014960",0
0.004,0.0546,0,0,0.021,0.02,0,0.799,34,0.0093,0.0023,0.039,0.038,"HQH160750",0
0.005,0.07,0,2,0.012,0.02,0,0.494,36,0.013,0.0019,0.041,0.04,"HQC019400",0
0.004,0.1128,0,0,0.02,0.02,0,0.303,43,0.0095,0.0029,0.027,0.021,"HQH138720",0
0.005,0.0019,5,0,0.052,0.02,0,0.187,18,0.0465,0.0088,0.038,0.036,"HQF140280",0
0.004,0.0172,0,0,0.01,0.02,0,0.188,16,0.0077,0.0028,0.017,0.017,"HQJ140610",0
0.006,0.033,0,0,0.017,0.02,0,0.202,26,0.0089,0.0025,0.021,0.02,"HQD021170",0
0.005,0.0387,0,0,0.011,0.02,0,0.191,15,0.0103,0.0031,0.02,0.019,"HQZ124750",0
0.005,0.0372,0,0,0.025,0.03,0.01,0.196,15,0.0105,0.0038,0.012,0.011,"HQE081500",0
0.006,0.0753,0,2,0.024,0.02,0,0.306,34,0.0113,0.0037,0.028,0.026,"HQC115180",0
0.007,0.046,0,0,0.017,0.02,0,0.209,22,0.0098,0.0043,0.029,0.028,"HQA092900",0
0.006,0.0525,1,1,0.023,0.02,0,0.8,28,0.0104,0.003,0.033,0.032,"HQA156640",0.002
0.004,0.0017,0,0,0.1,0.02,0,0.145,13,0.0186,0.0089,0.031,0.029,"HQJ102500",0
0.005,0.0713,1,1,0.014,0.02,0,0.607,33,0.0191,0.0022,0.029,0.029,"HQJ078490",0.002
0.007,0.0479,0,0,0.02,0.02,0,0.303,27,0.0083,0.0037,0.034,0.032,"HQY132010",0
0.005,0.0684,0,2,0.011,0.02,0,0.799,23,0.0124,0.003,0.034,0.033,"HQZ123290",0.001
0.006,0.0599,0,0,0.031,0.03,0,0.813,40,0.0096,0.0024,0.036,0.034,"HQB130570",0
0.003,0.0332,0,0,0.015,0.02,0,0.204,10,0.0101,0.0028,0.029,0.025,"HQG113840",0
0.006,0.0786,3,0,0.024,0.02,0,0.904,27,0.0194,0.0027,0.022,0.021,"HQB081390",0.001
0.006,0.0024,7,1,0.082,0.03,0,0.236,11,0.0742,0.009,0.035,0.034,"HQG016790",0.001
0.006,0.0649,0,1,0.015,0.02,0,0.777,35,0.0092,0.0024,0.037,0.034,"HQZ093300",0.001
0.006,0.0432,0,0,0.021,0.02,0,0.193,17,0.0102,0.0031,0.013,0.012,"HQC094280",0
0.006,0.1811,0,1,0.01,0.02,0,0.447,28,0.0086,0.0029,0.022,0.022,"HQY072710",0
0.004,0.0656,0,0,0.014,0.02,0,0.477,32,0.0092,0.0028,0.045,0.042,"HQJ061710",0.001
0.005,0.041,19,0,0.012,0.02,0,0.219,19,0.0063,0.0072,0.019,0.018,"HQB142310",0
0.007,0.0399,0,0,0.022,0.02,0,0.198,29,0.0064,0.0037,0.028,0.026,"HQY084200",0
0.004,0.0584,0,0,0.02,0.02,0,0.789,45,0.0116,0.0033,0.024,0.021,"HQH086040",0
0.006,0.0365,0,0,0.011,0.02,0,0.197,14,0.0096,0.0029,0.024,0.022,"HQE069150",0
0.006,0.1924,0,0,0.011,0.02,0,0.861,36,0.0098,0.0026,0.027,0.026,"HQY075370",0
0.004,0.0369,0,0,0.016,0.02,0,0.194,17,0.0106,0.0033,0.024,0.02,"HQE050400",0
0.005,0.038,0,0,0.012,0.02,0,0.186,21,0.0109,0.0029,0.026,0.026,"HQH018670",0
0.006,0.114,0,0,0.018,0.02,0,0.301,41,0.0087,0.0029,0.031,0.03,"HQY003230",0
0.005,0.0382,0,0,0.015,0.02,0,0.201,24,0.0096,0.0034,0.028,0.026,"HQX139450",0
0.004,0.0371,0,0,0.04,0.02,0,0.183,16,0.01,0.0036,0.026,0.025,"HQD094580",0
0.006,0.0417,18,0,0.01,0.02,0,0.206,14,0.007,0.0039,0.021,0.02,"HQY119860",0
0.006,0.0041,9,0,0.096,0.02,0.06,0.59,15,0.0848,0.0097,0.042,0.04,"HQZ147140",0.001
0.006,0.1131,0,0,0.026,0.02,0,0.332,30,0.0098,0.0032,0.019,0.018,"HQY105190",0
0.006,0.0182,0,2,0.014,0.02,0,0.204,20,0.0087,0.0028,0.024,0.023,"HQY128160",0
0.005,0.0018,0,0,0.015,0.02,0,0.098,18,0.0096,0.0037,0.027,0.025,"HQZ103340",0.001
0.005,0.1342,0,0,0.024,0.02,0,0.918,22,0.0133,0.0026,0.024,0.023,"HQF083860",0.001
0.005,0.0015,5,0,0.052,0.02,0,0.194,13,0.0452,0.0088,0.039,0.038,"HQD093660",0
0.007,0.1788,0,0,0.026,0.03,0,0.466,27,0.0138,0.0032,0.036,0.035,"HQX083290",0.001
0.005,0.0404,0,0,0.019,0.02,0,0.19,20,0.0098,0.0033,0.02,0.02,"HQJ081120",0
0.006,0.0373,0,0,0.012,0.02,0,0.183,19,0.0091,0.003,0.024,0.021,"HQA147030",0
0.006,0.0018,0,0,0.013,0.02,0,0.084,19,0.0103,0.0036,0.032,0.03,"HQA054970",0.001
0.005,0.0765,1,0,0.015,0.01,0,0.891,26,0.0184,0.0025,0.026,0.025,"HQF124170",0.001
0.006,0.0214,11,0,0.016,0.02,0,0.156,18,0.0077,0.0036,0.032,0.029,"HQZ002850",0
0.005,0.0586,0,0,0.019,0.02,0,0.35,25,0.0104,0.003,0.041,0.04,"HQF077300",0
0.004,0.035,0,0,0.012,0.02,0,0.202,14,0.0098,0.003,0.028,0.027,"HQG141550",0
0.006,0.0378,0,1,0.008,0.02,0,0.172,15,0.0063,0.0036,0.023,0.021,"HQZ018250",0
0.004,0.04,12,0,0.011,0.01,0,0.189,13,0.0064,0.0033,0.025,0.024,"HQG073550",0
0.005,0.0395,0,0,0.016,0.02,0,0.187,13,0.0148,0.0033,0.029,0.028,"HQD118680",0
0.004,0.0014,0,0,0.02,0.02,0,0.077,14,0.0087,0.0047,0.031,0.029,"HQE039700",0.002
0.004,0.0348,12,2,0.019,0.02,0,0.223,13,0.0082,0.0029,0.024,0.023,"HQG107520",0
0.004,0.0392,0,0,0.016,0.02,0.01,0.192,18,0.0088,0.0032,0.02,0.019,"HQG128790",0
0.005,0.0018,1,0,0.024,0.02,0.01,0.087,17,0.0122,0.004,0.026,0.023,"HQG161560",0.002
0.006,0.1293,0,0,0.013,0.02,0,0.294,32,0.0119,0.0022,0.025,0.024,"HQD012900",0
0.004,0.0021,16,1,0.062,0.07,0,0.516,24,0.0143,0.0055,0.024,0.022,"HQG159860",0.002
0.005,0.0465,0,0,0.017,0.02,0,0.286,47,0.0088,0.0033,0.032,0.028,"HQE047510",0
0.004,0.1189,0,0,0.027,0.02,0,0.49,26,0.0082,0.0037,0.022,0.021,"HQG105270",0
0.006,0.1471,1,0,0.021,0.02,0,0.891,38,0.0121,0.0027,0.024,0.023,"HQJ087320",0.001
0.005,0.1757,0,1,0.013,0.02,0,0.793,33,0.012,0.0025,0.034,0.032,"HQZ061730",0.001
0.004,0.0378,0,0,0.02,0.02,0,0.203,26,0.0109,0.0036,0.02,0.018,"HQJ012070",0
0.005,0.0395,0,0,0.021,0.02,0,0.197,18,0.0099,0.0033,0.026,0.024,"HQH112980",0
0.007,0.0409,0,0,0.014,0.02,0,0.201,22,0.0083,0.0038,0.024,0.023,"HQX123250",0
0.006,0.041,0,0,0.022,0.03,0,0.198,28,0.0109,0.0032,0.034,0.033,"HQA064920",0
0.005,0.118,0,1,0.013,0.02,0,0.377,35,0.0089,0.0032,0.028,0.026,"HQX165920",0
0.005,0.0361,0,0,0.018,0.02,0,0.196,16,0.01,0.0033,0.032,0.031,"HQC030760",0
0.006,0.1732,0,0,0.016,0.02,0,0.479,30,0.0113,0.0031,0.019,0.018,"HQX004470",0.001
0.008,0.0392,0,0,0.008,0.02,0,0.193,20,0.0091,0.0027,0.026,0.026,"HQB025370",0
0.006,0.1378,0,0,0.014,0.02,0,0.821,28,0.0111,0.0029,0.024,0.023,"HQF008300",0.001
0.005,0.043,0,0,0.009,0.02,0,0.228,20,0.0094,0.0033,0.027,0.026,"HQF023750",0
0.005,0.038,0,0,0.014,0.03,0,0.186,19,0.014,0.0028,0.026,0.025,"HQE028030",0
0.006,0.1115,1,0,0.009,0.02,0,0.444,28,0.0084,0.0027,0.027,0.026,"HQA052660",0.001
0.005,0.0697,0,0,0.019,0.02,0,0.503,37,0.0113,0.0033,0.045,0.043,"HQB112730",0
0.007,0.0399,0,5,0.013,0.02,0,0.203,17,0.0061,0.0033,0.024,0.024,"HQY103120",0
0.004,0.0686,0,0,0.027,0.02,0,0.584,35,0.0172,0.0029,0.025,0.024,"HQF136910",0.001
0.005,0.0391,0,0,0.018,0.03,0,0.199,22,0.0117,0.0032,0.029,0.028,"HQJ087970",0
0.004,0.0021,8,0,0.087,0.03,0,0.254,14,0.0719,0.0099,0.041,0.04,"HQH167250",0.001
0.006,0.0484,0,0,0.01,0.02,0,0.294,38,0.0085,0.0029,0.044,0.042,"HQE091490",0
0.004,0.0376,0,0,0.013,0.05,0,0.143,18,0.0101,0.0033,0.034,0.033,"HQG061060",0
0.007,0.002,0,0,0.013,0.02,0,0.099,17,0.0093,0.0041,0.026,0.024,"HQX131970",0.001
0.007,0.0421,0,1,0.011,0.02,0,0.183,16,0.0094,0.0032,0.021,0.021,"HQA102580",0
0.003,0.177,0,0,0.023,0.03,0,0.765,33,0.0146,0.0018,0.03,0.028,"HQG093570",0
0.005,0.0397,0,0,0.021,0.02,0,0.201,18,0.0073,0.0033,0.032,0.031,"HQH101270",0
0.004,0.0324,0,0,0.009,0.04,0,0.18,17,0.0099,0.0033,0.023,0.022,"HQG077350",0
0.005,0.0401,0,0,0.013,0.05,0,0.185,43,0.0053,0.0035,0.037,0.035,"HQZ153170",0
0.006,0.0382,0,0,0.014,0.02,0,0.201,20,0.0073,0.0042,0.021,0.02,"HQY029770",0
0.005,0.0369,0,13,0.013,0.02,0,0.212,20,0.0071,0.0033,0.024,0.022,"HQX095190",0
0.005,0.0019,0,0,0.022,0.02,0,0.094,18,0.0098,0.0029,0.031,0.029,"HQB137780",0
0.005,0.0754,2,1,0.02,0.02,0,1.079,29,0.0203,0.0026,0.033,0.032,"HQC060740",0.002
0.006,0.0445,0,0,0.018,0.02,0,0.202,19,0.0106,0.0043,0.025,0.024,"HQA055340",0
0.006,0.0779,2,0,0.022,0.02,0,0.909,38,0.0198,0.0024,0.03,0.029,"HQA011930",0.001
0.005,0.1841,0,0,0.021,0.02,0,0.855,34,0.0129,0.0031,0.019,0.018,"HQF155300",0.001
0.006,0.1085,0,0,0.012,0.02,0,0.419,26,0.01,0.0031,0.031,0.029,"HQA111320",0
0.004,0.0022,1,0,0.031,0.02,0,0.061,22,0.0063,0.0043,0.031,0.031,"HQH092470",0.002
0.004,0.0499,0,0,0.015,0.02,0,0.296,31,0.0121,0.0021,0.034,0.034,"HQJ031400",0.001
0.004,0.0359,0,0,0.015,0.02,0,0.195,14,0.0077,0.008,0.038,0.037,"HQF021260",0
0.004,0.0573,0,0,0.023,0.02,0,0.335,18,0.0085,0.0027,0.039,0.038,"HQJ012880",0
0.007,0.0358,16,0,0.023,0.02,0,0.188,20,0.0083,0.0035,0.021,0.02,"HQX082560",0
0.005,0.1927,0,0,0.019,0.02,0,0.415,25,0.0101,0.0026,0.034,0.033,"HQF112160",0.001
0.004,0.035,0,2,0.016,0.02,0,0.196,23,0.0097,0.0031,0.026,0.024,"HQD151580",0
0.005,0.0482,0,0,0.011,0.02,0,0.291,28,0.0129,0.0036,0.031,0.03,"HQB140910",0
0.004,0.0365,0,0,0.015,0.02,0,0.184,20,0.0076,0.0038,0.024,0.022,"HQG073660",0
0.005,0.0376,0,0,0.013,0.02,0,0.19,26,0.0083,0.0029,0.024,0.023,"HQF149110",0
0.007,0.0397,0,0,0.022,0.02,0,0.286,23,0.0127,0.003,0.015,0.014,"HQY082430",0.001
0.005,0.0392,0,0,0.02,0.02,0,0.181,27,0.0073,0.0039,0.036,0.035,"HQE148580",0
0.006,0.0412,0,0,0.011,0.02,0,0.186,17,0.0105,0.0028,0.025,0.024,"HQB122250",0
0.005,0.0414,0,0,0.014,0.02,0,0.192,22,0.0059,0.0029,0.026,0.025,"HQZ128540",0
0.006,0.0469,0,0,0.02,0.02,0,0.226,26,0.0087,0.0029,0.044,0.042,"HQY097700",0
0.005,0.038,18,0,0.014,0.02,0,0.198,12,0.0101,0.0038,0.027,0.025,"HQH006110",0
0.005,0.0575,0,0,0.033,0.01,0,0.357,27,0.0062,0.0064,0.033,0.032,"HQC071880",0
0.006,0.14,0,1,0.01,0.02,0,0.832,27,0.01,0.003,0.021,0.019,"HQZ003700",0.001
0.007,0.0606,0,0,0.024,0.02,0,0.813,29,0.0103,0.0024,0.036,0.035,"HQY122150",0.001
0.004,0.0575,0,0,0.023,0.02,0,0.791,36,0.0137,0.0026,0.026,0.026,"HQF032850",0.001
0.007,0.1916,0,0,0.013,0.02,0,0.462,26,0.0071,0.0039,0.026,0.024,"HQY084800",0
0.005,0.0416,0,0,0.009,0.01,0,0.188,24,0.006,0.0036,0.03,0.027,"HQZ015560",0
0.007,0.0406,0,0,0.009,0.01,0,0.202,29,0.0069,0.0052,0.027,0.025,"HQX149790",0
0.006,0.0593,0,1,0.013,0.02,0,0.339,23,0.0079,0.0034,0.03,0.029,"HQY048590",0
0.005,0.0374,0,0,0.019,0.02,0,0.203,13,0.0082,0.0032,0.032,0.03,"HQA027210",0
0.005,0.0406,12,0,0.02,0.02,0,0.179,14,0.0082,0.003,0.017,0.017,"HQG152020",0
0.005,0.0018,6,0,0.061,0.02,0,0.199,18,0.0436,0.0096,0.04,0.038,"HQX148260",0.001
0.006,0.0368,0,0,0.018,0.01,0,0.214,28,0.0067,0.0026,0.023,0.022,"HQX160920",0
0.006,0.0791,3,0,0.026,0.02,0,0.92,32,0.0189,0.002,0.026,0.026,"HQB101920",0.001
0.006,0.0402,11,1,0.011,0.02,0,0.258,18,0.0082,0.0035,0.032,0.03,"HQY006990",0
0.004,0.0829,4,0,0.012,0.02,0,0.916,37,0.0206,0.0022,0.03,0.029,"HQJ149190",0.001
0.006,0.0389,0,0,0.028,0.02,0,0.205,20,0.0079,0.0047,0.021,0.019,"HQX142900",0
0.004,0.0024,16,1,0.066,0.08,0,0.55,19,0.0148,0.0035,0.022,0.022,"HQJ143630",0.002
0.004,0.0022,0,0,0.018,0.02,0,0.141,11,0.0091,0.0036,0.031,0.029,"HQH006390",0.001
0.005,0.1095,0,0,0.016,0.02,0,0.435,22,0.012,0.0028,0.02,0.018,"HQG021320",0
0.005,0.0513,0,0,0.018,0.02,0,0.775,33,0.0099,0.0024,0.053,0.05,"HQH035370",0.001
0.005,0.0418,0,2,0.021,0.02,0,0.189,18,0.0085,0.0035,0.034,0.033,"HQB036860",0
0.004,0.058,0,0,0.018,0.02,0,0.792,40,0.009,0.0021,0.029,0.027,"HQG106430",0
0.007,0.1393,0,1,0.021,0.02,0,0.877,31,0.0086,0.003,0.022,0.021,"HQA115050",0.001
0.005,0.0397,0,0,0.012,0.02,0,0.2,20,0.0093,0.0032,0.028,0.026,"HQZ051600",0
0.004,0.0394,0,0,0.013,0.02,0,0.192,22,0.0105,0.0034,0.019,0.017,"HQH126550",0
0.005,0.0351,0,0,0.014,0.02,0,0.2,20,0.006,0.0029,0.021,0.019,"HQB100120",0
0.006,0.0375,0,0,0.034,0.02,0,0.198,26,0.01,0.004,0.037,0.036,"HQX121960",0
0.003,0.0469,0,1,0.011,0.01,0,0.283,27,0.0099,0.0027,0.03,0.028,"HQY051400",0
0.004,0.0018,0,0,0.026,0.02,0,0.102,15,0.0099,0.0031,0.022,0.02,"HQE009630",0.001
0.004,0.1147,0,0,0.026,0.02,0,0.474,24,0.0103,0.0027,0.026,0.024,"HQJ157230",0
0.004,0.0383,0,0,0.022,0.02,0,0.197,29,0.0117,0.0027,0.029,0.028,"HQF050720",0
0.004,0.0387,0,0,0.01,0.01,0,0.196,12,0.0088,0.0033,0.028,0.027,"HQG118740",0
0.005,0.0568,0,1,0.02,0.02,0,0.787,33,0.0102,0.0035,0.038,0.036,"HQZ156970",0.001
0.005,0.0379,0,0,0.014,0.02,0,0.19,22,0.009,0.0029,0.03,0.026,"HQZ051730",0
0.005,0.0491,0,2,0.01,0.02,0,0.296,26,0.0089,0.0024,0.037,0.035,"HQY051380",0
0.007,0.0348,0,0,0.016,0.02,0,0.148,31,0.0093,0.0032,0.03,0.027,"HQX159470",0
0.005,0.0797,0,2,0.024,0.02,0,0.449,27,0.0104,0.0027,0.03,0.028,"HQY104450",0
0.004,0.1974,0,1,0.016,0.02,0,0.875,29,0.0106,0.0028,0.022,0.021,"HQG090220",0.001
0.006,0.0402,0,0,0.018,0.02,0,0.198,20,0.0088,0.0035,0.024,0.023,"HQX160030",0
0.004,0.0362,0,0,0.011,0.02,0,0.211,20,0.0081,0.003,0.034,0.033,"HQB096910",0
0.004,0.0012,0,0,0.016,0.02,0,0.071,20,0.0104,0.004,0.036,0.035,"HQH129140",0.002
0.005,0.0325,0,0,0.012,0.02,0,0.181,17,0.011,0.0031,0.024,0.02,"HQE000940",0
0.005,0.0472,0,0,0.025,0.02,0,0.298,33,0.0093,0.0037,0.029,0.028,"HQF117060",0
0.005,0.0398,0,0,0.012,0.02,0,0.189,19,0.0072,0.0033,0.032,0.031,"HQE118850",0
0.006,0.0383,0,3,0.015,0.02,0,0.218,20,0.0106,0.0036,0.025,0.023,"HQY110350",0
0.004,0.041,0,0,0.022,0.03,0,0.188,17,0.0109,0.0042,0.026,0.026,"HQH074760",0
0.004,0.0411,0,1,0.009,0.01,0,0.194,22,0.0083,0.0037,0.024,0.023,"HQF065680",0
0.007,0.0017,0,0,0.012,0.02,0,0.065,14,0.0076,0.0036,0.032,0.031,"HQA080530",0.001
0.004,0.0372,20,1,0.023,0.02,0,0.199,34,0.008,0.0028,0.022,0.021,"HQG092700",0
0.006,0.1136,0,2,0.022,0.02,0,0.326,31,0.007,0.0044,0.018,0.016,"HQY136610",0
0.006,0.0546,0,0,0.013,0.02,0,0.788,29,0.0118,0.0028,0.028,0.027,"HQY061600",0.001
0.006,0.0401,0,0,0.008,0.01,0,0.243,17,0.0087,0.0033,0.025,0.024,"HQD058550",0
0.005,0.0013,0,0,0.014,0.03,0,0.102,20,0.0095,0.0034,0.032,0.031,"HQD144970",0.002
0.006,0.0203,0,0,0.01,0.02,0,0.199,19,0.0092,0.0027,0.023,0.019,"HQD016210",0
0.006,0.0377,0,0,0.018,0.02,0,0.207,25,0.0064,0.0029,0.023,0.022,"HQC099170",0
0.005,0.039,13,0,0.016,0.03,0,0.233,13,0.0147,0.0046,0.025,0.025,"HQG064870",0
0.004,0.0338,0,0,0.016,0.02,0,0.193,21,0.0084,0.003,0.03,0.029,"HQG122980",0
0.005,0.0754,2,0,0.014,0.02,0,0.89,39,0.0194,0.002,0.034,0.032,"HQC060850",0.001
0.004,0.0333,0,0,0.01,0.03,0,0.187,28,0.0081,0.0032,0.026,0.025,"HQG076960",0
0.005,0.0395,0,0,0.011,0.02,0,0.182,22,0.011,0.0037,0.025,0.024,"HQX057360",0
0.007,0.0014,0,0,0.009,0.02,0,0.075,14,0.0089,0.0034,0.031,0.03,"HQD048630",0.002
0.005,0.002,13,0,0.054,0.07,0,0.533,22,0.0139,0.0029,0.018,0.017,"HQA002220",0.001
0.006,0.0799,1,0,0.016,0.02,0,0.886,28,0.019,0.0023,0.026,0.025,"HQA012080",0
0.007,0.0398,12,0,0.027,0.02,0,0.256,25,0.0106,0.0033,0.03,0.029,"HQX052430",0
0.006,0.1093,0,0,0.014,0.01,0,0.461,25,0.0082,0.0026,0.024,0.023,"HQA113180",0
0.005,0.1141,0,0,0.02,0.02,0,0.458,24,0.01,0.0025,0.026,0.025,"HQG029500",0.001
0.006,0.0023,0,0,0.011,0.02,0,0.095,18,0.0095,0.0032,0.031,0.028,"HQB077810",0
0.004,0.0191,0,0,0.023,0.02,0,0.14,16,0.0089,0.0037,0.023,0.022,"HQJ141320",0
0.005,0.0362,0,0,0.019,0.02,0,0.185,19,0.0069,0.0034,0.039,0.037,"HQZ052210",0
0.004,0.0386,0,0,0.015,0.02,0,0.181,22,0.0119,0.003,0.024,0.022,"HQJ003090",0
0.005,0.0384,0,2,0.012,0.02,0,0.198,32,0.0097,0.0027,0.022,0.02,"HQB126740",0
0.006,0.0593,0,0,0.013,0.02,0,0.348,40,0.0076,0.003,0.035,0.033,"HQC123540",0
0.005,0.0026,0,0,0.012,0.02,0,0.091,20,0.011,0.0029,0.032,0.031,"HQG049580",0.001
0.006,0.0443,12,1,0.01,0.01,0,0.174,20,0.0079,0.0034,0.021,0.021,"HQB041330",0
0.004,0.0465,0,1,0.021,0.02,0,0.292,22,0.0115,0.0032,0.034,0.031,"HQH084750",0.001
0.006,0.1863,0,0,0.016,0.02,0,0.442,26,0.0103,0.0027,0.031,0.03,"HQA017470",0
0.006,0.1099,0,0,0.011,0.02,0,0.307,23,0.0105,0.0029,0.023,0.022,"HQA082340",0
0.005,0.0016,0,0,0.011,0.01,0,0.065,15,0.0056,0.0033,0.032,0.029,"HQF151680",0.004
0.006,0.0019,0,1,0.013,0.02,0,0.067,14,0.0082,0.0032,0.027,0.025,"HQB108260",0.002
0.004,0.0334,0,0,0.022,0.02,0,0.175,21,0.0082,0.004,0.018,0.018,"HQF102290",0
0.005,0.0018,0,2,0.012,0.02,0,0.396,17,0.027,0.0032,0.028,0.026,"HQD076340",0.003
0.004,0.0761,2,0,0.029,0.02,0,0.883,29,0.0168,0.0026,0.024,0.022,"HQG110410",0.001
0.006,0.0349,0,0,0.013,0.01,0,0.201,36,0.0065,0.0026,0.025,0.023,"HQY148910",0
0.005,0.0428,19,0,0.011,0.02,0,0.193,12,0.0096,0.0033,0.02,0.019,"HQZ071360",0
0.005,0.002,8,0,0.072,0.02,0,0.255,20,0.067,0.0113,0.045,0.044,"HQX073670",0.001
0.005,0.05,0,1,0.019,0.02,0,0.293,34,0.0103,0.0035,0.037,0.036,"HQH086540",0
0.005,0.0491,0,0,0.016,0.02,0,0.29,20,0.0108,0.0035,0.028,0.026,"HQF144970",0
0.007,0.078,0,1,0.011,0.02,0,1.35,39,0.0095,0.0018,0.016,0.015,"HQA160270",0.002
0.004,0.0375,0,1,0.011,0.02,0,0.202,18,0.0093,0.0032,0.026,0.024,"HQG141500",0
0.005,0.1562,0,0,0.017,0.02,0,0.576,30,0.0124,0.0025,0.037,0.035,"HQH154420",0
0.005,0.1206,0,1,0.011,0.02,0,0.307,26,0.0117,0.0029,0.019,0.018,"HQZ084990",0
0.006,0.0607,0,0,0.023,0.02,0,0.813,49,0.0115,0.0027,0.039,0.034,"HQC102980",0.001
0.004,0.0436,0,0,0.022,0.02,0,0.198,18,0.0077,0.0036,0.037,0.037,"HQB146080",0
0.005,0.0396,0,0,0.015,0.02,0,0.19,16,0.0096,0.0032,0.021,0.02,"HQG030890",0
0.004,0.1221,0,0,0.011,0.02,0,0.31,30,0.0082,0.0023,0.027,0.025,"HQJ033690",0
0.004,0.1511,0,0,0.019,0.02,0,0.487,36,0.0123,0.0033,0.02,0.019,"HQG133380",0.001
0.004,0.0401,0,0,0.009,0.02,0,0.198,27,0.0089,0.0028,0.041,0.038,"HQE045480",0
0.005,0.0754,2,1,0.02,0.02,0,1.079,29,0.0203,0.0026,0.033,0.032,"HQC060750",0.002
0.004,0.047,0,0,0.014,0.02,0,0.292,34,0.0106,0.0028,0.037,0.036,"HQJ115900",0
0.005,0.0613,0,1,0.018,0.02,0,0.786,29,0.0123,0.0029,0.03,0.03,"HQE039090",0.001
0.006,0.0417,18,0,0.01,0.02,0,0.206,14,0.007,0.0039,0.021,0.02,"HQY119850",0
0.005,0.1123,0,1,0.013,0.02,0,0.454,31,0.0073,0.0032,0.027,0.026,"HQX107110",0
0.007,0.0173,0,0,0.02,0.03,0,0.145,17,0.0105,0.0033,0.031,0.03,"HQY150520",0
0.005,0.0458,0,0,0.014,0.02,0,0.327,17,0.0057,0.0036,0.022,0.019,"HQX108280",0
0.004,0.0022,0,4,0.019,0.02,0,0.09,18,0.0094,0.0032,0.026,0.025,"HQF075180",0
0.006,0.041,0,0,0.012,0.02,0,0.181,34,0.0077,0.0034,0.033,0.032,"HQF128860",0
0.006,0.0019,0,0,0.014,0.02,0,0.098,20,0.0102,0.0029,0.026,0.025,"HQC054800",0.001
0.005,0.0561,0,0,0.019,0.02,0,0.357,26,0.007,0.003,0.033,0.032,"HQB143010",0
0.005,0.0435,0,0,0.02,0.02,0,0.203,17,0.0109,0.0035,0.025,0.023,"HQH042040",0
0.005,0.0376,19,0,0.013,0.02,0,0.189,19,0.0089,0.0029,0.019,0.017,"HQB141460",0
0.004,0.0216,0,0,0.017,0.02,0,0.182,17,0.0096,0.0035,0.025,0.024,"HQH048960",0
0.006,0.1444,0,0,0.015,0.02,0,0.494,25,0.0124,0.0033,0.013,0.012,"HQZ148550",0
0.004,0.0018,0,0,0.02,0.02,0,0.09,16,0.0099,0.0032,0.032,0.032,"HQJ035600",0.001
0.004,0.0441,0,1,0.018,0.02,0,0.295,28,0.0117,0.0029,0.024,0.023,"HQF046210",0.001
0.004,0.038,0,0,0.017,0.02,0,0.18,20,0.0085,0.0033,0.024,0.023,"HQH136850",0
0.005,0.0015,0,1,0.021,0.02,0,0.068,20,0.0087,0.0041,0.032,0.03,"HQX163610",0.002
0.004,0.0023,0,1,0.01,0.02,0,0.096,19,0.01,0.0032,0.031,0.028,"HQF075540",0.002
0.006,0.1199,0,22,0.02,0.02,0,0.51,29,0.0111,0.0025,0.024,0.021,"HQC059310",0.001
0.005,0.0012,0,1,0.02,0.02,0,0.086,18,0.0087,0.0037,0.028,0.026,"HQH107760",0.003
0.006,0.0019,0,0,0.014,0.02,0,0.093,11,0.0099,0.003,0.028,0.026,"HQZ137940",0.001
0.006,0.0449,0,0,0.01,0.02,0,0.205,24,0.0087,0.0026,0.033,0.032,"HQZ109890",0
0.005,0.0021,0,1,0.009,0.02,0,0.094,19,0.0094,0.0039,0.029,0.026,"HQE093930",0.001
0.004,0.0415,0,7,0.016,0.02,0,0.238,23,0.0103,0.0026,0.038,0.036,"HQJ126690",0
0.006,0.0335,0,4,0.012,0.01,0,0.208,19,0.0096,0.0035,0.025,0.022,"HQX134930",0
0.005,0.0016,0,0,0.016,0.02,0,0.076,19,0.0113,0.0037,0.021,0.02,"HQD084520",0.001
0.004,0.0407,12,0,0.017,0.02,0,0.224,24,0.0105,0.0047,0.025,0.024,"HQE131780",0
0.004,0.0363,0,0,0.017,0.03,0,0.19,19,0.0083,0.0054,0.026,0.025,"HQH010270",0
0.004,0.0379,0,0,0.016,0.02,0,0.2,22,0.0102,0.0034,0.029,0.028,"HQJ150350",0
0.005,0.0224,1,1,0.019,0.02,0,0.192,30,0.009,0.0035,0.019,0.019,"HQH054400",0
0.006,0.1197,0,0,0.01,0.02,0,0.473,28,0.01,0.0027,0.023,0.023,"HQD064460",0
0.005,0.0403,18,1,0.017,0.02,0,0.201,17,0.0116,0.0038,0.026,0.023,"HQA002420",0
0.006,0.1723,0,1,0.014,0.02,0,0.468,30,0.0091,0.003,0.033,0.03,"HQZ084710",0
0.005,0.0545,0,0,0.02,0.01,0,0.811,29,0.0083,0.0033,0.029,0.028,"HQG007430",0.001
0.006,0.0826,0,25,0.009,0.01,0,0.482,29,0.0084,0.0016,0.013,0.012,"HQD031490",0.001
0.006,0.0404,0,0,0.014,0.01,0,0.194,17,0.0085,0.003,0.033,0.032,"HQA064510",0
0.004,0.0178,0,0,0.01,0.02,0,0.191,18,0.0076,0.0103,0.024,0.024,"HQD098100",0
0.006,0.1208,0,0,0.015,0.02,0,0.321,27,0.0144,0.0035,0.023,0.021,"HQX053520",0.001
0.006,0.0395,0,0,0.022,0.02,0,0.196,28,0.0087,0.0028,0.029,0.028,"HQB059880",0
0.006,0.0351,0,0,0.014,0.02,0,0.2,15,0.0112,0.0032,0.028,0.027,"HQY146710",0
0.005,0.0366,0,2,0.014,0.03,0,0.187,19,0.0132,0.0028,0.026,0.024,"HQH026860",0
0.006,0.1173,0,0,0.018,0.02,0,0.305,33,0.0097,0.0029,0.027,0.026,"HQY002260",0
0.005,0.0303,0,0,0.019,0.03,0,0.197,16,0.0134,0.0029,0.024,0.022,"HQD126420",0
0.006,0.0022,0,0,0.021,0.03,0,0.097,23,0.0098,0.0032,0.026,0.024,"HQA067090",0.001
0.006,0.1709,0,2,0.013,0.01,0,0.48,34,0.0098,0.0033,0.018,0.017,"HQY090570",0.001
0.006,0.0584,0,1,0.014,0.02,0,0.343,36,0.0067,0.0033,0.035,0.034,"HQD015160",0
0.004,0.0371,0,0,0.007,0.01,0,0.181,26,0.0082,0.0026,0.027,0.026,"HQF095830",0
0.006,0.0368,0,0,0.016,0.02,0,0.2,18,0.0093,0.003,0.026,0.024,"HQX063820",0
0.004,0.0461,0,0,0.007,0.01,0,0.282,22,0.0097,0.0036,0.024,0.023,"HQF027740",0
0.005,0.0219,0,0,0.022,0.02,0,0.19,22,0.0083,0.0035,0.023,0.023,"HQH055420",0
0.005,0.0015,4,0,0.056,0.02,0,0.191,16,0.0458,0.0087,0.038,0.034,"HQF069650",0
0.004,0.1507,0,1,0.011,0.02,0,0.486,29,0.0126,0.0048,0.024,0.024,"HQG108680",0.001
0.004,0.1478,0,0,0.021,0.02,0,0.498,23,0.0137,0.0034,0.026,0.026,"HQG133770",0.001
0.006,0.0586,0,0,0.017,0.02,0,0.794,26,0.0109,0.0023,0.034,0.033,"HQB054660",0
0.005,0.1873,0,0,0.012,0.02,0,0.849,36,0.0092,0.0025,0.025,0.025,"HQJ109290",0
0.006,0.0397,0,0,0.02,0.01,0,0.145,26,0.0069,0.0039,0.016,0.015,"HQX162850",0
0.005,0.0844,1,0,0.032,0.02,0,0.918,30,0.0182,0.0027,0.028,0.027,"HQZ088980",0.001
0.004,0.0403,0,0,0.018,0.01,0,0.198,25,0.0077,0.0032,0.026,0.025,"HQJ009460",0
0.004,0.0377,0,1,0.019,0.02,0,0.189,21,0.0104,0.0038,0.02,0.017,"HQF064030",0
0.007,0.0187,0,0,0.019,0.02,0,0.141,16,0.008,0.0035,0.033,0.032,"HQY082960",0
0.004,0.0311,0,1,0.016,0.02,0,0.188,22,0.0074,0.0031,0.019,0.017,"HQC007420",0
0.005,0.0417,0,0,0.025,0.03,0,0.187,21,0.0132,0.0031,0.024,0.023,"HQE027090",0
0.005,0.0732,2,1,0.019,0.02,0,1.079,36,0.0186,0.002,0.024,0.023,"HQX002060",0.002
0.004,0.0361,0,1,0.01,0.02,0,0.196,23,0.0067,0.0031,0.022,0.021,"HQJ064190",0
0.005,0.056,0,0,0.011,0.02,0,0.342,28,0.0109,0.0029,0.034,0.033,"HQZ125950",0
0.004,0.0022,0,0,0.021,0.02,0,0.098,18,0.0091,0.0031,0.031,0.028,"HQF156880",0.001
0.004,0.0017,0,0,0.021,0.01,0,0.058,14,0.0102,0.003,0.036,0.034,"HQJ130390",0.001
0.004,0.126,0,1,0.019,0.07,0,0.472,21,0.008,0.0024,0.02,0.02,"HQG076790",0
0.006,0.0404,0,0,0.012,0.02,0,0.203,22,0.0072,0.0043,0.024,0.022,"HQZ112370",0
0.005,0.0544,0,15,0.01,0.01,0,0.335,38,0.0061,0.0034,0.043,0.042,"HQD078940",0
0.004,0.0364,0,0,0.014,0.02,0,0.184,14,0.0147,0.0035,0.027,0.025,"HQG039230",0
0.007,0.062,0,0,0.019,0.02,0,0.794,26,0.0103,0.0026,0.025,0.023,"HQX084800",0.001
0.005,0.0736,0,0,0.024,0.02,0,0.294,26,0.0121,0.0037,0.018,0.017,"HQE133280",0
0.005,0.0168,15,0,0.016,0.02,0,0.141,22,0.0066,0.0027,0.031,0.029,"HQJ101450",0
0.006,0.176,0,1,0.019,0.03,0,0.768,32,0.0121,0.0031,0.026,0.026,"HQE064750",0.001
0.005,0.1473,0,0,0.018,0.02,0,0.9,28,0.011,0.0036,0.022,0.021,"HQE071780",0.001
0.006,0.0016,5,0,0.059,0.02,0,0.21,19,0.0428,0.0082,0.037,0.035,"HQC042510",0.001
0.004,0.0022,15,0,0.066,0.07,0,0.547,29,0.0138,0.0033,0.027,0.025,"HQG056100",0.001
0.005,0.0387,0,0,0.012,0.02,0,0.205,19,0.0087,0.0032,0.021,0.019,"HQB131030",0
0.006,0.1968,0,7,0.014,0.02,0,0.425,25,0.0093,0.0031,0.035,0.034,"HQE085750",0.001
0.005,0.0381,0,0,0.012,0.02,0,0.193,20,0.0066,0.004,0.021,0.018,"HQX160070",0
0.006,0.037,0,0,0.009,0.01,0,0.2,23,0.006,0.0031,0.025,0.023,"HQY110840",0
0.006,0.002,0,0,0.012,0.02,0,0.099,15,0.0089,0.0032,0.028,0.025,"HQX119680",0
0.004,0.0362,0,2,0.013,0.02,0,0.191,16,0.0105,0.0036,0.025,0.023,"HQC058420",0
0.007,0.0629,0,1,0.026,0.02,0,0.8,22,0.0129,0.003,0.037,0.036,"HQB010890",0.001
0.004,0.1091,0,1,0.013,0.02,0,0.456,28,0.0102,0.0027,0.022,0.02,"HQH040220",0.001
0.005,0.0576,0,0,0.019,0.02,0,0.803,48,0.0088,0.0021,0.03,0.029,"HQE008790",0.001
0.004,0.0018,0,0,0.018,0.02,0,0.081,13,0.0089,0.0034,0.041,0.039,"HQE037270",0.003
0.008,0.0785,1,1,0.021,0.02,0,0.899,29,0.0191,0.0022,0.026,0.025,"HQB010290",0.001
0.006,0.036,0,1,0.013,0.02,0,0.187,12,0.0105,0.003,0.017,0.016,"HQG027270",0
0.005,0.0588,0,0,0.012,0.01,0,0.815,35,0.0057,0.002,0.029,0.027,"HQC025200",0
0.004,0.0018,0,0,0.018,0.02,0,0.055,14,0.0057,0.0035,0.035,0.034,"HQJ027070",0.003
0.006,0.1183,0,0,0.018,0.02,0,0.305,33,0.0119,0.0032,0.016,0.014,"HQX055160",0.001
0.005,0.0354,0,0,0.026,0.02,0,0.177,22,0.0085,0.0035,0.02,0.018,"HQX002530",0
0.005,0.0393,0,0,0.019,0.02,0,0.195,17,0.0072,0.0037,0.025,0.024,"HQE036740",0
0.006,0.0368,0,0,0.017,0.01,0,0.205,31,0.0086,0.0031,0.04,0.038,"HQY014970",0
0.005,0.0773,1,0,0.022,0.03,0,0.898,27,0.0192,0.0029,0.029,0.028,"HQE007420",0.001
0.005,0.0017,0,0,0.019,0.02,0,0.073,15,0.0099,0.0037,0.035,0.034,"HQG045260",0.002
0.004,0.144,0,0,0.018,0.02,0,0.49,27,0.0144,0.0036,0.02,0.019,"HQG168410",0.001
0.005,0.0555,0,0,0.02,0.02,0,0.785,45,0.011,0.0026,0.039,0.036,"HQH087380",0.001
0.005,0.0604,0,0,0.021,0.02,0,0.354,25,0.0094,0.0033,0.032,0.03,"HQH061900",0
0.004,0.0376,0,0,0.009,0.02,0,0.194,17,0.0085,0.0032,0.023,0.021,"HQH126880",0
0.004,0.0827,2,0,0.016,0.02,0,0.906,29,0.0202,0.0025,0.029,0.025,"HQG116170",0.001
0.006,0.0347,0,0,0.01,0.02,0,0.192,22,0.0103,0.0027,0.028,0.026,"HQX026240",0
0.004,0.0013,0,0,0.02,0.02,0,0.063,17,0.006,0.0042,0.033,0.032,"HQG147700",0.002
0.007,0.0578,1,1,0.015,0.02,0,0.841,31,0.0146,0.0026,0.038,0.036,"HQD059430",0.002
0.007,0.041,0,5,0.015,0.02,0,0.201,20,0.0053,0.004,0.029,0.027,"HQY156780",0
0.006,0.1485,0,1,0.014,0.02,0,0.799,30,0.01,0.0026,0.031,0.029,"HQC091980",0.001
0.006,0.0357,0,0,0.02,0.02,0,0.146,34,0.0076,0.0045,0.023,0.02,"HQX085120",0
0.006,0.0019,0,0,0.01,0.02,0,0.06,14,0.008,0.0032,0.023,0.022,"HQB070630",0.002
0.006,0.0177,0,0,0.018,0.02,0,0.191,25,0.0084,0.0037,0.017,0.016,"HQZ009430",0
0.005,0.0235,0,0,0.014,0.02,0,0.2,14,0.0098,0.0031,0.026,0.022,"HQD015430",0
0.006,0.0802,3,1,0.019,0.02,0,0.896,32,0.018,0.0026,0.03,0.029,"HQA124510",0.001
0.006,0.0354,0,0,0.016,0.01,0,0.197,28,0.0062,0.0033,0.026,0.024,"HQX133910",0
0.005,0.002,0,0,0.02,0.02,0,0.069,19,0.0089,0.0038,0.04,0.038,"HQF125130",0.001
0.006,0.1579,0,0,0.027,0.02,0,0.815,37,0.0085,0.0027,0.036,0.035,"HQZ106330",0
0.007,0.1157,0,0,0.024,0.02,0,0.316,29,0.0082,0.0033,0.018,0.018,"HQY100440",0
0.006,0.0371,18,0,0.029,0.02,0,0.197,23,0.0084,0.0027,0.019,0.017,"HQG022970",0
0.005,0.0373,13,0,0.014,0.02,0,0.191,19,0.0098,0.0035,0.027,0.025,"HQF027390",0
0.005,0.0335,14,0,0.008,0.02,0,0.232,16,0.0072,0.0042,0.033,0.032,"HQD077490",0
0.007,0.0018,0,0,0.022,0.02,0,0.149,18,0.0093,0.0047,0.022,0.021,"HQX130250",0.002
0.005,0.0436,0,0,0.014,0.02,0,0.196,24,0.0071,0.0039,0.025,0.024,"HQG019190",0
0.006,0.0389,0,0,0.011,0.02,0,0.195,17,0.0096,0.0038,0.026,0.025,"HQZ082280",0
0.006,0.0692,2,0,0.015,0.02,0,0.611,23,0.0195,0.0019,0.03,0.03,"HQF040310",0
0.005,0.042,0,0,0.013,0.02,0,0.2,21,0.0071,0.0026,0.026,0.025,"HQZ161530",0
0.005,0.0354,1,0,0.011,0.02,0,0.189,24,0.0073,0.0031,0.02,0.018,"HQH132770",0
0.004,0.0016,0,0,0.011,0.02,0,0.067,15,0.0067,0.0033,0.031,0.029,"HQH142800",0.004
0.006,0.0335,0,0,0.011,0.02,0,0.183,27,0.0082,0.0032,0.032,0.031,"HQA133490",0
0.005,0.1167,0,0,0.02,0.02,0,0.301,35,0.0102,0.0026,0.02,0.018,"HQC063570",0
0.006,0.039,0,0,0.02,0.02,0,0.202,28,0.0125,0.0031,0.026,0.025,"HQB062660",0
0.004,0.147,0,1,0.012,0.02,0,0.472,27,0.0094,0.003,0.023,0.022,"HQD136260",0.001
0.006,0.0329,0,2,0.015,0.02,0,0.211,27,0.0115,0.0018,0.033,0.031,"HQY066160",0.001
0.005,0.0196,0,0,0.009,0.02,0,0.188,16,0.0074,0.0034,0.022,0.02,"HQZ009710",0
0.004,0.0372,0,0,0.024,0.03,0,0.191,14,0.0104,0.0033,0.025,0.024,"HQF054100",0
0.004,0.0605,0,1,0.014,0.03,0,0.807,27,0.014,0.0022,0.034,0.033,"HQD152530",0.002
0.005,0.0013,5,0,0.053,0.02,0,0.196,17,0.0443,0.0092,0.043,0.042,"HQH144820",0.001
0.006,0.0046,9,1,0.1,0.03,0.05,0.586,21,0.0792,0.0083,0.048,0.047,"HQA086010",0.002
0.005,0.0401,0,0,0.024,0.02,0,0.19,26,0.0094,0.0034,0.026,0.025,"HQH135960",0
0.008,0.0781,2,0,0.027,0.02,0,0.918,25,0.0201,0.0025,0.03,0.029,"HQB010410",0.001
0.006,0.121,0,0,0.024,0.02,0,0.449,28,0.0066,0.0028,0.026,0.025,"HQZ041950",0.001
0.006,0.0368,0,0,0.009,0.01,0,0.185,23,0.0061,0.003,0.022,0.021,"HQA074890",0
0.005,0.171,0,1,0.011,0.01,0,0.53,24,0.0084,0.0043,0.021,0.02,"HQZ154550",0
0.006,0.0012,0,1,0.097,0.02,0,0.144,18,0.0195,0.0099,0.032,0.03,"HQZ053940",0
0.005,0.0395,0,1,0.024,0.03,0,0.199,23,0.0122,0.0035,0.018,0.017,"HQC142150",0
0.006,0.0433,0,0,0.022,0.02,0,0.204,21,0.0066,0.003,0.03,0.028,"HQA164250",0
0.006,0.0567,0,0,0.021,0.02,0,0.342,26,0.0091,0.0027,0.035,0.034,"HQC024020",0
0.004,0.0347,0,0,0.014,0.02,0,0.183,12,0.0082,0.0037,0.027,0.025,"HQG096050",0
0.006,0.0017,0,0,0.023,0.02,0,0.089,15,0.0088,0.0034,0.025,0.023,"HQB008150",0.001
0.006,0.0401,0,1,0.007,0.01,0,0.201,18,0.0082,0.0035,0.022,0.02,"HQB027240",0
0.006,0.0385,0,0,0.011,0.02,0,0.212,19,0.0089,0.0041,0.031,0.029,"HQZ081950",0
0.004,0.036,0,1,0.012,0.02,0,0.195,14,0.0079,0.0031,0.035,0.033,"HQG142590",0
0.006,0.046,0,0,0.01,0.02,0,0.186,11,0.009,0.0029,0.03,0.029,"HQD074500",0
0.004,0.0024,17,1,0.067,0.07,0,0.542,12,0.0149,0.003,0.024,0.023,"HQJ143070",0.002
0.005,0.0213,0,0,0.014,0.02,0,0.231,13,0.0077,0.0034,0.023,0.022,"HQZ127230",0
0.007,0.1915,0,0,0.013,0.02,0,0.85,29,0.0137,0.0023,0.024,0.022,"HQX009850",0.001
0.005,0.039,0,1,0.012,0.01,0,0.191,21,0.0075,0.0035,0.032,0.03,"HQF065340",0
0.006,0.0373,0,0,0.013,0.01,0,0.197,20,0.0079,0.0035,0.033,0.031,"HQY013290",0
0.006,0.0401,0,0,0.012,0.02,0,0.199,23,0.0083,0.0031,0.023,0.021,"HQZ011810",0
0.007,0.0706,3,0,0.019,0.02,0,0.887,37,0.0197,0.0023,0.023,0.02,"HQC142900",0.002
0.006,0.0012,0,2,0.021,0.03,0,0.074,17,0.0106,0.0046,0.037,0.034,"HQY097550",0.002
0.004,0.0403,0,0,0.018,0.02,0,0.175,16,0.011,0.0031,0.027,0.025,"HQF155830",0
0.004,0.2062,0,0,0.011,0.01,0,0.426,22,0.0097,0.0025,0.027,0.024,"HQH166710",0
0.006,0.0605,0,0,0.018,0.02,0,0.805,32,0.008,0.0029,0.032,0.03,"HQA013330",0
0.006,0.0348,0,0,0.01,0.02,0,0.196,28,0.0087,0.003,0.021,0.019,"HQX113510",0
0.006,0.0367,0,0,0.011,0.02,0,0.185,21,0.0103,0.0033,0.019,0.018,"HQB102580",0
0.007,0.1185,0,0,0.017,0.01,0.03,0.298,42,0.0089,0.0028,0.029,0.028,"HQA113060",0
0.004,0.1469,0,0,0.024,0.02,0,0.502,24,0.0091,0.0028,0.028,0.027,"HQG133660",0
0.005,0.0189,0,0,0.013,0.02,0,0.207,18,0.0088,0.003,0.019,0.018,"HQZ116560",0
0.004,0.0016,0,0,0.02,0.02,0,0.082,24,0.0117,0.0029,0.028,0.026,"HQF034280",0.001
0.004,0.0387,0,0,0.018,0.02,0,0.182,19,0.0077,0.0036,0.024,0.022,"HQJ009860",0
0.006,0.0015,0,0,0.099,0.03,0,0.139,11,0.0189,0.0105,0.032,0.031,"HQD003540",0
0.004,0.0416,0,0,0.009,0.02,0,0.185,15,0.0089,0.0037,0.032,0.031,"HQG095870",0
0.006,0.0321,0,0,0.021,0.02,0,0.195,29,0.0107,0.0033,0.035,0.032,"HQE110690",0
0.006,0.0015,5,3,0.055,0.02,0,0.205,14,0.0467,0.0088,0.039,0.031,"HQD061800",0.001
0.004,0.0388,19,1,0.021,0.02,0,0.177,25,0.0084,0.0045,0.023,0.021,"HQH050890",0
0.005,0.0739,4,1,0.014,0.02,0,0.917,30,0.0194,0.0026,0.029,0.029,"HQD108170",0.001
0.005,0.1822,0,0,0.018,0.02,0,0.815,34,0.0114,0.0025,0.028,0.026,"HQZ032180",0.001
0.006,0.068,0,0,0.02,0.02,0,0.467,28,0.0089,0.0027,0.05,0.049,"HQA061040",0
0.004,0.0348,0,1,0.024,0.01,0,0.196,22,0.0068,0.0039,0.025,0.024,"HQG154540",0
0.006,0.0019,5,1,0.052,0.03,0,0.203,16,0.0434,0.0094,0.035,0.033,"HQY149070",0.001
0.004,0.0352,0,0,0.01,0.01,0,0.19,13,0.0053,0.0033,0.028,0.027,"HQG073280",0
0.005,0.0798,1,0,0.016,0.02,0,0.905,37,0.0193,0.0026,0.027,0.026,"HQY043550",0.001
0.005,0.0021,0,0,0.014,0.03,0,0.068,16,0.0085,0.0041,0.031,0.027,"HQE081140",0.002
0.005,0.1928,0,0,0.014,0.02,0,0.814,57,0.0094,0.0021,0.019,0.018,"HQH031110",0.001
0.005,0.039,0,0,0.012,0.02,0,0.204,32,0.0119,0.0027,0.03,0.03,"HQE006780",0.001
0.005,0.038,0,0,0.015,0.02,0,0.193,15,0.006,0.0029,0.031,0.03,"HQC075350",0
0.004,0.0021,0,0,0.02,0.02,0,0.091,12,0.0092,0.004,0.028,0.026,"HQJ120200",0.001
0.005,0.002,0,2,0.008,0.02,0,0.08,16,0.0105,0.0032,0.029,0.026,"HQD093890",0.002
0.005,0.0626,0,0,0.028,0.02,0,0.764,33,0.0106,0.0031,0.035,0.034,"HQJ083240",0.001
0.003,0.0324,0,0,0.015,0.01,0,0.186,15,0.0061,0.0029,0.031,0.024,"HQH006880",0
0.004,0.0414,0,1,0.01,0.02,0,0.195,28,0.0085,0.0041,0.025,0.024,"HQE091900",0
0.006,0.042,0,0,0.017,0.02,0,0.202,22,0.0083,0.0028,0.025,0.022,"HQC131080",0
0.006,0.0385,0,1,0.011,0.02,0,0.203,24,0.0069,0.0031,0.033,0.031,"HQX137020",0
0.005,0.035,0,0,0.02,0.02,0,0.197,23,0.0072,0.0032,0.021,0.019,"HQB103790",0
0.005,0.0354,0,0,0.01,0.01,0,0.183,18,0.0067,0.0035,0.029,0.028,"HQH000770",0
0.005,0.0385,0,0,0.017,0.02,0,0.19,30,0.0085,0.003,0.021,0.02,"HQE053920",0
0.006,0.0418,0,12,0.012,0.02,0,0.179,22,0.0073,0.0033,0.022,0.02,"HQC142470",0
0.005,0.0595,0,1,0.025,0.02,0,0.787,31,0.0094,0.0036,0.048,0.046,"HQX145780",0.001
0.004,0.0409,0,0,0.018,0.02,0,0.192,15,0.0093,0.003,0.025,0.024,"HQF041270",0
0.007,0.0406,0,0,0.015,0.02,0,0.19,18,0.0068,0.0037,0.035,0.033,"HQD027080",0
0.005,0.0415,0,0,0.01,0.02,0,0.198,15,0.0074,0.0033,0.025,0.024,"HQZ009320",0
0.004,0.0573,0,0,0.013,0.01,0,0.805,34,0.0101,0.0022,0.038,0.035,"HQJ023730",0.001
0.005,0.0357,0,0,0.014,0.02,0,0.191,25,0.007,0.0028,0.026,0.025,"HQE113070",0
0.006,0.0584,0,0,0.012,0.02,0,0.787,31,0.009,0.0022,0.03,0.03,"HQB093580",0.001
0.004,0.0196,14,0,0.015,0.01,0,0.146,21,0.0056,0.0032,0.043,0.042,"HQJ087990",0
0.005,0.038,0,0,0.009,0.03,0,0.191,16,0.0099,0.0032,0.024,0.024,"HQE073180",0
0.005,0.0376,0,0,0.013,0.02,0,0.206,19,0.0072,0.0027,0.025,0.024,"HQB050600",0
0.004,0.123,0,0,0.015,0.01,0,0.309,22,0.0087,0.003,0.026,0.025,"HQH115570",0
0.007,0.049,0,0,0.01,0.02,0,0.285,30,0.008,0.0028,0.023,0.021,"HQX036880",0
0.005,0.101,0,1,0.019,0.01,0,0.431,25,0.0097,0.0025,0.022,0.021,"HQB046060",0.001
0.004,0.0026,15,3,0.076,0.07,0,0.548,19,0.0154,0.0028,0.033,0.031,"HQF041420",0.002
0.007,0.017,0,3,0.009,0.01,0,0.19,14,0.0053,0.0033,0.02,0.019,"HQD032540",0
0.005,0.0018,0,0,0.015,0.02,0,0.069,20,0.0089,0.0034,0.022,0.022,"HQF068990",0.003
0.004,0.0025,14,0,0.065,0.06,0,0.535,24,0.0141,0.0028,0.025,0.024,"HQG055260",0.001
0.006,0.0013,5,0,0.052,0.02,0,0.199,13,0.0459,0.0092,0.037,0.032,"HQZ133780",0
0.007,0.0544,0,0,0.016,0.01,0,0.34,21,0.0063,0.0029,0.028,0.027,"HQA143080",0
0.006,0.0022,0,0,0.012,0.01,0,0.104,14,0.0081,0.0031,0.031,0.028,"HQA101760",0.001
0.006,0.1756,0,1,0.014,0.02,0,0.773,32,0.0117,0.0029,0.02,0.018,"HQX111810",0.001
0.004,0.0382,0,0,0.011,0.01,0,0.195,23,0.0079,0.0024,0.032,0.03,"HQH164980",0
0.005,0.0403,0,0,0.02,0.03,0,0.198,14,0.0118,0.0037,0.022,0.02,"HQH047960",0
0.007,0.1153,0,3,0.011,0.02,0,0.445,29,0.0092,0.0026,0.017,0.015,"HQB112970",0
0.004,0.0329,0,0,0.016,0.02,0,0.186,14,0.0099,0.0029,0.023,0.022,"HQE032510",0
0.004,0.1775,0,0,0.018,0.02,0,0.481,35,0.0114,0.0028,0.023,0.021,"HQJ063150",0.001
0.004,0.1156,0,1,0.022,0.02,0,0.302,29,0.0113,0.0033,0.027,0.026,"HQH004230",0
0.005,0.0361,0,0,0.021,0.01,0,0.193,21,0.0067,0.0038,0.029,0.028,"HQX064930",0
0.006,0.041,13,7,0.012,0.02,0,0.206,22,0.0071,0.0039,0.024,0.024,"HQA099010",0
0.005,0.045,0,0,0.02,0.03,0,0.196,23,0.0109,0.0032,0.033,0.03,"HQC066020",0
0.005,0.0365,0,0,0.012,0.02,0,0.195,15,0.0092,0.0031,0.025,0.023,"HQD074090",0
0.005,0.0028,0,0,0.018,0.02,0,0.144,15,0.01,0.0029,0.028,0.026,"HQE007160",0.003
0.008,0.0014,0,0,0.014,0.02,0,0.063,18,0.0057,0.0032,0.03,0.028,"HQD032420",0.004
0.006,0.1177,0,0,0.009,0.02,0,0.291,21,0.0109,0.0023,0.02,0.018,"HQD019410",0
0.004,0.0016,0,0,0.018,0.02,0,0.105,16,0.0083,0.0031,0.032,0.03,"HQD135040",0.002
0.008,0.0734,0,23,0.011,0.01,0,0.479,49,0.0063,0.0019,0.026,0.025,"HQD048830",0
0.007,0.1877,0,1,0.022,0.02,0,0.815,26,0.013,0.0031,0.017,0.015,"HQA154630",0.001
0.005,0.0397,0,1,0.012,0.02,0,0.192,18,0.0074,0.0033,0.035,0.034,"HQE103740",0
0.006,0.0371,0,10,0.021,0.02,0,0.203,27,0.0076,0.0039,0.024,0.023,"HQC011700",0
0.004,0.0371,0,0,0.019,0.02,0,0.177,21,0.013,0.0031,0.033,0.031,"HQJ057060",0.001
0.005,0.0392,0,0,0.019,0.02,0,0.211,18,0.0094,0.0033,0.023,0.022,"HQZ121280",0
0.006,0.161,0,0,0.023,0.02,0,1.107,28,0.011,0.0024,0.019,0.018,"HQA160400",0.001
0.006,0.0389,0,1,0.016,0.02,0,0.195,23,0.0076,0.0033,0.03,0.029,"HQB105000",0
0.006,0.1166,0,2,0.02,0.02,0,0.48,28,0.0084,0.0029,0.026,0.025,"HQY105850",0
0.007,0.0602,0,0,0.014,0.02,0,0.795,32,0.0085,0.0032,0.038,0.036,"HQX133360",0.001
0.005,0.1158,0,0,0.021,0.02,0,0.501,28,0.0141,0.0023,0.023,0.022,"HQC052800",0.001
0.005,0.0643,0,0,0.015,0.02,0,0.468,35,0.0083,0.0032,0.044,0.043,"HQE045750",0.001
0.006,0.0365,0,0,0.011,0.02,0,0.197,14,0.0096,0.0029,0.024,0.022,"HQE069480",0
0.004,0.0394,0,0,0.015,0.02,0,0.191,14,0.0082,0.0032,0.018,0.017,"HQJ010100",0
0.005,0.0019,0,0,0.015,0.02,0,0.139,14,0.011,0.0027,0.029,0.028,"HQJ095440",0.002
0.007,0.0019,0,0,0.023,0.02,0,0.058,17,0.0053,0.0037,0.029,0.028,"HQA156400",0.003
0.004,0.002,6,1,0.059,0.03,0,0.204,14,0.0431,0.0086,0.038,0.037,"HQG131320",0.001
0.004,0.0406,13,0,0.019,0.02,0,0.24,17,0.0095,0.0074,0.032,0.031,"HQF087100",0
0.004,0.0022,0,0,0.013,0.02,0,0.072,15,0.0087,0.0039,0.03,0.029,"HQJ156230",0.002
0.004,0.0552,0,0,0.022,0.02,0,0.77,27,0.0097,0.0027,0.029,0.028,"HQB144600",0
0.005,0.0576,0,0,0.028,0.02,0,0.825,37,0.0098,0.0021,0.05,0.045,"HQF032210",0.001
0.006,0.1787,0,1,0.016,0.02,0,0.325,34,0.0077,0.0026,0.021,0.02,"HQY032170",0
0.006,0.0366,0,0,0.016,0.02,0,0.201,21,0.0115,0.003,0.024,0.023,"HQA069880",0.001
0.006,0.0415,0,0,0.013,0.02,0,0.2,24,0.0071,0.0036,0.021,0.018,"HQC103480",0
0.005,0.041,0,1,0.019,0.02,0,0.185,20,0.0113,0.0038,0.022,0.022,"HQF130130",0
0.005,0.0019,0,1,0.02,0.02,0,0.066,17,0.0094,0.0042,0.032,0.031,"HQY033550",0.002
0.005,0.0588,0,0,0.01,0.02,0,0.798,28,0.0088,0.0023,0.026,0.024,"HQZ093070",0
0.007,0.0367,0,4,0.012,0.02,0,0.216,23,0.0103,0.0025,0.026,0.024,"HQX015790",0.001
0.004,0.1156,0,0,0.013,0.02,0,0.477,26,0.0122,0.0028,0.018,0.017,"HQH128350",0.001
0.005,0.0017,0,0,0.016,0.03,0,0.093,18,0.0102,0.0036,0.025,0.024,"HQZ032850",0.001
0.005,0.0014,0,0,0.009,0.02,0,0.061,11,0.0073,0.0033,0.028,0.026,"HQD087580",0.003
0.006,0.0623,0,0,0.022,0.02,0,0.819,30,0.0106,0.0025,0.037,0.036,"HQE108470",0.001
0.006,0.0495,0,1,0.021,0.02,0,0.295,36,0.009,0.003,0.032,0.031,"HQF143200",0
0.006,0.0669,0,1,0.032,0.02,0,0.781,35,0.0121,0.0024,0.032,0.03,"HQA018200",0.001
0.006,0.0018,0,1,0.016,0.02,0,0.069,17,0.0088,0.0033,0.029,0.028,"HQA045890",0.003
0.007,0.0486,0,1,0.027,0.02,0,0.284,16,0.0077,0.0049,0.03,0.028,"HQY129390",0
0.005,0.0794,4,1,0.014,0.02,0,0.889,33,0.0196,0.0021,0.022,0.021,"HQD147080",0.002
0.005,0.0465,0,0,0.022,0.03,0,0.193,17,0.0109,0.0028,0.031,0.03,"HQF157190",0
0.005,0.1431,0,0,0.015,0.02,0,0.507,25,0.0096,0.0025,0.023,0.021,"HQY063040",0
0.005,0.0755,3,1,0.015,0.02,0,0.89,35,0.0193,0.0022,0.025,0.025,"HQD146680",0.002
0.006,0.0416,0,0,0.018,0.02,0,0.184,15,0.0067,0.0031,0.02,0.019,"HQZ097300",0
0.005,0.1572,0,0,0.016,0.02,0,0.804,38,0.0096,0.0019,0.032,0.031,"HQF155860",0
0.004,0.0616,1,1,0.036,0.02,0,0.797,33,0.0104,0.0023,0.038,0.037,"HQH160960",0.001
0.006,0.0329,0,0,0.01,0.01,0,0.195,21,0.0093,0.0034,0.022,0.02,"HQE073220",0
0.004,0.0016,0,13,0.021,0.02,0,0.09,16,0.0099,0.0036,0.036,0.034,"HQH137310",0.002
0.007,0.0361,0,0,0.012,0.01,0,0.204,17,0.0069,0.0028,0.026,0.025,"HQB030090",0
0.006,0.1493,0,0,0.017,0.02,0,0.503,27,0.0103,0.0025,0.028,0.027,"HQE053360",0.001
0.006,0.0659,1,0,0.014,0.02,0,0.48,40,0.0117,0.0027,0.043,0.042,"HQA128120",0.001
0.005,0.0323,0,0,0.02,0.02,0,0.179,26,0.0119,0.0032,0.028,0.026,"HQG028470",0
0.005,0.1222,0,1,0.011,0.02,0,0.301,30,0.0112,0.0027,0.026,0.026,"HQC063940",0
0.006,0.0727,0,1,0.021,0.02,0,0.515,30,0.0099,0.0028,0.049,0.046,"HQC105030",0
0.005,0.0641,2,0,0.021,0.02,0,0.605,32,0.0186,0.0022,0.029,0.024,"HQH096400",0.001
0.005,0.0385,0,0,0.016,0.02,0,0.196,22,0.0108,0.0031,0.023,0.021,"HQY020890",0
0.005,0.1465,0,0,0.011,0.02,0,0.48,26,0.0109,0.0034,0.023,0.022,"HQA061260",0
0.008,0.0018,0,0,0.013,0.02,0,0.088,14,0.0104,0.0037,0.034,0.033,"HQB019560",0
0.005,0.0387,0,0,0.009,0.01,0,0.208,20,0.007,0.003,0.023,0.022,"HQA166700",0
0.004,0.0378,0,1,0.016,0.02,0,0.196,23,0.0097,0.0035,0.021,0.02,"HQH073230",0
0.007,0.0438,0,0,0.019,0.02,0,0.303,44,0.0092,0.0035,0.031,0.026,"HQD043760",0
0.006,0.0378,0,0,0.01,0.02,0,0.191,18,0.008,0.003,0.027,0.026,"HQD019030",0
0.008,0.0029,0,0,0.023,0.02,0,0.088,15,0.0095,0.0039,0.025,0.024,"HQB013650",0.001
0.004,0.1557,0,0,0.036,0.02,0,0.483,32,0.011,0.0016,0.027,0.025,"HQJ001080",0
0.006,0.0392,0,0,0.028,0.03,0,0.199,27,0.0086,0.003,0.028,0.027,"HQY018950",0
0.004,0.0018,0,0,0.101,0.02,0,0.15,19,0.0186,0.0099,0.033,0.032,"HQE130860",0
0.005,0.0387,0,0,0.008,0.02,0,0.205,20,0.0089,0.0029,0.019,0.018,"HQZ099300",0
0.005,0.0555,0,0,0.015,0.02,0,0.348,15,0.0075,0.0028,0.031,0.03,"HQA042880",0
0.005,0.0342,0,0,0.01,0.02,0,0.18,25,0.0072,0.0031,0.024,0.021,"HQE023210",0
0.006,0.0017,0,0,0.012,0.02,0,0.094,15,0.0097,0.0032,0.022,0.02,"HQX021680",0.002
0.006,0.1169,0,0,0.015,0.02,0.01,0.337,23,0.0087,0.0023,0.024,0.023,"HQX048760",0
0.005,0.0354,0,0,0.01,0.02,0,0.203,14,0.0081,0.0028,0.028,0.026,"HQB097500",0
0.004,0.1463,0,0,0.011,0.02,0,0.495,24,0.0112,0.0027,0.018,0.016,"HQJ160990",0.001
0.005,0.0405,0,1,0.019,0.02,0,0.293,29,0.008,0.0032,0.033,0.03,"HQX110220",0
0.005,0.035,0,0,0.017,0.02,0,0.153,22,0.0074,0.0035,0.025,0.023,"HQF125900",0
0.004,0.0629,0,0,0.012,0.02,0,0.353,24,0.0068,0.0024,0.04,0.039,"HQJ117460",0
0.005,0.0388,0,1,0.016,0.02,0,0.184,25,0.0078,0.0034,0.032,0.031,"HQH013480",0
0.006,0.1719,0,0,0.01,0.02,0,0.454,37,0.0073,0.0031,0.025,0.024,"HQX115250",0
0.006,0.0392,0,0,0.017,0.02,0,0.174,29,0.0067,0.0031,0.017,0.015,"HQA069400",0
0.005,0.0185,0,0,0.018,0.02,0,0.199,19,0.0071,0.0041,0.029,0.028,"HQE039920",0
0.006,0.0347,0,0,0.01,0.02,0,0.192,22,0.0103,0.0027,0.028,0.026,"HQX026250",0
0.006,0.1187,0,0,0.026,0.02,0,0.45,35,0.0102,0.0033,0.04,0.038,"HQF142810",0
0.004,0.144,0,0,0.018,0.02,0,0.49,27,0.0144,0.0036,0.02,0.019,"HQG168400",0.001
0.004,0.0493,0,0,0.011,0.02,0,0.289,13,0.0088,0.0032,0.028,0.026,"HQF138400",0
0.005,0.0185,0,0,0.022,0.02,0,0.204,23,0.0083,0.0029,0.01,0.008,"HQZ116150",0
0.006,0.0466,0,0,0.009,0.02,0,0.189,23,0.0092,0.0038,0.024,0.021,"HQF132070",0
0.004,0.0411,11,8,0.011,0.02,0,0.195,18,0.0109,0.0027,0.023,0.021,"HQB150510",0
0.005,0.0797,1,0,0.023,0.02,0,0.937,31,0.0191,0.0031,0.027,0.023,"HQE067520",0.001
0.006,0.0208,0,0,0.019,0.03,0,0.146,15,0.0099,0.0035,0.036,0.034,"HQZ002570",0
0.006,0.0017,0,0,0.023,0.02,0,0.095,18,0.0084,0.0032,0.032,0.031,"HQY004760",0.001
0.004,0.0411,0,8,0.017,0.02,0,0.188,24,0.0087,0.003,0.032,0.03,"HQG102210",0
0.005,0.0019,0,0,0.009,0.02,0,0.094,14,0.0089,0.0032,0.028,0.027,"HQZ151820",0
0.006,0.0584,0,0,0.012,0.01,0,0.785,44,0.0069,0.0022,0.042,0.041,"HQB054300",0
0.005,0.002,0,1,0.011,0.02,0,0.118,19,0.0102,0.0031,0.026,0.026,"HQD137040",0.001
0.006,0.0391,0,0,0.012,0.01,0,0.197,21,0.0074,0.0027,0.027,0.026,"HQX015390",0
0.005,0.0375,0,4,0.01,0.01,0,0.188,23,0.0083,0.0029,0.023,0.021,"HQA014430",0
0.005,0.0372,0,1,0.012,0.03,0,0.188,17,0.0115,0.0031,0.026,0.026,"HQC032510",0
0.004,0.0408,0,0,0.032,0.03,0,0.192,29,0.0111,0.0036,0.026,0.022,"HQG037600",0
0.006,0.0016,0,0,0.01,0.01,0,0.097,24,0.0094,0.0032,0.029,0.028,"HQE116630",0.001
0.004,0.1133,0,0,0.011,0.01,0,0.327,27,0.0085,0.0025,0.024,0.023,"HQH165490",0
0.004,0.0749,0,0,0.021,0.02,0,0.311,22,0.0093,0.0026,0.021,0.019,"HQJ143780",0
0.007,0.0469,0,0,0.01,0.02,0,0.189,16,0.004,0.0038,0.019,0.019,"HQD035450",0
0.006,0.0015,0,0,0.024,0.03,0,0.094,18,0.0098,0.0036,0.031,0.029,"HQX094720",0.001
0.006,0.0552,0,0,0.022,0.02,0,0.35,33,0.0075,0.0027,0.028,0.027,"HQX135100",0
0.005,0.0307,0,0,0.017,0.02,0,0.218,22,0.0109,0.0033,0.025,0.024,"HQF149170",0
0.006,0.0218,15,0,0.022,0.02,0,0.141,19,0.0074,0.0034,0.02,0.02,"HQB066960",0
0.004,0.0581,0,0,0.017,0.02,0,0.345,28,0.0086,0.0034,0.035,0.035,"HQG117880",0
0.004,0.0465,0,2,0.016,0.01,0,0.301,25,0.0062,0.003,0.034,0.032,"HQJ020200",0
0.006,0.0405,0,0,0.01,0.02,0,0.194,21,0.0115,0.0031,0.032,0.03,"HQB038100",0
0.004,0.0357,0,0,0.018,0.02,0,0.192,16,0.0073,0.0032,0.024,0.022,"HQH133010",0
0.005,0.0014,0,0,0.018,0.02,0,0.072,19,0.0094,0.0031,0.029,0.026,"HQC013540",0.001
0.008,0.04,0,0,0.012,0.02,0,0.184,18,0.0081,0.003,0.024,0.023,"HQA107160",0
0.005,0.0023,0,0,0.012,0.02,0,0.094,10,0.0088,0.0038,0.029,0.026,"HQF123760",0.001
0.004,0.0037,10,1,0.091,0.02,0.06,0.564,16,0.0864,0.0098,0.047,0.046,"HQJ075250",0.001
0.006,0.0329,0,0,0.036,0.03,0,0.203,18,0.0104,0.0033,0.026,0.023,"HQC096720",0
0.006,0.0623,0,0,0.022,0.02,0,0.819,30,0.0106,0.0025,0.037,0.036,"HQE108450",0.001
0.006,0.0394,0,0,0.018,0.02,0,0.188,18,0.0112,0.0044,0.036,0.033,"HQZ008500",0
0.004,0.0351,0,0,0.019,0.02,0,0.247,17,0.0081,0.0031,0.02,0.019,"HQF114250",0
0.005,0.0316,0,0,0.009,0.02,0,0.182,24,0.0092,0.0027,0.026,0.026,"HQD143350",0
0.004,0.0396,0,0,0.011,0.02,0,0.2,15,0.0081,0.0027,0.021,0.02,"HQC069670",0
0.006,0.1701,0,1,0.023,0.02,0,0.493,30,0.0117,0.0038,0.019,0.018,"HQE095610",0
0.006,0.0779,2,0,0.022,0.02,0,0.909,38,0.0198,0.0024,0.03,0.029,"HQA011770",0.001
0.005,0.0576,0,0,0.019,0.02,0,0.803,48,0.0088,0.0021,0.03,0.029,"HQE008800",0.001
0.006,0.0364,0,0,0.008,0.02,0,0.201,14,0.0078,0.0031,0.026,0.026,"HQD045140",0
0.005,0.0347,0,0,0.022,0.02,0,0.191,20,0.0079,0.003,0.024,0.023,"HQC030100",0.001
0.006,0.1479,0,1,0.034,0.02,0,0.876,37,0.0141,0.0035,0.025,0.024,"HQB051820",0.001
0.007,0.0379,0,1,0.02,0.02,0,0.199,27,0.0106,0.0038,0.022,0.019,"HQA151460",0.001
0.006,0.081,2,2,0.012,0.02,0,0.883,36,0.0186,0.0014,0.024,0.023,"HQB093700",0.002
0.006,0.0429,0,0,0.011,0.02,0,0.192,24,0.0086,0.0031,0.023,0.022,"HQB031560",0
0.006,0.0371,0,0,0.019,0.02,0,0.196,20,0.0086,0.0035,0.029,0.026,"HQY148890",0
0.004,0.0019,0,0,0.009,0.02,0,0.14,13,0.0093,0.003,0.024,0.022,"HQF117290",0.001
0.006,0.0021,0,0,0.017,0.02,0,0.099,19,0.0099,0.0032,0.024,0.022,"HQX085040",0.001
0.004,0.0019,0,1,0.018,0.02,0,0.055,19,0.0092,0.0036,0.035,0.034,"HQE144930",0.001
0.006,0.0393,0,0,0.018,0.02,0,0.189,16,0.0087,0.0031,0.024,0.023,"HQB002610",0
0.004,0.1144,0,0,0.011,0.02,0,0.46,28,0.011,0.0025,0.02,0.02,"HQF044960",0
0.005,0.146,1,1,0.019,0.02,0,0.872,25,0.0118,0.0036,0.017,0.017,"HQH030380",0.001
0.005,0.0375,0,0,0.01,0.02,0,0.194,29,0.0087,0.0027,0.017,0.015,"HQC061990",0
0.005,0.0608,1,0,0.02,0.02,0,0.782,36,0.0133,0.0026,0.027,0.026,"HQB094420",0.001
0.005,0.0018,0,0,0.021,0.05,0.02,0.148,18,0.0501,0.0037,0.037,0.035,"HQC072120",0
0.005,0.0567,0,0,0.018,0.02,0,0.339,25,0.0098,0.0044,0.03,0.028,"HQE142170",0.001
0.007,0.0391,0,0,0.01,0.01,0,0.194,21,0.0056,0.003,0.018,0.017,"HQY110400",0
0.005,0.0406,0,1,0.019,0.03,0,0.193,17,0.0097,0.0033,0.028,0.028,"HQD140640",0
0.004,0.1162,0,2,0.024,0.02,0,0.489,29,0.0099,0.0026,0.023,0.022,"HQH039910",0.001
0.005,0.1223,0,0,0.021,0.02,0,0.302,26,0.0105,0.003,0.025,0.024,"HQG053070",0
0.005,0.0373,0,0,0.01,0.02,0,0.142,15,0.0079,0.0026,0.031,0.028,"HQE012610",0
0.005,0.0015,0,0,0.016,0.02,0,0.135,18,0.0106,0.0034,0.023,0.022,"HQD146830",0.002
0.004,0.0421,0,0,0.021,0.03,0,0.191,23,0.0092,0.0034,0.026,0.026,"HQJ016850",0
0.006,0.0394,0,0,0.01,0.02,0,0.193,27,0.0097,0.0032,0.025,0.024,"HQD040300",0
0.005,0.0012,0,0,0.012,0.02,0,0.07,14,0.0101,0.0031,0.037,0.036,"HQF163020",0.001
0.004,0.0397,0,0,0.02,0.02,0,0.191,20,0.0114,0.0031,0.025,0.019,"HQJ030900",0
0.004,0.0354,0,0,0.019,0.02,0,0.179,22,0.0105,0.0034,0.016,0.013,"HQJ030630",0
0.005,0.0302,0,0,0.013,0.02,0,0.21,31,0.0098,0.0045,0.029,0.028,"HQY065920",0
0.004,0.0024,17,1,0.067,0.07,0,0.542,12,0.0149,0.003,0.024,0.023,"HQJ143670",0.002
0.006,0.045,18,1,0.012,0.02,0,0.194,21,0.0078,0.0032,0.024,0.022,"HQC134810",0
0.005,0.0404,0,0,0.013,0.02,0,0.18,16,0.0117,0.0035,0.026,0.025,"HQG064530",0
0.004,0.04,0,0,0.019,0.02,0,0.201,16,0.0092,0.0036,0.028,0.027,"HQB145740",0
0.004,0.0371,0,0,0.016,0.02,0,0.183,20,0.0102,0.0033,0.031,0.029,"HQF091710",0
0.004,0.0325,0,0,0.02,0.02,0,0.186,12,0.0108,0.0034,0.024,0.023,"HQH015800",0
0.004,0.1974,0,1,0.016,0.02,0,0.875,29,0.0106,0.0028,0.022,0.021,"HQG090290",0.001
0.004,0.0359,0,0,0.02,0.02,0,0.19,20,0.0088,0.0032,0.027,0.026,"HQG122810",0
0.006,0.0354,0,0,0.009,0.01,0,0.158,20,0.0075,0.0035,0.021,0.02,"HQX140230",0
0.005,0.0566,0,1,0.017,0.02,0,0.783,28,0.0115,0.0027,0.039,0.037,"HQH013810",0.001
0.006,0.0394,0,0,0.017,0.02,0,0.191,18,0.0085,0.003,0.025,0.023,"HQB003580",0
0.004,0.0362,0,0,0.014,0.02,0,0.195,22,0.0096,0.0031,0.034,0.031,"HQJ004860",0
0.005,0.0375,0,0,0.01,0.02,0,0.194,29,0.0087,0.0027,0.017,0.015,"HQC062030",0
0.005,0.0019,0,0,0.013,0.02,0,0.093,19,0.0078,0.0032,0.03,0.027,"HQY030630",0
0.004,0.0384,0,0,0.009,0.01,0,0.189,16,0.0048,0.0032,0.022,0.02,"HQE030360",0
0.006,0.0379,0,0,0.011,0.01,0,0.184,18,0.0091,0.0029,0.022,0.02,"HQB118290",0
0.004,0.0019,0,0,0.012,0.02,0,0.096,16,0.01,0.0029,0.029,0.027,"HQH159730",0.001
0.006,0.0335,0,0,0.012,0.02,0,0.204,26,0.0078,0.0037,0.029,0.027,"HQY020790",0
0.006,0.0408,0,0,0.011,0.02,0,0.191,23,0.0093,0.0031,0.018,0.016,"HQC100840",0
0.006,0.0536,0,0,0.014,0.02,0,0.801,27,0.0094,0.0024,0.038,0.037,"HQD042890",0.001
0.006,0.0329,0,0,0.01,0.01,0,0.195,21,0.0093,0.0034,0.022,0.02,"HQE073240",0
0.005,0.0561,0,0,0.013,0.02,0,0.351,28,0.0085,0.0027,0.032,0.031,"HQZ126090",0
0.005,0.0019,0,3,0.01,0.02,0,0.09,13,0.0104,0.0034,0.03,0.029,"HQG006950",0.001
0.006,0.0867,0,0,0.012,0.02,0,0.294,21,0.0098,0.0032,0.026,0.026,"HQC136780",0
0.004,0.0554,0,0,0.01,0.01,0,0.785,32,0.0085,0.0023,0.026,0.025,"HQF031770",0
0.006,0.1116,0,0,0.014,0.02,0,0.304,37,0.0111,0.0035,0.022,0.021,"HQZ096020",0
0.005,0.0404,0,0,0.008,0.02,0,0.205,23,0.0086,0.0036,0.029,0.029,"HQB131150",0
0.004,0.0022,0,0,0.013,0.02,0,0.072,15,0.0087,0.0039,0.03,0.029,"HQJ156420",0.002
0.005,0.0016,0,1,0.011,0.02,0,0.084,19,0.0099,0.004,0.024,0.022,"HQX142660",0.001
0.006,0.0391,0,4,0.012,0.02,0,0.198,15,0.0073,0.0028,0.027,0.026,"HQA159590",0
0.006,0.0016,0,0,0.013,0.02,0,0.08,19,0.0097,0.0037,0.035,0.033,"HQA055150",0.001
0.005,0.1298,1,0,0.012,0.02,0,0.871,30,0.0115,0.0026,0.031,0.029,"HQF007990",0.001
0.005,0.002,0,0,0.021,0.02,0,0.094,20,0.0092,0.0035,0.024,0.021,"HQD062260",0.001
0.006,0.0442,0,0,0.008,0.02,0,0.191,16,0.0075,0.0031,0.029,0.028,"HQA042530",0
0.006,0.0766,2,0,0.016,0.02,0,0.902,32,0.0178,0.0023,0.032,0.031,"HQZ038730",0.001
0.005,0.0014,0,0,0.017,0.02,0,0.073,16,0.0093,0.0036,0.032,0.031,"HQF126340",0.002
0.004,0.002,0,1,0.017,0.02,0,0.096,15,0.0099,0.0039,0.032,0.03,"HQG155930",0.001
0.007,0.0396,0,5,0.029,0.02,0,0.197,16,0.0076,0.0048,0.021,0.019,"HQA151810",0
0.006,0.039,0,0,0.014,0.02,0,0.189,29,0.0091,0.0027,0.038,0.036,"HQX117940",0
0.004,0.0391,0,0,0.012,0.02,0,0.187,18,0.0089,0.0026,0.025,0.023,"HQZ143960",0
0.006,0.0385,0,0,0.019,0.02,0,0.225,21,0.0087,0.0033,0.026,0.024,"HQX135070",0
0.004,0.0585,0,0,0.015,0.02,0,0.8,33,0.0111,0.002,0.027,0.026,"HQG106190",0.001
0.006,0.0015,6,1,0.057,0.02,0,0.196,14,0.0454,0.0094,0.043,0.041,"HQZ039800",0.001
0.005,0.0016,0,0,0.018,0.01,0,0.061,19,0.0068,0.0028,0.029,0.027,"HQB045860",0.002
0.005,0.0018,0,0,0.009,0.02,0,0.097,10,0.0099,0.0033,0.027,0.024,"HQE127270",0.001
0.005,0.0338,0,0,0.036,0.02,0,0.2,34,0.0101,0.0034,0.033,0.032,"HQH112570",0
0.007,0.0385,0,0,0.018,0.02,0,0.205,16,0.0076,0.0036,0.026,0.025,"HQY154370",0
0.004,0.0198,14,2,0.01,0.01,0,0.126,14,0.0065,0.0031,0.035,0.033,"HQF056010",0
0.005,0.1808,0,1,0.017,0.02,0,0.491,23,0.0115,0.0026,0.031,0.03,"HQG046040",0.001
0.007,0.0015,0,0,0.013,0.02,0,0.093,16,0.0099,0.0033,0.028,0.027,"HQA145300",0.001
0.005,0.0369,0,0,0.013,0.02,0,0.188,17,0.0091,0.0033,0.019,0.015,"HQZ091110",0
0.006,0.0531,0,1,0.015,0.02,0,0.797,24,0.0118,0.0028,0.028,0.028,"HQE066920",0.001
0.006,0.0343,0,2,0.008,0.01,0,0.183,23,0.0078,0.0032,0.022,0.022,"HQB075080",0
0.006,0.1192,0,0,0.015,0.01,0,0.453,30,0.0085,0.0036,0.026,0.025,"HQY077960",0
0.006,0.0419,0,0,0.021,0.02,0,0.209,21,0.01,0.0035,0.025,0.024,"HQZ103570",0
0.005,0.0025,0,0,0.01,0.02,0,0.081,16,0.0104,0.0035,0.031,0.029,"HQG048320",0.001
0.004,0.0365,0,0,0.017,0.02,0,0.196,19,0.0076,0.0032,0.027,0.026,"HQC006820",0
0.006,0.0403,0,0,0.013,0.02,0,0.202,14,0.0071,0.0027,0.029,0.028,"HQA015340",0
0.004,0.0354,0,0,0.019,0.02,0,0.179,22,0.0105,0.0034,0.016,0.013,"HQJ030840",0
0.004,0.1052,0,0,0.02,0.03,0,0.481,25,0.0117,0.0035,0.021,0.021,"HQG135230",0
0.006,0.0411,0,0,0.016,0.02,0,0.192,32,0.0084,0.0027,0.028,0.028,"HQJ081460",0
0.004,0.0559,0,0,0.026,0.02,0,0.825,27,0.0092,0.0032,0.039,0.037,"HQH116890",0.001
0.006,0.0411,0,0,0.013,0.02,0,0.194,17,0.0089,0.0042,0.018,0.016,"HQA138230",0
0.006,0.0019,0,0,0.017,0.02,0,0.07,20,0.0089,0.0032,0.029,0.027,"HQB090880",0.001
0.006,0.0363,0,0,0.014,0.02,0,0.213,19,0.0074,0.0039,0.024,0.023,"HQX132960",0
0.006,0.0353,0,2,0.014,0.03,0,0.19,20,0.0124,0.0028,0.032,0.03,"HQD003520",0
0.006,0.0019,0,0,0.013,0.02,0,0.094,15,0.0095,0.0039,0.029,0.029,"HQA102930",0.001
0.005,0.0521,0,0,0.012,0.02,0,0.324,25,0.0074,0.004,0.021,0.018,"HQX108560",0
0.005,0.0189,1,0,0.009,0.02,0,0.19,18,0.0081,0.0093,0.02,0.02,"HQC081300",0
0.006,0.0368,0,0,0.019,0.02,0,0.2,21,0.009,0.0044,0.033,0.031,"HQX114010",0
0.006,0.0565,0,2,0.014,0.02,0,0.802,30,0.0094,0.0027,0.035,0.034,"HQD111670",0.001
0.006,0.0395,0,0,0.017,0.02,0,0.201,20,0.0051,0.0033,0.02,0.019,"HQZ002200",0
0.006,0.0583,0,0,0.015,0.02,0,0.787,28,0.0085,0.0022,0.032,0.031,"HQY073680",0.001
0.006,0.0022,0,0,0.021,0.02,0,0.136,19,0.0105,0.0034,0.028,0.027,"HQA058050",0.002
0.007,0.0026,0,0,0.011,0.02,0,0.087,15,0.0087,0.0033,0.016,0.015,"HQY142480",0.002
0.008,0.0424,0,1,0.011,0.01,0,0.271,26,0.0064,0.0031,0.018,0.018,"HQB014050",0
0.006,0.1115,0,0,0.011,0.02,0,0.463,23,0.0087,0.0026,0.02,0.019,"HQX048330",0
0.005,0.0015,1,0,0.012,0.02,0,0.059,23,0.0103,0.0033,0.023,0.022,"HQC020400",0.002
0.005,0.0403,0,0,0.02,0.02,0,0.204,31,0.0093,0.0017,0.032,0.031,"HQG012570",0
0.005,0.0734,0,1,0.027,0.02,0,0.479,44,0.011,0.0011,0.052,0.05,"HQH153760",0.001
0.006,0.0014,0,1,0.014,0.02,0,0.144,22,0.0089,0.0038,0.027,0.024,"HQB129950",0.001
0.004,0.0408,0,0,0.016,0.02,0,0.189,11,0.0125,0.0032,0.028,0.028,"HQF093940",0
0.006,0.1136,0,2,0.022,0.02,0,0.326,31,0.007,0.0044,0.018,0.016,"HQY136620",0
0.004,0.034,0,0,0.006,0.02,0,0.188,24,0.0133,0.0029,0.021,0.02,"HQF056340",0
0.006,0.1227,0,1,0.012,0.02,0,1.176,41,0.0145,0.0021,0.025,0.024,"HQX134070",0.001
0.006,0.0397,0,0,0.012,0.01,0,0.215,23,0.0076,0.0029,0.025,0.023,"HQB103940",0
0.004,0.0018,0,1,0.019,0.02,0,0.1,17,0.0097,0.0037,0.033,0.03,"HQH009060",0.001
0.006,0.0415,0,0,0.018,0.03,0,0.187,28,0.0094,0.0037,0.034,0.033,"HQF127150",0
0.004,0.0546,0,0,0.021,0.02,0,0.799,34,0.0093,0.0023,0.039,0.038,"HQH160790",0
0.007,0.0813,3,0,0.019,0.02,0,0.917,38,0.0199,0.0026,0.028,0.027,"HQA124770",0.001
0.006,0.0337,0,0,0.019,0.02,0,0.15,20,0.0096,0.0034,0.02,0.018,"HQY140420",0
0.005,0.0017,0,0,0.097,0.02,0,0.148,18,0.0192,0.0101,0.033,0.031,"HQY011320",0
0.004,0.0356,0,0,0.02,0.02,0,0.168,14,0.0083,0.0037,0.024,0.022,"HQC068240",0
0.006,0.0014,0,0,0.017,0.02,0,0.064,17,0.0073,0.0038,0.029,0.027,"HQX145730",0.004
0.005,0.0169,0,0,0.013,0.02,0,0.184,16,0.0053,0.0031,0.012,0.01,"HQZ125650",0
0.008,0.1599,0,0,0.02,0.02,0,0.468,28,0.0076,0.0037,0.028,0.027,"HQA106460",0.001
0.006,0.0578,0,0,0.025,0.02,0,0.352,30,0.0074,0.0025,0.033,0.03,"HQA111600",0
0.005,0.0429,0,0,0.012,0.02,0,0.2,13,0.0079,0.0035,0.021,0.02,"HQD106490",0
0.005,0.1172,0,0,0.015,0.02,0,1.19,30,0.008,0.0034,0.024,0.023,"HQC069130",0.001
0.005,0.0023,0,1,0.015,0.02,0,0.067,21,0.0101,0.0048,0.031,0.029,"HQX147720",0.003
0.004,0.0603,0,1,0.028,0.03,0,0.803,32,0.0116,0.0022,0.041,0.04,"HQJ140750",0.001
0.005,0.0416,0,0,0.02,0.06,0,0.199,33,0.0103,0.003,0.037,0.036,"HQH115160",0
0.005,0.0567,0,0,0.026,0.02,0,0.792,27,0.0103,0.0027,0.036,0.031,"HQG130880",0
0.005,0.0381,11,0,0.021,0.03,0,0.19,23,0.0081,0.0036,0.023,0.022,"HQH001550",0
0.005,0.0569,0,0,0.023,0.02,0,0.786,30,0.0139,0.0037,0.037,0.035,"HQD111510",0.001
0.003,0.0335,0,0,0.016,0.02,0,0.195,14,0.0094,0.004,0.034,0.033,"HQG113580",0
0.006,0.0372,0,0,0.011,0.02,0,0.149,33,0.0059,0.0022,0.025,0.022,"HQB133220",0
0.003,0.0399,0,0,0.021,0.03,0,0.187,19,0.0108,0.0036,0.023,0.021,"HQJ112360",0
0.005,0.1404,0,2,0.014,0.02,0,0.496,23,0.012,0.0025,0.027,0.025,"HQY062890",0.001
0.006,0.0481,0,0,0.012,0.02,0,0.296,34,0.0097,0.0044,0.028,0.026,"HQZ013870",0
0.004,0.0457,0,1,0.017,0.02,0,0.292,21,0.0141,0.0032,0.037,0.034,"HQH084840",0.001
0.004,0.0711,0,4,0.014,0.02,0,0.585,29,0.0196,0.0025,0.026,0.025,"HQJ036670",0.001
0.005,0.0442,0,0,0.018,0.02,0,0.242,21,0.01,0.0032,0.022,0.022,"HQF112860",0
0.006,0.0597,0,0,0.022,0.02,0,0.814,31,0.0093,0.0025,0.05,0.049,"HQY073780",0.001
0.005,0.0318,0,0,0.021,0.02,0,0.187,17,0.0084,0.0034,0.024,0.023,"HQC031330",0
0.005,0.0384,0,0,0.012,0.01,0,0.179,26,0.0059,0.0028,0.02,0.018,"HQB056440",0
0.005,0.039,0,0,0.012,0.02,0,0.204,32,0.0119,0.0027,0.03,0.03,"HQE007090",0.001
0.006,0.039,0,5,0.019,0.02,0,0.192,30,0.0113,0.0034,0.028,0.026,"HQX028270",0
0.004,0.0568,0,0,0.011,0.01,0,0.338,36,0.0072,0.0026,0.034,0.033,"HQB142820",0
0.006,0.0404,0,0,0.02,0.01,0,0.198,25,0.0044,0.0029,0.013,0.012,"HQA106620",0
0.004,0.1775,0,0,0.027,0.02,0,0.799,25,0.0115,0.0036,0.019,0.017,"HQJ061250",0.001
0.004,0.1465,1,0,0.023,0.02,0,0.898,29,0.011,0.003,0.027,0.026,"HQJ052500",0.001
0.006,0.0697,1,0,0.026,0.03,0,0.6,23,0.0195,0.0024,0.027,0.027,"HQF040920",0.001
0.006,0.0227,0,0,0.009,0.02,0,0.183,13,0.0098,0.003,0.022,0.021,"HQD040950",0
0.006,0.0415,0,0,0.013,0.02,0,0.2,24,0.0071,0.0036,0.021,0.018,"HQC103500",0
0.006,0.0794,1,0,0.031,0.03,0,1.138,35,0.0182,0.0029,0.028,0.027,"HQA039470",0.001
0.004,0.0019,0,0,0.019,0.03,0,0.093,19,0.0119,0.0034,0.028,0.028,"HQF094260",0.003
0.004,0.0015,0,0,0.029,0.02,0,0.141,19,0.0102,0.0038,0.035,0.034,"HQJ049880",0.004
0.004,0.1488,0,0,0.012,0.02,0,0.787,32,0.0128,0.0021,0.025,0.024,"HQJ136080",0.001
0.005,0.0399,0,0,0.007,0.02,0,0.176,21,0.0097,0.0022,0.029,0.028,"HQX111350",0
0.004,0.0392,0,0,0.012,0.01,0,0.186,21,0.01,0.0023,0.023,0.022,"HQH155190",0
0.006,0.0592,0,0,0.017,0.02,0,0.797,38,0.0085,0.0034,0.032,0.031,"HQZ011950",0.001
0.005,0.0391,0,0,0.028,0.02,0,0.199,18,0.0092,0.0033,0.024,0.022,"HQE050660",0
0.006,0.0385,0,0,0.01,0.02,0,0.196,19,0.012,0.003,0.023,0.021,"HQX020600",0
0.006,0.0382,0,0,0.015,0.02,0,0.188,16,0.0082,0.0036,0.022,0.021,"HQJ081790",0
0.004,0.0762,0,0,0.029,0.02,0,0.291,30,0.0102,0.0025,0.026,0.025,"HQG081880",0
0.007,0.1851,0,0,0.017,0.02,0,0.87,34,0.0087,0.0025,0.023,0.022,"HQY096460",0.001
0.006,0.0382,0,0,0.012,0.02,0,0.188,17,0.0067,0.0035,0.022,0.02,"HQZ112210",0
0.004,0.0018,0,4,0.013,0.02,0,0.064,15,0.0071,0.0041,0.025,0.023,"HQY053310",0.002
0.004,0.0015,7,0,0.052,0.02,0,0.191,12,0.046,0.01,0.041,0.038,"HQJ067490",0
0.007,0.0363,0,0,0.01,0.01,0,0.207,19,0.0066,0.003,0.025,0.023,"HQY113170",0
0.006,0.0201,0,0,0.013,0.02,0,0.189,17,0.008,0.0033,0.019,0.018,"HQZ087520",0
0.005,0.0017,0,3,0.01,0.02,0,0.087,19,0.01,0.0036,0.02,0.02,"HQJ121820",0
0.006,0.0374,0,4,0.014,0.02,0,0.199,16,0.0058,0.0037,0.024,0.021,"HQY130550",0
0.006,0.048,0,0,0.019,0.02,0,0.29,23,0.0094,0.0038,0.024,0.022,"HQX060000",0
0.005,0.0544,0,0,0.015,0.02,0,0.808,32,0.0096,0.0022,0.034,0.032,"HQE063000",0.001
0.007,0.0022,0,0,0.02,0.02,0,0.065,20,0.0071,0.003,0.03,0.027,"HQB017520",0.002
0.005,0.1962,1,0,0.011,0.02,0,0.815,39,0.0095,0.003,0.02,0.02,"HQD103470",0.001
0.003,0.0353,0,0,0.02,0.02,0,0.194,16,0.0069,0.0042,0.029,0.021,"HQH008720",0
0.004,0.0769,0,1,0.025,0.02,0,0.288,30,0.0093,0.003,0.03,0.028,"HQG081730",0
0.005,0.149,0,0,0.015,0.02,0,0.484,32,0.0096,0.0022,0.02,0.02,"HQD136130",0.001
0.004,0.0026,0,11,0.011,0.02,0,0.094,15,0.0087,0.003,0.035,0.031,"HQH159500",0.001
0.004,0.0017,0,0,0.02,0.02,0,0.094,19,0.0097,0.0032,0.031,0.03,"HQJ016350",0.001
0.004,0.0387,0,0,0.007,0.01,0,0.19,13,0.01,0.0041,0.032,0.031,"HQF064500",0
0.006,0.0353,0,0,0.021,0.02,0,0.165,19,0.0093,0.003,0.03,0.029,"HQB064240",0
0.004,0.1133,0,0,0.011,0.01,0,0.327,27,0.0085,0.0025,0.024,0.023,"HQH165510",0
0.008,0.0024,0,11,0.013,0.02,0,0.088,16,0.0096,0.0037,0.025,0.024,"HQB014030",0.001
0.004,0.0022,0,0,0.013,0.02,0,0.09,14,0.0102,0.0033,0.031,0.029,"HQJ147660",0.001
0.005,0.0395,0,0,0.021,0.02,0,0.201,18,0.0093,0.004,0.028,0.027,"HQH110620",0
0.004,0.0583,0,0,0.009,0.02,0,0.339,23,0.0093,0.0031,0.031,0.028,"HQD086550",0
0.005,0.0018,0,0,0.011,0.02,0,0.094,20,0.0102,0.0035,0.026,0.025,"HQH087580",0.001
0.005,0.0017,0,0,0.028,0.03,0,0.101,24,0.0096,0.004,0.028,0.028,"HQD103080",0.001
0.005,0.0363,0,1,0.01,0.02,0,0.2,30,0.0089,0.0028,0.024,0.023,"HQB107960",0
0.004,0.0361,0,1,0.024,0.06,0,0.14,19,0.0069,0.0036,0.036,0.034,"HQG070110",0
0.005,0.0018,0,0,0.011,0.02,0,0.089,14,0.0099,0.0033,0.028,0.026,"HQH061300",0.001
0.005,0.0024,0,1,0.014,0.02,0,0.098,19,0.0101,0.0038,0.026,0.024,"HQA006280",0.002
0.005,0.0548,0,0,0.021,0.02,0,0.342,32,0.0057,0.003,0.035,0.034,"HQJ016170",0
0.005,0.0391,0,0,0.017,0.02,0,0.211,17,0.0084,0.0042,0.02,0.02,"HQH037460",0
0.004,0.1154,0,1,0.018,0.02,0,0.318,25,0.0068,0.0025,0.029,0.029,"HQG101630",0
0.005,0.1205,0,0,0.031,0.02,0,0.298,23,0.0103,0.0026,0.015,0.013,"HQB067520",0
0.007,0.1307,0,0,0.013,0.01,0,0.904,30,0.0074,0.0029,0.023,0.022,"HQY124680",0.001
0.004,0.0324,0,0,0.009,0.04,0,0.18,17,0.0099,0.0033,0.023,0.022,"HQG077500",0
0.007,0.0407,0,0,0.015,0.02,0,0.207,20,0.0068,0.0041,0.027,0.025,"HQY108970",0
0.004,0.0013,6,0,0.055,0.02,0,0.2,15,0.0461,0.0098,0.038,0.036,"HQJ025430",0.001
0.004,0.0385,0,0,0.013,0.01,0,0.208,18,0.0087,0.0037,0.021,0.02,"HQF099050",0
0.006,0.0364,0,2,0.009,0.01,0,0.225,19,0.0065,0.0029,0.026,0.024,"HQY116240",0
0.005,0.0615,0,1,0.013,0.02,0,0.788,26,0.0094,0.0022,0.04,0.039,"HQF012960",0.001
0.006,0.0348,11,0,0.014,0.02,0,0.199,16,0.0068,0.003,0.027,0.025,"HQA040050",0
0.004,0.0023,0,0,0.014,0.02,0,0.092,25,0.0098,0.0031,0.032,0.03,"HQF034450",0.002
0.005,0.0022,0,0,0.022,0.02,0,0.09,13,0.0107,0.004,0.031,0.03,"HQG160190",0.001
0.004,0.0352,0,0,0.01,0.02,0,0.19,17,0.0102,0.0028,0.032,0.031,"HQH161160",0
0.005,0.0012,0,0,0.011,0.02,0,0.063,14,0.0044,0.0033,0.031,0.03,"HQG065070",0.004
0.004,0.0406,18,0,0.017,0.02,0,0.195,17,0.0116,0.0032,0.017,0.017,"HQB148970",0
0.005,0.1702,0,0,0.023,0.02,0,0.797,25,0.0118,0.0031,0.026,0.026,"HQC030650",0.001
0.005,0.0758,0,0,0.025,0.02,0,0.473,37,0.0133,0.0032,0.044,0.042,"HQF017670",0.001
0.005,0.0398,0,0,0.028,0.01,0,0.206,29,0.0084,0.0032,0.036,0.036,"HQF020160",0
0.006,0.1763,0,2,0.017,0.02,0,0.443,34,0.0107,0.0031,0.03,0.028,"HQY123310",0.001
0.006,0.0392,0,0,0.02,0.02,0,0.215,30,0.0161,0.0022,0.032,0.031,"HQB067950",0.002
0.005,0.1234,0,0,0.014,0.03,0.01,0.494,32,0.0135,0.0023,0.023,0.022,"HQD127340",0.001
0.004,0.0577,0,0,0.011,0.01,0,0.347,30,0.0076,0.0021,0.043,0.041,"HQH159930",0
0.005,0.0545,0,0,0.02,0.01,0,0.811,29,0.0083,0.0033,0.029,0.028,"HQG007410",0.001
0.005,0.1262,0,0,0.017,0.02,0,0.325,34,0.0088,0.0035,0.018,0.018,"HQC063970",0
0.005,0.0574,0,0,0.02,0.02,0,0.799,25,0.0088,0.0025,0.04,0.038,"HQG001570",0
0.004,0.0396,0,0,0.009,0.01,0,0.189,19,0.0103,0.0035,0.027,0.024,"HQH164880",0
0.006,0.1445,0,0,0.012,0.02,0,0.672,29,0.0082,0.0025,0.025,0.023,"HQF018930",0
0.006,0.0014,0,1,0.017,0.02,0,0.094,22,0.0101,0.0044,0.031,0.028,"HQX163940",0.001
0.004,0.0406,13,0,0.019,0.02,0,0.24,17,0.0095,0.0074,0.032,0.031,"HQF087090",0
0.004,0.0648,0,0,0.013,0.02,0,0.256,101,0.0079,0.0024,0.027,0.026,"HQC003000",0
0.005,0.0391,0,0,0.018,0.02,0,0.2,17,0.0082,0.0032,0.02,0.018,"HQX069010",0
0.006,0.0339,0,0,0.011,0.02,0,0.171,11,0.008,0.003,0.02,0.019,"HQB117990",0
0.004,0.0019,0,0,0.025,0.02,0,0.085,17,0.0092,0.0042,0.028,0.027,"HQC077650",0.001
0.004,0.0529,0,0,0.014,0.02,0,0.334,29,0.011,0.0038,0.033,0.032,"HQG118190",0.001
0.006,0.0371,0,0,0.013,0.02,0,0.19,17,0.0087,0.0029,0.021,0.019,"HQY111010",0
0.005,0.0798,1,0,0.016,0.02,0,0.905,37,0.0193,0.0026,0.027,0.026,"HQY043700",0.001
0.004,0.0412,0,0,0.014,0.01,0,0.194,40,0.0066,0.0033,0.023,0.023,"HQG108140",0
0.005,0.0602,0,0,0.016,0.03,0,0.795,37,0.0117,0.0033,0.033,0.03,"HQE068440",0
0.005,0.0377,0,0,0.017,0.02,0,0.201,18,0.0077,0.0028,0.032,0.031,"HQC025000",0
0.004,0.1157,0,0,0.015,0.02,0,0.492,20,0.012,0.0027,0.019,0.018,"HQF045500",0
0.005,0.0413,0,0,0.01,0.02,0,0.195,23,0.0057,0.0029,0.037,0.036,"HQE155870",0
0.007,0.0017,0,0,0.019,0.02,0,0.101,16,0.0096,0.0036,0.023,0.021,"HQY135890",0.001
0.005,0.0024,0,0,0.01,0.02,0,0.14,17,0.0107,0.0032,0.035,0.034,"HQE009400",0.002
0.006,0.0366,0,0,0.019,0.02,0,0.192,34,0.0075,0.0044,0.028,0.025,"HQA105380",0
0.005,0.0287,0,1,0.023,0.03,0,0.278,20,0.0187,0.0042,0.029,0.029,"HQH079260",0.001
0.006,0.0016,0,6,0.013,0.02,0,0.083,17,0.0094,0.0036,0.042,0.04,"HQZ088690",0.002
0.005,0.1475,0,0,0.014,0.02,0,0.502,32,0.0103,0.0021,0.028,0.026,"HQY063230",0
0.004,0.0371,0,0,0.04,0.02,0,0.183,16,0.01,0.0036,0.026,0.025,"HQD094590",0
0.004,0.0681,1,0,0.017,0.02,0,0.586,34,0.0191,0.0022,0.021,0.021,"HQJ036480",0.002
0.004,0.0394,0,0,0.012,0.01,0,0.15,14,0.0065,0.003,0.024,0.023,"HQY053690",0
0.007,0.1219,0,0,0.028,0.02,0,0.288,24,0.009,0.0031,0.019,0.018,"HQA140950",0
0.004,0.0393,0,0,0.012,0.02,0,0.181,18,0.0086,0.0034,0.021,0.02,"HQF121910",0
0.005,0.0806,2,0,0.03,0.02,0,0.9,33,0.019,0.0029,0.024,0.023,"HQA011570",0.001
0.006,0.0342,0,0,0.026,0.02,0,0.179,21,0.009,0.0026,0.024,0.022,"HQA148780",0
0.006,0.0018,0,1,0.016,0.02,0,0.149,22,0.0097,0.0041,0.029,0.027,"HQY095380",0.002
0.004,0.0357,0,0,0.019,0.02,0,0.189,19,0.0089,0.0052,0.031,0.03,"HQF021310",0
0.005,0.0024,0,0,0.013,0.03,0,0.095,12,0.0101,0.0038,0.028,0.026,"HQG036520",0.001
0.006,0.1445,0,0,0.009,0.01,0,0.497,38,0.0069,0.0026,0.03,0.029,"HQE063070",0
0.006,0.0379,0,0,0.013,0.01,0,0.201,26,0.0048,0.0035,0.031,0.029,"HQY084140",0
0.005,0.041,0,0,0.019,0.02,0,0.195,16,0.009,0.003,0.027,0.025,"HQA143680",0
0.004,0.0021,0,0,0.009,0.02,0,0.059,23,0.0066,0.0034,0.027,0.024,"HQJ033010",0.003
0.005,0.1173,0,0,0.011,0.01,0,0.468,17,0.0107,0.0023,0.02,0.019,"HQJ156750",0.001
0.005,0.1186,0,1,0.012,0.02,0,0.449,35,0.0111,0.0026,0.022,0.02,"HQZ010800",0
0.006,0.0015,0,0,0.02,0.06,0.02,0.147,17,0.05,0.0043,0.032,0.03,"HQX152210",0
0.007,0.0021,0,0,0.01,0.02,0,0.138,16,0.0114,0.0032,0.028,0.027,"HQD022380",0.002
0.005,0.0766,3,1,0.027,0.02,0,0.897,24,0.0191,0.0025,0.029,0.028,"HQH071590",0.001
0.005,0.1394,0,0,0.029,0.03,0,0.495,27,0.0151,0.0029,0.026,0.024,"HQF076190",0
0.005,0.0362,0,1,0.015,0.03,0,0.19,15,0.0125,0.0045,0.028,0.027,"HQD121050",0
0.006,0.074,2,1,0.025,0.03,0,0.892,38,0.019,0.003,0.026,0.026,"HQE081010",0.002
0.005,0.0395,0,0,0.011,0.01,0,0.207,20,0.0057,0.0031,0.029,0.028,"HQA065020",0
0.006,0.1397,1,0,0.022,0.02,0,0.812,25,0.0111,0.0032,0.024,0.022,"HQX077000",0.001
0.007,0.0368,0,0,0.015,0.02,0,0.191,30,0.0073,0.0035,0.028,0.026,"HQX123260",0
0.006,0.0408,0,0,0.011,0.02,0,0.195,20,0.0098,0.0038,0.032,0.03,"HQZ054410",0
0.005,0.0381,0,0,0.011,0.01,0,0.193,18,0.0067,0.0034,0.026,0.024,"HQF001950",0
0.004,0.0381,0,0,0.019,0.03,0,0.196,17,0.0079,0.0034,0.023,0.022,"HQD139470",0
0.005,0.057,0,0,0.019,0.02,0,0.797,27,0.0102,0.0027,0.035,0.034,"HQC026510",0
0.006,0.0214,11,0,0.016,0.02,0,0.156,18,0.0077,0.0036,0.032,0.029,"HQZ002730",0
0.003,0.0577,0,1,0.036,0.02,0,0.345,22,0.01,0.0039,0.032,0.029,"HQY048370",0
0.006,0.0398,0,0,0.013,0.02,0,0.204,21,0.0095,0.0034,0.027,0.026,"HQD004590",0
0.006,0.0384,0,0,0.027,0.03,0,0.205,24,0.0077,0.0034,0.022,0.021,"HQD064400",0
0.006,0.0764,0,0,0.019,0.02,0,0.514,31,0.0097,0.0027,0.044,0.042,"HQC105140",0.001
0.007,0.0405,21,0,0.011,0.02,0,0.195,23,0.0115,0.003,0.022,0.02,"HQB030590",0
0.004,0.0472,0,0,0.022,0.02,0,0.295,20,0.0075,0.0034,0.024,0.02,"HQG066940",0
0.006,0.077,0,0,0.014,0.02,0,0.442,27,0.0089,0.0034,0.029,0.028,"HQC136950",0
0.004,0.0484,0,0,0.022,0.02,0,0.284,34,0.0099,0.0028,0.031,0.03,"HQJ031590",0.001
0.005,0.0017,0,0,0.02,0.02,0,0.094,13,0.0102,0.0037,0.027,0.026,"HQA006690",0.001
0.004,0.0413,0,0,0.016,0.02,0,0.149,14,0.0093,0.0034,0.026,0.022,"HQG043670",0
0.004,0.0399,0,0,0.011,0.02,0,0.172,33,0.0103,0.0024,0.015,0.014,"HQC007130",0
0.006,0.1839,0,0,0.014,0.02,0,0.457,37,0.0116,0.0029,0.023,0.021,"HQX051530",0.002
0.006,0.0469,0,0,0.016,0.02,0,0.283,28,0.0086,0.0042,0.03,0.029,"HQZ013540",0
0.004,0.0346,0,1,0.012,0.02,0,0.186,25,0.0074,0.0031,0.02,0.019,"HQD128940",0
0.005,0.0386,0,0,0.031,0.02,0,0.191,17,0.0075,0.0044,0.021,0.02,"HQH089390",0
0.006,0.0012,5,0,0.052,0.02,0,0.192,17,0.0443,0.0083,0.044,0.041,"HQY067400",0
0.005,0.0386,0,0,0.015,0.01,0,0.198,34,0.0058,0.0033,0.021,0.018,"HQE072900",0
0.004,0.0398,0,0,0.017,0.02,0,0.18,19,0.0082,0.0034,0.022,0.022,"HQG067370",0
0.005,0.1111,0,0,0.027,0.02,0,0.46,34,0.0114,0.0033,0.027,0.026,"HQH119750",0
0.004,0.1838,0,0,0.014,0.01,0,0.79,37,0.0077,0.0022,0.031,0.03,"HQJ148070",0
0.006,0.0236,0,0,0.019,0.02,0,0.157,18,0.0081,0.0045,0.032,0.031,"HQY083360",0
0.006,0.0364,0,2,0.009,0.01,0,0.225,19,0.0065,0.0029,0.026,0.024,"HQY116250",0
0.004,0.0019,0,1,0.024,0.02,0,0.065,16,0.0074,0.0045,0.031,0.03,"HQH074500",0.004
0.006,0.0375,0,0,0.009,0.02,0,0.214,28,0.0043,0.003,0.025,0.022,"HQX116590",0
0.007,0.0021,0,0,0.013,0.02,0,0.073,14,0.0081,0.0035,0.024,0.022,"HQD044470",0.003
0.006,0.1445,0,0,0.012,0.02,0,0.672,29,0.0082,0.0025,0.025,0.023,"HQF019260",0
0.006,0.0546,0,0,0.013,0.02,0,0.788,29,0.0118,0.0028,0.028,0.027,"HQY062510",0.001
0.007,0.112,0,2,0.016,0.02,0,0.296,25,0.0123,0.0028,0.019,0.018,"HQX040060",0.001
0.006,0.1754,0,0,0.01,0.01,0,0.781,27,0.0063,0.0027,0.025,0.022,"HQC030420",0
0.004,0.0345,0,1,0.014,0.02,0,0.19,21,0.0086,0.0037,0.023,0.021,"HQG098650",0
0.004,0.1923,0,0,0.024,0.03,0,0.441,31,0.01,0.0024,0.038,0.037,"HQJ143370",0
0.004,0.0338,0,4,0.011,0.02,0,0.19,21,0.0091,0.0027,0.022,0.019,"HQC007550",0
0.006,0.0404,0,0,0.027,0.02,0,0.208,24,0.0085,0.0035,0.022,0.02,"HQC101090",0
0.005,0.0409,0,0,0.021,0.02,0,0.187,21,0.012,0.0036,0.023,0.023,"HQE036190",0
0.003,0.0749,0,0,0.028,0.02,0,0.291,24,0.009,0.0029,0.027,0.026,"HQG082350",0
0.006,0.0402,19,0,0.019,0.02,0,0.18,19,0.0085,0.0036,0.016,0.015,"HQA055640",0
0.005,0.0758,3,1,0.025,0.03,0,0.926,27,0.02,0.0034,0.03,0.029,"HQE140230",0.001
0.006,0.0371,0,0,0.02,0.02,0,0.196,18,0.007,0.004,0.028,0.026,"HQY087730",0
0.005,0.044,0,2,0.019,0.02,0,0.179,32,0.0105,0.0027,0.03,0.029,"HQF138040",0.001
0.006,0.0021,0,2,0.01,0.01,0,0.072,22,0.0063,0.0031,0.032,0.029,"HQB083970",0.002
0.005,0.0014,0,0,0.02,0.02,0,0.072,12,0.0087,0.004,0.038,0.036,"HQH042250",0.001
0.005,0.0388,0,0,0.015,0.02,0,0.186,18,0.0061,0.0025,0.017,0.016,"HQZ097520",0
0.006,0.0359,0,0,0.01,0.02,0,0.153,22,0.0096,0.0025,0.02,0.02,"HQD010510",0
0.004,0.0355,0,0,0.025,0.02,0,0.183,18,0.0085,0.003,0.021,0.019,"HQF144720",0
0.005,0.0347,0,0,0.013,0.02,0,0.187,21,0.0081,0.0036,0.026,0.025,"HQG027440",0
0.007,0.1409,0,0,0.023,0.02,0,1.509,38,0.0134,0.0024,0.022,0.021,"HQX055870",0.002
0.007,0.0819,2,0,0.03,0.03,0,0.914,35,0.0201,0.0027,0.033,0.032,"HQX038850",0.001
0.006,0.0396,0,0,0.013,0.03,0,0.209,22,0.0087,0.0029,0.026,0.024,"HQB127020",0
0.007,0.0375,0,0,0.009,0.02,0,0.204,17,0.0069,0.0026,0.023,0.022,"HQD029670",0
0.005,0.034,0,0,0.017,0.02,0,0.19,19,0.0066,0.0033,0.027,0.026,"HQG163670",0
0.006,0.0021,0,0,0.016,0.02,0,0.103,18,0.0085,0.0025,0.03,0.028,"HQX006660",0.002
0.005,0.0022,0,0,0.012,0.02,0,0.143,16,0.0097,0.003,0.025,0.024,"HQC013710",0.001
0.006,0.038,0,0,0.009,0.01,0,0.212,19,0.0075,0.0037,0.025,0.024,"HQY121330",0
0.005,0.0372,0,0,0.011,0.02,0,0.18,22,0.0076,0.0029,0.014,0.012,"HQZ011200",0
0.007,0.0019,0,0,0.011,0.02,0,0.092,15,0.0096,0.0034,0.027,0.025,"HQX021650",0.002
0.006,0.0014,0,0,0.011,0.02,0,0.094,13,0.0104,0.0033,0.027,0.024,"HQZ094190",0.001
0.006,0.0367,0,0,0.011,0.02,0,0.185,21,0.0103,0.0033,0.019,0.018,"HQB102610",0
0.006,0.0611,1,1,0.018,0.02,0,0.804,29,0.0117,0.0034,0.033,0.032,"HQC125790",0.001
0.006,0.0018,0,1,0.011,0.05,0.02,0.147,16,0.0511,0.0037,0.035,0.033,"HQB021540",0
0.006,0.0018,0,0,0.01,0.01,0,0.072,18,0.0089,0.0028,0.029,0.027,"HQX026900",0.002
0.006,0.0346,0,0,0.017,0.02,0,0.2,17,0.0085,0.0048,0.022,0.021,"HQB126670",0
0.005,0.0715,0,0,0.013,0.02,0,0.599,21,0.019,0.003,0.031,0.03,"HQJ078550",0.002
0.004,0.1187,0,1,0.023,0.02,0,0.49,22,0.0082,0.0035,0.02,0.019,"HQG069850",0
0.005,0.1808,0,1,0.017,0.02,0,0.491,23,0.0115,0.0026,0.031,0.03,"HQG046060",0.001
0.004,0.0528,0,0,0.014,0.02,0,0.302,19,0.0086,0.0029,0.028,0.027,"HQE146140",0
0.004,0.0014,0,1,0.024,0.03,0,0.101,17,0.0094,0.0045,0.027,0.025,"HQD145000",0.002
0.005,0.0426,0,0,0.019,0.03,0,0.209,12,0.0123,0.0043,0.016,0.016,"HQD144350",0
0.005,0.0388,0,0,0.021,0.02,0,0.174,20,0.0084,0.0044,0.021,0.02,"HQF147100",0
0.006,0.0391,0,0,0.013,0.02,0,0.197,35,0.0099,0.0032,0.031,0.029,"HQC134980",0
0.004,0.1231,0,0,0.022,0.03,0,0.309,23,0.0145,0.0033,0.024,0.023,"HQJ077250",0.001
0.006,0.0367,0,0,0.011,0.02,0,0.193,23,0.0084,0.0033,0.032,0.031,"HQB037010",0
0.006,0.02,0,0,0.016,0.02,0,0.16,18,0.0073,0.0034,0.027,0.025,"HQY083140",0
0.005,0.0395,0,0,0.022,0.02,0,0.186,13,0.0132,0.0043,0.03,0.029,"HQH012350",0
0.005,0.0015,0,0,0.019,0.01,0,0.092,21,0.0099,0.0034,0.024,0.023,"HQX085230",0.001
0.006,0.0422,0,0,0.023,0.03,0,0.306,27,0.009,0.0034,0.025,0.023,"HQX060090",0
0.006,0.1776,0,0,0.019,0.02,0,0.459,35,0.0114,0.0027,0.028,0.025,"HQY073090",0
0.005,0.1135,0,0,0.017,0.02,0,0.312,28,0.0102,0.0028,0.026,0.025,"HQH115620",0.001
0.006,0.0389,0,1,0.016,0.02,0,0.195,23,0.0076,0.0033,0.03,0.029,"HQB104980",0
0.006,0.002,0,0,0.019,0.03,0,0.092,15,0.0107,0.0038,0.032,0.03,"HQE089100",0.002
0.006,0.0017,0,5,0.011,0.01,0,0.09,20,0.0099,0.0033,0.025,0.024,"HQB081180",0.001
0.004,0.0617,0,0,0.011,0.02,0,0.802,26,0.0115,0.0018,0.038,0.037,"HQH154560",0.001
0.004,0.1936,0,0,0.012,0.02,0,0.858,29,0.0112,0.0029,0.026,0.025,"HQJ148660",0.001
0.005,0.0132,17,0,0.02,0.03,0,0.146,15,0.0093,0.0033,0.027,0.026,"HQF163900",0
0.006,0.0387,0,4,0.011,0.02,0,0.188,16,0.01,0.0028,0.023,0.022,"HQA145630",0
0.005,0.0346,0,0,0.014,0.02,0,0.185,29,0.0079,0.0029,0.027,0.026,"HQA069330",0
0.005,0.0022,0,0,0.015,0.02,0,0.063,12,0.0081,0.0035,0.038,0.037,"HQG014830",0.002
0.005,0.0018,0,2,0.015,0.02,0,0.145,16,0.0097,0.0038,0.028,0.027,"HQZ049760",0.001
0.005,0.0021,0,0,0.018,0.02,0,0.089,22,0.0102,0.0035,0.028,0.028,"HQG053330",0.001
0.007,0.1185,0,0,0.017,0.01,0.03,0.298,42,0.0089,0.0028,0.029,0.028,"HQA113360",0
0.005,0.0347,0,0,0.014,0.02,0,0.184,18,0.0112,0.0038,0.019,0.015,"HQH105720",0
0.004,0.0017,6,0,0.051,0.02,0,0.191,14,0.0448,0.0088,0.037,0.036,"HQJ155480",0.001
0.005,0.1861,0,0,0.014,0.02,0,0.837,31,0.0134,0.0022,0.021,0.02,"HQJ106310",0.001
0.004,0.1411,0,1,0.014,0.02,0,0.845,28,0.0079,0.0038,0.021,0.02,"HQG072270",0.001
0.005,0.0024,0,0,0.014,0.02,0,0.1,20,0.0094,0.0034,0.027,0.024,"HQZ013200",0.001
0.005,0.0629,0,0,0.01,0.01,0,0.788,32,0.0093,0.0028,0.036,0.034,"HQX100450",0.001
0.005,0.0017,0,0,0.01,0.02,0,0.096,16,0.0089,0.0029,0.034,0.032,"HQF030600",0.001
0.004,0.0327,0,0,0.015,0.02,0,0.213,26,0.0089,0.0029,0.023,0.022,"HQD128390",0
0.004,0.0773,1,0,0.023,0.02,0,0.902,21,0.0197,0.002,0.026,0.025,"HQJ164100",0.001
0.006,0.0524,0,2,0.009,0.02,0,0.298,28,0.0085,0.0034,0.034,0.031,"HQY132370",0
0.004,0.1497,0,0,0.024,0.02,0,0.807,28,0.0112,0.0031,0.024,0.023,"HQJ047440",0.001
0.006,0.0753,2,2,0.028,0.02,0,0.884,37,0.0195,0.0027,0.029,0.028,"HQB054770",0.001
0.006,0.0019,1,1,0.023,0.03,0,0.141,20,0.0094,0.0036,0.028,0.026,"HQX076580",0.002
0.006,0.038,0,0,0.009,0.01,0,0.212,19,0.0075,0.0037,0.025,0.024,"HQY121380",0
0.006,0.0378,0,2,0.016,0.02,0,0.182,18,0.0086,0.0031,0.021,0.02,"HQA059670",0
0.006,0.1735,0,0,0.015,0.02,0,0.297,27,0.0093,0.0028,0.027,0.025,"HQX114690",0
0.007,0.0608,0,0,0.02,0.02,0,0.353,24,0.0118,0.0028,0.031,0.03,"HQB014150",0
0.007,0.0423,0,0,0.011,0.02,0,0.204,13,0.0101,0.003,0.022,0.021,"HQZ046420",0
0.006,0.1523,0,0,0.016,0.02,0,0.493,24,0.0078,0.0028,0.027,0.027,"HQE080130",0.001
0.005,0.034,0,0,0.016,0.02,0,0.183,19,0.0142,0.0036,0.032,0.031,"HQG011830",0
0.004,0.0209,0,0,0.021,0.02,0,0.172,26,0.0072,0.0029,0.027,0.023,"HQH049220",0
0.004,0.2026,0,2,0.022,0.02,0,0.467,31,0.0093,0.0024,0.037,0.036,"HQF047830",0
0.005,0.0396,0,0,0.009,0.01,0,0.209,22,0.0062,0.0036,0.022,0.021,"HQA047020",0
0.006,0.0416,0,26,0.01,0.02,0,0.192,20,0.0099,0.004,0.025,0.024,"HQD004740",0
0.006,0.0017,0,0,0.018,0.02,0,0.099,20,0.008,0.0043,0.028,0.025,"HQY004790",0.001
0.005,0.0365,0,0,0.014,0.01,0,0.208,21,0.0065,0.0034,0.021,0.02,"HQA014340",0
0.005,0.0386,0,0,0.01,0.02,0,0.189,22,0.0107,0.0037,0.032,0.031,"HQE001260",0
0.004,0.0356,0,0,0.012,0.01,0,0.188,16,0.0065,0.0028,0.019,0.017,"HQC009370",0
0.006,0.0369,0,1,0.013,0.02,0,0.186,32,0.0065,0.0032,0.023,0.022,"HQZ107020",0
0.005,0.1747,0,0,0.021,0.02,0,0.479,39,0.0105,0.0029,0.021,0.02,"HQA013990",0
0.003,0.0333,0,0,0.02,0.02,0,0.2,13,0.0074,0.003,0.019,0.018,"HQC009290",0
0.004,0.0199,0,0,0.016,0.01,0,0.195,18,0.0069,0.003,0.03,0.03,"HQJ041300",0
0.005,0.0815,0,0,0.009,0.01,0,0.445,28,0.0121,0.0034,0.014,0.012,"HQX092470",0
0.007,0.0788,2,1,0.021,0.02,0,0.9,34,0.0199,0.0024,0.031,0.031,"HQA116790",0.002
0.006,0.0045,10,1,0.097,0.02,0.05,0.582,22,0.0767,0.0092,0.056,0.054,"HQA117380",0.002
0.004,0.0381,0,0,0.024,0.02,0,0.189,25,0.0096,0.0028,0.031,0.029,"HQH136480",0
0.006,0.0415,0,0,0.017,0.02,0,0.14,20,0.0084,0.0031,0.028,0.026,"HQA127740",0
0.004,0.0019,0,0,0.019,0.02,0,0.09,16,0.0099,0.0035,0.028,0.027,"HQJ119000",0.001
0.004,0.0568,0,0,0.013,0.02,0,0.801,34,0.013,0.0021,0.035,0.03,"HQJ040500",0.001
0.006,0.0404,0,1,0.014,0.01,0,0.198,21,0.0057,0.0032,0.026,0.025,"HQB002630",0
0.006,0.0416,0,0,0.018,0.02,0,0.184,15,0.0067,0.0031,0.02,0.019,"HQZ097310",0
0.005,0.0817,2,1,0.025,0.03,0,0.901,30,0.0189,0.0026,0.027,0.027,"HQE007780",0.002
0.007,0.1968,0,1,0.014,0.02,0,0.883,38,0.0092,0.0025,0.02,0.018,"HQA097030",0.001
0.004,0.0475,0,0,0.012,0.02,0,0.292,38,0.0063,0.0025,0.034,0.033,"HQG112340",0
0.004,0.0363,0,0,0.016,0.01,0,0.188,16,0.0078,0.0033,0.026,0.024,"HQF051280",0
0.004,0.0752,2,0,0.031,0.02,0,0.878,22,0.0172,0.0027,0.026,0.025,"HQG111300",0.001
0.004,0.0372,0,0,0.019,0.02,0,0.178,26,0.008,0.0068,0.028,0.026,"HQH008960",0
0.006,0.0019,0,0,0.009,0.02,0,0.088,17,0.0104,0.0033,0.024,0.022,"HQX041670",0.001
0.006,0.0576,0,0,0.014,0.01,0,0.786,31,0.0078,0.002,0.031,0.028,"HQB055520",0
0.005,0.002,14,0,0.066,0.07,0,0.534,15,0.0142,0.0028,0.027,0.027,"HQF041520",0.001
0.004,0.0018,0,0,0.017,0.02,0,0.093,18,0.0101,0.0043,0.033,0.032,"HQG006880",0.001
0.004,0.0641,0,0,0.013,0.02,0,0.342,30,0.0094,0.0033,0.034,0.032,"HQJ047780",0.001
0.005,0.0395,0,0,0.019,0.02,0,0.185,16,0.0066,0.003,0.021,0.017,"HQF029770",0
0.005,0.0418,12,1,0.018,0.03,0,0.181,23,0.01,0.0039,0.029,0.028,"HQG031450",0
0.006,0.1203,0,0,0.015,0.02,0,0.459,39,0.0074,0.0028,0.032,0.03,"HQY078680",0
0.006,0.0368,0,1,0.019,0.02,0,0.208,28,0.0063,0.0032,0.03,0.029,"HQY095430",0
0.004,0.1973,0,0,0.024,0.02,0,0.829,31,0.0101,0.0028,0.024,0.024,"HQJ148620",0
0.006,0.0016,5,0,0.009,0.02,0,0.681,16,0.0593,0.0035,0.036,0.034,"HQZ064450",0.002
0.006,0.0398,0,0,0.015,0.02,0,0.187,25,0.0095,0.0029,0.025,0.024,"HQA031630",0
0.007,0.0019,0,5,0.009,0.02,0,0.09,18,0.0103,0.0031,0.019,0.017,"HQX031490",0.002
0.005,0.0365,0,0,0.018,0.02,0,0.195,15,0.0061,0.0038,0.03,0.03,"HQA029440",0
0.005,0.0589,0,0,0.015,0.02,0,0.775,27,0.0088,0.0033,0.036,0.035,"HQH013460",0
0.006,0.0547,0,0,0.011,0.02,0,0.356,41,0.0067,0.0027,0.035,0.033,"HQA099800",0
0.004,0.0387,0,0,0.008,0.02,0,0.188,21,0.0097,0.0033,0.026,0.023,"HQE049880",0
0.005,0.0697,0,0,0.025,0.03,0,0.487,38,0.0116,0.0029,0.052,0.05,"HQG023600",0
0.006,0.0404,0,0,0.014,0.01,0,0.194,17,0.0085,0.003,0.033,0.032,"HQA064370",0
0.005,0.0421,0,0,0.012,0.02,0,0.262,17,0.0071,0.0042,0.026,0.026,"HQZ169320",0
0.006,0.1436,0,1,0.015,0.02,0,0.838,32,0.0079,0.0034,0.021,0.02,"HQC081980",0.001
0.006,0.1488,0,0,0.017,0.03,0,0.807,35,0.0144,0.0022,0.036,0.031,"HQG025130",0.001
0.004,0.0716,0,0,0.018,0.03,0,0.602,30,0.0194,0.0018,0.031,0.029,"HQJ078310",0.002
0.005,0.1538,0,0,0.028,0.02,0,0.778,35,0.0103,0.0038,0.025,0.024,"HQX090710",0
0.006,0.0504,0,0,0.019,0.02,0,0.301,25,0.0103,0.0033,0.034,0.031,"HQD044120",0
0.006,0.0365,0,0,0.024,0.02,0,0.199,35,0.0083,0.0028,0.028,0.027,"HQC142320",0
0.005,0.0442,18,0,0.008,0.02,0,0.189,17,0.0089,0.0022,0.02,0.02,"HQC020610",0
0.006,0.0602,0,0,0.018,0.02,0,0.798,34,0.011,0.0027,0.029,0.028,"HQB008540",0.001
0.005,0.1445,0,0,0.021,0.02,0,0.476,27,0.0063,0.0023,0.027,0.027,"HQG032380",0
0.006,0.0406,0,0,0.009,0.02,0,0.194,32,0.0085,0.0024,0.028,0.028,"HQJ082100",0
0.006,0.0426,0,0,0.014,0.02,0,0.191,18,0.0058,0.0039,0.026,0.026,"HQA029280",0
0.005,0.0449,0,0,0.011,0.01,0,0.291,26,0.0075,0.0034,0.035,0.034,"HQX089930",0
0.006,0.0414,0,0,0.016,0.02,0,0.206,22,0.0057,0.0041,0.021,0.019,"HQZ002150",0
0.006,0.1787,0,0,0.02,0.02,0,0.784,30,0.0145,0.0032,0.022,0.021,"HQX012130",0.002
0.006,0.0023,18,1,0.066,0.07,0,0.556,14,0.0133,0.0028,0.022,0.021,"HQA158520",0.002
0.004,0.0014,6,0,0.051,0.02,0,0.182,15,0.0462,0.0096,0.04,0.039,"HQG059220",0.001
0.005,0.1822,0,0,0.018,0.02,0,0.815,34,0.0114,0.0025,0.028,0.026,"HQZ031440",0.001
0.006,0.048,0,0,0.019,0.02,0,0.29,23,0.0094,0.0038,0.024,0.022,"HQX059870",0
0.005,0.061,0,1,0.013,0.03,0,0.79,38,0.0127,0.0027,0.043,0.041,"HQZ150970",0.001
0.004,0.0018,0,0,0.021,0.01,0,0.093,15,0.0102,0.0034,0.033,0.031,"HQG103660",0.001
0.006,0.0015,0,0,0.014,0.02,0,0.092,14,0.01,0.0033,0.029,0.029,"HQA140160",0.001
0.004,0.0013,0,1,0.021,0.02,0,0.072,15,0.0102,0.0039,0.031,0.03,"HQH063330",0.001
0.006,0.0381,19,0,0.011,0.02,0,0.183,15,0.0119,0.0038,0.024,0.023,"HQE099980",0
0.006,0.0389,0,0,0.018,0.02,0,0.194,24,0.0092,0.004,0.025,0.023,"HQX061810",0
0.004,0.0372,0,0,0.019,0.02,0,0.178,26,0.008,0.0068,0.028,0.026,"HQH008930",0
0.007,0.0384,0,0,0.01,0.02,0,0.214,22,0.0081,0.0027,0.022,0.02,"HQD032360",0
0.006,0.1065,0,1,0.008,0.02,0,0.419,29,0.0119,0.0025,0.013,0.01,"HQA035590",0
0.004,0.0378,0,0,0.018,0.05,0,0.199,47,0.0061,0.0046,0.035,0.034,"HQF136990",0
0.007,0.194,0,0,0.025,0.02,0,0.854,30,0.0091,0.0029,0.014,0.013,"HQA097500",0
0.007,0.0388,0,1,0.01,0.01,0,0.179,21,0.0072,0.003,0.034,0.033,"HQA118200",0
0.005,0.0023,0,0,0.016,0.02,0,0.087,19,0.0102,0.0031,0.023,0.023,"HQF163450",0
0.005,0.0764,3,1,0.016,0.02,0,0.878,29,0.0197,0.0025,0.028,0.028,"HQZ147050",0.001
0.005,0.1423,0,0,0.013,0.02,0,0.864,33,0.0132,0.0029,0.025,0.024,"HQY052900",0.001
0.005,0.0025,16,0,0.063,0.07,0,0.558,17,0.0131,0.0025,0.026,0.024,"HQB079550",0.001
0.006,0.0586,0,0,0.017,0.02,0,0.794,26,0.0109,0.0023,0.034,0.033,"HQB054690",0
0.007,0.1205,1,2,0.016,0.02,0,1.212,33,0.0086,0.0029,0.021,0.02,"HQZ006440",0.001
0.006,0.0774,0,1,0.023,0.02,0,1.093,33,0.018,0.0022,0.036,0.035,"HQY073150",0.001
0.004,0.0738,0,1,0.027,0.02,0,0.291,25,0.0093,0.0027,0.035,0.034,"HQG109890",0
0.004,0.0358,11,0,0.017,0.02,0,0.195,14,0.009,0.0033,0.022,0.02,"HQG157570",0
0.005,0.0417,0,0,0.01,0.02,0,0.189,23,0.0079,0.0031,0.02,0.019,"HQZ011030",0
0.005,0.0695,2,0,0.021,0.02,0,0.614,31,0.021,0.0035,0.027,0.026,"HQH096300",0.001
0.008,0.0579,0,0,0.03,0.02,0,0.834,35,0.0095,0.0024,0.03,0.03,"HQD031960",0.001
0.005,0.1792,0,0,0.013,0.02,0,0.498,25,0.0083,0.0029,0.022,0.021,"HQZ168830",0
0.006,0.04,0,1,0.009,0.01,0,0.146,19,0.0055,0.0029,0.024,0.024,"HQD105270",0
0.005,0.1112,0,13,0.014,0.02,0,0.3,27,0.0068,0.0028,0.03,0.029,"HQH077350",0
0.004,0.0377,19,2,0.023,0.02,0,0.195,22,0.0128,0.0036,0.019,0.018,"HQF089060",0
0.005,0.0384,0,0,0.01,0.02,0,0.195,25,0.0094,0.0028,0.018,0.017,"HQJ021450",0
0.006,0.0335,0,0,0.014,0.02,0,0.189,28,0.0072,0.004,0.022,0.021,"HQE088750",0
0.004,0.0402,0,0,0.018,0.02,0,0.198,21,0.0075,0.0032,0.026,0.026,"HQC075560",0
0.005,0.0721,0,0,0.022,0.02,0,0.323,26,0.0081,0.0037,0.023,0.022,"HQZ155090",0
0.006,0.0418,0,2,0.008,0.02,0,0.205,23,0.0103,0.0037,0.026,0.025,"HQD064310",0
0.006,0.0354,0,0,0.011,0.02,0,0.199,21,0.0089,0.0038,0.024,0.022,"HQY025550",0
0.004,0.0024,16,0,0.066,0.07,0,0.539,11,0.0152,0.0031,0.023,0.022,"HQE028280",0.002
0.006,0.0394,0,0,0.012,0.02,0,0.193,15,0.0077,0.0034,0.024,0.023,"HQZ008820",0
0.006,0.0412,0,0,0.015,0.03,0,0.181,17,0.0117,0.0037,0.022,0.02,"HQC077910",0
0.005,0.0365,0,0,0.015,0.02,0,0.201,17,0.0103,0.0025,0.028,0.027,"HQG019920",0.001
0.006,0.0559,0,0,0.013,0.02,0,0.353,34,0.0105,0.003,0.03,0.029,"HQX031710",0
0.005,0.0396,0,0,0.013,0.03,0,0.186,23,0.0092,0.0031,0.02,0.02,"HQG031080",0
0.005,0.055,0,0,0.009,0.02,0,0.771,22,0.0087,0.0023,0.029,0.027,"HQF107740",0.001
0.005,0.0015,0,0,0.018,0.02,0,0.098,19,0.0093,0.0028,0.034,0.032,"HQA166140",0.001
0.005,0.0422,12,0,0.014,0.02,0,0.232,23,0.008,0.0032,0.033,0.032,"HQG064250",0
0.004,0.133,0,0,0.024,0.01,0,0.852,30,0.0096,0.0027,0.026,0.025,"HQJ051250",0.001
0.006,0.0663,0,0,0.016,0.01,0,0.246,103,0.0079,0.0028,0.032,0.031,"HQB098990",0
0.005,0.0017,5,0,0.052,0.02,0,0.205,13,0.0446,0.0093,0.042,0.04,"HQE008700",0.001
0.005,0.0016,0,1,0.019,0.02,0,0.097,24,0.0096,0.0031,0.028,0.027,"HQD117790",0.001
0.004,0.0458,0,0,0.011,0.02,0,0.195,14,0.0098,0.003,0.03,0.03,"HQJ064420",0
0.006,0.0021,0,0,0.02,0.02,0,0.07,17,0.009,0.0045,0.028,0.026,"HQX055790",0.003
0.004,0.0392,0,0,0.021,0.06,0,0.153,20,0.0078,0.0035,0.04,0.038,"HQG069930",0
0.004,0.122,0,0,0.017,0.02,0,0.492,21,0.0117,0.003,0.027,0.025,"HQJ025680",0
0.004,0.0014,0,1,0.024,0.03,0,0.101,17,0.0094,0.0045,0.027,0.025,"HQD145050",0.002
0.004,0.04,0,0,0.017,0.02,0,0.189,15,0.0059,0.0035,0.03,0.028,"HQJ059640",0
0.005,0.0018,0,0,0.016,0.05,0.01,0.147,16,0.0498,0.005,0.041,0.04,"HQB005060",0
0.004,0.044,13,0,0.015,0.02,0,0.198,21,0.0116,0.0037,0.026,0.024,"HQJ124720",0
0.006,0.0393,0,0,0.018,0.02,0,0.196,30,0.0085,0.0029,0.028,0.027,"HQY042800",0
0.006,0.0198,0,0,0.009,0.01,0,0.207,18,0.0066,0.003,0.017,0.016,"HQD031630",0
0.006,0.0564,0,0,0.016,0.02,0.01,0.354,22,0.0094,0.0033,0.031,0.03,"HQE089870",0
0.006,0.0623,0,1,0.033,0.02,0,0.791,33,0.0101,0.0027,0.034,0.032,"HQD024970",0.001
0.004,0.0747,0,0,0.022,0.02,0,0.784,32,0.0104,0.0027,0.032,0.03,"HQJ130960",0
0.006,0.041,13,7,0.012,0.02,0,0.206,22,0.0071,0.0039,0.024,0.024,"HQA098970",0
0.004,0.0014,5,0,0.058,0.03,0,0.197,11,0.0437,0.0093,0.041,0.039,"HQG131460",0.001
0.004,0.0411,0,1,0.009,0.01,0,0.194,22,0.0083,0.0037,0.024,0.023,"HQF064890",0
0.006,0.0372,0,0,0.022,0.02,0,0.204,22,0.0079,0.0037,0.03,0.029,"HQY075640",0
0.004,0.04,0,0,0.018,0.03,0,0.155,16,0.0106,0.0027,0.026,0.025,"HQJ127370",0
0.005,0.034,0,1,0.008,0.02,0,0.202,21,0.0118,0.0025,0.023,0.022,"HQD120960",0
0.005,0.1175,0,0,0.011,0.02,0,0.473,32,0.0098,0.003,0.016,0.014,"HQC059380",0
0.005,0.04,0,0,0.016,0.02,0,0.192,25,0.0066,0.0034,0.022,0.02,"HQZ090670",0
0.005,0.0027,0,0,0.01,0.02,0,0.153,18,0.0094,0.0027,0.029,0.027,"HQE006140",0.004
0.004,0.0023,0,0,0.023,0.03,0,0.14,15,0.0104,0.0036,0.03,0.029,"HQF040980",0.004
0.004,0.0349,11,0,0.011,0.02,0,0.186,20,0.0092,0.0035,0.028,0.028,"HQH036970",0
0.005,0.0412,17,0,0.011,0.02,0,0.191,20,0.0109,0.0031,0.03,0.03,"HQG024500",0
0.005,0.0403,0,0,0.011,0.02,0,0.202,18,0.0084,0.0032,0.03,0.028,"HQA014190",0
0.006,0.0393,0,0,0.018,0.02,0,0.192,16,0.0078,0.0036,0.016,0.013,"HQC115610",0
0.005,0.0373,13,0,0.009,0.02,0,0.25,18,0.009,0.0031,0.038,0.036,"HQE130940",0
0.004,0.0582,0,0,0.012,0.02,0,0.806,21,0.0109,0.0025,0.04,0.039,"HQH118000",0.001
0.004,0.0388,0,0,0.01,0.01,0,0.2,17,0.0104,0.0035,0.026,0.024,"HQH164010",0
0.005,0.0588,0,0,0.022,0.02,0,0.349,26,0.0096,0.0038,0.039,0.037,"HQJ116520",0
0.005,0.163,0,0,0.022,0.02,0,1.094,29,0.0137,0.0039,0.028,0.027,"HQF127970",0.002
0.004,0.0019,0,0,0.011,0.01,0,0.094,19,0.0095,0.004,0.032,0.031,"HQF032410",0.001
0.004,0.0198,0,0,0.023,0.02,0,0.178,22,0.0071,0.0032,0.026,0.025,"HQJ145940",0
0.006,0.0395,0,0,0.014,0.02,0,0.191,25,0.0076,0.0032,0.023,0.022,"HQY015230",0
0.006,0.1668,0,0,0.028,0.01,0,0.517,39,0.0073,0.0044,0.03,0.029,"HQY078950",0
0.006,0.0362,0,0,0.009,0.02,0,0.195,12,0.0063,0.0033,0.018,0.017,"HQE097620",0
0.005,0.0018,0,0,0.017,0.02,0,0.095,17,0.0095,0.0029,0.023,0.021,"HQB097600",0
0.005,0.0377,0,0,0.013,0.02,0,0.198,28,0.0061,0.004,0.028,0.027,"HQX143530",0
0.005,0.0167,0,1,0.01,0.02,0,0.184,16,0.0078,0.0033,0.02,0.018,"HQY041030",0
0.004,0.0014,0,0,0.017,0.02,0,0.059,16,0.0098,0.0033,0.043,0.041,"HQJ131130",0.001
0.007,0.0476,0,0,0.018,0.01,0,0.296,40,0.0062,0.0032,0.04,0.039,"HQD044020",0
0.006,0.0044,9,0,0.1,0.03,0.06,0.574,21,0.0854,0.0094,0.043,0.042,"HQC026960",0.002
0.004,0.0386,0,1,0.012,0.02,0,0.203,15,0.0084,0.0041,0.029,0.028,"HQE000430",0
0.006,0.0415,1,1,0.026,0.02,0,0.213,25,0.0104,0.0029,0.025,0.025,"HQC104620",0
0.005,0.0336,0,0,0.012,0.02,0,0.201,23,0.0067,0.003,0.018,0.017,"HQZ156550",0
0.005,0.0623,0,0,0.013,0.02,0,0.79,33,0.0104,0.0027,0.036,0.036,"HQF015830",0.001
0.006,0.1199,0,0,0.018,0.02,0,1.168,39,0.0083,0.003,0.016,0.015,"HQZ007160",0.001
0.004,0.0163,0,0,0.016,0.02,0,0.172,13,0.0064,0.0025,0.024,0.024,"HQG111790",0.001
0.006,0.0364,0,1,0.01,0.02,0,0.204,23,0.0068,0.0028,0.037,0.035,"HQY103730",0
0.006,0.0613,0,0,0.013,0.02,0,0.798,30,0.0096,0.0025,0.046,0.044,"HQB088850",0
0.006,0.0017,0,0,0.008,0.01,0,0.081,16,0.0065,0.003,0.023,0.021,"HQB059550",0.002
0.005,0.0381,0,0,0.011,0.02,0,0.177,20,0.0068,0.0027,0.036,0.035,"HQA065430",0
0.005,0.0399,0,0,0.038,0.02,0,0.186,20,0.0067,0.0033,0.017,0.015,"HQC138800",0
0.007,0.0623,0,0,0.016,0.02,0,0.776,32,0.0113,0.0037,0.027,0.026,"HQB011040",0.001
0.007,0.039,0,1,0.029,0.02,0,0.217,23,0.0078,0.0035,0.024,0.023,"HQX085630",0
0.006,0.0362,0,0,0.02,0.01,0,0.208,16,0.0071,0.0026,0.019,0.018,"HQB030250",0
0.007,0.0737,2,0,0.015,0.02,0,1.101,43,0.0202,0.0023,0.024,0.024,"HQZ047170",0.002
0.005,0.0568,0,0,0.017,0.02,0,0.775,41,0.011,0.0025,0.038,0.037,"HQF021680",0.001
0.005,0.0018,0,0,0.015,0.02,0,0.072,21,0.008,0.003,0.024,0.022,"HQE078930",0.002
0.005,0.1413,0,0,0.013,0.02,0,0.485,28,0.0108,0.0026,0.018,0.017,"HQY010800",0
0.006,0.0378,0,7,0.014,0.02,0,0.196,28,0.0105,0.0026,0.032,0.03,"HQX030480",0
0.007,0.1153,0,0,0.014,0.01,0,0.408,24,0.009,0.0033,0.021,0.019,"HQA113250",0
0.005,0.0013,0,0,0.021,0.02,0,0.06,22,0.0073,0.0038,0.024,0.023,"HQY001790",0.003
0.004,0.0024,17,1,0.067,0.07,0,0.542,12,0.0149,0.003,0.024,0.023,"HQJ143080",0.002
0.005,0.0177,0,0,0.011,0.02,0,0.202,17,0.0075,0.0038,0.018,0.016,"HQG151070",0
0.006,0.0342,0,0,0.023,0.03,0,0.185,15,0.0091,0.0041,0.022,0.02,"HQZ093650",0
0.004,0.0016,5,0,0.052,0.02,0,0.193,12,0.046,0.009,0.034,0.03,"HQG058910",0.001
0.005,0.0492,0,0,0.029,0.02,0,0.299,33,0.0081,0.0039,0.03,0.028,"HQF117500",0
0.005,0.0396,0,0,0.01,0.02,0.01,0.197,18,0.0088,0.0033,0.034,0.032,"HQA050710",0
0.005,0.0593,0,0,0.014,0.02,0,0.79,31,0.0094,0.0024,0.032,0.031,"HQB087570",0
0.005,0.0567,0,0,0.026,0.02,0,0.792,27,0.0103,0.0027,0.036,0.031,"HQG131360",0
0.006,0.0623,0,1,0.033,0.02,0,0.791,33,0.0101,0.0027,0.034,0.032,"HQD024870",0.001
0.005,0.0346,0,0,0.013,0.02,0,0.173,25,0.0112,0.0035,0.028,0.028,"HQA076440",0
0.004,0.0414,0,1,0.01,0.02,0,0.195,28,0.0085,0.0041,0.025,0.024,"HQE091880",0
0.007,0.0363,14,1,0.013,0.02,0,0.229,15,0.0083,0.003,0.026,0.026,"HQA164560",0
0.004,0.0017,0,0,0.022,0.03,0,0.071,19,0.0091,0.0037,0.035,0.032,"HQG150520",0.002
0.006,0.1065,0,1,0.008,0.02,0,0.419,29,0.0119,0.0025,0.013,0.01,"HQA035050",0
0.005,0.0442,0,0,0.018,0.01,0,0.205,25,0.0055,0.0037,0.026,0.024,"HQG016470",0
0.006,0.0377,0,0,0.009,0.02,0,0.185,11,0.0069,0.0036,0.032,0.031,"HQF002020",0
0.004,0.0022,0,0,0.016,0.02,0,0.073,12,0.0054,0.0036,0.027,0.022,"HQG127090",0.002
0.005,0.0014,6,0,0.056,0.02,0,0.195,14,0.0429,0.0086,0.034,0.033,"HQA067490",0.001
0.005,0.0343,0,0,0.018,0.02,0,0.198,17,0.0123,0.0038,0.018,0.017,"HQF149560",0
0.004,0.0678,0,0,0.024,0.02,0,0.478,28,0.0085,0.0027,0.046,0.044,"HQG100590",0.001
0.007,0.0384,0,0,0.019,0.02,0,0.211,27,0.0053,0.0027,0.03,0.026,"HQY119380",0
0.006,0.0021,1,0,0.012,0.03,0,0.146,21,0.0112,0.0032,0.035,0.034,"HQD055090",0.002
0.004,0.1154,0,0,0.021,0.02,0,0.467,27,0.0087,0.0037,0.021,0.014,"HQG105090",0
0.004,0.0575,0,1,0.029,0.03,0,0.343,21,0.0113,0.0036,0.038,0.037,"HQH017140",0.001
0.004,0.0317,0,0,0.01,0.01,0,0.168,19,0.0047,0.0028,0.023,0.022,"HQF105050",0
0.005,0.0539,0,0,0.018,0.02,0,0.354,20,0.01,0.0023,0.029,0.028,"HQC022930",0
0.005,0.0014,0,0,0.012,0.02,0,0.079,12,0.0092,0.0042,0.037,0.036,"HQG045480",0.002
0.005,0.0019,0,0,0.017,0.02,0,0.151,17,0.0078,0.0032,0.027,0.026,"HQC025440",0.001
0.004,0.0016,0,0,0.02,0.02,0,0.098,12,0.0088,0.003,0.026,0.024,"HQB137820",0.001
0.004,0.0363,0,0,0.01,0.02,0,0.194,19,0.0071,0.0034,0.021,0.02,"HQJ009900",0
0.005,0.0573,0,1,0.018,0.02,0,0.348,26,0.0063,0.003,0.039,0.038,"HQH103300",0
0.005,0.0357,0,0,0.017,0.02,0,0.191,16,0.0102,0.0033,0.026,0.025,"HQF115050",0
0.005,0.0392,0,0,0.014,0.02,0,0.198,21,0.0089,0.0032,0.016,0.014,"HQA046720",0
0.005,0.0013,0,0,0.093,0.02,0,0.154,13,0.0184,0.0099,0.032,0.03,"HQH077870",0
0.005,0.0386,0,0,0.011,0.02,0,0.197,15,0.0084,0.0035,0.02,0.02,"HQF148950",0
0.006,0.0525,0,0,0.014,0.02,0,0.792,33,0.0106,0.0025,0.023,0.021,"HQA077460",0
0.005,0.0777,3,0,0.014,0.02,0,0.883,21,0.0183,0.0026,0.032,0.028,"HQH045140",0
0.007,0.1902,0,0,0.012,0.02,0,0.472,38,0.0087,0.0028,0.028,0.026,"HQA157150",0
0.007,0.0399,0,0,0.022,0.02,0,0.198,29,0.0064,0.0037,0.028,0.026,"HQY084210",0
0.006,0.074,2,0,0.016,0.02,0,0.892,31,0.0179,0.0024,0.026,0.024,"HQZ038890",0.001
0.004,0.0762,0,0,0.029,0.02,0,0.291,30,0.0102,0.0025,0.026,0.025,"HQG081890",0
0.004,0.038,0,0,0.017,0.02,0,0.18,20,0.0085,0.0033,0.024,0.023,"HQH136870",0
0.006,0.0387,0,0,0.014,0.02,0,0.209,23,0.0108,0.0035,0.022,0.02,"HQX069160",0
0.005,0.0198,0,2,0.009,0.02,0,0.198,19,0.0069,0.0035,0.024,0.022,"HQZ009770",0
0.006,0.0594,0,0,0.011,0.01,0,0.351,32,0.0068,0.0022,0.032,0.03,"HQB061860",0
0.003,0.0332,0,0,0.015,0.02,0,0.204,10,0.0101,0.0028,0.029,0.025,"HQG113760",0
0.007,0.0186,0,0,0.011,0.02,0,0.205,14,0.0076,0.0038,0.021,0.02,"HQY126000",0
0.004,0.0408,0,0,0.024,0.02,0,0.202,15,0.009,0.0033,0.031,0.03,"HQJ000940",0
0.006,0.0011,4,0,0.051,0.02,0,0.191,18,0.0457,0.0103,0.033,0.032,"HQB040840",0
0.005,0.0393,0,0,0.011,0.02,0,0.187,20,0.0093,0.0032,0.02,0.019,"HQD124320",0
0.006,0.0198,0,2,0.011,0.02,0,0.207,16,0.0088,0.0031,0.021,0.02,"HQY148740",0
0.004,0.0029,16,0,0.067,0.07,0,0.535,20,0.0144,0.0026,0.026,0.025,"HQJ142920",0.002
0.005,0.0381,11,0,0.015,0.02,0,0.188,17,0.0075,0.0034,0.022,0.022,"HQH035310",0
0.004,0.0026,16,1,0.066,0.07,0,0.535,20,0.0146,0.0029,0.022,0.021,"HQG056340",0.002
0.005,0.039,0,0,0.013,0.02,0,0.192,27,0.0096,0.003,0.032,0.03,"HQY067050",0
0.007,0.0757,2,0,0.02,0.02,0,0.889,38,0.0193,0.0025,0.035,0.033,"HQZ038670",0.001
0.007,0.0021,0,0,0.011,0.02,0,0.142,11,0.01,0.0032,0.021,0.02,"HQA043590",0.002
0.006,0.0014,0,0,0.009,0.01,0,0.094,25,0.0096,0.0032,0.028,0.027,"HQX163510",0.001
0.006,0.0491,0,0,0.01,0.02,0,0.293,31,0.006,0.0034,0.036,0.034,"HQA020000",0
0.005,0.0789,3,0,0.025,0.02,0,0.894,25,0.0192,0.0024,0.027,0.026,"HQH045050",0.001
0.008,0.0029,0,0,0.023,0.02,0,0.088,15,0.0095,0.0039,0.025,0.024,"HQB013740",0.001
0.006,0.1014,0,0,0.012,0.01,0,0.687,33,0.0104,0.0027,0.02,0.018,"HQA070690",0
0.004,0.0388,13,3,0.019,0.02,0,0.225,23,0.01,0.004,0.03,0.027,"HQE131930",0
0.006,0.1477,0,1,0.02,0.02,0,0.848,39,0.0103,0.0026,0.023,0.021,"HQX036280",0.002
0.004,0.0369,0,0,0.022,0.02,0,0.199,19,0.0103,0.0035,0.028,0.026,"HQF049510",0
0.005,0.0398,0,2,0.015,0.02,0,0.194,24,0.0111,0.0034,0.02,0.019,"HQD140620",0
0.006,0.1191,0,0,0.017,0.02,0,0.424,22,0.0101,0.0024,0.025,0.024,"HQD018850",0
0.004,0.0814,0,0,0.013,0.02,0,0.442,33,0.0113,0.003,0.018,0.016,"HQG066320",0
0.007,0.0016,0,0,0.017,0.02,0,0.067,16,0.0074,0.0036,0.03,0.029,"HQY104560",0.003
0.007,0.1383,0,0,0.012,0.02,0,0.864,35,0.0097,0.0024,0.022,0.021,"HQZ047450",0.001
0.004,0.0361,0,1,0.024,0.06,0,0.14,19,0.0069,0.0036,0.036,0.034,"HQG070080",0
0.005,0.0018,0,0,0.012,0.02,0,0.057,16,0.0057,0.0028,0.031,0.03,"HQA027440",0.002
0.005,0.1887,0,0,0.012,0.02,0,0.469,29,0.0069,0.0022,0.036,0.035,"HQE147760",0
0.006,0.0343,0,0,0.022,0.01,0,0.149,18,0.0091,0.0024,0.016,0.015,"HQA149090",0
0.005,0.0219,0,0,0.022,0.02,0,0.19,22,0.0083,0.0035,0.023,0.023,"HQH055570",0
0.004,0.0594,0,0,0.012,0.01,0,0.79,36,0.008,0.0018,0.028,0.027,"HQF030030",0
0.007,0.0017,0,0,0.013,0.02,0,0.093,16,0.0088,0.0032,0.028,0.026,"HQY133560",0.001
0.006,0.0019,0,0,0.019,0.02,0,0.093,21,0.0088,0.003,0.026,0.024,"HQA038390",0
0.005,0.0387,0,0,0.02,0.02,0,0.192,16,0.0072,0.003,0.017,0.016,"HQF141400",0
0.005,0.0426,11,0,0.01,0.02,0,0.197,17,0.0073,0.0033,0.019,0.018,"HQE057860",0
0.004,0.1458,0,1,0.013,0.02,0,0.511,27,0.0122,0.003,0.026,0.024,"HQG133970",0.001
0.006,0.0353,0,0,0.009,0.02,0,0.197,20,0.0062,0.0029,0.024,0.022,"HQY113260",0
0.004,0.0404,15,1,0.02,0.01,0,0.241,21,0.0052,0.0038,0.038,0.037,"HQG072350",0
0.005,0.0552,0,0,0.011,0.02,0,0.321,31,0.0079,0.0039,0.035,0.033,"HQX097920",0
0.004,0.0347,0,0,0.041,0.02,0.01,0.181,26,0.0063,0.0051,0.027,0.026,"HQF125340",0
0.004,0.0357,0,0,0.014,0.02,0,0.195,14,0.0083,0.0024,0.022,0.02,"HQG003180",0
0.005,0.059,0,0,0.016,0.02,0,0.785,38,0.0076,0.0033,0.031,0.03,"HQA048330",0
0.007,0.0411,0,0,0.016,0.02,0,0.199,35,0.0085,0.0034,0.033,0.032,"HQX127520",0
0.004,0.1483,1,1,0.014,0.02,0,0.784,37,0.0085,0.002,0.024,0.022,"HQJ136020",0.001
0.004,0.0421,0,1,0.01,0.02,0,0.192,18,0.0102,0.0027,0.026,0.024,"HQG153500",0
0.005,0.0466,0,0,0.03,0.02,0,0.192,19,0.0076,0.0033,0.028,0.027,"HQC030880",0
0.004,0.0388,0,0,0.008,0.01,0,0.21,14,0.0071,0.003,0.03,0.028,"HQH150420",0
0.005,0.0406,0,0,0.014,0.02,0,0.2,16,0.008,0.0035,0.032,0.03,"HQC104850",0
0.006,0.0362,0,0,0.012,0.01,0,0.193,21,0.0091,0.0023,0.018,0.017,"HQB025880",0
0.006,0.0022,0,0,0.096,0.02,0,0.155,13,0.0181,0.0098,0.03,0.029,"HQA070530",0
0.006,0.0021,0,0,0.017,0.02,0,0.145,15,0.009,0.0032,0.028,0.026,"HQB020470",0.002
0.005,0.0397,0,0,0.009,0.02,0,0.205,14,0.0071,0.0035,0.026,0.024,"HQD122040",0
0.005,0.0379,0,0,0.016,0.03,0,0.183,18,0.0084,0.0034,0.018,0.017,"HQH069600",0
0.005,0.0762,4,0,0.014,0.02,0,0.905,36,0.0182,0.0028,0.024,0.024,"HQC088770",0.002
0.004,0.0371,19,0,0.008,0.02,0,0.193,14,0.0115,0.0035,0.026,0.024,"HQD088070",0
0.005,0.0323,0,0,0.013,0.01,0,0.193,23,0.0063,0.0029,0.019,0.018,"HQZ081850",0
0.006,0.1167,0,0,0.017,0.02,0,0.445,31,0.0086,0.0024,0.021,0.02,"HQB113090",0
0.004,0.0419,0,0,0.029,0.02,0,0.139,23,0.0074,0.0035,0.026,0.025,"HQJ024710",0
0.006,0.021,0,0,0.011,0.02,0,0.13,10,0.0081,0.0033,0.03,0.029,"HQD026580",0
0.005,0.0415,0,0,0.01,0.01,0,0.193,19,0.0087,0.0035,0.035,0.033,"HQF020090",0
0.004,0.1556,0,0,0.03,0.01,0,0.811,37,0.0139,0.0026,0.021,0.02,"HQJ108260",0.001
0.006,0.0787,2,1,0.026,0.02,0,1.084,33,0.0193,0.0026,0.026,0.025,"HQX002040",0.002
0.007,0.0381,0,1,0.013,0.02,0,0.152,19,0.009,0.0042,0.026,0.024,"HQZ039650",0
0.005,0.0383,0,1,0.014,0.01,0,0.187,34,0.0074,0.0031,0.044,0.042,"HQH006950",0
0.007,0.0763,3,0,0.024,0.02,0,0.895,35,0.0177,0.0022,0.035,0.034,"HQB015790",0
0.006,0.0392,0,1,0.012,0.01,0,0.196,39,0.0087,0.0029,0.028,0.027,"HQB064070",0.001
0.005,0.0019,0,0,0.014,0.02,0,0.077,14,0.0082,0.0037,0.043,0.041,"HQE040310",0.002
0.005,0.0352,0,0,0.015,0.03,0,0.188,19,0.0138,0.0031,0.029,0.029,"HQD128530",0
0.004,0.0359,0,1,0.022,0.05,0,0.136,23,0.0065,0.0035,0.03,0.028,"HQG083890",0
0.005,0.189,0,1,0.023,0.02,0,0.85,34,0.0113,0.0034,0.018,0.018,"HQH030820",0.001
0.006,0.0402,0,0,0.018,0.02,0,0.198,20,0.0088,0.0035,0.024,0.023,"HQX159960",0
0.004,0.0372,0,0,0.01,0.02,0.01,0.197,15,0.0137,0.0027,0.028,0.026,"HQJ089790",0
0.007,0.0423,0,0,0.011,0.02,0,0.204,13,0.0101,0.003,0.022,0.021,"HQZ046070",0
0.006,0.045,18,1,0.012,0.02,0,0.194,21,0.0078,0.0032,0.024,0.022,"HQC134780",0
0.006,0.0386,14,1,0.009,0.02,0,0.234,12,0.0083,0.0027,0.029,0.028,"HQA163980",0
0.006,0.0419,0,3,0.012,0.02,0,0.199,33,0.0079,0.0034,0.024,0.022,"HQC100810",0
0.005,0.0681,0,0,0.022,0.02,0,0.249,120,0.011,0.0032,0.039,0.038,"HQG029200",0
0.006,0.1485,0,1,0.014,0.02,0,0.799,30,0.01,0.0026,0.031,0.029,"HQC092000",0.001
0.004,0.0586,0,0,0.014,0.01,0,0.35,34,0.0075,0.0027,0.034,0.033,"HQJ116740",0
0.005,0.0017,0,0,0.021,0.02,0,0.059,16,0.0099,0.0044,0.038,0.037,"HQH002570",0.001
0.004,0.139,0,0,0.02,0.02,0,0.841,28,0.0105,0.0021,0.02,0.02,"HQJ136640",0.001
0.006,0.034,0,2,0.013,0.02,0,0.202,28,0.0069,0.0029,0.035,0.033,"HQY028020",0
0.006,0.0199,0,0,0.017,0.02,0,0.205,13,0.0076,0.0039,0.025,0.024,"HQA019200",0
0.004,0.0368,11,0,0.011,0.02,0,0.192,19,0.0074,0.0034,0.027,0.026,"HQH035890",0
0.006,0.0192,0,0,0.008,0.02,0,0.193,22,0.009,0.0033,0.022,0.02,"HQZ125430",0
0.004,0.0294,0,0,0.023,0.02,0,0.311,23,0.0184,0.0036,0.028,0.027,"HQY034560",0.001
0.005,0.0016,0,0,0.013,0.02,0,0.097,14,0.0107,0.0031,0.034,0.033,"HQH142780",0.001
0.006,0.0019,0,0,0.02,0.02,0,0.069,19,0.0086,0.0028,0.028,0.027,"HQZ106370",0.001
0.006,0.0444,12,0,0.016,0.02,0,0.189,20,0.0069,0.003,0.023,0.021,"HQA100410",0
0.005,0.0388,0,0,0.01,0.02,0,0.195,18,0.0065,0.0038,0.018,0.017,"HQD041470",0
0.005,0.1203,0,0,0.028,0.03,0,0.315,22,0.0106,0.0027,0.026,0.024,"HQG021480",0
0.007,0.0024,0,0,0.011,0.02,0,0.076,22,0.0073,0.0032,0.028,0.026,"HQA154920",0.002
0.006,0.0627,0,1,0.032,0.03,0,0.346,23,0.0114,0.0026,0.036,0.034,"HQH103240",0.001
0.005,0.0403,0,0,0.009,0.03,0,0.189,22,0.0148,0.0027,0.024,0.022,"HQC032570",0
0.005,0.0411,0,0,0.011,0.02,0,0.206,23,0.0108,0.0027,0.026,0.025,"HQD155010",0.001
0.006,0.1013,0,1,0.015,0.02,0,0.682,31,0.008,0.0024,0.018,0.018,"HQA032420",0.001
0.005,0.171,0,1,0.011,0.01,0,0.53,24,0.0084,0.0043,0.021,0.02,"HQZ154640",0
0.004,0.0027,16,0,0.064,0.07,0,0.549,16,0.0141,0.0033,0.021,0.019,"HQG058060",0.001
0.005,0.0377,0,0,0.017,0.02,0,0.189,22,0.009,0.0035,0.03,0.03,"HQH011540",0
0.005,0.0404,0,1,0.01,0.02,0,0.183,27,0.0082,0.0034,0.034,0.033,"HQC083420",0
0.006,0.0371,0,2,0.018,0.02,0,0.208,27,0.0082,0.0042,0.029,0.027,"HQX061930",0
0.006,0.0333,0,20,0.012,0.02,0,0.191,22,0.0087,0.0031,0.031,0.028,"HQE024990",0
0.005,0.0358,0,0,0.011,0.01,0,0.189,16,0.0077,0.0027,0.032,0.031,"HQG150630",0
0.005,0.039,0,1,0.012,0.02,0,0.206,17,0.0073,0.0034,0.023,0.021,"HQY092630",0
0.007,0.0413,0,0,0.009,0.02,0,0.19,19,0.0078,0.0024,0.025,0.024,"HQA106870",0
0.004,0.0014,0,1,0.024,0.03,0,0.101,17,0.0094,0.0045,0.027,0.025,"HQD145010",0.002
0.004,0.039,0,0,0.026,0.02,0,0.202,24,0.0081,0.0037,0.033,0.032,"HQH135540",0
0.004,0.0392,0,1,0.007,0.02,0,0.19,16,0.0151,0.0044,0.024,0.022,"HQF063430",0
0.005,0.0803,2,1,0.015,0.02,0,0.907,33,0.0203,0.0026,0.029,0.028,"HQC018280",0.001
0.004,0.0396,0,0,0.018,0.02,0,0.192,20,0.0077,0.0027,0.027,0.024,"HQJ001680",0
0.006,0.0395,0,0,0.015,0.01,0,0.186,24,0.0075,0.0032,0.026,0.026,"HQB070850",0
0.005,0.0021,0,0,0.012,0.02,0,0.077,16,0.0102,0.0037,0.025,0.024,"HQA073580",0.003
0.005,0.0774,5,2,0.013,0.01,0,0.902,44,0.0192,0.0022,0.028,0.028,"HQE139620",0.001
0.007,0.1153,0,0,0.014,0.01,0,0.408,24,0.009,0.0033,0.021,0.019,"HQA113330",0
0.006,0.0791,0,30,0.013,0.02,0,0.296,21,0.0097,0.0032,0.028,0.025,"HQZ026840",0
0.005,0.0012,5,1,0.053,0.02,0,0.203,17,0.0459,0.0099,0.038,0.036,"HQC068020",0.001
0.004,0.0634,0,0,0.013,0.02,0,0.338,28,0.0103,0.0032,0.031,0.03,"HQF051610",0
0.003,0.0214,0,0,0.009,0.01,0,0.191,11,0.0079,0.0038,0.028,0.027,"HQG092430",0
0.004,0.1424,0,3,0.018,0.02,0,0.84,27,0.0121,0.0031,0.019,0.017,"HQX102340",0.001
0.006,0.0753,1,0,0.028,0.02,0,0.903,39,0.0212,0.0024,0.028,0.026,"HQX074290",0.001
0.005,0.129,0,0,0.019,0.02,0,0.901,24,0.0115,0.0031,0.027,0.026,"HQF008270",0.001
0.006,0.0393,0,0,0.018,0.02,0,0.196,30,0.0085,0.0029,0.028,0.027,"HQY043040",0
0.005,0.0393,0,0,0.007,0.02,0,0.141,22,0.0094,0.0037,0.026,0.024,"HQX140330",0
0.007,0.002,0,0,0.014,0.02,0,0.142,15,0.0088,0.0029,0.031,0.03,"HQA087180",0.002
0.007,0.0385,0,0,0.018,0.02,0,0.205,16,0.0076,0.0036,0.026,0.025,"HQY154450",0
0.006,0.0365,0,0,0.013,0.02,0,0.152,12,0.0118,0.0034,0.024,0.018,"HQA034220",0
0.005,0.0564,0,1,0.012,0.02,0,0.343,22,0.0091,0.0027,0.036,0.034,"HQD108650",0
0.006,0.0321,0,0,0.021,0.02,0,0.195,29,0.0107,0.0033,0.035,0.032,"HQE110680",0
0.005,0.036,13,3,0.014,0.01,0,0.23,16,0.0045,0.0049,0.035,0.034,"HQD077600",0
0.006,0.0018,0,1,0.009,0.02,0,0.076,16,0.0087,0.0032,0.025,0.023,"HQB090230",0.001
0.005,0.1394,0,18,0.018,0.04,0,0.848,33,0.0108,0.0033,0.024,0.022,"HQX091100",0.001
0.005,0.0548,0,0,0.021,0.02,0,0.342,32,0.0057,0.003,0.035,0.034,"HQJ016240",0
0.005,0.0382,0,0,0.02,0.02,0,0.184,21,0.0092,0.0029,0.027,0.025,"HQC057900",0
0.005,0.0024,0,0,0.014,0.02,0,0.1,20,0.0094,0.0034,0.027,0.024,"HQZ013190",0.001
0.006,0.0358,0,0,0.02,0.02,0,0.183,20,0.0095,0.0039,0.028,0.026,"HQX056530",0
0.005,0.15,0,0,0.024,0.02,0,0.459,23,0.0097,0.003,0.018,0.016,"HQE041890",0.001
0.005,0.0352,0,0,0.025,0.02,0,0.199,18,0.0105,0.0038,0.021,0.019,"HQF112460",0
0.005,0.0792,2,0,0.014,0.02,0,0.885,26,0.019,0.0019,0.032,0.03,"HQE067790",0.001
0.004,0.1402,0,0,0.022,0.01,0,0.841,28,0.008,0.0027,0.025,0.023,"HQJ051400",0.001
0.004,0.0606,0,0,0.013,0.02,0,0.788,33,0.0128,0.0028,0.033,0.032,"HQG118520",0.001
0.005,0.0361,0,1,0.015,0.02,0,0.183,20,0.0096,0.0034,0.024,0.022,"HQE023050",0
0.006,0.0017,0,0,0.019,0.02,0,0.145,19,0.0082,0.0029,0.022,0.02,"HQA148690",0.002
0.006,0.0573,1,0,0.028,0.03,0,0.401,41,0.007,0.0033,0.018,0.017,"HQF130360",0
0.004,0.0354,12,0,0.024,0.02,0,0.221,16,0.0097,0.0038,0.036,0.036,"HQE131580",0
0.006,0.0376,0,1,0.01,0.01,0,0.187,17,0.0061,0.0032,0.031,0.03,"HQB059720",0
0.004,0.0346,0,0,0.017,0.02,0,0.183,17,0.006,0.0034,0.02,0.019,"HQG096260",0
0.005,0.0018,0,3,0.02,0.02,0,0.147,19,0.0104,0.0041,0.028,0.024,"HQE095810",0.002
0.004,0.0617,0,0,0.013,0.02,0,0.359,33,0.0103,0.003,0.046,0.045,"HQJ116590",0
0.004,0.0596,0,0,0.015,0.02,0,0.339,31,0.0101,0.0026,0.039,0.037,"HQH158090",0
0.006,0.161,0,0,0.023,0.02,0,1.107,28,0.011,0.0024,0.019,0.018,"HQA160370",0.001
0.006,0.0352,0,0,0.02,0.02,0,0.201,15,0.0098,0.0032,0.03,0.029,"HQB129450",0
0.004,0.1178,0,3,0.019,0.02,0,0.452,33,0.0115,0.0022,0.026,0.024,"HQH105570",0.001
0.004,0.0373,0,0,0.013,0.01,0,0.223,33,0.0059,0.0026,0.028,0.027,"HQG008540",0
0.006,0.1901,0,0,0.011,0.02,0,0.408,37,0.0107,0.0015,0.032,0.031,"HQD048700",0
0.006,0.0352,0,0,0.012,0.02,0,0.202,18,0.0085,0.0045,0.025,0.024,"HQA007460",0
0.005,0.0427,0,0,0.025,0.02,0,0.205,23,0.0068,0.0051,0.023,0.021,"HQX108830",0
0.005,0.0415,0,1,0.018,0.03,0,0.202,19,0.0087,0.0035,0.024,0.024,"HQH099930",0
0.006,0.033,0,0,0.01,0.01,0,0.179,15,0.0079,0.0027,0.026,0.026,"HQB070100",0
0.005,0.0611,0,11,0.02,0.02,0,0.8,34,0.0099,0.004,0.047,0.042,"HQZ156690",0.001
0.007,0.0369,0,3,0.022,0.02,0.01,0.201,35,0.0079,0.0034,0.022,0.02,"HQX088010",0
0.004,0.0414,0,1,0.01,0.02,0,0.195,28,0.0085,0.0041,0.025,0.024,"HQE091890",0
0.004,0.0204,0,1,0.01,0.02,0,0.193,15,0.01,0.0037,0.03,0.028,"HQG092460",0
0.005,0.0014,5,0,0.056,0.02,0,0.206,16,0.0452,0.0101,0.041,0.039,"HQH058030",0
0.005,0.0224,1,1,0.019,0.02,0,0.192,30,0.009,0.0035,0.019,0.019,"HQH054750",0
0.005,0.0574,0,0,0.015,0.02,0,0.334,35,0.0079,0.0034,0.03,0.029,"HQE056650",0.001
0.005,0.0441,0,0,0.011,0.02,0,0.2,32,0.0072,0.0026,0.024,0.023,"HQZ106670",0
0.004,0.0561,0,0,0.019,0.02,0,0.791,32,0.0096,0.0015,0.032,0.032,"HQH147160",0.001
0.005,0.0756,2,0,0.01,0.02,0,0.904,21,0.0191,0.0026,0.023,0.022,"HQZ064100",0.001
0.005,0.0021,0,4,0.009,0.02,0,0.095,15,0.008,0.0039,0.022,0.02,"HQD104500",0.002
0.004,0.0013,0,1,0.021,0.02,0,0.072,15,0.0102,0.0039,0.031,0.03,"HQH063010",0.001
0.005,0.0399,0,1,0.02,0.02,0,0.195,20,0.0079,0.0038,0.021,0.021,"HQB127130",0
0.004,0.1183,1,1,0.015,0.02,0,1.168,29,0.0083,0.0029,0.023,0.023,"HQB149700",0
0.006,0.0597,0,0,0.015,0.02,0,0.363,30,0.0098,0.003,0.036,0.034,"HQC123630",0
0.006,0.0684,0,0,0.292,0.41,0,0.408,,0.1022,0.0033,0.022,0.021,"HQY065490",0.002
0.006,0.0541,0,2,0.015,0.02,0,0.342,27,0.0068,0.0029,0.026,0.024,"HQX148730",0
0.005,0.0022,0,0,0.027,0.02,0,0.098,19,0.0101,0.0038,0.026,0.024,"HQF157760",0.001
0.005,0.0015,0,0,0.013,0.02,0,0.09,15,0.0105,0.0029,0.019,0.018,"HQB083530",0
0.006,0.002,0,0,0.017,0.02,0,0.094,24,0.01,0.0033,0.026,0.025,"HQZ005340",0.001
0.004,0.0168,0,0,0.01,0.02,0,0.197,18,0.009,0.0031,0.022,0.021,"HQD097850",0
0.004,0.0673,0,0,0.009,0.02,0,0.492,32,0.0096,0.0024,0.05,0.049,"HQG100400",0.001
0.005,0.1141,0,1,0.018,0.02,0,0.43,25,0.0121,0.0024,0.027,0.025,"HQH105310",0.001
0.006,0.0411,0,0,0.019,0.02,0,0.201,15,0.0093,0.003,0.03,0.03,"HQD026060",0
0.005,0.0376,0,0,0.016,0.02,0,0.192,12,0.0076,0.0038,0.024,0.023,"HQD105670",0
0.004,0.0413,0,0,0.03,0.03,0,0.179,22,0.0087,0.0032,0.025,0.024,"HQH124530",0
0.004,0.0419,0,0,0.022,0.03,0,0.184,33,0.0119,0.004,0.035,0.035,"HQF151760",0
0.006,0.0018,0,1,0.018,0.02,0,0.093,17,0.0098,0.004,0.026,0.025,"HQD061910",0.001
0.004,0.1012,0,0,0.031,0.02,0,0.43,30,0.0084,0.004,0.025,0.023,"HQG101150",0
0.006,0.0015,5,0,0.057,0.02,0,0.2,19,0.0456,0.0088,0.034,0.033,"HQA067590",0
0.005,0.0377,0,0,0.012,0.02,0,0.21,22,0.0115,0.0028,0.027,0.024,"HQB062740",0
0.005,0.1759,0,0,0.012,0.02,0,0.484,33,0.0115,0.0024,0.026,0.024,"HQX010090",0.001
0.005,0.0774,5,2,0.013,0.01,0,0.902,44,0.0192,0.0022,0.028,0.028,"HQE139790",0.001
0.005,0.0416,0,1,0.008,0.02,0,0.189,18,0.0091,0.0025,0.018,0.017,"HQJ097250",0
0.004,0.0023,0,0,0.018,0.02,0,0.065,12,0.0093,0.0034,0.033,0.028,"HQJ053500",0.002
0.004,0.0388,0,0,0.022,0.03,0,0.215,28,0.0109,0.0032,0.028,0.027,"HQD126840",0
0.004,0.0476,0,2,0.033,0.02,0,0.297,32,0.0097,0.0027,0.037,0.036,"HQJ112280",0
0.005,0.0574,0,0,0.015,0.02,0,0.334,35,0.0079,0.0034,0.03,0.029,"HQE056670",0.001
0.005,0.0367,0,0,0.009,0.02,0,0.175,16,0.01,0.0027,0.019,0.018,"HQD150770",0
0.006,0.0369,0,1,0.013,0.02,0,0.186,32,0.0065,0.0032,0.023,0.022,"HQZ106860",0
0.005,0.0023,16,0,0.064,0.07,0,0.544,13,0.0137,0.0035,0.024,0.023,"HQG161810",0.001
0.004,0.0019,0,0,0.012,0.02,0,0.096,16,0.01,0.0029,0.029,0.027,"HQH159690",0.001
0.006,0.1954,0,0,0.013,0.02,0,0.471,39,0.011,0.0032,0.024,0.022,"HQY029880",0
0.006,0.1802,0,0,0.016,0.02,0,0.479,30,0.0116,0.0031,0.025,0.022,"HQE079010",0.001
0.007,0.0842,0,0,0.013,0.02,0,0.449,28,0.0104,0.003,0.028,0.028,"HQY104790",0
0.005,0.0362,0,0,0.011,0.02,0,0.182,18,0.0105,0.0033,0.02,0.02,"HQB150790",0
0.006,0.0733,3,0,0.015,0.02,0,1.083,34,0.0161,0.0018,0.027,0.026,"HQA061870",0.001
0.005,0.0394,0,0,0.011,0.02,0,0.19,38,0.0086,0.0028,0.018,0.016,"HQZ099240",0
0.005,0.0372,0,1,0.01,0.02,0,0.204,16,0.0079,0.004,0.029,0.028,"HQX150250",0
0.005,0.0601,0,0,0.019,0.01,0,0.768,34,0.0086,0.0032,0.027,0.026,"HQG136620",0.001
0.006,0.0019,0,0,0.011,0.05,0.02,0.151,12,0.0465,0.0033,0.036,0.034,"HQC072040",0
0.006,0.0384,0,0,0.015,0.02,0,0.205,22,0.009,0.0038,0.027,0.022,"HQC103790",0
0.007,0.1321,0,0,0.018,0.02,0,0.896,36,0.0097,0.0026,0.025,0.024,"HQY125140",0.001
0.006,0.0022,0,0,0.01,0.02,0,0.095,17,0.0094,0.004,0.022,0.019,"HQB085540",0.001
0.005,0.0019,0,0,0.012,0.02,0,0.081,18,0.0095,0.0034,0.03,0.028,"HQB119940",0.001
0.005,0.0754,2,1,0.02,0.02,0,1.079,29,0.0203,0.0026,0.033,0.032,"HQC060770",0.002
0.005,0.0449,0,0,0.011,0.01,0,0.291,26,0.0075,0.0034,0.035,0.034,"HQX089920",0
0.006,0.0418,12,1,0.012,0.02,0,0.258,21,0.0082,0.0041,0.033,0.031,"HQY007350",0
0.005,0.0542,0,0,0.012,0.02,0,0.777,33,0.0107,0.0026,0.028,0.026,"HQZ153200",0.001
0.005,0.0388,0,0,0.016,0.02,0,0.187,27,0.009,0.0033,0.022,0.02,"HQD124530",0
0.005,0.0017,0,1,0.01,0.02,0,0.138,18,0.0103,0.0034,0.028,0.027,"HQE149130",0.002
0.005,0.034,0,0,0.016,0.02,0,0.183,19,0.0142,0.0036,0.032,0.031,"HQG012240",0
0.006,0.1487,0,1,0.021,0.02,0,0.896,36,0.0113,0.0026,0.029,0.028,"HQA130580",0.001
0.005,0.1182,0,1,0.021,0.02,0,0.301,27,0.0132,0.0029,0.027,0.026,"HQH105110",0.001
0.006,0.1173,0,2,0.014,0.02,0,1.197,37,0.0092,0.0035,0.022,0.021,"HQZ007380",0.002
0.004,0.0396,0,0,0.019,0.02,0,0.188,21,0.0098,0.0032,0.021,0.019,"HQJ063000",0
0.007,0.0398,0,0,0.021,0.01,0,0.192,28,0.0067,0.0026,0.033,0.032,"HQB017820",0
0.004,0.0717,0,0,0.02,0.02,0,0.478,40,0.0161,0.0024,0.042,0.041,"HQJ002260",0.001
0.005,0.043,0,0,0.011,0.02,0,0.199,14,0.011,0.0029,0.027,0.026,"HQC057270",0
0.004,0.0403,0,0,0.01,0.02,0,0.2,19,0.0101,0.0033,0.029,0.028,"HQH155160",0
0.004,0.0014,0,0,0.026,0.02,0,0.074,19,0.0089,0.0035,0.033,0.031,"HQH135170",0.002
0.004,0.0016,0,0,0.018,0.02,0,0.064,21,0.01,0.0032,0.03,0.029,"HQC064090",0.002
0.006,0.0378,0,0,0.013,0.01,0,0.194,19,0.0067,0.0021,0.03,0.029,"HQB027130",0
0.007,0.0017,0,0,0.018,0.02,0,0.087,20,0.011,0.0036,0.033,0.032,"HQD048170",0.002
0.006,0.0569,0,4,0.013,0.02,0,0.798,28,0.0085,0.0027,0.024,0.022,"HQZ055760",0.001
0.004,0.0586,0,0,0.014,0.01,0,0.35,34,0.0075,0.0027,0.034,0.033,"HQJ116720",0
0.004,0.0357,0,0,0.011,0.02,0,0.198,23,0.0111,0.0025,0.028,0.027,"HQD128200",0
0.004,0.0732,1,2,0.021,0.02,0,0.593,26,0.0192,0.0027,0.032,0.03,"HQJ078620",0.001
0.007,0.0362,0,0,0.018,0.02,0,0.198,22,0.0124,0.0025,0.025,0.023,"HQA147220",0
0.005,0.0015,0,0,0.017,0.02,0,0.07,17,0.0091,0.0034,0.038,0.035,"HQF078770",0.002
0.005,0.039,0,0,0.012,0.02,0,0.194,23,0.0061,0.0039,0.029,0.028,"HQH018510",0
0.004,0.0354,0,0,0.021,0.02,0,0.185,19,0.0067,0.0031,0.023,0.021,"HQJ039040",0
0.005,0.1124,0,0,0.022,0.02,0,0.323,30,0.0101,0.0019,0.02,0.019,"HQB046370",0
0.006,0.0469,0,0,0.016,0.02,0,0.283,28,0.0086,0.0042,0.03,0.029,"HQZ013520",0
0.004,0.0414,0,0,0.015,0.02,0,0.191,17,0.0143,0.0029,0.033,0.03,"HQF093800",0
0.005,0.1772,0,0,0.018,0.02,0,0.488,36,0.0093,0.0027,0.021,0.019,"HQZ084560",0
0.006,0.036,0,1,0.012,0.02,0,0.189,16,0.0075,0.0033,0.018,0.016,"HQY110680",0
0.006,0.0382,12,0,0.009,0.02,0,0.244,21,0.0089,0.0032,0.028,0.026,"HQX051910",0
0.005,0.0014,5,0,0.053,0.02,0,0.19,14,0.0452,0.0093,0.041,0.04,"HQH021230",0.001
0.004,0.0403,0,0,0.018,0.01,0,0.198,25,0.0077,0.0032,0.026,0.025,"HQJ009230",0
0.006,0.0582,0,0,0.012,0.01,0,0.808,22,0.0088,0.0033,0.039,0.034,"HQF016230",0
0.007,0.0385,0,52,0.013,0.01,0,0.207,28,0.0066,0.0029,0.023,0.021,"HQA114360",0
0.005,0.0018,0,3,0.01,0.02,0,0.093,18,0.0082,0.0035,0.035,0.031,"HQE052320",0.001
0.005,0.1349,0,1,0.009,0.02,0,0.932,33,0.0114,0.002,0.019,0.018,"HQZ135680",0.001
0.003,0.177,0,0,0.023,0.03,0,0.765,33,0.0146,0.0018,0.03,0.028,"HQG093390",0
0.004,0.0176,0,0,0.018,0.02,0,0.142,20,0.0081,0.0035,0.033,0.032,"HQF054360",0
0.004,0.0363,0,0,0.017,0.02,0,0.19,15,0.0095,0.0033,0.016,0.016,"HQD124390",0
0.006,0.0016,0,0,0.012,0.06,0.02,0.141,13,0.0484,0.0044,0.032,0.031,"HQB089240",0
0.004,0.0025,14,0,0.065,0.06,0,0.535,24,0.0141,0.0028,0.025,0.024,"HQG055330",0.001
0.006,0.0634,0,0,0.024,0.02,0,0.487,36,0.0102,0.0027,0.046,0.045,"HQA060130",0
0.004,0.0018,0,0,0.101,0.02,0,0.15,19,0.0186,0.0099,0.033,0.032,"HQE129240",0
0.007,0.0741,3,0,0.017,0.02,0,0.906,32,0.018,0.0024,0.032,0.03,"HQY155090",0.001
0.006,0.0364,0,0,0.012,0.02,0,0.2,20,0.0093,0.0032,0.032,0.028,"HQD035860",0
0.005,0.039,10,0,0.014,0.02,0,0.199,16,0.0094,0.0039,0.017,0.016,"HQA000360",0
0.005,0.102,0,0,0.015,0.01,0,0.449,42,0.0071,0.0027,0.012,0.01,"HQZ114550",0
0.007,0.04,0,2,0.015,0.02,0,0.206,19,0.0094,0.0032,0.03,0.028,"HQA092350",0
0.005,0.1205,0,0,0.031,0.02,0,0.298,23,0.0103,0.0026,0.015,0.013,"HQB067420",0
0.004,0.1144,0,0,0.021,0.02,0,0.317,30,0.0096,0.003,0.023,0.022,"HQH128970",0
0.003,0.0352,0,0,0.02,0.02,0,0.176,26,0.0071,0.0033,0.02,0.017,"HQG096560",0
0.005,0.035,0,6,0.014,0.02,0,0.186,15,0.0097,0.0034,0.023,0.022,"HQC065900",0
0.007,0.0603,0,0,0.017,0.02,0,0.779,32,0.0081,0.0034,0.03,0.028,"HQX130710",0.001
0.006,0.0832,4,2,0.014,0.02,0.04,1.321,20,0.0085,0.0015,0.032,0.031,"HQD038230",0.002
0.005,0.0321,0,0,0.016,0.02,0,0.194,21,0.0069,0.004,0.03,0.029,"HQH000750",0
0.006,0.1173,0,0,0.018,0.02,0,0.305,33,0.0097,0.0029,0.027,0.026,"HQY002240",0
0.007,0.0024,0,0,0.011,0.02,0,0.074,24,0.0084,0.0033,0.032,0.031,"HQX011850",0.002
0.004,0.0398,0,0,0.011,0.02,0,0.193,28,0.0087,0.0031,0.031,0.03,"HQH161010",0
0.004,0.1969,0,0,0.018,0.02,0,0.911,30,0.0115,0.0032,0.02,0.017,"HQG090720",0
0.005,0.0695,2,0,0.021,0.02,0,0.614,31,0.021,0.0035,0.027,0.026,"HQH095830",0.001
0.004,0.0417,14,0,0.013,0.02,0,0.193,14,0.0075,0.0028,0.025,0.024,"HQJ039450",0
0.005,0.054,0,0,0.027,0.02,0,0.784,47,0.0108,0.0026,0.04,0.038,"HQD102500",0
0.004,0.0378,0,1,0.012,0.02,0,0.231,26,0.0132,0.0026,0.023,0.021,"HQG143150",0
0.004,0.1173,0,0,0.029,0.04,0,0.45,30,0.0144,0.0029,0.025,0.023,"HQG106150",0
0.005,0.0416,0,0,0.018,0.02,0,0.201,18,0.0091,0.0034,0.028,0.027,"HQA007530",0
0.006,0.0883,0,0,0.011,0.02,0,0.285,25,0.0086,0.0031,0.032,0.029,"HQZ026880",0
0.005,0.1123,0,1,0.013,0.02,0,0.454,31,0.0073,0.0032,0.027,0.026,"HQX106700",0
0.007,0.0022,0,0,0.02,0.02,0,0.065,20,0.0071,0.003,0.03,0.027,"HQB017530",0.002
0.005,0.0364,0,0,0.011,0.02,0,0.188,20,0.0108,0.0028,0.028,0.027,"HQG026890",0
0.004,0.1381,0,0,0.017,0.02,0,0.85,26,0.0118,0.0022,0.031,0.027,"HQG140500",0
0.005,0.0397,0,1,0.03,0.02,0,0.18,18,0.0089,0.0043,0.03,0.03,"HQE141590",0
0.005,0.0382,0,0,0.015,0.02,0,0.238,14,0.0063,0.0039,0.028,0.027,"HQZ169230",0
0.005,0.039,0,0,0.015,0.02,0,0.203,11,0.0109,0.004,0.02,0.017,"HQD145170",0
0.004,0.0396,0,0,0.011,0.02,0,0.2,15,0.0081,0.0027,0.021,0.02,"HQC068760",0
0.007,0.0564,0,0,0.022,0.02,0,0.792,31,0.0083,0.0026,0.036,0.034,"HQY122460",0.001
0.004,0.0341,0,0,0.014,0.02,0,0.197,18,0.008,0.0028,0.031,0.029,"HQG020160",0
0.005,0.0481,0,0,0.014,0.02,0,0.304,28,0.0108,0.0024,0.036,0.032,"HQJ019250",0.001
0.005,0.0798,2,0,0.014,0.01,0,0.888,23,0.0178,0.0026,0.028,0.028,"HQA144590",0.001
0.005,0.0423,0,0,0.022,0.02,0,0.204,18,0.0088,0.0034,0.024,0.023,"HQB122310",0
0.007,0.0363,0,0,0.01,0.02,0,0.2,18,0.0073,0.0026,0.028,0.026,"HQY139730",0
0.005,0.0442,0,0,0.017,0.02,0,0.28,29,0.0104,0.0034,0.029,0.027,"HQZ139700",0
0.005,0.0382,0,0,0.008,0.02,0,0.187,19,0.009,0.0042,0.022,0.021,"HQD154680",0
0.005,0.0373,0,0,0.01,0.02,0,0.142,15,0.0079,0.0026,0.031,0.028,"HQE012580",0
0.006,0.1179,0,0,0.012,0.02,0,0.342,26,0.0091,0.0021,0.019,0.018,"HQA035230",0
0.006,0.0019,0,0,0.013,0.02,0,0.075,22,0.0092,0.0032,0.029,0.027,"HQX026930",0.003
0.007,0.0319,0,0,0.012,0.01,0,0.206,31,0.0094,0.003,0.038,0.037,"HQX136380",0
0.006,0.0437,0,0,0.01,0.01,0,0.187,30,0.0046,0.0027,0.013,0.012,"HQZ002360",0
0.007,0.005,9,0,0.097,0.02,0.06,0.572,24,0.0855,0.0084,0.052,0.05,"HQY101250",0.002
0.005,0.0356,0,2,0.014,0.03,0,0.186,11,0.0148,0.0042,0.022,0.02,"HQZ080690",0
0.006,0.0028,0,0,0.011,0.01,0,0.148,14,0.0092,0.0033,0.032,0.029,"HQD041610",0.001
0.005,0.038,0,0,0.01,0.02,0,0.206,15,0.007,0.0031,0.033,0.032,"HQA015210",0
0.006,0.0015,0,0,0.011,0.02,0,0.097,21,0.0096,0.0054,0.033,0.031,"HQZ013060",0.001
0.006,0.0377,0,1,0.01,0.02,0,0.211,23,0.009,0.0031,0.027,0.026,"HQB107940",0
0.007,0.0397,0,1,0.015,0.02,0,0.237,12,0.0102,0.004,0.025,0.023,"HQA149180",0
0.006,0.0626,0,1,0.013,0.02,0,0.818,26,0.0106,0.0021,0.037,0.034,"HQD016020",0.001
0.005,0.0025,0,0,0.012,0.01,0,0.148,23,0.0094,0.003,0.034,0.032,"HQD042350",0.001
0.005,0.0367,0,0,0.008,0.02,0,0.138,23,0.0107,0.0026,0.021,0.02,"HQG005670",0
0.004,0.0732,1,2,0.021,0.02,0,0.593,26,0.0192,0.0027,0.032,0.03,"HQJ078410",0.001
0.006,0.1155,0,1,0.019,0.02,0,0.446,30,0.0089,0.0028,0.021,0.02,"HQY105910",0
0.006,0.0608,0,0,0.027,0.03,0,0.36,28,0.011,0.0025,0.039,0.038,"HQD078000",0
0.006,0.1725,0,0,0.012,0.01,0,0.512,31,0.007,0.0021,0.019,0.018,"HQX004700",0
0.005,0.0442,0,0,0.018,0.02,0,0.242,21,0.01,0.0032,0.022,0.022,"HQF112740",0
0.005,0.0597,0,0,0.015,0.02,0,0.785,33,0.0095,0.0026,0.035,0.034,"HQF033290",0
0.005,0.0451,0,0,0.013,0.02,0,0.322,30,0.0068,0.0029,0.029,0.027,"HQZ139150",0
0.005,0.0407,0,0,0.013,0.02,0,0.199,24,0.0089,0.0037,0.028,0.026,"HQX152300",0
0.005,0.0801,1,1,0.014,0.02,0,0.889,29,0.0187,0.0029,0.019,0.017,"HQY025740",0.001
0.007,0.0398,0,0,0.011,0.02,0,0.18,27,0.0078,0.0035,0.025,0.024,"HQB104770",0
0.005,0.0392,0,0,0.02,0.02,0,0.193,25,0.0097,0.0034,0.027,0.027,"HQC031690",0
0.004,0.0418,19,2,0.021,0.02,0,0.189,17,0.0102,0.004,0.018,0.016,"HQF045640",0
0.006,0.0361,0,0,0.019,0.02,0,0.185,19,0.0101,0.0035,0.023,0.022,"HQF141950",0
0.007,0.0399,0,7,0.012,0.02,0,0.186,21,0.0124,0.0036,0.023,0.023,"HQD061940",0
0.004,0.0674,0,0,0.026,0.02,0,0.818,33,0.0091,0.0027,0.037,0.036,"HQG105910",0
0.006,0.0674,2,0,0.012,0.02,0,0.597,26,0.0188,0.0027,0.032,0.032,"HQB057920",0.002
0.005,0.0758,2,0,0.024,0.03,0,0.912,36,0.0189,0.0022,0.033,0.032,"HQH063200",0.001
0.005,0.1143,0,1,0.015,0.02,0,0.492,28,0.0103,0.0032,0.021,0.019,"HQZ118720",0.001
0.006,0.1561,0,0,0.013,0.02,0,0.806,23,0.0099,0.0028,0.024,0.023,"HQC092060",0.001
0.006,0.123,1,1,0.026,0.02,0,1.158,37,0.0142,0.0029,0.022,0.021,"HQH057420",0.001
0.005,0.0354,0,0,0.008,0.02,0,0.186,21,0.0084,0.0033,0.02,0.02,"HQD150730",0
0.006,0.0358,0,0,0.011,0.02,0,0.181,19,0.0061,0.0035,0.025,0.024,"HQC137960",0
0.005,0.0023,0,0,0.012,0.02,0,0.066,13,0.0077,0.0034,0.028,0.025,"HQZ135160",0.002
0.005,0.002,0,0,0.012,0.02,0,0.098,13,0.0096,0.0033,0.026,0.025,"HQB088720",0.001
0.005,0.1714,0,1,0.017,0.02,0,0.764,31,0.0071,0.0027,0.028,0.026,"HQE064350",0.001
0.005,0.0703,0,0,0.01,0.02,0,0.47,37,0.007,0.0028,0.046,0.045,"HQG163960",0
0.006,0.0609,0,1,0.013,0.02,0,0.791,48,0.0079,0.0022,0.042,0.041,"HQX026890",0.001
0.006,0.0345,18,1,0.009,0.01,0,0.181,24,0.0084,0.0038,0.019,0.018,"HQB029890",0
0.006,0.034,0,0,0.01,0.02,0,0.182,16,0.0089,0.0036,0.02,0.019,"HQA073930",0
0.005,0.0204,0,0,0.012,0.02,0,0.208,15,0.0066,0.0033,0.024,0.023,"HQZ125200",0
0.005,0.0535,0,0,0.013,0.02,0,0.803,26,0.0099,0.0025,0.03,0.029,"HQF108090",0.001
0.006,0.0019,0,0,0.01,0.02,0,0.1,14,0.0098,0.0028,0.021,0.019,"HQA145120",0.001
0.005,0.0584,0,1,0.011,0.02,0,0.776,28,0.0104,0.0021,0.028,0.028,"HQD152810",0.001
0.007,0.081,2,2,0.02,0.02,0,1.311,34,0.0081,0.002,0.028,0.026,"HQY162410",0.002
0.006,0.0574,0,0,0.015,0.02,0,0.35,21,0.0108,0.0031,0.028,0.026,"HQX098260",0
0.007,0.1625,0,0,0.015,0.02,0,0.504,33,0.0084,0.0032,0.023,0.021,"HQY078380",0
0.004,0.0024,17,1,0.067,0.07,0,0.542,12,0.0149,0.003,0.024,0.023,"HQJ142840",0.002
0.005,0.0377,10,0,0.01,0.02,0,0.242,19,0.0058,0.0031,0.032,0.031,"HQA008700",0
0.005,0.1794,0,0,0.011,0.02,0,0.505,25,0.0096,0.003,0.02,0.019,"HQZ168610",0
0.005,0.0012,6,1,0.057,0.02,0,0.197,17,0.0422,0.0091,0.037,0.036,"HQD141110",0.001
0.004,0.0026,15,3,0.076,0.07,0,0.548,19,0.0154,0.0028,0.033,0.031,"HQF041490",0.002
0.006,0.0374,0,0,0.015,0.02,0.01,0.201,18,0.0086,0.0042,0.023,0.021,"HQA131720",0
0.005,0.0382,0,0,0.012,0.01,0,0.208,26,0.0073,0.0033,0.024,0.023,"HQY061870",0
0.003,0.0364,0,0,0.017,0.05,0,0.148,24,0.0059,0.0028,0.033,0.033,"HQG084100",0
0.004,0.1273,1,1,0.019,0.02,0,0.87,25,0.0094,0.0029,0.028,0.027,"HQJ051600",0.001
0.005,0.0598,0,1,0.018,0.02,0,0.338,28,0.0099,0.0035,0.039,0.038,"HQZ049640",0
0.005,0.002,0,0,0.009,0.02,0,0.068,16,0.0064,0.0033,0.034,0.032,"HQE106580",0.002
0.005,0.0391,0,0,0.011,0.02,0,0.189,16,0.0081,0.003,0.02,0.017,"HQH135370",0
0.007,0.1194,0,0,0.016,0.02,0,0.313,27,0.0072,0.0026,0.022,0.02,"HQZ041570",0
0.005,0.0503,0,0,0.021,0.02,0,0.29,36,0.0059,0.0035,0.032,0.032,"HQF120190",0
0.006,0.0588,0,0,0.014,0.02,0,0.339,30,0.0084,0.0026,0.035,0.034,"HQC123930",0
0.004,0.1371,1,0,0.025,0.02,0,0.829,40,0.0119,0.003,0.022,0.02,"HQJ046480",0.002
0.005,0.0018,0,0,0.018,0.02,0,0.092,13,0.0097,0.0036,0.027,0.026,"HQZ111040",0.001
0.005,0.1616,0,0,0.025,0.02,0,0.589,33,0.0106,0.0023,0.042,0.04,"HQH154280",0
0.004,0.039,0,0,0.021,0.02,0,0.18,19,0.0101,0.0037,0.026,0.024,"HQF146870",0
0.007,0.0347,0,0,0.011,0.01,0,0.168,23,0.008,0.0036,0.02,0.02,"HQB117240",0
0.006,0.0721,0,0,0.013,0.01,0,0.786,32,0.0078,0.0027,0.023,0.022,"HQY039090",0
0.004,0.179,0,0,0.023,0.02,0,0.795,17,0.0141,0.0032,0.018,0.018,"HQJ061260",0.001
0.005,0.0386,11,1,0.016,0.02,0,0.185,17,0.0093,0.0037,0.022,0.021,"HQE003510",0
0.005,0.0314,0,0,0.018,0.02,0,0.202,22,0.0093,0.004,0.035,0.032,"HQY045850",0
0.008,0.0014,0,0,0.009,0.02,0,0.076,9,0.0086,0.0032,0.036,0.033,"HQD049770",0.002
0.006,0.0389,0,0,0.011,0.02,0,0.209,23,0.0107,0.0028,0.026,0.024,"HQB075110",0
0.005,0.0316,0,0,0.009,0.02,0,0.182,24,0.0092,0.0027,0.026,0.026,"HQD143440",0
0.005,0.0019,0,0,0.014,0.02,0,0.099,13,0.0093,0.0034,0.03,0.028,"HQZ121690",0.001
0.005,0.0393,0,0,0.007,0.02,0,0.141,22,0.0094,0.0037,0.026,0.024,"HQX140390",0
0.005,0.0356,17,0,0.01,0.02,0,0.165,20,0.0094,0.0027,0.02,0.019,"HQG023310",0
0.006,0.0347,0,0,0.009,0.02,0,0.183,18,0.0078,0.0029,0.027,0.026,"HQB064560",0
0.005,0.0393,0,1,0.019,0.05,0,0.186,59,0.0067,0.0042,0.033,0.032,"HQZ154350",0
0.003,0.0021,0,0,0.018,0.02,0,0.092,19,0.0105,0.0033,0.025,0.023,"HQJ048980",0.001
0.006,0.1241,0,0,0.019,0.02,0,0.415,27,0.0079,0.004,0.025,0.024,"HQD067010",0
0.004,0.0762,0,0,0.029,0.02,0,0.291,30,0.0102,0.0025,0.026,0.025,"HQG081810",0
0.005,0.0404,0,0,0.013,0.02,0,0.18,16,0.0117,0.0035,0.026,0.025,"HQG064540",0
0.007,0.0019,0,0,0.009,0.05,0.01,0.141,16,0.0522,0.0042,0.03,0.028,"HQA085370",0
0.005,0.0377,0,1,0.02,0.02,0,0.134,14,0.0076,0.0035,0.023,0.022,"HQF071890",0
0.005,0.0362,0,0,0.014,0.01,0,0.195,14,0.0073,0.0029,0.023,0.021,"HQA143510",0
0.005,0.0568,0,0,0.01,0.02,0,0.339,34,0.0091,0.0031,0.04,0.039,"HQD078480",0
0.008,0.0826,2,2,0.012,0.02,0,1.081,31,0.02,0.0021,0.029,0.028,"HQD029050",0.001
0.005,0.0365,0,2,0.008,0.02,0,0.209,23,0.0064,0.0041,0.024,0.022,"HQX105280",0
0.005,0.1084,0,0,0.009,0.02,0,0.307,23,0.0119,0.0022,0.022,0.021,"HQH138440",0
0.006,0.1264,0,0,0.022,0.02,0,1.197,29,0.0124,0.0026,0.019,0.018,"HQA013110",0.001
0.006,0.1745,0,0,0.021,0.02,0,0.317,21,0.0073,0.0026,0.034,0.032,"HQX050480",0.001
0.005,0.0457,0,0,0.024,0.02,0,0.297,16,0.0118,0.0033,0.021,0.019,"HQF140770",0
0.004,0.0404,1,0,0.023,0.03,0,0.182,19,0.0093,0.004,0.032,0.031,"HQJ059550",0
0.003,0.0383,0,0,0.011,0.02,0,0.197,21,0.0105,0.0031,0.022,0.019,"HQJ080420",0
0.006,0.0469,0,0,0.016,0.02,0,0.283,28,0.0086,0.0042,0.03,0.029,"HQZ013470",0
0.004,0.0015,0,0,0.014,0.02,0,0.101,16,0.0104,0.0037,0.034,0.03,"HQG114120",0.002
0.004,0.0388,19,1,0.021,0.02,0,0.177,25,0.0084,0.0045,0.023,0.021,"HQH050880",0
0.006,0.0652,1,0,0.022,0.02,0,0.604,44,0.0186,0.0024,0.034,0.033,"HQX064650",0.001
0.004,0.0583,1,1,0.018,0.02,0,0.801,34,0.0076,0.0026,0.026,0.026,"HQJ039840",0.001
0.004,0.0391,0,0,0.01,0.02,0,0.211,22,0.008,0.003,0.022,0.02,"HQE046410",0
0.004,0.0412,0,0,0.012,0.02,0,0.19,16,0.0091,0.0032,0.025,0.024,"HQF159060",0
0.006,0.0635,0,0,0.014,0.02,0,0.35,28,0.0085,0.0027,0.031,0.03,"HQD013600",0
0.006,0.0021,0,0,0.01,0.02,0,0.102,17,0.0097,0.0034,0.028,0.027,"HQZ068120",0
0.006,0.0358,0,0,0.02,0.02,0,0.183,20,0.0095,0.0039,0.028,0.026,"HQX056570",0
0.004,0.0292,0,0,0.011,0.02,0,0.194,16,0.0121,0.0034,0.03,0.026,"HQE001100",0
0.005,0.0463,0,0,0.015,0.02,0,0.292,16,0.0104,0.0037,0.022,0.02,"HQH084430",0
0.004,0.0172,0,0,0.021,0.02,0,0.194,22,0.008,0.003,0.025,0.023,"HQJ145910",0
0.004,0.1463,0,1,0.015,0.02,0,0.803,27,0.0111,0.0024,0.024,0.022,"HQG140760",0.001
0.005,0.0408,0,0,0.012,0.02,0,0.191,20,0.0075,0.0028,0.027,0.026,"HQC026060",0
0.006,0.038,0,0,0.018,0.02,0,0.204,23,0.0081,0.0029,0.045,0.043,"HQE113350",0
0.005,0.031,0,0,0.011,0.03,0,0.186,17,0.007,0.004,0.028,0.027,"HQD129860",0
0.005,0.0411,0,0,0.01,0.02,0.01,0.206,28,0.009,0.0028,0.02,0.018,"HQZ091070",0
0.004,0.0364,0,0,0.014,0.02,0,0.188,25,0.0096,0.0027,0.023,0.019,"HQF145020",0
0.005,0.0733,3,0,0.024,0.02,0,0.903,43,0.0189,0.0023,0.028,0.027,"HQZ074210",0
0.006,0.0353,11,0,0.019,0.02,0,0.202,13,0.0054,0.0028,0.03,0.028,"HQA040170",0
0.004,0.0315,11,0,0.025,0.02,0,0.189,19,0.0069,0.0049,0.022,0.021,"HQH035240",0
0.005,0.06,0,1,0.022,0.02,0,0.813,33,0.0101,0.0025,0.036,0.035,"HQG007380",0.001
0.006,0.0606,0,0,0.017,0.02,0,0.813,41,0.0068,0.0021,0.038,0.037,"HQA018800",0
0.005,0.0019,0,1,0.012,0.02,0,0.077,17,0.0092,0.0036,0.036,0.033,"HQH079870",0.004
0.007,0.0763,1,7,0.014,0.02,0,0.918,25,0.0189,0.0021,0.028,0.027,"HQB093950",0.001
0.006,0.1523,0,0,0.016,0.02,0,0.493,24,0.0078,0.0028,0.027,0.027,"HQE080120",0.001
0.006,0.1235,0,0,0.01,0.02,0,0.309,26,0.011,0.002,0.027,0.026,"HQD013090",0
0.006,0.074,3,0,0.022,0.03,0,0.904,31,0.0195,0.0023,0.025,0.023,"HQZ038590",0.001
0.006,0.0799,1,0,0.016,0.02,0,0.886,28,0.019,0.0023,0.026,0.025,"HQA012040",0
0.005,0.0423,0,0,0.022,0.02,0,0.204,18,0.0088,0.0034,0.024,0.023,"HQB122360",0
0.006,0.0767,3,1,0.017,0.02,0,0.892,37,0.0188,0.0018,0.028,0.027,"HQX015260",0.002
0.005,0.0018,0,0,0.012,0.02,0,0.068,13,0.0068,0.0034,0.036,0.034,"HQE106570",0.002
0.005,0.0374,0,1,0.013,0.02,0,0.196,28,0.0068,0.0021,0.034,0.033,"HQF125160",0
0.006,0.1399,0,0,0.016,0.02,0,1.204,33,0.009,0.0027,0.026,0.025,"HQZ110890",0.001
0.005,0.0382,0,0,0.015,0.02,0,0.207,20,0.0088,0.0036,0.018,0.016,"HQZ167570",0
0.007,0.0613,0,1,0.023,0.02,0,0.815,26,0.0105,0.0027,0.031,0.03,"HQA156680",0.002
0.006,0.041,0,0,0.016,0.03,0,0.195,16,0.0119,0.0036,0.025,0.024,"HQE095950",0
0.005,0.0568,0,1,0.02,0.02,0,0.787,33,0.0102,0.0035,0.038,0.036,"HQZ156960",0.001
0.004,0.0113,18,0,0.011,0.02,0,0.142,19,0.0097,0.0028,0.022,0.019,"HQF042380",0
0.004,0.0447,0,0,0.013,0.02,0,0.188,20,0.008,0.0033,0.027,0.025,"HQJ005090",0
0.004,0.0479,0,0,0.016,0.02,0,0.295,29,0.0098,0.003,0.037,0.036,"HQJ131610",0
0.005,0.0385,11,0,0.011,0.02,0,0.186,14,0.0078,0.0028,0.022,0.021,"HQG154140",0
0.005,0.0017,0,0,0.018,0.02,0,0.09,15,0.0107,0.0038,0.029,0.027,"HQF084080",0.001
0.005,0.0628,0,2,0.019,0.02,0,0.798,22,0.0102,0.0023,0.036,0.035,"HQD152050",0.001
0.005,0.002,0,0,0.009,0.02,0,0.072,12,0.0115,0.0038,0.031,0.029,"HQH032870",0.002
0.006,0.0326,0,1,0.013,0.02,0,0.187,16,0.0081,0.003,0.024,0.022,"HQZ094610",0
0.005,0.0354,0,0,0.015,0.06,0,0.199,51,0.0088,0.0027,0.034,0.032,"HQF135990",0
0.004,0.0364,0,0,0.021,0.02,0,0.195,19,0.01,0.0041,0.02,0.019,"HQF049410",0
0.004,0.0349,11,0,0.011,0.02,0,0.186,20,0.0092,0.0035,0.028,0.028,"HQH037130",0
0.006,0.0452,0,0,0.022,0.02,0,0.283,27,0.0058,0.0038,0.031,0.029,"HQX089870",0
0.006,0.0217,0,0,0.008,0.02,0,0.207,21,0.0075,0.0105,0.019,0.016,"HQD046990",0
0.007,0.0376,0,0,0.018,0.02,0,0.211,24,0.0084,0.0036,0.028,0.026,"HQX121980",0
0.006,0.0012,0,0,0.017,0.02,0,0.138,22,0.0103,0.0022,0.037,0.034,"HQD022510",0.002
0.006,0.0385,0,0,0.013,0.02,0,0.19,13,0.0094,0.0037,0.027,0.026,"HQD004070",0
0.006,0.1831,0,0,0.024,0.01,0,0.825,29,0.0067,0.0029,0.03,0.029,"HQH094230",0.001
0.006,0.036,0,0,0.022,0.02,0,0.184,26,0.0077,0.0028,0.029,0.028,"HQD010440",0
0.006,0.0401,0,0,0.007,0.02,0,0.186,15,0.0088,0.0033,0.02,0.018,"HQZ146270",0
0.004,0.0388,0,0,0.018,0.02,0,0.203,20,0.0084,0.0032,0.022,0.019,"HQJ028050",0
0.006,0.1802,0,0,0.016,0.02,0,0.479,30,0.0116,0.0031,0.025,0.022,"HQE078850",0.001
0.004,0.0405,0,0,0.016,0.02,0,0.193,13,0.0073,0.0035,0.022,0.021,"HQF098280",0
0.006,0.0394,0,0,0.007,0.02,0,0.192,16,0.0082,0.0037,0.024,0.022,"HQA023980",0
0.006,0.0038,8,0,0.099,0.03,0.06,0.593,15,0.0872,0.0095,0.043,0.04,"HQD051280",0.001
0.005,0.0203,1,0,0.02,0.02,0,0.123,14,0.009,0.0041,0.029,0.028,"HQG021220",0
0.004,0.0387,0,3,0.008,0.02,0,0.188,13,0.0082,0.0029,0.029,0.029,"HQF056680",0
0.007,0.0558,0,0,0.02,0.02,0,0.354,28,0.0071,0.0032,0.031,0.031,"HQD044990",0
0.005,0.1061,0,0,0.01,0.02,0,0.489,22,0.0099,0.0023,0.022,0.02,"HQE120590",0
0.007,0.0802,2,11,0.014,0.02,0,0.906,47,0.0185,0.0023,0.036,0.031,"HQB081620",0.002
0.006,0.1264,0,0,0.022,0.02,0,1.197,29,0.0124,0.0026,0.019,0.018,"HQA013130",0.001
0.005,0.0586,0,1,0.017,0.02,0,0.791,31,0.0088,0.0028,0.038,0.037,"HQH092590",0.001
0.004,0.0387,0,0,0.01,0.01,0,0.202,17,0.0064,0.0029,0.021,0.019,"HQY046550",0
0.006,0.0813,3,1,0.013,0.02,0,0.921,26,0.0225,0.0022,0.033,0.032,"HQE072070",0.002
0.006,0.0016,5,0,0.059,0.02,0,0.21,19,0.0428,0.0082,0.037,0.035,"HQC041860",0.001
0.006,0.0384,0,0,0.013,0.02,0.01,0.183,23,0.008,0.0028,0.028,0.027,"HQJ082190",0
0.006,0.002,0,0,0.017,0.02,0,0.095,19,0.0094,0.0037,0.024,0.022,"HQY097740",0.001
0.005,0.0019,0,0,0.009,0.02,0,0.065,21,0.0094,0.0033,0.033,0.032,"HQD088980",0.002
0.006,0.0386,0,0,0.02,0.02,0,0.193,23,0.0124,0.0028,0.036,0.035,"HQB068170",0.001
0.004,0.1157,0,0,0.015,0.02,0,0.492,20,0.012,0.0027,0.019,0.018,"HQF045510",0
0.006,0.0593,0,0,0.025,0.02,0,0.341,29,0.0118,0.0028,0.031,0.03,"HQX031630",0.001
0.007,0.0485,0,0,0.01,0.02,0,0.307,35,0.0097,0.0021,0.039,0.038,"HQD024590",0
0.006,0.0195,15,1,0.016,0.02,0,0.159,17,0.0083,0.0031,0.026,0.024,"HQZ086590",0
0.005,0.037,0,0,0.019,0.03,0,0.2,18,0.0096,0.0036,0.02,0.018,"HQZ038470",0
0.005,0.0507,0,0,0.011,0.02,0,0.304,42,0.0101,0.0034,0.028,0.027,"HQZ065090",0
0.006,0.0383,0,0,0.016,0.02,0,0.194,16,0.006,0.0042,0.028,0.027,"HQE087330",0
0.005,0.0014,0,1,0.009,0.01,0,0.099,15,0.0096,0.0029,0.035,0.032,"HQE135390",0.001
0.006,0.0012,4,0,0.054,0.02,0,0.202,19,0.045,0.0088,0.039,0.038,"HQA071220",0
0.006,0.0018,0,0,0.01,0.02,0,0.095,19,0.0088,0.0042,0.029,0.028,"HQZ042640",0.001
0.005,0.0568,0,1,0.014,0.01,0,0.779,23,0.0103,0.0016,0.037,0.036,"HQH147790",0.001
0.004,0.0802,3,0,0.027,0.02,0,0.902,26,0.0187,0.0024,0.029,0.028,"HQG111590",0.002
0.006,0.0418,12,1,0.012,0.02,0,0.258,21,0.0082,0.0041,0.033,0.031,"HQY007310",0
0.005,0.0455,0,0,0.023,0.02,0,0.208,24,0.0093,0.0029,0.023,0.022,"HQC057350",0
0.005,0.0019,0,0,0.012,0.02,0,0.088,22,0.0096,0.0034,0.023,0.022,"HQZ011870",0.001
0.004,0.0194,0,0,0.017,0.02,0,0.192,14,0.0055,0.0034,0.028,0.026,"HQJ040110",0
0.007,0.0407,0,0,0.015,0.02,0,0.207,20,0.0068,0.0041,0.027,0.025,"HQY109020",0
0.007,0.0393,0,0,0.018,0.02,0,0.188,23,0.008,0.0041,0.021,0.02,"HQX034390",0
0.005,0.1173,0,0,0.01,0.02,0,0.441,30,0.0106,0.0034,0.02,0.018,"HQZ011640",0.001
0.004,0.0532,0,0,0.011,0.02,0,0.336,30,0.0087,0.003,0.036,0.034,"HQG117550",0
0.005,0.0416,0,1,0.008,0.02,0,0.189,18,0.0091,0.0025,0.018,0.017,"HQJ097240",0
0.005,0.037,0,1,0.022,0.02,0,0.168,17,0.0093,0.0037,0.023,0.023,"HQF119290",0
0.006,0.0192,0,1,0.014,0.02,0,0.183,18,0.0089,0.0039,0.028,0.027,"HQZ087020",0
0.004,0.0353,0,0,0.013,0.02,0,0.183,13,0.0095,0.0032,0.027,0.025,"HQF053950",0
0.004,0.0359,11,1,0.013,0.02,0,0.168,15,0.0092,0.0031,0.021,0.02,"HQB149820",0
0.006,0.0187,0,1,0.01,0.02,0,0.196,18,0.0075,0.004,0.032,0.03,"HQZ082700",0
0.004,0.0681,1,0,0.017,0.02,0,0.586,34,0.0191,0.0022,0.021,0.021,"HQJ036510",0.002
0.006,0.0361,0,0,0.014,0.02,0,0.171,23,0.01,0.0035,0.027,0.026,"HQX015590",0
0.007,0.0023,0,0,0.01,0.02,0,0.141,18,0.0087,0.0029,0.026,0.025,"HQX040590",0.001
0.004,0.1769,1,1,0.029,0.02,0,0.799,26,0.0145,0.0037,0.022,0.022,"HQJ061540",0.002
0.005,0.0367,0,0,0.018,0.01,0,0.18,22,0.0059,0.0035,0.02,0.019,"HQX002250",0
0.005,0.048,0,0,0.031,0.03,0,0.287,37,0.014,0.0032,0.043,0.042,"HQF037770",0
0.004,0.0761,2,0,0.029,0.02,0,0.883,29,0.0168,0.0026,0.024,0.022,"HQG110290",0.001
0.006,0.0015,0,0,0.011,0.02,0,0.087,18,0.0095,0.0029,0.032,0.031,"HQJ081250",0.001
0.004,0.045,0,0,0.026,0.02,0,0.2,16,0.0095,0.0037,0.024,0.024,"HQH088840",0
0.006,0.0456,0,0,0.014,0.02,0,0.189,20,0.0078,0.0039,0.023,0.022,"HQD066560",0
0.006,0.0362,0,0,0.015,0.01,0,0.184,20,0.005,0.0044,0.025,0.023,"HQX056480",0
0.007,0.039,0,0,0.018,0.02,0,0.203,33,0.0088,0.0028,0.026,0.025,"HQX018630",0
0.006,0.1916,0,0,0.011,0.01,0,0.448,33,0.0091,0.0029,0.021,0.02,"HQX050360",0
0.005,0.0431,0,0,0.011,0.02,0,0.294,22,0.0067,0.0032,0.021,0.019,"HQX107410",0
0.006,0.0177,0,0,0.018,0.02,0,0.191,25,0.0084,0.0037,0.017,0.016,"HQZ009440",0
0.006,0.036,0,1,0.014,0.01,0,0.209,29,0.0063,0.003,0.021,0.019,"HQY137140",0
0.006,0.1168,0,0,0.019,0.03,0,0.428,31,0.0103,0.0026,0.026,0.025,"HQA034380",0
0.004,0.0354,0,1,0.013,0.02,0,0.19,20,0.01,0.0041,0.02,0.018,"HQE097560",0
0.004,0.036,0,1,0.012,0.02,0,0.195,14,0.0079,0.0031,0.035,0.033,"HQG142610",0
0.006,0.0622,1,1,0.011,0.02,0,0.822,25,0.0091,0.0025,0.036,0.034,"HQD060170",0.001
0.006,0.0305,11,0,0.009,0.02,0,0.188,18,0.0049,0.0029,0.021,0.02,"HQA086930",0
0.005,0.0689,2,0,0.02,0.01,0,0.603,31,0.0191,0.0036,0.027,0.026,"HQH095880",0
0.006,0.0357,0,0,0.007,0.01,0,0.193,26,0.0065,0.0032,0.033,0.032,"HQA136130",0
0.007,0.0222,0,0,0.02,0.02,0,0.197,13,0.0066,0.0091,0.02,0.019,"HQY163640",0
0.006,0.0396,0,0,0.013,0.03,0,0.209,22,0.0087,0.0029,0.026,0.024,"HQB126840",0
0.006,0.0376,0,0,0.012,0.02,0.01,0.212,33,0.0095,0.0031,0.038,0.037,"HQA051390",0
0.004,0.0345,12,1,0.022,0.02,0,0.187,20,0.0085,0.0036,0.023,0.021,"HQG121130",0
0.006,0.1219,0,0,0.025,0.02,0,0.49,25,0.0074,0.0026,0.024,0.022,"HQA129460",0.001
0.005,0.0706,0,0,0.019,0.02,0,0.245,98,0.0096,0.0033,0.028,0.024,"HQG031560",0
0.004,0.1751,0,0,0.017,0.02,0,0.474,35,0.0106,0.0027,0.026,0.026,"HQJ076450",0
0.005,0.04,0,0,0.02,0.02,0,0.192,21,0.0078,0.0039,0.026,0.024,"HQX057340",0
0.006,0.0015,0,0,0.01,0.02,0,0.085,15,0.0099,0.0028,0.034,0.033,"HQJ080820",0.001
0.006,0.038,0,0,0.008,0.01,0,0.21,16,0.0066,0.0024,0.02,0.018,"HQB027390",0
0.006,0.0376,0,0,0.018,0.02,0,0.209,15,0.0077,0.0028,0.019,0.017,"HQA151320",0
0.004,0.0569,0,0,0.011,0.02,0,0.825,40,0.0095,0.0015,0.029,0.024,"HQF030370",0.001
0.005,0.0427,0,0,0.025,0.02,0,0.205,23,0.0068,0.0051,0.023,0.021,"HQX108850",0
0.005,0.0013,0,0,0.01,0.02,0,0.074,19,0.0106,0.0037,0.035,0.032,"HQZ077070",0.001
0.004,0.1129,0,1,0.012,0.02,0,0.491,23,0.0113,0.0027,0.02,0.02,"HQF048140",0
0.005,0.002,0,0,0.019,0.03,0,0.074,15,0.0118,0.003,0.025,0.024,"HQG000440",0.001
0.007,0.1219,0,0,0.028,0.02,0,0.288,24,0.009,0.0031,0.019,0.018,"HQA140980",0
0.006,0.0288,0,1,0.022,0.02,0,0.189,21,0.008,0.0037,0.016,0.016,"HQF069890",0
0.006,0.0394,0,0,0.013,0.02,0,0.186,29,0.0072,0.0028,0.022,0.021,"HQY090080",0
0.005,0.0408,0,10,0.012,0.02,0,0.195,13,0.0118,0.0034,0.028,0.025,"HQB108860",0
0.006,0.0392,0,0,0.01,0.01,0,0.184,27,0.0086,0.0029,0.026,0.026,"HQB050580",0
0.005,0.04,0,1,0.022,0.02,0,0.195,21,0.0095,0.0044,0.026,0.025,"HQC068280",0
0.005,0.0015,1,0,0.012,0.02,0,0.059,23,0.0103,0.0033,0.023,0.022,"HQC020370",0.002
0.007,0.1152,0,0,0.027,0.02,0,1.191,34,0.012,0.0021,0.025,0.024,"HQX134190",0.001
0.005,0.0413,0,0,0.01,0.02,0,0.309,26,0.0084,0.0021,0.03,0.026,"HQF037560",0
0.004,0.0342,0,0,0.018,0.01,0,0.2,19,0.007,0.003,0.02,0.018,"HQJ064530",0
0.005,0.0362,0,0,0.011,0.02,0,0.182,18,0.0105,0.0033,0.02,0.02,"HQB150720",0
0.005,0.0018,0,0,0.012,0.02,0,0.092,12,0.0109,0.0034,0.023,0.022,"HQC139460",0.001
0.005,0.0667,0,0,0.015,0.01,0,0.241,109,0.0106,0.004,0.032,0.031,"HQC086940",0.001
0.005,0.0017,0,2,0.01,0.02,0,0.065,15,0.0093,0.0033,0.038,0.036,"HQE131150",0.002
0.006,0.0674,2,0,0.012,0.02,0,0.597,26,0.0188,0.0027,0.032,0.032,"HQB057600",0.002
0.006,0.0686,0,0,0.018,0.02,0,0.621,25,0.0191,0.004,0.028,0.027,"HQY057840",0.002
0.006,0.1863,0,0,0.016,0.02,0,0.442,26,0.0103,0.0027,0.031,0.03,"HQA017570",0
0.004,0.0302,0,0,0.012,0.01,0,0.203,19,0.0055,0.003,0.02,0.019,"HQH127920",0
0.004,0.2016,0,2,0.012,0.02,0,0.46,27,0.0094,0.0025,0.036,0.034,"HQJ142280",0
0.006,0.0379,0,0,0.018,0.02,0,0.199,15,0.0109,0.0038,0.024,0.023,"HQA118700",0
0.005,0.0018,0,0,0.032,0.06,0.02,0.149,11,0.0503,0.0045,0.031,0.029,"HQC138650",0
0.005,0.0452,19,0,0.018,0.01,0,0.217,22,0.0074,0.0026,0.024,0.022,"HQC011490",0
0.004,0.0501,0,0,0.014,0.02,0,0.801,33,0.0092,0.0026,0.036,0.034,"HQG043440",0.001
0.005,0.1176,0,0,0.02,0.02,0,0.472,24,0.0098,0.003,0.022,0.022,"HQB085290",0
0.007,0.1232,0,0,0.011,0.02,0,0.318,19,0.0077,0.0024,0.02,0.019,"HQD019330",0
0.005,0.0339,0,0,0.019,0.02,0,0.19,15,0.0089,0.0032,0.022,0.02,"HQA037980",0
0.005,0.1075,0,0,0.011,0.02,0,0.459,23,0.0117,0.0031,0.025,0.024,"HQB113370",0
0.005,0.0017,0,0,0.019,0.02,0,0.09,13,0.0082,0.0036,0.026,0.025,"HQZ123510",0.002
0.005,0.039,0,0,0.015,0.02,0,0.203,11,0.0109,0.004,0.02,0.017,"HQD145190",0
0.005,0.0017,0,0,0.032,0.03,0,0.075,20,0.0088,0.0034,0.021,0.02,"HQH103040",0.003
0.005,0.0357,0,0,0.022,0.02,0,0.184,15,0.01,0.003,0.028,0.027,"HQC022570",0
0.006,0.1144,0,0,0.025,0.02,0,0.414,24,0.0109,0.0036,0.024,0.023,"HQY017660",0
0.004,0.0578,0,1,0.011,0.02,0,0.334,40,0.0085,0.0034,0.028,0.026,"HQZ049020",0
0.006,0.0584,0,0,0.016,0.02,0,0.792,33,0.0096,0.0031,0.029,0.028,"HQE063370",0
0.006,0.0024,0,0,0.009,0.02,0,0.09,16,0.0104,0.0034,0.034,0.033,"HQF075640",0.001
0.006,0.0378,0,0,0.013,0.02,0,0.192,25,0.0095,0.0047,0.018,0.018,"HQC092710",0
0.005,0.0312,0,0,0.014,0.02,0,0.284,19,0.0189,0.0036,0.028,0.026,"HQY034360",0.001
0.005,0.0393,0,1,0.019,0.05,0,0.186,59,0.0067,0.0042,0.033,0.032,"HQZ154470",0
0.004,0.0345,0,0,0.008,0.02,0,0.174,14,0.0074,0.0033,0.018,0.018,"HQD097980",0
0.006,0.194,1,0,0.014,0.02,0,0.472,30,0.0126,0.0024,0.029,0.028,"HQA056090",0.001
0.004,0.0608,0,0,0.012,0.02,0,0.344,35,0.0081,0.0022,0.04,0.039,"HQJ115830",0
0.006,0.0409,0,0,0.014,0.02,0,0.192,24,0.008,0.0029,0.023,0.022,"HQZ106900",0
0.007,0.0456,0,0,0.012,0.01,0,0.279,30,0.0064,0.0033,0.036,0.035,"HQD043940",0
0.004,0.0193,0,0,0.018,0.02,0,0.145,17,0.0084,0.0031,0.036,0.034,"HQG037250",0
0.005,0.148,0,0,0.018,0.02,0,0.694,33,0.012,0.0019,0.031,0.029,"HQH058900",0
0.006,0.0021,0,1,0.011,0.02,0,0.089,19,0.0091,0.0033,0.028,0.026,"HQD102860",0.003
0.006,0.0565,0,0,0.013,0.02,0,0.805,32,0.0109,0.0026,0.036,0.035,"HQY062680",0.001
0.007,0.0459,0,1,0.012,0.03,0,0.142,21,0.0099,0.003,0.02,0.019,"HQA127770",0
0.006,0.0408,0,0,0.012,0.02,0,0.184,13,0.0062,0.0031,0.022,0.021,"HQZ106030",0
0.007,0.0354,0,0,0.014,0.01,0,0.194,20,0.0148,0.003,0.024,0.024,"HQB117680",0
0.005,0.0446,0,0,0.009,0.02,0,0.195,26,0.0092,0.0021,0.024,0.022,"HQJ100900",0
0.004,0.0354,0,0,0.013,0.02,0,0.186,17,0.0099,0.0042,0.015,0.014,"HQB144420",0
0.007,0.0786,1,0,0.012,0.02,0,1.096,33,0.0184,0.0031,0.028,0.026,"HQD028770",0.001
0.005,0.0512,0,0,0.015,0.02,0,0.285,27,0.0083,0.0031,0.029,0.029,"HQJ083840",0
0.004,0.0026,0,0,0.011,0.02,0,0.086,14,0.009,0.003,0.021,0.021,"HQJ124440",0.001
0.005,0.0022,7,2,0.071,0.02,0,0.241,23,0.0665,0.0101,0.036,0.03,"HQX071810",0.001
0.005,0.0355,12,0,0.019,0.02,0,0.186,18,0.0093,0.003,0.029,0.028,"HQH033720",0
0.005,0.0548,0,0,0.01,0.01,0,0.355,23,0.005,0.0028,0.039,0.031,"HQD087460",0
0.004,0.0018,0,0,0.015,0.02,0,0.101,16,0.0099,0.0031,0.034,0.032,"HQJ118180",0.001
0.005,0.1602,0,0,0.028,0.02,0,0.818,39,0.0093,0.0037,0.038,0.036,"HQH134670",0
0.006,0.0778,3,2,0.017,0.02,0,0.892,28,0.0191,0.0021,0.027,0.026,"HQC119280",0.001
0.007,0.1576,0,0,0.023,0.02,0,0.445,29,0.0089,0.0033,0.022,0.022,"HQA106350",0
0.006,0.039,0,0,0.017,0.02,0,0.182,15,0.0073,0.0032,0.025,0.024,"HQC023470",0
0.004,0.0436,0,0,0.025,0.03,0,0.293,26,0.009,0.003,0.034,0.033,"HQG134040",0
0.005,0.0014,6,0,0.051,0.03,0,0.188,21,0.0454,0.0082,0.034,0.032,"HQD062020",0.001
0.006,0.0394,0,1,0.013,0.02,0,0.168,23,0.0092,0.0035,0.024,0.023,"HQX128150",0
0.005,0.0022,0,0,0.021,0.03,0,0.095,21,0.01,0.0035,0.023,0.023,"HQD103170",0.001
0.005,0.0346,0,0,0.013,0.02,0,0.173,25,0.0112,0.0035,0.028,0.028,"HQA076510",0
0.005,0.038,0,5,0.014,0.02,0,0.191,24,0.009,0.0038,0.024,0.023,"HQF043840",0
0.006,0.0693,1,1,0.27,0.4,0,0.401,,0.0963,0.0029,0.023,0.022,"HQB115000",0.004
0.005,0.111,0,0,0.013,0.02,0,0.491,21,0.0119,0.0028,0.02,0.016,"HQE027990",0.001
0.007,0.1902,0,1,0.011,0.02,0,0.448,31,0.0084,0.0029,0.024,0.023,"HQA094930",0
0.006,0.0429,0,0,0.009,0.02,0,0.206,24,0.0089,0.0028,0.02,0.018,"HQX125920",0
0.006,0.0402,0,0,0.014,0.01,0,0.19,37,0.0054,0.0037,0.027,0.026,"HQX145220",0
0.005,0.0456,0,2,0.025,0.02,0,0.302,37,0.0085,0.003,0.026,0.024,"HQX088600",0.001
0.005,0.0358,0,0,0.023,0.02,0,0.196,19,0.0088,0.0038,0.026,0.024,"HQY087770",0
0.005,0.0334,0,0,0.023,0.02,0,0.21,19,0.0056,0.0032,0.028,0.026,"HQC039570",0
0.004,0.0204,0,1,0.01,0.02,0,0.193,15,0.01,0.0037,0.03,0.028,"HQG092490",0
0.006,0.0363,0,0,0.012,0.02,0,0.194,20,0.0078,0.0027,0.021,0.02,"HQA001910",0
0.005,0.0017,0,0,0.01,0.02,0,0.094,12,0.0099,0.0028,0.029,0.027,"HQB105020",0.001
0.006,0.0023,0,9,0.014,0.02,0,0.141,11,0.0101,0.0036,0.022,0.02,"HQD021220",0.002
0.004,0.0405,0,0,0.007,0.02,0,0.204,15,0.0104,0.0039,0.033,0.033,"HQF064210",0
0.005,0.0486,0,1,0.013,0.02,0,0.298,28,0.01,0.0057,0.03,0.028,"HQZ014100",0
0.006,0.0414,0,0,0.015,0.02,0,0.188,11,0.0086,0.003,0.035,0.034,"HQD074330",0
0.005,0.0328,0,0,0.016,0.02,0,0.206,27,0.0088,0.0044,0.027,0.026,"HQY066290",0
0.005,0.0615,0,0,0.022,0.02,0,0.793,35,0.0091,0.0028,0.032,0.03,"HQB084850",0
0.006,0.0016,0,0,0.017,0.02,0,0.073,20,0.0083,0.0033,0.028,0.026,"HQC095130",0.003
0.005,0.002,0,0,0.01,0.02,0,0.094,16,0.0106,0.0036,0.028,0.027,"HQZ161300",0.001
0.004,0.0395,0,3,0.018,0.02,0,0.195,22,0.0123,0.0071,0.027,0.024,"HQF018470",0
0.006,0.0394,0,0,0.016,0.02,0,0.212,23,0.0072,0.0038,0.021,0.019,"HQZ112170",0
0.005,0.0288,0,0,0.012,0.02,0,0.269,13,0.0195,0.0034,0.023,0.021,"HQH079350",0.001
0.006,0.1131,0,0,0.027,0.02,0,0.312,32,0.0078,0.0031,0.021,0.02,"HQY100670",0
0.007,0.005,9,0,0.097,0.02,0.06,0.572,24,0.0855,0.0084,0.052,0.05,"HQY101280",0.002
0.004,0.0616,0,0,0.011,0.02,0,0.788,23,0.0114,0.002,0.03,0.03,"HQJ135730",0.001
0.005,0.0302,0,1,0.013,0.02,0,0.19,22,0.0098,0.0028,0.031,0.029,"HQZ044470",0
0.006,0.0432,0,0,0.021,0.02,0,0.193,17,0.0102,0.0031,0.013,0.012,"HQC094930",0
0.006,0.0374,0,0,0.007,0.01,0,0.203,25,0.0063,0.0028,0.025,0.023,"HQZ025690",0
0.005,0.0194,0,1,0.023,0.02,0,0.186,17,0.0087,0.0041,0.021,0.02,"HQE075400",0
0.007,0.1916,0,0,0.013,0.02,0,0.462,26,0.0071,0.0039,0.026,0.024,"HQY084650",0
0.005,0.075,3,2,0.017,0.02,0,1.08,27,0.0184,0.0022,0.031,0.028,"HQH046590",0.002
0.004,0.0193,0,0,0.018,0.02,0,0.145,17,0.0084,0.0031,0.036,0.034,"HQG037260",0
0.006,0.0757,2,0,0.024,0.02,0,1.074,38,0.0174,0.0028,0.026,0.025,"HQA062400",0.001
0.004,0.0014,0,0,0.016,0.02,0,0.064,17,0.0062,0.0033,0.028,0.027,"HQG133250",0.004
0.005,0.0184,0,0,0.013,0.02,0,0.187,15,0.0073,0.0027,0.018,0.017,"HQC013140",0
0.005,0.0362,0,1,0.015,0.02,0,0.199,16,0.0084,0.0042,0.023,0.022,"HQY066740",0
0.005,0.0401,12,0,0.022,0.02,0,0.219,15,0.01,0.0039,0.042,0.04,"HQF087480",0
0.006,0.0421,0,0,0.023,0.03,0,0.198,23,0.0128,0.004,0.032,0.03,"HQZ052400",0
0.004,0.0386,0,0,0.023,0.02,0,0.212,18,0.008,0.0035,0.026,0.023,"HQD094520",0
0.007,0.0592,0,0,0.018,0.02,0,0.347,26,0.0092,0.0025,0.037,0.036,"HQA144940",0
0.004,0.0352,0,0,0.01,0.01,0,0.19,13,0.0053,0.0033,0.028,0.027,"HQG073050",0
0.005,0.0406,0,0,0.015,0.02,0,0.188,20,0.0093,0.0034,0.022,0.021,"HQE099210",0
0.006,0.0366,0,0,0.017,0.02,0,0.194,14,0.0058,0.0033,0.022,0.021,"HQA043130",0
0.006,0.0387,18,0,0.011,0.02,0,0.2,15,0.0068,0.0035,0.02,0.019,"HQY119630",0
0.005,0.0362,0,0,0.009,0.02,0,0.192,19,0.0097,0.0034,0.026,0.026,"HQJ089580",0
0.004,0.0384,0,0,0.009,0.01,0,0.189,16,0.0048,0.0032,0.022,0.02,"HQE032790",0
0.005,0.0507,0,0,0.014,0.02,0,0.28,19,0.0066,0.0029,0.02,0.02,"HQE012170",0
0.004,0.0533,0,0,0.023,0.02,0,0.354,29,0.0104,0.0032,0.036,0.035,"HQE126740",0
0.004,0.0439,0,0,0.012,0.01,0,0.206,16,0.008,0.0028,0.035,0.034,"HQB145930",0
0.005,0.0712,0,0,0.023,0.02,0,0.494,37,0.0101,0.0023,0.054,0.052,"HQG023470",0
0.005,0.0624,0,1,0.021,0.03,0,0.784,28,0.0142,0.0032,0.045,0.044,"HQF165440",0
0.005,0.0387,0,0,0.014,0.02,0,0.211,20,0.0063,0.0029,0.023,0.02,"HQX109690",0
0.004,0.0384,0,0,0.021,0.02,0,0.197,14,0.0143,0.0033,0.03,0.029,"HQF083400",0
0.004,0.1254,0,1,0.023,0.02,0,0.293,23,0.0086,0.0029,0.019,0.019,"HQH023140",0
0.007,0.0368,0,2,0.029,0.02,0,0.18,38,0.0063,0.0034,0.019,0.018,"HQA095350",0
0.004,0.0357,0,0,0.019,0.02,0,0.189,19,0.0089,0.0052,0.031,0.03,"HQF021360",0
0.005,0.0643,0,0,0.015,0.02,0,0.468,35,0.0083,0.0032,0.044,0.043,"HQE046450",0.001
0.004,0.0386,0,1,0.012,0.02,0,0.203,15,0.0084,0.0041,0.029,0.028,"HQE000450",0
0.006,0.0566,0,1,0.022,0.03,0,0.79,38,0.0133,0.0025,0.034,0.032,"HQF015680",0.002
0.006,0.0017,0,0,0.023,0.02,0,0.095,18,0.0084,0.0032,0.032,0.031,"HQY004960",0.001
0.005,0.058,1,0,0.024,0.02,0,0.8,36,0.0106,0.0032,0.037,0.036,"HQE039210",0.002
0.006,0.0435,0,0,0.012,0.02,0,0.19,23,0.0061,0.0031,0.029,0.028,"HQC122920",0
0.006,0.0371,0,0,0.015,0.01,0,0.197,28,0.0056,0.0022,0.026,0.025,"HQC106240",0
0.006,0.0021,0,0,0.009,0.03,0,0.155,18,0.0087,0.0026,0.034,0.033,"HQC142350",0.002
0.007,0.0776,2,0,0.018,0.02,0,0.901,35,0.0206,0.0018,0.027,0.026,"HQX006600",0.001
0.005,0.067,0,2,0.017,0.02,0,0.247,100,0.0135,0.0039,0.029,0.027,"HQC085430",0
0.006,0.0349,0,0,0.013,0.01,0,0.201,36,0.0065,0.0026,0.025,0.023,"HQY148920",0
0.004,0.0421,0,0,0.017,0.02,0,0.192,24,0.0093,0.0033,0.029,0.027,"HQJ016430",0
0.005,0.0424,0,1,0.017,0.02,0,0.188,35,0.0106,0.0029,0.037,0.035,"HQH112220",0
0.005,0.0414,0,0,0.021,0.02,0,0.19,35,0.0069,0.0031,0.027,0.025,"HQY056640",0
0.006,0.1811,0,0,0.014,0.02,0,0.456,31,0.011,0.0033,0.028,0.022,"HQE078760",0
0.006,0.0345,0,0,0.014,0.02,0,0.196,12,0.0078,0.0036,0.02,0.017,"HQE086970",0
0.007,0.061,0,0,0.012,0.01,0,0.344,29,0.0065,0.0027,0.04,0.039,"HQA121460",0
0.006,0.0349,0,0,0.013,0.01,0,0.201,36,0.0065,0.0026,0.025,0.023,"HQY148960",0
0.005,0.0022,0,0,0.011,0.02,0,0.14,16,0.0103,0.0034,0.027,0.026,"HQE120210",0.001
0.005,0.0579,0,1,0.012,0.02,0,0.337,25,0.0071,0.0034,0.03,0.029,"HQX148570",0
0.005,0.1584,0,0,0.034,0.02,0,0.838,38,0.0089,0.003,0.032,0.03,"HQH091590",0.001
0.006,0.0383,0,1,0.016,0.02,0,0.147,15,0.0057,0.0036,0.021,0.019,"HQY090760",0
0.006,0.1489,0,0,0.014,0.02,0,0.477,39,0.0089,0.0029,0.018,0.018,"HQF076820",0
0.006,0.0404,1,0,0.013,0.02,0,0.199,20,0.0083,0.0032,0.021,0.02,"HQA057030",0
0.004,0.0016,0,0,0.019,0.02,0,0.092,16,0.0111,0.0037,0.036,0.035,"HQJ048560",0.001
0.004,0.0426,0,0,0.023,0.02,0,0.197,18,0.0075,0.0036,0.032,0.03,"HQH130640",0
0.006,0.059,0,1,0.015,0.02,0.01,0.79,32,0.01,0.0025,0.038,0.037,"HQE062820",0.001
0.005,0.12,0,5,0.023,0.02,0,0.5,22,0.0132,0.0026,0.017,0.015,"HQC058700",0.001
0.005,0.0486,0,1,0.011,0.01,0,0.281,19,0.0067,0.0033,0.019,0.018,"HQB044280",0
0.004,0.0024,17,1,0.067,0.07,0,0.542,12,0.0149,0.003,0.024,0.023,"HQJ143580",0.002
0.004,0.0836,2,2,0.02,0.02,0,1.057,30,0.02,0.0021,0.029,0.029,"HQE132120",0.002
0.005,0.0349,0,0,0.014,0.02,0,0.194,19,0.0094,0.0031,0.028,0.027,"HQB101090",0
0.004,0.0393,0,0,0.015,0.02,0,0.202,17,0.0077,0.0031,0.022,0.021,"HQE050510",0
0.006,0.0395,0,0,0.015,0.01,0,0.202,30,0.0073,0.0025,0.028,0.027,"HQB032020",0
0.005,0.0018,0,0,0.022,0.02,0,0.09,17,0.0105,0.0037,0.027,0.024,"HQA066950",0.001
0.005,0.0573,0,0,0.018,0.01,0,0.354,30,0.0064,0.0023,0.04,0.038,"HQF013260",0
0.006,0.0442,0,2,0.014,0.02,0,0.183,18,0.0073,0.0037,0.024,0.022,"HQA107060",0
0.004,0.0022,0,0,0.018,0.02,0,0.074,12,0.0085,0.004,0.026,0.024,"HQG048870",0.003
0.005,0.0384,0,0,0.012,0.01,0,0.179,26,0.0059,0.0028,0.02,0.018,"HQB056780",0
0.005,0.2013,0,0,0.018,0.02,0,0.439,28,0.0104,0.0024,0.036,0.034,"HQH086520",0
0.005,0.0021,0,0,0.009,0.02,0,0.148,13,0.0093,0.0033,0.033,0.029,"HQF105480",0.002
0.004,0.1091,0,0,0.022,0.02,0,0.436,27,0.0105,0.0037,0.021,0.02,"HQG080560",0
0.005,0.0418,0,0,0.02,0.02,0,0.18,19,0.0072,0.0039,0.02,0.02,"HQG049790",0
0.005,0.0014,5,0,0.058,0.02,0,0.196,13,0.0469,0.0095,0.041,0.039,"HQH021000",0.001
0.004,0.0352,0,6,0.022,0.02,0,0.167,17,0.0063,0.0044,0.021,0.02,"HQG090040",0.001
0.005,0.0791,1,2,0.012,0.02,0,0.891,27,0.0201,0.0021,0.031,0.03,"HQY058770",0.002
0.004,0.0341,11,0,0.016,0.02,0,0.198,20,0.0075,0.0027,0.025,0.024,"HQE003770",0
0.006,0.0019,0,5,0.029,0.02,0,0.1,21,0.0097,0.0044,0.023,0.021,"HQX073560",0.001
0.005,0.057,0,0,0.011,0.02,0,0.34,32,0.0093,0.003,0.033,0.032,"HQZ127800",0
0.004,0.0018,0,0,0.012,0.02,0,0.096,26,0.0091,0.0028,0.029,0.028,"HQJ040450",0.001
0.005,0.1112,0,13,0.014,0.02,0,0.3,27,0.0068,0.0028,0.03,0.029,"HQH077220",0
0.004,0.0677,1,0,0.015,0.02,0,0.592,28,0.0178,0.0027,0.033,0.032,"HQJ078910",0.001
0.004,0.0023,0,0,0.023,0.03,0,0.14,15,0.0104,0.0036,0.03,0.029,"HQF041000",0.004
0.004,0.036,0,0,0.012,0.02,0,0.186,25,0.0091,0.0032,0.02,0.02,"HQF046800",0
0.006,0.0765,2,0,0.019,0.02,0,0.906,29,0.0196,0.0024,0.033,0.032,"HQE073480",0.001
0.006,0.0407,0,1,0.011,0.02,0,0.309,27,0.009,0.002,0.024,0.023,"HQB093870",0.001
0.004,0.0455,0,0,0.02,0.02,0,0.194,14,0.0083,0.0037,0.024,0.023,"HQC074900",0
0.006,0.0486,0,0,0.017,0.02,0,0.296,22,0.0112,0.0049,0.022,0.021,"HQX068300",0
0.004,0.0329,0,0,0.018,0.02,0,0.185,18,0.0094,0.0036,0.023,0.022,"HQF096680",0
0.004,0.0021,0,0,0.025,0.03,0,0.09,16,0.0108,0.0036,0.021,0.021,"HQD084660",0.001
0.006,0.0045,9,0,0.103,0.03,0.05,0.559,24,0.0828,0.0102,0.048,0.047,"HQC027150",0.002
0.006,0.0368,0,3,0.009,0.02,0,0.194,17,0.0099,0.0029,0.025,0.024,"HQB107530",0
0.005,0.0024,0,3,0.016,0.02,0,0.066,18,0.01,0.0032,0.029,0.028,"HQG010280",0.003
0.005,0.0535,0,0,0.013,0.02,0,0.803,26,0.0099,0.0025,0.03,0.029,"HQF108060",0.001
0.004,0.0198,0,0,0.017,0.02,0,0.191,21,0.0076,0.0033,0.025,0.023,"HQH048890",0
0.005,0.0342,0,0,0.01,0.02,0,0.18,25,0.0072,0.0031,0.024,0.021,"HQE023180",0
0.006,0.1187,0,1,0.014,0.02,0,0.308,26,0.0094,0.0028,0.024,0.024,"HQC111360",0
0.005,0.0015,0,0,0.013,0.02,0,0.073,16,0.0088,0.0034,0.033,0.032,"HQG045430",0.002
0.005,0.0434,0,0,0.013,0.02,0,0.197,19,0.0082,0.0034,0.029,0.028,"HQA064500",0
0.005,0.0686,1,1,0.01,0.02,0,0.586,24,0.0191,0.0028,0.029,0.028,"HQF163110",0.001
0.006,0.1219,0,0,0.025,0.02,0,0.49,25,0.0074,0.0026,0.024,0.022,"HQA129400",0.001
0.006,0.0363,0,0,0.024,0.03,0,0.187,13,0.0092,0.0045,0.035,0.033,"HQD026810",0
0.005,0.0021,0,1,0.016,0.02,0,0.092,15,0.0094,0.004,0.029,0.028,"HQH087980",0.001
0.005,0.0012,5,0,0.054,0.02,0,0.201,13,0.0468,0.0087,0.04,0.039,"HQF162570",0.001
0.005,0.0372,0,0,0.016,0.02,0,0.199,18,0.0072,0.003,0.027,0.026,"HQC041590",0
0.005,0.002,0,1,0.01,0.02,0,0.087,19,0.0069,0.0033,0.033,0.031,"HQD104660",0.002
0.006,0.0342,0,0,0.026,0.02,0,0.179,21,0.009,0.0026,0.024,0.022,"HQA145360",0
0.005,0.1118,0,0,0.013,0.02,0,0.442,26,0.008,0.0031,0.021,0.02,"HQX107170",0
0.005,0.0354,11,1,0.018,0.02,0,0.242,20,0.0086,0.0043,0.037,0.036,"HQA007860",0
0.005,0.0198,0,2,0.016,0.02,0,0.183,19,0.0065,0.0039,0.019,0.018,"HQZ017940",0
0.006,0.0378,0,0,0.012,0.02,0,0.2,17,0.0124,0.0029,0.019,0.018,"HQA152850",0
0.006,0.0192,0,0,0.017,0.02,0,0.2,16,0.0082,0.0033,0.02,0.019,"HQA018230",0
0.005,0.0019,0,2,0.018,0.02,0,0.067,22,0.0091,0.0038,0.031,0.027,"HQH105650",0.003
0.006,0.0396,0,0,0.019,0.02,0,0.204,14,0.0068,0.0034,0.026,0.024,"HQZ144460",0
0.006,0.0327,0,0,0.021,0.02,0,0.189,18,0.0078,0.0036,0.023,0.022,"HQE111340",0
0.004,0.1254,0,1,0.023,0.02,0,0.293,23,0.0086,0.0029,0.019,0.019,"HQH022990",0
0.005,0.0376,0,0,0.009,0.02,0,0.192,19,0.0095,0.0032,0.03,0.029,"HQA030570",0
0.006,0.0384,1,0,0.013,0.02,0,0.185,22,0.0092,0.0023,0.037,0.036,"HQA145530",0.001
0.004,0.0308,0,0,0.024,0.02,0,0.203,17,0.0086,0.0028,0.03,0.029,"HQD160490",0
0.006,0.0697,1,0,0.026,0.03,0,0.6,23,0.0195,0.0024,0.027,0.027,"HQF040840",0.001
0.006,0.019,0,0,0.024,0.02,0,0.197,12,0.0077,0.0031,0.012,0.012,"HQA120270",0
0.005,0.1939,0,0,0.028,0.02,0,0.8,25,0.0106,0.0032,0.024,0.024,"HQF115600",0.001
0.007,0.164,0,2,0.013,0.01,0,1.105,29,0.0081,0.003,0.024,0.022,"HQY162490",0.001
0.007,0.0019,0,0,0.013,0.05,0.02,0.16,17,0.0498,0.0039,0.031,0.03,"HQB009540",0.001
0.006,0.034,19,0,0.031,0.03,0,0.188,32,0.0086,0.0035,0.029,0.028,"HQF147760",0
0.006,0.0376,0,0,0.018,0.02,0,0.186,19,0.0082,0.0028,0.022,0.022,"HQA142230",0
0.004,0.0439,0,0,0.019,0.02,0,0.242,33,0.0075,0.0033,0.034,0.032,"HQJ055180",0
0.004,0.0016,0,1,0.015,0.02,0,0.072,14,0.0085,0.0033,0.033,0.032,"HQG045150",0.002
0.005,0.0398,0,0,0.028,0.01,0,0.206,29,0.0084,0.0032,0.036,0.036,"HQF020140",0
0.007,0.0013,0,0,0.098,0.02,0,0.143,11,0.0173,0.0091,0.032,0.031,"HQD055010",0
0.004,0.0357,0,0,0.01,0.02,0,0.202,25,0.0117,0.0023,0.022,0.018,"HQE007130",0
0.006,0.0327,0,0,0.016,0.01,0,0.186,23,0.0063,0.0026,0.024,0.022,"HQA161990",0
0.006,0.0795,2,1,0.013,0.02,0,0.898,26,0.0186,0.0025,0.032,0.031,"HQZ089150",0.002
0.004,0.073,4,1,0.015,0.02,0,0.893,23,0.0193,0.0013,0.03,0.029,"HQH161930",0.001
0.007,0.0398,0,0,0.021,0.02,0,0.2,24,0.0121,0.0028,0.03,0.028,"HQY146770",0
0.006,0.0017,0,0,0.099,0.02,0,0.143,11,0.0175,0.0089,0.031,0.031,"HQB061660",0
0.005,0.0439,0,0,0.016,0.03,0,0.188,24,0.0095,0.0032,0.025,0.024,"HQD074110",0
0.006,0.1946,0,0,0.022,0.02,0,0.876,31,0.012,0.0025,0.03,0.029,"HQA037680",0.001
0.006,0.0399,0,2,0.008,0.01,0,0.193,27,0.0056,0.0029,0.039,0.038,"HQE069790",0
0.004,0.0017,0,0,0.012,0.02,0,0.091,15,0.0102,0.0035,0.033,0.032,"HQH137440",0.001
0.006,0.1372,0,0,0.014,0.02,0,0.912,25,0.0095,0.0022,0.021,0.021,"HQE012160",0.002
0.005,0.0826,0,0,0.016,0.02,0,0.429,22,0.014,0.0032,0.03,0.029,"HQF022660",0.001
0.006,0.1709,0,2,0.013,0.01,0,0.48,34,0.0098,0.0033,0.018,0.017,"HQY090540",0.001
0.005,0.0021,0,0,0.018,0.02,0,0.09,16,0.01,0.0037,0.031,0.029,"HQG161500",0.001
0.007,0.0538,0,1,0.013,0.01,0,0.326,28,0.0046,0.0028,0.031,0.03,"HQB014250",0
0.005,0.0405,0,0,0.009,0.02,0,0.192,21,0.008,0.0027,0.021,0.02,"HQJ099200",0
0.004,0.0013,0,0,0.022,0.02,0,0.065,18,0.0084,0.0034,0.036,0.035,"HQJ110930",0.001
0.004,0.0593,0,1,0.009,0.01,0,0.783,27,0.0134,0.002,0.044,0.042,"HQH154800",0.001
0.007,0.1512,0,0,0.018,0.02,0,0.808,25,0.0086,0.0031,0.022,0.021,"HQY128710",0.001
0.004,0.1147,0,0,0.014,0.02,0,0.486,22,0.0131,0.0028,0.023,0.022,"HQF045150",0
0.005,0.037,0,1,0.02,0.03,0,0.194,14,0.0089,0.0057,0.021,0.02,"HQD145420",0
0.005,0.1189,0,0,0.019,0.03,0,0.314,42,0.0126,0.0024,0.021,0.019,"HQB046320",0
0.006,0.0702,0,0,0.024,0.02,0,0.244,108,0.0095,0.003,0.029,0.028,"HQB098180",0
0.005,0.0023,0,1,0.021,0.02,0,0.098,15,0.0092,0.0038,0.03,0.029,"HQH104780",0.002
0.005,0.0018,0,0,0.024,0.02,0,0.106,15,0.0093,0.003,0.026,0.025,"HQE013200",0.001
0.004,0.1128,0,1,0.021,0.02,0,0.291,32,0.0086,0.0029,0.021,0.02,"HQG156320",0
0.004,0.0406,0,0,0.016,0.02,0,0.2,27,0.0089,0.0029,0.039,0.036,"HQG102170",0
0.005,0.0394,0,0,0.012,0.02,0,0.219,26,0.0084,0.0033,0.029,0.027,"HQX116470",0
0.005,0.0349,0,0,0.011,0.01,0,0.195,18,0.007,0.0028,0.031,0.029,"HQF023820",0
0.006,0.057,0,0,0.012,0.02,0,0.782,43,0.0086,0.0022,0.03,0.029,"HQY073800",0
0.005,0.035,0,0,0.016,0.05,0,0.198,40,0.0049,0.0051,0.037,0.035,"HQF134970",0
0.004,0.0532,0,0,0.011,0.02,0,0.336,30,0.0087,0.003,0.036,0.034,"HQG117540",0
0.004,0.0429,0,3,0.024,0.02,0,0.193,18,0.0096,0.0034,0.022,0.02,"HQH124950",0
0.006,0.0391,0,0,0.013,0.02,0,0.197,35,0.0099,0.0032,0.031,0.029,"HQC134960",0
0.006,0.0369,0,0,0.01,0.02,0,0.211,14,0.0078,0.003,0.023,0.021,"HQA043320",0
0.006,0.1994,0,0,0.014,0.02,0,0.387,28,0.0094,0.0029,0.031,0.03,"HQF005940",0
0.006,0.0366,0,0,0.017,0.02,0,0.194,14,0.0058,0.0033,0.022,0.021,"HQA043050",0
0.005,0.1451,0,0,0.011,0.02,0,0.886,32,0.01,0.0024,0.03,0.028,"HQE071760",0.001
0.005,0.0026,0,0,0.009,0.02,0,0.105,15,0.0096,0.0032,0.026,0.025,"HQD155400",0.002
0.005,0.0589,0,0,0.022,0.02,0,0.81,32,0.0115,0.0035,0.031,0.03,"HQZ153660",0
0.004,0.0392,0,0,0.013,0.02,0,0.188,17,0.0094,0.0035,0.024,0.023,"HQJ030330",0
0.004,0.0373,0,0,0.009,0.02,0,0.194,22,0.0112,0.0024,0.018,0.018,"HQJ038450",0
0.006,0.0018,0,1,0.013,0.02,0,0.063,20,0.0075,0.0039,0.021,0.019,"HQZ039430",0.003
0.006,0.0285,0,0,0.014,0.03,0,0.293,17,0.0185,0.0037,0.028,0.026,"HQY034300",0.001
0.005,0.1212,0,1,0.017,0.02,0,0.443,28,0.0092,0.0041,0.026,0.024,"HQB113140",0
0.005,0.0016,0,1,0.011,0.02,0,0.084,19,0.0099,0.004,0.024,0.022,"HQX142150",0.001
0.004,0.123,0,0,0.015,0.01,0,0.309,22,0.0087,0.003,0.026,0.025,"HQH115830",0
0.006,0.0342,0,0,0.012,0.01,0,0.187,23,0.0083,0.0024,0.02,0.018,"HQB097030",0
0.005,0.0389,0,0,0.01,0.02,0,0.205,12,0.008,0.0036,0.024,0.023,"HQF112270",0
0.004,0.1177,0,0,0.01,0.01,0,0.488,25,0.0086,0.0024,0.018,0.018,"HQF045370",0
0.006,0.0402,0,0,0.015,0.02,0,0.212,26,0.0093,0.0034,0.026,0.025,"HQX082910",0
0.006,0.0378,0,0,0.012,0.02,0,0.2,17,0.0124,0.0029,0.019,0.018,"HQA152400",0
0.004,0.0393,0,1,0.024,0.02,0,0.188,22,0.0117,0.0029,0.027,0.026,"HQH145200",0.001
0.005,0.0577,0,1,0.01,0.02,0,0.789,24,0.0093,0.0022,0.029,0.028,"HQF104910",0.001
0.006,0.0413,1,0,0.01,0.02,0,0.202,25,0.0087,0.0023,0.033,0.032,"HQE066570",0
0.006,0.0022,0,0,0.012,0.02,0,0.145,23,0.0092,0.0034,0.026,0.024,"HQD003080",0.001
0.006,0.0366,0,1,0.009,0.02,0,0.191,19,0.0095,0.0026,0.026,0.025,"HQB108330",0
0.007,0.0022,0,0,0.016,0.02,0,0.138,21,0.0097,0.0032,0.031,0.03,"HQB015310",0.001
0.005,0.0491,0,2,0.01,0.02,0,0.296,26,0.0089,0.0024,0.037,0.035,"HQY051390",0
0.005,0.0013,5,0,0.057,0.02,0,0.188,14,0.0475,0.0089,0.044,0.042,"HQD092930",0.001
0.006,0.0395,0,0,0.014,0.02,0,0.209,27,0.0073,0.003,0.03,0.028,"HQX161090",0
0.006,0.0387,18,0,0.011,0.02,0,0.2,15,0.0068,0.0035,0.02,0.019,"HQY119540",0
0.006,0.0019,0,0,0.013,0.02,0,0.094,15,0.0095,0.0039,0.029,0.029,"HQA102950",0.001
0.004,0.0477,0,1,0.011,0.01,0,0.277,29,0.0072,0.0033,0.036,0.036,"HQG078790",0
0.006,0.0018,0,0,0.013,0.06,0.02,0.137,15,0.0515,0.0042,0.028,0.027,"HQA085470",0
0.006,0.0812,3,0,0.023,0.02,0,0.934,32,0.0181,0.0025,0.029,0.029,"HQB102190",0.001
0.006,0.0378,20,0,0.019,0.02,0,0.206,19,0.0122,0.0032,0.019,0.018,"HQX027350",0
0.005,0.1251,0,0,0.013,0.02,0,0.884,29,0.0131,0.0019,0.017,0.016,"HQG140310",0.001
0.007,0.0014,5,0,0.052,0.02,0,0.198,16,0.0449,0.009,0.033,0.032,"HQA139650",0.001
0.004,0.0373,0,0,0.011,0.02,0,0.193,19,0.008,0.0033,0.022,0.02,"HQH126690",0
0.004,0.0409,0,0,0.012,0.02,0,0.211,26,0.0111,0.0031,0.029,0.027,"HQH148110",0
0.006,0.0359,0,0,0.009,0.02,0,0.189,17,0.0076,0.0026,0.024,0.022,"HQY126780",0
0.004,0.1182,0,0,0.014,0.01,0,0.294,26,0.0105,0.003,0.018,0.018,"HQH004030",0
0.005,0.0386,11,0,0.016,0.02,0,0.252,20,0.0086,0.0035,0.032,0.03,"HQA009150",0
0.005,0.0014,5,0,0.053,0.02,0,0.19,14,0.0452,0.0093,0.041,0.04,"HQH021210",0.001
0.006,0.0195,0,0,0.02,0.03,0,0.187,20,0.0124,0.0092,0.02,0.018,"HQC080370",0
0.006,0.0368,0,0,0.014,0.01,0,0.189,23,0.0079,0.004,0.024,0.023,"HQA058380",0
0.006,0.0351,0,1,0.018,0.02,0,0.194,15,0.0096,0.0039,0.026,0.024,"HQZ093720",0
0.005,0.0378,0,0,0.017,0.02,0,0.2,23,0.0093,0.0046,0.023,0.022,"HQE104810",0
0.005,0.0019,0,0,0.012,0.02,0,0.1,14,0.0088,0.0032,0.032,0.03,"HQZ138750",0.001
0.005,0.0191,0,0,0.015,0.02,0,0.15,16,0.0092,0.004,0.028,0.027,"HQY059450",0
0.005,0.0608,1,0,0.02,0.02,0,0.782,36,0.0133,0.0026,0.027,0.026,"HQB094350",0.001
0.006,0.0343,0,0,0.011,0.02,0,0.144,24,0.0049,0.0031,0.021,0.02,"HQE089830",0
0.004,0.147,0,0,0.024,0.02,0,0.503,23,0.0122,0.0027,0.02,0.018,"HQJ001400",0
0.005,0.0552,0,0,0.013,0.02,0,0.293,23,0.0103,0.0025,0.033,0.032,"HQA068680",0
0.005,0.0545,0,0,0.02,0.01,0,0.811,29,0.0083,0.0033,0.029,0.028,"HQG008220",0.001
0.004,0.1428,0,0,0.023,0.02,0,0.89,26,0.0146,0.0031,0.019,0.016,"HQJ052700",0.002
0.004,0.0426,0,0,0.025,0.02,0,0.289,36,0.01,0.0032,0.04,0.038,"HQJ112870",0
0.006,0.0385,0,1,0.026,0.02,0,0.195,26,0.0077,0.0038,0.027,0.025,"HQX156720",0
0.004,0.0377,0,1,0.011,0.02,0,0.173,15,0.0064,0.0027,0.026,0.025,"HQB148890",0
0.004,0.1226,1,0,0.016,0.01,0,1.186,31,0.0087,0.0028,0.028,0.027,"HQB149520",0.001
0.006,0.042,0,0,0.029,0.02,0,0.202,33,0.0071,0.0034,0.032,0.031,"HQF146950",0
0.007,0.0192,0,0,0.012,0.02,0,0.149,16,0.0079,0.0032,0.035,0.033,"HQZ002700",0
0.005,0.0336,0,5,0.018,0.03,0,0.189,15,0.0104,0.003,0.027,0.026,"HQE109450",0
0.005,0.1147,0,0,0.011,0.02,0,0.352,26,0.0063,0.0038,0.02,0.019,"HQD066810",0
0.005,0.0307,0,0,0.017,0.02,0,0.218,22,0.0109,0.0033,0.025,0.024,"HQF149060",0
0.005,0.0014,5,0,0.054,0.03,0,0.196,14,0.0443,0.0094,0.04,0.038,"HQC068220",0.001
0.004,0.1559,0,2,0.014,0.02,0,0.819,27,0.0083,0.0021,0.027,0.024,"HQE146780",0.001
0.005,0.0554,0,0,0.019,0.02,0,0.336,26,0.0088,0.0034,0.034,0.033,"HQE142120",0
0.004,0.1575,0,0,0.025,0.02,0,0.798,45,0.0108,0.0032,0.038,0.034,"HQH091670",0
0.005,0.0393,0,0,0.021,0.01,0,0.208,20,0.0042,0.0038,0.02,0.018,"HQA025140",0
0.004,0.1226,0,0,0.013,0.02,0,0.452,27,0.0097,0.0027,0.034,0.033,"HQF142780",0
0.005,0.1158,0,0,0.026,0.02,0,0.464,22,0.0106,0.0026,0.018,0.017,"HQG029590",0
0.006,0.1131,0,0,0.026,0.02,0,0.332,30,0.0098,0.0032,0.019,0.018,"HQY105180",0
0.007,0.0018,0,0,0.012,0.01,0,0.142,18,0.0093,0.0033,0.027,0.026,"HQA114410",0.002
0.004,0.0419,12,0,0.009,0.02,0,0.183,16,0.0073,0.0032,0.024,0.023,"HQE033320",0
0.006,0.0427,0,0,0.024,0.02,0,0.204,16,0.0074,0.003,0.024,0.023,"HQA097410",0
0.006,0.0019,0,0,0.02,0.02,0,0.098,20,0.0097,0.0037,0.026,0.025,"HQX152770",0.001
0.006,0.0365,0,0,0.013,0.02,0,0.152,12,0.0118,0.0034,0.024,0.018,"HQA034190",0
0.007,0.0383,12,0,0.011,0.02,0,0.204,23,0.0088,0.0032,0.024,0.022,"HQX014600",0
0.004,0.0381,0,0,0.019,0.03,0,0.196,17,0.0079,0.0034,0.023,0.022,"HQD139580",0
0.004,0.0018,6,0,0.055,0.02,0,0.2,17,0.0434,0.0092,0.043,0.041,"HQJ025310",0.001
0.006,0.0984,0,0,0.012,0.02,0,0.289,27,0.0101,0.0033,0.028,0.026,"HQZ026760",0
0.006,0.0368,0,0,0.013,0.02,0,0.195,20,0.0067,0.0028,0.019,0.018,"HQA030810",0
0.004,0.0381,0,0,0.019,0.03,0,0.196,17,0.0079,0.0034,0.023,0.022,"HQD139480",0
0.006,0.0027,16,0,0.064,0.07,0,0.547,15,0.0144,0.0043,0.025,0.024,"HQC135180",0.002
0.006,0.1139,0,0,0.022,0.02,0,0.448,24,0.0122,0.003,0.017,0.016,"HQD064570",0
0.005,0.0377,11,0,0.015,0.03,0,0.195,12,0.0104,0.0034,0.015,0.014,"HQE059440",0
0.005,0.119,0,0,0.01,0.02,0,0.321,23,0.0096,0.0032,0.024,0.022,"HQG052990",0
0.005,0.0599,0,2,0.01,0.01,0,0.802,31,0.0089,0.002,0.045,0.044,"HQD046450",0.001
0.006,0.0406,0,0,0.015,0.02,0,0.184,28,0.0094,0.0031,0.03,0.03,"HQF129020",0
0.006,0.0014,0,3,0.013,0.02,0,0.077,19,0.0088,0.0033,0.033,0.03,"HQA080640",0.002
0.005,0.0018,0,4,0.023,0.02,0,0.071,16,0.0104,0.0037,0.03,0.029,"HQF161290",0.002
0.004,0.0417,0,0,0.013,0.02,0,0.193,17,0.0126,0.0037,0.023,0.02,"HQF063670",0
0.006,0.0799,1,0,0.022,0.02,0,0.915,28,0.0199,0.0027,0.023,0.021,"HQZ137200",0.001
0.004,0.0398,0,1,0.017,0.02,0,0.188,18,0.0084,0.0034,0.025,0.022,"HQJ030340",0
0.006,0.0018,0,0,0.018,0.02,0,0.096,19,0.0084,0.0048,0.021,0.019,"HQY004940",0.001
0.006,0.0368,0,0,0.013,0.02,0,0.195,20,0.0067,0.0028,0.019,0.018,"HQA030830",0
0.006,0.0393,0,1,0.015,0.02,0,0.216,17,0.008,0.0039,0.027,0.024,"HQY095040",0
0.006,0.1897,0,0,0.012,0.02,0,0.475,22,0.0123,0.0036,0.024,0.023,"HQA056810",0.001
0.007,0.0372,0,2,0.013,0.02,0,0.21,20,0.0057,0.0036,0.029,0.027,"HQY154330",0
0.004,0.0616,1,1,0.036,0.02,0,0.797,33,0.0104,0.0023,0.038,0.037,"HQH161410",0.001
0.005,0.0387,0,1,0.019,0.03,0,0.196,21,0.0062,0.0032,0.031,0.03,"HQH106200",0
0.005,0.0604,0,0,0.021,0.02,0,0.354,25,0.0094,0.0033,0.032,0.03,"HQH061920",0
0.006,0.0407,13,2,0.013,0.02,0,0.195,16,0.0093,0.0036,0.02,0.019,"HQA161470",0
0.005,0.038,0,0,0.014,0.06,0,0.186,42,0.0091,0.0037,0.032,0.031,"HQZ145810",0
0.004,0.0634,0,0,0.013,0.02,0,0.338,28,0.0103,0.0032,0.031,0.03,"HQF051650",0
0.006,0.0021,0,0,0.011,0.02,0,0.099,22,0.0098,0.003,0.029,0.028,"HQX059130",0.001
0.005,0.0371,0,0,0.033,0.02,0,0.199,28,0.0103,0.0047,0.037,0.035,"HQX122130",0
0.006,0.0406,0,1,0.013,0.02,0,0.201,18,0.0073,0.0032,0.018,0.017,"HQB077160",0
0.005,0.0014,0,0,0.011,0.02,0,0.065,12,0.0061,0.0035,0.029,0.028,"HQF150750",0.003
0.005,0.0018,0,1,0.098,0.02,0,0.141,14,0.0198,0.0086,0.033,0.032,"HQF078980",0
0.005,0.0482,0,5,0.021,0.03,0,0.321,25,0.0092,0.0026,0.024,0.021,"HQY059610",0
0.005,0.0781,5,2,0.014,0.02,0,0.894,37,0.0194,0.0024,0.028,0.028,"HQE139400",0.001
0.004,0.0352,0,0,0.01,0.02,0,0.19,17,0.0102,0.0028,0.032,0.031,"HQH161220",0
0.005,0.0019,0,2,0.018,0.02,0,0.067,22,0.0091,0.0038,0.031,0.027,"HQH107650",0.003
0.004,0.0757,2,0,0.013,0.02,0,0.891,30,0.0188,0.0023,0.03,0.029,"HQG116090",0.001
0.006,0.0485,0,0,0.016,0.02,0,0.307,21,0.0094,0.0046,0.018,0.016,"HQX044900",0
0.004,0.0679,0,0,0.014,0.02,0,0.468,41,0.0155,0.0022,0.048,0.046,"HQJ002400",0
0.005,0.0388,0,1,0.016,0.02,0,0.184,25,0.0078,0.0034,0.032,0.031,"HQH011420",0
0.006,0.0394,0,0,0.01,0.02,0,0.18,18,0.0067,0.0031,0.019,0.019,"HQA163860",0
0.005,0.0381,0,0,0.011,0.02,0,0.177,20,0.0068,0.0027,0.036,0.035,"HQA065460",0
0.005,0.039,13,0,0.016,0.03,0,0.233,13,0.0147,0.0046,0.025,0.025,"HQG064810",0
0.005,0.1532,0,0,0.018,0.02,0,0.694,35,0.0147,0.0025,0.026,0.024,"HQJ096970",0.001
0.005,0.0743,3,1,0.018,0.03,0,0.882,27,0.0189,0.003,0.024,0.024,"HQD108580",0.001
0.005,0.0015,0,1,0.103,0.02,0,0.14,18,0.0191,0.0105,0.032,0.032,"HQH050660",0
0.007,0.0014,5,22,0.049,0.02,0,0.202,18,0.0421,0.0089,0.036,0.034,"HQY147610",0.001
0.004,0.0014,0,0,0.012,0.02,0,0.068,19,0.0092,0.0035,0.03,0.029,"HQF028930",0.002
0.004,0.0311,0,1,0.016,0.02,0,0.188,22,0.0074,0.0031,0.019,0.017,"HQC006300",0
0.005,0.0347,0,3,0.017,0.02,0,0.18,26,0.0105,0.0021,0.027,0.026,"HQE027690",0
0.004,0.1189,0,0,0.027,0.02,0,0.49,26,0.0082,0.0037,0.022,0.021,"HQG105080",0
0.004,0.0393,0,0,0.013,0.02,0,0.205,23,0.008,0.0033,0.024,0.023,"HQC057070",0
0.005,0.0428,0,0,0.013,0.01,0,0.197,11,0.0054,0.0027,0.026,0.025,"HQZ089890",0
0.005,0.0446,0,0,0.015,0.02,0,0.189,12,0.0103,0.0034,0.028,0.026,"HQG016150",0
0.007,0.0214,0,2,0.015,0.02,0,0.139,20,0.0077,0.0044,0.029,0.027,"HQY083000",0
0.006,0.0013,0,0,0.012,0.05,0.02,0.137,16,0.0518,0.0037,0.032,0.031,"HQC087260",0.001
0.007,0.0701,0,0,0.012,0.01,0,0.501,39,0.0075,0.003,0.042,0.04,"HQB112430",0
0.004,0.0541,0,0,0.018,0.02,0,0.79,36,0.0095,0.0024,0.037,0.034,"HQE009340",0.001
0.004,0.1054,0,0,0.012,0.01,0,0.449,26,0.0095,0.0026,0.024,0.02,"HQH165290",0
0.005,0.0019,0,0,0.013,0.02,0,0.093,19,0.0078,0.0032,0.03,0.027,"HQY030640",0
0.006,0.0019,0,0,0.012,0.02,0.01,0.087,19,0.0099,0.0037,0.026,0.025,"HQD037960",0.002
0.005,0.0029,14,0,0.065,0.07,0,0.554,21,0.0154,0.0036,0.024,0.023,"HQE026630",0.002
0.006,0.1219,0,0,0.02,0.02,0,1.194,31,0.0142,0.0024,0.025,0.024,"HQA077010",0.001
0.005,0.0032,16,0,0.061,0.07,0,0.563,16,0.0149,0.0036,0.027,0.024,"HQH053170",0.002
0.006,0.002,0,0,0.018,0.02,0,0.085,15,0.0104,0.0034,0.025,0.025,"HQB069930",0.002
0.004,0.0682,0,0,0.017,0.02,0,0.23,90,0.0085,0.0032,0.027,0.024,"HQH157850",0
0.004,0.1144,0,0,0.011,0.02,0,0.46,28,0.011,0.0025,0.02,0.02,"HQF046310",0
0.006,0.035,0,0,0.01,0.02,0,0.194,17,0.0072,0.0026,0.023,0.022,"HQY137110",0
0.005,0.1194,0,0,0.012,0.01,0,0.334,21,0.0101,0.0024,0.027,0.025,"HQY055120",0.001
0.005,0.1182,0,0,0.032,0.02,0,0.451,25,0.0123,0.0031,0.022,0.021,"HQD096570",0
0.004,0.0016,0,0,0.019,0.02,0,0.092,19,0.0093,0.0039,0.037,0.035,"HQG106970",0.001
0.004,0.0411,11,8,0.011,0.02,0,0.195,18,0.0109,0.0027,0.023,0.021,"HQB149880",0
0.005,0.0372,13,0,0.015,0.02,0,0.232,15,0.0096,0.004,0.028,0.026,"HQD079330",0
0.005,0.039,0,1,0.012,0.02,0,0.206,17,0.0073,0.0034,0.023,0.021,"HQY092660",0
0.005,0.0347,0,0,0.011,0.02,0,0.212,30,0.0105,0.0028,0.027,0.026,"HQX024390",0
0.006,0.0353,0,2,0.014,0.03,0,0.19,20,0.0124,0.0028,0.032,0.03,"HQD003940",0
0.006,0.0429,0,0,0.009,0.02,0,0.206,24,0.0089,0.0028,0.02,0.018,"HQX124000",0
0.004,0.0481,0,0,0.012,0.01,0,0.295,42,0.0068,0.0031,0.032,0.03,"HQG147960",0
0.004,0.1455,0,0,0.02,0.02,0,0.465,30,0.0133,0.0027,0.022,0.022,"HQF057520",0.001
0.005,0.0761,2,1,0.014,0.02,0,0.902,33,0.0185,0.0026,0.029,0.028,"HQF123940",0.001
0.006,0.0586,0,0,0.024,0.02,0,0.796,36,0.01,0.0029,0.037,0.035,"HQX145950",0
0.006,0.0357,0,0,0.011,0.01,0,0.212,26,0.0072,0.0029,0.028,0.026,"HQF001510",0
0.006,0.0578,0,0,0.025,0.02,0,0.352,30,0.0074,0.0025,0.033,0.03,"HQA111840",0
0.007,0.0397,0,0,0.017,0.02,0,0.205,25,0.0081,0.0037,0.019,0.018,"HQX083220",0
0.006,0.0421,17,0,0.015,0.01,0,0.196,17,0.0101,0.0029,0.024,0.022,"HQB030010",0
0.006,0.019,0,0,0.016,0.02,0,0.188,16,0.0083,0.0031,0.022,0.021,"HQE075100",0
0.007,0.0353,0,0,0.01,0.01,0,0.192,29,0.0069,0.0028,0.018,0.018,"HQA131170",0
0.005,0.0374,0,0,0.011,0.01,0,0.203,27,0.0053,0.0032,0.024,0.023,"HQZ153110",0
0.005,0.0191,0,0,0.015,0.02,0,0.204,15,0.0073,0.0032,0.012,0.011,"HQZ116420",0
0.004,0.191,0,0,0.016,0.02,0,0.445,27,0.0096,0.0023,0.034,0.032,"HQJ143420",0
0.005,0.0369,0,0,0.008,0.02,0,0.199,18,0.0104,0.0035,0.023,0.021,"HQD145370",0
0.005,0.0711,0,0,0.016,0.02,0,0.498,45,0.0082,0.0035,0.046,0.044,"HQE084250",0.001
0.005,0.0383,0,0,0.009,0.02,0,0.183,18,0.0081,0.0029,0.015,0.014,"HQF102370",0
0.004,0.0413,0,0,0.015,0.02,0,0.134,17,0.0097,0.0038,0.027,0.025,"HQC086790",0
0.004,0.0581,0,3,0.01,0.02,0,0.795,30,0.0118,0.0027,0.044,0.043,"HQD159170",0.001
0.006,0.0382,0,1,0.025,0.02,0,0.19,18,0.009,0.0039,0.021,0.019,"HQB006800",0
0.008,0.0393,0,0,0.007,0.01,0,0.191,19,0.0095,0.0027,0.023,0.022,"HQB025590",0
0.006,0.116,0,0,0.025,0.02,0,0.295,26,0.0095,0.0026,0.026,0.025,"HQC111260",0
0.005,0.15,0,0,0.024,0.02,0,0.459,23,0.0097,0.003,0.018,0.016,"HQE041840",0.001
0.005,0.002,0,0,0.025,0.02,0,0.101,15,0.0099,0.0035,0.026,0.025,"HQZ154890",0.001
0.004,0.0436,0,0,0.025,0.02,0,0.203,16,0.009,0.0039,0.027,0.027,"HQJ042550",0
0.006,0.0402,0,0,0.012,0.03,0,0.15,21,0.0088,0.0033,0.025,0.023,"HQZ039590",0
0.005,0.0388,0,0,0.021,0.02,0,0.174,20,0.0084,0.0044,0.021,0.02,"HQF147080",0
0.004,0.0429,0,0,0.014,0.02,0,0.185,18,0.0113,0.003,0.028,0.027,"HQH123970",0
0.005,0.0016,4,0,0.053,0.03,0,0.194,16,0.0444,0.0083,0.036,0.034,"HQE007200",0.001
0.005,0.0348,0,0,0.014,0.02,0,0.195,18,0.0078,0.0027,0.019,0.014,"HQE111410",0
0.004,0.0413,0,0,0.016,0.02,0,0.149,14,0.0093,0.0034,0.026,0.022,"HQG042730",0
0.006,0.0407,0,8,0.013,0.02,0,0.196,25,0.0072,0.003,0.036,0.032,"HQF000230",0
0.006,0.0304,0,0,0.019,0.02,0,0.194,18,0.0093,0.0037,0.027,0.022,"HQB101380",0
0.006,0.1231,0,8,0.014,0.02,0,0.327,30,0.0115,0.003,0.021,0.02,"HQZ086720",0
0.007,0.0388,0,0,0.017,0.02,0,0.197,19,0.0082,0.0033,0.026,0.025,"HQB031760",0
0.007,0.0374,0,0,0.016,0.02,0,0.204,26,0.007,0.0038,0.021,0.02,"HQX126360",0
0.005,0.0195,0,0,0.009,0.02,0,0.193,16,0.0078,0.0032,0.019,0.018,"HQD079440",0
0.004,0.0331,0,0,0.015,0.02,0,0.197,19,0.0099,0.0037,0.034,0.032,"HQH007160",0
0.005,0.004,11,1,0.099,0.02,0.06,0.56,23,0.0812,0.0098,0.053,0.052,"HQE042050",0.002
0.004,0.1802,0,0,0.019,0.02,0,0.473,32,0.0117,0.0026,0.027,0.025,"HQJ063310",0.001
0.005,0.0396,0,0,0.015,0.02,0,0.188,11,0.0074,0.0032,0.02,0.018,"HQE083930",0
0.006,0.0375,0,0,0.008,0.02,0,0.207,19,0.0081,0.0035,0.028,0.027,"HQY070430",0
0.005,0.0371,0,0,0.031,0.02,0,0.204,14,0.0088,0.0033,0.026,0.025,"HQB131590",0
0.005,0.0394,0,0,0.016,0.02,0,0.197,20,0.0085,0.0046,0.026,0.025,"HQX143180",0
0.005,0.0405,18,0,0.029,0.02,0,0.201,14,0.0086,0.0033,0.02,0.019,"HQF106710",0
0.006,0.0412,0,0,0.01,0.01,0,0.186,16,0.007,0.0029,0.028,0.027,"HQA064730",0
0.003,0.0438,0,0,0.02,0.02,0,0.301,29,0.0087,0.0028,0.03,0.028,"HQG111980",0
0.006,0.0466,0,1,0.022,0.02,0,0.297,26,0.0101,0.003,0.028,0.026,"HQX060140",0.001
0.004,0.0679,0,0,0.026,0.02,0,0.5,29,0.0078,0.0034,0.051,0.049,"HQJ061010",0.001
0.006,0.0204,0,2,0.014,0.02,0,0.171,14,0.0081,0.0039,0.02,0.019,"HQY149310",0
0.006,0.0396,0,0,0.026,0.02,0,0.154,29,0.0068,0.0026,0.021,0.019,"HQY091290",0
0.006,0.0022,0,1,0.016,0.02,0,0.136,26,0.0097,0.0031,0.022,0.021,"HQB106870",0.001
0.005,0.0374,0,0,0.019,0.02,0,0.194,25,0.0103,0.0033,0.039,0.037,"HQA009660",0
0.005,0.0416,0,0,0.02,0.06,0,0.185,32,0.0099,0.003,0.037,0.036,"HQH115400",0
0.005,0.039,0,0,0.022,0.03,0,0.182,19,0.013,0.0037,0.035,0.034,"HQC053910",0
0.005,0.0019,0,1,0.009,0.02,0,0.052,21,0.007,0.0027,0.029,0.028,"HQE030550",0.003
0.004,0.0359,0,0,0.02,0.03,0,0.192,15,0.0085,0.0033,0.022,0.019,"HQG104730",0
0.007,0.1813,0,0,0.012,0.02,0,0.3,25,0.0133,0.003,0.024,0.022,"HQX084330",0.001
0.004,0.0401,0,0,0.014,0.02,0,0.192,19,0.0121,0.0034,0.022,0.021,"HQC062850",0
0.004,0.0477,0,0,0.016,0.01,0,0.785,25,0.0101,0.0027,0.028,0.025,"HQE147570",0.001
0.005,0.0016,0,0,0.021,0.02,0,0.059,21,0.0093,0.0036,0.039,0.038,"HQF082360",0.002
0.006,0.0688,2,0,0.023,0.01,0,0.6,30,0.0182,0.003,0.026,0.026,"HQB057130",0.001
0.004,0.1052,0,0,0.013,0.02,0,0.44,19,0.01,0.0023,0.022,0.022,"HQG152420",0
0.004,0.0701,0,1,0.024,0.02,0,0.483,44,0.01,0.0027,0.053,0.051,"HQG021620",0.001
0.004,0.0393,0,0,0.011,0.02,0,0.212,27,0.0083,0.0041,0.025,0.022,"HQD081570",0
0.006,0.1184,0,2,0.018,0.01,0,0.417,32,0.0086,0.003,0.021,0.018,"HQY104980",0
0.005,0.1482,0,0,0.02,0.02,0,0.572,30,0.0137,0.0024,0.046,0.045,"HQF149340",0
0.005,0.0312,0,0,0.014,0.02,0,0.284,19,0.0189,0.0036,0.028,0.026,"HQY034330",0.001
0.005,0.0341,0,1,0.01,0.02,0,0.186,11,0.0103,0.0031,0.024,0.024,"HQD143940",0
0.007,0.0781,3,2,0.013,0.02,0,0.911,28,0.0198,0.0025,0.025,0.024,"HQY153040",0.001
0.005,0.0369,11,0,0.014,0.02,0,0.198,16,0.009,0.004,0.019,0.018,"HQA000460",0
0.005,0.0017,0,0,0.01,0.02,0,0.096,16,0.0089,0.0029,0.034,0.032,"HQF030620",0.001
0.005,0.1462,0,7,0.021,0.06,0,0.772,30,0.0118,0.003,0.019,0.017,"HQX091160",0
0.004,0.0024,0,0,0.02,0.02,0,0.103,12,0.0096,0.0037,0.032,0.029,"HQJ117940",0.001
0.008,0.1488,0,0,0.021,0.02,0,0.487,34,0.0122,0.0032,0.024,0.023,"HQE019820",0.001
0.008,0.0785,1,1,0.021,0.02,0,0.899,29,0.0191,0.0022,0.026,0.025,"HQB010280",0.001
0.006,0.0395,0,0,0.009,0.02,0,0.197,18,0.0075,0.0027,0.023,0.022,"HQB127210",0
0.006,0.1851,0,0,0.016,0.02,0,0.832,31,0.0099,0.0023,0.025,0.024,"HQD040590",0.001
0.004,0.0031,0,0,0.024,0.02,0,0.139,20,0.0097,0.004,0.027,0.026,"HQG137590",0.001
0.006,0.036,0,1,0.016,0.02,0,0.213,27,0.0094,0.0035,0.028,0.026,"HQY033330",0.001
0.004,0.0422,0,3,0.013,0.02,0,0.197,22,0.011,0.0038,0.026,0.025,"HQD126470",0
0.007,0.0555,0,0,0.012,0.02,0,0.792,33,0.0106,0.0027,0.024,0.022,"HQZ005090",0.001
0.004,0.0369,0,0,0.016,0.02,0,0.193,17,0.0094,0.0039,0.022,0.02,"HQF053900",0
0.004,0.1416,0,0,0.014,0.02,0,0.884,33,0.0114,0.0026,0.018,0.018,"HQJ052320",0.002
0.005,0.0412,0,2,0.019,0.05,0,0.185,44,0.0067,0.0044,0.029,0.028,"HQF136040",0
0.005,0.0016,0,1,0.02,0.01,0,0.093,22,0.0108,0.0036,0.028,0.026,"HQC017240",0
0.006,0.0375,0,0,0.013,0.02,0,0.199,27,0.0068,0.0032,0.02,0.019,"HQY029700",0
0.005,0.0417,0,0,0.01,0.01,0,0.207,19,0.0076,0.0033,0.023,0.02,"HQD073600",0
0.004,0.0418,0,0,0.019,0.07,0,0.139,21,0.0081,0.0037,0.03,0.029,"HQG070710",0
0.005,0.0383,11,0,0.01,0.02,0,0.198,22,0.0108,0.0035,0.031,0.03,"HQF006350",0
0.005,0.0015,0,0,0.011,0.02,0,0.078,14,0.0101,0.0027,0.025,0.024,"HQJ089400",0.002
0.005,0.0015,6,0,0.054,0.02,0,0.197,14,0.0446,0.0085,0.046,0.044,"HQG035210",0.001
0.004,0.2011,0,0,0.027,0.02,0,0.448,25,0.0112,0.0022,0.031,0.029,"HQJ143300",0
0.006,0.0392,0,0,0.014,0.02,0,0.186,15,0.0084,0.0039,0.018,0.018,"HQC092140",0
0.006,0.039,0,0,0.01,0.02,0,0.19,15,0.008,0.004,0.024,0.02,"HQG031670",0
0.005,0.0025,0,0,0.019,0.02,0,0.057,17,0.0088,0.0032,0.028,0.027,"HQG010270",0.002
0.005,0.0138,18,0,0.016,0.02,0,0.14,15,0.0098,0.003,0.027,0.024,"HQF163510",0
0.005,0.1431,0,0,0.015,0.02,0,0.507,25,0.0096,0.0025,0.023,0.021,"HQY063200",0
0.006,0.0552,0,0,0.022,0.02,0,0.35,33,0.0075,0.0027,0.028,0.027,"HQX135610",0
0.007,0.0383,0,0,0.016,0.02,0,0.149,20,0.0075,0.0047,0.021,0.02,"HQY140480",0
0.005,0.1418,0,1,0.011,0.02,0,0.422,30,0.0097,0.0033,0.026,0.024,"HQF075760",0.001
0.005,0.0369,0,0,0.015,0.02,0,0.179,16,0.0086,0.0034,0.026,0.025,"HQE110980",0
0.005,0.0018,0,0,0.016,0.02,0,0.091,17,0.0096,0.0043,0.029,0.028,"HQZ161350",0.001
0.004,0.0398,0,0,0.016,0.02,0,0.211,22,0.009,0.0024,0.039,0.037,"HQF151970",0
0.005,0.0416,0,0,0.02,0.06,0,0.185,32,0.0099,0.003,0.037,0.036,"HQH115430",0
0.007,0.035,0,1,0.023,0.02,0,0.193,16,0.0098,0.0035,0.02,0.018,"HQA147530",0
0.006,0.1173,0,2,0.014,0.02,0,1.197,37,0.0092,0.0035,0.022,0.021,"HQZ007480",0.002
0.005,0.129,0,0,0.019,0.02,0,0.901,24,0.0115,0.0031,0.027,0.026,"HQF008250",0.001
0.004,0.0426,0,0,0.019,0.01,0,0.217,18,0.006,0.0032,0.026,0.025,"HQC011820",0
0.007,0.0022,0,0,0.011,0.01,0,0.097,19,0.0096,0.003,0.031,0.029,"HQX021330",0.001
0.007,0.0035,10,1,0.105,0.02,0.06,0.559,32,0.0856,0.0102,0.056,0.054,"HQA118170",0.002
0.007,0.1149,0,0,0.017,0.01,0,1.194,37,0.007,0.0029,0.023,0.022,"HQZ007350",0.001
0.006,0.045,18,1,0.012,0.02,0,0.194,21,0.0078,0.0032,0.024,0.022,"HQC134760",0
0.004,0.1474,0,1,0.01,0.01,0,0.693,28,0.0112,0.004,0.028,0.027,"HQF019080",0
0.005,0.1804,0,0,0.013,0.02,0,0.489,33,0.0107,0.0033,0.027,0.025,"HQE044200",0.001
0.005,0.1413,0,0,0.013,0.02,0,0.485,28,0.0108,0.0026,0.018,0.017,"HQY010860",0
0.005,0.0395,0,0,0.018,0.02,0,0.144,12,0.0087,0.0034,0.028,0.025,"HQE106070",0
0.005,0.0352,12,0,0.016,0.02,0,0.194,18,0.0073,0.0033,0.024,0.021,"HQE033220",0
0.006,0.0397,0,1,0.009,0.02,0,0.19,30,0.0119,0.003,0.025,0.024,"HQC032720",0
0.004,0.0331,0,0,0.013,0.01,0,0.187,23,0.0058,0.0035,0.023,0.021,"HQH002720",0
0.005,0.0378,0,0,0.015,0.02,0,0.204,17,0.0068,0.0028,0.023,0.022,"HQA014480",0
0.005,0.0385,0,0,0.018,0.02,0,0.189,23,0.0113,0.003,0.02,0.018,"HQX004250",0
0.005,0.0351,0,0,0.014,0.02,0,0.195,22,0.0068,0.0024,0.028,0.027,"HQH112310",0
0.005,0.1427,0,0,0.009,0.02,0,0.495,23,0.0099,0.002,0.02,0.019,"HQZ157370",0
0.006,0.1146,0,0,0.013,0.02,0,0.292,30,0.0088,0.003,0.02,0.019,"HQX023670",0
0.006,0.0185,0,0,0.011,0.02,0,0.191,15,0.0066,0.0033,0.024,0.023,"HQZ011240",0
0.004,0.0755,2,0,0.032,0.03,0,0.895,33,0.0184,0.0023,0.03,0.028,"HQG148560",0.001
0.006,0.0399,0,0,0.022,0.02,0,0.237,11,0.007,0.0036,0.023,0.022,"HQA149270",0
0.006,0.0359,0,1,0.011,0.02,0,0.188,19,0.0087,0.0033,0.028,0.028,"HQE088650",0
0.007,0.0483,0,1,0.009,0.02,0,0.297,27,0.0098,0.0032,0.023,0.022,"HQY081520",0
0.006,0.1501,0,4,0.018,0.02,0,0.822,25,0.0109,0.0028,0.028,0.027,"HQC089820",0.001
0.005,0.0351,0,0,0.028,0.02,0,0.181,21,0.008,0.0038,0.023,0.023,"HQH015760",0
0.005,0.0019,0,0,0.023,0.02,0,0.071,19,0.0059,0.0033,0.033,0.032,"HQY087160",0.003
0.004,0.0018,5,0,0.054,0.02,0,0.191,20,0.0449,0.0098,0.046,0.045,"HQH056780",0.001
0.005,0.0044,10,2,0.097,0.02,0.06,0.589,23,0.0807,0.009,0.051,0.048,"HQH036810",0.002
0.007,0.0393,0,0,0.011,0.01,0,0.206,16,0.0058,0.0032,0.023,0.022,"HQA114290",0
0.006,0.0017,0,1,0.011,0.06,0.02,0.148,12,0.0507,0.0038,0.035,0.034,"HQB021640",0.001
0.005,0.0397,0,0,0.019,0.02,0,0.206,31,0.0095,0.0032,0.032,0.031,"HQZ133980",0
0.004,0.0017,0,0,0.029,0.03,0,0.071,15,0.0087,0.0038,0.038,0.037,"HQG094830",0.002
0.005,0.1369,0,0,0.014,0.02,0,0.874,27,0.0117,0.0022,0.02,0.019,"HQC002160",0
0.007,0.0414,0,0,0.012,0.02,0,0.182,15,0.0074,0.0033,0.023,0.022,"HQA071860",0
0.004,0.1212,0,0,0.018,0.02,0,1.182,34,0.0083,0.0025,0.024,0.023,"HQB150190",0
0.004,0.1381,0,0,0.017,0.02,0,0.85,26,0.0118,0.0022,0.031,0.027,"HQG141110",0
0.006,0.0391,0,0,0.014,0.02,0,0.189,13,0.0085,0.0038,0.015,0.014,"HQE093080",0
0.006,0.1289,0,1,0.025,0.02,0,0.355,26,0.0106,0.0041,0.023,0.022,"HQY017440",0
0.004,0.0579,0,1,0.019,0.02,0,0.785,33,0.0139,0.0023,0.037,0.036,"HQG061580",0.001
0.006,0.0732,2,0,0.017,0.03,0,0.901,32,0.0201,0.0025,0.028,0.028,"HQY143180",0.002
0.004,0.0446,0,0,0.019,0.02,0,0.194,16,0.0071,0.0038,0.034,0.034,"HQC077500",0
0.006,0.0413,0,0,0.011,0.02,0,0.14,24,0.008,0.0026,0.026,0.025,"HQD010730",0
0.005,0.0019,0,0,0.014,0.02,0,0.099,17,0.0101,0.0034,0.026,0.024,"HQX099950",0.001
0.004,0.0446,0,0,0.01,0.02,0,0.2,16,0.009,0.0029,0.026,0.025,"HQJ160040",0
0.007,0.1089,0,0,0.017,0.02,0,0.461,27,0.0136,0.0029,0.024,0.024,"HQA082650",0
0.005,0.0318,0,3,0.023,0.04,0.01,0.199,16,0.0081,0.0027,0.021,0.019,"HQC016480",0
0.004,0.0742,0,0,0.015,0.02,0,0.248,90,0.0093,0.0028,0.032,0.032,"HQD101240",0
0.006,0.0526,0,2,0.022,0.02,0,0.778,37,0.0085,0.0029,0.027,0.025,"HQX130650",0.001
0.004,0.0369,0,0,0.022,0.02,0,0.199,19,0.0103,0.0035,0.028,0.026,"HQF049450",0
0.005,0.0483,0,0,0.009,0.02,0,0.261,14,0.0074,0.0027,0.028,0.027,"HQE013130",0.001
0.006,0.0436,18,0,0.019,0.02,0,0.186,15,0.0094,0.0039,0.022,0.021,"HQC135480",0
0.004,0.0388,19,1,0.021,0.02,0,0.177,25,0.0084,0.0045,0.023,0.021,"HQH050800",0
0.005,0.0013,1,0,0.011,0.02,0,0.061,15,0.0097,0.0035,0.03,0.03,"HQC001110",0.001
0.005,0.0346,0,0,0.013,0.02,0,0.173,25,0.0112,0.0035,0.028,0.028,"HQA076500",0
0.004,0.0018,8,0,0.072,0.02,0,0.25,20,0.0701,0.0083,0.038,0.037,"HQB143400",0.001
0.004,0.1474,0,1,0.01,0.01,0,0.693,28,0.0112,0.004,0.028,0.027,"HQF019100",0
0.006,0.0018,0,0,0.009,0.01,0,0.091,12,0.0093,0.0023,0.03,0.028,"HQB036290",0.001
0.005,0.0404,0,0,0.009,0.07,0,0.204,34,0.006,0.0029,0.034,0.033,"HQZ147320",0
0.004,0.0398,19,0,0.018,0.02,0,0.184,19,0.0083,0.0039,0.03,0.028,"HQH005980",0
0.004,0.1158,0,1,0.019,0.02,0,0.297,24,0.0112,0.0028,0.027,0.026,"HQH077160",0
0.005,0.0014,0,0,0.023,0.02,0,0.085,12,0.0103,0.0038,0.033,0.031,"HQH122100",0.001
0.004,0.0345,0,3,0.025,0.03,0,0.187,29,0.008,0.0034,0.03,0.029,"HQD139990",0
0.006,0.1398,0,0,0.018,0.02,0,1.186,32,0.0088,0.0032,0.023,0.022,"HQC053190",0.001
0.005,0.1234,0,0,0.01,0.02,0,0.31,29,0.0096,0.0025,0.022,0.02,"HQA035410",0
0.004,0.04,0,2,0.02,0.02,0,0.199,30,0.0064,0.003,0.025,0.021,"HQE045270",0
0.006,0.0777,1,0,0.013,0.02,0,0.895,29,0.0191,0.0026,0.025,0.023,"HQX134340",0.002
0.005,0.0369,0,0,0.009,0.02,0,0.176,17,0.0116,0.003,0.029,0.028,"HQE058900",0
0.007,0.0189,0,0,0.013,0.02,0,0.202,17,0.0084,0.0028,0.026,0.024,"HQA121590",0
0.004,0.1483,1,1,0.014,0.02,0,0.784,37,0.0085,0.002,0.024,0.022,"HQJ136700",0.001
0.006,0.1061,0,0,0.022,0.03,0,0.461,29,0.0132,0.0027,0.019,0.017,"HQX076100",0.001
0.004,0.0363,0,0,0.017,0.02,0,0.19,15,0.0095,0.0033,0.016,0.016,"HQD124450",0
0.005,0.039,0,0,0.017,0.03,0,0.196,24,0.0118,0.0044,0.023,0.022,"HQE049700",0
0.004,0.0436,0,1,0.013,0.02,0,0.134,20,0.0081,0.0034,0.024,0.023,"HQH070080",0
0.005,0.0398,19,0,0.012,0.02,0,0.141,20,0.0094,0.0038,0.017,0.017,"HQE042940",0
0.004,0.035,0,0,0.01,0.02,0,0.195,20,0.0084,0.0027,0.026,0.023,"HQJ001510",0
0.004,0.0573,0,0,0.013,0.01,0,0.805,34,0.0101,0.0022,0.038,0.035,"HQJ023700",0.001
0.006,0.0019,0,0,0.016,0.02,0,0.091,22,0.0099,0.0034,0.031,0.03,"HQJ082940",0.001
0.006,0.071,1,0,0.012,0.02,0,0.604,39,0.0188,0.003,0.03,0.028,"HQX064410",0.001
0.006,0.0355,0,0,0.009,0.02,0,0.191,14,0.0089,0.0032,0.028,0.027,"HQZ098690",0
0.005,0.0412,0,0,0.02,0.02,0,0.199,21,0.0094,0.0035,0.026,0.024,"HQZ074630",0
0.006,0.0018,0,1,0.011,0.02,0,0.134,17,0.0094,0.004,0.027,0.026,"HQX130370",0.002
0.007,0.1149,0,0,0.017,0.01,0,1.194,37,0.007,0.0029,0.023,0.022,"HQZ007400",0.001
0.006,0.0778,3,1,0.021,0.03,0,0.896,44,0.0183,0.0023,0.028,0.027,"HQF124090",0.001
0.005,0.0373,0,0,0.014,0.02,0,0.21,25,0.0071,0.0054,0.032,0.031,"HQH041800",0
0.006,0.0017,5,0,0.059,0.03,0,0.205,18,0.0448,0.0095,0.044,0.042,"HQC042240",0
0.004,0.0026,0,1,0.011,0.02,0,0.095,18,0.0105,0.0033,0.032,0.029,"HQG048120",0.001
0.005,0.0205,0,0,0.024,0.02,0,0.194,16,0.0076,0.0034,0.022,0.021,"HQA019120",0
0.006,0.0449,0,0,0.01,0.02,0,0.205,24,0.0087,0.0026,0.033,0.032,"HQZ109930",0
0.004,0.0404,19,0,0.007,0.01,0,0.139,14,0.0142,0.0032,0.017,0.017,"HQB148350",0
0.006,0.1146,0,0,0.013,0.02,0,0.292,30,0.0088,0.003,0.02,0.019,"HQX024520",0
0.004,0.002,0,0,0.018,0.02,0,0.091,11,0.0093,0.0039,0.031,0.029,"HQG075560",0.001
0.005,0.121,0,0,0.016,0.02,0,0.312,32,0.01,0.0033,0.024,0.023,"HQZ130930",0
0.005,0.0798,2,0,0.014,0.01,0,0.888,23,0.0178,0.0026,0.028,0.028,"HQA144650",0.001
0.007,0.0405,0,10,0.012,0.02,0,0.219,22,0.0081,0.0031,0.025,0.024,"HQY103250",0
0.005,0.0419,0,0,0.011,0.02,0,0.187,32,0.0082,0.0019,0.028,0.027,"HQJ100700",0
0.005,0.1417,0,0,0.018,0.02,0,0.479,26,0.0131,0.0029,0.018,0.017,"HQF076480",0.001
0.005,0.1467,0,0,0.016,0.02,0,0.696,31,0.0126,0.0027,0.021,0.02,"HQH058860",0
0.005,0.0014,0,0,0.014,0.02,0,0.073,16,0.0109,0.0028,0.032,0.031,"HQF162810",0.001
0.006,0.0214,0,0,0.012,0.02,0,0.2,18,0.0067,0.0035,0.02,0.02,"HQY149120",0
0.007,0.1149,0,0,0.017,0.01,0,1.194,37,0.007,0.0029,0.023,0.022,"HQZ007530",0.001
0.006,0.0025,0,0,0.016,0.02,0,0.094,11,0.0098,0.0036,0.03,0.028,"HQB003100",0.001
0.005,0.0398,0,1,0.026,0.02,0,0.2,18,0.0098,0.0048,0.024,0.023,"HQH119520",0
0.004,0.0358,11,0,0.015,0.02,0,0.2,20,0.0096,0.0028,0.017,0.015,"HQE003310",0
0.008,0.0795,5,1,0.029,0.02,0,0.876,32,0.0195,0.0023,0.027,0.027,"HQB015270",0.001
0.007,0.0015,0,0,0.01,0.01,0,0.092,21,0.0096,0.0028,0.033,0.031,"HQB019570",0.001
0.006,0.0426,12,0,0.02,0.02,0,0.187,16,0.0079,0.0029,0.019,0.018,"HQA161300",0
0.004,0.122,0,0,0.017,0.02,0,0.492,21,0.0117,0.003,0.027,0.025,"HQJ025820",0
0.005,0.0372,0,0,0.009,0.02,0,0.196,16,0.0094,0.0028,0.027,0.026,"HQC033170",0
0.006,0.0217,0,0,0.008,0.02,0,0.207,21,0.0075,0.0105,0.019,0.016,"HQD046930",0
0.006,0.035,0,15,0.014,0.02,0,0.164,20,0.0101,0.0038,0.028,0.026,"HQZ053810",0
0.007,0.0357,0,0,0.01,0.02,0,0.189,22,0.0093,0.0032,0.024,0.022,"HQX015880",0
0.005,0.035,0,0,0.011,0.02,0,0.21,16,0.0078,0.0033,0.021,0.017,"HQD155180",0
0.007,0.0783,3,1,0.022,0.02,0,0.891,35,0.0212,0.003,0.022,0.021,"HQY154790",0.001
0.006,0.0315,0,0,0.011,0.02,0,0.191,26,0.0067,0.0031,0.03,0.029,"HQE088580",0
0.006,0.0019,0,0,0.014,0.02,0,0.098,20,0.0102,0.0029,0.026,0.025,"HQC054820",0.001
0.004,0.0408,0,0,0.012,0.01,0,0.228,23,0.0081,0.0031,0.022,0.021,"HQE048090",0
0.006,0.0021,0,0,0.015,0.02,0,0.093,16,0.0095,0.0034,0.027,0.026,"HQE092050",0.001
0.005,0.0588,0,0,0.035,0.02,0,0.781,23,0.009,0.003,0.03,0.025,"HQG128580",0
0.008,0.0582,0,0,0.012,0.01,0,0.347,23,0.0068,0.0024,0.034,0.031,"HQD044850",0
0.006,0.0381,12,0,0.016,0.02,0,0.253,24,0.0088,0.0029,0.034,0.032,"HQX092040",0
0.005,0.1777,0,0,0.015,0.02,0,0.497,33,0.0085,0.0028,0.023,0.022,"HQE039530",0
0.004,0.034,0,0,0.009,0.02,0,0.191,23,0.0106,0.0028,0.023,0.022,"HQE027830",0
0.004,0.0377,0,0,0.021,0.02,0,0.189,17,0.0085,0.0031,0.016,0.013,"HQF102300",0
0.005,0.0019,0,1,0.02,0.02,0,0.066,17,0.0094,0.0042,0.032,0.031,"HQY033580",0.002
0.006,0.037,0,0,0.021,0.02,0.01,0.189,21,0.0109,0.0039,0.022,0.021,"HQX047620",0
0.005,0.0681,0,0,0.014,0.03,0,0.242,105,0.0054,0.0021,0.03,0.028,"HQG029990",0
0.005,0.0402,0,0,0.016,0.02,0,0.192,21,0.0092,0.003,0.028,0.027,"HQF027590",0
0.005,0.0573,0,0,0.019,0.01,0,0.786,32,0.0097,0.0035,0.033,0.031,"HQF133870",0.001
0.006,0.0016,0,0,0.01,0.01,0,0.097,24,0.0094,0.0032,0.029,0.028,"HQE116560",0.001
0.008,0.0587,0,0,0.022,0.02,0,0.799,37,0.0092,0.0022,0.027,0.026,"HQD032000",0.001
0.007,0.002,0,1,0.01,0.02,0,0.1,19,0.009,0.0033,0.02,0.019,"HQY142540",0.003
0.006,0.0418,0,0,0.013,0.02,0,0.199,17,0.0096,0.0037,0.034,0.033,"HQE096430",0
0.005,0.0397,0,0,0.009,0.02,0,0.205,14,0.0071,0.0035,0.026,0.024,"HQD122020",0
0.006,0.0504,0,0,0.019,0.02,0,0.301,25,0.0103,0.0033,0.034,0.031,"HQD043790",0
0.005,0.0399,0,0,0.018,0.02,0,0.196,16,0.0105,0.0036,0.027,0.026,"HQH075920",0
0.005,0.0596,0,0,0.023,0.02,0,0.361,32,0.0075,0.0032,0.045,0.044,"HQH061760",0
0.004,0.0357,0,0,0.01,0.02,0,0.196,17,0.0118,0.0036,0.025,0.023,"HQH163890",0
0.005,0.0445,0,0,0.01,0.02,0,0.297,46,0.0136,0.0027,0.029,0.028,"HQD137070",0.002
0.005,0.0405,0,0,0.021,0.02,0,0.187,30,0.0073,0.0022,0.022,0.021,"HQG168020",0
0.005,0.0397,0,0,0.017,0.02,0,0.189,39,0.0079,0.0028,0.03,0.029,"HQG017610",0
0.004,0.0407,0,0,0.015,0.02,0,0.145,35,0.0067,0.0027,0.028,0.026,"HQG042410",0
0.005,0.0318,0,0,0.011,0.02,0,0.19,30,0.0073,0.0029,0.022,0.021,"HQZ127460",0
0.007,0.0019,0,0,0.013,0.02,0,0.092,21,0.0094,0.0039,0.029,0.027,"HQD034610",0.001
0.004,0.14,0,0,0.027,0.02,0,0.495,40,0.012,0.0032,0.022,0.02,"HQJ160480",0
0.006,0.0543,0,0,0.017,0.02,0,0.773,27,0.0104,0.0025,0.031,0.029,"HQA077400",0
0.005,0.0325,0,0,0.012,0.02,0,0.181,17,0.011,0.0031,0.024,0.02,"HQE001500",0
0.005,0.0541,0,0,0.014,0.01,0,0.333,21,0.0056,0.0026,0.027,0.026,"HQC023300",0
0.005,0.1543,0,1,0.016,0.02,0,0.873,30,0.0098,0.0036,0.029,0.027,"HQX103850",0.001
0.007,0.0209,0,0,0.009,0.02,0,0.2,20,0.0081,0.0025,0.022,0.02,"HQX050040",0
0.004,0.0236,0,0,0.008,0.01,0,0.192,18,0.0084,0.0029,0.021,0.017,"HQD090840",0
0.006,0.0395,0,0,0.016,0.02,0,0.19,26,0.0058,0.0033,0.022,0.02,"HQY107640",0
0.005,0.1177,0,0,0.018,0.02,0,0.306,30,0.0082,0.0031,0.021,0.019,"HQG151670",0
0.006,0.0018,0,0,0.009,0.02,0,0.102,15,0.0088,0.0034,0.024,0.022,"HQY081260",0.001
0.007,0.0646,0,0,0.012,0.02,0,0.809,37,0.0095,0.0026,0.042,0.041,"HQY074230",0.001
0.005,0.0402,11,1,0.011,0.02,0,0.19,16,0.0109,0.0031,0.024,0.023,"HQF006820",0
0.006,0.1361,0,0,0.013,0.02,0,1.168,33,0.0138,0.0028,0.012,0.01,"HQY109550",0.002
0.005,0.0272,0,1,0.018,0.02,0.01,0.193,35,0.0098,0.0042,0.034,0.032,"HQD123240",0
0.006,0.0361,11,0,0.012,0.01,0,0.201,24,0.0073,0.0037,0.014,0.013,"HQF006340",0
0.005,0.0404,0,0,0.012,0.02,0,0.18,19,0.0083,0.0032,0.017,0.017,"HQE046060",0
0.006,0.0027,0,0,0.022,0.02,0,0.144,18,0.0093,0.0035,0.029,0.026,"HQF040050",0.004
0.004,0.0587,0,0,0.016,0.02,0,0.348,34,0.0106,0.0024,0.041,0.038,"HQH161660",0
0.006,0.0204,0,2,0.014,0.02,0,0.171,14,0.0081,0.0039,0.02,0.019,"HQY149200",0
0.004,0.0749,0,0,0.016,0.01,0,0.459,30,0.0098,0.0021,0.031,0.029,"HQJ144810",0
0.006,0.0183,0,9,0.015,0.02,0,0.197,15,0.01,0.0031,0.021,0.02,"HQY128070",0
0.005,0.0353,12,8,0.009,0.02,0,0.202,22,0.0087,0.0035,0.023,0.02,"HQD100470",0
0.005,0.0407,0,1,0.01,0.02,0,0.167,19,0.0098,0.0042,0.03,0.028,"HQY081240",0
0.007,0.0021,0,0,0.016,0.02,0,0.1,19,0.0099,0.004,0.023,0.02,"HQY153280",0.001
0.004,0.0585,0,0,0.015,0.02,0,0.8,33,0.0111,0.002,0.027,0.026,"HQG106210",0.001
0.004,0.0433,0,0,0.009,0.02,0,0.194,23,0.0104,0.0032,0.027,0.026,"HQH161100",0
0.006,0.0016,0,0,0.024,0.05,0.02,0.148,10,0.0493,0.0043,0.035,0.034,"HQB083130",0
0.007,0.1902,0,0,0.012,0.02,0,0.472,38,0.0087,0.0028,0.028,0.026,"HQA156970",0
0.006,0.0371,0,0,0.017,0.02,0,0.202,22,0.007,0.0027,0.022,0.021,"HQA105280",0
0.007,0.1472,0,1,0.02,0.02,0,0.858,26,0.0126,0.0031,0.021,0.019,"HQX036370",0.002
0.005,0.0402,19,0,0.018,0.02,0,0.19,35,0.0105,0.0046,0.02,0.019,"HQF088850",0
0.005,0.0566,0,1,0.019,0.02,0,0.783,43,0.0098,0.0025,0.026,0.026,"HQF104950",0.001
0.005,0.0372,0,0,0.025,0.03,0.01,0.196,15,0.0105,0.0038,0.012,0.011,"HQE081450",0
0.007,0.0374,0,0,0.011,0.01,0,0.183,17,0.0069,0.0031,0.023,0.022,"HQA150810",0
0.005,0.0369,0,0,0.014,0.01,0,0.187,16,0.0068,0.0034,0.026,0.022,"HQF001390",0
0.007,0.0368,0,0,0.015,0.02,0,0.191,30,0.0073,0.0035,0.028,0.026,"HQX123290",0
0.006,0.0312,0,0,0.016,0.02,0,0.197,36,0.0087,0.0032,0.029,0.026,"HQX136450",0
0.004,0.0403,0,0,0.018,0.02,0,0.196,26,0.0075,0.0025,0.017,0.016,"HQC062740",0
0.006,0.0599,0,4,0.023,0.02,0,0.81,28,0.0086,0.0031,0.036,0.034,"HQX131100",0.001
0.005,0.1861,0,0,0.014,0.02,0,0.837,31,0.0134,0.0022,0.021,0.02,"HQJ108300",0.001
0.005,0.1562,0,0,0.017,0.02,0,0.576,30,0.0124,0.0025,0.037,0.035,"HQH154250",0
0.006,0.1524,0,0,0.024,0.02,0,0.811,38,0.0121,0.0026,0.029,0.028,"HQG024740",0.001
0.005,0.0383,17,0,0.012,0.03,0,0.183,23,0.0095,0.0033,0.021,0.02,"HQG023950",0
0.006,0.0414,0,0,0.019,0.02,0,0.196,15,0.0081,0.0032,0.024,0.023,"HQB032350",0
0.006,0.0017,0,0,0.013,0.02,0,0.089,17,0.0095,0.0036,0.028,0.026,"HQY100250",0.001
0.006,0.0368,0,0,0.009,0.02,0,0.196,24,0.0084,0.0029,0.025,0.023,"HQZ144400",0
0.006,0.0611,0,0,0.021,0.02,0,0.79,38,0.0123,0.0022,0.034,0.032,"HQB054150",0.001
0.005,0.0382,0,0,0.015,0.02,0,0.257,16,0.0084,0.0039,0.02,0.019,"HQZ167270",0
0.005,0.0409,14,1,0.027,0.03,0,0.25,14,0.0079,0.0043,0.028,0.025,"HQA007600",0
0.006,0.0664,0,0,0.025,0.02,0,0.489,33,0.0092,0.0031,0.045,0.044,"HQA060860",0
0.005,0.0354,0,0,0.026,0.02,0,0.177,22,0.0085,0.0035,0.02,0.018,"HQX002410",0
0.005,0.0736,0,0,0.016,0.03,0,0.516,35,0.0101,0.0032,0.046,0.044,"HQD135390",0
0.006,0.0556,0,0,0.016,0.02,0,0.332,29,0.0108,0.0042,0.032,0.03,"HQX030640",0.001
0.005,0.0499,0,0,0.012,0.02,0,0.296,17,0.0101,0.0039,0.031,0.03,"HQE141910",0
0.005,0.0329,0,1,0.01,0.02,0,0.2,17,0.008,0.0033,0.028,0.026,"HQZ052750",0
0.005,0.033,0,0,0.013,0.01,0,0.205,30,0.0069,0.0025,0.028,0.027,"HQG164530",0
0.005,0.0019,0,3,0.01,0.02,0,0.09,13,0.0104,0.0034,0.03,0.029,"HQG007090",0.001
0.005,0.0016,5,0,0.054,0.03,0,0.193,17,0.0419,0.0083,0.041,0.04,"HQC048330",0.001
0.006,0.1038,0,0,0.015,0.01,0,0.683,33,0.01,0.0028,0.019,0.018,"HQA032090",0
0.006,0.0763,0,0,0.01,0.02,0,0.31,23,0.0101,0.0034,0.028,0.027,"HQC136670",0
0.005,0.0379,0,0,0.023,0.02,0,0.192,23,0.0063,0.0035,0.017,0.015,"HQB097770",0
0.005,0.0396,0,0,0.008,0.01,0,0.145,18,0.006,0.0026,0.029,0.025,"HQF029910",0
0.006,0.0377,0,0,0.018,0.02,0,0.201,16,0.0093,0.003,0.024,0.023,"HQA071100",0
0.005,0.0341,0,0,0.01,0.02,0,0.207,16,0.0096,0.0033,0.025,0.024,"HQZ055650",0
0.007,0.0392,11,0,0.016,0.02,0,0.237,25,0.0105,0.0036,0.037,0.035,"HQX080750",0
0.004,0.0012,0,0,0.01,0.02,0,0.076,14,0.0094,0.0032,0.03,0.028,"HQJ056330",0.002
0.006,0.0419,17,0,0.009,0.02,0,0.196,21,0.01,0.0028,0.022,0.021,"HQA002790",0
0.006,0.1453,0,0,0.008,0.02,0,0.841,23,0.0126,0.0025,0.019,0.018,"HQC090170",0.001
0.006,0.0784,2,1,0.022,0.02,0,0.906,29,0.0198,0.0025,0.026,0.025,"HQB093210",0.002
0.005,0.1562,0,0,0.017,0.02,0,0.576,30,0.0124,0.0025,0.037,0.035,"HQH154400",0
0.004,0.0027,15,0,0.06,0.07,0,0.526,13,0.0147,0.0026,0.022,0.017,"HQE027330",0.002
0.006,0.0581,0,0,0.013,0.02,0,0.799,29,0.0066,0.0025,0.034,0.033,"HQC026690",0.001
0.004,0.1167,0,0,0.011,0.02,0,0.319,34,0.0097,0.0027,0.023,0.023,"HQH022310",0
0.004,0.1759,0,0,0.013,0.01,0,0.778,29,0.008,0.0024,0.03,0.029,"HQH129290",0
0.004,0.035,0,1,0.016,0.02,0,0.183,15,0.0096,0.004,0.026,0.024,"HQF122280",0
0.005,0.037,0,1,0.011,0.02,0,0.175,23,0.0077,0.0034,0.019,0.018,"HQZ017240",0
0.006,0.1172,0,1,0.01,0.01,0,0.434,24,0.0088,0.0025,0.026,0.025,"HQA052860",0
0.005,0.0376,0,0,0.014,0.02,0,0.19,29,0.0076,0.0044,0.025,0.025,"HQF098830",0
0.005,0.0354,0,0,0.01,0.01,0,0.183,18,0.0067,0.0035,0.029,0.028,"HQG167860",0
0.004,0.0017,0,0,0.008,0.02,0,0.084,14,0.0102,0.0032,0.036,0.035,"HQD087710",0.001
0.006,0.0795,2,0,0.029,0.02,0,0.903,33,0.0196,0.0028,0.025,0.024,"HQA011540",0
0.004,0.1217,0,0,0.014,0.01,0,0.305,21,0.0092,0.0027,0.026,0.025,"HQJ077400",0
0.006,0.0414,0,0,0.018,0.02,0,0.21,17,0.007,0.0036,0.026,0.025,"HQX053420",0
0.005,0.0398,0,0,0.028,0.01,0,0.206,29,0.0084,0.0032,0.036,0.036,"HQF020230",0
0.005,0.1729,0,1,0.019,0.02,0,0.785,31,0.0117,0.0027,0.03,0.029,"HQH029160",0.001
0.007,0.0384,0,0,0.015,0.01,0,0.2,29,0.0066,0.0027,0.024,0.024,"HQA154770",0.001
0.006,0.0308,0,0,0.009,0.02,0,0.204,12,0.0093,0.003,0.029,0.028,"HQE069310",0
0.005,0.0386,11,0,0.016,0.02,0,0.252,20,0.0086,0.0035,0.032,0.03,"HQA009280",0
0.004,0.0406,11,0,0.011,0.02,0,0.192,26,0.0074,0.003,0.028,0.026,"HQJ124820",0
0.006,0.1413,0,0,0.013,0.02,0,0.92,32,0.0098,0.0023,0.024,0.022,"HQX103490",0.001
0.006,0.0367,0,1,0.018,0.02,0,0.196,22,0.0074,0.0031,0.038,0.037,"HQE103710",0.001
0.004,0.0425,0,0,0.013,0.02,0,0.187,21,0.0091,0.0031,0.029,0.028,"HQJ004910",0
0.005,0.0389,0,3,0.022,0.02,0,0.208,28,0.0097,0.0032,0.032,0.03,"HQY036780",0
0.004,0.0026,16,0,0.064,0.07,0,0.548,16,0.0143,0.0034,0.022,0.021,"HQG056190",0.001
0.007,0.0374,0,0,0.009,0.02,0,0.214,22,0.0055,0.0032,0.039,0.035,"HQY154570",0
0.005,0.0438,0,0,0.022,0.01,0,0.211,33,0.0072,0.0028,0.031,0.03,"HQF143950",0
0.005,0.0433,0,0,0.013,0.02,0,0.204,37,0.0104,0.0038,0.032,0.03,"HQE096140",0
0.004,0.1053,0,0,0.018,0.02,0,0.483,33,0.0084,0.0037,0.022,0.021,"HQH039810",0
0.006,0.0023,0,0,0.013,0.02,0,0.092,18,0.0093,0.003,0.024,0.023,"HQB077270",0.001
0.006,0.0784,4,2,0.015,0.02,0,0.899,41,0.0179,0.0025,0.024,0.023,"HQC088940",0.001
0.006,0.039,0,0,0.012,0.02,0,0.206,21,0.0081,0.0034,0.025,0.024,"HQZ032050",0
0.005,0.0359,19,0,0.023,0.02,0,0.184,17,0.0115,0.0039,0.018,0.018,"HQZ119130",0
0.005,0.1448,0,0,0.014,0.02,0,0.833,24,0.0113,0.0026,0.018,0.016,"HQF151320",0.001
0.006,0.0789,2,0,0.022,0.02,0,0.918,22,0.02,0.0025,0.029,0.028,"HQZ137390",0.001
0.006,0.0409,10,0,0.014,0.02,0,0.197,17,0.0083,0.0033,0.022,0.02,"HQA040530",0
0.006,0.0422,0,0,0.013,0.02,0,0.215,23,0.0062,0.0037,0.025,0.023,"HQX116650",0
0.005,0.0368,0,1,0.01,0.02,0,0.194,21,0.0114,0.003,0.019,0.016,"HQD152420",0
0.005,0.1624,0,2,0.009,0.01,0,0.745,19,0.0089,0.0022,0.022,0.022,"HQG011660",0.001
0.004,0.0381,0,1,0.015,0.02,0.01,0.199,18,0.0099,0.0041,0.019,0.017,"HQC005800",0
0.006,0.1297,0,0,0.016,0.02,0,1.163,33,0.0105,0.0032,0.029,0.027,"HQZ111470",0.001
0.008,0.0582,0,0,0.012,0.01,0,0.347,23,0.0068,0.0024,0.034,0.031,"HQD045530",0
0.005,0.0357,0,0,0.012,0.02,0,0.191,38,0.0088,0.002,0.031,0.029,"HQJ081770",0
0.004,0.036,0,0,0.01,0.01,0,0.186,15,0.0078,0.0035,0.026,0.024,"HQG163820",0
0.005,0.0422,0,0,0.029,0.02,0,0.201,30,0.0078,0.0047,0.028,0.027,"HQH119270",0.001
0.006,0.0016,0,0,0.015,0.02,0,0.093,19,0.0098,0.0035,0.027,0.026,"HQC089120",0.001
0.007,0.0301,0,0,0.017,0.01,0,0.211,20,0.0072,0.0035,0.016,0.014,"HQX018270",0
0.006,0.0758,2,1,0.281,0.42,0,0.397,,0.0955,0.0031,0.02,0.02,"HQB115030",0.002
0.006,0.0016,0,0,0.014,0.02,0,0.149,10,0.009,0.003,0.028,0.026,"HQA148720",0.001
0.004,0.1827,0,1,0.01,0.02,0,0.834,28,0.0119,0.0023,0.025,0.025,"HQJ105990",0
0.006,0.0022,0,0,0.096,0.02,0,0.155,13,0.0181,0.0098,0.03,0.029,"HQA070580",0
0.006,0.0416,0,0,0.023,0.01,0,0.151,18,0.0063,0.0031,0.017,0.016,"HQA162640",0
0.004,0.0564,0,0,0.02,0.02,0,0.335,31,0.009,0.0029,0.04,0.038,"HQJ048230",0.001
0.006,0.0404,0,1,0.014,0.01,0,0.198,21,0.0057,0.0032,0.026,0.025,"HQB002750",0
0.006,0.0427,0,0,0.02,0.02,0,0.191,27,0.0064,0.0038,0.026,0.025,"HQD000660",0
0.005,0.0373,13,0,0.014,0.02,0,0.191,19,0.0098,0.0035,0.027,0.025,"HQF027440",0
0.004,0.0413,0,0,0.008,0.02,0,0.21,16,0.0079,0.0031,0.029,0.028,"HQD157210",0
0.006,0.0371,0,2,0.013,0.02,0,0.195,33,0.0089,0.0032,0.028,0.026,"HQZ047000",0
0.006,0.0358,0,0,0.008,0.01,0,0.207,17,0.0083,0.0028,0.026,0.024,"HQA147410",0
0.006,0.0525,0,0,0.014,0.02,0,0.792,33,0.0106,0.0025,0.023,0.021,"HQA077430",0
0.007,0.0577,0,0,0.018,0.02,0,0.344,29,0.007,0.0029,0.034,0.033,"HQA113580",0
0.004,0.0205,1,0,0.016,0.02,0,0.193,14,0.0083,0.0033,0.028,0.028,"HQJ040220",0
0.007,0.0019,0,0,0.013,0.01,0,0.102,16,0.009,0.0031,0.032,0.03,"HQA144070",0.001
0.007,0.0368,0,0,0.013,0.02,0,0.202,28,0.0114,0.0033,0.03,0.029,"HQD036530",0
0.005,0.1399,0,0,0.02,0.02,0,0.486,28,0.0098,0.0028,0.027,0.026,"HQG135470",0.001
0.004,0.0347,0,0,0.011,0.02,0,0.191,30,0.009,0.0024,0.032,0.031,"HQJ051900",0.001
0.004,0.0366,0,0,0.022,0.02,0,0.196,33,0.0106,0.0033,0.022,0.02,"HQJ051740",0
0.004,0.0594,0,0,0.012,0.01,0,0.79,36,0.008,0.0018,0.028,0.027,"HQF032250",0
0.004,0.0022,0,0,0.009,0.02,0,0.097,19,0.0086,0.0032,0.032,0.03,"HQD105130",0.003
0.006,0.0524,0,0,0.014,0.02,0,0.829,27,0.009,0.0028,0.032,0.031,"HQY062270",0.001
0.005,0.0021,0,0,0.021,0.02,0,0.138,13,0.0101,0.0047,0.029,0.028,"HQH012300",0.001
0.004,0.1226,0,0,0.013,0.02,0,0.452,27,0.0097,0.0027,0.034,0.033,"HQF142750",0
0.005,0.0414,0,1,0.017,0.02,0.01,0.202,28,0.0094,0.0035,0.027,0.026,"HQX143260",0
0.004,0.0433,0,0,0.009,0.02,0,0.194,23,0.0104,0.0032,0.027,0.026,"HQH160870",0
0.006,0.0384,13,0,0.018,0.02,0,0.198,16,0.0068,0.0034,0.022,0.022,"HQA161650",0
0.004,0.0392,0,0,0.027,0.02,0,0.191,14,0.0104,0.0042,0.02,0.02,"HQG122430",0
0.005,0.0486,0,1,0.011,0.01,0,0.281,19,0.0067,0.0033,0.019,0.018,"HQB044240",0
0.004,0.0047,11,0,0.096,0.02,0.06,0.597,12,0.0833,0.0094,0.056,0.052,"HQJ046880",0.002
0.006,0.074,3,0,0.01,0.03,0,0.893,25,0.0196,0.0015,0.026,0.025,"HQC144610",0.002
0.005,0.0402,0,0,0.01,0.02,0,0.199,16,0.0083,0.0029,0.03,0.028,"HQB141700",0
0.005,0.0406,0,1,0.011,0.02,0,0.184,23,0.0084,0.0033,0.024,0.023,"HQJ081710",0
0.005,0.0401,0,0,0.017,0.02,0,0.184,16,0.0067,0.0035,0.03,0.03,"HQG012090",0
0.007,0.1359,2,0,0.023,0.02,0,1.462,39,0.0104,0.0025,0.028,0.027,"HQY013750",0.002
0.007,0.0779,2,3,0.023,0.02,0,0.894,46,0.0194,0.0024,0.028,0.028,"HQY142730",0.001
0.006,0.0382,0,2,0.014,0.02,0,0.195,17,0.0085,0.0029,0.03,0.029,"HQB002570",0
0.004,0.0769,5,2,0.016,0.02,0,0.904,24,0.0176,0.0015,0.033,0.032,"HQH161840",0.001
0.006,0.0368,0,1,0.01,0.02,0,0.195,26,0.0096,0.0026,0.031,0.029,"HQX019010",0
0.005,0.0527,0,0,0.012,0.02,0,0.785,37,0.0104,0.0022,0.031,0.028,"HQF107560",0
0.006,0.0465,0,1,0.022,0.03,0,0.305,29,0.0118,0.0023,0.044,0.043,"HQG035300",0.001
0.004,0.0361,0,2,0.012,0.02,0,0.199,18,0.0103,0.003,0.026,0.023,"HQD152370",0
0.006,0.0397,0,0,0.018,0.02,0,0.191,18,0.0075,0.0043,0.027,0.026,"HQZ093390",0
0.004,0.0375,0,0,0.01,0.02,0,0.208,28,0.008,0.0023,0.031,0.03,"HQC006910",0
0.006,0.0427,0,0,0.009,0.02,0,0.193,17,0.0091,0.0032,0.021,0.019,"HQZ068150",0
0.004,0.0355,0,0,0.019,0.02,0,0.181,22,0.0079,0.0031,0.021,0.021,"HQG144350",0
0.004,0.0201,0,0,0.019,0.02,0,0.187,22,0.0082,0.0039,0.024,0.023,"HQJ041260",0
0.004,0.0406,0,0,0.005,0.02,0,0.196,15,0.0154,0.0032,0.029,0.028,"HQF064440",0
0.006,0.0353,0,0,0.025,0.03,0,0.145,17,0.0106,0.0045,0.024,0.021,"HQE089640",0
0.007,0.0409,0,0,0.012,0.02,0,0.194,28,0.0081,0.0037,0.02,0.019,"HQD028520",0
0.005,0.0015,0,1,0.017,0.02,0,0.095,15,0.0098,0.0035,0.029,0.028,"HQE137960",0.002
0.006,0.0984,0,0,0.012,0.02,0,0.289,27,0.0101,0.0033,0.028,0.026,"HQZ026790",0
0.004,0.0391,0,0,0.014,0.01,0,0.18,18,0.0081,0.0032,0.029,0.028,"HQD040530",0
0.007,0.196,0,0,0.011,0.02,0,0.868,45,0.0082,0.0023,0.015,0.014,"HQA096930",0
0.005,0.1421,0,1,0.018,0.02,0,0.845,34,0.0108,0.0022,0.028,0.027,"HQH122330",0.001
0.004,0.0385,0,0,0.013,0.01,0,0.208,18,0.0087,0.0037,0.021,0.02,"HQF099180",0
0.006,0.0188,0,0,0.011,0.02,0,0.19,21,0.0063,0.0036,0.021,0.02,"HQZ010300",0
0.006,0.0198,0,0,0.016,0.02,0,0.198,17,0.0074,0.0097,0.03,0.028,"HQA014820",0
0.005,0.0392,0,0,0.01,0.02,0,0.201,24,0.0072,0.0034,0.025,0.024,"HQZ061500",0
0.006,0.0359,0,1,0.016,0.02,0,0.189,21,0.0085,0.0038,0.025,0.022,"HQA016300",0
0.006,0.0359,0,0,0.009,0.02,0,0.19,18,0.0084,0.0027,0.02,0.018,"HQY110470",0
0.004,0.1128,0,1,0.021,0.02,0,0.291,32,0.0086,0.0029,0.021,0.02,"HQG156240",0
0.006,0.0841,0,0,0.016,0.02,0,0.264,23,0.0106,0.0031,0.03,0.028,"HQA055380",0.001
0.006,0.0416,0,0,0.01,0.02,0,0.187,23,0.007,0.003,0.016,0.015,"HQA138220",0
0.006,0.002,0,0,0.012,0.02,0,0.099,15,0.0089,0.0032,0.028,0.025,"HQX119640",0
0.005,0.0384,0,0,0.009,0.02,0,0.15,16,0.0078,0.0041,0.025,0.024,"HQE106020",0
0.004,0.0348,0,0,0.018,0.05,0,0.183,36,0.0119,0.0033,0.032,0.032,"HQH115130",0.001
0.007,0.0459,0,1,0.012,0.03,0,0.142,21,0.0099,0.003,0.02,0.019,"HQA127920",0
0.006,0.1213,0,3,0.022,0.02,0,0.419,22,0.0108,0.003,0.024,0.024,"HQA141180",0.001
0.003,0.0364,0,0,0.01,0.01,0,0.2,15,0.0083,0.0051,0.033,0.03,"HQG113670",0
0.004,0.0333,0,4,0.009,0.02,0,0.192,15,0.008,0.0035,0.022,0.022,"HQD130540",0
0.004,0.0353,0,0,0.023,0.02,0,0.187,18,0.0069,0.0036,0.023,0.022,"HQH117470",0
0.004,0.1502,0,1,0.019,0.01,0,0.487,26,0.008,0.0033,0.025,0.024,"HQY062350",0
0.006,0.04,0,0,0.018,0.02,0,0.199,23,0.0059,0.0042,0.027,0.025,"HQX126550",0
0.004,0.0696,0,0,0.028,0.02,0,0.248,103,0.0115,0.0047,0.027,0.024,"HQC086920",0
0.005,0.0262,0,0,0.018,0.03,0,0.179,35,0.0143,0.0036,0.034,0.033,"HQD123340",0
0.005,0.1431,0,0,0.01,0.01,0,0.498,30,0.007,0.0027,0.023,0.02,"HQE053590",0
0.006,0.0381,0,0,0.013,0.02,0,0.206,27,0.0068,0.0031,0.024,0.023,"HQC098990",0
0.007,0.0399,0,7,0.012,0.02,0,0.186,21,0.0124,0.0036,0.023,0.023,"HQD061970",0
0.005,0.002,0,1,0.03,0.05,0.02,0.141,21,0.0468,0.0042,0.031,0.028,"HQB048510",0.001
0.005,0.0361,0,0,0.008,0.02,0,0.181,13,0.0101,0.0023,0.017,0.017,"HQE027280",0
0.004,0.1091,0,0,0.01,0.01,0,0.447,35,0.0093,0.0027,0.022,0.019,"HQH165390",0
0.007,0.039,0,0,0.018,0.02,0,0.203,33,0.0088,0.0028,0.026,0.025,"HQX018650",0
0.007,0.2013,0,0,0.017,0.02,0,0.89,35,0.0103,0.003,0.019,0.018,"HQA097480",0.001
0.007,0.0417,20,0,0.011,0.02,0,0.176,21,0.0114,0.0034,0.018,0.016,"HQB032570",0
0.004,0.0735,1,0,0.021,0.02,0,0.482,26,0.0109,0.0025,0.029,0.028,"HQJ143930",0
0.006,0.0353,11,0,0.019,0.02,0,0.202,13,0.0054,0.0028,0.03,0.028,"HQA040130",0
0.005,0.0584,0,1,0.011,0.02,0,0.776,28,0.0104,0.0021,0.028,0.028,"HQD155330",0.001
0.004,0.1221,0,0,0.011,0.02,0,0.31,30,0.0082,0.0023,0.027,0.025,"HQJ033730",0
0.006,0.0699,0,0,0.019,0.02,0,0.482,33,0.01,0.0028,0.048,0.046,"HQG021700",0
0.005,0.0364,0,1,0.016,0.02,0,0.193,16,0.0093,0.0028,0.025,0.024,"HQA047420",0
0.005,0.0023,0,1,0.017,0.02,0,0.066,15,0.0093,0.0041,0.033,0.032,"HQH106810",0.002
0.005,0.0021,0,0,0.009,0.02,0,0.105,23,0.0087,0.0031,0.028,0.027,"HQD109650",0.002
0.006,0.0424,0,0,0.011,0.03,0,0.189,16,0.0085,0.0035,0.018,0.016,"HQC139040",0
0.006,0.0356,0,1,0.033,0.02,0,0.196,27,0.0078,0.004,0.027,0.025,"HQY027770",0
0.004,0.0027,15,0,0.06,0.07,0,0.526,13,0.0147,0.0026,0.022,0.017,"HQE028230",0.002
0.006,0.1158,0,1,0.018,0.02,0,0.417,27,0.0084,0.0027,0.024,0.023,"HQY101030",0
0.005,0.0015,15,0,0.06,0.07,0,0.529,17,0.0141,0.003,0.025,0.024,"HQD101320",0.002
0.006,0.1174,1,0,0.013,0.02,0,1.193,30,0.0142,0.0023,0.021,0.02,"HQC067680",0.001
0.005,0.0352,17,3,0.031,0.02,0,0.19,19,0.0096,0.0037,0.012,0.011,"HQE042810",0
0.005,0.0401,12,0,0.022,0.02,0,0.219,15,0.01,0.0039,0.042,0.04,"HQF087520",0
0.006,0.0354,9,0,0.01,0.02,0,0.202,24,0.0068,0.0035,0.031,0.029,"HQX160720",0
0.006,0.0367,0,0,0.022,0.02,0,0.191,12,0.006,0.003,0.02,0.019,"HQA166880",0
0.006,0.0371,0,0,0.015,0.01,0,0.197,28,0.0056,0.0022,0.026,0.025,"HQC106120",0
0.004,0.039,0,0,0.009,0.02,0,0.187,25,0.0087,0.0025,0.023,0.023,"HQG153730",0
0.007,0.1466,0,0,0.017,0.02,0,0.781,26,0.0097,0.0032,0.021,0.02,"HQY128570",0.001
0.004,0.0416,0,0,0.007,0.01,0,0.189,17,0.0121,0.0049,0.029,0.028,"HQF063090",0
0.004,0.0367,0,10,0.014,0.02,0,0.182,16,0.0102,0.0047,0.022,0.02,"HQD152640",0
0.006,0.1158,0,0,0.019,0.02,0.01,0.314,28,0.009,0.003,0.035,0.033,"HQX048920",0
0.005,0.0619,0,1,0.018,0.02,0,0.338,37,0.0085,0.0033,0.04,0.038,"HQZ161120",0
0.006,0.0015,0,5,0.011,0.02,0,0.103,16,0.0098,0.0037,0.022,0.02,"HQZ093150",0.001
0.005,0.0193,0,0,0.014,0.01,0,0.194,12,0.0061,0.01,0.024,0.023,"HQA014690",0
0.006,0.0036,11,1,0.104,0.02,0.06,0.577,19,0.0833,0.0087,0.045,0.042,"HQZ147680",0.002
0.004,0.1381,0,0,0.017,0.02,0,0.85,26,0.0118,0.0022,0.031,0.027,"HQG140490",0
0.004,0.1214,0,0,0.023,0.02,0,0.314,26,0.0095,0.003,0.027,0.026,"HQH071020",0
0.005,0.0371,0,0,0.01,0.02,0,0.174,22,0.0101,0.003,0.026,0.024,"HQA076540",0
0.006,0.1149,0,0,0.016,0.01,0,0.453,26,0.0079,0.0027,0.025,0.024,"HQB112850",0
0.004,0.0428,0,0,0.013,0.02,0,0.291,36,0.0117,0.0026,0.036,0.035,"HQJ112830",0
0.006,0.0443,19,0,0.018,0.02,0,0.195,19,0.0094,0.0032,0.025,0.024,"HQC135440",0
0.007,0.1157,0,0,0.024,0.02,0,0.316,29,0.0082,0.0033,0.018,0.018,"HQY100490",0
0.005,0.0013,0,0,0.01,0.02,0,0.074,19,0.0106,0.0037,0.035,0.032,"HQZ077100",0.001
0.005,0.0355,0,0,0.009,0.02,0,0.133,18,0.0087,0.0034,0.026,0.026,"HQH072180",0
0.005,0.0381,0,0,0.011,0.01,0,0.193,18,0.0067,0.0034,0.026,0.024,"HQF001880",0
0.005,0.0766,3,1,0.016,0.01,0,0.906,36,0.019,0.0023,0.032,0.029,"HQE139950",0.001
0.004,0.0383,0,0,0.009,0.02,0,0.193,24,0.0107,0.0031,0.023,0.021,"HQH160920",0
0.005,0.0723,0,0,0.013,0.02,0,0.449,30,0.0125,0.0029,0.023,0.022,"HQX092530",0
0.003,0.068,0,0,0.022,0.02,0,0.486,32,0.0088,0.0029,0.042,0.04,"HQG084230",0
0.005,0.0373,13,0,0.014,0.02,0,0.191,19,0.0098,0.0035,0.027,0.025,"HQF027430",0
0.007,0.0397,0,0,0.022,0.02,0,0.286,23,0.0127,0.003,0.015,0.014,"HQY082420",0.001
0.004,0.0586,0,0,0.014,0.01,0,0.35,34,0.0075,0.0027,0.034,0.033,"HQJ116680",0
0.004,0.0172,0,0,0.021,0.02,0,0.194,22,0.008,0.003,0.025,0.023,"HQJ146020",0
0.004,0.1049,0,0,0.024,0.02,0,0.438,28,0.0089,0.0033,0.027,0.025,"HQG101230",0
0.006,0.0012,6,1,0.051,0.02,0,0.192,15,0.0452,0.0097,0.038,0.036,"HQY002460",0
0.006,0.0373,0,0,0.014,0.02,0,0.191,22,0.0079,0.0035,0.037,0.036,"HQY084510",0
0.005,0.1887,0,0,0.012,0.02,0,0.469,29,0.0069,0.0022,0.036,0.035,"HQE147700",0
0.005,0.1519,0,0,0.02,0.02,0,0.581,28,0.0133,0.0033,0.033,0.033,"HQG148060",0
0.005,0.0389,0,0,0.019,0.02,0,0.2,16,0.0148,0.0029,0.022,0.021,"HQG013590",0.001
0.004,0.0014,0,0,0.018,0.02,0,0.068,22,0.0079,0.004,0.028,0.026,"HQC065680",0.002
0.004,0.0323,11,1,0.012,0.02,0,0.182,19,0.0091,0.0029,0.028,0.026,"HQH035560",0
0.004,0.0744,0,0,0.022,0.02,0,0.299,24,0.0088,0.0028,0.031,0.03,"HQG066770",0
0.004,0.0396,0,0,0.008,0.01,0,0.193,23,0.0098,0.0037,0.032,0.031,"HQF063100",0
0.004,0.1173,0,2,0.022,0.02,0,0.311,33,0.0102,0.0026,0.027,0.026,"HQH071140",0.001
0.007,0.0536,0,0,0.009,0.02,0,0.782,35,0.0082,0.0028,0.039,0.037,"HQX133150",0.001
0.006,0.0016,5,1,0.056,0.02,0,0.201,13,0.0441,0.0085,0.04,0.038,"HQG034810",0.001
0.004,0.0364,0,0,0.012,0.02,0,0.184,17,0.0073,0.0031,0.024,0.023,"HQG096130",0
0.005,0.0014,0,0,0.051,0.02,0,0.141,15,0.0555,0.0078,0.033,0.032,"HQJ011460",0
0.007,0.0393,0,0,0.009,0.01,0,0.194,20,0.008,0.0027,0.028,0.027,"HQX014750",0
0.005,0.0548,0,0,0.007,0.01,0,0.313,17,0.0083,0.0026,0.021,0.02,"HQB044980",0
0.006,0.0364,0,0,0.015,0.02,0,0.199,17,0.0131,0.0035,0.022,0.02,"HQD061660",0
0.006,0.0406,0,1,0.013,0.02,0,0.201,18,0.0073,0.0032,0.018,0.017,"HQB077150",0
0.006,0.0381,0,0,0.011,0.03,0,0.197,24,0.009,0.0034,0.032,0.032,"HQB051550",0
0.004,0.047,0,0,0.019,0.02,0,0.278,23,0.0107,0.0033,0.02,0.019,"HQG068230",0
0.005,0.0401,0,3,0.008,0.02,0,0.188,19,0.0084,0.0031,0.017,0.016,"HQD064090",0
0.005,0.0398,0,0,0.013,0.02,0,0.186,19,0.0083,0.0042,0.022,0.02,"HQZ012270",0
0.005,0.0018,0,0,0.01,0.02,0,0.1,16,0.0094,0.004,0.026,0.024,"HQZ155170",0
0.007,0.1172,0,1,0.015,0.01,0,0.468,37,0.0051,0.0025,0.014,0.013,"HQA129290",0
0.006,0.0776,1,0,0.012,0.03,0,0.886,25,0.0181,0.0026,0.024,0.023,"HQC144660",0.001
0.004,0.035,0,0,0.01,0.02,0,0.195,20,0.0084,0.0027,0.026,0.023,"HQJ001500",0
0.005,0.043,0,0,0.011,0.02,0,0.199,14,0.011,0.0029,0.027,0.026,"HQC057200",0
0.004,0.0381,0,0,0.014,0.02,0,0.19,16,0.0078,0.0033,0.022,0.02,"HQJ056400",0
0.003,0.0329,0,0,0.008,0.01,0,0.191,18,0.0078,0.0021,0.034,0.029,"HQH007090",0
0.005,0.0407,0,0,0.01,0.02,0,0.188,19,0.0089,0.0044,0.022,0.02,"HQZ012180",0
0.006,0.171,0,0,0.018,0.02,0,0.54,37,0.0104,0.0025,0.026,0.025,"HQY032390",0
0.006,0.1426,0,0,0.016,0.02,0,0.481,32,0.0113,0.0029,0.029,0.028,"HQX094510",0
0.004,0.0822,1,0,0.016,0.02,0,0.897,39,0.0185,0.0026,0.025,0.024,"HQJ076720",0.001
0.004,0.1211,0,0,0.015,0.02,0,0.305,29,0.0088,0.0029,0.026,0.026,"HQJ033450",0
0.006,0.0382,0,0,0.018,0.03,0,0.195,24,0.0113,0.0034,0.021,0.02,"HQX053450",0
0.006,0.043,0,0,0.01,0.02,0,0.186,25,0.0076,0.0032,0.02,0.018,"HQZ009890",0
0.004,0.0015,0,0,0.016,0.02,0,0.061,16,0.0095,0.0034,0.033,0.03,"HQJ113010",0.002
0.005,0.0312,0,0,0.014,0.02,0,0.284,19,0.0189,0.0036,0.028,0.026,"HQY034720",0.001
0.004,0.0564,1,0,0.026,0.02,0,0.785,27,0.0137,0.0025,0.031,0.031,"HQH146980",0.001
0.006,0.1458,0,0,0.011,0.02,0,0.461,22,0.0104,0.0028,0.021,0.021,"HQC117180",0
0.005,0.0791,2,1,0.035,0.03,0,1.278,28,0.0091,0.0031,0.02,0.02,"HQH141320",0.002
0.006,0.0599,0,0,0.018,0.02,0,0.806,35,0.0095,0.0026,0.026,0.025,"HQA030060",0
0.005,0.078,0,0,0.03,0.02,0,1.292,47,0.0078,0.0027,0.018,0.018,"HQD090350",0.001
0.006,0.0398,11,0,0.015,0.01,0,0.258,25,0.0059,0.0029,0.03,0.028,"HQX104360",0
0.004,0.0696,0,0,0.012,0.02,0,0.493,33,0.0123,0.003,0.041,0.039,"HQJ002200",0
0.007,0.0696,0,1,0.02,0.02,0,0.239,97,0.0086,0.0035,0.031,0.03,"HQA094990",0
0.004,0.0401,0,0,0.014,0.02,0,0.192,19,0.0121,0.0034,0.022,0.021,"HQC062860",0
0.004,0.0581,0,3,0.01,0.02,0,0.795,30,0.0118,0.0027,0.044,0.043,"HQD159130",0.001
0.006,0.0019,0,0,0.016,0.03,0,0.149,19,0.0136,0.0042,0.025,0.023,"HQY016800",0.002
0.005,0.0395,0,0,0.014,0.02,0,0.2,17,0.0077,0.0031,0.023,0.022,"HQA047130",0
0.005,0.034,0,0,0.009,0.01,0,0.171,17,0.0122,0.0035,0.028,0.027,"HQG164240",0
0.005,0.0775,0,0,0.013,0.02,0,0.287,24,0.0098,0.0032,0.035,0.034,"HQE145760",0
0.006,0.0429,0,0,0.012,0.02,0,0.212,19,0.0103,0.0031,0.029,0.027,"HQA016100",0
0.005,0.0021,0,0,0.011,0.02,0,0.073,18,0.0085,0.0031,0.028,0.027,"HQZ145710",0.002
0.006,0.0407,1,0,0.016,0.02,0,0.196,15,0.0088,0.0034,0.023,0.023,"HQA057310",0
0.004,0.0327,0,0,0.015,0.02,0,0.194,15,0.0095,0.0031,0.029,0.027,"HQB096880",0
0.004,0.0321,0,0,0.009,0.02,0,0.185,13,0.0079,0.0038,0.023,0.022,"HQE032300",0
0.004,0.0393,12,0,0.015,0.02,0,0.245,21,0.014,0.0026,0.04,0.036,"HQG107560",0
0.007,0.1449,0,0,0.017,0.02,0,0.845,27,0.0097,0.0031,0.024,0.023,"HQY124950",0.001
0.005,0.0022,0,2,0.008,0.02,0,0.098,19,0.0098,0.0033,0.025,0.023,"HQA004240",0.001
0.004,0.0667,0,0,0.031,0.02,0,0.253,101,0.0098,0.0033,0.031,0.028,"HQD097000",0
0.004,0.0396,13,0,0.019,0.03,0,0.194,23,0.011,0.0037,0.022,0.019,"HQJ124550",0
0.006,0.1231,0,0,0.009,0.02,0,0.32,29,0.0063,0.0027,0.027,0.026,"HQD014730",0
0.005,0.045,0,0,0.009,0.02,0,0.186,14,0.0095,0.0032,0.031,0.03,"HQC077560",0
0.005,0.0214,0,0,0.02,0.02,0,0.142,6,0.0094,0.0034,0.035,0.034,"HQG022770",0
0.005,0.079,0,0,0.02,0.02,0,0.305,27,0.0112,0.0019,0.029,0.028,"HQF158670",0
0.005,0.0377,0,5,0.009,0.01,0,0.199,16,0.0088,0.0045,0.026,0.023,"HQF018570",0
0.007,0.0394,0,0,0.015,0.02,0,0.201,26,0.0081,0.0039,0.034,0.033,"HQD036520",0
0.005,0.0323,0,0,0.013,0.01,0,0.193,23,0.0063,0.0029,0.019,0.018,"HQZ081870",0
0.006,0.038,0,0,0.015,0.01,0,0.195,19,0.0061,0.0032,0.03,0.028,"HQA060100",0
0.005,0.0737,2,1,0.275,0.41,0,0.398,0,0.0946,0.0036,0.022,0.022,"HQB114780",0.002
0.006,0.1839,0,0,0.014,0.02,0,0.457,37,0.0116,0.0029,0.023,0.021,"HQX050290",0.002
0.006,0.0527,0,0,0.011,0.02,0,0.351,30,0.0086,0.0025,0.036,0.034,"HQX030800",0.001
0.006,0.0325,0,0,0.009,0.02,0,0.186,20,0.009,0.0027,0.024,0.024,"HQA133340",0
0.005,0.034,0,0,0.017,0.02,0,0.204,16,0.0111,0.0033,0.021,0.02,"HQF148880",0
0.005,0.0588,0,0,0.024,0.02,0,0.797,23,0.0118,0.0022,0.026,0.025,"HQH063670",0
0.005,0.1455,1,1,0.012,0.01,0,0.816,28,0.0068,0.0026,0.029,0.027,"HQE053140",0.001
0.006,0.0374,0,1,0.008,0.01,0,0.199,19,0.0079,0.0031,0.03,0.028,"HQY111960",0
0.005,0.0015,0,1,0.026,0.02,0,0.094,16,0.0094,0.0044,0.022,0.021,"HQE088930",0.001
0.006,0.0363,14,0,0.015,0.02,0,0.195,20,0.0073,0.003,0.026,0.024,"HQA055980",0
0.004,0.0684,0,1,0.018,0.01,0,0.493,29,0.0122,0.0033,0.042,0.039,"HQJ102040",0.001
0.007,0.0591,0,0,0.012,0.02,0,0.801,27,0.0084,0.0026,0.031,0.029,"HQY106950",0
0.004,0.022,0,0,0.016,0.02,0,0.206,16,0.0079,0.0036,0.026,0.025,"HQD080120",0
0.004,0.1238,0,0,0.026,0.03,0,0.302,32,0.0113,0.0026,0.027,0.026,"HQJ017880",0.001
0.006,0.0203,0,0,0.01,0.02,0,0.199,19,0.0092,0.0027,0.023,0.019,"HQD017170",0
0.005,0.1573,0,0,0.015,0.02,0,0.799,29,0.008,0.0024,0.036,0.034,"HQA086080",0.001
0.006,0.0374,0,0,0.01,0.01,0,0.191,27,0.007,0.0027,0.022,0.02,"HQX003880",0
0.006,0.0017,0,0,0.009,0.02,0,0.065,17,0.0041,0.0034,0.029,0.027,"HQY111610",0.003
0.005,0.0018,0,1,0.02,0.03,0,0.076,20,0.0108,0.0035,0.028,0.028,"HQJ024730",0.003
0.005,0.0015,0,0,0.01,0.01,0,0.072,15,0.0084,0.0036,0.032,0.031,"HQE052140",0.001
0.005,0.0362,0,0,0.011,0.02,0,0.186,27,0.0079,0.0034,0.024,0.023,"HQZ052470",0
0.005,0.0527,0,0,0.012,0.02,0,0.785,37,0.0104,0.0022,0.031,0.028,"HQF107130",0
0.005,0.0381,12,0,0.017,0.03,0,0.205,11,0.0097,0.0034,0.023,0.022,"HQH033270",0
0.004,0.0574,0,1,0.016,0.03,0,0.786,30,0.012,0.0019,0.034,0.033,"HQG062880",0.001
0.006,0.0398,0,0,0.016,0.02,0,0.202,16,0.0093,0.0028,0.028,0.026,"HQA151570",0
0.006,0.0018,0,0,0.021,0.02,0,0.088,12,0.0087,0.0037,0.025,0.024,"HQA145950",0.001
0.005,0.0664,0,0,0.023,0.02,0,0.482,29,0.0124,0.0031,0.043,0.041,"HQH098560",0
0.006,0.002,5,0,0.052,0.02,0,0.198,17,0.0435,0.0085,0.038,0.036,"HQZ133300",0.001
0.006,0.0389,0,0,0.022,0.02,0,0.207,21,0.0073,0.0034,0.023,0.022,"HQX146580",0
0.005,0.0604,0,1,0.013,0.02,0,0.773,35,0.0102,0.0025,0.03,0.029,"HQG043020",0.001
0.006,0.1521,0,0,0.019,0.03,0,0.925,30,0.012,0.0033,0.025,0.023,"HQX103610",0.001
0.004,0.0407,12,0,0.017,0.02,0,0.224,24,0.0105,0.0047,0.025,0.024,"HQE131700",0
0.004,0.0024,0,0,0.025,0.02,0,0.091,18,0.0099,0.0038,0.025,0.021,"HQF157840",0.001
0.005,0.0398,0,0,0.013,0.01,0,0.186,28,0.0068,0.0027,0.024,0.023,"HQB142560",0
0.005,0.0015,5,2,0.054,0.03,0,0.198,17,0.044,0.0098,0.04,0.038,"HQY067390",0.001
0.006,0.0365,0,1,0.011,0.02,0,0.199,28,0.0078,0.0029,0.026,0.025,"HQB124600",0
0.006,0.0425,0,0,0.013,0.02,0,0.192,17,0.0131,0.0032,0.021,0.019,"HQD064100",0
0.005,0.0352,0,0,0.009,0.01,0,0.142,24,0.0057,0.0025,0.023,0.022,"HQF032800",0
0.005,0.0573,1,0,0.014,0.02,0,0.773,28,0.0126,0.0031,0.029,0.028,"HQC026410",0.001
0.006,0.0017,5,0,0.056,0.02,0,0.192,20,0.0435,0.0091,0.037,0.035,"HQX021030",0.001
0.006,0.0587,0,0,0.01,0.02,0,0.788,31,0.008,0.0026,0.044,0.042,"HQX099890",0
0.006,0.0383,0,3,0.015,0.02,0,0.218,20,0.0106,0.0036,0.025,0.023,"HQY110570",0
0.005,0.0382,0,0,0.014,0.02,0,0.202,15,0.0086,0.0032,0.03,0.028,"HQH112670",0
0.005,0.0594,0,0,0.028,0.02,0,0.785,28,0.0112,0.0025,0.029,0.027,"HQF107860",0.001
0.006,0.0424,0,0,0.011,0.03,0,0.189,16,0.0085,0.0035,0.018,0.016,"HQC139060",0
0.005,0.0375,0,0,0.009,0.02,0,0.187,14,0.0075,0.0026,0.026,0.024,"HQF126010",0
0.007,0.0408,0,0,0.009,0.02,0,0.208,23,0.0101,0.0038,0.032,0.03,"HQX121750",0
0.006,0.0468,0,0,0.011,0.02,0,0.316,18,0.0096,0.0035,0.027,0.025,"HQY087600",0
0.006,0.0023,16,0,0.062,0.07,0,0.525,20,0.0153,0.0033,0.022,0.021,"HQB079710",0.002
0.004,0.0353,0,0,0.018,0.02,0,0.189,21,0.011,0.0033,0.024,0.023,"HQF046640",0
0.005,0.0015,0,0,0.011,0.02,0,0.089,17,0.0095,0.0027,0.024,0.022,"HQD005330",0.001
0.005,0.0392,0,1,0.022,0.03,0,0.205,20,0.0086,0.0037,0.021,0.019,"HQB131390",0
0.006,0.0801,2,1,0.022,0.02,0,0.911,39,0.0194,0.0028,0.025,0.023,"HQX074030",0.002
0.005,0.0404,0,0,0.017,0.02,0,0.146,31,0.0077,0.0034,0.03,0.029,"HQH031780",0
0.005,0.0409,0,0,0.014,0.02,0,0.185,23,0.0072,0.0042,0.03,0.029,"HQF147000",0
0.005,0.0014,0,1,0.013,0.02,0,0.082,22,0.0106,0.0034,0.036,0.035,"HQD117710",0.001
0.006,0.1399,0,0,0.016,0.02,0,1.204,33,0.009,0.0027,0.026,0.025,"HQZ110870",0.001
0.006,0.0018,0,1,0.02,0.02,0,0.061,21,0.0096,0.004,0.038,0.036,"HQY115900",0.001
0.004,0.04,0,0,0.017,0.02,0,0.189,15,0.0059,0.0035,0.03,0.028,"HQJ059610",0
0.006,0.0608,0,0,0.015,0.02,0,0.812,38,0.0098,0.0025,0.031,0.03,"HQB093410",0
0.006,0.0434,0,1,0.009,0.02,0,0.284,34,0.0079,0.0032,0.038,0.037,"HQZ139580",0
0.004,0.1119,0,0,0.018,0.02,0,0.304,36,0.0104,0.0028,0.029,0.027,"HQH138970",0
0.006,0.0022,0,0,0.01,0.01,0,0.09,19,0.009,0.0027,0.025,0.024,"HQB077860",0.001
0.005,0.0802,3,5,0.014,0.02,0,0.906,27,0.0198,0.003,0.029,0.028,"HQD146900",0.001
0.005,0.0395,0,8,0.011,0.02,0,0.197,33,0.0082,0.0029,0.04,0.037,"HQH112740",0
0.005,0.1409,0,2,0.012,0.03,0,0.873,25,0.008,0.0029,0.017,0.014,"HQH030510",0.001
0.005,0.0794,2,1,0.026,0.02,0,1.079,35,0.0188,0.0022,0.036,0.034,"HQX002790",0.002
0.004,0.04,0,0,0.014,0.02,0,0.184,16,0.0088,0.0034,0.027,0.025,"HQF041350",0
0.006,0.1701,0,1,0.023,0.02,0,0.493,30,0.0117,0.0038,0.019,0.018,"HQE095630",0
0.005,0.0403,0,0,0.01,0.02,0,0.197,20,0.0079,0.0036,0.027,0.025,"HQF135860",0
0.006,0.077,1,0,0.027,0.02,0,0.903,34,0.0189,0.0024,0.023,0.022,"HQB081700",0.001
0.006,0.0649,0,0,0.287,0.41,0,0.411,,0.1045,0.0037,0.019,0.017,"HQY065630",0.003
0.007,0.0619,0,0,0.015,0.02,0,0.811,35,0.0135,0.0025,0.029,0.028,"HQX027560",0.001
0.006,0.0994,0,0,0.012,0.02,0,0.64,26,0.0094,0.0023,0.018,0.017,"HQA034730",0
0.006,0.0404,0,0,0.012,0.02,0,0.193,22,0.0065,0.0033,0.022,0.021,"HQD000780",0
0.005,0.0387,0,0,0.018,0.02,0,0.201,31,0.0078,0.0027,0.032,0.03,"HQY094940",0
0.005,0.0589,0,0,0.015,0.02,0,0.775,27,0.0088,0.0033,0.036,0.035,"HQH013550",0
0.005,0.0022,0,3,0.015,0.02,0,0.097,19,0.01,0.004,0.023,0.021,"HQF123660",0.001
0.006,0.0454,18,0,0.013,0.02,0,0.198,14,0.0081,0.0028,0.022,0.021,"HQC011920",0
0.005,0.1493,0,0,0.013,0.02,0,0.491,26,0.013,0.0028,0.025,0.023,"HQZ149700",0
0.006,0.0386,0,0,0.01,0.02,0,0.2,20,0.0073,0.0034,0.029,0.028,"HQA090020",0
0.006,0.0022,0,0,0.014,0.03,0,0.138,24,0.0098,0.0038,0.028,0.025,"HQD003100",0.002
0.005,0.0191,0,0,0.015,0.02,0,0.204,15,0.0073,0.0032,0.012,0.011,"HQZ116410",0
0.004,0.0793,4,1,0.022,0.02,0,0.892,31,0.0193,0.0023,0.026,0.026,"HQG111450",0.002
0.005,0.0019,0,0,0.014,0.02,0,0.077,14,0.0082,0.0037,0.043,0.041,"HQE040320",0.002
0.005,0.143,0,0,0.022,0.02,0,1.236,20,0.0155,0.0026,0.021,0.02,"HQE009230",0.002
0.004,0.0394,0,0,0.012,0.01,0,0.197,24,0.0067,0.0037,0.026,0.025,"HQD041070",0
0.004,0.0436,0,0,0.025,0.02,0,0.203,16,0.009,0.0039,0.027,0.027,"HQJ042500",0
0.006,0.0412,0,0,0.01,0.01,0,0.186,16,0.007,0.0029,0.028,0.027,"HQA064710",0
0.006,0.1867,0,0,0.016,0.02,0,0.472,26,0.0098,0.0031,0.029,0.028,"HQA056800",0
0.005,0.0287,0,0,0.027,0.02,0,0.292,19,0.02,0.0048,0.027,0.025,"HQH078930",0.001
0.003,0.0183,0,0,0.015,0.02,0,0.144,19,0.0093,0.0032,0.022,0.02,"HQJ141510",0
0.006,0.0357,0,0,0.015,0.02,0,0.2,24,0.0089,0.0029,0.025,0.024,"HQB124920",0
0.005,0.0377,0,5,0.009,0.01,0,0.199,16,0.0088,0.0045,0.026,0.023,"HQF018440",0
0.004,0.0352,0,0,0.031,0.02,0,0.18,15,0.0084,0.0036,0.022,0.022,"HQE135320",0
0.004,0.0227,0,0,0.008,0.02,0,0.181,18,0.0096,0.0031,0.021,0.021,"HQF044080",0
0.005,0.0018,0,0,0.009,0.02,0,0.142,23,0.0095,0.0039,0.033,0.032,"HQH051360",0.004
0.005,0.1737,0,0,0.027,0.02,0,0.482,30,0.0089,0.0024,0.03,0.029,"HQE146880",0
0.004,0.0015,0,1,0.018,0.06,0.02,0.145,10,0.0536,0.0038,0.031,0.03,"HQG122570",0.001
0.005,0.0026,0,0,0.018,0.03,0,0.106,15,0.0087,0.0033,0.034,0.033,"HQD159570",0.002
0.004,0.0311,0,1,0.016,0.02,0,0.188,22,0.0074,0.0031,0.019,0.017,"HQC006310",0
0.005,0.0593,0,0,0.01,0.02,0,0.332,18,0.008,0.0028,0.035,0.034,"HQJ104800",0
0.006,0.0394,0,0,0.015,0.02,0,0.187,20,0.0103,0.0024,0.028,0.027,"HQC057740",0
0.004,0.1437,0,1,0.028,0.02,0,0.874,40,0.0107,0.0033,0.023,0.022,"HQH080110",0.001
0.004,0.0409,13,2,0.019,0.02,0,0.258,22,0.0065,0.0032,0.028,0.025,"HQC065810",0
0.004,0.0181,0,0,0.008,0.02,0,0.181,19,0.0093,0.0024,0.02,0.02,"HQF044180",0
0.006,0.0392,0,0,0.016,0.02,0,0.214,17,0.0082,0.0035,0.021,0.02,"HQX158770",0
0.006,0.0347,0,0,0.01,0.02,0,0.192,22,0.0103,0.0027,0.028,0.026,"HQX026180",0
0.006,0.0366,0,0,0.019,0.02,0,0.192,34,0.0075,0.0044,0.028,0.025,"HQA105410",0
0.004,0.0013,0,1,0.025,0.02,0,0.078,15,0.0086,0.0043,0.032,0.03,"HQF161430",0.002
0.006,0.0408,12,0,0.025,0.02,0,0.253,18,0.0098,0.0045,0.034,0.031,"HQX052130",0
0.006,0.036,0,1,0.012,0.02,0,0.189,16,0.0075,0.0033,0.018,0.016,"HQY110640",0
0.004,0.0797,3,0,0.036,0.02,0,0.883,25,0.0194,0.0026,0.028,0.027,"HQH123640",0.002
0.006,0.0019,0,0,0.01,0.02,0,0.093,18,0.01,0.003,0.031,0.027,"HQB132620",0.001
0.007,0.0014,5,1,0.055,0.02,0,0.19,16,0.0441,0.0092,0.036,0.036,"HQA139560",0.001
0.006,0.0583,0,1,0.017,0.02,0,0.81,38,0.0075,0.003,0.042,0.04,"HQY025140",0.001
0.005,0.0698,2,1,0.285,0.42,0,0.401,0,0.1028,0.0032,0.031,0.031,"HQF029080",0.002
0.006,0.1891,0,0,0.017,0.02,0,0.863,35,0.0122,0.0034,0.021,0.019,"HQX064170",0.001
0.005,0.056,0,0,0.026,0.02,0,0.783,35,0.0113,0.0025,0.036,0.035,"HQG000630",0
0.006,0.056,0,0,0.012,0.01,0,0.795,32,0.0065,0.003,0.031,0.029,"HQY025040",0.001
0.005,0.0404,0,0,0.015,0.02,0,0.191,22,0.0103,0.0032,0.027,0.027,"HQH073270",0
0.006,0.0397,0,0,0.015,0.02,0,0.201,18,0.0084,0.003,0.024,0.022,"HQB006400",0
0.004,0.0698,0,0,0.014,0.02,0,0.251,99,0.0089,0.0027,0.03,0.028,"HQC000480",0
0.004,0.0023,18,0,0.061,0.07,0,0.553,16,0.0144,0.0032,0.031,0.03,"HQJ056680",0.002
0.006,0.0413,0,0,0.008,0.02,0,0.206,16,0.0112,0.0032,0.017,0.017,"HQD065940",0
0.004,0.002,0,0,0.013,0.02,0,0.108,20,0.0093,0.0029,0.031,0.029,"HQC055080",0.002
0.006,0.0778,0,1,0.014,0.02,0,0.896,36,0.0189,0.0022,0.037,0.035,"HQY059260",0.001
0.006,0.0408,0,0,0.011,0.02,0,0.198,22,0.0076,0.0029,0.029,0.027,"HQA108250",0
0.005,0.0349,0,0,0.013,0.01,0,0.187,17,0.0058,0.0028,0.022,0.02,"HQE099460",0
0.005,0.036,0,0,0.013,0.02,0,0.191,18,0.0066,0.0035,0.026,0.025,"HQE049520",0
0.006,0.1141,0,0,0.012,0.02,0,0.3,17,0.008,0.0026,0.022,0.021,"HQD019600",0
0.005,0.0416,13,0,0.011,0.02,0,0.226,11,0.0081,0.0038,0.031,0.031,"HQF085480",0
0.006,0.0559,0,0,0.013,0.02,0,0.353,34,0.0105,0.003,0.03,0.029,"HQX031690",0
0.005,0.0017,0,0,0.021,0.02,0,0.095,14,0.0099,0.0035,0.03,0.029,"HQF157050",0.001
0.005,0.0403,0,0,0.019,0.02,0,0.212,21,0.0105,0.0047,0.031,0.03,"HQC058130",0
0.005,0.0516,0,0,0.013,0.02,0,0.326,26,0.0085,0.0033,0.03,0.028,"HQG035420",0
0.006,0.0798,1,0,0.022,0.03,0,0.896,32,0.0176,0.0019,0.03,0.028,"HQB094180",0.001
0.004,0.0199,0,0,0.016,0.01,0,0.195,18,0.0069,0.003,0.03,0.03,"HQJ041310",0
0.006,0.0383,0,0,0.014,0.02,0,0.191,25,0.0068,0.0026,0.023,0.022,"HQB126570",0
0.004,0.0442,0,0,0.016,0.02,0,0.205,22,0.0093,0.0031,0.027,0.026,"HQJ161230",0
0.005,0.038,0,18,0.011,0.02,0,0.131,17,0.0067,0.0029,0.023,0.02,"HQA033590",0
0.005,0.0387,0,0,0.01,0.02,0,0.192,17,0.0087,0.003,0.031,0.029,"HQC025050",0
0.004,0.0015,0,0,0.017,0.02,0,0.088,17,0.0106,0.0056,0.026,0.025,"HQF112230",0.001
0.006,0.0389,0,0,0.012,0.01,0,0.2,22,0.0083,0.0027,0.02,0.019,"HQH047560",0
0.005,0.0021,0,0,0.011,0.02,0,0.088,14,0.0115,0.0043,0.026,0.025,"HQH030280",0.001
0.006,0.0379,0,0,0.018,0.02,0,0.195,29,0.0075,0.003,0.032,0.029,"HQZ090250",0.001
0.005,0.0333,0,0,0.013,0.02,0,0.203,30,0.01,0.0026,0.039,0.038,"HQF122480",0
0.005,0.0438,17,1,0.009,0.02,0,0.2,22,0.0078,0.0037,0.022,0.021,"HQE043190",0
0.007,0.0022,0,0,0.011,0.02,0,0.135,15,0.0118,0.0029,0.016,0.015,"HQA074390",0.001
0.006,0.0201,0,0,0.013,0.02,0,0.189,17,0.008,0.0033,0.019,0.018,"HQZ087400",0
0.006,0.0018,0,0,0.01,0.02,0,0.059,13,0.0062,0.0038,0.026,0.023,"HQZ078280",0.002
0.005,0.0022,7,2,0.071,0.02,0,0.241,23,0.0665,0.0101,0.036,0.03,"HQX071950",0.001
0.005,0.0359,19,0,0.023,0.02,0,0.184,17,0.0115,0.0039,0.018,0.018,"HQZ119150",0
0.005,0.0018,0,0,0.019,0.02,0,0.08,10,0.0092,0.0035,0.025,0.024,"HQB086900",0.002
0.004,0.0355,0,0,0.025,0.02,0,0.196,30,0.0097,0.0034,0.028,0.026,"HQH078600",0
0.005,0.0185,0,0,0.013,0.02,0,0.187,24,0.0079,0.0029,0.024,0.023,"HQH139150",0.001
0.006,0.0354,12,0,0.025,0.02,0,0.212,16,0.0078,0.003,0.024,0.022,"HQA040570",0
0.007,0.1446,0,0,0.017,0.01,0,0.896,36,0.0089,0.0025,0.022,0.019,"HQX047750",0.001
0.005,0.0014,0,0,0.014,0.02,0,0.1,14,0.0101,0.0035,0.028,0.027,"HQZ071000",0
0.004,0.0781,4,1,0.036,0.02,0,0.88,34,0.0185,0.002,0.024,0.024,"HQH123760",0.002
0.005,0.1293,0,0,0.014,0.02,0,0.288,30,0.0096,0.0028,0.031,0.029,"HQX118740",0
0.004,0.0392,0,0,0.012,0.01,0,0.186,21,0.01,0.0023,0.023,0.022,"HQH155260",0
0.005,0.0324,0,0,0.018,0.02,0,0.184,18,0.0083,0.0031,0.022,0.02,"HQG158330",0
0.004,0.0419,12,0,0.009,0.02,0,0.183,16,0.0073,0.0032,0.024,0.023,"HQE033290",0
0.005,0.0423,0,0,0.021,0.02,0,0.193,19,0.0104,0.0041,0.032,0.031,"HQC032980",0
0.004,0.0372,0,0,0.01,0.01,0,0.212,12,0.0089,0.003,0.029,0.028,"HQH155130",0
0.004,0.0375,0,0,0.01,0.02,0,0.208,28,0.008,0.0023,0.031,0.03,"HQC006930",0
0.005,0.0391,0,0,0.011,0.02,0,0.189,16,0.0081,0.003,0.02,0.017,"HQH135360",0
0.005,0.0409,0,0,0.017,0.02,0,0.192,23,0.0073,0.0038,0.026,0.025,"HQX118380",0
0.005,0.172,0,0,0.018,0.02,0,0.492,25,0.0094,0.0035,0.018,0.017,"HQZ168940",0
0.004,0.0566,0,0,0.02,0.02,0,0.324,33,0.0088,0.0029,0.03,0.03,"HQJ047590",0.001
0.005,0.0353,0,0,0.021,0.02,0,0.192,19,0.0086,0.0029,0.021,0.02,"HQE006460",0
0.006,0.1136,2,1,0.011,0.02,0,1.175,27,0.0109,0.0025,0.025,0.024,"HQC069500",0.001
0.004,0.0674,0,0,0.023,0.02,0,0.488,33,0.014,0.0022,0.044,0.042,"HQJ062340",0.001
0.005,0.0017,0,0,0.02,0.02,0,0.094,13,0.0102,0.0037,0.027,0.026,"HQA007310",0.001
0.006,0.0413,0,0,0.008,0.02,0,0.206,16,0.0112,0.0032,0.017,0.017,"HQD066030",0
0.005,0.0387,0,0,0.011,0.02,0,0.207,23,0.0088,0.0031,0.023,0.022,"HQB131520",0
0.004,0.1428,0,1,0.021,0.01,0,0.877,25,0.0067,0.003,0.028,0.027,"HQF070440",0.001
0.005,0.0368,0,0,0.012,0.02,0,0.207,13,0.01,0.0034,0.023,0.022,"HQZ167600",0
0.005,0.0016,0,0,0.019,0.03,0,0.075,12,0.0092,0.0038,0.035,0.035,"HQF078820",0.001
0.004,0.0017,0,0,0.014,0.02,0,0.069,10,0.0082,0.0034,0.033,0.031,"HQH028360",0.002
0.004,0.0393,0,0,0.019,0.02,0,0.197,16,0.0094,0.0036,0.032,0.029,"HQC067600",0
0.005,0.0384,0,0,0.018,0.02,0,0.192,25,0.0081,0.0035,0.034,0.032,"HQF021450",0
0.006,0.0408,0,0,0.024,0.02,0,0.206,16,0.0079,0.0034,0.019,0.018,"HQA163710",0
0.005,0.1665,0,3,0.013,0.01,0,0.498,33,0.0074,0.0029,0.029,0.028,"HQE149060",0.001
0.004,0.0037,10,1,0.091,0.02,0.06,0.564,16,0.0864,0.0098,0.047,0.046,"HQJ075320",0.001
0.004,0.077,2,0,0.018,0.02,0,0.902,28,0.0182,0.0022,0.026,0.026,"HQE004400",0.001
0.005,0.1495,0,0,0.013,0.02,0,0.807,27,0.0189,0.0022,0.02,0.017,"HQF150970",0.001
0.004,0.0435,0,0,0.017,0.02,0,0.185,17,0.0093,0.003,0.024,0.024,"HQJ151290",0
0.005,0.0382,0,0,0.012,0.02,0,0.191,16,0.0085,0.0034,0.024,0.023,"HQG031020",0
0.005,0.0398,19,0,0.012,0.02,0,0.141,20,0.0094,0.0038,0.017,0.017,"HQE042910",0
0.004,0.0024,0,0,0.02,0.02,0,0.103,12,0.0096,0.0037,0.032,0.029,"HQJ117970",0.001
0.004,0.0372,0,0,0.011,0.02,0,0.182,32,0.0073,0.006,0.037,0.034,"HQG037430",0
0.005,0.0381,0,0,0.013,0.02,0,0.194,20,0.011,0.0026,0.023,0.021,"HQG026690",0
0.004,0.0762,0,0,0.015,0.01,0,0.443,25,0.0119,0.0027,0.024,0.021,"HQH152170",0
0.006,0.0018,0,0,0.008,0.02,0,0.094,19,0.0092,0.0035,0.024,0.022,"HQZ037990",0.001
0.004,0.0437,0,0,0.018,0.02,0,0.286,29,0.0109,0.0032,0.039,0.038,"HQJ080660",0
0.006,0.0383,0,3,0.015,0.02,0,0.218,20,0.0106,0.0036,0.025,0.023,"HQY110520",0
0.005,0.0019,0,0,0.014,0.02,0,0.077,14,0.0082,0.0037,0.043,0.041,"HQE040370",0.002
0.006,0.0688,1,0,0.015,0.02,0,0.59,31,0.0186,0.0021,0.034,0.033,"HQX152940",0
0.005,0.0431,0,0,0.011,0.02,0,0.294,22,0.0067,0.0032,0.021,0.019,"HQX107400",0
0.004,0.0383,0,0,0.019,0.01,0,0.185,26,0.0082,0.003,0.037,0.036,"HQJ053370",0
0.005,0.179,0,0,0.021,0.02,0,0.756,28,0.01,0.0023,0.023,0.022,"HQE064280",0
0.005,0.0324,0,1,0.022,0.02,0,0.194,33,0.01,0.0042,0.035,0.034,"HQH015780",0
0.006,0.0564,0,0,0.016,0.02,0.01,0.354,22,0.0094,0.0033,0.031,0.03,"HQE090190",0
0.004,0.0016,0,0,0.012,0.02,0,0.098,15,0.0101,0.0041,0.028,0.026,"HQH026510",0.001
0.004,0.0817,0,0,0.017,0.02,0,0.428,30,0.011,0.003,0.022,0.021,"HQC002790",0
0.005,0.0756,3,0,0.02,0.02,0,0.913,35,0.0198,0.0024,0.028,0.027,"HQZ074080",0
0.004,0.145,0,0,0.017,0.02,0,0.487,37,0.0113,0.0029,0.022,0.02,"HQJ029230",0.001
0.007,0.0326,0,0,0.021,0.02,0,0.193,19,0.0046,0.0021,0.032,0.031,"HQA160010",0.001
0.004,0.0017,0,0,0.008,0.02,0,0.084,14,0.0102,0.0032,0.036,0.035,"HQD087680",0.001
0.006,0.0393,0,5,0.02,0.03,0,0.206,19,0.0083,0.004,0.026,0.024,"HQX095110",0
0.006,0.039,0,0,0.01,0.02,0,0.19,15,0.008,0.004,0.024,0.02,"HQG030720",0
0.005,0.0378,19,0,0.012,0.01,0,0.149,15,0.0081,0.0033,0.02,0.016,"HQE045200",0
0.006,0.0017,0,0,0.01,0.01,0,0.095,17,0.0076,0.0035,0.025,0.023,"HQY080930",0.001
0.004,0.0023,0,0,0.019,0.02,0,0.064,14,0.0073,0.0034,0.027,0.026,"HQG099040",0.003
0.005,0.0183,0,0,0.008,0.02,0,0.215,15,0.0076,0.003,0.026,0.025,"HQD080320",0
0.006,0.0183,0,9,0.015,0.02,0,0.197,15,0.01,0.0031,0.021,0.02,"HQY128180",0
0.006,0.0407,15,0,0.016,0.02,0,0.201,19,0.0093,0.0037,0.03,0.029,"HQX023860",0
0.005,0.0364,0,0,0.011,0.01,0,0.199,20,0.0076,0.0034,0.026,0.024,"HQX064900",0
0.005,0.0394,0,0,0.01,0.02,0,0.196,19,0.0081,0.0032,0.024,0.021,"HQF138830",0
0.006,0.0017,5,0,0.056,0.02,0,0.192,20,0.0435,0.0091,0.037,0.035,"HQX020310",0.001
0.005,0.0014,0,0,0.014,0.02,0,0.065,18,0.0079,0.0023,0.028,0.026,"HQC020520",0.001
0.006,0.0386,0,0,0.02,0.02,0,0.193,23,0.0124,0.0028,0.036,0.035,"HQB068080",0.001
0.006,0.0387,0,0,0.022,0.03,0,0.205,20,0.0072,0.0033,0.03,0.028,"HQY091420",0
0.006,0.1186,0,1,0.019,0.02,0,0.304,29,0.0099,0.0036,0.022,0.021,"HQY002360",0
0.006,0.0393,0,1,0.015,0.02,0,0.216,17,0.008,0.0039,0.027,0.024,"HQY095180",0
0.004,0.0381,11,0,0.014,0.02,0,0.178,14,0.0126,0.0043,0.019,0.019,"HQG123040",0
0.007,0.0401,0,0,0.016,0.02,0,0.189,20,0.007,0.0031,0.023,0.021,"HQA057070",0
0.006,0.1445,0,0,0.009,0.01,0,0.497,38,0.0069,0.0026,0.03,0.029,"HQE063080",0
0.007,0.062,0,0,0.019,0.02,0,0.794,26,0.0103,0.0026,0.025,0.023,"HQX084870",0.001
0.005,0.037,0,0,0.011,0.01,0,0.21,43,0.0084,0.0027,0.023,0.022,"HQD038520",0
0.004,0.0379,0,1,0.019,0.01,0,0.189,21,0.0075,0.0032,0.026,0.025,"HQG109470",0.001
0.006,0.0586,0,0,0.025,0.02,0.01,0.75,26,0.0106,0.0033,0.029,0.028,"HQH116470",0.001
0.006,0.0404,0,0,0.024,0.02,0,0.194,15,0.0087,0.004,0.021,0.02,"HQA059970",0
0.005,0.0021,0,1,0.011,0.02,0,0.062,16,0.0063,0.0039,0.03,0.028,"HQZ016800",0.003
0.003,0.035,0,3,0.012,0.02,0,0.179,11,0.0095,0.0037,0.024,0.023,"HQH010280",0
0.007,0.1902,0,0,0.012,0.02,0,0.472,38,0.0087,0.0028,0.028,0.026,"HQA157180",0
0.006,0.0391,0,0,0.015,0.02,0,0.208,22,0.0079,0.0034,0.032,0.03,"HQX086370",0
0.006,0.0367,0,1,0.01,0.02,0,0.219,28,0.0134,0.0033,0.022,0.021,"HQY002700",0
0.006,0.0398,0,0,0.018,0.02,0,0.152,30,0.0095,0.0026,0.028,0.027,"HQB073350",0
0.006,0.0417,0,0,0.016,0.02,0,0.19,24,0.0074,0.0033,0.036,0.035,"HQA065280",0
0.004,0.0446,0,0,0.019,0.02,0,0.194,16,0.0071,0.0038,0.034,0.034,"HQC077480",0
0.006,0.1445,0,0,0.012,0.02,0,0.699,32,0.0151,0.0027,0.017,0.016,"HQZ008000",0.001
0.006,0.0017,0,0,0.019,0.02,0,0.145,19,0.0082,0.0029,0.022,0.02,"HQA148710",0.002
0.006,0.0189,0,0,0.015,0.03,0,0.193,22,0.0104,0.0093,0.023,0.022,"HQB132770",0
0.006,0.1382,0,0,0.013,0.02,0,0.876,36,0.0078,0.0029,0.021,0.02,"HQZ047220",0
0.006,0.0354,0,0,0.012,0.02,0,0.184,19,0.0085,0.0032,0.03,0.029,"HQC045410",0
0.005,0.0568,0,0,0.023,0.02,0,0.812,24,0.0127,0.0029,0.03,0.029,"HQD159310",0.001
0.006,0.0018,0,1,0.018,0.02,0,0.093,17,0.0098,0.004,0.026,0.025,"HQD062410",0.001
0.005,0.0386,0,0,0.01,0.02,0,0.193,14,0.008,0.0031,0.026,0.024,"HQZ152270",0
0.004,0.1128,0,1,0.021,0.02,0,0.291,32,0.0086,0.0029,0.021,0.02,"HQG156430",0
0.004,0.0416,0,0,0.023,0.03,0,0.194,15,0.0092,0.0033,0.027,0.026,"HQH130300",0
0.005,0.0391,0,0,0.017,0.02,0,0.192,17,0.0085,0.0036,0.022,0.022,"HQB131090",0
0.005,0.0494,0,3,0.009,0.02,0,0.301,41,0.0079,0.0026,0.032,0.029,"HQZ139960",0
0.006,0.0191,0,0,0.016,0.02,0,0.145,23,0.0093,0.0033,0.024,0.022,"HQX052340",0.002
0.004,0.0341,0,0,0.013,0.02,0,0.194,17,0.0102,0.0043,0.022,0.02,"HQF053660",0
0.004,0.0011,0,0,0.02,0.02,0,0.084,16,0.0104,0.0036,0.032,0.029,"HQJ131400",0
0.004,0.1134,0,0,0.012,0.02,0,0.44,30,0.009,0.0028,0.028,0.028,"HQH128850",0.001
0.006,0.1895,0,0,0.02,0.02,0,0.436,31,0.0086,0.0032,0.024,0.023,"HQY084830",0
0.006,0.0452,0,0,0.015,0.02,0,0.185,21,0.007,0.0036,0.027,0.025,"HQC103180",0
0.005,0.0305,0,1,0.015,0.02,0,0.186,40,0.0083,0.003,0.031,0.03,"HQJ021700",0
0.005,0.0018,0,0,0.012,0.02,0,0.1,16,0.0091,0.0035,0.031,0.028,"HQC037670",0.001
0.004,0.0013,0,0,0.016,0.02,0,0.08,14,0.0104,0.0033,0.03,0.029,"HQG164450",0.001
0.004,0.0019,0,0,0.021,0.02,0,0.07,19,0.0086,0.0036,0.024,0.022,"HQJ067870",0.002
0.004,0.0404,0,0,0.026,0.02,0,0.209,15,0.0108,0.0043,0.023,0.022,"HQF101770",0
0.005,0.0015,0,0,0.009,0.02,0,0.072,15,0.0071,0.003,0.029,0.028,"HQZ098090",0.002
0.005,0.0427,0,0,0.011,0.01,0,0.179,20,0.0063,0.0029,0.028,0.026,"HQC125150",0
0.005,0.0353,0,0,0.021,0.02,0,0.192,19,0.0086,0.0029,0.021,0.02,"HQE006520",0
0.004,0.0027,0,0,0.02,0.02,0,0.139,23,0.0094,0.0031,0.028,0.027,"HQE137740",0.002
0.007,0.0729,0,0,0.015,0.02,0,0.253,111,0.0076,0.0034,0.03,0.026,"HQA095210",0
0.006,0.0396,0,0,0.009,0.05,0,0.211,68,0.0063,0.0027,0.032,0.03,"HQZ145860",0
0.005,0.0344,0,0,0.009,0.02,0,0.189,14,0.0097,0.0038,0.028,0.025,"HQZ128520",0
0.004,0.0422,0,0,0.007,0.02,0,0.185,25,0.0132,0.0026,0.027,0.026,"HQG090000",0
0.006,0.0353,0,0,0.017,0.02,0,0.182,20,0.0067,0.0039,0.029,0.028,"HQZ100810",0
0.004,0.0018,0,1,0.01,0.02,0,0.063,15,0.0072,0.003,0.03,0.026,"HQH142590",0.004
0.005,0.0424,0,0,0.011,0.02,0,0.192,24,0.0107,0.0031,0.026,0.024,"HQX113780",0
0.007,0.0602,0,0,0.014,0.02,0,0.795,32,0.0085,0.0032,0.038,0.036,"HQX130960",0.001
0.006,0.0215,0,0,0.023,0.03,0,0.193,15,0.0114,0.0044,0.029,0.027,"HQE084710",0
0.004,0.0667,0,0,0.016,0.02,0,0.476,34,0.0108,0.0025,0.044,0.042,"HQJ061780",0.001
0.004,0.0544,0,1,0.023,0.02,0,0.758,35,0.0132,0.0028,0.028,0.027,"HQH087670",0.001
0.005,0.0543,0,0,0.046,0.03,0.01,0.779,32,0.0104,0.0027,0.032,0.026,"HQF104640",0.001
0.006,0.0215,0,0,0.023,0.03,0,0.193,15,0.0114,0.0044,0.029,0.027,"HQE084680",0
0.005,0.039,0,1,0.016,0.02,0,0.151,27,0.0087,0.0037,0.031,0.029,"HQH031920",0
0.004,0.0017,0,0,0.009,0.01,0,0.072,14,0.0093,0.0031,0.029,0.027,"HQF028950",0.002
0.006,0.0019,0,1,0.011,0.02,0,0.09,16,0.0096,0.003,0.031,0.03,"HQJ081170",0.001
0.006,0.0371,0,1,0.012,0.02,0,0.142,16,0.0063,0.0035,0.028,0.027,"HQY091130",0
0.006,0.0427,0,0,0.009,0.02,0,0.193,17,0.0091,0.0032,0.021,0.019,"HQZ068130",0
0.005,0.0402,0,4,0.016,0.02,0,0.192,13,0.01,0.0038,0.028,0.028,"HQE001450",0
0.006,0.0366,0,0,0.016,0.02,0,0.208,17,0.0069,0.0039,0.029,0.026,"HQY103100",0
0.006,0.0424,0,0,0.016,0.02,0,0.209,23,0.009,0.0033,0.029,0.028,"HQA015970",0
0.006,0.1204,0,0,0.01,0.02,0,0.297,40,0.0115,0.0024,0.023,0.022,"HQX023620",0.001
0.004,0.0622,1,0,0.012,0.01,0,0.349,26,0.0053,0.0022,0.035,0.034,"HQJ117470",0
0.005,0.0334,12,2,0.013,0.02,0,0.229,16,0.0081,0.0035,0.03,0.028,"HQE125130",0
0.006,0.0366,0,0,0.025,0.02,0,0.196,17,0.0078,0.003,0.019,0.017,"HQA141990",0
0.004,0.0192,14,0,0.011,0.01,0,0.139,20,0.0052,0.0028,0.034,0.032,"HQJ087670",0
0.004,0.1414,0,0,0.017,0.02,0,0.811,30,0.012,0.0024,0.027,0.026,"HQG140940",0
0.005,0.079,1,0,0.019,0.02,0,0.909,41,0.0195,0.0029,0.027,0.026,"HQF123870",0.001
0.006,0.0021,0,0,0.019,0.02,0,0.089,12,0.0092,0.004,0.035,0.034,"HQE088830",0.001
0.007,0.0385,0,52,0.013,0.01,0,0.207,28,0.0066,0.0029,0.023,0.021,"HQA114350",0
0.005,0.0367,0,0,0.031,0.02,0,0.19,33,0.0083,0.0038,0.032,0.031,"HQF129830",0
0.004,0.0347,0,1,0.02,0.02,0,0.196,21,0.0069,0.0039,0.024,0.023,"HQF075250",0
0.005,0.1772,0,0,0.01,0.02,0,0.44,22,0.013,0.0021,0.03,0.024,"HQD077000",0
0.004,0.0404,0,0,0.019,0.02,0,0.193,15,0.0102,0.0042,0.028,0.026,"HQH078510",0
0.004,0.0203,0,0,0.018,0.02,0,0.186,12,0.0081,0.0034,0.028,0.024,"HQH055510",0
0.005,0.0604,0,0,0.022,0.02,0,0.354,37,0.0105,0.0051,0.038,0.036,"HQE142340",0.001
0.004,0.0777,0,0,0.018,0.02,0,0.447,32,0.0097,0.003,0.02,0.02,"HQG109100",0.001
0.007,0.0377,0,0,0.009,0.02,0,0.195,12,0.0099,0.0029,0.023,0.022,"HQE019300",0
0.007,0.0016,0,2,0.01,0.01,0,0.057,20,0.0087,0.0026,0.034,0.032,"HQX043090",0.001
0.006,0.0378,0,2,0.016,0.02,0,0.182,18,0.0086,0.0031,0.021,0.02,"HQA059660",0
0.006,0.0391,0,0,0.015,0.02,0,0.195,29,0.0078,0.0039,0.029,0.027,"HQZ073570",0
0.004,0.0023,0,0,0.009,0.01,0,0.096,14,0.0096,0.0028,0.028,0.026,"HQJ123790",0.001
0.005,0.109,0,0,0.016,0.02,0,0.438,20,0.0104,0.0028,0.021,0.02,"HQZ150560",0
0.004,0.0404,0,0,0.011,0.02,0,0.186,14,0.01,0.0033,0.017,0.016,"HQH164030",0
0.007,0.0479,0,0,0.02,0.02,0,0.303,27,0.0083,0.0037,0.034,0.032,"HQY132090",0
0.004,0.0403,0,0,0.018,0.02,0,0.196,26,0.0075,0.0025,0.017,0.016,"HQC063160",0
0.004,0.0386,0,0,0.023,0.02,0,0.212,18,0.008,0.0035,0.026,0.023,"HQD094500",0
0.005,0.0266,0,0,0.01,0.01,0,0.183,18,0.0072,0.0036,0.01,0.009,"HQF069850",0
0.005,0.0576,0,1,0.02,0.01,0,0.807,33,0.0069,0.0021,0.036,0.034,"HQG007300",0.001
0.005,0.0025,0,0,0.009,0.02,0,0.085,13,0.0087,0.0029,0.027,0.026,"HQD088340",0.002
0.004,0.1456,1,0,0.016,0.02,0,0.497,33,0.0116,0.0028,0.022,0.022,"HQH132860",0.001
0.005,0.0392,0,0,0.01,0.02,0,0.192,16,0.0094,0.0025,0.028,0.028,"HQD121570",0
0.006,0.0018,0,0,0.01,0.02,0,0.092,18,0.01,0.0029,0.023,0.021,"HQB099100",0.001
0.006,0.0426,0,0,0.022,0.02,0,0.19,19,0.0078,0.0035,0.036,0.032,"HQE096580",0
0.004,0.0378,0,1,0.016,0.02,0,0.196,23,0.0097,0.0035,0.021,0.02,"HQH073300",0
0.005,0.032,0,0,0.009,0.02,0,0.188,21,0.009,0.0021,0.028,0.028,"HQD122940",0
0.004,0.1509,1,1,0.025,0.02,0,0.811,32,0.0121,0.0033,0.021,0.021,"HQJ046980",0.002
0.006,0.0369,0,1,0.013,0.02,0,0.186,32,0.0065,0.0032,0.023,0.022,"HQZ106970",0
0.007,0.0425,18,0,0.02,0.02,0,0.193,23,0.0112,0.0035,0.021,0.019,"HQX027480",0
0.004,0.0388,0,0,0.019,0.02,0,0.185,24,0.0089,0.0031,0.015,0.014,"HQC062940",0
0.005,0.0016,0,1,0.009,0.03,0,0.11,18,0.0097,0.0032,0.029,0.029,"HQD134680",0.001
0.004,0.1156,0,1,0.021,0.03,0,0.484,36,0.0101,0.0034,0.024,0.023,"HQG070460",0.001
0.004,0.0384,0,0,0.012,0.01,0,0.204,21,0.0102,0.0031,0.039,0.037,"HQH151670",0
0.004,0.0733,2,0,0.022,0.03,0,0.886,32,0.0194,0.0024,0.029,0.025,"HQG148790",0.001
0.006,0.0371,0,0,0.01,0.02,0,0.193,21,0.0102,0.0027,0.025,0.024,"HQB076620",0
0.006,0.0011,0,0,0.012,0.02,0,0.089,16,0.0095,0.0038,0.032,0.03,"HQZ095680",0.003
0.005,0.0019,0,0,0.023,0.02,0,0.071,19,0.0059,0.0033,0.033,0.032,"HQY087230",0.003
0.006,0.0016,0,0,0.01,0.02,0,0.061,17,0.0041,0.0035,0.031,0.029,"HQY110240",0.003
0.006,0.0574,0,0,0.02,0.02,0,0.347,27,0.0091,0.0037,0.039,0.038,"HQZ006900",0.001
0.006,0.0017,16,1,0.064,0.07,0,0.556,11,0.0142,0.0033,0.026,0.023,"HQA002990",0.002
0.005,0.0369,0,0,0.024,0.01,0,0.182,17,0.0095,0.003,0.022,0.021,"HQF141240",0
0.006,0.04,0,0,0.01,0.02,0,0.139,20,0.0082,0.0025,0.027,0.025,"HQX039860",0
0.006,0.078,2,0,0.021,0.03,0,1.056,31,0.0195,0.0024,0.031,0.03,"HQC060910",0.002
0.005,0.0375,0,0,0.015,0.02,0,0.195,20,0.0073,0.0038,0.022,0.018,"HQC116840",0
0.006,0.0364,0,0,0.012,0.02,0,0.2,20,0.0093,0.0032,0.032,0.028,"HQD035900",0
0.007,0.0375,0,0,0.016,0.02,0,0.211,21,0.0061,0.0031,0.023,0.022,"HQA151050",0
0.006,0.0357,0,0,0.009,0.01,0,0.174,18,0.0084,0.0025,0.026,0.026,"HQD021240",0
0.006,0.0552,0,0,0.022,0.02,0,0.35,33,0.0075,0.0027,0.028,0.027,"HQX135090",0
0.004,0.0018,0,0,0.012,0.02,0,0.096,26,0.0091,0.0028,0.029,0.028,"HQJ040550",0.001
0.005,0.038,18,0,0.018,0.02,0,0.196,20,0.0077,0.0038,0.023,0.023,"HQD079270",0
0.004,0.0577,0,0,0.011,0.01,0,0.347,30,0.0076,0.0021,0.043,0.041,"HQH159920",0
0.006,0.1897,0,1,0.012,0.01,0,0.784,46,0.0095,0.0024,0.032,0.031,"HQH030980",0.001
0.005,0.0571,0,0,0.028,0.02,0,0.788,26,0.0124,0.003,0.037,0.032,"HQG000980",0.001
0.005,0.0407,0,0,0.01,0.02,0,0.194,21,0.0079,0.0034,0.03,0.03,"HQD059710",0
0.006,0.038,0,0,0.008,0.01,0,0.21,16,0.0066,0.0024,0.02,0.018,"HQB027270",0
0.004,0.044,13,0,0.015,0.02,0,0.198,21,0.0116,0.0037,0.026,0.024,"HQJ124700",0
0.005,0.0784,0,0,0.02,0.02,0,0.297,28,0.0081,0.0025,0.023,0.022,"HQH100020",0
0.005,0.1225,0,1,0.014,0.02,0,0.461,31,0.0089,0.0025,0.025,0.023,"HQA004010",0.001
0.008,0.002,0,0,0.009,0.02,0,0.059,18,0.0066,0.0028,0.023,0.021,"HQB017650",0.003
0.006,0.0401,0,0,0.012,0.02,0,0.199,23,0.0083,0.0031,0.023,0.021,"HQZ008610",0
0.005,0.0018,0,1,0.011,0.02,0,0.064,14,0.0059,0.0034,0.03,0.027,"HQZ042480",0.003
0.006,0.1713,0,0,0.012,0.01,0,0.492,28,0.0102,0.0023,0.022,0.021,"HQX004890",0
0.006,0.0454,0,0,0.009,0.01,0,0.194,21,0.0083,0.0033,0.023,0.022,"HQA059800",0
0.004,0.0392,0,0,0.012,0.01,0,0.205,32,0.0082,0.0027,0.028,0.027,"HQC075440",0
0.006,0.0407,1,0,0.016,0.02,0,0.196,15,0.0088,0.0034,0.023,0.023,"HQA057130",0
0.004,0.036,0,0,0.012,0.02,0,0.186,25,0.0091,0.0032,0.02,0.02,"HQF046810",0
0.005,0.0382,0,0,0.009,0.01,0,0.18,28,0.0068,0.0028,0.023,0.022,"HQG154260",0
0.006,0.0203,13,0,0.012,0.02,0,0.157,13,0.0076,0.0034,0.027,0.025,"HQZ002830",0
0.005,0.023,0,0,0.021,0.02,0,0.183,21,0.0083,0.0041,0.022,0.022,"HQH054570",0
0.005,0.0017,4,0,0.053,0.02,0,0.201,20,0.0486,0.009,0.034,0.032,"HQZ133430",0
0.006,0.1452,0,1,0.02,0.02,0,0.809,37,0.0104,0.0026,0.026,0.024,"HQX090940",0.001
0.007,0.0401,0,0,0.012,0.02,0,0.195,21,0.007,0.0037,0.025,0.023,"HQY156470",0
0.005,0.0392,0,0,0.02,0.02,0,0.193,25,0.0097,0.0034,0.027,0.027,"HQC031670",0
0.005,0.1871,0,2,0.015,0.02,0,0.816,27,0.0115,0.003,0.022,0.019,"HQX112260",0.001
0.004,0.0344,0,0,0.026,0.02,0,0.193,14,0.0115,0.0042,0.022,0.022,"HQF101070",0
0.005,0.1203,0,0,0.028,0.03,0,0.315,22,0.0106,0.0027,0.026,0.024,"HQG021470",0
0.005,0.1872,0,0,0.03,0.02,0,0.817,30,0.0118,0.0028,0.024,0.022,"HQF155380",0
0.005,0.0025,16,1,0.071,0.07,0,0.514,13,0.0147,0.0033,0.034,0.032,"HQH028150",0.002
0.005,0.115,0,0,0.01,0.02,0,0.288,27,0.0093,0.0028,0.032,0.031,"HQH139240",0
0.005,0.041,0,0,0.017,0.02,0,0.2,22,0.0075,0.0031,0.024,0.021,"HQH047820",0
0.004,0.0202,0,0,0.009,0.01,0,0.141,16,0.0075,0.0033,0.034,0.032,"HQG037020",0
0.005,0.0016,4,0,0.053,0.03,0,0.194,16,0.0444,0.0083,0.036,0.034,"HQE007270",0.001
0.006,0.0385,0,0,0.013,0.02,0,0.212,20,0.0073,0.0037,0.023,0.021,"HQX061850",0
0.005,0.0576,0,0,0.019,0.02,0,0.803,48,0.0088,0.0021,0.03,0.029,"HQE008850",0.001
0.006,0.0021,0,0,0.015,0.02,0,0.146,17,0.0104,0.0037,0.022,0.021,"HQZ113480",0.001
0.006,0.1454,0,1,0.026,0.02,0,0.844,30,0.0115,0.0026,0.023,0.022,"HQX102300",0.001
0.004,0.0771,0,0,0.015,0.02,0,0.443,23,0.0121,0.0022,0.024,0.023,"HQJ144010",0
0.004,0.0011,6,0,0.052,0.02,0,0.196,16,0.0408,0.0096,0.04,0.038,"HQH144810",0.001
0.004,0.0403,0,0,0.018,0.01,0,0.198,25,0.0077,0.0032,0.026,0.025,"HQJ009000",0
0.005,0.0381,0,0,0.013,0.02,0,0.194,20,0.011,0.0026,0.023,0.021,"HQG026660",0
0.005,0.002,0,1,0.009,0.02,0,0.117,18,0.0109,0.0037,0.027,0.026,"HQD118210",0.001
0.004,0.1112,0,0,0.01,0.02,0,0.468,27,0.0131,0.0029,0.022,0.02,"HQG134810",0
0.005,0.0434,0,0,0.01,0.02,0,0.214,18,0.0085,0.0033,0.023,0.021,"HQZ109550",0
0.007,0.0442,0,0,0.011,0.02,0,0.195,26,0.0079,0.0026,0.028,0.027,"HQD038610",0
0.005,0.0379,0,0,0.008,0.02,0,0.181,12,0.0079,0.0029,0.023,0.022,"HQE030280",0
0.005,0.1055,0,1,0.018,0.02,0,0.435,22,0.0137,0.0033,0.016,0.015,"HQH034430",0
0.005,0.0475,0,0,0.009,0.02,0,0.195,22,0.0094,0.0027,0.018,0.016,"HQC138530",0
0.005,0.0378,0,0,0.012,0.02,0,0.21,22,0.0079,0.0033,0.021,0.02,"HQZ144570",0
0.005,0.0767,1,0,0.01,0.02,0,0.608,41,0.0193,0.0031,0.028,0.027,"HQJ086330",0.001
0.005,0.0379,12,0,0.025,0.02,0,0.243,23,0.0061,0.0035,0.034,0.032,"HQA008060",0
0.006,0.0771,0,0,0.01,0.02,0,0.289,28,0.0098,0.0028,0.027,0.025,"HQA053720",0
0.006,0.0019,0,0,0.011,0.05,0.02,0.151,12,0.0465,0.0033,0.036,0.034,"HQC073610",0
0.006,0.0394,0,13,0.017,0.02,0,0.189,17,0.0073,0.0034,0.019,0.016,"HQC102540",0
0.005,0.0022,0,0,0.021,0.03,0,0.095,21,0.01,0.0035,0.023,0.023,"HQD104840",0.001
0.006,0.02,0,0,0.016,0.02,0,0.185,18,0.0081,0.0096,0.021,0.02,"HQC080420",0
0.006,0.0374,0,2,0.019,0.02,0,0.195,19,0.0076,0.004,0.027,0.023,"HQF001030",0
0.004,0.0402,0,0,0.016,0.02,0,0.195,18,0.0123,0.0036,0.029,0.028,"HQF127580",0
0.006,0.038,0,0,0.011,0.02,0,0.199,17,0.0092,0.0045,0.028,0.026,"HQZ081750",0
0.004,0.0755,0,0,0.011,0.02,0,0.448,26,0.0125,0.0027,0.026,0.024,"HQG066350",0
0.007,0.0401,0,0,0.011,0.02,0,0.203,33,0.0088,0.003,0.021,0.02,"HQX023030",0
0.005,0.0017,0,0,0.016,0.02,0,0.098,15,0.0093,0.0035,0.035,0.033,"HQE052450",0.001
0.004,0.0757,0,0,0.018,0.02,0,0.329,26,0.0077,0.0031,0.032,0.031,"HQG108270",0
0.004,0.0172,0,0,0.009,0.02,0,0.136,16,0.0099,0.0032,0.024,0.023,"HQJ141590",0
0.006,0.1222,0,0,0.014,0.02,0,0.479,34,0.01,0.0029,0.023,0.021,"HQE155390",0
0.006,0.0014,0,0,0.01,0.05,0.02,0.149,11,0.0524,0.0037,0.037,0.032,"HQC115470",0.001
0.005,0.0548,0,0,0.018,0.02,0,0.339,20,0.0106,0.0036,0.03,0.028,"HQH000280",0.001
0.006,0.1652,0,4,0.019,0.02,0,0.503,29,0.0112,0.0028,0.023,0.02,"HQA060700",0
0.006,0.0736,1,0,0.018,0.02,0,0.587,33,0.0194,0.0028,0.031,0.03,"HQJ086560",0.001
0.004,0.0556,0,0,0.023,0.01,0,0.342,34,0.0072,0.0031,0.039,0.038,"HQJ116220",0
0.007,0.0019,0,1,0.009,0.02,0,0.089,18,0.0101,0.0033,0.018,0.016,"HQX031350",0.002
0.004,0.0016,0,1,0.017,0.02,0,0.094,18,0.0102,0.0037,0.033,0.031,"HQH144480",0.001
0.005,0.0468,0,0,0.01,0.02,0,0.331,27,0.0083,0.0031,0.027,0.026,"HQZ139040",0
0.004,0.1149,0,0,0.017,0.02,0,0.305,36,0.0064,0.0032,0.025,0.024,"HQZ015160",0
0.006,0.0019,0,0,0.01,0.01,0,0.096,22,0.0099,0.0032,0.027,0.026,"HQX031250",0.001
0.007,0.1144,0,0,0.011,0.01,0,0.304,25,0.012,0.0025,0.018,0.016,"HQX040090",0.001
0.006,0.056,0,0,0.021,0.02,0,0.342,33,0.013,0.0038,0.039,0.038,"HQF076750",0
0.004,0.1167,0,0,0.011,0.02,0,0.319,34,0.0097,0.0027,0.023,0.023,"HQH022470",0
0.006,0.037,0,0,0.011,0.02,0,0.188,17,0.0086,0.0032,0.016,0.015,"HQZ109340",0
0.007,0.0036,9,1,0.1,0.02,0.06,0.576,23,0.0802,0.0093,0.05,0.049,"HQA118040",0.002
0.004,0.0354,0,0,0.018,0.02,0,0.201,22,0.009,0.0032,0.032,0.031,"HQF093410",0
0.006,0.0021,0,1,0.015,0.02,0,0.073,16,0.008,0.0032,0.028,0.026,"HQZ004830",0.003
0.005,0.0573,0,0,0.019,0.01,0,0.786,32,0.0097,0.0035,0.033,0.031,"HQF135330",0.001
0.005,0.0189,0,0,0.013,0.02,0,0.207,18,0.0088,0.003,0.019,0.018,"HQZ116550",0
0.007,0.0383,0,0,0.016,0.02,0,0.207,21,0.007,0.0032,0.025,0.024,"HQX034280",0
0.004,0.0358,11,0,0.019,0.02,0,0.185,18,0.0068,0.0035,0.021,0.02,"HQH001310",0
0.004,0.1487,0,1,0.01,0.02,0,0.419,30,0.0083,0.0029,0.026,0.025,"HQD130920",0
0.004,0.0016,5,0,0.055,0.02,0,0.203,22,0.0443,0.0088,0.033,0.032,"HQF161180",0
0.006,0.0311,0,0,0.02,0.02,0,0.201,24,0.0131,0.0036,0.027,0.026,"HQH114530",0
0.004,0.0388,0,0,0.013,0.01,0,0.197,23,0.0076,0.0029,0.017,0.015,"HQJ160680",0
0.004,0.0042,9,1,0.099,0.02,0.06,0.572,13,0.0804,0.0094,0.053,0.052,"HQJ046760",0.002
0.006,0.0635,0,2,0.016,0.02,0,0.795,34,0.01,0.0024,0.032,0.031,"HQJ085810",0.001
0.006,0.0567,0,0,0.012,0.02,0,0.363,30,0.0082,0.0032,0.038,0.034,"HQF010560",0
0.004,0.11,0,0,0.029,0.03,0,0.48,33,0.0118,0.0032,0.022,0.021,"HQG135020",0
0.004,0.0364,0,0,0.016,0.02,0,0.184,17,0.0082,0.0034,0.022,0.022,"HQG108810",0
0.004,0.0373,0,0,0.018,0.02,0,0.187,15,0.0103,0.0037,0.025,0.024,"HQD152470",0
0.004,0.1461,0,0,0.012,0.02,0,0.487,33,0.0093,0.0027,0.018,0.018,"HQJ056530",0
0.006,0.1224,0,0,0.019,0.02,0,0.463,21,0.0148,0.0031,0.017,0.015,"HQB084350",0
0.006,0.1667,0,0,0.013,0.02,0,0.486,27,0.0097,0.0024,0.028,0.027,"HQY091040",0
0.007,0.0015,0,0,0.014,0.02,0,0.074,19,0.0089,0.0033,0.033,0.031,"HQA080600",0.001
0.005,0.0342,0,0,0.022,0.02,0,0.2,39,0.0078,0.003,0.035,0.034,"HQY066070",0
0.004,0.0397,0,0,0.011,0.02,0,0.187,16,0.0079,0.0034,0.023,0.022,"HQH100720",0
0.006,0.0018,0,0,0.009,0.02,0,0.063,18,0.0109,0.0038,0.036,0.034,"HQX017720",0.002
0.004,0.1844,0,0,0.018,0.03,0,0.838,29,0.0135,0.0033,0.026,0.024,"HQJ003330",0
0.005,0.083,0,1,0.013,0.02,0,0.436,31,0.0128,0.0034,0.032,0.031,"HQF024230",0
0.004,0.0474,0,0,0.014,0.01,0,0.302,27,0.0062,0.0025,0.034,0.032,"HQH052550",0
0.006,0.0021,0,2,0.01,0.01,0,0.072,22,0.0063,0.0031,0.032,0.029,"HQB083990",0.002
0.005,0.0573,0,0,0.023,0.03,0,0.804,33,0.0102,0.003,0.032,0.031,"HQE110770",0
0.006,0.034,0,0,0.018,0.02,0,0.212,30,0.0083,0.0027,0.032,0.03,"HQY104230",0
0.006,0.0394,0,0,0.007,0.02,0,0.192,16,0.0082,0.0037,0.024,0.022,"HQA024320",0
0.007,0.0159,0,0,0.012,0.02,0,0.187,15,0.0065,0.0028,0.024,0.022,"HQY125230",0
0.006,0.0422,0,0,0.013,0.02,0,0.215,23,0.0062,0.0037,0.025,0.023,"HQX116670",0
0.005,0.0773,3,0,0.017,0.02,0,0.895,30,0.0179,0.0023,0.024,0.024,"HQC037420",0.001
0.004,0.1184,0,0,0.033,0.02,0,0.289,31,0.008,0.0037,0.028,0.027,"HQJ033280",0
0.004,0.0161,0,0,0.016,0.02,0,0.187,15,0.0071,0.0031,0.024,0.024,"HQG110110",0
0.005,0.0473,0,0,0.024,0.02,0,0.29,31,0.0081,0.0032,0.03,0.028,"HQD092990",0
0.007,0.0729,0,0,0.015,0.02,0,0.253,111,0.0076,0.0034,0.03,0.026,"HQA095900",0
0.005,0.0372,0,0,0.025,0.03,0.01,0.196,15,0.0105,0.0038,0.012,0.011,"HQE081530",0
0.004,0.0365,0,0,0.018,0.02,0,0.198,27,0.0086,0.0027,0.031,0.03,"HQF050660",0
0.006,0.0372,13,1,0.018,0.02,0.01,0.195,17,0.0077,0.0036,0.024,0.023,"HQB055150",0
0.005,0.0455,0,0,0.018,0.02,0,0.291,26,0.009,0.0027,0.02,0.019,"HQX109030",0
0.006,0.0024,0,0,0.019,0.02,0,0.074,21,0.0076,0.0043,0.025,0.023,"HQX012250",0.003
0.006,0.1136,0,0,0.031,0.02,0,0.415,28,0.0092,0.0037,0.023,0.022,"HQY017320",0
0.008,0.0787,1,0,0.012,0.02,0,1.099,44,0.0186,0.0022,0.035,0.034,"HQD029090",0.002
0.007,0.0419,0,0,0.012,0.01,0,0.197,20,0.0069,0.003,0.022,0.021,"HQX023510",0
0.007,0.049,0,0,0.01,0.02,0,0.285,30,0.008,0.0028,0.023,0.021,"HQX036940",0
0.004,0.1488,0,0,0.012,0.02,0,0.787,32,0.0128,0.0021,0.025,0.024,"HQJ136000",0.001
0.004,0.0027,0,0,0.026,0.02,0,0.092,16,0.0104,0.004,0.03,0.03,"HQG068330",0.001
0.006,0.0587,0,0,0.012,0.01,0.01,0.348,24,0.0074,0.0028,0.036,0.034,"HQX050010",0
0.006,0.1178,0,0,0.029,0.02,0,0.446,32,0.0134,0.0026,0.039,0.038,"HQF143780",0.001
0.004,0.0346,0,0,0.01,0.02,0,0.19,22,0.0064,0.0031,0.03,0.028,"HQG012210",0
0.005,0.1744,0,1,0.019,0.02,0,0.8,37,0.0126,0.0018,0.023,0.021,"HQY029640",0.001
0.007,0.0393,0,0,0.013,0.01,0,0.206,16,0.0065,0.0033,0.022,0.022,"HQA138450",0
0.005,0.037,0,0,0.019,0.03,0,0.2,18,0.0096,0.0036,0.02,0.018,"HQZ038360",0
0.006,0.0016,0,1,0.013,0.02,0,0.072,14,0.0084,0.0036,0.022,0.02,"HQB059500",0.003
0.006,0.0587,0,0,0.012,0.01,0.01,0.348,24,0.0074,0.0028,0.036,0.034,"HQX049870",0
0.004,0.1452,0,0,0.013,0.02,0,0.496,30,0.0134,0.0036,0.017,0.017,"HQJ160910",0.001
0.006,0.0776,2,0,0.023,0.02,0,0.898,42,0.0173,0.0025,0.031,0.03,"HQZ038830",0.001
0.006,0.0394,0,1,0.012,0.01,0,0.206,19,0.0056,0.0037,0.018,0.016,"HQY130610",0
0.006,0.1366,0,1,0.029,0.03,0,0.886,27,0.0145,0.0029,0.025,0.023,"HQX103480",0.001
0.005,0.0598,0,1,0.018,0.02,0,0.338,28,0.0099,0.0035,0.039,0.038,"HQZ049530",0
0.006,0.0017,0,0,0.013,0.02,0,0.095,18,0.014,0.0038,0.03,0.027,"HQX135130",0.001
0.004,0.1202,0,0,0.013,0.01,0,0.309,25,0.0076,0.0039,0.031,0.03,"HQJ033490",0
0.005,0.0015,0,0,0.01,0.02,0,0.059,11,0.0065,0.0037,0.03,0.029,"HQF150780",0.003
0.005,0.0385,0,0,0.016,0.02,0,0.196,22,0.0108,0.0031,0.023,0.021,"HQY020730",0
0.004,0.0405,0,0,0.009,0.02,0,0.192,15,0.0083,0.0031,0.026,0.025,"HQH124310",0
0.007,0.0967,0,0,0.011,0.01,0,0.676,26,0.0101,0.0024,0.018,0.018,"HQB025930",0
0.007,0.1089,0,0,0.017,0.02,0,0.461,27,0.0136,0.0029,0.024,0.024,"HQA082680",0
0.004,0.0202,0,0,0.02,0.02,0,0.196,29,0.0097,0.0033,0.022,0.018,"HQH049440",0
0.006,0.0597,0,0,0.025,0.02,0,0.8,37,0.0104,0.0029,0.036,0.035,"HQB088570",0
0.005,0.0016,0,0,0.014,0.02,0,0.093,16,0.0103,0.0039,0.034,0.033,"HQH028430",0.001
0.006,0.0715,0,0,0.021,0.02,0,0.611,32,0.0186,0.0035,0.029,0.028,"HQZ160500",0
0.006,0.1902,0,3,0.018,0.02,0,0.477,22,0.0094,0.0031,0.034,0.033,"HQA056270",0
0.004,0.0429,0,0,0.011,0.02,0,0.212,23,0.011,0.0032,0.028,0.027,"HQJ006470",0
0.004,0.0018,0,0,0.017,0.02,0,0.093,18,0.0101,0.0043,0.033,0.032,"HQG006900",0.001
0.004,0.1844,0,0,0.018,0.03,0,0.838,29,0.0135,0.0033,0.026,0.024,"HQJ003340",0
0.006,0.1506,0,0,0.017,0.02,0,0.887,33,0.0106,0.0028,0.022,0.02,"HQX103630",0.001
0.005,0.0456,0,2,0.025,0.02,0,0.302,37,0.0085,0.003,0.026,0.024,"HQX087790",0.001
0.007,0.0427,0,0,0.021,0.03,0,0.201,21,0.0098,0.0031,0.031,0.03,"HQA095620",0
0.006,0.0764,1,0,0.018,0.02,0,0.905,35,0.0185,0.003,0.028,0.027,"HQY026360",0.002
0.005,0.0399,0,0,0.007,0.02,0,0.176,21,0.0097,0.0022,0.029,0.028,"HQX112570",0
0.006,0.0024,0,0,0.093,0.02,0,0.139,16,0.0175,0.0084,0.031,0.03,"HQA070450",0
0.003,0.0785,0,0,0.03,0.02,0,0.301,31,0.0099,0.0024,0.03,0.028,"HQG081990",0
0.004,0.147,0,0,0.031,0.02,0,0.5,32,0.0128,0.0033,0.026,0.025,"HQH131190",0.001
0.005,0.0391,0,0,0.01,0.02,0,0.189,24,0.009,0.0024,0.026,0.026,"HQF024320",0
0.006,0.1181,0,0,0.013,0.02,0,0.304,23,0.0093,0.0024,0.025,0.021,"HQC110590",0
0.004,0.191,0,0,0.016,0.02,0,0.445,27,0.0096,0.0023,0.034,0.032,"HQJ143380",0
0.004,0.0017,0,0,0.008,0.02,0,0.084,14,0.0102,0.0032,0.036,0.035,"HQD087700",0.001
0.005,0.0793,0,1,0.014,0.02,0,0.271,24,0.0104,0.0037,0.027,0.025,"HQZ025850",0
0.005,0.0647,0,1,0.009,0.02,0,0.793,28,0.0107,0.0026,0.028,0.026,"HQZ058660",0.001
0.005,0.041,19,0,0.012,0.02,0,0.219,19,0.0063,0.0072,0.019,0.018,"HQB142250",0
0.005,0.0596,0,0,0.012,0.01,0,0.359,21,0.0065,0.0032,0.04,0.039,"HQZ166820",0
0.004,0.0361,19,0,0.022,0.02,0,0.191,26,0.0083,0.0031,0.023,0.022,"HQH006340",0
0.006,0.0525,1,1,0.023,0.02,0,0.8,28,0.0104,0.003,0.033,0.032,"HQA156610",0.002
0.005,0.0402,0,0,0.011,0.01,0,0.196,17,0.0082,0.0027,0.036,0.034,"HQC025080",0
0.006,0.0684,0,0,0.292,0.41,0,0.408,,0.1022,0.0033,0.022,0.021,"HQY065460",0.002
0.006,0.0786,3,0,0.024,0.02,0,0.904,27,0.0194,0.0027,0.022,0.021,"HQB081330",0.001
0.004,0.0157,0,0,0.009,0.02,0,0.143,15,0.0086,0.0034,0.042,0.04,"HQJ144370",0
0.004,0.002,8,0,0.083,0.02,0,0.251,20,0.0706,0.0098,0.046,0.045,"HQH167410",0.001
0.004,0.0702,0,0,0.01,0.01,0,0.48,22,0.008,0.0028,0.038,0.037,"HQH163320",0
0.004,0.1486,0,0,0.013,0.02,0,0.488,28,0.0096,0.0026,0.021,0.02,"HQH130970",0
0.006,0.0597,0,2,0.011,0.02,0,0.352,23,0.0098,0.0029,0.031,0.03,"HQX046660",0.001
0.004,0.0382,0,0,0.014,0.02,0,0.188,22,0.0084,0.0027,0.022,0.02,"HQJ151390",0
0.004,0.0337,16,0,0.023,0.02,0,0.188,35,0.0084,0.003,0.022,0.021,"HQF147400",0
0.005,0.0368,0,1,0.019,0.02,0,0.196,12,0.0088,0.0037,0.024,0.022,"HQH121340",0
0.007,0.1069,0,0,0.015,0.02,0,0.472,30,0.009,0.0023,0.025,0.024,"HQX040520",0.001
0.005,0.0392,0,0,0.01,0.02,0,0.201,24,0.0072,0.0034,0.025,0.024,"HQZ061320",0
0.004,0.0585,0,1,0.026,0.02,0,0.788,38,0.0116,0.003,0.037,0.035,"HQH012710",0.001
0.007,0.0414,0,0,0.012,0.02,0,0.182,15,0.0074,0.0033,0.023,0.022,"HQA071840",0
0.006,0.0017,0,0,0.018,0.02,0,0.096,19,0.0091,0.0033,0.024,0.022,"HQX085360",0.001
0.005,0.0442,0,0,0.018,0.02,0,0.242,21,0.01,0.0032,0.022,0.022,"HQF113060",0
0.003,0.0366,0,4,0.009,0.01,0,0.22,29,0.006,0.0028,0.044,0.043,"HQY040280",0
0.006,0.0418,0,0,0.015,0.02,0,0.286,28,0.0055,0.0031,0.019,0.018,"HQX108740",0
0.005,0.0387,0,0,0.018,0.02,0,0.201,31,0.0078,0.0027,0.032,0.03,"HQY094900",0
0.004,0.0017,0,0,0.013,0.02,0,0.078,16,0.0098,0.0034,0.038,0.036,"HQF027490",0.002
0.004,0.037,0,0,0.012,0.02,0,0.18,19,0.0071,0.0029,0.02,0.019,"HQH075830",0
0.006,0.0016,0,0,0.01,0.02,0,0.075,21,0.0093,0.0033,0.033,0.032,"HQZ077040",0.001
0.005,0.0465,20,0,0.018,0.03,0,0.192,21,0.0129,0.0031,0.024,0.024,"HQC020800",0
0.007,0.0374,0,0,0.016,0.02,0,0.204,26,0.007,0.0038,0.021,0.02,"HQX126410",0
0.004,0.0364,0,0,0.012,0.02,0,0.184,17,0.0073,0.0031,0.024,0.023,"HQG096140",0
0.005,0.0142,19,0,0.01,0.02,0,0.131,17,0.0087,0.0027,0.026,0.026,"HQF042340",0
0.005,0.032,0,0,0.009,0.02,0,0.188,21,0.009,0.0021,0.028,0.028,"HQD121190",0
0.005,0.0384,0,0,0.018,0.05,0,0.184,47,0.0078,0.0035,0.029,0.028,"HQZ154680",0
0.005,0.0377,0,0,0.011,0.02,0,0.179,11,0.007,0.0036,0.02,0.02,"HQF101690",0
0.005,0.0021,0,1,0.009,0.02,0,0.094,19,0.0094,0.0039,0.029,0.026,"HQE091210",0.001
0.005,0.0013,0,0,0.009,0.02,0,0.098,17,0.0099,0.0038,0.032,0.029,"HQH120860",0.002
0.006,0.0359,0,0,0.009,0.02,0,0.19,18,0.0084,0.0027,0.02,0.018,"HQY110620",0
0.006,0.0201,0,0,0.013,0.02,0,0.189,17,0.008,0.0033,0.019,0.018,"HQZ087510",0
0.005,0.0024,0,0,0.015,0.02,0,0.07,22,0.009,0.0034,0.028,0.026,"HQZ135240",0.002
0.005,0.0177,0,0,0.011,0.02,0,0.202,17,0.0075,0.0038,0.018,0.016,"HQG150900",0
0.005,0.0721,0,0,0.022,0.02,0,0.323,26,0.0081,0.0037,0.023,0.022,"HQZ155140",0
0.004,0.0358,0,0,0.022,0.03,0,0.184,12,0.0114,0.0029,0.019,0.017,"HQG003080",0
0.006,0.163,0,6,0.014,0.02,0,0.498,27,0.0115,0.0029,0.023,0.021,"HQA060820",0
0.005,0.1226,0,0,0.011,0.02,0,0.507,30,0.01,0.0026,0.021,0.02,"HQD127760",0
0.005,0.0396,0,0,0.013,0.02,0,0.197,21,0.0087,0.003,0.02,0.019,"HQB127250",0
0.004,0.0379,0,1,0.019,0.01,0,0.189,21,0.0075,0.0032,0.026,0.025,"HQG109480",0.001
0.004,0.04,0,0,0.011,0.01,0,0.205,19,0.0063,0.0031,0.028,0.027,"HQH130690",0
0.006,0.0559,0,0,0.029,0.02,0,0.303,34,0.0077,0.0038,0.035,0.034,"HQX081390",0
0.006,0.0398,0,0,0.017,0.02,0,0.184,21,0.0115,0.0043,0.02,0.018,"HQD005530",0
0.004,0.0021,0,0,0.012,0.02,0,0.092,17,0.01,0.0028,0.03,0.029,"HQF032590",0.001
0.007,0.0405,0,10,0.012,0.02,0,0.219,22,0.0081,0.0031,0.025,0.024,"HQY103260",0
0.007,0.0404,18,0,0.021,0.02,0,0.198,25,0.0117,0.0032,0.02,0.018,"HQX026910",0
0.005,0.0387,0,0,0.009,0.02,0,0.2,21,0.0079,0.004,0.026,0.024,"HQX105510",0
0.006,0.1511,0,1,0.012,0.02,0,0.704,35,0.0138,0.0033,0.024,0.02,"HQH058890",0
0.006,0.0014,0,0,0.012,0.02,0,0.079,17,0.0083,0.0037,0.029,0.027,"HQC142110",0.001
0.006,0.0374,0,0,0.015,0.02,0.01,0.201,18,0.0086,0.0042,0.023,0.021,"HQA131750",0
0.004,0.0353,0,0,0.018,0.02,0,0.189,21,0.011,0.0033,0.024,0.023,"HQF046680",0
0.007,0.061,0,0,0.012,0.01,0,0.344,29,0.0065,0.0027,0.04,0.039,"HQA121410",0
0.006,0.0415,0,0,0.017,0.02,0,0.14,20,0.0084,0.0031,0.028,0.026,"HQA128450",0
0.005,0.0399,0,2,0.011,0.02,0,0.189,16,0.0083,0.0031,0.028,0.026,"HQA034650",0
0.005,0.0431,0,0,0.009,0.02,0,0.176,26,0.012,0.0029,0.028,0.028,"HQF152470",0
0.005,0.1226,0,0,0.011,0.02,0,0.507,30,0.01,0.0026,0.021,0.02,"HQD127370",0
0.004,0.0569,0,2,0.016,0.02,0.01,0.779,29,0.0086,0.0025,0.04,0.039,"HQG061890",0.001
0.006,0.0459,0,0,0.018,0.02,0,0.287,20,0.0093,0.003,0.018,0.017,"HQX046380",0
0.007,0.1083,0,0,0.016,0.02,0,0.3,26,0.01,0.003,0.023,0.022,"HQY136720",0
0.005,0.0578,0,0,0.014,0.02,0,0.797,26,0.0105,0.0025,0.023,0.022,"HQZ151600",0
0.005,0.0368,0,0,0.022,0.02,0,0.193,27,0.0084,0.003,0.03,0.028,"HQZ142240",0
0.007,0.0537,0,0,0.019,0.02,0,0.809,26,0.0088,0.003,0.03,0.028,"HQD042760",0
0.004,0.0025,0,0,0.021,0.03,0,0.094,15,0.0113,0.004,0.031,0.029,"HQG073800",0.001
0.006,0.0371,0,0,0.016,0.02,0,0.183,19,0.0065,0.0032,0.026,0.025,"HQD010310",0
0.005,0.055,0,0,0.009,0.02,0,0.771,22,0.0087,0.0023,0.029,0.027,"HQF107770",0.001
0.006,0.0012,0,0,0.009,0.02,0,0.062,15,0.0079,0.0031,0.029,0.026,"HQA041660",0.002
0.006,0.0578,0,2,0.012,0.02,0,0.347,28,0.0071,0.0029,0.038,0.037,"HQX136060",0
0.007,0.1813,0,0,0.012,0.02,0,0.3,25,0.0133,0.003,0.024,0.022,"HQX084340",0.001
0.005,0.0588,0,0,0.012,0.01,0,0.815,35,0.0057,0.002,0.029,0.027,"HQC026830",0
0.007,0.0389,0,0,0.022,0.01,0,0.198,38,0.007,0.0027,0.026,0.025,"HQX125790",0
0.004,0.0392,19,1,0.012,0.02,0,0.183,17,0.0072,0.0041,0.023,0.021,"HQE043320",0
0.006,0.0382,0,0,0.015,0.02,0,0.188,16,0.0082,0.0036,0.022,0.021,"HQJ082070",0
0.005,0.0609,0,3,0.015,0.02,0,0.347,30,0.0071,0.0034,0.042,0.04,"HQX135460",0
0.005,0.0579,0,0,0.014,0.02,0,0.343,28,0.0108,0.0035,0.033,0.031,"HQZ126140",0.001
0.005,0.0341,0,0,0.011,0.02,0,0.18,18,0.0069,0.003,0.032,0.03,"HQE058870",0
0.006,0.0183,0,0,0.024,0.02,0,0.147,18,0.0069,0.0043,0.022,0.021,"HQY101460",0.001
0.006,0.046,0,0,0.01,0.02,0,0.186,11,0.009,0.0029,0.03,0.029,"HQD074420",0
0.005,0.0397,0,0,0.021,0.02,0,0.201,18,0.0073,0.0033,0.032,0.031,"HQH101260",0
0.004,0.0392,12,0,0.023,0.02,0,0.194,15,0.0081,0.0026,0.02,0.018,"HQB149980",0
0.007,0.0393,0,0,0.013,0.01,0,0.206,16,0.0065,0.0033,0.022,0.022,"HQA138400",0
0.006,0.0012,0,0,0.01,0.01,0,0.072,14,0.0065,0.0029,0.029,0.028,"HQZ146130",0.002
0.005,0.0374,0,0,0.019,0.02,0,0.203,13,0.0082,0.0032,0.032,0.03,"HQA027120",0
0.006,0.0508,0,0,0.01,0.02,0,0.314,30,0.0081,0.0027,0.029,0.028,"HQY075920",0
0.004,0.0352,0,6,0.022,0.02,0,0.167,17,0.0063,0.0044,0.021,0.02,"HQG089460",0.001
0.005,0.0347,0,0,0.011,0.02,0,0.212,30,0.0105,0.0028,0.027,0.026,"HQX024320",0
0.005,0.0441,19,1,0.016,0.02,0,0.177,14,0.0089,0.0036,0.022,0.021,"HQH051070",0
0.005,0.0361,0,0,0.016,0.02,0,0.189,19,0.0098,0.0038,0.02,0.019,"HQG163460",0
0.005,0.0363,0,0,0.011,0.02,0,0.191,15,0.0075,0.0032,0.029,0.028,"HQC065690",0
0.004,0.0463,0,0,0.019,0.02,0,0.287,16,0.009,0.0032,0.017,0.016,"HQG067910",0
0.005,0.0394,0,0,0.013,0.01,0,0.195,26,0.0067,0.0022,0.022,0.021,"HQD094180",0
0.006,0.13,1,1,0.027,0.02,0,0.89,29,0.0123,0.003,0.019,0.018,"HQE051000",0.002
0.007,0.0587,0,0,0.013,0.02,0,0.806,38,0.0136,0.0026,0.022,0.021,"HQZ005010",0.002
0.006,0.0453,0,0,0.011,0.02,0,0.192,18,0.0105,0.0034,0.024,0.023,"HQE096940",0
0.005,0.1221,0,0,0.021,0.02,0,0.438,25,0.0112,0.0029,0.018,0.018,"HQC059160",0
0.006,0.0368,0,0,0.016,0.02,0,0.2,18,0.0093,0.003,0.026,0.024,"HQX063870",0
0.007,0.0016,0,0,0.014,0.02,0,0.062,14,0.0087,0.0027,0.03,0.029,"HQB011080",0.001
0.006,0.0188,0,1,0.01,0.02,0,0.194,19,0.0082,0.0034,0.024,0.023,"HQY047680",0
0.004,0.0022,0,0,0.012,0.02,0,0.068,18,0.0071,0.0032,0.033,0.032,"HQG098510",0.003
0.005,0.0812,1,0,0.014,0.02,0,1.1,26,0.0187,0.0023,0.034,0.032,"HQZ047150",0.001
0.005,0.0807,5,0,0.027,0.02,0,0.907,33,0.0192,0.003,0.029,0.028,"HQH092340",0.001
0.006,0.0203,0,0,0.01,0.02,0,0.199,19,0.0092,0.0027,0.023,0.019,"HQD015390",0
0.005,0.0361,0,1,0.015,0.02,0,0.183,20,0.0096,0.0034,0.024,0.022,"HQE023120",0
0.004,0.0025,0,0,0.019,0.02,0,0.069,16,0.0071,0.0034,0.034,0.032,"HQG098520",0.003
0.004,0.0408,13,0,0.016,0.02,0,0.181,15,0.0093,0.0034,0.033,0.032,"HQJ005840",0
0.005,0.002,0,1,0.009,0.02,0,0.087,23,0.0107,0.0032,0.021,0.018,"HQD084800",0.001
0.005,0.0325,0,0,0.012,0.02,0,0.181,17,0.011,0.0031,0.024,0.02,"HQE000930",0
0.005,0.0012,0,0,0.01,0.02,0,0.093,14,0.0089,0.0045,0.031,0.029,"HQX142780",0.002
0.005,0.1175,0,0,0.012,0.02,0,0.42,25,0.0102,0.0028,0.02,0.019,"HQY055360",0
0.004,0.0401,0,0,0.009,0.06,0,0.14,22,0.009,0.0031,0.036,0.035,"HQG061530",0
0.006,0.057,0,1,0.014,0.02,0,0.818,27,0.01,0.0026,0.032,0.031,"HQE063180",0.001
0.005,0.0564,0,0,0.014,0.02,0,0.333,31,0.0109,0.0033,0.034,0.033,"HQD078520",0.001
0.006,0.0326,0,6,0.026,0.02,0,0.167,20,0.0093,0.0036,0.024,0.023,"HQX047310",0
0.006,0.0394,0,13,0.017,0.02,0,0.189,17,0.0073,0.0034,0.019,0.016,"HQC102560",0
0.006,0.1723,0,1,0.014,0.02,0,0.468,30,0.0091,0.003,0.033,0.03,"HQZ084750",0
0.007,0.1745,0,0,0.014,0.02,0,0.795,35,0.0106,0.0022,0.025,0.024,"HQB090370",0.001
0.005,0.0021,0,1,0.016,0.02,0,0.088,20,0.0104,0.0033,0.025,0.024,"HQB076880",0.001
0.005,0.0357,0,0,0.01,0.01,0,0.194,20,0.0059,0.0031,0.03,0.028,"HQY087830",0
0.005,0.0398,0,3,0.016,0.02,0,0.197,20,0.0091,0.0039,0.017,0.015,"HQZ045690",0
0.005,0.076,0,0,0.023,0.02,0,1.18,36,0.0106,0.0027,0.028,0.025,"HQJ000480",0.002
0.005,0.0411,0,1,0.013,0.02,0,0.212,18,0.0061,0.0038,0.026,0.024,"HQY090980",0
0.005,0.0336,0,5,0.018,0.03,0,0.189,15,0.0104,0.003,0.027,0.026,"HQE110180",0
0.005,0.1171,0,0,0.021,0.01,0,0.3,29,0.0096,0.0034,0.026,0.024,"HQH004290",0
0.004,0.0026,16,1,0.066,0.07,0,0.535,20,0.0146,0.0029,0.022,0.021,"HQG056260",0.002
0.004,0.122,0,0,0.017,0.02,0,0.492,21,0.0117,0.003,0.027,0.025,"HQJ025690",0
0.006,0.0294,0,0,0.019,0.01,0,0.18,21,0.0066,0.0028,0.022,0.021,"HQA161750",0
0.004,0.0022,15,1,0.061,0.07,0,0.532,21,0.0132,0.0032,0.026,0.025,"HQG055170",0.002
0.006,0.0347,0,0,0.022,0.02,0.01,0.2,22,0.0071,0.0036,0.024,0.023,"HQX047270",0
0.006,0.1263,0,0,0.014,0.02,0,0.909,41,0.0101,0.002,0.036,0.034,"HQZ047570",0.001
0.005,0.1252,0,0,0.02,0.02,0,0.869,36,0.0095,0.002,0.021,0.02,"HQB051190",0
0.005,0.037,0,0,0.012,0.02,0,0.19,18,0.0089,0.0036,0.031,0.029,"HQE057340",0
0.006,0.1081,0,0,0.014,0.02,0,0.449,27,0.01,0.0024,0.025,0.024,"HQA017790",0
0.005,0.1143,0,1,0.015,0.02,0,0.492,28,0.0103,0.0032,0.021,0.019,"HQZ118810",0.001
0.003,0.0469,0,1,0.011,0.01,0,0.283,27,0.0099,0.0027,0.03,0.028,"HQY051300",0
0.003,0.0385,0,0,0.013,0.02,0,0.189,19,0.0073,0.0032,0.026,0.024,"HQG098940",0
0.005,0.0808,0,1,0.021,0.03,0,0.417,33,0.0094,0.0034,0.022,0.021,"HQF158920",0
0.005,0.115,0,1,0.009,0.02,0,0.481,20,0.0119,0.0026,0.016,0.013,"HQZ119550",0.001
0.004,0.037,0,0,0.009,0.01,0,0.193,20,0.0077,0.003,0.027,0.025,"HQE046250",0
0.005,0.002,0,1,0.019,0.02,0,0.054,16,0.0082,0.0044,0.022,0.02,"HQZ017650",0.002
0.005,0.0019,5,0,0.049,0.02,0,0.189,23,0.0409,0.0094,0.035,0.034,"HQE009410",0
0.005,0.1182,0,0,0.032,0.02,0,0.451,25,0.0123,0.0031,0.022,0.021,"HQD096610",0
0.006,0.0027,0,0,0.024,0.02,0,0.091,17,0.0104,0.0034,0.032,0.031,"HQA135900",0.001
0.004,0.0015,0,0,0.011,0.03,0,0.067,23,0.0149,0.0037,0.02,0.02,"HQG143640",0.003
0.004,0.002,0,0,0.017,0.02,0,0.093,19,0.0097,0.0036,0.025,0.023,"HQF071840",0.001
0.005,0.1377,0,1,0.023,0.02,0,1.163,31,0.0105,0.0036,0.022,0.02,"HQX148210",0.002
0.006,0.0813,3,1,0.013,0.02,0,0.921,26,0.0225,0.0022,0.033,0.032,"HQE072150",0.002
0.006,0.1372,0,0,0.014,0.02,0,0.912,25,0.0095,0.0022,0.021,0.021,"HQE011900",0.002
0.007,0.1497,0,0,0.019,0.02,0,0.914,34,0.0099,0.0025,0.016,0.015,"HQY091640",0.001
0.008,0.0351,0,1,0.013,0.02,0,0.187,23,0.0076,0.0031,0.025,0.023,"HQA107100",0
0.006,0.0561,0,2,0.02,0.02,0,0.77,28,0.0094,0.0024,0.03,0.029,"HQE108550",0.001
0.004,0.04,0,0,0.017,0.02,0,0.189,15,0.0059,0.0035,0.03,0.028,"HQJ059650",0
0.006,0.0594,0,0,0.014,0.02,0,0.361,26,0.0081,0.0028,0.033,0.031,"HQC123800",0
0.004,0.1198,0,1,0.01,0.02,0,0.299,20,0.0103,0.0027,0.023,0.023,"HQC003820",0
0.006,0.0019,0,0,0.017,0.02,0,0.145,12,0.0088,0.0032,0.025,0.023,"HQB129900",0.001
0.005,0.0378,0,0,0.016,0.02,0,0.2,22,0.0067,0.0039,0.027,0.026,"HQY013500",0
0.005,0.0351,0,0,0.01,0.02,0,0.196,25,0.0081,0.0027,0.031,0.03,"HQF023850",0
0.007,0.0014,0,0,0.009,0.02,0,0.07,18,0.0089,0.003,0.038,0.036,"HQD051000",0.002
0.004,0.0613,0,0,0.015,0.02,0,0.8,28,0.0118,0.0025,0.027,0.022,"HQJ054450",0.001
0.006,0.0017,0,0,0.013,0.02,0,0.089,17,0.0095,0.0036,0.028,0.026,"HQY100080",0.001
0.006,0.0456,0,0,0.014,0.02,0,0.189,20,0.0078,0.0039,0.023,0.022,"HQD066540",0
0.005,0.002,0,1,0.009,0.02,0,0.117,18,0.0109,0.0037,0.027,0.026,"HQD118190",0.001
0.005,0.0015,6,0,0.054,0.02,0,0.197,14,0.0446,0.0085,0.046,0.044,"HQG035930",0.001
0.006,0.0883,0,0,0.011,0.02,0,0.285,25,0.0086,0.0031,0.032,0.029,"HQZ026060",0
0.006,0.0016,0,1,0.018,0.02,0,0.075,13,0.0092,0.0036,0.038,0.037,"HQF072910",0.002
0.006,0.0407,0,0,0.012,0.01,0,0.197,22,0.0094,0.0031,0.025,0.024,"HQB108030",0
0.006,0.0416,0,26,0.01,0.02,0,0.192,20,0.0099,0.004,0.025,0.024,"HQD004290",0
0.005,0.0021,0,1,0.017,0.02,0,0.099,17,0.0101,0.0041,0.032,0.028,"HQH031290",0.001
0.005,0.0393,0,0,0.012,0.02,0,0.202,16,0.0072,0.0029,0.022,0.021,"HQZ117000",0
0.005,0.0389,0,1,0.024,0.03,0,0.179,18,0.0102,0.0047,0.03,0.029,"HQF127490",0
0.006,0.0426,0,0,0.014,0.02,0,0.191,18,0.0058,0.0039,0.026,0.026,"HQA029410",0
0.005,0.0571,0,0,0.028,0.02,0,0.788,26,0.0124,0.003,0.037,0.032,"HQG000950",0.001
0.006,0.0699,0,0,0.019,0.02,0,0.482,33,0.01,0.0028,0.048,0.046,"HQG022290",0
0.005,0.0404,0,1,0.01,0.02,0,0.183,27,0.0082,0.0034,0.034,0.033,"HQC083400",0
0.007,0.0386,0,0,0.012,0.02,0,0.209,19,0.009,0.003,0.018,0.017,"HQA103190",0
0.004,0.0404,0,0,0.011,0.02,0,0.197,24,0.0086,0.0033,0.035,0.032,"HQH161260",0
0.005,0.0395,0,0,0.01,0.01,0,0.196,27,0.0072,0.0033,0.024,0.023,"HQF027180",0
0.004,0.0811,4,0,0.028,0.03,0,0.892,34,0.0195,0.0035,0.03,0.028,"HQG058560",0.001
0.006,0.0773,3,2,0.025,0.03,0,0.903,29,0.018,0.0022,0.032,0.031,"HQE073430",0.002
0.006,0.0397,0,1,0.009,0.02,0,0.19,30,0.0119,0.003,0.025,0.024,"HQC032790",0
0.006,0.0023,9,1,0.07,0.02,0,0.253,19,0.0693,0.0096,0.041,0.039,"HQY032660",0.001
0.005,0.0587,0,0,0.022,0.02,0,0.345,21,0.0088,0.0031,0.032,0.032,"HQG003010",0
0.004,0.0014,0,0,0.049,0.02,0,0.137,20,0.0523,0.0083,0.034,0.033,"HQJ011530",0
0.004,0.059,0,1,0.019,0.02,0,0.791,33,0.0114,0.0026,0.032,0.031,"HQJ110820",0.001
0.005,0.0377,0,5,0.009,0.01,0,0.199,16,0.0088,0.0045,0.026,0.023,"HQF018540",0
0.004,0.0553,0,1,0.019,0.01,0,0.795,29,0.0075,0.0028,0.038,0.037,"HQH012260",0
0.007,0.0366,0,0,0.008,0.01,0,0.202,36,0.0091,0.0024,0.028,0.026,"HQX097760",0
0.006,0.0408,0,0,0.011,0.02,0,0.191,23,0.0093,0.0031,0.018,0.016,"HQC100860",0
0.006,0.117,0,0,0.01,0.02,0,0.338,25,0.0095,0.0028,0.017,0.015,"HQX040010",0
0.006,0.0364,0,0,0.011,0.01,0,0.191,26,0.0042,0.0036,0.034,0.033,"HQB004000",0
0.005,0.0388,0,0,0.021,0.02,0,0.18,18,0.0088,0.0044,0.028,0.027,"HQE036480",0
0.005,0.0415,0,0,0.011,0.01,0,0.216,21,0.0054,0.0034,0.027,0.026,"HQA015290",0
0.004,0.0784,2,1,0.035,0.02,0,0.896,31,0.0187,0.0029,0.023,0.022,"HQG110630",0.001
0.005,0.111,0,0,0.012,0.02,0,0.485,22,0.0106,0.0024,0.03,0.029,"HQE118860",0
0.006,0.0018,0,0,0.034,0.02,0,0.099,20,0.0087,0.0045,0.023,0.02,"HQX084140",0.001
0.005,0.0433,0,1,0.014,0.02,0,0.213,22,0.0071,0.0035,0.026,0.024,"HQX118050",0
0.005,0.0352,0,1,0.01,0.05,0,0.194,31,0.0099,0.0029,0.038,0.036,"HQE015270",0.001
0.006,0.0379,0,0,0.02,0.02,0,0.194,23,0.0092,0.0034,0.026,0.025,"HQJ091210",0
0.004,0.0233,0,0,0.025,0.02,0,0.19,22,0.008,0.0035,0.023,0.023,"HQH048750",0
0.006,0.0843,0,0,0.015,0.02,0,0.886,33,0.0183,0.0018,0.021,0.02,"HQD053960",0.002
0.006,0.0013,6,0,0.054,0.02,0,0.194,20,0.0445,0.0089,0.037,0.035,"HQX148410",0.001
0.006,0.0351,0,1,0.018,0.02,0,0.194,15,0.0096,0.0039,0.026,0.024,"HQZ093510",0
0.006,0.0417,13,0,0.014,0.02,0,0.201,16,0.0058,0.0027,0.022,0.021,"HQA161630",0
0.005,0.0021,0,0,0.013,0.02,0,0.095,18,0.0087,0.0037,0.035,0.032,"HQF156840",0.001
0.005,0.0354,0,0,0.01,0.01,0,0.195,23,0.0059,0.0035,0.026,0.025,"HQF141450",0
0.005,0.1084,0,0,0.009,0.02,0,0.307,23,0.0119,0.0022,0.022,0.021,"HQH138460",0
0.005,0.0405,0,0,0.015,0.03,0,0.195,17,0.0099,0.0031,0.023,0.02,"HQE048310",0
0.006,0.0195,0,0,0.009,0.02,0,0.197,20,0.0088,0.0099,0.017,0.016,"HQD046840",0
0.004,0.1128,0,1,0.021,0.02,0,0.291,32,0.0086,0.0029,0.021,0.02,"HQG156140",0
0.005,0.0024,0,0,0.025,0.02,0,0.097,19,0.0096,0.004,0.032,0.03,"HQF158340",0.001
0.006,0.1447,0,0,0.013,0.02,0,0.794,26,0.0105,0.0023,0.034,0.032,"HQG025000",0.001
0.005,0.045,0,0,0.015,0.02,0,0.194,19,0.0087,0.0037,0.039,0.038,"HQC077320",0
0.004,0.039,19,0,0.007,0.02,0,0.196,16,0.0108,0.0031,0.022,0.018,"HQD088770",0
0.004,0.036,0,0,0.01,0.01,0,0.186,15,0.0078,0.0035,0.026,0.024,"HQG163760",0
0.005,0.0424,0,0,0.011,0.02,0,0.192,24,0.0107,0.0031,0.026,0.024,"HQX113910",0
0.004,0.1169,0,0,0.014,0.01,0,0.299,35,0.0066,0.0026,0.027,0.026,"HQJ070420",0
0.005,0.111,0,0,0.013,0.02,0,0.491,21,0.0119,0.0028,0.02,0.016,"HQE028000",0.001
0.006,0.033,0,0,0.01,0.01,0,0.179,15,0.0079,0.0027,0.026,0.026,"HQB070130",0
0.007,0.0018,0,0,0.018,0.02,0,0.094,17,0.0087,0.0038,0.026,0.024,"HQX132560",0.001
0.004,0.0199,0,0,0.011,0.02,0,0.214,13,0.0088,0.0036,0.024,0.023,"HQJ146300",0
0.005,0.0015,0,0,0.013,0.02,0,0.09,15,0.0105,0.0029,0.019,0.018,"HQB083540",0
0.004,0.0413,0,0,0.008,0.02,0,0.21,16,0.0079,0.0031,0.029,0.028,"HQD157130",0
0.005,0.0399,0,0,0.012,0.02,0,0.212,17,0.0069,0.0027,0.027,0.026,"HQA013510",0
0.005,0.0183,0,0,0.008,0.02,0,0.215,15,0.0076,0.003,0.026,0.025,"HQD080260",0
0.005,0.0408,0,11,0.008,0.02,0,0.142,12,0.0083,0.0033,0.034,0.031,"HQE012730",0
0.006,0.1625,0,1,0.019,0.02,0,1.103,32,0.0125,0.0027,0.022,0.02,"HQA160560",0.003
0.004,0.035,0,0,0.012,0.02,0,0.202,14,0.0098,0.003,0.028,0.027,"HQG141540",0
0.006,0.0394,0,0,0.017,0.02,0,0.191,18,0.0085,0.003,0.025,0.023,"HQB003570",0
0.004,0.0341,0,0,0.01,0.01,0,0.2,17,0.0069,0.003,0.029,0.028,"HQX116430",0
0.005,0.0013,7,0,0.055,0.02,0,0.199,13,0.0468,0.01,0.039,0.038,"HQC142730",0.001
0.005,0.0416,0,1,0.008,0.02,0,0.189,18,0.0091,0.0025,0.018,0.017,"HQJ097300",0
0.006,0.0179,0,0,0.015,0.02,0,0.191,16,0.0103,0.0028,0.022,0.021,"HQB021770",0
0.006,0.0025,0,0,0.009,0.02,0,0.143,16,0.01,0.0028,0.019,0.017,"HQA076180",0.001
0.006,0.1184,0,0,0.013,0.01,0,0.409,33,0.0068,0.0037,0.02,0.019,"HQX165650",0
0.006,0.0418,0,0,0.014,0.02,0,0.208,18,0.0109,0.0033,0.024,0.022,"HQZ035380",0
0.005,0.0017,0,0,0.015,0.02,0,0.091,17,0.0096,0.0044,0.028,0.027,"HQG006970",0.001
0.004,0.0344,0,0,0.026,0.02,0,0.193,14,0.0115,0.0042,0.022,0.022,"HQF101900",0
0.004,0.0358,11,0,0.022,0.02,0,0.195,14,0.0064,0.0028,0.023,0.017,"HQE003670",0
0.004,0.0409,0,0,0.019,0.02,0,0.206,17,0.009,0.0032,0.031,0.03,"HQH144880",0
0.005,0.0449,0,0,0.009,0.02,0,0.172,18,0.0063,0.0036,0.025,0.024,"HQC078050",0
0.007,0.0423,0,2,0.016,0.02,0,0.189,14,0.0068,0.0032,0.028,0.026,"HQA159220",0
0.007,0.0017,0,0,0.018,0.02,0,0.087,20,0.011,0.0036,0.033,0.032,"HQD048210",0.002
0.006,0.0294,0,0,0.019,0.01,0,0.18,21,0.0066,0.0028,0.022,0.021,"HQA161740",0
0.005,0.0395,16,0,0.017,0.02,0,0.184,19,0.0086,0.0038,0.026,0.025,"HQZ159890",0
0.003,0.0196,0,0,0.024,0.02,0,0.137,16,0.007,0.003,0.032,0.031,"HQJ161850",0
0.006,0.0389,0,0,0.028,0.02,0,0.205,20,0.0079,0.0047,0.021,0.019,"HQX142990",0
0.006,0.0395,11,0,0.015,0.02,0,0.247,19,0.012,0.0033,0.029,0.028,"HQX051710",0
0.005,0.0454,0,0,0.009,0.02,0,0.136,17,0.0113,0.004,0.027,0.026,"HQG052840",0
0.007,0.1407,1,0,0.019,0.02,0,1.504,42,0.0107,0.0021,0.025,0.024,"HQY012400",0.001
0.006,0.037,0,5,0.011,0.02,0,0.221,20,0.0097,0.0035,0.025,0.024,"HQY121120",0
0.004,0.0017,0,0,0.012,0.02,0,0.091,15,0.0102,0.0035,0.033,0.032,"HQH137150",0.001
0.006,0.0604,0,0,0.014,0.02,0,0.334,23,0.0073,0.0034,0.035,0.032,"HQZ165750",0
0.005,0.0598,0,0,0.017,0.02,0,0.809,43,0.0105,0.0024,0.032,0.03,"HQB093690",0
0.005,0.1342,0,0,0.024,0.02,0,0.918,22,0.0133,0.0026,0.024,0.023,"HQF083800",0.001
0.005,0.152,0,0,0.02,0.02,0,0.787,31,0.0126,0.0024,0.044,0.042,"HQG024860",0.001
0.004,0.0357,0,0,0.018,0.02,0,0.192,16,0.0073,0.0032,0.024,0.022,"HQH133030",0
0.006,0.1923,0,1,0.021,0.02,0,0.784,31,0.0091,0.0029,0.02,0.018,"HQD105020",0.001
0.006,0.0015,5,0,0.052,0.02,0,0.201,16,0.0444,0.0091,0.039,0.036,"HQC141670",0.001
0.005,0.0349,0,0,0.025,0.02,0,0.193,29,0.0079,0.0031,0.031,0.029,"HQF078270",0.001
0.005,0.0808,3,0,0.021,0.02,0,0.925,32,0.0199,0.003,0.033,0.03,"HQE067700",0.001
0.004,0.0334,0,0,0.022,0.02,0,0.175,21,0.0082,0.004,0.018,0.018,"HQF101460",0
0.005,0.0794,4,1,0.014,0.02,0,0.889,33,0.0196,0.0021,0.022,0.021,"HQD147120",0.002
0.005,0.0019,0,0,0.02,0.02,0,0.073,18,0.0099,0.0034,0.021,0.019,"HQC036930",0.001
0.007,0.0366,0,1,0.011,0.02,0,0.214,21,0.0083,0.0037,0.027,0.026,"HQY121270",0
0.004,0.1142,0,0,0.022,0.02,0,0.491,23,0.0104,0.0026,0.029,0.027,"HQG135060",0
0.004,0.0373,0,0,0.007,0.01,0,0.19,11,0.0102,0.0047,0.037,0.036,"HQF063170",0
0.005,0.1418,0,1,0.011,0.02,0,0.422,30,0.0097,0.0033,0.026,0.024,"HQF075720",0.001
0.006,0.0569,0,0,0.016,0.01,0,0.314,27,0.0052,0.0029,0.039,0.037,"HQZ070850",0
0.004,0.0016,0,0,0.109,0.03,0,0.148,19,0.0203,0.0087,0.028,0.027,"HQF078840",0.001
0.006,0.0363,0,0,0.011,0.02,0,0.197,27,0.0093,0.0032,0.026,0.024,"HQY028070",0
0.005,0.0428,19,0,0.011,0.02,0,0.193,12,0.0096,0.0033,0.02,0.019,"HQZ071390",0
0.006,0.0022,0,0,0.01,0.01,0,0.09,19,0.009,0.0027,0.025,0.024,"HQB078120",0.001
0.005,0.0395,0,0,0.019,0.02,0,0.185,16,0.0066,0.003,0.021,0.017,"HQF028480",0
0.004,0.0341,0,0,0.01,0.02,0,0.198,22,0.0088,0.0031,0.027,0.027,"HQH163630",0
0.004,0.0388,0,0,0.01,0.01,0,0.2,17,0.0104,0.0035,0.026,0.024,"HQH164140",0
0.005,0.0377,0,0,0.011,0.02,0,0.179,11,0.007,0.0036,0.02,0.02,"HQF101680",0
0.004,0.1387,0,0,0.021,0.02,0.01,0.881,31,0.011,0.0025,0.029,0.028,"HQJ047090",0.001
0.006,0.0351,0,0,0.012,0.02,0,0.192,17,0.0073,0.0035,0.022,0.021,"HQC103530",0
0.006,0.1467,0,1,0.011,0.02,0,0.678,30,0.011,0.0027,0.025,0.023,"HQZ059290",0
0.004,0.0749,0,0,0.016,0.01,0,0.459,30,0.0098,0.0021,0.031,0.029,"HQJ144820",0
0.007,0.0394,0,0,0.011,0.01,0,0.191,15,0.0074,0.0031,0.021,0.02,"HQB117310",0
0.004,0.0548,0,0,0.02,0.02,0,0.337,33,0.008,0.0032,0.034,0.032,"HQF034820",0
0.004,0.0349,0,0,0.012,0.01,0,0.188,27,0.0099,0.0036,0.018,0.018,"HQJ028170",0
0.004,0.0015,0,0,0.015,0.02,0,0.061,16,0.006,0.0039,0.022,0.022,"HQF051530",0.004
0.006,0.0367,0,0,0.019,0.02,0,0.197,20,0.0069,0.0038,0.023,0.021,"HQY067270",0
0.006,0.0397,12,0,0.021,0.02,0,0.2,17,0.0069,0.0031,0.019,0.018,"HQA162210",0
0.007,0.0014,6,1,0.053,0.02,0,0.19,15,0.0435,0.0089,0.039,0.038,"HQA008880",0
0.005,0.1529,0,1,0.018,0.02,0,0.696,28,0.0108,0.003,0.023,0.022,"HQE146280",0.001
0.004,0.0641,0,0,0.013,0.02,0,0.342,30,0.0094,0.0033,0.034,0.032,"HQJ047640",0.001
0.005,0.038,0,0,0.014,0.06,0,0.186,42,0.0091,0.0037,0.032,0.031,"HQZ145750",0
0.006,0.1754,0,0,0.017,0.02,0,0.472,35,0.0086,0.0029,0.025,0.024,"HQA012700",0
0.005,0.004,9,1,0.096,0.02,0.06,0.573,13,0.0836,0.0096,0.049,0.047,"HQE041570",0.001
0.004,0.0684,0,1,0.011,0.02,0,0.237,91,0.0102,0.0035,0.022,0.022,"HQH157960",0
0.007,0.0536,0,0,0.009,0.02,0,0.782,35,0.0082,0.0028,0.039,0.037,"HQX133190",0.001
0.006,0.0393,0,0,0.009,0.02,0,0.216,29,0.0101,0.0022,0.024,0.023,"HQZ025450",0
0.006,0.0193,0,0,0.015,0.02,0,0.158,18,0.008,0.0034,0.028,0.026,"HQY083280",0
0.005,0.0307,0,0,0.017,0.02,0,0.218,22,0.0109,0.0033,0.025,0.024,"HQF149150",0
0.005,0.0421,0,0,0.009,0.02,0,0.205,21,0.0095,0.003,0.025,0.024,"HQZ068620",0
0.004,0.043,0,0,0.021,0.02,0,0.189,20,0.0082,0.004,0.021,0.02,"HQF135010",0
0.004,0.0425,11,0,0.009,0.01,0,0.194,14,0.0068,0.0029,0.026,0.025,"HQH159390",0
0.005,0.0593,0,0,0.022,0.02,0,0.347,28,0.0089,0.004,0.033,0.032,"HQH000130",0
0.006,0.1924,0,0,0.011,0.02,0,0.861,36,0.0098,0.0026,0.027,0.026,"HQY076190",0
0.005,0.0014,0,0,0.009,0.01,0,0.066,12,0.0048,0.0039,0.026,0.023,"HQF133100",0.003
0.006,0.0018,0,2,0.02,0.02,0,0.102,16,0.0109,0.0032,0.027,0.024,"HQD055230",0.001
0.005,0.059,0,2,0.013,0.01,0,0.785,41,0.0104,0.0021,0.025,0.023,"HQB099590",0.001
0.005,0.0455,0,48,0.013,0.03,0,0.201,23,0.0139,0.004,0.036,0.035,"HQX113810",0
0.004,0.0044,9,0,0.095,0.02,0.06,0.558,20,0.0796,0.0091,0.047,0.045,"HQJ074970",0.001
0.006,0.0016,0,1,0.016,0.02,0,0.091,20,0.0091,0.004,0.032,0.029,"HQX123440",0.001
0.005,0.0785,4,1,0.026,0.02,0,0.917,27,0.0197,0.0024,0.034,0.033,"HQH072260",0.001
0.005,0.0017,0,1,0.018,0.02,0,0.094,15,0.0096,0.0037,0.033,0.032,"HQH142830",0.001
0.005,0.0723,0,0,0.013,0.02,0,0.449,30,0.0125,0.0029,0.023,0.022,"HQX092670",0
0.007,0.1074,0,0,0.018,0.02,0,0.447,26,0.01,0.003,0.024,0.022,"HQY113100",0
0.005,0.0427,0,0,0.016,0.02,0.01,0.223,25,0.0083,0.0033,0.019,0.018,"HQE048040",0
0.005,0.0442,0,0,0.018,0.02,0,0.242,21,0.01,0.0032,0.022,0.022,"HQF113070",0
0.006,0.1222,0,3,0.027,0.02,0,0.472,22,0.0072,0.0027,0.022,0.02,"HQA129340",0.001
0.004,0.0016,0,15,0.014,0.02,0,0.094,16,0.0092,0.0032,0.025,0.024,"HQD102940",0.001
0.007,0.0375,0,0,0.009,0.02,0,0.19,10,0.0078,0.0024,0.03,0.028,"HQA106660",0
0.006,0.1854,0,0,0.02,0.02,0,0.789,27,0.0114,0.003,0.022,0.02,"HQC104960",0.001
0.006,0.0417,12,1,0.012,0.02,0,0.26,19,0.0083,0.003,0.031,0.029,"HQY006300",0
0.005,0.0403,0,0,0.02,0.03,0,0.198,14,0.0118,0.0037,0.022,0.02,"HQH047950",0
0.005,0.0382,0,0,0.015,0.02,0,0.201,24,0.0096,0.0034,0.028,0.026,"HQX139380",0
0.006,0.002,0,0,0.013,0.02,0,0.09,14,0.0096,0.0028,0.035,0.031,"HQB104350",0.001
0.006,0.0016,0,0,0.01,0.02,0,0.06,20,0.0038,0.0032,0.033,0.031,"HQY110290",0.004
0.005,0.0372,0,0,0.009,0.02,0,0.196,16,0.0094,0.0028,0.027,0.026,"HQC033060",0
0.004,0.0024,17,1,0.067,0.07,0,0.542,12,0.0149,0.003,0.024,0.023,"HQJ142890",0.002
0.005,0.0016,0,6,0.018,0.02,0,0.091,17,0.009,0.004,0.032,0.031,"HQF129580",0.001
0.005,0.0572,0,0,0.027,0.02,0,0.363,29,0.0069,0.0039,0.04,0.036,"HQH061940",0
0.006,0.1386,1,0,0.021,0.02,0,1.484,39,0.0098,0.0025,0.026,0.024,"HQY013780",0.001
0.005,0.0419,0,2,0.02,0.02,0,0.126,22,0.0092,0.0041,0.017,0.016,"HQX163180",0
0.007,0.1162,0,0,0.021,0.02,0,1.175,40,0.0114,0.0018,0.025,0.024,"HQX133850",0.001
0.005,0.1158,0,0,0.026,0.02,0,0.464,22,0.0106,0.0026,0.018,0.017,"HQG029560",0
0.005,0.0019,0,1,0.009,0.02,0,0.052,21,0.007,0.0027,0.029,0.028,"HQE030610",0.003
0.005,0.0773,5,1,0.024,0.02,0,0.897,38,0.0205,0.0027,0.031,0.031,"HQF071140",0.001
0.005,0.1828,0,0,0.01,0.02,0,0.489,31,0.0125,0.0032,0.022,0.021,"HQZ168440",0
0.005,0.0369,0,0,0.013,0.02,0,0.188,17,0.0091,0.0033,0.019,0.015,"HQZ091100",0
0.006,0.0466,0,0,0.013,0.02,0,0.193,26,0.0068,0.0031,0.028,0.027,"HQC138230",0
0.004,0.0019,0,0,0.013,0.02,0,0.093,12,0.0106,0.0043,0.027,0.026,"HQG039890",0.001
0.006,0.1154,0,0,0.01,0.02,0,0.302,28,0.0107,0.0026,0.023,0.021,"HQD013240",0
0.005,0.079,1,0,0.019,0.02,0,0.909,41,0.0195,0.0029,0.027,0.026,"HQF124070",0.001
0.005,0.1448,0,0,0.014,0.02,0,0.833,24,0.0113,0.0026,0.018,0.016,"HQF151290",0.001
0.005,0.0408,0,0,0.012,0.02,0,0.191,20,0.0075,0.0028,0.027,0.026,"HQC026050",0
0.004,0.0381,0,0,0.008,0.02,0,0.188,19,0.0076,0.0032,0.025,0.023,"HQF046020",0
0.004,0.0221,0,1,0.013,0.02,0,0.189,20,0.0085,0.0026,0.025,0.024,"HQC080090",0.001
0.006,0.0205,13,0,0.01,0.02,0,0.141,14,0.0076,0.0031,0.022,0.02,"HQY059560",0
0.006,0.1839,0,0,0.014,0.02,0,0.457,37,0.0116,0.0029,0.023,0.021,"HQX050250",0.002
0.006,0.0371,0,2,0.013,0.02,0,0.195,33,0.0089,0.0032,0.028,0.026,"HQZ045100",0
0.005,0.0561,0,0,0.016,0.02,0,0.801,33,0.0107,0.0024,0.031,0.03,"HQF134280",0.001
0.006,0.0209,0,0,0.024,0.04,0,0.194,15,0.013,0.004,0.024,0.023,"HQE085250",0
0.004,0.1165,0,0,0.017,0.02,0,0.47,18,0.0088,0.0033,0.022,0.022,"HQD096830",0
0.005,0.0023,0,0,0.024,0.02,0,0.373,25,0.0267,0.0039,0.027,0.026,"HQD074780",0.003
0.004,0.0018,6,0,0.055,0.02,0,0.2,17,0.0434,0.0092,0.043,0.041,"HQJ025320",0.001
0.004,0.0394,0,0,0.012,0.01,0,0.197,24,0.0067,0.0037,0.026,0.025,"HQD041110",0
0.006,0.1895,1,2,0.02,0.02,0,0.84,36,0.0071,0.003,0.027,0.026,"HQY094450",0.001
0.004,0.0369,0,0,0.033,0.06,0,0.135,25,0.0094,0.0042,0.033,0.031,"HQG060290",0
0.006,0.0371,0,3,0.025,0.02,0,0.202,16,0.0069,0.0037,0.026,0.024,"HQD028020",0
0.004,0.0403,12,1,0.013,0.02,0,0.2,18,0.0069,0.0025,0.027,0.026,"HQJ039440",0
0.005,0.038,0,0,0.009,0.02,0,0.202,21,0.0093,0.0031,0.028,0.026,"HQX111470",0
0.005,0.0758,3,1,0.025,0.03,0,0.926,27,0.02,0.0034,0.03,0.029,"HQE140260",0.001
0.006,0.038,0,0,0.008,0.01,0,0.21,16,0.0066,0.0024,0.02,0.018,"HQB027290",0
0.005,0.0386,0,0,0.019,0.02,0,0.189,22,0.0082,0.0037,0.027,0.026,"HQY037450",0
0.007,0.0582,0,0,0.011,0.02,0,0.79,38,0.0088,0.0023,0.033,0.031,"HQX030350",0
0.007,0.035,0,0,0.01,0.02,0,0.201,15,0.0087,0.0033,0.032,0.031,"HQZ042810",0
0.004,0.0217,0,0,0.025,0.02,0,0.174,18,0.0098,0.0039,0.024,0.023,"HQJ104390",0
0.005,0.0768,4,0,0.013,0.02,0,0.917,33,0.0181,0.0021,0.027,0.026,"HQC037450",0.001
0.007,0.0331,0,0,0.009,0.02,0,0.197,19,0.009,0.0027,0.026,0.023,"HQE020150",0
0.006,0.1176,0,0,0.024,0.02,0,0.445,23,0.0107,0.0034,0.02,0.019,"HQB004210",0
0.004,0.0196,0,0,0.018,0.01,0,0.192,10,0.0068,0.0037,0.025,0.024,"HQG090450",0
0.006,0.1219,0,0,0.025,0.02,0,0.49,25,0.0074,0.0026,0.024,0.022,"HQA129330",0.001
0.006,0.1782,0,0,0.008,0.02,0,0.478,24,0.0111,0.0032,0.035,0.032,"HQZ154780",0
0.004,0.0536,0,0,0.012,0.02,0,0.346,24,0.0098,0.0027,0.034,0.032,"HQH140880",0
0.006,0.0017,0,1,0.019,0.02,0,0.074,18,0.0093,0.0035,0.035,0.033,"HQX063280",0.001
0.003,0.0324,0,0,0.015,0.01,0,0.186,15,0.0061,0.0029,0.031,0.024,"HQH006660",0
0.004,0.0017,0,0,0.014,0.02,0,0.069,10,0.0082,0.0034,0.033,0.031,"HQH027160",0.002
0.004,0.0163,0,0,0.016,0.02,0,0.172,13,0.0064,0.0025,0.024,0.024,"HQG111750",0.001
0.004,0.0332,0,0,0.022,0.02,0,0.184,22,0.0059,0.0036,0.025,0.023,"HQG073380",0
0.006,0.1755,0,0,0.013,0.02,0,0.483,25,0.0115,0.0025,0.03,0.028,"HQY072940",0
0.005,0.0577,0,1,0.01,0.02,0,0.789,24,0.0093,0.0022,0.029,0.028,"HQF104830",0.001
0.006,0.0402,0,0,0.014,0.01,0,0.201,23,0.007,0.0023,0.026,0.024,"HQA108650",0
0.006,0.0226,0,2,0.01,0.01,0,0.21,18,0.0065,0.0033,0.024,0.023,"HQZ132610",0
0.007,0.0402,0,0,0.01,0.02,0,0.189,22,0.0086,0.0029,0.026,0.025,"HQA133760",0
0.005,0.0393,0,0,0.012,0.02,0,0.202,16,0.0072,0.0029,0.022,0.021,"HQZ116980",0
0.007,0.0179,11,0,0.018,0.02,0,0.143,22,0.008,0.0025,0.02,0.019,"HQD025890",0
0.007,0.0775,2,0,0.026,0.02,0,0.908,29,0.0193,0.0023,0.032,0.03,"HQX038730",0.001
0.004,0.0221,0,1,0.013,0.02,0,0.189,20,0.0085,0.0026,0.025,0.024,"HQC081030",0.001
0.004,0.0562,0,0,0.014,0.02,0,0.351,28,0.009,0.003,0.033,0.028,"HQH140410",0
0.005,0.0015,0,1,0.009,0.02,0,0.076,16,0.0091,0.0034,0.027,0.026,"HQZ051660",0.001
0.004,0.0427,0,10,0.01,0.02,0,0.186,21,0.0124,0.0034,0.028,0.028,"HQF063780",0
0.004,0.0363,0,0,0.014,0.02,0,0.191,15,0.0098,0.0034,0.02,0.019,"HQG141240",0
0.005,0.0573,0,0,0.012,0.02,0,0.79,25,0.012,0.0028,0.038,0.037,"HQF032110",0.001
0.005,0.0402,0,0,0.012,0.02,0,0.205,16,0.0075,0.0027,0.028,0.026,"HQA051050",0
0.005,0.0011,4,0,0.052,0.02,0,0.196,18,0.0426,0.0082,0.03,0.028,"HQB094780",0
0.005,0.1628,0,0,0.012,0.02,0,0.484,22,0.011,0.0039,0.029,0.026,"HQD078600",0
0.004,0.0014,0,0,0.02,0.02,0,0.077,14,0.0087,0.0047,0.031,0.029,"HQE037110",0.002
0.006,0.0719,0,0,0.021,0.02,0,0.244,107,0.0071,0.0034,0.029,0.028,"HQA095920",0
0.005,0.0362,0,0,0.019,0.02,0,0.185,19,0.0069,0.0034,0.039,0.037,"HQZ054540",0
0.004,0.0743,1,0,0.021,0.02,0,0.905,29,0.0199,0.0017,0.032,0.031,"HQJ163590",0.001
0.004,0.0394,0,0,0.008,0.02,0,0.196,19,0.0097,0.0027,0.028,0.026,"HQJ002050",0
0.005,0.0386,0,4,0.01,0.02,0,0.186,23,0.008,0.0028,0.035,0.034,"HQJ099530",0
0.004,0.1414,0,0,0.026,0.02,0,1.211,26,0.0125,0.0029,0.022,0.02,"HQC081050",0.001
0.004,0.0015,6,0,0.051,0.02,0,0.192,19,0.0462,0.0097,0.041,0.04,"HQJ067930",0.001
0.004,0.0021,0,1,0.015,0.02,0.01,0.096,17,0.0079,0.0031,0.037,0.035,"HQD104450",0.002
0.004,0.0409,0,0,0.012,0.02,0,0.211,26,0.0111,0.0031,0.029,0.027,"HQH148100",0
0.004,0.0429,0,0,0.011,0.02,0,0.212,23,0.011,0.0032,0.028,0.027,"HQJ004280",0
0.005,0.0367,0,0,0.018,0.01,0,0.18,22,0.0059,0.0035,0.02,0.019,"HQX002130",0
0.005,0.0387,0,0,0.02,0.02,0,0.192,16,0.0072,0.003,0.017,0.016,"HQF141390",0
0.006,0.0019,0,0,0.015,0.02,0,0.062,18,0.0083,0.004,0.028,0.027,"HQY002850",0.002
0.007,0.0423,0,2,0.016,0.02,0,0.189,14,0.0068,0.0032,0.028,0.026,"HQA159000",0
0.005,0.054,0,0,0.022,0.02,0,0.794,24,0.0093,0.0025,0.031,0.03,"HQF107900",0.001
0.005,0.0712,0,0,0.024,0.02,0,0.252,103,0.0101,0.0035,0.026,0.025,"HQB098040",0
0.004,0.0354,0,0,0.019,0.02,0,0.196,21,0.0071,0.003,0.027,0.025,"HQG144120",0
0.006,0.0796,3,0,0.027,0.02,0,0.885,30,0.0183,0.0023,0.024,0.023,"HQB101850",0.001
0.005,0.0303,0,0,0.019,0.03,0,0.197,16,0.0134,0.0029,0.024,0.022,"HQD126580",0
0.007,0.0016,0,2,0.019,0.05,0.02,0.152,14,0.0543,0.0043,0.031,0.029,"HQY134870",0
