"SLAB气","SLAB辨捞","SLAB吝樊","SLAB弥檬历厘困摹","楷林备盒","窜困郴鉴辑","乞闭TS","傈窜_沥沥LT","犁丰锅龋","SLAB锅龋"
1180,8520,19.65,"2GA","2楷林",24,342,0,"HQY130320","SQ53149 541"
1180,8680,20.02,"2GC","2楷林",11,306,0,"HQF139400","SQ72290 561"
1290,8550,21.56,"2GB","2楷林",46,355,0,"HQA009140","SQ56324 021"
1520,8890,25.99,"2GC","2楷林",8,278,11.6,"HQD037210","SQ65034 041"
1020,11480,22.89,"2GB","2楷林",28,344,0,"HQE138170","SQ69664 041"
1150,9190,20.66,"2GC","2楷林",89,421,0,"HQX040550","SQ49777 031"
1060,9370,19.42,"2GA","2楷林",83,332,0,"HQC138480","SQ64285 051"
1460,11850,33.28,"2GD","2楷林",11,254,12.7,"HQA154180","SQ58571 021"
1320,11700,29.71,"2GA","2楷林",1,307,6.9,"HQX065240","SQ50174 551"
1090,7580,15.89,"2GA","2楷林",62,305,7.1,"HQD140880","SQ66833 041"
1230,11760,27.6,"2GA","2楷林",35,276,9,"HQE118070","SQ69325 511"
1230,11620,27.27,"2GA","2楷林",32,281,10.4,"HQE118040","SQ69321 041"
1030,9980,20.1,"2GA","2楷林",93,452,0,"HQB011090","SQ59051 071"
1230,8640,19.87,"2GC","2楷林",64,307,9.4,"HQF163270","SQ72694 511"
1400,11670,31.94,"2GA","2楷林",1,275,0,"HQX011520","SQ49260 031"
1370,11480,30.75,"3GC","2楷林",60,274,0,"HQZ138340","SQ55549 031"
1160,11870,26.92,"3GC","2楷林",63,353,0,"HQJ131600","SQ80558 041"
1410,8210,22.27,"2GB","2楷林",21,331,11.2,"HQB098550","SQ60598 021"
1180,11480,26.48,"2GC","2楷林",39,291,0,"HQZ049290","SQ54142 511"
1210,9080,21.04,"2GB","2楷林",52,535,0,"HQA098750","SQ57788 021"
940,9000,16.54,"2GC","2楷林",61,329,0,"HQC030930","SQ62370 041"
1200,9070,21.28,"2GA","2楷林",83,331,0,"HQE119170","SQ69356 531"
1420,11690,31.67,"2GC","2楷林",51,288,14,"HQA044040","SQ56801 511"
1270,10950,26.75,"2GA","2楷林",13,324,13.7,"HQE038870","SQ67865 551"
1410,8220,22.3,"2GC","2楷林",14,292,15.7,"HQY117950","SQ52993 031"
1260,8180,20.15,"2GC","2楷林",52,335,0,"HQZ046960","SQ54112 031"
1240,11450,27.76,"2GC","2楷林",27,525,0,"HQD108340","SQ66319 531"
1120,10450,22.88,"2GC","2楷林",23,340,0,"HQG010400","SQ72897 051"
1260,9310,22.93,"2GB","2楷林",36,456,0,"HQX094350","SQ50572 521"
1430,11010,30.35,"2GC","2楷林",22,326,0,"HQZ032110","SQ53926 521"
1490,9830,27.67,"2GC","2楷林",51,252,5.2,"HQH033060","SQ76048 011"
1300,8750,21.54,"2GC","2楷林",9,302,8.2,"HQJ034100","SQ78839 011"
1220,11520,27.48,"2GC","2楷林",74,326,0,"HQZ116790","SQ55184 031"
1170,8960,20.49,"2GB","2楷林",12,358,0,"HQE100460","SQ69014 021"
1510,9690,27.68,"2GD","2楷林",3,280,11.4,"HQC093640","SQ63541 021"
1220,10900,26,"2GA","2楷林",15,338,0,"HQJ080390","SQ79630 531"
1400,11470,31.06,"2GD","2楷林",15,255,0,"HQA155000","SQ58627 511"
990,8880,17.19,"2GC","2楷林",81,452,0,"HQY007750","SQ51596 571"
1420,11850,32.37,"2GC","2楷林",16,298,13.5,"HQA070570","SQ57257 041"
1420,9370,25.6,"2GA","2楷林",3,281,7.6,"HQG050380","SQ73626 031"
1300,9110,22.43,"2GD","2楷林",81,492,7.5,"HQA162080","SQ58706 011"
1220,11850,27.81,"2GC","2楷林",59,287,3.1,"HQJ153440","SQ80970 041"
1450,9010,25.28,"2GC","2楷林",35,292,0,"HQA116600","SQ58016 011"
1050,11440,23.48,"2GA","2楷林",101,259,0,"HQX015210","SQ49287 051"
1380,11850,31.46,"2GA","2楷林",12,303,12.3,"HQC081130","SQ63301 031"
1110,11860,25.33,"2GB","2楷林",38,411,11.6,"HQD048250","SQ65215 041"
1070,9360,19.27,"2GC","2楷林",41,352,7.3,"HQD139240","SQ66809 521"
1270,11440,28.4,"2GC","2楷林",23,324,0,"HQH000780","SQ75529 011"
1280,11850,29.18,"2GA","2楷林",14,354,13.7,"HQB140610","SQ61407 061"
1290,10750,26.69,"2GB","2楷林",37,336,0,"HQJ093000","SQ79864 511"
1410,11660,31.63,"2GD","2楷林",28,287,8,"HQH008620","SQ75663 521"
1570,11400,34.99,"3GC","2楷林",4,329,0,"HQB132520","SQ61285 011"
1360,11160,29.2,"2GB","2楷林",6,333,3.1,"HQG090790","SQ74182 031"
900,11130,19.58,"2GA","2楷林",49,398,0,"HQF018190","SQ70310 061"
1020,11530,22.62,"2GC","2楷林",82,291,14.6,"HQD156260","SQ67084 021"
1160,11370,25.78,"2GD","2楷林",74,350,0,"HQY011180","SQ51655 041"
1410,10500,27.98,"2GA","2楷林",15,302,7,"HQF070610","SQ71059 511"
1270,11130,27.19,"2GA","2楷林",5,278,9,"HQZ138450","SQ55582 541"
1490,11860,33.72,"2GA","2楷林",27,256,13.7,"HQA041710","SQ56771 021"
1500,11840,34.17,"2GA","2楷林",6,278,13.8,"HQG042200","SQ73474 521"
1400,10600,29.01,"2GA","2楷林",10,254,0,"HQC138680","SQ64319 541"
1110,9740,21.14,"2GA","2楷林",54,330,0,"HQF056790","SQ70918 021"
1260,10970,27.02,"2GA","2楷林",22,293,0,"HQG152050","SQ75231 031"
1160,11510,25.48,"2GA","2楷林",41,257,11.9,"HQF090510","SQ71402 541"
1210,8220,19.44,"2GA","2楷林",62,334,0,"HQD000590","SQ64442 531"
1130,8740,19.31,"2GC","2楷林",25,546,0,"HQY097170","SQ52734 531"
1250,5750,14.05,"2GA","2楷林",90,338,0,"HQZ104050","SQ54994 041"
1510,11750,34.34,"2GB","2楷林",21,429,0,"HQC047190","SQ62687 011"
1070,8810,18.43,"2GA","2楷林",68,327,0,"HQX163400","SQ51440 521"
1430,10960,30.21,"2GB","2楷林",52,555,0,"HQX048160","SQ49897 521"
1290,10930,27.56,"2GB","2楷林",42,333,0,"HQF140640","SQ72335 031"
1390,7630,20.73,"2GA","2楷林",4,329,0,"HQB025030","SQ59292 531"
1290,10010,25.24,"3GC","2楷林",80,269,0,"HQZ038500","SQ54016 041"
940,10430,19.17,"3GC","2楷林",78,352,0,"HQF097530","SQ71553 531"
1070,7720,15.89,"2GC","2楷林",48,305,14.2,"HQZ104640","SQ54988 541"
1360,11790,30.85,"2GD","2楷林",77,532,7.4,"HQC145180","SQ64429 521"
1150,11610,25.53,"2GA","2楷林",74,293,0,"HQB034920","SQ59495 511"
1170,10860,24.24,"2GA","2楷林",42,336,12.8,"HQG005020","SQ72796 551"
1280,10570,26.03,"2GC","2楷林",43,335,12,"HQB050240","SQ59766 531"
1320,7890,20.36,"2GC","2楷林",18,345,0,"HQC108640","SQ63757 541"
1100,10680,22.97,"3GC","2楷林",91,301,0,"HQZ082570","SQ54595 551"
960,9100,17.08,"2GB","2楷林",51,356,0,"HQA068460","SQ57218 531"
1510,11670,34.45,"2GA","2楷林",5,348,0,"HQZ064370","SQ54348 041"
1340,8300,21.4,"2GA","2楷林",26,287,10.1,"HQZ130700","SQ55408 011"
950,10840,20.13,"2GA","2楷林",67,336,0,"HQC087710","SQ63440 021"
1450,7590,21.17,"2GC","2楷林",6,274,5.4,"HQY081880","SQ52545 021"
1000,10290,20.12,"2GB","2楷林",56,489,0,"HQJ109820","SQ80184 561"
1570,8680,26.22,"2GA","2楷林",11,271,7.8,"HQE024530","SQ67616 021"
1410,8220,22.3,"2GC","2楷林",13,293,15.7,"HQY117940","SQ52993 531"
1130,10010,22.11,"2GC","2楷林",42,328,0,"HQY027820","SQ51873 031"
1360,11800,31.37,"3GC","2楷林",49,332,0,"HQY089290","SQ52640 511"
1030,11160,22.47,"2GA","2楷林",85,359,0,"HQX150610","SQ51280 061"
1320,9680,24.58,"2GA","2楷林",5,305,7.7,"HQX065280","SQ50174 041"
1370,11290,30.24,"3GC","2楷林",61,325,0,"HQB134030","SQ61298 521"
1200,10330,24.23,"2GA","2楷林",75,286,0,"HQB038660","SQ59547 521"
1080,11020,22.9,"2GC","2楷林",75,326,15.5,"HQA137060","SQ58295 531"
1300,11470,29.15,"2GB","2楷林",88,502,0,"HQZ085210","SQ54628 041"
970,10350,19.63,"2GC","2楷林",63,328,0,"HQZ054300","SQ54194 571"
990,10590,20.17,"2GA","2楷林",84,270,13.8,"HQC094450","SQ63560 041"
1360,10630,27.81,"2GC","2楷林",20,310,9.5,"HQC108020","SQ63735 511"
1030,9690,19.51,"2GC","2楷林",83,330,0,"HQB071440","SQ60157 561"
1030,11820,23.42,"2GC","2楷林",86,313,11.7,"HQF135630","SQ72204 061"
1200,11820,27.06,"2GC","2楷林",23,299,8,"HQY125450","SQ53095 021"
1290,5930,14.96,"2GC","2楷林",26,423,0,"HQC111160","SQ63822 511"
1070,9140,19.12,"2GA","2楷林",57,269,0,"HQA029590","SQ56532 061"
1270,11270,27.98,"2GA","2楷林",15,275,0,"HQE116540","SQ69317 521"
1140,9730,21.34,"2GA","2楷林",77,305,6.1,"HQY020320","SQ51764 041"
1140,9700,20.99,"2GC","2楷林",31,304,13.2,"HQZ104470","SQ54986 511"
1560,11450,34.08,"2GC","2楷林",4,259,11.4,"HQC031090","SQ62379 021"
920,8710,15.67,"2GA","2楷林",69,414,0,"HQH157270","SQ78217 021"
990,10010,19.37,"2GA","2楷林",81,332,0,"HQD003730","SQ64514 051"
980,9690,18.57,"2GA","2楷林",70,330,0,"HQA071110","SQ57274 031"
1450,11720,32.69,"2GC","2楷林",36,246,11.2,"HQF133290","SQ72156 031"
1290,9190,23.18,"2GA","2楷林",8,327,0,"HQG080380","SQ74079 051"
1000,10910,20.46,"2GC","2楷林",87,272,6.8,"HQE058570","SQ68215 511"
1350,7640,19.84,"2GD","2楷林",39,462,3.8,"HQX117590","SQ50860 071"
1190,10900,24.53,"2GC","2楷林",48,312,12.8,"HQA067740","SQ57217 511"
1150,9430,20.86,"2GC","2楷林",70,331,6.5,"HQE019810","SQ67545 051"
1250,11720,27.84,"2GD","2楷林",53,312,9.5,"HQZ081450","SQ54594 521"
1270,10310,25.09,"2GB","2楷林",50,467,0,"HQJ036540","SQ78895 011"
1110,11850,25.3,"2GA","2楷林",49,300,7.9,"HQD083620","SQ65845 561"
1020,7630,15.21,"2L3","1楷林",83,335,0,"HQH009210","SP18609 541"
1250,11530,27.5,"2GD","2楷林",37,336,8,"HQH016900","SQ75802 021"
1140,10120,22.19,"2GA","2楷林",2,259,10.9,"HQE077850","SQ68572 521"
1030,9500,19.13,"2GA","2楷林",76,308,0,"HQA074250","SQ57312 051"
1090,9360,19.18,"2GA","2楷林",52,265,8.4,"HQG128160","SQ74807 011"
980,11770,22.55,"2GA","2楷林",98,296,0,"HQH057750","SQ76462 021"
1400,11870,32.49,"2GC","2楷林",3,309,0,"HQE116420","SQ69293 021"
950,10270,19.07,"2GA","2楷林",58,324,0,"HQF004390","SQ70116 021"
1170,9070,20.39,"2GB","2楷林",64,552,0,"HQA086370","SQ57589 511"
920,7510,13.51,"3GC","2楷林",65,303,0,"HQB113470","SQ60914 541"
1040,11730,23.47,"2GA","2楷林",67,325,4.9,"HQX147280","SQ51241 011"
1540,11720,34.38,"2GD","2楷林",7,254,6.9,"HQX133500","SQ51067 511"
1320,11370,28.87,"2GA","2楷林",37,301,7.2,"HQX065600","SQ50174 541"
1020,11700,22.96,"2GC","2楷林",89,291,7.3,"HQD023420","SQ64833 051"
1230,11720,28.18,"2GB","2楷林",21,452,0,"HQH131830","SQ77801 021"
1210,11150,26.38,"2GA","2楷林",24,338,0,"HQC032560","SQ62412 531"
1160,11780,26.29,"2GC","2楷林",76,312,11.6,"HQH060870","SQ76538 031"
1060,6610,13.5,"2GA","2楷林",89,331,0,"HQC138540","SQ64290 511"
1360,10590,27.71,"2GC","2楷林",7,276,9,"HQH039700","SQ76178 561"
1300,11850,29.63,"2GC","2楷林",2,316,11.2,"HQB142390","SQ61437 021"
1080,9330,19.38,"2GA","2楷林",110,338,3.1,"HQJ022070","SQ78645 551"
1070,8060,16.55,"2GC","2楷林",64,343,0,"HQF007650","SQ70153 011"
930,10710,19.47,"2GB","2楷林",96,494,0,"HQY091920","SQ52667 071"
1390,11790,31.53,"2GC","2楷林",55,323,13.3,"HQB088910","SQ60435 051"
1460,11620,32.37,"2GC","2楷林",41,262,5.8,"HQZ078230","SQ54543 541"
1170,11850,26.67,"2GC","2楷林",51,252,9.9,"HQE116900","SQ69309 021"
1210,11690,27.65,"2GB","2楷林",34,432,0,"HQA070750","SQ57270 561"
1130,9820,21.35,"2GC","2楷林",41,311,9.2,"HQE048910","SQ68013 551"
1290,10340,26.08,"2GA","2楷林",38,335,0,"HQB029340","SQ59380 011"
950,11100,20.62,"2GA","2楷林",64,397,0,"HQJ104230","SQ80105 561"
1160,11860,26.25,"2GA","2楷林",107,303,13.7,"HQA085640","SQ57581 061"
1250,11650,27.79,"2GA","2楷林",81,258,9.7,"HQF092120","SQ71419 541"
1490,9800,27.67,"2GC","2楷林",8,250,8.6,"HQG134620","SQ74932 011"
1250,11610,27.14,"2GD","2楷林",74,289,6.3,"HQH009120","SQ75668 521"
940,10770,19.79,"2GA","2楷林",79,400,0,"HQE085940","SQ68740 071"
1060,11760,24.14,"2GD","2楷林",27,319,0,"HQH061420","SQ76548 511"
1520,11740,34.33,"2GC","2楷林",17,253,9.2,"HQD153020","SQ67023 521"
1110,11010,23.89,"2GA","2楷林",56,345,0,"HQF034740","SQ70554 531"
1280,11640,28.43,"2GC","2楷林",50,289,13.7,"HQE137750","SQ69645 531"
1020,11650,23.23,"2GA","2楷林",94,299,0,"HQY127110","SQ53109 041"
1310,11620,29.76,"2GD","2楷林",50,365,0,"HQX056100","SQ50033 531"
1120,7480,16.38,"2GC","2楷林",45,437,0,"HQG108500","SQ74426 511"
1330,9650,25.09,"2GC","2楷林",29,426,0,"HQA084860","SQ57572 561"
1000,11520,22.52,"2GA","2楷林",92,295,0,"HQB035100","SQ59498 031"
1370,11850,31.23,"2GC","2楷林",15,275,10.4,"HQG057250","SQ73740 011"
1000,9780,19.12,"2GA","2楷林",43,327,0,"HQD145340","SQ66933 561"
1110,11560,25.09,"2GC","2楷林",44,471,0,"HQC120490","SQ63989 551"
1210,11610,27.02,"2GC","2楷林",31,281,6.4,"HQJ122050","SQ80404 551"
990,10140,19.63,"2GC","2楷林",69,330,0,"HQZ026370","SQ53862 561"
1270,11580,28.19,"2GA","2楷林",46,300,0,"HQA019350","SQ56465 511"
1380,11820,31.89,"2GD","2楷林",15,289,0,"HQB002520","SQ58894 021"
1380,10410,27.68,"2GD","2楷林",17,312,0,"HQX068080","SQ50241 011"
1370,11380,30.48,"2GA","2楷林",14,337,0,"HQZ049040","SQ54135 521"
1270,8270,20.2,"2GC","2楷林",5,276,6.3,"HQF159360","SQ72597 551"
1190,11610,26.56,"2GA","2楷林",42,294,0,"HQB034600","SQ59491 511"
1120,8900,19.05,"2GA","2楷林",60,269,0,"HQA029620","SQ56532 511"
1190,8790,20.12,"2GC","2楷林",50,314,10,"HQA067760","SQ57214 541"
1070,11120,22.89,"2GA","2楷林",45,300,9.2,"HQD041980","SQ65120 041"
1570,8820,26.64,"2GA","2楷林",22,305,6.7,"HQC114990","SQ63883 041"
1200,11510,26.35,"2GC","2楷林",18,297,7.5,"HQY125400","SQ53093 521"
1570,9650,29.62,"2GA","2楷林",10,324,0,"HQE103090","SQ69049 531"
1090,11400,24.29,"2GA","2楷林",58,274,0,"HQB003630","SQ58927 541"
1070,11870,24.83,"2GD","2楷林",90,304,0,"HQZ124250","SQ55324 541"
1060,9170,18.55,"2GB","2楷林",52,341,0,"HQC030840","SQ62387 021"
1090,11810,25.17,"3GC","2楷林",83,484,0,"HQE110830","SQ69199 531"
950,10820,20.1,"2GA","2楷林",63,337,0,"HQC087670","SQ63440 541"
1140,11760,25.58,"2GC","2楷林",73,273,6,"HQJ118160","SQ80341 031"
1370,8370,22.42,"2GA","2楷林",30,358,0,"HQB057350","SQ59885 051"
900,11720,20.29,"2GA","2楷林",96,561,5.2,"HQJ005160","SQ78411 521"
1250,8310,20.31,"2GC","2楷林",79,269,0,"HQJ114890","SQ80257 551"
1210,11410,26.56,"2GC","2楷林",96,273,7.5,"HQF159310","SQ72601 041"
1110,11750,25.5,"2GD","2楷林",82,351,0,"HQY011260","SQ51646 561"
1570,11400,34.43,"2GA","2楷林",37,304,14.4,"HQB083340","SQ60328 041"
1020,8420,16.52,"2GA","2楷林",78,301,12.2,"HQY126950","SQ53109 531"
1360,11800,30.87,"2GA","2楷林",12,322,3.6,"HQH111640","SQ77462 531"
1420,11850,32.37,"2GC","2楷林",31,300,9.2,"HQY008160","SQ51607 011"
1530,11560,33.75,"2GC","2楷林",12,257,15.7,"HQA135340","SQ58279 511"
1280,8810,21.52,"2GC","2楷林",37,299,6.3,"HQF067880","SQ71022 031"
1100,11810,25.4,"2GB","2楷林",22,527,0,"HQC088740","SQ63483 031"
1030,7610,15.32,"2GA","2楷林",69,353,0,"HQF013210","SQ70219 511"
1040,11720,23.45,"2GB","2楷林",50,325,12.9,"HQE138680","SQ69657 541"
1240,11850,28.73,"2GA","2楷林",40,267,0,"HQZ138800","SQ55589 521"
1570,11520,34.8,"2GC","2楷林",5,270,0,"HQY124360","SQ53076 511"
980,8520,16.06,"2GA","2楷林",70,315,11.2,"HQE076900","SQ68545 041"
1240,11850,28.73,"2GA","2楷林",34,270,0,"HQZ138740","SQ55589 021"
1290,10950,27.17,"2GA","2楷林",12,273,12.9,"HQA006070","SQ56210 021"
1170,8800,20.13,"2GA","2楷林",99,335,0,"HQY021470","SQ51781 051"
1170,10120,22.78,"2GA","2楷林",20,271,8.7,"HQF029490","SQ70467 541"
1570,11380,34.37,"2GA","2楷林",8,304,12.4,"HQD085680","SQ65889 041"
990,6550,12.68,"3GC","2楷林",43,331,0,"HQD011640","SQ64634 021"
1330,8970,22.59,"2GC","2楷林",23,295,11.4,"HQX162950","SQ51425 511"
1150,11640,25.75,"2GA","2楷林",60,284,13.6,"HQA084570","SQ57549 551"
1560,11450,34.36,"2GA","2楷林",4,257,10,"HQB109860","SQ60853 511"
1260,10660,26.26,"2GA","2楷林",55,329,0,"HQA149060","SQ58491 041"
1080,11310,23.88,"2GA","2楷林",89,272,0,"HQY157080","SQ53518 061"
1270,11690,29.02,"3GC","2楷林",3,313,0,"HQA034260","SQ56610 031"
1260,5930,14.61,"2GB","2楷林",49,431,0,"HQB113310","SQ60922 041"
1250,9220,21.82,"2GC","2楷林",33,332,14.4,"HQD046600","SQ65201 511"
1370,11640,30.72,"2GD","2楷林",17,459,0,"HQF101190","SQ71595 011"
1570,11340,34.81,"2GA","2楷林",4,273,0,"HQF012560","SQ70230 531"
1030,11860,23.88,"2GB","2楷林",54,352,0,"HQE058240","SQ68209 021"
1310,11770,29.66,"2GD","2楷林",59,343,5.9,"HQF066640","SQ70992 021"
1210,11230,26.14,"2GC","2楷林",30,271,8,"HQH040900","SQ76180 551"
1320,10300,26.58,"2GC","2楷林",15,343,0,"HQC108610","SQ63757 551"
1080,9060,19.13,"2GA","2楷林",98,331,0,"HQZ144590","SQ55666 541"
1030,11830,23.82,"2GB","2楷林",55,540,0,"HQY091510","SQ52661 521"
1090,10180,21.35,"2GA","2楷林",69,305,14.1,"HQD140950","SQ66836 541"
970,11660,21.76,"2GA","2楷林",62,323,9.4,"HQG027120","SQ73228 551"
1310,11560,29.61,"2GA","2楷林",38,444,0,"HQB009870","SQ59035 031"
1420,10380,28.35,"2GA","2楷林",32,341,8,"HQZ164320","SQ56019 031"
1500,9610,27.71,"3GC","2楷林",4,257,0,"HQE031950","SQ67750 511"
1300,11870,30.17,"2GA","2楷林",1,323,0,"HQF128030","SQ72062 551"
930,7120,12.95,"2GA","2楷林",110,445,0,"HQB011260","SQ59054 531"
940,11500,20.41,"2GC","2楷林",70,338,7,"HQF148480","SQ72438 011"
1070,9850,20.6,"2GA","2楷林",74,303,0,"HQD042300","SQ65136 011"
1350,9150,24.15,"2GB","2楷林",7,528,0,"HQA130380","SQ58241 041"
1360,10690,27.56,"2GA","2楷林",1,255,6.8,"HQJ143730","SQ80781 511"
1180,11770,27.15,"2GB","2楷林",24,448,0,"HQG082440","SQ74104 521"
1250,11650,27.79,"2GA","2楷林",22,259,10.8,"HQG100850","SQ74305 041"
1260,9430,23.04,"2GC","2楷林",16,300,7.6,"HQF055510","SQ70863 031"
970,8250,15.64,"2GA","2楷林",51,505,0,"HQJ149420","SQ80880 531"
1010,9440,18.64,"2GB","2楷林",49,335,0,"HQD011060","SQ64625 031"
950,10950,20.01,"2GC","2楷林",88,270,6.3,"HQE058590","SQ68217 531"
970,8280,15.45,"2GA","2楷林",60,325,11.1,"HQG027100","SQ73223 031"
1250,11870,29.01,"2GA","2楷林",67,339,0,"HQE135600","SQ69627 011"
1570,11380,34.37,"2GA","2楷林",16,254,7.4,"HQG073740","SQ74002 521"
1510,11190,32.5,"2GA","2楷林",15,272,7.5,"HQY035880","SQ51990 541"
1220,11710,27.93,"2GA","2楷林",3,314,0,"HQG127130","SQ74773 051"
1380,11850,31.46,"2GC","2楷林",48,298,7.4,"HQB132960","SQ61258 011"
1030,10210,20.56,"2GA","2楷林",91,309,0,"HQJ156210","SQ81021 551"
1220,9680,23.09,"2GB","2楷林",55,427,0,"HQB085280","SQ60390 061"
1220,11360,27.09,"2GB","2楷林",76,296,0,"HQG151240","SQ75233 551"
1320,10690,27.06,"2GD","2楷林",35,252,0,"HQA010940","SQ56343 011"
1110,11070,24.02,"2GC","2楷林",65,301,0,"HQZ104810","SQ54986 541"
1200,10690,24.68,"2GA","2楷林",100,310,1.7,"HQY005460","SQ51568 541"
1190,10900,24.95,"2GC","2楷林",41,343,4.1,"HQY112450","SQ52938 511"
1190,11230,25.58,"2GC","2楷林",51,451,0,"HQZ123040","SQ55302 511"
1270,9330,22.79,"2GC","2楷林",31,327,6.7,"HQF125350","SQ72023 511"
1170,11760,26.9,"2GA","2楷林",48,271,0,"HQB003530","SQ58925 551"
1040,11230,22.83,"2GA","2楷林",56,269,0,"HQH063000","SQ76591 061"
1480,8290,23.28,"2GA","2楷林",33,274,5.8,"HQF066380","SQ71010 011"
1420,11550,32.06,"2GA","2楷林",3,271,0,"HQF015380","SQ70238 521"
1520,10410,30.93,"2GA","2楷林",10,293,0,"HQC016050","SQ62103 041"
1040,11250,22.32,"2GD","2楷林",103,314,6.1,"HQA058960","SQ57068 031"
950,8590,15.79,"3GC","2楷林",91,287,0,"HQE056970","SQ68200 511"
1130,11850,25.76,"2GC","2楷林",107,278,12.6,"HQD155390","SQ67078 531"
1230,10550,24.96,"2GD","2楷林",46,485,0,"HQJ148720","SQ80867 011"
1570,9320,27.92,"2GA","2楷林",4,261,11.1,"HQJ067310","SQ79384 031"
1280,5590,13.99,"2GC","2楷林",30,344,0,"HQY032050","SQ51926 051"
910,7850,13.97,"2GC","2楷林",9,342,0,"HQX157940","SQ51370 521"
1000,11330,21.8,"2GA","2楷林",99,328,5.1,"HQY002730","SQ51550 521"
1160,10920,24.76,"2GC","2楷林",101,411,0,"HQZ042000","SQ54057 021"
980,8210,15.48,"2GA","2楷林",89,302,10.3,"HQE077090","SQ68553 541"
1290,7560,19.07,"2GC","2楷林",16,336,0,"HQY139540","SQ53258 051"
1230,11520,27.7,"2GC","2楷林",20,526,0,"HQE080720","SQ68698 021"
1270,8840,21.95,"2GC","2楷林",13,301,0,"HQY130210","SQ53143 041"
1210,11080,25.79,"2GA","2楷林",48,276,8.8,"HQE118200","SQ69325 531"
1370,10400,27.85,"2GB","2楷林",25,444,0,"HQZ093080","SQ54764 031"
1030,11310,22.77,"2GA","2楷林",88,305,0,"HQJ156180","SQ81021 511"
1530,9120,26.84,"2GC","2楷林",23,243,8.3,"HQY110270","SQ52900 551"
1370,11470,30.23,"2GC","2楷林",14,328,4.4,"HQH048800","SQ76322 031"
1100,9650,20.75,"2GA","2楷林",75,299,0,"HQB034930","SQ59495 041"
1270,9160,22.74,"2GA","2楷林",77,322,0,"HQF149280","SQ72479 551"
1330,11810,30.71,"2GC","2楷林",11,417,0,"HQX165590","SQ51469 071"
950,8500,15.79,"2GC","2楷林",88,286,0,"HQE056940","SQ68199 061"
1290,7610,19.19,"2GC","2楷林",25,336,0,"HQZ018740","SQ53846 551"
1110,7060,15.32,"2GA","2楷林",27,350,0,"HQY033050","SQ51942 531"
1160,11320,25.26,"2GC","2楷林",19,311,7.7,"HQE048690","SQ68009 031"
1240,11870,28.78,"2GA","2楷林",22,339,0,"HQE142010","SQ69770 521"
1090,11070,23.21,"2GC","2楷林",43,325,4.3,"HQY093780","SQ52700 531"
1240,11820,28.65,"2GA","2楷林",66,434,0,"HQY025310","SQ51850 031"
1570,7590,22.92,"2GD","2楷林",8,289,14.9,"HQC142950","SQ64370 041"
1350,11630,30.69,"2GD","2楷林",1,271,0,"HQF073710","SQ71125 011"
1430,9060,24.92,"2GD","2楷林",27,325,10.8,"HQZ133450","SQ55474 551"
1400,10690,28.56,"2GA","2楷林",14,317,11.3,"HQJ069720","SQ79425 541"
1420,11480,31.36,"2GA","2楷林",36,316,5.3,"HQX165840","SQ51458 521"
1400,10010,27.4,"2GA","2楷林",80,291,0,"HQY015580","SQ51728 041"
970,8080,15.32,"2GC","2楷林",53,355,0,"HQX136170","SQ51138 061"
1390,7820,21.02,"2GC","2楷林",30,345,0,"HQC108760","SQ63752 511"
970,10440,19.8,"2GA","2楷林",72,340,0,"HQJ053530","SQ79144 541"
1240,10880,26.38,"2GB","2楷林",65,531,0,"HQY009530","SQ51633 521"
1140,9720,21.32,"2GC","2楷林",24,305,11.7,"HQZ104400","SQ54984 031"
1190,11710,26.81,"2GA","2楷林",1,284,7.1,"HQG128840","SQ74822 531"
1270,11770,28.76,"2GA","2楷林",12,326,7.9,"HQF138410","SQ72274 531"
1240,5800,14.06,"2GA","2楷林",10,335,0,"HQB112540","SQ60903 061"
980,8520,16.06,"2GA","2楷林",57,317,11.7,"HQE076770","SQ68545 561"
1290,9220,22.88,"2GA","2楷林",13,329,9.9,"HQB062480","SQ59987 041"
970,11570,21.94,"2GC","2楷林",57,354,0,"HQX136210","SQ51138 511"
1180,11700,26.99,"3GC","2楷林",40,285,0,"HQZ049300","SQ54142 521"
1260,11290,27.81,"2GB","2楷林",80,517,0,"HQE073410","SQ68484 551"
1100,8030,17.27,"2GD","2楷林",64,424,0,"HQY055150","SQ52236 531"
1290,11120,27.61,"2GA","2楷林",1,290,0,"HQX067920","SQ50231 511"
1100,8870,19.07,"2GA","2楷林",46,373,0,"HQA056520","SQ57040 031"
1130,11280,24.92,"2GC","2楷林",36,540,0,"HQY097280","SQ52736 541"
1160,11520,26.13,"2GB","2楷林",58,429,0,"HQH000550","SQ75531 551"
1070,11480,24.01,"2GA","2楷林",66,329,0,"HQX163380","SQ51438 511"
1450,9520,26.56,"2GA","2楷林",3,283,3.2,"HQF117310","SQ71876 051"
1250,11850,28.96,"3GD","2楷林",45,304,0,"HQB019760","SQ59237 551"
1410,9420,25.97,"3GC","2楷林",36,428,0,"HQB048780","SQ59740 551"
1440,10140,27.7,"2GC","2楷林",9,273,8.9,"HQA039810","SQ56724 011"
1000,11500,22.48,"2GA","2楷林",57,364,0,"HQF053610","SQ70859 521"
1250,11680,28.09,"2GC","2楷林",77,305,8.1,"HQG035370","SQ73363 531"
1400,11700,32.02,"2GD","2楷林",8,298,0,"HQB061590","SQ59985 511"
1530,11680,34.1,"2GC","2楷林",5,261,16.6,"HQA135270","SQ58276 531"
1270,6140,15.24,"2GA","2楷林",15,361,0,"HQD010000","SQ64628 051"
1110,11170,24.24,"2GB","2楷林",84,553,0,"HQA117090","SQ58031 561"
1320,8770,22.27,"2GC","2楷林",26,293,9.2,"HQA106730","SQ57876 541"
960,7610,14.28,"2GA","2楷林",88,304,0,"HQY127050","SQ53110 061"
950,10280,19.09,"2GA","2楷林",45,324,0,"HQJ150520","SQ80944 561"
1390,9730,26.44,"2GA","2楷林",31,344,0,"HQD074440","SQ65708 521"
1070,11250,22.97,"2GC","2楷林",92,298,12.8,"HQY126140","SQ53102 021"
950,10560,19.61,"2GA","2楷林",43,341,0,"HQZ045980","SQ54099 531"
1390,8330,22.27,"2GC","2楷林",25,331,8.8,"HQB089430","SQ60437 031"
980,11250,21.21,"2GA","2楷林",62,314,14.4,"HQX137690","SQ51153 021"
1480,9010,25.65,"2GC","2楷林",18,327,11.2,"HQZ046620","SQ54092 551"
1290,9050,22.82,"2GA","2楷林",8,323,0,"HQG081030","SQ74081 531"
1330,11740,30.53,"2GB","2楷林",46,311,0,"HQY053740","SQ52220 521"
930,8730,15.87,"2GA","2楷林",50,308,0,"HQJ144230","SQ80815 511"
1430,10160,27.72,"2GA","2楷林",21,348,13.1,"HQC133070","SQ64191 051"
1390,10860,29.51,"2GA","2楷林",50,334,0,"HQD074630","SQ65705 011"
980,8210,15.48,"2GA","2楷林",88,302,10.4,"HQE077080","SQ68553 531"
1190,10730,24.96,"2GC","2楷林",60,507,0,"HQH086370","SQ77043 551"
960,11750,22.05,"2GC","2楷林",104,364,0,"HQF136760","SQ72233 541"
1560,6470,19.73,"2GC","2楷林",7,477,0,"HQJ049300","SQ79077 551"
1290,11700,29.51,"2GC","2楷林",60,333,0,"HQY119490","SQ53018 521"
1380,11230,30.3,"2GA","2楷林",3,257,0,"HQZ095630","SQ54800 551"
1130,10050,22.2,"2GA","2楷林",20,333,0,"HQE100540","SQ69025 051"
1000,9960,19.16,"2GA","2楷林",46,329,10.1,"HQF129070","SQ72097 061"
1270,11670,28.97,"2GC","2楷林",95,315,0,"HQA067220","SQ57208 531"
1240,9580,23.22,"2GA","2楷林",22,422,0,"HQZ095820","SQ54819 551"
910,10180,18.11,"2GC","2楷林",36,343,0,"HQX157050","SQ51364 011"
1090,10930,22.92,"2GA","2楷林",78,340,11.8,"HQA081560","SQ57452 521"
1180,10010,23.09,"2GA","2楷林",65,357,0,"HQG036110","SQ73359 551"
1130,7420,16.39,"2GB","2楷林",34,436,0,"HQB113160","SQ60926 561"
1370,9570,25.16,"2GB","2楷林",8,523,0,"HQY153030","SQ53484 011"
1290,8950,22.57,"2GA","2楷林",6,325,0,"HQX030150","SQ49558 011"
1320,7850,19.77,"2GC","2楷林",9,289,10.1,"HQE008760","SQ67335 531"
1290,9180,22.78,"2GA","2楷林",17,323,12.6,"HQB030230","SQ59393 521"
1220,10640,25.38,"2L3","1楷林",88,324,0,"HQZ087870","SP01735 551"
1460,11360,31.21,"2GC","2楷林",5,270,12,"HQE052780","SQ68098 011"
1160,11840,26.21,"2GA","2楷林",89,256,14.1,"HQF092200","SQ71423 041"
1090,8110,17.28,"2GC","2楷林",12,528,0,"HQC091920","SQ63512 021"
1100,10350,22.26,"2GC","2楷林",92,428,0,"HQY137780","SQ53240 031"
1100,9330,20.06,"2GA","2楷林",52,349,0,"HQA007810","SQ56273 061"
1290,9310,23.48,"2GB","2楷林",59,327,0,"HQA133450","SQ58274 021"
960,11150,20.93,"2GA","2楷林",74,317,0,"HQD145650","SQ66905 521"
970,8330,15.54,"2GA","2楷林",73,323,7.8,"HQJ082250","SQ79650 561"
1340,11570,29.58,"2GC","2楷林",83,253,7.6,"HQA047780","SQ56878 031"
1070,11500,23.67,"2GC","2楷林",37,270,12.8,"HQG165470","SQ75435 551"
1110,10780,23.02,"2GA","2楷林",83,347,9.4,"HQZ065150","SQ54352 551"
1220,11760,27.15,"2GC","2楷林",1,292,8,"HQH094410","SQ77162 511"
1320,11770,29.89,"2GC","2楷林",56,341,7.9,"HQD043500","SQ65143 031"
1260,8760,21.58,"2GB","2楷林",37,355,0,"HQY089170","SQ52628 531"
1290,10750,27.11,"2GC","2楷林",2,467,0,"HQY073410","SQ52440 031"
1270,7120,17.68,"2GA","2楷林",7,329,0,"HQG036490","SQ73390 011"
1400,11760,32.19,"3GC","2楷林",27,312,0,"HQF140490","SQ72336 531"
1510,11830,34.08,"2GC","2楷林",4,277,15,"HQC037580","SQ62493 021"
1210,9530,22.18,"2GC","2楷林",43,266,8,"HQE116820","SQ69304 531"
1550,11530,34.1,"2GA","2楷林",15,272,7.2,"HQH004570","SQ75597 531"
1410,9720,26.79,"2GB","2楷林",13,513,0,"HQZ063790","SQ54338 531"
1030,11010,21.64,"2GC","2楷林",73,293,8.9,"HQH095130","SQ77177 511"
1540,11000,32.59,"2GA","2楷林",5,267,8.5,"HQA030870","SQ56551 041"
1320,10240,26.43,"2GA","2楷林",69,337,0,"HQB133170","SQ61260 011"
1410,9550,25.69,"2GD","2楷林",39,257,8.9,"HQY090180","SQ52635 031"
1000,8550,16.45,"2GC","2楷林",42,301,10.1,"HQY115630","SQ52978 521"
1280,11100,27.33,"2GA","2楷林",18,289,12.2,"HQX003670","SQ49075 551"
1240,9010,21.84,"2GB","2楷林",58,339,0,"HQC094190","SQ63546 011"
1080,9860,20.49,"2GA","2楷林",90,335,5.3,"HQY002640","SQ51546 511"
990,6550,12.68,"3GC","2楷林",42,330,0,"HQD011630","SQ64634 531"
1110,11010,23.89,"2GC","2楷林",62,285,0,"HQE048500","SQ68066 041"
1380,8370,22.58,"2GA","2楷林",2,303,0,"HQE065760","SQ68356 041"
1290,11750,29.63,"2GA","2楷林",66,330,0,"HQD029800","SQ64944 021"
1190,11680,27.17,"2GC","2楷林",74,273,0,"HQZ121730","SQ55275 531"
1250,9550,22.96,"2GA","2楷林",60,305,3,"HQY020150","SQ51760 041"
1260,11440,28.18,"2GD","2楷林",20,459,0,"HQF101220","SQ71601 031"
1190,10140,23.21,"2GA","2楷林",32,267,15.6,"HQB118710","SQ60996 541"
1260,9230,22.37,"2GC","2楷林",25,297,6.4,"HQF055600","SQ70865 031"
1400,11200,30.65,"2GC","2楷林",36,324,0,"HQZ031330","SQ53926 031"
940,9680,17.79,"2GA","2楷林",65,331,0,"HQE053970","SQ68162 551"
1500,11480,32.86,"2GA","2楷林",9,255,7.7,"HQB153490","SQ61556 531"
1500,9590,27.67,"2GA","2楷林",23,262,11,"HQE080410","SQ68655 041"
1030,9670,19.47,"2GB","2楷林",70,328,0,"HQB036750","SQ59522 561"
990,10270,19.88,"3GC","2楷林",74,319,0,"HQC029480","SQ62357 061"
1560,11440,34.33,"2GA","2楷林",2,251,9.9,"HQB152460","SQ61552 521"
1280,6790,16.99,"2GD","2楷林",49,508,0,"HQJ110390","SQ80192 061"
1500,11840,33.89,"2GA","2楷林",3,260,10.8,"HQZ042090","SQ54051 031"
1410,11320,31.2,"2GA","2楷林",1,287,0,"HQA077290","SQ57363 041"
1220,8110,19.34,"2GC","2楷林",59,535,0,"HQD105010","SQ66227 521"
1310,11530,29.53,"2GA","2楷林",37,450,0,"HQB009860","SQ59035 521"
1390,8040,21.85,"2GA","2楷林",49,338,0,"HQD074620","SQ65706 021"
1110,11050,23.98,"2L3","1楷林",45,321,0,"HQF117250","SP15325 031"
1260,8280,20.15,"2GC","2楷林",39,546,0,"HQX067330","SQ50210 521"
1420,11840,32.34,"2GA","2楷林",88,300,7.6,"HQC045750","SQ62645 031"
1210,11460,27.11,"2GA","2楷林",18,297,0,"HQD018480","SQ64758 531"
1440,9330,25.85,"2GC","2楷林",20,322,11.2,"HQG138390","SQ74979 531"
1070,11100,23.22,"2GA","2楷林",86,262,0,"HQZ096460","SQ54812 061"
1260,9430,22.86,"2GC","2楷林",17,301,7.6,"HQF055520","SQ70860 061"
1440,10000,27.7,"2GA","2楷林",10,270,6.1,"HQJ085330","SQ79688 541"
1240,9180,21.9,"2GA","2楷林",63,325,0,"HQX019070","SQ49371 011"
1060,7810,15.96,"2GA","2楷林",87,345,0,"HQZ065190","SQ54355 521"
1110,11530,25.02,"2GC","2楷林",82,449,0,"HQZ124170","SQ55302 031"
1250,10490,25.22,"2GA","2楷林",36,308,9.3,"HQC042530","SQ62597 041"
1130,10010,22.11,"2GC","2楷林",34,332,0,"HQY018940","SQ51749 041"
1000,11690,22.49,"2GC","2楷林",67,353,6.9,"HQF098210","SQ71546 511"
1400,10120,27.2,"2GC","2楷林",42,323,0,"HQZ077430","SQ54518 011"
920,8030,14.44,"2GA","2楷林",72,333,0,"HQX161810","SQ51421 551"
1270,7360,18.27,"2GB","2楷林",61,331,0,"HQB133090","SQ61264 071"
1570,11400,34.43,"2GA","2楷林",9,304,8.6,"HQB083060","SQ60328 511"
1180,6330,14.6,"2GB","2楷林",62,425,0,"HQX055330","SQ50031 571"
1000,9390,17.9,"2GA","2楷林",53,454,0,"HQD016700","SQ64739 021"
1120,11590,24.77,"2GC","2楷林",38,279,13.3,"HQE009770","SQ67342 551"
1350,11850,31.28,"2GC","2楷林",20,318,0,"HQZ041190","SQ54030 021"
1160,11280,25.17,"2GC","2楷林",23,311,3.6,"HQH058020","SQ76487 541"
1190,8840,20.22,"3GC","2楷林",61,335,0,"HQE019720","SQ67545 531"
1260,9370,23.08,"2GC","2楷林",35,332,0,"HQA099220","SQ57799 051"
1380,10470,27.94,"2GA","2楷林",1,330,0,"HQA059630","SQ57090 511"
1220,11840,27.56,"2GC","2楷林",80,293,11.5,"HQD147290","SQ66942 041"
940,8660,15.66,"2GC","2楷林",53,306,10.7,"HQG163160","SQ75398 521"
1390,11120,29.73,"2GB","2楷林",53,330,12.5,"HQB087260","SQ60414 521"
1420,11850,32.37,"2GD","2楷林",33,299,5,"HQX146940","SQ51226 531"
1130,8750,18.99,"2GB","2楷林",68,531,0,"HQY124990","SQ53092 021"
1110,11330,24.59,"2GC","2楷林",66,267,0,"HQZ123190","SQ55279 531"
1390,10770,28.8,"2GC","2楷林",11,340,10.4,"HQC107930","SQ63751 541"
960,10400,19.21,"2GA","2楷林",56,330,8.3,"HQF003430","SQ70123 041"
1270,9410,22.63,"2GC","2楷林",45,418,11.9,"HQG057550","SQ73772 011"
1300,11850,30.12,"2GA","2楷林",1,324,0,"HQF121510","SQ71973 551"
1190,10140,23.21,"2GA","2楷林",31,267,15.5,"HQB118700","SQ60996 051"
1510,11840,34.39,"2GA","2楷林",14,265,8.1,"HQE024560","SQ67622 511"
1050,7610,15.62,"2GA","2楷林",76,444,0,"HQE012210","SQ67396 571"
1060,10940,22.67,"2GC","2楷林",45,334,0,"HQC029960","SQ62352 551"
1570,11380,34.37,"2GC","2楷林",7,305,8.7,"HQZ066750","SQ54379 041"
1510,11830,34.08,"2GA","2楷林",10,303,12.9,"HQF138980","SQ72297 011"
1430,11630,31.77,"2GA","2楷林",43,274,6.8,"HQE093980","SQ68888 511"
1350,11520,30.4,"2GA","2楷林",47,266,0,"HQX157730","SQ51380 541"
1380,11840,31.94,"2GA","2楷林",88,277,0,"HQC053450","SQ62805 531"
940,10080,18.23,"2GC","2楷林",39,301,12.3,"HQA006350","SQ56209 041"
1110,10960,23.78,"2GA","2楷林",75,358,0,"HQB014270","SQ59101 551"
1090,11150,23.76,"2GD","2楷林",83,275,0,"HQC005730","SQ61641 061"
910,10470,18.63,"2GC","2楷林",54,334,0,"HQX158390","SQ51366 081"
1360,7720,20.2,"2GA","2楷林",15,454,7.7,"HQE063390","SQ68306 551"
1490,8950,26.07,"2GA","2楷林",33,318,0,"HQG129590","SQ74854 031"
1020,11530,22.99,"2GA","2楷林",79,337,0,"HQX110170","SQ50770 531"
1400,11870,32.49,"2GC","2楷林",24,315,0,"HQZ064560","SQ54344 031"
960,9830,18.45,"2GA","2楷林",32,328,0,"HQY102890","SQ52803 561"
1510,11680,34.48,"2GA","2楷林",2,307,0,"HQC114790","SQ63890 041"
1270,11270,27.98,"3GC","2楷林",2,303,0,"HQJ108180","SQ80158 521"
1080,11210,23.29,"2GC","2楷林",62,342,15.8,"HQE131390","SQ69542 521"
1160,11660,25.47,"2GA","2楷林",40,256,5.9,"HQG127540","SQ74802 511"
1310,10560,27.04,"3GC","2楷林",64,312,0,"HQC034770","SQ62455 531"
1530,10720,31.3,"2GC","2楷林",14,255,10,"HQZ071980","SQ54438 021"
1570,9250,27.71,"2GC","2楷林",7,252,12.9,"HQD036650","SQ65011 521"
970,8250,15.39,"2GA","2楷林",44,323,8.4,"HQJ082740","SQ79650 021"
1080,11620,24.08,"2GA","2楷林",1,336,0,"HQG005340","SQ72803 511"
1100,7600,16.34,"2GA","2楷林",78,359,0,"HQY007720","SQ51610 551"
1490,10490,30.56,"3GC","2楷林",7,327,0,"HQY093960","SQ52689 031"
1310,11780,30.17,"3GC","2楷林",9,301,0,"HQB012890","SQ59078 031"
1500,11080,31.29,"2GA","2楷林",30,323,13.9,"HQZ064620","SQ54339 021"
1140,11850,25.78,"2GC","2楷林",42,304,14.8,"HQZ104580","SQ54984 021"
1530,11680,34.1,"2GC","2楷林",6,295,7.2,"HQJ083400","SQ79669 551"
1070,11120,22.89,"2GA","2楷林",1,300,8,"HQD042310","SQ65120 021"
1190,8570,19.94,"2GA","2楷林",52,350,0,"HQE050810","SQ68070 031"
1090,8110,17.28,"2GC","2楷林",23,531,0,"HQC092030","SQ63514 581"
1090,8250,17.58,"2GB","2楷林",56,326,0,"HQB104170","SQ60693 011"
1180,9620,21.84,"2GA","2楷林",23,331,12.7,"HQA141640","SQ58377 021"
1510,6930,20.13,"2GA","2楷林",2,275,2.2,"HQH028210","SQ75972 531"
1410,9840,27.12,"2GA","2楷林",17,327,0,"HQY045760","SQ52113 021"
1570,9220,27.62,"2GA","2楷林",4,268,11.3,"HQD094680","SQ66073 061"
1000,8180,15.74,"2GA","2楷林",79,304,14.8,"HQB115280","SQ60954 551"
1290,9070,22.87,"2GB","2楷林",32,340,0,"HQY024970","SQ51823 041"
1290,9170,23.13,,"2楷林",32,327,0,"HQD122420","SQ66514 031"
1480,8150,22.97,"2GA","2楷林",8,273,9.5,"HQC119210","SQ63950 521"
1250,9280,22.68,"2GA","2楷林",38,351,0,"HQF020660","SQ70331 511"
1260,10180,25.08,"2GC","2楷林",36,326,0,"HQE059120","SQ68227 051"
970,11040,20.43,"2GC","2楷林",65,337,2.9,"HQF148430","SQ72430 571"
1080,11270,23.8,"2GA","2楷林",63,328,0,"HQG099050","SQ74294 031"
1380,11670,30.98,"2GA","2楷林",79,276,6.2,"HQG077590","SQ74038 051"
1050,11770,24.16,"2GC","2楷林",84,440,0,"HQZ124190","SQ55305 071"
1520,10290,30.58,"2GA","2楷林",4,329,0,"HQC061970","SQ62973 531"
1090,10840,23.1,"2GA","2楷林",99,301,0,"HQD140250","SQ66836 021"
1230,10350,24.58,"2GB","2楷林",40,431,0,"HQA005500","SQ56202 521"
1500,11840,33.89,"2GA","2楷林",18,254,7.8,"HQB153580","SQ61556 031"
1310,9510,23.97,"2GC","2楷林",4,276,3.8,"HQJ019460","SQ78609 031"
1260,9210,22.32,"2GA","2楷林",19,319,11.1,"HQD058430","SQ65414 021"
1270,8970,22.27,"2GC","2楷林",2,301,0,"HQZ082790","SQ54588 061"
1050,9230,18.59,"2GB","2楷林",45,335,0,"HQD011020","SQ64625 521"
1250,9430,23.04,"2GB","2楷林",45,523,0,"HQZ046890","SQ54117 031"
1450,10430,29.57,"2GA","2楷林",5,319,0,"HQC092470","SQ63528 041"
1270,10760,26.29,"2GC","2楷林",10,314,7.9,"HQA067360","SQ57208 511"
1260,11290,27.81,"2GA","2楷林",26,283,0,"HQZ128320","SQ55416 541"
1240,11700,27.91,"2GC","2楷林",88,308,11.9,"HQA141340","SQ58363 011"
1150,11870,26.69,"2GC","2楷林",84,296,0,"HQZ082500","SQ54592 521"
950,9190,17.07,"2GC","2楷林",110,328,0,"HQX114520","SQ50824 511"
1170,10090,22.32,"2GA","2楷林",46,266,9,"HQJ098510","SQ79944 511"
1030,6460,13.01,"2GA","2楷林",96,450,0,"HQB011120","SQ59051 571"
1190,9040,21.03,"2GC","2楷林",27,450,0,"HQY057080","SQ52247 071"
920,10260,18.45,"2GA","2楷林",40,415,0,"HQH157730","SQ78217 041"
1290,10340,26.08,"2GA","2楷林",39,336,0,"HQB029350","SQ59380 511"
1250,11710,28.62,"3GC","2楷林",2,279,0,"HQF086710","SQ71335 031"
1130,10090,22.29,"2GA","2楷林",99,444,0,"HQH154890","SQ78163 051"
1450,9110,25.47,"2GB","2楷林",22,445,0,"HQB114710","SQ60945 511"
1300,10990,27.48,"2GA","2楷林",1,273,3.8,"HQJ085240","SQ79697 551"
1280,7600,19.02,"2GA","2楷林",42,321,0,"HQZ026100","SQ53857 561"
1460,9530,26.77,"2GA","2楷林",7,299,6.5,"HQY010500","SQ51656 051"
1270,10480,25.1,"2GA","2楷林",85,308,9.3,"HQZ040190","SQ54043 511"
990,6570,12.72,"2GC","2楷林",15,333,0,"HQD011360","SQ64637 111"
1290,10600,26.73,"2GB","2楷林",38,342,0,"HQA108390","SQ57912 521"
960,10750,19.85,"2GC","2楷林",56,330,9.2,"HQA105740","SQ57868 521"
1190,11770,27.38,"2GA","2楷林",40,265,0,"HQB117450","SQ60999 541"
1350,11760,30.54,"2GD","2楷林",36,304,8.5,"HQB021710","SQ59234 541"
1040,10790,21.59,"2GC","2楷林",73,324,9.2,"HQA034960","SQ56621 021"
1290,9100,22.95,"2GA","2楷林",68,326,0,"HQD122780","SQ66504 521"
1340,8080,20.83,"2GC","2楷林",31,278,10.4,"HQF087000","SQ71333 541"
1180,11610,25.91,"2GA","2楷林",77,304,8.5,"HQY135370","SQ53214 511"
1000,9700,18.96,"2GA","2楷林",87,293,0,"HQY015650","SQ51728 561"
930,8490,15.44,"2GA","2楷林",77,336,0,"HQD144880","SQ66918 541"
950,11870,22.05,"2GA","2楷林",66,336,0,"HQZ046210","SQ54099 021"
1340,7750,19.98,"2GC","2楷林",30,278,10.4,"HQF086990","SQ71333 551"
1040,11760,23.91,"2GA","2楷林",93,326,0,"HQE095750","SQ68944 021"
1060,11360,22.84,"2GD","2楷林",52,307,8,"HQH147360","SQ78078 011"
1390,9090,24.04,"2GC","2楷林",9,270,6.5,"HQF162230","SQ72654 511"
1290,10480,26.43,"2GA","2楷林",31,335,0,"HQC116640","SQ63911 551"
1140,5830,12.99,"2GA","2楷林",76,458,0,"HQB010920","SQ59049 061"
980,11550,21.77,"2GB","2楷林",75,332,9.4,"HQZ020040","SQ53841 051"
940,9860,18.12,"2GA","2楷林",60,392,0,"HQE084960","SQ68743 521"
1420,11630,32.29,"2GA","2楷林",23,315,0,"HQX165710","SQ51456 021"
1550,9440,27.92,"2GA","2楷林",8,257,8.2,"HQD065590","SQ65545 531"
900,9880,17.38,"2GA","2楷林",70,335,0,"HQZ039200","SQ54005 061"
1190,10550,24.15,"2GC","2楷林",72,480,18.2,"HQH089830","SQ77071 041"
1110,11050,23.98,"2GA","2楷林",52,326,0,"HQJ121740","SQ80388 051"
1210,11850,27.58,"2GC","2楷林",52,304,12.9,"HQB012700","SQ59069 511"
1100,11750,24.66,"2GC","2楷林",58,290,8.8,"HQH094980","SQ77167 051"
960,9640,18.09,"2GA","2楷林",66,343,0,"HQD102110","SQ66180 541"
1570,11380,34.09,"2GA","2楷林",19,264,5.4,"HQX046040","SQ49832 021"
1030,9500,19.13,"2GA","2楷林",1,308,0,"HQA073500","SQ57312 041"
1240,11600,27.45,"2GD","2楷林",61,306,13.9,"HQF125040","SQ72012 071"
1530,11680,34.1,"2GD","2楷林",3,269,7.9,"HQX163540","SQ51441 521"
910,10470,18.63,"2GC","2楷林",52,335,0,"HQX158370","SQ51366 561"
1100,11340,24.39,"2GA","2楷林",106,327,0,"HQX020230","SQ49378 511"
1510,11070,32.03,"2GC","2楷林",7,470,0,"HQX023970","SQ49456 021"
1260,11040,26.76,"2GC","2楷林",69,519,9.9,"HQC123110","SQ64045 531"
1080,10040,21.2,"2GD","2楷林",98,327,0,"HQY028380","SQ51872 521"
1350,10570,27.45,"2GA","2楷林",72,256,10.8,"HQF092010","SQ71417 521"
1130,11800,25.44,"2GA","2楷林",19,258,8,"HQJ098880","SQ79944 551"
950,9240,17.16,"2GA","2楷林",77,361,0,"HQX093110","SQ50564 581"
1190,9060,21.08,"2GB","2楷林",23,422,0,"HQJ069810","SQ79444 531"
1360,10850,28.85,"2GC","2楷林",79,320,0,"HQY089590","SQ52638 051"
1040,10870,22.1,"2GB","2楷林",65,335,0,"HQA027540","SQ56498 521"
1180,11670,26.49,"2GA","2楷林",69,304,6.1,"HQY135290","SQ53209 561"
1290,8970,22.26,"2GA","2楷林",31,322,12.3,"HQB030370","SQ59384 511"
1080,11210,23.29,"2GC","2楷林",55,346,15.2,"HQE131320","SQ69539 551"
1070,11250,22.97,"2GD","2楷林",81,299,8.3,"HQZ055370","SQ54212 561"
1110,11840,25.08,"2GA","2楷林",1,257,11.7,"HQF008560","SQ70162 051"
1190,9830,22.87,"2GC","2楷林",22,451,0,"HQY007160","SQ51590 531"
1540,8790,26.46,"2GA","2楷林",41,324,0,"HQC016360","SQ62142 011"
1440,9330,25.85,"2GA","2楷林",4,315,9,"HQH025020","SQ75899 011"
1380,11360,30.16,"2GC","2楷林",44,328,9,"HQD062350","SQ65492 041"
1510,9930,28.84,"2GA","2楷林",53,304,9.4,"HQC115300","SQ63890 031"
1450,10630,30.13,"3GC","2楷林",6,464,0,"HQX023960","SQ49456 041"
1150,9590,21.09,"2GA","2楷林",41,327,0,"HQJ102510","SQ80058 511"
1380,11740,31.67,"2GC","2楷林",55,491,0,"HQF092990","SQ71433 521"
940,9190,16.89,"2GC","2楷林",66,342,0,"HQC030980","SQ62365 531"
1050,6810,13.98,"2GC","2楷林",37,343,0,"HQA019850","SQ56472 061"
1300,9280,23.59,"2GA","2楷林",88,326,0,"HQD128770","SQ66618 031"
1380,11610,30.82,"2GD","2楷林",41,287,6.9,"HQH108000","SQ77402 541"
1180,10010,23.09,"2GA","2楷林",67,358,0,"HQG036130","SQ73359 541"
1280,9060,22.67,"2GD","2楷林",21,335,0,"HQX140250","SQ51168 031"
1080,9040,19.09,"2GA","2楷林",68,331,0,"HQZ144290","SQ55669 531"
1370,9240,24.75,"2GD","2楷林",8,505,0,"HQC127280","SQ64090 531"
1330,8490,21.72,"2GC","2楷林",38,326,6.3,"HQA120590","SQ58060 541"
1410,11670,31.65,"2GC","2楷林",34,300,7.5,"HQH079120","SQ76892 041"
1420,7960,22.1,"2GC","2楷林",13,299,0,"HQY128140","SQ53135 041"
1100,10360,21.92,"2GB","2楷林",71,326,9.1,"HQA075860","SQ57349 041"
1170,8760,20.04,"2GB","2楷林",1,523,0,"HQA086910","SQ57587 531"
1170,7930,17.83,"2GC","2楷林",77,292,0,"HQA116250","SQ58018 511"
1330,11810,30.71,"2GA","2楷林",11,509,0,"HQH154010","SQ78175 031"
1010,11660,22.68,"2GB","2楷林",88,334,0,"HQG143210","SQ75069 521"
1070,11860,24.81,"3GC","2楷林",44,267,0,"HQG165540","SQ75435 531"
1430,7860,21.97,"2GB","2楷林",12,436,0,"HQZ088770","SQ54674 031"
1570,9180,27.73,"2GA","2楷林",9,283,11.3,"HQZ114040","SQ55142 521"
1430,10490,29.33,"2GC","2楷林",10,432,0,"HQA084670","SQ57560 031"
1410,10090,27.08,"2GC","2楷林",11,322,8.3,"HQX068830","SQ50239 521"
1080,11870,25.06,"3GC","2楷林",41,271,0,"HQE056470","SQ68194 531"
1390,5690,15.46,"2GC","2楷林",38,337,0,"HQA069240","SQ57235 561"
1100,8630,18.56,"2GA","2楷林",64,330,0,"HQD018950","SQ64770 071"
1220,9730,22.84,"2GB","2楷林",63,550,16,"HQC002300","SQ61589 541"
1130,11510,24.82,"2GC","2楷林",21,286,8.9,"HQF096420","SQ71536 521"
1180,11400,26.3,"3GC","2楷林",58,302,0,"HQF138870","SQ72290 551"
1000,8030,15.45,"2GA","2楷林",78,305,14.8,"HQB115270","SQ60954 041"
1160,11860,26.9,"2GD","2楷林",80,351,0,"HQY011240","SQ51644 531"
990,11350,21.62,"2GA","2楷林",51,322,8.7,"HQD030510","SQ64931 071"
1160,11840,26.21,"2GA","2楷林",90,256,12,"HQF092210","SQ71423 031"
1100,9260,19.91,"2GA","2楷林",18,365,0,"HQH061330","SQ76557 021"
1380,11860,31.49,"2GA","2楷林",24,265,12.4,"HQZ135040","SQ55503 021"
1460,11040,31.51,"2GD","2楷林",17,253,0,"HQA154240","SQ58571 541"
970,11660,21.76,"2GA","2楷林",86,323,8.9,"HQG028170","SQ73228 541"
1520,10460,30.57,"2GB","2楷林",7,465,0,"HQY162320","SQ53574 511"
1380,11470,30.94,"3GC","2楷林",30,321,0,"HQF140520","SQ72338 551"
1380,11610,30.82,"2GA","2楷林",45,284,7.1,"HQH139830","SQ77953 041"
1370,11450,30.67,"2GA","2楷林",55,271,0,"HQD147900","SQ66954 031"
990,10430,19.86,"2GA","2楷林",102,329,11.4,"HQA133880","SQ58257 021"
1490,9510,27.26,"2GA","2楷林",4,258,15,"HQB079080","SQ60253 021"
1370,11480,30.75,"3GC","2楷林",61,274,0,"HQZ138350","SQ55549 021"
1210,11080,25.26,"2GC","2楷林",21,311,7.3,"HQE048710","SQ68009 511"
1100,10380,22.12,"2GC","2楷林",75,440,0,"HQF057630","SQ70957 511"
1090,9910,21.12,"2GA","2楷林",49,329,0,"HQC117700","SQ63926 521"
1140,11610,25.88,"2GA","2楷林",38,293,0,"HQY125600","SQ53098 051"
1510,11090,31.53,"2GC","2楷林",26,252,8.2,"HQH142730","SQ78013 011"
1500,9440,27.41,"2GA","2楷林",10,276,0,"HQH003610","SQ75602 011"
1500,11860,34.78,"2GA","2楷林",13,256,0,"HQB017590","SQ59177 021"
1530,11680,34.1,"2GC","2楷林",17,254,13.7,"HQA135390","SQ58281 021"
1470,10010,28.77,"3GC","2楷林",15,325,0,"HQF125190","SQ72026 021"
1380,11840,31.94,"2GC","2楷林",22,275,0,"HQF034400","SQ70519 521"
1210,11620,27.49,"2GB","2楷林",77,520,0,"HQX016000","SQ49330 541"
1030,9970,20.08,"2GC","2楷林",60,476,0,"HQZ064260","SQ54331 551"
1090,9890,21.08,"3GC","2楷林",30,426,0,"HQF048090","SQ70768 511"
1400,10980,30.05,"2GC","2楷林",42,330,0,"HQX158820","SQ51382 551"
1170,9940,22.37,"2GA","2楷林",77,305,8.3,"HQD140030","SQ66824 551"
930,8730,15.87,"2GA","2楷林",69,304,0,"HQJ146720","SQ80821 031"
1330,11790,30.66,"2GA","2楷林",17,328,0,"HQJ012670","SQ78516 051"
1570,11400,34.43,"2GA","2楷林",21,303,14.9,"HQB083180","SQ60322 511"
1040,11660,23.71,"2GA","2楷林",89,292,0,"HQY126110","SQ53106 021"
1100,9650,20.28,"2GD","2楷林",63,303,0,"HQC120680","SQ63967 521"
1330,11710,29.96,"2GB","2楷林",1,313,7.6,"HQY053290","SQ52220 541"
1070,8660,18.12,"2GA","2楷林",36,530,0,"HQJ136220","SQ80644 021"
1560,8670,26.44,"2GA","2楷林",9,267,0,"HQE144940","SQ69794 021"
1570,7670,23.54,"2GA","2楷林",15,329,0,"HQD126440","SQ66590 551"
1400,11620,31.04,"2GD","2楷林",13,250,3.1,"HQX036630","SQ49674 541"
1560,11500,33.9,"2GA","2楷林",6,255,9.5,"HQB153460","SQ61554 011"
1540,11710,34.07,"2GA","2楷林",32,304,8.3,"HQC115090","SQ63885 021"
1220,11850,27.81,"2GC","2楷林",58,287,3.3,"HQJ153430","SQ80970 541"
1570,11220,33.89,"2GC","2楷林",10,281,6.3,"HQA117220","SQ58032 011"
1260,9410,23.18,"2GB","2楷林",48,342,0,"HQF140700","SQ72337 551"
1330,11630,29.76,"2GB","2楷林",29,437,14.3,"HQF125930","SQ72016 531"
1380,11840,31.43,"2GC","2楷林",16,312,13.3,"HQZ169890","SQ56079 021"
1210,11120,25.24,"2GA","2楷林",61,284,9.6,"HQE006690","SQ67298 521"
1010,9260,17.92,"3GC","2楷林",64,344,0,"HQY054510","SQ52207 021"
1390,10360,27.4,"2GC","2楷林",10,340,9,"HQC107920","SQ63752 011"
1440,11140,30.86,"2GC","2楷林",8,317,7.1,"HQX068800","SQ50237 551"
1030,7790,15.44,"2GA","2楷林",74,330,10.9,"HQA151980","SQ58521 541"
1450,11720,32.69,"2GC","2楷林",37,247,10.9,"HQF133300","SQ72156 531"
1220,6400,15.26,"2GA","2楷林",37,285,0,"HQX006540","SQ49160 511"
1010,11410,21.73,"2GC","2楷林",80,324,8.9,"HQX137070","SQ51161 031"
1200,9320,21.5,"2GA","2楷林",28,365,0,"HQH167430","SQ78353 521"
990,10140,19.63,"2GC","2楷林",54,333,0,"HQZ026980","SQ53868 011"
1080,8550,18.05,"2L0","1楷林",85,272,0,"HQB130690","SP07379 041"
1100,8550,18.39,,"2楷林",84,326,0,"HQB133320","SQ61272 071"
1240,11390,27.61,"2GC","2楷林",4,504,0,"HQY050930","SQ52173 531"
1530,8060,23.72,"2GC","2楷林",3,330,14.6,"HQF125070","SQ72011 051"
1290,10930,27.12,"2GA","2楷林",16,257,9.2,"HQA028580","SQ56521 021"
1120,11100,23.98,"2GC","2楷林",73,350,0,"HQJ131700","SQ80561 021"
1550,10580,31.29,"2GD","2楷林",24,248,15.8,"HQZ118060","SQ55196 011"
1420,10390,28.38,"2GC","2楷林",18,338,13.5,"HQC069100","SQ63080 541"
1380,11800,31.84,"2GB","2楷林",5,453,0,"HQZ149380","SQ55764 521"
1230,11780,27.65,"2GC","2楷林",4,288,12.5,"HQH013140","SQ75717 551"
1120,9910,21.35,"2GC","2楷林",33,312,8.5,"HQZ050960","SQ54164 061"
1400,10990,30.08,"2GB","2楷林",7,328,0,"HQF112260","SQ71765 031"
1510,11760,34.72,"2GA","2楷林",2,270,0,"HQY014800","SQ51701 521"
960,7850,14.73,"2GA","2楷林",92,303,0,"HQY127090","SQ53110 541"
1140,11660,25.99,"2GA","2楷林",37,292,0,"HQY125590","SQ53098 531"
980,10110,19.37,"2GA","2楷林",71,338,0,"HQA071120","SQ57268 071"
1220,11710,27.26,"2GC","2楷林",31,257,9.9,"HQJ137170","SQ80656 521"
1360,11850,31,"2GD","2楷林",11,264,14.6,"HQE040250","SQ67880 031"
1180,11740,26.65,"2GC","2楷林",37,304,12.4,"HQZ104530","SQ54981 041"
1540,11590,34.89,"2GD","2楷林",11,527,0,"HQA124480","SQ58132 521"
1140,10210,22.39,"2GC","2楷林",95,304,10.7,"HQZ104100","SQ54982 551"
1000,9960,19.16,"2GA","2楷林",30,331,12.3,"HQF128910","SQ72097 521"
900,11800,20.43,"2GC","2楷林",63,400,8.7,"HQG024270","SQ73192 011"
1400,11800,31.78,"2GA","2楷林",49,272,7.6,"HQD104910","SQ66247 521"
1310,11860,30.37,"2GB","2楷林",71,451,0,"HQX044730","SQ49805 031"
1250,10510,25.27,"2GA","2楷林",60,283,9.8,"HQE006680","SQ67296 521"
1140,11850,25.78,"2GC","2楷林",41,304,14.8,"HQZ104570","SQ54984 521"
1290,10730,27.06,"2GA","2楷林",19,274,0,"HQX006360","SQ49151 021"
1550,9440,27.92,"2GA","2楷林",15,258,8.8,"HQH107740","SQ77380 541"
970,11650,22.09,"2GC","2楷林",55,337,0,"HQZ054220","SQ54198 061"
1290,11140,27.1,"2GA","2楷林",72,340,7.3,"HQH079510","SQ76883 511"
990,10120,19.59,"2GA","2楷林",75,344,0,"HQA070340","SQ57262 081"
1310,11180,28.17,"2GA","2楷林",28,457,8.1,"HQE063520","SQ68309 021"
1290,8770,21.76,"2GB","2楷林",34,322,17.4,"HQB100150","SQ60620 011"
1020,10400,20.41,"2GA","2楷林",112,274,14.3,"HQG108040","SQ74399 551"
1420,11820,32.29,"2GC","2楷林",22,303,12.7,"HQB012400","SQ59052 531"
1560,11450,34.36,"2GA","2楷林",5,261,7,"HQX055650","SQ50016 051"
940,10680,19.63,"2GB","2楷林",84,365,0,"HQA068790","SQ57231 021"
1160,11850,26.23,"2GC","2楷林",19,305,15.9,"HQB112630","SQ60899 571"
1130,11840,25.53,"2GA","2楷林",29,270,8.2,"HQH146520","SQ78068 561"
1130,9990,21.06,"2GC","2楷林",17,274,6.5,"HQX144990","SQ51214 021"
1190,9620,22.38,"2GC","2楷林",13,435,0,"HQD021280","SQ64797 051"
1440,9330,25.85,"2GA","2楷林",5,316,8.2,"HQH025300","SQ75899 551"
1210,11160,26.4,"2GD","2楷林",104,254,0,"HQX091200","SQ50552 551"
1150,11200,25.18,"2GA","2楷林",88,272,0,"HQX075740","SQ50330 531"
990,9880,19.12,"2GC","2楷林",49,336,0,"HQA105670","SQ57862 541"
1260,10680,26.31,"2GA","2楷林",24,331,0,"HQG113170","SQ74484 531"
1290,9390,23.68,"2GB","2楷林",60,535,0,"HQB144930","SQ61484 031"
1090,10340,21.83,"3GC","2楷林",75,346,0,"HQJ131720","SQ80563 011"
1450,11660,32.52,"2GA","2楷林",1,272,7.9,"HQG050360","SQ73624 521"
1140,11550,25.29,"2GA","2楷林",66,258,0,"HQB117050","SQ61005 511"
1000,9780,18.81,"2GB","2楷林",102,332,9.5,"HQD121950","SQ66528 011"
1510,11420,32.9,"2GC","2楷林",11,257,5.1,"HQY020590","SQ51770 021"
1000,10970,21.45,"2GC","2楷林",29,339,0,"HQG010460","SQ72907 011"
1100,8870,19.07,"2GB","2楷林",83,328,0,"HQA075080","SQ57347 031"
1570,11560,34.36,"2GA","2楷林",7,269,11.4,"HQD094710","SQ66075 511"
1130,10130,22.38,"2GB","2楷林",59,425,0,"HQB113410","SQ60928 531"
940,10340,19,"2GC","2楷林",71,328,0,"HQC030220","SQ62370 511"
1330,11690,30.05,"3GC","2楷林",1,286,0,"HQJ159980","SQ81068 011"
1260,9160,22.56,"2GC","2楷林",1,325,0,"HQY093900","SQ52697 561"
1420,8900,24.71,"2GC","2楷林",12,334,0,"HQC069040","SQ63080 051"
1280,11160,27.48,"2GC","2楷林",40,293,4.6,"HQF067910","SQ71019 031"
1240,11850,28.04,"2GC","2楷林",3,306,11.9,"HQA141440","SQ58362 041"
1290,7560,18.76,"2GB","2楷林",37,322,13.6,"HQC003420","SQ61614 041"
970,8080,15.32,"2GC","2楷林",48,354,0,"HQX136120","SQ51140 531"
1180,9570,22.08,"2GC","2楷林",59,421,0,"HQA055530","SQ57003 561"
1250,11770,28.07,"2GC","2楷林",78,311,7.5,"HQH057550","SQ76483 041"
1420,7840,21.76,"2L4","1楷林",12,392,0,"HQJ138650","SP22873 021"
980,11310,21.32,"2GA","2楷林",26,314,7.4,"HQX137330","SQ51146 541"
1570,8710,26.31,"2GC","2楷林",5,294,13.5,"HQA043580","SQ56793 011"
1080,7700,16,"2GA","2楷林",61,315,10.7,"HQF047470","SQ70733 571"
1340,11400,29.39,"2GB","2楷林",73,446,10.1,"HQY107410","SQ52871 511"
1420,11640,31.54,"2GC","2楷林",40,257,15.4,"HQX011910","SQ49238 531"
1030,9670,19.47,"2GA","2楷林",80,330,0,"HQB051600","SQ59776 021"
950,10190,18.62,"2GA","2楷林",52,502,12.1,"HQD078280","SQ65757 521"
1320,11750,30.32,"2GC","2楷林",52,360,0,"HQF097270","SQ71542 051"
1290,10030,25.3,"2GB","2楷林",52,438,0,"HQZ132760","SQ55439 551"
1080,9310,19.34,"2GA","2楷林",99,336,3,"HQJ021960","SQ78645 051"
1280,11240,28.13,"2GB","2楷林",51,445,0,"HQY091470","SQ52649 041"
1250,7950,19.43,"2GD","2楷林",8,554,0,"HQY075910","SQ52468 071"
1450,7820,21.64,"2GC","2楷林",22,252,8.3,"HQF133150","SQ72159 551"
1530,10720,31.3,"2GC","2楷林",13,254,10.3,"HQZ071970","SQ54438 511"
1240,10910,26.45,"2GA","2楷林",2,333,0,"HQB097540","SQ60587 051"
1190,9190,21.38,"2GD","2楷林",54,357,0,"HQY010980","SQ51653 061"
940,9250,17,"2GC","2楷林",95,328,0,"HQA034170","SQ56623 061"
1320,10800,27.87,"2GB","2楷林",20,457,0,"HQZ093030","SQ54768 041"
1270,11570,28.16,"3GC","2楷林",1,274,0,"HQA146610","SQ58453 011"
1510,11830,34.08,"2GA","2楷林",9,265,8.9,"HQH060200","SQ76536 021"
1260,11590,27.42,"2GC","2楷林",33,448,13.3,"HQE040470","SQ67899 521"
1280,11600,28,"2GC","2楷林",32,309,7.7,"HQG035780","SQ73363 021"
1090,6250,13.07,"2GC","2楷林",18,443,0,"HQY057420","SQ52251 011"
900,11110,19.24,"2GC","2楷林",67,402,8.3,"HQG025910","SQ73192 051"
1310,8110,20.44,"2GB","2楷林",24,327,10.9,"HQE146050","SQ69807 031"
1270,9500,23.59,"2GB","2楷林",58,330,0,"HQB133060","SQ61264 521"
1510,11730,34.63,"2GA","2楷林",4,342,0,"HQZ064360","SQ54348 021"
930,6140,11.16,"2GB","2楷林",108,438,0,"HQB011240","SQ59054 561"
1530,11630,34.79,"2GA","2楷林",17,288,0,"HQY016920","SQ51720 021"
1110,11000,23.87,"2GB","2楷林",61,354,0,"HQA122130","SQ58110 011"
1570,8940,27.44,"2GA","2楷林",18,323,0,"HQE103170","SQ69049 541"
940,11540,21.21,"2GA","2楷林",52,400,0,"HQE084880","SQ68734 561"
1350,11840,30.5,"2GA","2楷林",13,264,9.3,"HQE062920","SQ68289 531"
1180,9610,21.81,"2GA","2楷林",17,331,12.4,"HQA141580","SQ58377 521"
990,9880,19.12,"2GC","2楷林",47,336,0,"HQA105650","SQ57862 011"
990,10080,19.51,"2GA","2楷林",87,336,0,"HQD003790","SQ64516 031"
1300,10210,25.53,"2GA","2楷林",44,300,20.3,"HQA041880","SQ56744 041"
1410,11800,32.53,"2GB","2楷林",34,505,0,"HQZ084660","SQ54626 021"
1280,11280,27.78,"2GC","2楷林",41,257,10.6,"HQC088240","SQ63450 051"
1040,8290,16.53,"2GB","2楷林",98,336,0,"HQD112720","SQ66366 011"
950,10750,19.97,"2GB","2楷林",58,452,0,"HQD016750","SQ64739 051"
1130,11340,24.65,"2GD","2楷林",34,459,5.8,"HQH131550","SQ77820 011"
1260,9190,22.28,"2GC","2楷林",49,329,9.6,"HQG013140","SQ72970 541"
1190,11640,25.99,"2GC","2楷林",45,282,11.4,"HQD121380","SQ66509 011"
1440,10970,30.88,"2GB","2楷林",2,325,0,"HQA105900","SQ57881 541"
1360,11710,31.13,"3GC","2楷林",28,286,0,"HQE106040","SQ69110 031"
1260,10080,24.83,"2GA","2楷林",25,339,0,"HQD056770","SQ65415 031"
1150,11170,25.11,"3GC","2楷林",91,336,0,"HQX039500","SQ49712 051"
1450,10080,27.7,"2GA","2楷林",8,289,8.9,"HQJ080910","SQ79614 511"
1250,8440,20.63,"2GB","2楷林",27,426,0,"HQA109000","SQ57930 571"
1050,10500,21.21,"2GC","2楷林",59,277,7.6,"HQG113990","SQ74522 061"
1230,11400,26.97,"2GA","2楷林",45,305,10.1,"HQD090820","SQ65995 041"
1170,9670,22.12,"2GA","2楷林",81,328,0,"HQY021290","SQ51782 571"
1280,11710,29.3,"2GD","2楷林",52,530,0,"HQA124890","SQ58144 521"
1180,11220,25.88,"2GA","2楷林",74,275,0,"HQY156930","SQ53515 531"
1490,11860,34.55,"2GB","2楷林",8,432,0,"HQG081630","SQ74102 021"
1090,10180,21.35,"2GA","2楷林",76,305,13.2,"HQD141020","SQ66833 061"
1220,7810,18.63,"2GB","2楷林",63,392,0,"HQC137230","SQ64279 561"
1400,11800,31.78,"2GA","2楷林",50,271,8.5,"HQX156270","SQ51338 521"
1090,10430,22.23,"2GA","2楷林",71,326,0,"HQB105050","SQ60693 061"
1450,9480,26.87,"3GC","2楷林",1,249,0,"HQF131930","SQ72161 541"
1450,11820,32.7,"2GC","2楷林",12,286,5.3,"HQH019500","SQ75840 521"
1570,8830,27.1,"2GA","2楷林",4,329,0,"HQB022100","SQ59268 521"
1340,8010,20.98,"2GC","2楷林",53,388,0,"HQE145380","SQ69788 541"
1440,11160,30.98,"2GA","2楷林",7,273,0,"HQZ122600","SQ55310 511"
910,10180,17.82,"2GC","2楷林",76,337,6.8,"HQJ161250","SQ81092 551"
1160,11840,26.21,"2GA","2楷林",87,257,11.6,"HQF092180","SQ71423 021"
1280,10560,26.43,"2GC","2楷林",70,337,0,"HQB050510","SQ59773 521"
1180,10650,24.57,"2GC","2楷林",65,336,0,"HQY032400","SQ51927 531"
1180,11840,26.66,"2GA","2楷林",60,269,7.2,"HQX046450","SQ49835 521"
1520,11750,34.36,"2GA","2楷林",5,271,11.2,"HQJ124410","SQ80440 021"
1330,8880,23.09,"2GB","2楷林",20,331,0,"HQY097650","SQ52740 041"
1080,11010,22.92,"2GA","2楷林",59,467,0,"HQC117800","SQ63942 011"
1260,9260,22.81,"2GA","2楷林",32,371,0,"HQF088790","SQ71377 031"
1570,11380,34.37,"2GA","2楷林",3,305,14.1,"HQB048450","SQ59724 011"
1240,10020,24.29,"2GB","2楷林",1,441,0,"HQF077510","SQ71187 531"
1250,11530,27.17,"2GA","2楷林",36,326,7.9,"HQX127980","SQ51015 511"
1570,9340,27.8,"2GA","2楷林",30,259,10.1,"HQF094280","SQ71476 011"
1350,9340,24.65,"2GC","2楷林",14,328,0,"HQZ041130","SQ54030 041"
900,9860,17.35,"2GA","2楷林",70,329,0,"HQZ038400","SQ54003 511"
990,7010,13.57,"2GA","2楷林",89,306,0,"HQC142080","SQ64367 031"
900,8680,15.27,"2GA","2楷林",37,415,0,"HQZ038070","SQ53996 071"
1360,10380,27.6,"2GC","2楷林",2,258,0,"HQB087490","SQ60419 531"
1040,10460,20.76,"2GA","2楷林",69,271,0,"HQB040500","SQ59590 521"
1010,9720,19.19,"2GA","2楷林",80,286,0,"HQX068710","SQ50235 531"
960,10810,20.29,"2GA","2楷林",80,329,0,"HQY101080","SQ52802 061"
1390,10630,28.19,"2GA","2楷林",6,311,8.5,"HQJ070640","SQ79438 551"
1380,11330,29.75,"2GC","2楷林",3,284,7.9,"HQD052820","SQ65304 011"
1160,11560,25.35,"2GC","2楷林",72,313,11.9,"HQH060830","SQ76540 511"
1250,10620,25.33,"2GC","2楷林",17,266,9.1,"HQJ112850","SQ80257 541"
1160,11490,25.64,"2GC","2楷林",37,314,14.8,"HQX001670","SQ49038 521"
990,10430,19.86,"2GA","2楷林",107,328,10.5,"HQA133930","SQ58257 541"
1240,11660,27.81,"2GD","2楷林",34,265,3.7,"HQX131480","SQ51040 031"
1240,9530,23.1,"2GA","2楷林",94,331,0,"HQE105600","SQ69120 071"
1230,11790,27.67,"2GA","2楷林",41,287,13.2,"HQF117210","SQ71876 531"
1350,8500,21.83,"2GC","2楷林",54,300,11.8,"HQY133500","SQ53183 521"
1270,11500,27.99,"2GB","2楷林",62,362,0,"HQB040430","SQ59596 021"
990,11340,21.6,"2GB","2楷林",67,315,8.8,"HQJ058280","SQ79206 051"
1390,7520,19.94,"2GC","2楷林",11,301,11.8,"HQB026730","SQ59319 051"
1270,8590,21.33,"2GA","2楷林",51,344,0,"HQX012020","SQ49235 051"
1440,7880,21.65,"2GD","2楷林",25,255,10,"HQA069110","SQ57245 031"
1570,9800,30.08,"2GB","2楷林",11,329,0,"HQF127190","SQ72057 531"
1100,8890,19.12,"2GA","2楷林",87,379,0,"HQC014260","SQ62070 061"
1380,11720,30.86,"2GC","2楷林",40,268,6.3,"HQX142530","SQ51188 521"
940,10240,18.82,"2GC","2楷林",67,328,0,"HQC030180","SQ62370 021"
950,11800,21.92,"2GA","2楷林",66,335,0,"HQB104270","SQ60701 541"
970,11560,21.57,"2GC","2楷林",67,274,14.6,"HQG167060","SQ75447 541"
1370,6740,18.05,"2GB","2楷林",61,524,0,"HQX048250","SQ49899 541"
1220,11840,27.56,"2GA","2楷林",65,258,10.7,"HQE030500","SQ67731 511"
1040,11720,23.45,"2GB","2楷林",49,326,13.1,"HQE138670","SQ69657 031"
1240,10590,25.67,"2GA","2楷林",46,349,0,"HQG148100","SQ75159 521"
1120,7480,16.38,"2GC","2楷林",41,436,0,"HQG108460","SQ74426 531"
1310,10580,27.1,"2GB","2楷林",20,336,0,"HQZ061340","SQ54303 551"
1410,11600,31.46,"2GC","2楷林",47,298,12.2,"HQD134970","SQ66744 531"
1090,11320,24.12,"2GA","2楷林",2,0,0,"HQH147880","SQ78130 541"
1510,11830,34.36,"2GA","2楷林",24,254,13.8,"HQA041680","SQ56766 011"
1000,11690,22.49,"2GC","2楷林",66,352,7.3,"HQF098200","SQ71544 511"
1290,10150,25.6,"2GA","2楷林",50,335,0,"HQB108660","SQ60831 031"
1290,9930,25.04,"2GA","2楷林",20,328,0,"HQA154270","SQ58586 051"
1160,11830,26.83,"2GA","2楷林",80,268,0,"HQY159390","SQ53549 551"
1490,7960,22.82,"2GA","2楷林",11,289,13,"HQD003030","SQ64485 051"
1270,9330,23.16,"2GA","2楷林",36,326,0,"HQE105020","SQ69111 521"
1110,8340,18.1,"3GC","2楷林",61,288,0,"HQC025540","SQ62291 561"
1240,9890,23.59,"2GA","2楷林",9,446,7.6,"HQY125310","SQ53089 551"
1210,9180,21.72,"2GA","2楷林",52,339,0,"HQD000490","SQ64442 561"
1500,9350,26.98,"2GA","2楷林",11,266,11.6,"HQF000480","SQ70076 541"
1270,11430,27.26,"2GA","2楷林",33,281,9.3,"HQE118050","SQ69321 011"
1460,9960,27.37,"2GC","2楷林",20,268,6.7,"HQD113770","SQ66379 511"
1270,9730,24.16,"2GB","2楷林",20,470,0,"HQF014850","SQ70243 551"
1540,10940,32.94,"2GC","2楷林",3,287,0,"HQA042170","SQ56797 541"
1360,8690,22.55,"2GA","2楷林",39,293,8.3,"HQD069410","SQ65601 541"
1410,11600,31.46,"2GC","2楷林",49,299,11.8,"HQD134990","SQ66744 031"
1100,11750,24.66,"2GC","2楷林",84,286,6.5,"HQF154850","SQ72527 051"
1130,11810,26.09,"2GA","2楷林",46,256,0,"HQG128100","SQ74802 521"
1140,11370,24.52,"2GA","2楷林",53,345,5.9,"HQH128170","SQ77751 011"
1350,7720,20.05,"2GC","2楷林",7,274,12.4,"HQA052390","SQ56951 021"
1080,11060,22.98,"2GD","2楷林",56,306,9,"HQD161250","SQ67180 051"
1250,11590,27.64,"2GC","2楷林",32,268,5.2,"HQF162460","SQ72663 031"
990,10280,19.9,"3GC","2楷林",57,318,0,"HQC030890","SQ62360 571"
1360,11670,31.03,"2GA","2楷林",7,257,0,"HQJ156670","SQ81067 041"
1400,11850,31.66,"2GC","2楷林",35,292,13.7,"HQE137600","SQ69636 031"
1460,9880,27.75,"2GC","2楷林",10,303,12.1,"HQG129360","SQ74809 521"
1150,11800,26.53,"2GA","2楷林",70,290,0,"HQB034880","SQ59491 021"
1020,8420,16.52,"2GA","2楷林",79,301,11.9,"HQY126960","SQ53109 021"
1380,11760,31.73,"2L2","1楷林",22,317,0,"HQG054230","SP16799 041"
1460,8960,25.17,"2GC","2楷林",7,274,10.5,"HQD037750","SQ65041 521"
1140,11660,25.99,"2GA","2楷林",44,252,0,"HQB117490","SQ61004 521"
1240,11380,27.59,"2GA","2楷林",26,463,0,"HQY153210","SQ53494 521"
1100,11770,25.31,"2GB","2楷林",85,526,0,"HQX103070","SQ50690 041"
1510,11780,34.78,"2GA","2楷林",4,275,0,"HQD072760","SQ65668 041"
1430,11440,31.98,"2GB","2楷林",15,459,0,"HQB001800","SQ58884 541"
1570,9320,27.92,"2GC","2楷林",4,258,7.3,"HQG150510","SQ75187 041"
980,9620,18.43,"2GA","2楷林",48,329,0,"HQA070890","SQ57271 541"
1380,11850,31.46,"2GC","2楷林",49,297,7.7,"HQB132970","SQ61255 041"
940,11350,20.36,"2GA","2楷林",79,259,9.6,"HQJ034800","SQ78865 551"
1420,11550,31.29,"2GC","2楷林",3,250,7.4,"HQA000590","SQ56122 051"
1130,11410,25.21,"2GA","2楷林",81,274,0,"HQY157000","SQ53516 531"
1340,10680,27.98,"2GA","2楷林",60,310,0,"HQD093670","SQ66025 551"
990,6610,12.6,"2GA","2楷林",91,360,0,"HQX150670","SQ51282 521"
1570,9320,27.92,"2GC","2楷林",8,260,14.3,"HQE003040","SQ67235 521"
1090,11280,24.04,"2GA","2楷林",66,339,0,"HQD108730","SQ66300 011"
1510,7140,20.74,"2GA","2楷林",34,277,3.1,"HQF066390","SQ71006 021"
1350,11370,30.01,"2GB","2楷林",30,401,0,"HQY009180","SQ51650 021"
1050,11780,24.18,"2GA","2楷林",99,259,0,"HQX015190","SQ49287 041"
1390,11390,30.46,"2GC","2楷林",51,287,7.2,"HQE120270","SQ69364 021"
950,10030,18.63,"2GC","2楷林",105,332,0,"HQX114470","SQ50826 011"
1130,9790,21.15,"2GD","2楷林",59,332,0,"HQY019190","SQ51751 511"
1340,10040,26.3,"2GC","2楷林",35,328,0,"HQB050160","SQ59765 051"
1190,8600,19.69,"2GC","2楷林",39,293,11.3,"HQA105570","SQ57880 031"
1500,7370,21.61,"2GC","2楷林",6,249,0,"HQY111600","SQ52902 551"
980,8520,16.06,"2GA","2楷林",63,316,12.2,"HQE076830","SQ68545 031"
1190,11870,27.61,"2GC","2楷林",1,325,0,"HQY065450","SQ52368 031"
1140,7990,17.49,"2GC","2楷林",28,330,0,"HQX135920","SQ51159 521"
1090,7590,15.92,"2GA","2楷林",78,305,12.3,"HQD141040","SQ66839 521"
1170,11620,25.94,"2GA","2楷林",67,305,5.6,"HQY020220","SQ51762 541"
1570,8460,25.97,"3GC","2楷林",3,261,0,"HQE002410","SQ67237 531"
1250,11750,28.71,"2GC","2楷林",73,332,0,"HQX137000","SQ51155 031"
1070,10960,22.93,"2GC","2楷林",78,301,0,"HQZ104940","SQ54993 021"
1480,11770,33.51,"2GA","2楷林",3,272,11.4,"HQA068890","SQ57222 541"
1510,11830,34.08,"2GA","2楷林",8,255,12.8,"HQA041520","SQ56766 521"
1410,7970,21.74,"2GD","2楷林",6,265,0,"HQC001130","SQ61595 521"
1110,11000,23.87,"2GD","2楷林",91,352,0,"HQD112650","SQ66343 541"
970,8280,15.45,"2GA","2楷林",52,324,6.1,"HQG027020","SQ73223 081"
1210,11740,27.77,"2GC","2楷林",38,321,0,"HQY018980","SQ51745 051"
1390,11830,31.63,"2GA","2楷林",8,325,7.4,"HQB043730","SQ59629 041"
1300,10580,26.89,"3GC","2楷林",15,516,0,"HQB043800","SQ59665 551"
1290,11140,27.65,"2GD","2楷林",4,314,9.5,"HQA128390","SQ58199 521"
1120,11490,25.16,"2GA","2楷林",39,302,0,"HQY151320","SQ53454 551"
1390,11750,31.42,"2GB","2楷林",2,323,6.7,"HQB081160","SQ60311 021"
1180,6320,14.58,"2GB","2楷林",64,426,0,"HQX055350","SQ50031 551"
990,6680,12.93,"2GA","2楷林",61,326,0,"HQX161700","SQ51419 051"
990,10430,19.86,"2GB","2楷林",104,329,11.7,"HQA133900","SQ58257 031"
1280,11340,27.7,"2GC","2楷林",18,256,10.9,"HQC088010","SQ63452 011"
1420,11690,31.67,"2GC","2楷林",50,288,13.8,"HQA044030","SQ56801 541"
900,11130,19.58,"2GA","2楷林",51,398,0,"HQF018200","SQ70310 051"
1340,8940,23.42,"2GA","2楷林",23,349,0,"HQG149550","SQ75154 051"
1110,8310,18.03,"2GA","2楷林",35,457,0,"HQZ055860","SQ54240 521"
1570,9320,27.92,"2GA","2楷林",8,258,12.5,"HQH107670","SQ77378 511"
1570,11400,34.43,"2GA","2楷林",28,303,13.6,"HQB083250","SQ60330 031"
1160,11870,26.92,"2GB","2楷林",2,356,0,"HQB040580","SQ59582 521"
1300,9200,23.38,"2GB","2楷林",22,526,0,"HQY124530","SQ53088 061"
1420,10370,28.79,"2GD","2楷林",3,273,0,"HQD055780","SQ65376 531"
1290,9190,23.18,"2GC","2楷林",79,340,0,"HQA078070","SQ57380 041"
1390,7650,20.29,"2GA","2楷林",6,330,10,"HQB025050","SQ59292 051"
1320,9730,24.51,"2GC","2楷林",37,337,9.8,"HQD043310","SQ65140 041"
970,11620,21.68,"2GC","2楷林",90,316,8.8,"HQA131930","SQ58233 531"
1090,9910,21.12,"2GC","2楷林",27,431,0.9,"HQF048060","SQ70763 551"
1050,8190,16.33,"2GC","2楷林",20,444,0,"HQY057440","SQ52251 021"
1220,11740,28,"2GC","2楷林",91,273,0,"HQA145940","SQ58453 031"
980,11310,21.32,"2GA","2楷林",43,314,14.1,"HQX137500","SQ51151 051"
1100,11750,24.66,"2GC","2楷林",85,287,6,"HQF154860","SQ72527 551"
1270,8500,20.77,"2GC","2楷林",50,275,11.1,"HQG057600","SQ73748 061"
960,11780,21.75,"2GA","2楷林",67,324,11.1,"HQG005270","SQ72812 551"
1240,10180,24.68,"2GA","2楷林",9,464,0,"HQH153990","SQ78157 021"
1510,10180,29.33,"2GA","2楷林",26,265,10,"HQA055210","SQ57014 021"
1180,6410,14.79,"2GB","2楷林",65,426,0,"HQX055360","SQ50024 561"
960,7180,13.48,"2GA","2楷林",47,453,0,"HQJ136840","SQ80680 031"
1490,11800,34.37,"2GD","2楷林",8,317,0,"HQE009470","SQ67353 521"
940,9800,18.01,"2GA","2楷林",64,400,0,"HQE085000","SQ68737 581"
1570,11380,34.37,"2GA","2楷林",6,275,7.2,"HQH122540","SQ77694 041"
1070,11570,24.2,"2GA","2楷林",24,303,0,"HQX049790","SQ49924 031"
1040,9830,19.6,"2GA","2楷林",39,360,0,"HQX074720","SQ50309 021"
1330,9660,25.12,"2GB","2楷林",58,460,0,"HQY090370","SQ52642 031"
1150,11170,25.11,"3GC","2楷林",93,335,0,"HQX039520","SQ49710 551"
1290,9710,24.49,"2GA","2楷林",80,337,0,"HQE103790","SQ69068 041"
1450,9950,27.75,"2GC","2楷林",13,304,9.8,"HQG129390","SQ74811 521"
900,11560,20.34,"2GA","2楷林",45,301,0,"HQD101340","SQ66197 051"
1540,10010,30.14,"2GC","2楷林",5,329,0,"HQF091340","SQ71405 531"
1150,11700,25.85,"3GC","2楷林",92,530,0,"HQZ062060","SQ54327 521"
1130,11360,24.69,"2GC","2楷林",30,311,8.5,"HQE048800","SQ68013 021"
1490,11010,31.56,"2GC","2楷林",2,294,6.5,"HQH131230","SQ77798 541"
1030,8480,17.08,"2GB","2楷林",65,530,0,"HQF029140","SQ70479 541"
1310,8210,20.37,"2GB","2楷林",38,349,11.4,"HQE146190","SQ69811 511"
1230,11610,27.47,"2GA","2楷林",34,255,9.1,"HQF090440","SQ71398 041"
1190,9510,21.77,"2GC","2楷林",71,328,13.3,"HQA133570","SQ58259 031"
1370,8400,22.5,"2GA","2楷林",38,357,0,"HQB057430","SQ59885 061"
1500,11840,33.89,"2GA","2楷林",16,255,8.9,"HQB153560","SQ61554 031"
1310,10800,27.22,"2GC","2楷林",35,263,14.9,"HQC002830","SQ61600 531"
1190,10450,24.31,"2GC","2楷林",68,458,0,"HQZ124030","SQ55298 041"
1410,11580,31.41,"2GA","2楷林",62,306,9.6,"HQZ064940","SQ54341 521"
1570,11550,34.89,"2GA","2楷林",3,252,0,"HQB017490","SQ59175 011"
1400,11490,31.45,"2GC","2楷林",21,246,0,"HQY018810","SQ51777 021"
1130,9810,21.33,"2GA","2楷林",83,304,9.5,"HQD140090","SQ66830 521"
1050,10390,20.99,"2GA","2楷林",96,325,9.5,"HQX128580","SQ50999 041"
1570,11380,34.37,"2GA","2楷林",28,303,11.2,"HQB048700","SQ59731 041"
1140,6530,14.55,"2GA","2楷林",68,460,0,"HQB010840","SQ59049 041"
1530,6770,20.12,"2GD","2楷林",7,313,0,"HQB126590","SQ61153 011"
1350,11250,29.69,"2GA","2楷林",45,463,0,"HQY040550","SQ52055 031"
1000,11350,21.83,"2GC","2楷林",82,278,7.7,"HQE056880","SQ68197 561"
1570,11400,34.43,"2GA","2楷林",33,303,12.1,"HQB083300","SQ60325 541"
1190,8790,20.12,"2GA","2楷林",65,314,8.9,"HQF135420","SQ72193 041"
1270,11420,27.9,"2GA","2楷林",28,274,10,"HQE117350","SQ69315 551"
1250,11650,27.79,"2GA","2楷林",21,258,10.9,"HQG100840","SQ74305 531"
1500,11780,33.72,"2GA","2楷林",36,254,7.1,"HQZ123710","SQ55289 041"
1000,8550,16.45,"2GA","2楷林",46,304,8.4,"HQY151390","SQ53463 531"
1330,10510,26.89,"2GC","2楷林",7,290,12.8,"HQB129910","SQ61215 021"
1070,10440,21.49,"2GD","2楷林",81,305,7,"HQZ124160","SQ55324 531"
1430,11620,32.49,"2GB","2楷林",20,522,0,"HQY025790","SQ51855 531"
1140,9950,21.64,"2GA","2楷林",53,329,7.7,"HQG040170","SQ73450 561"
1100,11110,23.89,"2GB","2楷林",69,358,0,"HQB137400","SQ61332 541"
1380,11840,31.94,"2GA","2楷林",70,271,0,"HQE086650","SQ68787 541"
1260,10180,25.08,"2GC","2楷林",38,326,0,"HQE059140","SQ68227 061"
1440,11390,31.3,"2GD","2楷林",7,248,12.2,"HQA069660","SQ57248 031"
1290,10720,26.51,"2GA","2楷林",40,339,0,"HQD000370","SQ64435 011"
960,11550,21.68,"2GA","2楷林",37,403,0,"HQF018070","SQ70306 521"
1160,11750,26.22,"2GD","2楷林",74,466,4.2,"HQE094290","SQ68878 531"
960,11850,21.88,"2GA","2楷林",79,331,10.1,"HQY103360","SQ52805 051"
1140,11850,25.78,"2GC","2楷林",43,304,10.7,"HQZ104590","SQ54984 531"
900,10130,17.82,"2GA","2楷林",35,410,0,"HQH158340","SQ78222 511"
1490,11210,31.87,"2GC","2楷林",20,250,11.5,"HQD036780","SQ65012 051"
1380,9730,26.25,"2GA","2楷林",31,334,0,"HQB026930","SQ59323 021"
1450,11820,32.97,"2GC","2楷林",36,272,9.3,"HQE024780","SQ67640 031"
1180,10650,24.57,"2GC","2楷林",66,336,0,"HQY032410","SQ51927 041"
1470,9460,26.75,"2GD","2楷林",10,300,8.6,"HQZ089510","SQ54691 031"
900,11720,20.29,"2GA","2楷林",95,561,5.5,"HQJ005150","SQ78411 511"
1460,8080,22.2,"2GC","2楷林",28,261,12.7,"HQX011790","SQ49238 511"
1570,9320,27.92,"2GA","2楷林",3,262,10.8,"HQJ067300","SQ79384 041"
1240,6400,15.51,"2GB","2楷林",83,565,0,"HQX056430","SQ50059 541"
1400,11800,31.78,"2GC","2楷林",22,269,13.3,"HQZ106130","SQ55015 011"
1270,11800,28.83,"2GD","2楷林",54,308,9.2,"HQD161230","SQ67170 541"
1090,11730,25,"2GA","2楷林",55,276,0,"HQB003600","SQ58927 551"
1390,10260,27.21,"2GA","2楷林",2,277,10.1,"HQF126360","SQ72052 011"
1190,9510,21.77,"2GC","2楷林",72,329,13.3,"HQA133580","SQ58259 521"
1250,11730,28.32,"2GB","2楷林",58,520,0,"HQA116830","SQ58015 521"
1360,11690,31.08,"2GC","2楷林",22,441,0,"HQF012740","SQ70223 041"
1310,9190,23.16,"2GD","2楷林",2,259,10.6,"HQE039300","SQ67886 061"
1090,8830,18.82,"2GB","2楷林",67,531,0,"HQY124980","SQ53092 031"
960,11690,21.59,"2GA","2楷林",1,320,8.5,"HQD102150","SQ66184 031"
1030,11310,22.77,"2GA","2楷林",87,305,0,"HQJ156170","SQ81021 011"
1290,11340,28.6,"2GB","2楷林",85,337,0,"HQY023480","SQ51823 021"
1280,11340,27.7,"2GC","2楷林",37,256,10.7,"HQC088200","SQ63450 551"
1170,11770,26.49,"2GA","2楷林",66,305,5.9,"HQY020210","SQ51762 041"
1050,10960,22.14,"2GC","2楷林",123,268,11.5,"HQJ115330","SQ80262 041"
1040,11590,22.74,"2GC","2楷林",48,275,11.6,"HQG165580","SQ75444 511"
1420,11800,31.97,"2GA","2楷林",27,300,12.6,"HQF012130","SQ70196 511"
1550,9370,27.71,"2GA","2楷林",34,254,11.8,"HQF069100","SQ71032 051"
1040,11730,23.47,"2GC","2楷林",71,313,9.7,"HQA034940","SQ56619 031"
1290,9160,23.1,"2GC","2楷林",44,326,0,"HQX026460","SQ49511 041"
1130,11480,24.96,"2GA","2楷林",49,298,11.2,"HQG092970","SQ74205 031"
1430,11810,32.49,"2GC","2楷林",82,326,8,"HQY149490","SQ53385 031"
1240,11640,28.22,"2GA","2楷林",84,313,0,"HQX081410","SQ50404 531"
1490,11790,33.79,"2GC","2楷林",4,290,6.5,"HQH131250","SQ77798 021"
1380,11850,31.46,"2GC","2楷林",23,298,11.4,"HQB132710","SQ61263 521"
1500,11330,32.69,"2GC","2楷林",6,278,11.9,"HQD037190","SQ65036 521"
1090,9450,20.14,"2GA","2楷林",92,331,0,"HQZ093750","SQ54783 071"
1090,8110,17.28,"2GC","2楷林",55,531,0,"HQC092350","SQ63514 571"
1380,8370,22.58,"2GA","2楷林",9,303,0,"HQE065830","SQ68359 041"
1570,8730,26.37,"2GC","2楷林",39,293,10.2,"HQD071560","SQ65639 041"
1290,7330,18.49,"2GC","2楷林",34,420,0,"HQY017090","SQ51731 031"
1070,7730,15.91,"2GA","2楷林",88,306,12.7,"HQC075980","SQ63198 031"
1380,8000,21.24,"2GA","2楷林",11,259,9,"HQD014600","SQ64685 541"
1020,9800,19.23,"2GC","2楷林",63,265,10.8,"HQE117700","SQ69314 541"
1260,6880,16.95,"2GA","2楷林",64,325,0,"HQF134320","SQ72189 561"
900,9250,16.28,"2GC","2楷林",96,325,0,"HQB004730","SQ58956 571"
1000,11170,21.84,"2GB","2楷林",37,319,0,"HQF017470","SQ70301 021"
1120,10080,22.07,"3GC","2楷林",41,430,0,"HQG107330","SQ74423 051"
1070,8260,17.28,"2GB","2楷林",101,522,0,"HQX091170","SQ50530 021"
1040,10520,21.05,"2GC","2楷林",62,273,5.2,"HQX146280","SQ51218 021"
1550,8710,25.97,"2GD","2楷林",14,251,15.8,"HQZ117960","SQ55193 061"
1410,11060,30.49,"2GA","2楷林",46,299,0,"HQZ064780","SQ54341 031"
1270,11550,28.68,"3GC","2楷林",85,270,0,"HQA145880","SQ58448 021"
1490,7590,21.89,"2GB","2楷林",28,442,0,"HQX033720","SQ49623 011"
1030,9670,19.47,"2GA","2楷林",81,331,0,"HQB051610","SQ59771 511"
1250,11620,27.94,"2GA","2楷林",39,311,11.3,"HQC042560","SQ62597 541"
1500,9690,27.73,"2GA","2楷林",8,275,10.2,"HQZ041070","SQ54051 541"
1390,10750,28.75,"2GB","2楷林",10,324,9.1,"HQZ135900","SQ55485 031"
960,10300,19.33,"2GA","2楷林",89,333,0,"HQY104360","SQ52811 051"
1090,6670,14.21,"2GC","2楷林",67,450,0,"HQY007610","SQ51594 081"
1390,11410,31.01,"2GB","2楷林",32,528,0,"HQC119450","SQ63965 521"
1530,11680,34.1,"2GC","2楷林",18,253,12.5,"HQA135400","SQ58281 011"
1250,9310,22.39,"2GA","2楷林",50,305,2.8,"HQY020050","SQ51760 541"
1470,11760,33.8,"2GC","2楷林",5,270,0,"HQB084780","SQ60358 521"
1030,11800,23.76,"2GC","2楷林",28,304,0,"HQB080100","SQ60304 021"
1020,10090,19.96,"2GC","2楷林",77,325,4.8,"HQF056120","SQ70871 541"
1300,11640,28.32,"2GA","2楷林",44,304,7.5,"HQY019990","SQ51760 531"
1490,11750,33.68,"2GA","2楷林",11,306,12.4,"HQB002480","SQ58895 011"
1510,11410,33.14,"2GD","2楷林",16,328,10.1,"HQD062570","SQ65518 041"
1510,9710,27.74,"2GC","2楷林",38,305,8.5,"HQE106900","SQ69129 011"
980,9640,18.47,"2GA","2楷林",40,419,0,"HQC001470","SQ61605 571"
1030,11210,22.03,"2GC","2楷林",83,273,6.2,"HQJ045110","SQ79010 541"
1030,11840,23.46,"2GC","2楷林",81,314,14.1,"HQF135580","SQ72204 011"
1110,10170,22.07,"2GC","2楷林",66,499,0,"HQA156940","SQ58642 031"
1090,9450,20.14,"2GA","2楷林",107,327,0,"HQZ093900","SQ54781 531"
1300,10210,25.53,"2GA","2楷林",35,300,13,"HQA041790","SQ56742 051"
1100,11800,24.77,"2GC","2楷林",92,283,10.9,"HQD123020","SQ66513 041"
1150,9930,22.33,"2GB","2楷林",63,556,0,"HQF117910","SQ71894 021"
990,8100,15.43,"2GC","2楷林",42,324,12.6,"HQC029930","SQ62357 531"
950,10330,19.19,"2GA","2楷林",95,372,2.9,"HQF048740","SQ70754 011"
1250,11660,27.37,"2GA","2楷林",2,257,6.3,"HQF092460","SQ71422 511"
1410,10590,27.89,"2GC","2楷林",30,289,9.9,"HQA010890","SQ56322 511"
1300,9120,23.18,"2GA","2楷林",8,325,0,"HQD127970","SQ66616 031"
1390,11750,31.93,"2GC","2楷林",26,268,0,"HQA125320","SQ58164 531"
980,9680,18.55,"2GA","2楷林",59,331,0,"HQA071000","SQ57274 551"
1550,10030,30.1,"2GA","2楷林",4,322,0,"HQG131170","SQ74854 511"
1100,8900,19.14,"3GC","2楷林",53,458,0,"HQE020470","SQ67576 071"
1310,11740,30.07,"2GA","2楷林",2,341,0,"HQC036680","SQ62494 551"
1240,11850,28.73,"2GC","2楷林",1,263,0,"HQZ052250","SQ54185 521"
1530,7400,21.64,"2GA","2楷林",17,273,5.7,"HQG095340","SQ74232 021"
1130,9380,20.72,"2GB","2楷林",57,532,0,"HQA087470","SQ57593 511"
1440,11840,32.53,"2GA","2楷林",19,256,6.1,"HQE157310","SQ69997 521"
960,7830,14.7,"2GA","2楷林",90,304,0,"HQY127070","SQ53110 051"
1060,11530,23.89,"2GA","2楷林",84,325,0,"HQC138490","SQ64285 521"
1410,11810,32.55,"2GC","2楷林",2,500,0,"HQA056080","SQ57046 021"
1570,10600,32.54,"2GD","2楷林",12,335,0,"HQX117980","SQ50889 531"
1190,11790,27.43,"3GD","2楷林",73,444,0,"HQZ124080","SQ55294 531"
1380,9940,26.39,"2GC","2楷林",7,283,7.5,"HQJ159360","SQ81059 051"
990,6830,13.22,"3GC","2楷林",73,337,0,"HQC029470","SQ62360 541"
1450,11830,32.73,"2GC","2楷林",51,285,11.5,"HQJ067780","SQ79378 521"
1470,11180,31.04,"2GA","2楷林",18,267,11.3,"HQF000550","SQ70078 021"
950,11870,22.05,"2GA","2楷林",65,337,0,"HQZ046200","SQ54099 011"
1510,11740,33.76,"2GC","2楷林",26,277,9.6,"HQE024680","SQ67637 011"
1150,10940,24.17,"2GC","2楷林",99,416,0,"HQY017740","SQ51741 011"
1040,7720,15.45,"2GC","2楷林",68,325,8.2,"HQA034910","SQ56621 551"
1100,8890,19.12,"2GA","2楷林",98,367,1.9,"HQB032460","SQ59443 531"
1280,11460,27.55,"2GC","2楷林",31,268,5.3,"HQF162450","SQ72663 521"
1030,9670,19.47,"2GA","2楷林",53,330,0,"HQB051330","SQ59771 541"
1440,11680,31.65,"2GC","2楷林",25,326,4,"HQF140470","SQ72336 011"
1440,11670,32.85,"3GC","2楷林",2,285,0,"HQE119780","SQ69362 521"
1490,11780,33.77,"2GC","2楷林",11,0,11.9,"HQJ062580","SQ79281 541"
1060,10990,22.77,"2GA","2楷林",81,357,0,"HQC125730","SQ64065 531"
1080,11490,24.26,"2GA","2楷林",116,301,0,"HQA086900","SQ57582 051"
1370,10970,28.68,"2GC","2楷林",22,309,14,"HQA073710","SQ57310 031"
1380,10600,27.73,"2GA","2楷林",19,296,12.2,"HQG137200","SQ74956 511"
1310,10920,27.97,"2GA","2楷林",45,272,0,"HQY133410","SQ53191 551"
1250,5900,14.42,"2GC","2楷林",77,428,0,"HQB049190","SQ59749 551"
1180,11170,25.77,"3GC","2楷林",95,273,0,"HQF033530","SQ70528 041"
1390,10940,29.73,"2GB","2楷林",17,549,0,"HQJ108330","SQ80169 041"
1080,10170,20.74,"2GA","2楷林",95,336,4.8,"HQY003700","SQ51547 511"
1210,11810,27.27,"2GC","2楷林",1,277,6.7,"HQJ123060","SQ80401 531"
990,10930,20.62,"2GC","2楷林",34,397,0,"HQD038750","SQ65089 011"
910,9630,16.86,"2GC","2楷林",87,334,14.7,"HQJ161360","SQ81092 051"
1380,7630,20.09,"2GD","2楷林",17,292,8.4,"HQB001830","SQ58894 521"
1250,10530,25.73,"2GB","2楷林",45,558,0,"HQA128800","SQ58187 541"
1450,11850,32.79,"2GD","2楷林",48,255,8.2,"HQY090270","SQ52634 511"
1070,11130,22.72,"2GD","2楷林",86,300,9.9,"HQZ055420","SQ54214 541"
1480,11700,33.85,"2GC","2楷林",4,270,0,"HQY124350","SQ53079 011"
1260,11240,27.24,"2GA","2楷林",2,272,6.7,"HQF039430","SQ70612 541"
1550,11530,34.1,"2GC","2楷林",11,250,13.3,"HQX011620","SQ49232 531"
1160,11810,26.78,"2GD","2楷林",79,352,0,"HQY011230","SQ51644 551"
900,9820,17.28,"2GA","2楷林",73,336,0,"HQZ039230","SQ54005 571"
1050,10990,22.56,"2GC","2楷林",31,301,0,"HQD010880","SQ64627 521"
1120,11390,24.94,"2GA","2楷林",47,324,0,"HQG005070","SQ72798 041"
1180,11140,25.7,"2GD","2楷林",93,288,0,"HQY025580","SQ51849 521"
960,8860,16.63,"2GC","2楷林",88,342,0,"HQF008570","SQ70153 561"
1380,11850,31.46,"2GA","2楷林",21,299,11.1,"HQC048070","SQ62693 511"
1250,11520,27.7,"2GC","2楷林",3,276,3.3,"HQJ123080","SQ80396 041"
960,8430,15.57,"2GA","2楷林",51,326,10.7,"HQG005110","SQ72812 571"
1170,9640,22.05,"2GA","2楷林",84,327,0,"HQY021320","SQ51782 041"
1190,11000,25.18,"2GB","2楷林",68,275,9,"HQY100960","SQ52769 041"
1150,10850,24,"2GC","2楷林",96,319,9.8,"HQA067230","SQ57217 031"
1210,11620,27.49,"2GC","2楷林",45,324,0,"HQY019050","SQ51747 511"
1290,9240,22.93,"2GA","2楷林",15,332,8,"HQA064130","SQ57175 551"
1180,6370,14.69,"2GB","2楷林",65,434,0,"HQZ096250","SQ54830 531"
1270,8840,21.95,"2GC","2楷林",8,300,0,"HQY130160","SQ53143 531"
960,10400,19.21,"2GA","2楷林",52,330,8.1,"HQF004330","SQ70128 521"
1160,11590,26.28,"2GD","2楷林",55,457,0,"HQX085530","SQ50442 561"
1330,5650,14.69,"2GC","2楷林",71,429,0,"HQX166190","SQ51471 051"
1140,11260,25.1,"2GA","2楷林",66,274,0,"HQX006830","SQ49164 521"
980,11310,21.32,"2GA","2楷林",44,313,14.3,"HQX137510","SQ51151 011"
1290,11410,28.78,"2GC","2楷林",63,339,0,"HQA097400","SQ57769 511"
1390,11760,31.96,"2GA","2楷林",2,311,0,"HQC023420","SQ62249 511"
1050,9920,20.36,"2GD","2楷林",61,303,0,"HQC120660","SQ63967 541"
1270,11850,28.95,"2GA","2楷林",32,338,13.3,"HQE145170","SQ69775 051"
1280,7370,18.44,"3GC","2楷林",22,334,0,"HQD118430","SQ66483 521"
1300,9490,23.66,"3GC","2楷林",53,407,0,"HQY137390","SQ53238 011"
920,7770,13.98,"2GC","2楷林",26,341,0,"HQY051150","SQ52214 571"
1570,11180,34.32,"3GC","2楷林",5,330,0,"HQG047770","SQ73646 521"
1050,9280,19.05,"2GA","2楷林",86,288,0,"HQY015640","SQ51724 521"
950,9190,17.07,"2GB","2楷林",67,367,0,"HQF085540","SQ71366 511"
1100,9330,20.06,"2GA","2楷林",72,360,0,"HQA007220","SQ56269 041"
1460,7130,20.35,"2GB","2楷林",15,430,0,"HQF143720","SQ72384 041"
1390,8470,23.02,"2GA","2楷林",19,328,0,"HQC107280","SQ63702 031"
1110,9710,20.73,"2GA","2楷林",45,335,11.4,"HQG032940","SQ73325 021"
1400,9200,25.18,"2GC","2楷林",29,297,0,"HQB020080","SQ59241 531"
1430,11870,33.18,"3GC","2楷林",27,251,0,"HQF073970","SQ71153 521"
1320,10460,26.99,"2GB","2楷林",22,338,0,"HQC034350","SQ62463 551"
1090,11210,23.89,"2GB","2楷林",113,349,0,"HQY048650","SQ52168 041"
1570,9930,30.48,"2GD","2楷林",13,327,0,"HQA115610","SQ58038 051"
1200,8330,19.54,"2GA","2楷林",53,303,0,"HQJ161910","SQ81162 531"
1320,8350,21.55,"2GA","2楷林",83,305,0,"HQZ087820","SQ54709 041"
1570,9930,30.48,"2GB","2楷林",22,327,0,"HQG161280","SQ75396 521"
1560,9880,30.13,"3GC","2楷林",22,331,0,"HQB038130","SQ59552 041"
1380,11720,31.62,"2GC","2楷林",84,271,0,"HQE013120","SQ67411 511"
1560,7620,23.24,"2GA","2楷林",2,375,0,"HQH163190","SQ78312 021"
1020,11870,23.67,"3GC","2楷林",71,327,0,"HQA120920","SQ58080 041"
1250,8410,20.55,"2GA","2楷林",29,348,0,"HQF028780","SQ70448 021"
1290,10380,26.18,"2GA","2楷林",52,340,0,"HQX155400","SQ51354 541"
1300,11010,27.98,"2GA","2楷林",57,253,0,"HQG050140","SQ73676 511"
1570,11330,34.78,"2GA","2楷林",18,337,0,"HQG016120","SQ73022 511"
1520,11550,33.76,"2GD","2楷林",2,297,0,"HQZ089430","SQ54691 511"
1310,10330,26.46,"3GB","2楷林",45,519,0,"HQZ064110","SQ54347 041"
990,9870,18.72,"2GA","2楷林",64,335,0,"HQB104250","SQ60701 021"
1260,9410,23.18,"2GD","2楷林",64,341,0,"HQY070640","SQ52427 551"
1440,10110,27.78,"2GA","2楷林",48,292,10.1,"HQE081600","SQ68679 531"
1270,5540,13.75,"2GA","2楷林",3,275,0,"HQH159320","SQ78259 521"
1170,11410,26.1,"3GC","2楷林",48,519,0,"HQD108550","SQ66329 541"
1290,11620,29.31,"2GD","2楷林",29,338,0,"HQX142420","SQ51208 511"
1290,9160,23.1,"2GA","2楷林",101,341,0,"HQA092990","SQ57739 011"
1290,11790,29.73,"2GA","2楷林",54,338,0,"HQB006780","SQ58989 051"
1070,9040,18.56,"3GC","2楷林",46,331,0,"HQF028020","SQ70475 011"
1480,10100,28.93,"2GA","2楷林",21,338,0,"HQA024910","SQ56501 011"
1080,10480,22.13,"2GB","2楷林",69,331,0,"HQF155620","SQ72591 551"
1190,9780,22.47,"2GC","2楷林",98,524,0,"HQB050790","SQ59804 011"
900,11070,19.48,"2GC","2楷林",60,273,0,"HQB077910","SQ60289 041"
1410,9040,24.92,"2GC","2楷林",5,491,0,"HQJ108210","SQ80185 521"
900,9860,17.35,"2GA","2楷林",63,334,0,"HQZ009990","SQ53741 021"
1370,11450,30.67,"2GA","2楷林",2,268,0,"HQD144130","SQ66951 041"
1290,8640,21.79,"2GB","2楷林",62,348,0,"HQG035220","SQ73395 021"
1400,11760,32.19,"2GA","2楷林",73,273,0,"HQA067000","SQ57232 041"
1010,10170,20.08,"2GA","2楷林",67,272,0,"HQB090850","SQ60513 061"
1260,7220,17.79,"2GB","2楷林",12,360,0,"HQJ031170","SQ78812 051"
1250,6090,14.88,"3GC","2楷林",74,425,0,"HQB049160","SQ59749 541"
1300,9120,23.18,"2GA","2楷林",44,377,0,"HQC019900","SQ62215 521"
1350,9380,24.48,"3GB","2楷林",25,341,0,"HQC034380","SQ62463 011"
1300,11730,29.81,"2GA","2楷林",56,335,0,"HQX088310","SQ50510 531"
1460,11770,33.6,"2GA","2楷林",35,251,0,"HQG143710","SQ75109 021"
1230,11870,28.54,"2GD","2楷林",44,404,0,"HQA125500","SQ58174 551"
1150,11760,26.44,"2GA","2楷林",20,269,0,"HQY030560","SQ51912 031"
1150,8720,19.6,"2GA","2楷林",52,342,0,"HQJ122260","SQ80381 541"
980,11020,21.11,"2GC","2楷林",75,278,0,"HQD153600","SQ67088 061"
1200,9920,23.27,"2GA","2楷林",25,446,0,"HQF081740","SQ71274 531"
1150,10040,22.57,"2GB","2楷林",17,548,0,"HQG091910","SQ74218 541"
1230,8240,19.81,"2GA","2楷林",67,344,0,"HQB089850","SQ60474 561"
1510,11850,34.98,"2GA","2楷林",2,289,0,"HQD021160","SQ64809 541"
1030,9250,18.63,"2GA","2楷林",60,330,0,"HQX134920","SQ51127 531"
1570,11400,34.99,"2GC","2楷林",37,330,0,"HQH115300","SQ77566 011"
1570,7660,23.51,"2GA","2楷林",9,328,0,"HQD126380","SQ66596 031"
1290,8940,22.55,"3GC","2楷林",40,291,0,"HQA135620","SQ58313 021"
1150,8610,19.36,"2GA","2楷林",32,342,0,"HQE048200","SQ68072 031"
1260,11020,27.15,"2GB","2楷林",54,325,0,"HQB137940","SQ61378 511"
1550,10980,33.27,"2GD","2楷林",15,338,0,"HQA139340","SQ58376 531"
960,11870,22.28,"3GC","2楷林",52,395,0,"HQG021590","SQ73177 021"
1260,9170,22.59,"2GA","2楷林",23,330,0,"HQE065970","SQ68385 061"
1070,8880,18.23,"2GA","2楷林",80,335,0,"HQX160910","SQ51442 511"
1170,10620,24.29,"2GB","2楷林",33,470,0,"HQG011630","SQ72971 051"
1060,11520,23.87,"2GA","2楷林",57,352,0,"HQB062090","SQ60009 021"
1110,11770,25.54,"2GB","2楷林",76,354,0,"HQH086530","SQ77044 531"
950,10560,19.61,"2GA","2楷林",103,325,0,"HQZ045490","SQ54093 571"
1270,9270,23.02,"2GC","2楷林",23,326,0,"HQF122640","SQ72011 521"
1500,11860,34.78,"2GC","2楷林",39,270,0,"HQG049960","SQ73678 031"
1500,10600,30.67,"3GC","2楷林",33,264,0,"HQD112070","SQ66377 011"
1420,9970,27.68,"2GA","2楷林",22,336,0,"HQY158810","SQ53565 541"
1330,9560,24.48,"2GD","2楷林",35,363,0,"HQX073880","SQ50301 011"
1060,10660,22.09,"2GB","2楷林",59,460,0,"HQG106270","SQ74428 061"
1130,11380,25.14,"2GC","2楷林",40,548,0,"HQH021300","SQ75874 041"
1280,11630,29.1,"2GB","2楷林",22,512,0,"HQG110370","SQ74478 061"
1300,8660,21.59,"2GC","2楷林",13,423,0,"HQJ076860","SQ79590 021"
1370,8170,21.88,"2GA","2楷林",69,354,0,"HQZ070800","SQ54446 031"
1300,11340,28.82,"2GA","2楷林",54,317,0,"HQH069960","SQ76759 031"
1190,9930,23.1,"3GC","2楷林",34,337,0,"HQY081130","SQ52536 051"
1270,9300,23.09,"2GA","2楷林",67,325,0,"HQF105160","SQ71650 511"
1290,10480,26.43,"2GA","2楷林",34,336,0,"HQC116670","SQ63911 031"
1070,11430,23.91,"2GA","2楷林",57,297,0,"HQD040810","SQ65128 511"
1350,9110,23.69,"3GC","2楷林",2,315,0,"HQD063970","SQ65544 521"
1440,11400,32.09,"2GA","2楷林",30,281,0,"HQX011810","SQ49258 041"
1380,11800,31.84,"2GA","2楷林",25,356,0,"HQJ124610","SQ80489 011"
1380,10250,27.15,"2GA","2楷林",13,445,0,"HQE056190","SQ68228 021"
1140,11760,25.58,"2GC","2楷林",61,276,9.2,"HQF032320","SQ70496 041"
1340,11710,30.68,"2GB","2楷林",51,526,0,"HQE071920","SQ68478 511"
1270,8670,21.18,"2GA","2楷林",25,306,5.9,"HQC073560","SQ63187 531"
1350,10640,28.08,"2GA","2楷林",18,312,0,"HQC025110","SQ62297 051"
1290,11850,29.89,"2GC","2楷林",43,269,0,"HQZ094410","SQ54792 021"
1200,11720,27.5,"3GC","2楷林",84,515,0,"HQE140150","SQ69732 541"
1200,9720,22.8,"3GC","2楷林",40,417,0,"HQG054890","SQ73775 031"
1190,11360,26.43,"3GC","2楷林",42,339,0,"HQH052460","SQ76432 061"
1380,11140,30.05,"2GB","2楷林",3,466,0,"HQX050180","SQ49965 041"
1260,9380,23.11,"2GA","2楷林",79,324,0,"HQE001670","SQ67260 511"
1480,11570,33.48,"2GB","2楷林",17,523,0,"HQY037860","SQ52042 531"
1160,8990,20.39,"3GC","2楷林",47,534,0,"HQJ148050","SQ80867 041"
1080,10800,22.28,"3GC","2楷林",47,327,0,"HQF115130","SQ71871 511"
1500,11800,34.6,"2GB","2楷林",5,517,0,"HQA050810","SQ56957 021"
1180,11570,26.69,"2GA","2楷林",34,441,0,"HQF015690","SQ70268 031"
970,11750,22.28,"2GA","2楷林",45,401,0,"HQG082650","SQ74147 021"
1260,9390,23.13,"2GA","2楷林",77,376,0,"HQH051280","SQ76415 521"
1390,11090,30.14,"3GC","2楷林",50,343,0,"HQC138140","SQ64305 021"
1270,8600,21.35,"2GA","2楷林",39,281,0,"HQD159860","SQ67185 061"
960,9000,16.89,"3GC","2楷林",59,344,0,"HQF115820","SQ71877 551"
1010,9060,17.89,"2GA","2楷林",34,337,0,"HQF037490","SQ70616 041"
1430,7360,20.58,"2GA","2楷林",10,455,0,"HQG042930","SQ73516 051"
1240,9030,21.89,"2GC","2楷林",44,446,0,"HQC026760","SQ62314 531"
1150,11260,25.32,"2GA","2楷林",79,317,0,"HQA149300","SQ58506 061"
1520,9100,26.6,"2GA","2楷林",19,466,0,"HQB088550","SQ60447 011"
1260,9330,22.98,"2GA","2楷林",18,343,0,"HQX094880","SQ50603 521"
1260,10180,25.08,"2GB","2楷林",47,339,0,"HQY059780","SQ52295 041"
1360,8680,23.08,"2GC","2楷林",60,346,0,"HQC074850","SQ63234 511"
1290,6210,15.66,"2GA","2楷林",59,460,0,"HQA048460","SQ56920 551"
1260,9380,23.11,"2GA","2楷林",6,330,0,"HQC098350","SQ63641 051"
1050,6860,14.08,"2GA","2楷林",33,448,0,"HQZ005590","SQ53683 551"
1410,11640,31.57,"2GC","2楷林",59,269,4.8,"HQH121820","SQ77659 041"
1390,11450,30.67,"2GA","2楷林",42,325,0,"HQG027730","SQ73277 021"
1350,9940,26.23,"2GA","2楷林",41,340,0,"HQA058340","SQ57098 041"
1380,8440,22.41,"2GA","2楷林",15,304,9.3,"HQJ161530","SQ81124 531"
1100,10290,22.13,"3GC","2楷林",70,439,0,"HQF057580","SQ70950 551"
1090,9890,21.08,"3GC","2楷林",36,426,0,"HQF048150","SQ70768 521"
1450,11830,32.73,"2GC","2楷林",53,284,12.8,"HQJ067800","SQ79378 041"
1250,9940,24.29,"2GD","2楷林",92,333,0,"HQH016400","SQ75802 551"
1380,9470,25.09,"3GB","2楷林",22,425,0,"HQG080520","SQ74085 021"
960,11870,22.28,"2GC","2楷林",78,326,0,"HQE099490","SQ68992 541"
1020,11860,23.65,"2GA","2楷林",124,339,0,"HQX107720","SQ50747 561"
1110,9280,20.14,"2GB","2楷林",48,488,0,"HQA094910","SQ57764 511"
1270,11270,27.98,"3GC","2楷林",59,320,0,"HQH016070","SQ75801 061"
1270,9330,23.16,"2GA","2楷林",59,324,0,"HQD129740","SQ66648 511"
900,8820,15.52,"2GA","2楷林",79,313,0,"HQH052830","SQ76440 531"
1210,9530,22.08,"3GB","2楷林",2,329,0,"HQG030730","SQ73326 021"
1110,9460,20.53,"3GC","2楷林",49,337,0,"HQZ128550","SQ55396 551"
1250,8250,20.16,"2GD","2楷林",50,337,0,"HQG084030","SQ74156 551"
1040,9410,18.83,"2GB","2楷林",64,330,8.3,"HQD112380","SQ66364 531"
1000,11830,23.13,"2GA","2楷林",62,339,0,"HQH074970","SQ76840 541"
1290,9230,23.28,"2GA","2楷林",16,319,0,"HQZ003720","SQ53666 541"
1200,9580,22.12,"2GA","2楷林",50,266,12.4,"HQY118310","SQ53007 551"
1260,10690,26.33,"2GB","2楷林",19,340,0,"HQC100300","SQ63662 011"
1190,11870,27.61,"2GA","2楷林",45,294,0,"HQB034650","SQ59490 531"
1470,11680,33.57,"2GD","2楷林",23,529,0,"HQB077510","SQ60274 011"
1070,8940,18.7,"2GA","2楷林",66,329,0,"HQX159780","SQ51417 071"
1220,11190,26.69,"2GB","2楷林",31,523,0,"HQH057060","SQ76479 041"
1500,9880,28.97,"2GA","2楷林",33,346,0,"HQH121560","SQ77679 541"
1440,9250,26.04,"2GB","2楷林",14,516,0,"HQG148330","SQ75185 541"
1240,11190,26.69,"2GA","2楷林",32,447,0,"HQD161580","SQ67153 011"
990,8100,15.68,"2GA","2楷林",53,260,0,"HQG128170","SQ74807 061"
1570,10460,32.11,"2GA","2楷林",12,326,0,"HQZ121110","SQ55267 521"
1070,11370,23.78,"2GA","2楷林",54,338,0,"HQJ019960","SQ78652 051"
1270,9290,23.07,"2GC","2楷林",11,425,0,"HQA052430","SQ56993 031"
1260,9290,22.88,"2GC","2楷林",73,331,0,"HQA100330","SQ57808 551"
1090,6850,14.6,"3GC","2楷林",86,303,0,"HQY041760","SQ52083 561"
1170,9030,20.65,"3GC","2楷林",43,252,0,"HQZ003990","SQ53673 541"
1570,9840,30.2,"2GA","2楷林",8,309,0,"HQJ161460","SQ81154 541"
1180,11310,26.09,"2GB","2楷林",70,426,0,"HQZ097870","SQ54830 021"
1260,9660,23.8,"2GA","2楷林",18,354,0,"HQH157510","SQ78243 521"
1470,11860,34.08,"2GA","2楷林",3,270,0,"HQZ001740","SQ53645 031"
1340,11800,30.91,"2GB","2楷林",23,534,0,"HQA144240","SQ58455 531"
1460,10190,29.09,"2GB","2楷林",18,428,0,"HQF143750","SQ72384 521"
1410,10390,28.64,"2GA","2楷林",14,316,0,"HQY094830","SQ52731 541"
1220,10940,26.09,"2GB","2楷林",19,484,0,"HQJ061420","SQ79299 031"
1290,9190,23.18,"2GA","2楷林",27,333,0,"HQE113210","SQ69281 531"
1090,10360,22.08,"2GA","2楷林",36,324,0,"HQE027960","SQ67701 551"
1210,10360,24.51,"2GC","2楷林",19,523,0,"HQX133620","SQ51088 051"
1260,9410,23.18,"2GA","2楷林",50,329,0,"HQC097110","SQ63624 511"
1220,9620,22.94,"2GA","2楷林",36,333,0,"HQG028530","SQ73256 541"
1300,8880,22.57,"2GA","2楷林",85,332,0,"HQX105380","SQ50727 031"
980,9960,19.08,"2GA","2楷林",52,329,0,"HQE027320","SQ67709 531"
920,10360,18.63,"2GA","2楷林",114,336,0,"HQZ140140","SQ55636 521"
1440,11640,32.77,"2GA","2楷林",39,271,0,"HQJ131360","SQ80568 551"
1290,11100,27.99,"2GA","2楷林",3,315,0,"HQH123810","SQ77726 031"
1410,11180,30.82,"2GA","2楷林",26,0,0,"HQZ161340","SQ55957 011"
1290,5620,14.17,"2GA","2楷林",51,449,0,"HQB085240","SQ60410 561"
1260,7630,18.79,"2GB","2楷林",20,427,0,"HQB113020","SQ60919 031"
1210,7780,18.1,"2GB","2楷林",30,526,0,"HQF083520","SQ71308 011"
1090,9420,20.07,"2GC","2楷林",34,504,0,"HQE064190","SQ68374 051"
1190,10880,24.89,"2GB","2楷林",26,487,0,"HQY060130","SQ52331 521"
1350,9710,25.63,"2GB","2楷林",32,338,0,"HQX108780","SQ50763 051"
1310,10630,27.22,"3GC","2楷林",51,271,0,"HQE063750","SQ68342 021"
1230,8420,20.25,"2GA","2楷林",81,324,0,"HQF104390","SQ71662 041"
1270,8770,21.77,"2GB","2楷林",54,434,0,"HQY077900","SQ52500 511"
1380,11830,31.92,"2GC","2楷林",30,274,0,"HQE011750","SQ67403 011"
1290,8520,21.49,"2GC","2楷林",38,341,0,"HQY119270","SQ53020 511"
1190,9060,21.08,"2GB","2楷林",24,421,0,"HQJ069820","SQ79444 021"
1270,8880,22.05,"2GB","2楷林",22,490,0,"HQJ003160","SQ78408 541"
1270,9310,23.12,"2GA","2楷林",63,328,0,"HQE000780","SQ67231 531"
1240,8660,20.99,"2GB","2楷林",38,386,0,"HQE134120","SQ69605 531"
1130,10100,22.31,"2GB","2楷林",77,335,0,"HQY046360","SQ52152 061"
1300,11120,28.26,"2GA","2楷林",32,340,0,"HQZ067000","SQ54395 041"
1250,10820,26.44,"2GC","2楷林",43,337,0,"HQY137280","SQ53267 541"
1280,10890,27.25,"2GA","2楷林",8,329,0,"HQH098720","SQ77252 551"
1080,10010,21.14,"2GA","2楷林",75,324,0,"HQH162470","SQ78281 541"
940,10860,19.96,"3GC","2楷林",50,438,0,"HQE039240","SQ67910 561"
1300,11650,29.61,"2GA","2楷林",63,318,0,"HQE110630","SQ69233 511"
1570,11400,34.99,"2GA","2楷林",3,279,0,"HQB003080","SQ58918 041"
1040,9630,19.58,"2GC","2楷林",87,274,0,"HQB085600","SQ60391 521"
1270,9700,24.08,"2GC","2楷林",16,538,0,"HQX061230","SQ50154 051"
1260,9210,22.69,"3GC","2楷林",26,333,0,"HQE059020","SQ68246 541"
1490,10760,31.34,"2GB","2楷林",4,465,0,"HQD129190","SQ66658 041"
900,11700,20.59,"2GA","2楷林",45,396,0,"HQJ062400","SQ79313 031"
1170,9750,22.3,"2GA","2楷林",44,338,0,"HQZ049340","SQ54172 071"
960,8500,15.95,"2GB","2楷林",71,474,0,"HQH096530","SQ77240 561"
920,10890,19.59,"2GC","2楷林",55,402,0,"HQG022390","SQ73187 571"
1090,7190,15.32,"3GB","2楷林",78,354,0,"HQY048300","SQ52170 021"
1180,9400,21.68,"2GB","2楷林",100,453,0,"HQH131060","SQ77812 061"
1190,9740,22.66,"2GA","2楷林",20,295,0,"HQD031010","SQ64971 561"
1380,10430,28.14,"2GB","2楷林",2,312,141.2,"HQY092850","SQ52218 511"
1490,11860,34.55,"2GB","2楷林",12,471,0,"HQF040140","SQ70676 031"
1280,8990,22.5,"2GA","2楷林",37,321,0,"HQG017600","SQ73113 041"
1570,11400,34.99,"2GD","2楷林",12,270,0,"HQX059160","SQ50114 541"
1370,10610,28.42,"3GC","2楷林",26,350,0,"HQA099860","SQ57822 021"
1200,8690,20.39,"3GC","2楷林",39,531,0,"HQB090570","SQ60522 511"
1100,9330,20.06,"3GC","2楷林",73,356,0,"HQA164440","SQ58776 521"
1270,10000,24.83,"2GA","2楷林",76,300,0,"HQE086710","SQ68767 031"
1320,7550,19.48,"2GA","2楷林",65,339,0,"HQC066140","SQ63081 531"
1120,10150,22.22,"2GC","2楷林",60,544,0,"HQX036260","SQ49688 551"
1040,10850,22.06,"2GB","2楷林",70,335,0,"HQA027590","SQ56498 041"
1060,9690,20.08,"2GA","2楷林",71,327,0,"HQH012840","SQ75748 061"
1240,9520,23.08,"2GA","2楷林",2,323,0,"HQF056280","SQ70904 551"
1320,10210,26.35,"2GA","2楷林",83,339,0,"HQX123910","SQ50975 031"
1280,9260,23.17,"2GA","2楷林",40,325,0,"HQF148910","SQ72495 511"
1250,9280,22.68,"2GA","2楷林",44,354,0,"HQF027420","SQ70454 511"
1340,7370,19.31,"2GA","2楷林",80,335,0,"HQB025790","SQ59305 051"
1230,11480,27.61,"2GD","2楷林",46,404,0,"HQA125520","SQ58174 511"
1060,10070,20.57,"2GB","2楷林",49,514,0,"HQH062930","SQ76608 521"
900,9440,16.61,"2GA","2楷林",64,327,0,"HQH099280","SQ77285 511"
910,10180,18.11,"2GC","2楷林",105,343,0,"HQY132850","SQ53203 541"
1400,10530,28.82,"3GC","2楷林",61,508,0,"HQX115140","SQ50859 531"
1450,8700,24.66,"2GB","2楷林",10,548,0,"HQC106200","SQ63733 011"
1320,11340,29.26,"2GA","2楷林",23,324,0,"HQJ160200","SQ81097 041"
1130,11450,25.29,"2GA","2楷林",72,273,0,"HQF083940","SQ71320 551"
1390,8530,23.18,"2GA","2楷林",15,327,0,"HQC022650","SQ62239 531"
1260,8360,20.59,"2GB","2楷林",74,322,0,"HQX083090","SQ50416 061"
980,6850,13.12,"3GC","2楷林",67,457,0,"HQG061360","SQ73855 561"
950,10930,20.3,"2GB","2楷林",95,342,0,"HQJ090160","SQ79817 521"
1450,11780,33.39,"2GB","2楷林",27,530,0,"HQY154950","SQ53521 541"
1570,11520,34.91,"3GC","2楷林",24,291,0,"HQA087160","SQ57631 011"
1380,8550,23.07,"2GC","2楷林",26,323,0,"HQD059850","SQ65497 061"
950,10810,20.08,"3GB","2楷林",70,349,0,"HQG063970","SQ73920 031"
1080,10040,21.2,"2GA","2楷林",91,329,0,"HQH011460","SQ75746 561"
1350,8540,22.54,"2GA","2楷林",41,326,0,"HQX020640","SQ49416 021"
1450,10750,30.47,"3GC","2楷林",57,326,0,"HQH026770","SQ75962 541"
1400,11730,32.11,"2GC","2楷林",67,326,0,"HQX136940","SQ51152 531"
1270,6190,15.37,"2GA","2楷林",47,338,0,"HQE092010","SQ68873 561"
1400,9170,25.1,"2GC","2楷林",37,322,0,"HQY066080","SQ52393 561"
1510,11770,34.75,"2GC","2楷林",5,350,0,"HQY032550","SQ51941 031"
1260,9740,23.99,"2GA","2楷林",60,338,0,"HQZ082260","SQ54604 531"
1270,9310,23.12,"2GA","2楷林",44,331,0,"HQE000590","SQ67226 521"
900,9440,16.61,"2GA","2楷林",73,393,0,"HQH098610","SQ77282 071"
1530,11640,34.82,"2GC","2楷林",9,318,0,"HQZ044540","SQ54085 521"
1100,10040,21.59,"2GC","2楷林",37,495,0,"HQJ143460","SQ80792 061"
1030,11770,23.7,"3GC","2楷林",49,390,0,"HQC019190","SQ62206 051"
1290,9190,23.18,"2GA","2楷林",51,328,0,"HQG077310","SQ74077 551"
1110,11050,23.98,"2GA","2楷林",22,298,0,"HQD080200","SQ65842 061"
1290,9190,23.18,"2GA","2楷林",43,326,0,"HQG077230","SQ74072 041"
1100,9370,20.15,"2GA","2楷林",48,374,2,"HQB030540","SQ59436 071"
1270,11360,27.98,"2GC","2楷林",28,363,0,"HQJ040610","SQ78953 511"
1220,9250,22.06,"3GC","2楷林",78,490,0,"HQB129780","SQ61242 041"
1390,9660,25.97,"2GD","2楷林",4,446,0,"HQF031750","SQ70529 511"
1270,11800,29.3,"2GA","2楷林",47,299,0,"HQG089710","SQ74197 051"
1340,8750,22.92,"3GB","2楷林",21,518,0,"HQD109290","SQ66350 041"
1100,11800,25.38,"2GA","2楷林",94,269,0,"HQY029470","SQ51917 541"
1390,11790,32.04,"2GB","2楷林",17,494,0,"HQH044860","SQ76277 521"
1210,10910,25.81,"2GA","2楷林",46,268,0,"HQG066530","SQ73937 531"
1070,8870,18.55,"2GA","2楷林",68,334,0,"HQC068630","SQ63100 541"
1010,9430,18.16,"3GC","2楷林",33,336,0,"HQD098010","SQ66177 511"
1260,9490,23.19,"2GA","2楷林",23,332,0,"HQA162410","SQ58759 011"
1200,9540,22.38,"3GC","2楷林",35,415,0,"HQG054840","SQ73775 061"
1420,11420,31.7,"2GA","2楷林",37,273,0,"HQG048090","SQ73626 051"
1110,7060,15.32,"2GA","2楷林",55,351,0,"HQD087130","SQ65971 021"
1340,10170,26.22,"2GA","2楷林",13,310,9.5,"HQH017950","SQ75812 511"
1240,10130,24.56,"2GA","2楷林",21,321,0,"HQA071400","SQ57299 551"
1430,9330,26.08,"2GB","2楷林",19,460,0,"HQB001840","SQ58884 051"
1310,11470,29.38,"2GB","2楷林",21,524,0,"HQX076630","SQ50352 531"
1480,11690,33.48,"2GB","2楷林",32,525,0,"HQY155000","SQ53519 021"
1000,9490,18.55,"2GA","2楷林",70,408,0,"HQC085460","SQ63429 531"
1250,11130,27.2,"2GA","2楷林",10,350,0,"HQG151420","SQ75255 041"
1410,11560,31.36,"2GC","2楷林",24,312,4.6,"HQY091200","SQ52669 551"
1340,11690,30.28,"2GA","2楷林",61,339,0,"HQJ058990","SQ79246 511"
1450,10910,30.5,"2GD","2楷林",2,266,0,"HQC001090","SQ61595 511"
1120,11360,24.87,"2GA","2楷林",40,299,0,"HQY151330","SQ53456 541"
1100,9860,21.2,"2GA","2楷林",61,330,0,"HQH011160","SQ75740 561"
1050,11680,23.98,"2GA","2楷林",40,342,0,"HQF144810","SQ72443 531"
1380,9240,24.93,"2GB","2楷林",8,511,0,"HQY058650","SQ52305 011"
1330,9650,25.09,"3GC","2楷林",7,498,0,"HQA056820","SQ57048 551"
1510,11730,34.63,"3GC","2楷林",5,339,0,"HQH074410","SQ76835 521"
1270,11270,27.98,"2GA","2楷林",32,332,0,"HQF041310","SQ70675 041"
1180,10520,24.27,"2GD","2楷林",55,332,0,"HQX139120","SQ51171 041"
1450,9560,27.1,"2GA","2楷林",2,526,0,"HQA130330","SQ58239 051"
1190,11290,26.27,"2GC","2楷林",63,326,0,"HQX018290","SQ49382 031"
1040,9440,19.19,"2GB","2楷林",52,339,0,"HQZ002230","SQ53651 031"
1290,10180,25.67,"2GA","2楷林",26,339,0,"HQJ059520","SQ79258 041"
1320,10240,26.43,"2GA","2楷林",95,335,0,"HQX124030","SQ50976 541"
960,8860,16.63,"3GB","2楷林",57,353,0,"HQG031280","SQ73332 081"
1340,8990,23.2,"2GA","2楷林",7,314,0,"HQJ101440","SQ80046 011"
1470,10570,30.38,"2GC","2楷林",18,325,0,"HQF125220","SQ72023 051"
1100,8890,19.12,"3GC","2楷林",85,368,0,"HQZ159900","SQ55964 561"
1320,7720,19.92,"2GA","2楷林",25,290,0,"HQX034660","SQ49677 551"
1460,11470,32.74,"2GC","2楷林",43,272,0,"HQZ042490","SQ54075 021"
980,10210,19.56,"2GD","2楷林",43,298,0,"HQE078260","SQ68606 541"
1260,9410,23.18,"2GB","2楷林",23,378,0,"HQF106830","SQ71713 031"
920,10270,18.47,"2GC","2楷林",89,334,0,"HQY051780","SQ52216 541"
1290,8180,20.63,"2GA","2楷林",1,324,0,"HQB006250","SQ58982 521"
1240,10300,24.97,"2GA","2楷林",49,337,0,"HQJ028190","SQ78781 511"
1290,10570,26.66,"2GC","2楷林",42,447,0,"HQE082390","SQ68645 051"
1200,9670,22.21,"2GA","2楷林",45,327,0,"HQF158800","SQ72643 511"
1080,9200,19.42,"2GC","2楷林",35,333,0,"HQC092150","SQ63562 561"
1330,8910,23.17,"3GC","2楷林",17,328,0,"HQA118350","SQ58058 051"
1290,10340,26.08,"2GA","2楷林",71,338,0,"HQE103700","SQ69068 511"
1320,8430,21.75,"2GA","2楷林",65,299,0,"HQZ087640","SQ54698 561"
1340,11730,30.5,"2GB","2楷林",45,432,0,"HQG136700","SQ75011 011"
1570,10460,32.11,"2GA","2楷林",24,327,0,"HQX086440","SQ50491 031"
980,9980,19.12,"2GA","2楷林",61,326,0,"HQG089850","SQ74185 511"
1380,11210,30.24,"2GA","2楷林",56,333,0,"HQJ038900","SQ78925 551"
1330,9920,25.79,"2GA","2楷林",55,334,0,"HQC037220","SQ62487 011"
1240,8400,20.36,"2GB","2楷林",71,542,0,"HQX114130","SQ50828 041"
1260,9030,22.24,"3GB","2楷林",54,455,0,"HQD130870","SQ66702 561"
1350,7880,20.8,"2GB","2楷林",49,422,0,"HQY002210","SQ51555 541"
1270,11330,27.69,"2GA","2楷林",32,299,0,"HQG090470","SQ74200 011"
1390,11810,32.09,"2GB","2楷林",33,324,0,"HQB085060","SQ60408 051"
1340,8960,23.03,"2GA","2楷林",31,328,0,"HQG128530","SQ74859 011"
1290,10070,25.4,"2GC","2楷林",20,451,0,"HQJ123940","SQ80486 521"
1180,11310,26.09,"2GC","2楷林",43,459,0,"HQJ063480","SQ79358 531"
1420,11660,31.8,"2GC","2楷林",12,516,0,"HQE139430","SQ69732 021"
1330,11590,30.14,"2GA","2楷林",11,331,0,"HQB029070","SQ59411 031"
1260,8110,19.98,"2GA","2楷林",75,367,0,"HQE042960","SQ67989 071"
1290,8950,22.57,"2GA","2楷林",71,334,0,"HQE113650","SQ69290 531"
1380,11140,30.05,"2GC","2楷林",45,327,0,"HQB017910","SQ59193 521"
1190,11640,27.08,"2GD","2楷林",64,407,0,"HQA125010","SQ58176 541"
1430,10270,27.96,"2GA","2楷林",7,274,8.4,"HQF021550","SQ70363 021"
1260,11770,28.99,"2GA","2楷林",48,336,0,"HQJ028180","SQ78778 051"
1570,11370,34.9,"3GC","2楷林",6,254,0,"HQD032440","SQ65011 041"
1300,8920,22.67,"2GA","2楷林",49,334,0,"HQX105020","SQ50724 011"
1020,10060,20.06,"2GA","2楷林",80,502,0,"HQD077550","SQ65797 511"
950,9040,16.79,"2GA","2楷林",105,353,0,"HQH001600","SQ75587 071"
960,11680,21.92,"2GA","2楷林",90,360,0,"HQX150660","SQ51282 561"
1160,11870,26.92,"2GA","2楷林",82,354,0,"HQX088570","SQ50531 011"
1190,9930,23.1,"3GC","2楷林",53,333,0,"HQY079670","SQ52534 541"
1070,11470,23.99,"2GC","2楷林",93,304,0,"HQC081010","SQ63320 041"
1250,8680,21.21,"2GD","2楷林",49,541,0,"HQY029960","SQ51915 071"
1300,7650,19.44,"2GA","2楷林",49,261,0,"HQG050060","SQ73673 051"
1360,11330,30.12,"2GA","2楷林",39,334,0,"HQX015620","SQ49335 541"
930,8730,15.87,"2GC","2楷林",57,320,0,"HQD011780","SQ64670 041"
1260,8050,19.83,"2GA","2楷林",89,356,0,"HQE033710","SQ67804 021"
1380,11840,31.94,"3GC","2楷林",14,265,0,"HQJ015820","SQ78595 541"
1140,11190,24.94,"2GC","2楷林",1,259,0,"HQD111750","SQ66353 531"
1310,11330,29.02,"2GA","2楷林",18,341,0,"HQJ014350","SQ78578 061"
1100,9370,20.15,"2GA","2楷林",101,373,2.9,"HQB029970","SQ59433 531"
1330,11810,30.71,"2GD","2楷林",19,522,0,"HQX038770","SQ49753 521"
1240,7940,19.09,"3GC","2楷林",50,553,0,"HQA155350","SQ58618 511"
1550,11550,35,"2GA","2楷林",16,271,0,"HQG039800","SQ73472 521"
1260,10910,26.34,"3GC","2楷林",67,332,0,"HQC009330","SQ61703 011"
1270,8450,20.98,"3GC","2楷林",31,388,0,"HQG109030","SQ74474 561"
1380,11840,31.94,"3GC","2楷林",19,274,0,"HQF031900","SQ70517 031"
1270,9140,22.69,"3GC","2楷林",35,396,0,"HQG108400","SQ74469 551"
930,8730,15.87,"3GC","2楷林",49,302,0,"HQH028680","SQ76019 511"
1140,10080,22.07,"2GC","2楷林",77,450,0,"HQC027090","SQ62318 021"
1260,8140,20.05,"2GA","2楷林",21,362,0,"HQB148420","SQ61518 531"
1280,9520,23.82,"2GB","2楷林",60,316,0,"HQD086200","SQ65944 531"
1560,11260,34.34,"2GA","2楷林",14,323,0,"HQY009020","SQ51639 031"
1240,8470,20.53,"3GC","2楷林",65,320,0,"HQX043720","SQ49799 541"
1300,9790,24.88,"3GB","2楷林",45,342,0,"HQZ089860","SQ54731 531"
1300,9120,23.18,"2GA","2楷林",28,376,0,"HQC019740","SQ62214 551"
1220,8700,20.75,"2GA","2楷林",43,349,0,"HQH136640","SQ77936 551"
1380,11520,31.08,"2GB","2楷林",4,334,0,"HQD043720","SQ65150 541"
1110,8340,18.1,"3GC","2楷林",63,288,0,"HQC025560","SQ62291 551"
1110,10400,22.57,"2GA","2楷林",83,270,0,"HQF082320","SQ71290 551"
930,11700,21.27,"2GA","2楷林",75,341,0,"HQJ100950","SQ80029 041"
1380,9180,24.77,"2GC","2楷林",29,273,0,"HQE011740","SQ67403 051"
1530,11680,34.1,"2GA","2楷林",9,269,13.9,"HQB121910","SQ61061 031"
1300,10000,25.42,"2GB","2楷林",58,397,0,"HQY034790","SQ52007 531"
960,8370,15.71,"2GB","2楷林",68,476,0,"HQH096500","SQ77237 531"
1270,10610,25.93,"2GC","2楷林",62,465,0,"HQJ078780","SQ79624 011"
1410,11810,32.55,"3GC","2楷林",23,497,0,"HQE084590","SQ68732 041"
1290,9790,24.69,"2GB","2楷林",49,453,0,"HQZ151230","SQ55827 511"
1340,11870,31.1,"2GA","2楷林",32,322,0,"HQG042460","SQ73501 031"
1240,9440,22.88,"3GC","2楷林",32,340,0,"HQD094020","SQ66100 021"
1260,9380,23.11,"2GA","2楷林",53,330,0,"HQD151670","SQ67059 551"
1290,11110,27.58,"2GD","2楷林",48,364,0,"HQX074010","SQ50301 521"
1120,10150,22.22,"2GC","2楷林",56,544,0,"HQX036220","SQ49691 511"
1400,9320,25.51,"2GB","2楷林",6,530,0,"HQG093650","SQ74230 021"
1150,9420,21.18,"2GA","2楷林",41,340,0,"HQX069140","SQ50275 521"
960,10670,19.71,"2GA","2楷林",65,281,3.9,"HQH031950","SQ76051 561"
1510,7590,21.65,"2GC","2楷林",5,250,5.3,"HQH032600","SQ76045 011"
980,11780,22.57,"2GC","2楷林",94,301,0,"HQJ041270","SQ78983 521"
1190,9840,22.89,"3GC","2楷林",27,451,0,"HQY073660","SQ52466 031"
1190,6140,14.28,"2GC","2楷林",48,440,0,"HQY006460","SQ51589 581"
1340,8990,23.55,"2GB","2楷林",73,422,0,"HQX048370","SQ49918 531"
1000,11500,22.48,"2GA","2楷林",73,353,0,"HQF052210","SQ70862 531"
1380,11700,31.57,"2GA","2楷林",19,250,0,"HQB070800","SQ60144 041"
1260,9410,23.18,"2GA","2楷林",18,329,0,"HQC098470","SQ63644 541"
1260,9410,23.18,"2GA","2楷林",47,363,0,"HQG023330","SQ73193 511"
1190,11620,26.47,"2GA","2楷林",73,341,0,"HQD066240","SQ65579 021"
950,10810,20.08,"2GA","2楷林",76,354,0,"HQX092080","SQ50558 021"
1560,9900,30.19,"2GC","2楷林",48,336,0,"HQB038390","SQ59558 521"
1250,8000,19.47,"2GC","2楷林",73,419,0,"HQY105980","SQ52864 571"
1210,11810,27.94,"2GC","2楷林",80,553,0,"HQC061080","SQ62951 531"
1100,9390,20.19,"2GA","2楷林",87,364,4,"HQB029830","SQ59428 031"
1400,8460,23.16,"2GA","2楷林",32,327,0,"HQD143580","SQ66882 021"
1000,11350,22.19,"2GC","2楷林",48,455,0,"HQY108200","SQ52873 551"
1290,11870,29.94,"2GA","2楷林",1,356,0,"HQA161280","SQ58736 531"
1280,9040,22.44,"2GB","2楷林",59,544,0,"HQA097360","SQ57785 511"
1120,11740,25.71,"2GA","2楷林",79,450,0,"HQC027110","SQ62351 551"
1040,11790,23.97,"2GC","2楷林",92,354,0,"HQC091790","SQ63566 061"
1570,10280,31.25,"2GA","2楷林",7,274,0,"HQG007670","SQ72882 511"
1290,8940,22.55,"2GB","2楷林",9,330,0,"HQY161700","SQ53597 541"
1200,10250,24.05,"2GB","2楷林",96,450,0,"HQH131020","SQ77807 061"
1260,9410,23.18,"2GA","2楷林",22,330,0,"HQJ016480","SQ78619 541"
1380,11540,31.13,"2GC","2楷林",14,296,0,"HQA121660","SQ58111 521"
940,8640,15.88,"3GC","2楷林",46,304,0,"HQG159920","SQ75395 081"
940,10770,19.79,"2GC","2楷林",36,396,0,"HQD038770","SQ65089 061"
1440,11390,31.3,"2GD","2楷林",29,254,12.8,"HQA069150","SQ57245 541"
1520,10130,30.1,"2GA","2楷林",17,323,0,"HQE083770","SQ68701 531"
1270,8050,19.99,"2GA","2楷林",47,357,0,"HQF022720","SQ70397 511"
1240,10500,25.45,"2GB","2楷林",38,417,0,"HQC063830","SQ63035 531"
1080,11840,25,"2GA","2楷林",101,360,0,"HQZ104160","SQ55038 011"
1380,11770,31.75,"2GC","2楷林",12,385,0,"HQC002600","SQ61630 051"
1190,10100,23.5,"2GA","2楷林",44,479,0,"HQD015820","SQ64722 561"
1460,8310,23.72,"2GB","2楷林",44,429,0,"HQX033880","SQ49623 551"
1180,10410,24.01,"2GB","2楷林",93,452,0,"HQH130990","SQ77812 531"
1570,11400,34.99,"2GA","2楷林",3,260,0,"HQX043100","SQ49826 031"
1100,8870,19.07,"2GA","2楷林",80,375,0,"HQB142280","SQ61439 551"
1240,9570,23.2,"2GA","2楷林",23,422,0,"HQZ095830","SQ54819 041"
1360,11860,31.53,"2GB","2楷林",13,311,0,"HQG113530","SQ74557 041"
1220,9130,21.78,"2GC","2楷林",76,310,0,"HQX020990","SQ49403 541"
940,9800,18.01,"2GA","2楷林",67,398,0,"HQE085030","SQ68740 541"
1370,8440,22.61,"2GA","2楷林",40,341,0,"HQX023140","SQ49450 561"
1380,11330,30.08,"2GB","2楷林",25,324,9.6,"HQH028440","SQ75986 021"
1010,10170,20.08,"2GA","2楷林",57,345,0,"HQE125080","SQ69467 551"
1040,9450,19.21,"2GB","2楷林",33,338,0,"HQZ002040","SQ53646 531"
1190,10810,25.15,"2GC","2楷林",27,526,0,"HQE053000","SQ68114 021"
1570,7970,24.46,"2GA","2楷林",15,263,0,"HQD093220","SQ66071 051"
1270,8350,20.73,"2GA","2楷林",14,322,0,"HQF018460","SQ70349 031"
1460,11100,31.68,"2GA","2楷林",22,272,0,"HQB019530","SQ59202 541"
1330,11440,29.75,"2GC","2楷林",61,417,0,"HQX166090","SQ51469 061"
1520,10130,30.1,"2GA","2楷林",16,321,0,"HQE083760","SQ68701 031"
1550,7120,21.58,"2GC","2楷林",3,256,0,"HQX145690","SQ51231 021"
1010,11600,22.45,"2GC","2楷林",42,357,0,"HQX135510","SQ51136 521"
1290,10480,26.43,"2GA","2楷林",53,335,0,"HQB006770","SQ59000 521"
1350,8800,23.23,"2GA","2楷林",62,326,2,"HQA152720","SQ58576 541"
1290,9870,24.89,"3GC","2楷林",56,336,0,"HQY070560","SQ52422 521"
920,10070,18.11,"2GA","2楷林",79,347,0,"HQZ139790","SQ55634 061"
1020,10620,21.18,"2GC","2楷林",84,308,0,"HQZ056350","SQ54168 521"
900,9860,17.35,"2GB","2楷林",53,328,0,"HQZ019020","SQ53848 031"
1270,10000,24.83,"2GA","2楷林",22,297,0,"HQE085370","SQ68761 011"
1240,10380,25.16,"2GD","2楷林",37,335,0,"HQG141580","SQ75076 061"
1220,10940,26.09,"2GB","2楷林",20,486,0,"HQJ061430","SQ79299 541"
1150,8750,19.67,"2GB","2楷林",103,530,0,"HQZ047470","SQ54124 541"
1200,11680,26.94,"2GA","2楷林",70,306,0,"HQC042080","SQ62602 011"
1350,8800,23.23,"2GA","2楷林",66,325,2.7,"HQA152760","SQ58572 521"
1300,11730,29.81,"2GA","2楷林",55,336,0,"HQX088300","SQ50510 031"
1160,10250,23.24,"2GB","2楷林",27,425,0,"HQJ156870","SQ81051 561"
1410,11580,31.92,"3GC","2楷林",2,281,0,"HQF142670","SQ72399 051"
1400,11120,30.44,"2GA","2楷林",20,327,0,"HQE000350","SQ67231 031"
1340,8740,22.9,"2GA","2楷林",45,337,0,"HQC104910","SQ63708 541"
1090,11810,25.17,"3GC","2楷林",14,337,0,"HQA027030","SQ56529 521"
1030,10590,21.32,"3GC","2楷林",72,296,0,"HQH093160","SQ77175 041"
1380,10730,28.25,"2GA","2楷林",3,308,6.1,"HQJ156630","SQ81044 031"
1190,8880,20.66,"3GC","2楷林",23,487,0,"HQE038970","SQ67935 021"
1400,8180,22.39,"3GC","2楷林",30,451,0,"HQA061440","SQ57157 041"
1250,8810,21.53,"2GC","2楷林",34,356,0,"HQA163290","SQ58766 051"
960,9630,18.07,"3GC","2楷林",31,336,0,"HQD097990","SQ66177 051"
1290,7450,18.79,"2GC","2楷林",,,0,"HQC109011","SQ63808 071"
1020,11580,23.09,"2GA","2楷林",68,295,0,"HQG110080","SQ74502 031"
1290,8520,21.49,"2GA","2楷林",18,342,0,"HQB126700","SQ61190 021"
1190,11560,26.89,"2GA","2楷林",56,451,0,"HQD015940","SQ64728 031"
1490,11290,32.23,"2GB","2楷林",26,533,0,"HQF161000","SQ72675 031"
1290,8980,22.65,"2GC","2楷林",2,327,0,"HQX026040","SQ49513 061"
1270,9420,23.39,"2GA","2楷林",30,451,0,"HQE020230","SQ67600 521"
1470,8730,25.09,"2GD","2楷林",11,549,0,"HQX148170","SQ51259 541"
1290,10900,27.49,"2GA","2楷林",20,334,0,"HQZ145790","SQ55738 041"
1030,9300,18.73,"2GA","2楷林",55,330,0,"HQX134870","SQ51127 011"
1190,11360,26.43,"2GB","2楷林",83,527,0,"HQY009710","SQ51636 521"
1110,10990,23.85,"3GC","2楷林",72,349,0,"HQA042860","SQ56818 531"
1240,9530,23.1,"2GA","2楷林",68,334,0,"HQE081800","SQ68718 011"
1210,8500,20.11,"3GC","2楷林",11,461,0,"HQG133300","SQ74947 021"
1470,9540,27.42,"2GA","2楷林",11,266,0,"HQJ130410","SQ80586 021"
1300,11640,29.58,"2GA","2楷林",20,362,0,"HQA155810","SQ58633 541"
1450,7950,22.54,"2GC","2楷林",11,428,0,"HQG052810","SQ73720 521"
1330,10450,26.74,"2GC","2楷林",17,292,2.9,"HQJ159460","SQ81062 521"
1290,10440,26.33,"2GA","2楷林",52,276,0,"HQF158000","SQ72622 041"
1040,11350,23.08,"2GC","2楷林",31,320,0,"HQH061460","SQ76548 541"
1100,11110,23.89,"3GC","2楷林",79,322,0,"HQF054400","SQ70897 561"
1060,11470,23.77,"3GC","2楷林",46,280,0,"HQH104120","SQ77371 521"
1290,10480,26.43,"2GA","2楷林",42,332,0,"HQB006660","SQ59000 021"
1390,11790,31.53,"2GA","2楷林",25,324,9.9,"HQB043120","SQ59619 521"
1450,8680,23.6,"2GA","2楷林",25,268,4.9,"HQX159370","SQ51380 511"
1010,11740,23.18,"2GD","2楷林",86,447,0,"HQE042170","SQ67973 531"
1150,9850,22.15,"2GA","2楷林",76,329,0,"HQF130140","SQ72157 511"
1390,7910,21.5,"2GC","2楷林",27,338,0,"HQC137910","SQ64309 051"
960,10720,20.12,"2GA","2楷林",57,392,0,"HQA060970","SQ57141 041"
1390,11150,30.3,"2GB","2楷林",5,484,0,"HQY006030","SQ51598 041"
1290,10090,25.45,"3GC","2楷林",71,334,0,"HQA077990","SQ57375 041"
1380,11530,31.11,"3GB","2楷林",7,430,0,"HQZ118750","SQ55255 531"
1450,7670,21.74,"2GC","2楷林",14,300,0,"HQZ011350","SQ53734 011"
1030,11870,23.9,"2GA","2楷林",45,318,0,"HQF098710","SQ71580 551"
1450,7280,20.64,"3GB","2楷林",2,272,0,"HQH032570","SQ76083 521"
1080,10550,22.28,"2GA","2楷林",39,330,0,"HQD032770","SQ65018 551"
1300,11350,28.85,"3GB","2楷林",34,445,0,"HQG118980","SQ74643 561"
1320,11500,29.68,"2GC","2楷林",52,271,0,"HQA144530","SQ58446 531"
1130,10900,24.08,"2GD","2楷林",47,302,0,"HQB019780","SQ59244 521"
1260,9350,23.03,"2GA","2楷林",43,360,0,"HQF088900","SQ71370 021"
950,11360,21.1,"2GA","2楷林",99,343,0,"HQZ169270","SQ56133 541"
1260,9960,24.53,"2GD","2楷林",23,341,0,"HQA015870","SQ56439 531"
1090,11770,25.08,"2GC","2楷林",51,401,0,"HQF045420","SQ70764 561"
1280,9250,23.15,"2GC","2楷林",18,333,0,"HQA162360","SQ58726 011"
1290,9820,24.38,"2GD","2楷林",37,364,0,"HQX073900","SQ50301 021"
1420,11500,31.93,"3GC","2楷林",61,267,0,"HQB083580","SQ60364 011"
1300,9870,25.08,"2GB","2楷林",22,390,0,"HQY036810","SQ52010 541"
1370,11830,31.68,"2GD","2楷林",25,451,0,"HQH143580","SQ77847 541"
1090,11830,25.21,"2GB","2楷林",65,400,0,"HQJ074220","SQ79522 061"
1290,9870,24.89,"2GA","2楷林",74,339,0,"HQE103730","SQ69068 021"
1530,11660,34.88,"2GB","2楷林",3,522,0,"HQB093190","SQ60561 021"
990,8990,17.14,"2GC","2楷林",89,460,0,"HQY074300","SQ52477 011"
990,10780,20.36,"2GA","2楷林",49,343,9,"HQE049430","SQ68044 061"
1380,9300,25.09,"2GC","2楷林",1,389,0,"HQC003440","SQ61630 511"
1160,7340,16.36,"2GB","2楷林",50,428,0,"HQA017770","SQ56436 521"
1240,11720,28.07,"2GB","2楷林",40,516,0,"HQD111630","SQ66338 511"
1260,10410,25.64,"2GC","2楷林",33,348,0,"HQX044350","SQ49840 011"
1360,11450,30.44,"2GC","2楷林",34,528,0,"HQC143210","SQ64395 531"
1250,8810,21.53,"2GC","2楷林",21,356,0,"HQA163160","SQ58772 031"
1370,11170,29.48,"2GB","2楷林",46,359,0,"HQG074040","SQ74031 511"
980,11170,21.4,"2GA","2楷林",45,409,0,"HQC002930","SQ61607 051"
1260,10410,25.64,"2GC","2楷林",47,345,13.2,"HQF140690","SQ72322 051"
1570,8620,26.03,"2GA","2楷林",34,284,6.3,"HQD071510","SQ65664 541"
1190,9060,21.08,"2GA","2楷林",38,325,0,"HQA071570","SQ57302 561"
1300,11840,29.37,"2GA","2楷林",51,270,9.3,"HQH108100","SQ77407 031"
1410,11590,31.95,"2GA","2楷林",23,268,0,"HQX031270","SQ49630 031"
910,10570,18.8,"2GC","2楷林",110,362,0,"HQF006970","SQ70163 541"
920,7770,13.98,"3GC","2楷林",47,341,0,"HQA019950","SQ56477 511"
1190,10130,23.57,"2GA","2楷林",32,327,0,"HQY116160","SQ52982 531"
1570,11260,34.56,"2GC","2楷林",6,326,0,"HQD123160","SQ66537 041"
1440,9750,27.01,"2GA","2楷林",53,278,6.6,"HQJ130830","SQ80568 521"
1150,11470,25.79,"2GA","2楷林",42,247,0,"HQA027310","SQ56524 551"
1040,11720,23.45,"2GA","2楷林",76,328,6.1,"HQX146420","SQ51239 511"
1030,11860,23.88,"2GA","2楷林",64,351,0,"HQJ014810","SQ78592 011"
1310,9990,25.58,"3GB","2楷林",12,317,0,"HQC084880","SQ63408 511"
1060,11140,23.09,"3GC","2楷林",26,341,0,"HQJ108840","SQ80206 071"
1470,11210,31.67,"2GB","2楷林",11,528,0,"HQE066720","SQ68394 021"
940,11050,20.31,"2GA","2楷林",55,391,0,"HQE084150","SQ68735 541"
1290,8470,21.36,"2GA","2楷林",89,333,0,"HQE113830","SQ69290 561"
950,9090,16.88,"2GC","2楷林",67,343,0,"HQX111490","SQ50824 071"
1250,11120,27.17,"2GB","2楷林",69,417,0,"HQC059240","SQ62911 521"
1140,9920,22.11,"2GA","2楷林",32,324,0,"HQG039150","SQ73447 041"
1290,9190,23.18,"3GB","2楷林",60,324,0,"HQF074930","SQ71168 561"
1030,7610,15.32,"2GC","2楷林",60,349,0,"HQE126660","SQ69494 041"
1490,9060,26.39,"3GC","2楷林",20,331,0,"HQY092130","SQ52687 531"
1090,8980,18.7,"2GA","2楷林",56,328,0,"HQY110020","SQ52916 511"
1290,7760,19.57,"2GC","2楷林",39,338,0,"HQY154160","SQ53513 551"
1340,10100,26.46,"2GA","2楷林",27,334,0,"HQE147440","SQ69879 041"
1300,8660,22.01,"2GA","2楷林",47,260,0,"HQB044970","SQ59706 531"
1240,8660,20.99,"2GB","2楷林",83,393,0,"HQF158310","SQ72626 531"
1330,8520,22.15,"2GB","2楷林",18,453,0,"HQY010620","SQ51652 041"
1060,7570,15.69,"2GA","2楷林",49,330,0,"HQG031200","SQ73329 031"
1110,8810,19.12,"2GB","2楷林",48,514,0,"HQJ071720","SQ79473 031"
1290,9230,23.28,"2GA","2楷林",29,336,0,"HQA095540","SQ57743 061"
1290,9950,25.09,"2GC","2楷林",93,328,0,"HQZ045390","SQ54107 511"
1030,11280,22.27,"2GA","2楷林",84,334,0,"HQA149350","SQ58524 011"
1060,10560,21.88,"2GA","2楷林",70,357,0,"HQB062220","SQ60018 041"
1000,9960,19.47,"2GC","2楷林",76,328,0,"HQF021040","SQ70383 051"
1570,11510,34.99,"3GC","2楷林",9,255,0,"HQG147730","SQ75190 511"
1050,6690,13.73,"3GC","2楷林",54,443,0,"HQG061230","SQ73852 561"
1290,10270,25.9,"2GA","2楷林",11,298,0,"HQD016280","SQ64753 561"
1290,11100,27.99,"2GA","2楷林",17,269,0,"HQH158160","SQ78258 551"
1170,10580,24.2,"2GB","2楷林",35,515,0,"HQC018290","SQ62179 021"
1270,11770,29.22,"2GC","2楷林",41,525,0,"HQB081550","SQ60332 541"
1400,8460,23.16,"2GA","2楷林",33,327,0,"HQE000480","SQ67236 031"
1250,8330,20.36,"2GD","2楷林",27,444,0,"HQH035260","SQ76146 031"
1030,7610,15.32,"2GC","2楷林",52,340,0,"HQB077010","SQ60251 571"
1070,9120,19.08,"2GA","2楷林",79,331,0,"HQX159910","SQ51432 531"
1500,9060,26.57,"2GC","2楷林",8,266,0,"HQA079320","SQ57454 531"
1260,9370,23.08,"2GA","2楷林",37,323,0,"HQH112300","SQ77525 031"
1210,11590,27.08,"2GC","2楷林",2,301,0,"HQH051350","SQ76379 521"
1260,10970,27.02,"2GA","2楷林",47,294,0,"HQG150950","SQ75231 521"
1570,10260,31.49,"2GC","2楷林",21,325,0,"HQD123310","SQ66529 521"
1210,9040,21.38,"2GB","2楷林",33,515,0,"HQB149460","SQ61539 041"
1390,11770,31.98,"3GC","2楷林",46,272,0,"HQC144870","SQ64454 031"
1290,9190,23.18,"2GA","2楷林",28,337,0,"HQA043240","SQ56821 551"
990,8400,16.26,"2GA","2楷林",69,315,0,"HQG110840","SQ74508 041"
1360,11610,30.87,"2GA","2楷林",28,444,0,"HQZ013030","SQ53759 541"
910,7850,13.97,"2GC","2楷林",23,341,0,"HQX158080","SQ51370 581"
1510,11820,34.89,"2GA","2楷林",77,278,0,"HQF127850","SQ72120 541"
1230,9990,24.02,"2GB","2楷林",50,524,0,"HQX076920","SQ50356 011"
1240,7970,19.32,"2GB","2楷林",87,533,0,"HQZ031840","SQ53934 061"
1430,7600,21.25,"2GC","2楷林",24,523,0,"HQZ088890","SQ54737 031"
1290,8590,21.66,"2GD","2楷林",19,296,0,"HQH106620","SQ77408 531"
1280,9760,24.14,"2GB","2楷林",45,453,0,"HQH116880","SQ77617 011"
1250,9480,23.17,"2GA","2楷林",51,332,0,"HQJ021480","SQ78683 041"
960,9830,18.45,"2GA","2楷林",83,329,0,"HQY100140","SQ52803 031"
1090,8110,17.28,"2GC","2楷林",66,528,0,"HQC090100","SQ63510 021"
1260,7710,18.99,"2GB","2楷林",19,324,0,"HQZ005450","SQ53686 031"
1240,10350,25.09,"3GC","2楷林",41,331,0,"HQH151840","SQ78155 031"
1240,10590,25.67,"2GA","2楷林",48,352,0,"HQG148120","SQ75159 031"
1560,8640,26.35,"3GC","2楷林",9,324,0,"HQG019840","SQ73148 031"
1030,11660,23.48,"2GA","2楷林",32,312,0,"HQJ156540","SQ81018 051"
1010,11240,22.19,"2GA","2楷林",8,415,0,"HQE124590","SQ69480 541"
1250,9320,22.78,"2GA","2楷林",44,342,0,"HQH041690","SQ76249 031"
1440,10740,30.24,"2GA","2楷林",15,339,0,"HQA065070","SQ57191 021"
1290,11600,29.25,"3GC","2楷林",24,332,0,"HQZ151910","SQ55832 551"
1290,11810,29.78,"3GC","2楷林",18,327,0,"HQH006620","SQ75671 541"
1230,11840,27.79,"2GA","2楷林",38,289,9.7,"HQJ095450","SQ79893 041"
1260,9720,23.56,"2GA","2楷林",35,330,6.8,"HQH105960","SQ77362 531"
1330,11810,30.71,"2GA","2楷林",64,520,0,"HQJ009490","SQ78459 021"
1260,8480,20.81,"2GB","2楷林",83,422,0,"HQX048470","SQ49923 511"
1510,11780,34.78,"2GC","2楷林",25,271,0,"HQG045340","SQ73583 511"
1210,9750,23.06,"2GA","2楷林",40,327,0,"HQC098690","SQ63648 561"
1520,11740,34.89,"2GA","2楷林",19,251,0,"HQG071770","SQ74006 521"
1050,11790,24.2,"2GC","2楷林",84,289,0,"HQE149220","SQ69925 511"
1020,8160,16.27,"2GC","2楷林",99,329,0,"HQY140370","SQ53302 551"
1220,8550,20.39,"2GB","2楷林",42,554,0,"HQC031470","SQ62411 551"
1300,5820,14.79,"2GB","2楷林",66,422,0,"HQY002380","SQ51557 081"
1290,8450,21.31,"2GB","2楷林",27,569,0,"HQE158430","SQ70040 051"
1300,9880,25.11,"3GC","2楷林",35,330,0,"HQE013510","SQ67435 541"
1080,6880,14.53,"2GB","2楷林",81,420,0,"HQH118090","SQ77626 071"
1340,8460,22.16,"3GB","2楷林",85,416,0,"HQY113770","SQ52967 541"
1460,11450,32.35,"2GA","2楷林",30,288,0,"HQC122720","SQ64035 521"
1270,10350,25.7,"2GA","2楷林",21,346,0,"HQF004020","SQ70148 541"
1350,11640,30.72,"2GA","2楷林",43,459,0,"HQG057530","SQ73810 541"
970,8030,15.23,"3GC","2楷林",35,351,0,"HQG002880","SQ72797 541"
1330,8560,22.26,"2GB","2楷林",24,430,0,"HQD013000","SQ64693 061"
1400,8440,23.1,"2GD","2楷林",82,332,0,"HQY013680","SQ51690 521"
910,10180,18.11,"2GC","2楷林",106,342,0,"HQY132860","SQ53203 031"
1250,8810,21.53,"2GA","2楷林",15,358,0,"HQE130920","SQ69570 061"
1380,8390,22.64,"2GA","2楷林",8,322,0,"HQC080150","SQ63301 511"
1040,11790,23.97,"2GA","2楷林",49,347,0,"HQB044990","SQ59678 531"
1260,8980,22.12,"3GC","2楷林",102,367,0,"HQZ119690","SQ55249 061"
1250,9180,21.98,"2GB","2楷林",60,455,0,"HQJ029120","SQ78795 511"
1100,8660,18.62,"3GC","2楷林",35,334,0,"HQY075580","SQ52494 051"
1270,11440,27.5,"2GD","2楷林",73,257,11.9,"HQA011320","SQ56343 521"
1530,10640,31.83,"2GB","2楷林",15,401,0,"HQX092490","SQ50547 021"
1450,11660,32.48,"2GC","2楷林",51,270,0,"HQZ132750","SQ55450 511"
1290,8180,20.63,"2GA","2楷林",71,323,0,"HQX118580","SQ50906 021"
1030,11850,23.86,"2GC","2楷林",43,358,0,"HQE127650","SQ69483 521"
1290,8840,22.29,"2GB","2楷林",48,425,0,"HQZ130920","SQ55436 051"
1460,10740,30.66,"2GA","2楷林",5,272,0,"HQF079020","SQ71245 021"
1290,11620,29.31,"2GD","2楷林",30,338,0,"HQX142430","SQ51208 011"
1260,9170,22.59,"2GA","2楷林",6,330,0,"HQG026550","SQ73240 031"
930,8730,15.87,"2GA","2楷林",49,306,0,"HQJ144220","SQ80818 081"
1370,11830,31.68,"2GD","2楷林",50,449,0,"HQH130530","SQ77845 531"
1200,7350,17.24,"2GA","2楷林",59,338,0,"HQH136800","SQ77938 021"
1170,10630,24.31,"2GA","2楷林",51,442,0,"HQH012640","SQ75760 041"
1180,11330,26.14,"2GB","2楷林",44,528,0,"HQE067980","SQ68423 051"
1150,10440,23.47,"2GC","2楷林",34,502,0,"HQD079780","SQ65775 021"
1420,11780,32.7,"2GA","2楷林",54,269,0,"HQJ131510","SQ80573 021"
1260,9410,23.18,"2GA","2楷林",49,363,0,"HQG023350","SQ73193 541"
1310,11790,30.19,"3GC","2楷林",8,334,0,"HQE086030","SQ68768 041"
940,8820,16.21,"3GC","2楷林",59,324,0,"HQF029880","SQ70486 571"
1320,7550,19.48,"2GA","2楷林",37,347,0,"HQC067540","SQ63084 531"
1070,11510,24.08,"2GA","2楷林",77,341,0,"HQD153620","SQ66931 551"
1190,6530,15.19,"2GA","2楷林",35,345,0,"HQC083260","SQ63365 051"
1150,11690,26.28,"3GC","2楷林",46,446,0,"HQY072760","SQ52444 541"
1160,10250,23.24,"2GB","2楷林",25,424,0,"HQJ156850","SQ81054 531"
1340,7840,20.54,"2GA","2楷林",53,346,0,"HQD004350","SQ64542 511"
1140,11670,26.01,"2GD","2楷林",10,270,0,"HQE127320","SQ69495 051"
1280,10740,26.88,"2GB","2楷林",27,441,0,"HQC071000","SQ63150 531"
1320,9570,24.7,"2GB","2楷林",16,437,0,"HQH087360","SQ77077 521"
1380,9200,24.82,"3GC","2楷林",7,299,0,"HQA121040","SQ58106 021"
1270,10410,25.85,"2GC","2楷林",7,276,0,"HQF156680","SQ72592 551"
1520,9400,27.57,"2GC","2楷林",10,473,0,"HQJ078260","SQ79613 511"
1380,10330,27.87,"2GC","2楷林",28,275,0,"HQE011730","SQ67406 511"
1210,8370,19.8,"2GC","2楷林",22,341,0,"HQC039350","SQ62549 061"
1520,11710,34.8,"3GC","2楷林",4,265,0,"HQJ143770","SQ80803 531"
1070,8270,17.3,"2GC","2楷林",77,524,0,"HQG141050","SQ75061 521"
1250,11420,27.91,"2GA","2楷林",2,268,0,"HQB036070","SQ59543 531"
1340,11430,29.94,"2GB","2楷林",52,526,0,"HQA046070","SQ56862 531"
1080,5860,12.37,"3GB","2楷林",69,435,0,"HQZ010830","SQ53750 071"
1280,9020,22.57,"2GC","2楷林",66,338,0,"HQC125580","SQ64080 031"
1410,11580,31.92,"2GA","2楷林",23,273,0,"HQG119980","SQ74652 041"
1350,8540,22.54,"2GA","2楷林",26,326,0,"HQX020490","SQ49416 051"
1100,9360,20.13,"2GA","2楷林",67,372,0,"HQB141140","SQ61429 071"
1100,11550,24.84,"2GC","2楷林",47,324,0,"HQG122710","SQ74736 041"
1260,9390,23.13,"2GA","2楷林",17,372,0,"HQH051500","SQ76418 531"
1460,10860,31,"2GC","2楷林",50,330,0,"HQH089610","SQ77131 011"
1000,11130,21.76,"2GA","2楷林",48,328,0,"HQD032860","SQ64979 551"
1380,6930,18.7,"2GC","2楷林",9,278,0,"HQE012370","SQ67409 011"
1160,10290,23.34,"2GB","2楷林",42,429,0,"HQJ157020","SQ81061 541"
1390,11740,31.9,"2GA","2楷林",11,268,0,"HQX085090","SQ50463 021"
1060,7190,14.9,"2GA","2楷林",29,357,0,"HQB061800","SQ60018 021"
1290,8010,20.2,"3GC","2楷林",1,328,0,"HQD059600","SQ65500 041"
1250,8430,20.6,"2GB","2楷林",12,428,0,"HQA108850","SQ57930 021"
1270,10880,27.01,"2GB","2楷林",33,440,0,"HQD153180","SQ67074 521"
1080,10040,21.2,"2GD","2楷林",82,332,0,"HQY028220","SQ51874 011"
1190,11770,27.38,"3GC","2楷林",72,273,0,"HQZ121710","SQ55275 511"
1200,9380,22.01,"3GB","2楷林",62,428,0,"HQJ027460","SQ78762 031"
1340,7290,19.1,"2GB","2楷林",32,448,0,"HQY108040","SQ52871 031"
1030,7610,15.32,"3GC","2楷林",78,347,0,"HQE126840","SQ69496 571"
1090,10420,22.2,"2GA","2楷林",47,332,0,"HQY110510","SQ52908 541"
940,10810,19.87,"2GA","2楷林",76,394,0,"HQE085910","SQ68743 511"
1260,9200,22.66,"2GA","2楷林",21,332,0,"HQA146810","SQ58491 021"
1290,11680,29.46,"2GB","2楷林",42,432,0,"HQZ086570","SQ54684 551"
1300,8920,22.67,"2GA","2楷林",43,332,0,"HQX104960","SQ50725 021"
1530,11700,35,"3GC","2楷林",6,256,0,"HQA132920","SQ58276 541"
1450,9800,27.78,"3GC","2楷林",34,407,0,"HQD048970","SQ65290 021"
1560,9880,30.13,"3GC","2楷林",13,332,0,"HQB038040","SQ59552 511"
1120,9860,21.2,"2GC","2楷林",43,362,0,"HQJ040760","SQ78958 031"
1420,10000,27.76,"2GC","2楷林",32,257,0,"HQX011830","SQ49241 511"
1000,9950,19.45,"2GA","2楷林",36,330,0,"HQD157380","SQ67128 061"
1190,11710,27.24,"3GC","2楷林",41,423,0,"HQD018720","SQ64794 021"
1240,10910,26.45,"3GC","2楷林",14,340,0,"HQC041510","SQ62605 511"
1070,10170,21.27,"2GA","2楷林",41,325,0,"HQG158300","SQ75369 531"
960,8170,15.33,"2GA","2楷林",78,347,0,"HQF034960","SQ70564 591"
1490,11740,33.31,"2GA","2楷林",5,304,6.2,"HQX111670","SQ50802 511"
1270,6480,16.09,"2GC","2楷林",1,393,0,"HQG109410","SQ74469 041"
1290,7660,19.32,"2GC","2楷林",46,339,0,"HQA095710","SQ57771 561"
1300,8880,22.57,"2GC","2楷林",41,331,0,"HQA013650","SQ56408 551"
1110,11000,23.87,"2GB","2楷林",47,351,0,"HQD044860","SQ65221 011"
1230,11550,27.44,"2GA","2楷林",48,253,0,"HQZ146070","SQ55717 521"
1240,10010,24.27,"2GB","2楷林",21,417,0,"HQH076880","SQ76880 521"
1140,9160,20.41,"2GD","2楷林",51,469,0,"HQA106390","SQ57893 541"
1060,9680,20.06,"2GB","2楷林",88,467,0,"HQE044190","SQ68011 021"
1070,8270,17.3,"3GC","2楷林",86,522,0,"HQY128870","SQ53155 531"
1490,9500,27.67,"2GA","2楷林",19,353,0,"HQG016720","SQ73092 041"
950,10330,19.19,"2GA","2楷林",88,370,2.4,"HQF048670","SQ70754 061"
1280,10370,25.95,"2GA","2楷林",6,297,0,"HQE129090","SQ69537 021"
1190,11360,26.43,"2GC","2楷林",2,276,0,"HQH104790","SQ77363 041"
1000,11580,21.83,"2GC","2楷林",76,261,7,"HQH046210","SQ76305 521"
1110,11000,23.87,"2GB","2楷林",1,361,0,"HQA121530","SQ58108 011"
1070,10650,22.28,"2GA","2楷林",57,329,0,"HQC067740","SQ63097 061"
900,11360,19.99,"2GC","2楷林",63,399,0,"HQG023490","SQ73189 071"
1070,10470,21.9,"2GA","2楷林",80,331,0,"HQC068750","SQ63100 011"
1470,8710,25.03,"2GB","2楷林",92,538,0,"HQY147560","SQ53395 051"
1170,8970,20.52,"2GB","2楷林",25,515,0,"HQH123490","SQ77725 031"
1450,11870,33.65,"2GD","2楷林",21,357,0,"HQY070210","SQ52434 541"
1260,7960,19.61,"2GD","2楷林",14,329,0,"HQY079280","SQ52533 071"
1260,8120,20,"3GC","2楷林",16,337,0,"HQF024450","SQ70427 011"
1290,11610,29.28,"2GA","2楷林",7,272,0,"HQX006240","SQ49154 011"
1050,11570,23.75,"2GA","2楷林",53,291,0,"HQZ113880","SQ55170 051"
1410,11620,32.03,"2GB","2楷林",33,564,0,"HQB020120","SQ59224 531"
1220,8420,20.08,"2GC","2楷林",23,462,0,"HQE063020","SQ68291 521"
1440,11690,32.68,"2GA","2楷林",19,273,0,"HQC003230","SQ61618 511"
1280,11300,28.28,"2GA","2楷林",91,433,0,"HQA078190","SQ57422 051"
1290,11520,29.05,"2GB","2楷林",47,498,0,"HQF130650","SQ72088 531"
1360,11790,31.35,"2GA","2楷林",46,354,0,"HQE120220","SQ69393 531"
1250,7310,17.86,"2GA","2楷林",48,321,0,"HQC041850","SQ62597 521"
1440,11020,30.48,"2GA","2楷林",30,325,0,"HQG128520","SQ74857 021"
950,10810,20.08,"2GA","2楷林",75,355,0,"HQX093090","SQ50561 011"
1010,10160,20.06,"2GA","2楷林",43,356,0,"HQE124940","SQ69461 051"
1260,8340,20.22,"2GC","2楷林",77,331,0,"HQZ098750","SQ54897 511"
1100,11100,23.87,"2GB","2楷林",82,354,0,"HQB134240","SQ61329 041"
1260,8660,21.33,"2GC","2楷林",28,332,0,"HQJ070860","SQ79484 531"
1100,11070,23.81,"2GB","2楷林",91,528,0,"HQZ033590","SQ53957 541"
1270,9320,22.68,"2GB","2楷林",44,526,0,"HQA011030","SQ56357 531"
1380,9300,25.09,"2GC","2楷林",90,337,0,"HQX057370","SQ50080 021"
1050,8080,16.59,"2GA","2楷林",80,333,0,"HQZ094780","SQ54829 531"
1250,9370,22.9,"2GB","2楷林",34,348,0,"HQF143910","SQ72402 041"
1080,11740,24.79,"3GC","2楷林",69,315,0,"HQH100570","SQ77303 531"
1230,11810,28.4,"2GB","2楷林",49,417,0,"HQG101600","SQ74359 531"
1290,8960,22.6,"2GC","2楷林",42,329,0,"HQA147020","SQ58498 021"
1130,10050,22.2,"2GA","2楷林",21,332,0,"HQE100550","SQ69025 561"
1250,10530,25.73,"2GB","2楷林",20,517,0,"HQA027920","SQ56528 541"
1000,9970,19.49,"3GC","2楷林",61,346,0,"HQX111430","SQ50817 061"
1070,7920,16.57,"3GC","2楷林",101,373,0,"HQF136720","SQ72232 551"
1280,9190,23,"2GA","2楷林",49,341,0,"HQB031970","SQ59459 061"
1330,8250,21.45,"2GB","2楷林",52,441,0,"HQD102660","SQ66203 031"
1240,10790,26.16,"2GA","2楷林",86,357,0,"HQE003820","SQ67282 531"
1040,11720,23.83,"2GA","2楷林",84,298,0,"HQY126060","SQ53106 521"
1420,11460,31.81,"2GA","2楷林",24,298,0,"HQD086820","SQ65935 541"
980,11750,22.51,"2GC","2楷林",62,346,0,"HQH017640","SQ75821 031"
1130,9740,21.52,"2GA","2楷林",87,447,0,"HQA086610","SQ57628 031"
1010,8420,16.63,"2GD","2楷林",45,338,0,"HQD099880","SQ66215 561"
1570,11370,34.9,"3GC","2楷林",15,271,0,"HQZ136700","SQ55534 531"
960,9320,17.49,"2GA","2楷林",76,330,0,"HQD003680","SQ64520 061"
1220,11380,27.14,"2GA","2楷林",47,322,0,"HQB148680","SQ61540 011"
1570,7780,23.88,"2GA","2楷林",28,327,0,"HQD150750","SQ67014 541"
1320,9470,24.44,"2GA","2楷林",21,443,0,"HQB094400","SQ60557 031"
1410,9030,24.89,"2GA","2楷林",14,341,0,"HQY045730","SQ52116 031"
1370,10980,29.41,"2GB","2楷林",13,445,0,"HQG118350","SQ74633 031"
1290,10380,26.18,"2GD","2楷林",60,337,0,"HQB056870","SQ59865 041"
1420,11450,31.79,"2GA","2楷林",17,452,0,"HQB087640","SQ60447 051"
1160,9730,22.07,"2GB","2楷林",88,421,0,"HQX120370","SQ50916 531"
1210,9750,23.06,"2GA","2楷林",29,327,0,"HQC098580","SQ63648 021"
1540,9800,29.5,"2GB","2楷林",6,456,0,"HQB114550","SQ60936 051"
1570,7780,23.88,"2GA","2楷林",41,330,0,"HQE019520","SQ67555 031"
1040,11790,23.97,"2GA","2楷林",58,338,0,"HQG024220","SQ73215 541"
1050,11780,24.18,"2GA","2楷林",67,321,0,"HQH037250","SQ76188 551"
1240,8780,21.28,"2GB","2楷林",32,366,0,"HQJ031370","SQ78814 571"
1300,11080,27.71,"2GC","2楷林",2,267,10.8,"HQC089030","SQ63493 051"
1430,10500,28.84,"3GC","2楷林",23,453,0,"HQB143310","SQ61471 511"
910,7850,13.97,"2GC","2楷林",28,343,0,"HQX156970","SQ51368 511"
1340,5900,15.46,"2GA","2楷林",32,343,0,"HQE147490","SQ69879 031"
1210,9260,21.9,"3GC","2楷林",56,525,0,"HQX133200","SQ51090 021"
1510,11820,34.89,"2GA","2楷林",31,275,0,"HQY133270","SQ53185 031"
1570,7350,22.56,"2GA","2楷林",7,330,0,"HQC142160","SQ64379 061"
1000,9760,19.08,"3GC","2楷林",49,332,0,"HQX111310","SQ50813 541"
1130,6930,15.31,"2GA","2楷林",74,446,0,"HQF016080","SQ70274 021"
1160,10180,23.09,"2GA","2楷林",52,355,0,"HQE146340","SQ69817 531"
1030,8180,16.47,"2GC","2楷林",100,520,0,"HQY043710","SQ52103 051"
1420,11640,31.74,"2GA","2楷林",38,324,0,"HQA025080","SQ56504 011"
1470,9360,26.9,"3GC","2楷林",11,451,0,"HQH013210","SQ75731 031"
1280,7290,18.24,"2GA","2楷林",64,336,0,"HQJ038980","SQ78928 041"
1040,10870,22.1,"2GA","2楷林",75,373,0,"HQF089220","SQ71373 551"
1030,9670,19.47,"2GC","2楷林",36,332,0,"HQB070220","SQ60136 521"
1260,9390,23.13,"2GA","2楷林",71,333,0,"HQF093770","SQ71503 521"
1230,11230,26.46,"2GA","2楷林",13,298,0,"HQH049600","SQ76387 531"
1260,8340,20.54,"2GA","2楷林",13,321,0,"HQE001010","SQ67252 511"
1290,8450,21.31,"2GB","2楷林",10,426,0,"HQA035130","SQ56649 051"
1310,11830,30.3,"2GA","2楷林",32,329,0,"HQE148700","SQ69899 521"
1440,11830,33.3,"2GB","2楷林",29,515,0,"HQH071800","SQ76809 541"
1470,11790,33.88,"2GD","2楷林",10,272,0,"HQA101790","SQ57844 511"
1230,9860,23.71,"3GC","2楷林",46,308,0,"HQF138150","SQ72261 541"
1290,9980,25.17,"2GB","2楷林",27,327,0,"HQC007170","SQ61686 551"
1070,8660,18.12,"2GA","2楷林",33,527,0,"HQJ136190","SQ80650 051"
1550,8270,25.06,"2GB","2楷林",53,538,0,"HQY147170","SQ53389 551"
1040,10660,21.67,"2GC","2楷林",1,324,0,"HQA031740","SQ56621 561"
1190,8690,20.22,"3GC","2楷林",6,329,0,"HQB101000","SQ60669 531"
1170,7860,17.98,"2GB","2楷林",29,477,0,"HQH096110","SQ77240 071"
1100,10170,21.87,"2GA","2楷林",48,357,0,"HQC123750","SQ64061 551"
1340,11410,29.89,"3GB","2楷林",69,438,0,"HQY107370","SQ52869 051"
1290,10140,25.57,"2GC","2楷林",25,451,0,"HQF012770","SQ70229 531"
1100,11160,24,"2GA","2楷林",52,349,0,"HQZ127710","SQ55380 531"
1090,9450,20.14,"2GA","2楷林",98,330,0,"HQZ093810","SQ54783 521"
1200,11610,27.24,"3GB","2楷林",88,420,0,"HQA082560","SQ57495 511"
1390,11000,29.89,"2GA","2楷林",21,337,0,"HQX109590","SQ50784 511"
1570,11380,34.37,"2GA","2楷林",7,276,7.6,"HQJ119750","SQ80354 051"
1120,10420,22.31,"2GC","2楷林",65,552,0,"HQX036310","SQ49695 011"
1030,9350,18.83,"2GC","2楷林",104,482,0,"HQF155970","SQ72583 551"
1210,9780,23.14,"3GC","2楷林",6,443,0,"HQJ149980","SQ80942 031"
1440,11840,33.33,"2GD","2楷林",9,455,0,"HQF050840","SQ70844 541"
1150,8570,19.27,"3GB","2楷林",45,559,0,"HQF115680","SQ71890 541"
1350,9510,25.1,"2GA","2楷林",58,332,0,"HQA046770","SQ56869 531"
1330,10750,27.95,"2GC","2楷林",42,516,0,"HQZ089070","SQ54739 031"
900,10300,18.12,"2GA","2楷林",82,329,0,"HQC069740","SQ63117 551"
1300,9120,23.18,"2GC","2楷林",29,322,0,"HQZ167130","SQ56087 041"
1320,9380,24.21,"2GB","2楷林",11,438,0,"HQH087310","SQ77077 541"
1490,8170,23.8,"2GB","2楷林",25,432,0,"HQX033690","SQ49621 051"
1280,9260,23.17,"2GC","2楷林",70,461,0,"HQG046440","SQ73617 051"
1400,9170,25.1,"3GC","2楷林",25,322,0,"HQY065960","SQ52396 521"
1170,11800,26.99,"2GB","2楷林",36,432,0,"HQE155340","SQ70002 041"
1290,9190,23.18,"2GB","2楷林",20,329,0,"HQA151440","SQ58534 531"
1040,11760,23.91,"3GC","2楷林",83,324,0,"HQF144400","SQ72420 031"
1100,10540,22.67,"2GC","2楷林",54,525,0,"HQJ142210","SQ80792 561"
1260,9410,23.18,"2GA","2楷林",45,331,0,"HQD154770","SQ67095 531"
1320,9490,24.49,"2GC","2楷林",12,337,0,"HQY139500","SQ53279 031"
910,10180,18.11,"2GB","2楷林",48,343,0,"HQF037630","SQ70622 541"
1260,11860,29.21,"2GA","2楷林",38,315,0,"HQG059310","SQ73833 511"
1410,7790,21.47,"2GB","2楷林",52,330,0,"HQB094710","SQ60588 521"
1360,8830,23.48,"2GC","2楷林",22,342,0,"HQC106320","SQ63735 051"
1260,9970,24.56,"2GB","2楷林",75,456,0,"HQX043820","SQ49817 541"
1570,7190,22.07,"2GA","2楷林",13,323,0,"HQG128350","SQ74847 541"
1190,8430,19.61,"2GB","2楷林",60,529,0,"HQZ004160","SQ53671 031"
1070,9120,19.08,"2GB","2楷林",98,331,0,"HQX160100","SQ51434 551"
1250,9440,23.07,"2GA","2楷林",84,320,0,"HQJ021810","SQ78675 551"
1380,9870,26.63,"2GC","2楷林",33,476,3.5,"HQX153000","SQ51322 011"
1530,11750,34.08,"2GA","2楷林",5,270,10,"HQH060160","SQ76533 011"
1560,11470,34.98,"2GA","2楷林",5,313,0,"HQH020950","SQ75883 021"
1050,11630,23.87,"2GC","2楷林",44,354,0,"HQX134760","SQ51130 021"
1390,11770,31.98,"2GB","2楷林",21,273,0,"HQJ144580","SQ80848 541"
1540,8770,26.4,"2GA","2楷林",30,328,0,"HQC016250","SQ62131 021"
1320,8880,22.48,"2GB","2楷林",40,526,0,"HQA010990","SQ56357 021"
1290,7980,20.13,"2GA","2楷林",28,320,0,"HQD124130","SQ66538 541"
1450,11760,33.34,"2GA","2楷林",8,460,0,"HQG057180","SQ73808 011"
1530,11630,34.79,"2GA","2楷林",12,291,0,"HQY016870","SQ51722 011"
1000,10280,20.1,"2GB","2楷林",106,338,0,"HQD121990","SQ66531 541"
1050,9370,19.23,"2GB","2楷林",62,421,0,"HQX076380","SQ50343 071"
1250,9480,23.17,"2GA","2楷林",39,321,0,"HQF152050","SQ72521 041"
1000,8510,16.64,"3GC","2楷林",80,346,0,"HQF096100","SQ71544 581"
1080,11580,24,"3GC","2楷林",69,347,0,"HQA111660","SQ57973 011"
1040,11740,23.87,"2GC","2楷林",1,322,0,"HQG104350","SQ74376 061"
1420,8740,24.26,"2GC","2楷林",36,534,0,"HQD103280","SQ66227 051"
960,9880,18.54,"2GA","2楷林",81,398,0,"HQD135310","SQ66781 021"
1030,9670,19.47,"2GC","2楷林",78,330,0,"HQB071390","SQ60155 511"
1100,11550,24.84,"3GC","2楷林",36,501,0,"HQE022920","SQ67625 041"
1260,8350,20.57,"2GA","2楷林",22,322,0,"HQD154540","SQ67091 021"
1260,9660,23.8,"2GA","2楷林",23,358,0,"HQH157560","SQ78242 551"
960,11590,21.75,"2GA","2楷林",77,303,0,"HQG111820","SQ74512 041"
1560,10010,30.53,"2GA","2楷林",18,326,0,"HQG115820","SQ74598 011"
1160,9500,21.17,"2GA","2楷林",50,322,0,"HQX159620","SQ51415 031"
1110,11050,23.98,"2GA","2楷林",55,356,0,"HQF077330","SQ71225 011"
1260,8970,21.66,"3GC","2楷林",61,335,0,"HQC009270","SQ61703 511"
980,10530,20.17,"2GA","2楷林",65,329,0,"HQE025070","SQ67647 041"
1290,8940,22.55,"2GA","2楷林",16,322,0,"HQF075240","SQ71172 561"
940,11540,21.21,"2GA","2楷林",57,401,0,"HQE084930","SQ68734 041"
1220,9010,21.49,"2GA","2楷林",42,337,0,"HQJ042730","SQ79003 031"
930,9970,18.13,"2GC","2楷林",61,332,0,"HQD011180","SQ64640 551"
1150,9870,22.19,"2GB","2楷林",52,453,0,"HQF033090","SQ70522 021"
900,10570,18.6,,"2楷林",62,418,0,"HQG030020","SQ73304 531"
1430,11240,31.42,"2GC","2楷林",28,327,0,"HQY017030","SQ51717 541"
1210,9850,23.3,"2GC","2楷林",24,444,0,"HQJ150970","SQ80950 531"
1260,9170,22.59,"2GA","2楷林",88,326,0,"HQD155200","SQ67093 551"
1320,9000,23.23,"2GA","2楷林",81,341,0,"HQB131540","SQ61252 541"
1130,11170,24.13,"2GB","2楷林",96,525,0,"HQE073600","SQ68511 531"
1090,11490,24.48,"2GB","2楷林",46,517,0,"HQJ163920","SQ81179 041"
1230,9680,23.09,"2GB","2楷林",7,524,0,"HQG024530","SQ73222 011"
910,11760,20.92,"2GC","2楷林",56,338,0,"HQH145130","SQ78085 521"
1090,7470,15.7,"2GB","2楷林",84,466,0,"HQB057890","SQ59926 521"
1280,7980,19.97,"2GA","2楷林",39,362,0,"HQE042600","SQ67972 061"
1290,11680,29.46,"3GC","2楷林",79,520,0,"HQC123210","SQ64040 531"
1280,8850,22.15,"2GD","2楷林",41,332,0,"HQY067060","SQ52418 531"
1570,9940,30.51,"2GA","2楷林",34,330,0,"HQF064420","SQ70987 511"
1030,9270,18.67,"2GA","2楷林",99,317,0,"HQX002680","SQ49101 561"
1240,8660,20.99,"2GC","2楷林",43,396,0,"HQJ144800","SQ80843 551"
1300,11850,29.63,"2GC","2楷林",40,300,9.8,"HQY008250","SQ51607 551"
1350,11740,30.98,"2GA","2楷林",58,274,0,"HQE092120","SQ68894 541"
1290,9680,24.41,"2GA","2楷林",28,339,0,"HQJ059540","SQ79258 021"
1040,9460,19.23,"2GB","2楷林",35,340,0,"HQZ017050","SQ53811 051"
1270,9300,23.09,"2GA","2楷林",45,323,0,"HQF104930","SQ71650 011"
1270,9120,22.29,"2GB","2楷林",15,430,0,"HQA003240","SQ56202 511"
1250,10250,24.65,"2GA","2楷林",53,449,0,"HQG000150","SQ72772 521"
1190,9740,22.66,"2GB","2楷林",24,525,0,"HQB145290","SQ61486 061"
960,8350,15.42,"2GA","2楷林",49,326,8.5,"HQY101630","SQ52802 541"
1290,8550,21.56,"2GA","2楷林",80,351,0,"HQA009480","SQ56321 051"
1450,7770,22.03,"2GB","2楷林",2,490,0,"HQG093110","SQ74228 051"
1320,9390,24.23,"2GB","2楷林",10,435,0,"HQH087300","SQ77077 031"
1220,11770,27.84,"2GB","2楷林",22,524,0,"HQA101910","SQ57840 011"
1130,9120,20.15,"2GA","2楷林",67,333,0,"HQD105770","SQ66294 061"
1340,11410,29.56,"2GB","2楷林",26,483,0,"HQJ036300","SQ78890 021"
1350,11610,30.64,"2GA","2楷林",28,272,0,"HQX079080","SQ50368 031"
1310,11800,30.22,"3GC","2楷林",36,330,0,"HQG102080","SQ74355 551"
1450,8790,24.92,"2GA","2楷林",4,273,0,"HQC117250","SQ63950 551"
1100,11210,24.11,"2GB","2楷林",64,529,0,"HQA102330","SQ57850 041"
1310,10140,25.97,"2GC","2楷林",19,487,0,"HQX139310","SQ51175 031"
970,10750,20.39,"2GA","2楷林",74,397,0,"HQC105200","SQ63750 071"
1210,9130,21.6,"2GB","2楷林",48,425,0,"HQH022730","SQ75924 061"
1410,8140,22.12,"2GC","2楷林",12,326,0,"HQH045570","SQ76322 511"
1330,9040,23.24,"2GB","2楷林",24,331,0,"HQY095670","SQ52742 511"
1290,8940,22.55,"2GA","2楷林",5,325,0,"HQX026950","SQ49547 541"
1220,8210,19.58,"2GA","2楷林",23,346,0,"HQH136440","SQ77934 551"
1060,10590,21.95,"3GC","2楷林",46,348,0,"HQA043420","SQ56827 521"
1380,9720,25.75,"2GA","2楷林",34,348,0,"HQZ032230","SQ53940 011"
1030,7560,15.22,"2GC","2楷林",29,352,0,"HQE126350","SQ69489 561"
1290,8520,21.49,"2GA","2楷林",57,344,0,"HQX034010","SQ49653 531"
1340,11680,30.6,"2GB","2楷林",33,550,0,"HQE132390","SQ69575 551"
1110,10260,22.26,"2GA","2楷林",72,343,0,"HQX069470","SQ50277 551"
1290,11100,27.99,"2GA","2楷林",13,299,0,"HQD016300","SQ64753 041"
1300,10360,26.33,"2GA","2楷林",10,336,0,"HQZ166940","SQ56091 051"
1190,10840,25.22,"2GC","2楷林",64,327,0,"HQX018300","SQ49382 531"
1010,10980,21.68,"2GA","2楷林",44,448,0,"HQA029460","SQ56580 521"
1300,11690,29.71,"3GC","2楷林",60,338,0,"HQA136910","SQ58349 021"
1540,9500,28.6,"3GC","2楷林",6,316,0,"HQY158650","SQ53560 521"
1200,9500,22.29,"2GB","2楷林",14,425,0,"HQA003230","SQ56204 031"
1360,11620,30.9,"2GA","2楷林",8,440,0,"HQE062870","SQ68306 011"
1380,11110,29.97,"2GB","2楷林",35,476,28.2,"HQA104530","SQ57671 021"
1240,8860,21.48,"2GA","2楷林",72,452,0,"HQB008520","SQ59039 571"
1230,7180,17.27,"2GB","2楷林",78,524,0,"HQX079580","SQ50361 531"
1310,9230,23.28,"3GC","2楷林",27,336,0,"HQH105880","SQ77393 531"
1200,8040,18.86,"2GB","2楷林",92,539,0,"HQZ135720","SQ55515 031"
1270,11630,28.88,"2GD","2楷林",41,337,0,"HQJ057310","SQ79236 041"
1220,10060,23.99,"2GA","2楷林",73,332,0,"HQH112660","SQ77546 031"
1110,11050,23.98,"2GC","2楷林",71,335,0,"HQE020650","SQ67550 541"
1050,10920,22.42,"3GC","2楷林",13,342,0,"HQY050600","SQ52206 021"
1360,11360,30.2,"2GA","2楷林",35,325,0,"HQB130190","SQ61221 551"
1350,11210,29.59,"2GC","2楷林",19,337,0,"HQC127390","SQ64141 541"
1260,8430,20.77,"2GA","2楷林",6,317,0,"HQF099030","SQ71603 561"
1370,10610,28.42,"3GC","2楷林",15,354,0,"HQA099750","SQ57820 021"
1300,11710,29.76,"2GB","2楷林",57,430,0,"HQA032300","SQ56625 541"
1370,8350,22.36,"2GA","2楷林",77,361,0,"HQZ070880","SQ54447 531"
1510,11780,34.78,"3GC","2楷林",21,270,0,"HQG045300","SQ73583 011"
1190,7690,17.89,"3GC","2楷林",52,344,0,"HQX046370","SQ49847 081"
1540,11550,34.77,"2GC","2楷林",10,312,0,"HQC069020","SQ63075 031"
1290,7560,19.07,"2GA","2楷林",33,323,0,"HQY156510","SQ53535 511"
1280,8850,22.15,"2GD","2楷林",55,332,0,"HQY067200","SQ52418 051"
1290,8770,22.12,"2GA","2楷林",38,304,0,"HQD047140","SQ65256 041"
1290,9190,23.18,"2GA","2楷林",34,328,0,"HQA133200","SQ58273 551"
1090,7880,16.79,"2GC","2楷林",77,353,0,"HQG000390","SQ72755 541"
1270,10970,27.24,"2GC","2楷林",17,271,0,"HQA144180","SQ58448 521"
900,10430,18.35,"2GA","2楷林",58,299,0,"HQD100010","SQ66189 051"
960,10130,19.01,"2GA","2楷林",49,336,0,"HQF000280","SQ70095 041"
1240,9730,23.59,"2GA","2楷林",18,344,0,"HQD065700","SQ65571 031"
1330,7290,18.96,"2GC","2楷林",71,322,0,"HQY092640","SQ52695 041"
1390,11750,31.93,"2GA","2楷林",10,271,0,"HQX084180","SQ50460 531"
1300,11850,30.12,"2GA","2楷林",23,327,0,"HQJ011640","SQ78521 011"
1300,9270,23.56,"3GB","2楷林",19,331,0,"HQY095620","SQ52742 061"
1000,9540,18.65,"2GC","2楷林",89,321,0,"HQX114310","SQ50811 071"
1570,7970,24.07,"2GC","2楷林",21,266,12.5,"HQE003170","SQ67237 041"
1160,10250,23.24,"2GB","2楷林",33,425,0,"HQJ156930","SQ81051 021"
1300,9150,23.25,"2GA","2楷林",109,326,0,"HQD128980","SQ66631 531"
1240,10180,24.68,"2GB","2楷林",31,458,0,"HQJ140630","SQ80748 041"
1570,9320,27.92,"2GA","2楷林",7,260,6.9,"HQG072530","SQ74002 041"
1390,8200,22.28,"2GB","2楷林",31,366,0,"HQA099180","SQ57831 061"
1150,9370,21.07,"2GB","2楷林",60,435,0,"HQD127770","SQ66628 541"
1180,9220,21.27,"2GA","2楷林",23,301,0,"HQG036650","SQ73394 051"
1000,11170,21.84,"2GB","2楷林",25,319,0,"HQF017350","SQ70299 561"
1000,11130,21.76,"2GA","2楷林",48,329,0,"HQD032230","SQ64998 041"
1250,9480,23.17,"2GA","2楷林",37,332,0,"HQJ021340","SQ78683 051"
900,11130,19.58,"2GA","2楷林",83,392,0,"HQG164950","SQ75457 071"
1110,11000,23.87,"2GB","2楷林",37,352,0,"HQA121340","SQ58108 541"
1400,11870,32.49,"2GC","2楷林",9,310,0,"HQE116480","SQ69293 031"
1410,11810,32.55,"2GC","2楷林",15,477,0,"HQF006020","SQ70170 031"
1300,9120,23.18,"2GA","2楷林",47,326,0,"HQG012140","SQ73006 551"
1180,9750,22.49,"2GC","2楷林",7,531,0,"HQG140350","SQ75051 021"
1260,11020,27.15,"2GA","2楷林",78,348,0,"HQE033600","SQ67812 021"
1190,9400,21.59,"2GA","2楷林",59,339,0,"HQC083500","SQ63368 511"
1220,9240,22.04,"2GB","2楷林",51,460,0,"HQE041820","SQ67952 571"
1290,9430,23.78,"2GC","2楷林",53,431,0,"HQC110780","SQ63819 511"
1190,11060,25.73,"2GB","2楷林",65,334,0,"HQC026290","SQ62335 031"
1080,11370,24.01,"2GC","2楷林",84,339,0,"HQE129870","SQ69533 051"
1380,11860,32,"2GA","2楷林",19,266,0,"HQZ151860","SQ55820 021"
1090,11530,24.57,"2GA","2楷林",29,322,0,"HQX145110","SQ51234 041"
1370,11810,31.63,"2GC","2楷林",30,516,0,"HQE139610","SQ69710 551"
1350,7900,20.85,"3GC","2楷林",84,301,0,"HQD127130","SQ66615 051"
1010,11070,21.86,"2GC","2楷林",51,274,0,"HQC136450","SQ64268 521"
1000,9660,18.51,"2GC","2楷林",55,324,0,"HQC007450","SQ61684 011"
1090,9610,20.48,"3GB","2楷林",46,328,0,"HQG163870","SQ75439 551"
1370,9050,24.24,"2GA","2楷林",5,319,0,"HQZ116100","SQ55209 041"
1250,8230,20.11,"2GC","2楷林",57,337,0,"HQG070350","SQ73993 011"
1010,10190,20.12,"2GA","2楷林",1,311,0,"HQJ141680","SQ80790 031"
1290,9110,22.97,"2GA","2楷林",48,345,0,"HQD029620","SQ64946 041"
1260,11390,28.06,"2GC","2楷林",61,333,0,"HQZ097780","SQ54871 521"
1070,11070,23.16,"2GD","2楷林",85,300,0,"HQF078960","SQ71249 541"
1320,11780,30.4,"2GA","2楷林",78,443,0,"HQB088250","SQ60455 521"
1290,9190,23.18,"2GA","2楷林",40,331,0,"HQA064380","SQ57175 031"
1290,11100,27.99,"2GA","2楷林",5,315,0,"HQH123830","SQ77726 041"
1190,11600,26.99,"2GA","2楷林",35,286,0,"HQZ113700","SQ55163 031"
1240,8550,20.73,"2GD","2楷林",48,519,0,"HQZ152150","SQ55848 531"
1220,10100,24.09,"2GC","2楷林",24,473,0,"HQE078660","SQ68617 051"
1290,7530,18.99,"2GA","2楷林",49,336,0,"HQY156670","SQ53534 561"
1230,9640,23.18,"2GB","2楷林",57,459,0,"HQE147100","SQ69848 041"
1120,9360,20.04,"2GB","2楷林",62,545,0,"HQX103760","SQ50717 011"
1240,10070,24.41,"2GA","2楷林",24,321,0,"HQA071430","SQ57299 041"
960,10770,20.21,"2GB","2楷林",83,329,0,"HQF157440","SQ72605 541"
1320,11550,29.81,"2GA","2楷林",70,269,0,"HQF078810","SQ71250 521"
1440,8840,24.89,"2GA","2楷林",44,338,0,"HQA065360","SQ57183 531"
1030,11850,23.86,"2GB","2楷林",60,352,0,"HQH103600","SQ77338 551"
1150,10190,22.91,"2GA","2楷林",69,461,0,"HQX026760","SQ49524 551"
1520,7950,23.62,"2GC","2楷林",7,276,0,"HQC021150","SQ62236 541"
1280,9190,23,"2GA","2楷林",65,342,0,"HQB032130","SQ59461 511"
980,9690,18.57,"2GA","2楷林",66,330,0,"HQA071070","SQ57274 021"
1220,11380,27.14,"2GA","2楷林",45,321,0,"HQB148660","SQ61540 021"
1300,11850,30.12,"2GA","2楷林",71,321,0,"HQE110710","SQ69231 511"
1240,8450,20.24,"2GB","2楷林",44,460,0,"HQG032200","SQ73348 021"
1060,7620,15.79,"2GB","2楷林",33,473,0,"HQD020200","SQ64795 041"
1100,11100,23.87,"2GA","2楷林",1,353,0,"HQZ127200","SQ55385 011"
1570,10260,31.49,"2GC","2楷林",41,324,0,"HQD123510","SQ66530 511"
1070,11780,24.64,"2GA","2楷林",64,312,0,"HQG136890","SQ74996 561"
1100,11760,25.29,"2GA","2楷林",39,312,0,"HQX126710","SQ51019 521"
1070,6580,13.76,"2GB","2楷林",71,515,0,"HQD109790","SQ66350 591"
1380,8940,24.12,"2GC","2楷林",58,328,0,"HQX057050","SQ50084 011"
1270,7680,18.76,"2GA","2楷林",67,317,11.6,"HQB151160","SQ61536 031"
1370,8020,21.48,"2GC","2楷林",39,344,0,"HQX056860","SQ50089 041"
1430,11680,32.65,"2GD","2楷林",22,325,0,"HQB003990","SQ58933 531"
1310,8820,22.59,"2GA","2楷林",51,327,0,"HQE069500","SQ68464 011"
1270,9890,24.17,"2GB","2楷林",15,530,0,"HQY109610","SQ52903 021"
1240,10910,26.45,"2GC","2楷林",19,336,0,"HQC041560","SQ62603 041"
970,9740,18.47,"2GA","2楷林",58,396,0,"HQJ002250","SQ78398 581"
1380,11860,32,"2GC","2楷林",36,329,0,"HQE030210","SQ67770 051"
1320,11480,29.63,"2GD","2楷林",54,250,0,"HQA011130","SQ56338 521"
1570,7590,22.92,"2GD","2楷林",6,288,14,"HQC142930","SQ64370 541"
1260,7710,18.99,"2GC","2楷林",36,328,0,"HQE058060","SQ68240 051"
1470,10660,30.64,"3GC","2楷林",80,326,0,"HQZ148510","SQ55789 541"
1110,11540,25.04,"2GB","2楷林",38,328,0,"HQC030700","SQ62380 031"
1270,10100,24.58,"2GB","2楷林",46,445,0,"HQZ094440","SQ54772 521"
1230,10580,25.44,"3GB","2楷林",13,416,0,"HQG076110","SQ74064 551"
1390,11410,30.56,"2GA","2楷林",41,326,0,"HQG027720","SQ73277 521"
1290,10150,24.98,"2GA","2楷林",13,274,8,"HQA006080","SQ56207 041"
1000,11820,23.11,"2GA","2楷林",38,328,0,"HQE045340","SQ68008 521"
1240,9150,22.18,"2GA","2楷林",69,340,0,"HQJ028390","SQ78781 541"
1280,10800,27.03,"2GB","2楷林",69,525,0,"HQX006860","SQ49194 541"
1130,8870,19.16,"2GB","2楷林",88,332,0,"HQY046470","SQ52154 511"
1090,8120,17.3,"2GC","2楷林",49,299,0,"HQH049150","SQ76382 041"
1260,8990,22.15,"2GB","2楷林",54,325,0,"HQY046130","SQ52146 031"
1170,10090,23.08,"2GB","2楷林",47,539,0,"HQJ060500","SQ79271 031"
1260,9410,23.18,"2GA","2楷林",49,370,0,"HQH005910","SQ75650 551"
1270,10350,25.7,"2GA","2楷林",22,343,0,"HQF027780","SQ70446 011"
1270,11670,28.97,"2GB","2楷林",45,325,0,"HQC085210","SQ63415 521"
1290,10990,27.72,"2GC","2楷林",27,514,0,"HQF148780","SQ72485 521"
1250,8000,19.55,"2GB","2楷林",37,328,0,"HQH074720","SQ76832 041"
1570,11400,34.99,"2GC","2楷林",49,338,0,"HQH115420","SQ77567 531"
1070,10650,22.28,"2GA","2楷林",56,329,0,"HQC067730","SQ63097 551"
1260,9370,23.08,"2GA","2楷林",73,446,0,"HQD131060","SQ66707 021"
1130,7320,15.81,"2GA","2楷林",95,459,0,"HQA086690","SQ57630 511"
1010,10160,20.06,"2GA","2楷林",21,353,0,"HQE124720","SQ69459 061"
900,9020,15.87,"2GA","2楷林",64,307,0,"HQA160150","SQ58716 571"
950,10300,19.13,"2GC","2楷林",81,327,0,"HQF049560","SQ70797 031"
1300,11250,28.59,"2GA","2楷林",28,284,0,"HQE003240","SQ67293 531"
1290,10990,27.72,"2GD","2楷林",23,339,0,"HQC084990","SQ63401 521"
960,11170,20.96,"2GB","2楷林",80,361,0,"HQA068750","SQ57224 011"
1100,11650,25.05,"2GD","2楷林",37,273,0,"HQE127590","SQ69501 521"
1210,7950,18.81,"2GC","2楷林",68,396,0,"HQF022930","SQ70406 061"
1330,9610,24.99,"2GA","2楷林",6,303,0,"HQE085210","SQ68754 561"
1290,11400,28.75,"2GB","2楷林",58,334,0,"HQZ035760","SQ53982 061"
1190,11470,26.68,"2GC","2楷林",74,272,0,"HQA135960","SQ58316 041"
1130,11760,25.98,"2GA","2楷林",55,275,0,"HQG156580","SQ75317 041"
1470,8890,25.55,"2GA","2楷林",10,268,0,"HQY095530","SQ52751 031"
1350,11630,30.69,"2GA","2楷林",60,266,0,"HQX159000","SQ51395 051"
1260,7450,18.35,"2GB","2楷林",39,333,0,"HQA162570","SQ58755 541"
1090,9890,21.08,"2GA","2楷林",59,329,0,"HQZ094570","SQ54786 531"
1380,10090,27.22,"2GA","2楷林",45,302,0,"HQZ000050","SQ53628 011"
1280,9260,23.17,"2GA","2楷林",18,325,0,"HQF149550","SQ72498 511"
1300,9170,23.31,"2GA","2楷林",89,331,0,"HQG012560","SQ73009 031"
1200,11590,27.19,"2GA","2楷林",29,301,0,"HQY151220","SQ53459 051"
1270,10350,25.7,"2GA","2楷林",25,343,0,"HQF027810","SQ70446 541"
950,9190,17.07,"2GB","2楷林",1,358,0,"HQF086700","SQ71368 551"
960,10000,18.77,"2GA","2楷林",26,320,0,"HQF101280","SQ71625 061"
1310,11620,29.76,"2GD","2楷林",46,361,0,"HQX056060","SQ50030 511"
900,10290,18.11,"2GA","2楷林",63,331,0,"HQJ151360","SQ80955 031"
1370,11650,30.63,"2GA","2楷林",80,270,0,"HQY034180","SQ51997 011"
1070,7910,16.55,"2GA","2楷林",34,459,0,"HQJ135750","SQ80675 021"
1400,8450,23.13,"2GA","2楷林",52,364,0,"HQZ071430","SQ54462 551"
1270,10350,25.7,"2GA","2楷林",10,338,0,"HQF027660","SQ70443 541"
1460,7830,22.35,"2GA","2楷林",15,277,0,"HQD103070","SQ66240 021"
1300,9100,23.13,"2GA","2楷林",51,326,0,"HQD128400","SQ66627 041"
1240,10320,25.02,"2GC","2楷林",15,338,0,"HQF053760","SQ70887 051"
1090,9460,20.16,"2GB","2楷林",67,337,0,"HQF001760","SQ70131 521"
1340,11370,29.79,"2GB","2楷林",53,527,0,"HQZ033210","SQ53957 011"
1190,10100,23.5,"2GA","2楷林",29,480,0,"HQD015670","SQ64722 551"
1370,11690,31.31,"2GA","2楷林",22,269,0,"HQB036270","SQ59538 521"
1210,9430,22.31,"2GB","2楷林",56,430,0,"HQH022810","SQ75930 011"
1510,10840,31.23,"2GC","2楷林",5,245,7.1,"HQY054560","SQ52226 531"
1410,8360,22.64,"2GD","2楷林",37,265,0,"HQY087210","SQ52639 511"
1570,10450,32.07,"2GB","2楷林",13,326,0,"HQY110980","SQ52922 011"
1000,11520,22.52,"2GA","2楷林",46,352,0,"HQH061610","SQ76564 061"
1240,10290,24.95,"2GA","2楷林",68,344,0,"HQE003640","SQ67278 561"
1340,10990,28.79,"2GA","2楷林",61,340,0,"HQA089920","SQ57685 021"
1110,6750,14.65,"2GB","2楷林",78,446,0,"HQB130620","SQ61247 061"
1000,8130,15.5,"2GA","2楷林",55,455,0,"HQC126290","SQ64127 031"
1540,11540,34.74,"2GC","2楷林",17,307,0,"HQB040730","SQ59616 521"
1290,6290,15.86,"3GC","2楷林",13,344,0,"HQJ070710","SQ79477 031"
1100,9940,21.03,"2GA","2楷林",35,278,9.4,"HQY030710","SQ51916 051"
1290,8990,22.67,"2GB","2楷林",30,346,0,"HQY062750","SQ52349 011"
1240,10940,26.52,"2GB","2楷林",56,495,0,"HQF137420","SQ72265 041"
1570,7350,22.56,"2GA","2楷林",12,324,0,"HQC141310","SQ64385 521"
1110,10360,22.48,"2GA","2楷林",54,353,0,"HQX047200","SQ49901 051"
1510,11830,34.36,"2GA","2楷林",26,304,8.2,"HQC115030","SQ63888 541"
1090,11610,24.74,"2GA","2楷林",51,325,0,"HQY130590","SQ53169 551"
1290,9350,23.58,"3GC","2楷林",62,422,0,"HQB046440","SQ59695 071"
1170,9220,21.09,"2GC","2楷林",47,517,0,"HQC067640","SQ63109 021"
1100,10360,22.28,"2GA","2楷林",53,328,0,"HQD032280","SQ64996 551"
1170,11390,26.05,"2GB","2楷林",38,543,0,"HQJ003320","SQ78410 561"
1260,6720,16.55,"2GB","2楷林",72,416,0,"HQX120210","SQ50916 091"
1390,10110,27.47,"2GC","2楷林",37,345,0,"HQC138010","SQ64305 051"
1270,9500,23.59,"2GB","2楷林",32,324,0,"HQD004140","SQ64551 021"
1020,10800,21.54,"2GA","2楷林",95,348,0,"HQX059990","SQ50140 551"
990,9530,18.44,"2GC","2楷林",66,300,0,"HQG159250","SQ75387 071"
1030,9270,18.67,"2GA","2楷林",69,320,0,"HQX004180","SQ49112 561"
1190,10130,23.57,"2GA","2楷林",36,327,0,"HQY116200","SQ52982 061"
1270,8080,20.06,"2GA","2楷林",50,333,0,"HQF138790","SQ72276 551"
1270,8290,20.58,"3GC","2楷林",32,316,0,"HQZ156540","SQ55921 021"
1030,7610,15.32,"2GC","2楷林",67,349,0,"HQE126730","SQ69494 051"
1340,11510,30.15,"2GB","2楷林",42,331,0,"HQZ154360","SQ55860 541"
1140,7350,16.38,"2GB","2楷林",41,434,0,"HQG029130","SQ73292 531"
1240,8020,19.44,"2GD","2楷林",26,541,0,"HQZ151930","SQ55842 551"
1030,9270,18.67,"2GA","2楷林",92,318,0,"HQX002610","SQ49101 081"
1420,10010,27.59,"3GC","2楷林",9,254,0,"HQG148280","SQ75199 511"
1130,9560,20.78,"2GA","2楷林",56,277,9.4,"HQF085430","SQ71320 021"
1290,11450,28.88,"2GC","2楷林",20,326,0,"HQB117250","SQ61007 011"
1140,11750,26.19,"2GB","2楷林",39,508,0,"HQY058960","SQ52303 531"
1270,9300,23.09,"2GC","2楷林",35,517,0,"HQC069270","SQ63105 551"
1240,8590,20.82,"2GB","2楷林",38,419,0,"HQZ095980","SQ54819 511"
1270,7300,18.12,"2GD","2楷林",20,340,0,"HQJ057090","SQ79236 011"
1190,11300,26.29,"2GC","2楷林",69,455,0,"HQC027010","SQ62315 041"
1070,10240,21.42,"2GD","2楷林",79,299,0,"HQF078900","SQ71246 041"
1260,5720,14.09,"2GA","2楷林",43,443,0,"HQE067040","SQ68410 571"
1300,8750,22.24,"2GB","2楷林",27,416,0,"HQB052040","SQ59846 041"
1270,8450,20.98,"2GD","2楷林",63,392,0,"HQG080930","SQ74115 061"
1310,9910,25.38,"2GC","2楷林",22,448,0,"HQJ123960","SQ80483 051"
1040,9420,19.15,"3GB","2楷林",61,340,0,"HQZ002320","SQ53646 061"
1020,8930,17.81,"2GC","2楷林",30,341,0,"HQF144700","SQ72424 031"
1000,10700,20.92,"2GA","2楷林",96,340,0,"HQZ169240","SQ56131 051"
1330,10500,27.3,"2GC","2楷林",9,534,0,"HQF123600","SQ72042 021"
1310,11800,30.22,"2GB","2楷林",17,332,0,"HQG149050","SQ75214 031"
1400,8450,23.13,"2GA","2楷林",82,369,0,"HQZ071730","SQ54465 011"
1450,8380,23.76,"2GA","2楷林",31,268,0,"HQH032860","SQ76094 511"
1250,11130,27.2,"2GA","2楷林",14,345,0,"HQG154160","SQ75266 511"
1020,10110,20,"2GC","2楷林",62,309,6.3,"HQF054230","SQ70867 521"
1140,9200,20.05,"2GC","2楷林",67,322,0,"HQA033890","SQ56643 511"
970,9730,18.45,"2GA","2楷林",39,307,0,"HQF041380","SQ70687 021"
1190,9740,22.66,"2GA","2楷林",17,296,0,"HQD030980","SQ64971 551"
1100,11110,23.89,"3GC","2楷林",74,349,0,"HQA143070","SQ58430 521"
1270,10100,25.08,"2GD","2楷林",29,327,0,"HQH127930","SQ77792 521"
1320,9570,24.7,"2GB","2楷林",19,432,0,"HQH085960","SQ77066 521"
1510,11780,34.78,"2GA","2楷林",12,268,0,"HQX158520","SQ51376 021"
950,10810,20.08,"3GC","2楷林",72,355,0,"HQG107640","SQ74448 521"
990,11520,22.3,"2GA","2楷林",71,327,0,"HQA031530","SQ56611 021"
1420,11870,32.95,"3GC","2楷林",4,277,0,"HQZ005300","SQ53692 041"
1200,7340,17.22,"2GC","2楷林",42,279,0,"HQA140170","SQ58380 571"
1170,11620,26.58,"2GA","2楷林",74,251,0,"HQE030590","SQ67734 551"
1290,8190,20.65,"2GC","2楷林",33,416,0,"HQY017080","SQ51731 041"
1100,9860,21.2,"3GB","2楷林",38,327,0,"HQA073870","SQ57344 561"
1300,9120,23.18,"2GA","2楷林",17,330,0,"HQD128060","SQ66614 061"
1090,9260,19.73,"2GC","2楷林",60,328,0,"HQZ052850","SQ54192 061"
1400,10900,29.3,"2GC","2楷林",10,473,0,"HQC000590","SQ61592 011"
1310,9020,23.1,"2GA","2楷林",67,329,0,"HQE069660","SQ68470 561"
1050,11700,24.02,"3GC","2楷林",48,344,0,"HQG002060","SQ72783 061"
900,9860,17.35,"2GA","2楷林",99,330,0,"HQZ036170","SQ53999 571"
1240,11550,28,"2GA","2楷林",51,315,0,"HQJ053320","SQ79186 031"
1560,10000,30.5,"3GC","2楷林",54,328,0,"HQG020290","SQ73153 531"
1500,9960,28.72,"2GB","2楷林",7,471,0,"HQG093160","SQ74228 021"
1380,11420,30.81,"2GB","2楷林",36,526,0,"HQZ033040","SQ53949 041"
1330,11450,29.77,"2GB","2楷林",10,343,0,"HQC025740","SQ62325 011"
1310,8990,22.58,"2GA","2楷林",21,339,0,"HQJ042520","SQ78995 521"
1260,10430,25.69,"2GA","2楷林",25,337,0,"HQX108710","SQ50770 051"
1230,11560,27.8,"2GA","2楷林",44,286,0,"HQD047200","SQ65261 531"
1240,8080,19.59,"2GA","2楷林",81,450,0,"HQB093970","SQ60573 051"
1250,8810,21.53,"2GC","2楷林",33,357,0,"HQA163280","SQ58766 061"
1390,8670,23.14,"2GA","2楷林",51,338,0,"HQA089820","SQ57683 511"
1030,9390,18.63,"3GC","2楷林",56,398,0,"HQC020020","SQ62210 511"
1240,9730,23.59,"2GB","2楷林",44,432,0,"HQC063890","SQ63032 021"
1190,11600,26.99,"2GA","2楷林",40,288,0,"HQZ113750","SQ55163 541"
1030,9670,19.47,"2GA","2楷林",58,330,0,"HQB051380","SQ59771 531"
1290,9160,23.1,"2GA","2楷林",16,331,0,"HQA092140","SQ57734 051"
1030,10770,21.69,"2GC","2楷林",89,350,0,"HQE126950","SQ69498 031"
1400,11690,32,"2GC","2楷林",32,257,0,"HQY054830","SQ52231 531"
1260,10130,24.95,"2GB","2楷林",33,351,0,"HQD056080","SQ65363 051"
1320,11530,29.75,"3GB","2楷林",38,431,0,"HQG136630","SQ75011 541"
1000,8770,17.15,"2GA","2楷林",45,360,0,"HQX161540","SQ51445 071"
1270,10140,25.18,"2GB","2楷林",30,393,0,"HQC136900","SQ64298 031"
1300,8030,20.41,"2GB","2楷林",67,420,0,"HQX116880","SQ50881 051"
1340,8190,21.14,"2GB","2楷林",5,455,0,"HQZ156270","SQ55900 021"
1130,10450,23.09,"2GA","2楷林",92,458,0,"HQZ085250","SQ54659 531"
1190,8630,20.08,"3GB","2楷林",38,521,0,"HQG071960","SQ74003 051"
950,9430,17.51,"2GA","2楷林",58,395,0,"HQJ101950","SQ80097 571"
980,9640,18.47,"2GA","2楷林",35,422,0,"HQC001420","SQ61603 041"
1290,9160,23.1,"2GA","2楷林",32,333,0,"HQH165060","SQ78317 521"
1360,6750,17.95,"2GA","2楷林",21,507,0,"HQX004590","SQ49141 031"
1360,7550,20.07,"2GA","2楷林",12,367,0,"HQB148330","SQ61517 541"
1290,10090,25.45,"2GB","2楷林",37,424,0,"HQC003800","SQ61647 051"
1210,10810,25.57,"2GB","2楷林",87,447,0,"HQH083880","SQ76995 531"
1280,9260,23.17,"2GA","2楷林",26,333,0,"HQJ006060","SQ78442 561"
1230,8350,20.08,"3GC","2楷林",37,551,0,"HQF069730","SQ71072 041"
1560,6990,21.18,"2GA","2楷林",13,308,0,"HQG059060","SQ73836 011"
970,11820,22.41,"2GA","2楷林",42,271,0,"HQX074750","SQ50338 531"
1210,6540,15.47,"2GB","2楷林",48,520,0,"HQB150270","SQ61543 071"
1340,11070,29,"2GA","2楷林",8,336,0,"HQD003900","SQ64536 041"
1190,9110,21.19,"2GB","2楷林",46,274,0,"HQY097910","SQ52771 051"
950,9190,17.07,"2GB","2楷林",90,364,0,"HQG064170","SQ73913 071"
1390,11250,30.57,"2GC","2楷林",12,327,0,"HQX056590","SQ50076 541"
1060,11000,22.37,"2GC","2楷林",60,354,0,"HQJ104930","SQ80132 521"
900,9880,17.38,"2GA","2楷林",77,332,0,"HQZ046320","SQ54101 041"
1340,8830,22.87,"3GB","2楷林",24,528,0,"HQJ052470","SQ79179 021"
1570,9810,30.11,"2GA","2楷林",7,322,0,"HQE092970","SQ68916 531"
1020,11860,23.65,"2GA","2楷林",59,345,0,"HQX108360","SQ50753 551"
1520,11740,34.89,"2GD","2楷林",12,335,0,"HQX045970","SQ49853 521"
1530,9420,28.18,"3GC","2楷林",4,507,0,"HQE066650","SQ68421 021"
1300,9120,23.18,"2GA","2楷林",43,325,0,"HQD128320","SQ66616 561"
1210,11510,27.23,"2GA","2楷林",68,324,0,"HQG029400","SQ73259 031"
1300,11600,29.48,"3GC","2楷林",65,471,0,"HQG046390","SQ73615 041"
1240,7970,19.32,"2GA","2楷林",58,335,0,"HQH127010","SQ77786 541"
1080,9040,19.09,"2GA","2楷林",70,331,0,"HQZ144310","SQ55669 521"
1240,11300,27.06,"2GB","2楷林",53,386,0,"HQF158880","SQ72630 011"
1360,11800,30.62,"2GA","2楷林",40,272,6.6,"HQF159710","SQ72617 531"
1100,9330,20.06,"2GA","2楷林",61,351,0,"HQA007110","SQ56275 521"
1100,9390,20.19,"2GD","2楷林",66,330,0,"HQX140700","SQ51189 531"
1240,10170,24.65,"2GB","2楷林",24,454,0,"HQG081190","SQ74109 021"
1310,7420,19,"3GB","2楷林",21,321,0,"HQZ012080","SQ53764 071"
1430,9210,25.57,"2GB","2楷林",17,554,0,"HQE132230","SQ69584 011"
1340,10890,28,"2GD","2楷林",67,297,0,"HQD139930","SQ66871 021"
1260,8350,20.57,"2GA","2楷林",16,322,0,"HQD154480","SQ67091 051"
1070,10780,22.55,"2GA","2楷林",67,302,0,"HQD040910","SQ65131 541"
1030,9270,18.67,"2GA","2楷林",58,318,0,"HQX004070","SQ49110 571"
1300,9120,23.18,"2GA","2楷林",25,331,0,"HQD128140","SQ66614 021"
1550,9940,30.12,"2GA","2楷林",32,336,0,"HQC075420","SQ63228 051"
980,11620,22.26,"2GA","2楷林",50,337,0,"HQD156800","SQ67130 021"
1030,9140,18.4,"2GA","2楷林",84,320,0,"HQX004330","SQ49114 021"
1400,10820,29.61,"2GA","2楷林",27,335,0,"HQA065190","SQ57193 531"
1460,7830,22.35,"2GA","2楷林",13,278,0,"HQD103050","SQ66240 041"
1210,8540,20.2,"2GB","2楷林",73,526,0,"HQA116980","SQ58024 551"
1390,7580,20.38,"2GA","2楷林",31,362,0,"HQX080880","SQ50389 511"
1350,10800,27.98,"2GA","2楷林",31,348,0,"HQG113710","SQ74532 511"
1100,8660,18.62,"2GA","2楷林",85,333,0,"HQX064950","SQ50207 051"
1560,10040,30.62,"2GA","2楷林",7,327,0,"HQG089310","SQ74183 041"
1410,11720,31.79,"2GA","2楷林",19,269,4.5,"HQF156800","SQ72587 521"
1380,10740,28.98,"3GC","2楷林",13,460,0,"HQJ123870","SQ80475 021"
1320,10240,26.43,"2GA","2楷林",38,337,0,"HQB131110","SQ61252 031"
1130,9820,21.35,"2GD","2楷林",87,315,6.4,"HQD067460","SQ65590 531"
1450,10100,28.63,"3GB","2楷林",9,338,0,"HQC005820","SQ61665 541"
1270,9980,24.78,"2GA","2楷林",14,279,0,"HQD136480","SQ66808 011"
1140,9420,20.99,"2GC","2楷林",9,339,0,"HQJ108660","SQ80199 041"
1400,10080,27.59,"2GA","2楷林",32,266,0,"HQB008120","SQ59016 521"
1440,11700,32.94,"2GB","2楷林",25,554,0,"HQA039390","SQ56707 031"
1260,8580,21.14,"3GC","2楷林",51,337,0,"HQH106120","SQ77395 521"
1530,11680,34.94,"2GD","2楷林",3,411,0,"HQA124400","SQ58174 041"
1240,11750,28.48,"2GC","2楷林",19,275,0,"HQG037240","SQ73405 521"
1300,9870,25.08,"2GA","2楷林",26,461,0,"HQH092690","SQ77178 551"
1420,8820,24.23,"2GC","2楷林",15,253,0,"HQB084880","SQ60409 511"
1040,9340,18.99,"2GB","2楷林",65,346,0,"HQZ017350","SQ53807 521"
1290,11520,29.05,"2GB","2楷林",21,337,0,"HQC092630","SQ63542 061"
1250,8520,20.82,"2GC","2楷林",38,429,0,"HQJ017580","SQ78626 021"
1340,7370,19.31,"2GA","2楷林",85,334,0,"HQB025840","SQ59305 551"
1270,9290,23.07,"2GB","2楷林",65,324,0,"HQF099620","SQ71588 541"
1550,11210,33.97,"2GA","2楷林",17,318,0,"HQG049740","SQ73686 011"
1110,11520,25,"2GA","2楷林",34,353,0,"HQB013140","SQ59088 551"
1420,11550,32.06,"3GC","2楷林",26,322,0,"HQC068210","SQ63082 011"
1070,9280,19.41,"2GB","2楷林",28,349,0,"HQJ126570","SQ80503 521"
1160,9520,21.59,"2GC","2楷林",76,340,0,"HQC039890","SQ62558 531"
1110,11010,23.89,"2GB","2楷林",36,351,0,"HQD044750","SQ65219 031"
1220,11730,27.98,"2GC","2楷林",35,441,0,"HQF107780","SQ71737 531"
1380,11770,31.75,"3GC","2楷林",30,312,0,"HQG005630","SQ72849 511"
1280,10860,27.18,"2GA","2楷林",25,275,0,"HQD084560","SQ65912 021"
1130,11380,24.74,"2GC","2楷林",73,270,5.1,"HQG114130","SQ74518 031"
1060,11470,23.77,"3GC","2楷林",58,280,0,"HQH104240","SQ77371 041"
1370,11660,31.23,"3GC","2楷林",35,350,0,"HQB143430","SQ61501 041"
1180,10510,24.25,"2GB","2楷林",79,398,0,"HQZ116840","SQ55230 021"
1280,10240,25.22,"2GB","2楷林",58,475,0,"HQD022330","SQ64846 021"
1260,10510,25.58,"3GB","2楷林",33,561,0,"HQJ052560","SQ79183 011"
1270,8930,22.17,"3GC","2楷林",18,451,0,"HQE053500","SQ68172 051"
1170,11590,26.51,"2GA","2楷林",43,270,0,"HQH159720","SQ78265 031"
1290,9160,23.1,"2GA","2楷林",29,331,0,"HQA092270","SQ57734 541"
1390,9730,26.44,"2GA","2楷林",90,338,0,"HQY121740","SQ53064 541"
1000,10180,19.9,"2GA","2楷林",90,364,0,"HQB149110","SQ61523 041"
1470,10810,30.54,"2GA","2楷林",44,330,0,"HQZ121430","SQ55273 011"
960,10750,20.18,"2GA","2楷林",92,328,0,"HQF159270","SQ72650 561"
1370,11530,30.88,"2GB","2楷林",45,328,0,"HQB108610","SQ60847 041"
950,9710,18.03,"2GA","2楷林",51,266,0,"HQJ124250","SQ80472 061"
1080,11110,23.02,"2GC","2楷林",65,547,0,"HQH021550","SQ75880 011"
1270,11270,27.98,"3GC","2楷林",5,263,0,"HQF048800","SQ70816 051"
1500,11860,34.78,"2GA","2楷林",25,256,0,"HQG071830","SQ74011 021"
1170,11120,25.44,"2GC","2楷林",41,498,0,"HQF102150","SQ71602 541"
1110,11000,23.87,"2GB","2楷林",89,355,0,"HQB038800","SQ59588 561"
1120,11450,25.07,"2GB","2楷林",58,525,0,"HQG110730","SQ74509 541"
1240,10930,26.5,"2GA","2楷林",59,338,0,"HQJ028290","SQ78781 521"
1260,10440,25.72,"2GB","2楷林",21,342,0,"HQZ010350","SQ53727 541"
990,10140,19.63,"3GC","2楷林",63,329,0,"HQZ025580","SQ53860 011"
1250,8330,20.36,"2GB","2楷林",42,542,0,"HQD040660","SQ65121 011"
1260,9170,22.23,"2GA","2楷林",109,322,5.8,"HQE072500","SQ68499 531"
1360,11550,30.71,"2GA","2楷林",1,271,0,"HQZ106550","SQ55071 041"
1290,8950,22.57,"2GA","2楷林",7,331,0,"HQX027840","SQ49554 031"
1110,9140,19.83,"2GA","2楷林",69,447,0,"HQF135460","SQ72228 041"
1570,10900,32.92,"2GA","2楷林",5,277,3.2,"HQH087250","SQ77075 031"
1370,9040,23.65,"2GA","2楷林",27,303,13.2,"HQX153860","SQ51320 521"
1510,9330,27.54,"3GC","2楷林",4,254,0,"HQA046220","SQ56870 041"
1510,9670,27.86,"2GC","2楷林",11,255,5.6,"HQH074460","SQ76835 531"
1370,10450,27.89,"3GC","2楷林",38,280,0,"HQG045470","SQ73591 051"
1350,8430,22.25,"2GA","2楷林",18,328,0,"HQY103650","SQ52823 061"
1400,11840,31.63,"2GA","2楷林",33,254,9.4,"HQX150090","SQ51264 031"
960,10240,19.22,"2GA","2楷林",76,371,0,"HQF143410","SQ72401 511"
1240,10000,24.24,"2GB","2楷林",28,417,0,"HQH076950","SQ76880 531"
1270,10960,27.21,"2GC","2楷林",7,319,0,"HQZ050700","SQ54161 551"
950,9880,18.35,"3GC","2楷林",57,416,0,"HQB098910","SQ60654 021"
1260,9170,22.59,"2GA","2楷林",7,324,0,"HQD152030","SQ67063 531"
1440,10570,29.76,"2GC","2楷林",21,342,0,"HQE015140","SQ67502 541"
1180,11830,27.29,"2GA","2楷林",52,424,0,"HQJ024000","SQ78702 531"
1100,8660,18.62,"3GC","2楷林",23,331,0,"HQY075460","SQ52495 561"
1190,7420,17.26,"2GB","2楷林",90,521,0,"HQC081910","SQ63325 031"
1560,9880,30.13,"2GB","2楷林",12,483,0,"HQE043430","SQ67980 531"
1210,11540,27.3,"2GA","2楷林",26,445,0,"HQJ023740","SQ78700 541"
1230,10360,24.91,"2GA","2楷林",36,352,0,"HQZ049260","SQ54146 041"
940,8350,15.34,"2GC","2楷林",44,334,0,"HQF029730","SQ70489 031"
1040,11750,23.89,"2GA","2楷林",62,273,0,"HQD048490","SQ65287 021"
1270,9330,23.16,"2GA","2楷林",97,329,0,"HQD128860","SQ66646 541"
1270,11270,27.98,"2GA","2楷林",13,276,0,"HQG155530","SQ75304 051"
1320,11500,29.68,"3GC","2楷林",54,339,0,"HQC106640","SQ63755 521"
1270,11680,29,"3GC","2楷林",22,333,0,"HQZ114170","SQ55182 531"
1290,11870,29.94,"2GA","2楷林",3,323,0,"HQB107460","SQ60825 541"
1260,8470,20.86,"2GB","2楷林",96,333,0,"HQE036710","SQ67856 561"
1150,10210,22.56,"2GA","2楷林",59,448,0,"HQF134270","SQ72228 511"
1200,7690,18.04,"3GB","2楷林",39,461,0,"HQZ157390","SQ55903 061"
1540,11600,34.09,"2GA","2楷林",18,264,5.8,"HQX157440","SQ51371 521"
1220,10430,24.88,"2GB","2楷林",15,524,0,"HQC018090","SQ62176 521"
1350,5800,15.31,"2GA","2楷林",53,339,0,"HQZ073810","SQ54503 031"
1290,10780,27.19,"2GA","2楷林",9,341,0,"HQD029230","SQ64942 041"
1490,11610,33.82,"2GA","2楷林",13,274,0,"HQZ122660","SQ55304 521"
1370,8500,22.77,"2GB","2楷林",60,470,0,"HQB041160","SQ59614 051"
1360,11450,30.44,"2GC","2楷林",35,528,0,"HQC143220","SQ64395 031"
970,11040,20.94,"2GC","2楷林",43,456,0,"HQY108150","SQ52876 541"
1380,7690,20.6,"2GB","2楷林",16,453,0,"HQG061600","SQ73876 521"
1080,11250,23.75,"3GC","2楷林",52,330,0,"HQF114510","SQ71870 541"
1240,8590,20.82,"2GD","2楷林",52,519,0,"HQZ152190","SQ55848 561"
1240,10890,26.4,"2GA","2楷林",45,341,0,"HQJ081970","SQ79670 041"
1290,9990,25.19,"2GA","2楷林",7,336,0,"HQB104410","SQ60736 021"
1410,11550,31.33,"2GC","2楷林",3,477,70,"HQH029440","SQ75646 521"
1290,8200,20.35,"2GC","2楷林",32,319,5.2,"HQE095140","SQ68902 041"
1550,9900,30,"2GB","2楷林",6,540,0,"HQA115040","SQ58022 021"
1100,9540,20.52,"2GB","2楷林",48,332,0,"HQB096640","SQ60595 521"
940,7740,14.22,"3GC","2楷林",30,454,0,"HQE039040","SQ67903 541"
1480,10050,29.08,"2GB","2楷林",28,545,0,"HQX047920","SQ49885 031"
1040,11790,23.97,"2GC","2楷林",56,336,0,"HQF144130","SQ72420 551"
1150,8720,19.6,"2GB","2楷林",83,342,0,"HQH018650","SQ75838 031"
1240,8550,20.4,"2GB","2楷林",27,351,9.9,"HQE146080","SQ69811 541"
1290,10970,27.67,"2GD","2楷林",6,302,0,"HQG021900","SQ73181 041"
1280,11820,29.58,"2GC","2楷林",25,266,0,"HQE129280","SQ69557 531"
1040,10520,21.39,"3GC","2楷林",70,441,0,"HQH161600","SQ78269 581"
910,10180,18.11,"2GB","2楷林",57,343,0,"HQF037720","SQ70622 071"
1060,11590,24.02,"2GA","2楷林",35,356,0,"HQC123620","SQ64065 041"
1390,11750,31.93,"3GC","2楷林",19,271,0,"HQZ094170","SQ54784 521"
1270,7680,18.76,"2GC","2楷林",52,321,11.5,"HQB151010","SQ61533 041"
1250,11130,27.2,"3GC","2楷林",42,339,0,"HQH035410","SQ76156 041"
1080,11760,24.6,"2GC","2楷林",74,314,0,"HQH100620","SQ77305 511"
1310,9720,24.89,"2GA","2楷林",27,339,0,"HQA051030","SQ56968 051"
960,10450,19.41,"2GC","2楷林",107,355,0,"HQF006940","SQ70161 071"
1260,9390,23.13,"2GB","2楷林",15,373,0,"HQF106750","SQ71719 551"
1420,11610,32.23,"2GC","2楷林",20,256,0,"HQB084930","SQ60407 031"
1020,11860,23.65,"2GC","2楷林",63,335,0,"HQY082450","SQ52570 031"
1290,11750,29.63,"2GA","2楷林",40,332,0,"HQX034810","SQ49650 051"
1240,9650,23.39,"2GA","2楷林",59,342,0,"HQD066100","SQ65577 051"
1210,10660,24.81,"2GC","2楷林",79,543,10.1,"HQF070150","SQ71075 071"
1250,8520,20.82,"2GC","2楷林",23,422,0,"HQX039890","SQ49759 021"
920,10070,18.11,"3GC","2楷林",66,342,0,"HQY051550","SQ52211 051"
1100,8870,19.07,"2GB","2楷林",71,328,0,"HQA074200","SQ57339 011"
1050,8080,16.59,"2GA","2楷林",91,333,0,"HQZ094890","SQ54829 071"
1350,11650,30.75,"2GA","2楷林",11,255,0,"HQC138690","SQ64321 021"
1280,11870,29.7,"2GD","2楷林",21,315,0,"HQH144780","SQ78069 531"
1460,7490,21.38,"3GC","2楷林",3,305,0,"HQE105790","SQ69129 021"
1250,8250,20.16,"2GD","2楷林",61,338,0,"HQG084140","SQ74159 531"
1100,9370,20.15,"2GA","2楷林",103,374,2.6,"HQB029990","SQ59433 561"
1270,11150,27.68,"2GA","2楷林",46,332,0,"HQE093360","SQ68870 031"
1310,11680,29.91,"2GB","2楷林",73,433,0,"HQX044760","SQ49807 021"
1280,9440,23.62,"2GA","2楷林",52,331,0,"HQY113440","SQ52975 021"
1570,9770,29.27,"2GC","2楷林",10,253,8.8,"HQH142570","SQ78009 011"
1540,10120,30.47,"2GA","2楷林",23,329,0,"HQC016180","SQ62130 551"
1330,11560,30.06,"2GA","2楷林",31,331,0,"HQJ091420","SQ79854 531"
1320,7550,19.48,"2GA","2楷林",40,349,0,"HQC067570","SQ63084 511"
1100,10660,22.92,"2GB","2楷林",36,474,0,"HQZ156580","SQ55910 531"
1300,8880,22.57,"3GC","2楷林",42,334,0,"HQA014470","SQ56406 021"
1570,9910,30.42,"2GB","2楷林",25,331,0,"HQG161310","SQ75397 011"
1150,10270,23.09,"3GB","2楷林",17,492,0,"HQF047960","SQ70804 541"
1240,11550,28,"2GA","2楷林",89,498,0,"HQZ000490","SQ53611 531"
1030,11850,23.86,"2GA","2楷林",58,344,0,"HQG117680","SQ74621 061"
1370,8000,21.04,"2GA","2楷林",6,340,0,"HQJ125930","SQ80506 511"
1260,9170,22.23,"2GA","2楷林",102,321,8.8,"HQE072430","SQ68501 031"
990,6900,13.35,"2GA","2楷林",29,338,0,"HQD032670","SQ65004 561"
1290,9570,24.14,"2GD","2楷林",60,288,0,"HQC016550","SQ62134 021"
1330,10460,27.2,"2GC","2楷林",74,422,0,"HQD067330","SQ65592 541"
1240,9560,23.18,"2GA","2楷林",61,332,0,"HQE093510","SQ68880 011"
1240,8660,20.99,"2GB","2楷林",18,394,0,"HQH100060","SQ77278 021"
1200,8020,18.81,"2GD","2楷林",17,395,0,"HQG081720","SQ74123 511"
1290,10780,27.19,"2GA","2楷林",16,342,0,"HQG151480","SQ75251 051"
1030,7950,16.01,"2GB","2楷林",55,453,0,"HQG082100","SQ74109 541"
1280,8520,21.32,"2GA","2楷林",18,455,0,"HQB093340","SQ60559 031"
1380,11850,31.97,"2GA","2楷林",71,303,0,"HQY144590","SQ53349 541"
1350,7190,18.98,"2GA","2楷林",66,353,0,"HQC103950","SQ63706 541"
1280,9210,23.05,"3GC","2楷林",79,349,0,"HQC125710","SQ64067 531"
1260,11740,28.92,"2GC","2楷林",42,522,0,"HQC143290","SQ64403 011"
1130,9820,21.35,"2GD","2楷林",92,315,8.7,"HQD067510","SQ65590 541"
980,8000,15.33,"3GC","2楷林",37,350,0,"HQJ012280","SQ78551 511"
1260,9170,22.59,"2GA","2楷林",12,335,0,"HQF112310","SQ71816 561"
1340,7360,19.28,"2GA","2楷林",83,334,0,"HQB025820","SQ59305 531"
1240,10420,24.95,"2GC","2楷林",1,333,0,"HQJ004210","SQ78391 511"
1290,9550,24.08,"2GD","2楷林",42,334,0,"HQH015900","SQ75795 541"
1100,11430,24.58,"2GB","2楷林",77,469,0,"HQA014010","SQ56390 061"
1150,10940,24.06,"3GC","2楷林",24,326,0,"HQA130550","SQ58261 521"
960,8170,15.33,"2GC","2楷林",63,351,0,"HQJ013130","SQ78556 041"
1170,10530,24.09,"2GB","2楷林",45,521,0,"HQX103590","SQ50712 041"
1150,10870,24.44,"2GB","2楷林",62,353,0,"HQJ031670","SQ78825 041"
1290,11680,29.46,"2GC","2楷林",24,523,0,"HQD084030","SQ65902 551"
1140,10350,23.07,"2GA","2楷林",50,308,0,"HQF043530","SQ70728 531"
1310,8630,22.1,"2GB","2楷林",19,340,0,"HQH012320","SQ75708 511"
1290,8180,20.63,"2GA","2楷林",69,324,0,"HQX118560","SQ50908 541"
960,10030,18.82,"2GA","2楷林",43,318,0,"HQF051180","SQ70831 031"
960,10190,19.12,"2GA","2楷林",78,371,0,"HQF143430","SQ72401 011"
1260,9370,23.08,"2GA","2楷林",2,327,0,"HQJ017220","SQ78628 051"
1380,11800,31.84,"2GA","2楷林",12,363,0,"HQJ124480","SQ80487 041"
1200,11290,26.49,"3GC","2楷林",67,270,0,"HQF161410","SQ72666 041"
990,11590,22.43,"2GB","2楷林",77,365,0,"HQF072150","SQ71109 031"
1320,8330,21.5,"2GC","2楷林",52,341,0,"HQA051280","SQ56903 041"
1350,11590,30.14,"2GA","2楷林",35,338,0,"HQH155270","SQ78205 511"
1430,11470,32.07,"2GD","2楷林",14,314,0,"HQH144710","SQ78064 051"
1360,11800,31.37,"2GC","2楷林",95,331,0,"HQY087790","SQ52638 531"
1260,8370,20.62,"2GB","2楷林",49,322,0,"HQX082840","SQ50410 571"
1570,11400,34.99,"2GC","2楷林",26,334,0,"HQH115190","SQ77560 521"
1420,9340,25.93,"2GB","2楷林",42,464,0,"HQD022170","SQ64842 031"
1560,9880,30.13,"2GC","2楷林",35,338,0,"HQB038260","SQ59556 511"
1130,6380,14.09,"2GA","2楷林",72,446,0,"HQE068260","SQ68420 051"
1380,11360,30.65,"2GA","2楷林",18,329,0,"HQH076000","SQ76871 011"
1550,9260,28.06,"2GB","2楷林",8,524,0,"HQX071730","SQ50282 041"
1270,10350,25.7,"3GB","2楷林",45,462,0,"HQE095270","SQ68941 041"
900,8580,15.1,"2GA","2楷林",64,308,0,"HQA159460","SQ58713 531"
1540,11420,34.38,"2GC","2楷林",9,319,0,"HQB040650","SQ59616 031"
930,11780,21.42,"2GC","2楷林",57,323,0,"HQE133650","SQ69616 561"
1380,11800,31.84,"2GD","2楷林",31,324,0,"HQZ099320","SQ54902 521"
970,7370,13.98,"3GC","2楷林",37,345,0,"HQY051260","SQ52209 551"
1250,8990,21.97,"2GB","2楷林",39,458,0,"HQY010830","SQ51657 061"
1270,9010,22.37,,"2楷林",7,323,0,"HQF095370","SQ71547 551"
1300,8100,20.59,"2GD","2楷林",9,439,0,"HQF032660","SQ70533 041"
1410,10830,29.85,"2GA","2楷林",13,339,0,"HQJ091240","SQ79844 031"
1100,8890,19.12,"3GC","2楷林",54,363,0,"HQZ161620","SQ55976 541"
1420,8470,23.1,"2GB","2楷林",4,378,0,"HQZ025720","SQ53869 011"
1560,11470,34.98,"2GA","2楷林",4,257,0,"HQY104490","SQ52845 041"
1210,8480,20.06,"2GB","2楷林",64,417,0,"HQD031450","SQ64959 011"
1540,11600,34.37,"2GD","2楷林",8,255,7.8,"HQX132720","SQ51065 521"
1190,8630,20.08,"2GD","2楷林",38,527,0,"HQH122210","SQ77687 031"
1150,10230,23,"2GA","2楷林",24,371,0,"HQE098950","SQ68999 041"
900,8580,15.1,"2GA","2楷林",60,309,0,"HQA159420","SQ58713 571"
1080,11330,23.92,"2GC","2楷林",89,324,0,"HQZ098870","SQ54900 051"
1290,11100,27.99,"2GA","2楷林",9,327,0,"HQZ143700","SQ55678 531"
1270,8270,20.53,"3GC","2楷林",31,320,0,"HQZ153440","SQ55833 521"
1420,11040,30.65,"2GB","2楷林",11,469,0,"HQG061550","SQ73874 021"
1300,11530,29.3,"2GC","2楷林",54,536,0,"HQB081680","SQ60329 531"
1130,11760,25.98,"2GA","2楷林",58,274,0,"HQG156610","SQ75317 541"
1140,10350,23.07,"2GA","2楷林",51,307,0,"HQF043540","SQ70728 031"
1180,9650,21.91,"2GB","2楷林",59,331,12.9,"HQA143800","SQ58411 041"
1370,11810,31.63,"2GC","2楷林",26,516,0,"HQE139570","SQ69740 021"
1420,11630,31.21,"2GA","2楷林",41,300,9.7,"HQE037420","SQ67836 511"
910,7850,13.97,"3GC","2楷林",11,347,0,"HQY131910","SQ53199 561"
1290,10440,26.33,"2GA","2楷林",64,335,0,"HQA150880","SQ58541 041"
1450,8170,23.16,"2GA","2楷林",45,331,0,"HQC103740","SQ63723 511"
1140,11760,26.21,"2GC","2楷林",44,320,0,"HQZ055950","SQ54230 541"
1560,11470,34.98,"2GA","2楷林",6,263,0,"HQE162890","SQ70071 531"
1240,8250,20,"2GB","2楷林",32,453,0,"HQJ141150","SQ80751 041"
900,10770,18.95,"2GA","2楷林",64,395,0,"HQG165740","SQ75468 061"
1390,11670,31.71,"2GA","2楷林",28,254,0,"HQH031580","SQ76064 521"
970,11330,21.49,"2GB","2楷林",46,551,0,"HQD029040","SQ64945 541"
1350,7810,20.31,"2GA","2楷林",89,319,0,"HQE036640","SQ67860 521"
1440,11790,32.96,"2GD","2楷林",6,456,0,"HQE041370","SQ67964 011"
1320,10880,28.08,"2GA","2楷林",39,325,0,"HQA025090","SQ56510 511"
1560,11450,34.36,"2GA","2楷林",6,261,12.4,"HQE144910","SQ69795 011"
980,9980,19.12,"2GC","2楷林",45,326,0,"HQF048240","SQ70788 551"
1510,11430,33.74,"2GB","2楷林",17,377,28.1,"HQZ037190","SQ53903 031"
1270,11750,29.17,"3GC","2楷林",84,269,0,"HQA145870","SQ58450 511"
1350,7970,21.03,"2GC","2楷林",30,478,0,"HQD147650","SQ66992 551"
1030,11860,23.88,"2GA","2楷林",54,352,0,"HQF010550","SQ70212 541"
1240,6750,16.36,"3GB","2楷林",87,427,0,"HQC064370","SQ63037 061"
1260,9370,23.08,"2GA","2楷林",69,444,0,"HQD131020","SQ66707 561"
1290,8180,20.63,"2GA","2楷林",58,322,0,"HQX118450","SQ50910 011"
1320,10870,27.52,"3GC","2楷林",20,294,0,"HQY128210","SQ53137 531"
1200,8780,20.6,"2GA","2楷林",116,344,0,"HQF152820","SQ72542 521"
1360,11550,30.71,"2GA","2楷林",3,268,0,"HQF078140","SQ71247 541"
1030,7490,15.08,"2GC","2楷林",87,348,0,"HQE126930","SQ69496 091"
1030,11860,23.88,"2GA","2楷林",63,346,0,"HQF010640","SQ70209 041"
1090,8500,18.11,"2GB","2楷林",66,528,0,"HQY124970","SQ53096 011"
1430,7600,21.25,"2GC","2楷林",28,514,0,"HQZ088930","SQ54735 061"
1330,11470,29.82,"2GA","2楷林",14,312,0,"HQB041630","SQ59658 031"
1190,11350,26.41,"2GC","2楷林",49,526,0,"HQF070950","SQ71104 551"
1290,8710,21.97,"2GA","2楷林",1,334,0,"HQJ100210","SQ79998 031"
1150,8700,19.56,"2GB","2楷林",92,526,0,"HQZ047360","SQ54122 061"
1220,7400,17.65,"2GA","2楷林",80,345,0,"HQD086400","SQ65953 051"
1390,11720,31.85,"2GA","2楷林",10,328,0,"HQH147960","SQ78130 051"
1260,9410,23.18,"2GA","2楷林",33,333,0,"HQC057950","SQ62894 521"
1400,8360,22.88,"2GC","2楷林",59,300,0,"HQY048110","SQ52161 531"
1380,11850,31.97,"2GA","2楷林",28,278,0,"HQH091350","SQ77154 031"
1320,10740,27.72,"2GB","2楷林",57,364,0,"HQB038480","SQ59592 021"
1140,9920,22.11,"2GA","2楷林",28,334,0,"HQF056530","SQ70910 031"
1450,10750,30.47,"3GC","2楷林",62,327,0,"HQH026820","SQ75962 531"
1350,9430,24.89,"2GC","2楷林",64,289,0,"HQB021990","SQ59252 021"
1400,7150,19.36,"2GB","2楷林",20,420,0,"HQH034580","SQ76137 011"
1270,11120,27.61,"3GC","2楷林",5,534,0,"HQA011410","SQ56364 021"
1390,8130,22.09,"2GC","2楷林",52,336,0,"HQC138160","SQ64312 031"
1200,10850,25.45,"3GB","2楷林",22,417,0,"HQG076200","SQ74067 511"
1490,11740,34.2,"2GA","2楷林",10,272,0,"HQG047230","SQ73621 531"
1110,11870,25.76,"2GC","2楷林",54,276,0,"HQD153390","SQ67080 061"
1260,8740,21.53,"2GB","2楷林",64,362,0,"HQF087330","SQ71365 051"
1010,10190,20.12,"2GA","2楷林",52,310,0,"HQJ141370","SQ80790 531"
1060,11520,23.87,"2GA","2楷林",24,351,0,"HQB142610","SQ61462 041"
1410,11550,31.84,"2GC","2楷林",34,313,0,"HQY091300","SQ52669 021"
1380,9710,26.2,"3GC","2楷林",88,335,0,"HQB018340","SQ59201 531"
1280,7980,19.97,"2GA","2楷林",18,361,0,"HQE042390","SQ67975 041"
1340,9010,23.6,"2GA","2楷林",38,327,0,"HQX046230","SQ49872 051"
920,7770,13.98,"2GA","2楷林",27,341,0,"HQZ139270","SQ55632 011"
1180,11330,26.14,"2GB","2楷林",45,527,0,"HQE067990","SQ68423 531"
1400,10360,28.36,"2GB","2楷林",21,453,0,"HQG000590","SQ72756 041"
1300,9490,24.12,"2GA","2楷林",38,328,0,"HQY103850","SQ52825 021"
1290,9080,22.9,"2GA","2楷林",70,344,0,"HQC057310","SQ62876 521"
1060,11580,24,"3GB","2楷林",1,322,0,"HQG163420","SQ75442 531"
970,9800,18.58,"2GC","2楷林",76,329,0,"HQF144330","SQ72432 551"
1390,11580,31.47,"2GC","2楷林",15,299,0,"HQY041050","SQ52082 041"
1340,8500,22.27,"2GB","2楷林",20,423,0,"HQX048780","SQ49913 511"
1040,10450,21.25,"2GA","2楷林",53,402,0,"HQE052520","SQ68143 041"
1210,8280,19.59,"3F1","2楷林",67,419,0,"HQH119730","SQ77651 541"
1280,11630,29.1,"2GB","2楷林",14,494,0,"HQA096910","SQ57776 051"
1360,11650,30.98,"2GA","2楷林",35,324,0,"HQH110090","SQ77462 041"
1570,6520,20.01,"2GC","2楷林",26,324,0,"HQZ147970","SQ55774 551"
1250,9200,22.48,"2GB","2楷林",34,504,0,"HQG093430","SQ74235 561"
1130,9090,20.08,"2GC","2楷林",72,331,0,"HQA160230","SQ58694 541"
1400,7860,21.51,"2GA","2楷林",32,354,0,"HQX051740","SQ49977 551"
1040,9420,19.15,"2GB","2楷林",59,340,0,"HQZ002300","SQ53646 551"
1270,11730,29.12,"2GA","2楷林",76,272,0,"HQF119330","SQ71957 511"
1280,8990,22.5,"2GA","2楷林",68,322,0,"HQG017910","SQ73118 541"
900,7320,12.88,"2GA","2楷林",72,338,0,"HQY130800","SQ53180 031"
1310,8820,22.59,"2GC","2楷林",20,293,0,"HQE063440","SQ68340 531"
1100,8870,19.07,"2GA","2楷林",79,374,0,"HQA053950","SQ57037 021"
1090,9450,20.14,"2GB","2楷林",85,334,0,"HQF001940","SQ70133 531"
1550,9400,27.8,"2GA","2楷林",10,255,7.7,"HQH106530","SQ77382 021"
1250,8280,20.23,"2GA","2楷林",53,361,0,"HQH117810","SQ77627 541"
930,8920,16.22,"2GA","2楷林",57,323,0,"HQD032950","SQ64981 031"
1370,9740,26.09,"2GB","2楷林",3,551,0,"HQE152510","SQ69966 041"
1450,7570,21.24,"2GB","2楷林",22,536,0,"HQY154900","SQ53522 511"
1450,10050,27.81,"2GC","2楷林",17,296,7.6,"HQE098040","SQ68961 511"
1370,11600,31.07,"2GC","2楷林",65,358,0,"HQA099520","SQ57823 531"
970,9550,18.11,"2GB","2楷林",58,343,0,"HQE047770","SQ68056 031"
1240,9440,22.52,"2GB","2楷林",63,421,0,"HQZ096230","SQ54824 011"
1260,8340,20.54,"2GA","2楷林",10,318,0,"HQE000980","SQ67250 061"
1110,7060,15.32,"3GB","2楷林",42,356,0,"HQD045400","SQ65225 581"
1090,10420,22.2,"2GA","2楷林",67,328,0,"HQY109240","SQ52912 021"
1190,8810,20.5,"2GB","2楷林",20,415,0,"HQJ069780","SQ79440 031"
1270,10650,26.44,"2GC","2楷林",97,336,0,"HQC107070","SQ63769 011"
1330,11810,30.71,"2GC","2楷林",15,268,0,"HQJ111340","SQ80250 021"
1090,9910,21.12,"3GC","2楷林",20,426,0,"HQF045110","SQ70764 511"
1200,10950,25.69,"2GB","2楷林",34,428,0,"HQA017610","SQ56430 021"
1380,9440,25.1,"3GC","2楷林",7,484,0,"HQE078490","SQ68613 511"
1100,8660,18.62,"3GC","2楷林",49,334,0,"HQY075720","SQ52494 561"
1290,5590,14.1,"2GA","2楷林",24,336,0,"HQE006320","SQ67338 531"
1010,8600,16.98,"2GA","2楷林",94,298,0,"HQY150870","SQ53450 551"
1280,11780,29.48,"2GA","2楷林",80,310,0,"HQB097450","SQ60582 551"
1210,7980,18.88,"2GB","2楷林",58,513,0,"HQJ071160","SQ79470 551"
1370,11800,31.6,"2GB","2楷林",30,516,0,"HQF149670","SQ72488 021"
1400,8360,22.88,"3GC","2楷林",19,302,0,"HQY047710","SQ52157 531"
1130,8700,18.79,"2GB","2楷林",74,419,0,"HQH117190","SQ77595 021"
1190,7030,16.35,"2GB","2楷林",43,435,0,"HQB004200","SQ58961 551"
1290,8550,21.56,"2GB","2楷林",60,354,0,"HQG036060","SQ73395 031"
1270,8630,21.43,"2GA","2楷林",44,302,0,"HQE039720","SQ67946 511"
1570,11450,34.81,"2GC","2楷林",31,275,0,"HQA116560","SQ58034 511"
1200,11290,25.85,"2GC","2楷林",61,266,5.6,"HQY019210","SQ51775 541"
1390,5690,15.46,"2GC","2楷林",41,336,0,"HQA069270","SQ57235 531"
1090,9420,20.07,"2GC","2楷林",69,501,0,"HQE064550","SQ68374 071"
1020,11860,23.65,"2GA","2楷林",122,343,0,"HQX107700","SQ50749 511"
1530,11680,34.1,"2GA","2楷林",6,266,10.6,"HQH060170","SQ76532 531"
1200,7350,17.24,"2GA","2楷林",57,338,0,"HQH136780","SQ77938 531"
1220,11680,27.4,"2GB","2楷林",63,532,0,"HQA144640","SQ58465 511"
1070,10170,21.27,"2GB","2楷林",26,351,0,"HQX068170","SQ50264 061"
1090,11770,25.08,"2GA","2楷林",85,331,0,"HQD144110","SQ66927 061"
1040,11860,24.11,"2GA","2楷林",1,264,0,"HQZ108980","SQ55074 521"
1100,11100,23.87,"2GA","2楷林",57,355,0,"HQZ049470","SQ54151 041"
1380,11800,31.84,"2GC","2楷林",8,295,0,"HQA121050","SQ58107 511"
1250,8490,20.75,"3GB","2楷林",59,481,0,"HQZ154530","SQ55882 521"
1300,9990,25.39,"2GB","2楷林",24,452,0,"HQG118460","SQ74640 521"
1100,9390,20.19,"2GA","2楷林",86,329,0,"HQX155740","SQ51361 041"
1180,11140,25.7,"2GA","2楷林",55,339,0,"HQY129540","SQ53147 031"
1380,9040,24.39,"2GB","2楷林",41,390,0,"HQZ064730","SQ54362 561"
1050,9280,19.05,"2GA","2楷林",109,290,0,"HQY015870","SQ51722 531"
1350,8750,23.09,"2GA","2楷林",52,332,0,"HQZ074790","SQ54507 061"
1180,8450,19.49,"2GA","2楷林",14,438,0,"HQF015490","SQ70270 041"
1290,7540,19.02,"3GC","2楷林",48,319,0,"HQA147090","SQ58508 541"
1250,7940,19.4,"3GC","2楷林",41,429,0,"HQY105660","SQ52859 521"
1170,11120,25.03,"2GC","2楷林",39,526,7.7,"HQA056450","SQ57058 041"
1510,9500,27.58,"2GD","2楷林",8,255,0,"HQA045630","SQ56874 011"
1560,11460,34.95,"3GC","2楷林",11,256,0,"HQY001830","SQ51569 521"
1290,8920,22.23,"2GA","2楷林",3,306,0,"HQZ127220","SQ55368 011"
1310,9030,23.13,"2GA","2楷林",24,330,0,"HQE069230","SQ68462 031"
1570,9940,30.51,"2GA","2楷林",37,331,0,"HQF064450","SQ70984 041"
1240,10800,26.18,"2GA","2楷林",34,342,0,"HQD065850","SQ65576 021"
1370,10310,27.61,"3GC","2楷林",52,523,0,"HQE139830","SQ69713 511"
1570,9940,30.51,"3GC","2楷林",16,327,0,"HQX118020","SQ50886 521"
1290,9190,23.18,"2GA","2楷林",47,330,0,"HQB104810","SQ60752 521"
1400,9290,25.06,"2GD","2楷林",3,298,0,"HQE077870","SQ68606 011"
1200,11550,27.1,"2GB","2楷林",36,507,0,"HQG089600","SQ74192 551"
960,9910,18.6,"3GC","2楷林",56,405,0,"HQA095810","SQ57755 051"
1430,10360,28.66,"2GA","2楷林",7,325,0,"HQE032890","SQ67779 521"
1290,10360,26.13,"2GC","2楷林",40,333,0,"HQZ044860","SQ54105 551"
1420,11200,31.09,"2GA","2楷林",9,319,0,"HQF137780","SQ72266 531"
990,10790,20.88,"2GB","2楷林",65,515,0,"HQJ164110","SQ81190 011"
1300,11660,29.63,"2GA","2楷林",58,335,0,"HQZ167420","SQ56094 021"
1300,11080,27.62,"2GA","2楷林",46,301,0,"HQJ161840","SQ81160 021"
1200,11680,26.94,"2GB","2楷林",47,526,0,"HQA102160","SQ57841 011"
1240,11530,27.28,"2GB","2楷林",76,278,9,"HQY100070","SQ52768 541"
1060,11820,24.49,"3GB","2楷林",47,330,0,"HQG163880","SQ75442 021"
1180,8020,18.5,"2GB","2楷林",78,474,0,"HQF137640","SQ72268 041"
1510,11820,34.89,"2GA","2楷林",5,253,0,"HQH083060","SQ76978 041"
1420,11490,31.9,"2GC","2楷林",66,267,0,"HQB083630","SQ60364 531"
1110,11010,23.89,"2GA","2楷林",52,350,0,"HQZ005780","SQ53697 561"
1380,7280,19.64,"2GB","2楷林",28,396,0,"HQZ066960","SQ54382 541"
1300,11810,30.02,"3GB","2楷林",6,551,0,"HQX001740","SQ49087 031"
1190,9220,21.18,"2GA","2楷林",35,325,0,"HQA071540","SQ57305 011"
1550,11550,35,"2GA","2楷林",16,295,0,"HQH078940","SQ76925 051"
1260,9390,23.13,"2GA","2楷林",43,371,0,"HQX082780","SQ50432 051"
1490,6880,20.04,"2GA","2楷林",13,315,0,"HQJ155430","SQ81032 061"
1090,9950,21.2,"2GA","2楷林",60,332,0,"HQZ093430","SQ54774 531"
1320,10230,26.4,"3GC","2楷林",34,334,0,"HQD040580","SQ65140 031"
900,9410,16.56,"2GC","2楷林",66,306,0,"HQJ056240","SQ79230 581"
1250,9480,23.17,"2GA","2楷林",40,330,0,"HQJ021370","SQ78686 021"
1130,9100,20.1,"3GC","2楷林",61,327,0,"HQY028010","SQ51878 051"
1050,11560,23.73,"2GA","2楷林",52,293,0,"HQZ113870","SQ55170 551"
1260,9410,23.18,"2GA","2楷林",13,327,0,"HQC098420","SQ63645 021"
1360,11670,31.03,"2GC","2楷林",26,312,0,"HQY091220","SQ52673 031"
1280,9410,23.55,"2GA","2楷林",30,331,0,"HQY116140","SQ52981 551"
1190,11800,27.45,"2GA","2楷林",31,285,0,"HQZ113660","SQ55164 521"
1290,8800,22.19,"2GA","2楷林",32,338,0,"HQY040420","SQ52074 061"
1570,10460,32.11,"3GC","2楷林",17,326,0,"HQY084230","SQ52603 051"
1320,9450,24.11,"2GA","2楷林",59,277,0,"HQF078700","SQ71252 011"
1190,9060,21.08,"2GC","2楷林",67,294,0,"HQA135890","SQ58318 561"
1170,11000,25.16,"2GC","2楷林",80,520,0,"HQB015870","SQ59172 031"
1240,11550,28,"2GB","2楷林",80,512,0,"HQZ000400","SQ53613 531"
1210,8170,19.33,"2GC","2楷林",67,524,0,"HQX134100","SQ51095 561"
1050,11630,23.87,"2GC","2楷林",43,354,0,"HQX134750","SQ51130 521"
1270,8150,20.24,"2GA","2楷林",33,350,0,"HQG112230","SQ74537 561"
1340,7900,20.7,"2GA","2楷林",11,316,0,"HQF041100","SQ70667 031"
1040,10440,21.23,"2GA","2楷林",63,399,0,"HQE052620","SQ68143 061"
1260,8420,20.33,"2GA","2楷林",47,339,0,"HQA164180","SQ58790 511"
1490,10510,30.1,"2GA","2楷林",59,322,0,"HQE103580","SQ69060 011"
1070,11850,24.79,"2GC","2楷林",47,505,0,"HQH167120","SQ78356 521"
900,9410,16.56,"2GA","2楷林",36,310,0,"HQH053200","SQ76440 091"
1300,11850,30.12,"2GA","2楷林",2,319,0,"HQF114530","SQ71844 041"
1180,11690,26.97,"2GB","2楷林",33,512,0,"HQJ084280","SQ79704 551"
1270,10650,26.44,"2GA","2楷林",31,334,0,"HQB148520","SQ61534 041"
1090,9260,19.73,"2GA","2楷林",83,336,0,"HQC117160","SQ63926 551"
1300,11850,30.12,"2GA","2楷林",81,324,0,"HQG012480","SQ72992 031"
1080,10480,22.13,"2GB","2楷林",68,333,0,"HQF155610","SQ72594 521"
1410,11830,32.61,"2GC","2楷林",3,274,0,"HQG157320","SQ75336 541"
1370,9200,24.64,"3GB","2楷林",17,532,0,"HQJ052400","SQ79176 051"
1290,9170,23.13,"2GA","2楷林",83,334,0,"HQH078520","SQ76908 521"
1490,10530,30.67,"2GA","2楷林",35,267,0,"HQD093420","SQ66079 011"
1290,8950,22.57,"2GA","2楷林",73,332,0,"HQA145760","SQ58483 021"
1130,7980,17.24,"2GA","2楷林",57,338,0,"HQJ126860","SQ80522 021"
1050,11630,23.87,"3GB","2楷林",70,354,0,"HQX098250","SQ50650 561"
1330,7250,18.85,"2GB","2楷林",30,419,0,"HQD014790","SQ64704 011"
1230,9780,23.52,"2GB","2楷林",37,520,0,"HQX076790","SQ50356 021"
1150,11160,25.09,"2GD","2楷林",51,494,0,"HQJ051590","SQ79161 551"
1290,8950,22.57,"2GA","2楷林",53,329,0,"HQA133390","SQ58280 041"
1110,7410,15.79,"2GB","2楷林",63,463,0,"HQZ160600","SQ55975 011"
1190,8400,19.54,"2GB","2楷林",57,432,0,"HQC059120","SQ62929 551"
970,10810,20.5,"2GD","2楷林",50,328,0,"HQG137510","SQ75017 531"
900,10450,18.39,"2GC","2楷林",67,332,0,"HQB075490","SQ60254 031"
1410,10340,28,"2GA","2楷林",51,274,0,"HQF078620","SQ71247 521"
1290,9350,23.58,"2GC","2楷林",61,422,0,"HQB046430","SQ59695 531"
990,11440,22.14,"2GA","2楷林",58,325,0,"HQA037970","SQ56716 021"
1390,8530,23.18,"2GA","2楷林",13,331,9.7,"HQB031610","SQ59401 561"
1490,11630,33.88,"2GC","2楷林",54,455,0,"HQJ001410","SQ78370 541"
1030,11850,23.86,"2GA","2楷林",63,343,0,"HQG117730","SQ74621 531"
940,9360,17.2,"2GC","2楷林",72,399,0,"HQD040200","SQ65095 041"
1150,11620,26.12,"2GC","2楷林",48,432,0,"HQE079840","SQ68647 541"
1300,8330,21.17,"2GB","2楷林",96,423,0,"HQX118830","SQ50888 551"
1270,10010,24.85,"3GC","2楷林",37,395,0,"HQJ144100","SQ80839 531"
1140,11870,26.45,"2GA","2楷林",32,352,0,"HQZ165670","SQ56050 031"
1130,11400,25.18,"2GA","2楷林",67,271,0,"HQF083890","SQ71320 041"
1290,7610,19.19,"2GC","2楷林",21,336,0,"HQZ018700","SQ53846 571"
1290,8550,21.56,"2GA","2楷林",1,348,0,"HQA008690","SQ56318 561"
1100,9260,19.91,"2GB","2楷林",16,371,0,"HQG064490","SQ73896 521"
1270,9290,23.07,"3GB","2楷林",30,327,0,"HQF095600","SQ71545 021"
1240,9570,23.2,"2GB","2楷林",10,337,0,"HQG122340","SQ74742 041"
1020,8320,16.59,"3GC","2楷林",79,329,0,"HQA131820","SQ58263 531"
1260,10410,25.64,"2GA","2楷林",13,327,0,"HQY129120","SQ53138 031"
1210,6540,15.47,"2GB","2楷林",47,520,0,"HQB150260","SQ61543 551"
1210,10620,25.12,"2GB","2楷林",37,392,0,"HQJ034380","SQ78867 051"
1350,11440,30.19,"2GC","2楷林",9,461,0,"HQX023990","SQ49458 031"
1250,9310,22.75,"3GB","2楷林",28,450,0,"HQF030170","SQ70503 561"
1100,10560,22.71,"2GC","2楷林",59,521,0,"HQJ142260","SQ80792 041"
1570,11380,34.37,"2GC","2楷林",9,275,6.5,"HQX142220","SQ51190 021"
1510,11670,34.45,"2GD","2楷林",48,319,0,"HQZ133660","SQ55465 041"
1290,9780,24.66,"2GB","2楷林",30,447,0,"HQB001950","SQ58891 531"
1330,8800,22.88,"2GA","2楷林",36,347,0,"HQD035470","SQ65050 561"
1330,9160,23.82,"2GB","2楷林",1,354,0,"HQG073590","SQ74031 551"
1050,8080,16.59,"2GA","2楷林",88,333,0,"HQZ094860","SQ54829 581"
1170,10730,24.54,"2GC","2楷林",76,320,0,"HQZ075030","SQ54520 541"
1160,11370,25.78,"2GC","2楷林",70,0,0,"HQD053880","SQ65353 571"
1190,11730,27.29,"2GC","2楷林",42,460,0,"HQZ122950","SQ55298 561"
1030,9670,19.47,"2GA","2楷林",90,330,0,"HQB051700","SQ59774 041"
920,10070,18.11,"3GC","2楷林",75,347,0,"HQY051640","SQ52211 071"
1190,8080,18.8,"2GB","2楷林",44,391,0,"HQH100320","SQ77287 071"
1270,11540,28.65,"2GB","2楷林",49,328,0,"HQC085250","SQ63415 551"
1290,10400,26.23,"2GB","2楷林",42,338,0,"HQX109800","SQ50766 051"
1410,11690,32.22,"2GD","2楷林",42,272,0,"HQH142910","SQ78046 041"
1290,10140,25.57,"2GB","2楷林",25,462,0,"HQZ058680","SQ54287 021"
1090,10360,22.08,"2GA","2楷林",28,324,0,"HQE027880","SQ67701 521"
990,11520,22.3,"2GA","2楷林",72,329,0,"HQA030790","SQ56609 061"
1260,9210,22.69,"2GA","2楷林",73,342,0,"HQH121150","SQ77656 541"
1560,9880,30.13,"2GB","2楷林",14,482,0,"HQE043450","SQ67974 551"
1240,8450,20.07,"2GB","2楷林",49,522,0,"HQG072070","SQ74003 511"
1280,7980,19.97,"2GA","2楷林",54,359,0,"HQE042750","SQ67977 531"
1290,9150,23.08,"2GA","2楷林",52,335,0,"HQA092500","SQ57729 041"
1570,9180,27.73,"2GA","2楷林",8,276,14.2,"HQX013390","SQ49246 041"
1420,7930,22.01,"2GB","2楷林",11,428,0,"HQZ114060","SQ55183 051"
1020,11860,23.65,"2GA","2楷林",85,337,0,"HQX109310","SQ50767 531"
1260,9380,23.11,"2GA","2楷林",9,333,0,"HQH112020","SQ77521 021"
1570,6770,20.78,"2GC","2楷林",7,286,0,"HQH127240","SQ77784 041"
1030,9170,18.47,"2GC","2楷林",57,391,0,"HQC019270","SQ62206 521"
1340,7860,20.59,"2GA","2楷林",20,452,0,"HQG043030","SQ73519 031"
1260,11300,27.84,"2GB","2楷林",1,329,0,"HQC100970","SQ63669 561"
1100,10290,22.13,"2GC","2楷林",67,430,0,"HQF057550","SQ70953 021"
1340,11010,28.84,"2GB","2楷林",46,339,0,"HQY046050","SQ52124 061"
1190,11490,26.73,"2GB","2楷林",29,517,0,"HQH062730","SQ76599 041"
1270,10750,26.69,"2GB","2楷林",51,339,0,"HQG142830","SQ75065 011"
1180,10570,24.38,"2GC","2楷林",80,427,0,"HQH071440","SQ76798 071"
1310,7930,20.31,"2GA","2楷林",69,317,0,"HQE036440","SQ67860 041"
1290,11410,28.78,"2GC","2楷林",43,339,0,"HQA077710","SQ57383 541"
1240,10850,26.3,"2GC","2楷林",33,340,0,"HQC041710","SQ62601 051"
1270,11760,29.2,"2GC","2楷林",20,519,0,"HQH150100","SQ78122 021"
1210,10450,24.72,"2GA","2楷林",39,510,0,"HQH154290","SQ78184 031"
1260,9380,23.11,"2GA","2楷林",36,328,0,"HQF093420","SQ71496 531"
1290,9160,23.1,"2GA","2楷林",14,326,0,"HQF074470","SQ71164 051"
1370,11100,29.73,"2GA","2楷林",32,335,0,"HQH126750","SQ77778 551"
1450,7830,22.2,"3GC","2楷林",18,356,0,"HQY070180","SQ52435 531"
1280,9230,23.1,"2GC","2楷林",26,330,0,"HQC123530","SQ64060 541"
1390,11540,31.36,"2GD","2楷林",78,520,0,"HQC145190","SQ64427 541"
900,11020,19.39,"2GA","2楷林",59,339,0,"HQJ099280","SQ79976 531"
1150,11050,24.84,"2GA","2楷林",93,306,0,"HQZ133170","SQ55491 541"
1340,10520,27.56,"2GC","2楷林",31,520,0,"HQC036980","SQ62524 551"
1270,9190,22.45,"2GC","2楷林",20,307,9.2,"HQH137980","SQ77933 541"
1260,9410,23.18,"2GA","2楷林",23,322,0,"HQG042370","SQ73507 041"
1240,10540,25.55,"2GB","2楷林",83,342,0,"HQY089630","SQ52631 541"
1240,7750,18.79,"2GB","2楷林",43,384,0,"HQA053590","SQ57024 051"
1350,8550,22.57,"3GC","2楷林",3,332,0,"HQC127230","SQ64134 561"
1320,7550,19.48,"2GA","2楷林",71,340,0,"HQC066200","SQ63081 041"
1300,5520,14.03,"2GA","2楷林",25,338,0,"HQX088000","SQ50507 041"
1390,7750,21.06,"2GB","2楷林",11,525,0,"HQY124420","SQ53086 521"
1490,11200,32.63,"2GA","2楷林",21,272,0,"HQB099260","SQ60641 541"
1030,10870,21.89,"2GA","2楷林",83,360,0,"HQF010840","SQ70218 521"
1100,8890,19.12,"3GC","2楷林",68,371,0,"HQZ161760","SQ55972 541"
1310,9570,24.51,"2GC","2楷林",43,298,0,"HQD054930","SQ65395 031"
1260,11390,28.06,"2GB","2楷林",59,340,0,"HQA108600","SQ57919 531"
1330,8500,22.1,"2GB","2楷林",101,470,0,"HQY090800","SQ52647 541"
1450,11870,33.65,"2GC","2楷林",17,312,0,"HQZ064490","SQ54342 041"
1290,8960,22.6,"2GA","2楷林",31,330,0,"HQX030400","SQ49560 511"
940,8640,15.88,"3GC","2楷林",48,304,0,"HQG159940","SQ75395 011"
1000,11440,22.37,"2GA","2楷林",49,316,0,"HQG045580","SQ73584 541"
1570,9790,30.05,"2GA","2楷林",65,328,0,"HQD126940","SQ66598 521"
1390,11080,30.11,"2GA","2楷林",5,321,0,"HQE069040","SQ68456 051"
1220,8800,20.99,"2GB","2楷林",62,418,0,"HQA035650","SQ56681 561"
960,11870,22.28,"2GA","2楷林",54,331,0,"HQD143800","SQ66902 571"
1290,9870,24.89,"2GB","2楷林",53,340,0,"HQB097180","SQ60616 521"
1400,8440,23.1,"2GD","2楷林",81,332,0,"HQY013670","SQ51690 021"
1510,9920,28.82,"2GA","2楷林",13,304,11.8,"HQC087170","SQ63418 041"
1070,6930,14.16,"2GA","2楷林",84,455,0,"HQE067450","SQ68422 531"
1130,11310,24.99,"3GB","2楷林",34,531,0,"HQE004260","SQ67309 031"
1180,10480,24.18,"2GB","2楷林",48,481,0,"HQE146300","SQ69835 031"
1290,9270,23.38,"2GC","2楷林",51,348,0,"HQA095760","SQ57773 561"
1260,9410,23.18,"2GA","2楷林",38,329,0,"HQC058000","SQ62892 551"
990,7240,14.01,"2GA","2楷林",51,445,0,"HQJ086660","SQ79747 011"
1570,9420,28.22,"2GA","2楷林",11,260,6.9,"HQF068870","SQ71030 041"
1260,9780,24.09,"2GA","2楷林",28,451,0,"HQB099330","SQ60657 021"
970,10860,20.59,"2GA","2楷林",59,403,0,"HQC105040","SQ63748 071"
1250,11290,27.59,"2GA","2楷林",68,336,0,"HQZ167520","SQ56109 521"
1300,9080,23.08,"2GA","2楷林",86,338,0,"HQZ091250","SQ54729 041"
1270,11510,28.58,"3GB","2楷林",27,453,0,"HQC042460","SQ62613 011"
960,9160,17.19,"2GC","2楷林",87,460,0,"HQY074280","SQ52477 021"
1300,11870,30.17,"2GC","2楷林",40,314,0,"HQZ039740","SQ54032 021"
1300,10880,27.65,"2GC","2楷林",45,327,0,"HQZ077460","SQ54526 011"
1420,11570,32.12,"2GA","2楷林",54,330,0,"HQY159130","SQ53567 051"
1460,9750,27.83,"2GA","2楷林",2,322,0,"HQF069380","SQ71052 521"
1370,11170,29.59,"2GA","2楷林",18,463,0,"HQJ074790","SQ79556 511"
1270,7800,19.37,"2GA","2楷林",38,342,0,"HQF143030","SQ72363 041"
1300,8450,21.48,"3GC","2楷林",37,342,0,"HQA013610","SQ56404 031"
1470,10590,30.43,"3GC","2楷林",78,325,0,"HQZ148490","SQ55786 551"
1290,8950,22.57,"2GA","2楷林",38,332,0,"HQB006620","SQ58985 571"
1280,9300,23.27,"2GB","2楷林",56,361,0,"HQZ163620","SQ55995 021"
1390,11380,30.92,"2GB","2楷林",69,531,0,"HQE072100","SQ68468 551"
1320,10150,26.19,"2GA","2楷林",65,340,0,"HQB131380","SQ61254 541"
1270,8720,21.65,"3GC","2楷林",31,287,0,"HQD146800","SQ66941 051"
1120,10780,23.08,"2GB","2楷林",33,484,0,"HQJ061560","SQ79306 511"
1130,8640,19.09,"2GD","2楷林",88,334,0,"HQX140000","SQ51174 051"
1100,9360,20.13,"2GA","2楷林",75,367,0,"HQB141220","SQ61430 541"
1200,9330,21.89,"2GB","2楷林",53,532,0,"HQX006700","SQ49204 041"
1570,10900,32.92,"2GA","2楷林",4,279,3.5,"HQH089150","SQ77075 011"
1160,9870,22.38,"2GA","2楷林",57,338,0,"HQA164280","SQ58791 531"
1100,11000,23.66,"2GC","2楷林",55,340,0,"HQE155570","SQ69991 531"
1300,11630,29.56,"2GD","2楷林",34,437,0,"HQF032050","SQ70533 551"
1250,8520,20.82,"2GC","2楷林",41,429,0,"HQJ017610","SQ78626 551"
1440,11810,33.25,"2GB","2楷林",31,504,0,"HQG148500","SQ75183 041"
1260,11020,27.15,"2GB","2楷林",69,325,0,"HQB138090","SQ61370 051"
1270,9310,23.12,"2GA","2楷林",55,327,0,"HQE000700","SQ67230 551"
1030,11410,22.53,"2GC","2楷林",90,354,0,"HQG002480","SQ72795 011"
1390,8640,23.48,"2GA","2楷林",77,330,0,"HQA090080","SQ57680 521"
1200,11810,27.71,"2GD","2楷林",34,302,0,"HQG022800","SQ73186 021"
1570,10490,32.2,"2GD","2楷林",15,324,0,"HQX136390","SQ51148 041"
1020,10800,21.54,"2GA","2楷林",113,337,0,"HQX107610","SQ50745 551"
1140,11690,26.05,"2GA","2楷林",71,266,0,"HQJ032980","SQ78853 041"
1510,11850,34.98,"2GA","2楷林",2,292,0,"HQD021770","SQ64809 021"
1440,7880,21.65,"2GD","2楷林",32,250,12,"HQA069180","SQ57248 041"
1360,9290,24.7,"2GB","2楷林",10,443,0,"HQH085870","SQ77063 531"
1520,11750,34.08,"2GC","2楷林",11,254,8.3,"HQH028300","SQ75977 031"
1380,11530,31.11,"2GC","2楷林",38,322,0,"HQZ141840","SQ55651 031"
1290,9880,24.92,"2GA","2楷林",6,273,0,"HQA003760","SQ56207 021"
1380,9360,24.89,"2GB","2楷林",42,350,0,"HQD056170","SQ65363 511"
1220,6940,16.55,"2GB","2楷林",47,418,0,"HQZ010610","SQ53743 061"
1290,7660,19.32,"2GA","2楷林",82,332,0,"HQY023450","SQ51818 551"
1240,8510,20.3,"2GA","2楷林",61,348,7.8,"HQF040630","SQ70630 561"
1290,9190,23.18,"2GA","2楷林",53,323,0,"HQE113470","SQ69287 551"
980,9900,18.97,"2GC","2楷林",71,337,0,"HQZ152380","SQ55843 051"
1090,11810,25.17,"3GC","2楷林",50,279,0,"HQC055230","SQ62866 041"
1120,11180,24.09,"2GA","2楷林",52,273,5.2,"HQH030870","SQ76034 051"
1380,11850,31.97,"2GC","2楷林",3,274,0,"HQB083810","SQ60367 521"
1370,11870,31.79,"3GC","2楷林",14,277,0,"HQG053300","SQ73744 521"
1330,9650,25.09,"2GB","2楷林",55,506,0,"HQC013940","SQ62063 021"
1210,11730,27.4,"2GB","2楷林",30,557,0,"HQD028880","SQ64936 521"
1010,10160,20.06,"2GA","2楷林",27,353,0,"HQE124780","SQ69459 541"
1360,11650,30.98,"2GA","2楷林",23,269,0,"HQF158580","SQ72617 541"
1100,10810,23.25,"3GB","2楷林",43,554,0,"HQJ052660","SQ79176 551"
1400,11870,32.49,"2GA","2楷林",3,283,0,"HQC024960","SQ62290 041"
1270,11200,27.81,"2GA","2楷林",6,269,0,"HQG104400","SQ74386 521"
1270,9330,23.16,"2GA","2楷林",30,326,0,"HQE104960","SQ69109 021"
1370,11480,30.75,"2GB","2楷林",53,512,0,"HQA117650","SQ58067 021"
1570,10100,31,"3GC","2楷林",4,276,0,"HQA115520","SQ58028 531"
1390,10150,27.58,"3GC","2楷林",13,344,0,"HQC136070","SQ64302 051"
1340,10630,27.85,"2GC","2楷林",9,509,0,"HQB054790","SQ59850 061"
1250,11130,27.2,"2GA","2楷林",10,346,0,"HQG154120","SQ75266 531"
1300,10080,25.62,"3GC","2楷林",32,327,0,"HQE012600","SQ67430 041"
1150,9990,22.17,"2GC","2楷林",49,330,0,"HQA120700","SQ58078 021"
1440,10570,29.76,"3GC","2楷林",3,272,0,"HQC135970","SQ64262 051"
1270,9330,23.16,"2GA","2楷林",66,324,0,"HQD129810","SQ66649 041"
1050,9280,19.05,"2GA","2楷林",90,289,0,"HQY015680","SQ51720 581"
1260,9450,23.28,"2GB","2楷林",34,420,0,"HQG077950","SQ74093 521"
1030,9740,19.14,"2GB","2楷林",83,330,0,"HQY047400","SQ52156 511"
990,9890,19.14,"2GA","2楷林",80,395,0,"HQE045760","SQ68033 561"
1260,11340,27.93,"2GA","2楷林",72,268,0,"HQF078830","SQ71252 531"
1240,10140,24.58,"2GC","2楷林",37,335,0,"HQH105980","SQ77398 041"
1000,9950,19.14,"2GA","2楷林",70,267,10.2,"HQE079120","SQ68595 051"
1110,9290,20.16,"2GC","2楷林",33,330,0,"HQZ128390","SQ55391 071"
1430,8640,24.15,"2GA","2楷林",56,326,0,"HQG016500","SQ73030 551"
1300,11840,30.09,"2GA","2楷林",21,342,0,"HQZ068290","SQ54421 521"
1290,11470,28.93,"3GC","2楷林",43,522,0,"HQF070890","SQ71100 051"
1290,9980,25.17,"2GA","2楷林",38,329,0,"HQZ082040","SQ54602 511"
1430,9190,25.69,"2GB","2楷林",16,337,0,"HQH008510","SQ75697 051"
1330,9650,25.09,"2GC","2楷林",31,431,0,"HQA111280","SQ57956 051"
990,11510,22.28,"3GC","2楷林",40,395,0,"HQG022240","SQ73174 051"
1290,8760,22.09,"3GC","2楷林",23,443,0,"HQG127870","SQ74829 071"
1370,8440,22.61,"2GA","2楷林",47,329,0,"HQX113890","SQ50841 041"
1250,7610,18.6,"2GA","2楷林",24,454,0,"HQC125980","SQ64120 051"
1340,9010,23.6,"2GA","2楷林",34,328,0,"HQX047000","SQ49883 041"
1570,11260,34.56,"2GC","2楷林",48,329,0,"HQD123580","SQ66539 521"
960,11770,22.09,"3GC","2楷林",61,399,0,"HQG021680","SQ73180 511"
1200,10610,24.58,"2GD","2楷林",29,399,0,"HQH152210","SQ78161 511"
1220,9300,22.18,"2GB","2楷林",17,454,0,"HQF076950","SQ71211 521"
1020,10060,20.06,"2GA","2楷林",82,502,0,"HQD077570","SQ65795 561"
1350,7880,20.8,"2GB","2楷林",51,422,0,"HQY002230","SQ51555 531"
1190,11230,26.13,"2GC","2楷林",22,496,0,"HQE064070","SQ68364 061"
950,10330,19.19,"2GA","2楷林",85,375,2.1,"HQF045760","SQ70757 011"
1410,11630,32.06,"2GC","2楷林",23,325,0,"HQY118040","SQ53011 031"
920,9450,17,"2GB","2楷林",83,330,0,"HQC004260","SQ61632 031"
1330,9950,25.87,"3GC","2楷林",16,518,0,"HQF148670","SQ72483 041"
1250,8250,20.16,"2GD","2楷林",58,337,0,"HQG084110","SQ74159 021"
1180,6120,14.12,"2GC","2楷林",64,421,0,"HQZ150700","SQ55817 511"
1360,7760,20.63,"2GA","2楷林",14,318,0,"HQZ017980","SQ53838 021"
980,9640,18.47,"2GA","2楷林",36,422,0,"HQC001430","SQ61603 061"
940,8500,15.62,"3GC","2楷林",57,309,0,"HQG161030","SQ75401 041"
1380,11500,30.53,"2GC","2楷林",24,269,6.6,"HQZ037940","SQ54012 041"
1020,11860,23.65,"2GA","2楷林",84,337,0,"HQX109300","SQ50767 541"
1330,8150,21.19,"2GC","2楷林",65,424,0,"HQD067240","SQ65599 011"
1260,11810,29.09,"2GB","2楷林",75,527,0,"HQE073360","SQ68479 541"
1260,9170,22.59,"2GB","2楷林",24,457,0,"HQH083250","SQ76977 051"
1180,9960,22.98,"2GA","2楷林",6,321,0,"HQA139810","SQ58373 041"
1260,9390,23.13,"2GA","2楷林",79,333,0,"HQC097400","SQ63619 551"
1570,11400,34.99,"2GA","2楷林",4,270,0,"HQH121870","SQ77692 021"
1570,11400,34.99,"3GC","2楷林",19,260,0,"HQD093260","SQ66081 011"
1500,11850,34.75,"3GC","2楷林",32,262,0,"HQZ077330","SQ54541 031"
1260,11850,29.19,"3GC","2楷林",68,328,0,"HQB094870","SQ60584 531"
1060,9710,20.12,"2GC","2楷林",78,332,0,"HQZ128840","SQ55399 541"
1020,10800,21.54,"2GA","2楷林",90,340,0,"HQX059940","SQ50142 061"
1060,11520,23.87,"2GA","2楷林",65,352,0,"HQB062170","SQ60022 531"
1080,9980,21.07,"2GB","2楷林",84,422,0,"HQF141060","SQ72362 041"
1240,11570,28.05,"2GC","2楷林",28,525,0,"HQD108350","SQ66319 541"
1300,9570,24.32,"2GA","2楷林",19,339,0,"HQZ089600","SQ54734 551"
1100,8870,19.07,"2GB","2楷林",60,329,0,"HQA074090","SQ57339 071"
1330,7630,19.84,"2GB","2楷林",18,428,0,"HQD014670","SQ64698 031"
1370,9150,24.51,"2GB","2楷林",22,334,0,"HQB108380","SQ60847 521"
1270,8260,20.51,"3GC","2楷林",27,320,0,"HQZ153400","SQ55833 021"
920,11680,21.01,"2GA","2楷林",74,333,0,"HQJ099430","SQ79971 531"
990,11270,21.81,"2GB","2楷林",88,330,0,"HQA131910","SQ58260 031"
1010,10240,20.22,"2GA","2楷林",65,356,0,"HQC068600","SQ63104 041"
1110,11000,23.87,"2GC","2楷林",78,350,0,"HQA042920","SQ56818 041"
1270,11040,27.41,"2GA","2楷林",17,274,0,"HQG160220","SQ75394 531"
1210,8500,20.11,"3GC","2楷林",9,465,0,"HQG133280","SQ74947 521"
1260,9410,23.18,"2GA","2楷林",37,331,0,"HQC057990","SQ62892 061"
960,8840,16.59,"2GA","2楷林",71,353,0,"HQG039540","SQ73460 581"
1190,9830,22.87,"3GC","2楷林",25,527,0,"HQH166900","SQ78350 551"
1270,10080,25.03,"2GA","2楷林",8,274,0,"HQD159550","SQ67174 551"
1070,11570,24.2,"2GA","2楷林",21,303,0,"HQX049760","SQ49924 521"
1290,8950,22.57,"2GA","2楷林",50,336,0,"HQX119990","SQ50905 031"
1130,10010,22.11,"2GC","2楷林",33,329,0,"HQY027730","SQ51875 051"
1260,8330,20.52,"2GC","2楷林",63,318,0,"HQZ111340","SQ55088 051"
1030,11860,23.88,"2GA","2楷林",52,353,0,"HQJ014690","SQ78590 061"
1170,11510,26.33,"2GC","2楷林",42,531,0,"HQA011780","SQ56374 041"
1350,9760,25.76,"2GB","2楷林",34,341,0,"HQX108800","SQ50763 551"
1260,9370,23.08,"2GB","2楷林",38,370,0,"HQF106980","SQ71721 541"
1340,11500,30.13,"2GB","2楷林",7,498,0,"HQJ021040","SQ78657 021"
1310,11780,30.17,"2GA","2楷林",24,309,0,"HQJ087840","SQ79758 061"
1250,7910,19.33,"2GC","2楷林",48,459,0,"HQY062930","SQ52338 011"
980,11750,22.51,"3GC","2楷林",20,346,0,"HQJ012110","SQ78549 521"
1180,6330,14.6,"2GB","2楷林",47,415,0,"HQX053630","SQ50021 531"
1150,11190,25.16,"2GA","2楷林",81,323,0,"HQZ142270","SQ55658 511"
1180,8700,20.07,"2GB","2楷林",38,430,0,"HQD127550","SQ66634 041"
1520,8510,25.29,"2GA","2楷林",42,339,0,"HQH069840","SQ76739 541"
1260,8680,21.38,"2GB","2楷林",13,430,0,"HQB112950","SQ60916 561"
960,9940,18.66,"2GA","2楷林",73,320,0,"HQX086940","SQ50480 541"
960,9830,18.45,"2GA","2楷林",87,329,0,"HQY100180","SQ52803 041"
920,11830,21.28,"3GC","2楷林",56,399,0,"HQH153800","SQ78194 521"
1250,8240,20.14,"2GA","2楷林",18,337,0,"HQG060000","SQ73850 071"
1030,9270,18.67,"2GA","2楷林",36,319,0,"HQX003850","SQ49108 071"
1340,11520,30.18,"3GC","2楷林",69,525,0,"HQC037360","SQ62524 541"
1420,11660,31.59,"2GC","2楷林",63,281,13.6,"HQA044160","SQ56803 511"
1510,7700,22.35,"2GA","2楷林",11,276,0,"HQD103030","SQ66240 011"
1470,11690,33.6,"2GC","2楷林",52,271,0,"HQB083490","SQ60358 041"
1370,8620,23.09,"2GA","2楷林",49,327,0,"HQZ121480","SQ55273 531"
1240,9730,23.59,"2GB","2楷林",50,433,0,"HQC063950","SQ63032 011"
1260,9570,23.57,"2GA","2楷林",35,326,0,"HQD152310","SQ67067 511"
1280,8850,22.15,"2GD","2楷林",52,331,0,"HQY067170","SQ52416 511"
1340,11790,30.89,"2GA","2楷林",84,440,0,"HQA078120","SQ57415 051"
1290,8810,22.22,"2GB","2楷林",79,426,0,"HQZ131230","SQ55436 031"
930,8730,15.87,"2GA","2楷林",69,306,0,"HQJ145060","SQ80818 571"
1340,11450,29.55,"3GC","2楷林",43,338,0,"HQA013670","SQ56404 011"
1470,8730,25.09,"2GC","2楷林",4,539,0,"HQX148100","SQ51261 011"
1360,7760,20.63,"2GA","2楷林",36,319,0,"HQZ125550","SQ55360 051"
1250,10570,25.83,"2GA","2楷林",42,347,0,"HQZ033100","SQ53948 041"
1260,9570,23.57,"2GB","2楷林",70,427,0,"HQZ085030","SQ54660 021"
1360,11170,29.7,"2GA","2楷林",15,335,0,"HQG017380","SQ73109 031"
940,9890,18.17,"2GA","2楷林",70,314,0,"HQJ120380","SQ80398 551"
1330,11260,29.28,"2GB","2楷林",21,340,0,"HQC025850","SQ62325 521"
960,10180,18.8,"2GA","2楷林",55,330,10.5,"HQF004360","SQ70128 041"
1540,9300,27.64,"2GA","2楷林",8,264,0,"HQB044580","SQ59699 511"
1290,7890,19.9,"2GA","2楷林",29,336,0,"HQD122390","SQ66534 561"
1360,11450,30.44,"2GA","2楷林",55,450,0,"HQB084330","SQ60399 551"
1210,9040,21.38,"2GB","2楷林",44,521,0,"HQB149570","SQ61541 011"
1110,11010,23.89,"2GA","2楷林",67,348,0,"HQC023170","SQ62263 041"
1270,9580,23.79,"2GC","2楷林",22,361,0,"HQJ039480","SQ78952 541"
1000,8510,16.64,"3GC","2楷林",70,348,0,"HQF096000","SQ71546 561"
1270,10230,24.9,"2GB","2楷林",17,0,0,"HQC018110","SQ62176 511"
1290,8950,22.57,"2GC","2楷林",29,325,0,"HQA146890","SQ58500 011"
1130,10040,22.18,"3GC","2楷林",59,451,0,"HQG060410","SQ73845 031"
1070,11390,23.83,"2GB","2楷林",27,348,0,"HQX068180","SQ50264 051"
1520,8510,25.29,"2GA","2楷林",15,339,0,"HQH069570","SQ76739 531"
1200,10250,24.05,"2GB","2楷林",87,452,0,"HQH130930","SQ77807 561"
1300,11020,28.01,"2GB","2楷林",87,417,0,"HQX117080","SQ50885 511"
1160,11770,26.69,"2GC","2楷林",70,477,0,"HQC119830","SQ63983 521"
960,9090,17.06,"2GC","2楷林",77,400,0,"HQC021070","SQ62219 531"
1270,11520,28.6,"2GC","2楷林",36,520,0,"HQH150260","SQ78122 041"
960,8170,15.33,"3GC","2楷林",44,351,0,"HQJ012940","SQ78554 531"
1570,7350,22.56,"2GA","2楷林",24,324,0,"HQC141430","SQ64380 011"
970,11300,21.43,"2GC","2楷林",58,322,0,"HQE133660","SQ69614 541"
1320,8430,21.75,"2GA","2楷林",29,298,0,"HQZ087280","SQ54696 541"
1270,9300,23.09,"2GB","2楷林",42,328,0,"HQF099390","SQ71591 051"
1410,11580,31.92,"2GA","2楷林",44,274,0,"HQZ159490","SQ55950 551"
1400,7860,21.51,"2GA","2楷林",67,358,0,"HQX052090","SQ49986 051"
1350,8420,21.69,"2GD","2楷林",35,248,9.1,"HQA069210","SQ57251 051"
1100,8660,18.62,"2GA","2楷林",84,335,0,"HQX066070","SQ50208 071"
1280,9220,23.07,"2GA","2楷林",3,326,0,"HQC082940","SQ63355 521"
1230,11810,28.4,"2GB","2楷林",48,418,0,"HQG076460","SQ74062 531"
1280,11820,29.58,"2GC","2楷林",71,473,0,"HQX153380","SQ51330 511"
1480,7030,20.34,"2GA","2楷林",10,337,0,"HQA024800","SQ56499 541"
1270,10340,25.67,"2GC","2楷林",45,333,0,"HQY099760","SQ52798 041"
1260,9550,23.06,"2GB","2楷林",62,464,0,"HQE043930","SQ67997 031"
1230,11170,26.31,"2GB","2楷林",14,535,0,"HQE068590","SQ68417 511"
1150,11150,25.07,"2GA","2楷林",1,272,0,"HQX074340","SQ50330 541"
1500,11860,34.78,"2GA","2楷林",10,269,0,"HQA029120","SQ56554 521"
1040,10870,22.1,"2GB","2楷林",96,329,0,"HQD121890","SQ66520 551"
1260,9170,22.23,"2GA","2楷林",41,323,7.5,"HQE073020","SQ68498 551"
1330,10030,26.08,"2GC","2楷林",41,531,0,"HQY053000","SQ52188 511"
1400,9500,26,"2GC","2楷林",17,286,0,"HQH009910","SQ75710 521"
1420,11740,32.59,"3GC","2楷林",11,272,0,"HQJ102210","SQ80106 531"
1520,9830,29.21,"3GC","2楷林",7,268,0,"HQC057640","SQ62934 031"
1200,7330,17.2,"3GC","2楷林",36,278,0,"HQA140110","SQ58383 071"
1370,8440,22.61,"2GA","2楷林",48,329,0,"HQX113900","SQ50841 531"
1210,8170,19.33,"2GC","2楷林",57,519,0,"HQX134000","SQ51097 061"
1220,8370,19.96,"2GB","2楷林",39,535,0,"HQF028880","SQ70470 521"
1280,10640,26.2,"2GA","2楷林",20,313,11.9,"HQC042370","SQ62591 531"
1090,10380,22.12,"2GA","2楷林",77,346,0,"HQA080020","SQ57452 051"
1210,10790,25.12,"2GC","2楷林",27,301,7,"HQH138060","SQ77937 051"
1440,11810,33.25,"3GC","2楷林",3,246,0,"HQY054540","SQ52229 021"
1260,8310,20.47,"2GC","2楷林",64,317,0,"HQZ111350","SQ55088 561"
1440,10920,30.74,"3GB","2楷林",14,528,0,"HQC060420","SQ62966 041"
1570,9940,30.51,"2GC","2楷林",23,331,0,"HQF063250","SQ70971 011"
1550,11550,35,"2GC","2楷林",7,282,0,"HQD042370","SQ65160 041"
1510,11780,34.78,"2GA","2楷林",17,267,0,"HQE145020","SQ69801 511"
1150,11180,25.14,"2GA","2楷林",59,324,0,"HQZ142050","SQ55654 541"
1470,11690,33.06,"2GA","2楷林",10,268,6,"HQH092530","SQ77145 021"
1300,8880,22.57,"2GA","2楷林",79,333,0,"HQZ090200","SQ54723 531"
1190,10230,23.8,"2GA","2楷林",37,453,0,"HQX084450","SQ50443 561"
1240,9540,23.13,"2GA","2楷林",61,333,0,"HQH112540","SQ77530 531"
1380,11490,31,"2GC","2楷林",23,274,0,"HQE012510","SQ67409 041"
1090,9420,20.07,"2GC","2楷林",88,502,0,"HQE064740","SQ68374 531"
1050,11700,24.02,"2GC","2楷林",50,351,0,"HQE089250","SQ68842 041"
1300,9440,23.53,"2GA","2楷林",79,269,0,"HQB008590","SQ59023 511"
1530,11690,34.97,"2GB","2楷林",5,529,0,"HQD053230","SQ65332 021"
1300,8880,22.57,"2GA","2楷林",101,331,0,"HQX105540","SQ50731 021"
1260,11500,28.33,"2GB","2楷林",88,524,0,"HQE073490","SQ68484 521"
1390,11620,31.58,"2GA","2楷林",96,337,0,"HQA090270","SQ57672 551"
1400,11630,31.83,"3GC","2楷林",26,268,0,"HQY081050","SQ52547 051"
1090,10830,23.08,"2GC","2楷林",54,470,0,"HQJ063590","SQ79360 561"
1290,11100,27.99,"2GA","2楷林",5,328,0,"HQZ143660","SQ55678 021"
1270,10910,27.09,"3GC","2楷林",11,256,0,"HQF048860","SQ70816 521"
1340,9400,24.63,"2GC","2楷林",5,434,0,"HQH146890","SQ78097 521"
1190,10100,23.5,"2GA","2楷林",32,479,0,"HQD015700","SQ64722 031"
1380,11860,32,"2GA","2楷林",33,263,0,"HQZ135130","SQ55507 041"
1270,9010,22.37,"2GB","2楷林",25,564,0,"HQX055850","SQ50054 031"
1240,9200,22.3,"2GB","2楷林",33,421,0,"HQY100580","SQ52799 061"
1180,8500,19.61,"2GA","2楷林",48,340,0,"HQZ109450","SQ55117 551"
1020,11340,22.61,"2GA","2楷林",59,352,0,"HQH140710","SQ78008 061"
1100,11380,23.92,"2GC","2楷林",56,296,0,"HQY115770","SQ52976 511"
1200,11250,26.39,"3GB","2楷林",16,462,0,"HQG104960","SQ74419 551"
1070,9750,20.4,"2GB","2楷林",49,346,0,"HQJ055420","SQ79200 061"
1380,11830,31.92,"2GD","2楷林",14,270,0,"HQA101830","SQ57847 031"
1270,11130,27.63,"2GB","2楷林",30,450,0,"HQG032060","SQ73345 551"
1290,9310,23.48,"3GC","2楷林",51,331,0,"HQA077790","SQ57373 511"
1300,11870,30.17,"2GA","2楷林",58,326,0,"HQG012250","SQ72999 541"
1380,11850,31.46,"2GA","2楷林",39,300,11.8,"HQC080460","SQ63296 531"
960,11410,21.41,"2GA","2楷林",55,400,0,"HQH098430","SQ77272 561"
1270,9290,23.07,"2GD","2楷林",16,337,0,"HQJ057050","SQ79234 531"
1270,10410,25.85,"2GA","2楷林",51,273,0,"HQG048230","SQ73643 561"
1100,9820,21.12,"2GA","2楷林",34,317,0,"HQH161200","SQ78272 551"
1180,11830,27.29,"2GA","2楷林",49,424,0,"HQJ023970","SQ78702 551"
1130,9270,20.03,"2GC","2楷林",60,494,0,"HQJ148860","SQ80871 511"
1290,7920,19.97,"2GC","2楷林",34,452,0,"HQC026660","SQ62308 551"
1470,11810,33.94,"2GD","2楷林",11,448,0,"HQX114640","SQ50852 021"
1270,8840,21.95,"2GC","2楷林",11,303,0,"HQY129100","SQ53141 521"
970,9980,18.93,"2GA","2楷林",51,303,0,"HQJ146540","SQ80877 561"
960,9880,18.54,"2GC","2楷林",80,398,0,"HQB112230","SQ60932 541"
900,9070,15.96,"3GC","2楷林",72,300,0,"HQE028320","SQ67724 541"
1420,11290,30.79,"2GA","2楷林",28,338,0,"HQJ014450","SQ78572 511"
1270,10900,27.06,"2GC","2楷林",19,302,0,"HQJ104520","SQ80156 011"
1100,8870,19.07,"2GA","2楷林",26,377,0,"HQC135470","SQ64246 071"
1120,11680,25.57,"2GB","2楷林",54,548,0,"HQX103680","SQ50716 021"
1090,7270,15.49,"2GC","2楷林",56,443,0,"HQD026360","SQ64864 571"
1320,8760,22.61,"2GA","2楷林",65,341,0,"HQZ125070","SQ55343 021"
1290,8950,22.57,"2GA","2楷林",44,334,0,"HQA145470","SQ58478 541"
1570,10450,32.07,"3GC","2楷林",16,325,0,"HQY084220","SQ52600 011"
1180,8490,19.59,"3GB","2楷林",54,421,0,"HQH040170","SQ76229 551"
920,10930,19.66,"2GA","2楷林",73,396,0,"HQG163360","SQ75452 041"
1320,9580,24.72,"2GC","2楷林",14,435,0,"HQH073130","SQ76810 551"
1420,11520,31.98,"2GA","2楷林",62,273,0,"HQB097270","SQ60615 531"
1240,10010,24.27,"2GB","2楷林",22,417,0,"HQH076890","SQ76880 061"
1240,9260,22.45,"2GB","2楷林",44,414,0,"HQH076260","SQ76885 521"
1040,11740,23.87,"2GA","2楷林",68,325,0,"HQJ050390","SQ79136 561"
960,7030,13.19,"2GA","2楷林",49,277,0,"HQX074820","SQ50340 551"
1040,11810,24.01,"2GA","2楷林",45,334,0,"HQX145280","SQ51238 061"
1260,8760,21.58,"2GB","2楷林",51,351,0,"HQF087200","SQ71362 061"
1250,11450,27.98,"2GC","2楷林",56,351,0,"HQH035550","SQ76154 041"
960,9630,18.07,"2GA","2楷林",52,331,0,"HQF096730","SQ71566 041"
1290,11380,28.7,"2GA","2楷林",8,338,0,"HQZ146380","SQ55737 041"
1310,11800,30.22,"2GC","2楷林",26,328,0,"HQG164380","SQ75464 041"
1250,10770,26.32,"3GC","2楷林",15,462,0,"HQC000640","SQ61594 031"
1430,10190,28.49,"2GA","2楷林",57,340,0,"HQX150330","SQ51297 021"
1350,11600,30.16,"2GC","2楷林",37,476,0,"HQG019500","SQ73083 011"
1290,11790,29.73,"2GA","2楷林",52,335,0,"HQA150760","SQ58539 511"
1210,11840,28.01,"2GB","2楷林",69,414,0,"HQH077360","SQ76889 021"
1290,10360,26.13,"2GA","2楷林",13,333,0,"HQZ054690","SQ54206 021"
1230,8820,21.21,"2GB","2楷林",25,419,0,"HQG101360","SQ74359 551"
1470,7620,21.9,"2GA","2楷林",5,340,0,"HQX123130","SQ50967 531"
1190,8250,19.19,"2GC","2楷林",55,427,0,"HQJ033680","SQ78851 541"
1370,10080,27,"2GA","2楷林",18,318,0,"HQZ116230","SQ55200 021"
1210,9750,23.06,"2GB","2楷林",66,462,0,"HQE043970","SQ68001 031"
1450,11870,33.65,"2GC","2楷林",15,312,0,"HQZ064470","SQ54342 031"
1040,11750,23.89,"2GA","2楷林",63,325,0,"HQX145460","SQ51239 031"
1240,10180,24.68,"2GA","2楷林",47,445,0,"HQX132210","SQ51087 531"
1470,8720,25.06,"2GB","2楷林",69,544,0,"HQY147330","SQ53395 041"
1290,9110,22.97,"2GA","2楷林",44,344,0,"HQD029580","SQ64946 541"
1200,8600,20.18,"3L2","1楷林",62,396,33.2,"HQD156060","SP11179 531"
1340,9950,26.07,"2GB","2楷林",46,464,0,"HQZ002960","SQ53663 051"
1500,10700,31.38,"2GD","2楷林",9,513,0,"HQX073620","SQ50322 541"
1100,9000,19.35,"2GA","2楷林",17,345,0,"HQE048050","SQ68074 051"
1420,11650,32.34,"2GC","2楷林",40,272,0,"HQC037060","SQ62506 511"
1320,9720,25.08,"2GB","2楷林",32,465,0,"HQJ028840","SQ78788 031"
1390,9520,25.87,"2GA","2楷林",25,338,0,"HQX109630","SQ50782 531"
1410,11590,31.95,"2GA","2楷林",47,276,0,"HQX031510","SQ49637 021"
1220,11630,27.74,"2GB","2楷林",22,519,0,"HQH062660","SQ76597 551"
1250,9300,22.73,"2GA","2楷林",73,305,0,"HQZ125920","SQ55371 541"
900,9280,16.33,"2GC","2楷林",81,330,0,"HQB004580","SQ58953 031"
1000,11440,22.37,"2GC","2楷林",72,317,0,"HQC005620","SQ61675 031"
1260,9170,22.23,"2GA","2楷林",71,315,11.7,"HQE073320","SQ68505 011"
1260,11630,28.65,"2GA","2楷林",47,461,0,"HQY040570","SQ52062 051"
1260,9410,23.18,"2GA","2楷林",21,373,0,"HQG092690","SQ74219 521"
1290,8480,21.39,"2GC","2楷林",74,416,0,"HQX024640","SQ49490 521"
1250,8230,20.11,"2GA","2楷林",19,337,0,"HQG060880","SQ73862 011"
1110,11320,24.12,"2GA","2楷林",38,268,0,"HQH133660","SQ77907 011"
1250,8280,20.23,"2GA","2楷林",32,361,0,"HQH117600","SQ77624 511"
980,11770,22.55,"2GA","2楷林",84,298,0,"HQH070260","SQ76462 561"
1300,7340,18.3,"2GC","2楷林",42,327,0,"HQB137130","SQ61349 511"
1400,7490,20.5,"2GC","2楷林",20,264,0,"HQA073690","SQ57326 041"
1560,9880,30.13,"3GC","2楷林",27,339,0,"HQB038180","SQ59550 041"
1450,8170,23.16,"2GA","2楷林",46,331,0,"HQC103750","SQ63720 051"
1230,11220,26.98,"2GA","2楷林",48,268,0,"HQD073200","SQ65680 551"
1420,11330,31.45,"2GC","2楷林",26,298,0,"HQY128270","SQ53135 021"
1100,11720,25.2,"2GB","2楷林",78,530,0,"HQA144790","SQ58470 541"
1250,7880,19.26,"2GB","2楷林",73,526,0,"HQX009710","SQ49245 571"
1250,9080,22.19,"2GA","2楷林",52,451,0,"HQF105000","SQ71679 031"
1090,11060,23.57,"2GB","2楷林",68,512,0,"HQY059250","SQ52307 511"
1290,9190,23.18,"3GC","2楷林",34,325,0,"HQB055040","SQ59883 541"
1390,11750,31.93,"2GB","2楷林",4,353,0,"HQB040600","SQ59585 041"
1260,9380,23.11,"2GA","2楷林",55,326,0,"HQC097160","SQ63626 011"
1280,11050,27.44,"2GA","2楷林",70,322,0,"HQJ006500","SQ78449 511"
1570,11220,33.89,"2GC","2楷林",11,280,7.3,"HQA117230","SQ58030 041"
950,10810,20.08,"3GC","2楷林",73,544,0,"HQH021630","SQ75886 041"
1080,11330,23.92,"2GC","2楷林",99,329,0,"HQZ098970","SQ54898 551"
1250,7290,17.81,"2GA","2楷林",23,358,0,"HQF117510","SQ71908 031"
1080,10550,22.28,"2GA","2楷林",53,326,0,"HQD156830","SQ67124 561"
1260,9410,23.18,"2GA","2楷林",24,369,0,"HQG092720","SQ74217 541"
1290,9870,24.89,"2GB","2楷林",30,336,0,"HQB096950","SQ60617 021"
1290,8790,22.17,"2GA","2楷林",45,330,0,"HQY033830","SQ51978 521"
1320,5660,14.61,"2GA","2楷林",32,446,0,"HQB088680","SQ60455 541"
1310,10930,27.99,"2GC","2楷林",20,298,0,"HQH048860","SQ76376 531"
1440,11820,33.28,"2GA","2楷林",22,323,0,"HQD054280","SQ65358 531"
1210,9780,23.14,"3GC","2楷林",9,444,0,"HQJ150020","SQ80942 561"
1350,11810,31.17,"3GC","2楷林",40,458,0,"HQB056670","SQ59892 041"
950,10560,19.61,"2GC","2楷林",72,335,0,"HQZ027160","SQ53870 031"
1430,11810,32.49,"2GD","2楷林",5,268,6.5,"HQH138310","SQ77928 031"
1100,8860,19.05,"2GB","2楷林",14,408,0,"HQY102710","SQ52808 561"
1290,9460,23.58,"2GB","2楷林",12,332,0,"HQA162300","SQ58755 511"
1540,11590,34.89,"2GA","2楷林",31,268,0,"HQX157570","SQ51372 031"
1290,9960,24.63,"2GC","2楷林",29,454,0,"HQC026610","SQ62312 511"
1180,11520,26.58,"2GB","2楷林",72,450,0,"HQC042100","SQ62618 071"
1380,11720,31.62,"2GC","2楷林",13,324,0,"HQJ121350","SQ80429 541"
1210,9990,23.14,"2GB","2楷林",55,372,0,"HQJ034560","SQ78868 011"
1360,8340,22.17,"2GC","2楷林",58,341,0,"HQC074830","SQ63232 011"
1270,11800,29.3,"2GA","2楷林",52,299,0,"HQG089760","SQ74197 531"
1040,9190,18.69,"2GA","2楷林",29,327,0,"HQX050440","SQ49942 531"
1570,11400,34.99,"2GA","2楷林",3,320,0,"HQF084900","SQ71345 531"
1290,11680,29.46,"3GC","2楷林",65,269,0,"HQE050110","SQ68083 531"
1100,9330,20.06,"2GA","2楷林",55,348,0,"HQA007840","SQ56273 541"
1290,7530,18.99,"2GA","2楷林",39,328,0,"HQD118600","SQ66506 551"
1570,6700,20.56,"2GA","2楷林",18,327,0,"HQE019290","SQ67558 541"
1270,11160,27.71,"2GC","2楷林",42,518,0,"HQZ136970","SQ55574 041"
1300,9880,25.11,"2GC","2楷林",67,324,0,"HQE012950","SQ67432 551"
1240,10720,25.99,"2GC","2楷林",34,569,0,"HQA037730","SQ56699 521"
1300,9880,25.11,"2GC","2楷林",81,326,0,"HQE013090","SQ67432 521"
1370,10030,26.86,"2GB","2楷林",35,446,0,"HQG032110","SQ73343 051"
1180,10480,24.18,"2GB","2楷林",57,446,0,"HQG032330","SQ73350 531"
1570,9320,27.92,"2GA","2楷林",17,257,12,"HQG048960","SQ73602 541"
980,11060,21.19,"2GA","2楷林",75,415,0,"HQC000440","SQ61598 541"
1280,9650,24.15,"2GB","2楷林",69,450,0,"HQH117140","SQ77614 541"
990,9880,19.12,"2GC","2楷林",51,336,0,"HQA105690","SQ57862 531"
1030,8490,17.1,"2GB","2楷林",68,529,0,"HQF029170","SQ70479 531"
1090,10610,22.61,"2GA","2楷林",37,280,0,"HQF083590","SQ71324 031"
1220,9550,22.78,"2GA","2楷林",66,326,0,"HQF130040","SQ72148 561"
1570,8620,26.03,"2GA","2楷林",29,279,8.2,"HQD071460","SQ65666 041"
1420,10180,27.86,"2GD","2楷林",14,299,0,"HQZ089550","SQ54697 011"
1280,7360,18.42,"2GB","2楷林",40,331,0,"HQY053680","SQ52224 041"
1140,6440,14.04,"2GC","2楷林",42,473,0,"HQE078840","SQ68630 011"
1300,11850,30.12,"2GA","2楷林",1,324,0,"HQF115240","SQ71857 021"
1240,8860,21.48,"2GB","2楷林",63,340,0,"HQD066140","SQ65538 541"
1410,9390,25.47,"2GC","2楷林",6,271,15,"HQY117870","SQ52995 511"
1240,8990,21.79,"2GA","2楷林",64,451,0,"HQX132380","SQ51089 041"
1380,11850,31.46,"2GA","2楷林",21,301,12.3,"HQC081220","SQ63301 551"
1390,8360,22.31,"2GB","2楷林",59,359,0,"HQA099460","SQ57835 011"
1300,8800,22.11,"3GC","2楷林",4,456,0,"HQE056100","SQ68169 521"
1290,9190,23.18,"2GA","2楷林",59,327,0,"HQD122690","SQ66516 561"
1240,9200,22.3,"2GA","2楷林",22,340,0,"HQX068940","SQ50269 041"
1050,9280,19.05,"2GA","2楷林",98,290,0,"HQY015760","SQ51720 551"
1270,9020,22.4,"2GB","2楷林",36,552,0,"HQX055960","SQ50052 541"
1380,8940,24.12,"2GC","2楷林",75,326,0,"HQX057220","SQ50079 021"
1040,11790,23.97,"2GA","2楷林",82,347,0,"HQB044480","SQ59678 551"
1250,8280,20.23,"2GA","2楷林",45,349,0,"HQH089010","SQ77113 551"
1310,10760,27.56,"2GC","2楷林",47,270,0,"HQG161530","SQ75415 541"
1570,8930,26.97,"2GA","2楷林",14,278,5.4,"HQJ119820","SQ80354 521"
990,7150,13.84,"2GD","2楷林",54,303,0,"HQB004310","SQ58959 531"
1390,10850,29.48,"3GC","2楷林",10,540,0,"HQA037490","SQ56689 051"
1290,8940,22.55,"2GA","2楷林",23,326,0,"HQX027130","SQ49550 041"
1160,9520,21.59,"2GA","2楷林",81,336,0,"HQC033130","SQ62419 011"
1240,9550,23.15,"2GB","2楷林",8,425,0,"HQA129220","SQ58220 041"
1190,11500,26.75,"2GC","2楷林",75,516,0,"HQZ061890","SQ54325 041"
1320,8590,22.17,"2GA","2楷林",31,341,0,"HQA002680","SQ56180 521"
1380,9370,25,"3GC","2楷林",3,299,0,"HQH135720","SQ77931 511"
1450,10260,29.08,"2GB","2楷林",16,335,0,"HQC005890","SQ61660 031"
1260,9030,22.24,"2GA","2楷林",52,456,0,"HQD130850","SQ66705 071"
1570,9940,30.51,"2GC","2楷林",45,333,0,"HQX116660","SQ50887 521"
1290,9710,24.49,"2GA","2楷林",35,334,0,"HQD161040","SQ67199 041"
1300,11840,30.09,"2GB","2楷林",4,326,0,"HQF092480","SQ71485 051"
1290,8950,22.57,"2GA","2楷林",33,326,0,"HQY022960","SQ51799 041"
1320,9480,24.46,"2GA","2楷林",42,442,0,"HQD042720","SQ65190 511"
1140,10660,23.76,"3GC","2楷林",25,280,0,"HQH103910","SQ77366 541"
1570,10080,30.94,"2GA","2楷林",7,326,0,"HQZ163130","SQ56009 541"
1250,7970,19.48,"2GA","2楷林",70,457,0,"HQH093130","SQ77188 541"
1390,9250,25.14,"2GB","2楷林",46,514,0,"HQY162070","SQ53613 061"
980,11780,22.57,"2GA","2楷林",59,304,0,"HQH054760","SQ76450 541"
1400,7550,20.66,"3GC","2楷林",61,355,0,"HQY070610","SQ52437 051"
1230,9830,23.64,"2GB","2楷林",49,525,0,"HQF151120","SQ72504 541"
1070,6620,13.85,"2GB","2楷林",47,519,0,"HQF082830","SQ71311 591"
1430,11800,32.99,"2GB","2楷林",27,471,0,"HQB009760","SQ59042 541"
1360,8830,23.48,"2GC","2楷林",23,343,0,"HQC106330","SQ63735 041"
1030,8520,17.16,"2GA","2楷林",83,300,0,"HQZ086980","SQ54677 541"
1160,8390,18.78,"2GB","2楷林",44,454,0,"HQG106080","SQ74422 521"
1570,8980,27.56,"2GD","2楷林",8,268,0,"HQZ088730","SQ54720 521"
1200,10310,24.19,"3GC","2楷林",35,456,0,"HQF057230","SQ70941 531"
1210,9890,23.4,"2GB","2楷林",54,426,0,"HQX107020","SQ50748 561"
1570,10600,32.54,"2GD","2楷林",14,335,0,"HQX118000","SQ50889 521"
1510,11850,34.98,"2GD","2楷林",8,255,0,"HQX131820","SQ51067 041"
1570,10260,31.49,"2GC","2楷林",37,327,0,"HQD123470","SQ66533 541"
900,11700,20.59,"2GA","2楷林",47,396,0,"HQH099110","SQ77279 071"
1250,9300,22.73,"2GB","2楷林",39,529,0,"HQB114880","SQ60978 021"
1470,9870,27.68,"2GC","2楷林",17,290,11.5,"HQJ062120","SQ79286 541"
1100,10190,21.91,"2GA","2楷林",76,361,0,"HQC122420","SQ64061 561"
1500,10930,32.05,"2GB","2楷林",4,322,0,"HQA106510","SQ57875 021"
1530,11700,35,"3GC","2楷林",4,270,0,"HQB007840","SQ59022 541"
1330,8520,22.15,"2GB","2楷林",56,453,0,"HQY009440","SQ51654 031"
1160,9760,22.13,"2GA","2楷林",12,329,0,"HQG037170","SQ73410 041"
1520,11480,34.11,"3GC","2楷林",16,267,0,"HQA030230","SQ56584 541"
900,9650,16.98,"2GA","2楷林",62,302,0,"HQD100810","SQ66195 511"
1240,7760,18.81,"2GB","2楷林",50,384,0,"HQA055440","SQ57024 511"
1110,7080,15.36,"2GA","2楷林",68,351,0,"HQC025610","SQ62278 031"
910,10390,18.48,"2GC","2楷林",64,344,0,"HQZ015740","SQ53773 061"
1090,11210,23.89,"2GB","2楷林",95,354,0,"HQY048470","SQ52166 041"
930,8620,15.67,"2GA","2楷林",56,337,0,"HQD035030","SQ65027 571"
990,10140,19.63,"2GC","2楷林",69,326,0,"HQZ027130","SQ53866 551"
1190,8080,18.8,"2GB","2楷林",55,390,0,"HQH100430","SQ77289 511"
1380,11630,31.38,"2GD","2楷林",27,392,0,"HQZ154210","SQ55866 011"
1570,9930,30.48,"2GD","2楷林",8,325,0,"HQX045930","SQ49844 051"
910,11120,19.78,"2GA","2楷林",99,356,0,"HQG123230","SQ74752 551"
1370,11870,31.79,"3GC","2楷林",16,271,0,"HQG053320","SQ73740 021"
1250,11750,28.71,"2GC","2楷林",72,332,0,"HQX136990","SQ51155 041"
1320,9880,25.5,"2GA","2楷林",60,345,0,"HQC066090","SQ63084 551"
1260,8350,20.57,"2GA","2楷林",31,329,0,"HQD154630","SQ67089 011"
1050,11230,22.5,"3GC","2楷林",57,462,0,"HQY101710","SQ52820 511"
1570,7350,22.56,"2GA","2楷林",19,324,0,"HQC141380","SQ64380 051"
1290,11100,27.99,"2GA","2楷林",73,329,0,"HQC145140","SQ64433 521"
1500,11820,34.66,"2GA","2楷林",3,321,0,"HQF018350","SQ70342 541"
1200,10840,25.43,"3GB","2楷林",23,419,0,"HQG076210","SQ74065 061"
1240,11420,27.68,"2GB","2楷林",74,524,0,"HQX006910","SQ49199 551"
1360,9570,24.98,"3GC","2楷林",14,422,0,"HQA140600","SQ58402 011"
1030,9670,19.47,"2GB","2楷林",41,331,0,"HQB068160","SQ60109 521"
1210,9000,21.29,"3GC","2楷林",22,512,223.1,"HQH147060","SQ77042 531"
1070,11250,23.53,"2GB","2楷林",61,520,0,"HQF029100","SQ70476 531"
1180,10100,23.3,"3GC","2楷林",59,423,0,"HQZ150650","SQ55814 041"
1370,11810,31.63,"2GB","2楷林",28,453,0,"HQF027260","SQ70431 531"
1370,10820,28.98,"2GA","2楷林",11,350,0,"HQB056380","SQ59881 551"
1040,10870,22.1,"2GB","2楷林",100,330,0,"HQD121930","SQ66520 531"
1240,10910,26.45,"2GD","2楷林",74,337,0,"HQA016380","SQ56452 031"
1280,8020,20.07,"2GC","2楷林",18,543,0,"HQB050980","SQ59787 541"
1180,9150,21.11,"2GA","2楷林",67,330,0,"HQY037260","SQ52024 031"
1190,11000,25.18,"2GB","2楷林",66,276,9.6,"HQY100940","SQ52769 541"
1220,10100,24.09,"2GC","2楷林",26,477,0,"HQE078680","SQ68617 551"
1490,11830,34.46,"2GA","2楷林",24,270,0,"HQG007060","SQ72885 531"
1000,9960,19.16,"2GA","2楷林",48,332,9.7,"HQF129090","SQ72095 031"
1400,7250,19.84,"2GA","2楷林",10,267,0,"HQE038840","SQ67894 531"
1330,11870,30.86,"2GB","2楷林",44,453,0,"HQD060030","SQ65463 531"
1210,9880,23.37,"2GC","2楷林",15,443,0,"HQJ150900","SQ80950 521"
1440,11630,32.74,"2GA","2楷林",13,270,0,"HQX127750","SQ51031 551"
1220,8960,21.37,"2GB","2楷林",60,443,0,"HQB084380","SQ60390 531"
950,10740,19.95,"2GB","2楷林",31,457,0,"HQH000860","SQ75539 541"
1080,10000,21.11,"2GA","2楷林",33,0,0,"HQH110570","SQ77489 561"
1170,11500,26.3,"2GA","2楷林",1,268,0,"HQB090190","SQ60504 021"
1030,11850,23.86,"2GC","2楷林",66,347,0,"HQG002240","SQ72787 561"
1090,11310,24.1,"2GC","2楷林",33,333,0,"HQA029350","SQ56536 521"
1320,7980,20.59,"2GD","2楷林",41,546,0,"HQX141190","SQ51195 561"
1000,8710,17.03,"2GB","2楷林",63,515,0,"HQC018570","SQ62186 051"
1290,10340,26.08,"2GB","2楷林",67,327,0,"HQB118230","SQ61015 021"
1560,11470,34.98,"2GA","2楷林",7,275,0,"HQB097590","SQ60608 041"
1290,9190,22.81,"2GA","2楷林",24,336,10.4,"HQA058170","SQ57063 031"
1550,8920,26.68,"2GA","2楷林",23,431,0,"HQD042530","SQ65176 011"
1150,9840,22.12,"2GA","2楷林",52,328,0,"HQH010260","SQ75720 051"
1230,11810,28.4,"2GB","2楷林",89,513,0,"HQB094050","SQ60574 031"
1260,9380,23.11,"2GA","2楷林",7,330,0,"HQC098360","SQ63641 551"
1570,7360,22.59,"2GD","2楷林",31,322,0,"HQX136550","SQ51150 031"
1100,8660,18.62,"2GA","2楷林",73,332,0,"HQX046580","SQ49872 571"
1150,9720,21.04,"2GA","2楷林",53,328,8.5,"HQX126850","SQ50997 511"
1190,8180,19.03,"2GC","2楷林",63,411,0,"HQZ041620","SQ54048 561"
1260,9170,22.23,"2GA","2楷林",36,324,5.1,"HQE072970","SQ68498 031"
1040,10450,21.25,"2GA","2楷林",56,398,0,"HQE052550","SQ68143 551"
1290,8160,20.58,"2GC","2楷林",53,455,0,"HQH072040","SQ76815 021"
1360,8690,23.1,"2GC","2楷林",67,350,0,"HQC074920","SQ63234 531"
1440,11800,33.22,"2GB","2楷林",30,505,0,"HQG148490","SQ75183 541"
1340,11680,30.6,"2GA","2楷林",89,425,0,"HQA078170","SQ57417 551"
1300,8880,22.57,"2GA","2楷林",88,333,0,"HQX105410","SQ50727 541"
1320,9150,23.17,"2GB","2楷林",37,329,0,"HQF111650","SQ71767 031"
1120,10320,22.6,"2GC","2楷林",24,501,0,"HQJ143330","SQ80789 551"
1390,8540,23.21,"2GB","2楷林",69,354,0,"HQD050200","SQ65271 011"
1450,7520,20.81,"2GC","2楷林",11,292,6.1,"HQY095540","SQ52715 541"
1260,9100,22.42,"2GB","2楷林",47,438,0,"HQD096760","SQ66112 041"
1270,9090,22.57,"2GA","2楷林",6,335,0,"HQF103640","SQ71652 551"
1290,11800,29.76,,"2楷林",25,336,0,"HQZ145840","SQ55736 011"
1100,11090,23.85,"2GD","2楷林",81,269,0,"HQX128430","SQ51047 531"
1560,11470,34.98,"2GA","2楷林",8,272,0,"HQB019390","SQ59192 521"
1110,10090,21.9,"2GA","2楷林",69,360,0,"HQD015190","SQ64708 051"
1290,7560,18.76,"2GC","2楷林",51,321,9.3,"HQB151000","SQ61532 051"
1410,11600,31.98,"2GC","2楷林",6,313,0,"HQX139180","SQ51163 051"
1370,8470,22.69,"2GA","2楷林",62,337,0,"HQX023360","SQ49455 031"
1040,11810,24.01,"2GC","2楷林",90,355,0,"HQA111870","SQ57975 011"
1250,7220,17.64,"2GA","2楷林",37,345,0,"HQH088930","SQ77116 051"
1050,10320,21.18,"2GA","2楷林",77,461,0,"HQX084850","SQ50450 021"
1030,9270,18.67,"2GA","2楷林",96,317,0,"HQX002650","SQ49101 011"
1360,10560,28.08,"2GA","2楷林",18,311,0,"HQB129180","SQ61211 021"
1200,10720,25.15,"2GB","2楷林",35,319,0,"HQC054600","SQ62875 031"
1360,11730,31.19,"3GB","2楷林",36,526,0,"HQA004660","SQ56239 511"
1440,9330,25.85,"2GA","2楷林",5,315,8.8,"HQH025030","SQ75899 541"
960,10450,19.61,"2GC","2楷林",98,358,0,"HQF006850","SQ70159 071"
1300,11730,29.81,"2GB","2楷林",37,543,0,"HQE132430","SQ69580 551"
1110,11000,23.87,"2GB","2楷林",40,353,0,"HQA121370","SQ58108 531"
1200,10360,24.3,"2GA","2楷林",35,265,0,"HQB036400","SQ59549 541"
1260,9330,22.98,"2GB","2楷林",50,368,0,"HQA002070","SQ56182 021"
1030,8540,17.2,"2GA","2楷林",66,437,0,"HQG001090","SQ72779 531"
1390,11400,30.98,"2GD","2楷林",25,433,0,"HQF031960","SQ70524 551"
1370,11870,31.79,"3GC","2楷林",12,271,0,"HQG053280","SQ73740 041"
900,11820,20.8,"2GA","2楷林",44,397,0,"HQH099790","SQ77288 021"
1080,9330,19.38,"2GA","2楷林",105,338,5.4,"HQJ022020","SQ78645 031"
1030,9270,18.67,"2GA","2楷林",89,318,0,"HQX002580","SQ49105 521"
980,11770,22.55,"2GA","2楷林",43,297,0,"HQH055350","SQ76465 551"
1110,11000,23.87,"2GA","2楷林",36,354,0,"HQZ165710","SQ56061 521"
1150,11820,25.94,"2GC","2楷林",51,285,9.3,"HQD121440","SQ66509 521"
1300,11860,30.14,"3GC","2楷林",42,332,0,"HQA136730","SQ58343 531"
1370,11860,31.77,"2GB","2楷林",27,477,0,"HQF137130","SQ72254 041"
1260,8330,20.52,"2GC","2楷林",20,331,0,"HQZ106740","SQ55054 551"
1290,8450,21.31,"2GA","2楷林",28,448,0,"HQA048150","SQ56916 561"
1210,9190,21.38,"2GA","2楷林",55,344,0,"HQJ091660","SQ79866 011"
1340,8720,22.84,"2GB","2楷林",64,421,0,"HQX048280","SQ49908 051"
1230,9620,23.13,"2GA","2楷林",72,323,0,"HQF104300","SQ71656 031"
1000,10300,20.14,"2GA","2楷林",33,328,0,"HQE045290","SQ68010 531"
1310,9020,23.1,"2GC","2楷林",23,335,0,"HQE141560","SQ69761 541"
1390,11770,31.98,"2GA","2楷林",4,273,0,"HQF036560","SQ70601 521"
1520,11640,34.59,"2GA","2楷林",8,266,0,"HQZ016780","SQ53800 531"
1370,11830,31.68,"2GA","2楷林",65,329,0,"HQX114070","SQ50837 041"
1510,8490,25.06,"2GB","2楷林",21,526,0,"HQX071860","SQ50288 541"
1380,9490,25.6,"3GC","2楷林",22,294,0,"HQA121740","SQ58116 031"
1420,11320,31.43,"2GA","2楷林",44,257,0,"HQG046180","SQ73609 521"
1060,11000,22.8,"2GC","2楷林",93,331,0,"HQZ128990","SQ55405 531"
1380,9290,24.46,"2GC","2楷林",19,321,8.9,"HQF140410","SQ72338 531"
1160,11260,25.54,"2GA","2楷林",71,277,0,"HQA074960","SQ57342 541"
1100,8870,19.07,"2GB","2楷林",73,328,0,"HQA074220","SQ57336 051"
1070,9390,19.64,"3GB","2楷林",49,530,0,"HQF082900","SQ71308 071"
1270,9660,23.98,"2GB","2楷林",54,426,0,"HQD027140","SQ64884 051"
1200,11730,27.29,"2GA","2楷林",46,272,0,"HQH106890","SQ77410 011"
930,9460,17.2,"3GC","2楷林",43,308,0,"HQB080250","SQ60314 571"
1300,10950,27.83,"2GB","2楷林",70,419,0,"HQA113520","SQ57995 551"
1090,11780,25.1,"2GC","2楷林",2,270,0,"HQA136330","SQ58325 041"
1090,11750,25.04,"2GA","2楷林",55,301,0,"HQG092290","SQ74207 061"
1070,11870,24.83,"3GC","2楷林",41,292,0,"HQD021560","SQ64828 541"
1270,11540,28.65,"2GB","2楷林",29,555,0,"HQX001970","SQ49095 021"
1290,7890,19.9,"2GA","2楷林",70,343,0,"HQJ059080","SQ79254 051"
1250,11080,27.08,"3GC","2楷林",23,455,0,"HQJ096760","SQ79961 021"
1450,9320,25.55,"2GA","2楷林",27,253,7.1,"HQX147650","SQ51264 021"
1570,7780,23.88,"2GA","2楷林",34,327,0,"HQD150810","SQ67014 011"
1290,11170,28.17,"2GB","2楷林",6,520,0,"HQC029570","SQ62397 551"
1290,11790,29.73,"2GA","2楷林",24,333,0,"HQH116660","SQ77603 531"
1170,11570,25.9,"2GB","2楷林",39,481,0,"HQJ061620","SQ79302 021"
1240,10340,25.07,"2GB","2楷林",31,497,0,"HQX111930","SQ50831 521"
1410,9840,27.12,"2GA","2楷林",32,336,0,"HQY043030","SQ52107 521"
1400,11800,32.3,"2GB","2楷林",20,517,0,"HQG058340","SQ73822 521"
1510,11830,34.08,"2GA","2楷林",5,256,13,"HQA041490","SQ56766 021"
950,9190,17.07,"2GB","2楷林",62,358,0,"HQF085490","SQ71366 541"
1270,10910,27.09,"3GC","2楷林",22,544,0,"HQX035880","SQ49683 551"
1300,11810,30.02,"3GB","2楷林",56,493,0,"HQC009220","SQ61704 541"
1460,8090,23.09,"2GB","2楷林",10,508,0,"HQY065540","SQ52383 551"
1190,11000,25.59,"2GB","2楷林",91,462,0,"HQH137770","SQ77954 531"
1260,8130,20.03,"2GA","2楷林",35,362,0,"HQY006330","SQ51600 061"
1040,9440,19.19,"2GB","2楷林",45,336,0,"HQZ017150","SQ53809 551"
1230,11810,28.4,"2GB","2楷林",91,513,0,"HQB094070","SQ60574 041"
1240,11430,27.71,"2GC","2楷林",35,432,0,"HQG131020","SQ74903 051"
1190,9550,22.22,"2GA","2楷林",54,325,0,"HQY116380","SQ52983 051"
1350,7420,19.58,"2GA","2楷林",67,342,0,"HQX020900","SQ49418 511"
1400,11850,32.43,"2GA","2楷林",55,268,0,"HQB038460","SQ59579 021"
1270,10000,24.83,"2GA","2楷林",28,297,0,"HQE085430","SQ68758 561"
1110,11550,24.73,"2GA","2楷林",62,333,0,"HQA149130","SQ58509 021"
1280,11460,28.68,"2GA","2楷林",10,328,0,"HQZ008460","SQ53719 541"
1110,7060,15.32,"2GA","2楷林",45,348,0,"HQC022950","SQ62270 081"
1350,11720,30.59,"3GC","2楷林",16,447,0,"HQE038900","SQ67910 011"
1060,11470,23.77,"3GC","2楷林",28,281,0,"HQH103940","SQ77369 531"
1030,11860,23.88,"2GA","2楷林",71,349,0,"HQX148770","SQ51277 561"
1490,11200,32.63,"2GA","2楷林",12,273,0,"HQE022680","SQ67626 551"
1260,8430,20.77,"2GA","2楷林",10,314,0,"HQF101120","SQ71605 541"
1360,11330,30.12,"2GA","2楷林",35,333,0,"HQX015580","SQ49336 511"
1130,10180,22.09,"2GB","2楷林",41,504,0,"HQH029270","SQ76018 011"
960,10860,20.38,"3GC","2楷林",70,396,0,"HQC020160","SQ62216 031"
1420,11610,31.78,"2GA","2楷林",62,325,0,"HQY159210","SQ53570 011"
1510,7090,20.93,"3GC","2楷林",7,307,0,"HQF140290","SQ72330 041"
1260,9370,23.08,"2GD","2楷林",59,340,0,"HQJ004790","SQ78421 521"
1260,5960,14.68,"3GB","2楷林",63,414,0,"HQZ084950","SQ54657 031"
1570,11370,34.9,"3GC","2楷林",50,248,0,"HQF051980","SQ70838 531"
1390,9780,26.58,"2GA","2楷林",35,337,0,"HQC138930","SQ64332 551"
1170,10560,24.15,"2GB","2楷林",64,442,0,"HQH117070","SQ77621 011"
970,11220,21.28,"2GA","2楷林",59,338,0,"HQJ050300","SQ79144 021"
1320,9570,24.7,"2GB","2楷林",25,433,0,"HQH087450","SQ77074 521"
1250,9490,23.19,"3GC","2楷林",55,337,0,"HQD118760","SQ66485 521"
1330,9050,23.18,"2GA","2楷林",57,340,0,"HQD088900","SQ65992 021"
1110,9030,19.6,"2GA","2楷林",34,302,0,"HQG036760","SQ73398 041"
1550,10130,30.7,"2GA","2楷林",6,300,0,"HQD116340","SQ66421 541"
1510,10870,32.09,"2GA","2楷林",48,324,0,"HQJ001350","SQ78383 541"
1170,11690,26.74,"2GC","2楷林",89,275,0,"HQD152850","SQ67073 061"
1400,11000,30.11,"2GA","2楷林",32,322,0,"HQD140580","SQ66878 521"
1290,9660,24.36,"2GA","2楷林",75,338,0,"HQX110130","SQ50790 051"
980,11430,21.9,"2GB","2楷林",73,553,0,"HQY091690","SQ52663 561"
1090,6650,14.17,"2GA","2楷林",67,360,0,"HQX074220","SQ50307 041"
1340,7860,20.59,"3GB","2楷林",25,451,0,"HQG000640","SQ72759 541"
900,8820,15.52,"2GA","2楷林",65,417,0,"HQG029370","SQ73304 551"
1060,6740,13.97,"2GA","2楷林",21,341,0,"HQX089820","SQ50524 561"
1210,6040,14.29,"2GB","2楷林",67,425,0,"HQB067400","SQ60089 551"
1040,8880,18.05,"2GB","2楷林",28,339,0,"HQD043960","SQ65205 041"
1570,9000,27.62,"3GC","2楷林",13,258,0,"HQE000280","SQ67232 051"
1570,10440,32.04,,"2楷林",17,321,0,"HQZ100720","SQ54914 021"
1100,8910,19.16,"2GA","2楷林",77,372,1.7,"HQB030830","SQ59438 541"
1360,7330,19.49,"2GA","2楷林",38,331,0,"HQY033760","SQ51970 541"
1350,8800,23.23,"2GA","2楷林",45,327,3.3,"HQA152550","SQ58570 031"
1510,11850,34.98,"2GD","2楷林",14,266,0,"HQH074490","SQ76833 031"
1170,11800,26.99,"2GC","2楷林",41,431,0,"HQF004230","SQ70143 541"
1080,9150,19.32,"2GA","2楷林",80,330,0,"HQG096550","SQ74294 061"
1140,11670,26.01,"2GC","2楷林",49,275,0,"HQJ117920","SQ80343 021"
1240,10020,24.29,"3GC","2楷林",22,499,0,"HQJ095290","SQ79936 551"
1040,11040,22.12,"2GA","2楷林",95,295,0,"HQJ074520","SQ79543 011"
1470,11790,33.88,"3GC","2楷林",15,276,0,"HQF071530","SQ71121 031"
1540,10010,30.14,"2GA","2楷林",22,333,0,"HQG143580","SQ75086 041"
1030,9030,18.18,"2GB","2楷林",31,347,0,"HQA057850","SQ57075 541"
1380,11110,29.97,"2GC","2楷林",27,389,0,"HQC002750","SQ61628 051"
1460,9080,25.92,"2GA","2楷林",8,265,0,"HQE022640","SQ67631 541"
930,8780,15.96,"2GA","2楷林",72,304,0,"HQG057080","SQ73781 061"
1260,11360,27.98,"2GB","2楷林",26,347,0,"HQE057960","SQ68257 541"
1320,11660,30.09,"2GC","2楷林",11,324,0,"HQD043050","SQ65143 511"
1160,8100,18.37,"2GC","2楷林",56,305,0,"HQY083120","SQ52585 541"
950,7900,14.67,"2GA","2楷林",59,299,0,"HQE075150","SQ68555 571"
900,11210,19.72,"2GA","2楷林",57,305,0,"HQJ142990","SQ80825 081"
1380,9300,25.09,"2GC","2楷林",99,338,0,"HQX057460","SQ50084 051"
1380,11810,31.86,"2GA","2楷林",11,327,0,"HQH116530","SQ77598 551"
1250,11230,27.44,"3GC","2楷林",23,360,0,"HQF097770","SQ71550 041"
1030,7440,14.98,"2GA","2楷林",76,360,0,"HQF013280","SQ70218 541"
1470,11870,34.11,"2GA","2楷林",18,329,0,"HQH155100","SQ78200 531"
1000,10270,20.08,"2GC","2楷林",105,544,0,"HQF070410","SQ71077 551"
1300,7730,19.65,"2GC","2楷林",22,340,0,"HQG164340","SQ75467 021"
1480,10050,29.08,"2GB","2楷林",16,548,0,"HQX047800","SQ49880 031"
1310,11800,30.22,"2GB","2楷林",4,332,0,"HQG148920","SQ75217 541"
1350,11800,31.14,"3GC","2楷林",9,311,0,"HQE133830","SQ69611 031"
1420,11860,32.92,"2GA","2楷林",12,269,0,"HQH003630","SQ75603 531"
1100,9330,20.06,"3GC","2楷林",65,360,0,"HQA163600","SQ58764 561"
1090,8110,17.28,"2GC","2楷林",51,526,0,"HQC089950","SQ63510 581"
1220,8540,20.37,"2GB","2楷林",90,417,0,"HQB084680","SQ60396 541"
1180,11760,27.13,"3GC","2楷林",54,257,0,"HQH063870","SQ76649 021"
1300,11560,29.38,"2GA","2楷林",59,454,0,"HQY040690","SQ52059 521"
1400,7860,21.51,"2GA","2楷林",56,356,0,"HQX051980","SQ49983 561"
1290,10050,25.35,"2GC","2楷林",43,429,0,"HQC110680","SQ63819 061"
1210,10550,24.96,"2GB","2楷林",76,436,0,"HQH083770","SQ76994 551"
1300,9790,24.88,"2GA","2楷林",23,338,0,"HQZ089640","SQ54734 511"
1510,10460,30.88,"2GB","2楷林",27,426,0,"HQC052840","SQ62781 511"
1290,10480,26.43,"2GA","2楷林",49,334,0,"HQB006730","SQ59000 011"
1300,9240,23.48,"2GC","2楷林",51,344,0,"HQZ098490","SQ54893 051"
1220,9710,23.16,"2GA","2楷林",55,314,0,"HQZ086700","SQ54672 521"
1250,8310,20.06,"2GA","2楷林",70,332,0,"HQF152360","SQ72536 511"
1570,10390,31.89,"2GD","2楷林",62,325,0,"HQX136880","SQ51160 511"
1180,9400,21.68,"2GB","2楷林",102,455,0,"HQH131080","SQ77812 051"
1420,11480,31.87,"3GC","2楷林",16,269,0,"HQZ004540","SQ53689 041"
1080,11720,24.75,"2GC","2楷林",51,325,0,"HQC092940","SQ63562 051"
1570,10400,31.16,"2GC","2楷林",3,253,9.9,"HQF074360","SQ71148 531"
1110,7060,15.32,"2GA","2楷林",57,348,0,"HQC023070","SQ62270 511"
1360,11330,30.12,"2GA","2楷林",27,334,0,"HQX015500","SQ49336 541"
1240,8430,20.44,"2GA","2楷林",30,335,0,"HQX034710","SQ49659 561"
1110,7420,15.81,"2GB","2楷林",62,462,0,"HQZ160590","SQ55975 511"
1070,10020,20.96,"2GC","2楷林",28,330,0,"HQD010130","SQ64624 531"
1350,10620,27.61,"2GD","2楷林",35,312,0,"HQD159820","SQ67170 511"
1100,8660,18.62,"2GA","2楷林",110,333,0,"HQX065200","SQ50204 041"
1270,10430,25.9,"2GA","2楷林",42,276,0,"HQX041730","SQ49806 041"
1360,8340,22.17,"2GC","2楷林",43,342,0,"HQC075530","SQ63236 521"
1400,11790,32.04,"2GC","2楷林",41,525,0,"HQH162130","SQ78291 011"
1370,8370,22.42,"2GA","2楷林",31,358,0,"HQB057360","SQ59885 011"
1260,6320,15.57,"2GA","2楷林",30,341,0,"HQF102040","SQ71611 531"
1370,10080,27,"2GA","2楷林",49,317,0,"HQZ116540","SQ55202 021"
1110,7650,16.6,"2GB","2楷林",73,373,0,"HQX028500","SQ49548 551"
1430,8280,22.91,"2GC","2楷林",12,321,0,"HQY065820","SQ52391 011"
1270,10150,25.2,"2GB","2楷林",13,392,0,"HQC136730","SQ64304 541"
1190,9930,23.1,"3GC","2楷林",2,334,0,"HQY079160","SQ52534 561"
1570,9320,27.92,"2GA","2楷林",3,258,7.9,"HQF094010","SQ71468 541"
1470,8720,25.06,"2GB","2楷林",74,544,0,"HQY147380","SQ53395 511"
1270,8930,22.17,"2GC","2楷林",24,452,0,"HQE053560","SQ68172 531"
1390,8540,23.21,"2GD","2楷林",37,422,0,"HQY053650","SQ52234 051"
1260,7070,17.42,"2GA","2楷林",33,339,0,"HQX132970","SQ51108 521"
1290,10410,26.25,"2GA","2楷林",46,339,0,"HQB126980","SQ61198 051"
1340,10590,27.74,"3GC","2楷林",33,257,0,"HQA045880","SQ56878 511"
1200,9410,22.08,"2GA","2楷林",14,298,0,"HQY151070","SQ53461 031"
950,10560,19.61,"2GA","2楷林",105,325,0,"HQZ045510","SQ54093 561"
1110,11000,23.87,"2GA","2楷林",81,358,0,"HQB014330","SQ59101 511"
1150,9970,22.12,"2GC","2楷林",50,330,0,"HQA120710","SQ58078 521"
1200,11810,27.71,"2GA","2楷林",29,446,0,"HQB063800","SQ60051 531"
1280,10620,26.58,"2GA","2楷林",46,338,0,"HQB031940","SQ59459 021"
1450,6130,17.14,"2GA","2楷林",29,444,0,"HQC127490","SQ64115 511"
1250,8810,21.53,"2GC","2楷林",35,357,0,"HQA163300","SQ58766 041"
1320,11190,28.88,"2GA","2楷林",21,324,0,"HQC065700","SQ63076 521"
1300,9090,23.1,"2GA","2楷林",6,329,0,"HQF093120","SQ71488 041"
1290,9160,23.1,"2GA","2楷林",43,326,0,"HQF074130","SQ71161 561"
1450,10840,30.2,"2GA","2楷林",46,329,0,"HQD139720","SQ66858 531"
1570,9820,30.14,"2GD","2楷林",22,343,0,"HQD021970","SQ64832 541"
1210,9390,22.21,"2GA","2楷林",55,329,0,"HQC098840","SQ63655 541"
1260,9170,22.23,"2GA","2楷林",118,321,9.6,"HQE072590","SQ68501 011"
1240,11620,28.17,"2GA","2楷林",51,340,0,"HQD066020","SQ65576 041"
1020,10800,21.54,"2GB","2楷林",49,354,0,"HQX068400","SQ50266 041"
1210,10130,23.96,"2GA","2楷林",35,520,0,"HQZ007320","SQ53703 561"
1020,10670,21.28,"3GC","2楷林",65,324,0,"HQA130960","SQ58268 021"
1100,8670,18.64,"2GA","2楷林",78,332,0,"HQX047440","SQ49889 551"
1430,11200,31.31,"3GC","2楷林",18,332,0,"HQB094370","SQ60572 041"
1410,11590,31.95,"2GA","2楷林",36,272,0,"HQX031400","SQ49631 541"
1290,8940,22.55,"2GC","2楷林",68,326,0,"HQX041990","SQ49793 511"
1200,11750,27.57,"2GA","2楷林",61,322,0,"HQJ155910","SQ81010 531"
1180,9660,22.28,"3GC","2楷林",53,434,0,"HQA052850","SQ56999 561"
1380,11840,31.94,"2GA","2楷林",47,275,0,"HQF075550","SQ71189 511"
1340,8320,21.45,"2GC","2楷林",22,258,7.8,"HQA047090","SQ56876 541"
1280,11620,29.08,"2GB","2楷林",22,504,0,"HQA096990","SQ57783 021"
1100,10380,22.32,"3GC","2楷林",64,322,0,"HQY079780","SQ52538 031"
960,11820,22.18,"2GA","2楷林",61,414,0,"HQG029330","SQ73300 511"
1260,9370,23.08,"2GA","2楷林",1,330,0,"HQJ017210","SQ78628 061"
1470,10600,30.46,"3GC","2楷林",33,327,0,"HQA114090","SQ57994 031"
1560,9990,30.47,"3GC","2楷林",59,327,0,"HQG020340","SQ73165 011"
1220,11730,27.98,"2GD","2楷林",36,470,0,"HQG099410","SQ74330 531"
1570,7350,22.56,"2GA","2楷林",13,325,0,"HQC141320","SQ64385 011"
1510,11760,34.72,"3GC","2楷林",16,270,0,"HQA145190","SQ58476 031"
1400,11250,30.05,"2GA","2楷林",34,291,10.2,"HQJ138870","SQ80719 521"
1400,7860,21.17,"2GA","2楷林",24,254,6.6,"HQZ123590","SQ55296 021"
1290,9170,23.13,"2GA","2楷林",87,332,0,"HQA092850","SQ57741 541"
1070,8310,17.38,"2GC","2楷林",47,530,0,"HQE053200","SQ68126 041"
1380,11390,30.73,"2GD","2楷林",14,289,0,"HQX135230","SQ51139 531"
1240,10800,26.18,"2GB","2楷林",47,340,0,"HQC094080","SQ63546 541"
1330,11410,29.67,"2GC","2楷林",63,425,0,"HQX166110","SQ51471 551"
1250,11830,28.91,"2GA","2楷林",29,274,0,"HQH144210","SQ78058 031"
1390,7510,20.41,"3GC","2楷林",53,336,0,"HQC138170","SQ64308 521"
1250,11400,27.86,"3GC","2楷林",34,456,0,"HQF051090","SQ70856 041"
1290,11510,29.03,"3GC","2楷林",33,323,0,"HQZ018820","SQ53852 031"
1510,11770,34.75,"2GB","2楷林",30,532,0,"HQY092230","SQ52678 021"
1350,11630,30.24,"2GA","2楷林",59,271,0,"HQF075670","SQ71195 011"
1470,10570,30.07,"2GA","2楷林",58,331,0,"HQE135510","SQ69659 011"
1560,11450,34.36,"2GA","2楷林",7,257,9,"HQB108230","SQ60848 541"
1140,8530,18.76,"2GC","2楷林",48,450,0,"HQZ123010","SQ55302 521"
1300,10650,27.07,"3GC","2楷林",14,340,0,"HQG066960","SQ73955 031"
1390,8830,23.91,"2GC","2楷林",42,327,0,"HQX056890","SQ50079 011"
1180,8450,19.49,"2GC","2楷林",54,452,0,"HQG060340","SQ73843 521"
1390,11210,30.02,"2GD","2楷林",28,455,0,"HQA105460","SQ57887 011"
1260,9390,23.13,"2GA","2楷林",33,369,0,"HQX082680","SQ50428 531"
1390,9140,24.84,"2GA","2楷林",22,302,0,"HQZ125410","SQ55357 021"
1290,8180,20.63,"2GA","2楷林",53,324,0,"HQX118390","SQ50905 561"
980,9680,18.55,"2GA","2楷林",67,330,0,"HQA071080","SQ57274 531"
1380,11800,31.84,"3GC","2楷林",13,324,0,"HQG165950","SQ75460 021"
910,10180,18.11,"3GC","2楷林",49,340,0,"HQX157180","SQ51366 021"
1190,5960,13.87,"3GB","2楷林",47,513,0,"HQB143550","SQ61489 541"
960,9460,17.75,"2GA","2楷林",47,339,0,"HQJ111660","SQ80235 521"
1290,9560,24.11,"2GA","2楷林",33,330,0,"HQX030420","SQ49560 541"
940,10190,18.33,"2GC","2楷林",67,332,0,"HQX062340","SQ50188 511"
1560,9850,29.75,"2GA","2楷林",7,319,0,"HQG117170","SQ74602 011"
1020,11860,23.65,"2GA","2楷林",85,340,0,"HQX107330","SQ50751 011"
1270,11520,28.6,"2GA","2楷林",71,319,0,"HQZ040050","SQ54039 511"
1170,11420,26.12,"2GC","2楷林",81,522,0,"HQY043520","SQ52100 041"
1260,5960,14.68,"3GB","2楷林",57,413,0,"HQZ084890","SQ54657 511"
1190,11610,26.36,"2GA","2楷林",40,257,8.8,"HQF090500","SQ71401 061"
1570,11270,34.59,"3GC","2楷林",8,312,0,"HQF160820","SQ72679 041"
1200,6430,15.08,"3GB","2楷林",76,433,0,"HQG076740","SQ74071 571"
1510,10340,30.52,"2GD","2楷林",8,268,0,"HQF125120","SQ72030 521"
1040,9440,19.19,"2GB","2楷林",39,342,0,"HQZ002100","SQ53653 041"
1110,10070,21.85,"2GA","2楷林",13,326,0,"HQE027730","SQ67699 021"
1450,11690,32.34,"2GA","2楷林",38,270,16,"HQB133800","SQ61274 521"
1210,9430,22.31,"2GB","2楷林",44,417,0,"HQG101550","SQ74364 541"
1300,8880,22.57,"2GA","2楷林",10,297,0,"HQB103710","SQ60714 521"
1100,9330,20.06,"2GA","2楷林",76,360,0,"HQA007260","SQ56269 551"
1320,11600,29.93,"2GB","2楷林",55,526,0,"HQG116190","SQ74585 521"
1220,9730,23.21,"3GB","2楷林",24,449,0,"HQF077020","SQ71211 551"
1140,11860,26.43,"2GA","2楷林",75,344,0,"HQG116390","SQ74575 051"
1260,7710,18.99,"3GC","2楷林",47,327,0,"HQE059230","SQ68243 521"
1200,8260,19.38,"2GB","2楷林",53,421,0,"HQZ114480","SQ55183 571"
1570,11380,34.37,"2GC","2楷林",10,273,6.8,"HQX142230","SQ51188 041"
1240,11170,27.08,"2GB","2楷林",25,520,0,"HQH030590","SQ76037 031"
1080,11420,24.11,"2GA","2楷林",66,331,0,"HQG005260","SQ72799 561"
1560,11450,34.36,"2GA","2楷林",12,254,9.7,"HQB108280","SQ60851 521"
1260,10730,26.43,"2GB","2楷林",4,340,0,"HQC101000","SQ63662 511"
1300,11850,30.12,"3GB","2楷林",31,323,0,"HQF118880","SQ71956 511"
950,9190,17.07,"2GB","2楷林",65,359,0,"HQF085520","SQ71366 531"
1280,9020,22.57,"3GC","2楷林",40,332,0,"HQC125320","SQ64074 041"
910,7850,13.97,"3GC","2楷林",5,344,0,"HQY131850","SQ53201 091"
1430,9510,26.59,"2GC","2楷林",18,449,0,"HQB143250","SQ61466 531"
1010,6250,12.34,"2GC","2楷林",97,424,0,"HQD066480","SQ65575 041"
1260,9440,22.88,"2GB","2楷林",34,333,10,"HQA151580","SQ58540 061"
1100,11090,23.85,"2GD","2楷林",83,269,0,"HQX128450","SQ51047 521"
1210,10360,24.51,"3GC","2楷林",36,519,0,"HQX133790","SQ51093 021"
1300,11700,29.74,"2GA","2楷林",53,330,0,"HQH119590","SQ77652 531"
1240,8240,19.98,"2GB","2楷林",31,528,0,"HQF028800","SQ70483 021"
1400,11840,31.63,"2GA","2楷林",32,291,10.6,"HQJ138850","SQ80719 511"
1320,11710,30.22,"2GA","2楷林",86,305,0,"HQH079640","SQ76937 531"
1180,8250,19.03,"2GC","2楷林",54,529,0,"HQF124050","SQ72040 551"
1000,11300,22.09,"2GA","2楷林",51,399,0,"HQE156280","SQ70021 531"
960,9880,18.54,"3GC","2楷林",58,398,0,"HQC020040","SQ62210 031"
1240,10200,24.73,"2GA","2楷林",40,331,0,"HQE097460","SQ68876 021"
930,8730,15.87,"2GA","2楷林",43,309,0,"HQJ142850","SQ80812 091"
1050,10730,22.03,"2GC","2楷林",53,326,0,"HQB101470","SQ60681 511"
1140,11730,26.14,"2GA","2楷林",63,326,0,"HQZ146220","SQ55687 541"
1470,10350,29.74,"2GA","2楷林",4,337,0,"HQX123110","SQ50967 021"
1400,11500,31.48,"2GA","2楷林",42,336,0,"HQE050710","SQ68097 541"
1340,8350,21.87,"2GB","2楷林",91,428,0,"HQY113830","SQ52969 051"
1440,11690,32.57,"2GB","2楷林",14,459,0,"HQC047990","SQ62724 011"
1050,10680,21.92,"2GA","2楷林",69,442,0,"HQJ075300","SQ79570 561"
1260,9460,23.3,"2GA","2楷林",35,368,0,"HQG023990","SQ73202 541"
1320,8780,22.66,"2GA","2楷林",13,309,0,"HQZ086240","SQ54672 071"
1100,8660,18.62,"3GC","2楷林",63,332,0,"HQY075050","SQ52490 541"
1350,11730,30.96,"2GB","2楷林",75,468,0,"HQE105410","SQ69098 521"
1480,10620,30.73,"2GB","2楷林",14,528,0,"HQH091840","SQ77156 051"
1280,9190,23,"2GA","2楷林",56,341,0,"HQB032040","SQ59459 041"
900,11700,20.59,"2GA","2楷林",59,394,0,"HQJ061820","SQ79307 031"
1380,9350,25.23,"2GA","2楷林",29,336,0,"HQB093450","SQ60526 541"
1180,11310,26.09,"2GB","2楷林",78,416,0,"HQZ097950","SQ54827 561"
1400,9510,26.03,"3GC","2楷林",64,289,0,"HQD055680","SQ65423 051"
1090,10930,22.92,"2GA","2楷林",73,333,10.9,"HQA081510","SQ57449 051"
1330,11490,29.88,"2GC","2楷林",57,345,0,"HQF137430","SQ72226 031"
1000,11350,22.19,"2GA","2楷林",29,418,0,"HQD101180","SQ66153 531"
1210,8510,20.13,"2GB","2楷林",74,418,0,"HQD031550","SQ64962 031"
940,9890,18.17,"2GA","2楷林",75,315,0,"HQJ120430","SQ80398 021"
1280,9190,23,"2GA","2楷林",66,341,0,"HQB032140","SQ59459 011"
900,9860,17.35,"2GB","2楷林",75,328,0,"HQZ019240","SQ53848 561"
1390,11450,30.78,"2GB","2楷林",7,327,0,"HQJ089210","SQ79780 521"
1260,9380,23.11,"2GA","2楷林",18,333,0,"HQH112110","SQ77521 561"
1270,8690,21.58,"3GC","2楷林",5,262,0,"HQH063380","SQ76641 551"
1260,11200,27.59,"3GC","2楷林",44,517,0,"HQC122860","SQ64045 511"
1430,9620,26.89,"2GB","2楷林",15,441,0,"HQD102290","SQ66196 521"
1400,11360,31.09,"2GA","2楷林",9,254,0,"HQH091160","SQ77133 051"
1400,11720,31.85,"2GA","2楷林",19,273,0,"HQD072910","SQ65675 011"
1250,11580,28.3,"2GB","2楷林",27,335,0,"HQH073260","SQ76824 541"
1420,7960,22.1,"2GC","2楷林",2,301,0,"HQY130860","SQ53135 551"
1110,10230,22.2,"2GA","2楷林",43,342,0,"HQE099140","SQ69028 541"
1360,8690,23.1,"2GA","2楷林",78,344,0,"HQC077880","SQ63280 051"
1220,10520,25.09,"2GA","2楷林",70,473,0,"HQE039980","SQ67923 561"
1150,11270,25.34,"2GB","2楷林",85,526,0,"HQY026440","SQ51866 541"
1440,11810,33.25,"2GA","2楷林",34,272,0,"HQJ131310","SQ80566 541"
1250,9980,24.39,"2GA","2楷林",75,450,0,"HQB093910","SQ60565 541"
1030,10000,20.14,"3GC","2楷林",40,325,0,"HQB063910","SQ60037 011"
1270,8780,21.8,"2GB","2楷林",18,437,0,"HQY077540","SQ52496 561"
1060,10290,21.32,"2GC","2楷林",53,419,0,"HQG152360","SQ75272 051"
1190,7990,18.59,"2GA","2楷林",35,480,0,"HQD015730","SQ64722 021"
1490,10510,30.1,"2GD","2楷林",22,331,0,"HQA014270","SQ56389 021"
1250,8170,19.97,"3GB","2楷林",20,448,0,"HQF030090","SQ70503 521"
1420,11740,32.59,"2GA","2楷林",40,253,0,"HQG008000","SQ72918 531"
1310,11770,30.14,"2GA","2楷林",43,336,0,"HQA051190","SQ56966 011"
1470,10600,30.46,"2GA","2楷林",36,328,0,"HQE135290","SQ69652 551"
1000,10300,20.14,"2GB","2楷林",110,333,0,"HQD122030","SQ66528 021"
980,9440,18.09,"2GA","2楷林",81,328,0,"HQE025230","SQ67655 051"
1190,7430,17.29,"2GB","2楷林",82,529,0,"HQC081830","SQ63333 051"
1040,9880,20.09,"2GA","2楷林",33,331,0,"HQH111850","SQ77494 521"
1040,8830,17.95,"3GB","2楷林",19,339,0,"HQD043870","SQ65205 071"
1290,9190,23.18,"2GA","2楷林",48,327,0,"HQD122580","SQ66516 041"
1510,10550,31.14,"3GC","2楷林",10,272,0,"HQA145130","SQ58474 531"
900,8640,15.2,"2GA","2楷林",112,334,0,"HQE127180","SQ69490 581"
1520,11740,34.89,"2GC","2楷林",3,271,0,"HQX021220","SQ49424 021"
1340,9210,23.86,"2GB","2楷林",35,508,0,"HQG147990","SQ75162 021"
1270,11550,28.68,"2GC","2楷林",48,532,0,"HQF123990","SQ72046 021"
1290,11600,28.8,"2GB","2楷林",21,510,0,"HQY058780","SQ52310 011"
1260,10230,25.2,"2GB","2楷林",49,330,0,"HQZ080440","SQ54584 531"
1430,10210,28.09,"2GC","2楷林",18,309,14.2,"HQC143050","SQ64378 021"
1260,9970,24.56,"2GD","2楷林",53,358,0,"HQD022280","SQ64853 051"
990,9750,18.87,"2GB","2楷林",62,323,0,"HQA130930","SQ58253 571"
1250,9480,23.17,"2GA","2楷林",58,325,0,"HQF152240","SQ72534 551"
1510,6930,20.13,"2GA","2楷林",12,275,3.7,"HQH028310","SQ75972 031"
1130,11400,25.18,"2GA","2楷林",68,274,0,"HQF083900","SQ71320 531"
950,11360,21.1,"2GA","2楷林",98,343,0,"HQZ169260","SQ56133 531"
1400,11210,30.68,"2GA","2楷林",89,309,0,"HQY149560","SQ53390 031"
1250,9090,22.21,"3GC","2楷林",64,327,0,"HQB052410","SQ59829 561"
1420,9950,27.62,"2GB","2楷林",13,521,0,"HQE066740","SQ68394 541"
1370,9000,23.84,"2GB","2楷林",41,505,0,"HQG148050","SQ75162 011"
1500,11860,34.78,"2GA","2楷林",13,270,0,"HQA029150","SQ56554 021"
1550,11550,35,"2GA","2楷林",21,316,0,"HQH121440","SQ77672 541"
1200,8940,20.97,"2GB","2楷林",31,425,0,"HQA003400","SQ56208 041"
1260,9170,22.23,"2GA","2楷林",55,315,10.2,"HQE073160","SQ68505 561"
1010,9170,18.11,"2GA","2楷林",35,343,0,"HQX089960","SQ50529 511"
920,7770,13.98,"2GA","2楷林",5,343,0,"HQZ139050","SQ55627 091"
1170,11030,25.23,"2GC","2楷林",10,527,0,"HQJ046450","SQ79050 021"
1290,7810,19.7,"2GB","2楷林",44,393,0,"HQY104890","SQ52849 031"
990,11310,21.89,"2GD","2楷林",70,544,0,"HQY031060","SQ51895 511"
960,8210,15.41,"2GB","2楷林",83,350,0,"HQE058530","SQ68213 541"
1220,9680,23.09,"2GA","2楷林",31,336,0,"HQG026840","SQ73256 561"
1350,8800,23.23,"2GA","2楷林",27,331,0,"HQC023670","SQ62252 521"
1420,7960,21.79,"2GA","2楷林",45,332,0,"HQZ163510","SQ56022 511"
1030,7850,15.81,"2GB","2楷林",54,464,0,"HQZ160510","SQ55975 551"
1250,8580,20.97,"2GB","2楷林",29,465,0,"HQB057340","SQ59910 531"
1190,9910,23.06,"3GC","2楷林",7,325,0,"HQA131100","SQ58256 551"
1150,10180,22.89,"2GA","2楷林",85,451,0,"HQE108870","SQ69194 081"
1010,10170,20.08,"2GA","2楷林",70,323,0,"HQE158860","SQ70049 531"
960,10220,18.87,"2GB","2楷林",84,332,4.7,"HQG090080","SQ74182 521"
900,10130,17.82,"2GA","2楷林",69,308,0,"HQD100120","SQ66199 021"
1200,10570,24.8,"2GB","2楷林",43,530,0,"HQA106310","SQ57897 541"
1260,9410,23.18,"2GB","2楷林",19,366,0,"HQA001760","SQ56173 021"
1420,11640,31.74,"2GB","2楷林",34,528,0,"HQY155020","SQ53522 521"
1290,8840,22.29,"2GC","2楷林",16,330,0,"HQA127860","SQ58199 051"
1270,11550,28.68,"2GC","2楷林",50,519,0,"HQF124010","SQ72044 051"
1030,9670,19.47,"3GC","2楷林",14,332,0,"HQB070000","SQ60138 541"
1220,11510,27.45,"2GB","2楷林",23,528,0,"HQY142590","SQ53310 051"
1130,6160,13.31,"2GA","2楷林",40,340,0,"HQC089420","SQ63513 011"
1280,9900,24.77,"2GA","2楷林",49,454,0,"HQX132230","SQ51085 561"
1090,6960,14.83,"2GA","2楷林",41,329,0,"HQC092840","SQ63537 551"
900,10430,18.35,"2GA","2楷林",55,300,0,"HQD099980","SQ66189 531"
1060,6770,14.03,"3GC","2楷林",50,357,0,"HQZ013250","SQ53767 031"
1060,10180,21.1,"2GA","2楷林",33,331,0,"HQG154350","SQ75280 551"
1290,9170,23.13,"2GA","2楷林",54,328,0,"HQH163710","SQ78292 521"
1300,9270,23.56,"2GB","2楷林",39,424,0,"HQY003140","SQ51558 511"
1110,11000,23.87,"2GA","2楷林",77,352,0,"HQD013530","SQ64705 011"
1240,8660,20.99,"2GB","2楷林",24,394,0,"HQH098880","SQ77278 561"
1330,9500,24.7,"2GA","2楷林",72,518,0,"HQJ009570","SQ78459 531"
1030,11840,23.84,"2GA","2楷林",79,322,0,"HQJ156090","SQ81018 531"
990,11510,22.28,"2GA","2楷林",57,331,0,"HQE053890","SQ68159 521"
1290,6200,15.64,"2GC","2楷林",38,451,0,"HQF012900","SQ70231 531"
1330,8560,22.26,"2GB","2楷林",27,429,0,"HQD014760","SQ64701 021"
1210,11760,27.82,"2GB","2楷林",51,512,0,"HQG148700","SQ75194 041"
1370,11380,30.48,"2GC","2楷林",20,332,0,"HQX158600","SQ51385 041"
1270,9940,24.68,"2GA","2楷林",51,453,0,"HQY122350","SQ53085 011"
1250,11530,28.18,"2GB","2楷林",51,533,0,"HQZ146810","SQ55723 511"
1150,9140,20.55,"2GA","2楷林",70,337,0,"HQH018520","SQ75838 561"
1560,10800,32.94,"2GC","2楷林",7,282,0,"HQJ049780","SQ79135 031"
1420,11770,32.67,"2GB","2楷林",42,528,0,"HQY092350","SQ52682 041"
1560,11470,34.98,"2GC","2楷林",8,341,0,"HQH045530","SQ76317 531"
1460,9810,27.71,"2GA","2楷林",32,278,0,"HQY133280","SQ53189 011"
900,9860,17.35,"2GA","2楷林",76,334,0,"HQZ010120","SQ53741 571"
1030,9270,18.67,"2GA","2楷林",52,320,0,"HQX004010","SQ49108 551"
1400,11800,32.3,"2GA","2楷林",13,521,0,"HQG058270","SQ73822 541"
1220,9760,23.28,"2GB","2楷林",19,426,0,"HQZ011400","SQ53745 021"
1330,8520,22.15,"2GB","2楷林",59,452,0,"HQY009470","SQ51654 541"
1020,10650,21.24,"2GC","2楷林",58,316,0,"HQA130890","SQ58263 561"
900,11130,19.58,"2GA","2楷林",64,398,0,"HQG082840","SQ74149 561"
1290,9220,23.25,"2GA","2楷林",20,328,0,"HQA007490","SQ56307 041"
1140,11770,26.23,"2GB","2楷林",38,508,0,"HQY058950","SQ52303 541"
1260,9410,23.18,"2GA","2楷林",21,327,0,"HQB073110","SQ60215 021"
1290,11790,29.73,"2GD","2楷林",69,331,0,"HQH016170","SQ75795 531"
1390,8610,23.4,"2GB","2楷林",9,333,0,"HQF082450","SQ71278 521"
900,9280,16.33,"2GC","2楷林",80,329,0,"HQB004570","SQ58953 011"
920,11830,21.28,"3GC","2楷林",53,399,0,"HQH153770","SQ78194 031"
960,9120,17.12,"2GA","2楷林",66,397,0,"HQA061800","SQ57150 551"
1260,10180,25.08,"2GA","2楷林",64,328,0,"HQY104110","SQ52833 031"
1390,9730,26.44,"2GA","2楷林",50,342,0,"HQC139080","SQ64334 541"
1220,7920,18.89,"2GB","2楷林",35,538,0,"HQC029860","SQ62411 041"
960,9940,18.66,"2GA","2楷林",95,318,0,"HQX087160","SQ50482 511"
900,11130,19.58,"2GA","2楷林",72,398,0,"HQG082920","SQ74149 031"
900,8820,15.52,"2GA","2楷林",67,416,0,"HQG029390","SQ73304 061"
1070,6630,13.87,"2GB","2楷林",65,532,0,"HQF083870","SQ71317 511"
1360,7480,19.89,"2GA","2楷林",48,345,0,"HQC077570","SQ63277 531"
1010,8040,15.88,"2GA","2楷林",65,306,0,"HQG055140","SQ73774 561"
1300,9130,23.2,"2GA","2楷林",17,326,0,"HQD129320","SQ66631 021"
1570,9290,28.51,"2GB","2楷林",9,420,0,"HQC058640","SQ62923 041"
1290,8160,20.58,"2GA","2楷林",38,349,0,"HQB122810","SQ61115 061"
960,10170,19.09,"2GC","2楷林",41,331,0,"HQA103140","SQ57866 071"
1090,11400,24.29,"2GC","2楷林",38,272,0,"HQF029670","SQ70500 031"
950,10160,18.87,"2GA","2楷林",82,303,0,"HQE075380","SQ68558 571"
1370,8460,22.66,"2GA","2楷林",37,341,0,"HQX023110","SQ49452 021"
1190,5690,13.24,"2GA","2楷林",39,447,0,"HQB054170","SQ59856 541"
1290,7990,19.83,"2GA","2楷林",55,319,7.7,"HQD124400","SQ66543 071"
1180,10480,24.18,"2GD","2楷林",57,335,0,"HQX139690","SQ51171 051"
1290,8520,21.49,"2GA","2楷林",40,343,0,"HQB126920","SQ61196 541"
1420,11790,32.73,"2GA","2楷林",43,259,0,"HQG008030","SQ72916 531"
1240,9090,22.04,"2GB","2楷林",77,499,0,"HQZ031740","SQ53934 551"
1290,8950,22.57,"2GA","2楷林",47,334,0,"HQA145500","SQ58478 031"
1360,8120,21.24,"2GC","2楷林",14,257,10.5,"HQB086870","SQ60418 541"
1260,8330,20.52,"3GC","2楷林",71,324,0,"HQZ112310","SQ55157 521"
1030,7850,15.81,"2GB","2楷林",50,466,0,"HQZ160470","SQ55975 571"
1300,11390,28.95,"2GC","2楷林",19,273,0,"HQE138080","SQ69676 531"
1430,9550,26.7,"2GB","2楷林",8,458,0,"HQF055430","SQ70906 021"
1450,9320,26.42,"2GD","2楷林",38,270,0,"HQF163010","SQ72724 011"
1340,7850,20.56,"2GB","2楷林",16,338,0,"HQC007060","SQ61681 531"
1010,10160,20.06,"2GA","2楷林",54,353,0,"HQE125050","SQ69463 011"
1420,11330,31.45,"2GD","2楷林",35,532,0,"HQZ147260","SQ55758 021"
1330,9650,25.09,"2GB","2楷林",49,505,0,"HQC013880","SQ62063 051"
1550,8290,25.12,"2GB","2楷林",43,544,0,"HQY147070","SQ53391 051"
1190,10700,24.89,"2GB","2楷林",23,522,0,"HQJ135640","SQ80659 561"
1430,10860,29.94,"2GA","2楷林",3,328,0,"HQE134960","SQ69659 521"
1260,8520,20.99,"2GC","2楷林",29,405,0,"HQG034890","SQ73383 061"
1050,7700,15.55,"2GA","2楷林",75,302,14.4,"HQB115240","SQ60952 081"
1280,11450,28.65,"2GA","2楷林",47,275,0,"HQD084780","SQ65918 021"
1490,11800,34.37,"2GA","2楷林",14,324,0,"HQE147310","SQ69854 541"
1300,6560,16.67,"3GB","2楷林",68,390,0,"HQY034890","SQ52012 521"
1190,9060,21.08,"2GB","2楷林",36,422,0,"HQJ069940","SQ79444 061"
1210,10690,24.87,"3GC","2楷林",73,519,0,"HQB015800","SQ59172 011"
1230,9390,22.58,"3GB","2楷林",39,546,0,"HQG092130","SQ74215 561"
1270,10010,24.85,"2GA","2楷林",42,299,0,"HQJ141270","SQ80764 511"
1230,7190,17.29,"3GC","2楷林",63,525,0,"HQY053220","SQ52195 021"
1420,11490,31.9,"3GC","2楷林",11,270,0,"HQZ005370","SQ53690 021"
1290,8780,21.97,"2GA","2楷林",32,448,0,"HQE020250","SQ67600 511"
1410,11760,31.9,"2GC","2楷林",13,269,8.6,"HQH062120","SQ76569 041"
1110,10300,22.35,"2GC","2楷林",55,277,0,"HQD153400","SQ67080 021"
1390,11440,31.09,"2GC","2楷林",58,320,0,"HQA136890","SQ58335 021"
1350,10510,27.33,"3GC","2楷林",14,256,0,"HQE004060","SQ67308 521"
1330,9470,24.62,"2GB","2楷林",19,328,0,"HQY053470","SQ52223 521"
1090,9910,21.12,"2GA","2楷林",21,337,0,"HQD144320","SQ66927 531"
1300,9990,25.39,"2GB","2楷林",20,453,0,"HQG118420","SQ74640 541"
970,11120,21.09,"2GC","2楷林",55,343,0,"HQJ109130","SQ80212 561"
1490,8550,24.91,"3GC","2楷林",5,261,0,"HQD105150","SQ66265 021"
1420,7400,20.54,"2GB","2楷林",18,462,0,"HQG061620","SQ73874 551"
1300,10380,26.38,"2GA","2楷林",32,344,0,"HQZ068400","SQ54423 021"
1110,11810,25.63,"3GC","2楷林",38,512,0,"HQD084170","SQ65911 561"
1250,8020,19.6,"2GC","2楷林",62,429,0,"HQY105870","SQ52864 031"
1390,11530,31.33,"2GA","2楷林",7,324,0,"HQC054280","SQ62870 521"
1150,8710,19.58,"2GB","2楷林",38,419,0,"HQX076140","SQ50339 521"
1290,8970,22.26,"2GA","2楷林",5,326,14.6,"HQB030110","SQ59380 551"
1260,11070,27.27,"2GA","2楷林",58,348,0,"HQE033400","SQ67804 061"
990,11440,22.14,"2GA","2楷林",87,331,0,"HQA031690","SQ56615 511"
1500,11670,33.65,"2GC","2楷林",9,530,0,"HQF070550","SQ71092 011"
1290,9180,23.15,"2GA","2楷林",76,325,0,"HQA092740","SQ57749 011"
1370,11480,30.75,"2GB","2楷林",55,512,0,"HQA117670","SQ58067 011"
1380,11550,31.16,"2GA","2楷林",38,266,0,"HQJ040700","SQ78949 031"
1300,10570,26.86,"2GA","2楷林",72,340,0,"HQZ068800","SQ54429 521"
1510,10520,30.75,"2GD","2楷林",25,272,0,"HQF162880","SQ72720 011"
1300,11850,30.12,"2GB","2楷林",6,326,0,"HQF092500","SQ71485 021"
1490,11860,34.55,"2GA","2楷林",22,292,0,"HQC013610","SQ62109 041"
1210,9130,21.6,"2GB","2楷林",40,425,0,"HQH022650","SQ75924 551"
1370,10230,27.4,"2GC","2楷林",8,273,0,"HQZ137820","SQ55549 531"
1140,9920,22.11,"2GA","2楷林",36,324,0,"HQG039190","SQ73447 531"
1150,11170,25.11,"2GC","2楷林",98,335,0,"HQX039570","SQ49710 031"
1340,11360,29.76,"2GB","2楷林",54,531,0,"HQZ033220","SQ53955 021"
1190,9550,22.22,"2GA","2楷林",51,325,0,"HQY116350","SQ52983 011"
1190,6580,15.31,"2GB","2楷林",43,421,0,"HQH105200","SQ77364 551"
1290,9190,23.18,"2GB","2楷林",23,333,0,"HQA133090","SQ58270 551"
1350,7750,20.15,"2GC","2楷林",2,282,0,"HQE063870","SQ68337 521"
1150,11190,25.16,"2GA","2楷林",76,323,0,"HQZ142220","SQ55658 031"
1490,11860,34.55,"2GA","2楷林",14,310,0,"HQJ025350","SQ78755 511"
1030,7610,15.32,"2GC","2楷林",66,349,0,"HQE126720","SQ69494 541"
1260,8850,21.8,"2GB","2楷林",17,436,0,"HQZ118850","SQ55263 551"
1310,11580,29.54,"2GA","2楷林",43,321,0,"HQX126040","SQ50991 511"
1220,11520,27.48,"2GC","2楷林",72,325,0,"HQZ116770","SQ55184 041"
960,11290,21.19,"2GC","2楷林",27,402,0,"HQB112710","SQ60930 041"
1300,11790,29.96,"2GC","2楷林",41,515,0,"HQG047540","SQ73627 521"
1290,9670,24.1,"2GA","2楷林",16,340,0,"HQJ051840","SQ79163 011"
1350,11620,30.67,"2GA","2楷林",10,326,0,"HQJ012010","SQ78514 021"
1210,9030,21.36,"3GC","2楷林",19,290,0,"HQH009930","SQ75719 521"
1360,11790,31.35,"2GA","2楷林",11,444,0,"HQZ012860","SQ53759 511"
1560,11470,34.98,"2GA","2楷林",8,335,0,"HQJ111930","SQ80249 031"
1570,7350,22.56,"3GC","2楷林",7,326,0,"HQY148730","SQ53379 011"
1270,8260,20.51,"3GC","2楷林",30,320,0,"HQZ153430","SQ55833 031"
1260,5660,13.94,"2GD","2楷林",55,342,0,"HQA016190","SQ56446 571"
1300,6140,15.6,"3GC","2楷林",45,551,0,"HQY012550","SQ51704 581"
1250,9000,21.99,"2GA","2楷林",59,454,0,"HQH093020","SQ77183 021"
1300,8390,21.32,"2GB","2楷林",51,416,0,"HQX116720","SQ50881 021"
1220,11360,26.76,"3GC","2楷林",78,468,0,"HQF016130","SQ70271 021"
1270,8150,20.24,"2GA","2楷林",26,349,0,"HQG112160","SQ74537 021"
1520,11130,33.07,"2GB","2楷林",27,337,0,"HQY111120","SQ52930 521"
1290,10360,26.13,"2GA","2楷林",8,333,0,"HQZ053750","SQ54206 111"
1250,9090,22.21,"2GA","2楷林",82,326,0,"HQE006900","SQ67349 031"
990,10560,20.13,"2GA","2楷林",78,327,0,"HQE088560","SQ68820 011"
1250,8280,20.23,"2GA","2楷林",58,347,0,"HQH084820","SQ77029 041"
1380,11800,31.84,"3GC","2楷林",21,325,0,"HQC071510","SQ63154 021"
1240,8260,20.02,"2GB","2楷林",45,395,0,"HQA055390","SQ57021 021"
1190,10810,25.15,"2GB","2楷林",27,529,0,"HQG024730","SQ73226 041"
1300,9040,22.89,"2GA","2楷林",42,340,0,"HQB089600","SQ60472 511"
1260,8920,21.97,"2GA","2楷林",46,344,0,"HQA154530","SQ58601 021"
1100,11100,23.87,"3GC","2楷林",67,355,0,"HQA143000","SQ58427 061"
1100,9010,19.38,"2GC","2楷林",78,447,0,"HQC027100","SQ62318 061"
1060,7610,15.77,"2GB","2楷林",66,475,0,"HQD020530","SQ64804 061"
1380,11850,31.97,"2GA","2楷林",50,302,0,"HQY144380","SQ53342 511"
1190,10880,24.89,"2GB","2楷林",24,522,0,"HQJ135650","SQ80661 011"
1420,8750,23.9,"2GA","2楷林",13,270,7.1,"HQY097580","SQ52752 041"
1000,11870,23.21,"2GA","2楷林",75,414,0,"HQD097040","SQ66149 531"
1510,11690,34.51,"2GA","2楷林",33,273,0,"HQH087870","SQ77083 541"
1200,8220,19.28,"2GA","2楷林",23,302,0,"HQG090380","SQ74200 041"
1340,11870,31.1,"2GA","2楷林",30,314,0,"HQB073200","SQ60210 021"
1290,8720,21.99,"2GB","2楷林",54,432,0,"HQZ151280","SQ55830 551"
1390,5780,15.71,"2GC","2楷林",20,316,0,"HQX147580","SQ51272 031"
1270,8060,20.01,"2GB","2楷林",3,426,0,"HQA003120","SQ56199 071"
1510,8970,25.84,"2GA","2楷林",5,257,6,"HQY105300","SQ52848 051"
1560,10010,30.53,"2GA","2楷林",19,327,0,"HQG115830","SQ74598 521"
1260,11230,27.66,"2GC","2楷林",9,327,0,"HQF024380","SQ70423 011"
1390,11150,30.3,"2GA","2楷林",34,342,0,"HQC104800","SQ63703 521"
1100,7370,15.85,"2GD","2楷林",79,461,0,"HQA018870","SQ56476 051"
1040,5830,11.85,"2GB","2楷林",72,451,0,"HQB099770","SQ60671 051"
1440,10010,28.18,"2GA","2楷林",59,337,0,"HQD073830","SQ65699 511"
1340,10990,28.79,"2GA","2楷林",76,334,0,"HQA090070","SQ57687 531"
1160,11350,25.74,"2GB","2楷林",40,335,0,"HQF143970","SQ72406 541"
1390,8930,24.27,"2GB","2楷林",53,521,0,"HQY162140","SQ53613 011"
1410,11620,32.03,"3GC","2楷林",19,270,0,"HQZ037890","SQ54010 031"
1260,9750,24.02,"2GC","2楷林",87,329,0,"HQX122220","SQ50939 031"
1570,10260,31.49,"2GD","2楷林",51,327,0,"HQX136750","SQ51158 021"
1230,9440,22.7,"2GB","2楷林",31,530,0,"HQA106190","SQ57892 521"
1380,11040,29.78,"2GC","2楷林",23,475,0,"HQE078060","SQ68610 521"
1470,10090,29,"2GA","2楷林",21,341,0,"HQC131040","SQ64187 551"
1490,9270,27,"2GA","2楷林",8,312,0,"HQJ155380","SQ81032 531"
1160,8620,19.55,"2GB","2楷林",98,436,0,"HQX120470","SQ50911 531"
1030,11160,22.47,"2GA","2楷林",76,356,0,"HQF010770","SQ70216 511"
1200,11580,27.17,"2GC","2楷林",11,270,0,"HQA139860","SQ58381 041"
1030,11770,23.7,"2GA","2楷林",57,358,138.7,"HQF115230","SQ71217 531"
1370,8490,22.38,"2GC","2楷林",58,339,6.8,"HQX052880","SQ50013 541"
1570,9930,30.48,"2GD","2楷林",8,265,0,"HQF162710","SQ72710 051"
1260,5960,14.68,"3GB","2楷林",40,338,0,"HQZ004780","SQ53688 531"
1570,11400,34.99,"2GD","2楷林",8,285,0,"HQH006520","SQ75666 041"
1130,5940,13.12,"2GA","2楷林",42,341,0,"HQZ008780","SQ53722 561"
1270,11680,29,"2GC","2楷林",40,338,0,"HQC106500","SQ63763 041"
1290,10180,25.26,"2GA","2楷林",38,273,9.7,"HQY099690","SQ52764 541"
1560,11470,34.98,"2GA","2楷林",7,274,0,"HQB019380","SQ59192 031"
1290,9820,24.77,"2GB","2楷林",29,449,0,"HQB001940","SQ58891 041"
1450,8460,23.98,"2GC","2楷林",20,502,0,"HQD076950","SQ65762 051"
1270,10310,25.6,"2GC","2楷林",76,475,0,"HQD148110","SQ67002 021"
1570,7660,23.51,"2GA","2楷林",6,328,0,"HQD126350","SQ66596 521"
1320,9120,23.09,"2GB","2楷林",37,427,0,"HQG134910","SQ74968 531"
1270,11080,27.51,"2GA","2楷林",66,318,0,"HQZ040000","SQ54041 011"
1260,7960,19.61,"3GC","2楷林",30,335,0,"HQJ070880","SQ79484 571"
1110,11000,23.87,"2GA","2楷林",36,356,0,"HQX049910","SQ49910 541"
1370,11610,31.1,"2GC","2楷林",8,323,0,"HQZ116130","SQ55180 521"
950,10810,20.08,"2GB","2楷林",102,357,0,"HQG064290","SQ73918 021"
1420,11250,30.79,"2GA","2楷林",14,342,0,"HQG112040","SQ74530 511"
1020,11870,23.67,"2GB","2楷林",61,335,0,"HQA142020","SQ58420 021"
1270,9420,23.39,"2GC","2楷林",13,387,0,"HQG108850","SQ74466 051"
1260,10430,25.69,"2GB","2楷林",32,342,0,"HQZ009680","SQ53723 041"
1380,9710,26.2,"2GC","2楷林",93,335,0,"HQB018390","SQ59201 031"
1290,7990,19.83,"2GA","2楷林",34,321,8,"HQD124190","SQ66540 031"
1290,10620,26.37,"3GC","2楷林",20,333,0,"HQY137040","SQ53264 011"
1290,8950,22.57,"2GA","2楷林",35,326,0,"HQY022980","SQ51801 011"
1240,10180,24.68,"2GB","2楷林",37,526,0,"HQF028860","SQ70483 041"
1260,11480,28.28,"2GC","2楷林",29,525,0,"HQD084080","SQ65905 551"
1090,8110,17.28,"2GC","2楷林",54,530,0,"HQC092340","SQ63516 511"
1030,7950,16.01,"2GB","2楷林",54,454,0,"HQG082090","SQ74109 531"
1200,11800,27.68,"2GC","2楷林",63,337,0,"HQZ097800","SQ54876 041"
1410,11870,32.72,"2GC","2楷林",19,252,0,"HQB059520","SQ59954 031"
1290,9470,23.88,"2GC","2楷林",53,432,0,"HQC108990","SQ63808 521"
1110,10190,22.11,"2GB","2楷林",25,503,0,"HQA094680","SQ57759 031"
1380,11840,31.94,"2GC","2楷林",34,273,0,"HQJ016020","SQ78601 011"
1260,8100,19.95,"2GB","2楷林",36,365,0,"HQB148570","SQ61519 031"
1570,8450,25.2,"2GC","2楷林",8,269,9.9,"HQA039220","SQ56715 511"
1310,10880,27.86,"2GB","2楷林",52,443,0,"HQX043590","SQ49810 041"
1230,11560,27.8,"2GA","2楷林",59,337,0,"HQD035690","SQ65058 041"
1300,9020,22.92,"3GC","2楷林",49,338,0,"HQX157750","SQ51391 561"
1290,10860,27.39,"2GA","2楷林",56,336,0,"HQY126730","SQ53129 051"
1080,5810,12.27,"3GB","2楷林",70,431,0,"HQZ010840","SQ53750 061"
1400,7860,21.51,"2GA","2楷林",74,357,0,"HQX052160","SQ49986 521"
1380,11860,32,"3GC","2楷林",2,265,0,"HQG036440","SQ73411 031"
1570,9940,30.51,"2GA","2楷林",41,331,0,"HQF064490","SQ70984 021"
1290,8520,21.49,"2GA","2楷林",85,327,0,"HQE113790","SQ69292 051"
1280,8040,20.12,"2GC","2楷林",57,326,0,"HQZ107110","SQ55079 041"
1560,10030,30.59,"2GA","2楷林",5,271,0,"HQD073290","SQ65721 051"
1200,9110,21.03,"2GA","2楷林",32,276,11.4,"HQY030680","SQ51910 531"
1560,11450,34.36,"2GA","2楷林",10,255,10.2,"HQB109920","SQ60851 031"
1270,11270,27.98,"2GA","2楷林",25,274,0,"HQH159540","SQ78261 051"
1190,10230,23.8,"2GA","2楷林",28,459,0,"HQE008960","SQ67387 041"
1000,11290,22.07,"3GB","2楷林",75,339,0,"HQC066250","SQ63066 531"
1070,9230,19.31,"2GB","2楷林",50,422,0,"HQJ074070","SQ79529 021"
1290,10700,26.98,"2GA","2楷林",46,336,0,"HQX155340","SQ51352 551"
1200,9970,23.39,"2GA","2楷林",18,330,0,"HQH111700","SQ77481 531"
1190,6700,15.59,"2GC","2楷林",43,441,0,"HQY006410","SQ51589 521"
1450,9780,27.28,"2GA","2楷林",17,270,11.8,"HQB009660","SQ59011 541"
1020,11520,22.97,"2GC","2楷林",60,473,0,"HQJ086750","SQ79767 041"
1570,11330,34.78,"2GA","2楷林",19,338,0,"HQG016130","SQ73020 041"
950,10840,20.13,"2GC","2楷林",101,361,0,"HQG106690","SQ74439 551"
1270,8660,21.5,"3GC","2楷林",68,516,0,"HQF149190","SQ72487 031"
1150,9660,21.37,"2GA","2楷林",59,337,6.9,"HQX127440","SQ51017 541"
1460,11770,33.6,"2GA","2楷林",11,276,0,"HQF129490","SQ72126 531"
1430,11120,30.65,"2GA","2楷林",26,326,0,"HQG027570","SQ73277 011"
1130,10050,22.2,"2GA","2楷林",22,334,0,"HQE100560","SQ69025 041"
1400,8750,23.52,"2GA","2楷林",16,269,0,"HQA029180","SQ56563 011"
1390,8050,21.88,"2GB","2楷林",57,336,0,"HQB088040","SQ60416 031"
1240,11840,28.24,"2GA","2楷林",69,259,3.6,"HQY040790","SQ52047 521"
1420,9220,25.6,"2GA","2楷林",10,270,0,"HQY037790","SQ52044 011"
1160,11870,26.92,"2GC","2楷林",40,350,0,"HQH052440","SQ76436 511"
1340,7350,19.25,"3GC","2楷林",21,527,0,"HQA037600","SQ56691 521"
910,7850,13.97,"3GC","2楷林",10,347,0,"HQY131900","SQ53199 061"
990,11650,22.55,"2GA","2楷林",77,298,0,"HQG110920","SQ74508 511"
1180,9310,21.48,"2GD","2楷林",12,299,0,"HQB061630","SQ59993 521"
1010,10190,20.12,"2GA","2楷林",54,310,0,"HQJ141390","SQ80790 511"
1240,8630,20.17,"2GC","2楷林",15,312,11.9,"HQA141560","SQ58365 511"
1300,9080,23.08,"3GB","2楷林",10,425,0,"HQB051870","SQ59838 541"
1190,10770,25.06,"2GC","2楷林",46,321,0,"HQA159970","SQ58687 051"
1290,9570,24.14,"2GB","2楷林",15,336,0,"HQF135870","SQ72219 041"
1310,11470,29.38,"2GC","2楷林",21,263,0,"HQC001280","SQ61600 051"
1260,8560,21.09,"3GC","2楷林",1,335,0,"HQF135730","SQ72227 061"
1110,9710,21.07,"3GC","2楷林",92,496,0,"HQA157230","SQ58642 061"
1250,8570,20.78,"2GA","2楷林",54,348,0,"HQZ109510","SQ55116 021"
1270,11340,28.16,"2GA","2楷林",55,296,0,"HQG089790","SQ74198 051"
1010,9290,17.89,"2GB","2楷林",30,337,0,"HQF037450","SQ70618 011"
1290,9580,24.16,"2GB","2楷林",35,340,0,"HQF135120","SQ72213 541"
1290,9940,25.07,"3GC","2楷林",25,331,0,"HQB056520","SQ59872 051"
1370,8620,23.09,"3GG","2楷林",12,324,0,"HQC065610","SQ63073 521"
1180,11600,26.31,"2GA","2楷林",17,322,0,"HQG163580","SQ75434 011"
1200,8200,19.24,"3GC","2楷林",40,324,0,"HQF132320","SQ72197 541"
1300,10260,26.08,"3GC","2楷林",5,323,0,"HQB142420","SQ61447 041"
1030,9670,19.47,"2GB","2楷林",58,331,0,"HQB068330","SQ60113 071"
1030,11870,23.9,"2GA","2楷林",47,326,0,"HQH148330","SQ78139 511"
1390,8530,23.18,"2GA","2楷林",26,327,0,"HQC022760","SQ62244 541"
1340,8990,23.55,"2GB","2楷林",77,422,0,"HQX048410","SQ49918 011"
1230,10190,24.5,"2GA","2楷林",24,512,0,"HQH154140","SQ78179 541"
1160,11510,26.1,"2GA","2楷林",67,297,0,"HQG092410","SQ74204 061"
1450,9740,27.61,"3GC","2楷林",3,300,0,"HQA018110","SQ56448 021"
1260,8120,20,"2GB","2楷林",63,430,0,"HQD096920","SQ66111 561"
1080,11830,24.98,"2GD","2楷林",65,261,0,"HQJ054780","SQ79191 031"
1490,7240,21.09,"2GB","2楷林",21,527,0,"HQA045760","SQ56858 531"
1140,9930,22.13,"2GA","2楷林",50,329,0,"HQH011050","SQ75737 021"
1260,11430,28.16,"2GC","2楷林",45,336,0,"HQY041350","SQ52068 521"
1490,8510,24.37,"2GB","2楷林",13,480,0,"HQH136990","SQ77945 011"
1020,10640,21.22,"2GA","2楷林",53,332,0,"HQJ019950","SQ78654 021"
1250,7530,18.4,"3GC","2楷林",37,328,0,"HQB137080","SQ61349 521"
1060,10560,21.88,"2GA","2楷林",71,358,0,"HQB062230","SQ60018 541"
1240,9530,23.1,"2GA","2楷林",70,333,0,"HQE081820","SQ68718 521"
1140,11800,26.3,"2GB","2楷林",20,322,0,"HQG163610","SQ75434 531"
1020,9880,19.7,"2GC","2楷林",77,453,0,"HQY063220","SQ52343 561"
1440,10580,29.78,"2GA","2楷林",11,325,0,"HQF084980","SQ71350 031"
1400,7330,20.06,"2GA","2楷林",11,262,0,"HQZ041100","SQ54058 031"
1190,9590,22.31,"2GB","2楷林",30,391,0,"HQG067120","SQ73936 051"
1150,9950,22.37,"2GB","2楷林",69,416,0,"HQH105460","SQ77370 031"
1230,11720,28.18,"2GA","2楷林",35,274,0,"HQY153300","SQ53514 021"
1300,11650,29.61,"3GC","2楷林",9,327,0,"HQB140560","SQ61437 041"
1510,9740,27.78,"2GC","2楷林",13,290,10.1,"HQE098000","SQ68951 511"
1300,8880,22.57,"2GC","2楷林",42,331,0,"HQA013660","SQ56408 541"
1190,8080,18.8,"2GB","2楷林",38,395,0,"HQH100260","SQ77287 541"
1080,10490,22.15,"2GC","2楷林",92,332,0,"HQA133780","SQ58300 511"
1270,9700,24.08,"3GC","2楷林",15,460,0,"HQE053470","SQ68174 541"
1300,8650,21.98,"2GA","2楷林",66,342,0,"HQE119000","SQ69353 561"
1220,6420,15.12,"2GA","2楷林",17,344,0,"HQG064500","SQ73926 011"
1240,7760,18.81,"2GD","2楷林",10,386,0,"HQG082300","SQ74119 061"
1380,11150,30.08,"2GA","2楷林",10,330,0,"HQG038930","SQ73440 531"
1000,9780,19.12,"2GA","2楷林",47,328,0,"HQD145380","SQ66935 051"
1170,11650,25.89,"2GA","2楷林",45,304,15.5,"HQF047310","SQ70728 021"
1190,8300,19.31,"2GB","2楷林",35,352,0,"HQX036010","SQ49709 561"
1330,7530,19.58,"2GC","2楷林",76,432,0,"HQD049400","SQ65266 541"
1250,10100,24.68,"2GA","2楷林",26,440,0,"HQF021740","SQ70379 041"
1570,10260,31.49,"2GC","2楷林",17,325,0,"HQD123270","SQ66529 541"
1070,8250,17.26,"3GC","2楷林",85,418,0,"HQY129840","SQ53153 521"
1100,11870,25.53,"2GA","2楷林",37,357,0,"HQZ127560","SQ55378 031"
1240,11620,28.17,"2GA","2楷林",53,340,0,"HQD066040","SQ65576 031"
1260,10180,25.08,"2GC","2楷林",44,327,0,"HQE058140","SQ68227 041"
1260,8960,22.07,"2GC","2楷林",80,464,0,"HQA058730","SQ57111 031"
900,9070,15.96,"3GC","2楷林",69,299,0,"HQE028290","SQ67724 041"
1260,9170,22.59,"2GA","2楷林",16,329,0,"HQE065900","SQ68384 021"
1360,11840,31.48,"3GC","2楷林",45,426,0,"HQH011000","SQ75741 031"
1220,9470,22.59,"2GD","2楷林",48,335,0,"HQJ057370","SQ79242 531"
1290,9390,23.68,"2GB","2楷林",31,506,0,"HQB067040","SQ60061 031"
1270,9460,23.3,"2GC","2楷林",17,480,0,"HQE078000","SQ68615 511"
1260,9390,23.13,"2GA","2楷林",11,369,0,"HQX082460","SQ50428 551"
1300,7960,20.23,"2GA","2楷林",10,349,0,"HQH084340","SQ77019 061"
1260,7840,19.31,"2GA","2楷林",33,337,0,"HQH096920","SQ77255 531"
1400,10080,27.59,"2GA","2楷林",9,272,0,"HQX094080","SQ50590 541"
1040,11810,24.01,"2GA","2楷林",74,294,0,"HQY125960","SQ53103 531"
1400,7800,21.35,"2GD","2楷林",24,336,0,"HQB144570","SQ61513 051"
1320,10920,27.73,"2GA","2楷林",13,276,12.9,"HQB037180","SQ59540 521"
1320,10720,27.22,"2GD","2楷林",20,258,14.7,"HQA012490","SQ56340 541"
1290,9190,23.18,"2GA","2楷林",38,326,0,"HQG077180","SQ74074 551"
1310,11650,29.61,"2GC","2楷林",75,271,0,"HQB089110","SQ60468 511"
900,11080,19.5,"3GC","2楷林",61,321,0,"HQE133690","SQ69619 551"
1330,10230,26.6,"2GA","2楷林",8,341,0,"HQF037930","SQ70624 021"
1380,11860,32,"2GC","2楷林",27,331,0,"HQE030120","SQ67772 521"
1090,11870,25.29,"3GC","2楷林",18,274,0,"HQF029470","SQ70500 561"
1220,11320,27,"2GA","2楷林",69,325,0,"HQF070050","SQ71105 511"
1260,8130,20.03,"2GB","2楷林",52,353,0,"HQY087360","SQ52626 561"
960,9140,17.15,"2GC","2楷林",82,331,0,"HQB108980","SQ60868 551"
1180,9610,22.17,"2GB","2楷林",23,528,0,"HQX102450","SQ50687 021"
1190,10770,25.06,"2GC","2楷林",27,325,0,"HQA158340","SQ58691 531"
1380,11860,32,"3GC","2楷林",33,329,0,"HQE030180","SQ67774 511"
1280,10810,27.05,"2GA","2楷林",38,324,0,"HQJ053190","SQ79184 031"
1360,8600,22.87,"2GD","2楷林",41,261,0,"HQY087250","SQ52639 531"
1290,9790,24.69,"3GC","2楷林",26,448,0,"HQX145920","SQ51255 541"
1400,9370,25.65,"2GC","2楷林",22,295,0,"HQB020010","SQ59238 021"
1550,11210,33.97,"2GA","2楷林",11,318,0,"HQG049680","SQ73686 531"
1150,5940,13.35,"2GB","2楷林",58,425,0,"HQA034810","SQ56629 031"
1290,9560,24.11,"2GA","2楷林",38,330,0,"HQX030470","SQ49560 061"
910,7850,13.97,"2GC","2楷林",13,343,0,"HQX157980","SQ51368 591"
1230,10510,25.27,"2GB","2楷林",17,525,0,"HQG024630","SQ73219 061"
1000,9510,18.59,"2GA","2楷林",41,408,0,"HQC086950","SQ63432 041"
1340,9000,23.58,"2GA","2楷林",21,340,0,"HQY122820","SQ53067 021"
1240,8760,21.24,"2GA","2楷林",22,320,0,"HQF141370","SQ72366 561"
1100,10180,21.89,"2GA","2楷林",58,351,0,"HQZ127770","SQ55392 561"
1570,9810,30.11,"2GC","2楷林",35,327,0,"HQC045220","SQ62663 011"
1290,9060,22.85,"3GC","2楷林",32,337,0,"HQY137160","SQ53262 061"
1260,9170,22.59,"2GA","2楷林",37,327,0,"HQE066110","SQ68384 031"
1390,11600,31.18,"2GA","2楷林",67,297,0,"HQZ125860","SQ55360 511"
1210,10180,24.08,"2GB","2楷林",61,515,0,"HQB149740","SQ61549 011"
1130,11640,25.71,"2GA","2楷林",71,502,0,"HQD079050","SQ65817 531"
1080,10770,22.74,"2GA","2楷林",43,353,0,"HQJ083770","SQ79707 521"
1400,10810,29.59,"2GC","2楷林",11,460,0,"HQJ063160","SQ79346 541"
1340,11490,30.1,"2GC","2楷林",64,521,0,"HQC037310","SQ62527 541"
1420,11840,32.87,"2GA","2楷林",2,265,0,"HQX061090","SQ50156 521"
1560,10660,32.51,"2GA","2楷林",9,339,0,"HQZ045640","SQ54126 541"
1520,8510,25.29,"2GA","2楷林",32,338,0,"HQH069740","SQ76739 511"
1160,11250,25.07,"3GC","2楷林",48,344,0,"HQH052520","SQ76439 511"
1030,11810,23.78,"2GC","2楷林",80,519,0,"HQF124310","SQ72051 531"
1290,9950,25.09,"2GC","2楷林",59,331,0,"HQY154360","SQ53508 041"
970,10800,20.48,"2GA","2楷林",47,322,0,"HQJ081300","SQ79650 541"
1180,11180,25.24,"2GA","2楷林",24,255,0,"HQH093400","SQ77202 511"
1290,9710,24.49,"2GA","2楷林",36,332,0,"HQD161050","SQ67199 541"
1040,9450,19.21,"2GA","2楷林",73,328,0,"HQZ077740","SQ54531 011"
1360,11590,30.25,"2GA","2楷林",41,325,0,"HQB130250","SQ61226 011"
1220,10060,23.99,"2GA","2楷林",41,329,0,"HQG026910","SQ73252 541"
1570,7350,22.56,"2GA","2楷林",13,328,0,"HQC142220","SQ64379 531"
1290,10480,26.43,"2GB","2楷林",38,333,0,"HQC007280","SQ61687 051"
1000,9970,19.49,"3GC","2楷林",58,345,0,"HQX111400","SQ50817 551"
990,11440,22.14,"2GB","2楷林",81,333,0,"HQA142220","SQ58423 561"
1250,9890,24.17,"2GB","2楷林",44,484,0,"HQE146260","SQ69832 061"
1300,9830,24.98,"2GB","2楷林",75,425,0,"HQX116960","SQ50883 011"
1140,9830,21.91,"2GA","2楷林",47,448,0,"HQG000900","SQ72773 051"
1300,9120,23.18,"2GA","2楷林",60,328,0,"HQD128490","SQ66623 041"
1330,10300,26.78,"2GC","2楷林",53,333,0,"HQB075350","SQ60234 051"
1250,6100,14.91,"2GB","2楷林",23,427,0,"HQA108960","SQ57930 041"
1260,7720,19.02,"2GC","2楷林",47,323,0,"HQZ112070","SQ55159 531"
1400,7880,21.57,"3GC","2楷林",22,251,0,"HQX159340","SQ51409 541"
1310,11440,29.3,"2GB","2楷林",26,529,0,"HQE004180","SQ67302 031"
1290,8960,22.6,"2GA","2楷林",30,330,0,"HQX030390","SQ49560 021"
1490,11680,34.02,"2GA","2楷林",5,277,0,"HQG047180","SQ73621 021"
1290,11100,27.99,"2GA","2楷林",7,327,0,"HQZ143680","SQ55678 541"
1260,9200,22.66,"3GC","2楷林",60,336,0,"HQY067250","SQ52419 511"
910,10770,19.16,"2GA","2楷林",82,352,0,"HQG123060","SQ74752 541"
1040,10520,21.05,"2GC","2楷林",60,273,5.9,"HQX146260","SQ51218 561"
1090,11210,23.89,"2GC","2楷林",34,323,0,"HQX135980","SQ51159 041"
1250,11370,27.79,"2GC","2楷林",75,322,0,"HQY137610","SQ53267 521"
1070,8270,17.3,"2GC","2楷林",66,528,0,"HQY128670","SQ53157 041"
1270,9330,23.16,"2GA","2楷林",77,327,0,"HQD128660","SQ66642 541"
1390,11480,30.86,"2GA","2楷林",13,296,0,"HQJ140450","SQ80750 011"
1220,10940,26.09,"2GB","2楷林",59,374,0,"HQC137190","SQ64279 061"
1300,11810,30.02,"2GD","2楷林",49,496,0,"HQA163440","SQ58745 051"
1380,11020,29.73,"2GA","2楷林",29,336,0,"HQH116710","SQ77600 541"
1360,9920,26.38,"2GA","2楷林",73,340,0,"HQY034110","SQ51972 511"
1250,11260,27.52,"2GA","2楷林",83,279,0,"HQX053130","SQ50000 551"
1120,11800,25.84,"2GA","2楷林",42,265,0,"HQD048290","SQ65282 531"
1250,11360,27.76,"2GB","2楷林",64,524,0,"HQY026230","SQ51861 051"
1220,11680,27.86,"2GB","2楷林",39,529,0,"HQA144400","SQ58462 541"
1240,8470,20.53,"3GC","2楷林",58,319,0,"HQX043650","SQ49799 041"
1070,9140,19.12,"2GA","2楷林",81,331,0,"HQX159930","SQ51430 531"
1060,8080,16.74,"2GC","2楷林",107,361,0,"HQJ040330","SQ78958 571"
1520,9480,27.72,"2GA","2楷林",14,271,5,"HQG001720","SQ72745 551"
1020,6350,12.66,"2GA","2楷林",102,333,0,"HQE105680","SQ69145 521"
1290,8630,21.76,"2GB","2楷林",43,426,0,"HQH076250","SQ76874 021"
1390,11440,30.64,"2GC","2楷林",33,525,0,"HQB081470","SQ60327 011"
1450,11810,33.48,"3GC","2楷林",5,411,0,"HQG052750","SQ73718 021"
1100,10330,22.21,"2GA","2楷林",43,327,0,"HQF158780","SQ72643 531"
1250,10100,24.68,"2GA","2楷林",25,441,0,"HQF021730","SQ70379 551"
1300,5520,14.03,"2GA","2楷林",22,337,0,"HQX087970","SQ50508 041"
980,11770,22.55,"2GC","2楷林",99,301,0,"HQJ040250","SQ78976 051"
1310,11800,30.22,"3GC","2楷林",11,332,0,"HQG101830","SQ74345 021"
1240,9740,23.61,"2GA","2楷林",76,336,0,"HQH121190","SQ77658 041"
1290,9160,23.1,"2GA","2楷林",66,325,0,"HQA133520","SQ58278 041"
1570,7350,22.56,"2GA","2楷林",9,331,0,"HQC141280","SQ64382 061"
1570,9810,30.11,"2GC","2楷林",31,327,0,"HQC045180","SQ62663 031"
1230,9740,23.42,"2GA","2楷林",28,339,0,"HQZ008640","SQ53720 051"
970,11550,21.9,"2GB","2楷林",75,355,0,"HQG072330","SQ74014 551"
900,9260,16.29,"2GC","2楷林",94,325,0,"HQB004710","SQ58956 581"
950,9220,17.12,"2GA","2楷林",75,348,0,"HQH001300","SQ75581 011"
1110,11860,25.74,"2GA","2楷林",39,303,0,"HQE152870","SQ69978 051"
1260,9590,23.62,"3GC","2楷林",7,304,0,"HQY082630","SQ52579 021"
980,10730,20.56,"2GA","2楷林",60,310,0,"HQE153080","SQ69980 071"
1560,9860,30.07,"2GB","2楷林",4,416,0,"HQZ031010","SQ53901 521"
1010,11460,22.63,"2GB","2楷林",62,350,0,"HQG063060","SQ73903 531"
1030,9710,19.17,"2GA","2楷林",27,330,0,"HQX161360","SQ51419 021"
1000,11130,21.76,"2GA","2楷林",69,336,0,"HQC067860","SQ63108 031"
1410,11750,32.04,"2GA","2楷林",15,274,0,"HQF155070","SQ72590 511"
1270,9720,24.13,"3GC","2楷林",44,549,0,"HQX061510","SQ50159 531"
1260,9290,22.88,"2GA","2楷林",34,335,0,"HQG031050","SQ73319 521"
1130,9290,20.07,"3GC","2楷林",102,487,0,"HQF155950","SQ72581 011"
1520,10240,30.43,"2GB","2楷林",32,327,0,"HQD062230","SQ65525 031"
1280,9440,23.62,"2GA","2楷林",30,328,0,"HQY113220","SQ52979 041"
1170,11190,25.6,"2GA","2楷林",67,350,0,"HQC109190","SQ63802 551"
1230,11570,27.82,"2GB","2楷林",24,519,0,"HQH123480","SQ77721 541"
1570,7590,22.92,"2GD","2楷林",13,288,13.9,"HQC143000","SQ64370 031"
1300,10740,27.3,"2GA","2楷林",32,337,0,"HQX088070","SQ50507 031"
1290,10380,26.18,"2GA","2楷林",63,342,0,"HQX155510","SQ51354 061"
1000,9280,18.14,"2GA","2楷林",75,343,0,"HQC067920","SQ63108 061"
1180,8330,19.22,"3GC","2楷林",65,340,0,"HQA118830","SQ58074 531"
1140,11060,24.65,"2GC","2楷林",48,366,0,"HQH033630","SQ76101 061"
1110,7700,16.63,"2GB","2楷林",61,341,0,"HQG031320","SQ73327 011"
1270,11230,27.88,"2GB","2楷林",58,458,0,"HQD152540","SQ67070 511"
1100,8640,18.58,"2GC","2楷林",90,335,0,"HQB107320","SQ60861 581"
1100,11670,25.1,"2GA","2楷林",53,293,0,"HQY124840","SQ53101 031"
1250,10530,25.73,"3GB","2楷林",68,480,0,"HQZ154620","SQ55881 551"
1390,8200,22.28,"2GB","2楷林",25,366,0,"HQA099120","SQ57831 011"
1380,8550,23.07,"2GC","2楷林",14,327,0,"HQX056610","SQ50080 031"
1370,8470,22.69,"2GA","2楷林",61,337,0,"HQX023350","SQ49455 531"
1360,11840,31.48,"3GC","2楷林",44,435,0,"HQH010990","SQ75743 031"
1110,7060,15.32,"2GA","2楷林",29,350,0,"HQY033070","SQ51942 521"
1300,9120,23.18,"2GB","2楷林",30,330,0,"HQF085170","SQ71356 051"
1180,11170,25.22,"2GA","2楷林",27,256,0,"HQH093430","SQ77202 011"
1320,11590,29.91,"2GB","2楷林",11,439,0,"HQD032490","SQ64983 021"
1440,8400,23.65,"2GD","2楷林",32,271,0,"HQD049830","SQ65300 041"
1180,11270,26,"2GA","2楷林",86,327,0,"HQY002600","SQ51541 541"
920,9450,17,"2GB","2楷林",86,330,0,"HQC004290","SQ61632 051"
1120,10320,22.6,"2GB","2楷林",27,502,0,"HQJ084220","SQ79710 021"
1180,9570,22.08,"2GB","2楷林",99,455,0,"HQH131050","SQ77815 551"
1090,10420,22.2,"2GA","2楷林",54,331,0,"HQY110580","SQ52908 051"
1260,8130,20.03,"2GA","2楷林",37,362,0,"HQY006350","SQ51600 041"
1510,7140,21.08,"2GA","2楷林",6,303,0,"HQB021390","SQ59256 031"
1260,10160,25.03,"2GB","2楷林",9,357,0,"HQJ031140","SQ78812 031"
1030,11860,23.88,"2GA","2楷林",76,350,0,"HQJ014930","SQ78593 021"
1020,11860,23.65,"2GA","2楷林",75,347,0,"HQZ032640","SQ53946 531"
960,10190,19.12,"2GA","2楷林",70,371,0,"HQF143350","SQ72401 051"
950,11400,21.17,"2GA","2楷林",32,311,0,"HQG010490","SQ72956 531"
900,9860,17.35,"2GA","2楷林",84,334,0,"HQZ046390","SQ54101 521"
1380,11840,31.94,"2GC","2楷林",30,275,0,"HQF034480","SQ70519 021"
1290,9160,23.1,"2GA","2楷林",33,336,0,"HQA092310","SQ57729 561"
1100,9330,20.06,"3GC","2楷林",72,356,0,"HQA164430","SQ58772 551"
1570,9650,29.62,"2GA","2楷林",9,325,0,"HQE103080","SQ69049 031"
1020,10800,21.54,"2GC","2楷林",68,345,0,"HQY081470","SQ52564 011"
1000,11170,21.84,"2GB","2楷林",35,319,0,"HQF017450","SQ70299 011"
1060,7710,15.98,"2GB","2楷林",54,472,0,"HQD020410","SQ64801 551"
1260,7960,19.61,"2GD","2楷林",28,338,0,"HQJ004480","SQ78414 531"
1460,11870,33.88,"3GC","2楷林",15,253,0,"HQX009130","SQ49237 021"
1570,9810,30.11,"2GC","2楷林",21,325,0,"HQC045080","SQ62662 011"
1270,9330,23.16,"2GA","2楷林",93,330,0,"HQD128820","SQ66646 011"
1380,10090,27.22,"2GA","2楷林",59,306,0,"HQZ000190","SQ53629 541"
1240,10640,25.79,"2GD","2楷林",43,337,0,"HQX142560","SQ51209 031"
1310,10410,26.66,"2GC","2楷林",8,379,0,"HQJ143810","SQ80836 021"
1280,8040,20.12,"3GC","2楷林",31,320,0,"HQZ106850","SQ55077 541"
1130,10030,22.16,"2GC","2楷林",31,333,0,"HQY018910","SQ51749 061"
1310,11600,29.71,"2GB","2楷林",53,510,0,"HQZ064190","SQ54345 541"
1290,9950,25.09,"2GC","2楷林",69,330,0,"HQY154460","SQ53508 511"
1390,10300,27.99,"2GC","2楷林",8,299,0,"HQJ104410","SQ80148 541"
1020,10800,21.54,"2GA","2楷林",104,345,0,"HQX060080","SQ50144 011"
1070,9230,19.31,"2GB","2楷林",47,422,0,"HQJ074040","SQ79529 541"
1390,11060,30.05,"2GA","2楷林",55,330,0,"HQC057160","SQ62871 011"
1270,8890,22.07,"2GC","2楷林",79,474,0,"HQD148140","SQ67002 541"
1360,11860,31.53,"2GB","2楷林",20,308,0,"HQG113600","SQ74558 011"
1110,7080,15.36,"2GA","2楷林",48,349,0,"HQC023880","SQ62278 521"
1240,8660,20.99,"2GB","2楷林",31,392,0,"HQE133390","SQ69602 541"
1230,9830,23.64,"2GB","2楷林",45,527,0,"HQF151070","SQ72506 521"
1360,11620,30.9,"2GA","2楷林",55,454,0,"HQA013790","SQ56394 541"
1270,11800,29.3,"2GA","2楷林",48,298,0,"HQG089720","SQ74197 031"
1100,10170,21.87,"2GB","2楷林",77,359,0,"HQB134190","SQ61327 031"
1390,10910,29.65,"2GA","2楷林",47,335,0,"HQD074600","SQ65705 521"
1290,9010,22.72,"2GA","2楷林",67,333,0,"HQA092650","SQ57746 061"
1400,7860,21.51,"2GA","2楷林",27,353,0,"HQX051690","SQ49979 031"
1090,11810,25.17,"3GC","2楷林",13,338,0,"HQA027020","SQ56529 021"
1200,9060,21.25,"2GB","2楷林",43,423,0,"HQG076410","SQ74065 531"
1080,7790,16.45,"2GA","2楷林",62,346,0,"HQZ144230","SQ55672 041"
1440,9330,25.85,"2GA","2楷林",7,316,6.7,"HQH024730","SQ75899 041"
1260,8630,21.26,"3GC","2楷林",63,420,0,"HQA141090","SQ58407 551"
1070,11750,23.99,"2GC","2楷林",66,300,12.1,"HQY125880","SQ53099 051"
1490,9260,26.52,"2GA","2楷林",25,276,0,"HQX011760","SQ49258 511"
1510,10370,30.61,"2GA","2楷林",3,292,0,"HQG003400","SQ72829 551"
1160,8970,20.34,"2GB","2楷林",73,426,0,"HQJ157330","SQ81058 011"
1300,11130,28.29,"2GA","2楷林",30,336,0,"HQX088050","SQ50507 051"
1070,10420,21.8,"2GB","2楷林",64,525,0,"HQF029120","SQ70473 531"
1340,10720,28.08,"2GA","2楷林",54,312,0,"HQC054080","SQ62853 511"
1240,11550,28,"3GC","2楷林",45,325,0,"HQD094150","SQ66100 541"
1220,8930,21.3,"2GA","2楷林",82,356,0,"HQJ112670","SQ80282 561"
1270,9330,23.16,"2GA","2楷林",55,331,0,"HQF074880","SQ71140 051"
1180,8020,18.5,"2GD","2楷林",52,466,0,"HQF163150","SQ72695 031"
1110,11540,25.04,"2GB","2楷林",43,328,0,"HQC030750","SQ62380 541"
1220,11640,27.76,"2GB","2楷林",55,522,0,"HQA144560","SQ58459 551"
920,10900,19.39,"2GA","2楷林",58,394,0,"HQG100610","SQ74338 511"
1190,5960,13.87,"3GB","2楷林",44,526,0,"HQB143520","SQ61486 531"
1270,10940,27.16,"3GC","2楷林",27,300,0,"HQY128280","SQ53139 051"
1060,11470,23.77,"3GC","2楷林",50,282,0,"HQH104160","SQ77374 541"
1260,9170,22.59,"2GC","2楷林",38,330,0,"HQX121730","SQ50947 061"
1570,11140,33.97,"2GA","2楷林",18,324,0,"HQG049750","SQ73684 011"
1260,10430,25.69,"2GB","2楷林",22,342,0,"HQZ009580","SQ53725 051"
1240,7450,18.06,"3GC","2楷林",32,515,0,"HQY097770","SQ52772 571"
1250,7940,19.4,"2GC","2楷林",50,430,0,"HQY105750","SQ52859 031"
950,7900,14.67,"2GA","2楷林",66,299,0,"HQE075220","SQ68555 531"
1500,9450,27.71,"2GA","2楷林",7,254,0,"HQZ017480","SQ53821 031"
990,7930,15.35,"2GA","2楷林",63,335,0,"HQE046400","SQ68044 521"
1290,10590,26.71,"2GB","2楷林",8,433,0,"HQZ153210","SQ55834 031"
1340,11630,30.47,"2GA","2楷林",11,278,0,"HQF065170","SQ71014 521"
1290,9190,23.18,"2GA","2楷林",74,323,0,"HQG077540","SQ74075 021"
1240,10910,26.45,"2GA","2楷林",57,335,0,"HQJ028270","SQ78779 551"
1300,9080,23.08,"2GB","2楷林",13,429,0,"HQB051900","SQ59838 551"
1330,11420,29.69,"2GD","2楷林",15,465,0,"HQF101170","SQ71595 031"
910,10180,18.11,"2GC","2楷林",32,346,0,"HQX158170","SQ51375 511"
950,10360,19.24,"2GA","2楷林",65,397,0,"HQJ102750","SQ80107 031"
1260,9570,23.57,"2GA","2楷林",27,323,0,"HQE001150","SQ67255 061"
1190,6580,15.31,"3GC","2楷林",75,428,0,"HQJ033880","SQ78859 061"
1190,9330,21.25,"2GA","2楷林",40,329,0,"HQE068850","SQ68389 011"
1390,11700,31.79,"2GA","2楷林",50,349,0,"HQF034680","SQ70557 031"
1360,11620,30.9,"2GD","2楷林",78,281,0,"HQH007220","SQ75664 531"
1290,9170,23.13,"2GA","2楷林",55,337,0,"HQH078240","SQ76901 021"
1330,11650,30.29,"2GA","2楷林",14,329,0,"HQB025130","SQ59309 031"
1350,7620,20.11,"2GA","2楷林",65,346,0,"HQA048520","SQ56866 541"
1320,11680,30.14,"2GA","2楷林",47,328,0,"HQB124790","SQ61169 511"
1180,8700,20.07,"3GC","2楷林",64,463,0,"HQF018960","SQ70360 021"
1560,11310,34.49,"2GA","2楷林",11,340,0,"HQZ045660","SQ54126 531"
1380,9800,26.44,"2GC","2楷林",53,338,0,"HQB017990","SQ59195 031"
1270,10350,25.7,"2GA","2楷林",25,347,0,"HQF004060","SQ70148 521"
1080,9980,21.07,"2GC","2楷林",75,326,0,"HQA133610","SQ58293 521"
1260,9210,22.69,"2GA","2楷林",69,341,0,"HQX094680","SQ50607 521"
1230,11170,26.86,"2GA","2楷林",2,272,0,"HQG047740","SQ73645 521"
1020,11870,23.67,"2GA","2楷林",65,352,0,"HQH140770","SQ78008 031"
1140,11480,25.59,"2GA","2楷林",36,444,0,"HQJ023840","SQ78705 571"
1360,9800,26.06,"3GB","2楷林",19,445,0,"HQF121690","SQ72013 021"
1290,10340,26.08,"2GA","2楷林",40,335,0,"HQB029360","SQ59380 531"
950,9220,17.12,"2GA","2楷林",54,350,0,"HQH001090","SQ75578 521"
1230,8790,21.14,"2GD","2楷林",12,542,0,"HQH031010","SQ76049 051"
1330,11810,30.71,"2GD","2楷林",66,517,0,"HQX039250","SQ49753 531"
1250,10800,26.39,"2GA","2楷林",86,339,0,"HQZ104010","SQ54994 531"
1030,10610,21.36,"2GC","2楷林",88,301,0,"HQG123120","SQ74768 541"
1000,9780,19.12,"2GA","2楷林",20,335,0,"HQD157220","SQ67128 511"
1300,9150,23.25,"2GC","2楷林",4,532,0,"HQX064140","SQ50209 061"
1110,9290,20.16,"2GC","2楷林",39,330,0,"HQZ128450","SQ55391 521"
1160,8910,19.86,"2GC","2楷林",55,542,0,"HQJ148810","SQ80897 531"
1500,11810,34.63,"2GD","2楷林",12,265,0,"HQD055160","SQ65370 031"
1130,11450,25.29,"2GA","2楷林",73,274,0,"HQF083950","SQ71320 541"
1080,10040,21.2,"2GD","2楷林",54,327,0,"HQY027940","SQ51872 531"
1150,5920,13.31,"2GA","2楷林",46,453,0,"HQD111690","SQ66374 531"
1060,9710,20.12,"2GC","2楷林",74,331,0,"HQZ128800","SQ55399 021"
1190,8250,18.87,"2GD","2楷林",34,531,0,"HQH031230","SQ76052 521"
930,9350,17,"3GC","2楷林",54,331,0,"HQE133620","SQ69616 521"
1200,8360,19.61,"2GA","2楷林",57,344,0,"HQX069320","SQ50274 051"
1210,11750,27.8,"3GC","2楷林",58,551,0,"HQC060860","SQ62961 541"
1350,11470,30.27,"2GC","2楷林",74,303,0,"HQZ075010","SQ54522 041"
980,11750,22.51,"2GC","2楷林",61,347,0,"HQH017630","SQ75821 531"
1350,9240,24.39,"2GA","2楷林",23,337,0,"HQA056980","SQ57090 531"
960,9650,17.82,"2GB","2楷林",88,325,5.4,"HQG090120","SQ74181 561"
1390,8480,23.04,"2GB","2楷林",6,324,0,"HQF083280","SQ71280 051"
1090,11280,24.04,"2GC","2楷林",41,332,0,"HQA029430","SQ56533 051"
1020,11070,22.07,"3GC","2楷林",89,461,0,"HQY062440","SQ52334 571"
1460,11630,33.2,"2GC","2楷林",11,548,0,"HQY072410","SQ52455 021"
1010,7140,14.1,"2GA","2楷林",48,448,0,"HQA029500","SQ56580 581"
1370,10010,26.81,"2GC","2楷林",22,358,0,"HQG002750","SQ72764 041"
1360,11700,31.11,"2GA","2楷林",22,267,0,"HQF158570","SQ72617 041"
1280,9230,23.1,"3GC","2楷林",13,334,0,"HQA159640","SQ58709 551"
990,11860,22.95,"2GB","2楷林",54,515,0,"HQJ164000","SQ81187 021"
1260,11230,27.66,"2GC","2楷林",6,327,0,"HQF024350","SQ70423 041"
1110,11060,24,"2GB","2楷林",32,348,0,"HQA121290","SQ58102 561"
1130,11790,26.05,"2GB","2楷林",43,545,0,"HQJ003370","SQ78412 031"
1100,9360,20.13,"2GA","2楷林",51,335,0,"HQF158860","SQ72646 021"
1280,9440,23.62,"2GA","2楷林",25,333,0,"HQY116090","SQ52981 011"
1290,9170,23.13,"2GA","2楷林",90,328,0,"HQH078590","SQ76910 041"
1160,8810,19.98,"3GC","2楷林",24,331,0,"HQZ128300","SQ55389 061"
1200,11000,25.81,"2GC","2楷林",61,329,0,"HQA118790","SQ58072 021"
1070,10000,20.92,"2GA","2楷林",33,333,0,"HQJ064040","SQ79356 551"
1350,10720,27.77,"2GB","2楷林",21,532,0,"HQB101940","SQ60676 511"
1260,8740,21.53,"2GA","2楷林",31,357,0,"HQY006290","SQ51602 511"
1250,9480,23.17,"2GA","2楷林",23,321,0,"HQF150850","SQ72521 541"
1320,10290,26.55,"2GA","2楷林",45,343,0,"HQB131180","SQ61251 021"
1300,11850,30.12,"2GA","2楷林",39,321,0,"HQF115020","SQ71855 551"
1470,9630,27.68,"3GC","2楷林",11,338,0,"HQX053270","SQ50008 521"
1220,10520,25.09,"2GC","2楷林",17,334,0,"HQZ054730","SQ54228 541"
1570,9910,30.42,"2GA","2楷林",9,324,0,"HQG073100","SQ74024 011"
1400,11850,32.43,"2GB","2楷林",13,466,0,"HQB057180","SQ59918 041"
1090,8110,17.28,"2GB","2楷林",61,527,0,"HQY124920","SQ53096 541"
1040,11210,22.79,"2GC","2楷林",36,271,0,"HQF029650","SQ70502 551"
1000,8510,16.64,"3GC","2楷林",74,351,0,"HQF096040","SQ71550 511"
910,10180,18.11,"3GC","2楷林",52,346,0,"HQY132320","SQ53199 011"
1330,10760,27.98,"2GA","2楷林",29,350,0,"HQC034420","SQ62484 511"
1420,10870,30.18,"2GB","2楷林",4,456,0,"HQG062480","SQ73874 531"
1350,11450,30.22,"2GC","2楷林",41,527,0,"HQF070870","SQ71097 541"
1220,6770,16.15,"2GA","2楷林",54,345,0,"HQE050000","SQ68068 531"
1000,9760,19.08,"2GC","2楷林",107,331,0,"HQX112690","SQ50820 541"
1240,9380,22.74,"2GA","2楷林",78,315,0,"HQF141930","SQ72378 011"
1570,10010,30.72,"2GD","2楷林",10,330,0,"HQB003870","SQ58930 541"
1140,11360,24.87,"2GA","2楷林",69,448,0,"HQG001120","SQ72776 011"
1260,9410,23.18,"2GA","2楷林",50,326,0,"HQB073400","SQ60218 511"
1270,10680,26.52,"2GC","2楷林",21,422,0,"HQH070840","SQ76782 031"
1240,10960,26.14,"2GC","2楷林",32,522,0,"HQD108390","SQ66323 511"
1310,8970,22.97,"2GA","2楷林",9,313,0,"HQJ087690","SQ79759 551"
1290,11070,27.92,"2GA","2楷林",38,459,0,"HQE020310","SQ67598 051"
1370,11480,30.19,"2GB","2楷林",9,440,0,"HQD032470","SQ64983 011"
1010,9060,17.89,"2GA","2楷林",85,302,0,"HQF052330","SQ70830 091"
1090,9450,20.14,"2GA","2楷林",72,309,0,"HQJ162100","SQ81165 061"
1160,10270,23.29,"2GB","2楷林",1,419,0,"HQJ156610","SQ81056 561"
1110,11070,24.02,"2GA","2楷林",114,336,0,"HQE036890","SQ67874 051"
1260,10130,24.95,"3GC","2楷林",7,343,0,"HQJ071310","SQ79478 031"
1080,10480,22.13,"2GA","2楷林",52,332,0,"HQD034990","SQ65019 061"
1330,11870,30.86,"2GC","2楷林",16,310,0,"HQX140200","SQ51165 051"
1340,10670,27.95,"2GA","2楷林",6,308,0,"HQJ156280","SQ81047 021"
960,10190,19.12,"2GA","2楷林",80,375,0,"HQF143450","SQ72398 581"
1290,10900,27.49,"2GA","2楷林",35,323,0,"HQH076170","SQ76881 511"
1300,8190,20.81,"2GB","2楷林",16,432,0,"HQA112980","SQ57986 551"
1340,11490,30.1,"2GC","2楷林",72,520,0,"HQC037390","SQ62527 531"
1030,10590,21.32,"3GC","2楷林",34,295,0,"HQH093500","SQ77175 031"
1190,11340,26.38,"2GC","2楷林",60,339,0,"HQA040320","SQ56751 531"
1260,10730,26.22,"2GD","2楷林",85,338,0,"HQA016490","SQ56452 011"
1290,10980,27.69,"2GC","2楷林",14,523,0,"HQD083930","SQ65902 031"
1110,11460,24.87,"2GB","2楷林",76,350,0,"HQA120970","SQ58102 541"
1220,11320,27,"2GA","2楷林",56,326,0,"HQF069920","SQ71107 031"
1210,7380,17.46,"2GA","2楷林",95,343,0,"HQC099240","SQ63658 031"
1290,9160,23.1,"2GA","2楷林",34,335,0,"HQA092320","SQ57729 061"
1270,11520,28.15,"2GB","2楷林",95,517,0,"HQZ074230","SQ54494 011"
1470,11740,33.74,"2GD","2楷林",14,453,0,"HQX114670","SQ50852 041"
1330,8560,22.26,"2GB","2楷林",25,431,0,"HQD013010","SQ64693 561"
1390,11360,30.87,"2GA","2楷林",18,329,0,"HQG108230","SQ74467 051"
1340,8750,22.92,"3GC","2楷林",16,302,0,"HQY059470","SQ52299 041"
1270,10020,24.88,"2GA","2楷林",2,274,0,"HQY029490","SQ51907 021"
1440,10030,27.78,"2GC","2楷林",10,304,12.5,"HQD158400","SQ67131 521"
1040,9410,18.83,"2GB","2楷林",65,330,7.7,"HQD112390","SQ66364 551"
1570,7340,22.53,"2GC","2楷林",11,327,0,"HQY146750","SQ53374 541"
1570,11330,33.94,"2GA","2楷林",8,253,5.5,"HQH105690","SQ77377 041"
1260,9410,23.18,"2GA","2楷林",54,328,0,"HQY104010","SQ52833 051"
1260,10150,25,"2GA","2楷林",45,295,0,"HQG150930","SQ75231 551"
1190,11030,25.25,"2GA","2楷林",59,310,9,"HQF135360","SQ72193 521"
1570,9340,28.67,"3GB","2楷林",16,272,0,"HQD111900","SQ66397 551"
1330,9160,23.82,"2GB","2楷林",50,354,0,"HQG073510","SQ74031 541"
1120,10910,23.89,"2GC","2楷林",61,284,0,"HQG037660","SQ73416 541"
1440,10570,29.76,"3GC","2楷林",18,340,0,"HQE015110","SQ67502 051"
960,8170,15.33,"2GC","2楷林",55,351,0,"HQJ012450","SQ78552 061"
1070,8270,17.3,"3GC","2楷林",40,527,0,"HQY128410","SQ53159 061"
1360,7730,20.17,"2GA","2楷林",10,361,0,"HQB148310","SQ61518 511"
930,10880,19.78,"3GC","2楷林",47,309,0,"HQB080290","SQ60317 531"
1380,11840,31.94,"3GC","2楷林",10,266,0,"HQJ015780","SQ78595 031"
960,11590,21.75,"2GC","2楷林",60,322,0,"HQC007500","SQ61684 521"
1280,11850,29.65,"2GA","2楷林",95,437,0,"HQA078230","SQ57426 521"
900,9070,15.96,"2GA","2楷林",41,306,0,"HQG058080","SQ73789 521"
1060,11570,23.98,"2GC","2楷林",85,337,0,"HQH100730","SQ77305 561"
1390,11150,30.3,"2GA","2楷林",21,342,0,"HQC104670","SQ63703 011"
1260,7350,18.11,"3GC","2楷林",27,337,0,"HQH151700","SQ78153 531"
1350,8770,23.15,"2GA","2楷林",26,330,0,"HQC023660","SQ62252 051"
1260,8600,21.18,"2GC","2楷林",69,341,0,"HQZ097860","SQ54871 051"
1200,8500,19.94,"2GA","2楷林",44,327,0,"HQA166940","SQ58867 031"
1260,9170,22.59,"3GC","2楷林",49,456,0,"HQE095310","SQ68929 021"
1100,10270,22.09,"2GA","2楷林",44,354,0,"HQZ127630","SQ55394 061"
1570,9430,27.8,"2GC","2楷林",8,288,10,"HQH119130","SQ77604 511"
1240,9310,22.57,"3GC","2楷林",16,337,0,"HQZ152630","SQ55835 061"
1280,11180,27.98,"2GA","2楷林",13,324,0,"HQC089150","SQ63521 541"
1180,9740,22.47,"3GB","2楷林",46,325,0,"HQA140210","SQ58382 531"
1270,7680,18.76,"2GA","2楷林",69,317,11.2,"HQB151180","SQ61536 041"
1470,10590,30.43,"2GA","2楷林",37,327,0,"HQE135300","SQ69655 531"
1010,8430,16.65,"3GB","2楷林",50,521,0,"HQZ039000","SQ54028 581"
1040,11810,24.01,"2GA","2楷林",93,349,0,"HQG036390","SQ73414 041"
1210,10180,24.08,"2GB","2楷林",38,421,0,"HQH022630","SQ75926 541"
1240,7340,17.79,"2GA","2楷林",33,455,0,"HQB010490","SQ59038 541"
1340,10490,27.48,"3GB","2楷林",19,517,0,"HQD109270","SQ66350 021"
1260,9100,22.42,"2GB","2楷林",31,419,0,"HQG077920","SQ74091 561"
1020,11640,22.64,"2GA","2楷林",46,307,0,"HQE152940","SQ69980 531"
1030,11800,23.76,"3GC","2楷林",37,283,0,"HQH104030","SQ77376 521"
1080,9520,20.1,"2GA","2楷林",48,337,0,"HQX086140","SQ50473 041"
1100,10450,22.47,"2GB","2楷林",92,358,0,"HQB134340","SQ61327 531"
1240,9220,21.9,"2GC","2楷林",66,478,0,"HQZ061800","SQ54324 511"
1410,11840,32.12,"2GA","2楷林",19,286,13.1,"HQD003110","SQ64491 521"
1070,11080,23.18,"2GB","2楷林",32,484,0,"HQJ061550","SQ79306 531"
1440,11710,32.51,"2GB","2楷林",21,488,0,"HQE130110","SQ69503 511"
1570,9950,30.54,"2GD","2楷林",46,332,0,"HQA066730","SQ57229 531"
1280,7520,18.82,"2GB","2楷林",54,528,0,"HQZ135340","SQ55511 061"
1080,11380,24.03,"2GC","2楷林",68,339,0,"HQE129710","SQ69538 021"
1310,7330,18.77,"2GB","2楷林",20,343,0,"HQZ012950","SQ53762 051"
1360,9090,24.17,"2GA","2楷林",38,321,0,"HQZ132620","SQ55476 521"
900,9410,16.56,"2GA","2楷林",66,305,0,"HQH052700","SQ76437 021"
1100,9360,20.13,"2GA","2楷林",38,359,0,"HQA006880","SQ56263 551"
1270,8170,20.28,"3GC","2楷林",13,391,0,"HQG108180","SQ74472 531"
970,8250,15.64,"2GA","2楷林",60,323,0,"HQG042740","SQ73505 581"
1200,10820,25.38,"3GC","2楷林",56,260,0,"HQX028330","SQ49541 051"
1210,11440,27.06,"2GC","2楷林",36,330,0,"HQC039490","SQ62546 021"
1390,11800,32.07,"2GA","2楷林",5,355,0,"HQC123320","SQ64050 031"
910,10050,17.88,"2GB","2楷林",17,342,0,"HQF037320","SQ70622 011"
1040,9180,18.4,"2GA","2楷林",85,343,0,"HQJ030980","SQ78819 511"
1110,9880,21.44,"2GA","2楷林",40,357,0,"HQY033180","SQ51937 031"
1300,8370,21.27,"2GC","2楷林",8,529,0,"HQH166730","SQ78346 051"
1220,9640,22.99,"2GB","2楷林",40,443,0,"HQB099450","SQ60666 051"
1460,11620,31.71,"2GA","2楷林",32,253,8.9,"HQX150080","SQ51264 521"
1380,11580,31.24,"2GA","2楷林",17,309,0,"HQB073070","SQ60206 541"
1180,11190,25.81,"2GA","2楷林",60,329,0,"HQJ059860","SQ79282 051"
930,8730,15.87,"2GA","2楷林",55,309,0,"HQJ143640","SQ80815 011"
1330,9830,25.56,"2GA","2楷林",27,357,0,"HQH088830","SQ77109 051"
940,8640,15.88,"2GC","2楷林",54,303,0,"HQG160000","SQ75395 031"
1250,11660,27.37,"2GA","2楷林",84,257,12.1,"HQF092150","SQ71422 011"
1190,8080,18.8,"2GB","2楷林",25,405,0,"HQG066310","SQ73936 031"
1410,11580,31.41,"2GC","2楷林",58,273,7,"HQX141360","SQ51186 531"
1260,8360,20.59,"2GB","2楷林",84,323,0,"HQX083190","SQ50416 041"
1110,7060,15.32,"2GA","2楷林",65,354,0,"HQZ006650","SQ53699 011"
1050,11710,24.04,"2GB","2楷林",46,354,0,"HQX098010","SQ50644 551"
1220,9050,21.59,"2GB","2楷林",66,452,0,"HQE095480","SQ68948 031"
1180,8250,19.03,"3GB","2楷林",71,418,0,"HQB120530","SQ61064 021"
1100,8660,18.62,"2GA","2楷林",64,327,0,"HQX047300","SQ49877 551"
1350,9640,25.44,"2GA","2楷林",49,331,0,"HQA046680","SQ56861 051"
1160,10620,24.08,"2GB","2楷林",102,518,0,"HQA077160","SQ57405 041"
1200,9500,22.29,"2GB","2楷林",94,418,0,"HQH115870","SQ77584 541"
1460,11570,33.02,"2GA","2楷林",2,289,0,"HQA077300","SQ57361 541"
980,11750,22.51,"3GC","2楷林",19,346,0,"HQJ012100","SQ78549 531"
1270,8930,22.17,"2GB","2楷林",14,429,0,"HQA002510","SQ56199 041"
1360,11500,30.58,"2GA","2楷林",57,443,0,"HQA013810","SQ56396 021"
1500,10530,30.88,"2GC","2楷林",3,473,0,"HQZ058460","SQ54294 021"
1080,10040,21.2,"2GD","2楷林",76,327,0,"HQY025410","SQ51868 541"
1010,9060,17.89,"2GA","2楷林",32,336,0,"HQF037470","SQ70616 051"
1390,10270,27.91,"2GB","2楷林",61,326,0,"HQB025600","SQ59297 531"
1450,11700,33.17,"2GA","2楷林",22,271,0,"HQG047350","SQ73624 021"
1330,11700,30.08,"2GB","2楷林",53,525,0,"HQY026120","SQ51860 511"
1400,11870,32.49,"3GC","2楷林",27,255,0,"HQC144680","SQ64432 021"
1420,11560,31.64,"2GD","2楷林",18,271,0,"HQA101870","SQ57847 011"
1400,11630,31.83,"2GC","2楷林",14,297,0,"HQA019030","SQ56454 021"
990,11510,22.28,"2GA","2楷林",56,332,0,"HQE053880","SQ68159 031"
1270,11800,29.3,"2GA","2楷林",45,300,0,"HQG089690","SQ74198 011"
1210,10750,25.43,"2GA","2楷林",51,346,0,"HQE147040","SQ69825 041"
1240,7980,19.11,"2GB","2楷林",64,475,0,"HQD022390","SQ64846 531"
1250,8690,21.24,"2GC","2楷林",35,339,0,"HQY137190","SQ53265 051"
1360,11840,31.48,"3GC","2楷林",38,435,0,"HQH010930","SQ75743 021"
1240,9070,21.99,"2GA","2楷林",43,444,0,"HQY026020","SQ51850 551"
1020,10070,20.08,"2GB","2楷林",68,545,0,"HQX103820","SQ50717 031"
1220,11660,27.81,"2GB","2楷林",52,454,0,"HQZ093350","SQ54772 551"
1250,9070,22.16,"2GB","2楷林",84,531,0,"HQZ047280","SQ54117 061"
1510,11820,34.89,"2GC","2楷林",9,454,0,"HQY107810","SQ52876 051"
980,10010,19.18,"3GC","2楷林",86,369,0,"HQY119750","SQ53047 571"
950,11360,21.1,"2GA","2楷林",56,338,0,"HQZ170290","SQ56136 021"
1110,11300,24.52,"2GA","2楷林",74,340,0,"HQX069490","SQ50277 031"
1290,11790,29.73,"2GA","2楷林",55,338,0,"HQB006790","SQ58989 541"
1330,9430,24.52,"2GA","2楷林",19,513,0,"HQH154090","SQ78177 051"
1190,11420,26.57,"2GB","2楷林",57,547,0,"HQA062420","SQ57145 541"
1040,11790,23.97,"2GA","2楷林",74,343,0,"HQB044400","SQ59675 531"
1440,11740,32.82,"2GD","2楷林",23,283,0,"HQX148290","SQ51250 511"
1290,9160,23.1,"2GB","2楷林",54,334,0,"HQY095230","SQ52724 031"
1280,9260,23.17,"2GA","2楷林",58,329,0,"HQJ006380","SQ78447 041"
1480,9580,27.72,"2GA","2楷林",19,337,0,"HQA024890","SQ56502 021"
1210,11650,27.56,"3GC","2楷林",11,264,0,"HQH063440","SQ76646 551"
1070,11780,24.64,"2GA","2楷林",13,371,0,"HQG121060","SQ74724 521"
1110,7060,15.32,"2GB","2楷林",39,356,0,"HQD045370","SQ65225 521"
1220,10750,25.64,"2GA","2楷林",48,346,0,"HQY129470","SQ53144 561"
1290,7780,19.62,"2GA","2楷林",24,335,0,"HQJ009090","SQ78483 071"
1180,8720,20.12,"2GC","2楷林",49,333,0,"HQY032240","SQ51927 561"
1290,9870,24.89,"2GA","2楷林",34,431,0,"HQG043170","SQ73523 061"
1190,9060,21.08,"3GC","2楷林",27,297,0,"HQE056330","SQ68187 021"
1370,10210,27.35,"2GB","2楷林",25,524,0,"HQY009130","SQ51642 021"
1100,10100,21.72,"2GD","2楷林",48,534,0,"HQH030830","SQ76055 541"
1510,11850,34.98,"3GC","2楷林",6,302,0,"HQH048690","SQ76370 021"
1250,8990,21.97,"3GB","2楷林",16,450,0,"HQF030050","SQ70503 051"
930,7890,14.35,"2GA","2楷林",40,330,0,"HQB041890","SQ59658 551"
1270,10490,26.05,"2GA","2楷林",52,276,0,"HQG048240","SQ73643 551"
1020,11860,23.65,"2GC","2楷林",55,336,0,"HQY082370","SQ52570 051"
960,8730,16.38,"2GA","2楷林",52,396,0,"HQF105880","SQ71698 541"
1390,11810,32.09,"2GC","2楷林",21,321,0,"HQY118020","SQ53013 021"
1370,11300,30.27,"2GA","2楷林",19,327,0,"HQB122620","SQ61108 541"
1090,8110,17.28,"2GC","2楷林",51,530,0,"HQC092310","SQ63516 021"
1110,11540,25.04,"2GB","2楷林",33,331,0,"HQC029840","SQ62377 511"
1070,7630,15.96,"2GA","2楷林",57,437,0,"HQX028340","SQ49529 051"
910,10180,18.11,"2GB","2楷林",46,342,0,"HQF037610","SQ70622 041"
1290,9190,23.18,"2GA","2楷林",47,327,0,"HQG073480","SQ74026 521"
1090,9900,21.1,"2GA","2楷林",84,327,0,"HQC100960","SQ63667 071"
1300,11850,30.12,"2GA","2楷林",11,319,0,"HQF114620","SQ71847 021"
1080,11810,24.94,"2GA","2楷林",77,322,0,"HQE097030","SQ68942 541"
1010,8040,15.88,"2GA","2楷林",63,307,0,"HQG055120","SQ73774 571"
1260,9410,23.18,"2GA","2楷林",42,328,0,"HQC097030","SQ63623 021"
1520,11740,34.89,"2GD","2楷林",11,269,0,"HQA163820","SQ58784 021"
1550,11430,34.64,"2GA","2楷林",13,317,0,"HQH121360","SQ77671 531"
1200,9980,23.41,"2GC","2楷林",64,421,0,"HQH071270","SQ76795 011"
950,10330,19.19,"2GA","2楷林",90,371,2.5,"HQF048690","SQ70754 051"
1480,9220,26.68,"3GC","2楷林",12,480,0,"HQJ078280","SQ79613 551"
1260,9590,23.62,"3GC","2楷林",6,304,0,"HQY082620","SQ52579 031"
1490,9560,27.85,"2GA","2楷林",6,265,0,"HQD011270","SQ64680 531"
1350,8800,23.23,"2GA","2楷林",28,330,0,"HQC023680","SQ62252 541"
1190,7470,17.38,"2GC","2楷林",30,473,0,"HQC000790","SQ61590 551"
1220,11680,27.86,"2GB","2楷林",68,514,0,"HQA116930","SQ58015 531"
1330,8260,21.48,"2GB","2楷林",27,343,0,"HQC025910","SQ62323 551"
1130,11570,25.56,"2GB","2楷林",54,512,0,"HQE147710","SQ69855 041"
1240,9250,22.42,"2GB","2楷林",26,439,0,"HQB003330","SQ58957 051"
1150,9260,20.37,"3GC","2楷林",73,342,0,"HQB108160","SQ60857 521"
1290,11870,29.94,"2GA","2楷林",4,326,0,"HQB107470","SQ60825 521"
970,8250,15.64,"2GA","2楷林",62,298,0,"HQJ148210","SQ80880 521"
1100,8890,19.12,"3GC","2楷林",78,369,0,"HQZ159830","SQ55964 551"
960,8950,16.8,"3GC","2楷林",76,353,0,"HQF006630","SQ70159 021"
1400,11710,31.82,"2GA","2楷林",27,255,0,"HQH091340","SQ77136 011"
1570,9940,30.51,"2GD","2楷林",17,333,0,"HQX118030","SQ50889 041"
1290,9160,23.1,"2GA","2楷林",45,331,0,"HQH165190","SQ78322 521"
1100,11100,23.87,"2GA","2楷林",82,353,0,"HQZ126010","SQ55388 531"
1190,9920,23.08,"3GC","2楷林",54,445,0,"HQF107980","SQ71741 041"
950,10560,19.61,"2GA","2楷林",61,330,0,"HQZ046160","SQ54095 041"
1270,10070,25,"2GC","2楷林",29,393,0,"HQJ144020","SQ80842 511"
1260,9390,23.13,"2GA","2楷林",65,334,0,"HQF093710","SQ71503 031"
1270,9730,24.16,"2GB","2楷林",22,462,0,"HQF014870","SQ70243 051"
1380,11820,31.89,"2GA","2楷林",15,312,0,"HQB073050","SQ60206 031"
1040,9870,20.07,"2GC","2楷林",49,334,0,"HQH147330","SQ78079 021"
1040,11410,23.2,"2GC","2楷林",72,299,0,"HQH049380","SQ76384 051"
1100,9080,19.53,"2GB","2楷林",5,333,0,"HQY057290","SQ52281 571"
1390,10450,28.4,,"2楷林",13,410,0,"HQX106610","SQ50741 031"
1110,10180,22.09,"2GA","2楷林",83,327,0,"HQZ142290","SQ55663 051"
1150,11390,24.65,"2GB","2楷林",63,521,9.6,"HQZ147540","SQ55729 021"
1480,11540,33.39,"3GB","2楷林",7,515,0,"HQB093230","SQ60564 031"
1400,9860,26.99,"2GD","2楷林",7,336,0,"HQD024440","SQ64841 011"
1040,11040,22.45,"2GA","2楷林",73,315,0,"HQG032490","SQ73220 051"
960,10720,20.12,"2GA","2楷林",58,392,0,"HQA060980","SQ57141 021"
1330,11740,30.04,"2GA","2楷林",29,279,7.6,"HQF038140","SQ70606 551"
1400,9640,26.38,"2GA","2楷林",29,338,0,"HQA050090","SQ56943 531"
1110,11000,23.87,"2GA","2楷林",75,354,0,"HQC072500","SQ63165 511"
1570,7680,23.57,"2GA","2楷林",14,323,0,"HQD150610","SQ67010 551"
1240,11470,27.81,"2GD","2楷林",16,368,0,"HQD100350","SQ66222 041"
1390,11810,32.09,"2GD","2楷林",54,273,0,"HQH143030","SQ78048 021"
1040,11480,23.34,"2GC","2楷林",71,300,0,"HQH049370","SQ76384 531"
1360,11660,30.66,"2GA","2楷林",4,297,0,"HQJ141710","SQ80750 521"
1570,9140,27.7,"3GB","2楷林",13,537,0,"HQA004430","SQ56230 511"
1360,9300,24.73,"3GC","2楷林",15,453,0,"HQH010700","SQ75739 561"
1180,8250,19.03,"3GB","2楷林",72,416,0,"HQB120540","SQ61064 511"
960,9610,18.04,"2GC","2楷林",95,393,0,"HQB112380","SQ60935 051"
1290,9190,23.18,"2GA","2楷林",34,325,0,"HQF074670","SQ71168 021"
1330,11440,29.75,"2GD","2楷林",11,518,0,"HQJ051190","SQ79151 041"
1000,11390,22.27,"2GA","2楷林",47,334,0,"HQF000260","SQ70092 041"
1290,10340,26.08,"2GA","2楷林",10,341,0,"HQE096360","SQ68976 051"
1390,11130,29.76,"2GB","2楷林",55,330,12.2,"HQB087280","SQ60414 531"
1010,10240,20.22,"2GA","2楷林",64,358,0,"HQC068590","SQ63104 541"
1260,10740,26.46,"2GD","2楷林",92,337,0,"HQA016560","SQ56449 031"
960,10190,19.12,"2GC","2楷林",43,330,0,"HQA103160","SQ57868 071"
1450,8380,23.76,"2GA","2楷林",10,272,0,"HQH033940","SQ76089 031"
1210,11000,26.02,"3GC","2楷林",28,275,0,"HQG037330","SQ73407 531"
1010,9260,18.28,"2GA","2楷林",87,342,0,"HQJ031000","SQ78819 521"
1470,9270,25.86,"2GD","2楷林",38,320,8.3,"HQZ133560","SQ55471 011"
1470,10960,31.5,"3GC","2楷林",15,325,0,"HQF122560","SQ72021 031"
1290,8550,21.56,"2GA","2楷林",63,359,0,"HQA009310","SQ56324 551"
1390,8930,24.27,"3GB","2楷林",33,513,0,"HQY161940","SQ53611 031"
900,8580,15.1,"2GA","2楷林",61,310,0,"HQA159430","SQ58713 561"
1400,11720,31.31,"2GD","2楷林",8,247,11.9,"HQA069670","SQ57248 531"
920,10280,18.49,"2GA","2楷林",52,343,0,"HQZ138920","SQ55629 021"
1160,8280,18.78,"3GC","2楷林",84,421,0,"HQH071480","SQ76801 031"
1010,11180,22.08,"3GC","2楷林",82,543,0,"HQH021720","SQ75880 551"
1290,10580,26.68,"2GC","2楷林",25,341,0,"HQG167820","SQ75515 051"
1020,9480,18.9,"2GB","2楷林",34,520,0,"HQJ163800","SQ81182 031"
1290,10420,25.87,"2GB","2楷林",35,481,0,"HQE025710","SQ67613 011"
980,11020,21.11,"2GA","2楷林",38,307,0,"HQC136320","SQ64270 051"
1090,9460,20.16,"2GB","2楷林",78,336,0,"HQF001870","SQ70133 011"
1570,9940,30.51,"2GA","2楷林",17,325,0,"HQG073180","SQ74020 021"
1300,9900,25.16,"2GC","2楷林",3,505,0,"HQH166680","SQ78346 021"
1250,7290,17.81,"2GB","2楷林",62,340,0,"HQH073610","SQ76828 021"
1070,8510,17.47,"2GC","2楷林",69,304,0,"HQY083250","SQ52587 031"
1290,11450,28.88,"2GD","2楷林",23,519,0,"HQJ053790","SQ79152 031"
960,8170,15.33,"3GC","2楷林",43,352,0,"HQJ012930","SQ78554 031"
1100,9270,19.94,"2GB","2楷林",70,523,0,"HQH045390","SQ76316 531"
1300,9040,22.98,"2GA","2楷林",49,340,0,"HQX088240","SQ50513 521"
1330,10380,26.99,"2GA","2楷林",1,330,0,"HQF123520","SQ72024 531"
1490,9060,26.39,"2GA","2楷林",21,272,0,"HQX011720","SQ49251 051"
1300,11650,29.61,"3GC","2楷林",11,327,0,"HQB140580","SQ61437 541"
1300,5770,14.66,"2GB","2楷林",55,421,0,"HQY003300","SQ51558 011"
1310,8710,22.31,"2GD","2楷林",38,360,0,"HQX055090","SQ50026 531"
1170,11840,27.08,"3GC","2楷林",4,509,0,"HQJ143130","SQ80784 511"
1290,8560,21.59,"2GB","2楷林",29,344,0,"HQA108300","SQ57909 041"
1480,11630,33.65,"3GC","2楷林",13,258,0,"HQH027130","SQ75982 041"
950,10360,19.24,"2GA","2楷林",71,394,0,"HQJ105040","SQ80102 561"
1360,11330,30.12,"2GA","2楷林",68,334,0,"HQX014880","SQ49333 031"
1250,10310,25.2,"3GB","2楷林",55,532,0,"HQY038240","SQ52051 051"
1390,8550,23.23,"2GC","2楷林",70,328,0,"HQB088170","SQ60443 541"
1400,11140,30.49,"2GA","2楷林",2,337,0,"HQG098440","SQ74319 021"
1570,9180,27.73,"2GA","2楷林",7,270,6.3,"HQE038230","SQ67888 021"
1470,11800,33.91,"2GA","2楷林",62,270,0,"HQY015400","SQ51705 021"
1450,10200,28.45,"2GA","2楷林",9,251,10.2,"HQG017320","SQ73075 541"
900,8820,15.52,"2GA","2楷林",74,311,0,"HQH052780","SQ76440 511"
1480,11600,33.22,"2GD","2楷林",12,532,0,"HQX038700","SQ49744 021"
1360,8840,23.13,"2GD","2楷林",13,262,13.1,"HQE040270","SQ67878 561"
1180,8330,19.22,"2GC","2楷林",73,340,0,"HQA118910","SQ58074 041"
900,8580,15.1,"2GA","2楷林",70,310,0,"HQA158770","SQ58710 041"
1030,9710,19.55,"2GA","2楷林",99,331,0,"HQB060320","SQ59968 051"
1420,11790,32.73,"2GD","2楷林",10,401,0,"HQA125160","SQ58178 041"
1570,10450,32.07,"3GC","2楷林",11,326,0,"HQY084170","SQ52600 021"
1280,9290,23.25,"2GA","2楷林",37,329,0,"HQF149740","SQ72500 561"
1390,8790,23.89,"2GA","2楷林",19,336,0,"HQY122800","SQ53063 521"
1250,8210,20.06,"2GD","2楷林",27,461,0,"HQX084350","SQ50436 041"
1090,8620,18.37,"2GC","2楷林",46,444,0,"HQD024830","SQ64867 071"
1120,10590,22.77,"2GA","2楷林",53,267,0,"HQB090710","SQ60507 521"
1290,8960,22.6,"2GC","2楷林",36,333,0,"HQX026380","SQ49513 551"
1230,11850,28.5,"2GA","2楷林",2,295,0,"HQY034230","SQ52009 541"
1540,9190,27.67,"2GC","2楷林",10,298,0,"HQH077790","SQ76884 551"
1220,11190,26.69,"2GB","2楷林",42,518,0,"HQH057170","SQ76476 521"
990,10020,19.39,"2GA","2楷林",67,334,0,"HQD028480","SQ64929 041"
1280,6790,16.99,"2GD","2楷林",46,507,0,"HQJ110360","SQ80192 561"
1260,9170,22.59,"3GB","2楷林",6,339,0,"HQJ042370","SQ78997 021"
1270,9310,23.12,"2GA","2楷林",48,331,0,"HQE000630","SQ67226 561"
1000,10720,20.96,"2GA","2楷林",92,339,0,"HQZ169200","SQ56131 531"
1250,9390,22.95,"2GB","2楷林",45,483,0,"HQE146270","SQ69832 051"
1310,9440,24.18,"2GA","2楷林",36,327,0,"HQX059400","SQ50108 511"
1290,9740,24.17,"2GD","2楷林",46,271,16.1,"HQC017310","SQ62137 531"
1340,11870,31.1,"2GA","2楷林",45,317,0,"HQC053990","SQ62848 021"
1090,8680,18.5,"2GA","2楷林",83,345,0,"HQB046650","SQ59751 041"
1300,9190,23.09,"3GB","2楷林",14,336,0,"HQJ087740","SQ79787 021"
1240,9570,23.2,"3GC","2楷林",82,328,0,"HQX042130","SQ49803 521"
1080,11120,23.48,"3GC","2楷林",60,342,0,"HQH052640","SQ76439 571"
1040,9000,18.3,"2GA","2楷林",39,343,0,"HQC089410","SQ63513 531"
1300,11010,27.98,"2GA","2楷林",34,325,0,"HQG109060","SQ74470 551"
1220,10060,23.99,"2GA","2楷林",38,325,0,"HQH113360","SQ77555 051"
1090,9630,20.52,"2GA","2楷林",91,335,0,"HQY107590","SQ52891 541"
1220,8890,21.2,"2GB","2楷林",11,428,0,"HQG021950","SQ73175 021"
1300,9090,23.1,"2GA","2楷林",52,324,0,"HQE032430","SQ67792 541"
1380,11800,31.84,"2GA","2楷林",17,352,0,"HQF017270","SQ70326 521"
1330,9820,25.05,"2GB","2楷林",14,424,0,"HQG077750","SQ74085 031"
1400,9530,26.08,"2GA","2楷林",26,543,0,"HQH079930","SQ76952 041"
1570,10460,32.11,"2GA","2楷林",32,322,0,"HQZ121310","SQ55261 041"
1380,11550,31.16,"2GD","2楷林",25,274,0,"HQA006750","SQ56305 521"
1170,11400,26.08,"2GB","2楷林",1,386,0,"HQC136610","SQ64282 061"
1360,11670,31.03,"3GB","2楷林",18,310,0,"HQJ024850","SQ78737 041"
1240,10390,25.19,"2GB","2楷林",57,424,0,"HQC004000","SQ61650 021"
1250,8350,20,"2GB","2楷林",60,437,0,"HQA032330","SQ56628 021"
1000,11020,21.54,"3GC","2楷林",25,339,0,"HQG010420","SQ72907 511"
1050,11640,23.89,"2GB","2楷林",56,352,0,"HQX098110","SQ50650 021"
1150,11870,26.69,"2GA","2楷林",22,321,0,"HQC089240","SQ63530 511"
1060,9740,20.18,"2GA","2楷林",57,335,0,"HQJ030700","SQ78809 551"
1030,11710,23.58,"2GC","2楷林",102,519,0,"HQY043730","SQ52103 031"
1350,8900,23.11,"2GA","2楷林",24,279,11.8,"HQE054240","SQ68120 551"
1100,11260,24.21,"2GA","2楷林",24,347,0,"HQH061390","SQ76557 541"
1320,11440,29.3,"2GA","2楷林",17,270,0,"HQF065230","SQ71020 511"
1220,10070,24.02,"2GB","2楷林",32,552,0,"HQA028040","SQ56538 551"
1290,8940,22.55,"3GC","2楷林",58,326,0,"HQA147190","SQ58505 061"
1170,8830,20.2,"3GC","2楷林",62,444,0,"HQD136110","SQ66792 071"
1290,9950,25.09,"2GC","2楷林",62,331,0,"HQY154390","SQ53508 561"
1270,9140,22.69,"2GC","2楷林",50,341,0,"HQC106600","SQ63763 021"
1030,7610,15.32,"2GA","2楷林",27,360,0,"HQJ115640","SQ80331 581"
1350,9790,25.84,"2GB","2楷林",5,529,0,"HQF028540","SQ70472 051"
1260,9410,23.18,"2GA","2楷林",13,373,0,"HQG022990","SQ73188 041"
1540,11700,34.88,"3GC","2楷林",17,320,0,"HQY158760","SQ53562 011"
1400,11660,31.91,"2GA","2楷林",3,272,0,"HQX099840","SQ50642 541"
1080,10040,21.2,"2GD","2楷林",65,327,0,"HQY028050","SQ51872 011"
1070,8310,17.38,"2GC","2楷林",55,526,0,"HQG140830","SQ75066 031"
1320,9000,23.23,"2GA","2楷林",70,339,0,"HQX123780","SQ50973 031"
1100,8890,19.12,"3GC","2楷林",58,368,0,"HQZ159630","SQ55961 551"
1500,11590,33.99,"2GC","2楷林",9,268,0,"HQZ037790","SQ54007 521"
1560,11460,34.95,"2GC","2楷林",11,278,0,"HQZ042170","SQ54066 011"
1010,10190,20.12,"2GA","2楷林",68,304,0,"HQJ142350","SQ80797 071"
1060,10360,21.47,"3GC","2楷林",48,299,0,"HQD054980","SQ65403 041"
1260,9490,23.38,"2GB","2楷林",40,422,0,"HQG078010","SQ74093 541"
1430,9390,25.83,"2GD","2楷林",37,320,8,"HQZ133550","SQ55471 531"
1080,10040,21.2,"2GD","2楷林",81,332,0,"HQY028210","SQ51874 021"
1250,7980,19.5,"2GB","2楷林",74,327,0,"HQH073730","SQ76830 071"
980,10380,19.89,"2GA","2楷林",102,449,0,"HQG001450","SQ72781 041"
1460,11550,32.97,"2GC","2楷林",41,275,0,"HQD034880","SQ65041 021"
1280,9260,23.17,"2GC","2楷林",65,368,0,"HQZ119320","SQ55243 031"
900,9070,15.96,"3GC","2楷林",71,300,0,"HQE028310","SQ67724 031"
1050,10070,20.18,"2GA","2楷林",99,337,0,"HQB090170","SQ60487 521"
1340,8290,21.72,"2GA","2楷林",24,336,0,"HQY126410","SQ53125 041"
1360,10380,27.6,"3GC","2楷林",38,258,0,"HQJ027220","SQ78761 041"
900,10920,19.21,"2GA","2楷林",63,301,0,"HQD100060","SQ66192 061"
1380,11740,31.33,"2L2","1楷林",11,313,0,"HQG052550","SP16804 511"
1290,11450,28.88,"2GA","2楷林",77,335,0,"HQA151010","SQ58541 031"
940,11580,21.05,"2GA","2楷林",65,397,0,"HQG163280","SQ75452 511"
1320,11850,30.09,"2GA","2楷林",22,299,17.1,"HQC048080","SQ62695 031"
1290,11800,29.76,"2GA","2楷林",28,334,0,"HQA150520","SQ58536 021"
1070,8660,18.12,"2GA","2楷林",29,530,0,"HQJ136660","SQ80653 011"
1440,11800,33.22,"2GD","2楷林",9,511,0,"HQB010250","SQ59082 541"
1070,8260,17.28,"2GB","2楷林",60,521,0,"HQX090760","SQ50530 041"
950,10270,19.07,"2GA","2楷林",24,331,0,"HQF000030","SQ70056 031"
980,9470,18.14,"2GA","2楷林",61,328,0,"HQA070200","SQ57264 021"
1260,6020,14.83,"3GB","2楷林",30,325,0,"HQJ024970","SQ78742 061"
1250,8040,19.65,"2GA","2楷林",7,329,0,"HQJ125940","SQ80511 521"
1390,9100,24.73,"2GB","2楷林",10,516,0,"HQZ154940","SQ55879 021"
1100,11100,23.87,"2GA","2楷林",44,350,0,"HQZ051070","SQ54153 011"
1250,11330,27.69,"2GA","2楷林",59,272,0,"HQX079390","SQ50375 041"
1480,9550,27.63,"2GC","2楷林",19,473,0,"HQD053370","SQ65356 031"
1370,10610,28.42,"3GC","2楷林",19,354,0,"HQA099790","SQ57820 031"
1290,8370,21.11,"2GB","2楷林",17,551,0,"HQE158330","SQ70035 531"
1240,10940,26.52,"2GB","2楷林",6,408,0,"HQC063510","SQ63035 561"
1100,11100,23.87,"2GA","2楷林",81,352,0,"HQZ128000","SQ55385 051"
1260,8520,20.99,"2GC","2楷林",58,405,0,"HQG035180","SQ73383 021"
1110,10150,22.03,"2GB","2楷林",61,332,0,"HQC031660","SQ62383 041"
1100,11480,24.69,"2GB","2楷林",48,427,0,"HQX076240","SQ50341 541"
1250,8810,21.53,"2GC","2楷林",7,356,0,"HQA163020","SQ58774 051"
940,9380,17.24,"2GA","2楷林",84,314,0,"HQJ120520","SQ80398 071"
1100,11550,24.84,"3GC","2楷林",35,501,0,"HQE022910","SQ67625 051"
1190,11430,26.59,"2GB","2楷林",59,322,0,"HQY162200","SQ53599 041"
1340,11620,30.44,"2GB","2楷林",37,433,0,"HQG118590","SQ74639 041"
1070,11030,23.07,"3GC","2楷林",71,272,0,"HQZ005990","SQ53677 551"
1250,11860,28.98,"2GA","2楷林",67,309,0,"HQJ155970","SQ81003 041"
1170,10870,24.33,"2GB","2楷林",50,527,0,"HQX103640","SQ50716 511"
1290,11790,29.73,"2GC","2楷林",55,271,0,"HQZ013300","SQ53749 521"
1410,11690,32.22,"2GB","2楷林",25,526,0,"HQZ038750","SQ54023 021"
1570,7830,24.03,"2GC","2楷林",8,268,0,"HQC020380","SQ62231 021"
1330,11460,29.8,"2GD","2楷林",31,264,0,"HQX079110","SQ50376 521"
1260,6660,16.41,"3GC","2楷林",17,343,0,"HQJ070750","SQ79484 541"
1400,10350,28.33,"2GB","2楷林",9,520,0,"HQA050850","SQ56967 041"
1380,11830,31.92,"2GA","2楷林",32,267,0,"HQH137180","SQ77952 541"
980,10210,19.56,"2GD","2楷林",44,300,0,"HQE078270","SQ68608 521"
1080,11310,23.88,"2GA","2楷林",72,350,0,"HQZ104880","SQ55035 541"
1390,11070,30.08,"3GB","2楷林",20,324,0,"HQF083420","SQ71283 521"
1240,10670,25.87,"2GA","2楷林",58,330,0,"HQE093480","SQ68876 041"
990,6550,12.68,"2GC","2楷林",34,331,0,"HQD010910","SQ64634 071"
1250,8280,20.23,"2GA","2楷林",62,361,0,"HQH117900","SQ77624 041"
1280,9690,24.25,"3GC","2楷林",15,340,0,"HQH098790","SQ77254 541"
1340,11610,29.7,"2GD","2楷林",18,446,10.2,"HQY064410","SQ52361 011"
1490,8110,23.62,"2GA","2楷林",43,271,0,"HQD093500","SQ66079 041"
1270,10350,25.7,"2GA","2楷林",24,346,0,"HQF004050","SQ70148 021"
1270,9260,22.99,"2GA","2楷林",28,328,0,"HQB041770","SQ59648 521"
1090,10410,22.18,"2GA","2楷林",78,344,0,"HQA080030","SQ57452 551"
1380,11810,31.86,"2GA","2楷林",15,327,0,"HQH116570","SQ77594 051"
1250,11280,27.57,"2GA","2楷林",49,317,0,"HQJ155790","SQ81007 051"
1160,10250,23.24,"2GB","2楷林",21,423,0,"HQJ156810","SQ81054 551"
1380,10220,27.57,"2GA","2楷林",2,253,0,"HQZ145610","SQ55704 531"
1280,10020,25.07,"3GB","2楷林",10,425,0,"HQG077710","SQ74087 061"
1100,7920,17.03,"2GA","2楷林",103,356,0,"HQA055970","SQ57047 031"
1350,8780,23.17,"3GC","2楷林",22,323,0,"HQC031270","SQ62400 051"
1500,11590,33.76,"2GC","2楷林",27,254,0,"HQH028460","SQ75982 011"
1320,11710,30.22,"2GB","2楷林",11,482,0,"HQH095930","SQ77216 521"
960,8950,16.8,"2GC","2楷林",80,347,0,"HQF006670","SQ70155 031"
1450,8070,22.88,"3GC","2楷林",6,300,0,"HQY047580","SQ52153 541"
1260,9690,23.87,"2GC","2楷林",65,424,0,"HQA141110","SQ58409 041"
950,8590,15.95,"2GA","2楷林",93,356,0,"HQH001480","SQ75587 561"
1290,8950,22.57,"2GA","2楷林",46,335,0,"HQX119950","SQ50903 011"
1270,11160,27.71,"2GB","2楷林",23,545,0,"HQX003720","SQ49103 041"
1570,10390,31.89,"2GD","2楷林",61,327,0,"HQX136870","SQ51160 011"
1460,11870,33.88,"2GC","2楷林",9,366,0,"HQY032590","SQ51943 021"
1090,9910,21.12,"2GA","2楷林",85,333,0,"HQZ093680","SQ54774 071"
960,10730,20.14,"2GA","2楷林",79,325,0,"HQG153980","SQ75287 051"
1380,11840,31.94,"2GA","2楷林",48,272,0,"HQF075560","SQ71185 051"
1090,8500,18.11,"2GB","2楷林",65,527,0,"HQY124960","SQ53096 521"
1490,9220,25.86,"2GD","2楷林",5,256,17.2,"HQA012340","SQ56329 511"
1250,9260,22.63,"2GA","2楷林",66,327,0,"HQE006740","SQ67345 051"
1290,8960,22.6,"2GA","2楷林",36,333,0,"HQF074060","SQ71158 521"
1550,8250,25,"2GC","2楷林",4,502,0,"HQD076790","SQ65760 531"
1050,10530,21.62,"2GC","2楷林",51,326,0,"HQB101450","SQ60681 531"
1250,8280,20.23,"2GA","2楷林",49,348,0,"HQH089050","SQ77113 531"
1180,9630,22.22,"2GA","2楷林",52,328,0,"HQY037110","SQ52022 031"
1140,10780,24.03,"2GA","2楷林",83,320,0,"HQJ068100","SQ79449 051"
1290,9990,25.19,"2GA","2楷林",30,326,0,"HQZ090690","SQ54745 521"
1560,9530,28.6,"2GA","2楷林",44,325,0,"HQH069860","SQ76778 011"
1210,11090,26.23,"2GB","2楷林",71,470,0,"HQD022460","SQ64846 561"
1260,9380,23.11,"2GA","2楷林",78,324,0,"HQE001660","SQ67260 021"
1420,11600,32.2,"2GA","2楷林",9,282,0,"HQZ113440","SQ55152 531"
1340,10100,26.46,"3GC","2楷林",15,297,0,"HQH077840","SQ76896 021"
1060,10180,21.1,"2GA","2楷林",82,329,0,"HQX134250","SQ51123 061"
1240,11590,28.1,"2GA","2楷林",34,336,0,"HQB026960","SQ59346 041"
1380,11850,31.46,"2GC","2楷林",44,298,6,"HQB132920","SQ61258 521"
1100,9840,20.68,"2GA","2楷林",78,461,0,"HQX084860","SQ50450 511"
1510,11780,34.78,"3GC","2楷林",15,254,0,"HQB059480","SQ59942 021"
960,8830,16.57,"2GA","2楷林",31,336,0,"HQF096520","SQ71562 051"
1400,9620,26.05,"2GB","2楷林",12,444,0,"HQG118340","SQ74633 521"
1300,10120,25.72,"2GB","2楷林",33,420,0,"HQB067060","SQ60087 061"
960,10300,19.33,"2GA","2楷林",97,334,0,"HQY104440","SQ52811 571"
1570,7350,22.56,"2GA","2楷林",15,323,0,"HQC141340","SQ64380 061"
1210,8280,19.59,"2GA","2楷林",41,345,0,"HQF125450","SQ72071 031"
1260,7020,17.29,"2GA","2楷林",31,356,0,"HQB140780","SQ61414 031"
1350,8800,23.23,"2GA","2楷林",50,327,3.2,"HQA152600","SQ58570 041"
1380,11870,31.51,"2GC","2楷林",50,297,10.5,"HQB132980","SQ61268 031"
1240,8660,20.99,"2GB","2楷林",17,392,0,"HQF158520","SQ72626 031"
900,10320,18.16,"2GB","2楷林",96,338,0,"HQC068910","SQ63114 561"
1300,9790,24.88,"2GA","2楷林",31,339,0,"HQA138360","SQ58357 061"
1000,11390,22.27,"2GC","2楷林",43,327,0,"HQC006840","SQ61679 011"
1080,6870,14.51,"3GC","2楷林",75,339,0,"HQG007570","SQ72900 551"
1290,7530,18.99,"2GA","2楷林",68,330,0,"HQD118890","SQ66508 041"
1270,7900,19.61,"2GC","2楷林",85,343,0,"HQC106950","SQ63767 511"
1370,9850,25.96,"2GC","2楷林",44,336,6.7,"HQX052740","SQ50013 551"
1160,7350,16.67,"2GA","2楷林",28,447,0,"HQZ055790","SQ54238 551"
920,7770,13.98,"2GA","2楷林",34,343,0,"HQZ139340","SQ55627 521"
1320,9570,24.1,"2GA","2楷林",29,269,15.5,"HQB012470","SQ59064 531"
1240,9200,22.3,"2GB","2楷林",29,419,0,"HQY100540","SQ52801 021"
1140,9860,21.97,"2GA","2楷林",39,328,0,"HQF056640","SQ70914 551"
1290,9140,23.05,"2GB","2楷林",78,328,0,"HQZ091170","SQ54748 011"
1030,7190,14.48,"2GA","2楷林",89,450,0,"HQB011050","SQ59051 551"
1320,8480,21.88,"2GD","2楷林",11,453,0,"HQY062560","SQ52363 041"
1110,11060,24,"3GC","2楷林",54,352,0,"HQA042680","SQ56815 051"
1390,8510,23.13,"2GC","2楷林",3,326,0,"HQX056500","SQ50077 551"
1150,11360,25.54,"2GB","2楷林",45,340,0,"HQJ080690","SQ79632 561"
1500,11850,33.92,"2GA","2楷林",10,337,7.8,"HQG100130","SQ74315 021"
1260,7870,19.39,"2GD","2楷林",57,499,0,"HQJ130870","SQ80604 571"
1340,8420,22.06,"3GC","2楷林",3,462,0,"HQE053340","SQ68166 541"
1160,10030,22.75,"2GB","2楷林",105,415,0,"HQX120540","SQ50914 521"
1360,11230,29.86,"3GC","2楷林",28,260,0,"HQH079950","SQ76942 541"
1540,10010,30.14,"2GA","2楷林",17,329,0,"HQG142490","SQ75072 031"
1100,7930,17.05,"2GB","2楷林",53,366,0,"HQY007470","SQ51608 571"
1150,11260,25.32,"2GA","2楷林",98,329,0,"HQZ142440","SQ55658 551"
1400,8110,22.2,"2GD","2楷林",19,338,0,"HQY012290","SQ51683 061"
1300,11850,30.12,"2GB","2楷林",28,324,0,"HQF092720","SQ71486 041"
1430,9610,26.87,"2GA","2楷林",13,446,0,"HQX131870","SQ51082 021"
1270,11550,28.68,"3GC","2楷林",55,519,0,"HQZ137100","SQ55574 051"
1380,11850,31.97,"2GA","2楷林",82,302,0,"HQY144700","SQ53350 021"
1150,11250,25.29,"2GC","2楷林",69,274,0,"HQC095190","SQ63588 541"
1300,11850,30.12,"2GA","2楷林",14,319,0,"HQF114650","SQ71847 521"
1180,11700,26.99,"2GA","2楷林",67,420,0,"HQF140890","SQ72356 031"
1190,11640,27.08,"2GC","2楷林",18,324,0,"HQA131210","SQ58259 011"
1430,7880,22.03,"2GB","2楷林",14,436,0,"HQZ088790","SQ54674 521"
910,10180,18.11,"2GC","2楷林",46,343,0,"HQZ013760","SQ53776 051"
1390,11840,32.17,"2GA","2楷林",22,322,9.1,"HQB031700","SQ59406 511"
1060,7780,15.82,"2GC","2楷林",87,446,0,"HQC027190","SQ62320 521"
1070,8660,18.12,"2GA","2楷林",68,340,0,"HQF126320","SQ72093 511"
990,8660,16.34,"2GC","2楷林",94,450,0,"HQY006920","SQ51597 511"
950,10300,19.13,"2GA","2楷林",109,328,0,"HQE159250","SQ70053 041"
1070,11860,24.81,"2GA","2楷林",41,319,0,"HQE111250","SQ69255 561"
1470,9100,26.15,"2GC","2楷林",34,327,0,"HQZ100890","SQ54922 031"
1310,8820,22.59,"2GA","2楷林",58,330,0,"HQE069570","SQ68467 551"
1320,11680,30.14,"2GA","2楷林",51,327,0,"HQB124830","SQ61173 011"
1200,9880,22.81,"2GA","2楷林",67,272,13.2,"HQX159070","SQ51390 531"
1030,9710,19.55,"2GA","2楷林",92,331,0,"HQB060250","SQ59968 541"
1540,10150,30.56,"2GC","2楷林",22,328,0,"HQY148880","SQ53381 051"
990,8680,16.8,"2GA","2楷林",98,447,0,"HQX131130","SQ51074 541"
1440,9970,27.58,"2GB","2楷林",44,518,0,"HQG148630","SQ75191 511"
930,11050,20.09,"2GA","2楷林",38,273,0,"HQH042450","SQ76273 551"
980,9960,19.08,"2GC","2楷林",71,372,0,"HQY119600","SQ53044 531"
1170,8820,20.17,"2GC","2楷林",54,512,0,"HQC069460","SQ63112 531"
1270,11740,28.68,"2GC","2楷林",38,293,9.2,"HQH012510","SQ75716 521"
970,9750,18.49,"2GC","2楷林",48,334,0,"HQZ054150","SQ54203 041"
1110,10440,22.66,"2GB","2楷林",49,355,0,"HQA122010","SQ58112 021"
1440,11390,31.3,"2GD","2楷林",28,254,13,"HQA069140","SQ57245 041"
1370,7320,19.61,"2GA","2楷林",3,342,0,"HQX022770","SQ49440 521"
1300,11850,30.12,"2GA","2楷林",21,323,0,"HQF114720","SQ71849 541"
1400,11150,30.52,"2GA","2楷林",20,329,0,"HQD140460","SQ66880 511"
1190,9040,21.03,"3GC","2楷林",43,550,0,"HQC060710","SQ62967 531"
1120,11760,25.75,"2GA","2楷林",109,317,0,"HQH124870","SQ77751 561"
1440,11440,32.21,"2GA","2楷林",1,336,0,"HQD062420","SQ65528 031"
1020,10850,21.64,"2GC","2楷林",56,344,0,"HQY081350","SQ52562 521"
1340,11500,30.13,"2GA","2楷林",33,334,0,"HQB069590","SQ60119 541"
1320,9240,23.39,"2GC","2楷林",19,387,0,"HQG108910","SQ74466 521"
1040,11740,23.87,"2GA","2楷林",66,326,0,"HQJ050350","SQ79138 521"
1210,9430,22.31,"2GB","2楷林",45,421,0,"HQH022700","SQ75926 521"
1540,10010,30.14,"2GA","2楷林",17,328,0,"HQJ001040","SQ78380 521"
1370,11810,31.63,"2GB","2楷林",24,454,0,"HQF027220","SQ70431 551"
1420,11810,32.79,"2GB","2楷林",34,531,0,"HQY009220","SQ51636 031"
1570,11300,34.68,"3GC","2楷林",8,271,0,"HQY080870","SQ52541 551"
1200,11040,25.9,"2GA","2楷林",27,344,0,"HQG147210","SQ75163 021"
1250,11260,27.52,"2GB","2楷林",36,338,0,"HQH074710","SQ76822 021"
1290,8950,22.57,"2GA","2楷林",49,334,0,"HQA145520","SQ58478 061"
1270,9940,24.68,"2GA","2楷林",22,451,0,"HQZ153350","SQ55867 551"
1300,11850,30.12,"2GC","2楷林",14,323,0,"HQJ003080","SQ78385 031"
1570,8860,26.67,"2GA","2楷林",8,304,9.7,"HQX152100","SQ51312 511"
1230,9790,23.54,"2GB","2楷林",68,531,0,"HQF151310","SQ72509 011"
1290,8950,22.57,"2GC","2楷林",64,333,0,"HQY066350","SQ52410 561"
1060,9710,20.12,"2GC","2楷林",83,331,0,"HQZ128890","SQ55399 051"
950,9210,17.11,"2GA","2楷林",67,361,0,"HQX093010","SQ50564 551"
1290,9080,22.9,"2GC","2楷林",37,338,0,"HQC041740","SQ62596 061"
1570,9810,30.11,"2GA","2楷林",6,326,0,"HQF064140","SQ70982 521"
1530,11700,35,"2GC","2楷林",30,272,0,"HQZ042360","SQ54068 531"
1350,11150,29.43,"2GC","2楷林",4,462,0,"HQJ047200","SQ79084 531"
1280,9440,23.62,"2GA","2楷林",43,332,0,"HQY113350","SQ52975 561"
1290,7890,19.9,"2GB","2楷林",24,337,0,"HQG118880","SQ74567 531"
1100,7200,15.48,"2GA","2楷林",40,460,0,"HQC126140","SQ64125 051"
1290,11230,28.32,"2GA","2楷林",95,339,0,"HQY121790","SQ53071 531"
1270,9980,24.78,"2GA","2楷林",20,276,0,"HQD136540","SQ66806 041"
1440,11830,33.3,"2GB","2楷林",20,515,0,"HQH071710","SQ76809 511"
970,10740,20.37,"2GC","2楷林",55,466,0,"HQY108270","SQ52886 511"
1380,9080,24.5,"2GA","2楷林",11,256,0,"HQH091180","SQ77136 031"
1270,11220,27.86,"2GA","2楷林",6,275,0,"HQG155460","SQ75301 021"
1220,8700,20.75,"2GD","2楷林",39,496,0,"HQA160620","SQ58711 041"
1210,11540,27.3,"2GA","2楷林",68,436,0,"HQF134360","SQ72220 021"
1160,11360,25.32,"3GC","2楷林",54,510,0,"HQZ089200","SQ54735 511"
1180,11550,26.08,"2GA","2楷林",60,322,0,"HQG161060","SQ75353 011"
960,8950,16.8,"2GC","2楷林",69,343,0,"HQF006560","SQ70157 561"
1360,7590,20.18,"2GA","2楷林",25,361,0,"HQX080820","SQ50389 531"
1570,10900,32.92,"2GA","2楷林",6,283,8.3,"HQE024480","SQ67619 011"
1290,11680,29.46,"2GA","2楷林",14,340,0,"HQE048020","SQ68063 021"
1290,10660,26.88,"2GB","2楷林",27,522,0,"HQX111890","SQ50825 551"
1020,11870,23.67,"2GC","2楷林",70,324,0,"HQA131730","SQ58266 031"
1030,11860,23.88,"2GA","2楷林",29,358,0,"HQJ047810","SQ79076 511"
920,9670,17.39,"2GB","2楷林",82,330,0,"HQC004250","SQ61632 541"
920,7770,13.98,"2GA","2楷林",62,342,0,"HQZ139620","SQ55634 531"
1400,9640,26.38,"2GA","2楷林",45,339,0,"HQA050250","SQ56945 531"
1100,9390,20.19,"2GA","2楷林",96,361,4.5,"HQB029920","SQ59425 541"
1300,11850,30.12,"2GA","2楷林",66,325,0,"HQF122180","SQ71979 511"
1260,8070,19.88,"2GA","2楷林",6,334,0,"HQF101800","SQ71608 551"
1010,11040,21.8,"2GD","2楷林",89,451,0,"HQE042200","SQ67973 551"
1260,11400,27.75,"2GA","2楷林",17,298,0,"HQJ073740","SQ79530 511"
1320,9640,24.88,"2GA","2楷林",66,454,0,"HQB089020","SQ60459 541"
1280,11760,29.43,"3GC","2楷林",68,412,0,"HQH165420","SQ78328 511"
1360,11620,30.9,"2GA","2楷林",15,447,0,"HQJ055080","SQ79201 041"
1180,9570,22.08,"2GA","2楷林",61,444,0,"HQE067220","SQ68416 571"
1090,9470,20.18,"2GC","2楷林",63,430,0,"HQD025000","SQ64864 051"
1150,9810,22.06,"2GA","2楷林",50,332,0,"HQH010240","SQ75718 031"
1310,10350,26.51,"2GC","2楷林",51,270,0,"HQG161570","SQ75415 051"
1570,10100,30.61,"2GD","2楷林",3,275,0,"HQD049520","SQ65294 511"
1400,11760,32.19,"2GB","2楷林",41,311,0,"HQH008760","SQ75702 531"
1090,9920,21.14,"2GA","2楷林",25,327,0,"HQE088030","SQ68808 051"
1410,11790,32.5,"2GB","2楷林",13,501,0,"HQZ084450","SQ54626 031"
1570,10460,32.11,"2GC","2楷林",16,322,0,"HQZ147870","SQ55774 041"
1250,9480,23.17,"2GA","2楷林",22,327,0,"HQJ021190","SQ78677 061"
1280,8020,20.07,"2GD","2楷林",19,547,0,"HQJ087180","SQ79771 041"
1360,11360,30.2,"2GC","2楷林",34,338,0,"HQC074570","SQ63236 551"
930,11610,21.11,"2GA","2楷林",54,305,0,"HQG056900","SQ73777 571"
1030,11820,23.8,"3GC","2楷林",31,332,0,"HQB076800","SQ60251 551"
1570,9800,30.08,"2GD","2楷林",11,321,0,"HQC044980","SQ62651 011"
1280,6610,16.54,"2GB","2楷林",48,427,0,"HQC071220","SQ63150 081"
1100,8890,19.12,"2GA","2楷林",42,374,0,"HQB141900","SQ61439 031"
1090,9420,20.07,"2GC","2楷林",77,505,0,"HQE064630","SQ68378 041"
1290,10980,27.69,"2GA","2楷林",99,337,0,"HQY121830","SQ53072 521"
910,10180,18.11,"2GC","2楷林",71,340,0,"HQZ014010","SQ53771 061"
1250,11750,28.71,"2GA","2楷林",89,297,0,"HQH079670","SQ76940 041"
1250,8290,20.26,"2GB","2楷林",10,422,0,"HQA108830","SQ57927 051"
1270,11150,27.68,"2GA","2楷林",47,273,0,"HQG048190","SQ73643 531"
990,9880,19.12,"2GA","2楷林",41,329,0,"HQA030480","SQ56607 071"
1150,11430,25.7,"2GB","2楷林",84,397,0,"HQJ027680","SQ78768 051"
970,11540,21.88,"3GC","2楷林",47,352,0,"HQG003000","SQ72800 531"
1460,9760,27.86,"2GC","2楷林",7,272,0,"HQE088820","SQ68819 541"
1140,10270,22.89,"2GA","2楷林",49,448,0,"HQG000920","SQ72773 551"
1080,9060,19.13,"2GA","2楷林",63,327,0,"HQG122870","SQ74745 511"
1190,8410,19.57,"2GB","2楷林",53,526,0,"HQG072110","SQ74005 521"
1400,7860,21.17,"2GA","2楷林",31,254,7,"HQZ123660","SQ55296 561"
1000,10320,20.18,"2GB","2楷林",62,334,0,"HQD121550","SQ66524 521"
1250,9650,23.2,"2GA","2楷林",26,259,7.5,"HQJ149680","SQ80898 541"
1280,10200,25.52,"2GA","2楷林",37,334,0,"HQA080430","SQ57443 541"
920,9380,16.87,"2GD","2楷林",63,309,0,"HQJ056210","SQ79227 551"
1260,10390,25.59,"2GA","2楷林",43,338,0,"HQA057180","SQ57070 021"
1250,8810,21.53,"2GA","2楷林",15,350,0,"HQE131570","SQ69574 031"
1550,8900,26.97,"2GB","2楷林",4,516,0,"HQA105920","SQ57888 031"
1290,9190,23.18,"2GA","2楷林",19,328,0,"HQE113130","SQ69279 531"
1180,8140,18.78,"2GB","2楷林",81,430,0,"HQH117260","SQ77592 551"
1270,9330,23.16,"2GA","2楷林",57,332,0,"HQF074900","SQ71140 531"
1200,9930,23.3,"3GC","2楷林",2,460,0,"HQF056900","SQ70941 021"
1310,11590,29.68,"2GD","2楷林",32,465,0,"HQE041630","SQ67969 041"
1510,10040,29.15,"2GA","2楷林",6,273,0,"HQZ159110","SQ55947 521"
1100,6300,13.55,"2GA","2楷林",55,358,0,"HQC123820","SQ64061 041"
1350,8780,23.17,"2GA","2楷林",60,332,0,"HQZ073880","SQ54499 041"
1380,11800,31.07,"2GA","2楷林",15,265,11.6,"HQZ135950","SQ55505 551"
1570,9940,30.51,"2GC","2楷林",55,327,0,"HQC045420","SQ62657 031"
1230,11370,27.34,"3GB","2楷林",43,337,0,"HQF144000","SQ72404 021"
960,9850,18.49,"2GA","2楷林",67,341,0,"HQD144780","SQ66913 021"
1300,11700,29.74,"2GA","2楷林",38,341,0,"HQZ068460","SQ54421 531"
1270,9900,24.19,"2GD","2楷林",17,273,4,"HQX085830","SQ50467 531"
1320,10410,26.86,"3GC","2楷林",30,271,0,"HQF161040","SQ72661 031"
1150,9130,20.53,"2GB","2楷林",27,428,0,"HQH039900","SQ76235 541"
1090,10390,21.94,"2GA","2楷林",62,326,0,"HQG158510","SQ75358 011"
1320,11190,28.88,"2GA","2楷林",26,322,0,"HQC065750","SQ63076 031"
1030,11860,23.88,"2GA","2楷林",90,351,0,"HQG118000","SQ74626 521"
1260,8940,22.02,"2GB","2楷林",64,420,0,"HQZ084970","SQ54662 021"
1380,8390,22.64,"2GA","2楷林",41,289,0,"HQF040430","SQ70648 531"
1260,6720,16.55,"2GB","2楷林",77,418,0,"HQX120260","SQ50916 041"
1080,10450,22.06,"2GB","2楷林",62,332,0,"HQF155550","SQ72591 011"
950,10810,20.08,"2GC","2楷林",63,350,0,"HQG107550","SQ74451 071"
1250,8000,19.55,"2GC","2楷林",76,420,0,"HQY106010","SQ52864 551"
1050,9310,19.11,"2GC","2楷林",89,328,0,"HQB102620","SQ60677 071"
1080,6570,13.87,"2GC","2楷林",77,526,0,"HQF008420","SQ70193 531"
1110,11540,25.04,"2GB","2楷林",19,330,0,"HQC029700","SQ62375 061"
1260,11790,29.04,"2GA","2楷林",15,300,0,"HQJ073720","SQ79523 041"
1340,9010,23.6,"2GA","2楷林",36,327,0,"HQX046210","SQ49872 031"
1570,9320,27.92,"2GA","2楷林",4,259,7.5,"HQF094020","SQ71468 051"
1380,11780,31.27,"2GC","2楷林",30,298,9.4,"HQB132780","SQ61266 021"
1260,8920,21.97,"2GB","2楷林",79,454,0,"HQX043860","SQ49817 011"
940,8640,15.88,"2GC","2楷林",52,304,0,"HQG159980","SQ75395 541"
1250,9370,22.9,"2GA","2楷林",63,342,0,"HQZ167470","SQ56106 551"
1190,10350,24.08,"2GC","2楷林",70,428,0,"HQJ033830","SQ78859 521"
1030,9270,18.67,"2GA","2楷林",52,319,0,"HQX002200","SQ49099 571"
1380,11870,32.02,"2GB","2楷林",29,320,0,"HQZ025240","SQ53854 031"
1290,8810,22.22,"2GB","2楷林",60,428,0,"HQZ131040","SQ55433 031"
1180,8460,19.52,"2GC","2楷林",53,325,0,"HQC039660","SQ62554 041"
1490,8550,24.91,"2GC","2楷林",22,258,0,"HQD104640","SQ66255 031"
1040,11790,23.97,"2GC","2楷林",75,339,0,"HQC091620","SQ63565 021"
1180,11590,25.86,"2GC","2楷林",92,269,2.6,"HQH037490","SQ76185 011"
1290,8520,21.49,"2GA","2楷林",56,343,0,"HQX034000","SQ49653 521"
1490,8160,23.77,"2GB","2楷林",26,430,0,"HQX033700","SQ49621 551"
1400,11230,30.74,"2GB","2楷林",7,525,0,"HQG058210","SQ73825 031"
1290,11730,29.58,"2GC","2楷林",35,334,0,"HQH006790","SQ75676 031"
1570,10260,31.49,"2GD","2楷林",44,329,0,"HQX136680","SQ51157 531"
1250,9000,21.99,"2GA","2楷林",31,447,0,"HQF133990","SQ72215 061"
1380,11700,31.57,"2GA","2楷林",18,249,0,"HQB070790","SQ60144 531"
1100,9330,20.06,"2GA","2楷林",66,355,0,"HQA007950","SQ56270 051"
1160,10960,24.86,"3GC","2楷林",57,338,0,"HQX062240","SQ50180 551"
1140,11060,24.65,"2GC","2楷林",54,366,0,"HQH033690","SQ76101 511"
1360,10560,28.08,"2GA","2楷林",15,312,0,"HQB129150","SQ61211 541"
1520,9030,26.83,"2GB","2楷林",9,465,0,"HQE108110","SQ69174 521"
1310,11540,29.55,"2GA","2楷林",42,329,0,"HQE148800","SQ69904 531"
1370,7090,18.99,"2GA","2楷林",50,327,0,"HQB057550","SQ59878 531"
1180,11750,27.11,"3GC","2楷林",56,425,0,"HQZ150620","SQ55812 051"
1040,10510,21.37,"2GA","2楷林",49,267,0,"HQG067310","SQ73948 531"
1370,8430,22.58,"2GA","2楷林",33,323,0,"HQC062260","SQ62978 541"
960,10370,19.46,"2GA","2楷林",46,329,0,"HQD144570","SQ66915 031"
1090,9210,19.63,"2GC","2楷林",73,331,0,"HQZ052090","SQ54190 071"
1000,10300,20.14,"2GA","2楷林",35,328,0,"HQE045310","SQ68010 511"
1040,11150,22.67,"2GA","2楷林",72,338,0,"HQD028530","SQ64922 041"
1470,10810,30.75,"2GB","2楷林",11,465,0,"HQA030930","SQ56596 021"
1470,8730,25.09,"2GC","2楷林",9,549,0,"HQX148150","SQ51259 051"
1120,11680,25.57,"2GB","2楷林",55,549,0,"HQX103690","SQ50716 521"
1290,8970,22.62,"3GB","2楷林",53,330,0,"HQY095960","SQ52744 541"
1160,9870,22.38,"2GA","2楷林",60,337,0,"HQA164310","SQ58791 041"
1190,10450,24.31,"2GC","2楷林",70,446,0,"HQZ124050","SQ55299 511"
1370,10080,27,"2GA","2楷林",17,318,0,"HQZ116220","SQ55200 031"
1380,10150,27.38,"2GA","2楷林",11,256,0,"HQZ145700","SQ55704 551"
960,10960,20.57,"3GC","2楷林",69,415,0,"HQA095940","SQ57761 541"
1100,11810,25.4,"2GB","2楷林",73,528,0,"HQA102420","SQ57848 541"
1420,7640,21.21,"2GD","2楷林",18,537,0,"HQB077460","SQ60278 031"
1520,11680,34.14,"2GA","2楷林",16,322,0,"HQB022220","SQ59270 021"
1100,8890,19.12,"2GC","2楷林",91,370,0,"HQZ160880","SQ55967 071"
1410,11600,31.98,"2GA","2楷林",42,273,0,"HQX030510","SQ49624 041"
920,7770,13.98,"2GA","2楷林",36,343,0,"HQZ139360","SQ55630 551"
960,8180,15.35,"2GA","2楷林",92,330,0,"HQY100230","SQ52802 571"
1220,7890,18.82,"2GB","2楷林",42,393,0,"HQC137020","SQ64276 551"
1070,11310,23.11,"2GC","2楷林",97,523,0,"HQD109040","SQ66334 521"
1010,8500,16.78,"2GD","2楷林",36,355,0,"HQD100550","SQ66222 531"
1000,9780,19.12,"2GA","2楷林",37,328,0,"HQD145280","SQ66933 571"
1200,10280,24.12,"2GC","2楷林",30,518,0,"HQH150200","SQ78126 551"
1260,9410,23.18,"2GB","2楷林",20,377,0,"HQF106800","SQ71713 061"
1370,11750,31.47,"2GC","2楷林",22,343,0,"HQF138510","SQ72315 011"
1090,11260,23.99,"2GA","2楷林",54,327,0,"HQD106460","SQ66296 051"
970,11570,21.94,"2GC","2楷林",33,356,0,"HQX135420","SQ51136 061"
950,7900,14.67,"2GA","2楷林",56,299,0,"HQE075120","SQ68555 071"
1330,11570,30.08,"2GA","2楷林",15,341,0,"HQF038000","SQ70624 041"
1110,9030,19.6,"2GB","2楷林",38,523,0,"HQJ071620","SQ79476 061"
1500,11650,34.16,"2GA","2楷林",9,269,0,"HQH003600","SQ75600 521"
1290,10480,26.43,"2GA","2楷林",35,335,0,"HQC116680","SQ63911 521"
1200,8780,20.6,"2GA","2楷林",117,343,0,"HQF152830","SQ72542 511"
1040,11450,22.94,"2GA","2楷林",44,272,0,"HQH133720","SQ77910 511"
1100,11100,23.87,"3GC","2楷林",70,355,0,"HQA143030","SQ58427 051"
1350,8780,23.17,"3GC","2楷林",21,323,0,"HQC031260","SQ62400 561"
1390,11720,31.85,"2GB","2楷林",21,314,0,"HQC054420","SQ62861 541"
1230,11570,27.38,"2GC","2楷林",91,310,3.9,"HQH057680","SQ76486 031"
1220,9860,23.13,"2GA","2楷林",47,330,0,"HQY037060","SQ52020 021"
1200,9070,21.28,"2GA","2楷林",73,361,0,"HQJ112580","SQ80284 561"
1160,9340,20.84,"2GC","2楷林",38,327,13.9,"HQC041270","SQ62556 031"
1350,10600,27.98,"2GA","2楷林",23,368,0,"HQC071980","SQ63175 011"
1380,11800,31.84,"2GA","2楷林",32,364,0,"HQJ124680","SQ80484 051"
1280,11630,29.1,"3GC","2楷林",4,498,0,"HQJ148300","SQ80891 041"
1300,8900,22.62,"2GA","2楷林",2,291,0,"HQE052750","SQ68122 041"
1440,10850,30.54,"3GC","2楷林",24,285,0,"HQG028410","SQ73271 541"
1120,11780,25.79,"3GB","2楷林",72,369,0,"HQG066790","SQ73943 071"
1160,10260,23.27,"2GB","2楷林",36,424,0,"HQJ156960","SQ81054 021"
1290,11320,28.55,"3GC","2楷林",9,427,0,"HQC108550","SQ63807 051"
1290,8180,20.63,"2GA","2楷林",40,324,0,"HQX018840","SQ49365 031"
1080,11370,24.01,"2GA","2楷林",,,0,"HQX065220","SQ50183 051"
1260,9370,23.08,"2GA","2楷林",6,327,0,"HQH111990","SQ77524 011"
1040,11790,23.97,"2GA","2楷林",56,340,0,"HQB044210","SQ59671 551"
1290,9170,23.13,"2GB","2楷林",69,331,0,"HQY096120","SQ52722 051"
1370,11250,30.13,"2GC","2楷林",46,333,0,"HQB122280","SQ61096 011"
1220,8630,20.58,"2GB","2楷林",40,465,0,"HQF076390","SQ71206 531"
1240,9240,22.4,"3GC","2楷林",36,424,0,"HQZ150420","SQ55806 561"
1210,10690,25.29,"2GB","2楷林",20,521,0,"HQG024660","SQ73222 021"
1380,11840,31.94,"2GA","2楷林",2,357,0,"HQH119070","SQ77616 521"
960,10370,19.46,"2GA","2楷林",74,334,0,"HQF003610","SQ70121 041"
1460,11460,32.71,"2GD","2楷林",3,268,0,"HQC091830","SQ63541 031"
1260,10230,25.2,"2GB","2楷林",50,329,0,"HQZ080450","SQ54584 521"
1230,8730,20.99,"2GD","2楷林",23,550,0,"HQH031120","SQ76046 041"
1030,9670,19.47,"2GA","2楷林",50,328,0,"HQB051300","SQ59768 561"
980,11440,21.92,"2GA","2楷林",86,347,0,"HQH140980","SQ78014 551"
1000,9780,19.12,"2GA","2楷林",21,329,0,"HQD157230","SQ67126 581"
1490,9880,27.71,"2GC","2楷林",17,292,7.2,"HQF086860","SQ71353 011"
1100,7930,17.05,"2GB","2楷林",40,365,0,"HQY007340","SQ51608 541"
1350,11640,30.72,"3GC","2楷林",15,466,0,"HQY101290","SQ52815 031"
980,8390,16.07,"3GC","2楷林",83,467,0,"HQJ086980","SQ79772 031"
1220,10580,25.23,"2GA","2楷林",9,334,0,"HQG163500","SQ75429 051"
1070,11870,24.83,"2GC","2楷林",43,292,0,"HQD021580","SQ64828 061"
1290,10210,25.75,"3GC","2楷林",25,483,0,"HQC119380","SQ63974 021"
1380,10090,27.22,"2GA","2楷林",80,301,0,"HQY144680","SQ53350 041"
1230,11480,27.61,"2GB","2楷林",90,514,0,"HQB094060","SQ60574 551"
1290,10360,26.13,"2GA","2楷林",38,317,0,"HQH124160","SQ77731 031"
1100,10020,21.55,"3GC","2楷林",47,329,0,"HQF054080","SQ70901 011"
1210,9900,23.42,"2GB","2楷林",53,421,0,"HQX107010","SQ50746 541"
1410,9290,25.15,"2GC","2楷林",1,507,0,"HQF005880","SQ70172 511"
1300,9660,24.16,"2GC","2楷林",4,265,8.8,"HQC089480","SQ63493 561"
1050,11830,24.28,"2GC","2楷林",85,285,0,"HQE149230","SQ69923 061"
1210,10000,23.66,"2GB","2楷林",73,419,0,"HQG102450","SQ74367 541"
1410,9130,24.9,"2GC","2楷林",11,256,0,"HQA132970","SQ58288 521"
1260,9600,23.65,"2GC","2楷林",31,416,0,"HQZ015410","SQ53793 051"
1410,10940,29.94,"2GA","2楷林",18,309,0,"HQF147040","SQ72475 011"
1280,10810,27.05,"2GB","2楷林",7,517,0,"HQG111120","SQ74481 011"
1060,6740,13.97,"2GC","2楷林",38,342,0,"HQZ013680","SQ53769 041"
1310,10380,26.58,"2GC","2楷林",31,336,0,"HQE141640","SQ69766 011"
1230,11640,27.99,"2GA","2楷林",1,276,0,"HQG155410","SQ75306 031"
1110,10170,22.07,"2GA","2楷林",39,327,0,"HQC032710","SQ62425 511"
1260,9370,23.08,"2GA","2楷林",46,322,0,"HQF112650","SQ71821 041"
1190,9370,21.43,"2GB","2楷林",43,337,0,"HQG126580","SQ74746 021"
1070,8260,17.28,"2GB","2楷林",93,528,0,"HQX091090","SQ50534 021"
1310,9980,25.56,"2GA","2楷林",48,454,0,"HQA015470","SQ56402 021"
1240,10400,25.21,"2GC","2楷林",2,480,0,"HQJ096550","SQ79941 511"
1390,11720,31.85,"2GA","2楷林",13,328,0,"HQH147990","SQ78130 021"
1260,10390,25.59,"2GB","2楷林",29,342,0,"HQZ010430","SQ53728 511"
1460,11860,33.85,"2GC","2楷林",12,267,0,"HQZ037820","SQ54008 021"
1220,9660,23.04,"2GB","2楷林",48,526,0,"HQA011070","SQ56357 551"
1310,8820,22.59,"2GA","2楷林",39,328,0,"HQE069380","SQ68464 041"
1220,9710,23.16,"2GA","2楷林",44,342,0,"HQH110180","SQ77480 051"
1480,9710,27.65,"2GA","2楷林",16,277,9,"HQH060270","SQ76542 531"
1130,9070,19.59,"2GA","2楷林",55,454,0,"HQA156160","SQ58655 021"
1190,8250,19.19,"2GB","2楷林",74,427,0,"HQJ070320","SQ79448 561"
1220,11780,28.1,"2GA","2楷林",20,453,0,"HQZ055710","SQ54237 541"
1100,8870,19.07,"2GB","2楷林",87,329,0,"HQA075120","SQ57347 011"
1160,10320,23.4,"2GB","2楷林",61,418,0,"HQJ157210","SQ81064 521"
1260,9110,22.44,"2GC","2楷林",7,411,0,"HQA140530","SQ58402 041"
1260,9440,23.25,"2GA","2楷林",96,327,2.2,"HQA153060","SQ58599 041"
1000,11370,22.23,"2GA","2楷林",86,331,0,"HQA038250","SQ56709 551"
1290,11730,29.58,"2GA","2楷林",43,342,0,"HQD027030","SQ64896 051"
1040,9190,18.69,"2GC","2楷林",60,344,0,"HQH049260","SQ76350 561"
1290,9950,25.09,"2GA","2楷林",60,325,0,"HQZ103750","SQ54987 511"
1280,9620,24.07,"2GA","2楷林",34,524,0,"HQH080010","SQ76956 051"
1180,6550,15.11,"2GC","2楷林",69,422,0,"HQH071320","SQ76798 031"
1290,8760,22.09,"3GC","2楷林",22,447,0,"HQG127860","SQ74831 541"
1360,8410,22.36,"2GA","2楷林",30,455,0,"HQB085030","SQ60399 041"
1570,9810,30.11,"2GA","2楷林",30,326,0,"HQE093850","SQ68925 541"
1560,11450,34.36,"2GA","2楷林",4,255,12,"HQA009740","SQ56235 541"
1190,10500,24.43,"2GA","2楷林",29,338,0,"HQY110330","SQ52904 041"
1240,8650,20.97,"2GB","2楷林",21,394,0,"HQH098850","SQ77278 531"
1300,11830,30.07,"2GA","2楷林",52,327,0,"HQH119580","SQ77649 511"
1300,10840,27.55,"2GA","2楷林",9,329,0,"HQX104620","SQ50732 551"
1570,8990,27.42,"2GA","2楷林",12,332,0,"HQE081240","SQ68691 011"
1110,7060,15.32,"2GA","2楷林",44,348,0,"HQC022940","SQ62270 581"
1350,9430,24.89,"3GC","2楷林",11,339,0,"HQC127310","SQ64131 011"
1450,8700,24.66,"2GB","2楷林",6,532,0,"HQC104520","SQ63729 061"
1070,9230,19.31,"2GB","2楷林",55,428,0,"HQJ074120","SQ79528 531"
940,10770,19.79,"3GC","2楷林",57,335,0,"HQC030080","SQ62362 021"
1540,7330,22.07,"2GA","2楷林",6,264,0,"HQC137700","SQ64313 531"
1130,8510,18.8,"2GC","2楷林",39,446,0,"HQG131510","SQ74907 541"
1350,8670,22.88,"2GA","2楷林",21,339,0,"HQA059830","SQ57095 041"
1110,6190,13.43,"3GC","2楷林",83,516,0,"HQA157110","SQ58645 571"
1110,11000,23.87,"2GA","2楷林",47,351,0,"HQZ165820","SQ56061 541"
1260,8430,20.77,"2GA","2楷林",23,317,0,"HQF099200","SQ71600 531"
1290,11140,28.09,"2GB","2楷林",42,308,0,"HQG113820","SQ74564 531"
1420,8270,22.96,"2GC","2楷林",32,550,0,"HQD103240","SQ66229 051"
1260,10230,25.2,"2GB","2楷林",69,339,0,"HQY087530","SQ52625 521"
1570,9280,28.48,"2GB","2楷林",29,416,0,"HQC058840","SQ62925 011"
1080,10900,23.01,"3GC","2楷林",60,541,0,"HQH021500","SQ75877 031"
1290,10400,26.23,"3GC","2楷林",15,336,0,"HQY136990","SQ53262 551"
900,11020,19.39,"2GB","2楷林",91,337,0,"HQG143240","SQ75075 551"
1210,11810,27.94,"2GB","2楷林",58,516,0,"HQG148770","SQ75194 031"
1160,10030,22.75,"2GA","2楷林",91,465,0,"HQZ059340","SQ54298 021"
1270,8990,22.32,"2GC","2楷林",10,330,0,"HQG165920","SQ75469 021"
1390,9330,24.9,"2GB","2楷林",35,438,0,"HQZ086460","SQ54679 511"
1380,11850,31.97,"3GC","2楷林",28,270,0,"HQD087820","SQ65965 021"
1040,11830,24.05,"3GC","2楷林",84,295,0,"HQJ040100","SQ78972 521"
1110,11630,25.24,"2GA","2楷林",101,324,0,"HQZ142470","SQ55660 031"
1330,11090,28.29,"3GC","2楷林",2,288,0,"HQA115000","SQ58014 511"
1540,10010,30.14,"2GC","2楷林",31,334,0,"HQF091600","SQ71410 011"
1110,9250,20.07,"2GA","2楷林",86,330,0,"HQC033180","SQ62425 541"
1430,11720,32.42,"2GB","2楷林",26,375,16.5,"HQG074540","SQ73976 521"
1110,10230,22.2,"2GA","2楷林",20,325,0,"HQE027800","SQ67699 551"
1460,10030,28.63,"2GA","2楷林",30,267,0,"HQF078410","SQ71244 031"
1090,10390,22.14,"2GC","2楷林",81,325,0,"HQA034030","SQ56645 521"
1540,9070,26.86,"2GB","2楷林",12,448,0,"HQF121620","SQ72007 511"
1410,11710,31.94,"2GC","2楷林",42,273,0,"HQF143070","SQ72400 511"
1110,11050,23.98,"2GA","2楷林",48,344,0,"HQF077260","SQ71222 031"
1310,7430,19.03,"3GB","2楷林",39,322,0,"HQZ012260","SQ53764 021"
1470,11550,33.19,"2GB","2楷林",13,558,0,"HQD028710","SQ64936 041"
1360,8630,22.69,"2GA","2楷林",15,260,0,"HQD046910","SQ65206 021"
1290,7890,19.9,"2GA","2楷林",71,343,0,"HQJ059090","SQ79254 541"
1000,8020,15.35,"2GC","2楷林",90,325,13.9,"HQD012690","SQ64666 511"
1200,11590,27.19,"3GC","2楷林",50,526,0,"HQA011860","SQ56369 531"
1250,6490,15.86,"2GA","2楷林",31,358,0,"HQF117110","SQ71906 051"
1270,11610,28.49,"2GC","2楷林",68,534,0,"HQB081830","SQ60335 511"
1510,11820,34.89,"2GC","2楷林",11,456,0,"HQY107830","SQ52873 041"
1370,11460,30.69,"3GC","2楷林",31,313,0,"HQE116700","SQ69296 041"
1310,8680,22.23,"2GC","2楷林",17,438,0,"HQG052870","SQ73722 051"
1350,7600,20.06,"2GA","2楷林",8,334,0,"HQA046260","SQ56861 021"
1020,10800,21.54,"2GA","2楷林",97,344,0,"HQX060010","SQ50144 531"
1110,11000,23.87,"2GA","2楷林",56,353,0,"HQZ005820","SQ53697 511"
1260,9410,23.18,"2GA","2楷林",33,369,0,"HQH050840","SQ76409 541"
1560,9540,29.1,"2GB","2楷林",15,430,0,"HQZ031120","SQ53901 541"
1300,8020,20.38,"2GB","2楷林",50,430,0,"HQA113320","SQ57987 541"
1310,11610,29.73,"2GA","2楷林",71,334,0,"HQJ039050","SQ78927 051"
1350,8670,22.88,"2GA","2楷林",45,342,0,"HQA060070","SQ57098 011"
1350,10750,28.37,"2GC","2楷林",24,525,0,"HQF070700","SQ71097 051"
1100,11620,24.99,"2GC","2楷林",91,543,0,"HQZ062050","SQ54329 521"
1260,6450,15.89,"2GA","2楷林",9,338,0,"HQF114080","SQ71819 011"
1400,10570,28.93,"2GA","2楷林",73,333,0,"HQA050530","SQ56954 531"
1380,9600,25.9,"2GC","2楷林",37,331,0,"HQB075190","SQ60232 051"
1370,11870,31.79,"2GC","2楷林",9,327,0,"HQX018530","SQ49374 051"
1030,10880,21.91,"3GC","2楷林",60,400,0,"HQC020060","SQ62208 531"
1140,11250,25.07,"3GC","2楷林",20,288,0,"HQD021350","SQ64826 521"
1100,9360,20.13,"2GA","2楷林",92,329,0,"HQB090100","SQ60485 561"
900,10970,19.3,"2GA","2楷林",63,409,0,"HQH157210","SQ78222 581"
1100,9860,21.2,"2GA","2楷林",76,330,0,"HQH011310","SQ75742 061"
1240,9350,22.67,"2GC","2楷林",31,337,0,"HQZ152780","SQ55835 051"
1570,8710,26.48,"2GA","2楷林",25,328,0,"HQC103540","SQ63716 011"
1040,11800,23.99,"2GC","2楷林",32,321,0,"HQG104690","SQ74373 041"
1570,7360,22.59,"2GA","2楷林",67,339,0,"HQD126960","SQ66598 551"
1260,7840,19.31,"2GA","2楷林",31,338,0,"HQH096900","SQ77255 541"
1510,9360,27.19,"2GD","2楷林",67,271,4.8,"HQF127750","SQ72079 541"
1070,11470,23.99,"2GC","2楷林",68,298,0,"HQJ039940","SQ78970 561"
1290,9170,23.13,"2GA","2楷林",83,331,0,"HQA092810","SQ57741 561"
1230,11540,27.75,"2GB","2楷林",29,518,0,"HQX102510","SQ50685 541"
1090,11730,25,"2GB","2楷林",75,399,0,"HQA018020","SQ56440 041"
1380,11250,30.35,"2GC","2楷林",20,330,0,"HQA117330","SQ58056 551"
1470,11850,34.06,"2GB","2楷林",8,472,0,"HQG040280","SQ73476 531"
1370,10080,27,"2GA","2楷林",23,317,0,"HQZ116280","SQ55198 541"
1410,11860,32.69,"2GC","2楷林",41,277,0,"HQE089160","SQ68827 011"
1290,10380,26.18,"2GA","2楷林",32,342,0,"HQZ109290","SQ55110 521"
1240,10180,24.68,"2GB","2楷林",39,456,0,"HQJ140710","SQ80751 551"
1320,9880,25.5,"2GA","2楷林",35,344,0,"HQC067520","SQ63087 011"
1300,8930,22.7,"2GA","2楷林",32,264,0,"HQB044820","SQ59703 041"
1290,9670,24.39,"2GB","2楷林",32,393,0,"HQY104770","SQ52847 011"
1170,11260,25.76,"2GA","2楷林",70,315,0,"HQD105800","SQ66274 061"
1090,7620,16.24,"2GA","2楷林",80,452,0,"HQZ004360","SQ53681 061"
1480,9410,26.77,"2GC","2楷林",3,518,0,"HQF148540","SQ72478 011"
1380,11780,31.78,,"2楷林",5,313,0,"HQJ023530","SQ78734 011"
1570,9530,28.97,"2GA","2楷林",2,343,0,"HQD062430","SQ65524 011"
1110,8180,17.75,"2GA","2楷林",39,283,0,"HQH147230","SQ78093 551"
1260,9330,22.98,"2GB","2楷林",45,436,0,"HQJ025660","SQ78754 551"
1410,11820,32.58,"2GC","2楷林",27,322,0,"HQJ121490","SQ80428 021"
1210,9420,22.28,"2GB","2楷林",30,417,0,"HQG101410","SQ74364 021"
1040,11010,22.39,"3GC","2楷林",69,334,0,"HQG136940","SQ75012 521"
1210,9760,23.09,"2GB","2楷林",2,469,0,"HQE045790","SQ68004 051"
1250,8810,21.53,"2GC","2楷林",24,342,0,"HQA163190","SQ58770 071"
1530,11680,34.71,"3GC","2楷林",32,272,0,"HQZ042380","SQ54069 511"
1250,9480,23.17,"2GA","2楷林",53,354,0,"HQJ019260","SQ78581 551"
1290,9870,24.89,"2GA","2楷林",37,338,0,"HQA064350","SQ57163 521"
1280,9510,23.8,"2GD","2楷林",31,329,0,"HQY070310","SQ52425 031"
1190,9320,21.68,"3GC","2楷林",37,334,0,"HQH100250","SQ77296 041"
1300,5930,15.07,"2GB","2楷林",32,526,0,"HQY124630","SQ53088 051"
1540,7490,21.65,"2GC","2楷林",13,249,7,"HQF131000","SQ72156 511"
1190,8660,20.15,"3GC","2楷林",22,422,0,"HQD018520","SQ64792 051"
1320,11870,30.63,"3GC","2楷林",13,327,0,"HQE155900","SQ69985 031"
1380,11800,31.84,"2GB","2楷林",9,330,0,"HQJ000160","SQ78377 521"
1070,11780,24.64,"2GA","2楷林",60,313,0,"HQG136850","SQ74996 541"
1250,8230,20.11,"3GC","2楷林",38,336,0,"HQG070160","SQ73993 041"
1280,11530,28.85,"3GB","2楷林",5,327,0,"HQB079870","SQ60323 041"
1030,11860,23.88,"2GA","2楷林",48,353,0,"HQJ014650","SQ78590 041"
1050,11120,22.83,"2GC","2楷林",58,291,0,"HQC025510","SQ62296 541"
1560,6780,20.68,"2GC","2楷林",8,259,0,"HQY154760","SQ53524 051"
1550,10050,30.45,"2GA","2楷林",7,280,0,"HQD061500","SQ65501 521"
1070,10740,22.47,"2GA","2楷林",76,326,0,"HQX059800","SQ50137 551"
1380,11850,31.46,"2GA","2楷林",34,297,12.8,"HQC080410","SQ63299 511"
960,8900,16.7,"2L2","1楷林",85,342,0,"HQG071570","SP16906 071"
1230,6760,16.26,"2GA","2楷林",46,458,0,"HQZ153590","SQ55870 041"
1290,7870,19.85,"3F1","2楷林",37,341,0,"HQY095800","SQ52745 571"
1320,11810,30.48,"2GA","2楷林",55,275,0,"HQF119120","SQ71950 021"
1510,10870,32.09,"2GA","2楷林",33,325,0,"HQJ001200","SQ78382 041"
1260,9360,23.06,"2GA","2楷林",25,326,0,"HQC098540","SQ63645 051"
1220,10060,23.99,"2GA","2楷林",60,326,0,"HQH113580","SQ77558 031"
970,9800,18.11,"2GB","2楷林",39,337,0,"HQE047580","SQ68060 011"
1190,11770,27.38,"2GA","2楷林",58,514,0,"HQE067190","SQ68402 041"
1430,9230,25.35,"2GC","2楷林",8,422,0,"HQA111050","SQ57955 511"
1240,9560,23.18,"2GA","2楷林",42,326,0,"HQF055770","SQ70904 021"
1240,10140,24.58,"2GC","2楷林",42,335,0,"HQH106030","SQ77401 051"
1250,11080,27.08,"3GC","2楷林",19,452,0,"HQJ096720","SQ79958 511"
1400,11800,32.3,"2GB","2楷林",2,563,0,"HQX001700","SQ49084 021"
1420,11810,32.79,"2GB","2楷林",35,531,0,"HQY009230","SQ51636 021"
1290,11770,29.68,"2GB","2楷林",40,334,0,"HQX108860","SQ50766 521"
1250,10940,26.73,"3GB","2楷林",57,524,0,"HQY038260","SQ52051 031"
1070,8200,17.15,"2GC","2楷林",67,366,0,"HQH033820","SQ76104 551"
1040,10430,20.8,"2GB","2楷林",77,336,0,"HQC004200","SQ61629 011"
1360,8490,22.57,"2GC","2楷林",50,332,0,"HQC075600","SQ63240 041"
900,11700,20.59,"2GA","2楷林",43,396,0,"HQH099070","SQ77279 021"
1190,11410,26.21,"2GB","2楷林",80,488,0,"HQD096080","SQ66054 511"
1100,8660,18.62,"2GA","2楷林",64,331,0,"HQX072290","SQ50287 561"
950,10810,20.08,"2GC","2楷林",55,350,0,"HQG107470","SQ74451 021"
1570,8370,25.28,"2GA","2楷林",6,278,5.6,"HQX127680","SQ51027 041"
1130,9230,20.39,"2GC","2楷林",53,535,0,"HQJ148120","SQ80869 541"
1200,10230,24,"2GB","2楷林",84,424,0,"HQH115770","SQ77580 061"
930,9970,18.13,"3GC","2楷林",76,306,0,"HQB079810","SQ60309 071"
1290,8540,21.54,"2GA","2楷林",86,450,0,"HQZ012730","SQ53763 061"
1570,11510,34.99,"2GC","2楷林",9,266,0,"HQE050380","SQ68084 011"
1090,9380,19.99,"2GA","2楷林",35,346,0,"HQJ050060","SQ79132 011"
960,9570,17.96,"3GC","2楷林",60,336,0,"HQA103330","SQ57864 031"
1250,11000,26.34,"3GC","2楷林",23,440,0,"HQD024600","SQ64862 011"
1240,7940,19.25,"2GA","2楷林",50,335,0,"HQH018320","SQ75831 041"
1370,11290,30.24,"2GA","2楷林",59,328,0,"HQZ121580","SQ55276 031"
1380,11120,30,"2GC","2楷林",46,339,0,"HQX062130","SQ50173 041"
1240,7570,18.35,"2GB","2楷林",75,330,0,"HQB133230","SQ61267 021"
1520,11710,34.8,"2GA","2楷林",21,252,0,"HQG071790","SQ74009 031"
1500,11610,34.05,"2GD","2楷林",7,272,0,"HQD050980","SQ65296 531"
1570,11400,34.99,"2GA","2楷林",71,274,0,"HQH026910","SQ75966 021"
1500,10710,31.41,"2GD","2楷林",7,513,0,"HQX073600","SQ50322 031"
1310,11560,29.61,"3GC","2楷林",17,321,0,"HQY056930","SQ52263 071"
1260,8910,21.95,"2GB","2楷林",50,467,0,"HQX094490","SQ50570 021"
1370,10080,27,"2GA","2楷林",13,318,0,"HQZ116180","SQ55200 051"
1300,9090,23.1,"2GA","2楷林",24,333,0,"HQH119300","SQ77649 041"
1110,11050,23.98,"2GA","2楷林",78,325,0,"HQY041680","SQ52081 051"
1460,10760,30.71,"2GA","2楷林",26,270,0,"HQD073500","SQ65725 541"
1420,11250,30.79,"2GA","2楷林",17,342,0,"HQG112070","SQ74530 011"
1330,10980,27.86,"2GC","2楷林",8,286,13.5,"HQB130810","SQ61218 011"
1240,11560,28.02,"3GC","2楷林",42,272,0,"HQZ013170","SQ53754 521"
1260,7960,19.61,"2GD","2楷林",73,341,0,"HQA016370","SQ56446 541"
1410,11640,32.09,"2GB","2楷林",14,502,0,"HQZ084460","SQ54626 541"
1250,9350,22.85,"2GD","2楷林",38,471,0,"HQZ170110","SQ56125 561"
1250,9640,23.56,"2GC","2楷林",61,326,0,"HQY139990","SQ53286 531"
1210,10820,25.6,"2GB","2楷林",29,435,0,"HQA070700","SQ57270 521"
1130,11040,24.39,"2GA","2楷林",82,337,0,"HQB090000","SQ60480 031"
1070,8660,18.12,"3GC","2楷林",39,531,0,"HQG140670","SQ75062 051"
1430,11690,31.82,"2GC","2楷林",24,319,9.6,"HQZ044700","SQ54096 011"
1280,9260,23.17,"2GA","2楷林",43,330,0,"HQF148940","SQ72497 051"
1290,8800,22.19,"2GC","2楷林",41,338,0,"HQH006850","SQ75673 541"
1320,8960,23.12,"2GA","2楷林",48,328,0,"HQC065970","SQ63079 561"
1490,11720,34.14,"2GC","2楷林",39,275,0,"HQZ042450","SQ54073 541"
900,9860,17.35,"2GA","2楷林",76,334,0,"HQZ035940","SQ53998 581"
1200,11380,26.7,"2GB","2楷林",40,442,0,"HQJ111590","SQ80247 031"
900,10430,18.35,"2GA","2楷林",38,310,0,"HQD101270","SQ66199 061"
1270,11710,28.73,"3GC","2楷林",38,308,0,"HQA139570","SQ58362 511"
1210,9690,22.92,"2GB","2楷林",68,519,0,"HQA076820","SQ57397 531"
990,11640,22.53,"2GC","2楷林",87,355,0,"HQG002450","SQ72795 531"
1310,9120,23.09,"2GD","2楷林",1,269,0,"HQX078810","SQ50379 011"
920,10040,18.06,"3GC","2楷林",70,342,0,"HQY051590","SQ52216 571"
1090,11400,24.29,"2GC","2楷林",70,270,0,"HQA140450","SQ58385 531"
900,9950,17.51,"2GA","2楷林",41,412,0,"HQH158400","SQ78224 041"
1300,9120,23.18,"2GA","2楷林",26,376,0,"HQC019720","SQ62214 561"
1290,11310,28.52,"2GB","2楷林",55,418,0,"HQA035580","SQ56671 051"
1380,11800,31.84,"2GA","2楷林",3,354,0,"HQA013270","SQ56370 031"
1370,6810,18.11,"2GC","2楷林",45,457,0,"HQG008050","SQ72874 511"
1110,11070,24.02,"2GA","2楷林",48,353,0,"HQX047140","SQ49903 051"
1270,10250,25.45,"2GC","2楷林",38,428,0,"HQA052700","SQ56996 061"
1200,8420,19.75,"2GB","2楷林",38,538,0,"HQF115610","SQ71889 521"
1370,10900,28.77,"2GA","2楷林",4,332,0,"HQH096630","SQ77250 521"
1260,9360,23.06,"2GA","2楷林",31,345,0,"HQJ053120","SQ79163 051"
1310,8480,21.72,"2GA","2楷林",28,344,0,"HQD043220","SQ65157 021"
1290,9870,24.89,"2GA","2楷林",76,339,0,"HQE103750","SQ69068 011"
1190,11340,26.38,"2GC","2楷林",52,349,0,"HQA040240","SQ56741 531"
960,10730,20.14,"2GA","2楷林",82,325,0,"HQG154010","SQ75287 031"
1050,11700,24.02,"2GB","2楷林",51,356,0,"HQE056570","SQ68204 521"
910,10180,18.11,"2GC","2楷林",87,344,0,"HQY132670","SQ53205 571"
1000,9370,18.32,"2GA","2楷林",53,338,0,"HQC101490","SQ63682 051"
1320,10150,26.19,"2GA","2楷林",64,339,0,"HQB131370","SQ61254 551"
1450,7980,22.62,"3GC","2楷林",4,273,0,"HQH135040","SQ77925 541"
1030,11560,22.91,"2GA","2楷林",58,273,8.9,"HQH033130","SQ76044 031"
1070,10780,22.55,"2GA","2楷林",60,298,0,"HQD040840","SQ65128 541"
1140,9130,20.35,"2GC","2楷林",66,330,0,"HQZ098640","SQ54897 571"
1190,9110,21.19,"2GC","2楷林",63,450,0,"HQG133820","SQ74960 531"
1380,11810,31.86,"2GC","2楷林",15,388,0,"HQC002630","SQ61625 511"
1260,9170,22.59,"3GB","2楷林",27,336,0,"HQX143050","SQ51223 561"
1220,10890,25.97,"2GB","2楷林",43,470,0,"HQJ036470","SQ78895 551"
1530,11700,35,"2GA","2楷林",26,284,0,"HQE003220","SQ67290 041"
1300,9100,23.13,"2GA","2楷林",40,333,0,"HQF121920","SQ71982 541"
1260,9390,23.13,"2GA","2楷林",24,371,0,"HQX082590","SQ50432 021"
1070,11320,23.68,"3GC","2楷林",44,538,0,"HQH167090","SQ78356 541"
1360,7760,20.63,"2GA","2楷林",6,315,0,"HQY150990","SQ53454 051"
1040,11740,23.87,"2GC","2楷林",70,354,0,"HQA114460","SQ57984 051"
1190,10690,24.87,"2GC","2楷林",45,446,0,"HQY056490","SQ52247 041"
1260,10230,25.2,"2GA","2楷林",37,323,0,"HQC056980","SQ62889 041"
1270,9750,24.21,"3GC","2楷林",14,345,0,"HQH130170","SQ77839 511"
1370,11580,30.79,"2GA","2楷林",1,343,0,"HQJ014180","SQ78573 511"
930,11750,21.36,"3GC","2楷林",66,300,0,"HQG064990","SQ73919 521"
1100,8890,19.12,"3GC","2楷林",66,371,0,"HQZ161740","SQ55972 561"
1090,11200,23.87,"2GB","2楷林",106,354,0,"HQY048580","SQ52166 541"
990,9880,19.12,"2GB","2楷林",43,329,0,"HQA131460","SQ58255 541"
1300,7710,19.59,"2GB","2楷林",39,429,0,"HQD096680","SQ66109 531"
930,8730,15.87,"3GC","2楷林",64,310,0,"HQH028050","SQ76020 031"
1270,11510,28.58,"2GA","2楷林",83,309,0,"HQZ040170","SQ54039 021"
1280,11630,29.1,"2GC","2楷林",16,504,0,"HQJ148420","SQ80891 551"
1330,11610,30.19,"2GD","2楷林",43,527,0,"HQA124800","SQ58141 541"
1210,11810,27.94,"3GC","2楷林",59,548,0,"HQC060870","SQ62961 531"
1260,9410,23.18,"2GA","2楷林",35,368,0,"HQG023210","SQ73190 011"
1440,11870,33.42,"2GD","2楷林",13,452,0,"HQF050880","SQ70844 521"
1260,10170,25.05,"2GB","2楷林",24,323,0,"HQZ080190","SQ54575 051"
1450,11700,33.17,"2GA","2楷林",2,324,0,"HQY001740","SQ51546 031"
1270,10730,26.21,"2GA","2楷林",48,313,6.3,"HQZ039820","SQ54036 041"
1410,11450,31.56,"2GA","2楷林",24,342,0,"HQD038650","SQ65104 031"
1240,11010,26.69,"3GC","2楷林",64,336,0,"HQH106250","SQ77403 031"
1110,9040,19.62,"2GB","2楷林",64,430,0,"HQA109370","SQ57938 531"
1500,11780,34.54,"2GA","2楷林",25,274,0,"HQJ121990","SQ80445 021"
1030,8540,17.2,"2GA","2楷林",63,438,0,"HQG001060","SQ72779 551"
1240,7970,19.32,"2GA","2楷林",29,337,0,"HQX069020","SQ50271 541"
1260,9200,22.66,"2GB","2楷林",19,328,0,"HQZ080140","SQ54585 011"
1070,9140,19.12,"2GA","2楷林",94,329,0,"HQX160060","SQ51434 041"
980,10790,20.46,"2GC","2楷林",54,346,0,"HQJ012460","SQ78552 511"
960,11350,21.3,"3GB","2楷林",57,399,0,"HQH098450","SQ77272 051"
1290,9340,23.56,"2GA","2楷林",6,340,0,"HQJ081580","SQ79662 031"
1400,11790,32.27,"2GB","2楷林",22,518,0,"HQG058360","SQ73822 021"
1000,8040,15.72,"2GA","2楷林",61,457,0,"HQX027530","SQ49533 571"
1290,9190,23.18,"2GD","2楷林",30,329,0,"HQA128000","SQ58201 541"
1150,11430,25.7,"2GB","2楷林",81,397,0,"HQJ027650","SQ78768 551"
1350,8780,23.17,"3GC","2楷林",27,323,0,"HQC031320","SQ62400 041"
1270,11690,29.02,"2GA","2楷林",2,325,0,"HQH132730","SQ77874 511"
1080,11010,23.25,"2GC","2楷林",68,545,0,"HQH021580","SQ75877 051"
1010,9940,19.63,"3GC","2楷林",53,280,0,"HQC055260","SQ62868 531"
1210,10450,24.72,"2GA","2楷林",69,510,0,"HQH154590","SQ78186 031"
1170,11800,26.34,"2GA","2楷林",24,259,39.8,"HQJ106070","SQ79942 031"
1290,8950,22.57,"3GC","2楷林",34,329,0,"HQX024240","SQ49505 521"
1010,10190,20.12,"2GA","2楷林",78,367,0,"HQC083690","SQ63380 031"
1110,10360,22.48,"2GA","2楷林",61,352,0,"HQB013410","SQ59094 041"
1100,8660,18.62,"2GA","2楷林",78,333,0,"HQX064000","SQ50200 011"
1170,9250,21.16,"2GC","2楷林",57,512,0,"HQC069490","SQ63112 511"
1400,11510,31,"2GD","2楷林",1,273,7.8,"HQX086210","SQ50476 021"
1290,8950,22.57,"2GA","2楷林",47,334,0,"HQX119960","SQ50901 551"
1470,10150,29.17,"3GC","2楷林",26,334,0,"HQB133680","SQ61292 531"
1090,9960,21.22,"2GA","2楷林",39,336,0,"HQE066130","SQ68389 531"
1390,9030,24.54,"2GD","2楷林",3,555,0,"HQZ152500","SQ55838 021"
1070,10990,22.99,"2GA","2楷林",113,487,0,"HQZ059560","SQ54302 021"
1280,8040,20.12,"2GC","2楷林",68,318,0,"HQZ107220","SQ55085 051"
1100,9390,20.19,"2GA","2楷林",74,363,3.8,"HQB029700","SQ59428 061"
1080,10040,21.2,"2GD","2楷林",81,328,0,"HQY025460","SQ51870 541"
1170,10970,25.09,"3GC","2楷林",14,501,0,"HQJ143230","SQ80786 551"
1200,9860,23.13,"3GC","2楷林",23,265,0,"HQF048980","SQ70821 521"
1570,8600,26.4,"2GC","2楷林",43,328,0,"HQZ148140","SQ55776 061"
1270,9580,23.79,"3GC","2楷林",10,355,0,"HQJ039360","SQ78948 551"
1240,6050,14.67,"2GB","2楷林",89,424,0,"HQZ151630","SQ55839 041"
950,9190,17.07,"2GB","2楷林",68,368,0,"HQF085550","SQ71365 581"
1510,11850,34.98,"3GC","2楷林",12,277,0,"HQJ049830","SQ79141 021"
1430,7090,19.82,"2GC","2楷林",9,432,0,"HQD051580","SQ65262 561"
1550,9720,29.45,"2GB","2楷林",12,548,0,"HQX071770","SQ50284 021"
1250,11170,27.3,"2GB","2楷林",25,441,0,"HQF105610","SQ71684 041"
1210,8910,21.08,"2GB","2楷林",70,423,0,"HQX107180","SQ50746 561"
1260,10380,25.57,"2GC","2楷林",54,344,13.1,"HQF140760","SQ72325 521"
1110,10230,22.2,"2GA","2楷林",46,341,0,"HQE099170","SQ69028 531"
1270,9540,23.69,"2GB","2楷林",18,467,0,"HQG040380","SQ73481 051"
1470,11750,33.42,"2GC","2楷林",5,533,0,"HQD108120","SQ66321 021"
1100,8850,19.03,"2GB","2楷林",15,407,0,"HQY102720","SQ52808 051"
1300,10280,26.13,"2GA","2楷林",41,333,0,"HQZ089820","SQ54717 541"
1240,8570,20.78,"2GB","2楷林",61,427,0,"HQC004040","SQ61652 061"
1200,9070,21.28,"2GA","2楷林",5,360,0,"HQJ115890","SQ80290 511"
1350,7050,18.61,"2GA","2楷林",1,282,0,"HQX154890","SQ51342 041"
1040,11830,24.05,"2GA","2楷林",51,340,0,"HQX145340","SQ51236 521"
1560,9880,30.13,"2GC","2楷林",21,338,0,"HQB038120","SQ59550 031"
1300,11870,30.17,"2GA","2楷林",20,313,0,"HQJ101570","SQ80046 021"
1340,9670,24.95,"2GB","2楷林",29,351,0,"HQD056040","SQ65363 021"
1570,9080,27.87,"3GC","2楷林",4,273,0,"HQE088790","SQ68812 041"
1240,10290,24.95,"2GA","2楷林",42,349,0,"HQE003380","SQ67276 531"
1290,9220,23.25,"2GA","2楷林",14,328,0,"HQA007430","SQ56307 511"
960,8530,16.01,"2GA","2楷林",87,447,0,"HQB055570","SQ59870 561"
1430,9190,25.69,"2GB","2楷林",18,337,0,"HQH008530","SQ75697 041"
1210,11670,27.61,"2GA","2楷林",42,456,0,"HQY153370","SQ53496 531"
1430,11610,32.46,"2GB","2楷林",22,522,0,"HQY025810","SQ51855 031"
1220,6960,16.47,"2GC","2楷林",45,420,2.5,"HQF046280","SQ70756 521"
1350,11810,31.17,"3GC","2楷林",39,462,0,"HQB056660","SQ59892 051"
1240,10010,24.27,"2GB","2楷林",51,457,0,"HQG061950","SQ73890 021"
1420,8060,22.38,"3GC","2楷林",3,448,0,"HQA061170","SQ57153 031"
990,11240,21.75,"3GC","2楷林",27,397,0,"HQD038680","SQ65083 061"
1360,11360,30.2,"2GA","2楷林",36,324,0,"HQB130200","SQ61221 041"
900,10960,19.28,"2GA","2楷林",104,415,0,"HQG031750","SQ73307 031"
1240,9400,22.79,"2GA","2楷林",65,341,0,"HQD004470","SQ64545 021"
1270,9300,23.09,"2GB","2楷林",43,328,0,"HQF099400","SQ71591 061"
900,11130,19.58,"3GC","2楷林",76,399,0,"HQG024400","SQ73195 051"
1270,7960,19.76,"2GA","2楷林",37,454,0,"HQF104850","SQ71675 051"
1540,10040,30.23,"2GA","2楷林",17,329,0,"HQG143530","SQ75088 041"
1100,10190,21.91,"2GA","2楷林",84,351,0,"HQZ128030","SQ55392 541"
1110,9250,20.07,"3GC","2楷林",56,413,0,"HQD018870","SQ64800 581"
1410,10670,28.68,"2GA","2楷林",8,453,0,"HQC125820","SQ64115 521"
1400,8110,22.2,"2GD","2楷林",25,338,0,"HQY012350","SQ51683 021"
1040,11850,24.09,"2GA","2楷林",66,277,0,"HQD048530","SQ65285 551"
1490,8550,24.91,"3GC","2楷林",7,258,0,"HQD104490","SQ66263 541"
1320,8520,21.99,"2GB","2楷林",24,455,0,"HQD031970","SQ64987 551"
1150,11110,24.44,"2GA","2楷林",94,332,0,"HQH018760","SQ75844 511"
1240,9070,21.99,"2GC","2楷林",25,335,0,"HQG144210","SQ75110 561"
1510,11780,34.78,"2GA","2楷林",30,266,0,"HQB019610","SQ59200 011"
1510,10560,30.66,"2GA","2楷林",21,342,0,"HQZ066270","SQ54376 021"
1390,10200,27.72,"2GD","2楷林",7,339,0,"HQA015060","SQ56397 051"
1030,11350,22.85,"2GC","2楷林",51,352,0,"HQJ104840","SQ80132 051"
1570,8680,26.64,"2GD","2楷林",7,313,0,"HQG021140","SQ73169 021"
1250,9120,22.29,"2GB","2楷林",32,429,0,"HQZ114270","SQ55190 061"
980,9910,18.99,"2GA","2楷林",73,334,0,"HQA071140","SQ57271 071"
960,9000,16.89,"2GA","2楷林",80,344,0,"HQD144060","SQ66908 051"
1170,11580,26.06,"2GC","2楷林",21,298,7.7,"HQH093370","SQ77165 041"
1240,9080,22.01,"2GA","2楷林",65,304,0,"HQE039930","SQ67947 531"
1180,10760,24.43,"2GA","2楷林",29,450,11.9,"HQA087980","SQ57620 521"
1400,9240,25.29,"2GC","2楷林",45,296,0,"HQB021800","SQ59243 541"
1280,9260,23.17,"2GA","2楷林",41,330,0,"HQJ006210","SQ78445 551"
1090,8620,18.37,"2GC","2楷林",48,442,0,"HQD024850","SQ64867 061"
1460,10630,30.34,"2GA","2楷林",11,329,0,"HQG089350","SQ74184 041"
960,10880,20.42,"2GA","2楷林",52,397,0,"HQA061660","SQ57150 031"
1000,9160,17.91,"2GA","2楷林",51,345,0,"HQB045010","SQ59679 021"
1380,11410,30.45,"2GB","2楷林",11,491,0,"HQA160340","SQ58698 011"
1190,8630,20.08,"2GD","2楷林",39,528,0,"HQH122220","SQ77687 531"
1010,10160,20.06,"2GA","2楷林",81,365,0,"HQE125320","SQ69484 051"
1510,11520,33.67,"2GA","2楷林",5,267,0,"HQX157310","SQ51378 511"
1260,10480,25.41,"2GD","2楷林",53,353,0,"HQX074060","SQ50303 011"
1050,11570,23.75,"2GB","2楷林",87,413,0,"HQJ074440","SQ79531 551"
1290,7880,19.87,"2GA","2楷林",38,334,0,"HQA024240","SQ56485 531"
1210,8790,20.79,"2GB","2楷林",51,551,0,"HQB020300","SQ59236 521"
1330,8560,22.26,"2GB","2楷林",26,429,0,"HQD014750","SQ64701 031"
1380,11020,29.73,"2GA","2楷林",31,337,0,"HQH116730","SQ77600 531"
1250,10090,24.66,"2GB","2楷林",45,447,0,"HQZ058880","SQ54290 021"
1190,7950,18.5,"3GC","2楷林",57,343,0,"HQX046420","SQ49847 541"
1570,10600,32.54,"3GC","2楷林",14,330,0,"HQY086980","SQ52606 531"
1240,8950,21.7,"2GB","2楷林",21,425,0,"HQJ032480","SQ78836 531"
1260,9390,23.13,"2GC","2楷林",46,328,0,"HQY041360","SQ52070 531"
1240,11480,27.83,"2GA","2楷林",61,325,0,"HQJ053420","SQ79186 041"
1490,9670,28.17,"2GD","2楷林",14,416,0,"HQY054650","SQ52230 041"
1260,5910,14.56,"2GB","2楷林",39,420,0,"HQB120210","SQ61056 551"
1250,8710,21.29,"2GA","2楷林",73,362,0,"HQG035330","SQ73354 521"
1470,9180,25.93,"2GA","2楷林",9,341,0,"HQX123170","SQ50969 511"
1050,11630,23.87,"3GC","2楷林",30,349,0,"HQX134620","SQ51132 051"
1360,9900,26.32,"2GA","2楷林",77,337,0,"HQY034150","SQ51972 051"
1310,9720,24.89,"2GA","2楷林",25,339,0,"HQA051010","SQ56968 531"
980,9980,19.12,"2GA","2楷林",74,327,0,"HQG089980","SQ74187 511"
1030,9670,19.47,"2GD","2楷林",47,328,0,"HQB071080","SQ60146 011"
1350,11460,29.69,"2GA","2楷林",56,455,0,"HQY040660","SQ52059 511"
1090,11210,23.89,"2GB","2楷林",114,350,0,"HQY048660","SQ52168 531"
1070,11510,24.08,"2GA","2楷林",80,339,0,"HQD144910","SQ66931 561"
1240,7970,19.32,"2GA","2楷林",30,337,0,"HQX069030","SQ50271 531"
1360,9300,24.73,"3GC","2楷林",8,444,0,"HQH010630","SQ75736 051"
1520,8510,25.29,"2GA","2楷林",38,340,0,"HQH069800","SQ76740 531"
910,9730,17.31,"2GC","2楷林",54,339,0,"HQZ013840","SQ53779 071"
1570,8050,24.71,"3GC","2楷林",6,292,0,"HQC032380","SQ62418 531"
1440,10860,30.57,"2GD","2楷林",40,270,0,"HQD049910","SQ65300 521"
1290,10480,26.43,"2GB","2楷林",36,338,0,"HQC007260","SQ61690 011"
1270,8260,20.51,"3GC","2楷林",35,320,0,"HQZ153480","SQ55833 041"
1570,11400,34.99,"2GA","2楷林",12,271,0,"HQH121950","SQ77694 011"
1090,9400,20.03,"2GC","2楷林",70,324,0,"HQA033920","SQ56643 531"
1350,11680,30.83,"3GC","2楷林",33,477,0,"HQA086060","SQ57604 041"
1240,9480,22.98,"2GB","2楷林",51,433,0,"HQJ025720","SQ78757 031"
1250,8240,20.14,"2GA","2楷林",41,337,0,"HQG060230","SQ73850 061"
980,11020,21.11,"2GB","2楷林",80,518,0,"HQH063240","SQ76614 031"
1410,11350,30.84,"2GA","2楷林",6,333,0,"HQH096650","SQ77250 511"
1140,10150,22.62,"2GB","2楷林",99,413,0,"HQJ070570","SQ79456 031"
1270,9290,23.07,"2GC","2楷林",24,422,0,"HQA052560","SQ56996 011"
1260,9980,24.39,"2GB","2楷林",18,355,0,"HQJ031230","SQ78814 511"
1270,8080,20.06,"2GA","2楷林",49,337,0,"HQA025190","SQ56511 521"
1100,7130,15.33,"2GA","2楷林",32,360,0,"HQJ115690","SQ80328 591"
1400,11080,30.33,"2GA","2楷林",66,332,0,"HQE135590","SQ69659 031"
1550,7720,23.39,"2GA","2楷林",9,354,0,"HQX014290","SQ49309 061"
1270,11080,27.51,"2GB","2楷林",29,545,0,"HQX003780","SQ49098 031"
1080,11370,24.01,"3GC","2楷林",62,352,0,"HQA111590","SQ57972 011"
1350,8560,22.59,"2GA","2楷林",38,334,0,"HQZ074650","SQ54508 511"
1570,10460,32.11,"3GC","2楷林",6,323,0,"HQZ147770","SQ55771 041"
1400,9170,25.1,"2GC","2楷林",60,322,0,"HQY066310","SQ52393 541"
1260,11020,27.15,"2GA","2楷林",43,346,0,"HQE033250","SQ67807 041"
1520,11740,34.89,"2GA","2楷林",12,251,0,"HQG071700","SQ74008 021"
1210,9350,22.12,"2GA","2楷林",37,286,0,"HQE052360","SQ68127 521"
1240,11490,27.85,"2GD","2楷林",66,267,0,"HQX130800","SQ51040 541"
1490,11690,33.6,"2GB","2楷林",10,521,0,"HQZ038600","SQ54021 011"
1510,8360,24.68,"2GB","2楷林",8,547,0,"HQA027800","SQ56542 061"
1290,9350,23.58,"2GA","2楷林",1,323,0,"HQE006090","SQ67338 571"
1100,8660,18.62,"2GA","2楷林",79,329,0,"HQX072440","SQ50291 531"
1250,9010,22.02,"2GB","2楷林",53,460,0,"HQZ058960","SQ54292 511"
1070,11850,24.79,"2GC","2楷林",46,510,0,"HQH167110","SQ78356 041"
1340,11830,30.25,"2GA","2楷林",23,269,7.5,"HQG067980","SQ73939 041"
1200,6530,15.32,"2GC","2楷林",84,420,0,"HQJ077570","SQ79604 511"
1570,11400,34.99,"2GC","2楷林",51,338,0,"HQH115440","SQ77567 031"
1190,8020,18.66,,"2楷林",40,446,0,"HQF107830","SQ71739 551"
1370,10530,27.25,"2GA","2楷林",32,286,10.8,"HQX041630","SQ49773 021"
1290,8950,22.57,"2GA","2楷林",81,333,0,"HQE113750","SQ69288 531"
1260,7710,18.99,"2GB","2楷林",21,336,0,"HQC100320","SQ63664 571"
1070,9130,19.1,"2GA","2楷林",82,303,0,"HQY150750","SQ53444 061"
1280,11740,29.38,"2GC","2楷林",21,527,0,"HQB050020","SQ59795 521"
1250,9000,21.99,"2GB","2楷林",51,444,0,"HQZ058940","SQ54290 031"
1300,10410,26.46,"2GA","2楷林",10,255,0,"HQH103100","SQ77332 531"
1320,9020,23.28,"2GA","2楷林",46,343,0,"HQA025160","SQ56510 521"
1280,9260,23.17,"2GA","2楷林",39,329,0,"HQJ006190","SQ78445 541"
1530,9710,28.76,"2GA","2楷林",7,343,0,"HQJ091180","SQ79840 021"
1260,11470,28.25,"2GC","2楷林",61,335,0,"HQZ098590","SQ54873 041"
1250,8200,20.04,"2GB","2楷林",48,468,0,"HQH059020","SQ76537 551"
1260,9410,23.18,"2GA","2楷林",48,331,0,"HQD152440","SQ67069 551"
1360,9300,24.73,"3GC","2楷林",22,442,0,"HQH010770","SQ75736 521"
1330,8610,22.39,"3GC","2楷林",68,438,0,"HQD049320","SQ65266 561"
1200,8830,20.72,"2GC","2楷林",54,358,0,"HQJ040870","SQ78955 531"
1030,11860,23.88,"2GA","2楷林",84,348,0,"HQX030930","SQ49596 561"
1220,10520,25.09,"2GC","2楷林",20,334,0,"HQZ054760","SQ54228 031"
1260,9300,22.91,"2GA","2楷林",71,344,0,"HQC097320","SQ63630 531"
1110,7060,15.32,"2GA","2楷林",41,354,0,"HQZ166370","SQ56071 541"
1260,8430,20.77,"2GA","2楷林",3,318,0,"HQF098290","SQ71573 551"
1200,10820,25.17,"2GC","2楷林",58,450,0,"HQJ161050","SQ81142 511"
980,8000,15.33,"2GA","2楷林",36,354,0,"HQJ047880","SQ79081 551"
930,11750,21.36,"3GC","2楷林",69,301,0,"HQG065020","SQ73917 541"
1570,10450,32.07,"2GD","2楷林",7,330,0,"HQA066340","SQ57219 521"
1380,11740,31.44,"2GA","2楷林",8,323,0,"HQG036500","SQ73379 011"
1000,9780,19.12,"2GA","2楷林",40,328,0,"HQD145310","SQ66935 041"
1540,9520,27.79,"2GC","2楷林",6,257,8.6,"HQH028250","SQ75977 511"
1200,8140,19.1,"2GB","2楷林",17,563,0,"HQG090320","SQ74196 531"
1430,9900,27.23,"2GA","2楷林",7,276,6.6,"HQH002490","SQ75565 531"
1020,11870,23.67,"2GA","2楷林",33,350,0,"HQH140450","SQ78004 541"
900,11580,20.38,"2GA","2楷林",57,393,0,"HQG100600","SQ74338 571"
1070,11460,23.97,"3GC","2楷林",30,327,0,"HQH144870","SQ78077 531"
1030,11860,23.88,"2GB","2楷林",33,350,0,"HQH103330","SQ77340 531"
1090,9890,21.08,"3GC","2楷林",39,426,0,"HQF048180","SQ70768 031"
1260,9410,23.18,"2GA","2楷林",46,329,0,"HQC097070","SQ63624 531"
1120,11610,25.42,"2GA","2楷林",74,267,0,"HQD048610","SQ65282 541"
1030,11260,22.67,"2GA","2楷林",87,340,0,"HQX134300","SQ51125 031"
1390,11090,30.14,"3GC","2楷林",51,343,0,"HQC138150","SQ64305 511"
1340,11530,30.21,"2GA","2楷林",43,322,0,"HQG128650","SQ74857 541"
950,10440,19.39,"2GB","2楷林",91,342,0,"HQJ090110","SQ79817 531"
1210,9700,22.95,"2GB","2楷林",86,518,0,"HQA162130","SQ58737 541"
1220,11250,26.83,"2GB","2楷林",79,530,0,"HQY153740","SQ53490 041"
1190,11680,27.17,"2GB","2楷林",79,419,0,"HQC059340","SQ62929 511"
1290,10140,25.57,"2GB","2楷林",35,424,0,"HQC003780","SQ61647 541"
1310,10580,27.1,"2GB","2楷林",37,328,0,"HQZ061510","SQ54306 541"
1190,10690,24.87,"2GC","2楷林",91,437,0,"HQY005370","SQ51589 541"
1290,11790,29.73,"2GA","2楷林",50,331,0,"HQH041750","SQ76236 511"
1070,11750,23.99,"2GC","2楷林",52,299,12.2,"HQY125740","SQ53099 521"
1380,11840,31.94,"3GC","2楷林",41,267,0,"HQD087950","SQ65965 531"
1190,10980,25.54,"2GA","2楷林",44,437,0,"HQX130580","SQ51066 021"
1190,6530,15.19,"2GA","2楷林",34,344,0,"HQC083250","SQ63365 061"
1220,9770,23.3,"2GC","2楷林",83,432,0,"HQJ018030","SQ78632 061"
1360,11370,30.23,"2GB","2楷林",56,438,0,"HQC047540","SQ62727 551"
1250,9010,22.02,"2GA","2楷林",68,333,0,"HQE006760","SQ67351 011"
1280,11180,27.98,"2GA","2楷林",21,356,0,"HQH157540","SQ78238 041"
1110,11070,24.02,"2GA","2楷林",82,353,0,"HQY030290","SQ51931 051"
1400,11650,31.89,"2GD","2楷林",44,271,0,"HQX085420","SQ50471 021"
1050,11420,23.07,"2GC","2楷林",61,292,5.9,"HQJ071190","SQ79458 061"
1270,9380,23.29,"2GD","2楷林",11,325,0,"HQG141320","SQ75068 541"
1260,11020,27.15,"2GB","2楷林",50,325,0,"HQB137890","SQ61378 011"
950,9710,18.03,"2GA","2楷林",44,265,0,"HQJ124180","SQ80472 041"
1440,11390,31.3,"2GD","2楷林",16,246,5.9,"HQX036660","SQ49671 531"
1540,10010,30.14,"2GC","2楷林",52,333,0,"HQF091810","SQ71416 031"
1260,9450,23.28,"2GD","2楷林",67,341,0,"HQJ004870","SQ78419 031"
1270,7660,19.02,"3GC","2楷林",17,320,0,"HQZ156390","SQ55917 041"
940,8640,15.88,"2GC","2楷林",38,306,0,"HQG160430","SQ75398 071"
1110,11000,23.87,"2GD","2楷林",67,350,0,"HQD108740","SQ66339 061"
1290,9310,23.48,"2GA","2楷林",15,343,0,"HQJ009890","SQ78484 511"
1400,11660,31.91,"2GA","2楷林",11,272,0,"HQC018050","SQ62165 531"
1420,11380,31.59,"2GD","2楷林",5,320,0,"HQD143310","SQ66890 021"
1400,10680,29.23,"2GA","2楷林",25,337,0,"HQA065170","SQ57193 041"
1390,7660,20.52,"2GB","2楷林",72,483,0,"HQZ154660","SQ55881 511"
1090,11770,25.08,"2GB","2楷林",11,491,0,"HQJ136480","SQ80664 041"
1380,11830,31.92,"2GA","2楷林",18,274,0,"HQX074510","SQ50333 021"
1200,7450,17.19,"2GB","2楷林",58,531,0,"HQC119710","SQ63975 011"
1470,10780,30.98,"2GA","2楷林",27,265,0,"HQJ130570","SQ80588 041"
1380,11850,31.97,"2GA","2楷林",3,264,0,"HQH133310","SQ77897 021"
1430,9970,27.87,"2GD","2楷林",59,343,0,"HQZ101140","SQ54949 541"
1250,10100,24.68,"2GA","2楷林",49,454,0,"HQH092920","SQ77183 061"
1380,11620,30.6,"2GC","2楷林",23,316,6,"HQH056980","SQ76475 531"
980,8000,15.33,"2GC","2楷林",34,350,0,"HQJ012250","SQ78551 081"
1570,8720,26.34,"2GA","2楷林",13,296,8,"HQY007980","SQ51616 521"
1290,8800,22.19,"2GB","2楷林",60,336,0,"HQY062150","SQ52353 041"
1150,9820,22.08,"2GA","2楷林",75,331,0,"HQJ043060","SQ79006 051"
1290,7980,20.13,"2GA","2楷林",23,320,0,"HQD124080","SQ66538 551"
1230,11850,28.5,"3GC","2楷林",29,448,0,"HQX126610","SQ51016 521"
1560,8840,25.89,"2GA","2楷林",4,257,7.9,"HQY105290","SQ52848 511"
1560,9040,27.57,"2GA","2楷林",18,330,0,"HQD038590","SQ65100 041"
1170,11610,26.1,"2GA","2楷林",69,502,0,"HQD079030","SQ65817 511"
1250,11120,27.17,"2GB","2楷林",63,423,0,"HQC059180","SQ62914 551"
1420,11640,31.74,"2GA","2楷林",2,324,0,"HQA024720","SQ56504 511"
1270,11200,27.36,"2GA","2楷林",17,288,8.5,"HQX041480","SQ49773 041"
1190,10790,24.68,"2GA","2楷林",55,326,0,"HQE009270","SQ67369 511"
1330,9360,24.34,"2GC","2楷林",26,444,0,"HQA084830","SQ57569 561"
1050,9280,19.05,"2GA","2楷林",85,288,0,"HQY015630","SQ51724 511"
1330,8880,23.09,"2GC","2楷林",23,327,0,"HQA118410","SQ58060 021"
1240,9470,22.96,"2GA","2楷林",17,331,0,"HQF056420","SQ70907 051"
1240,10500,25.45,"2GA","2楷林",59,332,0,"HQE093490","SQ68876 521"
1130,9600,21.21,"2GB","2楷林",25,341,0,"HQJ126120","SQ80497 571"
1320,11870,30.63,"2GB","2楷林",52,341,0,"HQD068060","SQ65530 021"
1560,11440,34.89,"2GA","2楷林",6,263,0,"HQZ105970","SQ55061 031"
960,10730,20.14,"2GA","2楷林",80,325,0,"HQF159150","SQ72650 541"
1220,11840,27.56,"2GA","2楷林",53,292,6.4,"HQG071250","SQ73983 051"
1240,11380,27.59,"2GB","2楷林",49,338,0,"HQD066000","SQ65538 551"
1060,8700,18.03,"2GB","2楷林",89,344,0,"HQJ009740","SQ78456 541"
1350,10600,27.98,"3GC","2楷林",11,280,0,"HQF031820","SQ70523 521"
960,10130,19.01,"2GC","2楷林",59,331,0,"HQC006320","SQ61685 551"
1570,10450,32.07,"2GC","2楷林",12,325,0,"HQY014900","SQ51713 041"
1290,11790,29.73,"2GA","2楷林",52,336,0,"HQB006760","SQ58988 021"
1410,11720,32.31,"2GA","2楷林",15,335,0,"HQJ091260","SQ79842 541"
1190,11000,25.18,"2GB","2楷林",67,276,9.5,"HQY100950","SQ52769 521"
1290,11380,28.7,"2GB","2楷林",36,432,0,"HQC003790","SQ61646 051"
1060,7500,15.32,"2GA","2楷林",30,359,0,"HQJ115670","SQ80331 521"
1270,11680,29,"2GC","2楷林",39,339,0,"HQC106490","SQ63763 531"
1150,11080,24.91,"3GB","2楷林",25,491,0,"HQY060120","SQ52333 531"
1270,9290,23.07,"2GB","2楷林",55,327,0,"HQF111830","SQ71775 521"
1000,9960,19.47,"3GC","2楷林",72,327,0,"HQF021000","SQ70383 541"
1150,10230,23,"2GA","2楷林",23,372,0,"HQE098940","SQ68999 031"
1360,11240,29.88,"2GA","2楷林",39,313,0,"HQB129390","SQ61214 531"
1030,7610,15.32,"2GA","2楷林",42,350,0,"HQJ116270","SQ80339 541"
1570,10440,31.84,"2GA","2楷林",4,284,0,"HQX036540","SQ49681 011"
1300,9570,24.04,"2GB","2楷林",38,351,0,"HQG073960","SQ74033 521"
1250,9280,22.68,"2GA","2楷林",40,362,0,"HQF027380","SQ70452 031"
1370,8460,22.66,"2GA","2楷林",30,341,0,"HQX023040","SQ49452 551"
1390,11100,30.16,"2GA","2楷林",4,326,0,"HQY103510","SQ52821 041"
1190,9060,21.08,"2GB","2楷林",35,423,0,"HQJ069930","SQ79444 571"
1470,11750,33.77,"2GA","2楷林",21,270,0,"HQG047340","SQ73622 041"
1380,7270,19.61,"2GB","2楷林",27,397,0,"HQZ066950","SQ54382 031"
950,11730,21.79,"3GC","2楷林",76,548,0,"HQH021660","SQ75886 531"
1310,10830,27.74,"2GB","2楷林",24,529,0,"HQJ149150","SQ80886 531"
1320,11740,30.3,"2GD","2楷林",53,252,0,"HQA011120","SQ56338 541"
1100,11610,24.97,"2GD","2楷林",56,444,0,"HQA019450","SQ56474 041"
1160,8900,20.18,"2GB","2楷林",76,451,0,"HQG168330","SQ75531 061"
1300,6010,15.27,"2GD","2楷林",100,557,0,"HQY013860","SQ51706 031"
1210,11490,27.18,"2GB","2楷林",6,518,0,"HQG024520","SQ73222 541"
900,9860,17.35,"2GA","2楷林",90,332,0,"HQZ009260","SQ53737 031"
1550,7720,23.39,"2GA","2楷林",5,352,0,"HQX014250","SQ49310 021"
1330,10070,26.18,"3GC","2楷林",21,336,0,"HQB076700","SQ60242 541"
1370,8440,22.61,"2GA","2楷林",13,332,0,"HQX113550","SQ50840 031"
1480,10260,29.18,"2GD","2楷林",23,273,0,"HQC139500","SQ64352 011"
1360,7760,20.63,"2GA","2楷林",19,318,0,"HQZ018030","SQ53838 551"
1150,11350,25.52,"3GC","2楷林",36,278,0,"HQC055090","SQ62864 051"
1490,11480,33.44,"3GC","2楷林",27,268,0,"HQX021460","SQ49428 541"
1340,10610,27.48,"2GA","2楷林",31,334,0,"HQJ038660","SQ78927 021"
1190,11580,26.94,"2GA","2楷林",40,303,0,"HQC139670","SQ64349 021"
1160,11810,26.78,"2GB","2楷林",44,526,0,"HQA102130","SQ57841 521"
1070,11590,23.52,"2GC","2楷林",58,261,6.5,"HQH046030","SQ76302 511"
1250,11120,27.17,"2GB","2楷林",78,423,0,"HQC059330","SQ62923 511"
1400,11420,30.76,"2GC","2楷林",11,274,10.2,"HQA039830","SQ56724 041"
1000,11500,22.48,"2GA","2楷林",70,358,0,"HQF052180","SQ70859 531"
1400,11670,31.94,"2GD","2楷林",40,326,0,"HQH034240","SQ76124 021"
1070,11870,24.83,"3GC","2楷林",40,291,0,"HQD021550","SQ64828 041"
1110,11000,23.87,"2GD","2楷林",61,351,0,"HQD108680","SQ66337 011"
1320,9280,23.95,"2GA","2楷林",32,314,0,"HQZ002820","SQ53664 541"
1200,10490,24.61,"3GB","2楷林",60,425,0,"HQH115530","SQ77582 541"
1500,10570,30.48,"2GA","2楷林",8,327,0,"HQE105840","SQ69133 011"
1060,7730,15.72,"2GB","2楷林",63,448,0,"HQG106310","SQ74433 011"
900,11700,20.59,"2GA","2楷林",41,396,0,"HQJ062360","SQ79313 051"
1570,11400,34.99,"2GD","2楷林",13,320,0,"HQE119890","SQ69400 551"
940,8800,16.17,"2GC","2楷林",75,397,0,"HQD040230","SQ65089 031"
1550,10120,30.67,"2GD","2楷林",4,523,0,"HQB077320","SQ60266 531"
1160,9350,21.03,"2GC","2楷林",65,318,4.4,"HQF056000","SQ70874 021"
1220,10060,23.99,"2GA","2楷林",56,327,0,"HQH113540","SQ77558 011"
1480,11850,34.29,"3GC","2楷林",16,325,0,"HQC057730","SQ62902 031"
1260,9410,23.18,"2GA","2楷林",12,330,0,"HQG026610","SQ73243 061"
1380,11800,31.84,"2GC","2楷林",33,270,0,"HQZ070440","SQ54453 021"
1530,11630,34.79,"2GC","2楷林",8,273,0,"HQX140860","SQ51191 021"
1170,10590,24.22,"2GC","2楷林",8,526,0,"HQJ046430","SQ79050 041"
1220,9760,23.28,"2GC","2楷林",64,546,0,"HQD102780","SQ66229 511"
1380,11850,31.97,"2GC","2楷林",25,270,0,"HQE011700","SQ67403 021"
1260,7580,18.67,"2GB","2楷林",92,433,0,"HQZ119590","SQ55263 031"
1180,7260,16.39,"2GB","2楷林",44,436,0,"HQB113260","SQ60926 531"
1280,8850,22.15,"2GD","2楷林",21,331,0,"HQY066860","SQ52416 041"
1220,11730,27.98,"2GA","2楷林",87,262,0,"HQX043940","SQ49832 531"
1100,11100,23.87,"2GC","2楷林",83,352,0,"HQA143160","SQ58421 021"
1040,8790,17.87,"2GB","2楷林",35,339,0,"HQD044030","SQ65198 031"
1430,11000,30.75,"2GA","2楷林",27,324,0,"HQG027580","SQ73274 551"
1290,7530,18.99,"2GB","2楷林",84,318,0,"HQZ134020","SQ55496 071"
1390,11270,30.63,"2GB","2楷林",18,525,0,"HQY124490","SQ53086 051"
1000,8080,15.8,"2GA","2楷林",38,320,0,"HQD098060","SQ66155 061"
1370,10200,27.32,"3GC","2楷林",55,525,0,"HQE139860","SQ69713 521"
1300,9120,23.18,"2GA","2楷林",17,376,0,"HQC019630","SQ62214 041"
1410,9280,25.13,"2GC","2楷林",4,497,0,"HQF005910","SQ70172 011"
1570,7190,22.07,"2GA","2楷林",14,322,0,"HQG128360","SQ74847 521"
1420,11630,32.29,"2GD","2楷林",9,267,0,"HQC091890","SQ63545 011"
1370,11250,30.13,"2GB","2楷林",20,340,0,"HQC006610","SQ61667 561"
1440,9800,27.59,"3GB","2楷林",35,512,0,"HQG148540","SQ75188 541"
1350,11810,31.17,"2GA","2楷林",48,300,0,"HQA018560","SQ56458 511"
1330,11570,30.08,"2GA","2楷林",13,341,0,"HQF037980","SQ70624 531"
1290,9600,24.12,"2GA","2楷林",91,331,0,"HQH164080","SQ78303 511"
1330,10810,27.58,"2GD","2楷林",34,522,0,"HQX038920","SQ49756 011"
1290,9780,24.66,"2GA","2楷林",45,428,0,"HQG000070","SQ72769 561"
1510,11680,34.48,"2GD","2楷林",24,308,0,"HQZ133420","SQ55465 511"
1290,8770,22.12,"2GA","2楷林",41,305,0,"HQD047170","SQ65256 521"
1180,8250,19.03,"3GB","2楷林",76,411,0,"HQB120580","SQ61062 541"
1270,9530,23.66,"2GA","2楷林",50,336,0,"HQZ167340","SQ56104 051"
1300,9660,24.16,"2GC","2楷林",7,266,8.6,"HQC089510","SQ63493 031"
1210,11400,26.97,"2GA","2楷林",30,273,0,"HQG083280","SQ74139 041"
1340,11570,29.74,"2GA","2楷林",60,439,0,"HQY025250","SQ51848 011"
1290,8660,21.84,"2GB","2楷林",33,451,0,"HQB130170","SQ61239 051"
1310,7770,19.9,"2GC","2楷林",16,338,0,"HQH151590","SQ78148 021"
1240,9570,23.2,"2GC","2楷林",42,325,0,"HQZ141880","SQ55664 561"
990,11520,22.3,"2GA","2楷林",72,326,0,"HQA031540","SQ56611 511"
1270,10950,27.19,"2GA","2楷林",81,327,0,"HQE036560","SQ67865 521"
1090,11280,24.04,"3GC","2楷林",23,332,0,"HQA029250","SQ56533 021"
1290,8180,20.63,"2GA","2楷林",60,324,0,"HQX118470","SQ50908 071"
1340,7770,20.36,"2GB","2楷林",48,340,0,"HQB025470","SQ59302 041"
1200,11040,25.9,"2GA","2楷林",20,345,0,"HQG147140","SQ75163 521"
1440,11800,33.22,"3GC","2楷林",7,451,0,"HQX126390","SQ51020 041"
1010,7250,13.96,"3GC","2楷林",32,341,0,"HQZ013620","SQ53771 521"
1050,11720,24.06,"2GA","2楷林",31,254,0,"HQJ124050","SQ80466 021"
1050,11630,23.87,"2GA","2楷林",83,300,0,"HQC142020","SQ64361 521"
1520,11030,32.78,"2GA","2楷林",10,361,0,"HQG016630","SQ73090 041"
1200,9980,23.41,"2GC","2楷林",62,424,0,"HQH071250","SQ76792 061"
1370,11550,30.93,"3GC","2楷林",6,312,0,"HQE116450","SQ69296 521"
1350,9760,25.76,"2GA","2楷林",36,294,0,"HQB144690","SQ61490 041"
900,11360,19.99,"2GA","2楷林",57,394,0,"HQG165670","SQ75468 541"
1040,11520,23.42,"2GC","2楷林",50,327,0,"HQJ160470","SQ81079 541"
1280,9220,23.07,"3GB","2楷林",84,428,0,"HQG020590","SQ73164 041"
1260,11360,27.98,"2GA","2楷林",1,325,0,"HQG110160","SQ74473 051"
1540,10690,31.66,"2GB","2楷林",19,549,0,"HQH046460","SQ76339 511"
1030,9290,18.71,"2GB","2楷林",66,329,0,"HQB068410","SQ60116 051"
1230,11840,27.79,"2GD","2楷林",57,287,9.4,"HQH108160","SQ77411 531"
1280,8990,22.5,"2GA","2楷林",42,320,0,"HQG017650","SQ73113 511"
1370,8660,23.19,"2GA","2楷林",7,476,0,"HQX004450","SQ49130 521"
1320,8330,21.5,"2GA","2楷林",20,346,0,"HQB130930","SQ61251 011"
1000,11600,22.56,"2GA","2楷林",80,294,0,"HQG116440","SQ74566 511"
1030,9760,19.65,"2GA","2楷林",62,360,0,"HQX030710","SQ49608 051"
950,10840,20.13,"2GB","2楷林",85,365,0,"HQG072420","SQ74021 541"
1100,9020,19.4,"2GB","2楷林",80,343,0,"HQG143130","SQ75079 041"
1380,11850,31.97,"2GA","2楷林",18,301,0,"HQY163470","SQ53621 041"
1290,7890,19.9,"2GA","2楷林",35,336,0,"HQD122450","SQ66534 051"
1260,9730,23.97,"2GC","2楷林",50,426,0,"HQA140960","SQ58409 021"
1280,7850,19.64,"2GB","2楷林",32,383,0,"HQZ026000","SQ53873 541"
1090,9430,20.09,"2GB","2楷林",92,334,0,"HQF002010","SQ70135 051"
1570,9820,30.14,"2GD","2楷林",25,336,0,"HQD022000","SQ64834 521"
1490,11740,34.2,"2GA","2楷林",11,272,0,"HQG047240","SQ73621 041"
1240,8660,20.99,"2GD","2楷林",36,386,0,"HQG081310","SQ74119 041"
1040,9880,20.09,"3GC","2楷林",1,329,0,"HQF022260","SQ70378 031"
1100,9330,20.06,"3GC","2楷林",76,355,0,"HQA164470","SQ58774 551"
980,9960,19.08,"2GC","2楷林",89,372,0,"HQY118700","SQ53036 021"
1260,7960,19.61,"2GD","2楷林",31,339,0,"HQJ004510","SQ78414 041"
1150,10280,23.11,"2GA","2楷林",57,366,0,"HQB148780","SQ61520 551"
960,11690,21.59,"2GC","2楷林",53,326,5.7,"HQH050000","SQ76355 531"
1010,10220,20.18,"2GA","2楷林",73,272,0,"HQB090910","SQ60513 521"
1130,10010,22.11,"2GA","2楷林",33,332,0,"HQE099040","SQ69020 051"
1110,7060,15.32,"2GA","2楷林",52,351,0,"HQC023920","SQ62275 551"
1390,11810,32.09,"2GA","2楷林",61,322,0,"HQJ112460","SQ80260 021"
1260,8740,21.53,"2GA","2楷林",61,345,0,"HQX081180","SQ50426 541"
1270,11310,28.08,"2GA","2楷林",112,300,0,"HQY149790","SQ53410 521"
1360,9090,24.17,"2GA","2楷林",32,322,0,"HQZ132560","SQ55476 551"
970,11850,22.47,"2GC","2楷林",75,354,0,"HQG003280","SQ72800 511"
1270,11520,28.6,"3GC","2楷林",24,520,0,"HQH150140","SQ78122 531"
1430,10870,30.39,"2GB","2楷林",13,455,0,"HQD058990","SQ65460 541"
1110,11850,25.3,"2GC","2楷林",90,302,9.7,"HQH139160","SQ77940 531"
1260,10140,24.98,"2GB","2楷林",30,438,0,"HQB084080","SQ60382 051"
1360,9590,25.12,"3GC","2楷林",8,494,0,"HQA056140","SQ57048 521"
1540,8360,25.17,"2GA","2楷林",13,332,0,"HQE049590","SQ68091 021"
1400,8590,23.17,"2GB","2楷林",41,330,0,"HQF111690","SQ71767 011"
1300,7710,19.59,"2GB","2楷林",40,429,0,"HQD096690","SQ66109 021"
1200,8020,18.81,"2GD","2楷林",40,395,0,"HQG081950","SQ74123 571"
1300,7960,19.84,"2GB","2楷林",63,438,0,"HQA032360","SQ56628 511"
1080,8350,17.47,"2GA","2楷林",50,283,0,"HQG104310","SQ74399 511"
1290,8750,22.07,"2GA","2楷林",14,331,0,"HQJ100340","SQ79998 061"
1290,10380,26.18,"2GA","2楷林",68,334,0,"HQX155560","SQ51356 541"
1270,9420,23.39,"2GC","2楷林",15,387,0,"HQG108870","SQ74466 041"
990,10010,19.37,"2GA","2楷林",83,329,0,"HQD000810","SQ64508 521"
1200,11300,26.51,"2GA","2楷林",37,343,0,"HQG062810","SQ73906 551"
1350,7990,21.09,"2GB","2楷林",27,337,0,"HQX097820","SQ50631 031"
1260,7690,18.64,"2GB","2楷林",49,448,0,"HQB084270","SQ60387 511"
1290,7730,19.12,"2GB","2楷林",56,554,0,"HQE158720","SQ70047 011"
1290,8180,20.63,"2GA","2楷林",63,323,0,"HQX118500","SQ50910 551"
1330,11710,30.45,"2GA","2楷林",31,281,0,"HQF038160","SQ70608 021"
1330,10390,27.02,"2GC","2楷林",74,296,0,"HQY048260","SQ52163 531"
1490,11840,34.49,"2GA","2楷林",15,317,0,"HQF085020","SQ71347 041"
1570,9950,30.54,"2GC","2楷林",50,332,0,"HQA066770","SQ57229 541"
1510,11280,32.64,"3GC","2楷林",19,278,0,"HQJ049900","SQ79143 511"
1450,9740,27.61,"3GC","2楷林",2,300,0,"HQA018100","SQ56448 521"
1030,7070,14.24,"2GA","2楷林",42,454,0,"HQE022980","SQ67610 541"
1310,11620,29.76,"2GD","2楷林",49,365,0,"HQX056090","SQ50033 011"
980,11770,22.55,"2GA","2楷林",105,294,0,"HQE073690","SQ68543 551"
1180,8050,18.18,"2GC","2楷林",54,525,0,"HQF008190","SQ70188 011"
1550,8390,25.42,"2GA","2楷林",8,337,0,"HQE081200","SQ68693 521"
1350,8360,22.06,"2GC","2楷林",11,470,0,"HQD147460","SQ66990 521"
1280,11170,27.95,"2GA","2楷林",4,327,0,"HQJ052850","SQ79182 541"
1540,7120,21.44,"2GB","2楷林",11,456,0,"HQB114600","SQ60936 021"
1290,9190,23.18,"2GA","2楷林",25,328,0,"HQG073260","SQ74023 561"
1340,8940,23.42,"2GA","2楷林",4,337,0,"HQD003860","SQ64540 011"
1270,11550,28.68,"3GC","2楷林",38,519,0,"HQF123890","SQ72054 011"
1200,10150,23.81,"3GC","2楷林",42,255,0,"HQG166810","SQ75490 031"
1200,11300,26.51,"2GA","2楷林",1,323,0,"HQB096660","SQ60590 531"
1480,11630,33.65,"2GD","2楷林",27,264,0,"HQC139540","SQ64350 531"
1290,10520,26.53,"2GA","2楷林",48,337,0,"HQB089660","SQ60472 031"
1370,8210,21.99,"2GB","2楷林",32,421,0,"HQD026920","SQ64881 541"
1080,9270,19.57,"2GA","2楷林",55,336,0,"HQJ010290","SQ78502 561"
1250,8990,21.71,"2GC","2楷林",71,431,0,"HQJ017910","SQ78632 011"
1260,8110,19.98,"2GA","2楷林",25,366,0,"HQE042460","SQ67989 031"
1280,11180,27.98,"2GA","2楷林",33,358,0,"HQH157660","SQ78238 531"
1140,11820,26.34,"3GC","2楷林",27,0,0,"HQH033420","SQ76096 531"
1270,8710,21.63,"2GA","2楷林",20,326,0,"HQE045160","SQ68017 061"
1010,8490,16.76,"2GD","2楷林",38,339,0,"HQD099810","SQ66218 521"
1030,11500,23.16,"3GC","2楷林",60,340,0,"HQB075420","SQ60251 051"
1130,9320,20.13,"2GB","2楷林",93,449,0,"HQG168500","SQ75537 511"
1120,9490,20.78,"2GA","2楷林",83,321,0,"HQH124610","SQ77751 021"
1250,7610,18.6,"3GB","2楷林",48,530,0,"HQC104940","SQ63738 071"
1200,11560,27.12,"2GB","2楷林",45,514,0,"HQG110600","SQ74492 531"
1560,10000,30.5,"3GC","2楷林",47,328,0,"HQG020220","SQ73153 521"
1190,8130,18.91,"2GB","2楷林",24,410,0,"HQY102810","SQ52806 571"
1340,11860,31.07,"2GA","2楷林",7,272,0,"HQF118640","SQ71949 021"
1390,11000,29.89,"2GA","2楷林",18,338,0,"HQX109560","SQ50784 031"
1020,11790,23.51,"2GA","2楷林",61,352,0,"HQH140730","SQ78008 051"
1570,9810,30.11,"2GA","2楷林",16,324,0,"HQG016100","SQ73017 051"
1330,7110,18.49,"2GC","2楷林",42,437,0,"HQD049050","SQ65266 011"
1410,11720,31.79,"2GA","2楷林",42,274,8.7,"HQE093970","SQ68888 021"
1150,7000,15.74,"2GB","2楷林",50,520,0,"HQZ007470","SQ53712 551"
1170,7950,18.18,"2GC","2楷林",30,340,0,"HQD045280","SQ65201 541"
1300,10520,26.74,"2GB","2楷林",3,550,0,"HQG091770","SQ74211 531"
1350,7190,18.98,"2GA","2楷林",69,352,0,"HQC103980","SQ63706 551"
1280,11580,28.98,"3GC","2楷林",67,316,0,"HQH113650","SQ77533 541"
1290,7900,19.92,"3GC","2楷林",59,421,0,"HQX024490","SQ49476 541"
1100,11100,23.87,"2GA","2楷林",72,351,0,"HQJ048240","SQ79089 031"
1190,9440,21.96,"2GA","2楷林",46,432,0,"HQX130600","SQ51066 531"
1280,9240,23.12,"2GA","2楷林",11,329,0,"HQJ005910","SQ78441 031"
1100,11200,24.09,"2GB","2楷林",77,455,0,"HQZ156990","SQ55910 521"
970,11080,21.01,"3GC","2楷林",63,327,0,"HQF145040","SQ72430 011"
1190,8680,19.77,"3GB","2楷林",43,330,0,"HQY056470","SQ52280 011"
910,11120,19.78,"2GA","2楷林",30,364,0,"HQG120920","SQ74734 551"
1380,7670,20.69,"2GC","2楷林",5,494,0,"HQD141840","SQ66843 541"
1240,9520,23.08,"2GA","2楷林",50,324,0,"HQH113480","SQ77527 541"
1290,8800,22.19,"2GA","2楷林",25,339,0,"HQY040350","SQ52074 031"
1300,8880,22.57,"2GA","2楷林",52,326,0,"HQX105050","SQ50733 041"
1530,11530,33.66,"2GD","2楷林",11,267,9,"HQX163620","SQ51439 541"
1520,11710,34.8,"2GA","2楷林",40,288,0,"HQC013790","SQ62103 531"
1290,8640,21.44,"2GC","2楷林",14,321,5.8,"HQE094960","SQ68903 021"
1240,9730,23.59,"2GB","2楷林",46,418,0,"HQY100710","SQ52801 541"
1310,7810,19.68,"2GA","2楷林",14,270,3.9,"HQX094130","SQ50592 061"
1500,11860,34.78,"2GC","2楷林",32,269,0,"HQG049890","SQ73674 011"
1290,10630,26.38,"2GC","2楷林",34,287,9.4,"HQD131560","SQ66699 051"
1060,11100,22.68,"2GA","2楷林",86,339,0,"HQX134290","SQ51125 011"
1390,11870,32.26,"2GC","2楷林",4,443,0,"HQH146880","SQ78095 521"
1030,9570,19.27,"3GC","2楷林",46,293,0,"HQH093620","SQ77177 031"
900,8820,15.52,"2GA","2楷林",76,311,0,"HQH052800","SQ76440 521"
1390,11720,31.85,"2GA","2楷林",47,321,0,"HQJ112320","SQ80265 521"
910,11110,19.77,"2GA","2楷林",26,364,0,"HQG120880","SQ74734 051"
1010,8870,17.51,"2GA","2楷林",78,376,0,"HQJ002450","SQ78396 531"
1280,11780,29.48,"2GA","2楷林",79,311,0,"HQB097440","SQ60582 051"
1080,9270,19.57,"2GA","2楷林",71,334,0,"HQJ010450","SQ78504 021"
1120,8810,19.29,"2GB","2楷林",51,545,0,"HQF155430","SQ72576 551"
1090,9430,20.09,"2GC","2楷林",65,321,0,"HQA033870","SQ56643 521"
1080,11260,23.77,"2GC","2楷林",55,456,0,"HQG131680","SQ74910 561"
1290,10580,26.68,"2GB","2楷林",18,340,0,"HQA108190","SQ57910 041"
1030,9670,19.47,"3GC","2楷林",50,328,0,"HQB070360","SQ60146 551"
1240,8120,19.68,"2GB","2楷林",64,456,0,"HQX100460","SQ50666 551"
1020,10060,20.06,"2GA","2楷林",86,502,0,"HQD077610","SQ65797 541"
1240,9520,23.08,"2GA","2楷林",44,322,0,"HQX159560","SQ51410 061"
1260,7960,19.61,"2GD","2楷林",25,334,0,"HQJ004450","SQ78418 561"
1180,11700,26.56,"2GA","2楷林",38,281,7.9,"HQY139140","SQ53273 031"
1090,11630,24.78,"2GC","2楷林",77,530,0,"HQF124280","SQ72046 561"
1250,11130,27.2,"2GA","2楷林",18,346,0,"HQG152010","SQ75257 511"
1330,11810,30.71,"2GC","2楷林",47,518,0,"HQB015540","SQ59163 031"
1130,8170,18.05,"2GB","2楷林",29,515,0,"HQC018230","SQ62181 521"
1400,11190,30.3,"2GC","2楷林",17,330,0,"HQX158570","SQ51384 011"
1040,10790,21.59,"2GC","2楷林",73,323,8.2,"HQZ055290","SQ54234 541"
1260,7720,19.02,"2GC","2楷林",45,323,0,"HQZ112050","SQ55159 541"
1570,10070,30.42,"3GC","2楷林",58,326,0,"HQZ148290","SQ55784 011"
1360,9300,24.73,"2GA","2楷林",4,433,0,"HQH093710","SQ77170 541"
1210,10750,25.43,"2GB","2楷林",58,447,0,"HQH083590","SQ76984 561"
1200,10990,25.78,"2GC","2楷林",27,268,0,"HQJ110850","SQ80258 531"
940,10340,19,"2GC","2楷林",56,331,0,"HQF029850","SQ70487 581"
1370,11750,31.47,"2GC","2楷林",28,343,0,"HQF138570","SQ72315 031"
980,9420,18.05,"2GA","2楷林",69,328,0,"HQA070280","SQ57264 531"
1260,6760,16.39,"2GB","2楷林",37,438,0,"HQB113190","SQ60926 511"
1040,11740,23.87,"3GC","2楷林",80,329,0,"HQA035030","SQ56663 571"
1080,11380,24.03,"2GC","2楷林",64,339,0,"HQE129670","SQ69538 041"
1210,10450,24.72,"2GA","2楷林",37,511,0,"HQH154270","SQ78184 041"
1380,7460,20.13,"3GC","2楷林",24,332,0,"HQB075060","SQ60232 031"
1370,11530,30.88,"2GA","2楷林",74,437,0,"HQB088210","SQ60451 021"
1110,7060,15.32,"2GB","2楷林",53,355,0,"HQD045510","SQ65221 581"
1220,11840,27.56,"2GA","2楷林",55,258,11.9,"HQE030400","SQ67729 051"
1390,11850,32.2,"2GA","2楷林",57,311,0,"HQJ067840","SQ79438 531"
1080,7290,15.39,"2GA","2楷林",46,447,0,"HQD159340","SQ67157 561"
1290,8160,20.58,"2GA","2楷林",7,461,0,"HQF133750","SQ72214 521"
1480,11470,33.19,"3GB","2楷林",25,333,0,"HQH008600","SQ75695 041"
1240,9510,23.05,"2GA","2楷林",83,329,0,"HQE105490","SQ69120 541"
1200,11810,27.71,"2GB","2楷林",65,434,0,"HQA032380","SQ56628 051"
1070,11790,24.66,"2GC","2楷林",63,303,0,"HQJ039890","SQ78970 541"
1280,9750,24.4,"2GA","2楷林",53,426,0,"HQA079780","SQ57428 521"
1250,7220,17.64,"2GA","2楷林",29,342,0,"HQJ127180","SQ80509 051"
1070,8660,18.12,"2GB","2楷林",93,527,0,"HQF151560","SQ72513 561"
1260,7970,19.63,"2GA","2楷林",16,337,0,"HQY007100","SQ51604 561"
1560,11090,33.39,"2GC","2楷林",36,451,0,"HQJ001230","SQ78366 511"
1070,10480,21.92,"2GD","2楷林",36,319,0,"HQG137370","SQ75001 541"
960,10450,19.61,"2GC","2楷林",83,358,0,"HQF006700","SQ70159 031"
1320,10020,25.47,"2GA","2楷林",57,475,0,"HQD022320","SQ64846 011"
1340,11660,30.55,"2GA","2楷林",42,448,0,"HQY025070","SQ51845 521"
1270,8420,20.91,"2GA","2楷林",8,271,0,"HQH159370","SQ78259 551"
1300,9230,23.19,"2GA","2楷林",75,322,0,"HQD140010","SQ66864 511"
1280,9150,22.9,"2GC","2楷林",24,344,0,"HQY031990","SQ51926 531"
1360,11800,31.37,"2GB","2楷林",15,485,0,"HQC120200","SQ63992 051"
1500,11560,33.9,"2GB","2楷林",13,553,0,"HQB019920","SQ59233 041"
1140,11850,26.41,"2GA","2楷林",66,344,0,"HQG116300","SQ74575 021"
1550,9410,27.83,"2GD","2楷林",8,260,9.6,"HQE106600","SQ69141 551"
1390,9730,26.02,"2GC","2楷林",66,310,13.5,"HQC142750","SQ64381 051"
950,10080,18.72,"2GA","2楷林",80,349,0,"HQA000480","SQ56163 521"
1510,11840,34.95,"2GA","2楷林",13,316,0,"HQH109870","SQ77454 021"
1450,9370,26.56,"2GA","2楷林",37,330,0,"HQC103660","SQ63720 021"
1200,9190,21.56,"2GA","2楷林",61,357,0,"HQY006590","SQ51606 041"
1150,9130,20.53,"2GB","2楷林",25,429,0,"HQH039880","SQ76235 571"
1220,10060,23.99,"2GA","2楷林",43,326,0,"HQH113410","SQ77555 511"
1210,8770,20.32,"2GA","2楷林",45,340,0,"HQA164160","SQ58790 521"
1030,7610,15.32,"2GA","2楷林",35,357,0,"HQJ116190","SQ80335 531"
1100,7260,15.61,"2GB","2楷林",54,527,0,"HQB102270","SQ60686 081"
1570,11400,34.99,"2GD","2楷林",14,280,0,"HQC137780","SQ64342 041"
1290,9160,23.1,"2GB","2楷林",50,333,0,"HQA143710","SQ58435 041"
1060,7650,15.85,"2GB","2楷林",82,467,0,"HQB057870","SQ59926 541"
1290,9270,23.38,"2GC","2楷林",49,347,0,"HQA095740","SQ57773 551"
1260,9330,22.98,"2GB","2楷林",41,368,0,"HQX027310","SQ49548 041"
1270,9380,23.29,"2GC","2楷林",19,485,0,"HQE078020","SQ68613 561"
1370,8310,22.09,"3GC","2楷林",38,298,0,"HQA062230","SQ57176 011"
1270,9020,22.4,"2GB","2楷林",39,553,0,"HQX055990","SQ50052 531"
1310,9610,23.56,"2GC","2楷林",32,267,9.7,"HQG164440","SQ75417 011"
1290,9950,25.09,"2GA","2楷林",70,325,0,"HQZ103850","SQ54987 551"
1340,9750,25.54,"2GB","2楷林",11,461,0,"HQD152070","SQ67064 031"
1030,7020,14.14,"2GA","2楷林",103,455,0,"HQA086770","SQ57630 031"
1330,10460,27.2,"2GC","2楷林",12,530,0,"HQY052710","SQ52186 531"
1210,9430,22.31,"2GB","2楷林",60,416,0,"HQH077270","SQ76889 541"
1270,9490,23.56,"2GB","2楷林",39,328,0,"HQD004210","SQ64557 021"
1350,8560,22.59,"2GA","2楷林",37,334,0,"HQZ074640","SQ54508 021"
1300,7380,18.76,"2GA","2楷林",24,447,0,"HQH091940","SQ77173 551"
1100,8910,19.16,"2GA","2楷林",71,372,1.5,"HQB030770","SQ59438 051"
1280,11810,29.55,"2GB","2楷林",57,519,0,"HQA051330","SQ56957 521"
1290,8990,22.31,"2GA","2楷林",21,319,9.1,"HQD058450","SQ65412 041"
1520,11740,34.89,"2GA","2楷林",10,262,0,"HQJ121840","SQ80438 011"
1040,9400,19.11,"2GC","2楷林",61,330,0,"HQY111460","SQ52944 051"
1250,8810,21.53,"2GA","2楷林",20,358,0,"HQE130970","SQ69570 051"
1070,7920,16.57,"3GC","2楷林",93,372,0,"HQF136650","SQ72232 051"
1300,10750,27.32,"2GA","2楷林",20,274,0,"HQF065260","SQ71020 531"
1450,10750,30.47,"2GC","2楷林",67,327,0,"HQH026870","SQ75962 521"
1080,9290,19.61,"2GA","2楷林",87,330,0,"HQG096620","SQ74294 021"
1310,7930,20.31,"2GA","2楷林",72,317,0,"HQE036470","SQ67860 531"
1090,9900,21.1,"3GC","2楷林",28,342,0,"HQG144240","SQ75117 541"
1380,9160,24.71,"3GB","2楷林",35,358,0,"HQD054410","SQ65361 551"
990,10610,20.54,"3GB","2楷林",62,515,0,"HQJ164080","SQ81190 561"
1150,11160,25.09,"2GD","2楷林",46,524,0,"HQJ051540","SQ79161 021"
950,8230,15.29,"3GC","2楷林",72,278,0,"HQF030610","SQ70509 551"
1290,10480,26.43,"2GA","2楷林",57,339,0,"HQB127090","SQ61200 511"
980,9830,18.83,"2GA","2楷林",34,329,0,"HQE027140","SQ67712 561"
1290,8850,22.32,"2GC","2楷林",20,421,0,"HQB046020","SQ59691 561"
1430,8870,24.8,"2GB","2楷林",2,522,0,"HQY025610","SQ51855 041"
1150,11690,26.28,"2GB","2楷林",36,421,0,"HQX076120","SQ50339 531"
1250,11080,27.08,"3GC","2楷林",50,470,0,"HQJ097030","SQ79968 541"
1200,11290,26.49,"2GB","2楷林",21,523,0,"HQC088730","SQ63480 511"
1400,11180,30.6,"2GA","2楷林",73,328,0,"HQJ001600","SQ78388 531"
1300,8880,22.57,"2GA","2楷林",67,328,0,"HQZ090080","SQ54725 561"
1160,8680,19.68,"2GB","2楷林",23,420,0,"HQF065290","SQ71009 541"
1380,10750,28.69,"2GB","2楷林",28,312,0,"HQY161890","SQ53596 011"
1370,10320,27.64,"3GC","2楷林",36,527,0,"HQC122780","SQ64038 551"
1110,9030,19.6,"2GA","2楷林",33,302,0,"HQG036750","SQ73398 561"
1140,11660,25.53,"2GA","2楷林",28,353,0,"HQX074610","SQ50305 031"
1290,8910,22.47,"2GB","2楷林",22,427,0,"HQB120040","SQ61054 061"
1110,11010,23.89,"2GA","2楷林",51,349,0,"HQD087090","SQ65979 031"
1370,9820,25.88,"2GC","2楷林",45,337,7.2,"HQX052750","SQ50013 531"
1100,9330,20.06,"3GC","2楷林",88,341,0,"HQA164590","SQ58770 521"
1240,9440,22.88,"2GA","2楷林",83,338,0,"HQJ039170","SQ78932 511"
1470,11180,31.69,"2GA","2楷林",28,428,0,"HQD042580","SQ65176 531"
1050,9540,19.58,"2GC","2楷林",65,341,0,"HQD094350","SQ66106 531"
1540,10010,30.14,"3GC","2楷林",58,333,0,"HQF091870","SQ71418 051"
1290,9310,23.21,"2GA","2楷林",45,343,0,"HQZ109420","SQ55116 511"
1250,8230,20.11,"3GC","2楷林",42,336,0,"HQG070200","SQ73993 051"
1530,11700,35,"3GC","2楷林",11,280,0,"HQJ049820","SQ79137 541"
1330,10170,26.44,"2GB","2楷林",33,340,0,"HQC025970","SQ62323 041"
1520,9450,27.62,"2GB","2楷林",10,526,0,"HQE066710","SQ68394 511"
1240,8980,21.77,"2GB","2楷林",36,507,0,"HQE066970","SQ68399 041"
1510,10410,30.43,"2GA","2楷林",11,327,0,"HQF132030","SQ72171 521"
1100,10380,22.32,"2GB","2楷林",48,453,0,"HQZ156700","SQ55906 061"
1220,11630,27.74,"2GC","2楷林",65,520,0,"HQC143520","SQ64407 051"
1410,7870,21.69,"2GB","2楷林",9,517,0,"HQZ063750","SQ54340 511"
1100,8890,19.12,"2GA","2楷林",66,377,0,"HQA053820","SQ57029 561"
1150,11620,26.12,"2GC","2楷林",50,433,0,"HQE079860","SQ68650 021"
1060,7400,15.34,"2GA","2楷林",33,355,0,"HQB142700","SQ61459 061"
1070,11480,24.01,"2GA","2楷林",65,334,0,"HQY110690","SQ52898 541"
1070,8270,17.3,"2GC","2楷林",80,532,0,"HQG141080","SQ75062 541"
1350,9510,25.1,"2GA","2楷林",62,332,0,"HQA046810","SQ56869 521"
1090,9450,20.14,"2GA","2楷林",91,331,0,"HQZ093740","SQ54783 561"
1390,11750,31.93,"2GA","2楷林",25,276,0,"HQF125290","SQ72049 011"
1290,8960,22.6,"2GA","2楷林",77,339,0,"HQC057380","SQ62881 041"
1240,7170,17.38,"2GA","2楷林",32,339,0,"HQD086900","SQ65950 051"
980,11670,22.36,"2GA","2楷林",66,315,0,"HQH055580","SQ76468 031"
1300,11670,29.66,"3GC","2楷林",30,441,0,"HQH147140","SQ78101 521"
1350,9800,25.86,"2GA","2楷林",29,328,0,"HQY002010","SQ51550 051"
1310,9040,23.15,"2GC","2楷林",38,324,0,"HQX140420","SQ51166 561"
1100,10380,22.32,"3GC","2楷林",63,321,0,"HQY079770","SQ52538 531"
1280,8050,20.14,"3GC","2楷林",54,454,0,"HQG046280","SQ73617 531"
1230,11190,26.47,"2GC","2楷林",17,303,0,"HQJ106570","SQ80161 521"
1290,8600,21.6,"2GA","2楷林",26,331,0,"HQX163770","SQ51467 011"
1400,11860,32.46,"2GA","2楷林",71,270,0,"HQA066980","SQ57232 521"
1020,11860,23.65,"2GC","2楷林",62,335,0,"HQY082440","SQ52570 541"
1300,10230,26,"2GC","2楷林",45,289,0,"HQA057200","SQ57080 531"
1320,10720,27.14,"2GA","2楷林",39,276,0,"HQH137250","SQ77960 011"
1280,8790,22,"2GA","2楷林",59,451,0,"HQB093750","SQ60562 021"
1500,11630,34.1,"2GA","2楷林",11,324,0,"HQC092530","SQ63526 031"
1370,7360,19.71,"2GB","2楷林",40,340,0,"HQD086000","SQ65930 521"
1040,9370,19.05,"2GB","2楷林",69,344,0,"HQZ002400","SQ53648 071"
1260,8170,20.13,"2GB","2楷林",3,368,0,"HQD088360","SQ65993 051"
1280,9400,23.52,"3GC","2楷林",14,527,0,"HQB050940","SQ59798 021"
1190,9480,22.05,"3GC","2楷林",9,333,0,"HQA158160","SQ58679 541"
1570,11400,34.99,"2GA","2楷林",7,327,0,"HQX125680","SQ51009 051"
1380,11830,31.92,"2GA","2楷林",44,273,0,"HQY004900","SQ51588 011"
1250,11180,27.32,"2GB","2楷林",42,335,0,"HQJ091530","SQ79867 561"
1150,11770,26.46,"2GA","2楷林",35,318,0,"HQJ101720","SQ80055 041"
1240,10270,24.9,"3GB","2楷林",10,457,0,"HQD046370","SQ65246 031"
1560,6570,20.04,"2GA","2楷林",3,343,0,"HQF137710","SQ72271 021"
1220,11450,27.09,"2GC","2楷林",62,525,0,"HQC143490","SQ64409 011"
1060,6770,14.03,"2GB","2楷林",12,341,0,"HQA057660","SQ57071 511"
1230,9780,23.52,"2GB","2楷林",13,520,0,"HQX103270","SQ50696 551"
1020,10820,21.58,"2GA","2楷林",42,327,0,"HQG122660","SQ74747 541"
1350,8550,22.57,"2GA","2楷林",8,356,0,"HQF020360","SQ70327 541"
1260,9170,22.59,"2GA","2楷林",72,332,0,"HQF112000","SQ71812 041"
1570,9940,30.51,"2GC","2楷林",31,330,0,"HQX116520","SQ50886 021"
1260,9760,24.04,"2GB","2楷林",91,423,0,"HQZ119580","SQ55259 061"
1300,9090,23.1,"2GA","2楷林",55,325,0,"HQE032460","SQ67790 541"
1330,11230,28.76,"2GA","2楷林",18,324,0,"HQH126610","SQ77780 521"
1160,11260,25.1,"2GC","2楷林",31,482,0,"HQH166960","SQ78354 511"
1450,11770,32.83,"2GC","2楷林",28,251,4.8,"HQH028470","SQ75984 021"
1050,11340,23.28,"3GC","2楷林",76,265,0,"HQD089090","SQ65983 561"
1320,11690,30.17,"2GB","2楷林",79,523,0,"HQZ074070","SQ54489 531"
1290,8980,22.65,"2GC","2楷林",29,324,0,"HQX026310","SQ49515 541"
1000,11300,22.09,"2GA","2楷林",52,396,0,"HQE156290","SQ70014 011"
1080,11330,23.92,"2GC","2楷林",86,324,0,"HQZ098840","SQ54900 041"
1350,10460,27.61,"2GC","2楷林",22,530,0,"HQB081360","SQ60327 521"
1210,9780,23.14,"2GC","2楷林",16,445,0,"HQJ150910","SQ80950 011"
1250,10720,26.2,"2GA","2楷林",72,337,0,"HQH041970","SQ76249 061"
1070,9110,19.06,"2GB","2楷林",35,344,0,"HQJ126640","SQ80508 511"
1100,9360,20.13,"2GA","2楷林",43,351,0,"HQA006930","SQ56275 551"
1300,9090,23.1,"2GA","2楷林",22,333,0,"HQH119280","SQ77649 051"
1210,9390,22.21,"2GA","2楷林",50,335,0,"HQC098790","SQ63650 541"
1390,7910,21.5,"2GA","2楷林",13,342,0,"HQC056740","SQ62871 531"
1350,10380,27.4,"3GC","2楷林",12,264,0,"HQD087660","SQ65968 541"
1320,11620,29.99,"2GB","2楷林",44,527,0,"HQY153390","SQ53484 031"
1290,9080,22.9,"2GA","2楷林",69,337,0,"HQB006930","SQ58996 541"
1400,11680,31.97,"2GA","2楷林",20,270,0,"HQC117410","SQ63954 541"
990,11470,22.2,"2GA","2楷林",54,410,0,"HQG029260","SQ73296 571"
1330,8070,20.98,"2GD","2楷林",27,396,0,"HQZ157270","SQ55874 031"
1080,11570,24.43,"2GA","2楷林",53,337,0,"HQJ080770","SQ79642 531"
1360,11330,30.12,"2GA","2楷林",1,333,0,"HQX015240","SQ49335 531"
1390,11120,29.73,"2GA","2楷林",21,331,10,"HQB042140","SQ59627 541"
1000,9390,18.36,"3GC","2楷林",69,305,0,"HQE026650","SQ67713 021"
1110,11050,23.98,"2GA","2楷林",123,339,0,"HQE036980","SQ67871 571"
1230,5780,13.67,"2GA","2楷林",50,451,0,"HQD059360","SQ65469 021"
980,10510,20.14,"2GA","2楷林",76,326,0,"HQE025180","SQ67647 521"
1310,8550,21.9,"2GD","2楷林",29,336,0,"HQZ124710","SQ55355 051"
1250,10840,26.49,"2GB","2楷林",59,344,0,"HQH073580","SQ76826 011"
1230,11730,28.21,"2GA","2楷林",34,274,0,"HQY153290","SQ53514 531"
1110,9760,21.18,"2GA","2楷林",59,322,0,"HQF056840","SQ70923 021"
1410,11650,32.11,"2GA","2楷林",12,275,0,"HQF123630","SQ72045 031"
1290,11630,29.33,"2GA","2楷林",43,317,0,"HQD054490","SQ65366 051"
1280,8590,21.5,"2GC","2楷林",58,341,0,"HQB050390","SQ59773 041"
1110,7060,15.32,"2GA","2楷林",55,351,0,"HQC023950","SQ62275 071"
1250,10750,26.27,"3GC","2楷林",61,469,0,"HQJ097140","SQ79970 031"
1490,8110,23.62,"2GA","2楷林",39,272,0,"HQD093460","SQ66079 541"
980,11780,22.57,"2GA","2楷林",38,304,0,"HQH054550","SQ76454 531"
1030,11850,23.86,"2GA","2楷林",81,351,0,"HQX148870","SQ51278 541"
930,8730,15.87,"3GC","2楷林",61,310,0,"HQH028020","SQ76020 541"
1110,7060,15.32,"2GA","2楷林",70,352,0,"HQC023200","SQ62267 041"
1290,11850,29.89,"2GA","2楷林",2,296,0,"HQZ114730","SQ54918 031"
1240,10910,26.45,"2GA","2楷林",43,343,0,"HQH133140","SQ77876 531"
1550,8160,24.73,"2GB","2楷林",5,528,0,"HQJ052280","SQ79168 051"
1010,6250,12.34,"2GC","2楷林",98,425,0,"HQD066490","SQ65575 031"
1420,11800,32.76,"2GA","2楷林",20,270,0,"HQF012720","SQ70237 521"
1320,8590,22.17,"2GA","2楷林",25,341,0,"HQA002620","SQ56180 531"
1130,9770,21.58,"2GA","2楷林",90,447,0,"HQA086640","SQ57628 551"
1030,9670,19.47,"2GC","2楷林",61,332,0,"HQB064120","SQ60035 521"
1300,10210,25.95,"2GA","2楷林",36,325,0,"HQC139630","SQ64341 011"
1280,10920,27.33,"2GA","2楷林",28,272,0,"HQD117970","SQ66478 021"
1100,8660,18.62,"2GA","2楷林",56,330,0,"HQX047220","SQ49879 511"
1290,10780,27.19,"2GA","2楷林",53,335,0,"HQY033910","SQ51979 561"
1510,8490,25.06,"2GB","2楷林",22,526,0,"HQX071870","SQ50288 041"
1510,11780,34.78,"2GC","2楷林",16,518,0,"HQH161880","SQ78287 041"
1220,11760,27.82,"2GB","2楷林",23,523,0,"HQA101920","SQ57840 511"
1260,8430,20.77,"2GA","2楷林",24,316,0,"HQF101980","SQ71611 021"
1490,11860,34.55,"2GA","2楷林",22,268,0,"HQC017070","SQ62159 021"
980,9980,19.12,"2GC","2楷林",83,374,0,"HQY118640","SQ53032 561"
1450,10960,31.07,"2GA","2楷林",35,266,0,"HQJ130650","SQ80594 021"
1190,10810,25.15,"2GC","2楷林",31,526,0,"HQE053040","SQ68114 031"
1300,10060,25.08,"2GB","2楷林",16,466,0,"HQH053000","SQ76441 031"
980,11800,22.61,"2GA","2楷林",72,271,0,"HQF082210","SQ71298 021"
1540,11620,34.98,"2GC","2楷林",20,317,0,"HQY158790","SQ53558 031"
1570,11400,34.15,"2GC","2楷林",14,274,4.1,"HQX142270","SQ51190 041"
1240,11420,27.68,"2GA","2楷林",46,341,0,"HQD065970","SQ65568 051"
980,9980,19.12,"3GC","2楷林",61,322,0,"HQF048400","SQ70791 561"
1350,11650,30.75,"2GC","2楷林",5,313,0,"HQZ166890","SQ56084 021"
1280,9430,22.77,"2GA","2楷林",51,337,10.5,"HQA081290","SQ57445 511"
1260,11250,27.71,"3GC","2楷林",26,521,0,"HQC143130","SQ64400 541"
1190,9980,23.22,"2GA","2楷林",31,340,0,"HQY111160","SQ52904 531"
940,10170,18.69,"2GA","2楷林",62,331,0,"HQE053940","SQ68162 531"
1030,9270,18.67,"2GA","2楷林",60,318,0,"HQX004090","SQ49110 561"
1100,9360,20.13,"2GA","2楷林",53,365,0,"HQA007030","SQ56266 051"
1290,9310,23.48,"3GC","2楷林",50,331,0,"HQA077780","SQ57373 021"
1000,10290,20.12,"2GC","2楷林",54,315,0,"HQF163830","SQ72711 521"
1030,9480,19.09,"2GA","2楷林",70,335,0,"HQA071890","SQ57314 021"
1030,9670,19.47,"2GC","2楷林",102,327,0,"HQB064530","SQ60044 061"
1210,11680,27.63,"2GC","2楷林",43,249,0,"HQD109510","SQ66361 041"
1030,9950,20.04,"2GA","2楷林",14,325,0,"HQF096350","SQ71551 041"
1280,9660,24.17,"3GC","2楷林",9,329,0,"HQD118300","SQ66483 011"
1460,10820,30.88,"2GC","2楷林",51,330,0,"HQH089620","SQ77131 521"
1350,11870,31.33,"3GC","2楷林",6,311,0,"HQZ166020","SQ56081 021"
1270,10340,25.67,"2GC","2楷林",42,293,0,"HQF034600","SQ70561 011"
1070,8260,17.28,"2GB","2楷林",75,523,0,"HQX090910","SQ50527 531"
1070,8870,18.55,"2GA","2楷林",64,336,0,"HQC067810","SQ63103 561"
1240,6610,16.02,"2GA","2楷林",87,346,0,"HQC145280","SQ64435 521"
1060,10150,21.03,"2GA","2楷林",48,335,0,"HQG153670","SQ75279 041"
1170,10020,22.92,"2GB","2楷林",84,417,0,"HQG135380","SQ74981 531"
1380,11850,31.97,"2GA","2楷林",30,293,0,"HQY144180","SQ53340 551"
1300,9790,24.88,"2GD","2楷林",21,333,0,"HQA139400","SQ58386 051"
1180,11320,26.11,"2GB","2楷林",82,526,0,"HQA144830","SQ58467 031"
1500,9440,27.68,"2GD","2楷林",9,300,0,"HQG117190","SQ74612 531"
1250,11730,28.67,"2GA","2楷林",27,267,0,"HQH159560","SQ78262 021"
1470,10600,30.46,"2GA","2楷林",38,331,0,"HQZ121370","SQ55270 531"
1030,9710,19.55,"2GA","2楷林",61,332,0,"HQB059940","SQ59966 011"
1040,9870,20.07,"2GA","2楷林",79,356,0,"HQX092110","SQ50554 061"
1290,8080,20.38,"2GB","2楷林",27,460,0,"HQZ151010","SQ55822 051"
1380,9170,24.74,"2GB","2楷林",10,529,0,"HQY025690","SQ51857 531"
1270,9660,23.51,"3GB","2楷林",52,431,0,"HQZ010660","SQ53743 021"
1290,9940,25.07,"2GA","2楷林",64,327,0,"HQZ082300","SQ54600 061"
1110,11500,24.96,"2GA","2楷林",46,451,0,"HQJ025130","SQ78708 571"
1570,8170,25.08,"2GC","2楷林",25,327,0,"HQY084310","SQ52602 051"
1190,10790,25.1,"3GC","2楷林",42,320,0,"HQA159930","SQ58687 011"
1130,11040,24.39,"2GA","2楷林",63,300,0,"HQF072010","SQ71090 041"
1270,11800,29.3,"2GD","2楷林",57,321,0,"HQD160040","SQ67170 531"
1260,10830,26.25,"2GA","2楷林",30,274,8.3,"HQD153150","SQ67036 531"
1080,9040,19.09,"2GA","2楷林",75,331,0,"HQZ144360","SQ55669 061"
1290,9170,23.13,"2GB","2楷林",96,337,0,"HQH078650","SQ76901 011"
1250,9480,23.17,"2GA","2楷林",21,330,0,"HQJ021180","SQ78685 061"
1390,11620,31.58,"2GA","2楷林",95,336,0,"HQA090260","SQ57672 011"
1370,11380,30.48,"3GC","2楷林",44,337,0,"HQX158840","SQ51384 551"
1320,8430,21.75,"2GA","2楷林",15,299,0,"HQZ087140","SQ54698 531"
1150,8870,19.94,"3GC","2楷林",27,499,0,"HQE022830","SQ67623 061"
1370,11430,30.12,"2GC","2楷林",20,291,7.7,"HQG028370","SQ73278 521"
960,9680,18.17,"2GA","2楷林",62,302,0,"HQG037040","SQ73399 551"
1380,11870,32.02,"3GC","2楷林",8,454,0,"HQJ046810","SQ79082 531"
1200,9070,21.28,"2GA","2楷林",17,362,0,"HQJ115540","SQ80287 521"
1270,9140,22.69,"2GC","2楷林",40,341,0,"HQC108860","SQ63772 021"
1530,11660,34.88,"2GA","2楷林",18,275,0,"HQH087720","SQ77078 031"
1290,9150,23.08,"2GA","2楷林",40,332,0,"HQA092380","SQ57726 521"
1300,9790,24.88,"2GA","2楷林",51,341,0,"HQZ089920","SQ54731 511"
1440,11870,33.42,"2GA","2楷林",13,334,0,"HQA065050","SQ57183 511"
1370,10290,27.26,"2GB","2楷林",24,482,0,"HQJ036280","SQ78890 011"
1260,7450,18.35,"2GA","2楷林",40,333,0,"HQA162580","SQ58755 071"
1300,9120,23.18,"2GA","2楷林",67,328,0,"HQD128560","SQ66623 561"
1030,9470,19.07,"2GB","2楷林",91,332,0,"HQY046500","SQ52154 041"
1120,6770,14.56,"2GB","2楷林",76,420,0,"HQH118040","SQ77626 521"
1150,11720,26.35,"2GB","2楷林",27,355,0,"HQG157560","SQ75352 041"
1380,11730,31.3,"2GA","2楷林",9,268,0,"HQF075170","SQ71193 511"
1280,7010,17.54,"3GC","2楷林",53,342,0,"HQA136840","SQ58350 521"
1310,9050,23.18,"2GC","2楷林",19,330,0,"HQE141520","SQ69764 051"
1370,10940,29.3,"2GB","2楷林",31,315,0,"HQD085910","SQ65938 011"
1240,11760,28.51,"3GB","2楷林",1,353,0,"HQZ042070","SQ54067 551"
1410,9040,24.92,"2GC","2楷林",6,491,0,"HQJ108220","SQ80185 531"
1190,11670,27.15,"2GA","2楷林",31,450,0,"HQE009700","SQ67387 051"
1200,9740,22.85,"2GB","2楷林",80,523,0,"HQZ135600","SQ55513 521"
1300,9390,23.86,"2GA","2楷林",46,344,0,"HQZ167300","SQ56101 011"
1040,11810,24.01,"3GC","2楷林",66,347,0,"HQA111630","SQ57973 051"
920,10890,19.59,"2GC","2楷林",70,394,0,"HQG021770","SQ73183 071"
1190,9440,21.96,"2GA","2楷林",47,433,0,"HQX130610","SQ51066 561"
1360,10250,27.25,"2GA","2楷林",25,327,0,"HQZ018090","SQ53840 051"
1000,7570,14.8,"2GC","2楷林",90,525,0,"HQA012260","SQ56383 551"
1320,10880,28.08,"2GB","2楷林",12,468,0,"HQH093790","SQ77195 541"
1090,8110,17.28,"3GC","2楷林",29,529,0,"HQC089730","SQ63505 031"
1220,10200,23.83,"2GA","2楷林",59,257,0,"HQB069850","SQ60153 511"
990,9880,19.12,"2GA","2楷林",33,330,0,"HQA030400","SQ56605 011"
1470,10190,29.28,"2GB","2楷林",6,558,0,"HQB019850","SQ59236 051"
1570,11380,34.09,"2GC","2楷林",10,304,14.3,"HQB012280","SQ59057 031"
1250,9470,22.68,"2GC","2楷林",28,467,0,"HQJ160750","SQ81135 511"
1190,7470,17.38,"3GC","2楷林",32,426,0,"HQG151640","SQ75259 541"
1190,9840,22.89,"2GA","2楷林",50,458,0,"HQX084580","SQ50445 551"
1290,6970,17.58,"2GA","2楷林",44,495,0,"HQZ084760","SQ54651 531"
1190,9880,22.99,"2GC","2楷林",60,454,0,"HQC026920","SQ62315 031"
1380,11610,31.32,"2GA","2楷林",2,269,0,"HQA074270","SQ57332 041"
1290,6200,15.64,"2GC","2楷林",41,453,0,"HQF012930","SQ70231 561"
1310,11800,30.22,"2GC","2楷林",32,335,0,"HQG102040","SQ74349 541"
1260,9410,23.18,"2GA","2楷林",25,333,0,"HQA162430","SQ58757 041"
1300,11700,29.74,"2GA","2楷林",63,335,0,"HQX088380","SQ50507 531"
1330,11460,29.8,"3GB","2楷林",14,430,0,"HQD099570","SQ66201 521"
900,9280,16.33,"2GC","2楷林",71,330,0,"HQB004480","SQ58953 071"
1100,11170,24.02,"2GC","2楷林",60,341,0,"HQZ113950","SQ55188 541"
1360,8630,22.95,"2GA","2楷林",2,326,0,"HQZ017860","SQ53844 511"
1570,10060,30.88,"2GA","2楷林",9,326,0,"HQZ163150","SQ56009 521"
1080,11440,24.15,"2GA","2楷林",18,328,0,"HQE095930","SQ68942 051"
960,9570,17.96,"2GC","2楷林",63,332,0,"HQA103360","SQ57866 571"
1250,8500,20.77,"2GB","2楷林",81,422,0,"HQX048450","SQ49923 551"
1400,8110,22.2,"2GC","2楷林",21,437,0,"HQG054700","SQ73766 541"
1400,9180,25.13,"2GA","2楷林",77,335,0,"HQA050570","SQ56950 031"
1260,9380,23.11,"2GA","2楷林",86,333,0,"HQF093920","SQ71507 021"
1290,10900,27.49,"2GA","2楷林",10,338,0,"HQA056850","SQ57067 541"
1270,9890,24.56,"2GA","2楷林",43,450,0,"HQZ153560","SQ55867 561"
1210,11270,26.66,"2GA","2楷林",17,301,0,"HQD016340","SQ64756 531"
1570,9320,27.92,"2GA","2楷林",5,259,5.6,"HQH107640","SQ77378 031"
1110,6940,15.06,"2GB","2楷林",54,504,0,"HQZ168820","SQ56114 021"
1110,9810,21.29,"2GA","2楷林",60,332,0,"HQC032920","SQ62422 551"
1100,11100,23.87,"2GC","2楷林",84,351,0,"HQA143170","SQ58421 521"
1410,11590,31.95,"2GA","2楷林",24,273,0,"HQB137640","SQ61382 031"
1400,11710,32.05,"3GB","2楷林",34,439,0,"HQF165600","SQ72756 541"
1250,8810,21.53,"2GC","2楷林",5,355,0,"HQA163000","SQ58774 031"
1270,9190,22.45,"2GC","2楷林",13,304,5.7,"HQH138390","SQ77935 021"
1290,8800,22.19,"2GA","2楷林",24,342,0,"HQY040340","SQ52074 041"
1450,11670,32.4,"3GC","2楷林",25,475,0,"HQX114780","SQ50859 511"
920,7770,13.98,"2GA","2楷林",46,342,0,"HQZ139460","SQ55630 561"
1280,10880,27.23,"3GC","2楷林",12,270,0,"HQC094620","SQ63584 521"
1390,11110,30.19,"2GB","2楷林",5,332,0,"HQF141200","SQ72333 561"
1240,10290,24.95,"2GA","2楷林",58,346,0,"HQE003540","SQ67278 021"
1110,11060,24,"2GA","2楷林",61,353,0,"HQD013370","SQ64700 521"
1260,10230,25.2,"2GA","2楷林",75,327,0,"HQD155070","SQ67097 551"
1260,9670,23.82,"2GA","2楷林",18,321,0,"HQJ087170","SQ79761 041"
1310,7960,20.39,"2GB","2楷林",38,524,0,"HQX076800","SQ50352 061"
1270,7800,19.37,"2GA","2楷林",18,342,0,"HQF137870","SQ72273 561"
1350,8480,22.38,"2GA","2楷林",29,337,0,"HQA058220","SQ57099 031"
1410,11770,31.93,"2GC","2楷林",14,286,9,"HQG028860","SQ73273 541"
1210,7350,17.39,"2GC","2楷林",40,426,0,"HQZ015500","SQ53798 041"
1300,10110,25.69,"2GA","2楷林",47,339,0,"HQY103940","SQ52827 041"
1010,10850,21.42,"2GB","2楷林",68,523,0,"HQZ039180","SQ54031 521"
1270,10000,24.83,"2GA","2楷林",33,297,0,"HQE085480","SQ68761 521"
1280,9730,24.35,"2GA","2楷林",58,426,0,"HQA079830","SQ57428 541"
1390,9730,26.44,"2GA","2楷林",59,342,0,"HQC139170","SQ64334 011"
1030,11860,23.88,"2GA","2楷林",94,347,0,"HQX031030","SQ49596 541"
1040,11790,23.97,"2GA","2楷林",77,343,0,"HQB044430","SQ59675 521"
1550,11530,34.94,"3GC","2楷林",3,323,0,"HQZ105940","SQ55045 021"
1090,11200,23.87,"2GB","2楷林",110,354,0,"HQY048620","SQ52166 521"
980,9960,19.08,"3GC","2楷林",64,324,0,"HQF048430","SQ70791 021"
1250,9480,23.17,"2GA","2楷林",52,329,0,"HQF152180","SQ72524 021"
1190,8180,19.03,"2GC","2楷林",67,412,0,"HQZ041660","SQ54048 541"
1270,10140,25.18,"2GA","2楷林",63,328,0,"HQY121470","SQ53048 011"
1390,10370,28.18,"2GA","2楷林",70,343,0,"HQD073940","SQ65702 041"
1000,11130,21.76,"2GA","2楷林",45,329,0,"HQD032200","SQ64998 551"
1290,9140,23.05,"2GB","2楷林",79,328,0,"HQZ091180","SQ54748 561"
1320,11780,30.4,"2GB","2楷林",37,444,0,"HQZ017780","SQ53829 521"
1030,11850,23.86,"2GC","2楷林",60,353,0,"HQE090100","SQ68848 531"
1350,10610,27.48,"2GC","2楷林",24,537,0,"HQB081380","SQ60329 511"
1030,7610,15.32,"2GC","2楷林",47,352,0,"HQE126530","SQ69492 051"
1550,11550,35,"2GA","2楷林",7,273,0,"HQG039710","SQ73471 031"
1360,11800,30.62,"2GA","2楷林",41,317,10,"HQH018230","SQ75808 041"
1550,7680,23.27,"2GA","2楷林",32,358,0,"HQX014520","SQ49309 521"
1270,9770,24.26,"2GC","2楷林",30,332,0,"HQG167870","SQ75526 011"
1070,8660,18.12,"2GB","2楷林",95,527,0,"HQF151580","SQ72513 551"
1370,7470,19.64,"2GB","2楷林",36,383,0,"HQZ026040","SQ53873 511"
1090,11600,24.72,"3GC","2楷林",27,454,0,"HQF098530","SQ71595 521"
1300,8090,20.56,"2GB","2楷林",26,450,0,"HQG118480","SQ74640 021"
1290,11780,29.71,"3GB","2楷林",28,337,0,"HQJ062750","SQ79344 511"
1320,9580,24.72,"2GB","2楷林",13,438,0,"HQH087330","SQ77077 551"
1100,11320,24.34,"2GA","2楷林",89,291,0,"HQB035070","SQ59495 521"
1040,11520,23.42,"3GC","2楷林",72,301,0,"HQJ039980","SQ78974 531"
1210,10860,25.69,"3GB","2楷林",68,445,0,"HQH083690","SQ76994 041"
1380,11600,31.3,"2GA","2楷林",40,337,0,"HQD041400","SQ65150 521"
1270,8850,21.97,"2GA","2楷林",31,450,0,"HQE020240","SQ67600 021"
1080,7480,15.79,"2GC","2楷林",47,351,0,"HQB145520","SQ61501 531"
1190,11340,26.38,"2GC","2楷林",46,340,0,"HQA040180","SQ56743 031"
1200,10060,23.6,"2GD","2楷林",67,336,0,"HQJ057560","SQ79247 541"
900,11710,20.6,"2GB","2楷林",71,320,0,"HQC069630","SQ63117 021"
1230,11420,27.46,"2GA","2楷林",44,297,0,"HQE129470","SQ69540 541"
1100,11110,23.89,"2GA","2楷林",50,348,0,"HQZ051130","SQ54155 041"
1100,7920,17.03,"2GA","2楷林",111,356,0,"HQA056050","SQ57047 551"
1340,7330,19.2,"2GB","2楷林",10,443,0,"HQX031140","SQ49577 021"
1370,11610,30.53,"2GA","2楷林",81,269,0,"HQY034190","SQ51997 511"
1340,10020,26.25,"2GA","2楷林",32,338,0,"HQY122930","SQ53067 041"
1110,11540,25.04,"2GB","2楷林",42,328,0,"HQC030740","SQ62380 551"
1240,10590,25.06,"2GA","2楷林",57,343,10.8,"HQD000540","SQ64439 051"
1370,11860,31.77,"3GC","2楷林",44,335,0,"HQY079580","SQ52526 541"
1250,10100,24.68,"2GD","2楷林",37,443,0,"HQH035360","SQ76146 061"
1250,10020,24.49,"2GA","2楷林",23,453,0,"HQC125970","SQ64120 551"
1360,11840,31.48,"3GC","2楷林",24,439,0,"HQH010790","SQ75736 511"
1260,11620,28.62,"3GC","2楷林",13,309,0,"HQB012930","SQ59083 531"
1290,9170,23.13,"2GA","2楷林",88,329,0,"HQH078570","SQ76910 051"
1400,9640,26.38,"2GA","2楷林",65,341,0,"HQA050450","SQ56948 531"
1220,11440,27.29,"2GB","2楷林",38,529,0,"HQY142740","SQ53312 541"
1040,10590,21.22,"2GC","2楷林",66,524,0,"HQH021560","SQ75880 021"
1190,8180,19.03,"2GB","2楷林",26,411,0,"HQY102830","SQ52806 561"
1140,9970,22.22,"2GB","2楷林",98,413,0,"HQJ070560","SQ79456 531"
980,9980,19.12,"2GC","2楷林",59,324,0,"HQF048380","SQ70791 061"
1100,10640,22.36,"2GC","2楷林",47,328,0,"HQD010320","SQ64664 021"
1260,11800,29.07,"3GB","2楷林",40,512,0,"HQG090550","SQ74201 041"
960,11870,22.28,"2GB","2楷林",41,352,0,"HQE142200","SQ69760 061"
1550,7680,23.27,"2GA","2楷林",30,359,0,"HQX014500","SQ49309 531"
1360,9010,23.96,"2GA","2楷林",14,455,0,"HQJ054270","SQ79199 031"
1300,9010,22.9,"3GC","2楷林",51,339,0,"HQX157770","SQ51391 051"
1100,8660,18.62,"2GA","2楷林",56,332,0,"HQX072210","SQ50289 551"
1510,11660,33.85,"3GC","2楷林",13,269,0,"HQE088880","SQ68819 011"
1400,11830,32.38,"3GC","2楷林",21,280,0,"HQF086900","SQ71358 521"
1520,11770,34.98,"2GA","2楷林",9,272,0,"HQJ121830","SQ80438 511"
1160,9430,20.92,"2GC","2楷林",40,361,0,"HQJ040730","SQ78958 021"
1110,11000,23.87,"2GD","2楷林",56,348,0,"HQD108630","SQ66339 511"
900,11130,19.58,"2GA","2楷林",47,397,0,"HQG166290","SQ75461 561"
1040,10680,21.37,"2GC","2楷林",78,324,8.2,"HQZ055340","SQ54234 571"
1290,8140,20.53,"2GB","2楷林",95,320,0,"HQZ134130","SQ55496 521"
1280,11820,29.58,"2GC","2楷林",26,265,0,"HQE129290","SQ69557 011"
1380,8680,23.42,"3GC","2楷林",2,293,0,"HQA120990","SQ58106 541"
1350,8780,23.17,"2GA","2楷林",41,325,0,"HQA152510","SQ58565 031"
1260,11360,27.98,"2GA","2楷林",26,321,0,"HQG109660","SQ74480 541"
1310,10450,26.76,"2GA","2楷林",82,513,0,"HQJ009670","SQ78461 031"
1160,8080,18.32,"2GD","2楷林",52,460,0,"HQG099570","SQ74333 031"
1260,8430,20.77,"2GA","2楷林",11,316,0,"HQF099080","SQ71599 541"
1080,10480,22.13,"2GB","2楷林",64,332,0,"HQF155570","SQ72591 561"
1560,9990,30.47,"2GA","2楷林",26,326,0,"HQG115900","SQ74598 041"
1300,9300,23.64,"2GA","2楷林",28,328,0,"HQY103750","SQ52829 541"
1260,11850,29.19,"2GA","2楷林",87,336,0,"HQD152830","SQ67056 521"
1260,9170,22.59,"3GC","2楷林",25,325,0,"HQX121600","SQ50943 041"
1570,7970,24.46,"2GA","2楷林",10,266,0,"HQD093170","SQ66073 521"
1090,9630,20.52,"2GB","2楷林",25,337,0,"HQY130330","SQ53162 531"
1020,11860,23.65,"2GA","2楷林",104,339,0,"HQX107520","SQ50751 061"
1140,11240,24.65,"2GC","2楷林",70,289,8.5,"HQD022450","SQ64826 021"
920,10280,18.49,"2GB","2楷林",56,342,0,"HQE048440","SQ68062 511"
1240,9590,23.25,"3GC","2楷林",12,451,0,"HQG130800","SQ74903 041"
1210,11540,27.3,"2GA","2楷林",66,438,0,"HQF134340","SQ72220 031"
1400,8250,22.58,"2GD","2楷林",17,323,0,"HQY013030","SQ51687 521"
1150,9130,20.53,"2GB","2楷林",39,425,0,"HQH040020","SQ76232 561"
1500,11790,34.57,"2GA","2楷林",41,289,0,"HQY149080","SQ53401 021"
1410,11530,31.78,"2GA","2楷林",26,324,0,"HQF147120","SQ72472 021"
1390,10050,27.31,"2GB","2楷林",2,507,0,"HQY006000","SQ51601 021"
1460,11690,33.37,"2GA","2楷林",14,254,0,"HQH144060","SQ78043 021"
1080,11480,24.24,"2GB","2楷林",49,521,0,"HQE011940","SQ67417 031"
1570,9800,30.08,"2GA","2楷林",39,325,0,"HQC142480","SQ64388 561"
1360,6750,17.95,"2GA","2楷林",55,501,0,"HQX004930","SQ49138 551"
1250,10470,24.97,"2GA","2楷林",22,268,11.4,"HQA006170","SQ56212 031"
1400,8790,23.8,"2GA","2楷林",52,337,0,"HQG016460","SQ73033 521"
1240,11420,27.68,"2GB","2楷林",50,337,0,"HQD066010","SQ65538 041"
1110,7060,15.32,"2GA","2楷林",73,354,0,"HQC072480","SQ63161 541"
1420,11740,32.59,"3GC","2楷林",12,271,0,"HQJ102220","SQ80106 021"
1350,11650,30.18,"3GC","2楷林",22,461,0,"HQF050970","SQ70854 011"
1130,9080,20.06,"2GA","2楷林",48,333,0,"HQC083390","SQ63368 571"
1200,10260,24.07,"2GB","2楷林",39,546,0,"HQE009070","SQ67357 511"
1250,11060,26.17,"2GC","2楷林",87,314,5.8,"HQH057640","SQ76486 511"
1020,10110,19.84,"2GC","2楷林",68,308,5.5,"HQF054290","SQ70865 521"
1460,7010,19.73,"2GA","2楷林",9,283,0,"HQB003140","SQ58929 011"
1260,9520,22.99,"2GC","2楷林",41,480,0,"HQF006280","SQ70177 011"
1080,9230,19.13,"2GA","2楷林",95,375,0,"HQE043160","SQ67999 011"
1340,8010,20.98,"2GC","2楷林",92,389,0,"HQE145770","SQ69791 061"
1070,10780,22.55,"2GA","2楷林",59,303,0,"HQD040830","SQ65134 021"
950,11100,20.07,"3GC","2楷林",89,550,0,"HQH021790","SQ75889 511"
1100,8660,18.62,"2GA","2楷林",83,333,0,"HQX064050","SQ50200 061"
1560,11250,33.76,"3GC","2楷林",5,354,0,"HQB143130","SQ61496 011"
1280,11780,29.48,"3GB","2楷林",4,313,0,"HQB079860","SQ60326 031"
1040,11080,22.53,"2GC","2楷林",38,350,0,"HQH017400","SQ75819 051"
1260,9570,23.57,"2GA","2楷林",6,324,0,"HQD154380","SQ67093 031"
1260,9170,22.59,"3GC","2楷林",56,331,0,"HQX121910","SQ50938 051"
1430,11730,32.79,"2GB","2楷林",20,334,0,"HQE084560","SQ68726 021"
1370,10830,29.01,"2GA","2楷林",10,351,0,"HQB056370","SQ59881 051"
1290,11770,29.68,"2GC","2楷林",13,463,0,"HQJ047290","SQ79087 541"
920,11800,21.22,"2GA","2楷林",48,308,0,"HQA158550","SQ58703 031"
950,10840,20.13,"2GC","2楷林",119,362,0,"HQG106870","SQ74443 031"
1230,9480,22.8,"2GA","2楷林",46,290,0,"HQD047220","SQ65261 031"
1270,8800,21.85,"2GA","2楷林",49,455,0,"HQF104970","SQ71676 051"
1240,8450,20.24,"3GC","2楷林",44,460,0,"HQG040080","SQ73470 521"
1320,10650,27.48,"2GD","2楷林",33,254,0,"HQA009010","SQ56340 061"
1390,9260,24.76,"2GC","2楷林",13,300,8.7,"HQC097700","SQ63608 041"
1000,11470,22.42,"2GA","2楷林",83,359,0,"HQF052310","SQ70857 521"
1530,9450,27.99,"3GB","2楷林",11,537,0,"HQA004410","SQ56230 521"
1370,11510,30.83,"3GB","2楷林",43,491,0,"HQZ106340","SQ55055 041"
1040,11790,23.97,"2GC","2楷林",54,336,0,"HQF144110","SQ72420 561"
1570,8260,25.35,"3GC","2楷林",44,330,0,"HQY084500","SQ52609 011"
1330,8680,22.57,"2GA","2楷林",31,334,0,"HQY094200","SQ52710 531"
1170,9180,21,"2GB","2楷林",65,392,0,"HQC137250","SQ64282 541"
1270,11270,27.98,"2GA","2楷林",9,279,0,"HQD159560","SQ67178 051"
1550,11550,35,"2GA","2楷林",23,323,0,"HQG128450","SQ74848 041"
1300,5780,14.69,"2GB","2楷林",35,428,0,"HQA113170","SQ57989 561"
1020,11680,23.29,"2GC","2楷林",54,335,0,"HQH047890","SQ76352 531"
1190,8610,20.03,"2GD","2楷林",20,326,0,"HQA159020","SQ58683 561"
960,9910,18.6,"2GC","2楷林",77,331,0,"HQF028330","SQ70484 581"
1510,10610,31.32,"2GD","2楷林",4,528,0,"HQX038620","SQ49743 051"
1460,10680,30.48,"2GA","2楷林",13,272,0,"HQH046400","SQ76333 041"
1110,11510,24.98,"2GA","2楷林",38,332,0,"HQJ081210","SQ79638 561"
1260,9390,23.13,"2GB","2楷林",8,368,0,"HQA001650","SQ56179 531"
1120,11810,25.86,"2GC","2楷林",62,522,0,"HQA011980","SQ56378 521"
1100,8890,19.12,"3GC","2楷林",47,368,0,"HQZ159520","SQ55970 561"
1240,9360,22.69,"3GC","2楷林",81,337,0,"HQH106420","SQ77405 031"
1400,11650,31.89,"2GA","2楷林",35,272,0,"HQC017200","SQ62168 011"
1360,10430,27.73,"3GC","2楷林",23,525,0,"HQC143100","SQ64395 541"
1290,11800,29.76,"2GA","2楷林",20,315,0,"HQB066930","SQ60095 021"
1300,9080,23.08,"2GA","2楷林",57,332,0,"HQF122090","SQ71982 061"
1290,9670,24.39,"2GB","2楷林",35,402,0,"HQY104800","SQ52844 031"
1340,8290,21.72,"2GA","2楷林",8,337,0,"HQY126250","SQ53125 531"
1260,9210,22.69,"2GC","2楷林",66,302,0,"HQA014710","SQ56429 531"
1170,9460,21.64,"2GC","2楷林",65,418,0,"HQH138910","SQ77967 061"
1340,10350,26.68,"2GC","2楷林",46,311,7,"HQF163090","SQ72686 551"
1570,9940,30.51,"3GC","2楷林",3,333,0,"HQF063050","SQ70970 541"
1190,9060,21.08,"2GB","2楷林",52,424,0,"HQJ070100","SQ79448 011"
1290,8520,21.49,"2GA","2楷林",34,336,0,"HQY020820","SQ51806 541"
1240,6270,15.2,"2GC","2楷林",22,428,0,"HQJ033350","SQ78848 011"
1290,9160,23.1,"2GA","2楷林",6,326,0,"HQE113000","SQ69276 561"
1380,8370,22.58,"3GC","2楷林",32,476,0,"HQX152990","SQ51322 521"
1230,10640,25.59,"2GB","2楷林",37,560,0,"HQJ052600","SQ79168 551"
1360,11840,31.48,"3GC","2楷林",36,313,0,"HQA009040","SQ56347 531"
960,7830,14.7,"2GC","2楷林",73,338,0,"HQB108890","SQ60868 031"
1110,7060,15.32,"2GA","2楷林",84,352,0,"HQD087420","SQ65971 011"
1290,9200,23.2,"2GB","2楷林",46,426,0,"HQX055170","SQ50027 061"
1450,11620,32.94,"2GD","2楷林",23,530,0,"HQX038810","SQ49744 041"
1310,8810,22.2,"2GA","2楷林",82,319,3,"HQE072230","SQ68494 521"
1250,11510,28.13,"2GB","2楷林",62,531,0,"HQY026210","SQ51861 031"
1510,9530,27.68,"2GC","2楷林",13,285,8.1,"HQJ062080","SQ79279 541"
1260,11590,28.55,"3GC","2楷林",1,283,0,"HQX050160","SQ49955 541"
1380,8480,22.88,"3GC","2楷林",66,338,0,"HQB018120","SQ59199 031"
1470,10590,30.43,"2GA","2楷林",43,327,0,"HQE135360","SQ69655 031"
1230,11370,27.34,"2GB","2楷林",42,522,0,"HQX102640","SQ50680 041"
1260,11440,28.18,"2GB","2楷林",56,526,0,"HQA144570","SQ58458 551"
1110,9710,21.07,"2GB","2楷林",29,504,0,"HQA094720","SQ57759 041"
1270,9240,22.94,"2GC","2楷林",25,518,0,"HQC069170","SQ63102 051"
940,9180,16.87,"2GC","2楷林",63,303,0,"HQA003000","SQ56203 571"
1080,9060,19.13,"2GA","2楷林",104,376,0,"HQE043250","SQ67996 571"
1330,9550,24.83,"2GC","2楷林",49,434,0,"HQD067080","SQ65594 561"
1260,9250,22.79,"3GC","2楷林",61,336,0,"HQY067260","SQ52419 051"
900,11120,19.57,"2GC","2楷林",70,272,0,"HQB078010","SQ60287 061"
1520,10260,30.49,"2GA","2楷林",42,328,0,"HQE081540","SQ68703 021"
1380,11860,32,"2GC","2楷林",28,270,0,"HQZ070390","SQ54453 541"
1450,11830,32.73,"2GC","2楷林",48,288,10.9,"HQJ067750","SQ79380 011"
1340,9650,25.28,"2GC","2楷林",8,437,0,"HQF010090","SQ70225 551"
1310,11800,30.22,"2GC","2楷林",55,332,0,"HQG102270","SQ74351 011"
1410,11780,32.47,"2GA","2楷林",28,270,0,"HQG039920","SQ73482 511"
1030,11860,23.88,"2GA","2楷林",58,326,0,"HQJ081410","SQ79644 551"
1490,10770,31.37,"2GB","2楷林",14,515,0,"HQE007320","SQ67328 041"
1180,10540,24.31,"2GA","2楷林",41,450,0,"HQF024140","SQ70384 051"
1100,8870,19.07,"2GB","2楷林",69,330,0,"HQA074180","SQ57339 021"
1150,11360,24.98,"2GC","2楷林",74,298,0,"HQZ081660","SQ54595 511"
1310,11750,30.09,"3GB","2楷林",33,328,0,"HQG150810","SQ75229 511"
1400,7190,19.68,"2GD","2楷林",4,305,0,"HQE077860","SQ68604 051"
1370,8440,22.61,"2GA","2楷林",58,330,0,"HQX114000","SQ50841 561"
1050,10490,21.33,"2L2","1楷林",36,339,0,"HQH070620","SP19275 011"
1380,11850,31.97,"2GA","2楷林",61,266,0,"HQE086560","SQ68783 031"
1260,11360,27.98,"2GA","2楷林",34,323,0,"HQG109740","SQ74477 041"
1300,11670,29.66,"3GC","2楷林",31,440,0,"HQH147150","SQ78101 011"
1240,10870,26.35,"2GB","2楷林",30,423,0,"HQJ032570","SQ78838 021"
1500,11860,34.78,"3GC","2楷林",22,316,0,"HQX020450","SQ49405 021"
1380,11820,31.89,"2GA","2楷林",5,273,0,"HQX074380","SQ50331 011"
1440,11210,31.56,"2GB","2楷林",23,474,0,"HQH137090","SQ77945 021"
1450,10780,30.14,"3GC","2楷林",14,318,0,"HQG034740","SQ73355 011"
1070,9600,20.08,"2GB","2楷林",61,362,0,"HQE059370","SQ68263 041"
980,11770,22.55,"2GA","2楷林",39,297,0,"HQH055310","SQ76465 021"
1090,9460,20.16,"2GB","2楷林",66,336,0,"HQF001750","SQ70131 021"
1010,10050,19.84,"3GC","2楷林",51,289,0,"HQJ113190","SQ80285 021"
1240,8900,21.58,"2GB","2楷林",37,454,0,"HQD032100","SQ64990 031"
1510,9480,27.71,"2GA","2楷林",15,263,0,"HQZ077970","SQ54546 011"
1350,11860,31.3,"2GA","2楷林",34,273,0,"HQB013860","SQ59130 551"
1570,10490,32.2,"3GC","2楷林",6,326,0,"HQX117920","SQ50897 521"
1140,11760,26.21,"2GA","2楷林",103,517,0,"HQH124810","SQ77748 521"
1220,10480,25,"3GC","2楷林",77,346,0,"HQH035760","SQ76161 031"
960,8860,16.63,"2GA","2楷林",40,349,0,"HQG121330","SQ74729 551"
1100,11110,23.89,"2GD","2楷林",90,276,0,"HQC016860","SQ62145 541"
1090,9910,21.12,"2GA","2楷林",64,327,0,"HQZ093470","SQ54778 051"
1510,11850,34.42,"2GC","2楷林",3,339,7.1,"HQH074380","SQ76831 021"
1310,11530,29.53,"3GB","2楷林",22,444,0,"HQJ111410","SQ80242 551"
990,11440,22.14,"2GA","2楷林",74,324,0,"HQA032470","SQ56609 021"
1110,11800,25.61,"2GB","2楷林",52,403,0,"HQG068680","SQ73963 031"
1070,9230,19.31,"2GB","2楷林",40,428,0,"HQJ073970","SQ79528 031"
1360,10400,27.65,"2GA","2楷林",24,318,0,"HQF069600","SQ71059 541"
1260,9250,22.79,"2GA","2楷林",63,347,0,"HQE096890","SQ68982 551"
1550,10230,31,"3GC","2楷林",13,322,0,"HQG047850","SQ73650 551"
1290,9940,25.07,"2GA","2楷林",3,342,0,"HQB006270","SQ58980 031"
1110,7140,15.49,"2GB","2楷林",64,459,0,"HQZ160610","SQ55973 581"
1380,9950,26.84,"3GB","2楷林",3,511,0,"HQY058600","SQ52303 021"
1090,7290,15.53,"3GC","2楷林",52,460,0,"HQC001010","SQ61594 531"
1220,9240,22.04,"2GB","2楷林",43,459,0,"HQE041740","SQ67957 041"
1260,11370,27.34,"2GA","2楷林",2,259,11,"HQD104440","SQ66217 521"
1360,11560,30.74,"2GD","2楷林",16,273,0,"HQA102890","SQ57849 041"
1030,9670,19.47,"2GC","2楷林",107,327,0,"HQB064580","SQ60044 521"
1290,10140,25.57,"2GC","2楷林",25,514,0,"HQF148760","SQ72485 031"
1320,9570,24.7,"2GB","2楷林",27,434,0,"HQH087470","SQ77074 511"
1190,9020,20.98,"3GC","2楷林",24,417,0,"HQH138500","SQ77961 521"
1190,7600,17.68,"2GD","2楷林",51,455,0,"HQA018590","SQ56468 541"
1350,9580,25.28,"2GC","2楷林",45,430,0,"HQA089760","SQ57688 051"
1510,11830,34.36,"2GA","2楷林",20,256,9.8,"HQA041640","SQ56766 541"
1100,7170,15.42,"2GA","2楷林",41,356,0,"HQZ127600","SQ55394 541"
950,10300,19.13,"2GA","2楷林",86,368,4.5,"HQF047720","SQ70746 071"
1430,10900,30.47,"2GA","2楷林",75,343,0,"HQX150510","SQ51299 031"
1180,11330,26.14,"2GB","2楷林",50,527,0,"HQE068040","SQ68423 011"
1260,9170,22.59,"2GA","2楷林",26,331,0,"HQF112450","SQ71817 511"
1490,10510,30.1,"2GA","2楷林",60,322,0,"HQE103590","SQ69060 511"
1130,9180,20.28,"2GB","2楷林",39,345,0,"HQJ126260","SQ80497 521"
960,9590,18,"2GA","2楷林",69,391,0,"HQA060310","SQ57143 051"
1290,10480,26.43,"2GB","2楷林",40,334,0,"HQC007300","SQ61687 041"
1190,11340,26.38,"2GC","2楷林",67,344,0,"HQA040390","SQ56748 051"
1350,10720,28.08,"3GC","2楷林",15,288,0,"HQG036570","SQ73416 021"
1290,8710,21.97,"2GA","2楷林",11,330,0,"HQY032890","SQ51975 551"
1200,7630,17.9,"2GD","2楷林",99,291,0,"HQH006410","SQ75672 561"
1020,10690,21.32,"3GC","2楷林",30,291,0,"HQD021450","SQ64835 521"
1290,10480,26.43,"2GA","2楷林",41,335,0,"HQC116740","SQ63913 011"
1260,9390,23.13,"2GA","2楷林",87,329,0,"HQE001750","SQ67264 031"
1230,9360,22.51,"2GB","2楷林",37,530,0,"HQA106250","SQ57894 511"
1100,10080,21.33,"2GD","2楷林",34,304,9.8,"HQB005080","SQ58952 541"
1300,8880,22.57,"2GA","2楷林",15,333,0,"HQZ090540","SQ54723 031"
1540,10010,30.14,"2GC","2楷林",19,332,0,"HQF091480","SQ71407 031"
950,8180,15.19,"2GA","2楷林",71,333,0,"HQZ150050","SQ55796 571"
1170,8690,19.62,"2GC","2楷林",48,428,0,"HQF004290","SQ70145 011"
1000,10040,19.63,"3GC","2楷林",37,277,0,"HQB076860","SQ60279 061"
1340,7790,20.41,"2GA","2楷林",51,344,0,"HQD003430","SQ64540 541"
1550,10060,30.48,"2GA","2楷林",14,329,0,"HQE148520","SQ69901 051"
1290,7400,18.66,"3GC","2楷林",50,345,0,"HQC062430","SQ63006 531"
1180,11270,26,"2GB","2楷林",63,371,0,"HQF158980","SQ72630 041"
1270,9310,23.12,"2GA","2楷林",51,330,0,"HQE000660","SQ67228 511"
1370,11500,30.8,"2GA","2楷林",82,264,0,"HQY034200","SQ51995 551"
1560,8510,25.95,"2GD","2楷林",9,311,0,"HQF096840","SQ71563 541"
950,10810,20.08,"2GB","2楷林",79,366,0,"HQG072370","SQ74021 031"
1570,7340,22.53,"2GA","2楷林",38,323,0,"HQB117940","SQ61024 511"
1270,8940,22.2,"3GC","2楷林",52,339,0,"HQE086470","SQ68774 521"
1570,10750,33,"2GA","2楷林",4,356,0,"HQC071790","SQ63158 051"
1500,8500,24.93,"3GC","2楷林",26,258,0,"HQD093330","SQ66087 531"
990,11510,22.28,"3GC","2楷林",60,396,0,"HQD038280","SQ65083 041"
1320,7360,18.99,"2GA","2楷林",41,332,0,"HQC062340","SQ62982 571"
1270,9310,23.12,"2GA","2楷林",57,327,0,"HQE000720","SQ67230 531"
1430,11190,30.96,"2GD","2楷林",5,256,0,"HQA155660","SQ58625 011"
1210,10560,24.98,"2GC","2楷林",28,256,0,"HQH063610","SQ76648 551"
1490,11860,34.55,"2GB","2楷林",9,421,0,"HQF165350","SQ72751 531"
1140,7080,15.78,"3GC","2楷林",69,457,0,"HQY074080","SQ52472 561"
1130,6790,15,"2GC","2楷林",42,524,0,"HQB051220","SQ59804 031"
1290,11870,29.94,"2GC","2楷林",12,319,0,"HQB117170","SQ61006 531"
1300,11850,30.12,"2GB","2楷林",45,325,0,"HQF119020","SQ71958 531"
1100,8660,18.62,"2GA","2楷林",53,332,0,"HQX072180","SQ50289 531"
1380,11740,31.67,"3GC","2楷林",25,336,0,"HQD059110","SQ65487 051"
1030,11860,23.88,"2GA","2楷林",54,349,0,"HQJ016220","SQ78599 521"
1290,7610,19.19,"3GC","2楷林",4,335,0,"HQZ018530","SQ53847 511"
1060,10870,22.53,"2GA","2楷林",25,357,0,"HQB061760","SQ60015 561"
1550,9940,30.12,"2GA","2楷林",24,339,0,"HQC074470","SQ63216 021"
1280,11610,28.49,"2GA","2楷林",17,321,0,"HQC089190","SQ63523 511"
1210,10760,25.45,"2GB","2楷林",36,415,0,"HQG155760","SQ75321 051"
1330,11730,30.5,"2GA","2楷林",9,469,0,"HQB063600","SQ60052 021"
1290,11800,29.76,"2GA","2楷林",24,335,0,"HQZ145830","SQ55736 521"
1290,7250,18.28,"2GB","2楷林",100,445,0,"HQZ131440","SQ55442 541"
1080,6500,13.72,"3GC","2楷林",86,445,0,"HQG060680","SQ73849 081"
960,9320,17.49,"3GC","2楷林",90,329,0,"HQA102590","SQ57864 051"
1260,9170,22.59,"2GB","2楷林",6,333,0,"HQE035810","SQ67848 511"
1450,11610,32.91,"3GC","2楷林",26,467,0,"HQX114790","SQ50856 051"
1070,11020,23.05,"2GA","2楷林",92,263,1.4,"HQZ096520","SQ54812 531"
1290,8550,21.56,"2GA","2楷林",65,357,0,"HQA009330","SQ56324 531"
1290,7980,20.13,"2GA","2楷林",26,320,0,"HQD124110","SQ66538 011"
1320,11350,29.29,"2GC","2楷林",37,334,0,"HQZ124790","SQ55325 521"
1340,10170,26.22,"2GA","2楷林",19,311,7.5,"HQH018010","SQ75810 541"
1560,10000,30.5,"2GC","2楷林",27,325,0,"HQG020020","SQ73155 031"
1130,11820,26.11,"2GB","2楷林",52,381,0,"HQJ034530","SQ78868 071"
1520,10290,30.58,"2GA","2楷林",39,328,0,"HQE081510","SQ68703 531"
1080,11430,24.13,"3GB","2楷林",46,533,0,"HQE011910","SQ67410 551"
1220,8210,19.58,"2GA","2楷林",45,345,0,"HQH136140","SQ77934 011"
1090,11240,23.95,"3GB","2楷林",1,335,0,"HQZ017850","SQ53839 061"
1420,11660,31.8,"2GA","2楷林",33,442,0,"HQB087800","SQ60448 011"
1280,8040,20.12,"2GC","2楷林",49,318,0,"HQZ107030","SQ55076 511"
1210,8200,19.4,"2GB","2楷林",26,346,0,"HQC072010","SQ63132 021"
1240,9090,22.04,"2GB","2楷林",37,342,0,"HQC093980","SQ63550 031"
1540,11030,33.21,"2GB","2楷林",4,408,0,"HQH119090","SQ77633 541"
1100,11100,23.87,"2GA","2楷林",79,502,0,"HQD079130","SQ65821 561"
1490,11630,33.88,"2GC","2楷林",51,452,0,"HQJ001380","SQ78372 021"
1090,7880,16.79,"2GC","2楷林",72,351,0,"HQG000340","SQ72758 571"
1080,9270,19.57,"2GA","2楷林",65,334,0,"HQJ010390","SQ78504 031"
1250,8230,20.11,"3GC","2楷林",51,338,0,"HQG070290","SQ73992 021"
1200,11590,27.19,"3GC","2楷林",13,258,0,"HQF048880","SQ70819 031"
1200,8020,18.81,"2GD","2楷林",27,392,0,"HQG081820","SQ74125 071"
1070,11560,24.18,"2GA","2楷林",54,332,0,"HQC068490","SQ63100 551"
1280,10640,26.2,"2GA","2楷林",21,314,11.7,"HQC042380","SQ62591 541"
1290,7490,18.89,"3GC","2楷林",83,426,0,"HQX023570","SQ49474 041"
960,8170,15.33,"3GC","2楷林",31,353,0,"HQJ012810","SQ78554 551"
1380,9290,25.06,"2GB","2楷林",23,466,0,"HQH053070","SQ76438 021"
960,8850,16.61,"2GA","2楷林",56,358,0,"HQF147420","SQ72449 551"
1210,9570,22.64,"2GB","2楷林",49,460,0,"HQG032250","SQ73348 531"
1490,11800,34.37,"2GA","2楷林",16,323,0,"HQE147330","SQ69854 531"
1190,11280,26.24,"3GC","2楷林",60,289,0,"HQC025530","SQ62288 541"
1220,9040,21.3,"2GC","2楷林",37,449,0,"HQF107800","SQ71739 511"
1110,9730,21.11,"2GB","2楷林",47,494,0,"HQA094900","SQ57764 541"
1010,10160,20.06,"2GA","2楷林",39,356,0,"HQE124900","SQ69461 531"
1070,6620,13.85,"2GB","2楷林",54,532,0,"HQF083760","SQ71317 551"
1060,10660,22.09,"2GA","2楷林",40,331,0,"HQG153590","SQ75276 061"
1190,8660,20.15,"3GC","2楷林",21,422,0,"HQD018510","SQ64792 551"
1100,7920,17.03,"2GA","2楷林",106,355,0,"HQA056000","SQ57047 571"
1260,8960,22.07,"2GC","2楷林",65,460,0,"HQA058580","SQ57108 521"
1040,10920,22.2,"2GA","2楷林",22,295,0,"HQJ146250","SQ80870 551"
1290,8280,20.88,"2GA","2楷林",103,343,0,"HQX118900","SQ50906 531"
1000,8720,17.05,"3GC","2楷林",78,328,0,"HQF020180","SQ70382 571"
1240,11160,27.05,"2GA","2楷林",23,296,0,"HQF043970","SQ70723 551"
1250,9750,23.83,"2GA","2楷林",73,276,0,"HQH143220","SQ78058 041"
1390,9390,24.97,"2GA","2楷林",8,436,0,"HQY024730","SQ51843 511"
1310,11070,28.35,"2GD","2楷林",7,295,0,"HQE077900","SQ68606 051"
1210,9040,21.38,"2GB","2楷林",35,516,0,"HQB149480","SQ61539 031"
1520,8880,26.04,"2GB","2楷林",10,442,0,"HQG118320","SQ74630 021"
1090,9950,21.2,"2GA","2楷林",27,325,0,"HQE088050","SQ68808 511"
900,9860,17.35,"2GB","2楷林",42,327,0,"HQZ018260","SQ53843 041"
950,10560,19.61,"2GA","2楷林",79,333,0,"HQZ042850","SQ54091 571"
1340,11790,30.89,"2GC","2楷林",13,441,0,"HQJ083470","SQ79696 031"
1480,10050,29.08,"2GB","2楷林",20,542,0,"HQX047840","SQ49880 541"
1380,11650,31.43,"2GD","2楷林",24,271,0,"HQA006740","SQ56305 531"
1260,8980,22.12,"2GA","2楷林",82,333,0,"HQC057430","SQ62894 061"
1270,11100,27.56,"2GC","2楷林",25,321,0,"HQF137110","SQ72253 541"
1570,11310,34.71,"2GC","2楷林",7,263,0,"HQA030140","SQ56577 531"
1420,11130,30.35,"2GA","2楷林",21,334,0,"HQB022270","SQ59276 511"
1250,10530,25.73,"2GB","2楷林",18,495,0,"HQZ084500","SQ54631 061"
1330,9640,25.07,"2GB","2楷林",17,463,0,"HQZ149500","SQ55769 521"
1070,8250,17.26,"3GC","2楷林",97,418,0,"HQY129960","SQ53151 551"
1220,11660,27.81,"2GA","2楷林",62,342,0,"HQA057370","SQ57072 521"
1130,9570,21.14,"2GB","2楷林",77,425,0,"HQJ027610","SQ78772 541"
1080,9970,21.05,"2GC","2楷林",43,325,0,"HQB002800","SQ58943 511"
1340,9730,25.49,"2GB","2楷林",48,523,0,"HQG116110","SQ74590 041"
1270,10100,25.08,"2GD","2楷林",35,328,0,"HQH127990","SQ77795 541"
1200,8740,20.5,"2GC","2楷林",57,344,0,"HQD094270","SQ66102 561"
1080,5810,12.27,"2GB","2楷林",75,423,0,"HQZ114700","SQ55194 571"
1360,11600,30.84,"2GB","2楷林",25,514,0,"HQA115280","SQ58010 531"
1290,9160,23.1,"2GA","2楷林",30,333,0,"HQA092280","SQ57731 051"
1560,9880,30.13,"3GC","2楷林",20,337,0,"HQB038110","SQ59556 031"
1360,11330,30.12,"2GA","2楷林",78,332,0,"HQX014980","SQ49328 521"
1220,8770,20.75,"2GA","2楷林",96,343,0,"HQF152620","SQ72539 011"
1020,8300,16.29,"2GC","2楷林",117,267,118.7,"HQE159330","SQ69314 561"
1070,9110,19.06,"2GB","2楷林",25,345,0,"HQJ126540","SQ80503 571"
1420,9000,24.98,"3GC","2楷林",24,254,0,"HQY154920","SQ53530 521"
940,10110,18.58,"2GC","2楷林",83,326,0,"HQF028390","SQ70486 051"
1260,9180,22.61,"2GB","2楷林",26,374,0,"HQD088590","SQ65990 511"
1570,11370,34.9,"2GD","2楷林",4,263,0,"HQB029000","SQ59387 541"
1240,9440,22.88,"2GA","2楷林",54,339,0,"HQJ028240","SQ78781 531"
980,11670,22.36,"2GA","2楷林",63,315,0,"HQH055550","SQ76468 041"
920,9980,17.95,"2GB","2楷林",58,325,0,"HQD044970","SQ65207 041"
1340,11520,30.18,"2GC","2楷林",66,526,0,"HQC037330","SQ62524 021"
1200,11680,27.4,"2GB","2楷林",85,525,0,"HQX007020","SQ49202 041"
1460,10490,29.94,,"2楷林",28,272,0,"HQC036940","SQ62497 541"
1110,10110,21.54,"2GA","2楷林",19,449,0,"HQJ085780","SQ79738 521"
1520,11580,34.41,"2GA","2楷林",15,270,0,"HQY115990","SQ53000 041"
1300,8300,21.09,"2GB","2楷林",32,432,0,"HQB052090","SQ59843 541"
1270,9590,23.81,"2GA","2楷林",42,449,0,"HQY122260","SQ53084 061"
1230,9490,22.82,"2GB","2楷林",14,423,0,"HQG155540","SQ75312 021"
1250,10520,25.71,"2GD","2楷林",47,331,0,"HQB137190","SQ61358 041"
1270,9330,23.16,"2GA","2楷林",96,331,0,"HQD128850","SQ66646 031"
1230,9830,23.64,"2GB","2楷林",46,525,0,"HQF151090","SQ72504 041"
1420,8340,23.15,"2GC","2楷林",44,475,0,"HQJ078600","SQ79617 551"
1120,11060,23.57,"3GC","2楷林",75,330,0,"HQA118930","SQ58080 011"
1480,10010,28.96,"2GB","2楷林",20,340,0,"HQA138250","SQ58353 551"
980,11020,21.11,"2GC","2楷林",52,309,0,"HQJ056100","SQ79225 051"
1270,10140,25.18,"2GA","2楷林",67,328,0,"HQY121510","SQ53048 541"
1530,8910,25.8,"2GC","2楷林",16,323,14.5,"HQC143030","SQ64375 011"
1380,11830,31.92,"3GC","2楷林",5,271,0,"HQZ006050","SQ53695 021"
1290,9190,23.18,"2GB","2楷林",15,328,0,"HQB096800","SQ60623 551"
1140,10450,23.09,"2GA","2楷林",34,353,0,"HQJ034350","SQ78882 011"
1070,9060,18.95,"3GC","2楷林",88,535,0,"HQY128890","SQ53161 551"
1070,7940,16.61,"3GC","2楷林",102,369,0,"HQF136740","SQ72232 581"
1460,8660,24.72,"3GC","2楷林",10,288,0,"HQA007390","SQ56315 531"
1410,9710,26.39,"3GC","2楷林",13,299,0,"HQH077820","SQ76893 011"
1030,9670,19.47,"2GC","2楷林",43,331,0,"HQB071040","SQ60151 511"
1470,10590,30.43,"2GC","2楷林",18,324,0,"HQZ032070","SQ53924 531"
1270,9310,23.12,"2GA","2楷林",25,289,0,"HQE116640","SQ69315 051"
1410,11850,32.67,"2GA","2楷林",25,280,0,"HQE013410","SQ67449 531"
1250,10350,24.99,"3GC","2楷林",68,346,0,"HQH035670","SQ76161 511"
1020,11860,23.65,"2GA","2楷林",61,345,0,"HQX108380","SQ50753 541"
960,10750,20.18,"2GA","2楷林",89,328,0,"HQF159240","SQ72650 571"
1380,11850,31.97,"2GA","2楷林",38,271,0,"HQH091450","SQ77152 521"
1190,8640,20.1,"2GB","2楷林",1,526,0,"HQJ135870","SQ80659 061"
1070,10000,20.92,"2GA","2楷林",32,334,0,"HQJ064030","SQ79356 061"
1290,8550,21.56,"2GA","2楷林",86,344,0,"HQA009540","SQ56318 041"
1250,8810,21.53,"2GC","2楷林",29,342,0,"HQA163240","SQ58770 011"
1360,10580,27.68,"2GC","2楷林",8,273,9.4,"HQH039710","SQ76178 521"
1040,11520,23.42,"3GC","2楷林",70,302,0,"HQJ039960","SQ78974 031"
1420,11650,32.34,"2GB","2楷林",16,459,0,"HQX031200","SQ49569 041"
1280,11860,29.68,"2GA","2楷林",57,330,0,"HQJ058950","SQ79270 031"
950,10840,20.13,"2GC","2楷林",113,354,0,"HQG106810","SQ74441 541"
1260,9390,23.13,"2GA","2楷林",85,329,0,"HQE001730","SQ67264 041"
1270,10720,26.3,"3GC","2楷林",23,333,0,"HQZ151900","SQ55835 011"
1370,11320,30.32,"2GA","2楷林",33,336,0,"HQC053870","SQ62845 021"
1050,11610,23.45,"2GA","2楷林",87,324,6.1,"HQH040500","SQ76199 521"
1050,6900,14.16,"2GA","2楷林",75,291,0,"HQB020540","SQ59235 531"
1110,7050,15.3,"2GA","2楷林",80,356,0,"HQZ166760","SQ56073 081"
950,10030,18.63,"2GA","2楷林",70,350,0,"HQA000380","SQ56160 021"
1080,10000,21.11,"2GA","2楷林",47,328,0.9,"HQH161330","SQ78274 051"
1020,11490,22.91,"2GB","2楷林",82,343,0,"HQZ004380","SQ53654 561"
1230,10020,24.09,"2GB","2楷林",16,464,0,"HQJ137020","SQ80602 071"
1460,11850,33.82,"3GC","2楷林",12,299,0,"HQA061970","SQ57168 041"
1240,8520,20.32,"2GB","2楷林",44,436,0,"HQC071180","SQ63156 021"
1290,9110,22.97,"2GA","2楷林",48,342,0,"HQB127000","SQ61198 551"
1430,11360,31.76,"2GB","2楷林",27,447,0,"HQD059860","SQ65460 531"
1200,11300,26.51,"2GC","2楷林",1,273,0,"HQA139760","SQ58380 531"
1330,9920,25.79,"2GA","2楷林",56,348,0,"HQC037230","SQ62481 551"
1290,9190,23.18,"3GB","2楷林",14,328,0,"HQB096790","SQ60623 521"
1300,9010,22.9,"3GC","2楷林",54,338,0,"HQA114300","SQ57999 041"
1140,6350,14.15,"2GA","2楷林",72,441,0,"HQG043560","SQ73534 021"
1240,11620,28.17,"2GA","2楷林",42,343,0,"HQD000390","SQ64437 021"
1210,8360,19.78,"2GB","2楷林",79,418,0,"HQH119850","SQ77651 051"
1450,11740,33.28,"2GA","2楷林",33,268,0,"HQG007150","SQ72893 021"
1010,9680,19.11,"2GA","2楷林",71,307,0,"HQY150640","SQ53446 561"
1190,7420,17.26,"3GC","2楷林",52,302,0,"HQH136210","SQ77939 531"
1050,7550,15.5,"3GC","2楷林",92,461,0,"HQC097530","SQ63633 581"
1560,11470,34.98,"2GA","2楷林",5,258,0,"HQY104500","SQ52845 031"
1280,11590,28.66,"2GB","2楷林",61,450,0,"HQJ039870","SQ78967 021"
1360,11030,28.79,"2GB","2楷林",31,430,0,"HQF142960","SQ72388 031"
1450,11510,32.63,"2GA","2楷林",3,278,0,"HQC016880","SQ62161 541"
1110,7060,15.32,"2GA","2楷林",83,352,0,"HQZ005210","SQ53694 071"
1240,9610,23.3,"2GB","2楷林",33,436,0,"HQC063780","SQ63030 031"
1500,7400,21.7,"2GB","2楷林",15,424,0,"HQY113070","SQ52963 021"
1430,10120,27.61,"2GC","2楷林",12,250,11.7,"HQG134660","SQ74938 031"
1400,9900,27.1,"2GA","2楷林",13,464,0,"HQJ011540","SQ78512 041"
1270,11440,28.4,"3GB","2楷林",60,432,0,"HQC041980","SQ62613 031"
1030,9670,19.47,"2GB","2楷林",38,331,0,"HQB068130","SQ60109 061"
1140,11730,26.14,"2GA","2楷林",58,325,0,"HQZ144190","SQ55687 031"
1290,8950,22.57,"2GA","2楷林",42,335,0,"HQX119910","SQ50903 541"
1380,11770,31.75,"2GA","2楷林",12,313,0,"HQG042260","SQ73499 011"
1290,11690,29.02,"2GA","2楷林",63,309,0,"HQH080940","SQ76940 021"
960,9680,18.17,"3GC","2楷林",28,336,0,"HQD097960","SQ66177 541"
1180,7850,18.11,"2GC","2楷林",40,524,0,"HQF008050","SQ70185 521"
1110,11110,24.11,"2GA","2楷林",88,263,0,"HQY157070","SQ53553 021"
1240,8660,20.99,"2GD","2楷林",15,393,0,"HQG081100","SQ74117 561"
1560,11450,34.36,"2GA","2楷林",2,255,6.8,"HQZ123380","SQ55285 021"
1290,10270,25.6,"2GA","2楷林",40,338,0,"HQA057150","SQ57070 011"
1240,9220,22.35,"2GB","2楷林",113,365,0,"HQX023870","SQ49472 521"
1080,11540,23.91,"2GA","2楷林",29,325,0,"HQE096040","SQ68944 511"
1190,11600,26.99,"2GD","2楷林",55,313,0,"HQX139670","SQ51179 021"
1260,10170,25.05,"2GB","2楷林",1,337,0,"HQY059320","SQ52293 061"
1180,9130,21.06,"3GB","2楷林",80,424,0,"HQE119140","SQ69366 551"
1360,9300,24.73,"3GC","2楷林",20,445,0,"HQH010750","SQ75739 041"
1370,8460,22.66,"2GA","2楷林",46,341,0,"HQX023200","SQ49450 511"
1570,6700,20.56,"2GA","2楷林",38,324,0,"HQE019490","SQ67557 531"
1520,11770,34.42,"2GA","2楷林",7,270,10.8,"HQJ123810","SQ80440 041"
1000,9780,19.12,"2GA","2楷林",40,328,0,"HQD144510","SQ66933 061"
1160,9520,21.59,"2GA","2楷林",70,342,0,"HQC033020","SQ62416 041"
1370,11870,31.79,"2GC","2楷林",41,353,0,"HQG000030","SQ72760 031"
1570,10560,31.63,"2GC","2楷林",8,250,7.4,"HQY110120","SQ52897 011"
1260,11590,28.55,"2GC","2楷林",109,323,0,"HQZ045550","SQ54114 521"
1110,6210,13.48,"3GC","2楷林",103,500,0,"HQA157340","SQ58648 541"
1130,11330,24.63,"2GD","2楷林",39,310,14.4,"HQD143650","SQ66890 551"
1280,11860,29.68,"2GD","2楷林",34,467,0,"HQE041650","SQ67962 521"
1380,11860,32,"2GD","2楷林",18,332,0,"HQY029650","SQ51919 041"
1570,10450,32.07,,"2楷林",14,321,0,"HQZ100690","SQ54914 011"
1060,7620,15.79,"2GB","2楷林",15,470,0,"HQD020020","SQ64798 541"
1140,11760,25.58,"2GC","2楷林",74,271,6,"HQJ118170","SQ80341 021"
1390,11750,31.93,"3GC","2楷林",47,275,0,"HQC144880","SQ64454 021"
1320,11870,30.63,"2GB","2楷林",35,338,0,"HQD067890","SQ65531 541"
1110,11060,24,"2GA","2楷林",63,352,0,"HQD087210","SQ65974 031"
1360,7890,20.98,"2GD","2楷林",25,468,0,"HQA018330","SQ56461 061"
1400,11650,31.89,"3GC","2楷林",29,294,0,"HQY047810","SQ52155 041"
1310,9040,23.15,"2GA","2楷林",37,330,0,"HQE139680","SQ69693 041"
1330,9610,24.99,"2GA","2楷林",36,303,0,"HQE084720","SQ68754 041"
1290,8720,21.99,"2GB","2楷林",65,436,0,"HQZ151390","SQ55834 511"
1310,9790,24.69,"2GA","2楷林",30,456,0,"HQB010460","SQ59038 011"
1460,11780,33.39,"3GC","2楷林",19,266,0,"HQE088940","SQ68821 511"
1570,9810,30.11,"2GA","2楷林",6,323,0,"HQE092960","SQ68916 031"
1090,11870,25.29,"3GC","2楷林",49,278,0,"HQC055220","SQ62866 541"
1240,9200,22.3,"2GB","2楷林",41,423,0,"HQG068570","SQ73952 051"
1300,7820,19.57,"2GB","2楷林",35,526,0,"HQY124660","SQ53090 011"
1400,11660,31.46,"2GC","2楷林",23,488,0,"HQE146760","SQ69847 021"
1420,10010,27.79,"2GA","2楷林",4,267,0,"HQX061110","SQ50161 031"
950,9990,18.55,"2GA","2楷林",72,390,0,"HQJ059980","SQ79296 071"
1310,7440,19.05,"2GB","2楷林",58,322,0,"HQZ012450","SQ53766 561"
1030,7020,14.14,"2GA","2楷林",96,455,0,"HQA086700","SQ57630 041"
1310,11260,28.84,"3GC","2楷林",56,334,0,"HQG048280","SQ73663 051"
1480,11560,33.45,"2GA","2楷林",26,326,0,"HQJ112110","SQ80256 521"
1300,11700,29.74,"2GA","2楷林",60,332,0,"HQX088350","SQ50508 521"
1390,8200,22.28,"2GB","2楷林",60,336,0,"HQB088070","SQ60416 541"
1200,8690,20.39,"3GC","2楷林",30,524,0,"HQB090480","SQ60519 061"
1290,8800,22.19,"2GB","2楷林",51,341,0,"HQB146130","SQ61507 011"
1040,11810,24.01,"2GA","2楷林",90,353,0,"HQG036360","SQ73418 531"
1190,7470,17.38,"3GC","2楷林",33,424,0,"HQG151650","SQ75259 531"
1110,11000,23.87,"2GA","2楷林",87,349,0,"HQC023370","SQ62263 021"
1200,11290,26.49,"2GB","2楷林",70,524,0,"HQH092400","SQ77158 541"
1060,9690,20.08,"3GC","2楷林",60,325,0,"HQF020880","SQ70373 021"
1270,10030,24.9,"2GA","2楷林",13,282,0,"HQD159600","SQ67176 051"
1270,9290,23.07,"2GB","2楷林",49,423,0,"HQG135030","SQ74971 011"
1250,8240,20.14,"2GA","2楷林",16,339,0,"HQG059980","SQ73856 011"
1570,10460,32.11,"2GA","2楷林",3,328,0,"HQZ121020","SQ55262 031"
1290,8960,22.6,"2GA","2楷林",45,332,0,"HQX028220","SQ49556 561"
1290,8980,22.28,"2GA","2楷林",7,326,11.9,"HQB070680","SQ60130 031"
1570,10460,32.11,"2GC","2楷林",19,325,0,"HQZ147900","SQ55771 021"
1290,8770,22.12,"2GA","2楷林",20,338,0,"HQB006440","SQ58994 531"
1350,11870,31.33,"2GA","2楷林",9,311,0,"HQC025020","SQ62297 021"
1310,8580,21.97,"2GB","2楷林",19,539,0,"HQX076610","SQ50352 021"
1030,9670,19.47,"2GC","2楷林",110,328,0,"HQB064610","SQ60046 011"
1260,9410,23.18,"2GA","2楷林",38,323,0,"HQC056990","SQ62889 531"
960,10400,19.21,"2GA","2楷林",59,330,8.2,"HQF003460","SQ70123 071"
1290,8780,22.14,"2GC","2楷林",66,474,0,"HQY078020","SQ52516 041"
1260,8890,21.9,"3GC","2楷林",13,328,0,"HQX121480","SQ50949 531"
1400,11000,30.11,"2GA","2楷林",61,321,0,"HQE103600","SQ69063 011"
1290,9590,24.19,"3GC","2楷林",45,327,0,"HQX024350","SQ49503 531"
1150,9830,22.1,"2GB","2楷林",49,419,0,"HQG068650","SQ73961 041"
1500,10490,30.76,"2GA","2楷林",11,266,0,"HQB119930","SQ61065 521"
990,7200,13.94,"2GD","2楷林",50,303,0,"HQB004270","SQ58959 581"
1350,8540,22.54,"2GA","2楷林",24,325,0,"HQX020470","SQ49416 031"
960,8950,16.8,"3GC","2楷林",78,353,0,"HQF006650","SQ70159 511"
1230,11810,28.4,"2GB","2楷林",54,417,0,"HQG076520","SQ74062 541"
1030,9170,18.47,"2GC","2楷林",58,391,0,"HQC019280","SQ62206 021"
1300,8180,20.79,"2GA","2楷林",45,441,0,"HQH092150","SQ77174 041"
1070,8270,17.3,"2GC","2楷林",82,531,0,"HQG141100","SQ75062 531"
1360,9090,23.78,"2GC","2楷林",21,365,11.6,"HQH160300","SQ78251 051"
1370,11750,31.47,"2GC","2楷林",17,343,0,"HQF138460","SQ72313 041"
1260,9390,23.13,"2GA","2楷林",90,333,0,"HQJ006700","SQ78452 511"
1080,10560,22.3,"2GC","2楷林",45,452,0,"HQG131580","SQ74910 051"
1210,10450,24.72,"2GA","2楷林",43,510,0,"HQH154330","SQ78184 011"
1450,9030,25.33,"2GA","2楷林",18,277,0,"HQB099230","SQ60643 021"
1190,9880,22.99,"3GC","2楷林",97,336,0,"HQY137830","SQ53272 541"
1380,9710,26.2,"2GC","2楷林",91,335,0,"HQB018370","SQ59201 021"
1090,9900,21.1,"2GB","2楷林",46,325,0,"HQF063480","SQ70975 021"
1360,11330,30.12,"2GA","2楷林",73,334,0,"HQX014930","SQ49331 551"
1070,10370,21.69,"2GB","2楷林",33,343,0,"HQJ056640","SQ79200 561"
1510,11830,34.08,"2GA","2楷林",6,255,10.1,"HQA041500","SQ56766 041"
1460,11860,33.85,"2GA","2楷林",84,320,0,"HQY147480","SQ53384 041"
1210,10630,25.15,"3GC","2楷林",83,333,0,"HQC009490","SQ61703 051"
1310,11810,30.25,"2GB","2楷林",53,482,0,"HQJ036570","SQ78890 531"
1390,11110,30.19,"2GA","2楷林",3,331,0,"HQC102420","SQ63695 031"
1160,9520,21.59,"2GA","2楷林",80,336,0,"HQC033120","SQ62419 531"
1190,9010,20.96,"2GA","2楷林",72,303,0,"HQE040000","SQ67950 541"
960,9630,18.07,"2GA","2楷林",53,331,0,"HQF096740","SQ71566 031"
1510,11830,34.36,"2GD","2楷林",8,255,11.8,"HQA154150","SQ58567 021"
1280,9290,23.25,"3GC","2楷林",49,470,0,"HQG046230","SQ73617 031"
1270,10710,26.28,"2GA","2楷林",48,360,0,"HQJ124840","SQ80493 521"
1290,9550,24.08,"2GD","2楷林",38,335,0,"HQH015860","SQ75799 521"
1280,8790,22,"2GA","2楷林",57,452,0,"HQB093730","SQ60562 531"
1350,9670,25.52,"2GA","2楷林",38,295,0,"HQB144710","SQ61492 031"
1160,7660,17.37,"2GC","2楷林",92,417,0,"HQZ041910","SQ54057 541"
1500,11350,32.73,"2GB","2楷林",22,400,0,"HQY113140","SQ52965 511"
1310,9990,25.39,"2GC","2楷林",27,452,0,"HQJ124010","SQ80486 511"
1360,11630,30.92,"2GA","2楷林",9,295,0,"HQY151020","SQ53454 021"
1380,10020,26.21,"2GA","2楷林",24,313,4.5,"HQY002990","SQ51559 511"
1570,10140,30.73,"2GD","2楷林",7,333,0,"HQB003840","SQ58931 011"
1510,11820,34.78,"2GA","2楷林",8,269,0,"HQB003130","SQ58925 011"
1140,11860,26.43,"2GA","2楷林",16,272,0,"HQD137060","SQ66814 031"
1570,7340,22.53,"2GC","2楷林",8,326,0,"HQY146720","SQ53374 061"
1020,10800,21.54,"2GA","2楷林",82,336,0,"HQX107300","SQ50745 531"
1090,11640,24.35,"3GC","2楷林",42,460,0,"HQY101560","SQ52818 511"
1390,11120,29.73,"2GB","2楷林",51,330,11.6,"HQB087240","SQ60414 031"
1060,11520,23.87,"2GA","2楷林",68,356,0,"HQC123950","SQ64063 541"
1330,8880,23.09,"2GA","2楷林",19,334,0,"HQJ011600","SQ78518 041"
1290,10360,26.13,"3GC","2楷林",38,333,0,"HQZ044840","SQ54105 021"
1080,11780,24.87,"2GD","2楷林",14,355,0,"HQH017160","SQ75809 061"
1080,6570,13.87,"2GC","2楷林",44,0,0,"HQF008090","SQ70190 041"
1450,10840,30.73,"2GD","2楷林",22,270,0,"HQF162850","SQ72720 541"
1030,9470,19.07,"2GB","2楷林",94,331,0,"HQY046530","SQ52154 561"
1230,7530,18.11,"3GC","2楷林",62,526,0,"HQY053210","SQ52195 061"
1410,7790,21.47,"2GB","2楷林",46,331,0,"HQB094650","SQ60588 551"
1240,10910,26.45,"2GD","2楷林",75,338,0,"HQA016390","SQ56452 521"
1350,11810,31.17,"3GC","2楷林",7,269,0,"HQD000040","SQ64459 531"
1510,10320,30.47,"2GA","2楷林",11,327,0,"HQD139370","SQ66849 541"
1410,11810,32.55,"2GA","2楷林",6,323,0,"HQY032840","SQ51968 021"
1250,11260,27.52,"2GB","2楷林",35,339,0,"HQH073340","SQ76822 031"
1420,10380,28.82,"2GB","2楷林",23,524,0,"HQY037920","SQ52045 551"
960,10000,18.77,"2GA","2楷林",36,320,0,"HQF101380","SQ71625 531"
1380,11720,31.62,"2GA","2楷林",35,301,0,"HQJ155650","SQ81041 551"
1190,11870,27.61,"2GA","2楷林",51,323,0,"HQA162690","SQ58761 571"
1030,11860,23.88,"2GA","2楷林",77,357,0,"HQF076760","SQ71217 551"
1000,8710,17.03,"2GB","2楷林",74,515,0,"HQC018680","SQ62186 041"
1250,10510,25.68,"2GA","2楷林",35,347,0,"HQF027910","SQ70448 561"
1340,10190,26.2,"2GA","2楷林",59,341,0,"HQY123200","SQ53071 011"
1190,11510,26.78,"2GA","2楷林",98,276,0,"HQD086580","SQ65921 521"
1180,11200,25.84,"3GC","2楷林",81,479,0,"HQZ059240","SQ54296 551"
1260,9170,22.59,"3GC","2楷林",24,325,0,"HQX121590","SQ50943 521"
1270,7660,19.02,"3GC","2楷林",14,319,0,"HQZ156360","SQ55917 571"
1260,10230,25.2,"2GA","2楷林",71,327,0,"HQD155030","SQ67099 511"
1070,11420,23.89,"2GA","2楷林",65,441,0,"HQX028420","SQ49529 071"
1330,7260,18.88,"2GB","2楷林",28,411,0,"HQD014770","SQ64704 561"
1120,11480,25.14,"3GC","2楷林",56,286,0,"HQA166500","SQ58831 561"
1030,11860,23.88,"2GA","2楷林",79,355,0,"HQX148850","SQ51278 531"
1250,8770,21.43,"3GC","2楷林",54,415,0,"HQX040200","SQ49771 571"
1350,11370,30.01,"2GD","2楷林",58,526,0,"HQZ147490","SQ55763 531"
1040,11740,23.87,"2GA","2楷林",68,322,0,"HQG003210","SQ72806 531"
1560,9870,30.1,"3GC","2楷林",13,502,0,"HQG003500","SQ72818 031"
1380,11000,29.2,"2GD","2楷林",4,543,41,"HQJ105100","SQ79768 011"
950,9210,17.11,"2GA","2楷林",79,362,0,"HQX093130","SQ50564 071"
1270,11810,29.32,"2GB","2楷林",21,551,0,"HQX001890","SQ49094 031"
1280,9600,23.65,"2GA","2楷林",34,327,0,"HQY116180","SQ52982 511"
1230,9780,23.52,"2GB","2楷林",31,526,0,"HQX076730","SQ50359 071"
1120,10230,21.9,"2GA","2楷林",34,298,0,"HQY151270","SQ53458 511"
1210,10880,25.42,"2GA","2楷林",48,347,0,"HQE147010","SQ69827 011"
1070,11790,24.66,"2GA","2楷林",19,356,0,"HQG121120","SQ74722 041"
960,11870,22.28,"2GC","2楷林",57,329,0,"HQD010420","SQ64668 561"
1360,8700,23.13,"2GC","2楷林",62,332,0,"HQC075720","SQ63240 011"
990,7240,14.01,"2GA","2楷林",50,453,0,"HQJ086090","SQ79743 051"
1110,11000,23.87,"2GA","2楷林",67,352,0,"HQZ005930","SQ53696 531"
1350,8530,22.51,"2GA","2楷林",32,325,0,"HQX020550","SQ49423 531"
1330,11550,30.03,"2GA","2楷林",61,286,0,"HQA076750","SQ57368 041"
1390,11580,31.47,"2GC","2楷林",10,292,0,"HQY041000","SQ52078 051"
1310,8480,21.72,"2GA","2楷林",22,345,0,"HQD043160","SQ65157 041"
1110,9420,20.44,"3GC","2楷林",31,299,0,"HQF105670","SQ71695 521"
1370,10080,27,"2GA","2楷林",39,318,0,"HQZ116440","SQ55202 511"
1270,10170,25.25,"2GD","2楷林",2,322,0,"HQG141230","SQ75064 541"
1040,9900,20.13,"2GA","2楷林",78,310,0,"HQJ162160","SQ81168 551"
1340,8460,22.16,"2GB","2楷林",84,416,0,"HQY113760","SQ52967 551"
1090,8110,17.28,"2GC","2楷林",56,532,0,"HQC092360","SQ63514 061"
1040,9440,19.19,"2GB","2楷林",47,337,0,"HQZ017170","SQ53809 541"
1300,9640,24.5,"2GA","2楷林",45,338,0,"HQE118790","SQ69351 551"
1420,8010,22.24,"2GA","2楷林",13,272,0,"HQY037820","SQ52043 051"
1390,10360,28.15,"2GD","2楷林",5,433,0,"HQF032620","SQ70524 531"
1240,9400,22.79,"2GD","2楷林",46,553,0,"HQZ152930","SQ55844 541"
1270,8920,22.15,"2GA","2楷林",46,331,0,"HQY121300","SQ53043 011"
1350,11400,30.09,"2GA","2楷林",24,319,0,"HQA152340","SQ58580 051"
1240,9110,22.08,"2GA","2楷林",62,341,0,"HQJ028320","SQ78784 521"
980,10140,19.13,"2GC","2楷林",55,328,0,"HQF049300","SQ70794 511"
1460,10660,30.43,"2GC","2楷林",35,327,0,"HQH089460","SQ77125 021"
1270,9290,23.07,"2GB","2楷林",23,433,0,"HQD127400","SQ66628 041"
1410,9840,27.12,"2GA","2楷林",24,335,0,"HQY042950","SQ52107 031"
1150,7130,16.03,"2GB","2楷林",75,427,0,"HQJ029270","SQ78768 071"
1060,7590,15.73,"2GB","2楷林",67,453,0,"HQG106350","SQ74428 581"
1020,11850,23.63,"2GA","2楷林",65,326,0,"HQA142060","SQ58420 541"
1240,11780,28.56,"2GA","2楷林",24,351,0,"HQJ000300","SQ78352 521"
1160,7450,16.9,"2GB","2楷林",56,473,0,"HQJ036600","SQ78897 551"
1090,9910,21.12,"3GB","2楷林",50,335,0,"HQF063520","SQ70977 521"
1290,10480,26.43,"2GB","2楷林",35,339,0,"HQC007250","SQ61690 521"
1220,9330,22.25,"2GB","2楷林",53,454,0,"HQF076520","SQ71203 541"
1090,10430,22.23,"2GA","2楷林",55,330,0,"HQB104160","SQ60685 561"
1260,11810,29.09,"2GB","2楷林",74,527,0,"HQE073350","SQ68479 031"
1100,11100,23.87,"2GB","2楷林",79,355,0,"HQB134210","SQ61329 051"
1070,11840,24.77,"2GA","2楷林",49,323,0,"HQY130570","SQ53172 541"
1260,7960,19.61,"2GD","2楷林",29,339,0,"HQJ004490","SQ78414 031"
1510,11450,33.8,"2GC","2楷林",6,312,0,"HQA071250","SQ57298 551"
1350,11840,31.25,"2GA","2楷林",17,297,0,"HQA019060","SQ56455 021"
1200,9110,21.1,"2GC","2楷林",46,449,0,"HQD135950","SQ66792 511"
1210,8820,20.86,"2GA","2楷林",1,283,0,"HQE052740","SQ68130 541"
1250,9370,22.53,"2GC","2楷林",21,544,0,"HQH166860","SQ78348 521"
1280,11180,27.98,"2GA","2楷林",37,358,0,"HQH157700","SQ78238 521"
1290,11460,28.9,"2GA","2楷林",22,263,0,"HQY142580","SQ53331 541"
1410,11450,31.56,"2GA","2楷林",25,345,0,"HQD038660","SQ65104 041"
1290,8960,22.6,"2GA","2楷林",41,332,0,"HQX028180","SQ49556 521"
1260,9380,23.11,"3GB","2楷林",1,372,0,"HQA001580","SQ56179 051"
1200,8020,18.81,"3GB","2楷林",48,433,0,"HQA003570","SQ56211 551"
920,11830,21.28,"2GA","2楷林",31,393,0,"HQG100340","SQ74337 041"
1270,8020,19.91,"2GB","2楷林",2,426,0,"HQA003110","SQ56199 561"
1100,11170,24.02,"2GB","2楷林",72,356,0,"HQB134140","SQ61319 561"
1450,7980,22.62,"2GD","2楷林",15,273,0,"HQH135150","SQ77926 011"
1060,9970,20.66,"3GC","2楷林",60,346,0,"HQA042740","SQ56822 511"
1240,10470,25.38,"2GB","2楷林",29,359,0,"HQE091420","SQ68889 051"
1120,11790,25.82,"2GB","2楷林",39,318,0,"HQG163800","SQ75438 521"
1080,10200,21.19,"2GA","2楷林",41,262,8.4,"HQJ097850","SQ79949 021"
1270,11420,27.35,"2GC","2楷林",8,288,8.8,"HQF096290","SQ71531 511"
1350,11420,30.14,"2GA","2楷林",20,335,0,"HQA046390","SQ56873 041"
1420,11010,30.56,"2GC","2楷林",51,333,0,"HQY090300","SQ52660 021"
1260,7490,18.45,"3GB","2楷林",26,327,0,"HQD093960","SQ66069 011"
1210,9760,23.09,"2GB","2楷林",22,425,0,"HQG029620","SQ73283 561"
1300,9820,24.48,"2GC","2楷林",10,338,0,"HQD045080","SQ65192 011"
1500,9720,28.03,"2GC","2楷林",12,502,0,"HQD076870","SQ65762 521"
1500,11870,34.81,"2GA","2楷林",3,321,0,"HQC092450","SQ63526 041"
1290,9270,23.38,"2GC","2楷林",52,348,0,"HQA095770","SQ57773 061"
1450,6860,19.45,"2GA","2楷林",31,291,0,"HQX009290","SQ49210 551"
1370,9440,25.28,"2GC","2楷林",4,272,0,"HQZ136590","SQ55549 551"
1040,11670,23.39,"2GA","2楷林",87,332,0,"HQJ050580","SQ79140 011"
1260,9380,23.11,"2GA","2楷林",42,327,0,"HQF093480","SQ71498 031"
1200,10750,25.22,"2GC","2楷林",71,435,0,"HQY017460","SQ51737 031"
1170,11570,26.46,"2GC","2楷林",94,410,0,"HQH139200","SQ77968 511"
1230,11660,27.59,"2GA","2楷林",54,290,3.4,"HQJ095610","SQ79899 051"
1190,11550,26.87,"2GA","2楷林",35,274,0,"HQF082710","SQ71315 021"
1080,9660,20.4,"3GC","2楷林",73,339,0,"HQG007550","SQ72899 541"
1290,6150,15.51,"2GA","2楷林",54,338,0,"HQC116870","SQ63917 521"
1460,10710,30.57,"2GA","2楷林",31,324,0,"HQE032220","SQ67778 541"
1080,10040,21.2,"2GD","2楷林",75,328,0,"HQY028150","SQ51872 031"
1220,8420,20.08,"2GC","2楷林",30,460,0,"HQE063090","SQ68291 561"
1260,9390,23.13,"2GA","2楷林",12,372,0,"HQG092600","SQ74221 511"
1260,8910,21.95,"2GB","2楷林",62,322,0,"HQY046210","SQ52148 041"
1290,11410,28.78,"3GC","2楷林",18,338,0,"HQA095430","SQ57768 051"
1400,7910,21.65,"2GA","2楷林",51,340,0,"HQD140770","SQ66892 041"
910,10180,18.11,"2GC","2楷林",93,344,0,"HQY132730","SQ53205 521"
1110,9250,20.07,"2GC","2楷林",36,408,0,"HQD019420","SQ64806 031"
1380,11820,31.89,"2GA","2楷林",44,271,0,"HQG047570","SQ73629 031"
1030,11860,23.88,"2GA","2楷林",54,326,0,"HQJ081370","SQ79644 041"
1310,7770,19.9,"2GC","2楷林",14,338,0,"HQH151570","SQ78148 571"
1290,9190,23.18,"2GA","2楷林",14,322,0,"HQD160320","SQ67205 041"
1290,8800,22.19,"3GC","2楷林",54,337,0,"HQE094090","SQ68898 061"
1290,9170,23.13,"2GA","2楷林",80,331,0,"HQA092780","SQ57741 521"
1040,10940,22.24,"2GB","2楷林",47,523,0,"HQC088990","SQ63486 041"
1320,9490,24.49,"3GC","2楷林",65,331,0,"HQA047520","SQ56907 531"
1270,9520,23.64,"2GA","2楷林",17,328,0,"HQY121010","SQ53037 551"
1460,8090,23.09,"2GB","2楷林",11,508,0,"HQY065550","SQ52383 541"
1290,9190,23.18,"2GA","2楷林",64,325,0,"HQG077440","SQ74072 061"
1000,11500,22.48,"2GA","2楷林",69,357,0,"HQF052170","SQ70859 541"
1350,8900,23.49,"2GC","2楷林",32,333,0,"HQX158720","SQ51387 021"
1250,6490,15.86,"2GA","2楷林",33,357,0,"HQF117130","SQ71906 041"
1290,8450,21.31,"2GB","2楷林",26,569,0,"HQE158420","SQ70040 551"
1020,11860,23.65,"2GB","2楷林",68,348,0,"HQX068590","SQ50270 051"
1240,9840,23.85,"3GB","2楷林",11,460,0,"HQD046380","SQ65246 521"
1560,11300,34.46,"2GB","2楷林",7,338,0,"HQJ056380","SQ79214 541"
1150,10390,23.36,"2GB","2楷林",66,520,0,"HQG072240","SQ74007 531"
940,10920,20.07,"2GC","2楷林",96,469,0,"HQF019280","SQ70360 511"
1570,10490,32.2,"3GC","2楷林",2,244,0,"HQD087560","SQ65949 531"
1160,7380,16.74,"2GC","2楷林",85,527,0,"HQB082000","SQ60341 521"
1300,11740,29.84,"2GA","2楷林",42,256,0,"HQG049990","SQ73673 521"
1310,9840,24.82,"2GC","2楷林",39,298,0,"HQD054890","SQ65397 511"
1520,11750,34.36,"2GA","2楷林",33,256,8.1,"HQF069090","SQ71037 541"
1260,9600,23.65,"2GC","2楷林",22,410,0,"HQZ015320","SQ53796 511"
980,11780,22.57,"2GA","2楷林",85,272,0,"HQF082340","SQ71301 561"
1570,7200,22.1,"2GA","2楷林",33,359,0,"HQF051810","SQ70862 041"
1320,11690,30.17,"2GD","2楷林",29,449,0,"HQA105470","SQ57887 031"
1000,9390,18.36,"3GC","2楷林",60,306,0,"HQE027400","SQ67713 551"
1040,8210,16.69,"2GC","2楷林",78,308,0,"HQY083340","SQ52590 511"
1460,10910,30.61,"2GB","2楷林",14,326,5.3,"HQG164260","SQ75405 011"
1510,9030,26.66,"2GD","2楷林",6,473,0,"HQJ148970","SQ80909 531"
960,10000,18.77,"2GA","2楷林",71,318,0,"HQF051460","SQ70834 551"
1420,7860,21.47,"2GA","2楷林",10,260,9,"HQE157220","SQ69999 521"
1110,7350,15.95,"2GA","2楷林",54,448,0,"HQZ055100","SQ54240 031"
1290,8850,22.32,"2GC","2楷林",16,422,0,"HQB045980","SQ59691 551"
1280,7840,19.62,"2GB","2楷林",29,384,0,"HQZ025970","SQ53873 051"
1400,11850,31.66,"2GC","2楷林",16,286,11.3,"HQE137410","SQ69636 021"
1360,8340,22.17,"2GC","2楷林",55,340,0,"HQC074800","SQ63232 521"
1260,9410,23.18,"2GA","2楷林",55,330,0,"HQD152510","SQ67059 011"
1420,11090,30.24,"2GC","2楷林",32,334,0,"HQD041320","SQ65139 011"
1370,10530,27.25,"2GA","2楷林",29,287,8.5,"HQX041600","SQ49773 521"
1000,10370,20.27,"2GA","2楷林",49,328,0,"HQB096650","SQ60597 551"
1140,9650,21.22,"2GA","2楷林",74,340,0,"HQA057490","SQ57076 021"
960,9460,17.75,"2GA","2楷林",46,338,0,"HQJ111650","SQ80235 011"
1090,11640,24.8,"2GA","2楷林",55,320,0,"HQE111390","SQ69254 541"
1280,8850,22.15,"2GD","2楷林",49,331,0,"HQY067140","SQ52416 021"
1180,8350,18.94,"2GD","2楷林",99,544,0,"HQY028390","SQ51891 511"
1060,10180,21.1,"2GA","2楷林",65,323,0,"HQH012780","SQ75748 531"
1260,9360,23.06,"2GB","2楷林",42,428,0,"HQZ119100","SQ55257 051"
1360,10370,27.57,"2GA","2楷林",21,316,0,"HQF069570","SQ71059 051"
980,11360,21.76,"2GA","2楷林",99,295,0,"HQJ074560","SQ79543 031"
1350,9880,25.79,"2GD","2楷林",7,456,0,"HQF032640","SQ70529 021"
1520,11740,34.89,"2GA","2楷林",13,253,0,"HQG071710","SQ74008 511"
1140,11540,25.72,"3GC","2楷林",2,264,0,"HQZ051380","SQ54186 041"
930,11610,21.11,"3GC","2楷林",69,301,0,"HQH028100","SQ76023 541"
1210,8580,20.3,"2GB","2楷林",65,474,0,"HQD022400","SQ64846 041"
1370,8300,21.82,"2GA","2楷林",44,332,0,"HQZ163500","SQ56022 021"
950,10030,18.63,"2GA","2楷林",47,346,0,"HQA000150","SQ56158 561"
1300,11850,30.12,"2GA","2楷林",34,327,0,"HQJ011750","SQ78523 081"
1250,8740,21.36,"3GC","2楷林",36,414,0,"HQX040020","SQ49771 551"
1510,11820,34.89,"3GC","2楷林",3,260,0,"HQY018630","SQ51770 051"
1410,11600,31.98,"2GC","2楷林",13,270,0,"HQH065310","SQ76572 031"
990,6550,12.68,"2GC","2楷林",42,330,0,"HQD010990","SQ64634 511"
960,10980,20.29,"2GB","2楷林",100,336,0,"HQG143330","SQ75075 511"
1000,8950,17.5,"2GA","2楷林",54,325,0,"HQE046310","SQ68014 511"
1200,11870,27.85,"2GB","2楷林",98,474,0,"HQD130130","SQ66669 521"
1540,10050,29.77,"2GC","2楷林",7,270,0,"HQC136010","SQ64262 011"
1380,9490,25.6,"2GB","2楷林",5,471,0,"HQZ150110","SQ55766 021"
1550,11550,35,"2GA","2楷林",4,272,0,"HQG039680","SQ73471 541"
1190,8440,19.64,"2GA","2楷林",11,338,0,"HQG095860","SQ74284 071"
1090,9910,21.12,"2GA","2楷林",71,326,0,"HQZ093540","SQ54775 571"
1310,10940,28.02,"2GC","2楷林",6,272,0,"HQE062850","SQ68342 531"
1380,11830,31.92,"2GA","2楷林",17,274,0,"HQX074500","SQ50333 031"
1270,9580,23.79,"2GC","2楷林",32,353,0,"HQJ039580","SQ78950 021"
1040,11810,24.01,"2GA","2楷林",88,353,0,"HQG036340","SQ73418 541"
1290,9080,22.9,"2GC","2楷林",34,333,0,"HQB056610","SQ59872 061"
940,11590,21.3,"2GA","2楷林",52,396,0,"HQG163930","SQ75451 521"
1220,8600,20.26,"2GB","2楷林",43,448,0,"HQY010870","SQ51659 021"
1200,9720,22.8,"3GC","2楷林",41,417,0,"HQG054900","SQ73775 021"
1280,9260,23.17,"2GA","2楷林",6,325,0,"HQF158410","SQ72635 031"
1270,11520,28.6,"3GB","2楷林",21,503,0,"HQJ106300","SQ80173 051"
1300,6120,15.55,"2GA","2楷林",53,342,0,"HQC139110","SQ64338 061"
1130,10940,24.17,"2GC","2楷林",48,373,0,"HQG109880","SQ74479 541"
1150,10730,24.12,"2GB","2楷林",106,525,0,"HQZ047500","SQ54122 011"
1400,8860,24.08,"3GC","2楷林",21,468,0,"HQG045950","SQ73610 511"
1360,7800,20.74,"2GA","2楷林",7,315,0,"HQY151000","SQ53454 061"
1410,11560,31.36,"2GA","2楷林",26,302,11.1,"HQX153850","SQ51317 551"
1090,9920,21.14,"2GA","2楷林",90,323,0,"HQE086850","SQ68805 511"
1380,11850,31.97,"2GA","2楷林",26,296,0,"HQY163550","SQ53619 541"
1290,11490,28.98,"2GA","2楷林",34,336,0,"HQA042480","SQ56808 541"
1360,11810,31.4,"2GC","2楷林",75,520,0,"HQF149260","SQ72480 531"
1390,11270,30.63,"2GB","2楷林",23,326,0,"HQF082590","SQ71280 041"
1270,11520,28.6,"2GD","2楷林",88,431,0,"HQY062430","SQ52367 531"
1110,9260,20.09,"2GA","2楷林",2,328,0,"HQJ030150","SQ78805 571"
1290,10840,26.91,"2GA","2楷林",71,337,0,"HQB089890","SQ60474 511"
1070,9540,19.96,"2GD","2楷林",40,336,0,"HQG137410","SQ75001 551"
1410,11820,32.58,"2GD","2楷林",22,277,0,"HQX135310","SQ51133 041"
950,10330,19.19,"2GA","2楷林",67,376,0.8,"HQF045580","SQ70761 561"
970,10740,20.37,"2GA","2楷林",50,327,0,"HQJ081330","SQ79647 061"
1290,11810,29.78,"2GB","2楷林",29,537,0,"HQZ146590","SQ55716 521"
1490,11840,34.49,"3GC","2楷林",11,327,0,"HQH055030","SQ76463 021"
1210,11620,27.49,"2GB","2楷林",78,518,0,"HQX016010","SQ49330 041"
1360,11830,31.45,"2GD","2楷林",6,396,0,"HQH151970","SQ78158 031"
960,9000,16.89,"2GA","2楷林",82,344,0,"HQD144080","SQ66908 041"
1260,8920,21.97,"2GA","2楷林",39,336,0,"HQD151530","SQ67063 551"
1430,11800,32.99,"2GB","2楷林",15,465,0,"HQB057200","SQ59915 031"
1070,11470,23.99,"2GA","2楷林",43,339,0,"HQY130510","SQ53174 531"
1410,11590,31.95,"2GD","2楷林",2,269,0,"HQX135110","SQ51135 551"
1230,11270,26.66,"2GA","2楷林",1,301,0,"HQG120940","SQ74713 011"
1290,11140,28.09,"2GA","2楷林",1,327,0,"HQF129390","SQ72146 561"
1130,9270,20.48,"2GA","2楷林",47,449,0,"HQF015820","SQ70272 551"
1350,11800,31.14,"2GA","2楷林",65,311,0,"HQH070070","SQ76786 521"
1290,9590,24.19,"2GC","2楷林",9,337,0,"HQZ152560","SQ55829 521"
1180,7800,17.99,"2GB","2楷林",82,419,0,"HQH023070","SQ75934 521"
1370,11630,31.15,"2GA","2楷林",54,314,0,"HQF071920","SQ71132 541"
1460,11790,33.65,"3GC","2楷林",37,313,0,"HQY158960","SQ53564 031"
1280,11700,29.28,"2GA","2楷林",41,336,0,"HQB031890","SQ59457 531"
1400,9570,26.19,"2GC","2楷林",52,294,0,"HQY048040","SQ52161 521"
1280,9260,23.17,"2GA","2楷林",24,333,0,"HQJ006040","SQ78442 051"
1260,11870,29.24,"3GC","2楷林",71,269,0,"HQG050280","SQ73668 541"
1370,10700,28.66,"2GB","2楷林",7,513,0,"HQF149440","SQ72491 011"
1380,9260,24.98,"3GC","2楷林",51,340,0,"HQC059060","SQ62909 021"
1030,9670,19.47,"2GA","2楷林",99,332,0,"HQB052760","SQ59783 011"
1490,11800,34.37,"2GB","2楷林",5,539,0,"HQZ032730","SQ53945 021"
1280,9260,23.17,"2GA","2楷林",9,334,0,"HQF158440","SQ72638 511"
1540,10600,31.91,"2GB","2楷林",8,453,0,"HQX030170","SQ49566 021"
1380,11470,30.94,"3GC","2楷林",71,331,0,"HQA116190","SQ58054 021"
1240,10140,24.58,"2GA","2楷林",26,334,0,"HQJ081780","SQ79672 511"
1370,11610,31.1,"2GC","2楷林",67,358,0,"HQA099540","SQ57823 041"
960,7920,14.86,"2GA","2楷林",41,396,0,"HQD136750","SQ66781 071"
1100,11100,23.87,"2GA","2楷林",66,354,0,"HQZ049560","SQ54149 051"
1290,8940,22.55,"3GB","2楷林",2,331,0,"HQY061570","SQ52347 561"
930,11610,21.11,"2GA","2楷林",78,301,0,"HQG055270","SQ73779 031"
1330,11620,30.1,"2GA","2楷林",18,325,0,"HQJ160150","SQ81097 011"
1210,10180,24.08,"2GB","2楷林",60,516,0,"HQB149730","SQ61549 521"
1190,10180,23.68,"2GA","2楷林",50,453,0,"HQX026520","SQ49520 051"
1020,11030,21.99,"3GC","2楷林",42,316,0,"HQH047770","SQ76352 541"
1460,10230,29.2,"2GC","2楷林",44,340,0,"HQH089550","SQ77128 521"
1100,10460,22.09,"2GA","2楷林",89,448,0,"HQE108910","SQ69198 511"
1250,10620,25.95,"2GB","2楷林",30,496,0,"HQZ084620","SQ54631 031"
1570,11400,34.99,"2GA","2楷林",11,272,0,"HQH121940","SQ77694 511"
1160,11420,25.9,"2GC","2楷林",89,454,0,"HQC120020","SQ63985 511"
960,11710,21.98,"3GC","2楷林",45,351,0,"HQH017470","SQ75824 031"
1190,8020,18.66,"3GC","2楷林",45,447,0,"HQF107880","SQ71739 041"
1000,9760,19.08,"2GC","2楷林",110,332,0,"HQX112720","SQ50820 511"
1390,11450,31.11,"2GA","2楷林",37,277,0,"HQD038050","SQ65070 051"
1220,11270,26.88,"2GA","2楷林",73,451,0,"HQA048600","SQ56926 531"
1360,9090,23.78,"2GC","2楷林",20,364,11.7,"HQH160290","SQ78251 551"
1540,10140,30.53,"2GA","2楷林",54,323,0,"HQC016490","SQ62142 531"
1380,10440,27.76,"2GA","2楷林",5,280,0,"HQX052350","SQ49998 521"
900,9860,17.35,"2GA","2楷林",87,332,0,"HQZ036050","SQ53998 541"
1190,11050,25.28,"2GC","2楷林",6,502,0,"HQY050950","SQ52176 011"
1120,11420,24.67,"2GC","2楷林",1,272,0,"HQA140470","SQ58385 021"
1220,10060,23.99,"2GA","2楷林",34,329,0,"HQG026830","SQ73249 041"
1470,10500,29.66,"2GA","2楷林",3,462,0,"HQZ150770","SQ55767 021"
1430,10880,30.42,"2GA","2楷林",9,369,0,"HQD035200","SQ65044 521"
1570,11390,34.96,"2GD","2楷林",6,324,0,"HQA115540","SQ58038 521"
1160,6940,15.74,"3GC","2楷林",88,299,0,"HQF105360","SQ71694 051"
1290,8800,22.19,"3GC","2楷林",38,339,0,"HQH006820","SQ75673 561"
1190,11370,26.12,"3GC","2楷林",95,538,0,"HQZ062090","SQ54327 011"
1300,7200,18.3,"2GC","2楷林",28,423,0,"HQZ150340","SQ55804 051"
1260,9170,22.59,"2GA","2楷林",87,327,0,"HQD155190","SQ67093 061"
1260,8740,21.53,"2GB","2楷林",59,357,0,"HQF087280","SQ71371 051"
1290,9940,25.07,"2GA","2楷林",43,352,0,"HQF034610","SQ70562 031"
1280,9730,24.35,"2GA","2楷林",55,425,0,"HQA079800","SQ57428 041"
1280,9020,22.57,"2GC","2楷林",49,330,0,"HQC122910","SQ64067 561"
960,10190,19.12,"2GA","2楷林",85,376,0,"HQF143500","SQ72398 051"
1350,9120,24.07,"2GA","2楷林",49,327,0,"HQX020720","SQ49421 551"
1250,9490,23.19,"3GC","2楷林",15,340,0,"HQD044540","SQ65192 561"
1100,9330,20.06,"3GC","2楷林",66,342,0,"HQA164370","SQ58770 561"
1410,11720,31.79,"2GA","2楷林",17,273,5,"HQF156780","SQ72588 031"
1310,9860,24.87,"3GC","2楷林",40,394,0,"HQJ144130","SQ80839 011"
1290,8950,22.57,"2GC","2楷林",24,325,0,"HQY154010","SQ53511 051"
1340,10170,26.22,"2GA","2楷林",17,312,7.3,"HQH017990","SQ75810 531"
1240,9200,22.3,"2GB","2楷林",30,418,0,"HQY100550","SQ52801 511"
1100,8660,18.62,"3GC","2楷林",29,335,0,"HQY075520","SQ52494 581"
1000,11830,23.13,"2GA","2楷林",57,339,0,"HQH074920","SQ76840 061"
1070,8260,17.28,"2GB","2楷林",70,519,0,"HQX090860","SQ50538 521"
1370,11790,31.58,"2GA","2楷林",11,331,0,"HQJ125980","SQ80504 541"
1310,11800,30.22,"3GC","2楷林",52,335,0,"HQG102240","SQ74349 021"
1390,11020,29.95,"2GA","2楷林",37,324,8.7,"HQB031850","SQ59406 541"
1070,11480,24.01,"2GA","2楷林",106,332,0,"HQY130050","SQ53172 021"
1400,11120,30.44,"2GA","2楷林",15,327,0,"HQA049950","SQ56941 021"
1380,11800,31.84,"2GA","2楷林",34,336,0,"HQJ009190","SQ78475 031"
1400,7400,19.89,"3GC","2楷林",59,463,0,"HQX115120","SQ50860 511"
1260,11850,28.96,"2GA","2楷林",49,319,12.2,"HQD058730","SQ65427 531"
1240,11350,27.51,"2GA","2楷林",64,335,0,"HQJ082160","SQ79676 041"
1290,8940,22.55,"3GC","2楷林",39,293,0,"HQA135610","SQ58313 521"
960,9980,18.73,"2GA","2楷林",89,318,0,"HQX087100","SQ50482 541"
1090,10270,21.88,"2GB","2楷林",22,352,0,"HQY050690","SQ52172 031"
1390,11770,31.98,"2GB","2楷林",20,272,0,"HQJ144570","SQ80848 041"
1100,11700,25.16,"2GA","2楷林",13,354,0,"HQG064460","SQ73911 041"
1050,11570,23.75,"2GC","2楷林",85,340,0,"HQD094550","SQ66106 571"
1110,11010,23.89,"2GA","2楷林",53,351,0,"HQD013290","SQ64705 031"
1360,11150,29.65,"2GA","2楷林",14,334,0,"HQX015370","SQ49325 041"
1290,7990,19.83,"2GA","2楷林",35,322,9.6,"HQD124200","SQ66540 531"
980,10930,20.94,"3GC","2楷林",55,273,0,"HQF030440","SQ70506 551"
1380,11850,31.46,"2GA","2楷林",27,294,12.5,"HQC081280","SQ63303 011"
1280,11250,27.6,"2GA","2楷林",52,257,0,"HQZ094500","SQ54806 011"
1200,10260,24.07,"3GC","2楷林",39,502,0,"HQD077140","SQ65773 031"
1030,10870,21.89,"2GC","2楷林",31,352,0,"HQE126370","SQ69489 081"
1300,10820,27.5,"2GA","2楷林",18,334,0,"HQB069440","SQ60123 551"
1260,8740,21.53,"2GB","2楷林",58,356,0,"HQF087270","SQ71371 061"
1060,10660,22.09,"2GA","2楷林",38,331,0,"HQG153570","SQ75276 541"
1300,7200,18.3,"2GC","2楷林",32,422,0,"HQZ150380","SQ55804 531"
1200,10250,24.05,"2GB","2楷林",33,558,0,"HQA028050","SQ56542 531"
1380,11280,30.43,"2GA","2楷林",37,324,0,"HQE032280","SQ67782 021"
1540,11620,34.98,"2GD","2楷林",19,335,0,"HQA116440","SQ58047 021"
1530,8670,25.93,"2GA","2楷林",17,335,0,"HQZ163230","SQ56011 551"
1290,9140,23.05,"2GA","2楷林",68,329,0,"HQZ082340","SQ54600 511"
1570,9320,27.92,"2GA","2楷林",6,258,9,"HQF068820","SQ71030 511"
1250,10840,26.49,"2GB","2楷林",46,343,0,"HQH073450","SQ76826 511"
1450,11710,33.19,"2GB","2楷林",23,337,0,"HQC005960","SQ61663 031"
1500,11820,34.66,"2GA","2楷林",8,285,0,"HQX076510","SQ50350 021"
1290,9160,23.1,"2GA","2楷林",54,338,0,"HQY034750","SQ51975 021"
1240,10390,25.19,"2GB","2楷林",56,423,0,"HQC003990","SQ61650 031"
1500,11350,33.28,"3GC","2楷林",19,337,0,"HQA113950","SQ57990 541"
1140,7350,16.38,"2GB","2楷林",43,433,0,"HQG029150","SQ73292 021"
1110,11040,23.96,"3GC","2楷林",66,339,0,"HQZ153130","SQ55841 541"
1560,8880,27.08,"3GC","2楷林",10,357,0,"HQB143180","SQ61494 021"
1050,9540,19.58,"2GC","2楷林",61,338,0,"HQD094310","SQ66106 551"
1320,6060,15.64,"2GB","2楷林",23,460,0,"HQE108250","SQ69179 051"
920,10450,18.8,"2GC","2楷林",82,333,0,"HQY051710","SQ52216 061"
1550,10950,33.18,"2GC","2楷林",8,333,0,"HQH089190","SQ77114 521"
1140,11850,26.41,"3GC","2楷林",31,344,0,"HQG068080","SQ73953 541"
1430,11770,32.9,"2GA","2楷林",6,272,0,"HQB137460","SQ61340 541"
1450,11710,33.19,"2GB","2楷林",4,338,0,"HQC005770","SQ61663 521"
1290,9160,23.1,"2GC","2楷林",19,328,0,"HQX024090","SQ49501 541"
930,10880,19.78,"2GC","2楷林",62,302,0,"HQB079670","SQ60312 011"
1290,9080,22.9,"2GA","2楷林",55,340,0,"HQA151790","SQ58536 061"
1380,9300,25.09,"2GC","2楷林",93,338,0,"HQX057400","SQ50080 511"
1250,9750,23.83,"2GA","2楷林",66,273,0,"HQH143150","SQ78059 541"
1320,11810,30.48,"2GB","2楷林",39,523,0,"HQY153340","SQ53484 521"
1240,11010,26.69,"2GA","2楷林",16,340,0,"HQD065670","SQ65574 021"
1240,8580,20.8,"2GB","2楷林",62,423,0,"HQC004050","SQ61650 061"
920,8710,15.67,"2GA","2楷林",80,414,0,"HQH156540","SQ78217 071"
1460,11810,33.71,"2GC","2楷林",8,447,0,"HQX140120","SQ51172 041"
1400,11770,31.44,"2GA","2楷林",28,288,9.3,"HQJ138810","SQ80719 541"
1390,9160,24.89,"2GA","2楷林",23,303,0,"HQZ125420","SQ55357 511"
1120,7480,16.38,"2GB","2楷林",47,428,0,"HQA017740","SQ56436 531"
1570,9840,30.2,"2GB","2楷林",21,328,10.9,"HQF046040","SQ70725 031"
1280,9020,22.57,"3GC","2楷林",5,323,0,"HQA161320","SQ58719 521"
1030,9570,19.27,"3GC","2楷林",50,292,0,"HQH093660","SQ77177 041"
1520,11770,34.98,"2GC","2楷林",18,274,0,"HQD034650","SQ65032 041"
980,10760,20.62,"2GA","2楷林",55,329,0,"HQE024970","SQ67652 511"
1320,9440,23.99,"2GB","2楷林",65,317,0,"HQD086250","SQ65942 021"
1020,11860,23.65,"2GB","2楷林",36,353,0,"HQX068270","SQ50266 551"
910,7850,13.97,"2GC","2楷林",38,344,0,"HQY132180","SQ53195 601"
1280,10180,25.47,"3GC","2楷林",51,341,0,"HQA136820","SQ58350 021"
1380,11850,31.97,"2GA","2楷林",57,269,0,"HQE086520","SQ68787 511"
1560,10340,31.03,"2GA","2楷林",16,341,10.1,"HQZ066220","SQ54374 041"
1070,11420,23.89,"2GC","2楷林",1,351,0,"HQH160100","SQ78255 041"
1220,6940,16.55,"2GB","2楷林",37,413,0,"HQZ011580","SQ53745 041"
1290,8760,22.09,"2GB","2楷林",84,438,0,"HQZ131280","SQ55439 531"
1190,9060,21.08,"2GC","2楷林",35,473,0,"HQY073740","SQ52442 541"
1270,10480,26.02,"2GB","2楷林",58,523,0,"HQD147070","SQ66988 051"
1340,10010,25.8,"2GA","2楷林",12,298,12.1,"HQG137130","SQ74959 041"
1290,10360,26.13,"2GC","2楷林",47,330,0,"HQZ044930","SQ54107 551"
1560,11470,34.42,"2GA","2楷林",6,257,6.7,"HQY104510","SQ52845 021"
1260,11580,28.53,"3GC","2楷林",15,278,0,"HQC054880","SQ62859 551"
910,9630,17.13,"2GC","2楷林",67,339,0,"HQZ013970","SQ53779 561"
1150,9130,20.53,"2GB","2楷林",44,428,0,"HQH040070","SQ76235 011"
1040,11740,23.87,"2GC","2楷林",82,355,0,"HQA113640","SQ57984 031"
1570,8200,25.17,"2GA","2楷林",18,334,0,"HQC103470","SQ63713 031"
1410,11470,31.62,"2GA","2楷林",46,275,0,"HQX031500","SQ49637 531"
1390,11610,31.55,"2GB","2楷林",38,336,0,"HQZ153510","SQ55852 031"
1360,11500,30.58,"2GB","2楷林",9,452,0,"HQG062530","SQ73876 551"
1390,11120,30.22,"2GB","2楷林",30,321,0,"HQF082660","SQ71289 021"
1170,7110,16.26,"2GA","2楷林",60,448,0,"HQB010760","SQ59047 051"
1270,11450,28.43,"2GA","2楷林",21,502,0,"HQD078550","SQ65824 031"
1400,11600,31.75,"3GC","2楷林",10,355,0,"HQY073490","SQ52437 041"
1100,11090,23.85,"2GD","2楷林",88,268,0,"HQX128500","SQ51045 051"
1360,11640,30.38,"3GC","2楷林",49,315,0,"HQY091450","SQ52675 011"
1270,7700,19.12,"2GA","2楷林",39,319,0,"HQB150880","SQ61537 021"
1100,7080,15.23,"2GA","2楷林",69,360,0,"HQZ049590","SQ54147 061"
1250,9940,24.29,"2GA","2楷林",14,317,0,"HQD025940","SQ64868 041"
1390,11800,32.07,"2GB","2楷林",63,327,0,"HQB088990","SQ60434 031"
930,11610,21.11,"2GA","2楷林",52,308,0,"HQG010690","SQ72961 071"
1190,11340,26.38,"2GC","2楷林",63,339,0,"HQA040350","SQ56751 021"
1410,7750,20.98,"2GB","2楷林",2,493,0,"HQJ061970","SQ79291 031"
1180,9570,22.08,"2GA","2楷林",129,329,0,"HQF152950","SQ72543 051"
1290,10660,26.88,"2GB","2楷林",7,520,0,"HQX111690","SQ50825 511"
1280,10560,26.43,"3GC","2楷林",67,333,0,"HQB050480","SQ59769 541"
1190,11270,25.89,"2GB","2楷林",54,351,0,"HQF046370","SQ70778 011"
1190,11690,27.2,"2GA","2楷林",42,453,0,"HQD015800","SQ64725 531"
1220,11530,27.5,"2GD","2楷林",61,250,0,"HQG005940","SQ72873 561"
1340,11810,30.94,"3GC","2楷林",45,266,0,"HQF161190","SQ72657 031"
1200,9000,20.6,"2GC","2楷林",1,298,9.8,"HQD054070","SQ65314 051"
1190,8600,19.59,"2GA","2楷林",60,449,0,"HQD059460","SQ65486 011"
1450,11850,33.05,"2GD","2楷林",28,253,12.4,"HQA010870","SQ56331 031"
1300,8880,22.57,"2GA","2楷林",73,333,0,"HQX105260","SQ50727 521"
950,10270,19.07,"2GA","2楷林",37,325,0,"HQF000740","SQ70114 541"
1320,9000,23.23,"2GA","2楷林",84,340,0,"HQB131570","SQ61252 551"
1120,11560,24.75,"3GC","2楷林",48,507,0,"HQH167130","SQ78356 011"
1250,7980,19.5,"2GB","2楷林",80,327,0,"HQH073790","SQ76830 511"
1270,11140,27.66,"2GA","2楷林",10,352,0,"HQF021590","SQ70393 551"
1290,8960,22.6,"2GC","2楷林",42,333,0,"HQX026440","SQ49513 031"
1210,9700,22.95,"2GB","2楷林",67,519,0,"HQA076810","SQ57397 031"
1140,11480,25.59,"3GC","2楷林",29,451,0,"HQF098550","SQ71592 551"
1570,11400,34.99,"3GC","2楷林",56,330,0,"HQH115490","SQ77563 541"
1270,11170,27.73,"2GD","2楷林",26,295,0,"HQE078090","SQ68611 031"
1220,7830,18.68,"2GA","2楷林",48,334,0,"HQJ127420","SQ80498 041"
1370,11640,31.18,"2GC","2楷林",3,489,0,"HQF037170","SQ70593 511"
1140,11250,25.07,"3GC","2楷林",36,454,0,"HQY101500","SQ52813 541"
1360,10710,28.06,"2GB","2楷林",43,309,0,"HQG113830","SQ74564 011"
1110,9740,21.14,"2GA","2楷林",48,333,0,"HQJ030610","SQ78805 051"
1490,10760,31.34,"2GB","2楷林",13,516,0,"HQE007310","SQ67328 531"
1330,9550,24.83,"3GB","2楷林",64,438,0,"HQE118980","SQ69374 041"
1120,10910,23.89,,"2楷林",67,275,0,"HQG037720","SQ73413 521"
1310,10300,26.38,"2GA","2楷林",41,338,0,"HQA051170","SQ56964 051"
1400,9860,26.99,"2GD","2楷林",9,337,0,"HQD024460","SQ64841 511"
1180,11790,27.2,"3GC","2楷林",55,510,0,"HQY096820","SQ52758 551"
1090,11210,23.89,"3GB","2楷林",98,348,0,"HQY048500","SQ52168 011"
1300,11830,30.07,"2GA","2楷林",30,320,0,"HQF121820","SQ71970 541"
980,9920,19.01,"2GA","2楷林",50,330,0,"HQE024920","SQ67658 551"
1120,11540,25.27,"2GA","2楷林",98,517,0,"HQH124760","SQ77752 521"
1570,9940,30.51,"2GC","2楷林",14,328,0,"HQF063160","SQ70972 021"
1290,9140,23.05,"2GC","2楷林",27,327,0,"HQY154040","SQ53507 041"
1180,8300,19.15,"3GC","2楷林",68,340,0,"HQA118860","SQ58074 571"
1390,9520,25.87,"2GA","2楷林",15,508,0,"HQX010110","SQ49127 051"
1360,11620,30.9,"2GC","2楷林",38,437,0,"HQF010390","SQ70223 051"
980,9980,19.12,"2GA","2楷林",50,328,0,"HQE023060","SQ67638 031"
1290,11810,29.78,"2GB","2楷林",32,559,0,"HQD028900","SQ64930 541"
1190,9550,22.22,"2GA","2楷林",49,328,0,"HQY116330","SQ52982 051"
980,10510,20.14,"2GA","2楷林",85,323,0,"HQE023420","SQ67645 051"
1570,11400,34.99,"2GC","2楷林",3,338,0,"HQH114960","SQ77561 531"
1340,9340,24.47,"2GC","2楷林",12,484,0,"HQG010290","SQ72951 021"
1190,9470,22.03,"2GB","2楷林",16,420,0,"HQH104930","SQ77359 061"
910,10180,18.11,"2GC","2楷林",96,342,0,"HQY132760","SQ53203 571"
1370,11500,30.8,"2GA","2楷林",27,338,0,"HQJ014440","SQ78572 521"
1040,9450,19.21,"2GB","2楷林",57,337,0,"HQZ015670","SQ53802 021"
1270,11010,27.34,"2GA","2楷林",28,275,0,"HQG160330","SQ75394 031"
1200,9930,23.3,"2GC","2楷林",6,452,0,"HQF056940","SQ70938 531"
1240,11680,28.31,"2GA","2楷林",49,338,0,"HQZ025440","SQ53861 521"
1000,8540,16.7,"2GA","2楷林",24,320,0,"HQD097920","SQ66155 041"
1200,8310,19.5,"3GC","2楷林",55,344,0,"HQB107980","SQ60855 521"
1280,7980,19.97,"2GA","2楷林",40,362,0,"HQE042610","SQ67972 571"
1260,9360,23.06,"2GB","2楷林",26,418,0,"HQG021330","SQ73172 011"
1050,11300,23.2,"2GA","2楷林",63,442,0,"HQJ075240","SQ79570 551"
1360,11330,30.12,"2GA","2楷林",28,331,0,"HQX015510","SQ49341 041"
1400,11670,31.94,"2GD","2楷林",24,270,0,"HQX085220","SQ50472 021"
1570,10460,32.11,"2GD","2楷林",28,327,0,"HQX116490","SQ50891 541"
1400,11670,31.94,"3GC","2楷林",30,355,0,"HQY072600","SQ52436 021"
1490,9590,27.65,"2GA","2楷林",43,266,0,"HQF078540","SQ71244 011"
1330,8560,22.26,"3GC","2楷林",40,438,0,"HQD066990","SQ65594 031"
1100,9680,20.48,"2GA","2楷林",66,336,8.4,"HQX126270","SQ50997 541"
1290,9960,25.12,"2GC","2楷林",64,441,0,"HQX148020","SQ51254 551"
1470,9460,26.75,"2GC","2楷林",25,299,12.5,"HQY133210","SQ53177 541"
1290,10520,26.53,"2GA","2楷林",70,339,0,"HQY126870","SQ53133 521"
1270,8290,20.58,"2GD","2楷林",30,330,0,"HQG141510","SQ75067 561"
1380,11830,31.92,"2GC","2楷林",19,272,0,"HQJ015870","SQ78597 021"
930,8730,15.87,"2GA","2楷林",44,309,0,"HQG010610","SQ72958 581"
1180,9140,21.09,"2GC","2楷林",14,524,0,"HQF007790","SQ70187 021"
1280,6000,14.78,"2GA","2楷林",40,342,0,"HQZ051760","SQ54169 011"
1240,7340,17.79,"2GA","2楷林",32,455,0,"HQB010480","SQ59038 041"
1490,11840,34.49,"2GD","2楷林",25,324,0,"HQF097000","SQ71570 541"
1270,11150,26.81,"2GA","2楷林",34,283,7.3,"HQG129170","SQ74822 511"
1260,9390,23.13,"2GB","2楷林",12,373,0,"HQF106720","SQ71719 051"
1340,11410,29.41,"2GC","2楷林",46,445,5.7,"HQX147840","SQ51252 521"
1260,9330,22.98,"2GA","2楷林",21,341,0,"HQJ081730","SQ79665 521"
1570,9800,30.08,"2GA","2楷林",9,321,0,"HQE092990","SQ68916 541"
1310,10730,27.48,"2GA","2楷林",32,334,0,"HQJ038670","SQ78927 531"
1300,9120,23.18,"2GA","2楷林",14,324,0,"HQD128030","SQ66616 511"
1410,11600,31.98,"2GC","2楷林",18,312,0,"HQY091140","SQ52672 521"
1180,11790,27.2,"2GD","2楷林",100,547,0,"HQY028400","SQ51889 531"
1300,9610,24.42,"2GA","2楷林",56,330,0,"HQX105090","SQ50721 021"
1180,7100,16.38,"2GB","2楷林",84,428,0,"HQX055550","SQ50031 521"
950,10840,20.13,"2GA","2楷林",30,333,0,"HQC088820","SQ63517 021"
1190,6460,15.03,"2GA","2楷林",34,335,0,"HQY111190","SQ52904 021"
900,9280,16.33,"2GC","2楷林",89,328,0,"HQB075710","SQ60257 511"
1570,7340,22.53,"2GC","2楷林",10,326,0,"HQY146740","SQ53374 051"
980,8000,15.33,"3GC","2楷林",38,350,0,"HQJ012290","SQ78551 051"
1310,11760,30.12,"2GA","2楷林",77,268,0,"HQE092310","SQ68899 531"
1220,9770,23.3,"2GB","2楷林",23,427,0,"HQA035260","SQ56677 521"
1040,9280,18.6,"2GC","2楷林",28,337,0,"HQJ160250","SQ81083 511"
1520,11750,34.92,"2GA","2楷林",16,332,0,"HQZ045710","SQ54130 021"
950,10440,19.39,"2GB","2楷林",84,342,0,"HQJ090040","SQ79817 541"
1110,10360,22.48,"2GA","2楷林",76,350,0,"HQD088300","SQ65982 021"
1390,11870,32.26,"3GC","2楷林",37,304,0,"HQB094560","SQ60576 021"
1030,11860,23.88,"2GA","2楷林",95,326,0,"HQA149460","SQ58517 041"
1380,8560,22.84,"3GC","2楷林",49,333,0,"HQC009150","SQ61701 011"
1220,10890,25.97,"3GC","2楷林",82,426,0,"HQH165560","SQ78332 041"
1380,9650,26.03,"2GC","2楷林",4,383,0,"HQC003470","SQ61628 031"
1380,11700,31.57,"2GA","2楷林",3,335,0,"HQH116450","SQ77600 021"
1010,9820,19.39,"2GA","2楷林",89,341,0,"HQJ031020","SQ78819 041"
1260,11360,27.98,"2GA","2楷林",1,410,0,"HQH158000","SQ78244 011"
1110,9250,20.07,"2GA","2楷林",88,323,0,"HQC033200","SQ62427 531"
1090,8130,17.32,"2GB","2楷林",69,536,0,"HQG025140","SQ73236 061"
1390,10920,29.67,"2GC","2楷林",33,338,0,"HQC106430","SQ63731 051"
1130,10010,22.11,"2GC","2楷林",46,332,0,"HQY027860","SQ51877 511"
1200,9500,22.29,"2GB","2楷林",23,429,0,"HQA003320","SQ56202 561"
960,10650,19.99,"3GC","2楷林",40,327,0,"HQG103670","SQ74380 061"
1120,11860,25.97,"2GA","2楷林",78,317,0,"HQH124560","SQ77751 051"
1570,8320,25.54,"3GC","2楷林",11,280,0,"HQY121950","SQ53074 051"
1390,10410,27.61,"2GD","2楷林",26,270,10.1,"HQF073960","SQ71120 041"
1220,11370,27.12,"2GB","2楷林",59,531,0,"HQY142950","SQ53312 511"
1230,11230,26.46,"2GA","2楷林",14,298,0,"HQH049610","SQ76387 031"
1260,9170,22.59,"2GC","2楷林",46,329,0,"HQX121810","SQ50947 021"
1280,11730,29.35,"2GC","2楷林",14,531,0,"HQB049950","SQ59798 041"
1270,7900,19.61,"2GC","2楷林",80,342,0,"HQC106900","SQ63767 521"
1430,11690,31.82,"2GA","2楷林",21,266,6.1,"HQX094200","SQ50589 011"
1300,8880,22.57,"2GA","2楷林",93,333,0,"HQX105460","SQ50731 551"
1470,11860,34.08,"2GB","2楷林",9,339,0,"HQA058020","SQ57066 041"
1570,8460,25.97,"2GB","2楷林",22,332,0,"HQF127300","SQ72060 511"
1360,11670,31.03,"3GB","2楷林",17,309,0,"HQJ024840","SQ78737 541"
1150,8900,20.01,"3GC","2楷林",26,499,0,"HQE022820","SQ67623 561"
1130,10490,23.17,"2GB","2楷林",80,401,0,"HQJ027640","SQ78772 031"
1020,11180,22.29,"2GC","2楷林",69,551,0,"HQX036350","SQ49695 031"
1550,8340,25.27,"2GA","2楷林",24,335,0,"HQH069660","SQ76733 051"
1110,9020,19.57,"2GA","2楷林",22,330,0,"HQG095970","SQ74287 531"
1510,9760,28.81,"2GB","2楷林",18,428,0,"HQF142830","SQ72376 041"
1250,11110,27.15,"3GC","2楷林",24,338,0,"HQD045220","SQ65197 561"
1260,7010,17.27,"2GA","2楷林",11,355,0,"HQZ165460","SQ56043 061"
1150,5940,13.35,"2GB","2楷林",60,425,0,"HQA034830","SQ56629 021"
1210,9750,23.06,"2GB","2楷林",69,463,0,"HQE044000","SQ68001 511"
1400,7350,20.12,"2GA","2楷林",18,357,0,"HQX051600","SQ49983 031"
1090,11800,25.15,"2GB","2楷林",59,512,0,"HQF149960","SQ72484 551"
1470,10600,30.46,"2GA","2楷林",44,326,0,"HQE135370","SQ69655 521"
1290,7930,20,"2GA","2楷林",9,342,0,"HQA042230","SQ56807 051"
1380,11780,31.78,"2GA","2楷林",9,270,0,"HQZ109060","SQ55087 031"
940,11660,21.43,"2GC","2楷林",98,323,0,"HQA034200","SQ56623 031"
1200,8260,19.38,"2GB","2楷林",59,421,0,"HQZ114540","SQ55183 531"
1340,10860,28.45,"2GB","2楷林",51,523,0,"HQZ033190","SQ53957 041"
1320,9310,23.57,"2GA","2楷林",18,324,0,"HQX126500","SQ51013 521"
1470,11560,33.22,"2GA","2楷林",49,321,0,"HQH069910","SQ76751 021"
1570,9810,30.11,"2GA","2楷林",9,324,0,"HQG016030","SQ73017 541"
1070,6630,13.87,"2GB","2楷林",69,520,0,"HQF083060","SQ71314 101"
1240,11550,28,"2GC","2楷林",60,267,0,"HQE050060","SQ68087 551"
1310,8980,22.2,"2GA","2楷林",48,323,5.6,"HQE073090","SQ68498 011"
1270,11210,27.83,"2GA","2楷林",18,296,0,"HQA017450","SQ56459 551"
1200,8150,19.12,"2GB","2楷林",30,554,0,"HQF115530","SQ71884 571"
1260,9410,23.18,"2GB","2楷林",19,378,0,"HQF106790","SQ71713 541"
1260,9170,22.59,"2GC","2楷林",50,330,0,"HQX121850","SQ50945 061"
1240,9070,21.99,"2GC","2楷林",40,455,0,"HQG128620","SQ74838 031"
960,10450,19.61,"2GC","2楷林",101,357,0,"HQF006880","SQ70159 561"
1260,10100,24.88,"2GB","2楷林",56,450,0,"HQX043630","SQ49814 531"
1310,8480,21.72,"2GA","2楷林",27,345,0,"HQD043210","SQ65157 521"
1320,10890,27.68,"2GB","2楷林",83,516,0,"HQH072340","SQ76814 521"
990,11240,21.75,"3GC","2楷林",28,397,0,"HQD038690","SQ65083 551"
1380,11850,31.97,"2GA","2楷林",69,303,0,"HQY144570","SQ53347 041"
1390,10940,29.73,"2GD","2楷林",21,551,0,"HQZ152680","SQ55838 051"
1330,11610,30.19,"2GA","2楷林",57,455,0,"HQZ147480","SQ55773 031"
1390,9780,26.58,"2GA","2楷林",16,335,0,"HQY122770","SQ53063 051"
1500,10480,30.73,"2GA","2楷林",14,269,0,"HQG000530","SQ72752 511"
1530,10410,30.73,"2GD","2楷林",8,331,0,"HQB003850","SQ58931 521"
1510,11750,34.69,"2GC","2楷林",11,307,0,"HQA071300","SQ57298 531"
1190,11340,26.38,"2GC","2楷林",34,454,0,"HQZ122870","SQ55301 011"
1190,9620,22.38,"2GB","2楷林",12,413,0,"HQG156150","SQ75325 051"
1570,10460,32.11,"2GC","2楷林",10,322,0,"HQY089890","SQ52652 021"
1290,8710,21.97,"3GC","2楷林",15,340,0,"HQZ152620","SQ55829 541"
1250,7630,18.65,"2GB","2楷林",85,415,0,"HQY078210","SQ52507 571"
1400,10110,27.67,"2GA","2楷林",22,281,0,"HQC025150","SQ62290 051"
940,10660,19.59,"2GC","2楷林",46,459,0,"HQE039200","SQ67908 541"
1130,9070,20.04,"2GC","2楷林",34,334,0,"HQA159160","SQ58694 531"
1270,9530,23.66,"2GA","2楷林",27,301,0,"HQE085420","SQ68758 021"
1570,9820,30.14,"2GD","2楷林",16,335,0,"HQD021910","SQ64834 031"
1160,11710,26.56,"2GA","2楷林",22,267,0,"HQD048090","SQ65277 541"
1220,11560,27.57,"2GA","2楷林",63,275,0,"HQX006800","SQ49160 541"
1240,8280,20.07,"3GC","2楷林",67,505,0,"HQY095360","SQ52741 051"
980,9980,19.12,"2GC","2楷林",68,371,0,"HQY118490","SQ53034 061"
1250,11290,27.59,"2GB","2楷林",33,512,0,"HQY058900","SQ52314 031"
1340,11240,28.9,"2GA","2楷林",46,286,0,"HQC122880","SQ64041 511"
1270,10730,26.64,"2GB","2楷林",20,347,0,"HQD064150","SQ65536 031"
1060,9690,20.08,"3GC","2楷林",46,325,0,"HQF020740","SQ70376 041"
1310,9360,23.7,"2GC","2楷林",11,355,0,"HQJ039370","SQ78945 521"
1030,8860,17.84,"2GC","2楷林",53,351,0,"HQE126590","SQ69492 511"
1290,9220,22.88,"2GB","2楷林",10,330,11.2,"HQA151340","SQ58532 551"
1390,10370,28.18,"2GA","2楷林",12,341,0,"HQC120170","SQ63980 531"
1510,11850,34.98,"3GC","2楷林",29,276,0,"HQZ042350","SQ54071 521"
1540,10110,30.44,"2GD","2楷林",20,328,0,"HQA115680","SQ58041 521"
1190,11390,26.5,"2GA","2楷林",8,438,0,"HQJ085680","SQ79732 051"
1400,9170,25.1,"3GC","2楷林",51,323,0,"HQY066220","SQ52396 031"
980,11770,22.55,"2GA","2楷林",53,303,0,"HQH054700","SQ76454 511"
1570,9430,27.8,"2GC","2楷林",9,289,10,"HQH119140","SQ77604 011"
1470,11810,33.82,"2GD","2楷林",12,448,0,"HQX114650","SQ50854 011"
1200,11600,27.21,"2GB","2楷林",70,525,0,"HQZ033380","SQ53949 521"
1280,11400,28.53,"2GC","2楷林",52,429,0,"HQA111490","SQ57963 521"
1510,11820,34.89,"2GA","2楷林",16,251,0,"HQY104610","SQ52850 511"
1370,11860,31.77,"3GC","2楷林",41,335,0,"HQY079550","SQ52526 521"
1290,9950,25.09,"2GC","2楷林",59,324,0,"HQA147200","SQ58495 041"
1270,9420,23.39,"2GB","2楷林",19,390,0,"HQC136130","SQ64295 521"
1190,9020,20.98,"2GC","2楷林",29,417,0,"HQH138550","SQ77961 041"
1150,10710,24.08,"2GB","2楷林",49,521,0,"HQA164200","SQ58746 541"
1330,8930,23.22,"2GC","2楷林",39,329,0,"HQA120600","SQ58064 021"
1020,11860,23.65,"2GA","2楷林",110,343,0,"HQX107580","SQ50749 021"
1140,7030,15.67,"3GC","2楷林",68,460,0,"HQY074070","SQ52472 071"
1380,11150,30.08,"2GA","2楷林",26,325,0,"HQD041260","SQ65151 541"
1050,9280,19.05,"2GB","2楷林",59,422,0,"HQX076350","SQ50343 541"
1260,6730,16.25,"2GB","2楷林",66,451,0,"HQB130500","SQ61244 511"
1090,8610,18.35,"2GA","2楷林",66,333,0,"HQA162840","SQ58765 041"
1300,11850,30.12,"2GA","2楷林",73,322,0,"HQF122250","SQ71976 541"
1440,10010,28.18,"2GA","2楷林",61,337,0,"HQD073850","SQ65699 031"
1180,9680,21.86,"2GD","2楷林",71,333,0,"HQX139830","SQ51174 011"
1370,11840,31.2,"2GA","2楷林",50,300,8.1,"HQE037510","SQ67836 541"
1340,11410,29.89,"2GA","2楷林",48,315,0,"HQC054020","SQ62851 021"
1030,11860,23.88,"2GA","2楷林",91,353,0,"HQF075990","SQ71209 531"
940,10920,20.07,"2GC","2楷林",91,473,0,"HQF019230","SQ70356 531"
1200,11540,27.07,"2GB","2楷林",47,523,0,"HQH045160","SQ76314 541"
1290,8940,22.55,"3GC","2楷林",58,326,0,"HQX041890","SQ49789 541"
1570,10140,30.92,"3GC","2楷林",4,294,0,"HQE105800","SQ69153 011"
1160,10560,23.95,"2GA","2楷林",64,269,0,"HQH045330","SQ76268 551"
1290,11810,29.78,"3GC","2楷林",25,334,0,"HQH005670","SQ75667 511"
1180,10010,23.09,"2GB","2楷林",14,425,0,"HQG029540","SQ73287 541"
1300,10400,26.43,"2GA","2楷林",51,339,0,"HQB089690","SQ60469 031"
1390,8460,22.3,"2GC","2楷林",29,294,9,"HQA106760","SQ57876 511"
1070,9600,20.08,"2GA","2楷林",52,336,0,"HQF126160","SQ72090 531"
1080,11850,25.02,"2GA","2楷林",39,301,0,"HQF044130","SQ70733 041"
1430,11730,32.79,"2GB","2楷林",14,331,0,"HQE084500","SQ68728 511"
1290,9240,23.3,"2GA","2楷林",52,323,0,"HQB062870","SQ59992 041"
1110,11000,23.87,"2GA","2楷林",90,352,0,"HQD013660","SQ64705 051"
1450,11640,33,"2GA","2楷林",37,271,0,"HQG007190","SQ72893 031"
1260,9390,23.13,"2GA","2楷林",19,373,0,"HQG092670","SQ74221 531"
1240,11560,28.02,"3GC","2楷林",49,428,0,"HQH071120","SQ76788 031"
1260,8330,20.52,"2GC","2楷林",37,326,0,"HQZ111970","SQ55151 551"
1220,11350,27.07,"2GB","2楷林",52,529,0,"HQY142880","SQ53312 551"
1490,8160,23.77,"2GB","2楷林",14,429,0,"HQX033580","SQ49621 531"
1280,11330,28.35,"2GA","2楷林",52,362,0,"HQA012810","SQ56375 521"
980,11670,22.36,"2GA","2楷林",58,315,0,"HQH055500","SQ76468 541"
1210,9390,22.21,"2GA","2楷林",84,327,0,"HQC099130","SQ63652 511"
1180,8260,19.05,"2GB","2楷林",78,416,0,"HQB120600","SQ61064 531"
1090,11170,23.42,"2GC","2楷林",77,270,4.9,"HQX145600","SQ51215 551"
1570,8590,25.94,"2GA","2楷林",17,279,8,"HQD071340","SQ65666 051"
1290,9550,24.08,"2GC","2楷林",33,339,0,"HQG167900","SQ75518 511"
1490,10440,30.41,"2GB","2楷林",44,532,0,"HQE071850","SQ68465 051"
1190,11340,26.38,"3GC","2楷林",21,345,0,"HQA039930","SQ56748 541"
1260,9170,22.59,"3GC","2楷林",80,303,0,"HQA014850","SQ56426 061"
1190,5750,13.38,"2GC","2楷林",29,447,0,"HQY057100","SQ52247 061"
1500,11660,34.19,"2GB","2楷林",12,327,0,"HQJ057010","SQ79221 521"
1290,8460,21.34,"2GA","2楷林",52,328,0,"HQA133380","SQ58280 551"
950,11460,21.28,"2GA","2楷林",54,395,0,"HQJ101910","SQ80102 041"
1410,11770,31.93,"2GC","2楷林",12,284,10.5,"HQG028840","SQ73273 531"
1330,8780,22.83,"2GC","2楷林",54,428,0,"HQX166020","SQ51475 011"
1420,11570,32.12,"3GC","2楷林",1,265,0,"HQX008990","SQ49238 541"
1320,11350,29.29,"2GC","2楷林",20,338,0,"HQC108660","SQ63755 531"
1160,8650,19.62,"2GA","2楷林",37,336,0,"HQJ010110","SQ78500 531"
1320,9220,23.79,"2GD","2楷林",53,552,0,"HQX141310","SQ51196 511"
1380,8950,24.15,"2GA","2楷林",50,325,0,"HQE032410","SQ67785 521"
900,9410,16.56,"2GA","2楷林",67,306,0,"HQH052710","SQ76437 031"
990,10340,20.01,"2GB","2楷林",47,337,0,"HQA131500","SQ58253 051"
1310,7940,20.02,"3GC","2楷林",25,452,0,"HQY101390","SQ52818 021"
950,9090,16.88,"2GA","2楷林",92,343,0,"HQZ042980","SQ54089 061"
1420,7150,19.64,"3GC","2楷林",23,291,0,"HQH117510","SQ77613 011"
1370,10170,26.41,"2GC","2楷林",5,289,10.2,"HQB129890","SQ61215 011"
1290,9180,23.15,"2GA","2楷林",77,324,0,"HQA092750","SQ57749 511"
1290,9170,23.13,"2GB","2楷林",70,332,0,"HQY096130","SQ52722 541"
1300,8750,22.24,"2GB","2楷林",54,422,0,"HQX116750","SQ50888 511"
1100,8660,18.62,"2GA","2楷林",68,331,0,"HQX072330","SQ50287 521"
1180,10620,24.5,"2GA","2楷林",34,450,0,"HQF024070","SQ70386 541"
950,8400,15.6,"2GA","2楷林",44,343,0,"HQE096190","SQ68953 541"
1300,9830,24.98,"2GB","2楷林",77,424,0,"HQX116980","SQ50883 541"
1030,11860,23.88,"2GA","2楷林",79,349,0,"HQJ014960","SQ78593 561"
1040,6730,13.68,"3GC","2楷林",66,438,0,"HQH160750","SQ78269 061"
960,10980,20.61,"2GC","2楷林",70,397,0,"HQC019400","SQ62210 571"
1190,10270,23.89,"3GC","2楷林",46,417,0,"HQH138720","SQ77957 531"
1530,7020,21,"3GC","2楷林",6,306,0,"HQF140280","SQ72328 531"
1360,11680,30.71,"2GA","2楷林",29,298,0,"HQJ140610","SQ80750 021"
1570,7660,23.51,"2GD","2楷林",3,324,0,"HQD021170","SQ64827 061"
1320,9720,25.08,"2GA","2楷林",33,339,0,"HQZ124750","SQ55343 511"
1520,10290,30.58,"2GA","2楷林",38,329,0,"HQE081500","SQ68703 521"
1560,11440,34.89,"2GC","2楷林",41,377,0,"HQC115180","SQ63893 521"
1290,9170,23.13,"2GA","2楷林",92,333,0,"HQA092900","SQ57739 051"
1320,9800,25.29,"2GA","2楷林",36,440,0,"HQA156640","SQ58647 021"
1190,11630,27.06,"3GC","2楷林",40,302,0,"HQJ102500","SQ80074 541"
1330,8910,23.17,"3GC","2楷林",33,474,0,"HQJ078490","SQ79620 551"
910,7850,13.97,"3GC","2楷林",21,344,0,"HQY132010","SQ53201 511"
960,7910,14.85,"3GC","2楷林",76,472,0,"HQZ123290","SQ55308 051"
1210,9590,22.69,"2GB","2楷林",73,454,0,"HQB130570","SQ61244 061"
1360,10720,28.08,"2GB","2楷林",44,308,0,"HQG113840","SQ74564 511"
1390,11720,31.85,"2GC","2楷林",25,527,0,"HQB081390","SQ60324 531"
1350,10700,27.72,"2GA","2楷林",26,353,0,"HQG016790","SQ73092 521"
1320,8500,21.94,"2GB","2楷林",47,453,0,"HQZ093300","SQ54769 031"
1240,9400,22.79,"3GB","2楷林",67,345,0,"HQC094280","SQ63575 061"
1190,9060,21.08,"3GC","2楷林",41,470,0,"HQY072710","SQ52442 011"
920,9440,16.98,"2GA","2楷林",48,391,0,"HQJ061710","SQ79303 021"
1100,8870,19.07,"2GA","2楷林",83,377,0,"HQB142310","SQ61441 031"
1570,8160,25.05,"3GC","2楷林",14,326,0,"HQY084200","SQ52600 041"
1320,9580,24.72,"2GB","2楷林",27,437,0,"HQH086040","SQ77069 041"
1310,8930,22.87,"2GA","2楷林",16,328,0,"HQE069150","SQ68462 051"
1250,8340,20.38,"2GD","2楷林",14,550,0,"HQY075370","SQ52468 521"
1540,8340,25.11,"2GA","2楷林",11,331,0,"HQE050400","SQ68095 031"
1170,11720,26.81,"2GA","2楷林",85,325,0,"HQH018670","SQ75832 051"
1300,9270,23.56,"2GB","2楷林",48,419,0,"HQY003230","SQ51561 061"
1280,9210,23.05,"2GD","2楷林",33,328,0,"HQX139450","SQ51169 031"
1040,11740,23.87,"2GB","2楷林",88,328,0,"HQD094580","SQ66074 541"
980,9980,19.12,"2GC","2楷林",97,375,0,"HQY119860","SQ53042 571"
1420,11720,32.54,"2GA","2楷林",23,460,0,"HQZ147140","SQ55767 031"
1290,10040,25.32,"2GC","2楷林",74,422,0,"HQY105190","SQ52853 041"
1370,10460,27.5,"3GC","2楷林",15,292,0,"HQY128160","SQ53137 021"
1510,11650,34.39,"2GC","2楷林",19,271,0,"HQZ103340","SQ55005 541"
1070,6630,13.87,"2GB","2楷林",64,531,0,"HQF083860","SQ71317 521"
1340,10650,27.9,"2GA","2楷林",59,307,0,"HQD093660","SQ66025 041"
1210,11250,26.06,"2GD","2楷林",2,459,0,"HQX083290","SQ50442 511"
1110,11630,25.24,"2GA","2楷林",29,328,0,"HQJ081120","SQ79638 031"
1290,7540,19.02,"3GC","2楷林",43,321,0,"HQA147030","SQ58508 021"
1570,11510,34.99,"2GA","2楷林",3,264,0,"HQA054970","SQ57012 511"
1090,11680,24.89,"2GC","2楷林",66,519,0,"HQF124170","SQ72044 551"
1420,8620,23.93,"2GA","2楷林",35,314,0,"HQZ002850","SQ53662 551"
1110,10570,22.94,"2GA","2楷林",52,355,0,"HQF077300","SQ71225 041"
1270,10510,26.09,"2GD","2楷林",34,334,0,"HQG141550","SQ75064 521"
900,9860,17.35,"2GB","2楷林",41,327,0,"HQZ018250","SQ53843 551"
1270,9750,24.21,"2GB","2楷林",54,364,0,"HQG073550","SQ74033 551"
1290,9160,23.1,"2GA","2楷林",47,332,0,"HQD118680","SQ66502 061"
1400,9470,25.5,"2GA","2楷林",42,272,12.6,"HQE039700","SQ67894 021"
950,10840,20.13,"2GC","2楷林",60,347,0,"HQG107520","SQ74455 511"
1290,7820,19.72,"2GA","2楷林",55,344,0,"HQG128790","SQ74859 571"
1310,10200,26.12,"2GC","2楷林",50,267,0,"HQG161560","SQ75415 551"
1430,7960,22.25,"2GB","2楷林",14,434,0,"HQD012900","SQ64690 061"
990,11720,22.68,"3GC","2楷林",40,304,0,"HQG159860","SQ75389 551"
1030,9130,18.12,"2GB","2楷林",32,338,0,"HQE047510","SQ68056 011"
1120,10080,22.07,"3GC","2楷林",47,429,0,"HQG105270","SQ74418 541"
1380,11050,29.81,"2GD","2楷林",33,558,0,"HQJ087320","SQ79768 031"
1190,9490,22.08,"2GC","2楷林",59,478,0,"HQZ061730","SQ54324 021"
1330,9040,23.51,"2GA","2楷林",16,328,0,"HQJ012070","SQ78516 031"
1240,9520,23.08,"2GA","2楷林",105,328,0,"HQH112980","SQ77530 051"
1470,9180,25.93,"2GA","2楷林",17,341,0,"HQX123250","SQ50969 011"
1440,11870,33.42,"2GA","2楷林",1,336,0,"HQA064920","SQ57181 531"
1330,9730,25.3,"2GC","2楷林",44,430,0,"HQX165920","SQ51475 031"
1110,11540,25.04,"2GB","2楷林",44,328,0,"HQC030760","SQ62380 531"
1370,9610,25.74,"2GA","2楷林",9,475,0,"HQX004470","SQ49130 541"
1340,7470,19.57,"2GA","2楷林",38,338,0,"HQB025370","SQ59302 531"
1180,7850,18.11,"3GC","2楷林",65,523,0,"HQF008300","SQ70187 561"
1260,11230,27.66,"3GC","2楷林",2,333,0,"HQF023750","SQ70422 061"
980,9960,19.08,"2GA","2楷林",43,333,0,"HQE028030","SQ67707 561"
1270,7880,19.56,"3GC","2楷林",34,439,0,"HQA052660","SQ56996 041"
960,11290,21.19,"2GC","2楷林",29,399,0,"HQB112730","SQ60932 511"
960,10300,19.33,"2GA","2楷林",55,331,0,"HQY103120","SQ52805 021"
1510,9310,27.48,"2GB","2楷林",5,470,0,"HQF136910","SQ72251 051"
1270,11730,28.89,"2GB","2楷林",37,338,0,"HQJ087970","SQ79790 511"
1440,9810,27.62,"2GA","2楷林",10,357,0,"HQH167250","SQ78353 041"
1200,9070,21.28,"2GB","2楷林",36,364,0,"HQE091490","SQ68893 041"
1250,8230,20.11,"2GA","2楷林",37,337,0,"HQG061060","SQ73862 041"
1290,11040,27.84,"2GC","2楷林",23,271,0,"HQX131970","SQ51075 021"
960,9320,17.49,"3GC","2楷林",89,330,0,"HQA102580","SQ57864 041"
1220,8460,20.18,"2GB","2楷林",48,481,0,"HQG093570","SQ74237 551"
1080,11300,23.48,"2GC","2楷林",51,321,4.8,"HQH101270","SQ77303 031"
1290,9190,23.18,"2GA","2楷林",55,324,0,"HQG077350","SQ74075 511"
1390,11070,30.08,"2GB","2楷林",4,338,0,"HQZ153170","SQ55852 021"
1330,7890,20.52,"3GC","2楷林",30,337,0,"HQY029770","SQ51925 521"
1260,8870,21.85,"2GA","2楷林",49,336,0,"HQX095190","SQ50605 051"
1410,11470,31.62,"2GA","2楷林",38,272,0,"HQB137780","SQ61380 021"
1190,9040,21.03,"2GC","2楷林",46,550,0,"HQC060740","SQ62964 561"
1380,11820,31.89,"2GA","2楷林",40,342,0,"HQA055340","SQ57060 021"
1200,11520,26.69,"2GC","2楷林",57,527,0,"HQA011930","SQ56374 511"
1360,8600,22.87,"2GB","2楷林",38,547,0,"HQF155300","SQ72576 031"
1280,8630,21.6,"2GC","2楷林",35,422,0,"HQA111320","SQ57959 561"
1450,11860,33.62,"2GA","2楷林",4,256,0,"HQH092470","SQ77126 051"
1240,8780,21.28,"2GB","2楷林",35,366,0,"HQJ031400","SQ78814 551"
1000,9960,19.47,"2GC","2楷林",98,328,0,"HQF021260","SQ70385 571"
960,8170,15.33,"3GC","2楷林",38,350,0,"HQJ012880","SQ78554 581"
1260,9420,22.83,"2GA","2楷林",21,364,6.5,"HQX082560","SQ50430 021"
1140,11120,24.78,"2GB","2楷林",87,490,0,"HQF112160","SQ71808 551"
1260,9170,22.59,"2GA","2楷林",44,333,0,"HQD151580","SQ67065 521"
1260,8640,21.28,"2GA","2楷林",44,362,0,"HQB140910","SQ61412 551"
1570,9910,30.42,"2GA","2楷林",8,326,0,"HQG073660","SQ74026 041"
1280,9240,23.12,"2GA","2楷林",60,329,0,"HQF149110","SQ72494 031"
1020,11860,23.65,"2GC","2楷林",61,335,0,"HQY082430","SQ52570 041"
1550,10060,30.48,"2GA","2楷林",20,335,0,"HQE148580","SQ69905 031"
1370,11250,30.13,"2GC","2楷林",43,334,0,"HQB122250","SQ61096 531"
1110,9450,20.51,"3GC","2楷林",48,337,0,"HQZ128540","SQ55396 071"
1220,10060,23.99,"2GB","2楷林",25,340,0,"HQY097700","SQ52748 531"
1260,9410,23.18,"2GA","2楷林",69,370,0,"HQH006110","SQ75652 031"
1570,11390,34.96,"2GA","2楷林",12,356,0,"HQC071880","SQ63163 011"
1340,7050,18.47,"2GB","2楷林",14,520,0,"HQZ003700","SQ53667 541"
1320,8660,22.35,"2GA","2楷林",31,457,0,"HQY122150","SQ53082 011"
1300,8760,21.84,"2GD","2楷林",28,458,0,"HQF032850","SQ70535 011"
1190,9260,21.54,"2GB","2楷林",74,484,0,"HQY084800","SQ52591 531"
1040,9450,19.21,"3GB","2楷林",46,337,0,"HQZ015560","SQ53802 041"
1480,11500,33.27,"2GA","2楷林",3,339,0,"HQX149790","SQ51288 021"
1090,11210,23.89,"2GB","2楷林",107,355,0,"HQY048590","SQ52166 031"
1090,11750,25.04,"2GC","2楷林",32,333,0,"HQA027210","SQ56531 051"
1250,11130,27.2,"2GA","2楷林",19,349,0,"HQG152020","SQ75260 541"
1460,9850,27.92,"2GC","2楷林",20,322,0,"HQX148260","SQ51271 531"
1070,8630,18.05,"2GB","2楷林",81,331,0,"HQX160920","SQ51440 051"
1300,11140,27.77,"2GB","2楷林",19,532,0,"HQB101920","SQ60676 521"
1260,8770,21.6,"2GA","2楷林",5,356,0,"HQY006990","SQ51602 061"
1310,11640,29.81,"2GB","2楷林",28,532,0,"HQJ149190","SQ80886 021"
1260,9170,22.59,"2GB","2楷林",12,334,0,"HQX142900","SQ51219 551"
930,8730,15.87,"2GA","2楷林",54,309,0,"HQJ143630","SQ80815 021"
1200,7630,17.9,"2GD","2楷林",97,291,0,"HQH006390","SQ75672 531"
1260,9370,23.08,"2GB","2楷林",25,419,0,"HQG021320","SQ73172 521"
1250,10100,24.68,"2GD","2楷林",38,443,0,"HQH035370","SQ76146 551"
1030,9670,19.47,"2GB","2楷林",81,333,0,"HQB036860","SQ59525 521"
980,8260,15.83,"2GB","2楷林",75,449,0,"HQG106430","SQ74433 531"
1550,10340,31.33,"2GB","2楷林",7,540,0,"HQA115050","SQ58027 011"
1240,8090,19.61,"2GA","2楷林",24,345,0,"HQZ051600","SQ54169 031"
1370,11870,31.79,"2GA","2楷林",12,324,0,"HQH126550","SQ77775 531"
1310,9710,24.47,"2GC","2楷林",31,328,14.6,"HQB100120","SQ60626 541"
1260,9170,22.59,"3GC","2楷林",61,330,0,"HQX121960","SQ50938 511"
920,7770,13.98,"2GC","2楷林",51,342,0,"HQY051400","SQ52214 041"
1380,11830,31.92,"3GC","2楷林",24,272,0,"HQE009630","SQ67399 011"
1160,10310,23.38,"2GB","2楷林",63,417,0,"HQJ157230","SQ81064 511"
900,10320,18.16,"2GA","2楷林",43,332,0,"HQF050720","SQ70843 031"
1290,7880,19.87,"2GB","2楷林",10,337,0,"HQG118740","SQ74567 051"
1070,10230,21.4,"2GA","2楷林",75,446,0,"HQZ156970","SQ55878 051"
1280,10660,26.68,"2GA","2楷林",37,336,0,"HQZ051730","SQ54167 521"
970,7370,13.98,"3GC","2楷林",49,344,0,"HQY051380","SQ52207 091"
1240,9570,23.2,"2GA","2楷林",35,322,0,"HQX159470","SQ51413 571"
1190,9960,23.17,"2GB","2楷林",98,390,0,"HQY104450","SQ52841 541"
1200,11550,27.1,"2GB","2楷林",7,502,0,"HQG090220","SQ74196 521"
1070,9140,19.12,"2GA","2楷林",91,330,0,"HQX160030","SQ51430 541"
1290,10110,25.5,"2GB","2楷林",26,336,0,"HQB096910","SQ60627 041"
1400,10950,29.97,"2GA","2楷林",13,270,0,"HQH129140","SQ77813 551"
1260,9570,23.57,"2GA","2楷林",6,320,0,"HQE000940","SQ67257 011"
1250,7230,17.67,"2GA","2楷林",26,355,0,"HQF117060","SQ71910 521"
1300,9640,24.5,"2GA","2楷林",51,336,0,"HQE118850","SQ69348 511"
1190,8240,18.77,"2GA","2楷林",31,342,0,"HQY110350","SQ52908 011"
1250,8030,19.62,"2GB","2楷林",41,326,0,"HQH074760","SQ76834 541"
1310,8780,22.06,"2GD","2楷林",35,344,0,"HQF065680","SQ70993 011"
1300,10860,27.6,"2GC","2楷林",47,266,0,"HQA080530","SQ57464 531"
1260,9410,23.18,"2GA","2楷林",22,369,0,"HQG092700","SQ74217 561"
1300,8300,21.09,"2GC","2楷林",49,419,0,"HQY136610","SQ53230 561"
1430,9040,25.27,"2GD","2楷林",5,434,0,"HQY061600","SQ52356 051"
1260,11850,28.96,"2GA","2楷林",31,321,12.8,"HQD058550","SQ65427 551"
1370,11450,30.67,"2GA","2楷林",6,270,0,"HQD144970","SQ66954 041"
1290,10340,26.08,"2GA","2楷林",4,298,0,"HQD016210","SQ64751 521"
1210,8930,21.12,"2GA","2楷林",88,332,0,"HQC099170","SQ63655 521"
950,10830,20.11,"2GB","2楷林",54,357,0,"HQG064870","SQ73924 521"
1080,9060,19.13,"2GA","2楷林",74,326,0,"HQG122980","SQ74743 041"
1270,11510,28.58,"2GB","2楷林",57,521,0,"HQC060850","SQ62971 041"
1290,9170,23.13,"2GA","2楷林",16,325,0,"HQG076960","SQ74070 551"
1380,8960,24.17,"2GC","2楷林",89,332,0,"HQX057360","SQ50080 051"
1120,11230,24.15,"2GA","2楷林",76,281,0,"HQD048630","SQ65285 011"
970,9730,18.45,"3GC","2楷林",65,300,0,"HQA002220","SQ56197 521"
1120,11320,24.79,"2GC","2楷林",72,524,0,"HQA012080","SQ56378 041"
1400,7880,21.57,"2GA","2楷林",13,355,0,"HQX052430","SQ49988 041"
1300,5780,14.69,"2GB","2楷林",36,427,0,"HQA113180","SQ57989 041"
1210,9790,23.16,"2GB","2楷林",10,419,0,"HQG029500","SQ73283 521"
1100,10190,21.91,"2GC","2楷林",50,267,0,"HQB077810","SQ60276 541"
1010,10190,20.12,"2GA","2楷林",47,311,0,"HQJ141320","SQ80790 541"
970,10900,20.67,"2GC","2楷林",85,332,0,"HQZ052210","SQ54196 031"
1300,11850,30.12,"2GC","2楷林",15,323,0,"HQJ003090","SQ78385 051"
1410,11870,32.72,"2GA","2楷林",22,327,0,"HQB126740","SQ61164 531"
1390,11220,29.94,"2GA","2楷林",27,352,0,"HQC123540","SQ64055 511"
1270,10510,26.09,"2GA","2楷林",1,281,0,"HQG049580","SQ73640 521"
1110,10270,22.29,"2GA","2楷林",77,363,0,"HQB041330","SQ59598 051"
1250,8280,20.23,"2GA","2楷林",51,349,0,"HQH084750","SQ77026 031"
1330,9620,25.01,"2GB","2楷林",20,488,0,"HQA017470","SQ56460 041"
1250,9150,22.36,"2GB","2楷林",66,415,0,"HQA082340","SQ57488 561"
1160,11850,26.44,"2GC","2楷林",2,250,10.1,"HQF151680","SQ72505 551"
1560,11450,34.36,"2GA","2楷林",10,254,9.4,"HQB108260","SQ60851 511"
960,8360,15.44,"2GA","2楷林",55,322,5.3,"HQF102290","SQ71624 021"
1350,10600,27.53,"2GA","2楷林",26,502,6.1,"HQD076340","SQ65745 531"
1200,11810,27.71,"2GB","2楷林",26,514,0,"HQG110410","SQ74489 051"
1490,9040,26.33,"3GC","2楷林",25,335,0,"HQY148910","SQ53383 521"
1400,8460,23.16,"2GA","2楷林",45,376,0,"HQZ071360","SQ54457 511"
1420,11150,30.52,"2GD","2楷林",14,370,0,"HQX073670","SQ50298 521"
1110,11770,25.54,"2GB","2楷林",77,356,0,"HQH086540","SQ77044 541"
1050,11680,23.98,"2GA","2楷林",56,341,0,"HQF144970","SQ72443 051"
1520,7090,20.86,"2GB","2楷林",4,495,0,"HQA160270","SQ58690 011"
1270,10130,25.15,"2GD","2楷林",29,335,0,"HQG141500","SQ75067 511"
1210,10450,24.72,"2GA","2楷林",52,509,0,"HQH154420","SQ78181 541"
1260,9580,23.6,"2GB","2楷林",66,426,0,"HQZ084990","SQ54660 041"
1290,8000,19.86,"2GD","2楷林",59,455,0,"HQC102980","SQ63701 011"
1360,11870,31.56,"2GA","2楷林",46,316,0,"HQB146080","SQ61512 011"
1240,9550,23.15,"2GA","2楷林",18,340,0,"HQG030890","SQ73324 041"
1190,8250,19.19,"2GC","2楷林",56,426,0,"HQJ033690","SQ78851 041"
1210,8500,20.11,"2GC","2楷林",19,460,0,"HQG133380","SQ74947 071"
1000,8950,17.5,"2GA","2楷林",52,327,0,"HQE045480","SQ68012 541"
1190,9040,21.03,"2GC","2楷林",47,550,0,"HQC060750","SQ62964 551"
1200,9070,21.28,"2GA","2楷林",6,359,0,"HQJ115900","SQ80290 021"
940,9740,17.9,"3GC","2楷林",35,454,0,"HQE039090","SQ67906 511"
980,9980,19.12,"2GC","2楷林",96,375,0,"HQY119850","SQ53042 041"
1210,8900,21.05,"2GB","2楷林",63,429,0,"HQX107110","SQ50743 541"
1040,9570,19.18,"2GA","2楷林",59,308,0,"HQY150520","SQ53446 021"
1020,11860,23.65,"2GA","2楷林",51,345,0,"HQX108280","SQ50753 011"
1380,11730,31.3,"2GA","2楷林",10,266,0,"HQF075180","SQ71193 011"
1000,9960,19.16,"2GA","2楷林",25,333,10.8,"HQF128860","SQ72101 051"
1260,11610,28.6,"3GC","2楷林",7,276,0,"HQC054800","SQ62857 021"
1060,11530,23.89,"2GA","2楷林",64,351,0,"HQB143010","SQ61467 041"
1230,11110,26.72,"2GA","2楷林",79,338,0,"HQH042040","SQ76250 031"
1100,8890,19.12,"2GA","2楷林",99,371,0,"HQB141460","SQ61430 561"
1270,11410,27.88,"2GC","2楷林",30,302,0,"HQH048960","SQ76377 021"
1200,10660,25.01,"2GB","2楷林",84,473,0,"HQZ148550","SQ55780 541"
1510,9820,28.53,"2GC","2楷林",13,578,6.6,"HQJ035600","SQ78875 021"
1270,8460,21,"3GB","2楷林",38,335,0,"HQF046210","SQ70769 551"
1200,8620,20.22,"2GA","2楷林",64,327,0,"HQH136850","SQ77938 061"
1530,11360,33.16,"2GD","2楷林",10,265,8.5,"HQX163610","SQ51441 541"
1270,10930,27.14,"2GA","2楷林",46,274,0,"HQF075540","SQ71199 531"
1250,11120,27.17,"2GB","2楷林",76,423,0,"HQC059310","SQ62920 511"
1550,9440,27.92,"2GA","2楷林",17,258,7.8,"HQH107760","SQ77380 041"
1370,11850,31.74,"3GC","2楷林",20,267,0,"HQZ137940","SQ55543 531"
1130,11110,24.54,"2GA","2楷林",92,327,0,"HQZ109890","SQ55122 061"
1430,11550,31.77,"2GA","2楷林",38,274,5.7,"HQE093930","SQ68886 521"
1070,9750,20.4,"2GB","2楷林",40,348,0,"HQJ126690","SQ80503 541"
1030,9300,18.73,"2GA","2楷林",61,330,0,"HQX134930","SQ51127 021"
1280,10860,27.18,"2GA","2楷林",21,271,0,"HQD084520","SQ65915 021"
950,10810,20.08,"2GA","2楷林",36,358,0,"HQE131780","SQ69581 511"
1150,9840,22.12,"2GA","2楷林",53,329,0,"HQH010270","SQ75722 511"
950,10280,19.09,"2GA","2楷林",28,327,0,"HQJ150350","SQ80947 011"
980,11770,22.55,"2GA","2楷林",23,301,0,"HQH054400","SQ76450 531"
1290,7930,20,"2GC","2楷林",51,434,0,"HQD064460","SQ65564 071"
1260,9380,23.11,"2GB","2楷林",5,368,0,"HQA002420","SQ56176 051"
1390,6590,17.59,"2GA","2楷林",39,495,0,"HQZ084710","SQ54651 011"
1240,11660,28.27,"2GC","2楷林",61,443,0,"HQG007430","SQ72881 561"
1210,8500,20.11,"2GB","2楷林",68,418,0,"HQD031490","SQ64962 021"
1290,9870,24.89,"2GA","2楷林",53,339,0,"HQA064510","SQ57163 561"
1000,7580,14.82,"2GA","2楷林",42,315,0,"HQD098100","SQ66155 571"
1290,8240,20.78,"2GB","2楷林",36,426,0,"HQX053520","SQ50024 041"
1030,9710,19.55,"2GA","2楷林",55,333,0,"HQB059880","SQ59966 041"
1570,7340,22.53,"2GC","2楷林",7,324,0,"HQY146710","SQ53376 511"
1450,10750,30.47,"3GC","2楷林",66,328,0,"HQH026860","SQ75964 511"
1350,7880,20.8,"2GB","2楷林",54,421,0,"HQY002260","SQ51555 521"
1570,9800,30.08,"2GA","2楷林",13,320,0,"HQD126420","SQ66585 051"
1300,11650,29.38,"2GA","2楷林",82,276,0,"HQA067090","SQ57236 511"
1330,8500,22.1,"2GB","2楷林",78,478,0,"HQY090570","SQ52644 011"
1110,7060,15.32,"2GA","2楷林",66,355,0,"HQD015160","SQ64711 521"
1270,9290,23.07,"2GB","2楷林",53,324,0,"HQF095830","SQ71538 041"
1100,8660,18.62,"2GA","2楷林",60,333,0,"HQX063820","SQ50198 511"
1270,10350,25.7,"2GA","2楷林",18,343,0,"HQF027740","SQ70446 031"
980,8260,15.83,"2GA","2楷林",50,306,0,"HQH055420","SQ76471 051"
1360,11760,30.77,"2GA","2楷林",29,303,9.4,"HQF069650","SQ71059 521"
1020,10110,20.16,"2L0","1楷林",63,440,0,"HQG108680","SP17095 531"
1190,9070,21.1,"2GC","2楷林",58,456,0,"HQG133770","SQ74957 011"
1060,7660,15.87,"2GA","2楷林",88,447,0,"HQB054660","SQ59866 551"
1140,11850,26.41,"2GB","2楷林",3,502,0,"HQJ109290","SQ80180 541"
1420,9290,25.52,"2GA","2楷林",13,330,0,"HQX162850","SQ51460 511"
1430,7600,21.25,"2GC","2楷林",33,522,0,"HQZ088980","SQ54737 051"
1330,11800,30.68,"2GA","2楷林",61,336,0,"HQJ009460","SQ78479 531"
960,9250,17.36,"2GB","2楷林",101,330,0,"HQF064030","SQ70985 061"
1260,8980,22.12,"2GC","2楷林",40,302,0,"HQY082960","SQ52582 551"
960,9910,18.6,"2GC","2楷林",52,324,0,"HQC007420","SQ61684 061"
1090,8970,19.11,"2GA","2楷林",29,335,0,"HQE027090","SQ67704 051"
1190,11110,25.3,"2GB","2楷林",38,552,0,"HQX002060","SQ49094 511"
1020,11740,23.41,"2GB","2楷林",48,323,0,"HQJ064190","SQ79359 051"
1200,11860,27.82,"2GA","2楷林",76,355,0,"HQZ125950","SQ55375 021"
1270,10930,27.14,"3GC","2楷林",27,275,0,"HQF156880","SQ72597 541"
1470,9540,27.42,"2GA","2楷林",9,266,0,"HQJ130390","SQ80586 031"
1170,9130,20.88,"2GB","2楷林",81,446,0,"HQG076790","SQ74073 531"
1260,8330,20.52,"3GC","2楷林",77,324,0,"HQZ112370","SQ55157 511"
1170,7230,16.54,"2GA","2楷林",60,502,0,"HQD078940","SQ65815 531"
1140,9930,22.13,"2GA","2楷林",40,328,0,"HQG039230","SQ73450 031"
1100,9770,21.01,"2GA","2楷林",72,461,0,"HQX084800","SQ50448 561"
1240,7250,17.58,"2GB","2楷林",20,385,0,"HQE133280","SQ69610 031"
1340,8850,23.18,"2GA","2楷林",8,310,0,"HQJ101450","SQ80043 551"
1090,9420,20.07,"2GC","2楷林",89,501,0,"HQE064750","SQ68374 011"
1510,10190,30.08,"2GB","2楷林",37,540,0,"HQE071780","SQ68495 551"
1280,11730,29.35,"2GA","2楷林",34,309,0,"HQC042510","SQ62594 531"
930,11610,21.11,"2GA","2楷林",28,303,0,"HQG056100","SQ73781 011"
1370,11220,30.05,"2GA","2楷林",30,330,0,"HQB131030","SQ61246 011"
1040,7570,15.39,"3GC","2楷林",60,499,0,"HQE085750","SQ68747 511"
1070,9120,19.08,"2GA","2楷林",95,332,0,"HQX160070","SQ51434 531"
990,9150,17.71,"2GA","2楷林",80,336,0,"HQY110840","SQ52918 561"
1380,11830,31.92,"2GA","2楷林",19,268,0,"HQX119680","SQ50928 021"
1160,8850,20.07,"2GA","2楷林",80,329,0,"HQC058420","SQ62903 551"
1140,6530,14.55,"2GA","2楷林",73,460,0,"HQB010890","SQ59049 551"
1150,8720,19.6,"2GB","2楷林",59,420,0,"HQH040220","SQ76238 011"
1230,6790,16.33,"2GA","2楷林",11,448,0,"HQE008790","SQ67385 551"
1360,10190,27.09,"2GD","2楷林",26,259,0,"HQE037270","SQ67880 541"
1440,11810,33.25,"2GD","2楷林",13,511,0,"HQB010290","SQ59079 511"
970,11030,20.41,"2GA","2楷林",77,338,11.8,"HQG027270","SQ73225 531"
1240,10030,24.31,"2GC","2楷林",28,441,0,"HQC025200","SQ62314 521"
1550,9330,27.59,"2GA","2楷林",23,260,6.5,"HQJ027070","SQ78731 051"
1290,9200,23.2,"2GB","2楷林",45,425,0,"HQX055160","SQ50027 051"
1030,9270,18.67,"2GA","2楷林",84,317,0,"HQX002530","SQ49101 041"
1110,8910,19.34,"2GA","2楷林",99,339,0,"HQE036740","SQ67871 551"
1570,10600,32.54,"2GD","2楷林",19,328,0,"HQY014970","SQ51711 531"
1490,11560,33.67,"2GB","2楷林",24,520,0,"HQE007420","SQ67328 541"
1470,10770,30.74,"3GC","2楷林",17,267,0,"HQG045260","SQ73589 011"
1130,8990,19.86,"2GB","2楷林",84,452,0,"HQG168410","SQ75532 541"
1320,9580,24.72,"2GB","2楷林",18,435,0,"HQH087380","SQ77074 051"
1030,11860,23.88,"2GA","2楷林",75,354,0,"HQH061900","SQ76560 531"
1240,10800,26.18,"2GA","2楷林",45,336,0,"HQH126880","SQ77783 541"
1320,11610,29.96,"2GB","2楷林",53,527,0,"HQG116170","SQ74585 541"
1290,8710,21.97,"2GC","2楷林",22,323,0,"HQX026240","SQ49511 031"
1510,8430,24.89,"3GC","2楷林",6,257,0,"HQG147700","SQ75192 531"
1190,5820,13.54,"2GA","2楷林",57,454,0,"HQD059430","SQ65469 091"
1290,7530,18.99,"2GA","2楷林",60,335,0,"HQY156780","SQ53534 041"
1090,8110,17.28,"3GC","2楷林",18,528,0,"HQC091980","SQ63512 531"
1310,9850,25.23,"2GB","2楷林",14,313,0,"HQX085120","SQ50466 561"
1410,9950,27.43,"2GA","2楷林",2,256,0,"HQB070630","SQ60142 051"
1500,11870,34.81,"3GC","2楷林",7,297,0,"HQZ009430","SQ53729 521"
1390,10490,27.99,"2GA","2楷林",6,303,0,"HQD015430","SQ64749 511"
1490,11560,33.67,"2GD","2楷林",14,523,0,"HQA124510","SQ58135 531"
1260,10810,26.63,"2GA","2楷林",48,336,0,"HQX133910","SQ51110 041"
1510,10340,30.52,"2GD","2楷林",9,268,0,"HQF125130","SQ72030 031"
1370,11510,30.83,"3GB","2楷林",42,488,0,"HQZ106330","SQ55055 531"
1240,9200,22.3,"2GB","2楷林",19,420,0,"HQY100440","SQ52799 561"
1260,9410,23.18,"2GA","2楷林",11,369,0,"HQG022970","SQ73185 531"
1250,9280,22.68,"2GA","2楷林",41,354,0,"HQF027390","SQ70454 041"
1020,10060,20.06,"2GA","2楷林",74,502,0,"HQD077490","SQ65795 521"
1460,11830,33.77,"3GC","2楷林",11,282,0,"HQX130250","SQ51056 531"
1550,7640,23.15,"2GA","2楷林",6,341,0,"HQG019190","SQ73028 521"
1260,9740,23.99,"2GA","2楷林",62,337,0,"HQZ082280","SQ54604 521"
1410,10000,27.57,"2GB","2楷林",29,478,0,"HQF040310","SQ70681 521"
1270,8860,22,"3GB","2楷林",46,348,0,"HQZ161530","SQ56000 031"
1270,10810,26.84,"2GA","2楷林",6,325,0,"HQH132770","SQ77869 031"
1480,10850,30.47,"2GC","2楷林",31,253,7.6,"HQH142800","SQ78013 021"
1290,9150,23.08,"2GA","2楷林",63,325,0,"HQA133490","SQ58278 561"
1240,10500,25.45,"2GB","2楷林",12,424,0,"HQC063570","SQ63023 021"
1290,9240,23.3,"2GA","2楷林",31,333,0,"HQB062660","SQ59986 011"
1130,8360,18.47,"3GC","2楷林",77,455,0,"HQD136260","SQ66799 521"
1400,9170,25.1,"3GC","2楷林",45,323,0,"HQY066160","SQ52396 531"
1400,10620,29.07,"3GC","2楷林",35,297,0,"HQZ009710","SQ53736 031"
1100,10130,21.78,"3GC","2楷林",49,330,0,"HQF054100","SQ70898 061"
1270,11230,27.88,"2GB","2楷林",57,459,0,"HQD152530","SQ67070 011"
1210,11330,26.8,"2GD","2楷林",25,306,0,"HQH144820","SQ78072 051"
1380,11770,31.75,"2GD","2楷林",28,453,0,"HQA086010","SQ57618 521"
1220,8170,19.49,"2GA","2楷林",27,342,0,"HQH135960","SQ77932 521"
1440,11810,33.25,"2GD","2楷林",25,510,0,"HQB010410","SQ59076 521"
1160,7610,17.26,"2GC","2楷林",96,435,0,"HQZ041950","SQ54052 071"
1100,9820,21.12,"2GA","2楷林",64,329,0,"HQA074890","SQ57347 551"
1350,9940,25.85,"2GB","2楷林",61,480,0,"HQZ154550","SQ55881 021"
1300,10280,25.62,"2GC","2楷林",27,297,0,"HQZ053940","SQ54215 011"
1570,7350,22.56,"2GA","2楷林",6,330,0,"HQC142150","SQ64379 541"
1160,10140,23,"2GA","2楷林",54,343,0,"HQA164250","SQ58790 561"
1110,7060,15.32,"2GA","2楷林",62,351,0,"HQC024020","SQ62275 521"
1190,8520,19.57,"2GA","2楷林",30,330,0,"HQG096050","SQ74286 511"
1380,11870,32.02,"3GC","2楷林",35,274,0,"HQB008150","SQ59029 021"
1050,11600,23.81,"2GA","2楷林",62,325,0,"HQB027240","SQ59360 041"
1290,9950,25.09,"2GA","2楷林",29,323,0,"HQZ081950","SQ54597 531"
1540,10010,30.14,"2GA","2楷林",26,331,0,"HQG142590","SQ75077 051"
1390,9220,25.05,"2GA","2楷林",37,345,0,"HQD074500","SQ65708 031"
930,8530,15.51,"2GA","2楷林",65,307,0,"HQJ143070","SQ80812 541"
1560,11470,34.98,"2GA","2楷林",4,303,0,"HQZ127230","SQ55350 541"
1250,8450,20.24,"2GB","2楷林",87,535,0,"HQX009850","SQ49248 011"
1340,9460,24.5,"2GD","2楷林",3,318,0,"HQF065340","SQ70992 511"
1400,9090,24.88,"3GC","2楷林",43,336,0,"HQY013290","SQ51695 551"
1280,11540,28.31,"2GA","2楷林",60,331,0,"HQZ011810","SQ53720 511"
1360,11550,30.71,"2GC","2楷林",3,527,0,"HQC142900","SQ64395 021"
1420,8750,23.9,"2GA","2楷林",10,269,7,"HQY097550","SQ52752 521"
1080,10520,22.21,"2GB","2楷林",90,333,0,"HQF155830","SQ72594 021"
1300,8370,21.27,"2GC","2楷林",6,528,0,"HQH166710","SQ78346 031"
1360,9330,24.81,"2GA","2楷林",9,444,0,"HQA013330","SQ56398 551"
1370,9000,24.11,"2GA","2楷林",9,327,0,"HQX113510","SQ50838 021"
1050,9310,19.11,"2GC","2楷林",85,328,0,"HQB102580","SQ60677 051"
1300,8110,20.61,"2GB","2楷林",24,420,0,"HQA113060","SQ57995 521"
1190,9070,21.1,"2GC","2楷林",47,456,0,"HQG133660","SQ74954 031"
1370,10080,27,"2GA","2楷林",51,316,0,"HQZ116560","SQ55203 531"
1350,8910,23.52,"2GC","2楷林",10,274,0,"HQF034280","SQ70523 551"
1290,7780,19.62,"2GA","2楷林",12,335,0,"HQJ009860","SQ78483 541"
1210,10840,24.82,"2GC","2楷林",62,299,9.2,"HQD003540","SQ64480 511"
1190,8440,19.64,"2GA","2楷林",12,337,0,"HQG095870","SQ74284 571"
1300,11850,30.12,"2GA","2楷林",69,321,0,"HQE110690","SQ69231 521"
1420,11650,31.77,"2GD","2楷林",37,320,0,"HQD061800","SQ65521 511"
1260,9410,23.18,"2GA","2楷林",38,369,0,"HQH050890","SQ76409 021"
1400,11810,32.32,"2GC","2楷林",10,521,0,"HQD108170","SQ66323 021"
1440,10210,28.24,"2GB","2楷林",29,542,0,"HQZ032180","SQ53925 511"
960,9070,17.02,"2GA","2楷林",64,393,0,"HQA061040","SQ57144 541"
960,10990,20.63,"2GA","2楷林",52,327,0,"HQG154540","SQ75291 561"
1510,11680,34.48,"2GA","2楷林",40,315,0,"HQY149070","SQ53380 041"
1290,9190,23.18,"2GA","2楷林",27,327,0,"HQG073280","SQ74023 541"
1120,11750,25.73,"2GC","2楷林",84,526,0,"HQY043550","SQ52101 521"
1500,9440,27.68,"2GA","2楷林",3,265,0,"HQE081140","SQ68657 041"
1230,8730,20.99,"2GD","2楷林",22,548,0,"HQH031110","SQ76046 051"
1250,9010,22.02,"2GA","2楷林",70,332,0,"HQE006780","SQ67351 021"
1550,9940,30.12,"2GA","2楷林",25,334,0,"HQC075350","SQ63226 541"
1270,11780,29.25,"2GC","2楷林",52,272,0,"HQJ120200","SQ80393 051"
1570,9550,29.03,"2GC","2楷林",19,255,0,"HQD093890","SQ66087 511"
1280,9840,24.62,"3GC","2楷林",42,458,0,"HQJ083240","SQ79711 041"
1290,8800,22.19,"2GC","2楷林",44,333,0,"HQH006880","SQ75671 051"
1410,11870,32.72,"3GC","2楷林",36,337,0,"HQE091900","SQ68892 521"
1430,11290,31.56,"2GA","2楷林",25,335,0,"HQC131080","SQ64191 521"
1250,11650,28.47,"2GC","2楷林",75,331,0,"HQX137020","SQ51155 541"
1090,9010,19.2,"2GA","2楷林",18,327,0,"HQB103790","SQ60691 061"
1270,10920,27.11,"2GC","2楷林",22,324,0,"HQH000770","SQ75526 541"
990,9580,18.07,"2GA","2楷林",60,333,0,"HQE053920","SQ68162 011"
1570,9890,30.07,"2GA","2楷林",38,327,0,"HQC142470","SQ64390 011"
1290,7500,18.91,"2GC","2楷林",12,445,0,"HQX145780","SQ51254 021"
1240,11690,28,"2GA","2楷林",28,332,0,"HQF041270","SQ70677 521"
1290,11730,29.58,"2GB","2楷林",48,336,0,"HQD027080","SQ64901 531"
900,9860,17.35,"2GA","2楷林",96,332,0,"HQZ009320","SQ53739 521"
1210,11540,27.3,"2GA","2楷林",25,446,0,"HQJ023730","SQ78700 051"
1290,9190,23.18,"2GA","2楷林",13,328,0,"HQE113070","SQ69279 031"
1280,9870,24.7,"2GA","2楷林",42,452,0,"HQB093580","SQ60562 551"
1260,9400,23.16,"2GA","2楷林",39,325,0,"HQJ087990","SQ79761 561"
1260,9170,22.23,"2GA","2楷林",57,320,7,"HQE073180","SQ68499 011"
1280,11580,28.98,"2GC","2楷林",79,336,0,"HQB050600","SQ59772 051"
1200,9500,22.29,"2GB","2楷林",64,427,0,"HQH115570","SQ77582 061"
1240,8130,19.71,"2GB","2楷林",38,347,0,"HQX036880","SQ49703 071"
1290,11470,28.93,"3GC","2楷林",24,409,0,"HQB046060","SQ59694 051"
970,10590,20.08,"2GA","2楷林",43,306,0,"HQF041420","SQ70687 041"
1290,9190,22.73,"2GA","2楷林",16,298,0,"HQD032540","SQ64969 011"
1520,11750,34.36,"2GA","2楷林",23,256,3.8,"HQF068990","SQ71034 541"
930,11610,21.11,"2GA","2楷林",77,301,0,"HQG055260","SQ73779 521"
1430,11670,32.17,"2GD","2楷林",60,321,0,"HQZ133780","SQ55477 511"
1100,11110,23.89,"3GC","2楷林",75,348,0,"HQA143080","SQ58430 021"
1470,11870,34.11,"2GD","2楷林",7,270,0,"HQA101760","SQ57842 021"
1290,10650,26.86,"2GB","2楷林",19,523,0,"HQX111810","SQ50825 021"
1290,8960,22.6,"2GA","2楷林",24,331,0,"HQH164980","SQ78318 541"
920,10230,18.4,"3GC","2楷林",61,336,0,"HQH047960","SQ76361 051"
1260,8680,21.38,"2GB","2楷林",15,431,0,"HQB112970","SQ60916 551"
1300,9090,23.1,"2GA","2楷林",60,324,0,"HQE032510","SQ67790 011"
1400,10810,29.59,"2GC","2楷林",10,460,0,"HQJ063150","SQ79346 051"
1240,11810,28.63,"2GC","2楷林",71,418,0,"HQH004230","SQ75625 041"
1100,8660,18.62,"2GA","2楷林",83,334,0,"HQX064930","SQ50207 061"
1390,8200,22.28,"2GB","2楷林",14,364,0,"HQA099010","SQ57829 041"
1320,9880,25.5,"2GA","2楷林",53,344,0,"HQC066020","SQ63087 521"
1390,8720,23.7,"2GA","2楷林",85,337,0,"HQD074090","SQ65704 551"
1150,11400,25.01,"2GA","2楷林",108,280,9.1,"HQE007160","SQ67298 541"
1570,11400,34.99,"2GC","2楷林",4,251,0,"HQD032420","SQ65011 541"
1110,9250,20.07,"2GC","2楷林",35,408,0,"HQD019410","SQ64806 041"
1370,10620,27.76,"2GD","2楷林",54,259,12.4,"HQD135040","SQ66758 021"
1450,9710,27.53,"3GC","2楷林",20,405,0,"HQD048830","SQ65286 051"
1270,9610,23.86,"2GC","2楷林",56,543,0,"HQA154630","SQ58612 541"
1290,9870,24.89,"2GA","2楷林",75,338,0,"HQE103740","SQ69068 521"
1290,9160,23.1,"2GA","2楷林",16,332,0,"HQC011700","SQ62028 011"
1300,9190,23.09,"2GD","2楷林",17,337,0,"HQJ057060","SQ79234 011"
1570,10460,32.11,"2GA","2楷林",29,328,0,"HQZ121280","SQ55262 021"
1260,11600,28.57,"2GB","2楷林",17,497,0,"HQA160400","SQ58720 051"
1290,9210,23.23,"2GA","2楷林",66,331,0,"HQB105000","SQ60754 531"
1250,8020,19.6,"2GC","2楷林",60,429,0,"HQY105850","SQ52864 041"
1090,10450,22.27,"2GA","2楷林",72,444,0,"HQX133360","SQ51072 541"
1510,10460,30.88,"2GB","2楷林",23,426,0,"HQC052800","SQ62781 531"
990,7650,14.81,"2GA","2楷林",79,389,0,"HQE045750","SQ68037 561"
1310,8820,22.59,"2GA","2楷林",49,332,0,"HQE069480","SQ68462 061"
1160,8650,19.62,"2GA","2楷林",36,335,0,"HQJ010100","SQ78500 031"
1230,11840,27.79,"2GA","2楷林",37,289,7.9,"HQJ095440","SQ79893 511"
1430,11860,32.36,"2GD","2楷林",12,259,10.9,"HQA156400","SQ58623 521"
1210,11840,28.01,"2GC","2楷林",19,313,0,"HQG131320","SQ74876 531"
1260,8780,21.63,"2GB","2楷林",41,364,0,"HQF087100","SQ71366 051"
1390,11690,31.31,"2GA","2楷林",1,255,0,"HQJ156230","SQ81067 511"
1430,9250,25.86,"2GC","2楷林",27,429,0,"HQB144600","SQ61469 061"
1240,11670,28.29,"2GB","2楷林",50,448,0,"HQF032210","SQ70511 551"
1200,10730,25.17,"2GB","2楷林",42,451,0,"HQY032170","SQ51924 041"
1300,7000,17.79,"3GC","2楷林",29,334,0,"HQA069880","SQ57247 541"
1570,8200,25.17,"2GA","2楷林",19,335,0,"HQC103480","SQ63713 521"
1150,9850,22.15,"2GA","2楷林",75,330,0,"HQF130130","SQ72157 521"
1460,8710,24.86,"2GA","2楷林",17,273,0,"HQY033550","SQ51993 541"
1370,10400,27.85,"2GB","2楷林",24,444,0,"HQZ093070","SQ54764 531"
1360,11330,30.12,"2GA","2楷林",56,333,0,"HQX015790","SQ49338 031"
1490,8880,25.87,"3GC","2楷林",7,429,0,"HQH128350","SQ77806 531"
1380,11850,31.97,"3GC","2楷林",17,270,0,"HQZ032850","SQ53954 021"
1510,9670,28.55,"3GC","2楷林",4,249,0,"HQD087580","SQ65952 041"
1250,7240,17.69,"2GA","2楷林",45,453,0,"HQE108470","SQ69185 021"
1270,8570,21.28,"2GA","2楷林",55,362,0,"HQF143200","SQ72389 021"
1360,6800,18.08,"2GD","2楷林",12,467,0,"HQA018200","SQ56461 051"
1340,10530,27.59,"3GC","2楷林",34,256,0,"HQA045890","SQ56878 011"
1220,10010,23.87,"2GA","2楷林",40,347,0,"HQY129390","SQ53144 011"
1340,11810,30.94,"3GB","2楷林",59,529,0,"HQD147080","SQ66974 021"
1080,10520,22.21,"2GB","2楷林",58,340,0,"HQF157190","SQ72599 521"
1250,7910,19.33,"2GC","2楷林",59,460,0,"HQY063040","SQ52340 021"
1340,11760,30.81,"2GB","2楷林",19,525,0,"HQD146680","SQ66977 041"
1310,8730,22.36,"3GC","2楷林",13,329,0,"HQZ097300","SQ54866 531"
1130,9290,20.07,"3GC","2楷林",93,491,0,"HQF155860","SQ72581 511"
1090,9850,20.99,"2GC","2楷林",10,462,0,"HQH160960","SQ78268 031"
1260,9140,22.15,"2GA","2楷林",61,315,10.1,"HQE073220","SQ68505 531"
1270,10390,25.8,"2GA","2楷林",45,275,0,"HQH137310","SQ77962 551"
1290,8960,22.24,"2GA","2楷林",3,326,14.1,"HQB030090","SQ59381 541"
1340,8570,22.12,"3GC","2楷林",4,454,0,"HQE053360","SQ68169 511"
1020,9300,18.55,"2GC","2楷林",42,396,0,"HQA128120","SQ58205 041"
1220,10060,23.99,"2GA","2楷林",30,325,0,"HQG028470","SQ73254 031"
1240,9730,23.59,"2GB","2楷林",49,433,0,"HQC063940","SQ63032 521"
970,10860,20.59,"2GA","2楷林",58,404,0,"HQC105030","SQ63748 571"
1000,8030,15.7,"3GB","2楷林",58,467,0,"HQH096400","SQ77230 531"
1420,8810,24.46,"2GA","2楷林",41,342,0,"HQY020890","SQ51773 531"
1420,8040,22.16,"3GC","2楷林",12,451,0,"HQA061260","SQ57157 011"
1510,11780,34.78,"2GA","2楷林",25,265,0,"HQB019560","SQ59200 031"
1300,8130,20.66,"2GA","2楷林",20,316,0,"HQA166700","SQ58860 051"
1250,10210,24.95,"2GB","2楷林",24,335,0,"HQH073230","SQ76822 551"
1040,8790,17.87,"2GB","2楷林",8,337,0,"HQD043760","SQ65193 551"
1100,8630,18.56,"2GA","2楷林",72,330,0,"HQD019030","SQ64770 031"
1390,11770,31.98,"2GA","2楷林",13,274,0,"HQB013650","SQ59122 021"
1560,11180,34.1,"2GC","2楷林",21,458,0,"HQJ001080","SQ78364 551"
1130,10010,22.11,"2GC","2楷林",35,333,0,"HQY018950","SQ51749 541"
1360,9900,25.52,"2GA","2楷林",9,300,9.9,"HQE130860","SQ69534 021"
1380,11800,31.84,"2GD","2楷林",29,324,0,"HQZ099300","SQ54902 531"
1110,11010,23.89,"3GC","2楷林",74,348,0,"HQA042880","SQ56818 521"
980,9960,19.08,"2GA","2楷林",65,327,0,"HQE023210","SQ67641 551"
1440,11390,32.07,"2GC","2楷林",49,271,0,"HQX021680","SQ49430 551"
1340,8500,22.27,"2GB","2楷林",18,424,0,"HQX048760","SQ49913 521"
1150,9650,21.7,"2GA","2楷林",85,323,0,"HQB097500","SQ60592 551"
1200,9260,21.72,"2GC","2楷林",52,455,0,"HQJ160990","SQ81137 541"
1020,11530,22.99,"2GA","2楷林",84,337,0,"HQX110220","SQ50770 511"
1210,8240,19.49,"2GA","2楷林",26,341,0,"HQF125900","SQ72066 071"
1430,11770,32.9,"2GA","2楷林",3,359,0,"HQJ117460","SQ80331 031"
1080,10010,21.14,"2GA","2楷林",38,331,0,"HQH013480","SQ75744 051"
1350,9050,23.89,"3GC","2楷林",72,499,0,"HQX115250","SQ50866 011"
1300,11010,27.98,"2GC","2楷林",54,330,0,"HQA069400","SQ57239 031"
1240,9080,22.01,"2GA","2楷林",64,303,0,"HQE039920","SQ67947 031"
1290,8710,21.97,"2GC","2楷林",23,323,0,"HQX026250","SQ49511 511"
1510,9760,28.81,"2GB","2楷林",16,427,0,"HQF142810","SQ72376 541"
1130,9000,19.88,"2GB","2楷林",83,450,0,"HQG168400","SQ75532 031"
1370,10450,27.99,"2GC","2楷林",11,347,0,"HQF138400","SQ72316 031"
1370,10080,27,"2GA","2楷林",10,317,0,"HQZ116150","SQ55195 531"
1540,9020,27.16,"2GA","2楷林",15,330,0,"HQF132070","SQ72168 541"
1080,11360,23.99,"2GB","2楷林",2,347,0,"HQB150510","SQ61525 531"
1100,11200,24.09,"2GA","2楷林",1,523,0,"HQE067520","SQ68405 551"
1570,9700,29.77,"2GA","2楷林",7,303,0,"HQZ002570","SQ53657 521"
1400,10900,29.83,"2GA","2楷林",30,272,0,"HQY004760","SQ51582 041"
1310,11800,30.22,"3GC","2楷林",49,336,0,"HQG102210","SQ74356 511"
1380,11860,32,"2GA","2楷林",15,265,0,"HQZ151820","SQ55820 531"
1170,10400,23.79,"2GA","2楷林",52,452,0,"HQB054300","SQ59859 021"
1140,11860,26.43,"2GA","2楷林",14,271,0,"HQD137040","SQ66814 041"
1360,11150,29.65,"2GA","2楷林",16,333,0,"HQX015390","SQ49325 031"
1300,9910,25.19,"2GC","2楷林",38,334,0,"HQA014430","SQ56413 521"
1350,8800,23.23,"2GC","2楷林",19,330,0,"HQC032510","SQ62409 531"
1200,8420,19.75,"2GB","2楷林",55,341,0,"HQG037600","SQ73408 031"
1270,10510,26.09,"2GA","2楷林",24,271,0,"HQE116630","SQ69317 051"
1200,9760,22.9,"3GC","2楷林",75,420,0,"HQH165490","SQ78334 021"
1310,10410,26.66,"2GC","2楷林",5,380,0,"HQJ143780","SQ80836 531"
1330,8800,22.88,"2GA","2楷林",34,347,0,"HQD035450","SQ65050 011"
1310,10950,28.04,"2GA","2楷林",2,275,0,"HQX094720","SQ50594 531"
1050,11630,23.87,"2GC","2楷林",1,353,0,"HQX135100","SQ51134 561"
1280,9240,23.12,"2GA","2楷林",66,323,0,"HQF149170","SQ72492 031"
1290,11800,29.76,"2GA","2楷林",23,316,0,"HQB066960","SQ60095 051"
970,11850,22.47,"2GA","2楷林",78,354,0,"HQG117880","SQ74629 551"
1420,11870,32.95,"2GA","2楷林",4,331,0,"HQJ020200","SQ78570 531"
1560,9900,30.19,"3GC","2楷林",19,337,0,"HQB038100","SQ59556 551"
1240,9570,23.2,"2GA","2楷林",30,339,0,"HQH133010","SQ77877 541"
1540,11540,34.52,"3GC","2楷林",15,262,0,"HQC013540","SQ62082 511"
1340,10090,26.43,"3GC","2楷林",69,339,0,"HQA107160","SQ57905 051"
1390,11750,31.93,"2GA","2楷林",25,275,0,"HQF123760","SQ72048 521"
1050,11300,23.2,"2GA","2楷林",64,441,0,"HQJ075250","SQ79570 541"
1260,9380,23.11,"2GA","2楷林",11,326,0,"HQC096720","SQ63626 551"
1250,7240,17.69,"2GA","2楷林",43,453,0,"HQE108450","SQ69185 031"
1280,9030,22.6,"2GA","2楷林",14,331,0,"HQZ008500","SQ53717 011"
1120,8960,19.36,"2GA","2楷林",26,339,0,"HQF114250","SQ71832 021"
1400,11170,30.57,"2GA","2楷林",9,322,0,"HQD143350","SQ66887 021"
900,11270,19.83,"2GB","2楷林",75,333,0,"HQC069670","SQ63111 031"
1160,9960,22.59,"2GD","2楷林",79,476,0,"HQE095610","SQ68934 531"
1170,11520,26.35,"2GC","2楷林",41,531,0,"HQA011770","SQ56374 541"
1230,6790,16.33,"2GA","2楷林",12,448,0,"HQE008800","SQ67385 531"
1250,11080,27.08,"2GC","2楷林",16,338,0,"HQD045140","SQ65192 551"
940,10770,19.79,"2GC","2楷林",59,334,0,"HQC030100","SQ62362 551"
1550,9310,28.21,"2GB","2楷林",5,526,0,"HQB051820","SQ59808 041"
1290,9190,23.18,"2GB","2楷林",22,329,0,"HQA151460","SQ58534 521"
1330,8750,22.75,"2GB","2楷林",54,522,0,"HQB093700","SQ60571 041"
1370,10260,27.48,"2GA","2楷林",8,339,0,"HQB031560","SQ59455 531"
1540,10160,30.59,"2GC","2楷林",23,329,0,"HQY148890","SQ53381 551"
1210,10500,24.84,"2GA","2楷林",1,286,0,"HQF117290","SQ71881 521"
1390,11750,31.93,"2GA","2楷林",6,268,0,"HQX085040","SQ50463 531"
1560,11450,34.36,"2GA","2楷林",8,262,12.5,"HQE144930","SQ69795 031"
1080,9990,21.09,"2GC","2楷林",24,322,0,"HQB002610","SQ58946 051"
1220,9700,22.95,"2GC","2楷林",5,423,2,"HQF044960","SQ70756 571"
1510,10190,30.08,"2GB","2楷林",4,548,0,"HQH030380","SQ76028 531"
1520,10300,30.61,"2GA","2楷林",6,328,0,"HQC061990","SQ62973 021"
1320,9470,24.44,"2GA","2楷林",23,443,0,"HQB094420","SQ60557 551"
1170,8490,19.42,"3GC","2楷林",37,307,0,"HQC072120","SQ63185 521"
960,11870,22.28,"2GB","2楷林",38,352,0,"HQE142170","SQ69760 541"
1190,8080,18.8,"2GA","2楷林",36,339,0,"HQY110400","SQ52904 561"
1400,10990,30.08,"2GA","2楷林",38,326,0,"HQD140640","SQ66889 041"
1150,9130,20.53,"2GB","2楷林",28,428,0,"HQH039910","SQ76235 031"
1210,8160,19.3,"2GC","2楷林",37,425,0,"HQG053070","SQ73727 031"
1300,10080,25.62,"2GC","2楷林",33,327,0,"HQE012610","SQ67430 011"
1410,11700,31.74,"2GC","2楷林",34,283,9,"HQD146830","SQ66930 041"
1260,9410,23.18,"2GA","2楷林",59,335,0,"HQJ016850","SQ78623 511"
1560,10220,31.17,"2GA","2楷林",6,325,0,"HQD040300","SQ65100 531"
1450,9320,26.42,"2GD","2楷林",39,271,0,"HQF163020","SQ72724 511"
1060,9180,19.02,"2GA","2楷林",77,333,0,"HQJ030900","SQ78813 541"
1060,8990,18.63,"2GA","2楷林",50,338,0,"HQJ030630","SQ78809 041"
1400,9170,25.1,"2GC","2楷林",21,319,0,"HQY065920","SQ52391 551"
930,8730,15.87,"2GA","2楷林",58,308,0,"HQJ143670","SQ80812 031"
1100,8890,19.12,"2GA","2楷林",24,376,0,"HQC134810","SQ64249 021"
1140,11460,25.09,"2GA","2楷林",20,325,0,"HQG064530","SQ73927 011"
1490,11540,33.05,"2GD","2楷林",12,340,0,"HQB145740","SQ61506 521"
1540,10010,30.14,"2GC","2楷林",42,332,0,"HQF091710","SQ71413 531"
1290,9690,24.25,"2GD","2楷林",32,333,0,"HQH015800","SQ75801 511"
1200,8140,19.1,"2GB","2楷林",14,559,0,"HQG090290","SQ74196 561"
1080,9060,19.13,"2GA","2楷林",57,326,0,"HQG122810","SQ74745 071"
1410,11590,31.95,"2GC","2楷林",19,312,0,"HQX140230","SQ51164 011"
1050,7310,14.79,"2GA","2楷林",71,449,0,"HQH013810","SQ75769 511"
1080,11550,24.39,"2GC","2楷林",53,341,0,"HQB003580","SQ58944 521"
1260,9450,23.28,"2GD","2楷林",66,340,0,"HQJ004860","SQ78419 511"
1520,10240,30.43,"2GA","2楷林",10,328,0,"HQC062030","SQ62973 041"
1150,11720,26.35,"2GA","2楷林",27,276,0,"HQY030630","SQ51912 521"
1380,11130,29.48,"3GC","2楷林",51,337,0,"HQE030360","SQ67777 511"
1290,9190,23.18,"2GB","2楷林",73,330,0,"HQB118290","SQ61017 021"
1200,11760,27.59,"2GA","2楷林",44,271,0,"HQH159730","SQ78263 031"
1290,8520,21.49,"2GA","2楷林",31,337,0,"HQY020790","SQ51806 511"
1090,10420,22.2,"2GA","2楷林",72,333,0,"HQC100840","SQ63667 031"
1370,11450,30.67,"3GB","2楷林",59,433,0,"HQD042890","SQ65183 531"
1260,9140,22.15,"2GA","2楷林",63,315,9.9,"HQE073240","SQ68505 541"
1100,11100,23.87,"2GA","2楷林",90,352,0,"HQZ126090","SQ55388 561"
1470,8280,23.8,"2GA","2楷林",13,275,0,"HQG006950","SQ72890 041"
1270,10160,25.23,"2GB","2楷林",18,392,0,"HQC136780","SQ64304 011"
1320,11400,29.2,"2GD","2楷林",6,432,0,"HQF031770","SQ70533 511"
1240,8590,20.82,"2GB","2楷林",42,416,0,"HQZ096020","SQ54817 041"
1370,11310,29.74,"2GA","2楷林",42,339,0,"HQB131150","SQ61248 011"
1360,11670,31.03,"2GA","2楷林",20,256,0,"HQJ156420","SQ81067 051"
1180,11400,26.3,"2GC","2楷林",53,274,0,"HQX142660","SQ51212 051"
1280,9210,23.05,"3GC","2楷林",8,325,0,"HQA159590","SQ58712 551"
1510,10400,30.7,"2GA","2楷林",21,264,0,"HQA055150","SQ57014 541"
1080,6570,13.87,"2GC","2楷林",34,522,0,"HQF007990","SQ70190 571"
1460,9150,25.7,"2GA","2楷林",35,278,13.2,"HQD062260","SQ65504 041"
1290,9080,22.9,"2GA","2楷林",39,346,0,"HQA042530","SQ56814 551"
1360,8160,21.46,"2GB","2楷林",23,528,0,"HQZ038730","SQ54031 011"
1160,10760,24.4,"2GD","2楷林",70,272,0,"HQF126340","SQ72039 531"
1180,8840,20.39,"2GA","2楷林",53,277,0,"HQG155930","SQ75311 031"
1290,9040,22.8,"2GA","2楷林",57,340,0,"HQA151810","SQ58548 511"
1570,10490,32.2,"3GC","2楷林",8,326,0,"HQX117940","SQ50897 511"
1260,10230,25.2,"2GB","2楷林",35,332,0,"HQZ143960","SQ55697 511"
1030,9250,18.63,"2GA","2楷林",75,336,0,"HQX135070","SQ51126 521"
1060,9850,20.41,"2GB","2楷林",51,453,0,"HQG106190","SQ74428 021"
1270,11130,27.63,"2GA","2楷林",46,317,0,"HQZ039800","SQ54041 521"
1300,10870,27.63,"2GA","2楷林",4,250,0,"HQB045860","SQ59709 551"
1140,11670,26.01,"2GD","2楷林",5,273,0,"HQE127270","SQ69495 021"
1270,10100,25.08,"2GA","2楷林",64,327,0,"HQH112570","SQ77543 051"
1290,9950,25.09,"2GC","2楷林",60,331,0,"HQY154370","SQ53508 551"
1160,9350,21.03,"2GC","2楷林",66,318,4.1,"HQF056010","SQ70874 061"
1380,11160,30.11,"3GC","2楷林",30,469,0,"HQG046040","SQ73612 051"
1480,11670,33.77,"3GC","2楷林",27,268,0,"HQA145300","SQ58477 531"
1290,9140,23.05,"2GB","2楷林",72,328,0,"HQZ091110","SQ54748 541"
1330,5580,14.4,"2GA","2楷林",31,443,0,"HQE066920","SQ68410 511"
1330,7770,20.2,"3GC","2楷林",26,333,0,"HQB075080","SQ60234 531"
1270,8770,21.77,"2GB","2楷林",60,435,0,"HQY077960","SQ52500 041"
1290,8970,22.62,"2GA","2楷林",42,336,0,"HQZ103570","SQ54990 561"
1180,11630,26.83,"2GA","2楷林",60,275,0,"HQG048320","SQ73648 541"
1000,11390,22.27,"2GC","2楷林",41,328,0,"HQC006820","SQ61679 021"
1340,10160,26.62,"3GC","2楷林",35,332,0,"HQA015340","SQ56403 541"
1110,8780,18.62,"2GA","2楷林",71,335,0,"HQJ030840","SQ78809 011"
1270,9290,23.07,"2GB","2楷林",69,418,0,"HQG135230","SQ74975 551"
970,10750,20.39,"2GA","2楷林",63,327,0,"HQJ081460","SQ79647 531"
1170,10560,24.15,"3GB","2楷林",46,441,0,"HQH116890","SQ77621 561"
1480,8440,24.42,"2GB","2楷林",18,340,0,"HQA138230","SQ58353 561"
1010,10220,20.18,"2GA","2楷林",70,272,0,"HQB090880","SQ60513 031"
1260,7070,17.42,"2GA","2楷林",32,339,0,"HQX132960","SQ51108 021"
1290,7530,18.99,"2GA","2楷林",60,338,0,"HQD003520","SQ64544 051"
1290,11650,29.04,"2GD","2楷林",20,274,0,"HQA102930","SQ57853 511"
1390,9430,25.63,"2GA","2楷林",10,352,0,"HQX108560","SQ50765 051"
1380,11850,31.46,"2GA","2楷林",29,298,12.5,"HQC081300","SQ63306 011"
1370,8440,22.61,"2GA","2楷林",59,330,0,"HQX114010","SQ50841 061"
1150,6490,14.59,"2GA","2楷林",44,453,0,"HQD111670","SQ66374 541"
1040,9440,19.19,"2GB","2楷林",49,339,0,"HQZ002200","SQ53651 051"
1190,7640,17.77,"3GC","2楷林",29,445,0,"HQY073680","SQ52467 011"
1350,8380,21.76,"2GC","2楷林",12,295,7.8,"HQA058050","SQ57078 541"
1340,10580,27.72,"2GA","2楷林",12,250,0,"HQY142480","SQ53329 041"
1250,11700,28.59,"3GC","2楷林",53,336,0,"HQB014050","SQ59112 051"
1340,8830,23.13,"2GB","2楷林",69,418,0,"HQX048330","SQ49911 021"
1570,7670,23.54,"2GC","2楷林",10,272,0,"HQC020400","SQ62231 041"
1200,8460,19.85,"2GC","2楷林",90,349,0,"HQG012570","SQ72980 031"
920,11830,21.28,"3GC","2楷林",52,399,0,"HQH153760","SQ78194 531"
1330,9150,23.79,"2GC","2楷林",11,284,0,"HQB129950","SQ61218 541"
1260,9410,23.18,"2GA","2楷林",88,333,0,"HQF093940","SQ71507 531"
1300,8300,21.09,"2GC","2楷林",50,418,0,"HQY136620","SQ53230 041"
1240,9530,23.1,"2GA","2楷林",9,326,0,"HQF056340","SQ70904 061"
1210,8170,19.33,"2GC","2楷林",64,524,0,"HQX134070","SQ51095 021"
1090,8990,19.16,"2GA","2楷林",33,333,0,"HQB103940","SQ60688 061"
1270,11510,28.58,"2GD","2楷林",68,275,0,"HQH009060","SQ75688 531"
1570,9800,30.08,"2GB","2楷林",7,329,0,"HQF127150","SQ72057 541"
1040,7120,14.48,"3GC","2楷林",70,317,0,"HQH160790","SQ78269 571"
1330,11610,30.19,"2GD","2楷林",40,527,0,"HQA124770","SQ58143 511"
970,7960,15.09,"2GC","2楷林",104,323,0,"HQY140420","SQ53304 581"
1150,9560,21.49,"2GA","2楷林",88,299,0,"HQY011320","SQ51662 511"
1320,8960,23.12,"2GA","2楷林",29,328,0,"HQC068240","SQ63088 551"
1470,9740,27.54,"2GC","2楷林",7,247,5.7,"HQX145730","SQ51233 051"
1360,7750,20.61,"2GA","2楷林",46,313,0,"HQZ125650","SQ55362 051"
1100,8900,19.14,"2GD","2楷林",58,454,0,"HQA106460","SQ57895 021"
1080,11360,23.99,"3GC","2楷林",63,352,0,"HQA111600","SQ57972 561"
1090,11220,23.91,"2GA","2楷林",57,325,0,"HQD106490","SQ66296 551"
1320,8840,22.38,"2GC","2楷林",21,517,0,"HQC069130","SQ63102 021"
1350,9080,23.14,"2GA","2楷林",34,263,6.7,"HQX147720","SQ51265 021"
1240,10180,24.68,"2GB","2楷林",43,458,0,"HQJ140750","SQ80748 031"
1570,11400,34.99,"3GC","2楷林",23,336,0,"HQH115160","SQ77571 011"
1240,11370,27.01,"3GC","2楷林",20,436,0,"HQG130880","SQ74905 011"
950,9040,16.79,"2GA","2楷林",100,356,0,"HQH001550","SQ75587 541"
1240,6820,16.53,"2GB","2楷林",28,448,0,"HQD111510","SQ66370 051"
1360,11860,31.53,"2GB","2楷林",18,307,0,"HQG113580","SQ74558 521"
1240,7540,18.28,"2GB","2楷林",74,329,0,"HQB133220","SQ61267 561"
1390,11720,31.85,"2GA","2楷林",51,324,0,"HQJ112360","SQ80263 031"
1250,7910,19.33,"2GC","2楷林",44,460,0,"HQY062890","SQ52338 081"
910,10180,18.11,"2GC","2楷林",57,341,0,"HQZ013870","SQ53776 071"
1250,8280,20.23,"2GA","2楷林",60,347,0,"HQH084840","SQ77029 051"
1160,11250,25.51,"2GB","2楷林",63,471,0,"HQJ036670","SQ78897 541"
1210,8770,20.75,"2GA","2楷林",67,353,0,"HQF112860","SQ71827 031"
1190,11860,27.59,"3GC","2楷林",39,454,0,"HQY073780","SQ52466 521"
1350,8780,23.17,"3GC","2楷林",28,323,0,"HQC031330","SQ62400 541"
1290,10900,27.49,"2GD","2楷林",17,336,0,"HQB056440","SQ59865 011"
1250,9090,22.21,"2GA","2楷林",101,332,0,"HQE007090","SQ67351 551"
1290,8960,22.6,"2GA","2楷林",50,332,0,"HQX028270","SQ49556 041"
1100,11110,23.89,"2GA","2楷林",45,350,0,"HQB142820","SQ61456 551"
1390,10450,28.4,"3GC","2楷林",15,340,0,"HQA106620","SQ57896 051"
1240,8350,20.08,"2GB","2楷林",2,471,0,"HQJ061250","SQ79299 511"
1230,10640,25.59,"2GB","2楷林",27,563,0,"HQJ052500","SQ79168 531"
1310,7000,17.93,"2GB","2楷林",90,481,0,"HQF040920","SQ70683 551"
1070,10780,22.55,"2GA","2楷林",71,303,0,"HQD040950","SQ65131 511"
1570,8200,25.17,"2GA","2楷林",21,335,0,"HQC103500","SQ63713 511"
1340,11810,30.94,"2GB","2楷林",33,561,0,"HQA039470","SQ56710 041"
1570,11380,34.37,"2GA","2楷林",28,259,8.7,"HQF094260","SQ71468 041"
1460,11670,32.74,"3GC","2楷林",17,278,0,"HQJ049880","SQ79143 021"
1070,8660,18.12,"2GA","2楷林",22,528,0,"HQJ136080","SQ80648 071"
1000,9760,19.08,"3GC","2楷林",53,332,0,"HQX111350","SQ50813 071"
1310,10050,25.74,"2GA","2楷林",27,315,0,"HQH155190","SQ78205 031"
1290,10070,25.4,"2GA","2楷林",8,452,0,"HQZ011950","SQ53761 521"
1400,11500,31.48,"2GA","2楷林",37,335,0,"HQE050660","SQ68097 531"
1350,8540,22.54,"2GA","2楷林",37,325,0,"HQX020600","SQ49423 011"
1240,11360,27.54,"2GA","2楷林",27,333,0,"HQJ081790","SQ79676 011"
1200,8020,18.81,"2GD","2楷林",33,392,0,"HQG081880","SQ74125 551"
1440,11400,32.09,"3GC","2楷林",19,496,0,"HQY096460","SQ52732 031"
1260,7720,19.02,"2GC","2楷林",61,321,0,"HQZ112210","SQ55161 551"
1480,11360,32.87,"2GC","2楷林",3,247,0,"HQY053310","SQ52228 541"
1510,11840,34.95,"2GA","2楷林",22,318,0,"HQJ067490","SQ79415 021"
1280,9440,23.62,"2GA","2楷林",25,330,0,"HQY113170","SQ52977 561"
1320,8430,21.75,"2GA","2楷林",53,303,0,"HQZ087520","SQ54706 551"
1520,11770,34.98,"2GA","2楷林",8,269,0,"HQJ121820","SQ80438 531"
1070,11840,24.77,"2GA","2楷林",47,322,0,"HQY130550","SQ53172 051"
1020,10800,21.54,"2GA","2楷林",96,347,0,"HQX060000","SQ50140 061"
1260,11590,28.55,"2GA","2楷林",21,441,0,"HQE063000","SQ68316 061"
1570,11400,34.99,"2GA","2楷林",6,253,0,"HQB017520","SQ59174 021"
1150,10350,23.27,"2GC","2楷林",55,535,0,"HQD103470","SQ66236 511"
1400,11770,32.21,"2GB","2楷林",37,311,0,"HQH008720","SQ75702 011"
1200,8020,18.81,"2GD","2楷林",18,389,0,"HQG081730","SQ74121 071"
1130,9090,20.08,"3GC","2楷林",64,463,0,"HQD136130","SQ66795 021"
1270,9690,24.06,"2GA","2楷林",21,275,0,"HQH159500","SQ78261 551"
1350,10860,28.66,"2GC","2楷林",9,272,0,"HQJ016350","SQ78606 021"
1570,9940,30.51,"2GC","2楷林",42,329,0,"HQF064500","SQ70974 021"
1030,9670,19.47,"2GC","2楷林",73,328,0,"HQB064240","SQ60037 061"
1200,9380,22.01,"3GC","2楷林",77,420,0,"HQH165510","SQ78334 041"
1350,11390,30.06,"2GA","2楷林",51,274,0,"HQB014030","SQ59124 041"
1390,11760,31.96,"2GB","2楷林",7,269,0,"HQJ147660","SQ80850 041"
1080,10000,21.11,"2GA","2楷林",38,0,0,"HQH110620","SQ77489 531"
1110,11060,24,"2GA","2楷林",95,352,0,"HQD086550","SQ65969 041"
1570,10920,33.52,"2GA","2楷林",4,273,0,"HQH087580","SQ77073 541"
1510,11820,34.89,"2GA","2楷林",16,272,0,"HQD103080","SQ66235 521"
1290,9000,22.7,"2GA","2楷林",53,339,0,"HQB107960","SQ60833 031"
1250,8230,20.11,"2GC","2楷林",33,337,0,"HQG070110","SQ73991 041"
1480,11760,34.03,"2GA","2楷林",15,270,0,"HQH061300","SQ76539 541"
1200,11090,25.07,"2GA","2楷林",32,274,14.3,"HQA006280","SQ56218 511"
1030,11180,22.51,"2GA","2楷林",49,349,0,"HQJ016170","SQ78599 551"
1050,11780,24.18,"2GA","2楷林",88,320,0,"HQH037460","SQ76186 051"
1230,11810,28.4,"2GB","2楷林",52,417,0,"HQG101630","SQ74359 031"
1210,6180,14.62,"2GB","2楷林",79,423,0,"HQB067520","SQ60092 051"
1300,7730,19.65,"2GB","2楷林",37,525,0,"HQY124680","SQ53088 071"
1290,9190,23.18,"2GA","2楷林",70,323,0,"HQG077500","SQ74075 041"
1090,9630,20.52,"2GA","2楷林",40,336,0,"HQY108970","SQ52894 071"
1470,9030,25.95,"2GA","2楷林",22,313,0,"HQJ025430","SQ78758 041"
1260,8430,20.77,"2GA","2楷林",8,317,0,"HQF099050","SQ71600 051"
1190,10570,24.59,"2GA","2楷林",40,338,0,"HQY116240","SQ52984 561"
1290,10100,25.47,"2GC","2楷林",44,449,0,"HQF012960","SQ70231 021"
1190,11340,26.38,"2GC","2楷林",33,338,0,"HQA040050","SQ56745 541"
1380,11840,31.94,"2GC","2楷林",27,275,0,"HQF034450","SQ70519 541"
1380,11850,31.97,"2GA","2楷林",14,272,0,"HQG160190","SQ75388 511"
1080,10000,21.11,"2GA","2楷林",30,317,0,"HQH161160","SQ78274 531"
1510,11820,34.89,"3GC","2楷林",2,252,0,"HQG065070","SQ73931 031"
1050,10070,20.18,"2GA","2楷林",76,373,0,"HQB148970","SQ61523 021"
1220,8550,20.39,"2GB","2楷林",33,520,0,"HQC030650","SQ62406 521"
960,10260,19.26,"2GA","2楷林",57,403,0,"HQF017670","SQ70306 081"
1000,8720,17.05,"3GC","2楷林",76,328,0,"HQF020160","SQ70382 541"
1250,11580,27.73,"2L4","1楷林",70,455,0,"HQY123310","SP99800 011"
1030,9670,19.47,"2GB","2楷林",20,333,0,"HQB067950","SQ60106 061"
1340,8940,23.07,"2GB","2楷林",17,436,0,"HQD127340","SQ66626 011"
1030,11860,23.88,"2GC","2楷林",64,350,0,"HQH159930","SQ78257 051"
1240,11260,27.3,"2GC","2楷林",59,437,0,"HQG007410","SQ72881 021"
1240,9730,23.59,"2GB","2楷林",52,435,0,"HQC063970","SQ63030 061"
980,9210,17.29,"2GA","2楷林",114,445,0,"HQG001570","SQ72784 511"
1560,10020,30.56,"2GA","2楷林",14,328,0,"HQH164880","SQ78322 021"
1180,8700,20.07,"3GC","2楷林",61,462,0,"HQF018930","SQ70360 051"
1160,11140,25.15,"2GA","2楷林",43,268,0,"HQX163940","SQ51483 511"
1260,8780,21.63,"2GB","2楷林",40,364,0,"HQF087090","SQ71366 061"
980,10730,20.56,"2GA","2楷林",52,408,0,"HQC003000","SQ61607 521"
1240,7970,19.32,"2GA","2楷林",28,337,0,"HQX069010","SQ50271 051"
1570,10600,32.54,"2GA","2楷林",43,323,0,"HQB117990","SQ61024 531"
1380,10120,27.3,"2GA","2楷林",55,269,0,"HQC077650","SQ63257 011"
970,11850,22.47,"2GA","2楷林",109,349,0,"HQG118190","SQ74634 561"
1570,10460,32.11,"2GB","2楷林",16,325,0,"HQY111010","SQ52919 531"
1120,7600,16.64,"2GC","2楷林",99,527,0,"HQY043700","SQ52101 551"
1390,11720,31.85,"2GA","2楷林",9,328,0,"HQG108140","SQ74467 031"
1020,8670,17.29,"2GA","2楷林",87,455,0,"HQE068440","SQ68422 551"
1350,11870,31.33,"2GA","2楷林",7,311,0,"HQC025000","SQ62294 031"
1090,11770,25.08,"3GC","2楷林",59,399,0,"HQF045500","SQ70763 041"
1320,11870,30.63,"3GC","2楷林",10,327,0,"HQE155870","SQ69985 521"
1170,11790,26.32,"2GA","2楷林",27,273,9.3,"HQY135890","SQ53231 041"
1380,10470,27.8,"2GC","2楷林",1,291,18.6,"HQE009400","SQ67330 041"
1500,11340,33.25,"2GB","2楷林",20,333,0,"HQA105380","SQ57877 011"
1420,11870,32.95,"2GA","2楷林",48,306,0,"HQH079260","SQ76932 531"
1540,11640,34.7,"2GD","2楷林",4,268,0,"HQZ088690","SQ54722 021"
1020,9660,19.26,"2GC","2楷林",78,453,0,"HQY063230","SQ52343 551"
1090,8810,18.34,"2GB","2楷林",89,328,0,"HQD094590","SQ66074 011"
1220,10890,25.97,"2GB","2楷林",44,469,0,"HQJ036480","SQ78895 561"
1280,9260,23.17,"2GB","2楷林",41,326,0,"HQY053690","SQ52224 031"
1260,9720,23.94,"2GC","2楷林",49,425,0,"HQA140950","SQ58409 531"
1300,9100,23.13,"2GA","2楷林",39,334,0,"HQF121910","SQ71982 041"
1200,11810,27.71,"3GC","2楷林",21,529,0,"HQA011570","SQ56369 031"
1290,8140,20.53,"2GA","2楷林",27,332,0,"HQA148780","SQ58473 031"
1300,11260,27.83,"2GC","2楷林",69,285,6.7,"HQY095380","SQ52720 011"
1000,10010,19.57,"2GC","2楷林",103,329,0,"HQF021310","SQ70387 571"
1380,11710,31.59,"3GC","2楷林",10,272,0,"HQG036520","SQ73413 031"
1220,8420,20.08,"2GC","2楷林",28,460,0,"HQE063070","SQ68291 541"
1570,8160,25.05,"2GC","2楷林",8,325,0,"HQY084140","SQ52602 011"
1290,7580,19.12,"2GB","2楷林",47,324,0,"HQA143680","SQ58444 511"
1140,11690,26.05,"2GA","2楷林",74,266,0,"HQJ033010","SQ78853 531"
1160,10250,23.24,"2GB","2楷林",15,420,0,"HQJ156750","SQ81056 521"
1220,7120,16.98,"3GB","2楷林",66,431,0,"HQZ010800","SQ53748 571"
1560,9260,27.79,"2GA","2楷林",19,303,9.5,"HQX152210","SQ51312 551"
1190,9890,22.46,"2GC","2楷林",63,292,9.9,"HQD022380","SQ64824 551"
1480,11540,33.39,"2GB","2楷林",8,513,0,"HQH071590","SQ76802 541"
1340,9590,25.12,"2GB","2楷林",20,455,0,"HQF076190","SQ71197 521"
1290,7890,19.9,"2GA","2楷林",12,336,0,"HQD121050","SQ66532 031"
1160,11670,26.47,"3GC","2楷林",48,527,0,"HQE081010","SQ68694 541"
1440,10810,30.43,"2GA","2楷林",10,330,0,"HQA065020","SQ57188 011"
1230,7180,17.27,"2GB","2楷林",58,524,0,"HQX077000","SQ50359 541"
1320,8680,22.4,"2GA","2楷林",18,339,0,"HQX123260","SQ50971 051"
970,11650,22.09,"2GC","2楷林",74,337,0,"HQZ054410","SQ54202 051"
1090,9450,20.14,"2GB","2楷林",86,335,0,"HQF001950","SQ70133 031"
1510,10320,30.47,"2GA","2楷林",21,330,0,"HQD139470","SQ66854 511"
1290,8450,21.31,"2GC","2楷林",19,455,0,"HQC026510","SQ62308 031"
1420,8360,23.21,"2GA","2楷林",23,316,0,"HQZ002730","SQ53662 531"
1090,7190,15.32,"2GB","2楷林",85,354,0,"HQY048370","SQ52170 061"
1340,7790,20.41,"2GA","2楷林",77,343,0,"HQD004590","SQ64540 031"
1270,11530,28.29,"2GB","2楷林",45,336,0,"HQD064400","SQ65538 011"
970,11220,21.28,"2GA","2楷林",68,407,0,"HQC105140","SQ63746 521"
1100,9370,20.15,"2GA","2楷林",53,375,2.3,"HQB030590","SQ59436 031"
1300,8920,22.67,"3GC","2楷林",12,339,0,"HQG066940","SQ73955 021"
1270,11120,27.61,"2GB","2楷林",35,394,0,"HQC136950","SQ64298 051"
1200,9070,21.28,"2GB","2楷林",54,362,0,"HQJ031590","SQ78822 541"
1380,11550,31.16,"2GD","2楷林",19,272,0,"HQA006690","SQ56306 021"
970,7820,14.59,"2GA","2楷林",83,318,4.4,"HQG043670","SQ73505 531"
1340,7770,20.36,"2GB","2楷林",23,341,0,"HQC007130","SQ61681 051"
1350,6880,17.96,"2GB","2楷林",11,519,0,"HQX051530","SQ49967 521"
1060,6740,13.97,"3GC","2楷林",24,341,0,"HQZ013540","SQ53769 541"
1300,9120,23.18,"2GA","2楷林",105,327,0,"HQD128940","SQ66631 561"
1500,10390,30.47,"2GC","2楷林",28,329,0,"HQH089390","SQ77122 041"
1180,9320,21.23,"2GD","2楷林",75,307,0,"HQY067400","SQ52402 511"
1260,9170,22.23,"2GA","2楷林",29,320,9.9,"HQE072900","SQ68503 521"
1000,11410,21.62,"2GA","2楷林",55,326,5,"HQG067370","SQ73932 521"
1240,8140,19.73,"3GB","2楷林",69,422,0,"HQH119750","SQ77648 561"
1160,8990,20.39,"3GC","2楷林",48,533,0,"HQJ148070","SQ80867 051"
1040,8000,16.27,"2GC","2楷林",80,309,0,"HQY083360","SQ52590 031"
1190,8430,19.61,"2GA","2楷林",41,340,0,"HQY116250","SQ52984 051"
1510,10510,31.03,"2GC","2楷林",15,254,0,"HQH074500","SQ76835 041"
1570,10600,32.54,"3GC","2楷林",38,330,0,"HQX116590","SQ50886 041"
1400,8410,22.69,"2GA","2楷林",8,261,0,"HQD044470","SQ65206 511"
940,10920,20.07,"2GC","2楷林",94,471,0,"HQF019260","SQ70360 531"
1430,10070,28.15,"2GD","2楷林",6,450,0,"HQY062510","SQ52356 551"
1250,8740,21.36,"2GC","2楷林",40,414,0,"HQX040060","SQ49771 511"
1290,10660,26.88,"2GB","2楷林",10,522,0,"HQC030420","SQ62401 531"
1290,9180,23.15,"2GA","2楷林",23,334,0,"HQG098650","SQ74325 551"
1120,10440,22.86,"2GC","2楷林",28,503,0,"HQJ143370","SQ80789 061"
930,9510,17.29,"2GC","2楷林",65,332,0,"HQC007550","SQ61688 031"
1090,10380,22.12,"2GA","2楷林",13,334,0,"HQC101090","SQ63672 011"
1260,9170,22.59,"2GB","2楷林",44,336,0,"HQE036190","SQ67851 051"
1200,8020,18.81,"2GD","2楷林",15,388,0,"HQG082350","SQ74126 511"
1100,8890,19.12,"2GA","2楷林",70,374,0,"HQA055640","SQ57034 561"
1090,11610,24.74,"2GC","2楷林",92,516,0,"HQE140230","SQ69737 521"
1360,11780,30.82,"2GC","2楷林",89,334,5.1,"HQY087730","SQ52636 041"
1420,11500,31.93,"2GA","2楷林",35,330,0,"HQF138040","SQ72266 521"
1450,11690,32.61,"2GA","2楷林",19,256,14.6,"HQB083970","SQ60355 521"
1210,10390,24.07,"2GA","2楷林",18,268,0,"HQH042250","SQ76268 011"
1290,9310,23.48,"2GC","2楷林",35,344,0,"HQZ097520","SQ54868 541"
930,11850,21.55,"3GC","2楷林",66,321,0,"HQD010510","SQ64642 021"
1020,8930,17.81,"2GC","2楷林",32,341,0,"HQF144720","SQ72424 021"
1470,10600,30.46,"2GA","2楷林",13,325,0,"HQG027440","SQ73272 031"
1270,9010,22.37,"2GB","2楷林",27,564,0,"HQX055870","SQ50054 021"
1410,11810,32.55,"2GD","2楷林",27,529,0,"HQX038850","SQ49747 521"
1290,9150,23.08,"2GA","2楷林",50,341,0,"HQB127020","SQ61198 041"
1290,10620,26.78,"2GA","2楷林",53,336,0,"HQD029670","SQ64950 041"
1140,11650,25.96,"2GB","2楷林",26,320,0,"HQG163670","SQ75434 061"
1220,11720,27.95,"2GA","2楷林",49,278,0,"HQX006660","SQ49160 021"
1490,11860,34.55,"2GA","2楷林",32,292,0,"HQC013710","SQ62109 511"
1270,8920,22.15,"2GA","2楷林",49,332,0,"HQY121330","SQ53043 531"
900,9880,17.38,"2GA","2楷林",106,329,0,"HQZ011200","SQ53746 041"
1430,11680,32.65,"2GC","2楷林",46,274,0,"HQX021650","SQ49432 021"
1390,11750,31.93,"3GC","2楷林",21,269,0,"HQZ094190","SQ54782 541"
1050,9310,19.11,"2GC","2楷林",88,329,0,"HQB102610","SQ60677 571"
1450,10270,29.11,"2GA","2楷林",5,469,0,"HQC125790","SQ64112 041"
1410,10450,28.35,"2GD","2楷林",21,303,12.2,"HQB021540","SQ59239 051"
1250,11480,28.05,"3GC","2楷林",83,249,0,"HQX026900","SQ49538 531"
1320,5990,15.46,"2GA","2楷林",15,339,0,"HQB126670","SQ61176 521"
1270,9330,23.16,"3GC","2楷林",39,467,0,"HQJ078550","SQ79621 531"
1270,9290,23.07,"2GB","2楷林",7,429,0,"HQG069850","SQ73978 561"
1380,11160,30.11,"3GC","2楷林",32,468,0,"HQG046060","SQ73612 541"
1240,8540,20.37,"2GB","2楷林",33,355,11.6,"HQE146140","SQ69814 521"
1290,11820,29.81,"2GA","2楷林",9,269,0,"HQD145000","SQ66957 541"
1090,9910,21.12,"2GA","2楷林",24,336,0,"HQD144350","SQ66927 021"
1410,11830,32.61,"2GA","2楷林",24,313,0,"HQF147100","SQ72471 041"
1000,9790,19.14,"2GA","2楷林",41,333,0,"HQC134980","SQ64260 531"
1200,10170,23.86,"3GC","2楷林",52,417,0,"HQJ077250","SQ79595 541"
1030,9670,19.47,"3GB","2楷林",96,328,0,"HQB037010","SQ59528 011"
1160,11550,26.19,"2GC","2楷林",58,301,0,"HQY083140","SQ52585 521"
1310,8720,22.33,"2GB","2楷林",22,339,0,"HQH012350","SQ75708 031"
1400,11670,31.94,"2GD","2楷林",25,269,0,"HQX085230","SQ50472 011"
1020,10800,21.54,"2GA","2楷林",105,341,0,"HQX060090","SQ50142 531"
1100,9580,20.6,"3GC","2楷林",79,472,0,"HQY073090","SQ52451 541"
1200,9500,22.29,"2GB","2楷林",69,419,0,"HQH115620","SQ77584 011"
1290,9210,23.23,"2GA","2楷林",64,331,0,"HQB104980","SQ60754 521"
1440,11770,33.13,"2GC","2楷林",35,274,0,"HQE089100","SQ68822 531"
1540,11620,34.98,"2GC","2楷林",4,269,0,"HQB081180","SQ60353 541"
1170,10270,23.49,"2GA","2楷林",66,461,0,"HQH154560","SQ78162 051"
1300,11840,30.09,"3GC","2楷林",40,530,0,"HQJ148660","SQ80890 511"
930,10080,18.33,"2GC","2楷林",61,317,0,"HQF163900","SQ72716 551"
1290,8950,22.57,"2GA","2楷林",60,335,0,"HQA145630","SQ58482 561"
1390,11700,31.79,"2GC","2楷林",47,321,0,"HQA069330","SQ57233 031"
1520,9620,27.9,"2GA","2楷林",15,259,20.6,"HQG014830","SQ72984 011"
1050,9090,18.66,"3GC","2楷林",86,287,0,"HQZ049760","SQ54150 061"
1370,11870,31.79,"3GC","2楷林",17,274,0,"HQG053330","SQ73739 031"
1300,8880,22.57,"2GB","2楷林",54,421,0,"HQA113360","SQ57995 541"
1400,9970,27,"3GC","2楷林",11,334,0,"HQH105720","SQ77391 021"
1490,11540,33.62,"2GA","2楷林",18,311,0,"HQJ155480","SQ81034 521"
1270,11520,28.6,"3GB","2楷林",22,507,0,"HQJ106310","SQ80173 041"
1150,10910,24.53,"2GB","2楷林",69,489,0,"HQG072270","SQ74007 541"
1240,9100,21.62,"3GC","2楷林",45,277,0,"HQZ013200","SQ53755 511"
1240,10860,26.33,"2GB","2楷林",63,445,0,"HQX100450","SQ50668 021"
950,8280,15.38,"3GC","2楷林",71,279,0,"HQF030600","SQ70509 521"
1300,9100,23.13,"2GA","2楷林",50,325,0,"HQD128390","SQ66627 541"
990,10790,20.88,"3GB","2楷林",64,517,0,"HQJ164100","SQ81187 041"
910,10180,18.11,"3GC","2楷林",57,347,0,"HQY132370","SQ53199 041"
1070,8660,18.12,"3GC","2楷林",28,528,0,"HQJ047440","SQ79056 031"
1340,10380,27.19,"2GC","2楷林",7,514,0,"HQB054770","SQ59847 051"
1400,11840,32.41,"2GA","2楷林",16,290,0,"HQX076580","SQ50355 521"
1270,10110,25.1,"2GA","2楷林",54,331,0,"HQY121380","SQ53043 551"
1350,11130,29.37,"2GA","2楷林",5,335,0,"HQA059670","SQ57099 511"
1460,11800,33.68,"2GD","2楷林",16,442,0,"HQX114690","SQ50854 031"
1110,11010,23.89,"2GA","2楷林",63,355,0,"HQB014150","SQ59099 051"
950,9020,16.75,"2GA","2楷林",87,346,0,"HQZ046420","SQ54099 571"
1150,8960,20.14,"2GC","2楷林",77,465,0,"HQE080130","SQ68652 561"
1300,11870,30.17,"2GA","2楷林",16,327,0,"HQG011830","SQ72999 531"
1180,10330,23.83,"2GC","2楷林",56,301,0,"HQH049220","SQ76379 051"
1180,10280,23.41,"2GB","2楷林",4,535,0,"HQF047830","SQ70798 011"
1380,7360,19.86,"2GC","2楷林",15,339,0,"HQA047020","SQ56892 031"
1240,9580,23.22,"2GA","2楷林",92,340,0,"HQD004740","SQ64545 051"
1380,11850,31.97,"2GA","2楷林",33,272,0,"HQY004790","SQ51586 541"
1440,10810,30.43,"2GD","2楷林",29,328,0,"HQA014340","SQ56392 011"
1260,9560,23.55,"2GA","2楷林",38,324,0,"HQE001260","SQ67249 531"
1160,8580,19.46,"3GC","2楷林",71,337,0,"HQC009370","SQ61705 021"
1280,8040,20.12,"2GC","2楷林",48,316,0,"HQZ107020","SQ55076 011"
1100,11520,24.77,"2GB","2楷林",75,470,0,"HQA013990","SQ56390 041"
1210,7780,18.4,"3GC","2楷林",63,336,0,"HQC009290","SQ61703 551"
980,11780,22.57,"2GC","2楷林",97,300,0,"HQJ041300","SQ78981 561"
1530,10620,31.77,"2GB","2楷林",13,402,0,"HQX092470","SQ50547 531"
1320,10960,27.96,"2GB","2楷林",54,517,0,"HQA116790","SQ58012 021"
1380,10170,27.04,"2GD","2楷林",26,462,0,"HQA117380","SQ58059 511"
1220,8210,19.58,"2GA","2楷林",27,346,0,"HQH136480","SQ77934 511"
1380,11850,31.97,"2GD","2楷林",4,313,0,"HQA127740","SQ58194 041"
1270,7820,19.42,"3GC","2楷林",4,277,0,"HQJ119000","SQ80390 051"
1370,8890,23.81,"2GB","2楷林",17,458,0,"HQJ040500","SQ78962 541"
1080,9970,21.05,"2GC","2楷林",26,324,0,"HQB002630","SQ58943 051"
1310,8730,22.36,"2GC","2楷林",14,329,0,"HQZ097310","SQ54866 011"
1190,11810,27.48,"2GB","2楷林",60,526,0,"HQE007780","SQ67336 531"
1280,11620,29.08,"2GB","2楷林",26,497,0,"HQA097030","SQ57778 551"
1270,8150,20.24,"2GA","2楷林",44,350,0,"HQG112340","SQ74540 051"
960,10000,18.77,"2GA","2楷林",53,318,0,"HQF051280","SQ70834 021"
1280,10090,24.95,"2GB","2楷林",25,511,0,"HQG111300","SQ74483 511"
1350,11590,30.14,"2GB","2楷林",58,333,0,"HQH008960","SQ75705 021"
1380,11590,30.93,"2GA","2楷林",36,273,0,"HQX041670","SQ49804 011"
960,8580,16.1,"2GA","2楷林",82,443,0,"HQB055520","SQ59870 031"
900,9590,16.87,"2GA","2楷林",53,304,0,"HQF041520","SQ70692 081"
1570,8970,27.53,"2GA","2楷林",6,273,0,"HQG006880","SQ72879 021"
1030,11860,23.88,"2GA","2楷林",26,357,0,"HQJ047780","SQ79076 541"
940,10340,19,"3GC","2楷林",48,331,0,"HQF029770","SQ70487 521"
960,8860,16.63,"2GB","2楷林",74,353,0,"HQG031450","SQ73332 031"
1270,8770,21.77,"2GB","2楷林",40,435,0,"HQY078680","SQ52503 511"
1170,8820,20.17,"2GB","2楷林",74,325,0,"HQY095430","SQ52728 531"
1240,8120,19.68,"2GC","2楷林",36,539,0,"HQJ148620","SQ80895 041"
1450,11870,33.65,"2GC","2楷林",13,310,0,"HQZ064450","SQ54342 021"
990,11440,22.14,"3GB","2楷林",81,331,0,"HQA031630","SQ56615 051"
1410,11580,31.92,"2GA","2楷林",45,275,0,"HQX031490","SQ49637 541"
1090,11280,24.04,"2GC","2楷林",42,331,0,"HQA029440","SQ56533 551"
1100,6580,14.15,"2GA","2楷林",36,445,0,"HQH013460","SQ75767 551"
1370,10610,28.42,"3GC","2楷林",20,350,0,"HQA099800","SQ57822 511"
1290,9350,23.58,"2GA","2楷林",42,342,0,"HQE049880","SQ68063 041"
900,11130,19.58,"2GC","2楷林",74,399,0,"HQG023600","SQ73189 521"
1290,9870,24.89,"2GA","2楷林",39,338,0,"HQA064370","SQ57163 511"
950,11360,21.1,"2GA","2楷林",104,343,0,"HQZ169320","SQ56133 521"
1190,5960,13.87,"2GB","2楷林",97,521,0,"HQC081980","SQ63325 551"
1090,8110,17.28,"2GB","2楷林",67,535,0,"HQG025130","SQ73236 531"
1480,9220,26.68,"2GC","2楷林",15,473,0,"HQJ078310","SQ79613 531"
1070,8270,17.3,"2GB","2楷林",55,522,0,"HQX090710","SQ50530 581"
1040,8790,17.87,"2GB","2楷林",44,340,0,"HQD044120","SQ65196 541"
1570,7340,22.53,"2GB","2楷林",23,325,0,"HQC142320","SQ64385 531"
1300,8880,22.57,"2GA","2楷林",31,370,0,"HQC020610","SQ62223 011"
1240,8860,21.48,"2GA","2楷林",74,452,0,"HQB008540","SQ59039 521"
1180,8720,20.12,"2GB","2楷林",62,454,0,"HQG032380","SQ73350 541"
1330,11570,29.63,"2GA","2楷林",58,338,0,"HQJ082100","SQ79660 011"
1090,11290,24.06,"2GC","2楷林",26,332,0,"HQA029280","SQ56536 561"
1010,7080,13.98,"2GA","2楷林",32,339,0,"HQX089930","SQ50526 541"
1040,9440,19.19,"2GB","2楷林",44,340,0,"HQZ002150","SQ53653 011"
1140,10960,24.43,"3GB","2楷林",62,536,0,"HQX012130","SQ49257 561"
920,11800,21.22,"2GA","2楷林",45,308,0,"HQA158520","SQ58703 541"
1230,7430,17.87,"2GA","2楷林",29,321,0,"HQG059220","SQ73836 561"
1390,10920,29.67,"2GB","2楷林",47,537,0,"HQZ031440","SQ53925 031"
1020,10800,21.54,"2GA","2楷林",83,348,0,"HQX059870","SQ50140 541"
1290,8160,20.58,"3GB","2楷林",23,459,0,"HQZ150970","SQ55822 531"
1020,8910,17.77,"2GA","2楷林",39,276,0,"HQG103660","SQ74399 061"
1200,11300,26.51,"2GC","2楷林",41,272,0,"HQA140160","SQ58381 541"
1040,11860,24.11,"2GA","2楷林",89,270,0,"HQH063330","SQ76591 531"
1140,8580,19.12,"2GA","2楷林",42,368,0,"HQE099980","SQ69002 041"
1480,11460,33.16,"2GC","2楷林",14,337,0,"HQX061810","SQ50170 041"
1310,10880,27.86,"2GB","2楷林",54,334,0,"HQH008930","SQ75705 541"
930,10460,19.02,"2GA","2楷林",61,330,0,"HQD032360","SQ64981 551"
1290,11300,28.5,"2GB","2楷林",56,415,0,"HQA035590","SQ56671 041"
1500,8070,23.35,"3GC","2楷林",13,339,0,"HQF136990","SQ72223 521"
1260,8600,21.18,"2GB","2楷林",73,536,0,"HQA097500","SQ57785 551"
1120,9660,21.15,"3GC","2楷林",2,324,0,"HQA118200","SQ58078 561"
1270,9140,22.69,"2GA","2楷林",16,273,0,"HQF163450","SQ72719 041"
1470,11740,33.74,"2GD","2楷林",14,515,0,"HQZ147050","SQ55756 531"
1330,10030,26.08,"2GC","2楷林",31,531,0,"HQY052900","SQ52188 521"
1030,9110,18.34,"3GC","2楷林",50,305,0,"HQB079550","SQ60304 551"
1060,7400,15.34,"2GA","2楷林",91,448,0,"HQB054690","SQ59866 591"
1150,7420,16.68,"2GB","2楷林",44,524,0,"HQZ006440","SQ53708 071"
1030,7400,14.9,"2GC","2楷林",85,561,0,"HQY073150","SQ52459 571"
1130,10940,24.17,"2GC","2楷林",49,372,0,"HQG109890","SQ74479 031"
1200,11470,26.35,"2GB","2楷林",28,356,0,"HQG157570","SQ75352 021"
900,9860,17.35,"2GA","2楷林",89,333,0,"HQZ011030","SQ53744 061"
1070,7590,15.88,"2GB","2楷林",48,473,0,"HQH096300","SQ77229 541"
1320,8520,21.99,"2GB","2楷林",23,457,0,"HQD031960","SQ64987 051"
1110,9750,21.16,"2GB","2楷林",55,502,0,"HQZ168830","SQ56114 011"
1270,8820,21.9,"2GA","2楷林",17,330,0,"HQD105270","SQ66264 031"
1210,11830,27.98,"2GB","2楷林",68,415,0,"HQH077350","SQ76889 531"
1220,9680,23.09,"2GA","2楷林",59,360,0,"HQF089060","SQ71385 011"
1250,9480,23.17,"2GA","2楷林",48,330,0,"HQJ021450","SQ78686 541"
1060,10180,21.1,"2GA","2楷林",97,325,0,"HQE088750","SQ68810 031"
1360,8340,22.17,"2GC","2楷林",46,341,0,"HQC075560","SQ63236 011"
1330,8070,20.98,"2GD","2楷林",25,388,0,"HQZ155090","SQ55869 041"
1320,11870,30.63,"2GB","2楷林",36,343,0,"HQD064310","SQ65531 521"
1080,10040,21.2,"2GD","2楷林",90,328,0,"HQY025550","SQ51870 511"
900,10430,18.35,"2GC","2楷林",68,306,0,"HQE028280","SQ67718 051"
1180,11350,26.18,"2GA","2楷林",46,326,0,"HQZ008820","SQ53721 551"
1360,8690,23.1,"2GA","2楷林",81,344,0,"HQC077910","SQ63281 031"
1560,10000,30.5,"3GC","2楷林",17,329,0,"HQG019920","SQ73151 011"
1030,11860,23.88,"2GA","2楷林",67,351,0,"HQX031710","SQ49605 531"
1160,9760,22.13,"2GA","2楷林",37,331,0,"HQG031080","SQ73326 041"
1220,5840,13.93,"3GC","2楷林",31,438,0,"HQF107740","SQ71737 521"
1290,10820,27.29,"2GA","2楷林",20,274,0,"HQA166140","SQ58805 531"
950,10810,20.08,"2GB","2楷林",98,360,0,"HQG064250","SQ73913 031"
1290,7920,19.97,"2GD","2楷林",17,528,0,"HQJ051250","SQ79152 521"
950,10060,18.68,"3GC","2楷林",65,408,0,"HQB098990","SQ60650 061"
1460,11010,31.43,"2GA","2楷林",3,316,0,"HQE008700","SQ67367 031"
1330,8890,23.12,"2GA","2楷林",10,284,0,"HQD117790","SQ66474 041"
960,11460,21.51,"2GA","2楷林",71,337,0,"HQJ064420","SQ79366 051"
1330,10640,27.67,"2GA","2楷林",19,259,0,"HQX055790","SQ50025 021"
1250,8230,20.11,"3GC","2楷林",15,341,0,"HQG069930","SQ73989 051"
1240,9480,22.98,"2GB","2楷林",47,433,0,"HQJ025680","SQ78757 521"
1330,11640,29.81,"2GA","2楷林",14,269,0,"HQD145050","SQ66957 021"
1280,8810,22.05,"2GA","2楷林",38,337,0,"HQJ059640","SQ79273 051"
1100,10080,21.33,"2GD","2楷林",32,304,10.1,"HQB005060","SQ58952 531"
1380,11800,31.84,"2GA","2楷林",36,365,0,"HQJ124720","SQ80484 031"
1410,9840,27.12,"2GA","2楷林",9,335,0,"HQY042800","SQ52107 551"
1110,9500,20.62,"2GA","2楷林",82,302,0,"HQD031630","SQ64977 041"
960,9520,17.87,"3GC","2楷林",37,354,0,"HQE089870","SQ68855 531"
1090,8660,18.45,"2GC","2楷林",60,451,0,"HQD024970","SQ64870 531"
1260,7870,19.39,"2GD","2楷林",66,503,0,"HQJ130960","SQ80601 551"
1390,8200,22.28,"2GB","2楷林",10,364,0,"HQA098970","SQ57829 011"
1140,11510,25.24,"2GC","2楷林",33,310,12,"HQG131460","SQ74879 051"
1260,9200,22.66,"2GD","2楷林",81,341,0,"HQF064890","SQ70993 061"
1100,8660,18.62,"3GC","2楷林",41,334,0,"HQY075640","SQ52492 541"
1250,7220,17.64,"2GA","2楷林",45,341,0,"HQJ127370","SQ80513 531"
1290,9150,23.08,"2GA","2楷林",3,322,0,"HQD120960","SQ66500 061"
1250,11120,27.17,"2GB","2楷林",83,418,0,"HQC059380","SQ62911 551"
1290,8950,22.57,"2GB","2楷林",28,333,0,"HQZ090670","SQ54750 021"
1530,11680,34.38,"2GA","2楷林",6,282,11.1,"HQE006140","SQ67287 041"
1240,7370,17.65,"2GA","2楷林",96,289,0,"HQF040980","SQ70654 011"
1220,10520,25.09,"3GC","2楷林",40,345,0,"HQH036970","SQ76164 541"
1260,9380,23.11,"2GA","2楷林",4,373,0,"HQG024500","SQ73201 011"
1540,10120,30.47,"2GD","2楷林",14,331,0,"HQA014190","SQ56387 541"
1290,6150,15.51,"2GA","2楷林",84,339,0,"HQC115610","SQ63915 061"
1250,8810,21.53,"2GA","2楷林",17,355,0,"HQE130940","SQ69571 061"
1170,10400,23.79,"2GB","2楷林",72,442,0,"HQH118000","SQ77622 061"
1290,9190,23.18,"2GA","2楷林",84,330,0,"HQH164010","SQ78301 511"
1240,8340,20.22,"2GA","2楷林",8,364,0,"HQJ116520","SQ80336 061"
1290,11330,28.57,"2GB","2楷林",89,500,0,"HQF127970","SQ72088 551"
1090,11260,22.88,"2GC","2楷林",70,271,8.3,"HQF032410","SQ70502 011"
1100,11170,24.02,"3GB","2楷林",81,295,0,"HQJ145940","SQ80866 551"
1510,10670,31.5,"2GC","2楷林",45,330,0,"HQY015230","SQ51716 031"
1260,8990,22.15,"2GD","2楷林",67,473,0,"HQY078950","SQ52520 021"
1380,11580,31.24,"2GA","2楷林",56,332,0,"HQE097620","SQ68866 531"
1560,11620,34.87,"2GA","2楷林",8,268,0,"HQB097600","SQ60610 511"
1260,10410,25.64,"2GB","2楷林",75,334,0,"HQX143530","SQ51222 531"
1390,11490,31.22,"2GC","2楷林",13,293,0,"HQY041030","SQ52080 011"
1450,10960,31.07,"2GA","2楷林",16,263,0,"HQJ131130","SQ80600 011"
1040,8790,17.87,"2GB","2楷林",34,340,0,"HQD044020","SQ65198 071"
1290,11310,28.52,"2GA","2楷林",64,459,0,"HQC026960","SQ62337 541"
1400,8460,23.16,"2GA","2楷林",28,331,0,"HQE000430","SQ67234 031"
1390,10110,27.47,"2GC","2楷林",17,347,0,"HQC104620","SQ63717 021"
1270,8290,20.58,"3GC","2楷林",33,318,0,"HQZ156550","SQ55921 521"
1130,7320,16.17,"2GA","2楷林",48,454,0,"HQF015830","SQ70272 021"
1210,8720,20.63,"2GB","2楷林",19,521,0,"HQZ007160","SQ53703 021"
990,11650,22.55,"2GA","2楷林",74,294,0,"HQG111790","SQ74510 041"
1300,9300,23.64,"2GA","2楷林",26,329,0,"HQY103730","SQ52829 551"
1320,9670,24.95,"2GA","2楷林",50,461,0,"HQB088850","SQ60462 511"
1420,11770,32.67,"2GC","2楷林",22,254,0,"HQB059550","SQ59951 521"
1440,8840,24.89,"2GA","2楷林",51,335,0,"HQA065430","SQ57184 541"
1390,10630,28.89,"2GA","2楷林",22,338,0,"HQC138800","SQ64332 051"
1030,7190,14.48,"2GA","2楷林",88,450,0,"HQB011040","SQ59051 061"
1080,9520,20.1,"2GA","2楷林",65,337,0,"HQX085630","SQ50477 021"
1290,8970,22.62,"2GA","2楷林",19,324,14.3,"HQB030250","SQ59382 061"
1290,11250,28.37,"2GB","2楷林",73,547,0,"HQZ047170","SQ54136 541"
1280,8730,21.85,"2GA","2楷林",20,443,0,"HQF021680","SQ70377 051"
1110,11540,25.04,"2GA","2楷林",51,259,0,"HQE078930","SQ68590 031"
1190,9450,21.98,"2GB","2楷林",36,461,0,"HQY010800","SQ51659 531"
1290,9560,24.11,"2GA","2楷林",39,330,0,"HQX030480","SQ49560 551"
1300,10010,25.44,"2GB","2楷林",43,427,0,"HQA113250","SQ57987 021"
1560,11470,34.98,"2GC","2楷林",7,254,0,"HQY001790","SQ51567 031"
930,8530,15.51,"2GA","2楷林",66,308,0,"HQJ143080","SQ80812 551"
1260,11360,27.98,"2GA","2楷林",59,296,0,"HQG151070","SQ75225 051"
1090,9910,21.12,"2GA","2楷林",82,327,0,"HQZ093650","SQ54775 011"
1220,9830,23.45,"2GA","2楷林",77,308,0,"HQG058910","SQ73841 551"
1250,7290,17.81,"2GA","2楷林",22,359,0,"HQF117500","SQ71908 521"
1250,10330,25.24,"2GA","2楷林",91,336,0,"HQA050710","SQ56973 541"
1320,10070,25.99,"2GA","2楷林",10,444,0,"HQB087570","SQ60455 021"
1190,9800,22.8,"3GC","2楷林",23,448,0,"HQG131360","SQ74905 041"
1090,8500,18.11,"3GC","2楷林",50,453,0,"HQD024870","SQ64870 031"
1290,9220,22.88,"2GC","2楷林",30,326,7.2,"HQA076440","SQ57377 521"
1410,11870,32.72,"2GC","2楷林",34,338,0,"HQE091880","SQ68892 541"
1100,9330,20.06,"3GC","2楷林",85,356,0,"HQA164560","SQ58776 531"
1570,9750,29.21,"2GC","2楷林",5,256,7.6,"HQG150520","SQ75187 521"
1290,11350,28.62,"2GB","2楷林",2,417,0,"HQA035050","SQ56671 531"
1430,8610,23.82,"2GA","2楷林",53,338,0,"HQG016470","SQ73033 011"
1090,9430,20.09,"3GB","2楷林",93,333,0,"HQF002020","SQ70135 031"
1090,10100,21.18,"2GA","2楷林",36,266,10.6,"HQG127090","SQ74804 541"
1230,8630,20.42,"2GC","2楷林",23,321,7.7,"HQA067490","SQ57211 551"
1280,9260,23.17,"2GA","2楷林",19,325,0,"HQF149560","SQ72498 061"
900,11580,20.38,"2GA","2楷林",56,393,0,"HQG100590","SQ74338 071"
1290,11620,29.31,"2GC","2楷林",49,336,0,"HQY119380","SQ53020 041"
1550,10120,30.67,"3GC","2楷林",5,286,0,"HQD055090","SQ65416 021"
1120,10080,22.07,"3GC","2楷林",29,426,0,"HQG105090","SQ74415 541"
1140,11310,24.87,"3GC","2楷林",12,354,0,"HQH017140","SQ75809 011"
1270,9300,23.09,"2GA","2楷林",57,323,0,"HQF105050","SQ71650 531"
1110,7060,15.32,"2GA","2楷林",43,350,0,"HQC022930","SQ62272 011"
1250,10700,26.15,"2GC","2楷林",39,270,0,"HQG045480","SQ73594 551"
1150,11280,24.92,"3GC","2楷林",51,288,0,"HQC025440","SQ62291 521"
1370,11640,31.18,"2GA","2楷林",42,277,0,"HQB137820","SQ61387 531"
1160,8630,19.57,"2GA","2楷林",16,332,0,"HQJ009900","SQ78499 041"
1030,11860,23.88,"2GB","2楷林",30,351,0,"HQH103300","SQ77338 021"
1300,11830,30.07,"2GA","2楷林",42,322,0,"HQF115050","SQ71859 031"
1350,9540,25.18,"2GA","2楷林",53,334,0,"HQA046720","SQ56861 551"
1340,10580,27.72,"3GC","2楷林",18,298,0,"HQH077870","SQ76896 031"
1280,9260,23.17,"2GA","2楷林",44,329,0,"HQF148950","SQ72497 561"
1340,9650,25.28,"2GA","2楷林",18,426,0,"HQA077460","SQ57419 551"
1270,11680,28.66,"2GB","2楷林",45,522,0,"HQH045140","SQ76309 011"
1110,9710,21.07,"3GC","2楷林",84,503,0,"HQA157150","SQ58642 051"
1570,8160,25.05,"3GC","2楷林",15,327,0,"HQY084210","SQ52600 031"
1170,11170,25.22,"2GB","2楷林",39,521,0,"HQZ038890","SQ54021 521"
1200,8020,18.81,"2GD","2楷林",34,391,0,"HQG081890","SQ74125 031"
1200,8620,20.22,"2GA","2楷林",1,331,0,"HQH136870","SQ77938 051"
1200,9200,21.13,"2GA","2楷林",43,340,0,"HQX069160","SQ50275 511"
1350,11640,30.27,"3GC","2楷林",41,299,0,"HQZ009770","SQ53738 021"
1060,10870,22.53,"2GA","2楷林",35,357,0,"HQB061860","SQ60015 031"
1290,11850,29.89,"2GB","2楷林",36,309,0,"HQG113760","SQ74564 551"
1040,10970,22.09,"2GA","2楷林",78,298,0,"HQY126000","SQ53109 011"
1570,9910,30.42,"2GA","2楷林",7,332,0,"HQJ000940","SQ78378 021"
1460,11010,31.43,"2GC","2楷林",28,312,0,"HQB040840","SQ59620 541"
1290,7990,19.83,"2GA","2楷林",47,322,10.1,"HQD124320","SQ66540 541"
1550,7520,22.79,"2GA","2楷林",8,299,0,"HQY148740","SQ53399 021"
1010,8040,15.88,"2GA","2楷林",50,306,0,"HQJ142920","SQ80808 081"
1370,10450,27.99,"3GC","2楷林",32,360,0,"HQH035310","SQ76153 521"
900,9070,15.96,"2GA","2楷林",52,305,0,"HQG056340","SQ73784 531"
1280,8850,22.15,"2GD","2楷林",40,331,0,"HQY067050","SQ52418 041"
1490,11580,33.73,"2GB","2楷林",17,529,0,"HQZ038670","SQ54019 041"
1570,8710,26.31,"2GC","2楷林",6,294,11.7,"HQA043590","SQ56793 511"
1290,11840,29.86,"2GA","2楷林",1,271,0,"HQX163510","SQ51474 021"
1010,7220,13.97,"3GC","2楷林",52,343,0,"HQA020000","SQ56475 521"
1310,11440,29.3,"2GB","2楷林",36,530,0,"HQH045050","SQ76303 051"
1390,11770,31.98,"2GA","2楷林",22,273,0,"HQB013740","SQ59122 041"
1210,9460,22.38,"2GB","2楷林",28,435,0,"HQA070690","SQ57270 531"
950,8960,16.64,"2GA","2楷林",51,363,0,"HQE131930","SQ69578 511"
1120,10210,22.36,"2GC","2楷林",62,550,0,"HQX036280","SQ49693 561"
950,10280,19.09,"3GC","2楷林",76,324,0,"HQF049510","SQ70794 031"
1400,10990,30.08,"2GA","2楷林",36,325,0,"HQD140620","SQ66876 051"
1190,8410,19.57,"2GC","2楷林",54,416,0,"HQD018850","SQ64797 521"
1190,8080,18.8,"2GB","2楷林",26,404,0,"HQG066320","SQ73936 541"
1560,11460,34.95,"2GA","2楷林",11,259,0,"HQY104560","SQ52846 031"
1150,8700,19.56,"2GB","2楷林",101,525,0,"HQZ047450","SQ54122 511"
1250,8230,20.11,"2GC","2楷林",30,337,0,"HQG070080","SQ73991 571"
1120,11280,24.7,"2GA","2楷林",55,249,0,"HQA027440","SQ56530 031"
1170,11390,25.61,"2GB","2楷林",59,512,0,"HQE147760","SQ69855 011"
1260,10660,26.26,"2GA","2楷林",58,328,0,"HQA149090","SQ58488 041"
980,11670,22.36,"2GA","2楷林",65,317,0,"HQH055570","SQ76471 511"
1250,10090,24.66,"3GB","2楷林",14,450,0,"HQF030030","SQ70503 531"
1200,11760,27.59,"2GA","2楷林",60,276,0,"HQY133560","SQ53196 541"
1500,11320,33.2,"2GA","2楷林",7,271,0,"HQA038390","SQ56554 511"
1240,8760,21.24,"2GA","2楷林",25,322,0,"HQF141400","SQ72366 521"
1260,11360,27.98,"2GB","2楷林",16,355,0,"HQE057860","SQ68254 031"
1140,11780,26.25,"3GC","2楷林",78,446,0,"HQG133970","SQ74962 541"
1280,9440,23.62,"2GA","2楷林",34,328,0,"HQY113260","SQ52979 061"
950,10830,20.11,"2GB","2楷林",77,367,0,"HQG072350","SQ74021 041"
1050,11630,23.87,"2GB","2楷林",37,350,0,"HQX097920","SQ50646 561"
1270,9720,24.13,"2GC","2楷林",30,329,0,"HQF125340","SQ72026 511"
1040,11740,23.87,"2GA","2楷林",65,322,0,"HQG003180","SQ72806 041"
1290,8720,21.99,"2GA","2楷林",46,461,0,"HQA048330","SQ56917 061"
1150,9660,21.37,"2GA","2楷林",67,338,9.2,"HQX127520","SQ51017 551"
1070,8660,18.12,"2GA","2楷林",16,526,0,"HQJ136020","SQ80650 081"
1060,11150,23.11,"2GA","2楷林",31,333,0,"HQG153500","SQ75279 011"
990,10520,20.36,"2GB","2楷林",56,340,0,"HQC030880","SQ62387 041"
1090,11190,23.85,"2GA","2楷林",52,321,0,"HQH150420","SQ78130 511"
1390,9160,24.89,"2GA","2楷林",39,340,0,"HQC104850","SQ63704 511"
1340,7370,19.31,"2GA","2楷林",89,335,0,"HQB025880","SQ59305 011"
1420,11850,32.37,"2GC","2楷林",12,299,15.6,"HQA070530","SQ57260 511"
1080,10780,22.55,"2GA","2楷林",68,290,0,"HQB020470","SQ59235 011"
1000,10300,20.14,"2GB","2楷林",111,333,0,"HQD122040","SQ66528 031"
1520,8510,25.29,"2GA","2楷林",18,336,0,"HQH069600","SQ76737 051"
1100,10800,23.23,"3GB","2楷林",25,536,0,"HQC088770","SQ63483 051"
1260,9180,22.61,"2GB","2楷林",53,369,0,"HQD088070","SQ65978 061"
1260,9210,22.69,"2GA","2楷林",19,324,0,"HQZ081850","SQ54606 011"
1260,11540,28.43,"2GB","2楷林",27,431,0,"HQB113090","SQ60919 021"
1260,11260,27.74,"3GB","2楷林",4,316,0,"HQJ024710","SQ78742 031"
1040,9900,20.13,"2GA","2楷林",78,303,0,"HQD026580","SQ64880 541"
1040,8390,17.06,"3GC","2楷林",69,330,0,"HQF020090","SQ70380 071"
1410,9040,24.92,"2GC","2楷林",10,493,0,"HQJ108260","SQ80185 541"
1190,11520,26.8,"2GB","2楷林",36,554,0,"HQX002040","SQ49091 511"
1400,11650,31.89,"2GC","2楷林",31,314,0,"HQZ039650","SQ54029 511"
1290,8800,22.19,"2GD","2楷林",51,342,0,"HQH006950","SQ75676 531"
1170,10920,24.98,"3GC","2楷林",72,519,0,"HQB015790","SQ59172 021"
1030,9670,19.47,"2GC","2楷林",56,331,0,"HQB064070","SQ60035 051"
1360,8840,23.13,"2GD","2楷林",17,261,12.7,"HQE040310","SQ67878 041"
1300,9120,23.18,"2GA","2楷林",64,327,0,"HQD128530","SQ66623 551"
1250,8350,20.41,"2GD","2楷林",36,335,0,"HQG083890","SQ74155 021"
1100,10270,22.09,"2GD","2楷林",47,535,0,"HQH030820","SQ76055 031"
1070,9140,19.12,"2GA","2楷林",84,330,0,"HQX159960","SQ51430 061"
1000,10430,20.39,"3GB","2楷林",64,325,0,"HQJ089790","SQ79814 551"
950,10510,19.52,"2GA","2楷林",52,340,0,"HQZ046070","SQ54099 061"
1100,8890,19.12,"2GA","2楷林",21,374,0,"HQC134780","SQ64249 531"
1250,8740,21.36,"3GC","2楷林",27,360,0,"HQA163980","SQ58780 041"
1090,10420,22.2,"2GA","2楷林",69,334,0,"HQC100810","SQ63668 521"
990,9580,18.54,"2GA","2楷林",48,410,0,"HQG029200","SQ73296 051"
1090,8110,17.28,"3GC","2楷林",20,527,0,"HQC092000","SQ63512 541"
1100,6540,14.06,"2GA","2楷林",30,354,0,"HQJ116740","SQ80342 091"
1430,9900,27.23,"2GA","2楷林",15,271,7.2,"HQH002570","SQ75567 021"
1070,8660,18.12,"2GA","2楷林",27,530,0,"HQJ136640","SQ80653 021"
1130,9620,21.25,"2GC","2楷林",62,327,0,"HQY028020","SQ51878 541"
1350,11850,31.28,"2GA","2楷林",31,299,0,"HQA019200","SQ56455 521"
1220,10480,25,"2GC","2楷林",90,349,0,"HQH035890","SQ76163 531"
1390,9160,24.89,"2GA","2楷林",24,302,0,"HQZ125430","SQ55357 011"
1300,9300,23.64,"2GA","2楷林",35,296,0,"HQY034560","SQ52006 551"
1430,11670,32.63,"2GD","2楷林",29,272,0,"HQH142780","SQ78044 031"
1330,11520,29.95,"2GA","2楷林",46,263,0,"HQZ106370","SQ55061 521"
1390,8130,22.09,"2GB","2楷林",81,360,0,"HQA100410","SQ57824 061"
1230,11480,27.61,"2GA","2楷林",47,330,0,"HQD041470","SQ65158 031"
1220,9340,22.28,"2GB","2楷林",41,427,0,"HQG021480","SQ73178 041"
1480,9160,25.87,"2GD","2楷林",7,258,9.9,"HQA154920","SQ58617 021"
1100,9260,19.91,"2GB","2楷林",24,370,0,"HQH103240","SQ77333 041"
1210,11150,26.38,"2GA","2楷林",25,337,0,"HQC032570","SQ62412 041"
1260,9170,22.59,"2GA","2楷林",69,330,0,"HQD155010","SQ67089 051"
1090,11780,25.1,"2GB","2楷林",69,431,0,"HQA032420","SQ56633 561"
1390,9630,25.79,"2GB","2楷林",70,480,0,"HQZ154640","SQ55881 011"
900,9070,15.96,"2GA","2楷林",39,306,0,"HQG058060","SQ73789 531"
1080,10040,21.2,"2GA","2楷林",99,329,0,"HQH011540","SQ75746 521"
1130,9770,21.58,"2GA","2楷林",51,340,0,"HQC083420","SQ63368 031"
1360,11070,29.43,"3GC","2楷林",26,338,0,"HQX061930","SQ50175 021"
980,10760,20.62,"2GA","2楷林",57,326,0,"HQE024990","SQ67652 521"
1310,11800,30.22,"3GB","2楷林",15,330,0,"HQG150630","SQ75226 031"
1330,7310,19.01,"2GC","2楷林",70,320,0,"HQY092630","SQ52695 561"
1390,7910,21.5,"2GC","2楷林",40,344,0,"HQA106870","SQ57903 551"
1290,11820,29.81,"2GA","2楷林",10,268,0,"HQD145010","SQ66957 041"
1220,8170,19.49,"3GB","2楷林",53,342,0,"HQH135540","SQ77930 071"
1090,9900,21.1,"2GB","2楷林",41,326,0,"HQF063430","SQ70975 011"
1170,8030,18.05,"2GB","2楷林",34,515,0,"HQC018280","SQ62181 011"
1210,8500,20.11,"3GC","2楷林",1,337,0,"HQJ001680","SQ78391 031"
1030,9670,19.47,"2GC","2楷林",24,331,0,"HQB070850","SQ60148 551"
1480,9680,27.72,"3GC","2楷林",9,258,0,"HQA073580","SQ57323 521"
1370,11810,31.63,"2GC","2楷林",31,515,0,"HQE139620","SQ69712 011"
1300,8770,22.29,"2GB","2楷林",51,429,0,"HQA113330","SQ57987 031"
1370,7330,19.63,"2GB","2楷林",40,387,0,"HQZ026840","SQ53871 021"
1460,11300,30.94,"2GA","2楷林",7,324,13.1,"HQC068020","SQ63058 511"
1570,7200,22.1,"2GA","2楷林",13,365,0,"HQF051610","SQ70857 051"
1160,11510,26.1,"2GA","2楷林",69,297,0,"HQG092430","SQ74204 051"
1550,8620,26.12,"2GB","2楷林",12,514,0,"HQX102340","SQ50696 041"
1100,10790,23.2,"2GD","2楷林",75,514,0,"HQX074290","SQ50332 061"
1080,6570,13.87,"3GC","2楷林",62,527,0,"HQF008270","SQ70193 511"
1410,9840,27.12,"2GA","2楷林",33,336,0,"HQY043040","SQ52107 021"
1330,8590,22.17,"2GC","2楷林",29,330,0,"HQX140330","SQ51166 011"
1530,11700,35,"3GC","2楷林",28,287,0,"HQA087180","SQ57632 041"
1290,9950,25.09,"2GC","2楷林",68,331,0,"HQY154450","SQ53508 011"
940,11660,21.43,"2GC","2楷林",100,324,0,"HQA034220","SQ56623 051"
1110,11000,23.87,"2GD","2楷林",58,351,0,"HQD108650","SQ66337 531"
1300,11850,30.12,"2GA","2楷林",68,321,0,"HQE110680","SQ69231 031"
1020,10060,20.06,"2GA","2楷林",85,502,0,"HQD077600","SQ65797 041"
1270,9470,23.51,"2GA","2楷林",5,271,0,"HQB090230","SQ60501 521"
1070,8260,17.28,"2GB","2楷林",94,529,0,"HQX091100","SQ50534 521"
1030,10680,21.51,"2GA","2楷林",56,347,0,"HQJ016240","SQ78599 561"
1260,9410,23.18,"2GA","2楷林",28,330,0,"HQC057900","SQ62892 521"
1240,9080,21.57,"3GC","2楷林",44,277,0,"HQZ013190","SQ53755 011"
1390,11080,30.11,"2GC","2楷林",6,323,0,"HQX056530","SQ50077 511"
1220,8400,20.03,"2GB","2楷林",58,459,0,"HQE041890","SQ67952 041"
1260,9170,22.59,"2GA","2楷林",27,331,0,"HQF112460","SQ71817 011"
1180,11020,24.99,"2GB","2楷林",25,523,0,"HQE067790","SQ68425 511"
1180,9750,22.49,"2GD","2楷林",32,531,0,"HQJ051400","SQ79158 051"
1300,7900,20.08,"2GB","2楷林",30,450,0,"HQG118520","SQ74643 051"
980,9980,19.12,"2GA","2楷林",49,328,0,"HQE023050","SQ67638 521"
1470,11510,33.08,"3GC","2楷林",18,287,0,"HQA148690","SQ58529 031"
1270,10080,25.03,"2GC","2楷林",19,366,0,"HQF130360","SQ72009 531"
1250,8810,21.53,"2GA","2楷林",16,350,0,"HQE131580","SQ69574 021"
1030,9670,19.47,"2GA","2楷林",39,330,0,"HQB059720","SQ59958 551"
1110,9040,19.62,"2GA","2楷林",51,329,0,"HQG096260","SQ74288 521"
1480,11660,33.74,"2GC","2楷林",6,288,0,"HQE095810","SQ68957 011"
1240,8340,20.22,"2GA","2楷林",15,369,0,"HQJ116590","SQ80335 061"
1410,11530,31.78,"3GC","2楷林",10,353,0,"HQH158090","SQ78248 031"
1260,7100,17.49,"2GB","2楷林",14,498,0,"HQA160370","SQ58720 531"
1360,11130,29.59,"2GA","2楷林",45,332,0,"HQB129450","SQ61224 041"
1060,5980,12.39,"2GB","2楷林",80,433,0,"HQH105570","SQ77373 031"
1000,11390,22.27,"2GC","2楷林",25,328,0,"HQG008540","SQ72907 541"
1410,11800,32.53,"2GC","2楷林",7,490,0,"HQD048700","SQ65231 521"
1290,9220,23.25,"2GA","2楷林",17,328,0,"HQA007460","SQ56307 021"
1350,9710,25.63,"2GB","2楷林",37,339,0,"HQX108830","SQ50763 531"
1280,11340,27.92,"2GA","2楷林",5,326,7.3,"HQH099930","SQ77252 531"
1030,9670,19.47,"2GC","2楷林",24,326,0,"HQB070100","SQ60141 021"
1160,9740,21.61,"2GA","2楷林",47,460,0,"HQZ156690","SQ55875 511"
1300,5520,14.03,"2GA","2楷林",26,339,0,"HQX088010","SQ50507 551"
1410,11870,32.72,"3GC","2楷林",35,338,0,"HQE091890","SQ68892 531"
1130,11430,25.25,"2GA","2楷林",72,295,0,"HQG092460","SQ74205 531"
1140,11460,25.13,"2GC","2楷林",24,308,8.8,"HQH058030","SQ76490 541"
980,11780,22.57,"2GA","2楷林",58,305,0,"HQH054750","SQ76450 051"
1050,11630,23.87,"2GB","2楷林",59,353,0,"HQE056650","SQ68205 041"
1280,8320,20.82,"2GC","2楷林",13,329,0,"HQZ106670","SQ55073 521"
1300,11610,29.51,"3GC","2楷林",32,437,0,"HQH147160","SQ78101 021"
1310,10660,27.3,"3GB","2楷林",44,518,0,"HQZ064100","SQ54347 551"
1490,8550,24.91,"3GC","2楷林",8,256,0,"HQD104500","SQ66263 041"
1040,11860,24.11,"2GA","2楷林",57,269,0,"HQH063010","SQ76591 551"
1290,9630,24.29,"2GA","2楷林",61,331,0,"HQB127130","SQ61202 021"
1210,10180,24.08,"2GB","2楷林",57,516,0,"HQB149700","SQ61549 531"
1060,11590,24.02,"2GA","2楷林",36,355,0,"HQC123630","SQ64065 541"
1540,6420,19.33,"2GB","2楷林",5,517,0,"HQY065490","SQ52392 031"
1030,11860,23.88,"2GA","2楷林",67,348,0,"HQX148730","SQ51277 531"
1380,11850,31.97,"2GA","2楷林",28,268,0,"HQF157760","SQ72609 051"
1420,11780,32.7,"3GC","2楷林",56,270,0,"HQB083530","SQ60360 031"
1420,11520,31.98,"3GC","2楷林",8,273,0,"HQZ005340","SQ53692 521"
1200,9220,21.63,"2GA","2楷林",17,296,0,"HQD097850","SQ66139 021"
920,11830,21.28,"2GA","2楷林",37,393,0,"HQG100400","SQ74337 011"
1190,6490,15.1,"2GB","2楷林",54,427,0,"HQH105310","SQ77367 031"
1290,11650,29.38,"2GA","2楷林",26,325,0,"HQD026060","SQ64905 041"
1130,9100,20.1,"2GA","2楷林",57,331,0,"HQD105670","SQ66291 561"
1290,11790,29.73,"2GA","2楷林",75,338,0,"HQH124530","SQ77733 011"
1250,9460,23.12,"2GA","2楷林",10,334,0,"HQF151760","SQ72516 541"
1090,11620,24.76,"2GA","2楷林",1,273,0,"HQD061910","SQ65514 541"
1440,10630,29.93,"2GB","2楷林",4,421,0,"HQG101150","SQ74352 541"
1190,11030,25.25,"2GC","2楷林",33,308,11.2,"HQA067590","SQ57214 511"
1290,9210,22.86,"2GA","2楷林",39,332,10.4,"HQB062740","SQ60000 561"
1390,9530,25.9,"2GA","2楷林",13,510,0,"HQX010090","SQ49127 041"
1370,10320,27.64,"2GC","2楷林",48,525,0,"HQE139790","SQ69712 051"
1000,11450,22.38,"2GA","2楷林",71,337,0,"HQJ097250","SQ79962 551"
1120,11640,25.49,"2GD","2楷林",69,260,0,"HQJ053500","SQ79189 041"
1570,7680,23.57,"2GA","2楷林",55,328,0,"HQD126840","SQ66588 021"
1290,8510,21.46,"2GA","2楷林",43,359,0,"HQJ112280","SQ80274 031"
1050,11620,23.85,"2GB","2楷林",61,352,0,"HQE056670","SQ68205 031"
1570,7780,23.88,"2GA","2楷林",30,327,0,"HQD150770","SQ67014 531"
1280,8040,20.12,"3GC","2楷林",32,317,0,"HQZ106860","SQ55076 531"
940,8640,15.88,"3GC","2楷林",75,303,0,"HQG161810","SQ75399 031"
1200,11600,27.21,"2GA","2楷林",40,269,0,"HQH159690","SQ78263 541"
1380,11630,31.38,"2GB","2楷林",41,491,0,"HQY029880","SQ51918 051"
1140,11620,25.9,"2GC","2楷林",59,463,0,"HQE079010","SQ68626 551"
1290,9670,24.39,"2GB","2楷林",34,402,0,"HQY104790","SQ52844 041"
1310,7500,18.76,"2GC","2楷林",30,321,10.1,"HQB150790","SQ61529 511"
1550,11670,34.79,"2GB","2楷林",2,549,0,"HQA061870","SQ57146 011"
1380,11800,31.84,"2GD","2楷林",23,325,0,"HQZ099240","SQ54905 521"
1480,8600,24.88,"2GA","2楷林",49,338,0,"HQX150250","SQ51295 021"
1320,11530,29.75,"3GB","2楷林",37,430,0,"HQG136620","SQ75011 051"
1320,10840,27.97,"3GC","2楷林",29,307,0,"HQC072040","SQ63183 021"
1450,8170,23.16,"2GA","2楷林",50,331,0,"HQC103790","SQ63720 031"
1090,8830,18.82,"2GB","2楷林",83,532,0,"HQY125140","SQ53094 551"
1040,9630,19.58,"2GC","2楷林",81,274,0,"HQB085540","SQ60391 051"
1530,10480,31.04,"2GA","2楷林",12,267,0,"HQB119940","SQ61065 011"
1190,9040,21.03,"2GC","2楷林",49,549,0,"HQC060770","SQ62964 531"
1010,7080,13.98,"2GA","2楷林",31,340,0,"HQX089920","SQ50526 551"
1100,7930,17.05,"2GB","2楷林",41,366,0,"HQY007350","SQ51608 531"
1290,10590,26.71,"2GB","2楷林",7,433,0,"HQZ153200","SQ55834 541"
1290,7990,19.83,"2GA","2楷林",68,319,9.5,"HQD124530","SQ66545 031"
1220,9190,21.57,"2GC","2楷林",75,293,6.6,"HQE149130","SQ69896 011"
1300,11870,30.17,"2GA","2楷林",57,328,0,"HQG012240","SQ72999 031"
1150,9040,20.32,"2GA","2楷林",27,527,0,"HQA130580","SQ58241 531"
1190,10270,23.89,"2GB","2楷林",34,422,0,"HQH105110","SQ77359 511"
1150,7480,16.82,"2GB","2楷林",41,520,0,"HQZ007380","SQ53712 041"
1290,11780,29.71,,"2楷林",53,331,0,"HQJ063000","SQ79350 031"
1430,9410,26.31,"3GC","2楷林",36,338,0,"HQB017820","SQ59190 531"
970,9840,18.47,"2GA","2楷林",59,397,0,"HQJ002260","SQ78401 011"
1290,9080,22.9,"2GA","2楷林",66,345,0,"HQC057270","SQ62877 041"
1470,11140,31.58,"2GA","2楷林",24,332,0,"HQH155160","SQ78202 511"
1450,7980,22.62,"2GD","2楷林",17,273,0,"HQH135170","SQ77925 061"
1220,10140,24.18,"2GA","2楷林",64,273,0,"HQC064090","SQ62998 531"
1150,10890,24.48,"2GA","2楷林",51,337,0,"HQB027130","SQ59351 061"
1160,11710,26.56,"2GA","2楷林",30,268,0,"HQD048170","SQ65274 041"
1160,9990,22.66,"2GA","2楷林",25,451,0,"HQZ055760","SQ54238 031"
1100,6950,14.95,"2GA","2楷林",28,353,0,"HQJ116720","SQ80342 071"
1300,9120,23.18,"2GA","2楷林",31,328,0,"HQD128200","SQ66620 051"
1420,8340,23.15,"2GC","2楷林",46,475,0,"HQJ078620","SQ79617 051"
1290,9950,25.09,"2GC","2楷林",61,323,0,"HQA147220","SQ58495 051"
1260,9180,22.61,"2GA","2楷林",66,268,0,"HQF078770","SQ71252 031"
1150,9140,20.55,"2GA","2楷林",69,338,0,"HQH018510","SQ75838 071"
1310,11610,29.73,"2GA","2楷林",70,331,0,"HQJ039040","SQ78927 031"
1290,7480,18.86,"3GC","2楷林",55,422,0,"HQB046370","SQ59695 521"
1060,6740,13.97,"3GC","2楷林",22,341,0,"HQZ013520","SQ53769 011"
1260,9380,23.11,"2GA","2楷林",74,335,0,"HQF093800","SQ71504 031"
1250,10550,25.78,"2GB","2楷林",24,482,0,"HQZ084560","SQ54634 011"
1070,9880,20.67,"2GA","2楷林",64,335,0,"HQY110680","SQ52898 531"
1400,7860,21.51,"2GA","2楷林",49,354,0,"HQX051910","SQ49977 041"
1470,9030,25.95,"2GA","2楷林",33,310,0,"HQH021230","SQ75893 521"
1330,11780,30.63,"2GA","2楷林",38,336,0,"HQJ009230","SQ78479 031"
1070,6280,13.14,"2GA","2楷林",88,445,0,"HQF016230","SQ70278 071"
1300,10300,26.18,"3GC","2楷林",60,338,0,"HQA114360","SQ58001 511"
1210,9350,22.12,"2GA","2楷林",33,283,0,"HQE052320","SQ68127 051"
1200,7960,18.67,"2GB","2楷林",88,540,0,"HQZ135680","SQ55515 551"
1220,9490,22.63,"2GB","2楷林",30,506,0,"HQG093390","SQ74237 521"
1020,10110,20,"2GC","2楷林",75,307,6.5,"HQF054360","SQ70865 551"
1290,7990,19.83,"2GA","2楷林",54,321,7.8,"HQD124390","SQ66543 561"
1560,11440,34.89,"2GD","2楷林",6,302,0,"HQB089240","SQ60467 541"
930,11610,21.11,"2GA","2楷林",84,300,0,"HQG055330","SQ73779 541"
960,9910,18.6,"2GA","2楷林",51,388,0,"HQA060130","SQ57137 051"
1320,11850,30.58,"2GA","2楷林",21,297,0,"HQE129240","SQ69534 031"
1450,11610,32.91,"2GB","2楷林",41,528,0,"HQY155090","SQ53521 041"
1080,9040,19.09,"2GA","2楷林",75,331,0,"HQD035860","SQ65024 511"
950,10030,18.63,"2GA","2楷林",68,351,0,"HQA000360","SQ56160 031"
1200,8260,19.38,"2GB","2楷林",60,421,0,"HQZ114550","SQ55183 521"
1290,9160,23.1,"2GA","2楷林",37,334,0,"HQA092350","SQ57731 511"
1210,10710,25.34,"2GB","2楷林",69,426,0,"HQB067420","SQ60092 021"
1350,9830,25.94,"2GC","2楷林",69,417,0,"HQH128970","SQ77811 041"
1080,9290,19.61,"2GA","2楷林",81,330,0,"HQG096560","SQ74294 011"
1320,8960,23.12,"2GA","2楷林",41,328,0,"HQC065900","SQ63079 531"
1190,7010,16.31,"2GA","2楷林",57,454,0,"HQX130710","SQ51069 561"
1260,11170,26.97,"3GC","2楷林",55,485,52,"HQD038230","SQ64740 511"
1270,11220,27.86,"2GC","2楷林",20,321,0,"HQH000750","SQ75528 051"
1350,7880,20.8,"2GB","2楷林",52,421,0,"HQY002240","SQ51555 041"
1420,9790,27.18,"2GC","2楷林",34,257,0,"HQX011850","SQ49241 031"
1080,10000,21.11,"2GA","2楷林",15,332,0,"HQH161010","SQ78277 521"
1200,8220,19.28,"2GA","2楷林",57,566,0,"HQG090720","SQ74201 521"
1410,11760,32.42,"2GB","2楷林",1,484,0,"HQH095830","SQ77229 031"
1270,9580,23.79,"2GC","2楷林",19,362,0,"HQJ039450","SQ78952 051"
1330,9490,24.68,"2GB","2楷林",36,442,0,"HQD102500","SQ66203 511"
1100,7760,16.69,"2GB","2楷林",82,340,0,"HQG143150","SQ75079 071"
1120,10080,22.07,"3GC","2楷林",47,428,0,"HQG106150","SQ74423 031"
1290,9190,23.18,"2GA","2楷林",24,335,0,"HQA007530","SQ56313 521"
1280,9440,23.62,"2GB","2楷林",44,393,0,"HQZ026880","SQ53878 011"
1390,7710,20.95,"2GB","2楷林",22,426,0,"HQX106700","SQ50743 031"
1570,11400,34.99,"2GA","2楷林",7,254,0,"HQB017530","SQ59174 511"
1220,10060,23.99,"2GA","2楷林",39,329,0,"HQG026890","SQ73252 521"
1090,9640,20.54,"2GC","2楷林",22,525,0,"HQG140500","SQ75057 051"
1310,11830,30.3,"2GC","2楷林",26,337,0,"HQE141590","SQ69769 021"
1000,10700,20.92,"2GA","2楷林",95,339,0,"HQZ169230","SQ56131 041"
1070,10090,21.11,"2GA","2楷林",26,333,0,"HQD145170","SQ66928 521"
1000,10070,19.19,"2GA","2楷林",81,342,0,"HQC068760","SQ63111 511"
1270,8860,22,"2GA","2楷林",62,445,0,"HQY122460","SQ53084 541"
1560,10000,30.5,"2GC","2楷林",41,326,0,"HQG020160","SQ73157 041"
1250,9480,23.17,"2GA","2楷林",52,353,0,"HQJ019250","SQ78581 541"
1220,11760,28.05,"2GB","2楷林",58,520,0,"HQA144590","SQ58459 041"
1290,10190,25.7,"2GA","2楷林",49,340,0,"HQB122310","SQ61115 511"
1320,9760,25.19,"2GC","2楷林",35,328,0,"HQY139730","SQ53281 041"
920,10070,18.11,"2GA","2楷林",70,345,0,"HQZ139700","SQ55636 551"
1260,9410,23.18,"2GA","2楷林",36,329,0,"HQD154680","SQ67095 061"
1300,10080,25.62,"3GC","2楷林",30,326,0,"HQE012580","SQ67430 551"
1220,10670,25.45,"2GB","2楷林",20,427,0,"HQA035230","SQ56674 061"
1330,9250,24.05,"3GC","2楷林",3,259,0,"HQX026930","SQ49536 041"
1570,10490,32.2,"2GD","2楷林",14,320,0,"HQX136380","SQ51150 541"
1040,9370,19.05,"3GB","2楷林",65,344,0,"HQZ002360","SQ53648 031"
1350,11830,31.22,"3GC","2楷林",11,460,0,"HQY101250","SQ52815 021"
1260,9730,23.97,"2GB","2楷林",74,334,0,"HQZ080690","SQ54581 011"
1550,11550,35,"2GC","2楷林",8,284,0,"HQD041610","SQ65163 021"
1390,10200,27.72,"2GD","2楷林",22,334,0,"HQA015210","SQ56399 021"
1290,11500,29,"3GC","2楷林",31,271,0,"HQZ013060","SQ53753 021"
1290,10810,27.26,"2GA","2楷林",51,336,0,"HQB107940","SQ60831 561"
1080,9780,20.65,"2GA","2楷林",67,326,0,"HQA149180","SQ58509 561"
1190,8420,19.59,"2GA","2楷林",62,465,0,"HQD016020","SQ64725 551"
1550,11550,35,"2GC","2楷林",5,285,0,"HQD042350","SQ65160 531"
1380,11770,31.75,"2GC","2楷林",34,311,0,"HQG005670","SQ72849 031"
1420,11870,32.95,"2GC","2楷林",25,473,0,"HQJ078410","SQ79617 031"
1250,8020,19.6,"2GC","2楷林",66,424,0,"HQY105910","SQ52862 051"
1270,9110,22.62,"2GB","2楷林",24,502,0,"HQD078000","SQ65655 521"
1360,6770,18,"2GA","2楷林",32,505,0,"HQX004700","SQ49143 511"
1210,8770,20.75,"2GA","2楷林",55,351,0,"HQF112740","SQ71827 531"
1090,8470,18.05,"2GB","2楷林",72,450,0,"HQF033290","SQ70527 041"
920,7770,13.98,"2GA","2楷林",15,343,0,"HQZ139150","SQ55630 591"
1390,8690,23.27,"2GA","2楷林",28,337,0,"HQX152300","SQ51301 021"
1330,11140,28.97,"2GB","2楷林",15,526,0,"HQY025740","SQ51859 021"
1290,9190,23.18,"2GA","2楷林",43,331,0,"HQB104770","SQ60752 051"
1110,10150,22.03,"2GB","2楷林",64,331,0,"HQC031690","SQ62383 011"
950,10330,19.19,"2GA","2楷林",73,375,1.3,"HQF045640","SQ70761 021"
1240,9380,22.74,"2GA","2楷林",80,318,0,"HQF141950","SQ72375 061"
1540,9620,28.96,"2GA","2楷林",3,334,0,"HQD061940","SQ65524 041"
1200,6700,15.72,"2GB","2楷林",27,469,0,"HQG105910","SQ74419 021"
1130,7170,15.84,"2GB","2楷林",87,468,0,"HQB057920","SQ59923 551"
1030,10900,21.95,"2GB","2楷林",76,514,0,"HQH063200","SQ76611 551"
1380,11800,31.84,"3GB","2楷林",4,426,0,"HQZ118720","SQ55255 011"
1090,8110,17.28,"2GC","2楷林",26,535,0,"HQC092060","SQ63514 541"
1220,9620,22.94,"2GB","2楷林",67,522,0,"HQH057420","SQ76474 521"
1570,7680,23.57,"2GA","2楷林",26,324,0,"HQD150730","SQ67012 041"
1390,7910,21.5,"2GC","2楷林",32,338,0,"HQC137960","SQ64308 551"
1380,11840,31.94,"2GA","2楷林",36,262,0,"HQZ135160","SQ55505 521"
1390,11680,31.74,"3GC","2楷林",36,274,0,"HQB088720","SQ60461 551"
1090,9420,20.07,"3GC","2楷林",50,497,0,"HQE064350","SQ68368 561"
940,11840,21.76,"2GA","2楷林",55,396,0,"HQG163960","SQ75451 551"
960,8460,15.88,"2GA","2楷林",82,453,0,"HQX026890","SQ49535 041"
1100,9390,20.19,"2GA","2楷林",93,362,4.4,"HQB029890","SQ59425 051"
1100,9860,21.2,"2GB","2楷林",44,327,0,"HQA073930","SQ57344 051"
1390,11630,31.6,"3GB","2楷林",1,299,0,"HQZ125200","SQ55358 031"
1130,11560,25.54,"2GC","2楷林",66,443,0,"HQF108090","SQ71743 531"
1510,10620,31.35,"3GC","2楷林",9,276,0,"HQA145120","SQ58474 541"
1270,9930,24.65,"2GB","2楷林",85,448,0,"HQD152810","SQ67074 511"
1380,11770,31.75,"2GB","2楷林",16,489,0,"HQY162410","SQ53579 031"
1050,11620,23.85,"3GB","2楷林",71,353,0,"HQX098260","SQ50650 051"
1430,7920,22.14,"3GC","2楷林",10,468,0,"HQY078380","SQ52511 021"
930,8730,15.87,"2GA","2楷林",42,308,0,"HQJ142840","SQ80812 581"
1290,8550,21.56,"2GA","2楷林",2,347,0,"HQA008700","SQ56318 551"
1110,9210,19.99,"2GB","2楷林",33,509,0,"HQZ168610","SQ56116 521"
1080,10910,23.04,"2GD","2楷林",85,308,0,"HQD141110","SQ66893 541"
970,8370,15.87,"2GA","2楷林",50,307,0,"HQF041490","SQ70687 051"
1020,11870,23.67,"2GC","2楷林",69,324,0,"HQA131720","SQ58266 531"
1290,8780,22.14,"2GB","2楷林",32,330,0,"HQY061870","SQ52345 561"
1250,8250,20.16,"2GD","2楷林",57,337,0,"HQG084100","SQ74159 521"
1150,11160,25.09,"2GD","2楷林",52,492,0,"HQJ051600","SQ79161 041"
1100,11110,23.89,"2GA","2楷林",74,351,0,"HQZ049640","SQ54151 511"
1550,9440,27.92,"2GD","2楷林",6,260,10.2,"HQE106580","SQ69141 531"
1260,9130,22.49,"2GA","2楷林",37,339,0,"HQH135370","SQ77924 031"
1190,9610,22.36,"3GC","2楷林",58,424,0,"HQZ041570","SQ54048 521"
1380,9440,25.1,"2GA","2楷林",21,345,0,"HQF120190","SQ71899 511"
1100,11100,23.87,"2GA","2楷林",66,354,0,"HQC123930","SQ64062 531"
1170,7540,17.25,"2GC","2楷林",13,529,0,"HQJ046480","SQ79050 061"
1390,11770,31.98,"2GC","2楷林",33,271,0,"HQZ111040","SQ55126 041"
1210,10450,24.72,"2GA","2楷林",38,510,0,"HQH154280","SQ78184 531"
1270,9620,23.89,"2GA","2楷林",1,316,0,"HQF146870","SQ72479 571"
1290,11870,29.94,"3GC","2楷林",19,322,0,"HQB117240","SQ61010 521"
1030,9780,19.69,"2GD","2楷林",69,528,73.6,"HQY039090","SQ51504 521"
1510,10190,30.08,"2GB","2楷林",3,503,0,"HQJ061260","SQ79288 541"
1240,10290,24.95,"2GA","2楷林",55,352,0,"HQE003510","SQ67276 021"
1410,9840,27.12,"2GA","2楷林",26,327,0,"HQY045850","SQ52113 511"
1500,10460,30.67,"2GD","2楷林",26,272,0,"HQD049770","SQ65294 551"
1390,8530,23.18,"2GA","2楷林",29,331,0,"HQB075110","SQ60238 551"
1400,11570,31.67,"2GA","2楷林",18,322,0,"HQD143440","SQ66887 541"
1190,11780,27.41,"3GC","2楷林",70,268,0,"HQZ121690","SQ55272 011"
1310,9050,23.18,"2GC","2楷林",35,325,0,"HQX140390","SQ51166 041"
1260,9410,23.18,"2GA","2楷林",45,363,0,"HQG023310","SQ73193 011"
1030,9670,19.47,"2GC","2楷林",105,327,0,"HQB064560","SQ60044 531"
1390,11090,30.14,"2GB","2楷林",41,338,0,"HQZ154350","SQ55854 041"
1270,11620,28.85,"2GA","2楷林",21,266,0,"HQJ048980","SQ79109 021"
1330,8560,22.26,"3GC","2楷林",42,439,0,"HQD067010","SQ65594 551"
1200,8020,18.81,"2GD","2楷林",26,391,0,"HQG081810","SQ74125 521"
1140,11640,25.49,"2GA","2楷林",21,326,0,"HQG064540","SQ73927 511"
1320,9650,24.5,"2GA","2楷林",80,304,12,"HQA085370","SQ57571 541"
1370,11630,31.15,"2GA","2楷林",51,313,0,"HQF071890","SQ71132 531"
1290,7540,19.02,"2GB","2楷林",30,320,0,"HQA143510","SQ58439 531"
1270,11450,28.43,"2GA","2楷林",14,502,0,"HQD078480","SQ65821 051"
970,11330,21.49,"2GB","2楷林",47,551,0,"HQD029050","SQ64945 531"
1300,8880,22.57,"2GA","2楷林",75,334,0,"HQX105280","SQ50727 511"
1190,9500,22.1,"3GC","2楷林",18,414,0,"HQH138440","SQ77955 061"
1140,7480,16.67,"2GB","2楷林",82,526,0,"HQA013110","SQ56362 531"
940,10390,19.09,"2GB","2楷林",33,453,0,"HQX050480","SQ49976 551"
1260,10380,25.57,"2GC","2楷林",55,344,13.1,"HQF140770","SQ72325 021"
1290,10130,25.55,"2GA","2楷林",29,340,0,"HQJ059550","SQ79258 511"
1220,9010,21.49,"2GA","2楷林",18,339,0,"HQJ080420","SQ79630 021"
1060,6700,13.88,"3GC","2楷林",17,341,0,"HQZ013470","SQ53769 601"
1130,11380,24.74,"2GC","2楷林",72,270,5.2,"HQG114120","SQ74518 531"
1260,9410,23.18,"2GA","2楷林",37,369,0,"HQH050880","SQ76409 521"
1230,11830,28.45,"2GB","2楷林",55,475,0,"HQX064650","SQ50226 031"
1250,11730,28.67,"2GB","2楷林",58,450,0,"HQJ039840","SQ78967 531"
990,7930,15.35,"2GA","2楷林",64,334,0,"HQE046410","SQ68044 031"
1100,9530,20.03,"2GA","2楷林",71,333,0,"HQF159060","SQ72649 011"
1110,11000,23.87,"2GA","2楷林",84,358,0,"HQD013600","SQ64708 011"
1270,8900,22.1,"2GC","2楷林",4,276,0,"HQZ068120","SQ54412 031"
1390,11080,30.11,"2GC","2楷林",10,322,0,"HQX056570","SQ50077 031"
1260,9560,23.55,"2GA","2楷林",22,318,0,"HQE001100","SQ67250 511"
1300,7960,20.23,"2GA","2楷林",19,350,0,"HQH084430","SQ77022 551"
1040,11830,24.05,"3GB","2楷林",78,292,0,"HQJ145910","SQ80868 031"
1070,8310,17.38,"3GC","2楷林",48,526,0,"HQG140760","SQ75066 021"
1330,10120,26.31,"3GB","2楷林",42,340,0,"HQC026060","SQ62329 041"
1290,9190,23.18,"2GA","2楷林",41,331,0,"HQE113350","SQ69284 021"
1270,9330,23.16,"2GA","2楷林",71,323,0,"HQD129860","SQ66649 551"
1270,9100,22.59,"2GB","2楷林",68,347,0,"HQZ091070","SQ54757 031"
970,11080,21.01,"3GC","2楷林",61,327,0,"HQF145020","SQ72430 021"
1230,11750,28.25,"2GB","2楷林",93,519,0,"HQZ074210","SQ54494 021"
1190,11340,26.38,"2GC","2楷林",45,340,0,"HQA040170","SQ56743 531"
1250,11130,27.2,"3GC","2楷林",25,339,0,"HQH035240","SQ76156 021"
1310,11580,29.66,"3GC","2楷林",56,442,0,"HQG007380","SQ72874 051"
1100,7500,16.13,"2GD","2楷林",72,451,0,"HQA018800","SQ56474 071"
1390,11100,30.16,"2GC","2楷林",20,257,0,"HQH079870","SQ76941 521"
1330,10960,27.96,"2GB","2楷林",79,517,0,"HQB093950","SQ60574 011"
1150,8960,20.14,"2GC","2楷林",76,466,0,"HQE080120","SQ68652 061"
1330,8560,22.26,"2GB","2楷林",33,430,0,"HQD013090","SQ64693 031"
1450,8910,24.91,"2GB","2楷林",9,526,0,"HQZ038590","SQ54023 011"
1120,11000,24.09,"2GC","2楷林",68,527,0,"HQA012040","SQ56378 061"
1290,5660,14.27,"2GA","2楷林",54,344,0,"HQB122360","SQ61115 031"
1410,11140,30.71,"2GB","2楷林",3,523,0,"HQX015260","SQ49320 531"
1570,9320,27.92,"2GD","2楷林",5,259,11.7,"HQE106570","SQ69138 031"
1470,10500,30.18,"2GC","2楷林",12,324,0,"HQF125160","SQ72019 011"
1550,8270,25.06,"2GB","2楷林",18,547,0,"HQZ110890","SQ55115 031"
1270,10160,25.23,"2GA","2楷林",73,336,0,"HQZ167570","SQ56104 021"
1320,11470,29.6,"2GA","2楷林",40,458,0,"HQA156680","SQ58649 031"
1040,10510,21.37,"2GA","2楷林",20,328,0,"HQE095950","SQ68947 511"
1070,9600,20.08,"2GA","2楷林",74,446,0,"HQZ156960","SQ55878 551"
930,9990,18.16,"2GA","2楷林",23,316,0,"HQF042380","SQ70714 541"
1240,9400,22.79,"2GD","2楷林",89,348,0,"HQJ005090","SQ78426 511"
1190,8050,18.73,"2GC","2楷林",64,361,0,"HQJ131610","SQ80556 541"
1250,11130,27.2,"2GA","2楷林",12,346,0,"HQG154140","SQ75266 521"
970,8260,15.66,"2GA","2楷林",86,276,0,"HQF084080","SQ71329 051"
1300,9370,23.81,"2GB","2楷林",9,464,0,"HQD152050","SQ67066 021"
1450,8380,23.76,"2GA","2楷林",32,272,0,"HQH032870","SQ76092 031"
1090,9450,20.14,"2GA","2楷林",63,325,0,"HQZ094610","SQ54785 531"
1260,8560,21.09,"3GC","2楷林",27,333,0,"HQF135990","SQ72227 531"
950,10300,19.13,"3GC","2楷林",66,327,0,"HQF049410","SQ70797 571"
1220,11050,26.36,"2GC","2楷林",55,334,0,"HQH037130","SQ76164 521"
1060,6760,14.01,"2GA","2楷林",26,341,0,"HQX089870","SQ50524 511"
1350,8650,22.58,"2GA","2楷林",23,307,0,"HQD046990","SQ65253 521"
1260,9200,22.66,"3GC","2楷林",63,331,0,"HQX121980","SQ50949 061"
1140,11590,25.42,"2GC","2楷林",76,292,9.3,"HQD022510","SQ64821 521"
1270,9490,23.56,"2GB","2楷林",25,325,0,"HQD004070","SQ64560 041"
1320,8910,22.99,"2GB","2楷林",56,510,0,"HQH094230","SQ77209 531"
960,11870,22.28,"2GC","2楷林",59,327,0,"HQD010440","SQ64668 541"
1140,11500,25.07,"2GA","2楷林",68,327,0,"HQZ146270","SQ55691 511"
1260,8480,20.89,"2GA","2楷林",35,340,0,"HQJ028050","SQ78775 551"
1140,11810,26.32,"2GC","2楷林",43,479,0,"HQE078850","SQ68626 031"
1260,8430,20.77,"2GA","2楷林",2,318,0,"HQF098280","SQ71573 541"
1290,8520,21.49,"2GA","2楷林",12,340,0,"HQA023980","SQ56481 051"
1330,11860,30.84,"2GA","2楷林",37,457,0,"HQD051280","SQ65317 551"
1510,10430,30.79,"2GD","2楷林",15,316,0,"HQG021220","SQ73171 041"
1140,9920,22.11,"2GA","2楷林",43,331,0,"HQF056680","SQ70917 561"
1110,11010,23.89,"2GB","2楷林",1,353,0,"HQD044990","SQ65219 561"
1180,9150,21.11,"2GB","2楷林",83,422,0,"HQE120590","SQ69377 561"
1240,11660,27.81,"3GC","2楷林",48,533,0,"HQB081620","SQ60338 511"
1140,7480,16.67,"2GB","2楷林",84,526,0,"HQA013130","SQ56362 031"
1300,8180,20.79,"2GA","2楷林",16,461,0,"HQH092590","SQ77178 541"
1030,9470,19.07,"2GB","2楷林",96,331,0,"HQY046550","SQ52154 551"
1390,11810,32.09,"2GB","2楷林",66,533,0,"HQE072070","SQ68471 011"
1280,6910,17.29,"2GA","2楷林",49,321,0,"HQC041860","SQ62594 051"
1240,9400,22.79,"2GA","2楷林",67,339,0,"HQJ082190","SQ79672 561"
1290,11080,27.4,"2GA","2楷林",29,273,0,"HQY097740","SQ52768 511"
1180,11570,26.69,"3GC","2楷林",65,255,0,"HQD088980","SQ65973 061"
1030,9670,19.47,"2GB","2楷林",42,330,0,"HQB068170","SQ60109 021"
1090,11770,25.08,"3GC","2楷林",60,396,0,"HQF045510","SQ70763 031"
1030,11850,23.86,"2GA","2楷林",59,355,0,"HQX031630","SQ49603 021"
1260,7840,19.31,"2GD","2楷林",22,351,0,"HQD024590","SQ64853 531"
1320,9410,24.28,"2GA","2楷林",44,312,0,"HQZ086590","SQ54671 061"
900,9860,17.35,"2GA","2楷林",77,330,0,"HQZ038470","SQ54003 571"
1110,11600,25.17,"2GA","2楷林",77,357,0,"HQZ065090","SQ54352 531"
1240,8530,20.35,"2GA","2楷林",35,322,9.3,"HQE087330","SQ68720 531"
1570,11370,34.9,"3GC","2楷林",46,271,0,"HQE135390","SQ69660 521"
1390,11230,30.3,"3GC","2楷林",3,315,0,"HQA071220","SQ57310 011"
1460,11570,33.02,"2GC","2楷林",58,270,0,"HQZ042640","SQ54075 521"
1270,10020,24.88,"2GC","2楷林",41,452,0,"HQH147790","SQ78103 521"
1090,11770,25.08,"2GB","2楷林",54,533,0,"HQG111590","SQ74511 541"
1100,7930,17.05,"2GB","2楷林",37,366,0,"HQY007310","SQ51608 041"
1290,8850,22.32,"2GA","2楷林",74,347,0,"HQC057350","SQ62881 021"
1290,11850,29.89,"3GC","2楷林",66,271,0,"HQZ011870","SQ53749 021"
1070,11640,24.01,"3GC","2楷林",85,299,0,"HQJ040110","SQ78972 011"
1090,9630,20.52,"2GA","2楷林",45,338,0,"HQY109020","SQ52894 551"
1090,5730,12.21,"2GA","2楷林",95,341,0,"HQX034390","SQ49664 041"
1220,8240,19.65,"2GB","2楷林",43,422,0,"HQZ011640","SQ53747 551"
1030,11860,23.88,"2GA","2楷林",45,347,0,"HQG117550","SQ74625 531"
1000,11450,22.38,"2GA","2楷林",70,336,0,"HQJ097240","SQ79962 051"
1300,11860,30.14,"2GB","2楷林",72,324,0,"HQF119290","SQ71964 031"
1320,8430,21.75,"2GA","2楷林",3,299,0,"HQZ087020","SQ54693 061"
1130,11710,25.41,"2GC","2楷林",34,309,0,"HQF053950","SQ70897 021"
1400,11860,32.46,"2GB","2楷林",3,338,0,"HQB149820","SQ61522 041"
1100,8310,17.58,"2GC","2楷林",104,302,10,"HQZ082700","SQ54599 551"
1220,10550,25.16,"2GB","2楷林",47,467,0,"HQJ036510","SQ78895 521"
1360,11330,30.12,"2GA","2楷林",36,331,0,"HQX015590","SQ49341 011"
1070,11420,23.89,"2GA","2楷林",93,291,0,"HQX040590","SQ49784 511"
1070,11090,23.2,"2GB","2楷林",31,490,0,"HQJ061540","SQ79306 031"
1030,9270,18.67,"2GA","2楷林",57,318,0,"HQX002250","SQ49099 511"
910,9740,17.33,"2GB","2楷林",62,341,0,"HQF037770","SQ70629 051"
1200,11810,27.71,"2GB","2楷林",14,517,0,"HQG110290","SQ74489 541"
1080,10230,21.6,"3GC","2楷林",42,285,0,"HQJ081250","SQ79652 551"
1250,8030,19.62,"2GA","2楷林",28,331,0,"HQH088840","SQ77116 511"
1040,9730,19.78,"2GA","2楷林",105,344,0,"HQD066560","SQ65581 541"
1390,11660,31.69,"2GC","2楷林",1,339,0,"HQX056480","SQ50076 521"
1290,7720,19.47,"2GA","2楷林",19,330,0,"HQX018630","SQ49361 031"
1120,11340,24.83,"3GB","2楷林",21,494,0,"HQX050360","SQ49971 551"
1020,11860,23.65,"2GA","2楷林",93,339,0,"HQX107410","SQ50751 051"
1500,11870,34.81,"3GC","2楷林",8,295,0,"HQZ009440","SQ53729 021"
1290,9080,22.9,"3GC","2楷林",30,338,0,"HQY137140","SQ53261 541"
1270,7370,18.3,"3GB","2楷林",15,433,0,"HQA034380","SQ56654 061"
1240,10530,25.53,"2GA","2楷林",50,333,0,"HQE097560","SQ68876 541"
1540,10010,30.14,"2GA","2楷林",28,331,0,"HQG142610","SQ75077 021"
1060,10660,22.09,"2GA","2楷林",58,444,0,"HQD060170","SQ65489 531"
1550,11550,35,"3GC","2楷林",3,339,0,"HQA086930","SQ57594 511"
1490,11200,32.63,"2GB","2楷林",6,469,0,"HQH095880","SQ77226 041"
1080,10490,22.15,"3GC","2楷林",91,327,0,"HQA136130","SQ58303 541"
1380,11850,31.97,"2GA","2楷林",35,303,0,"HQY163640","SQ53625 031"
1290,9360,23.61,"2GA","2楷林",32,338,0,"HQB126840","SQ61198 031"
1280,8320,20.58,"2GA","2楷林",63,339,0,"HQA051390","SQ56971 021"
1070,11790,24.66,"2GA","2楷林",20,355,0,"HQG121130","SQ74720 551"
1170,11000,25.16,"2GB","2楷林",32,424,0,"HQA129460","SQ58226 531"
960,11820,22.18,"2GA","2楷林",85,421,0,"HQG031560","SQ73302 511"
1250,11100,26.69,"2GD","2楷林",24,452,0,"HQJ076450","SQ79574 021"
1370,10450,27.99,"2GC","2楷林",87,338,0,"HQX057340","SQ50089 561"
1000,10010,19.57,"2GC","2楷林",58,282,0,"HQJ080820","SQ79654 031"
1000,7810,15.27,"2GA","2楷林",77,337,0,"HQB027390","SQ59363 061"
1290,9220,22.88,"2GB","2楷林",8,330,11.6,"HQA151320","SQ58532 041"
1240,8990,21.79,"2GB","2楷林",48,457,0,"HQF030370","SQ70505 061"
1400,9580,25.75,"2GB","2楷林",39,337,0,"HQX108850","SQ50763 011"
1570,11390,34.96,"2GC","2楷林",6,267,0,"HQZ077070","SQ54536 521"
1090,9890,21.08,"3GC","2楷林",35,426,0,"HQF048140","SQ70768 061"
1570,10000,30.69,"2GA","2楷林",5,269,0,"HQG000440","SQ72740 521"
1260,9730,23.97,"2GC","2楷林",52,425,0,"HQA140980","SQ58409 011"
1220,11320,27,"2GA","2楷林",53,327,0,"HQF069890","SQ71107 541"
1470,10630,30.55,"2GC","2楷林",29,329,0,"HQY090080","SQ52657 041"
1020,9310,18.57,"2GC","2楷林",70,335,0,"HQB108860","SQ60863 531"
1280,11580,28.98,"2GC","2楷林",77,337,0,"HQB050580","SQ59773 511"
1320,8940,23.07,"2GA","2楷林",33,325,0,"HQC068280","SQ63090 541"
1570,7830,24.03,"2GC","2楷林",7,268,0,"HQC020370","SQ62231 521"
1210,10180,24.08,"2GC","2楷林",76,516,0,"HQX134190","SQ51099 511"
1010,9060,17.89,"2GA","2楷林",41,337,0,"HQF037560","SQ70616 531"
960,8260,15.5,"2GA","2楷林",80,328,0,"HQJ064530","SQ79368 071"
1290,7560,18.76,"2GC","2楷林",23,319,10.1,"HQB150720","SQ61529 031"
1570,11550,34.89,"2GD","2楷林",19,269,0,"HQC139460","SQ64346 011"
1000,10850,21.21,"2GA","2楷林",40,408,0,"HQC086940","SQ63432 551"
1090,11440,24.38,"2GC","2楷林",38,266,0,"HQE131150","SQ69565 531"
1300,11780,29.94,"2GB","2楷林",55,467,0,"HQB057600","SQ59923 031"
1270,11650,28.93,"3GC","2楷林",25,473,0,"HQY057840","SQ52287 031"
1330,11410,29.67,"2GB","2楷林",30,487,0,"HQA017570","SQ56460 031"
1270,10100,25.08,"2GD","2楷林",28,327,0,"HQH127920","SQ77792 541"
1070,9850,20.6,"2GC","2楷林",61,537,0,"HQJ142280","SQ80794 531"
1230,11280,27.12,"2GC","2楷林",52,335,0,"HQA118700","SQ58071 541"
1450,6800,19.28,"3GC","2楷林",7,304,0,"HQC138650","SQ64327 031"
1100,9340,20.09,"2GA","2楷林",47,381,0,"HQC011490","SQ62067 021"
1210,10230,24.2,"2GA","2楷林",60,443,0,"HQG043440","SQ73528 521"
1220,9680,23.09,"2GB","2楷林",56,411,0,"HQB085290","SQ60394 011"
1190,7160,16.38,"2GC","2楷林",27,431,0,"HQD019330","SQ64800 511"
990,11440,22.14,"2GA","2楷林",59,325,0,"HQA037980","SQ56716 061"
1130,9550,21.1,"2GB","2楷林",55,416,0,"HQB113370","SQ60928 511"
1500,9440,27.68,"2GA","2楷林",16,250,0,"HQZ123510","SQ55291 041"
1070,10090,21.11,"2GA","2楷林",28,333,0,"HQD145190","SQ66928 531"
1450,9750,27.64,"2GA","2楷林",4,260,0,"HQH103040","SQ77325 031"
1390,11870,32.26,"2GA","2楷林",7,326,0,"HQC022570","SQ62239 051"
1150,8700,19.56,"2GC","2楷林",91,414,0,"HQY017660","SQ51739 561"
1370,9410,25.2,"2GA","2楷林",12,354,0,"HQZ049020","SQ54144 021"
1360,7740,20.58,"2GA","2楷林",13,454,0,"HQE063370","SQ68306 541"
1380,11600,31.3,"2GA","2楷林",56,269,0,"HQF075640","SQ71192 541"
1220,8790,20.71,"3GC","2楷林",28,347,0,"HQC092710","SQ63556 511"
1380,11140,30.05,"2GA","2楷林",15,294,0,"HQY034360","SQ52011 021"
1390,11070,30.08,"2GB","2楷林",53,334,0,"HQZ154470","SQ55854 521"
960,9680,18.17,"3GC","2楷林",30,336,0,"HQD097980","SQ66177 561"
1410,11810,32.55,"3GC","2楷林",3,497,0,"HQA056090","SQ57046 031"
1100,11100,23.87,"2GA","2楷林",46,356,0,"HQJ115830","SQ80324 541"
1280,8040,20.12,"2GC","2楷林",36,319,0,"HQZ106900","SQ55077 011"
1040,8790,17.87,"2GB","2楷林",26,339,0,"HQD043940","SQ65205 031"
1180,10060,23.21,"2GA","2楷林",20,300,0,"HQG037250","SQ73394 061"
1250,11240,27.47,"3GB","2楷林",36,456,0,"HQH058900","SQ76535 021"
1260,11760,28.97,"2GA","2楷林",72,259,0,"HQD102860","SQ66217 041"
1270,8090,20.09,"2GD","2楷林",22,447,0,"HQY062680","SQ52365 031"
1340,11870,31.1,"2GD","2楷林",7,317,0,"HQA127770","SQ58197 021"
1550,11590,34.67,"3GC","2楷林",12,327,0,"HQZ106030","SQ55048 511"
1570,10450,32.07,"2GA","2楷林",12,323,0,"HQB117680","SQ61018 541"
1000,9920,19.39,"2GA","2楷林",70,343,0,"HQJ100900","SQ80027 521"
1400,9440,25.84,"2GD","2楷林",9,335,0,"HQB144420","SQ61513 021"
1430,11690,32.68,"2GB","2楷林",19,552,0,"HQD028770","SQ64938 051"
1010,9090,17.95,"2GA","2楷林",50,344,0,"HQJ083840","SQ79709 051"
1520,11770,34.42,"2GA","2楷林",8,273,11.1,"HQJ124440","SQ80435 521"
1570,9020,27.33,"2GD","2楷林",16,359,0,"HQX071810","SQ50296 011"
1140,11060,24.65,"2GC","2楷林",57,366,0,"HQH033720","SQ76101 041"
1110,11060,24,"2GA","2楷林",88,349,0,"HQD087460","SQ65979 021"
1140,11760,25.58,"2GC","2楷林",75,272,5.8,"HQJ118180","SQ80341 521"
1220,6570,15.67,"2GC","2楷林",15,514,126.1,"HQH134670","SQ77147 041"
1340,11730,30.73,"2GB","2楷林",15,522,0,"HQC119280","SQ63968 521"
1140,9200,20.5,"2GD","2楷林",47,462,0,"HQA106350","SQ57893 051"
1390,11760,31.96,"2GA","2楷林",7,314,0,"HQC023470","SQ62246 041"
910,10700,19.04,"2GA","2楷林",85,340,0,"HQG134040","SQ74934 031"
1560,11660,34.99,"2GD","2楷林",11,325,0,"HQD062020","SQ65518 011"
1100,10100,21.37,"2GA","2楷林",53,329,6,"HQX128150","SQ51019 541"
1440,11600,32.66,"2GA","2楷林",25,281,0,"HQD103170","SQ66244 031"
1290,9220,22.88,"2GC","2楷林",37,326,10.9,"HQA076510","SQ57377 561"
1390,8640,23.1,"2GB","2楷林",10,331,12,"HQF043840","SQ70701 531"
1220,10530,25.12,"2GB","2楷林",51,510,0,"HQB115000","SQ60969 561"
1060,11400,23.62,"2GB","2楷林",39,415,0,"HQE027990","SQ67693 531"
1110,9310,20.2,"2GB","2楷林",50,490,0,"HQA094930","SQ57764 551"
1320,10150,26.19,"2GA","2楷林",31,343,0,"HQX125920","SQ50975 041"
1040,11870,24.13,"2GA","2楷林",40,337,0,"HQX145220","SQ51236 561"
1120,11370,24.56,"2GA","2楷林",85,351,0,"HQX088600","SQ50522 511"
1360,11800,31.37,"2GC","2楷林",93,330,0,"HQY087770","SQ52638 551"
1180,10750,24.8,"2GC","2楷林",44,326,0,"HQC039570","SQ62551 061"
1160,11550,25.85,"2GA","2楷林",1,304,0,"HQG092490","SQ74205 011"
1320,8870,22.89,"2GA","2楷林",34,338,0,"HQA001910","SQ56185 521"
1300,8290,21.07,"2GA","2楷林",68,294,0,"HQB105020","SQ60717 521"
1480,7110,20.57,"2GA","2楷林",8,293,0,"HQD021220","SQ64810 031"
1570,9940,30.51,"2GA","2楷林",13,332,0,"HQF064210","SQ70981 051"
910,10470,18.63,"2GC","2楷林",80,338,0,"HQZ014100","SQ53774 551"
1390,10630,28.89,"2GA","2楷林",20,338,0,"HQD074330","SQ65705 541"
1400,9170,25.1,"2GC","2楷林",58,323,0,"HQY066290","SQ52393 011"
1420,9280,25.76,"2GA","2楷林",12,458,0,"HQB084850","SQ60397 521"
1090,10580,22.18,"2GA","2楷林",63,263,14.3,"HQC095130","SQ63557 561"
1410,11600,31.98,"2GA","2楷林",22,270,0,"HQZ161300","SQ55953 531"
1270,8350,20.73,"2GA","2楷林",15,323,0,"HQF018470","SQ70349 551"
1260,8330,20.52,"3GC","2楷林",57,323,0,"HQZ112170","SQ55155 061"
1360,10680,27.98,"2GA","2楷林",57,295,0,"HQH079350","SQ76937 511"
1240,9730,23.59,"2GB","2楷林",42,418,0,"HQY100670","SQ52801 561"
1350,11640,30.72,"3GC","2楷林",14,467,0,"HQY101280","SQ52815 041"
1100,6940,14.92,"2GA","2楷林",32,459,0,"HQJ135730","SQ80671 031"
1310,8620,22.08,"3GC","2楷林",2,321,0,"HQZ044470","SQ54104 561"
1240,10230,24.8,"3GB","2楷林",43,336,0,"HQC094930","SQ63575 011"
1380,11380,30.7,"2GA","2楷林",1,324,0,"HQZ025690","SQ53855 041"
950,10160,18.87,"2GA","2楷林",84,304,0,"HQE075400","SQ68558 061"
1380,11790,31.81,"2GB","2楷林",59,494,0,"HQY084650","SQ52591 031"
1300,11720,29.79,"2GB","2楷林",32,545,0,"HQH046590","SQ76344 531"
1180,10060,23.21,"2GA","2楷林",21,301,0,"HQG037260","SQ73394 551"
1190,8730,20.31,"2GB","2楷林",55,547,0,"HQA062400","SQ57145 521"
1490,11790,34.34,"3GC","2楷林",6,450,0,"HQG133250","SQ74929 061"
1370,7910,20.85,"2GA","2楷林",48,300,9.7,"HQC013140","SQ62044 051"
1290,8950,22.57,"2GC","2楷林",9,332,0,"HQY066740","SQ52413 561"
950,9190,17.07,"2GB","2楷林",79,354,0,"HQF087480","SQ71371 561"
1290,10360,26.13,"2GA","2楷林",16,339,0,"HQZ052400","SQ54199 091"
1020,11850,23.63,"2GC","2楷林",82,332,0,"HQD094520","SQ66105 531"
1100,11100,23.87,"3GC","2楷林",93,354,0,"HQA144940","SQ58431 531"
1570,9910,30.42,"2GA","2楷林",4,326,0,"HQG073050","SQ74023 011"
1130,10010,22.11,"2GA","2楷林",50,334,0,"HQE099210","SQ69022 521"
1290,11180,28.2,"2GA","2楷林",17,335,0,"HQA043130","SQ56819 011"
980,9960,19.08,"2GC","2楷林",74,374,0,"HQY119630","SQ53044 021"
1260,10630,26.18,"2GB","2楷林",43,336,0,"HQJ089580","SQ79805 021"
1280,9060,22.67,"2GC","2楷林",88,338,0,"HQE032790","SQ67777 061"
1190,11360,26.43,"2GA","2楷林",72,343,0,"HQE012170","SQ67422 541"
1030,7610,15.32,"2GC","2楷林",68,350,0,"HQE126740","SQ69494 031"
1310,11830,30.3,"2GA","2楷林",31,340,0,"HQB145930","SQ61514 521"
920,11450,20.59,"2GC","2楷林",61,404,0,"HQG023470","SQ73187 511"
1340,9440,24.73,"3GB","2楷林",18,450,0,"HQF165440","SQ72761 521"
1390,8460,22.99,"2GA","2楷林",31,340,0,"HQX109690","SQ50785 011"
1390,11070,30.08,"3GB","2楷林",18,324,0,"HQF083400","SQ71283 031"
1180,8150,18.8,"2GB","2楷林",89,428,0,"HQH023140","SQ75934 051"
1390,10290,27.96,"3GC","2楷林",10,329,0,"HQA095350","SQ57766 521"
1000,9960,19.47,"2GC","2楷林",108,328,0,"HQF021360","SQ70387 041"
990,10480,20.28,"2GA","2楷林",68,390,0,"HQE046450","SQ68037 511"
1400,8460,23.16,"2GA","2楷林",30,331,0,"HQE000450","SQ67234 011"
1180,11570,26.69,"2GA","2楷林",33,442,0,"HQF015680","SQ70268 531"
1400,11660,31.91,"2GA","2楷林",50,271,0,"HQY004960","SQ51582 051"
940,10660,19.59,"2GC","2楷林",47,459,0,"HQE039210","SQ67908 551"
1280,9020,22.57,"2GC","2楷林",50,328,0,"HQC122920","SQ64067 071"
1390,11810,32.09,"2GC","2楷林",14,325,0,"HQC106240","SQ63751 521"
1570,11380,34.37,"2GD","2楷林",26,299,11.3,"HQC142350","SQ64368 021"
1240,11690,28.34,"2GB","2楷林",43,531,0,"HQX006600","SQ49197 531"
1000,9490,18.55,"2GA","2楷林",67,408,0,"HQC085430","SQ63429 051"
1540,8930,26.45,"3GC","2楷林",26,334,0,"HQY148920","SQ53383 011"
1260,9290,22.88,"2GA","2楷林",17,335,0,"HQJ016430","SQ78618 511"
1280,9240,23.12,"2GA","2楷林",29,334,0,"HQH112220","SQ77518 061"
1190,10090,23.47,"3GB","2楷林",59,335,0,"HQY056640","SQ52273 541"
1200,11390,26.72,"2GC","2楷林",34,463,0,"HQE078760","SQ68621 551"
1090,9950,21.2,"2GA","2楷林",102,327,0,"HQE086970","SQ68805 551"
1110,11060,24,"2GB","2楷林",49,355,0,"HQA121460","SQ58105 511"
1490,10460,30.47,"2GC","2楷林",30,325,0,"HQY148960","SQ53383 041"
1330,11080,28.81,"2GD","2楷林",45,290,0,"HQE120210","SQ69386 541"
1030,11860,23.88,"2GA","2楷林",51,351,0,"HQX148570","SQ51275 021"
1240,9400,22.79,"3GC","2楷林",52,494,0,"HQH091590","SQ77144 021"
1310,9170,23.48,"2GC","2楷林",97,329,0,"HQY090760","SQ52677 061"
1310,9830,25.18,"2GB","2楷林",4,457,0,"HQF076820","SQ71200 051"
1350,9240,24.39,"2GA","2楷林",28,337,0,"HQA057030","SQ57090 561"
1270,11320,28.11,"2GA","2楷林",15,273,0,"HQJ048560","SQ79107 031"
1270,9750,24.21,"2GC","2楷林",61,342,0,"HQH130640","SQ77844 511"
1360,11770,31.29,"2GA","2楷林",3,457,0,"HQE062820","SQ68303 541"
1570,9290,28.51,"2GB","2楷林",15,422,0,"HQC058700","SQ62923 011"
1040,11790,23.97,"2GA","2楷林",63,339,0,"HQB044280","SQ59673 011"
930,8730,15.87,"2GA","2楷林",49,308,0,"HQJ143580","SQ80812 071"
1500,8300,24.02,"2GB","2楷林",6,552,0,"HQE132120","SQ69577 011"
1190,9490,22.08,"3GC","2楷林",15,324,0,"HQB101090","SQ60667 521"
1540,10960,33,"2GA","2楷林",22,336,0,"HQE050510","SQ68106 031"
1280,9190,23,"2GA","2楷林",54,341,0,"HQB032020","SQ59459 051"
1430,11750,32.5,"2GA","2楷林",69,269,0,"HQA066950","SQ57232 011"
1030,7610,15.32,"2GA","2楷林",74,352,0,"HQF013260","SQ70219 021"
1390,8390,22.8,"3GC","2楷林",59,346,0,"HQA107060","SQ57899 041"
1570,9320,27.92,"2GA","2楷林",8,256,12.3,"HQG048870","SQ73602 531"
1290,11160,28.14,"2GD","2楷林",51,336,0,"HQB056780","SQ59865 031"
1160,10330,23.43,"3GC","2楷林",75,535,0,"HQH086520","SQ77072 541"
1280,11130,27.41,"2GC","2楷林",12,286,7,"HQF105480","SQ71668 021"
1430,8960,25.05,"3GB","2楷林",26,425,0,"HQG080560","SQ74083 061"
1550,11210,33.97,"2GA","2楷林",22,324,0,"HQG049790","SQ73684 021"
1490,8970,25.95,"2GA","2楷林",10,312,0,"HQH021000","SQ75891 011"
980,10550,20.21,"2GA","2楷林",80,326,0,"HQG090040","SQ74187 531"
1250,10700,26.15,"2GB","2楷林",20,511,0,"HQY058770","SQ52314 021"
1240,10290,24.95,"2GA","2楷林",81,345,0,"HQE003770","SQ67278 531"
1380,11830,31.92,"2GA","2楷林",3,273,0,"HQX073560","SQ50330 021"
1100,11110,23.89,"2GA","2楷林",61,351,0,"HQZ127800","SQ55392 031"
1380,11720,31.62,"2GA","2楷林",12,275,0,"HQJ040450","SQ78947 551"
1240,6400,15.33,"2GB","2楷林",55,414,0,"HQH077220","SQ76889 011"
1210,11150,26.38,,"2楷林",75,460,0,"HQJ078910","SQ79627 541"
1210,10960,25.39,"2GA","2楷林",1,287,0,"HQF041000","SQ70654 021"
980,9980,19.12,"3GC","2楷林",97,329,0,"HQF046800","SQ70786 541"
1260,11500,28.33,"2GB","2楷林",87,524,0,"HQE073480","SQ68484 011"
1280,10520,25.81,"2GA","2楷林",71,338,0,"HQB093870","SQ60533 011"
1360,8690,23.1,"2GC","2楷林",65,348,0,"HQC074900","SQ63234 051"
1020,11850,23.63,"2GB","2楷林",39,347,0,"HQX068300","SQ50268 531"
960,10170,19.09,"2GA","2楷林",47,325,0,"HQF096680","SQ71558 061"
1230,11510,27.68,"2GA","2楷林",35,277,0,"HQD084660","SQ65919 521"
1120,11690,25.6,"2GA","2楷林",83,443,0,"HQC027150","SQ62351 541"
1290,11870,29.94,"2GA","2楷林",10,324,0,"HQB107530","SQ60823 041"
1450,11840,32.76,"2GA","2楷林",11,255,7,"HQG010280","SQ72914 021"
1130,6300,13.92,"2GC","2楷林",63,441,0,"HQF108060","SQ71743 031"
1410,10340,28,"2GC","2楷林",23,298,0,"HQH048890","SQ76376 511"
980,9960,19.08,"2GA","2楷林",62,326,0,"HQE023180","SQ67641 571"
1290,10800,27.24,"2GC","2楷林",46,419,0,"HQC111360","SQ63827 511"
1410,9700,26.36,"2GC","2楷林",34,270,0,"HQG045430","SQ73591 021"
1290,9870,24.89,"2GA","2楷林",52,340,0,"HQA064500","SQ57162 011"
1240,7630,18.5,"3GD","2楷林",48,468,0,"HQF163110","SQ72692 051"
1190,8710,20.09,"2GB","2楷林",26,422,0,"HQA129400","SQ58226 011"
1290,11730,29.58,"2GA","2楷林",21,332,0,"HQD026810","SQ64898 531"
1490,11230,32.71,"2GA","2楷林",44,274,0,"HQH087980","SQ77091 031"
1290,10140,24.96,"2GC","2楷林",43,310,8.6,"HQF162570","SQ72689 541"
1290,11060,27.89,"2GC","2楷林",22,336,0,"HQC041590","SQ62599 021"
1490,8550,24.91,"3GC","2楷林",24,256,0,"HQD104660","SQ66261 541"
1290,10910,27.51,"2GA","2楷林",33,325,0,"HQA145360","SQ58473 041"
1210,8910,21.08,"2GB","2楷林",69,428,0,"HQX107170","SQ50748 511"
1100,9330,20.06,"2GA","2楷林",57,349,0,"HQA007860","SQ56273 531"
1360,7760,20.63,"2GA","2楷林",10,318,0,"HQZ017940","SQ53838 531"
1350,9540,25.18,"2GA","2楷林",75,326,0,"HQA152850","SQ58582 551"
1380,11750,31.7,"2GA","2楷林",15,300,0,"HQA018230","SQ56450 541"
1570,11400,34.43,"2GA","2楷林",4,254,4.9,"HQH105650","SQ77377 021"
1080,7870,16.62,"2GA","2楷林",85,335,0,"HQZ144460","SQ55672 051"
1120,11540,24.93,"2GA","2楷林",50,319,0,"HQE111340","SQ69254 021"
1210,6470,15.12,"2GB","2楷林",74,424,0,"HQH022990","SQ75934 011"
990,9880,19.12,"2GA","2楷林",50,329,0,"HQA030570","SQ56602 571"
1290,8950,22.57,"2GA","2楷林",50,334,0,"HQA145530","SQ58478 551"
1290,8750,22.07,"2GA","2楷林",31,322,0,"HQD160490","SQ67205 541"
1310,7600,19.46,"2GB","2楷林",82,477,0,"HQF040840","SQ70683 031"
1300,11350,28.85,"3GC","2楷林",6,317,0,"HQA120270","SQ58093 021"
1200,8150,19.12,"3GB","2楷林",37,554,0,"HQF115600","SQ71884 541"
1240,10060,24.39,"2GB","2楷林",24,495,0,"HQY162490","SQ53608 511"
1530,11700,35,"3GC","2楷林",5,302,0,"HQB009540","SQ59063 031"
960,8850,16.61,"2GA","2楷林",90,363,0,"HQF147760","SQ72453 051"
990,11470,22.2,"2GB","2楷林",82,329,0,"HQA142230","SQ58426 541"
1150,8860,19.92,"2GB","2楷林",25,351,0,"HQJ055180","SQ79196 531"
1540,11620,34.98,"2GC","2楷林",6,270,0,"HQG045150","SQ73580 541"
1000,8720,17.05,"3GC","2楷林",74,329,0,"HQF020140","SQ70382 551"
1090,10220,21.38,"3GC","2楷林",51,298,0,"HQD055010","SQ65403 531"
1200,9010,21.14,"2GA","2楷林",105,328,0,"HQE007130","SQ67354 521"
1280,9260,23.17,"2GC","2楷林",72,327,0,"HQA161990","SQ58717 511"
1240,11630,27.97,"3GC","2楷林",50,517,0,"HQZ089150","SQ54728 511"
1490,7360,21.08,"2GC","2楷林",21,519,0,"HQH161930","SQ78289 011"
1570,7340,22.53,"2GC","2楷林",13,327,0,"HQY146770","SQ53374 031"
1180,9310,21.48,"2GD","2楷林",15,298,0,"HQB061660","SQ59994 521"
1390,11220,30.49,"2GA","2楷林",87,344,0,"HQD074110","SQ65702 551"
1240,7790,18.88,"2GC","2楷林",29,541,0,"HQA037680","SQ56699 031"
1310,9000,23.05,"2GA","2楷林",80,331,0,"HQE069790","SQ68473 021"
1270,11620,28.85,"2GA","2楷林",58,272,0,"HQH137440","SQ77965 031"
1110,11270,24.13,"2GB","2楷林",71,533,0,"HQE012160","SQ67410 011"
1210,8410,19.89,"3GC","2楷林",41,404,0,"HQF022660","SQ70404 571"
1330,8510,22.13,"2GB","2楷林",75,473,0,"HQY090540","SQ52644 561"
1300,8420,21.06,"2GA","2楷林",44,277,9.7,"HQG161500","SQ75392 561"
1110,11060,24,"3GC","2楷林",73,345,0,"HQB014250","SQ59118 541"
920,8530,15.34,"2GA","2楷林",51,335,0,"HQJ099200","SQ79971 061"
1200,7610,17.85,"3GC","2楷林",35,271,0,"HQJ110930","SQ80258 541"
1170,10310,23.18,"2GA","2楷林",90,444,0,"HQH154800","SQ78163 511"
1070,8270,17.3,"3GC","2楷林",70,527,0,"HQY128710","SQ53157 531"
1090,9890,21.08,"3GC","2楷林",24,427,0,"HQF045150","SQ70764 541"
1000,9800,19.16,"2GA","2楷林",51,329,0,"HQD145420","SQ66939 061"
1220,7920,18.89,"3GC","2楷林",50,425,0,"HQB046320","SQ59701 081"
1010,10890,21.18,"3GC","2楷林",66,417,0,"HQB098180","SQ60647 511"
1190,11360,26.43,"2GC","2楷林",1,277,0,"HQH104780","SQ77363 051"
1550,11550,35,"2GA","2楷林",4,273,0,"HQE013200","SQ67438 031"
1190,8250,19.19,"2GB","2楷林",29,416,0,"HQG156320","SQ75325 021"
1310,11800,30.22,"2GC","2楷林",45,337,0,"HQG102170","SQ74353 511"
1570,10460,32.11,"2GD","2楷林",26,327,0,"HQX116470","SQ50891 551"
1260,11360,27.98,"3GC","2楷林",9,327,0,"HQF023820","SQ70424 031"
1190,11260,26.2,"2GC","2楷林",41,443,0,"HQY073800","SQ52469 541"
1540,7000,21.07,"3GC","2楷林",20,332,0,"HQF134970","SQ72221 541"
1030,11860,23.88,"2GA","2楷林",44,346,0,"HQG117540","SQ74625 041"
1060,11770,24.39,"2GA","2楷林",117,341,0,"HQH124950","SQ77757 051"
1000,9790,19.14,"2GA","2楷林",39,333,0,"HQC134960","SQ64260 511"
1290,10810,27.26,"2GA","2楷林",36,333,0,"HQA043320","SQ56821 011"
1410,11810,32.55,"2GC","2楷林",7,491,0,"HQF005940","SQ70171 531"
1290,11180,28.2,"2GA","2楷林",9,335,0,"HQA043050","SQ56819 521"
1410,10230,28.2,"2GB","2楷林",35,526,0,"HQE071760","SQ68500 521"
1130,11850,25.76,"2GC","2楷林",108,277,12.7,"HQD155400","SQ67078 521"
1190,8390,19.27,"2GA","2楷林",53,449,0,"HQZ153660","SQ55873 521"
1110,10190,22.11,"2GA","2楷林",20,332,0,"HQJ030330","SQ78803 051"
1480,10910,31.57,"2GA","2楷林",11,335,0,"HQJ038450","SQ78920 021"
1400,11690,32,"2GA","2楷林",9,267,0,"HQZ039430","SQ54056 531"
1380,11620,31.35,"2GA","2楷林",9,296,0,"HQY034300","SQ52009 021"
1130,9540,21.08,"2GB","2楷林",32,425,0,"HQB113140","SQ60926 071"
1180,11830,27.29,"2GC","2楷林",2,270,0,"HQX142150","SQ51212 061"
1200,10220,23.98,"3GB","2楷林",90,426,0,"HQH115830","SQ77582 011"
1410,11860,32.69,"2GB","2楷林",38,330,0,"HQB097030","SQ60591 531"
1260,9170,22.59,"2GA","2楷林",8,335,0,"HQF112270","SQ71816 521"
1090,9890,21.08,"2GC","2楷林",46,429,0,"HQF045370","SQ70771 561"
1260,8370,20.62,"2GB","2楷林",56,324,0,"HQX082910","SQ50415 541"
1350,9510,25.1,"2GA","2楷林",30,325,0,"HQA152400","SQ58582 041"
910,10960,19.5,"2GC","2楷林",63,322,0,"HQH145200","SQ78085 041"
1270,7960,19.76,"2GA","2楷林",43,454,0,"HQF104910","SQ71675 021"
1090,11210,23.89,"2GA","2楷林",83,327,0,"HQE066570","SQ68389 051"
1410,8330,22.59,"2GA","2楷林",16,290,13,"HQD003080","SQ64493 031"
1500,11340,33.25,"2GB","2楷林",17,327,0,"HQB108330","SQ60839 041"
1420,9170,25.46,"2GA","2楷林",24,292,0,"HQB015310","SQ59158 031"
970,7370,13.98,"3GC","2楷林",50,344,0,"HQY051390","SQ52207 591"
1390,9860,26.79,"2GA","2楷林",39,314,0,"HQD092930","SQ66022 021"
1070,11480,24.01,"2GA","2楷林",98,341,0,"HQX161090","SQ51438 521"
980,9960,19.08,"2GC","2楷林",65,371,0,"HQY119540","SQ53044 561"
1260,11830,29.14,"2GD","2楷林",22,270,0,"HQA102950","SQ57853 531"
1390,11830,32.15,"2GB","2楷林",22,346,0,"HQG078790","SQ74043 041"
1280,11460,27.99,"2GA","2楷林",90,303,9.5,"HQA085470","SQ57573 571"
1140,7000,15.6,"2GB","2楷林",46,532,0,"HQB102190","SQ60682 551"
1260,9330,22.98,"2GB","2楷林",45,367,0,"HQX027350","SQ49545 011"
1180,10970,25.31,"2GC","2楷林",3,528,0,"HQG140310","SQ75051 531"
1140,11070,24.67,"2GC","2楷林",46,304,0,"HQA139650","SQ58365 561"
1290,9900,24.97,"2GA","2楷林",26,333,0,"HQH126690","SQ77780 541"
1270,11870,29.47,"2GA","2楷林",25,331,0,"HQH148110","SQ78137 021"
1290,7560,19.07,"2GA","2楷林",61,337,0,"HQY126780","SQ53131 011"
1240,10500,25.45,"2GC","2楷林",51,422,0,"HQH004030","SQ75622 561"
1290,8550,21.56,"2GA","2楷林",47,348,0,"HQA009150","SQ56325 041"
1470,9030,25.95,"2GA","2楷林",31,310,0,"HQH021210","SQ75893 531"
1380,11850,31.46,"2GA","2楷林",30,297,12.7,"HQC080370","SQ63299 011"
1350,10450,27.58,"2GA","2楷林",45,334,0,"HQA058380","SQ57093 531"
1090,8970,19.11,"2GA","2楷林",89,328,0,"HQZ093720","SQ54778 071"
1270,9330,23.16,"2GA","2楷林",14,329,0,"HQE104810","SQ69107 051"
1240,11860,28.75,"2GA","2楷林",35,272,0,"HQZ138750","SQ55589 011"
1490,10650,31.02,"3GC","2楷林",14,315,0,"HQY059450","SQ52294 021"
1320,9230,23.82,"2GA","2楷林",16,448,0,"HQB094350","SQ60557 011"
1380,11810,31.86,"2GB","2楷林",33,312,0,"HQE089830","SQ68826 051"
1490,11630,33.88,"2GC","2楷林",53,452,0,"HQJ001400","SQ78372 011"
960,11170,20.96,"2GB","2楷林",73,362,0,"HQA068680","SQ57224 531"
1240,8200,19.88,"2GC","2楷林",60,444,0,"HQG008220","SQ72881 511"
1010,10160,20.06,"2GB","2楷林",47,550,0,"HQJ052700","SQ79183 521"
1250,8870,21.42,"2GA","2楷林",19,349,0,"HQJ112870","SQ80281 021"
1400,11790,32.27,"2GC","2楷林",3,340,0,"HQX156720","SQ51382 021"
1150,8200,18.44,"2GA","2楷林",68,329,0,"HQB148890","SQ61546 041"
1210,9040,21.38,"2GB","2楷林",39,520,0,"HQB149520","SQ61541 031"
1510,11360,33.54,"2GA","2楷林",9,327,0,"HQF146950","SQ72467 541"
1420,11060,30.7,"2GA","2楷林",20,316,0,"HQZ002700","SQ53661 541"
1300,11870,30.17,"2GA","2楷林",47,328,0,"HQE109450","SQ69220 551"
1330,7110,18.49,"2GC","2楷林",22,424,0,"HQD066810","SQ65592 031"
1280,9240,23.12,"2GA","2楷林",55,323,0,"HQF149060","SQ72492 531"
1330,9960,25.48,"2GA","2楷林",27,311,14.3,"HQC068220","SQ63064 531"
1310,11810,30.25,"3GC","2楷林",25,479,0,"HQE146780","SQ69852 031"
1090,11550,24.61,"2GB","2楷林",33,343,0,"HQE142120","SQ69758 551"
1250,9820,24,"2GC","2楷林",60,497,0,"HQH091670","SQ77139 521"
1320,9020,23.28,"2GA","2楷林",44,343,0,"HQA025140","SQ56510 021"
1510,9750,28.78,"2GB","2楷林",13,431,0,"HQF142780","SQ72379 021"
1180,10010,23.09,"2GB","2楷林",19,427,0,"HQG029590","SQ73287 021"
1290,10040,25.32,"3GC","2楷林",73,422,0,"HQY105180","SQ52853 551"
1210,11370,26.45,"3GC","2楷林",65,289,0,"HQA114410","SQ58016 521"
1260,11130,27.42,"2GA","2楷林",50,353,0,"HQE033320","SQ67808 051"
1290,11410,28.78,"2GC","2楷林",64,340,0,"HQA097410","SQ57769 521"
1570,11480,34.9,"2GA","2楷林",10,273,0,"HQX152770","SQ51333 011"
940,11660,21.43,"2GC","2楷林",97,322,0,"HQA034190","SQ56623 541"
1550,7680,23.27,"2GA","2楷林",40,357,0,"HQX014600","SQ49307 541"
1510,10310,30.44,"2GA","2楷林",32,330,0,"HQD139580","SQ66854 051"
1490,11860,34.55,"2GA","2楷林",10,313,0,"HQJ025310","SQ78752 541"
1280,7840,19.62,"2GB","2楷林",32,406,0,"HQZ026760","SQ53876 031"
990,11520,22.3,"2GA","2楷林",74,328,0,"HQA030810","SQ56609 051"
1510,10320,30.47,"2GA","2楷林",22,329,0,"HQD139480","SQ66854 011"
930,10570,19.22,"2GA","2楷林",61,304,0,"HQC135180","SQ64275 061"
1240,8250,19.6,"2GC","2楷林",62,425,0,"HQD064570","SQ65566 021"
1190,8780,20.08,"2GB","2楷林",68,362,0,"HQE059440","SQ68263 511"
1210,8440,19.97,"2GC","2楷林",29,423,0,"HQG052990","SQ73725 551"
1240,11040,26.76,"2GB","2楷林",18,453,0,"HQD046450","SQ65248 541"
1000,9960,19.16,"2GA","2楷林",41,331,11.6,"HQF129020","SQ72104 511"
1200,11610,26.67,"2GA","2楷林",58,269,0,"HQA080640","SQ57475 511"
1340,11700,30.65,"3GC","2楷林",55,269,0,"HQF161290","SQ72657 041"
1090,8620,18.37,"2GB","2楷林",65,340,0,"HQF063670","SQ70977 051"
1100,9560,20.56,"2GC","2楷林",65,518,0,"HQZ137200","SQ55579 541"
1130,10010,22.11,"2GA","2楷林",21,332,0,"HQJ030340","SQ78800 551"
1400,11650,31.89,"2GA","2楷林",48,270,0,"HQY004940","SQ51584 011"
990,11440,22.14,"2GA","2楷林",1,324,0,"HQA030830","SQ56609 521"
1290,9160,23.1,"2GB","2楷林",35,334,0,"HQY095040","SQ52724 521"
1260,10100,24.88,"2GC","2楷林",6,492,0,"HQA056810","SQ57055 551"
1290,8750,22.07,"2GC","2楷林",56,324,0,"HQY154330","SQ53511 021"
1090,6670,14.21,"3GC","2楷林",55,462,0,"HQH161410","SQ78268 561"
1240,10280,24.92,"2GC","2楷林",59,337,0,"HQH106200","SQ77401 531"
1060,11690,23.88,"2GA","2楷林",77,355,0,"HQH061920","SQ76560 521"
1390,11670,31.71,"2GA","2楷林",20,355,0,"HQA161470","SQ58728 011"
1290,11350,28.62,"2GA","2楷林",22,334,0,"HQZ145810","SQ55738 521"
1570,7200,22.1,"2GA","2楷林",17,367,0,"HQF051650","SQ70857 011"
1570,10950,32.86,"2GD","2楷林",9,272,8.1,"HQX059130","SQ50116 511"
1260,9170,22.59,"2GC","2楷林",78,331,0,"HQX122130","SQ50936 031"
900,9280,16.33,"3GC","2楷林",67,333,0,"HQB077160","SQ60260 581"
1400,11300,29.65,"2GD","2楷林",13,252,8.3,"HQF150750","SQ72503 011"
1070,9770,20.44,"2GD","2楷林",1,300,0,"HQF078980","SQ71249 011"
1260,10190,25.1,"2GB","2楷林",30,341,0,"HQY059610","SQ52293 031"
1370,11810,31.63,"2GC","2楷林",9,531,0,"HQE139400","SQ69710 541"
1080,10000,21.11,"2GA","2楷林",36,327,0.8,"HQH161220","SQ78274 061"
1570,9320,27.92,"2GA","2楷林",6,257,5.4,"HQH107650","SQ77377 551"
1390,11680,31.74,"2GB","2楷林",45,528,0,"HQG116090","SQ74588 041"
1230,10630,25.56,"2GC","2楷林",88,348,0,"HQX044900","SQ49843 551"
950,11450,21.27,"2GA","2楷林",73,393,0,"HQJ002400","SQ78403 531"
1080,10010,21.14,"2GA","2楷林",87,330,0,"HQH011420","SQ75744 531"
1500,11860,34.78,"2GA","2楷林",15,319,0,"HQA163860","SQ58781 521"
1440,8840,24.89,"2GA","2楷林",54,336,0,"HQA065460","SQ57184 561"
950,10850,20.15,"3GB","2楷林",48,356,0,"HQG064810","SQ73924 021"
1250,11080,27.08,"2GC","2楷林",44,482,0,"HQJ096970","SQ79964 511"
1170,11440,25.61,"3GC","2楷林",51,521,0,"HQD108580","SQ66331 511"
1350,11740,30.49,"2GA","2楷林",15,300,5.5,"HQH050660","SQ76383 051"
1380,11500,31.03,"2GA","2楷林",97,306,0,"HQY147610","SQ53382 541"
1340,11720,30.7,"2GA","2楷林",44,270,0,"HQF028930","SQ70465 031"
960,10130,19.01,"3GC","2楷林",57,324,0,"HQC006300","SQ61684 551"
1160,9850,22.15,"2GA","2楷林",9,326,0,"HQE027690","SQ67698 011"
1120,10080,22.07,"3GC","2楷林",28,430,0,"HQG105080","SQ74418 021"
1290,9110,22.97,"2GA","2楷林",46,342,0,"HQC057070","SQ62856 031"
1300,9790,24.88,"2GA","2楷林",48,340,0,"HQZ089890","SQ54731 051"
1570,11330,34.78,"2GA","2楷林",21,338,0,"HQG016150","SQ73020 031"
1260,8620,20.81,"2GC","2楷林",44,306,0,"HQY083000","SQ52583 511"
1510,9740,28.29,"2GA","2楷林",22,305,10.4,"HQC087260","SQ63414 021"
960,9610,18.04,"2GC","2楷林",100,399,0,"HQB112430","SQ60938 561"
1110,6110,13.08,"2GA","2楷林",62,441,0,"HQE009340","SQ67396 011"
1280,8350,20.9,"3GC","2楷林",55,420,0,"HQH165290","SQ78326 041"
1200,11460,26.33,"2GA","2楷林",28,276,0,"HQY030640","SQ51912 011"
1390,11760,31.96,"2GA","2楷林",28,279,0,"HQD037960","SQ65080 041"
1000,9390,18.36,"3GC","2楷林",67,302,0,"HQE026630","SQ67710 561"
1160,9560,21.68,"3GB","2楷林",87,522,0,"HQA077010","SQ57400 031"
900,9410,16.56,"2GA","2楷林",33,310,0,"HQH053170","SQ76440 071"
1360,11380,30.26,"2GA","2楷林",7,254,0,"HQB069930","SQ60149 511"
900,9950,17.51,"2GA","2楷林",52,410,0,"HQH157850","SQ78222 551"
1220,6960,16.47,"2GC","2楷林",48,421,2.3,"HQF046310","SQ70756 031"
1250,10770,26.32,"2GC","2楷林",27,334,0,"HQY137110","SQ53265 521"
1100,8030,17.27,"2GD","2楷林",61,425,0,"HQY055120","SQ52236 561"
1300,7750,19.39,"2GB","2楷林",28,431,0,"HQD096570","SQ66112 511"
1440,7270,20.14,"2GA","2楷林",5,272,13.4,"HQG106970","SQ74370 521"
1320,9140,23.05,"2GB","2楷林",9,356,0,"HQB149880","SQ61525 031"
1020,10060,20.06,"2GA","2楷林",99,502,0,"HQD079330","SQ65804 011"
1330,7310,19.01,"2GC","2楷林",73,322,0,"HQY092660","SQ52695 521"
1290,9190,23.18,"2GC","2楷林",49,327,0,"HQX024390","SQ49503 041"
1340,11500,29.56,"2GA","2楷林",12,331,0,"HQD003940","SQ64544 011"
1320,7490,19.33,"2GA","2楷林",92,340,0,"HQX124000","SQ50975 551"
1380,11770,31.75,"2GA","2楷林",32,338,0,"HQG147960","SQ75151 021"
1100,10290,22.13,"2GC","2楷林",64,430,0,"HQF057520","SQ70953 551"
1270,11550,28.68,"2GC","2楷林",43,518,0,"HQF123940","SQ72051 021"
1290,9870,24.89,"2GC","2楷林",29,450,0,"HQX145950","SQ51255 011"
1110,9280,20.14,"3GB","2楷林",43,332,0,"HQF001510","SQ70126 551"
1080,11370,24.01,"2GC","2楷林",87,352,0,"HQA111840","SQ57972 511"
1260,8370,20.62,"2GB","2楷林",87,323,0,"HQX083220","SQ50416 521"
1100,9370,20.15,"2GA","2楷林",105,373,2.7,"HQB030010","SQ59433 551"
980,9800,18.78,"2GA","2楷林",54,300,0,"HQE075100","SQ68553 021"
1190,11640,27.08,"2GC","2楷林",14,323,0,"HQA131170","SQ58258 051"
980,7040,13.49,"2GC","2楷林",64,340,0,"HQZ153110","SQ55843 571"
1370,10080,27,"2GA","2楷林",37,318,0,"HQZ116420","SQ55202 041"
1100,11670,25.1,"2GC","2楷林",33,496,0,"HQJ143420","SQ80792 521"
1000,9780,19.12,"2GA","2楷林",46,327,0,"HQD145370","SQ66933 531"
940,9280,17.05,"2GA","2楷林",65,401,0,"HQE084250","SQ68737 561"
900,11580,20.38,"2GA","2楷林",63,332,0,"HQF102370","SQ71635 551"
1270,9340,23.19,"2GB","2楷林",25,331,0,"HQC086790","SQ63434 551"
1270,9660,23.98,"2GA","2楷林",30,450,0,"HQD159170","SQ67150 041"
1290,11790,29.73,"2GA","2楷林",56,338,0,"HQB006800","SQ58988 011"
1390,11620,31.58,"2GA","2楷林",60,334,0,"HQB025590","SQ59292 031"
1290,6070,15.31,"3GC","2楷林",36,421,0,"HQC111260","SQ63822 061"
1220,9240,22.04,"2GB","2楷林",53,460,0,"HQE041840","SQ67952 561"
1290,10950,27.62,"2GA","2楷林",5,276,0,"HQZ154890","SQ55890 541"
1260,9170,22.59,"2GA","2楷林",24,340,0,"HQJ042550","SQ78997 511"
1400,11650,31.89,"2GC","2楷林",25,313,0,"HQZ039590","SQ54025 051"
1410,11830,32.61,"2GA","2楷林",22,313,0,"HQF147080","SQ72471 051"
1290,11100,27.99,"2GA","2楷林",19,315,0,"HQH123970","SQ77722 511"
1540,11590,34.89,"2GD","2楷林",2,319,0,"HQE007200","SQ67348 531"
1020,10950,21.3,"2GA","2楷林",57,327,0,"HQE111410","SQ69260 021"
970,8250,15.64,"2GA","2楷林",59,322,0,"HQG042730","SQ73505 591"
1000,11390,22.27,"2GA","2楷林",44,333,0,"HQF000230","SQ70092 561"
1190,8630,20.08,"2GC","2楷林",44,323,0,"HQB101380","SQ60670 541"
1290,11100,27.99,"2GB","2楷林",57,425,0,"HQZ086720","SQ54687 021"
1390,11270,30.3,"2GA","2楷林",28,329,8.6,"HQB031760","SQ59409 511"
1440,11670,32.85,"2GA","2楷林",4,316,0,"HQX126360","SQ51013 041"
1110,11040,23.96,"2GA","2楷林",1,502,0,"HQD079440","SQ65845 551"
1290,11170,28.17,"3GC","2楷林",72,328,0,"HQH007160","SQ75680 531"
1240,11620,28.17,"2GD","2楷林",74,459,0,"HQE042050","SQ67964 541"
1250,9780,23.9,"2GC","2楷林",26,488,0,"HQJ063310","SQ79354 561"
1430,11720,32.77,"2GB","2楷林",33,333,0,"HQE083930","SQ68723 541"
1290,9870,24.89,"3GC","2楷林",43,337,0,"HQY070430","SQ52421 021"
1310,11780,30.17,"2GA","2楷林",86,324,0,"HQB131590","SQ61226 531"
1260,11200,27.59,"3GB","2楷林",40,333,0,"HQX143180","SQ51225 551"
1260,9390,23.13,"2GB","2楷林",11,374,0,"HQF106710","SQ71719 061"
1290,8760,22.09,"2GA","2楷林",75,333,0,"HQA064730","SQ57170 521"
1500,8640,25.08,"2GA","2楷林",8,344,0,"HQG111980","SQ74526 021"
1020,10800,21.54,"2GA","2楷林",110,345,0,"HQX060140","SQ50144 561"
950,9990,18.55,"2GA","2楷林",39,396,0,"HQJ061010","SQ79298 511"
1360,7760,20.63,"2GA","2楷林",64,318,0,"HQY149310","SQ53405 011"
1410,11550,31.84,"2GC","2楷林",33,313,0,"HQY091290","SQ52669 521"
1520,9600,27.84,"2GA","2楷林",45,289,8.8,"HQB106870","SQ60769 041"
1290,9140,23.05,"2GA","2楷林",98,330,0,"HQA009660","SQ56316 531"
1570,11400,34.99,"2GC","2楷林",47,338,0,"HQH115400","SQ77567 021"
1370,11320,30.32,"2GA","2楷林",37,334,0,"HQC053910","SQ62845 041"
1170,11200,25.07,"2GA","2楷林",70,255,0,"HQE030550","SQ67735 011"
1040,11800,23.99,"2GC","2楷林",36,322,0,"HQG104730","SQ74376 041"
1250,8210,20.06,"2GD","2楷林",25,461,0,"HQX084330","SQ50436 551"
1290,10480,26.43,"3GC","2楷林",25,340,0,"HQC062850","SQ63001 051"
1330,11390,29.62,"2GB","2楷林",40,425,0,"HQE147570","SQ69863 551"
1110,11850,25.72,"2GA","2楷林",87,273,0,"HQF082360","SQ71290 021"
1430,10290,28.77,"2GB","2楷林",8,468,0,"HQB057130","SQ59912 051"
1060,11110,23.02,"2GC","2楷林",59,410,0,"HQG152420","SQ75272 031"
960,11870,22.28,"3GC","2楷林",55,393,0,"HQG021620","SQ73180 021"
1410,11840,32.64,"2GA","2楷林",26,326,0,"HQD081570","SQ65872 521"
1290,11260,28.4,"3GC","2楷林",53,432,0,"HQY104980","SQ52851 041"
1090,11800,25.15,"2GB","2楷林",83,509,0,"HQF149340","SQ72482 541"
1380,11140,30.05,"2GA","2楷林",12,294,0,"HQY034330","SQ52011 031"
960,10130,19.01,"2GA","2楷林",68,317,0,"HQD143940","SQ66905 031"
1420,11070,30.73,"2GB","2楷林",9,530,0,"HQY153040","SQ53481 041"
950,10080,18.72,"2GA","2楷林",78,349,0,"HQA000460","SQ56163 031"
950,10270,19.07,"3GC","2楷林",73,277,0,"HQF030620","SQ70509 061"
1070,8260,17.28,"2GB","2楷林",100,525,0,"HQX091160","SQ50532 561"
1140,11670,26.01,"2GC","2楷林",51,276,0,"HQJ117940","SQ80343 011"
1100,8590,18.47,"2GC","2楷林",71,463,0,"HQE019820","SQ67576 511"
1440,11810,33.25,"2GD","2楷林",12,510,0,"HQB010280","SQ59079 521"
1290,9000,22.7,"2GA","2楷林",69,343,0,"HQB127210","SQ61196 561"
1250,7610,18.6,"2GB","2楷林",35,542,0,"HQD040590","SQ65121 561"
1080,11390,23.66,"2GA","2楷林",58,284,15.3,"HQG137590","SQ74833 531"
960,9290,17.16,"2GB","2楷林",55,327,0,"HQY033330","SQ51952 021"
1570,7670,23.54,"2GA","2楷林",18,329,0,"HQD126470","SQ66590 031"
1140,11460,25.54,"2GA","2楷林",71,437,0,"HQZ005090","SQ53678 021"
1210,11710,27.7,"3GC","2楷林",29,322,0,"HQF053900","SQ70889 041"
1500,10270,30.12,"2GB","2楷林",9,546,0,"HQJ052320","SQ79171 031"
1390,11320,30.1,"2GC","2楷林",32,336,0,"HQF136040","SQ72226 021"
1400,11680,31.97,"2GA","2楷林",39,268,0,"HQC017240","SQ62163 041"
1380,11670,31.48,"3GC","2楷林",23,332,0,"HQY029700","SQ51921 031"
1440,11820,33.28,"2GA","2楷林",36,341,0,"HQD073600","SQ65695 541"
1250,8270,20.21,"2GC","2楷林",93,341,0,"HQG070710","SQ73997 031"
960,8950,16.8,"2GC","2楷林",48,351,0,"HQF006350","SQ70155 041"
1270,11360,27.98,"2GA","2楷林",25,250,0,"HQJ089400","SQ79803 511"
1320,11830,30.53,"3GC","2楷林",61,308,0,"HQG035210","SQ73360 541"
1170,11840,27.08,"3GC","2楷林",21,501,0,"HQJ143300","SQ80783 561"
1080,9150,19.32,"2GC","2楷林",34,332,0,"HQC092140","SQ63562 571"
1060,10370,21.49,"2GA","2楷林",96,339,0,"HQG031670","SQ73329 551"
1490,10990,31.25,"2GA","2楷林",10,256,7.6,"HQG010270","SQ72911 041"
1270,11670,28.97,"2GC","2楷林",22,305,0,"HQF163510","SQ72708 031"
1020,9660,19.26,"2GC","2楷林",75,448,0,"HQY063200","SQ52340 581"
1050,11630,23.87,"2GC","2楷林",52,351,0,"HQX135610","SQ51134 021"
920,7970,14.33,"2GC","2楷林",110,331,0,"HQY140480","SQ53306 561"
1240,9120,22.11,"2GB","2楷林",68,445,0,"HQF075760","SQ71183 011"
1230,11620,27.37,"2GA","2楷林",14,321,0,"HQE110980","SQ69250 011"
1410,11600,31.98,"2GA","2楷林",27,270,0,"HQZ161350","SQ55957 511"
1250,9480,23.17,"2GA","2楷林",31,332,0,"HQF151970","SQ72525 531"
1570,11400,34.99,"2GC","2楷林",50,338,0,"HQH115430","SQ77567 521"
1290,9190,23.18,"2GC","2楷林",91,328,0,"HQA147530","SQ58496 521"
1150,7010,15.76,"2GB","2楷林",51,521,0,"HQZ007480","SQ53712 541"
1080,6570,13.87,"3GC","2楷林",60,527,0,"HQF008250","SQ70193 521"
1100,9340,20.09,"2GA","2楷林",28,339,0,"HQC011820","SQ62077 061"
1570,10590,32.5,"3GC","2楷林",14,271,0,"HQX021330","SQ49422 021"
1080,10970,23.16,"2GD","2楷林",105,457,0,"HQA118170","SQ58068 551"
1150,7420,16.68,"2GB","2楷林",38,513,0,"HQZ007350","SQ53710 041"
1100,8890,19.12,"2GA","2楷林",19,376,0,"HQC134760","SQ64249 541"
1000,10270,20.08,"2GC","2楷林",76,460,0,"HQF019080","SQ70353 551"
1060,9680,20.06,"2GB","2楷林",89,480,0,"HQE044200","SQ68006 561"
1220,8560,20.17,"2GB","2楷林",42,447,0,"HQY010860","SQ51659 521"
1260,11120,27.39,"2GA","2楷林",31,331,0,"HQE106070","SQ69145 031"
1260,11020,27.15,"2GA","2楷林",40,346,0,"HQE033220","SQ67807 021"
1160,9360,21.23,"2GA","2楷林",40,332,0,"HQC032720","SQ62415 551"
1270,9270,23.02,"2GC","2楷林",30,321,0,"HQH002720","SQ75524 041"
1300,8880,22.57,"3GC","2楷林",43,334,0,"HQA014480","SQ56406 511"
1030,9270,18.67,"2GA","2楷林",76,319,0,"HQX004250","SQ49112 031"
1260,9370,23.08,"2GA","2楷林",38,323,0,"HQH112310","SQ77525 511"
1250,9590,22.97,"2GB","2楷林",37,471,0,"HQZ157370","SQ55903 011"
1290,10070,25.4,"2GC","2楷林",93,416,0,"HQX023670","SQ49476 031"
1450,7670,21.74,"3GC","2楷林",3,300,0,"HQZ011240","SQ53734 531"
1340,10730,27.58,"3GB","2楷林",37,513,0,"HQG148560","SQ75191 031"
1030,9140,18.4,"2GA","2楷林",76,329,0,"HQA149270","SQ58519 521"
960,10170,19.09,"2GA","2楷林",87,328,0,"HQE088650","SQ68820 051"
1020,10800,21.54,"2GC","2楷林",73,345,0,"HQY081520","SQ52562 541"
1090,8110,17.28,,"2楷林",38,528,0,"HQC089820","SQ63505 021"
1290,9550,24.08,"2GD","2楷林",28,335,0,"HQH015760","SQ75795 041"
1410,8040,22.16,"2GD","2楷林",32,263,0,"HQY087160","SQ52637 061"
1570,11270,34.59,"2GC","2楷林",3,309,0,"HQH056780","SQ76458 541"
1310,10550,27.02,"2GA","2楷林",24,470,0,"HQH036810","SQ76173 541"
1300,9010,22.9,"3GC","2楷林",53,339,0,"HQA114290","SQ57999 551"
1410,10450,28.35,"2GD","2楷林",31,303,14.1,"HQB021640","SQ59237 041"
1330,8040,20.59,"2GB","2楷林",80,323,0,"HQZ133980","SQ55492 011"
1510,9710,27.98,"2GA","2楷林",10,271,5.9,"HQG094830","SQ74236 011"
1320,9740,24.73,"2GB","2楷林",49,544,15.4,"HQC002160","SQ61587 051"
1030,9500,19.13,"2GA","2楷林",67,335,0,"HQA071860","SQ57314 531"
1210,6540,15.47,"2GB","2楷林",40,523,0,"HQB150190","SQ61545 021"
1090,8500,18.11,"2GC","2楷林",83,526,0,"HQG141110","SQ75057 071"
1570,9810,30.11,"2GA","2楷林",18,327,0,"HQE093080","SQ68913 021"
1200,9110,21.37,"2GC","2楷林",69,434,0,"HQY017440","SQ51737 011"
1360,9810,25.7,"2GB","2楷林",14,448,0,"HQG061580","SQ73879 511"
1010,8510,16.8,"2GB","2楷林",82,525,0,"HQY143180","SQ53319 561"
1360,7480,19.89,"2GA","2楷林",41,345,0,"HQC077500","SQ63274 011"
990,6550,12.68,"2GC","2楷林",16,334,0,"HQD010730","SQ64631 061"
1400,11680,31.97,"2GA","2楷林",13,270,0,"HQX099950","SQ50647 031"
1570,10580,32.47,"2GA","2楷林",7,330,0,"HQJ160040","SQ81082 021"
1170,6400,14.64,"2GB","2楷林",97,425,0,"HQA082650","SQ57499 021"
1540,10140,30.53,"2GA","2楷林",53,323,0,"HQC016480","SQ62142 041"
1000,11350,22.19,"2GA","2楷林",35,426,0,"HQD101240","SQ66151 531"
1190,9440,21.96,"2GA","2楷林",51,434,0,"HQX130650","SQ51066 591"
950,10300,19.13,"3GC","2楷林",70,324,0,"HQF049450","SQ70794 061"
1260,8220,19.92,"2GA","2楷林",85,351,10,"HQE013130","SQ67415 011"
1100,8910,19.16,"2GA","2楷林",27,376,0,"HQC135480","SQ64251 021"
1260,9410,23.18,"2GA","2楷林",29,369,0,"HQH050800","SQ76409 561"
1450,9180,26.02,"2GD","2楷林",4,274,0,"HQC001110","SQ61593 551"
1290,9220,22.88,"2GC","2楷林",36,326,11,"HQA076500","SQ57377 061"
1370,11850,31.74,"3GC","2楷林",32,350,0,"HQB143400","SQ61501 021"
1000,10270,20.08,"2GC","2楷林",78,462,0,"HQF019100","SQ70353 561"
1200,9720,22.8,"2GA","2楷林",24,268,0,"HQB036290","SQ59545 051"
1290,11360,28.65,"2GA","2楷林",41,339,0,"HQZ147320","SQ55737 051"
1260,9410,23.18,"2GA","2楷林",56,370,0,"HQH005980","SQ75648 551"
1240,9260,22.45,"2GB","2楷林",49,420,0,"HQH077160","SQ76882 551"
1510,11820,34.89,"2GA","2楷林",27,268,0,"HQH122100","SQ77706 031"
1270,9320,23.14,"2GA","2楷林",73,322,0,"HQD139990","SQ66864 531"
1410,8730,24.06,"2GB","2楷林",62,542,0,"HQC053190","SQ62811 531"
1220,9350,22.3,"3GB","2楷林",38,427,0,"HQA035410","SQ56677 041"
1000,9760,19.08,"2GA","2楷林",31,334,0,"HQE045270","SQ68008 541"
1310,11380,28.68,"2GC","2楷林",2,525,5.2,"HQX134340","SQ51105 521"
1260,9170,22.59,"2GC","2楷林",14,332,0,"HQE058900","SQ68238 551"
1380,9330,25.17,"3GC","2楷林",7,301,0,"HQA121590","SQ58114 041"
1070,8660,18.12,"2GA","2楷林",33,526,0,"HQJ136700","SQ80650 531"
1190,10300,23.96,"2GB","2楷林",34,428,0,"HQX076100","SQ50337 551"
1290,7990,19.83,"2GA","2楷林",60,320,10.3,"HQD124450","SQ66543 021"
1400,11870,32.49,"2GA","2楷林",24,332,0,"HQE049700","SQ68088 531"
1380,11820,31.89,"2GA","2楷林",66,315,0,"HQH070080","SQ76783 511"
1260,8110,19.98,"2GA","2楷林",73,363,0,"HQE042940","SQ67992 011"
1460,11390,32.18,"2GA","2楷林",64,322,0,"HQJ001510","SQ78386 011"
1210,8320,19.68,"2GA","2楷林",22,450,0,"HQJ023700","SQ78700 521"
1320,8020,20.7,"2GA","2楷林",12,278,0,"HQJ082940","SQ79695 041"
1280,9470,23.7,"2GB","2楷林",31,473,0,"HQX064410","SQ50220 531"
1180,8960,20.32,"3GC","2楷林",71,330,0,"HQZ098690","SQ54897 531"
1350,8560,22.59,"2GA","2楷林",36,334,0,"HQZ074630","SQ54508 521"
1410,11590,31.5,"3GC","2楷林",23,288,0,"HQX130370","SQ51060 511"
1150,7410,16.66,"2GB","2楷林",43,513,0,"HQZ007400","SQ53710 071"
1180,11790,27.2,"2GC","2楷林",58,529,0,"HQF124090","SQ72040 541"
1250,10820,26.44,"2GA","2楷林",55,335,0,"HQH041800","SQ76249 531"
1380,11820,31.89,"2GA","2楷林",7,323,0,"HQC042240","SQ62588 541"
1270,8090,20.09,"2GA","2楷林",40,276,0,"HQG048120","SQ73643 031"
1400,11410,31.23,"2GC","2楷林",23,299,0,"HQA019120","SQ56456 511"
1130,6870,15.18,"2GA","2楷林",96,347,0,"HQZ109930","SQ55122 041"
1260,8110,19.98,"2GB","2楷林",14,363,0,"HQB148350","SQ61519 011"
1290,7900,19.92,"2GC","2楷林",62,420,0,"HQX024520","SQ49476 061"
1390,11770,31.98,"2GA","2楷林",16,276,0,"HQG075560","SQ74059 021"
1290,8820,22.24,"2GB","2楷林",49,428,0,"HQZ130930","SQ55433 521"
1220,11640,27.76,"2GB","2楷林",64,524,0,"HQA144650","SQ58459 051"
960,10300,19.33,"2GA","2楷林",68,333,0,"HQY103250","SQ52809 551"
1080,11250,23.75,"2GA","2楷林",50,341,0,"HQJ100700","SQ80021 021"
1220,8630,20.58,"2GB","2楷林",49,457,0,"HQF076480","SQ71203 561"
1250,11460,28.01,"3GB","2楷林",32,458,0,"HQH058860","SQ76530 541"
1450,10840,30.73,"2GD","2楷林",18,268,0,"HQF162810","SQ72721 511"
1360,7760,20.63,"2GA","2楷林",45,319,0,"HQY149120","SQ53403 541"
1150,7420,16.68,"2GB","2楷林",56,513,0,"HQZ007530","SQ53710 021"
1510,11850,34.98,"2GA","2楷林",5,276,0,"HQB003100","SQ58920 031"
1300,11860,30.14,"2GA","2楷林",46,322,0,"HQH119520","SQ77649 531"
1240,10290,24.95,"2GA","2楷林",35,349,0,"HQE003310","SQ67271 541"
1380,11140,30.05,"3GC","2楷林",20,518,0,"HQB015270","SQ59157 041"
1510,11680,33.91,"2GA","2楷林",26,267,0,"HQB019570","SQ59202 011"
1390,11730,31.88,"2GA","2楷林",3,351,0,"HQA161300","SQ58724 021"
1240,8000,19.39,"2GB","2楷林",61,437,0,"HQJ025820","SQ78757 061"
1110,9250,20.07,"2GA","2楷林",85,331,0,"HQC033170","SQ62425 531"
1320,8750,22.58,"2GA","2楷林",17,306,0,"HQD046930","SQ65253 561"
1290,9950,25.09,"2GA","2楷林",14,332,0,"HQZ053810","SQ54201 051"
1360,11330,30.12,"2GA","2楷林",65,330,0,"HQX015880","SQ49344 531"
1260,9410,23.18,"2GA","2楷林",86,327,0,"HQD155180","SQ67097 511"
1510,9340,27.57,"2GB","2楷林",11,530,0,"HQY154790","SQ53517 521"
960,10730,20.14,"2GA","2楷林",80,323,0,"HQE088580","SQ68823 021"
1300,11460,28.68,"3GC","2楷林",9,276,0,"HQC054820","SQ62857 511"
1150,8610,19.36,"2GA","2楷林",21,343,0,"HQE048090","SQ68072 051"
1280,10840,27.13,"2GA","2楷林",51,272,0,"HQE092050","SQ68901 021"
1290,8760,22.09,"2GC","2楷林",36,447,0,"HQG128580","SQ74831 511"
1110,7060,15.32,"2GB","2楷林",46,355,0,"HQD044850","SQ65221 521"
1040,9870,20.07,"2GA","2楷林",72,356,0,"HQX092040","SQ50554 561"
1260,9600,23.65,"2GA","2楷林",25,487,0,"HQE039530","SQ67913 531"
1110,10230,22.2,"2GA","2楷林",23,327,0,"HQE027830","SQ67699 041"
990,8080,15.39,"2GA","2楷林",56,325,5.3,"HQF102300","SQ71620 071"
1460,8710,24.86,"2GA","2楷林",20,272,0,"HQY033580","SQ51993 021"
1100,8660,18.62,"2GA","2楷林",96,333,0,"HQX047620","SQ49881 521"
960,10070,18.6,"2GA","2楷林",59,417,0,"HQG029990","SQ73304 511"
1360,11820,30.92,"2GC","2楷林",3,337,7.5,"HQF027590","SQ70447 011"
1290,8870,22.02,"2GA","2楷林",19,449,0,"HQF133870","SQ72215 011"
1270,11270,27.98,"2GA","2楷林",17,274,0,"HQE116560","SQ69317 531"
1320,11470,29.6,"2GB","2楷林",27,452,0,"HQD032000","SQ64985 561"
1290,9870,24.89,"2GA","2楷林",18,258,0,"HQY142540","SQ53331 021"
1290,9870,24.89,"2GA","2楷林",17,342,0,"HQE096430","SQ68973 531"
1000,10300,20.14,"2GB","2楷林",109,334,0,"HQD122020","SQ66528 531"
1040,8790,17.87,"2GB","2楷林",11,343,0,"HQD043790","SQ65196 051"
1410,11040,30.43,"2GA","2楷林",10,329,0,"HQH075920","SQ76866 041"
1030,11860,23.88,"2GA","2楷林",61,353,0,"HQH061760","SQ76562 021"
1290,9170,23.13,"2GA","2楷林",72,328,0,"HQH163890","SQ78292 541"
1120,10380,22.73,"2GC","2楷林",17,349,0,"HQD137070","SQ66807 531"
1290,11790,29.73,"2GC","2楷林",45,339,0,"HQG168020","SQ75515 521"
1280,8990,22.5,"2GA","2楷林",38,320,0,"HQG017610","SQ73113 541"
1380,11540,31.13,"2GA","2楷林",27,314,0,"HQG042410","SQ73499 021"
1160,8860,20.09,"3GC","2楷林",27,328,0,"HQZ127460","SQ55386 551"
1520,11770,34.98,"3GC","2楷林",14,274,0,"HQD034610","SQ65030 521"
1250,10510,25.68,"2GC","2楷林",1,445,0,"HQJ160480","SQ81132 531"
1340,9650,25.28,"2GA","2楷林",12,430,0,"HQA077400","SQ57417 051"
1260,9150,22.54,"2GA","2楷林",62,320,0,"HQE001500","SQ67257 041"
1110,11000,23.87,"2GA","2楷林",80,348,0,"HQC023300","SQ62265 521"
1020,10100,20.14,"2GB","2楷林",71,545,0,"HQX103850","SQ50717 541"
1040,11750,23.89,"2GA","2楷林",49,296,0,"HQX050040","SQ49934 011"
1230,11310,26.76,"2GA","2楷林",47,304,10.1,"HQD090840","SQ65995 551"
1090,9630,20.52,"2GA","2楷林",96,336,0,"HQY107640","SQ52891 521"
1190,7470,17.38,"3GC","2楷林",35,426,0,"HQG151670","SQ75259 031"
1300,10960,27.85,"3GC","2楷林",47,280,0,"HQY081260","SQ52550 051"
990,9000,17.16,"3GC","2楷林",82,460,0,"HQY074230","SQ52477 511"
960,10450,19.61,"2GC","2楷林",95,355,0,"HQF006820","SQ70161 541"
1320,10100,26.06,"2GB","2楷林",9,538,0,"HQY109550","SQ52901 031"
1570,10260,31.49,"2GC","2楷林",14,323,0,"HQD123240","SQ66529 511"
1070,11790,24.66,"2GC","2楷林",47,355,0,"HQF006340","SQ70151 021"
990,10070,19.49,"2GA","2楷林",29,333,0,"HQE046060","SQ68045 521"
1420,11750,32.62,"2GA","2楷林",3,394,0,"HQF040050","SQ70646 521"
1030,11860,23.88,"2GC","2楷林",76,353,0,"HQH161660","SQ78260 021"
1360,7760,20.63,"2GA","2楷林",53,318,0,"HQY149200","SQ53405 521"
1240,8660,20.99,"2GC","2楷林",44,396,0,"HQJ144810","SQ80843 531"
1420,7890,21.9,"2GC","2楷林",6,298,0,"HQY128070","SQ53136 551"
1010,8490,16.76,"2GD","2楷林",28,347,0,"HQD100470","SQ66220 551"
1190,10120,23.54,"3GC","2楷林",45,331,0,"HQY081240","SQ52536 561"
1230,11720,28.18,"2GA","2楷林",33,274,0,"HQY153280","SQ53514 031"
1060,7040,14.59,"2GB","2楷林",53,452,0,"HQG106210","SQ74428 051"
1100,9820,21.12,"2GA","2楷林",24,336,0,"HQH161100","SQ78272 071"
1570,11400,34.43,"2GA","2楷林",16,303,15.2,"HQB083130","SQ60330 531"
1130,8400,18.31,"2GC","2楷林",69,517,0,"HQA156970","SQ58642 521"
1550,9380,28.42,"2GB","2楷林",10,338,0,"HQA105280","SQ57872 541"
1120,10150,22.22,"2GC","2楷林",71,549,0,"HQX036370","SQ49691 011"
1260,9350,23.03,"2GA","2楷林",38,369,0,"HQF088850","SQ71373 051"
1290,9950,25.09,"2GA","2楷林",47,453,0,"HQF104950","SQ71672 051"
1520,10250,30.46,"2GA","2楷林",33,331,0,"HQE081450","SQ68703 511"
1290,11450,28.88,"2GA","2楷林",57,336,0,"HQA150810","SQ58541 511"
1110,9330,20.25,"2GC","2楷林",31,332,0,"HQF001390","SQ70119 511"
1320,8680,22.4,"2GA","2楷林",21,339,0,"HQX123290","SQ50971 531"
1570,9950,30.54,"2GD","2楷林",21,321,0,"HQX136450","SQ51147 521"
1290,10480,26.43,"2GC","2楷林",14,339,0,"HQC062740","SQ63012 021"
990,8680,16.8,"2GA","2楷林",95,448,0,"HQX131100","SQ51074 561"
1390,8490,22.74,"2GB","2楷林",14,522,0,"HQJ108300","SQ80173 511"
1210,10450,24.72,"2GA","2楷林",35,511,0,"HQH154250","SQ78181 531"
1190,9930,23.1,"2GB","2楷林",28,531,0,"HQG024740","SQ73226 541"
1260,9430,23.23,"2GA","2楷林",31,370,0,"HQG023950","SQ73202 051"
1120,10370,22.71,"2GA","2楷林",87,333,0,"HQB032350","SQ59469 531"
1090,11660,24.25,"2GA","2楷林",94,277,12.1,"HQY100250","SQ52774 031"
1040,11820,24.03,"2GA","2楷林",79,336,0,"HQZ144400","SQ55693 551"
1290,9830,24.79,"2GA","2楷林",37,461,0,"HQB054150","SQ59851 551"
1300,9390,23.86,"2GA","2楷林",43,344,0,"HQZ167270","SQ56101 521"
1100,9360,20.13,"2GA","2楷林",31,363,0,"HQA007600","SQ56278 051"
960,9610,18.04,"2GA","2楷林",46,393,0,"HQA060860","SQ57148 531"
1030,9270,18.67,"2GA","2楷林",72,317,0,"HQX002410","SQ49101 031"
930,11170,20.31,"2GA","2楷林",89,404,0,"HQD135390","SQ66782 561"
1030,9760,19.65,"2GA","2楷林",55,363,0,"HQX030640","SQ49608 511"
1270,11870,29.47,"2GA","2楷林",12,342,0,"HQE141910","SQ69776 051"
1090,9210,19.63,"2GC","2楷林",50,328,0,"HQZ052750","SQ54192 011"
1120,10540,23.08,"2GC","2楷林",41,322,0,"HQG164530","SQ75476 541"
1490,11760,34.03,"2GA","2楷林",27,273,0,"HQG007090","SQ72890 011"
1290,11620,28.84,"2GC","2楷林",47,310,13,"HQC048330","SQ62704 041"
1370,11800,31.6,"2GB","2楷林",36,434,0,"HQA032090","SQ56622 021"
1270,10140,25.18,"2GB","2楷林",7,383,0,"HQC136670","SQ64301 541"
1310,10550,27.02,"3GC","2楷林",25,337,0,"HQB097770","SQ60630 541"
1380,11800,31.84,"2GA","2楷林",2,312,0,"HQF029910","SQ70510 541"
980,9680,18.55,"2GA","2楷林",69,331,0,"HQA071100","SQ57274 521"
1250,9050,22.12,"2GA","2楷林",14,331,0,"HQZ055650","SQ54222 061"
1260,8740,21.53,"2GA","2楷林",18,355,0,"HQX080750","SQ50422 071"
1570,11400,34.99,"2GA","2楷林",2,261,0,"HQJ056330","SQ79218 021"
1260,9340,23.01,"2GB","2楷林",42,367,0,"HQA002790","SQ56184 541"
1090,9290,19.8,"2GC","2楷林",73,534,0,"HQC090170","SQ63518 041"
1530,11680,34.37,"2GB","2楷林",5,522,0,"HQB093210","SQ60564 511"
1210,10450,24.72,"2GA","2楷林",50,509,0,"HQH154400","SQ78181 551"
900,10430,18.35,"3GC","2楷林",53,304,0,"HQE027330","SQ67715 071"
1240,9070,21.99,"2GC","2楷林",37,452,0,"HQC026690","SQ62312 031"
1270,8770,21.77,"2GB","2楷林",6,419,0,"HQH022310","SQ75921 021"
1190,11360,26.1,"2GD","2楷林",26,474,0,"HQH129290","SQ77819 511"
1300,11850,30.12,"2GA","2楷林",76,322,0,"HQF122280","SQ71976 021"
1040,9440,19.19,"2GB","2楷林",54,336,0,"HQZ017240","SQ53809 511"
1180,9660,22.28,"2GD","2楷林",54,435,0,"HQA052860","SQ56999 061"
1030,11480,23.12,"2GA","2楷林",57,324,0,"HQF098830","SQ71584 041"
1270,9770,24.26,"2GC","2楷林",29,332,0,"HQG167860","SQ75526 021"
1310,9340,23.92,"2GD","2楷林",17,274,0,"HQD087710","SQ65970 541"
1230,11540,27.75,"3GC","2楷林",18,532,0,"HQA011540","SQ56367 531"
1200,10180,23.88,"3GC","2楷林",67,424,0,"HQJ077400","SQ79601 031"
1370,9890,26.49,"2GC","2楷林",26,341,0,"HQX053420","SQ50018 011"
1000,8720,17.05,"3GC","2楷林",83,329,0,"HQF020230","SQ70382 061"
1250,10660,26.05,"3GB","2楷林",30,527,0,"HQH029160","SQ76013 051"
1220,8440,20.13,"2GA","2楷林",70,332,0,"HQA154770","SQ58604 051"
1310,8820,22.59,"2GA","2楷林",32,328,0,"HQE069310","SQ68464 531"
1290,8550,21.56,"2GA","2楷林",60,350,0,"HQA009280","SQ56325 521"
1240,10840,26.28,"2GA","2楷林",46,358,0,"HQJ124820","SQ80493 041"
1280,9500,23.77,"2GB","2楷林",35,525,0,"HQX103490","SQ50710 061"
1340,10150,26.09,"2GA","2楷林",72,335,0,"HQE103710","SQ69066 031"
1240,8850,21.45,"2GD","2楷林",71,350,0,"HQJ004910","SQ78424 061"
1260,9000,22.17,"2GA","2楷林",19,331,0,"HQY036780","SQ52016 551"
900,9590,16.87,"3GB","2楷林",37,306,0,"HQG056190","SQ73792 021"
1290,9950,25.09,"3GC","2楷林",80,331,0,"HQY154570","SQ53509 041"
1230,11220,26.98,"2GB","2楷林",38,336,0,"HQF143950","SQ72404 051"
950,8400,15.6,"2GA","2楷林",39,341,0,"HQE096140","SQ68953 061"
1220,7860,18.75,"3GB","2楷林",18,417,0,"HQH039810","SQ76226 031"
1200,11720,27.5,"3GC","2楷林",1,277,0,"HQB077270","SQ60273 551"
1040,10930,22.22,"2GB","2楷林",42,526,0,"HQC088940","SQ63488 021"
1510,11620,34.3,"2GC","2楷林",16,316,0,"HQZ032050","SQ53919 041"
1260,9410,23.18,"2GC","2楷林",45,367,0,"HQZ119130","SQ55249 541"
1230,9790,23.54,"2GB","2楷林",69,532,0,"HQF151320","SQ72509 511"
1000,6990,13.67,"3GC","2楷林",84,519,0,"HQZ137390","SQ55584 071"
1190,11340,26.38,"3GC","2楷林",81,345,0,"HQA040530","SQ56752 021"
1570,9940,30.51,"2GD","2楷林",44,333,0,"HQX116650","SQ50887 531"
1260,9410,23.18,"2GA","2楷林",46,328,0,"HQD152420","SQ67056 561"
1170,10540,24.11,"2GB","2楷林",36,470,0,"HQG011660","SQ72971 541"
1450,9280,26.31,"2GB","2楷林",7,338,0,"HQC005800","SQ61663 011"
1280,9640,24.12,"3GB","2楷林",76,534,0,"HQZ111470","SQ55141 061"
1110,7060,15.32,"2GB","2楷林",55,355,0,"HQD045530","SQ65221 561"
1330,11560,30.06,"2GA","2楷林",25,327,0,"HQJ081770","SQ79659 521"
1140,11690,25.82,"2GB","2楷林",41,317,0,"HQG163820","SQ75438 511"
1300,9090,23.1,"2GA","2楷林",20,336,0,"HQH119270","SQ77647 031"
1300,9670,24.18,"2GC","2楷林",10,277,8.7,"HQC089120","SQ63495 011"
1190,11290,26.27,"3GC","2楷林",61,326,0,"HQX018270","SQ49382 021"
1100,11870,25.53,"2GB","2楷林",54,537,0,"HQB115030","SQ60975 551"
1470,11640,33.11,"3GC","2楷林",21,286,0,"HQA148720","SQ58531 511"
1270,8000,19.63,"2GB","2楷林",16,528,0,"HQJ105990","SQ80176 511"
1420,11850,32.37,"2GC","2楷林",17,300,13.1,"HQA070580","SQ57260 011"
1240,6970,16.56,"2GA","2楷林",46,334,0,"HQA162640","SQ58761 011"
1100,11100,23.87,"2GA","2楷林",71,352,0,"HQJ048230","SQ79089 041"
1080,9970,21.05,"2GC","2楷林",38,324,0,"HQB002750","SQ58943 551"
990,9880,19.12,"2GA","2楷林",68,336,0,"HQD000660","SQ64505 531"
1250,9280,22.68,"2GA","2楷林",46,355,0,"HQF027440","SQ70454 531"
1000,9780,19.12,"2GA","2楷林",19,335,0,"HQD157210","SQ67128 521"
1290,8070,20.12,"2GC","2楷林",56,333,0,"HQZ047000","SQ54112 511"
1290,9160,23.1,"2GC","2楷林",79,327,0,"HQA147410","SQ58503 541"
1340,9650,25.28,"2GA","2楷林",15,427,0,"HQA077430","SQ57419 531"
1040,10760,21.88,"2GC","2楷林",76,353,0,"HQA113580","SQ57980 041"
980,11770,22.55,"2GC","2楷林",96,300,0,"HQJ040220","SQ78976 041"
1370,10600,27.87,"2GC","2楷林",6,270,0,"HQA144070","SQ58446 011"
1080,11020,23.27,"2GA","2楷林",52,337,0,"HQD036530","SQ65021 561"
1140,9040,20.15,"3GC","2楷林",93,451,0,"HQG135470","SQ74965 551"
1240,11170,27.08,"2GA","2楷林",22,336,0,"HQJ051900","SQ79165 541"
1470,11830,34,"2GA","2楷林",6,337,0,"HQJ051740","SQ79155 531"
1250,11620,28.4,"2GB","2楷林",54,431,0,"HQF032250","SQ70503 061"
1390,11410,30.78,"3GC","2楷林",3,256,0,"HQD105130","SQ66272 511"
1340,11680,30.6,"2GD","2楷林",72,433,0,"HQY062270","SQ52360 541"
1400,9800,26.39,"2GC","2楷林",17,294,9.8,"HQH012300","SQ75712 051"
1510,9750,28.78,"2GB","2楷林",10,431,0,"HQF142750","SQ72379 521"
1260,9540,23.5,"2GA","2楷林",48,339,0,"HQX143260","SQ51229 551"
1100,9830,21.14,"2GA","2楷林",1,330,0,"HQH160870","SQ78272 011"
1390,11670,31.71,"2GA","2楷林",38,353,0,"HQA161650","SQ58730 531"
1150,8730,19.63,"2GB","2楷林",19,335,0,"HQG122430","SQ74746 061"
1040,11790,23.97,"2GA","2楷林",59,339,0,"HQB044240","SQ59673 051"
1350,11640,30.72,"3GC","2楷林",13,463,0,"HQJ046880","SQ79084 021"
1470,11800,33.91,"2GD","2楷林",20,521,0,"HQC144610","SQ64417 521"
1300,8730,22.19,"2GC","2楷林",23,341,0,"HQB141700","SQ61449 561"
1260,10790,26.58,"2GA","2楷林",19,339,0,"HQJ081710","SQ79668 011"
1300,9170,23.31,"2GA","2楷林",42,332,0,"HQG012090","SQ73009 021"
1300,6140,15.6,"3GC","2楷林",89,551,0,"HQY013750","SQ51704 531"
1220,11430,26.93,"2GB","2楷林",37,529,0,"HQY142730","SQ53315 511"
1080,9970,21.05,"3GC","2楷林",20,322,0,"HQB002570","SQ58941 541"
1490,11680,34.02,"3GC","2楷林",12,528,0,"HQH161840","SQ78288 021"
1350,7420,19.58,"2GA","2楷林",57,343,0,"HQX019010","SQ49411 551"
1240,6710,16.27,"2GC","2楷林",13,435,0,"HQF107560","SQ71735 531"
1250,8710,21.29,"2GA","2楷林",70,361,0,"HQG035300","SQ73354 031"
1260,9570,23.57,"2GA","2楷林",41,326,0,"HQD152370","SQ67067 031"
1090,9950,21.2,"2GA","2楷林",56,331,0,"HQZ093390","SQ54774 051"
1290,11400,28.75,"2GB","2楷林",1,331,0,"HQC006910","SQ61686 521"
1340,11700,30.19,"2GA","2楷林",7,340,0,"HQZ068150","SQ54419 521"
1090,9900,21.1,"2GC","2楷林",39,337,0,"HQG144350","SQ75118 011"
980,11780,22.57,"2GC","2楷林",93,300,0,"HQJ041260","SQ78983 021"
1570,9940,30.51,"2GA","2楷林",36,330,0,"HQF064440","SQ70984 551"
1380,11820,31.38,"2GB","2楷林",14,311,6.9,"HQE089640","SQ68833 031"
990,10020,19.39,"2GA","2楷林",71,333,0,"HQD028520","SQ64929 011"
1380,11870,32.02,"3GC","2楷林",7,273,0,"HQE137960","SQ69669 031"
1280,7850,19.64,"2GB","2楷林",35,406,0,"HQZ026790","SQ53876 521"
1320,11640,30.04,"2GC","2楷林",29,330,0,"HQD040530","SQ65139 051"
1280,11630,29.1,"2GB","2楷林",16,495,0,"HQA096930","SQ57776 041"
1190,10410,24.22,"2GD","2楷林",50,526,0,"HQH122330","SQ77690 551"
1260,8430,20.77,"2GA","2楷林",21,318,0,"HQF099180","SQ71600 541"
1450,7670,21.74,"2GC","2楷林",16,299,0,"HQZ010300","SQ53733 031"
1310,8980,22.65,"3GC","2楷林",77,303,0,"HQA014820","SQ56426 531"
1310,10530,26.97,"2GB","2楷林",36,328,0,"HQZ061500","SQ54306 041"
1260,8200,20.2,"2GD","2楷林",66,331,0,"HQA016300","SQ56444 531"
1090,10420,22.2,"2GA","2楷林",43,327,0,"HQY110470","SQ52911 561"
1190,8250,19.19,"2GB","2楷林",21,416,0,"HQG156240","SQ75325 531"
1240,8260,20.02,"2GB","2楷林",44,395,0,"HQA055380","SQ57021 031"
1420,9790,27.18,"3GB","2楷林",17,340,0,"HQA138220","SQ58355 041"
1380,11850,31.97,"2GA","2楷林",15,266,0,"HQX119640","SQ50928 551"
1380,11840,31.94,"2GB","2楷林",26,312,0,"HQE106020","SQ69137 031"
1570,10490,32.2,"3GC","2楷林",20,329,0,"HQH115130","SQ77566 541"
1340,11870,31.1,"2GD","2楷林",22,317,0,"HQA127920","SQ58197 031"
1260,8250,20,"3GC","2楷林",72,420,0,"HQA141180","SQ58412 011"
1360,10550,28.05,"3GB","2楷林",27,311,0,"HQG113670","SQ74561 041"
1270,9290,23.07,"2GA","2楷林",21,322,0,"HQD130540","SQ66653 031"
1270,11780,29.25,"2GA","2楷林",19,324,0,"HQH117470","SQ77606 531"
1250,8640,21.11,"3GC","2楷林",80,458,0,"HQY062350","SQ52334 071"
1250,11780,28.79,"2GA","2楷林",23,327,0,"HQX126550","SQ51014 531"
1000,9490,18.55,"2GA","2楷林",38,415,0,"HQC086920","SQ63435 011"
1570,10260,31.49,"2GC","2楷林",24,323,0,"HQD123340","SQ66526 531"
1270,8930,22.17,"2GC","2楷林",27,448,0,"HQE053590","SQ68174 521"
1210,9390,22.21,"2GA","2楷林",70,330,0,"HQC098990","SQ63654 561"
1570,9530,28.97,"2GA","2楷林",6,339,0,"HQD061970","SQ65524 511"
1570,11380,34.37,"2GA","2楷林",9,306,11,"HQB048510","SQ59724 031"
980,9960,19.08,"2GA","2楷林",48,329,0,"HQE027280","SQ67709 571"
1240,9260,22.45,"3GC","2楷林",65,426,0,"HQH165390","SQ78330 021"
1290,7720,19.47,"2GA","2楷林",21,330,0,"HQX018650","SQ49361 021"
1280,8380,20.97,"2GB","2楷林",71,549,0,"HQA097480","SQ57783 551"
1100,8910,19.16,"2GA","2楷林",109,375,2.5,"HQB032570","SQ59441 021"
1380,11870,32.02,"2GC","2楷林",20,385,0,"HQJ143930","SQ80832 051"
1190,11340,26.38,"2GC","2楷林",41,340,0,"HQA040130","SQ56743 551"
1270,11510,28.58,"2GB","2楷林",101,445,0,"HQD155330","SQ67074 021"
1210,8180,19.19,"2GC","2楷林",60,426,0,"HQJ033730","SQ78851 011"
960,11340,21.28,"3GC","2楷林",63,396,0,"HQG021700","SQ73177 561"
1320,8640,22.3,"3GC","2楷林",55,337,0,"HQA047420","SQ56907 051"
1180,11350,25.85,"2GA","2楷林",38,272,0,"HQH106810","SQ77414 511"
1140,11430,25.47,"2GC","2楷林",57,251,0,"HQD109650","SQ66351 531"
1300,9630,24.47,"2GA","2楷林",46,339,0,"HQC139040","SQ64338 551"
1130,10010,22.11,"2GC","2楷林",37,328,0,"HQY027770","SQ51873 021"
900,10430,18.35,"2GC","2楷林",63,304,0,"HQE028230","SQ67715 551"
1100,10690,22.99,"2GB","2楷林",75,424,0,"HQY101030","SQ52810 531"
900,11560,20.34,"2GA","2楷林",43,301,0,"HQD101320","SQ66197 031"
1170,8960,20.49,"3GC","2楷林",51,517,0,"HQC067680","SQ63109 031"
1280,7980,19.97,"2GA","2楷林",60,359,0,"HQE042810","SQ67977 541"
950,9190,17.07,"2GB","2楷林",83,354,0,"HQF087520","SQ71371 521"
1000,8750,17.11,"2GA","2楷林",61,344,0,"HQX160720","SQ51444 081"
1270,10560,26.22,"2GA","2楷林",38,337,0,"HQA166880","SQ58864 041"
1390,7890,21.44,"2GC","2楷林",2,323,0,"HQC106120","SQ63751 021"
1060,9920,20.07,"2GA","2楷林",54,330,0,"HQG153730","SQ75285 511"
1070,8270,17.3,"3GC","2楷林",56,522,0,"HQY128570","SQ53155 081"
1570,9940,30.51,"3GC","2楷林",7,333,0,"HQF063090","SQ70970 051"
1260,9410,23.18,"2GA","2楷林",68,327,0,"HQD152640","SQ67072 551"
1250,8500,20.77,"2GB","2楷林",34,422,0,"HQX048920","SQ49923 021"
1420,7620,21.15,"2GB","2楷林",4,363,0,"HQZ161120","SQ55987 531"
1390,11570,31.44,"2GC","2楷林",32,268,0,"HQZ093150","SQ54789 031"
1260,9210,22.69,"2GC","2楷林",64,302,0,"HQA014690","SQ56429 551"
1050,11280,23.16,"2GA","2楷林",77,450,0,"HQZ147680","SQ55773 551"
1090,9640,20.54,"2GC","2楷林",21,525,0,"HQG140490","SQ75057 561"
1200,9930,23.3,"3GC","2楷林",39,426,0,"HQH071020","SQ76792 531"
1290,9220,22.88,"2GC","2楷林",40,328,11.2,"HQA076540","SQ57380 021"
1340,8810,23.08,"2GB","2楷林",3,420,0,"HQB112850","SQ60913 051"
1290,8500,21.44,"2GA","2楷林",15,350,0,"HQJ112830","SQ80277 051"
1100,8870,19.07,"2GA","2楷林",23,377,0,"HQC135440","SQ64246 551"
1240,6110,14.81,"2GB","2楷林",24,418,0,"HQY100490","SQ52799 041"
1570,11400,34.99,"2GC","2楷林",9,268,0,"HQZ077100","SQ54536 531"
1380,11720,30.78,"2GA","2楷林",67,311,6.3,"HQH072180","SQ76786 511"
1090,9450,20.14,"3GB","2楷林",79,334,0,"HQF001880","SQ70133 561"
1330,10770,27.48,"2GC","2楷林",64,515,0,"HQE139950","SQ69746 021"
1100,10290,22.13,"2GA","2楷林",6,330,0,"HQH160920","SQ78270 531"
1480,11530,32.8,"2GB","2楷林",19,389,0,"HQX092530","SQ50549 521"
900,11300,19.88,"2GA","2楷林",70,397,0,"HQG084230","SQ74151 541"
1250,9280,22.68,"2GA","2楷林",45,354,0,"HQF027430","SQ70454 011"
1020,11860,23.65,"2GC","2楷林",60,335,0,"HQY082420","SQ52570 551"
1100,7130,15.33,"2GA","2楷林",24,353,0,"HQJ116680","SQ80342 061"
1040,11780,23.95,"2GA","2楷林",89,296,0,"HQJ146020","SQ80868 041"
1390,10850,29.48,"2GB","2楷林",12,420,0,"HQG101230","SQ74354 541"
1250,11700,28.59,"2GA","2楷林",74,321,0,"HQY002460","SQ51562 011"
1570,8150,25.02,"3GC","2楷林",45,330,0,"HQY084510","SQ52609 521"
1130,11530,25.47,"2GB","2楷林",53,515,0,"HQE147700","SQ69855 541"
1310,9330,23.44,"2GB","2楷林",42,505,0,"HQG148060","SQ75162 031"
1260,9190,22.28,"2GC","2楷林",33,334,11.3,"HQG013590","SQ72973 031"
1380,11680,31.51,"2GC","2楷林",19,251,0,"HQC065680","SQ63046 511"
1250,10510,25.68,"3GC","2楷林",57,349,0,"HQH035560","SQ76158 511"
1120,11780,25.79,"2GB","2楷林",70,367,0,"HQG066770","SQ73943 061"
1570,9940,30.51,"3GC","2楷林",8,330,0,"HQF063100","SQ70971 511"
1200,9390,22.03,"2GC","2楷林",51,421,0,"HQH071140","SQ76795 061"
1330,11870,30.86,"2GA","2楷林",51,430,0,"HQX133150","SQ51083 531"
1450,11340,32.15,"2GC","2楷林",21,322,0,"HQG034810","SQ73352 021"
1110,9040,19.62,"2GA","2楷林",38,331,0,"HQG096130","SQ74290 041"
1510,9210,27.19,"2GD","2楷林",5,464,0,"HQJ011460","SQ78492 041"
1360,11330,30.12,"2GA","2楷林",55,335,0,"HQX014750","SQ49333 541"
1040,11790,23.97,"2GA","2楷林",48,345,0,"HQB044980","SQ59678 031"
1520,10830,32.18,"2GA","2楷林",23,324,0,"HQD061660","SQ65526 031"
900,9280,16.33,"3GC","2楷林",66,332,0,"HQB077150","SQ60260 081"
1030,9670,19.47,"2GA","2楷林",75,331,0,"HQB051550","SQ59776 541"
1490,11870,34.58,"3GC","2楷林",7,339,0,"HQG068230","SQ73949 031"
1270,9580,23.79,"3GC","2楷林",14,316,0,"HQD064090","SQ65544 541"
1310,7430,19.03,"3GB","2楷林",40,320,0,"HQZ012270","SQ53764 511"
1270,11120,27.61,"2GA","2楷林",33,269,0,"HQZ155170","SQ55895 511"
1190,10000,23.26,"2GB","2楷林",15,421,0,"HQA129290","SQ58222 551"
1440,11680,32.88,"2GD","2楷林",25,527,0,"HQC144660","SQ64419 551"
1430,11510,32.18,"2GA","2楷林",63,322,0,"HQJ001500","SQ78386 521"
1290,9080,22.9,"2GA","2楷林",59,345,0,"HQC057200","SQ62877 511"
1560,10420,31.78,"2GB","2楷林",9,340,0,"HQJ056400","SQ79214 041"
1290,11730,29.58,"2GC","2楷林",65,328,0,"HQH007090","SQ75678 511"
1310,7430,19.03,"2GB","2楷林",31,322,0,"HQZ012180","SQ53766 051"
1190,11290,26.27,"2GB","2楷林",64,460,0,"HQY032390","SQ51939 031"
1260,10170,25.05,"2GB","2楷林",52,457,0,"HQX094510","SQ50568 521"
1080,11040,23.31,"2GB","2楷林",51,514,0,"HQJ076720","SQ79582 551"
1210,9680,22.9,"2GC","2楷林",32,423,0,"HQJ033450","SQ78849 021"
1370,8630,23.11,"3GC","2楷林",29,338,0,"HQX053450","SQ50010 031"
900,9860,17.35,"2GA","2楷林",53,334,0,"HQZ009890","SQ53742 081"
1250,8310,20.31,"2GC","2楷林",33,270,0,"HQJ113010","SQ80257 051"
1380,11810,31.86,"2GA","2楷林",51,290,0,"HQY034720","SQ52011 051"
1390,11370,30.9,"2GC","2楷林",14,444,0,"HQH146980","SQ78095 541"
1080,11310,23.88,"2GA","2楷林",85,451,0,"HQC117180","SQ63939 551"
1390,11610,30.98,"2GB","2楷林",32,481,0,"HQH141320","SQ77912 011"
960,8460,15.88,"2GA","2楷林",104,458,0,"HQA030060","SQ56585 061"
1130,10100,22.31,"2GB","2楷林",50,492,27.6,"HQD090350","SQ65868 531"
950,9220,17.12,"2GA","2楷林",49,348,0,"HQX104360","SQ50561 041"
970,9780,18.55,"2GA","2楷林",53,337,0,"HQJ002200","SQ78398 041"
960,9910,18.6,"3GC","2楷林",56,413,0,"HQA094990","SQ57758 011"
1290,10480,26.43,"3GC","2楷林",26,340,0,"HQC062860","SQ63001 541"
1270,8790,21.82,"2GA","2楷林",26,450,0,"HQD159130","SQ67150 051"
1530,10570,31.62,"2GA","2楷林",5,291,0,"HQY016800","SQ51718 051"
1320,10650,27.48,"2GC","2楷林",26,339,0,"HQA047130","SQ56900 051"
1460,9280,26.49,"2GB","2楷林",12,324,4.9,"HQG164240","SQ75403 541"
1340,8010,20.98,"2GC","2楷林",91,388,0,"HQE145760","SQ69791 071"
1260,9130,22.49,"2GD","2楷林",46,344,0,"HQA016100","SQ56442 051"
1380,10270,27.71,"2GA","2楷林",12,256,0,"HQZ145710","SQ55704 051"
1260,5580,13.75,"2GA","2楷林",56,341,0,"HQA057310","SQ57070 061"
1290,11730,29.58,"2GB","2楷林",23,329,0,"HQB096880","SQ60620 021"
1400,11200,30.44,"2GA","2楷林",39,324,0,"HQE032300","SQ67782 011"
950,10810,20.08,"3GC","2楷林",64,356,0,"HQG107560","SQ74445 031"
1090,8110,17.28,"2GB","2楷林",64,527,0,"HQY124950","SQ53096 021"
1010,9220,18.21,"2GA","2楷林",54,274,0,"HQA004240","SQ56221 541"
1000,9510,18.59,"2GA","2楷林",71,417,0,"HQD097000","SQ66149 051"
1380,11800,31.84,"2GA","2楷林",19,357,0,"HQJ124550","SQ80489 541"
1330,8560,22.26,"2GB","2楷林",24,428,0,"HQD014730","SQ64701 051"
1360,7480,19.89,"2GA","2楷林",47,345,0,"HQC077560","SQ63277 511"
1200,11810,27.71,"2GD","2楷林",31,303,0,"HQG022770","SQ73186 011"
1240,9530,23.1,"2GB","2楷林",32,394,0,"HQF158670","SQ72628 541"
1270,8350,20.73,"2GA","2楷林",25,321,0,"HQF018570","SQ70347 541"
1000,11870,23.21,"2GA","2楷林",51,339,0,"HQD036520","SQ65001 551"
1260,9210,22.69,"2GA","2楷林",21,324,0,"HQZ081870","SQ54606 551"
1350,8630,22.78,"2GA","2楷林",48,339,0,"HQA060100","SQ57095 531"
1320,10400,26.84,"3GB","2楷林",29,524,0,"HQB114780","SQ60972 041"
1270,10510,26.09,"3GB","2楷林",14,467,0,"HQX050290","SQ49967 541"
1030,11860,23.88,"2GA","2楷林",71,346,0,"HQX030800","SQ49596 521"
1290,8960,22.6,"2GA","2楷林",48,328,0,"HQA133340","SQ58280 031"
1280,9260,23.17,"2GA","2楷林",37,326,0,"HQF148880","SQ72495 021"
1170,9180,21,"2GA","2楷林",34,443,0,"HQH063670","SQ76655 531"
1070,8270,17.3,"3GC","2楷林",41,524,0,"HQE053140","SQ68121 561"
1090,11620,24.76,"2GA","2楷林",42,322,0,"HQY111960","SQ52913 531"
1440,11870,33.42,"3GC","2楷林",18,266,0,"HQE088930","SQ68821 021"
1100,7920,17.03,"2GA","2楷林",104,356,0,"HQA055980","SQ57047 541"
950,9170,17.03,"2GA","2楷林",67,395,0,"HQJ102040","SQ80100 061"
1430,10290,28.77,"2GB","2楷林",27,446,0,"HQY106950","SQ52861 531"
1080,11370,24.01,"2GA","2楷林",14,502,0,"HQD080120","SQ65851 561"
1220,8860,21.13,"2GC","2楷林",68,430,0,"HQJ017880","SQ78632 031"
1290,11080,27.5,"2GA","2楷林",39,300,10.7,"HQD017170","SQ64751 541"
1260,9860,24.29,"3GC","2楷林",35,504,0,"HQA086080","SQ57607 561"
1030,9270,18.67,"2GA","2楷林",39,319,0,"HQX003880","SQ49110 511"
1500,7370,21.61,"2GC","2楷林",7,248,0,"HQY111610","SQ52902 541"
1520,11670,34.68,"2GA","2楷林",7,257,0,"HQJ024730","SQ78735 021"
1460,11840,32.98,"2GC","2楷林",15,265,11.3,"HQE052140","SQ68096 021"
1290,7530,18.99,"2GA","2楷林",23,330,0,"HQZ052470","SQ54208 081"
1240,11630,28.19,"3GC","2楷林",53,428,0,"HQF107130","SQ71735 081"
1140,11820,26.34,"3GC","2楷林",12,0,0,"HQH033270","SQ76095 531"
1110,11500,24.96,"3GC","2楷林",44,441,0,"HQG062880","SQ73847 581"
1260,9440,22.88,"2GB","2楷林",33,332,10.2,"HQA151570","SQ58540 051"
1220,11740,28,"2GC","2楷林",92,273,0,"HQA145950","SQ58453 021"
920,11780,21.19,"2GA","2楷林",68,395,0,"HQH098560","SQ77276 541"
1550,11550,35,"2GD","2楷林",12,319,0,"HQZ133300","SQ55460 521"
950,9760,18.13,"2GA","2楷林",92,333,0,"HQX146580","SQ51246 561"
1430,10360,28.46,"2GA","2楷林",19,449,0,"HQG043020","SQ73519 011"
1170,10040,22.96,"2GB","2楷林",47,532,0,"HQX103610","SQ50715 561"
1100,9360,20.13,"2GA","2楷林",28,358,0,"HQE131700","SQ69581 041"
1380,11840,31.94,"2GA","2楷林",36,274,0,"HQF157840","SQ72612 511"
1300,10300,26.18,"2GC","2楷林",19,338,0,"HQB142560","SQ61444 031"
1230,11770,28.3,"2GD","2楷林",74,301,0,"HQY067390","SQ52399 531"
1370,11460,30.13,"2GA","2楷林",28,329,0,"HQB124600","SQ61168 511"
1270,10730,26.64,"2GB","2楷林",15,347,0,"HQD064100","SQ65536 021"
1420,11480,31.36,"2GA","2楷林",23,311,9.7,"HQF032800","SQ70507 521"
1290,10140,25.57,"2GC","2楷林",9,456,0,"HQC026410","SQ62305 541"
1270,11460,28,"2GC","2楷林",80,308,10.9,"HQX021030","SQ49396 511"
1340,9130,23.92,"2GB","2楷林",8,429,0,"HQX099890","SQ50661 041"
1090,10420,22.2,"2GA","2楷林",53,332,0,"HQY110570","SQ52908 551"
1260,9900,24,"2GA","2楷林",74,332,0,"HQH112670","SQ77546 511"
1190,8020,18.66,"3GC","2楷林",43,447,0,"HQF107860","SQ71739 051"
1300,10400,26.43,"2GA","2楷林",48,340,0,"HQC139060","SQ64338 541"
1300,11870,30.17,"2GA","2楷林",37,322,0,"HQF126010","SQ72065 551"
1260,9170,22.59,"2GC","2楷林",40,331,0,"HQX121750","SQ50947 051"
1260,10230,25.2,"2GB","2楷林",76,345,0,"HQY087600","SQ52624 541"
930,9100,16.55,"3GC","2楷林",66,305,0,"HQB079710","SQ60309 561"
980,9980,19.12,"2GC","2楷林",81,328,0,"HQF046640","SQ70784 031"
1400,11680,31.97,"2GA","2楷林",17,270,0,"HQD005330","SQ64566 521"
1320,10150,26.19,"2GA","2楷林",66,339,0,"HQB131390","SQ61254 061"
1310,11660,29.86,"2GD","2楷林",50,518,0,"HQX074030","SQ50325 031"
1100,11520,24.77,"3GB","2楷林",48,320,0,"HQH031780","SQ76060 041"
1490,11590,33.76,"2GA","2楷林",14,324,0,"HQF147000","SQ72469 021"
1380,9290,25.06,"2GA","2楷林",2,273,0,"HQD117710","SQ66472 031"
1550,8290,25.12,"2GB","2楷林",16,547,0,"HQZ110870","SQ55115 051"
1570,9290,28.51,"2GA","2楷林",7,269,0,"HQY115900","SQ52999 521"
1280,9450,23.65,"2GA","2楷林",35,336,0,"HQJ059610","SQ79273 011"
1280,8520,21.32,"2GA","2楷林",25,457,0,"HQB093410","SQ60559 021"
920,7770,13.98,"2GA","2楷林",58,341,0,"HQZ139580","SQ55632 551"
1190,10270,23.89,"3GC","2楷林",71,416,0,"HQH138970","SQ77959 011"
950,10540,19.58,"3GC","2楷林",55,277,0,"HQB077860","SQ60283 051"
1270,10460,25.97,"2GB","2楷林",41,530,0,"HQD146900","SQ66982 031"
1220,10520,25.09,"2GA","2楷林",81,332,0,"HQH112740","SQ77549 061"
1340,10350,27.11,"2GB","2楷林",17,525,0,"HQH030510","SQ76030 041"
1040,7330,14.9,"2GB","2楷林",110,549,0,"HQX002790","SQ49098 561"
1270,11270,27.98,"2GA","2楷林",36,331,0,"HQF041350","SQ70675 541"
1210,9750,22.59,"2GD","2楷林",81,477,0,"HQE095630","SQ68934 511"
1290,9580,24.16,"2GB","2楷林",14,336,0,"HQF135860","SQ72219 551"
1270,11660,28.95,"2GC","2楷林",56,528,0,"HQB081700","SQ60332 041"
1410,8380,23.1,"2GB","2楷林",19,496,0,"HQY065630","SQ52385 541"
1000,7810,15.27,"2GA","2楷林",66,458,0,"HQX027560","SQ49533 591"
1150,5940,13.35,"2GB","2楷林",50,425,0,"HQA034730","SQ56629 581"
990,10010,19.37,"2GA","2楷林",80,332,0,"HQD000780","SQ64508 011"
1290,7890,19.9,"2GB","2楷林",25,340,0,"HQY094940","SQ52719 521"
1100,6580,14.15,"2GA","2楷林",45,446,0,"HQH013550","SQ75767 561"
1410,11850,32.67,"2GA","2楷林",15,272,0,"HQF123660","SQ72043 041"
1100,9340,20.09,"2GA","2楷林",38,379,0,"HQC011920","SQ62070 011"
1330,8970,22.97,"2GB","2楷林",37,478,0,"HQZ149700","SQ55772 011"
1340,10990,28.79,"2GA","2楷林",71,335,0,"HQA090020","SQ57687 051"
1410,11840,32.12,"2GA","2楷林",18,287,13,"HQD003100","SQ64491 041"
1370,10080,27,"2GA","2楷林",36,318,0,"HQZ116410","SQ55202 541"
1190,11810,27.48,"2GB","2楷林",40,525,0,"HQG111450","SQ74514 041"
1360,8840,23.13,"2GD","2楷林",18,261,12.9,"HQE040320","SQ67878 521"
1150,10730,24.12,"2GB","2楷林",51,557,0,"HQE009230","SQ67360 051"
1410,11450,31.56,"2GA","2楷林",7,330,0,"HQD041070","SQ65106 521"
1260,9170,22.59,"3GB","2楷林",19,340,0,"HQJ042500","SQ78997 031"
1290,9160,23.1,"2GA","2楷林",73,333,0,"HQA064710","SQ57170 031"
1330,9680,25.17,"3GC","2楷林",5,486,0,"HQA056800","SQ57050 051"
1500,11870,34.81,"2GA","2楷林",15,293,0,"HQH078930","SQ76928 521"
1010,10190,20.12,"2GA","2楷林",66,308,0,"HQJ141510","SQ80793 551"
1370,11250,30.13,"2GA","2楷林",60,327,0,"HQB124920","SQ61165 021"
1380,8600,22.95,"2GA","2楷林",12,315,0,"HQF018440","SQ70347 011"
1470,10590,30.43,"2GA","2楷林",39,327,0,"HQE135320","SQ69655 541"
1120,11720,25.66,"2GA","2楷林",34,301,0,"HQF044080","SQ70730 541"
1380,11850,31.97,"2GC","2楷林",3,277,0,"HQH051360","SQ76410 521"
1380,8090,21.83,"2GB","2楷林",35,481,0,"HQE146880","SQ69845 031"
1130,11140,24.61,"3GC","2楷林",33,304,0,"HQG122570","SQ74763 571"
1270,10070,25,"2GA","2楷林",10,282,0,"HQD159570","SQ67176 011"
960,10130,19.01,"3GC","2楷林",58,323,0,"HQC006310","SQ61684 541"
1000,9260,17.83,"2GC","2楷林",47,352,0,"HQJ104800","SQ80136 021"
1480,11870,34.34,"3GC","2楷林",17,325,0,"HQC057740","SQ62902 531"
1400,10630,29.09,"2GA","2楷林",44,544,0,"HQH080110","SQ76952 051"
1250,8830,21.58,"2GA","2楷林",32,358,0,"HQC065810","SQ63031 521"
1120,11640,25.03,"2GA","2楷林",44,301,0,"HQF044180","SQ70733 011"
1350,8570,22.2,"2GC","2楷林",37,342,0,"HQX158770","SQ51389 011"
1290,8950,22.57,"2GC","2楷林",16,323,0,"HQX026180","SQ49511 541"
1500,9700,28.45,"3GB","2楷林",23,339,0,"HQA105410","SQ57877 041"
1250,11800,28.84,"3GC","2楷林",70,269,0,"HQF161430","SQ72663 041"
1400,7860,21.51,"2GA","2楷林",71,357,0,"HQX052130","SQ49986 011"
1070,9790,20.48,"2GA","2楷林",60,337,0,"HQY110640","SQ52898 521"
1200,11590,27.19,"2GB","2楷林",40,513,0,"HQH123640","SQ77723 051"
1490,11630,33.88,"2GA","2楷林",14,271,0,"HQB132620","SQ61273 021"
1240,11780,28.56,"3GC","2楷林",37,309,0,"HQA139560","SQ58362 021"
1340,11600,30.39,"2GA","2楷林",49,447,0,"HQY025140","SQ51847 011"
1150,10570,23.76,"2GB","2楷林",59,533,0,"HQF029080","SQ70472 551"
1300,8790,22.34,"2GC","2楷林",7,539,0,"HQX064170","SQ50209 551"
1420,11620,32.26,"2GB","2楷林",24,442,0,"HQG000630","SQ72753 531"
1340,11660,30.55,"2GA","2楷林",39,441,0,"HQY025040","SQ51843 531"
1250,11580,28.3,"2GB","2楷林",28,335,0,"HQH073270","SQ76824 051"
1290,9940,25.07,"2GA","2楷林",16,340,0,"HQB006400","SQ58989 521"
980,9640,18.47,"2GA","2楷林",79,418,0,"HQC000480","SQ61601 561"
980,9620,18.43,"2GD","2楷林",37,312,0,"HQJ056680","SQ79225 021"
1240,11620,28.17,"2GA","2楷林",43,341,0,"HQD065940","SQ65576 051"
1180,11270,25.67,"3GC","2楷林",35,281,0,"HQC055080","SQ62864 021"
1020,11500,22.93,"2GB","2楷林",69,514,0,"HQY059260","SQ52312 541"
1290,8560,21.59,"2GB","2楷林",24,343,0,"HQA108250","SQ57909 561"
960,11870,22.28,"2GC","2楷林",75,326,0,"HQE099460","SQ68992 011"
1540,8340,25.11,"2GA","2楷林",6,329,0,"HQE049520","SQ68093 021"
1110,10500,22.79,"3GC","2楷林",54,410,0,"HQD019600","SQ64807 051"
950,9190,17.07,"2GB","2楷林",61,358,0,"HQF085480","SQ71368 571"
1030,10870,21.89,"2GA","2楷林",65,351,0,"HQX031690","SQ49605 521"
1250,11560,28.25,"2GC","2楷林",44,275,0,"HQF157050","SQ72600 541"
1340,7210,18.89,"2GA","2楷林",51,351,0,"HQC058130","SQ62851 551"
1040,11810,24.01,"2GA","2楷林",82,342,0,"HQG035420","SQ73412 051"
1160,11300,25.63,"2GB","2楷林",102,513,0,"HQB094180","SQ60577 031"
980,11760,22.53,"2GC","2楷林",98,300,0,"HQJ041310","SQ78981 051"
1290,11440,28.85,"2GA","2楷林",5,323,0,"HQB126570","SQ61189 051"
910,10180,17.82,"2GC","2楷林",74,337,9.3,"HQJ161230","SQ81092 071"
1240,7550,18.3,"2GC","2楷林",37,330,0,"HQA033590","SQ56613 521"
1350,8130,21.46,"2GA","2楷林",12,313,0,"HQC025050","SQ62297 041"
1480,8700,25.17,"2GA","2楷林",4,269,134.1,"HQF112230","SQ71008 531"
1130,11800,26.07,"2GC","2楷林",21,326,0,"HQH047560","SQ76343 021"
1120,11860,25.97,"2GA","2楷林",37,277,0,"HQH030280","SQ76033 021"
1300,7910,20.1,"2GA","2楷林",84,332,0,"HQZ090250","SQ54719 551"
1470,10500,30.18,"3GC","2楷林",7,323,0,"HQF122480","SQ72017 031"
1080,9060,19.13,"2GA","2楷林",98,376,0,"HQE043190","SQ67996 541"
1560,11470,34.98,"2GA","2楷林",14,284,0,"HQA074390","SQ57352 541"
1320,8430,21.75,"2GA","2楷林",41,302,0,"HQZ087400","SQ54706 031"
1400,11670,31.94,"2GA","2楷林",46,258,0,"HQZ078280","SQ54551 511"
1570,10760,32.61,"2GD","2楷林",31,361,0,"HQX071950","SQ50296 511"
1260,9410,23.18,"2GC","2楷林",47,367,0,"HQZ119150","SQ55249 531"
1360,8120,21.24,"2GC","2楷林",17,258,10,"HQB086900","SQ60418 521"
1290,9170,23.13,"2GA","2楷林",91,328,0,"HQH078600","SQ76910 531"
1190,11070,25.34,"2GC","2楷林",89,298,9.5,"HQH139150","SQ77939 551"
1190,10890,25.34,"3GC","2楷林",1,349,0,"HQA040570","SQ56757 041"
1480,10050,29.08,"2GB","2楷林",11,546,0,"HQX047750","SQ49882 541"
1380,11850,31.97,"2GC","2楷林",9,266,0,"HQZ071000","SQ54458 021"
1170,11160,25.53,"2GB","2楷林",52,514,0,"HQH123760","SQ77725 551"
1300,8330,21.17,"2GB","2楷林",87,431,0,"HQX118740","SQ50890 021"
1310,11770,30.14,"2GA","2楷林",34,340,0,"HQH155260","SQ78205 021"
1070,10620,22.22,"2GA","2楷林",44,324,0,"HQG158330","SQ75364 521"
1260,11130,27.42,"2GA","2楷林",47,350,0,"HQE033290","SQ67808 021"
1160,9520,21.59,"2GA","2楷林",66,342,0,"HQC032980","SQ62416 531"
1470,11750,33.77,"2GA","2楷林",21,325,0,"HQH155130","SQ78200 041"
1290,11400,28.75,"2GB","2楷林",3,328,0,"HQC006930","SQ61686 531"
1260,7660,18.87,"2GA","2楷林",36,335,0,"HQH135360","SQ77924 051"
1290,8180,20.63,"2GA","2楷林",52,324,0,"HQX118380","SQ50905 071"
1110,6210,13.48,"2GB","2楷林",66,498,0,"HQZ168940","SQ56121 011"
1270,11590,28.78,"2GA","2楷林",7,358,0,"HQJ047590","SQ79078 021"
1250,9480,23.17,"2GA","2楷林",38,327,0,"HQE006460","SQ67345 011"
1170,8410,19.24,"2GC","2楷林",58,510,0,"HQC069500","SQ63112 021"
900,11700,20.59,"2GA","2楷林",39,396,0,"HQJ062340","SQ79313 061"
1380,11550,31.16,"2GD","2楷林",2,271,0,"HQA007310","SQ56306 011"
1240,11620,28.17,"2GA","2楷林",52,341,0,"HQD066030","SQ65576 531"
1320,9000,23.23,"2GA","2楷林",79,339,0,"HQB131520","SQ61257 041"
1000,10270,20.08,"2GC","2楷林",108,542,0,"HQF070440","SQ71077 521"
1250,10820,26.44,"2GA","2楷林",76,333,0,"HQZ167600","SQ56109 541"
1320,11550,29.81,"2GA","2楷林",71,269,0,"HQF078820","SQ71250 021"
1500,9570,27.62,"2GC","2楷林",17,259,2.2,"HQH028360","SQ75980 551"
1320,11310,29.19,"2GA","2楷林",43,336,0,"HQC067600","SQ63081 521"
1000,9960,19.47,"2GC","2楷林",117,330,0,"HQF021450","SQ70390 021"
1160,11160,25.31,"2GA","2楷林",76,317,0,"HQA163710","SQ58791 021"
1290,9180,23.15,"2GA","2楷林",68,470,0,"HQE149060","SQ69940 561"
1050,11390,23.38,"2GA","2楷林",71,438,0,"HQJ075320","SQ79570 521"
1080,10730,22.13,"2GB","2楷林",48,522,0,"HQE004400","SQ67315 021"
1320,9110,23.51,"2GB","2楷林",35,532,0,"HQF150970","SQ72501 051"
900,9740,17.14,"2GA","2楷林",56,332,0,"HQJ151290","SQ80958 011"
1240,9550,23.15,"2GA","2楷林",31,339,0,"HQG031020","SQ73322 531"
1260,8110,19.98,"2GA","2楷林",70,363,0,"HQE042910","SQ67992 521"
1140,11670,26.01,"2GC","2楷林",54,274,0,"HQJ117970","SQ80343 521"
1200,7090,16.63,"2GB","2楷林",38,343,0,"HQG037430","SQ73406 061"
1260,9410,23.18,"2GA","2楷林",20,330,0,"HQG026690","SQ73243 021"
1200,8020,18.81,"2GD","2楷林",25,400,0,"HQH152170","SQ78156 531"
1380,11530,30.66,"2GC","2楷林",29,269,0,"HQZ037990","SQ54014 011"
1150,11370,25.56,"2GB","2楷林",42,341,0,"HQJ080660","SQ79632 041"
1090,10420,22.2,"2GA","2楷林",48,331,0,"HQY110520","SQ52908 041"
1360,8840,23.13,"2GD","2楷林",23,260,13.3,"HQE040370","SQ67878 051"
1380,8180,21.67,"3GC","2楷林",27,471,0,"HQX152940","SQ51324 011"
1020,11860,23.65,"2GA","2楷林",92,339,0,"HQX107400","SQ50751 561"
1240,11670,28.29,"2GA","2楷林",56,333,0,"HQJ053370","SQ79188 021"
1090,9470,20.18,"2GC","2楷林",43,506,0,"HQE064280","SQ68379 071"
1290,11100,27.99,"2GC","2楷林",30,312,0,"HQH015780","SQ75763 031"
960,8170,15.33,"3GC","2楷林",69,353,0,"HQE090190","SQ68855 061"
1570,11510,34.99,"2GA","2楷林",31,266,0,"HQH026510","SQ75969 011"
1380,9210,24.85,"2GC","2楷林",31,395,0,"HQC002790","SQ61630 031"
1320,11690,30.17,"2GB","2楷林",80,525,0,"HQZ074080","SQ54489 021"
1200,7500,17.6,"2GB","2楷林",71,457,0,"HQJ029230","SQ78795 051"
1190,10770,25.06,"2GC","2楷林",50,320,0,"HQA160010","SQ58687 031"
1350,10470,27.22,"3GC","2楷林",14,271,0,"HQD087680","SQ65970 511"
1260,10730,26.43,"2GA","2楷林",41,339,0,"HQX095110","SQ50611 561"
1110,7400,15.7,"2GA","2楷林",1,332,0,"HQG030720","SQ73329 021"
1280,7960,19.92,"2GA","2楷林",24,361,0,"HQE045200","SQ67970 041"
1530,11700,34.54,"3GC","2楷林",14,268,0,"HQY080930","SQ52542 521"
1220,9830,23.07,"2GA","2楷林",62,267,7.2,"HQG099040","SQ74309 541"
1110,11050,23.98,"2GA","2楷林",34,299,0,"HQD080320","SQ65848 521"
1420,11140,30.93,"3GC","2楷林",17,295,0,"HQY128180","SQ53136 041"
1240,8990,21.79,"2GB","2楷林",112,365,0,"HQX023860","SQ49472 531"
1100,8660,18.62,"2GA","2楷林",80,333,0,"HQX064900","SQ50204 071"
1270,8080,20.06,"2GA","2楷林",54,334,0,"HQF138830","SQ72276 511"
1550,10540,31.94,"2GC","2楷林",8,316,0,"HQX020310","SQ49396 041"
1520,11770,34.98,"3GC","2楷林",22,268,0,"HQC020520","SQ62234 041"
1030,9670,19.47,"2GB","2楷林",33,330,0,"HQB068080","SQ60109 041"
1320,9310,24.03,"3GC","2楷林",46,330,0,"HQY091420","SQ52662 531"
1300,5820,14.79,"2GB","2楷林",64,420,0,"HQY002360","SQ51557 031"
1290,9160,23.1,"2GB","2楷林",49,333,0,"HQY095180","SQ52724 511"
960,10480,19.16,"2GA","2楷林",80,351,0,"HQG123040","SQ74752 011"
1380,11150,30.08,"2GA","2楷林",32,337,0,"HQA057070","SQ57084 541"
1220,8420,20.08,"2GC","2楷林",29,460,0,"HQE063080","SQ68291 061"
1100,10990,23.63,"2GA","2楷林",79,459,0,"HQX084870","SQ50448 531"
1560,10040,30.62,"2GA","2楷林",11,327,0,"HQD038520","SQ65098 531"
1260,11360,27.98,"2GA","2楷林",7,323,0,"HQG109470","SQ74475 041"
1320,9530,24.59,"2GB","2楷林",5,438,0,"HQH116470","SQ77612 541"
1380,11010,29.7,"2GA","2楷林",35,337,0,"HQA059970","SQ57087 021"
1520,11690,34.18,"2GA","2楷林",10,266,10,"HQZ016800","SQ53800 031"
1150,9840,22.12,"2GA","2楷林",54,329,0,"HQH010280","SQ75720 061"
1110,9710,21.07,"3GC","2楷林",87,497,0,"HQA157180","SQ58642 541"
1570,10480,32.17,"2GA","2楷林",17,328,0,"HQX086370","SQ50496 041"
1000,10830,20.83,"2GA","2楷林",96,327,5.7,"HQY002700","SQ51550 541"
1260,9410,23.18,"2GA","2楷林",45,330,0,"HQB073350","SQ60218 541"
1440,10740,30.24,"2GA","2楷林",36,338,0,"HQA065280","SQ57191 031"
1360,7480,19.89,"2GA","2楷林",39,345,0,"HQC077480","SQ63274 021"
1340,9410,24.65,"2GB","2楷林",40,457,0,"HQZ008000","SQ53665 541"
1470,11570,33.25,"3GC","2楷林",20,289,0,"HQA148710","SQ58529 521"
1380,11780,31.27,"2GC","2楷林",29,300,9.7,"HQB132770","SQ61266 511"
1200,9890,22.72,"2GB","2楷林",78,528,0,"HQZ047220","SQ54119 521"
1570,9940,30.51,"2GC","2楷林",54,326,0,"HQC045410","SQ62657 041"
1160,9690,21.97,"2GA","2楷林",44,442,0,"HQD159310","SQ67153 531"
1090,11670,24.87,"2GA","2楷林",50,273,0,"HQD062410","SQ65514 511"
1110,11050,23.98,"3GC","2楷林",60,335,0,"HQZ152270","SQ55841 061"
1190,9580,22.29,"2GB","2楷林",40,416,0,"HQG156430","SQ75325 061"
1270,9750,24.21,"2GC","2楷林",27,341,0,"HQH130300","SQ77837 061"
1320,10240,26.43,"2GA","2楷林",36,337,0,"HQB131090","SQ61260 031"
920,10070,18.11,"2GA","2楷林",96,345,0,"HQZ139960","SQ55640 031"
1340,9930,25.63,"2GA","2楷林",4,279,0,"HQX052340","SQ49998 531"
1290,7750,19.55,"2GC","2楷林",5,328,0,"HQF053660","SQ70884 541"
1420,11780,32.7,"2GA","2楷林",43,266,0,"HQJ131400","SQ80575 521"
1310,7650,19.59,"2GC","2楷林",57,422,0,"HQH128850","SQ77818 011"
1190,9090,21.15,"2GB","2楷林",77,495,0,"HQY084830","SQ52594 531"
1030,9350,18.53,"2GA","2楷林",79,326,8.2,"HQC103180","SQ63676 061"
1250,9440,23.07,"2GA","2楷林",73,320,0,"HQJ021700","SQ78675 041"
1420,11850,32.37,"2GC","2楷林",13,272,12.7,"HQC037670","SQ62500 541"
1220,10900,25.37,"2GC","2楷林",33,265,9.2,"HQG164450","SQ75417 541"
1360,11420,30.36,"2GA","2楷林",60,252,0,"HQJ067870","SQ79393 541"
1260,8170,20.13,"2GA","2楷林",3,334,0,"HQF101770","SQ71608 061"
1470,9630,27.68,"2GA","2楷林",11,254,0,"HQZ098090","SQ54892 521"
1280,9020,22.57,"3GC","2楷林",23,337,0,"HQC125150","SQ64080 061"
1250,9480,23.17,"2GA","2楷林",44,327,0,"HQE006520","SQ67345 031"
1300,11760,28.95,"2GC","2楷林",49,289,13.6,"HQE137740","SQ69645 011"
960,9320,17.49,"3GC","2楷林",78,419,0,"HQA095210","SQ57760 071"
1290,11360,28.65,"2GA","2楷林",27,336,0,"HQZ145860","SQ55733 531"
1110,9290,20.16,"2GC","2楷林",46,331,0,"HQZ128520","SQ55391 541"
960,9890,18.26,"2GB","2楷林",76,333,4.4,"HQG090000","SQ74182 531"
1570,7430,22.44,"2GC","2楷林",26,324,0,"HQZ100810","SQ54922 011"
1570,9770,29.27,"2GC","2楷林",12,252,8.2,"HQH142590","SQ78009 511"
1370,8440,22.61,"2GA","2楷林",36,334,0,"HQX113780","SQ50845 521"
1140,10070,21.95,"2GA","2楷林",81,446,0,"HQX130960","SQ51072 011"
1330,9610,24.99,"2GA","2楷林",35,304,0,"HQE084710","SQ68754 521"
900,11700,20.59,"2GA","2楷林",55,394,0,"HQJ061780","SQ79307 051"
1540,9300,28,"2GB","2楷林",13,448,0,"HQH087670","SQ77059 021"
1320,9840,25.39,"2GA","2楷林",16,455,0,"HQF104640","SQ71669 531"
1330,9610,24.99,"2GA","2楷林",32,304,0,"HQE084680","SQ68754 541"
1060,11400,23.62,"2GB","2楷林",62,321,0,"HQH031920","SQ76063 051"
1340,11720,30.7,"2GA","2楷林",46,268,0,"HQF028950","SQ70463 021"
1080,10230,21.6,"3GC","2楷林",34,285,0,"HQJ081170","SQ79649 041"
1410,11540,31.81,"2GC","2楷林",17,312,0,"HQY091130","SQ52672 531"
1300,11870,30.17,"2GA","2楷林",5,341,0,"HQZ068130","SQ54419 531"
1260,8930,22,"2GA","2楷林",57,348,0,"HQE001450","SQ67262 051"
960,10300,19.33,"2GA","2楷林",53,329,0,"HQY103100","SQ52807 521"
1260,9860,24.29,"2GD","2楷林",33,341,0,"HQA015970","SQ56439 061"
1290,7490,18.89,"2GC","2楷林",88,426,0,"HQX023620","SQ49474 551"
1430,11870,33.18,"2GA","2楷林",4,359,0,"HQJ117470","SQ80328 041"
1010,10160,20.06,"2GA","2楷林",62,345,0,"HQE125130","SQ69467 521"
1020,11860,23.65,"2GA","2楷林",58,326,0,"HQA141990","SQ58420 551"
1310,8970,22.97,"2GA","2楷林",7,313,0,"HQJ087670","SQ79759 561"
1070,8270,17.3,"2GC","2楷林",66,524,0,"HQG140940","SQ75061 031"
1240,11450,27.76,"3GC","2楷林",36,517,0,"HQF123870","SQ72055 021"
1460,7400,21.12,"2GC","2楷林",8,274,0,"HQE088830","SQ68819 051"
1300,10300,26.18,"3GC","2楷林",59,338,0,"HQA114350","SQ58001 011"
1290,9160,23.1,"2GA","2楷林",45,330,0,"HQF129830","SQ72146 021"
1290,8940,22.55,"2GA","2楷林",17,322,0,"HQF075250","SQ71172 061"
1380,10880,29.35,"2GC","2楷林",25,502,0,"HQD077000","SQ65766 051"
1290,9170,23.13,"2GA","2楷林",82,333,0,"HQH078510","SQ76908 031"
980,11670,22.36,"2GA","2楷林",59,316,0,"HQH055510","SQ76468 021"
960,11870,22.28,"2GB","2楷林",55,355,0,"HQE142340","SQ69763 031"
1270,8450,20.98,"2GC","2楷林",38,400,0,"HQG109100","SQ74469 021"
1570,6700,20.56,"2GA","2楷林",19,327,0,"HQE019300","SQ67558 051"
1400,10510,28.77,"2GA","2楷林",2,265,0,"HQX043090","SQ49824 541"
1350,11130,29.37,"2GA","2楷林",4,335,0,"HQA059660","SQ57099 021"
1350,8780,23.17,"2GA","2楷林",29,332,0,"HQZ073570","SQ54499 021"
1500,8880,25.62,"2GA","2楷林",5,277,9.1,"HQJ123790","SQ80447 021"
1240,6090,14.76,"2GC","2楷林",50,426,0,"HQZ150560","SQ55809 051"
1290,9160,23.1,"2GA","2楷林",86,332,0,"HQH164030","SQ78290 041"
910,7850,13.97,"2GC","2楷林",29,344,0,"HQY132090","SQ53201 031"
1290,7660,19.32,"2GC","2楷林",56,337,0,"HQC063160","SQ63012 061"
1020,11850,23.63,"3GC","2楷林",80,335,0,"HQD094500","SQ66105 031"
1220,11320,27,"2GA","2楷林",49,325,0,"HQF069850","SQ71103 051"
1270,11700,29.05,"2GC","2楷林",48,439,0,"HQG007300","SQ72878 021"
1080,8870,18.73,"3GC","2楷林",1,256,0,"HQD088340","SQ65980 541"
1370,11830,31.68,"2GD","2楷林",15,451,0,"HQH132860","SQ77842 541"
1000,10320,20.18,"2GB","2楷林",64,335,0,"HQD121570","SQ66524 511"
1540,11590,34.89,"2GA","2楷林",5,276,0,"HQB099100","SQ60638 521"
1290,8800,22.19,"2GA","2楷林",32,344,0,"HQE096580","SQ68971 041"
1250,11120,27.17,"2GB","2楷林",31,336,0,"HQH073300","SQ76822 051"
1290,7530,18.99,"2GA","2楷林",84,327,0,"HQD122940","SQ66510 021"
1070,8660,18.12,"2GC","2楷林",23,533,0,"HQJ046980","SQ79053 071"
1280,8040,20.12,"2GC","2楷林",43,317,0,"HQZ106970","SQ55076 061"
1110,7650,16.6,"2GB","2楷林",58,371,0,"HQX027480","SQ49539 571"
1290,9630,24.29,"2GC","2楷林",34,337,0,"HQC062940","SQ63004 521"
1570,10930,33.01,"2GA","2楷林",18,277,11.9,"HQD134680","SQ66725 531"
1270,9290,23.07,"3GB","2楷林",68,427,0,"HQG070460","SQ73980 531"
1240,10350,25.09,"3GC","2楷林",24,329,0,"HQH151670","SQ78155 021"
1260,11620,28.06,"2GB","2楷林",60,516,0,"HQG148790","SQ75194 021"
1330,10110,26.29,"2GD","2楷林",13,337,0,"HQB076620","SQ60237 531"
1380,11180,30.16,"2GA","2楷林",8,258,0,"HQZ095680","SQ54798 041"
1410,8280,22.82,"2GD","2楷林",39,264,0,"HQY087230","SQ52637 541"
1570,10100,30.26,"2GC","2楷林",20,249,7.7,"HQY110240","SQ52899 041"
1110,7060,15.32,"2GA","2楷林",90,354,0,"HQZ006900","SQ53702 551"
940,9180,16.87,"2GC","2楷林",62,303,0,"HQA002990","SQ56203 581"
1270,8550,21.23,"2GA","2楷林",9,322,0,"HQF141240","SQ72363 561"
1270,8660,21.5,"2GA","2楷林",20,331,0,"HQX039860","SQ49733 041"
1210,11810,27.94,"3GC","2楷林",63,548,0,"HQC060910","SQ62961 511"
1290,6150,15.51,"2GA","2楷林",51,338,0,"HQC116840","SQ63917 051"
1080,9040,19.09,"2GA","2楷林",79,331,0,"HQD035900","SQ65024 551"
1290,10670,26.91,"2GA","2楷林",81,336,0,"HQA151050","SQ58555 021"
1450,11670,32.51,"2GD","2楷林",10,333,0,"HQD021240","SQ64839 511"
1050,11630,23.87,"2GC","2楷林",77,355,0,"HQX135090","SQ51134 551"
1380,11840,31.94,"2GA","2楷林",22,268,0,"HQJ040550","SQ78947 521"
1020,9570,19.08,"2GA","2楷林",93,502,0,"HQD079270","SQ65806 041"
1030,11850,23.86,"2GC","2楷林",63,354,0,"HQH159920","SQ78257 561"
1230,8790,21.14,"2GD","2楷林",9,539,0,"HQH030980","SQ76049 531"
1080,7640,16.13,"2GA","2楷林",55,445,0,"HQG000980","SQ72776 061"
1380,11360,30.65,"3GC","2楷林",12,329,0,"HQD059710","SQ65495 031"
1000,10990,21.49,"2GA","2楷林",65,338,0,"HQB027270","SQ59363 051"
1380,11800,31.84,"2GA","2楷林",34,364,0,"HQJ124700","SQ80484 041"
1240,8650,20.97,"2GB","2楷林",14,391,0,"HQH100020","SQ77281 541"
1140,10280,22.91,"2GB","2楷林",31,428,0,"HQA004010","SQ56216 531"
1520,11780,34.78,"2GA","2楷林",19,255,0,"HQB017650","SQ59177 011"
1230,11840,28.47,"2GA","2楷林",25,339,0,"HQZ008610","SQ53720 031"
1400,10270,27.43,"2GA","2楷林",42,257,11.6,"HQZ042480","SQ54058 541"
1360,6750,17.95,"2GA","2楷林",51,502,0,"HQX004890","SQ49138 021"
1350,8160,21.54,"2GA","2楷林",18,334,0,"HQA059800","SQ57092 061"
1550,9940,30.12,"2GA","2楷林",34,335,0,"HQC075440","SQ63228 031"
1260,10390,25.59,"2GA","2楷林",38,338,0,"HQA057130","SQ57070 531"
980,9980,19.12,"3GC","2楷林",98,329,0,"HQF046810","SQ70786 041"
1060,10650,22.07,"2GA","2楷林",24,329,0,"HQG154260","SQ75280 511"
1420,8780,23.95,"2GA","2楷林",33,315,0,"HQZ002830","SQ53664 511"
980,11770,22.55,"2GA","2楷林",40,304,0,"HQH054570","SQ76454 551"
1430,9390,25.83,"2GD","2楷林",25,321,12.1,"HQZ133430","SQ55471 041"
1070,8260,17.28,"2GB","2楷林",78,523,0,"HQX090940","SQ50535 041"
1290,6010,15.16,"2GA","2楷林",29,341,0,"HQY156470","SQ53533 531"
1110,10150,22.03,"2GB","2楷林",62,331,0,"HQC031670","SQ62383 031"
1180,9560,22.05,"2GB","2楷林",64,494,0,"HQX112260","SQ50836 011"
1260,8430,20.77,"2GA","2楷林",5,315,0,"HQF101070","SQ71605 521"
1220,9320,22.23,"3GB","2楷林",40,426,0,"HQG021470","SQ73178 521"
1250,7860,19.21,"2GB","2楷林",46,529,0,"HQF155380","SQ72565 531"
930,11610,21.11,"3GC","2楷林",74,301,0,"HQH028150","SQ76023 061"
1170,7160,16.38,"3GC","2楷林",98,419,0,"HQH139240","SQ77968 071"
1040,11750,23.89,"3GC","2楷林",47,326,0,"HQH047820","SQ76350 021"
960,9680,18.17,"2GA","2楷林",60,302,0,"HQG037020","SQ73399 561"
1540,11590,34.89,"2GD","2楷林",9,317,0,"HQE007270","SQ67348 521"
1410,9390,25.88,"2GC","2楷林",18,339,0,"HQX061850","SQ50172 031"
1230,6790,16.33,"2GA","2楷林",17,449,0,"HQE008850","SQ67385 541"
1420,11360,31.54,"2GA","2楷林",13,282,0,"HQZ113480","SQ55152 021"
1520,8810,26.18,"2GB","2楷林",8,524,0,"HQX102300","SQ50698 051"
1380,11720,31.39,"2GC","2楷林",28,389,0,"HQJ144010","SQ80834 511"
1280,11380,28.48,"2GD","2楷林",24,308,0,"HQH144810","SQ78069 041"
1330,7540,19.61,"2GA","2楷林",15,340,0,"HQJ009000","SQ78479 051"
1260,9410,23.18,"2GA","2楷林",17,331,0,"HQG026660","SQ73243 531"
1230,11290,27.15,"2GA","2楷林",52,274,0,"HQD118210","SQ66482 051"
1400,8430,23.07,"2GB","2楷林",27,424,0,"HQG134810","SQ74964 021"
1230,8640,20.78,"2GA","2楷林",58,349,0,"HQZ109550","SQ55116 041"
1510,10700,31.59,"2GA","2楷林",20,333,0,"HQD038610","SQ65102 041"
1380,11820,31.89,"2GC","2楷林",43,333,0,"HQE030280","SQ67774 031"
1540,11620,34.53,"2GB","2楷林",5,420,0,"HQH034430","SQ76131 011"
1030,9660,19.45,"2GA","2楷林",88,337,0,"HQC138530","SQ64293 011"
1110,8760,18.75,"2GA","2楷林",96,331,0,"HQZ144570","SQ55666 511"
1090,11360,24.21,"3GC","2楷林",18,472,0,"HQJ086330","SQ79760 561"
1100,9330,20.06,"2GA","2楷林",77,354,0,"HQA008060","SQ56270 011"
1240,11620,28.17,"2GB","2楷林",56,381,0,"HQA053720","SQ57015 021"
1320,11840,30.07,"2GC","2楷林",30,305,7.4,"HQC073610","SQ63183 041"
1390,11200,30.44,"2GA","2楷林",15,331,0,"HQC102540","SQ63694 521"
1440,11740,32.52,"2GA","2楷林",42,276,8.2,"HQD104840","SQ66244 011"
1380,11850,31.46,"2GA","2楷林",35,299,12.6,"HQC080420","SQ63296 051"
960,9000,16.89,"2GA","2楷林",66,341,0,"HQF001030","SQ70110 031"
1570,9800,30.08,"2GB","2楷林",50,327,0,"HQF127580","SQ72070 031"
1290,9990,25.19,"2GA","2楷林",9,331,0,"HQZ081750","SQ54598 041"
1120,8080,17.69,"2GB","2楷林",28,398,0,"HQG066350","SQ73940 581"
1370,8460,22.66,"2GA","2楷林",29,341,0,"HQX023030","SQ49452 061"
1210,9350,22.12,"2GA","2楷林",46,286,0,"HQE052450","SQ68129 511"
1270,8450,20.98,"3GC","2楷林",22,387,0,"HQG108270","SQ74472 051"
1010,10190,20.12,"2GA","2楷林",74,306,0,"HQJ141590","SQ80796 521"
1230,11410,26.99,"2GB","2楷林",41,437,0,"HQE155390","SQ70000 521"
1440,11710,32.44,"2GA","2楷林",70,302,9.5,"HQC115470","SQ63897 511"
980,11440,21.92,"2GA","2楷林",31,348,0,"HQH000280","SQ75520 511"
1260,8960,22.07,"2GC","2楷林",30,466,0,"HQA060700","SQ57115 021"
1020,11640,23.21,"2GC","2楷林",41,472,0,"HQJ086560","SQ79767 011"
1030,7610,15.32,"2GA","2楷林",38,349,0,"HQJ116220","SQ80339 521"
1410,11600,31.98,"2GA","2楷林",31,273,0,"HQX031350","SQ49634 031"
1130,11770,26,"2GA","2楷林",56,267,0,"HQH144480","SQ78068 011"
920,7770,13.98,"2GA","2楷林",4,343,0,"HQZ139040","SQ55627 591"
1260,9600,23.65,"3GC","2楷林",6,410,0,"HQZ015160","SQ53796 021"
1410,11600,31.98,"2GA","2楷林",21,265,0,"HQX031250","SQ49630 541"
1250,8740,21.36,"3GC","2楷林",43,418,0,"HQX040090","SQ49768 061"
1030,11860,23.88,"2GA","2楷林",76,352,0,"HQF076750","SQ71209 521"
1270,11500,28.55,"2GB","2楷林",22,420,0,"HQH022470","SQ75921 041"
1290,7730,19.49,"2GA","2楷林",37,335,0,"HQZ109340","SQ55113 061"
1340,11580,30.34,"2GD","2楷林",92,456,0,"HQA118040","SQ58061 511"
1260,9380,23.11,"2GA","2楷林",35,328,0,"HQF093410","SQ71496 041"
1220,9940,23.71,"3GC","2楷林",45,255,0,"HQZ004830","SQ53672 021"
1250,11740,28.69,"2GA","2楷林",56,429,0,"HQF135330","SQ72215 561"
1370,10080,27,"2GA","2楷林",50,316,0,"HQZ116550","SQ55203 541"
1240,10270,24.39,"2GA","2楷林",84,337,0,"HQX034280","SQ49662 011"
950,9210,17.11,"2GA","2楷林",76,351,0,"HQH001310","SQ75583 571"
1260,9030,22.24,"2GA","2楷林",59,456,0,"HQD130920","SQ66705 021"
1340,11860,31.07,"2GC","2楷林",44,316,0,"HQF161180","SQ72686 031"
1300,9100,23.13,"2GA","2楷林",13,324,0,"HQH114530","SQ77540 041"
1320,8840,22.38,"2GA","2楷林",21,325,0,"HQJ160680","SQ81141 021"
1380,11710,31.59,"3GC","2楷林",3,455,0,"HQJ046760","SQ79082 031"
1070,10560,22.09,"2GA","2楷林",22,341,0,"HQJ085810","SQ79738 031"
1030,11850,23.86,"2GA","2楷林",55,352,0,"HQF010560","SQ70212 041"
1270,9290,23.07,"2GB","2楷林",48,422,0,"HQG135020","SQ74971 511"
1300,11180,27.98,"2GA","2楷林",9,323,0,"HQG108810","SQ74473 011"
1260,9410,23.18,"2GA","2楷林",51,329,0,"HQD152470","SQ67059 031"
1260,10100,24.88,"2GC","2楷林",22,451,0,"HQJ056530","SQ79204 021"
1220,8310,19.82,"2GB","2楷林",57,424,0,"HQB084350","SQ60390 041"
1330,8480,22.05,"2GB","2楷林",8,470,0,"HQY091040","SQ52647 551"
1200,11670,27.38,"2GA","2楷林",54,265,0,"HQA080600","SQ57474 511"
1400,9170,25.1,"2GC","2楷林",36,323,0,"HQY066070","SQ52394 011"
1060,11570,23.98,"3GC","2楷林",84,337,0,"HQH100720","SQ77305 551"
1570,11400,34.99,"2GC","2楷林",6,263,0,"HQX017720","SQ49349 031"
1170,11590,26.06,"2GB","2楷林",39,551,0,"HQJ003330","SQ78412 011"
1190,8020,18.66,"2GC","2楷林",50,406,0,"HQF024230","SQ70407 071"
1160,11650,26.42,"2GC","2楷林",51,343,0,"HQH052550","SQ76436 031"
1450,11690,32.34,"2GA","2楷林",21,255,14.5,"HQB083990","SQ60355 011"
1060,7940,16.07,"2GA","2楷林",77,460,0,"HQE110770","SQ69201 511"
1210,10930,25.32,"3GB","2楷林",76,326,0,"HQY104230","SQ52835 521"
1290,11610,29.28,"2GA","2楷林",46,338,0,"HQA024320","SQ56481 521"
1100,11670,25.1,"2GA","2楷林",1,292,0,"HQY125230","SQ53101 041"
1570,9940,30.51,"2GC","2楷林",46,333,0,"HQX116670","SQ50887 011"
1340,11520,30.18,"2GC","2楷林",75,521,0,"HQC037420","SQ62527 021"
1240,10140,24.58,"2GC","2楷林",15,422,0,"HQJ033280","SQ78846 531"
1040,11790,23.97,"2GA","2楷林",71,294,0,"HQG110110","SQ74500 561"
1300,11840,30.09,"3GC","2楷林",45,353,0,"HQD092990","SQ66056 541"
960,9910,18.6,"3GC","2楷林",65,418,0,"HQA095900","SQ57760 011"
1520,10290,30.58,"2GA","2楷林",41,328,0,"HQE081530","SQ68703 541"
960,8640,16.22,"2GA","2楷林",37,320,0,"HQF050660","SQ70839 061"
1370,8370,22.42,"2GA","2楷林",45,359,0,"HQB055150","SQ59882 051"
1260,11850,29.19,"2GA","2楷林",57,342,0,"HQX109030","SQ50776 031"
1210,11700,27.68,"2GA","2楷林",74,257,0,"HQX012250","SQ49281 011"
1250,6210,15.18,"2GC","2楷林",57,428,0,"HQY017320","SQ51733 571"
970,11520,21.85,"2GB","2楷林",51,555,0,"HQD029090","SQ64941 561"
1370,8470,22.69,"2GA","2楷林",77,337,0,"HQX023510","SQ49453 021"
1240,8130,19.71,"2GB","2楷林",44,348,0,"HQX036940","SQ49703 041"
1070,8660,18.12,"2GA","2楷林",14,528,0,"HQJ136000","SQ80648 051"
1490,11770,34.06,"2GA","2楷林",17,278,0,"HQG068330","SQ73969 011"
1110,11000,23.87,"2GA","2楷林",46,354,0,"HQX050010","SQ49907 031"
1460,10190,29.09,"2GB","2楷林",21,428,0,"HQF143780","SQ72384 021"
1300,9120,23.18,"2GA","2楷林",54,325,0,"HQG012210","SQ73006 021"
1320,11810,30.48,"2GD","2楷林",17,528,0,"HQY029640","SQ51911 051"
1300,11520,29.28,"2GB","2楷林",40,337,0,"HQA138450","SQ58361 011"
900,9860,17.35,"2GA","2楷林",66,330,0,"HQZ038360","SQ54003 531"
1510,11780,34.78,"3GC","2楷林",17,254,0,"HQB059500","SQ59942 011"
1110,11000,23.87,"2GB","2楷林",32,353,0,"HQX049870","SQ49907 011"
1200,9750,22.87,"2GC","2楷林",44,464,0,"HQJ160910","SQ81135 031"
1200,11810,27.71,"2GB","2楷林",33,525,0,"HQZ038830","SQ54018 551"
1090,11620,24.76,"2GA","2楷林",53,324,0,"HQY130610","SQ53169 541"
1280,9740,24.09,"2GB","2楷林",34,520,0,"HQX103480","SQ50712 011"
1100,11100,23.87,"2GA","2楷林",63,355,0,"HQZ049530","SQ54151 551"
1460,11520,32.88,"2GD","2楷林",4,275,0,"HQX135130","SQ51129 041"
1190,11330,26.36,"2GC","2楷林",36,423,0,"HQJ033490","SQ78856 531"
1400,11360,30.59,"2GD","2楷林",16,249,7.4,"HQF150780","SQ72502 541"
1470,9370,26.47,"2GA","2楷林",25,332,0,"HQY020730","SQ51773 011"
1290,11100,27.99,"2GA","2楷林",53,317,0,"HQH124310","SQ77726 541"
1290,11600,28.69,"2GB","2楷林",94,422,0,"HQB025930","SQ59327 511"
1200,6310,14.62,"2GB","2楷林",100,425,0,"HQA082680","SQ57499 511"
1040,11820,24.03,"2GC","2楷林",78,298,0,"HQH049440","SQ76384 521"
1370,9930,26.6,"2GA","2楷林",21,454,0,"HQB088570","SQ60448 541"
1510,11590,33.67,"2GA","2楷林",24,270,2.3,"HQH028430","SQ75972 541"
1030,7850,15.81,"2GB","2楷林",53,464,0,"HQZ160500","SQ55975 061"
1250,10270,25.1,"3GC","2楷林",21,501,0,"HQA056270","SQ57057 521"
1260,9460,23.3,"2GD","2楷林",67,338,2.6,"HQJ006470","SQ78413 511"
1570,11400,34.99,"2GA","2楷林",8,269,0,"HQG006900","SQ72879 541"
1170,11590,26.06,"2GB","2楷林",40,546,0,"HQJ003340","SQ78412 511"
1120,10510,23.01,"2GB","2楷林",49,527,0,"HQX103630","SQ50716 551"
1470,11670,32.97,"2GA","2楷林",4,338,0,"HQX087790","SQ50522 031"
1290,9190,23.18,"2GA","2楷林",37,336,0,"HQA095620","SQ57743 531"
1200,11590,27.19,"2GB","2楷林",77,530,0,"HQY026360","SQ51863 531"
1000,9760,19.08,"2GC","2楷林",95,330,0,"HQX112570","SQ50813 011"
1420,9410,25.5,"2GC","2楷林",4,300,12.3,"HQA070450","SQ57265 541"
1200,8020,18.81,"2GD","2楷林",44,394,0,"HQG081990","SQ74123 551"
1180,9400,21.68,"2GB","2楷林",113,458,0,"HQH131190","SQ77812 031"
1260,11230,27.66,"3GC","2楷林",3,328,0,"HQF024320","SQ70427 051"
1290,7450,18.79,"2GC","2楷林",34,425,0,"HQC110590","SQ63811 511"
1120,11560,25.09,"2GC","2楷林",29,499,0,"HQJ143380","SQ80792 511"
1310,10620,27.2,"2GD","2楷林",16,274,0,"HQD087700","SQ65970 551"
1370,8590,23.01,"2GB","2楷林",17,378,0,"HQZ025850","SQ53869 021"
1340,9980,25.66,"2GB","2楷林",23,461,0,"HQZ058660","SQ54287 011"
1100,8870,19.07,"2GA","2楷林",77,376,0,"HQB142250","SQ61441 041"
1060,10610,21.99,"2GA","2楷林",86,354,0,"HQZ166820","SQ56076 551"
1230,9720,23.09,"2GA","2楷林",92,361,0,"HQH006340","SQ75661 521"
1320,9800,25.29,"2GA","2楷林",33,440,0,"HQA156610","SQ58647 531"
1350,10820,28.56,"2GA","2楷林",15,315,0,"HQC025080","SQ62302 031"
1370,7790,20.71,"3GB","2楷林",2,514,0,"HQY065460","SQ52392 511"
1390,10540,28.64,"2GC","2楷林",19,530,0,"HQB081330","SQ60324 541"
1010,10190,20.12,"2GA","2楷林",64,304,0,"HQJ144370","SQ80797 041"
1400,10120,27.7,"2GA","2楷林",26,355,0,"HQH167410","SQ78361 011"
1350,8810,23.25,"2GA","2楷林",15,380,0,"HQH163320","SQ78314 531"
1200,10240,24.02,"2GB","2楷林",91,450,0,"HQH130970","SQ77807 541"
1110,11000,23.87,"2GA","2楷林",81,356,0,"HQX046660","SQ49903 061"
900,9130,16.06,"2GA","2楷林",66,328,0,"HQJ151390","SQ80955 521"
960,8850,16.61,"2GA","2楷林",54,356,0,"HQF147400","SQ72449 561"
1550,8500,25.76,"2GA","2楷林",11,317,0,"HQH121340","SQ77674 021"
1250,8670,21.19,"2GC","2楷林",86,404,0,"HQX040520","SQ49764 551"
1310,10580,27.1,"2GB","2楷林",18,329,0,"HQZ061320","SQ54306 511"
1170,10630,24.31,"2GA","2楷林",58,440,0,"HQH012710","SQ75762 551"
1030,9500,19.13,"2GA","2楷林",65,335,0,"HQA071840","SQ57314 051"
1390,11700,31.79,"2GA","2楷林",38,275,0,"HQX085360","SQ50461 531"
1210,8420,19.92,"2GA","2楷林",86,352,0,"HQF113060","SQ71827 041"
1290,8800,22.19,"2GA","2楷林",18,338,0,"HQY040280","SQ52076 521"
1260,10230,25.2,"2GA","2楷林",28,336,0,"HQX108740","SQ50767 051"
1290,7890,19.9,"2GB","2楷林",21,339,0,"HQY094900","SQ52719 511"
1070,11420,23.89,"2GA","2楷林",51,272,0,"HQF027490","SQ70469 531"
1330,9720,25.27,"2GA","2楷林",1,336,0,"HQH075830","SQ76876 551"
1540,11620,34.98,"2GC","2楷林",3,269,0,"HQZ077040","SQ54538 041"
1300,7860,19.98,"2GA","2楷林",50,375,0,"HQC020800","SQ62225 561"
1440,11510,32.4,"2GA","2楷林",9,322,0,"HQX126410","SQ51013 031"
1110,9040,19.62,"2GA","2楷林",39,331,0,"HQG096140","SQ74290 541"
960,10090,18.94,"2GA","2楷林",19,324,0,"HQF042340","SQ70711 531"
1290,9150,23.08,"2GA","2楷林",26,321,0,"HQD121190","SQ66510 061"
1340,11490,30.1,"2GB","2楷林",74,334,0,"HQZ154680","SQ55857 541"
960,10000,18.77,"2GA","2楷林",67,320,0,"HQF101690","SQ71631 011"
1430,11580,32.37,"2GA","2楷林",8,272,0,"HQE091210","SQ68886 041"
1330,8830,22.96,"2GC","2楷林",44,267,0,"HQH120860","SQ77666 511"
1090,10420,22.2,"2GA","2楷林",58,326,0,"HQY110620","SQ52911 521"
1320,8430,21.75,"2GA","2楷林",52,302,0,"HQZ087510","SQ54706 051"
1380,11800,31.84,"2GA","2楷林",44,263,0,"HQZ135240","SQ55507 511"
1260,11040,27.19,"2GA","2楷林",42,295,0,"HQG150900","SQ75225 021"
1380,7870,20.85,"2GD","2楷林",30,386,0,"HQZ155140","SQ55869 511"
1040,11740,23.87,"2GA","2楷林",55,322,0,"HQG003080","SQ72803 541"
1260,8960,22.07,"2GC","2楷林",42,463,0,"HQA060820","SQ57117 521"
1150,9370,21.07,"2GB","2楷林",59,434,0,"HQD127760","SQ66628 551"
1290,11790,29.73,"2GA","2楷林",73,338,0,"HQB127250","SQ61190 531"
1260,11360,27.98,"2GA","2楷林",8,322,0,"HQG109480","SQ74475 551"
1300,11860,30.14,"2GD","2楷林",66,338,0,"HQH130690","SQ77829 531"
1360,8810,23.42,"2GA","2楷林",82,357,0,"HQX081390","SQ50391 061"
1290,8990,22.67,"3GB","2楷林",37,339,0,"HQD005530","SQ64572 041"
1280,11220,28.08,"2GC","2楷林",2,275,0,"HQF032590","SQ70526 541"
960,10300,19.33,"2GA","2楷林",69,333,0,"HQY103260","SQ52809 031"
1260,9330,22.98,"2GB","2楷林",1,368,0,"HQX026910","SQ49544 061"
1300,8880,22.57,"2GA","2楷林",98,334,0,"HQX105510","SQ50729 531"
1250,7810,19.09,"2GB","2楷林",35,473,0,"HQH058890","SQ76541 011"
1360,11550,30.71,"2GA","2楷林",2,269,0,"HQC142110","SQ64411 541"
1020,11870,23.67,"2GC","2楷林",72,324,0,"HQA131750","SQ58266 021"
980,9980,19.12,"2GD","2楷林",85,328,0,"HQF046680","SQ70784 521"
1110,11000,23.87,"2GB","2楷林",44,356,0,"HQA121410","SQ58105 551"
1380,11820,31.89,"2GD","2楷林",10,313,0,"HQA128450","SQ58194 031"
1140,11780,26.25,"2GC","2楷林",42,336,0,"HQA034650","SQ56634 021"
1260,8150,20.08,"2GA","2楷林",81,336,0,"HQF152470","SQ72529 071"
1270,9290,23.07,"2GB","2楷林",20,435,0,"HQD127370","SQ66628 031"
1240,9910,24.02,"3GB","2楷林",45,457,0,"HQG061890","SQ73890 051"
1190,7690,17.89,"3GC","2楷林",53,343,0,"HQX046380","SQ49847 061"
1300,9300,23.64,"2GC","2楷林",60,407,0,"HQY136720","SQ53234 031"
1240,6040,14.64,"2GB","2楷林",86,444,0,"HQZ151600","SQ55839 061"
1150,11190,25.16,"2GA","2楷林",78,324,0,"HQZ142240","SQ55658 021"
1320,11660,30.09,"2GA","2楷林",46,425,0,"HQD042760","SQ65188 511"
1380,11760,31.73,"2GA","2楷林",22,272,0,"HQG073800","SQ74038 011"
1050,11160,22.36,"2GC","2楷林",46,328,0,"HQD010310","SQ64664 031"
1220,10440,24.9,"2GC","2楷林",34,441,0,"HQF107770","SQ71737 551"
1510,11830,34.36,"2GA","2楷林",22,254,14.1,"HQA041660","SQ56763 541"
970,8080,15.32,"2GC","2楷林",42,354,0,"HQX136060","SQ51140 061"
1250,8210,20.06,"2GD","2楷林",26,461,0,"HQX084340","SQ50436 051"
1240,10060,24.39,"2GC","2楷林",51,450,0,"HQC026830","SQ62314 551"
1310,11850,29.86,"2GA","2楷林",18,324,5.8,"HQX125790","SQ50989 021"
1210,8470,20.04,"2GA","2楷林",1,368,0,"HQE043320","SQ67993 561"
1240,11020,26.71,"2GA","2楷林",55,334,0,"HQJ082070","SQ79676 031"
970,11540,21.88,"2GC","2楷林",37,357,0,"HQX135460","SQ51136 031"
1100,11100,23.87,"2GA","2楷林",95,352,0,"HQZ126140","SQ55382 531"
1260,9170,22.59,"2GC","2楷林",11,330,0,"HQE058870","SQ68236 521"
1170,10820,24.75,"2L3","1楷林",32,280,0,"HQY101460","SP99438 531"
1390,9730,26.44,"2GA","2楷林",29,342,0,"HQD074420","SQ65708 541"
1120,11090,23.47,"2GC","2楷林",50,323,5.6,"HQH101260","SQ77303 011"
1260,9430,23.23,"2GB","2楷林",19,354,0,"HQB149980","SQ61530 041"
1300,10530,26.76,"2GB","2楷林",35,338,0,"HQA138400","SQ58361 021"
1200,11570,27.14,"2GA","2楷林",54,251,0,"HQZ146130","SQ55717 541"
1090,11780,25.1,"2GC","2楷林",23,334,0,"HQA027120","SQ56531 021"
1240,8010,19.42,"2GB","2楷林",9,348,0,"HQY075920","SQ52481 551"
1380,11280,30.43,"2GA","2楷林",22,324,0,"HQG089460","SQ74187 031"
1290,10390,26.2,"3GC","2楷林",42,325,0,"HQX024320","SQ49503 511"
1260,9410,23.18,"2GA","2楷林",56,375,0,"HQH051070","SQ76411 561"
1240,10910,26.45,"2GA","2楷林",5,334,0,"HQG163460","SQ75427 531"
1320,11190,28.88,"2GA","2楷林",20,323,0,"HQC065690","SQ63076 021"
1300,11010,27.98,"2GC","2楷林",16,341,0,"HQG067910","SQ73956 041"
1290,11640,28.79,"2GC","2楷林",48,334,0,"HQD094180","SQ66098 511"
1230,11810,28.4,"2GC","2楷林",71,496,0,"HQE051000","SQ68109 011"
1190,11790,27.43,"2GA","2楷林",63,434,0,"HQZ005010","SQ53674 521"
1300,11650,29.61,"2GA","2楷林",68,330,0,"HQE096940","SQ68970 531"
1190,8640,20.1,"2GB","2楷林",61,418,0,"HQC059160","SQ62929 521"
1100,8660,18.62,"2GA","2楷林",65,333,0,"HQX063870","SQ50198 571"
1070,11020,23.05,"2GA","2楷林",92,270,0,"HQB011080","SQ59077 051"
1450,8990,25.05,"3GC","2楷林",16,295,0,"HQY047680","SQ52155 011"
1330,8470,21.67,"2GA","2楷林",9,263,4,"HQG098510","SQ74302 511"
1190,11510,26.78,"2GB","2楷林",71,553,0,"HQZ047150","SQ54139 541"
1270,11530,28.63,"2GB","2楷林",64,526,0,"HQH092340","SQ77153 521"
1290,11870,29.94,"2GA","2楷林",2,298,0,"HQD015390","SQ64751 511"
980,9980,19.12,"2GA","2楷林",56,327,0,"HQE023120","SQ67638 571"
1330,8470,21.67,"2GA","2楷林",10,262,4.2,"HQG098520","SQ74300 541"
1310,7980,20.44,"3GB","2楷林",4,362,0,"HQJ005840","SQ78446 041"
1280,11430,28.6,"2GA","2楷林",49,272,0,"HQD084800","SQ65918 011"
1260,9570,23.57,"2GA","2楷林",5,321,0,"HQE000930","SQ67257 521"
1040,11590,23.56,"3GC","2楷林",65,271,0,"HQX142780","SQ51220 011"
1100,10440,22.45,"3GC","2楷林",85,421,0,"HQY055360","SQ52238 571"
1250,8230,20.11,"2GA","2楷林",9,339,0,"HQG061530","SQ73868 021"
1260,11250,27.27,"2GA","2楷林",39,446,0,"HQE063180","SQ68321 511"
1270,11450,28.43,"2GA","2楷林",18,502,0,"HQD078520","SQ65827 041"
1100,8660,18.62,"2GA","2楷林",65,327,0,"HQX047310","SQ49877 541"
1390,11250,30.57,"2GA","2楷林",17,328,0,"HQC102560","SQ63694 511"
1290,6970,17.58,"2GA","2楷林",43,496,0,"HQZ084750","SQ54651 031"
1250,8340,19.89,"2GC","2楷林",19,477,0,"HQB090370","SQ60519 011"
1000,10210,19.46,"3GC","2楷林",39,279,0,"HQB076880","SQ60280 511"
1360,11800,31.37,"2GC","2楷林",99,331,0,"HQY087830","SQ52643 541"
1560,11310,34.49,"2GA","2楷林",14,340,0,"HQZ045690","SQ54126 051"
1080,5500,11.61,"2GB","2楷林",44,559,99.1,"HQJ000480","SQ77523 071"
1470,10560,29.83,"2GC","2楷林",2,329,0,"HQY090980","SQ52659 511"
1300,11870,30.17,"2GA","2楷林",18,324,0,"HQE110180","SQ69220 531"
1240,9390,22.3,"2GC","2楷林",77,419,0,"HQH004290","SQ75627 011"
930,8920,15.96,"2GA","2楷林",44,305,0,"HQG056260","SQ73784 511"
1240,9480,22.98,"2GB","2楷林",48,432,0,"HQJ025690","SQ78757 021"
1280,9210,23.05,"2GC","2楷林",48,319,0,"HQA161750","SQ58714 011"
1010,8040,15.88,"2GA","2楷林",68,305,0,"HQG055170","SQ73774 031"
1100,8660,18.62,"2GA","2楷林",61,331,0,"HQX047270","SQ49879 551"
1150,7370,16.57,"2GB","2楷林",113,534,0,"HQZ047570","SQ54124 031"
1130,8260,18.25,"2GC","2楷林",39,523,0,"HQB051190","SQ59804 541"
1260,7710,18.99,"3GC","2楷林",14,334,0,"HQE057340","SQ68232 031"
1200,7100,16.38,"2GB","2楷林",52,425,0,"HQA017790","SQ56436 511"
1380,8220,22.18,"2GB","2楷林",13,438,0,"HQZ118810","SQ55255 041"
920,7770,13.98,"2GC","2楷林",41,342,0,"HQY051300","SQ52214 081"
1290,11490,28.98,"2GA","2楷林",52,329,0,"HQG098940","SQ74327 551"
1180,9960,22.98,"2GB","2楷林",57,402,0,"HQF158920","SQ72630 051"
1260,9760,24.04,"2GB","2楷林",88,426,0,"HQZ119550","SQ55259 041"
1000,8950,17.5,"2GA","2楷林",48,325,0,"HQE046250","SQ68014 571"
1400,11850,32.43,"2GA","2楷林",24,267,0,"HQZ017650","SQ53823 541"
1420,11320,31.43,"2GA","2楷林",2,312,0,"HQE009410","SQ67374 051"
1260,7870,19.39,"2GB","2楷林",32,431,0,"HQD096610","SQ66112 531"
1190,9060,21.08,"2GC","2楷林",68,294,0,"HQA135900","SQ58318 551"
1540,11550,34.77,"2GA","2楷林",28,258,0,"HQG143640","SQ75105 031"
1380,11830,31.92,"3GC","2楷林",46,272,0,"HQF071840","SQ71129 031"
1470,8730,25.09,"2GD","2楷林",15,536,0,"HQX148210","SQ51261 521"
1390,11740,31.9,"2GB","2楷林",74,538,0,"HQE072150","SQ68471 021"
1080,11430,24.13,"3GB","2楷林",45,533,0,"HQE011900","SQ67410 561"
980,11430,21.9,"2GB","2楷林",68,551,0,"HQY091640","SQ52663 021"
1340,10820,28.35,"2GC","2楷林",63,328,0,"HQA107100","SQ57907 051"
1250,9980,24.39,"2GA","2楷林",53,447,0,"HQE108550","SQ69188 551"
1280,8810,22.05,"2GA","2楷林",41,338,0,"HQJ059650","SQ79273 041"
1100,11310,23.88,"2GA","2楷林",53,357,0,"HQC123800","SQ64063 511"
1240,10390,25.19,"2GB","2楷林",39,423,0,"HQC003820","SQ61650 521"
1330,10510,26.89,"2GC","2楷林",6,289,10,"HQB129900","SQ61215 031"
1400,8100,22.17,"2GD","2楷林",64,329,0,"HQY013500","SQ51688 061"
1260,11360,27.98,"3GC","2楷林",12,328,0,"HQF023850","SQ70425 041"
1440,10860,30.57,"2GD","2楷林",9,273,0,"HQD051000","SQ65303 041"
1360,10160,26.62,"2GA","2楷林",32,454,0,"HQJ054450","SQ79202 011"
1090,9370,19.49,"2GA","2楷林",77,279,12,"HQY100080","SQ52774 541"
1040,6480,13.18,"2GA","2楷林",103,346,0,"HQD066540","SQ65581 031"
1230,10410,25.03,"2GA","2楷林",50,273,0,"HQD118190","SQ66482 531"
1380,11480,30.64,"2GC","2楷林",47,323,0,"HQG035930","SQ73360 011"
1280,9430,23.6,"2GB","2楷林",38,394,0,"HQZ026060","SQ53878 541"
1500,11840,33.89,"2GD","2楷林",6,267,12.5,"HQF072910","SQ71114 031"
1020,9300,18.55,"2GC","2楷林",60,334,0,"HQB108030","SQ60865 551"
1240,10020,24.29,"2GA","2楷林",47,341,0,"HQD004290","SQ64545 031"
1050,10500,21.21,"2GA","2楷林",40,275,4.8,"HQH031290","SQ76036 051"
1140,9810,21.48,"2GC","2楷林",95,326,0,"HQZ117000","SQ55188 011"
1570,8600,26.4,"2GB","2楷林",41,331,0,"HQF127490","SQ72060 051"
1090,11310,24.1,"2GC","2楷林",39,333,0,"HQA029410","SQ56536 531"
1080,6620,13.98,"2GA","2楷林",52,449,0,"HQG000950","SQ72776 031"
960,11870,22.28,"3GC","2楷林",45,399,0,"HQG022290","SQ73177 031"
1160,9640,21.58,"2GA","2楷林",49,340,0,"HQC083400","SQ63368 021"
960,9880,18.54,"3GC","2楷林",46,333,0,"HQA103190","SQ57866 031"
1080,10000,21.11,"2GA","2楷林",40,333,0,"HQH161260","SQ78275 551"
1380,11860,32,"2GC","2楷林",20,335,0,"HQF027180","SQ70440 521"
1350,11620,30.21,"2GB","2楷林",42,524,0,"HQG058560","SQ73829 511"
1260,11810,29.09,"2GB","2楷林",82,529,0,"HQE073430","SQ68479 551"
1210,9160,21.22,"2GA","2楷林",47,332,0,"HQC032790","SQ62415 011"
1410,7550,20.81,"2GC","2楷林",17,355,0,"HQY032660","SQ51945 051"
970,11850,22.47,"3GC","2楷林",48,353,0,"HQG003010","SQ72800 021"
1510,11830,34.36,"2GD","2楷林",12,464,8.1,"HQJ011530","SQ78490 541"
1160,9370,20.88,"2GB","2楷林",24,449,0,"HQJ110820","SQ80251 521"
1270,8350,20.73,"2GA","2楷林",22,319,0,"HQF018540","SQ70347 051"
1360,8890,23.64,"3GC","2楷林",13,436,0,"HQH012260","SQ75745 541"
1400,11720,32.08,"3GB","2楷林",21,331,0,"HQX097760","SQ50626 531"
1090,10420,22.2,"2GA","2楷林",74,332,0,"HQC100860","SQ63667 021"
1250,10410,25.44,"2GC","2楷林",35,421,0,"HQX040010","SQ49766 511"
1410,11770,32.44,"2GD","2楷林",23,320,0,"HQB004000","SQ58937 021"
1390,7470,20.3,"2GA","2楷林",73,317,0,"HQE036480","SQ67858 061"
1390,11280,30.65,"2GD","2楷林",30,331,0,"HQA015290","SQ56395 551"
1200,11540,27.07,"2GB","2楷林",48,514,0,"HQG110630","SQ74492 551"
1350,8810,23.08,"3GB","2楷林",52,421,0,"HQE118860","SQ69374 021"
1390,11760,31.96,"2GA","2楷林",6,268,0,"HQX084140","SQ50460 011"
1570,9930,30.48,"2GD","2楷林",19,334,0,"HQX118050","SQ50889 541"
1440,10740,29.71,"2GC","2楷林",34,332,0,"HQE015270","SQ67503 511"
1410,10520,29,"2GA","2楷林",10,337,0,"HQJ091210","SQ79842 551"
1460,9550,26.79,"3GC","2楷林",9,305,0,"HQH048750","SQ76373 021"
1100,11450,24.62,"2GB","2楷林",78,527,0,"HQD053960","SQ65335 541"
1340,10480,27.15,"2GC","2楷林",35,309,0,"HQX148410","SQ51276 011"
1090,9910,21.12,"2GA","2楷林",68,328,0,"HQZ093510","SQ54778 531"
1390,11670,31.71,"2GA","2楷林",36,356,0,"HQA161630","SQ58732 011"
1270,7310,18.15,"2GC","2楷林",23,278,0,"HQF156840","SQ72595 051"
1240,8760,21.24,"2GA","2楷林",30,317,0,"HQF141450","SQ72371 071"
1190,9990,23.24,"2GC","2楷林",20,414,0,"HQH138460","SQ77955 031"
990,7900,15.29,"2GA","2楷林",43,337,0,"HQE048310","SQ68048 571"
1380,8390,22.64,"2GA","2楷林",8,320,0,"HQD046840","SQ65250 531"
1190,9620,22.38,"2GB","2楷林",11,414,0,"HQG156140","SQ75325 541"
1130,11610,24.9,"2GC","2楷林",86,272,6.3,"HQF158340","SQ72606 521"
1190,7590,17.29,"3GB","2楷林",54,526,0,"HQG025000","SQ73233 011"
1360,7480,19.89,"2GA","2楷林",23,347,0,"HQC077320","SQ63272 541"
1260,9180,22.61,"2GB","2楷林",44,372,0,"HQD088770","SQ65984 511"
1120,11790,25.82,"2GB","2楷林",35,319,0,"HQG163760","SQ75438 541"
1370,8440,22.61,"2GA","2楷林",49,335,0,"HQX113910","SQ50845 531"
1190,8250,19.19,"2GB","2楷林",84,422,0,"HQJ070420","SQ79451 021"
1060,11400,23.62,"2GB","2楷林",40,415,0,"HQE028000","SQ67693 521"
1030,9670,19.47,"2GC","2楷林",27,326,0,"HQB070130","SQ60141 051"
1240,11280,27.34,"3GC","2楷林",82,270,0,"HQX132560","SQ51078 531"
970,9240,17.52,"2GA","2楷林",27,297,0,"HQJ146300","SQ80877 061"
1420,11780,32.7,"3GC","2楷林",57,270,0,"HQB083540","SQ60360 521"
1000,9760,19.08,"2GA","2楷林",11,335,0,"HQD157130","SQ67128 021"
1340,9040,23.33,"3GC","2楷林",27,343,0,"HQA013510","SQ56404 511"
1110,11050,23.98,"2GA","2楷林",28,296,0,"HQD080260","SQ65848 511"
1300,10080,25.62,"2GC","2楷林",45,329,0,"HQE012730","SQ67428 561"
1310,11350,29.07,"2GB","2楷林",33,501,0,"HQA160560","SQ58718 031"
1270,10510,26.09,"2GD","2楷林",33,333,0,"HQG141540","SQ75064 021"
1080,11630,24.56,"2GC","2楷林",52,337,0,"HQB003570","SQ58944 511"
1570,10460,32.11,"2GD","2楷林",22,323,0,"HQX116430","SQ50893 511"
1290,10560,26.21,"2GC","2楷林",64,310,13.4,"HQC142730","SQ64384 541"
1000,11450,22.38,"2GA","2楷林",76,338,0,"HQJ097300","SQ79962 061"
1400,9180,25.13,"3GC","2楷林",42,293,0,"HQB021770","SQ59243 051"
1510,10460,30.88,"2GA","2楷林",4,288,0,"HQA076180","SQ57355 031"
1330,8540,22.21,"2GC","2楷林",17,430,0,"HQX165650","SQ51471 531"
1290,9950,25.09,"2GB","2楷林",20,341,0,"HQZ035380","SQ53992 541"
1540,11700,34.88,"2GA","2楷林",15,270,0,"HQG006970","SQ72883 011"
1260,8170,20.13,"2GA","2楷林",16,331,0,"HQF101900","SQ71605 041"
1240,10290,24.95,"2GA","2楷林",71,346,0,"HQE003670","SQ67280 531"
1000,10400,20.33,"3GC","2楷林",31,330,0,"HQH144880","SQ78081 051"
1360,8660,23.03,"2GA","2楷林",95,345,0,"HQC078050","SQ63283 031"
1130,8640,19.09,"2GC","2楷林",40,334,0,"HQA159220","SQ58694 051"
1160,11710,26.56,"2GA","2楷林",34,268,0,"HQD048210","SQ65274 061"
1280,9210,23.05,"2GC","2楷林",47,319,0,"HQA161740","SQ58714 511"
1100,8890,19.12,"3GC","2楷林",84,369,0,"HQZ159890","SQ55964 021"
1250,11300,27.61,"2GA","2楷林",47,301,0,"HQJ161850","SQ81160 041"
1260,9170,22.59,"3GB","2楷林",21,334,0,"HQX142990","SQ51219 541"
1400,7860,21.51,"2GB","2楷林",29,352,0,"HQX051710","SQ49981 031"
1380,11120,30,"2L2","1楷林",14,316,0,"HQG052840","SP16802 541"
1300,5760,14.64,"2GD","2楷林",30,557,0,"HQY012400","SQ51706 561"
1270,9520,23.64,"2GA","2楷林",28,331,0,"HQY121120","SQ53039 031"
1270,11350,28.18,"2GA","2楷林",29,271,0,"HQH137150","SQ77965 021"
1110,11000,23.87,"2GA","2楷林",40,355,0,"HQZ165750","SQ56067 021"
1250,10140,24.68,"2GA","2楷林",53,455,0,"HQB093690","SQ60566 011"
1070,6630,13.87,"3GB","2楷林",58,531,0,"HQF083800","SQ71317 571"
1190,8680,20.19,"3GB","2楷林",40,529,0,"HQG024860","SQ73230 051"
1240,9570,23.2,"2GA","2楷林",32,340,0,"HQH133030","SQ77877 531"
1150,8600,19.33,"2GC","2楷林",60,535,0,"HQD105020","SQ66239 541"
1530,11490,34.37,"3GC","2楷林",48,324,0,"HQC141670","SQ64373 031"
1570,9790,30.05,"3GC","2楷林",16,324,0,"HQF078270","SQ71251 031"
1230,10860,26.11,"2GB","2楷林",16,528,0,"HQE067700","SQ68414 021"
960,10000,18.77,"2GA","2楷林",44,316,0,"HQF101460","SQ71624 061"
1340,11790,30.89,"3GB","2楷林",63,528,0,"HQD147120","SQ66974 521"
1460,10570,30.17,"2GC","2楷林",27,272,0,"HQC036930","SQ62497 041"
1270,8920,22.15,"2GA","2楷林",43,329,0,"HQY121270","SQ53041 521"
1320,9120,23.09,"2GB","2楷林",52,427,0,"HQG135060","SQ74968 031"
1570,9940,30.51,"2GC","2楷林",15,328,0,"HQF063170","SQ70972 521"
1240,9120,22.11,"2GB","2楷林",64,444,0,"HQF075720","SQ71183 531"
1370,8190,21.94,"2GA","2楷林",74,356,0,"HQZ070850","SQ54446 061"
1070,10240,21.42,"2GD","2楷林",73,300,0,"HQF078840","SQ71246 541"
1080,10040,21.2,"2GD","2楷林",67,329,0,"HQY028070","SQ51871 061"
1400,8460,23.16,"2GA","2楷林",48,375,0,"HQZ071390","SQ54457 031"
950,10540,19.58,"2GC","2楷林",81,277,0,"HQB078120","SQ60283 011"
940,9520,17.49,"3GC","2楷林",92,322,0,"HQF028480","SQ70487 541"
1290,9160,23.1,"2GA","2楷林",46,326,0,"HQH163630","SQ78294 061"
1290,9560,24.11,"2GA","2楷林",97,327,0,"HQH164140","SQ78301 051"
960,10000,18.77,"2GA","2楷林",66,319,0,"HQF101680","SQ71631 521"
1070,10880,22.76,"2GC","2楷林",34,540,0,"HQJ047090","SQ79060 551"
1570,8710,26.48,"2GA","2楷林",24,328,0,"HQC103530","SQ63716 511"
1160,10040,22.77,"2GA","2楷林",86,465,0,"HQZ059290","SQ54298 521"
1240,8660,20.99,"2GC","2楷林",45,396,0,"HQJ144820","SQ80843 521"
1290,11450,28.88,"3GC","2楷林",26,326,0,"HQB117310","SQ61007 521"
1030,11860,23.88,"2GA","2楷林",64,349,0,"HQF034820","SQ70557 531"
1290,11790,29.73,"2GA","2楷林",47,330,0,"HQJ028170","SQ78770 041"
1470,9580,27.53,"3GC","2楷林",5,254,0,"HQF051530","SQ70845 041"
1260,9200,22.66,"3GC","2楷林",62,336,0,"HQY067270","SQ52419 561"
1290,11870,29.94,"2GA","2楷林",3,352,0,"HQA162210","SQ58736 521"
1490,11640,33.57,"2GC","2楷林",19,318,0,"HQA008880","SQ56341 011"
1250,9340,22.82,"2GB","2楷林",46,481,0,"HQE146280","SQ69832 041"
1270,11590,28.78,"2GA","2楷林",12,361,0,"HQJ047640","SQ79076 021"
1290,10900,27.49,"2GA","2楷林",16,335,0,"HQZ145750","SQ55738 031"
1260,9360,22.6,"2GB","2楷林",41,469,0,"HQA012700","SQ56386 511"
1280,11700,29.28,"2GD","2楷林",26,456,0,"HQE041570","SQ67973 021"
900,9940,17.49,"2GA","2楷林",63,410,0,"HQH157960","SQ78226 521"
1330,11740,30.53,"2GA","2楷林",55,423,0,"HQX133190","SQ51083 041"
1240,10380,24.76,"2GA","2楷林",50,329,0,"HQZ025450","SQ53863 511"
1040,8590,17.47,"2GC","2楷林",72,303,0,"HQY083280","SQ52587 551"
1280,9240,23.12,"2GA","2楷林",64,323,0,"HQF149150","SQ72492 051"
1300,11200,28.46,"2GA","2楷林",54,338,0,"HQZ068620","SQ54427 521"
1350,9260,24.17,"2GB","2楷林",24,340,0,"HQF135010","SQ72213 511"
1260,9660,23.8,"2GA","2楷林",10,355,0,"HQH159390","SQ78243 511"
1040,11740,23.87,"3GB","2楷林",16,354,0,"HQH000130","SQ75511 021"
1250,7680,18.77,"2GD","2楷林",36,552,0,"HQY076190","SQ52468 031"
1450,7810,21.61,"2GC","2楷林",17,249,9.7,"HQF133100","SQ72161 021"
1460,11870,33.88,"2GD","2楷林",19,273,0,"HQD055230","SQ65373 521"
1220,7790,18.58,"2GA","2楷林",54,446,0,"HQB099590","SQ60664 541"
1370,8220,22.02,"2GA","2楷林",39,340,0,"HQX113810","SQ50843 531"
1260,11440,28.18,"2GA","2楷林",36,443,0,"HQJ074970","SQ79558 041"
1270,9290,22.7,"2GB","2楷林",36,273,4.2,"HQX123440","SQ50952 021"
1400,11610,31.32,"2GB","2楷林",75,511,0,"HQH072260","SQ76812 021"
1500,11540,33.84,"2GD","2楷林",34,271,0,"HQH142830","SQ78040 031"
1430,8340,23.32,"2GB","2楷林",33,383,0,"HQX092670","SQ50549 551"
1500,11360,33.31,"2GB","2楷林",18,406,0,"HQY113100","SQ52963 051"
1100,9000,19.35,"2GA","2楷林",16,342,0,"HQE048040","SQ68074 071"
1210,8420,19.92,"2GA","2楷林",88,352,0,"HQF113070","SQ71827 541"
1190,9950,23.15,"2GB","2楷林",20,423,0,"HQA129340","SQ58224 541"
1400,11530,31.56,"2GA","2楷林",2,269,0,"HQD102940","SQ66247 051"
1440,11590,32.63,"2GB","2楷林",20,322,0,"HQA106660","SQ57881 021"
1200,10140,23.29,"3GB","2楷林",50,543,0,"HQC104960","SQ63740 521"
1260,8740,21.53,"2GA","2楷林",32,361,0,"HQY006300","SQ51600 571"
960,11590,21.3,"3GC","2楷林",60,335,0,"HQH047950","SQ76361 511"
1280,9260,23.17,"2GD","2楷林",26,327,0,"HQX139380","SQ51169 051"
1300,9100,23.13,"2GA","2楷林",1,293,0,"HQB104350","SQ60714 551"
1530,9030,26.58,"2GC","2楷林",25,245,7.9,"HQY110290","SQ52900 041"
1110,9250,20.07,"2GA","2楷林",74,330,0,"HQC033060","SQ62425 031"
1010,8200,15.87,"2GA","2楷林",47,308,0,"HQJ142890","SQ80812 511"
1430,11840,33.1,"2GA","2楷林",20,273,0,"HQF129580","SQ72129 021"
980,11430,21.9,"2GA","2楷林",79,353,0,"HQH061940","SQ76570 541"
1300,6140,15.6,"3GC","2楷林",92,556,0,"HQY013780","SQ51702 081"
1420,11480,31.87,"2GA","2楷林",46,315,0,"HQX163180","SQ51456 541"
1210,9500,22.47,"2GC","2楷林",42,518,0,"HQX133850","SQ51097 011"
1180,10010,23.09,"2GB","2楷林",16,426,0,"HQG029560","SQ73287 531"
1170,11100,24.96,"2GA","2楷林",76,261,0,"HQE030610","SQ67735 511"
1190,11660,27.13,"2GC","2楷林",68,529,0,"HQF071140","SQ71104 531"
1210,9150,21.64,"2GB","2楷林",16,511,0,"HQZ168440","SQ56110 021"
1290,9140,23.05,"2GB","2楷林",71,329,0,"HQZ091100","SQ54748 051"
1390,11090,30.14,"2GC","2楷林",59,344,0,"HQC138230","SQ64305 541"
1450,11630,32.97,"2GA","2楷林",25,271,0,"HQG039890","SQ73477 031"
1330,7630,19.84,"2GB","2楷林",48,422,0,"HQD013240","SQ64696 061"
1240,11300,27.39,"3GC","2楷林",56,526,0,"HQF124070","SQ72055 041"
1230,9790,23.54,"2GB","2楷林",66,531,0,"HQF151290","SQ72509 021"
1330,10130,26.34,"3GB","2楷林",41,340,0,"HQC026050","SQ62329 551"
1570,9830,30.17,"2GB","2楷林",19,325,11.8,"HQF046020","SQ70722 011"
1220,11360,27.09,"2GC","2楷林",2,301,0,"HQC080090","SQ63309 021"
1320,9440,24.36,"3GC","2楷林",25,311,0,"HQY059560","SQ52301 021"
1270,10540,26.17,"3GB","2楷林",10,472,0,"HQX050250","SQ49967 561"
1260,8180,20.15,"2GC","2楷林",64,335,0,"HQZ045100","SQ54112 071"
1150,8090,17.87,"2GA","2楷林",60,454,0,"HQF134280","SQ72228 011"
1270,10070,25,"2GA","2楷林",10,302,0,"HQE085250","SQ68756 551"
1260,9090,22.39,"2GA","2楷林",54,436,0,"HQD096830","SQ66111 511"
1000,10780,21.07,"2GA","2楷林",65,270,0,"HQD074780","SQ65754 531"
1490,11860,34.55,"2GA","2楷林",11,312,0,"HQJ025320","SQ78752 031"
1410,11400,31.42,"2GA","2楷林",11,330,0,"HQD041110","SQ65106 551"
1130,9230,20.39,"3GC","2楷林",56,547,0,"HQY094450","SQ52730 571"
1250,8240,20.14,"2GA","2楷林",47,337,0,"HQG060290","SQ73850 031"
1090,11720,24.97,"2GA","2楷林",21,330,0,"HQD028020","SQ64919 021"
1270,9580,23.79,"3GC","2楷林",18,355,0,"HQJ039440","SQ78948 521"
950,9090,16.88,"3GC","2楷林",65,342,0,"HQX111470","SQ50824 521"
1090,10860,23.14,"2GC","2楷林",95,516,0,"HQE140260","SQ69737 541"
1000,10990,21.49,"2GA","2楷林",67,338,0,"HQB027290","SQ59363 041"
1140,9680,21.2,"2GA","2楷林",86,331,0,"HQY037450","SQ52025 021"
1310,9970,25.53,"2GB","2楷林",26,441,0,"HQX030350","SQ49580 021"
950,10560,19.61,"2GA","2楷林",75,332,0,"HQZ042810","SQ54091 051"
1390,10300,27.99,"3GC","2楷林",6,297,0,"HQJ104390","SQ80148 031"
1340,10920,28.61,"2GC","2楷林",78,520,0,"HQC037450","SQ62530 541"
1520,10030,29.81,"2GA","2楷林",22,325,0,"HQE020150","SQ67564 021"
1190,7040,16.38,"2GB","2楷林",44,438,0,"HQB004210","SQ58961 051"
1230,11580,27.51,"2GA","2楷林",30,295,0,"HQG090450","SQ74200 021"
1190,8720,20.12,"2GB","2楷林",19,424,0,"HQA129330","SQ58226 511"
1210,11800,27.91,"3GB","2楷林",84,459,0,"HQZ154780","SQ55887 521"
1000,11710,22.66,"2GA","2楷林",76,349,0,"HQH140880","SQ78014 011"
1510,11830,34.08,"2GA","2楷林",7,266,10.8,"HQX063280","SQ50158 031"
1290,11810,29.78,"3GC","2楷林",22,327,0,"HQH006660","SQ75671 511"
1500,11570,33.93,"2GC","2楷林",16,257,0,"HQH027160","SQ75980 031"
990,8400,16.26,"2GA","2楷林",70,313,0,"HQG111750","SQ74510 021"
1290,9190,23.18,"2GA","2楷林",37,325,0,"HQG073380","SQ74024 551"
1150,11600,26.08,"3GC","2楷林",64,463,0,"HQY072940","SQ52446 031"
1270,7960,19.76,"2GA","2楷林",35,455,0,"HQF104830","SQ71675 061"
1260,9290,22.88,"2GB","2楷林",64,340,0,"HQA108650","SQ57916 521"
1360,9090,24.17,"2GA","2楷林",37,321,0,"HQZ132610","SQ55476 031"
1080,10490,22.15,"2GC","2楷林",90,333,0,"HQA133760","SQ58300 521"
1100,10030,21.57,"2GC","2楷林",93,325,0,"HQZ116980","SQ55188 521"
1250,11860,28.98,"2GA","2楷林",9,308,0,"HQD025890","SQ64868 031"
1380,11400,30.76,"2GD","2楷林",15,526,0,"HQX038730","SQ49751 041"
1220,11040,26.33,"2GC","2楷林",2,304,0,"HQC081030","SQ63309 051"
1040,11760,23.68,"2GA","2楷林",29,351,0,"HQH140410","SQ78004 011"
1290,11390,28.73,"3GC","2楷林",30,264,0,"HQZ051660","SQ54184 541"
1040,9910,20.15,"2GB","2楷林",76,337,0,"HQF063780","SQ70980 531"
1270,11270,27.98,"2GD","2楷林",3,322,0,"HQG141240","SQ75070 511"
1320,11810,30.48,"2GD","2楷林",40,449,0,"HQF032110","SQ70529 531"
1310,9720,24.89,"2GA","2楷林",29,339,0,"HQA051050","SQ56968 041"
1350,11770,31.06,"2GC","2楷林",59,307,0,"HQB094780","SQ60579 531"
1280,9230,23.1,"2L3","1楷林",26,502,0,"HQD078600","SP10582 561"
1450,9290,25.97,"2GA","2楷林",10,270,0,"HQE037110","SQ67894 011"
960,10960,20.57,"3GC","2楷林",67,415,0,"HQA095920","SQ57761 061"
970,11680,22.15,"2GC","2楷林",87,332,0,"HQZ054540","SQ54196 511"
1170,11760,26.9,"2GB","2楷林",13,515,0,"HQJ163590","SQ81176 521"
1240,11440,27.73,"3GC","2楷林",38,340,0,"HQJ002050","SQ78389 031"
1290,8070,20.35,"2GA","2楷林",1,342,0,"HQJ099530","SQ80001 031"
1510,9170,27.07,"2GB","2楷林",4,550,0,"HQC081050","SQ63302 041"
1290,10840,27.34,"2GA","2楷林",66,324,0,"HQJ067930","SQ79443 531"
1440,11670,32.85,"3GC","2楷林",3,262,0,"HQD104450","SQ66267 541"
1270,11640,28.9,"2GA","2楷林",24,332,0,"HQH148100","SQ78137 031"
1260,7960,19.61,"2GD","2楷林",8,338,0,"HQJ004280","SQ78413 521"
1030,9270,18.67,"2GA","2楷林",45,319,0,"HQX002130","SQ49099 071"
1240,8760,21.24,"2GA","2楷林",24,321,0,"HQF141390","SQ72366 031"
1440,11460,32.26,"2GC","2楷林",10,249,0,"HQY002850","SQ51575 031"
1130,9050,19.99,"2GC","2楷林",18,334,0,"HQA159000","SQ58694 071"
1190,10010,23.29,"2GC","2楷林",47,445,0,"HQF107900","SQ71741 021"
1010,11810,23.32,"3GC","2楷林",52,418,0,"HQB098040","SQ60645 531"
1240,10510,25.48,"2GC","2楷林",16,334,0,"HQG144120","SQ75110 011"
1350,11740,30.98,"2GA","2楷林",12,527,0,"HQB101850","SQ60674 541"
1570,9810,30.11,"2GA","2楷林",29,321,0,"HQD126580","SQ66585 021"
1140,10210,22.39,"2GA","2楷林",27,304,9.2,"HQY134870","SQ53216 031"
