"SLAB번호","정정_장입LT","전저장위치코드","발지야드포인트","스카핑여부","품명","롤단위지정구분","월구분","정정_압연작업지시LT","장입온도"
"SQ53149 541",17.8,"5GG","5A",0,"HR","D",11,12.3,1255
"SQ72290 561",20.4,"5GG","4C",0,"HR","F",6,11.3,1151
"SQ56324 021",8.6,"3GB","5A",0,"HR",,1,-2.5,285
"SQ65034 041",5.3,"3GB","4C",1,"FH",,4,-7.4,2283
"SQ69664 041",15.6,"5GG","5A",0,"PO","F",5,5.4,262
"SQ49777 031",7.9,"5GG","4C",0,"HR",,10,-1.2,278
"SQ64285 051",19.3,"5GG","5A",0,"FH",,3,8.8,231
"SQ58571 021",5.3,"3GB","4C",1,"GI","F",1,-1.1,296
"SQ50174 551",11.4,"3GB","5A",1,"GI","F",10,-0.5,233
"SQ66833 041",12.3,"3GB","5A",1,"GI","F",4,4.8,195
"SQ69325 511",9.6,"3GB","5A",1,"HR","F",5,2.5,174
"SQ69321 041",8.8,"3GB","5A",1,"CR",,5,1.8,278
"SQ59051 071",14.4,"3GB","5A",0,"PO","B",2,0.2,204
"SQ72694 511",3.4,"3GB","4C",1,"GI","D",6,-8.2,261
"SQ49260 031",10,"5GG","5A",0,"CR",,10,-2.3,263
"SQ55549 031",20.3,"3GB","4C",0,"GI",,12,11.3,290
"SQ80558 041",20.8,"3GB","4C",0,"HR","F",9,12.8,237
"SQ60598 021",7.5,"3GB","5A",1,"HR","F",2,-0.2,191
"SQ54142 511",17,"3GB","4C",0,"GI",,12,4.8,186
"SQ57788 021",16.1,"5GG","5A",0,"HR","B",1,3.2,1255
"SQ62370 041",17.1,"5GG","4C",0,"BP",,3,7.7,287
"SQ69356 531",16.4,"5GG","5A",0,"HR",,5,7.7,289
"SQ56801 511",2.5,"3GB","4C",1,"CR",,1,-6.7,1255
"SQ67865 551",3.5,"3GB","5A",1,"CR",,5,-0.6,281
"SQ52993 031",2.7,"3GB","4C",1,"GI","F",11,-5.8,286
"SQ54112 031",15.9,"5GG","4C",0,"HR",,12,7.9,244
"SQ66319 531",9.1,"3GB","4C",1,"GI","B",4,-1.3,290
"SQ72897 051",17.1,"5GG","4C",0,"PO","F",7,11.6,294
"SQ50572 521",14.3,"5GG","5A",0,"HR","F",10,-1.4,289
"SQ53926 521",17.9,"5GG","4C",0,"HR","D",12,1.7,284
"SQ76048 011",8.6,"3GB","4C",1,"HR",,8,2.8,253
"SQ78839 011",8.2,"3GB","4C",1,"HR","F",9,-5.2,222
"SQ55184 031",16.9,"5GG","4C",0,"FH",,12,1.4,257
"SQ69014 021",16.1,"3GB","5A",0,"PO","D",5,5,238
"SQ63541 021",4.9,"3GB","4C",1,"HR","F",3,-4.8,235
"SQ79630 531",11.4,"3GB","5A",0,"HGI","F",9,3.8,258
"SQ58627 511",7.9,"5GG","4C",0,"CR","F",1,-2.2,289
"SQ51596 571",20.1,"3GB","4C",0,"PO","B",11,8.6,279
"SQ57257 041",3.1,"3GB","4C",1,"GI","F",1,-0.5,274
"SQ73626 031",11.5,"3GB","5A",1,"FH",,7,5.5,235
"SQ58706 011",9.8,"3GB","4C",1,"PO","F",1,1.6,246
"SQ80970 041",13.8,"3GB","4C",1,"HR",,9,2.8,206
"SQ58016 011",16.7,"5GG","4C",0,"GI",,1,10.8,293
"SQ49287 051",19.3,"5GG","5A",0,"HR",,10,4.8,248
"SQ63301 031",4.4,"3GB","5A",1,"HR",,3,-8.1,289
"SQ65215 041",7.2,"3GB","5A",1,"PO","D",4,-1.1,222
"SQ66809 521",11.4,"3GB","4C",1,"HR","B",4,1.6,238
"SQ75529 011",16.2,"3GB","4C",0,"GI",,8,8.2,143
"SQ61407 061",2.1,"3GB","5A",1,"HR","D",2,-11.2,113
"SQ79864 511",10.8,"5GG","5A",0,"HGI","F",9,1.9,249
"SQ75663 521",7.7,"3GB","4C",1,"GA",,8,2.6,275
"SQ61285 011",9.8,"3GB","4C",0,"GI",,2,-4,296
"SQ74182 031",9.3,"3GB","5A",1,"HR",,7,2.4,152
"SQ70310 061",17.4,"5GG","5A",0,"BP",,6,9.3,259
"SQ67084 021",3.6,"3GB","4C",1,"HR",,4,-4.4,271
"SQ51655 041",17,"3GB","4C",0,"HR","F",11,5.5,218
"SQ71059 511",10.3,"3GB","5A",1,"HR","B",6,0.7,235
"SQ55582 541",3.9,"3GB","5A",1,"HR","F",12,-5.5,265
"SQ56771 021",0.5,"3GB","5A",1,"EG","F",1,-6.4,282
"SQ73474 521",1.1,"3GB","5A",1,"CR",,7,-7.8,87
"SQ64319 541",11.8,"3GB","5A",0,"CR",,3,2.5,280
"SQ70918 021",11.3,"5GG","5A",0,"HR",,6,1.7,291
"SQ75231 031",11.7,"3GB","5A",0,"HR",,7,2.8,282
"SQ71402 541",3,"3GB","5A",1,"HR","F",6,-2,272
"SQ64442 531",17.8,"5GG","5A",0,"FH",,4,6.7,221
"SQ52734 531",15.1,"5GG","4C",0,"PO","F",11,8,197
"SQ54994 041",12.5,"3GB","5A",0,"HGI","F",12,-0.7,245
"SQ62687 011",17.6,"5GG","5A",0,"HGI","D",3,-1.3,280
"SQ51440 521",15.9,"5GG","5A",0,"FH",,10,8.1,264
"SQ49897 521",10.9,"5GG","5A",0,"HR","B",10,-4,280
"SQ72335 031",15.2,"3GB","5A",0,"HR",,6,6.2,277
"SQ59292 531",18.4,"3GB","5A",0,"GI",,2,1.4,241
"SQ54016 041",13.6,"3GB","4C",0,"CR",,12,1.2,281
"SQ71553 531",11.9,"3GB","4C",0,"HR","D",6,2.2,1255
"SQ54988 541",1.4,"3GB","4C",1,"GI","F",12,-5.2,198
"SQ64429 521",6.6,"3GB","4C",1,"GI","B",4,-0.9,273
"SQ59495 511",16.8,"5GG","5A",0,"CR",,2,0.6,231
"SQ72796 551",5.4,"3GB","5A",1,"PO","F",7,-6.8,250
"SQ59766 531",3.9,"3GB","4C",1,"HGI","F",2,-7.6,251
"SQ63757 541",16.4,"5GG","4C",0,"HGI","D",3,4.7,260
"SQ54595 551",14.9,"3GB","4C",0,"CR",,12,5.1,297
"SQ57218 531",18.5,"3GB","5A",1,"HR",,1,11.9,104
"SQ54348 041",14.5,"3GB","5A",0,"CR",,12,8.9,263
"SQ55408 011",7.3,"3GB","5A",1,"GI","F",12,-5.4,258
"SQ63440 021",19.6,"5GG","5A",0,"HR",,3,8.5,154
"SQ52545 021",7.7,"3GB","4C",1,"GI",,11,-4,261
"SQ80184 561",17,"5GG","5A",0,"HR",,9,8.3,250
"SQ67616 021",11.3,"3GB","5A",1,"FH",,5,-0.6,243
"SQ52993 531",2.7,"3GB","4C",1,"GI","F",11,-5.9,270
"SQ51873 031",15.2,"5GG","4C",1,"HR",,11,6.1,234
"SQ52640 511",14.1,"3GB","4C",0,"HR","D",11,8.4,294
"SQ51280 061",14.6,"3GB","5A",0,"CR",,10,4.6,293
"SQ50174 041",10.9,"3GB","5A",1,"GI","F",10,-1.2,224
"SQ61298 521",13,"3GB","4C",0,"HR",,2,-0.8,246
"SQ59547 521",19.9,"5GG","5A",0,"HR",,2,8.2,286
"SQ58295 531",3.8,"3GB","4C",1,"HR",,1,-4.8,223
"SQ54628 041",17,"5GG","5A",0,"HR","F",12,1.8,284
"SQ54194 571",18.4,"5GG","4C",0,"HR",,12,8.3,238
"SQ63560 041",0.5,"3GB","5A",1,"HR",,3,-8.5,276
"SQ63735 511",11.1,"3GB","4C",1,"HR",,3,2.2,203
"SQ60157 561",10.7,"5GG","4C",0,"HR","B",2,-0.2,268
"SQ72204 061",4.2,"3GB","4C",1,"HR",,6,-0.2,273
"SQ53095 021",8.4,"3GB","4C",1,"EG","F",11,-3.1,291
"SQ63822 511",11.6,"5GG","4C",0,"HGI","D",3,-4.3,263
"SQ56532 061",16.3,"5GG","5A",0,"HR",,1,8.5,210
"SQ69317 521",12.5,"3GB","5A",0,"CR","F",5,-0.5,284
"SQ51764 041",12.5,"3GB","5A",1,"GI","F",11,-4.1,169
"SQ54986 511",2.5,"3GB","4C",1,"GI","F",12,-3.4,269
"SQ62379 021",4.2,"3GB","4C",1,"GI","F",3,-2.7,236
"SQ78217 021",12.3,"3GB","5A",0,"BP",,8,1.9,285
"SQ64514 051",14.2,"5GG","5A",0,"FH",,4,5.3,248
"SQ57274 031",15,"5GG","5A",0,"BP",,1,9.7,275
"SQ72156 031",7.2,"3GB","4C",1,"GI",,6,0.9,264
"SQ74079 051",17,"3GB","5A",0,"HR","D",7,10.7,295
"SQ68215 511",13.2,"3GB","4C",1,"EG","F",5,5.7,1151
"SQ50860 071",14.6,"3GB","4C",1,"HR",,10,-0.6,243
"SQ57217 511",2.4,"3GB","4C",1,"GI","D",1,-3.3,194
"SQ67545 051",12.9,"3GB","4C",1,"HR",,5,1.4,206
"SQ54594 521",0.6,"3GB","4C",1,"GA","D",12,-9.2,230
"SQ78895 011",11.8,"3GB","5A",0,"GI","B",9,-2.3,282
"SQ65845 561",12.7,"3GB","5A",1,"CR",,4,2.2,155
"SP18609 541",19.9,"5GG","7A",0,"HGI","F",8,12,224
"SQ75802 021",0.9,"3GB","4C",1,"PO","F",8,-7.2,277
"SQ68572 521",3.7,"3GB","5A",1,"HR",,5,-5.3,273
"SQ57312 051",18.4,"5GG","5A",0,"HR",,1,5.1,242
"SQ74807 011",6.9,"3GB","5A",1,"HR",,7,-0.8,292
"SQ76462 021",19.3,"5GG","5A",0,"CR","F",8,10,208
"SQ69293 021",17.2,"5GG","4C",0,"CR","F",5,5,232
"SQ70116 021",17.4,"5GG","5A",0,"HR",,6,11.2,208
"SQ57589 511",14.5,"3GB","5A",0,"HGI","D",1,7.9,219
"SQ60914 541",18.2,"3GB","4C",0,"GI","F",2,11.6,290
"SQ51241 011",9.3,"3GB","5A",1,"CR",,10,1.5,261
"SQ51067 511",12.6,"3GB","4C",1,"GI","F",10,6.5,213
"SQ50174 541",12.3,"3GB","5A",1,"GI","F",10,3.9,147
"SQ64833 051",6.6,"3GB","4C",1,"FH",,4,-2.1,286
"SQ77801 021",20.8,"5GG","5A",0,"PO","F",8,8.5,229
"SQ62412 531",13.6,"3GB","5A",0,"HR",,3,3.3,280
"SQ76538 031",8.3,"3GB","4C",1,"EG","F",8,2.3,166
"SQ64290 511",18.7,"5GG","5A",0,"CR",,3,8,258
"SQ76178 561",6.1,"3GB","4C",1,"HR","F",8,-1.8,274
"SQ61437 021",4.6,"3GB","4C",1,"HR",,2,-11.3,231
"SQ78645 551",14.2,"3GB","5A",1,"HR",,9,0.7,296
"SQ70153 011",17.7,"5GG","4C",0,"CR",,6,6.3,250
"SQ52667 071",14.5,"5GG","5A",0,"HR",,11,0.4,292
"SQ60435 051",4.3,"3GB","4C",1,"HR",,2,-8.5,275
"SQ54543 541",5.6,"3GB","4C",1,"CR",,12,-2.9,208
"SQ69309 021",6.6,"3GB","4C",1,"HR",,5,-6.7,244
"SQ57270 561",14.3,"5GG","5A",0,"PO","F",1,10.1,279
"SQ68013 551",11.2,"3GB","4C",1,"GI","D",5,5.5,250
"SQ59380 011",15.9,"5GG","5A",0,"HR","D",2,10.2,198
"SQ80105 561",13.4,"5GG","5A",0,"BP",,9,0.9,257
"SQ57581 061",0.5,"3GB","5A",1,"FH","F",1,-7.8,259
"SQ71419 541",9.1,"3GB","5A",1,"HR","F",6,-0.8,219
"SQ74932 011",5.1,"3GB","4C",1,"HR",,7,-5.6,271
"SQ75668 521",9.9,"3GB","4C",1,"HR","F",8,2.6,294
"SQ68740 071",17.4,"3GB","5A",0,"BP",,5,9,272
"SQ76548 511",19.8,"5GG","4C",0,"EG","F",8,11.8,277
"SQ67023 521",11.4,"3GB","4C",1,"GI","F",4,2.8,290
"SQ70554 531",11.2,"3GB","5A",1,"CR",,6,2.5,261
"SQ69645 531",4.9,"5GG","4C",1,"CR",,5,-7.2,224
"SQ53109 041",18.2,"5GG","5A",0,"CR",,11,11.4,281
"SQ50033 531",17.9,"5GG","4C",0,"HGI","D",10,5.6,252
"SQ74426 511",14.3,"5GG","4C",0,"HGI","D",7,7,259
"SQ57572 561",13.3,"5GG","4C",0,"HGI","D",1,6.9,240
"SQ59498 031",17.7,"5GG","5A",0,"GI",,2,-0.2,1255
"SQ73740 011",9.1,"3GB","4C",1,"CR",,7,4.4,169
"SQ66933 561",11.4,"5GG","5A",0,"HR",,4,-2.7,293
"SQ63989 551",13.3,"5GG","4C",0,"HR",,3,-2.4,263
"SQ80404 551",8.4,"3GB","4C",1,"FH",,9,-0.5,268
"SQ53862 561",14.5,"5GG","4C",0,"HR",,12,2.5,234
"SQ56465 511",16.1,"3GB","5A",0,"CR",,1,2.8,297
"SQ58894 021",19.6,"5GG","4C",0,"GA",,2,15.1,164
"SQ50241 011",14.6,"3GB","4C",0,"HR","B",10,2.8,198
"SQ54135 521",17.7,"3GB","5A",0,"HGI","F",12,3.9,275
"SQ72597 551",13.2,"3GB","4C",1,"CR",,6,5.4,194
"SQ59491 511",12.2,"3GB","5A",0,"FH",,2,1.1,270
"SQ56532 511",17,"5GG","5A",0,"HR",,1,9.1,243
"SQ57214 541",5.8,"3GB","4C",1,"GI","D",1,-0.2,285
"SQ65120 041",6.7,"3GB","5A",1,"CR",,4,-7,238
"SQ63883 041",9.7,"3GB","5A",1,"GI","F",3,-0.4,288
"SQ53093 521",9.2,"3GB","4C",1,"GI","F",11,-2,165
"SQ69049 531",19.8,"5GG","5A",0,"HR",,5,8.1,1151
"SQ58927 541",16.1,"5GG","5A",0,"HR",,2,12.2,254
"SQ55324 541",13.3,"5GG","4C",0,"GI","F",12,0.4,282
"SQ62387 021",12.7,"5GG","5A",0,"BP",,3,3.5,281
"SQ69199 531",17,"3GB","4C",0,"HR",,5,6.5,196
"SQ63440 541",19.2,"5GG","5A",0,"HR",,3,8.3,177
"SQ80341 031",7,"3GB","4C",1,"CR",,9,0.9,265
"SQ59885 051",15.8,"3GB","5A",0,"HGI","B",2,7.3,225
"SQ78411 521",7.5,"3GB","5A",1,"BP",,9,-1.9,287
"SQ80257 551",19.9,"5GG","4C",0,"FH",,9,8.7,152
"SQ72601 041",10.8,"3GB","4C",1,"CR",,6,3.1,2283
"SQ51646 561",20.1,"5GG","4C",0,"HR","F",11,8.3,251
"SQ60328 041",5.6,"3GB","5A",1,"GI","F",2,-5.5,257
"SQ53109 531",5.6,"3GB","5A",1,"GI",,11,-0.6,290
"SQ77462 531",14.9,"3GB","5A",1,"GI","D",8,9.2,265
"SQ51607 011",9.6,"3GB","4C",1,"GI","F",11,3.7,293
"SQ58279 511",2.3,"3GB","4C",1,"EG","F",1,-3.3,288
"SQ71022 031",8.4,"3GB","4C",1,"CR",,6,1.9,170
"SQ63483 031",13.8,"5GG","5A",0,"GI","B",3,8.5,272
"SQ70219 511",17.2,"5GG","5A",0,"CR",,6,4.4,258
"SQ69657 541",7.3,"3GB","5A",1,"CR",,5,-5.2,174
"SQ55589 521",13.7,"5GG","5A",0,"GI",,12,2,252
"SQ53076 511",17.6,"5GG","4C",0,"CR",,11,6.1,272
"SQ68545 041",5.7,"3GB","5A",1,"CR",,5,-1,194
"SQ55589 021",13.4,"5GG","5A",0,"GI",,12,2,245
"SQ56210 021",2.6,"3GB","5A",1,"HR","F",1,-2.8,292
"SQ51781 051",18.1,"5GG","5A",0,"HR",,11,6.1,275
"SQ70467 541",4.6,"3GB","5A",1,"GA",,6,-4,199
"SQ65889 041",5,"3GB","5A",1,"GI","F",4,-8.5,292
"SQ64634 021",18.3,"5GG","4C",0,"PO","D",4,7,272
"SQ51425 511",7.4,"3GB","4C",1,"GA",,10,1.5,135
"SQ57549 551",3.8,"3GB","5A",1,"GA",,1,-10.5,228
"SQ60853 511",7.2,"3GB","5A",1,"GI","F",2,-6.1,281
"SQ58491 041",14.3,"5GG","5A",0,"GI",,1,4.6,271
"SQ53518 061",18.7,"5GG","5A",0,"CR",,11,12.2,240
"SQ56610 031",16.5,"3GB","4C",0,"CR",,1,1.2,250
"SQ60922 041",15.2,"5GG","5A",0,"HGI","D",2,4.3,256
"SQ65201 511",2.1,"3GB","4C",1,"HR",,4,-2,187
"SQ71595 011",14.1,"3GB","4C",0,"GA","B",6,5,297
"SQ70230 531",10.6,"5GG","5A",0,"CR",,6,-1.8,276
"SQ68209 021",20.4,"5GG","5A",0,"CR",,5,14.3,288
"SQ70992 021",10.7,"3GB","4C",1,"PO","F",6,4.5,256
"SQ76180 551",11.6,"3GB","4C",1,"FH",,8,-0.8,168
"SQ63757 551",16.1,"5GG","4C",0,"HGI","F",3,4.6,279
"SQ55666 541",15.9,"5GG","5A",0,"HR",,12,3,276
"SQ52661 521",16.3,"3GB","5A",1,"HR","B",11,3.6,177
"SQ66836 541",4.8,"3GB","5A",1,"GI","F",4,-2.8,199
"SQ73228 551",4.4,"3GB","5A",1,"CR",,7,-1.9,252
"SQ59035 031",13.6,"3GB","5A",0,"PO","D",2,1.4,228
"SQ56019 031",3.3,"3GB","5A",1,"PO","F",12,-8.6,232
"SQ67750 511",17.2,"3GB","4C",0,"HR",,5,5,276
"SQ72062 551",18.6,"5GG","5A",0,"HR",,6,12,250
"SQ59054 531",14.2,"5GG","5A",0,"PO","B",2,-0.4,298
"SQ72438 011",12.8,"3GB","4C",1,"PO","F",6,0.5,194
"SQ65136 011",13.6,"5GG","5A",0,"CR",,4,3.3,290
"SQ58241 041",9.9,"3GB","5A",0,"HR","B",1,-3.8,273
"SQ80781 511",11,"3GB","5A",1,"HR","F",9,-0.3,237
"SQ74104 521",17.6,"5GG","5A",0,"PO","D",7,8,232
"SQ74305 041",6.8,"3GB","5A",1,"HR","F",7,-1.9,299
"SQ70863 031",11.6,"3GB","4C",1,"HR",,6,6.8,157
"SQ80880 531",16.7,"5GG","5A",0,"CR",,9,2.2,207
"SQ64625 031",18.3,"5GG","5A",0,"BP",,4,8.4,274
"SQ68217 531",12.9,"3GB","4C",1,"EG","F",5,5.3,242
"SQ73223 031",4.3,"3GB","5A",1,"CR",,7,-1.9,185
"SQ69627 011",13.7,"5GG","5A",0,"CR",,5,5.4,236
"SQ74002 521",7.6,"3GB","5A",1,"CR",,7,0.6,2283
"SQ51990 541",9.3,"3GB","5A",1,"GI","F",11,-0.8,233
"SQ74773 051",19.1,"5GG","5A",0,"HR","F",7,7.1,133
"SQ61258 011",10.4,"5GG","4C",1,"HR",,2,-1.4,276
"SQ81021 551",16,"5GG","5A",0,"GI","D",9,4.5,225
"SQ60390 061",13.4,"5GG","5A",0,"HR",,2,5.5,284
"SQ75233 551",8,"5GG","5A",0,"CR",,7,-0.7,282
"SQ56343 011",11,"5GG","4C",0,"CR",,1,7.3,282
"SQ54986 541",16.7,"5GG","4C",0,"GI","F",12,9.5,220
"SQ51568 541",18.3,"3GB","5A",1,"GI","D",11,4,197
"SQ52938 511",12.1,"3GB","4C",1,"PO","F",11,1.5,142
"SQ55302 511",13.5,"5GG","4C",0,"PO","B",12,0.9,250
"SQ72023 511",10.2,"3GB","4C",1,"HR","D",6,5.2,172
"SQ58925 551",16.1,"5GG","5A",0,"GA",,2,12.6,275
"SQ76591 061",14.7,"5GG","5A",0,"GA",,8,6.1,252
"SQ71010 011",5.3,"3GB","5A",1,"GI",,6,-3.1,251
"SQ70238 521",20,"3GB","5A",0,"CR",,6,11.5,293
"SQ62103 041",19.4,"5GG","5A",0,"CR",,3,8.5,258
"SQ57068 031",10.6,"3GB","4C",1,"HR","F",1,-2.3,150
"SQ68200 511",19,"3GB","4C",0,"HR",,5,11.4,291
"SQ67078 531",3.7,"3GB","4C",1,"FH",,4,-8.4,264
"SQ80867 011",17.1,"3GB","4C",0,"HR",,9,6.2,272
"SQ79384 031",5.9,"3GB","5A",1,"HR","F",9,-8.5,292
"SQ51926 051",14.6,"5GG","4C",0,"PO","D",11,2.3,265
"SQ51370 521",15.5,"5GG","4C",0,"PO","G",10,5.7,299
"SQ51550 521",9.3,"3GB","5A",1,"GI",,11,-6.9,249
"SQ54057 021",14.3,"3GB","4C",0,"HGI","F",12,3.7,299
"SQ68553 541",5.3,"5GG","5A",1,"GI",,5,-2,218
"SQ53258 051",18.4,"5GG","4C",0,"HGI","D",11,4.8,279
"SQ68698 021",7,"5GG","4C",0,"CR","B",5,-1.3,275
"SQ53143 041",19.1,"5GG","4C",0,"CR",,11,14,285
"SQ69325 531",10.5,"3GB","5A",1,"CR",,5,4.2,250
"SQ54764 031",15.7,"5GG","5A",0,"PO","B",12,-2.3,276
"SQ81021 511",16.4,"5GG","5A",0,"FH","D",9,5,247
"SQ52900 551",5.7,"3GB","4C",1,"HR",,11,-1.7,258
"SQ76322 031",13,"3GB","4C",1,"HR","D",8,5.5,298
"SQ59495 041",16.7,"5GG","5A",0,"GI",,2,0.3,284
"SQ72479 551",12,"5GG","5A",0,"HR","B",6,-2.2,289
"SQ51469 071",14.4,"5GG","4C",0,"HGI","F",10,0.8,259
"SQ68199 061",19.1,"3GB","4C",0,"HR",,5,11.6,256
"SQ53846 551",11.9,"5GG","4C",0,"HGI","F",12,-2.6,290
"SQ51942 531",13.1,"5GG","5A",0,"CR",,11,9.7,281
"SQ68009 031",12.4,"3GB","4C",1,"GI","D",5,7.6,277
"SQ69770 521",5.9,"3GB","5A",0,"CR",,5,0.5,260
"SQ52700 531",8.3,"3GB","4C",1,"CR",,11,-3.5,265
"SQ51850 031",12.8,"5GG","5A",0,"PO","D",11,-2.2,263
"SQ64370 041",3.5,"3GB","4C",1,"CR",,3,-6.9,287
"SQ71125 011",14,"5GG","4C",0,"GA",,6,0.7,291
"SQ55474 551",1.8,"3GB","4C",1,"GI","B",12,-8,166
"SQ79425 541",6.5,"3GB","5A",1,"FH","D",9,-3.5,296
"SQ51458 521",14.1,"3GB","5A",1,"CR",,10,7.1,220
"SQ51728 041",10.5,"5GG","5A",0,"GI",,11,-4.7,299
"SQ51138 061",18.8,"5GG","4C",0,"CR",,10,2.5,296
"SQ63752 511",18.5,"5GG","4C",0,"PO","D",3,6,280
"SQ79144 541",16.4,"5GG","5A",0,"HGI","D",9,10.7,216
"SQ51633 521",17.5,"5GG","5A",0,"GI","B",11,5.4,279
"SQ54984 031",4.2,"3GB","4C",1,"GI","F",12,-1.5,290
"SQ74822 531",7.3,"3GB","5A",1,"FH",,7,2,284
"SQ72274 531",12.2,"3GB","5A",1,"CR",,6,7.3,287
"SQ60903 061",16.7,"5GG","5A",0,"HGI","F",2,5.7,272
"SQ68545 561",4.4,"3GB","5A",1,"CR",,5,-1.6,245
"SQ59987 041",8.3,"3GB","5A",1,"HR",,2,0,222
"SQ51138 511",19.3,"5GG","4C",0,"CR",,10,2.9,295
"SQ54142 521",16.9,"3GB","4C",0,"HR",,12,5.1,235
"SQ68484 551",17.3,"5GG","5A",0,"HR","B",5,10.5,297
"SQ52236 531",13.8,"5GG","4C",0,"HGI","F",11,-1.7,299
"SQ50231 511",16.9,"5GG","5A",0,"GA",,10,1.8,250
"SQ57040 031",13.3,"5GG","5A",0,"HR",,1,3.5,250
"SQ52736 541",14.6,"5GG","4C",0,"HGI","F",11,7.1,192
"SQ75531 551",14.7,"5GG","5A",0,"HR",,8,-1.5,239
"SQ51438 511",16.5,"5GG","5A",0,"FH",,10,8.8,288
"SQ71876 051",16.5,"3GB","5A",1,"FH",,6,15.7,242
"SQ59237 551",6.9,"3GB","4C",0,"GI","F",2,-6,262
"SQ59740 551",15.6,"3F1","4C",0,"HGI","D",2,-0.4,275
"SQ56724 011",4.1,"5GG","4C",1,"HR",,1,-4.7,273
"SQ70859 521",12.5,"5GG","5A",0,"CR",,6,3.2,275
"SQ73363 531",6.6,"3GB","4C",1,"HR","B",7,-4.2,293
"SQ59985 511",9.8,"3GB","4C",0,"GI","F",2,8,293
"SQ58276 531",1.3,"3GB","4C",1,"EG","F",1,-3.9,282
"SQ64628 051",13.5,"3GB","5A",0,"HR","D",4,3.5,297
"SQ58031 561",13.7,"5GG","5A",0,"HR","B",1,5.6,157
"SQ57876 541",9.1,"3GB","4C",1,"GI","F",1,1.3,285
"SQ53110 061",17.4,"5GG","5A",0,"CR",,11,10.7,269
"SQ80944 561",12.1,"5GG","5A",0,"HR",,9,-7,270
"SQ65708 521",15.6,"5GG","5A",0,"HGI","F",4,7.8,272
"SQ53102 021",3.3,"3GB","4C",1,"EG","F",11,-5.3,195
"SQ54099 531",17,"5GG","5A",0,"HR",,12,11.2,298
"SQ60437 031",11.1,"3GB","4C",1,"HR","F",2,1.2,224
"SQ51153 021",5.4,"5GG","5A",1,"GI","D",10,-7.7,211
"SQ54092 551",9.5,"3GB","4C",1,"GI","B",12,1.5,269
"SQ74081 531",19.1,"5GG","5A",0,"HR",,7,10.3,232
"SQ52220 521",12.7,"5GG","5A",0,"CR",,11,0.7,286
"SQ80815 511",11.5,"3GB","5A",0,"BP",,9,-1.8,233
"SQ64191 051",6,"3GB","5A",1,"PO","F",3,-0.3,219
"SQ65705 011",17.8,"5GG","5A",0,"HGI","F",4,9.1,204
"SQ68553 531",5.2,"5GG","5A",1,"GI",,5,-2.1,244
"SQ77043 551",9.5,"3GB","4C",0,"HR","F",8,2.6,295
"SQ72233 541",12.5,"3GB","4C",0,"HR",,6,4.3,256
"SQ79077 551",16.7,"5GG","4C",0,"GA","B",9,7.3,202
"SQ53018 521",15.3,"5GG","4C",0,"HGI","F",11,3.3,298
"SQ54800 551",15.8,"3GB","5A",0,"HR",,12,4.9,184
"SQ69025 051",13.8,"5GG","5A",0,"HR",,5,2.3,262
"SQ72097 061",4.2,"5GG","5A",1,"HR","B",6,-5,279
"SQ57208 531",15.8,"5GG","4C",0,"GI","D",1,8.6,221
"SQ54819 551",11.9,"3GB","5A",0,"HGI","D",12,0,246
"SQ51364 011",13.9,"5GG","4C",0,"PO","G",10,1.8,2283
"SQ57452 521",3,"3GB","5A",1,"HR",,1,-6.4,278
"SQ73359 551",18.5,"5GG","5A",0,"HR","D",7,5.3,256
"SQ60926 561",13.9,"3GB","5A",0,"HGI","D",2,3.6,290
"SQ53484 011",14.1,"5GG","5A",0,"HR","B",11,0.8,274
"SQ49558 011",18.9,"5GG","5A",0,"HR",,10,7.9,286
"SQ67335 531",5.2,"3GB","4C",1,"CR",,5,2.2,235
"SQ59393 521",3.8,"3GB","5A",1,"HR",,2,0.2,191
"SP01735 551",20,"5GG","7A",0,"FH",,12,13.4,244
"SQ68098 011",4.8,"3GB","4C",1,"CR",,5,-2.4,237
"SQ71423 041",3.8,"3GB","5A",1,"HR","F",6,-6.5,184
"SQ63512 021",17.6,"3GB","4C",0,"HR","B",3,9.8,252
"SQ53240 031",17.6,"5GG","4C",0,"HGI","D",11,9.7,261
"SQ56273 061",14.7,"5GG","5A",0,"HR",,1,2.7,236
"SQ58274 021",11.7,"3GB","5A",0,"HR","D",1,0.3,180
"SQ66905 521",20,"5GG","5A",0,"BP",,4,9,276
"SQ79650 561",6.2,"3GB","5A",1,"CR",,9,0,297
"SQ56878 031",6.2,"3GB","4C",1,"CR",,1,-2.6,246
"SQ75435 551",3.1,"3GB","4C",1,"FH",,7,-6.7,204
"SQ54352 551",6.9,"3GB","5A",1,"CR",,12,0.6,148
"SQ77162 511",8.5,"3GB","4C",1,"HR",,8,-4.1,239
"SQ65143 031",9.7,"3GB","4C",1,"CR",,4,0.1,161
"SQ52628 531",16.5,"3GB","5A",0,"HR",,11,11.3,299
"SQ52440 031",14.8,"3GB","4C",0,"HR",,11,4.6,289
"SQ73390 011",13.1,"3GB","5A",0,"CR",,7,-0.1,295
"SQ72336 531",14,"3GB","4C",0,"GA","D",6,5.4,299
"SQ62493 021",1.1,"3GB","4C",1,"CR",,3,-5.6,270
"SQ69304 531",9.1,"3GB","4C",1,"HR",,5,-3.7,247
"SQ75597 531",8,"3GB","5A",1,"CR",,8,-2.9,293
"SQ54338 531",15.5,"5GG","5A",0,"CR","B",12,-1.4,298
"SQ77177 511",7,"3GB","4C",1,"CR","F",8,-6.7,165
"SQ56551 041",8.3,"3GB","5A",1,"GA",,1,3.4,279
"SQ61260 011",18.6,"5GG","5A",0,"HGI","F",2,5.8,195
"SQ52635 031",9.9,"3GB","4C",1,"EG","F",11,0.3,297
"SQ52978 521",4.6,"3GB","4C",1,"GI",,11,-5,235
"SQ49075 551",4.7,"3GB","5A",1,"CR",,10,2,180
"SQ63546 011",17.1,"5GG","5A",0,"HGI","F",3,5.1,297
"SQ51546 511",10.2,"3GB","5A",1,"GI",,11,-5.8,237
"SQ64634 531",18.2,"5GG","4C",0,"PO","D",4,7,242
"SQ68066 041",6.4,"5GG","4C",0,"FH",,5,2.4,277
"SQ68356 041",16.4,"5GG","5A",0,"HR","F",5,9.5,297
"SQ64944 021",10.9,"3GB","5A",0,"HGI","F",4,1.7,269
"SQ55275 531",14.2,"3GB","4C",0,"FH",,12,5.4,254
"SQ51760 041",15.6,"3GB","5A",1,"GI","F",11,0.1,211
"SQ71601 031",12.7,"5GG","4C",0,"CR","B",6,3.4,199
"SQ60996 541",5,"3GB","5A",1,"HR","B",2,-1.3,226
"SQ70865 031",12.7,"3GB","4C",1,"HR",,6,7.5,182
"SQ53926 031",14.5,"5GG","4C",0,"GI",,12,0,236
"SQ68162 551",13.8,"5GG","5A",0,"BP",,5,-5.3,251
"SQ61556 531",9.9,"3GB","5A",1,"EG","F",3,-0.7,291
"SQ68655 041",6.5,"3GB","5A",1,"HR",,5,-1,272
"SQ59522 561",17.4,"5GG","5A",0,"HR","B",2,0.6,145
"SQ62357 061",14,"3GB","4C",0,"BP",,3,3,288
"SQ61552 521",4.5,"3GB","5A",1,"CR",,2,-1.9,210
"SQ80192 061",17,"5GG","4C",0,"HR","D",9,10.4,209
"SQ54051 031",5.4,"3GB","5A",1,"EG","F",12,-5,239
"SQ57363 041",17.9,"5GG","5A",0,"GA",,1,3.9,244
"SQ66227 521",19.8,"5GG","4C",0,"PO","F",4,9.8,216
"SQ59035 521",13.6,"3GB","5A",0,"PO","D",2,1.5,194
"SQ65706 021",17.1,"5GG","5A",0,"HGI","F",4,8.5,263
"SP15325 031",20,"5GG","7A",0,"EG","F",6,12.4,263
"SQ50210 521",18.8,"5GG","4C",0,"PO","F",10,6.3,187
"SQ62645 031",13,"3GB","5A",1,"GI","F",3,-2.1,246
"SQ64758 531",16.2,"3GB","5A",0,"CR",,4,9,171
"SQ74979 531",6.4,"3GB","4C",1,"GI","B",7,-2.5,202
"SQ54812 061",16.8,"5GG","5A",0,"HR",,12,10.8,290
"SQ70860 061",12,"3GB","4C",1,"HR",,6,7.1,247
"SQ79688 541",12.7,"3GB","5A",1,"HR","F",9,1.9,232
"SQ49371 011",15.2,"5GG","5A",0,"FH",,10,8.6,201
"SQ54355 521",16.4,"5GG","5A",0,"HR","D",12,9.9,196
"SQ55302 031",18.5,"3GB","4C",0,"PO","D",12,5.9,1255
"SQ62597 041",2.8,"3GB","5A",1,"GI","D",3,1.5,176
"SQ51749 041",17.8,"5GG","4C",0,"HR",,11,2.3,226
"SQ71546 511",11,"3GB","4C",1,"PO","F",6,0.7,192
"SQ54518 011",16.3,"5GG","4C",0,"HR","B",12,3.6,215
"SQ51421 551",14.6,"5GG","5A",0,"PO","D",10,9.6,224
"SQ61264 071",16.6,"5GG","5A",0,"PO","D",2,4.2,243
"SQ60328 511",10,"3GB","5A",1,"GI","F",2,1.1,265
"SQ50031 571",15.2,"5GG","5A",0,"HGI","D",10,-0.9,217
"SQ64739 021",13.5,"3GB","5A",0,"PO","B",4,4.6,273
"SQ67342 551",4.1,"3GB","4C",1,"HR","F",5,-3,178
"SQ54030 021",20,"5GG","4C",0,"PO","D",12,12.4,225
"SQ76487 541",10.4,"3GB","4C",1,"GI","D",8,4.4,273
"SQ67545 531",19.1,"3GB","4C",0,"HR",,5,8,233
"SQ57799 051",14.5,"5GG","4C",0,"HR",,1,2.1,249
"SQ57090 511",12.3,"5GG","5A",0,"FH",,1,3.4,280
"SQ66942 041",5.1,"3GB","4C",1,"CR",,4,-6.8,233
"SQ75398 521",6.5,"3GB","4C",1,"BP",,7,-1.3,202
"SQ60414 521",3.9,"3GB","5A",1,"HR",,2,-7.1,294
"SQ51226 531",12.3,"3GB","4C",1,"GI","F",10,5.3,163
"SQ53092 021",15.3,"3GB","5A",0,"HGI","B",11,5,187
"SQ55279 531",19.8,"5GG","4C",0,"GI",,12,6.6,209
"SQ63751 541",4.3,"3GB","4C",1,"PO","F",3,-4.1,266
"SQ70123 041",3.1,"3GB","5A",1,"HR","B",6,-8.4,296
"SQ73772 011",1.6,"3GB","4C",1,"HGI","D",7,-4.5,260
"SQ71973 551",13.4,"5GG","5A",0,"HR",,6,-0.7,290
"SQ60996 051",5,"3GB","5A",1,"HR","B",2,-1.3,236
"SQ67622 511",9.6,"3GB","5A",1,"HR",,5,-2.4,272
"SQ67396 571",15.4,"3GB","5A",0,"PO","B",5,1.8,264
"SQ62352 551",17.3,"5GG","4C",0,"HGI","F",3,11.7,243
"SQ54379 041",5.5,"3GB","4C",1,"GI","F",12,-4.4,241
"SQ72297 011",4,"3GB","5A",1,"CR","F",6,-3.3,288
"SQ68888 511",8.2,"3GB","5A",1,"CR",,5,-5.5,299
"SQ51380 541",11.6,"5GG","5A",0,"GA",,10,2.7,264
"SQ62805 531",17.5,"5GG","5A",0,"CR",,3,5.5,276
"SQ56209 041",4.2,"3GB","4C",1,"BP",,1,0.9,215
"SQ59101 551",15.2,"5GG","5A",0,"CR",,2,5.9,148
"SQ61641 061",14.8,"5GG","4C",0,"CR",,3,6,250
"SQ51366 081",18,"5GG","4C",0,"PO","G",10,6.4,239
"SQ68306 551",10.9,"3GB","5A",1,"PO","B",5,6.1,189
"SQ74854 031",10.1,"5GG","5A",0,"PO","F",7,1.1,223
"SQ50770 531",16.9,"3GB","5A",0,"HR","D",10,6.2,1255
"SQ54344 031",17.1,"5GG","4C",0,"CR","F",12,10.5,163
"SQ52803 561",16.1,"5GG","5A",0,"FH",,11,6.1,186
"SQ63890 041",13,"5GG","5A",0,"GI","F",3,4.2,195
"SQ80158 521",18.5,"3GB","4C",0,"CR",,9,9.5,266
"SQ69542 521",1,"3GB","4C",1,"HR",,5,-9.5,232
"SQ74802 511",8.6,"3GB","5A",1,"HR","F",7,-5.4,287
"SQ62455 531",12.5,"3GB","4C",0,"FH","D",3,4.2,236
"SQ54438 021",7.8,"3GB","4C",1,"GI",,12,-0.2,2283
"SQ65011 521",7.8,"3GB","4C",1,"HR",,4,-2.3,205
"SQ79650 021",8,"3GB","5A",1,"CR",,9,-0.2,200
"SQ72803 511",18,"5GG","5A",0,"CR",,7,5.3,276
"SQ51610 551",16.1,"3GB","5A",0,"HR",,11,4.7,214
"SQ52689 031",16.4,"3GB","4C",0,"HR",,11,3.9,206
"SQ59078 031",15.9,"3GB","4C",0,"GA","D",2,3.9,191
"SQ54339 021",4.7,"3GB","5A",1,"FH","D",12,-2.1,249
"SQ54984 021",1.9,"3GB","4C",1,"FH","F",12,-4.5,268
"SQ79669 551",7.7,"3GB","4C",1,"GA","F",9,-3.8,299
"SQ65120 021",9.2,"3GB","5A",1,"CR",,4,-1.2,282
"SQ68070 031",16,"3GB","5A",0,"PO","D",5,8.1,297
"SQ63514 581",16.9,"5GG","4C",0,"HR","B",3,8.7,297
"SQ60693 011",17.4,"5GG","5A",0,"HR",,2,5.3,293
"SQ58377 021",2.4,"3GB","5A",1,"HR",,1,-5.7,173
"SQ75972 531",12,"3GB","5A",1,"HR",,8,5.1,230
"SQ52113 021",15.8,"5GG","5A",0,"HR",,11,3.1,287
"SQ66073 061",2.4,"3GB","5A",1,"HR",,4,-6.3,263
"SQ60954 551",1,"3GB","5A",1,"GI",,2,-9.9,290
"SQ51823 041",20,"5GG","5A",0,"HGI","D",11,5.4,282
"SQ66514 031",16.5,"3GB","5A",0,"HR",,4,2.3,223
"SQ63950 521",7.7,"3GB","5A",1,"GI",,3,-3.7,237
"SQ70331 511",20.7,"5GG","5A",0,"HR","D",6,11,289
"SQ68227 051",17.1,"5GG","4C",0,"HR","D",5,7.5,270
"SQ72430 571",18.1,"3GB","4C",1,"PO","F",6,6,133
"SQ74294 031",13.5,"5GG","5A",0,"HR",,7,10.2,173
"SQ74038 051",12,"3GB","5A",1,"CR",,7,7.6,232
"SQ55305 071",17.7,"3GB","4C",0,"PO","D",12,4.9,258
"SQ62973 531",13,"3GB","5A",0,"HR","D",3,0.8,218
"SQ66836 021",16.4,"5GG","5A",0,"GI","F",4,4.1,246
"SQ56202 521",13.9,"5GG","5A",0,"HGI","F",1,10,247
"SQ61556 031",10.4,"3GB","5A",1,"EG","F",3,-0.8,262
"SQ78609 031",12.8,"5GG","4C",1,"CR",,9,1,210
"SQ65414 021",9.3,"3GB","5A",1,"HR","B",4,-2.8,296
"SQ54588 061",17.1,"5GG","4C",0,"HR",,12,9.7,272
"SQ64625 521",18.4,"5GG","5A",0,"BP",,4,8.6,270
"SQ54117 031",13.6,"5GG","5A",0,"HR","B",12,5.9,278
"SQ63528 041",14.4,"5GG","5A",0,"PO","D",3,9.7,286
"SQ57208 511",8.6,"3GB","4C",1,"GI","D",1,1,279
"SQ55416 541",6.2,"5GG","5A",0,"HR",,12,-0.1,288
"SQ58363 011",5.5,"3GB","4C",1,"GA","D",1,-1.2,224
"SQ54592 521",15.3,"5GG","4C",0,"HR",,12,5.9,295
"SQ50824 511",16.7,"5GG","4C",0,"HR",,10,2.4,223
"SQ79944 511",5.5,"3GB","5A",1,"HR",,9,-0.2,229
"SQ59051 571",14.5,"5GG","5A",0,"PO","B",2,0.2,214
"SQ52247 071",17.7,"5GG","4C",0,"PO","B",11,5.3,244
"SQ78217 041",14.1,"5GG","5A",0,"BP",,8,5,183
"SQ59380 511",15.9,"5GG","5A",0,"HR","D",2,10.3,282
"SQ71335 031",15.6,"3GB","4C",0,"GA",,6,11,246
"SQ78163 051",20.4,"5GG","5A",0,"PO","B",8,5.3,293
"SQ60945 511",15.9,"5GG","5A",0,"PO","B",2,4.1,265
"SQ79697 551",12.4,"3GB","5A",1,"CR",,9,0.4,222
"SQ53857 561",15.3,"3GB","5A",0,"HR","B",12,4.2,265
"SQ51656 051",6.9,"3GB","5A",1,"GI","F",11,-1.9,290
"SQ54043 511",2.4,"3GB","5A",1,"GI","D",12,-5.7,293
"SQ64637 111",16.1,"5GG","4C",0,"PO","D",4,5.8,259
"SQ57912 521",14.1,"5GG","5A",0,"HGI","F",1,2.4,272
"SQ57868 521",7.6,"3GB","4C",1,"HR",,1,-4.3,189
"SQ60999 541",15.1,"3GB","5A",0,"HR",,2,5.5,287
"SQ59234 541",7.1,"3GB","4C",1,"GI","F",2,-2.7,288
"SQ56621 021",7.5,"3GB","4C",1,"CR",,1,-5.1,203
"SQ66504 521",20.8,"5GG","5A",0,"HR","D",4,6.2,220
"SQ71333 541",7,"3GB","4C",1,"GI",,6,1.1,2283
"SQ53214 511",8.1,"5GG","5A",1,"GI","F",11,-4.4,227
"SQ51728 561",10.8,"3GB","5A",0,"GI",,11,-4.6,279
"SQ66918 541",13.6,"5GG","5A",0,"BP",,4,1.2,275
"SQ54099 021",17.6,"5GG","5A",0,"FH",,12,11.1,220
"SQ71333 551",6.9,"3GB","4C",1,"GI",,6,1.1,187
"SQ68944 021",9.8,"5GG","5A",0,"CR",,5,-5.9,240
"SQ78078 011",8.6,"3GB","4C",1,"FH","D",8,1.4,289
"SQ72654 511",11.8,"3GB","4C",1,"GI","F",6,2.2,278
"SQ63911 551",17.4,"5GG","5A",0,"HGI","F",3,-0.3,261
"SQ59049 061",14.3,"5GG","5A",0,"PO","B",2,0.8,217
"SQ53841 051",9,"5GG","5A",1,"GI",,12,1.8,44
"SQ68743 521",13.8,"3GB","5A",0,"BP",,5,3.2,253
"SQ51456 021",19.5,"5GG","5A",0,"CR",,10,5.5,226
"SQ65545 531",8.7,"3GB","5A",1,"HR","F",4,-5.9,282
"SQ54005 061",19.5,"3GB","5A",0,"HR","D",12,7.5,231
"SQ77071 041",0.7,"3GB","4C",1,"HR","D",8,-9.2,294
"SQ80388 051",16.5,"5GG","5A",0,"CR",,9,9.1,1255
"SQ59069 511",4.6,"3GB","4C",1,"GI","F",2,-6.7,291
"SQ77167 051",8.6,"3GB","4C",1,"HR","F",8,-4.6,247
"SQ66180 541",20.2,"3GB","5A",0,"PO","D",4,10.3,253
"SQ49832 021",12.2,"3GB","5A",1,"EG","F",10,4,212
"SQ57312 041",15.4,"5GG","5A",0,"HR",,1,5.2,270
"SQ72012 071",3.3,"3GB","4C",1,"HR","F",6,-4.9,200
"SQ51441 521",8,"3GB","4C",1,"EG","F",10,-0.2,264
"SQ51366 561",18.2,"5GG","4C",0,"PO","G",10,6.6,260
"SQ49378 511",18.5,"5GG","5A",0,"FH",,10,9.5,276
"SQ49456 021",15,"5GG","4C",0,"HR",,10,2.5,258
"SQ64045 531",1.1,"3GB","4C",1,"FH","B",3,-6.2,298
"SQ51872 521",17.5,"5GG","4C",0,"HR",,11,6.3,280
"SQ71417 521",8,"3GB","5A",1,"GI",,6,-4,230
"SQ79944 551",7.3,"3GB","5A",1,"HR","F",9,3.6,240
"SQ50564 581",11.5,"5GG","5A",0,"HR",,10,-1.8,291
"SQ79444 531",13.7,"5GG","5A",0,"HGI","D",9,3.2,271
"SQ52638 051",15.7,"5GG","4C",0,"CR","F",11,8.4,296
"SQ56498 521",16.8,"3GB","5A",0,"HR",,1,6.3,253
"SQ53209 561",11.5,"3GB","5A",1,"GI","F",11,-0.7,296
"SQ59384 511",6.2,"3GB","5A",1,"HR",,2,2.2,285
"SQ69539 551",1.6,"3GB","4C",1,"HR",,5,-8.6,222
"SQ54212 561",8.1,"3GB","4C",1,"EG","F",12,-1.6,223
"SQ70162 051",6,"3GB","5A",1,"HR","F",6,-0.8,257
"SQ51590 531",20,"5GG","4C",0,"PO","B",11,10.7,287
"SQ62142 011",12.9,"5GG","5A",0,"HR","D",3,0.4,299
"SQ75899 011",9.2,"3GB","5A",1,"GI","B",8,2.6,214
"SQ65492 041",9.4,"3GB","4C",1,"HR",,4,-0.8,257
"SQ63890 031",6.5,"3GB","5A",1,"GI","F",3,-5,220
"SQ49456 041",14.7,"3GB","4C",0,"HR",,10,2.2,254
"SQ80058 511",17.9,"5GG","5A",0,"HR",,9,12.8,143
"SQ71433 521",17.9,"5GG","4C",0,"HR",,6,4.8,282
"SQ62365 531",18.2,"5GG","4C",0,"HR","F",3,8.7,268
"SQ56472 061",16.1,"3GB","4C",0,"PO","G",1,0.7,287
"SQ66618 031",16.9,"5GG","5A",0,"HR",,4,11.9,286
"SQ77402 541",6.2,"3GB","4C",1,"CR",,8,1.1,2283
"SQ73359 541",18.6,"5GG","5A",0,"HR","D",7,5.4,296
"SQ51168 031",13.4,"5GG","4C",0,"HR","D",10,7.3,269
"SQ55669 531",14.4,"5GG","5A",0,"HR",,12,2.5,266
"SQ64090 531",17.4,"3GB","4C",0,"HGI","D",3,8.5,280
"SQ58060 541",13,"3GB","4C",1,"HR",,1,5.5,276
"SQ76892 041",7.3,"3GB","4C",1,"GI","F",8,-6.3,296
"SQ53135 041",13.6,"3GB","4C",1,"CR",,11,5.5,281
"SQ57349 041",6.5,"3GB","5A",1,"HR",,1,-6.5,214
"SQ57587 531",17.3,"5GG","5A",0,"HR",,1,8.5,167
"SQ58018 511",14.9,"3GB","4C",0,"GA",,1,10.4,206
"SQ78175 031",12.1,"3GB","5A",1,"PosMAC","B",8,0.2,258
"SQ75069 521",14.9,"5GG","5A",0,"HGI","F",7,5,272
"SQ75435 531",16.4,"3GB","4C",0,"GA",,7,6.3,278
"SQ54674 031",20.3,"5GG","5A",0,"HR","D",12,9.9,277
"SQ55142 521",5.2,"3GB","5A",1,"HR",,12,-9.1,164
"SQ57560 031",15.1,"3GB","4C",1,"HGI","F",1,0,254
"SQ50239 521",9.3,"3GB","4C",1,"GI","D",10,2.5,163
"SQ68194 531",18.9,"3GB","4C",0,"GI",,5,7.8,173
"SQ57235 561",17,"3GB","4C",0,"PO","D",1,7.5,285
"SQ64770 071",13.4,"5GG","5A",0,"BP",,4,7.8,282
"SQ61589 541",1.4,"3GB","5A",1,"HR","B",3,-6.5,268
"SQ71536 521",4,"3GB","4C",1,"HR","F",6,-1.5,291
"SQ72290 551",18.2,"3GB","4C",0,"CR",,6,11.3,207
"SQ60954 041",0.9,"3GB","5A",1,"GI",,2,-9.9,288
"SQ51644 531",20.9,"5GG","4C",0,"HR","F",11,9.2,227
"SQ64931 071",8,"3GB","5A",1,"CR",,4,1,263
"SQ71423 031",6.1,"3GB","5A",1,"HR","F",6,-4.2,289
"SQ76557 021",17.5,"3GB","5A",0,"PO","D",8,9.8,258
"SQ55503 021",1.5,"3GB","5A",1,"CR",,12,-10.1,294
"SQ58571 541",18,"3GB","4C",0,"CR",,1,11.3,140
"SQ73228 541",9.8,"3GB","5A",1,"CR",,7,-1.2,220
"SQ53574 511",20.1,"3GB","5A",0,"PO","G",11,9.3,273
"SQ72338 551",13.2,"5GG","4C",0,"GI","D",6,4.5,294
"SQ77953 041",9.3,"3GB","5A",1,"CR",,8,0.6,250
"SQ66954 031",16.3,"3GB","5A",0,"GI",,4,5.3,257
"SQ58257 021",7.6,"3GB","5A",1,"HR",,1,-5.6,118
"SQ60253 021",3.9,"3GB","5A",1,"HR",,2,-4,123
"SQ55549 021",20.5,"3GB","4C",0,"GI",,12,11.4,244
"SQ68009 511",13.3,"3GB","4C",1,"GI","D",5,8.4,266
"SQ70957 511",13.4,"5GG","4C",0,"HR",,6,-5,282
"SQ63926 521",18.1,"3GB","5A",0,"HR",,3,7.1,243
"SQ53098 051",15.3,"5GG","5A",0,"CR",,11,8.7,254
"SQ78013 011",5.3,"3GB","4C",1,"GI",,8,-1.8,281
"SQ75602 011",9.7,"5GG","5A",0,"CR",,8,-1.3,1255
"SQ59177 021",11.5,"3GB","5A",0,"CR",,2,-2.9,285
"SQ58281 021",3.6,"3GB","4C",1,"EG","F",1,-2.2,272
"SQ72026 021",15.1,"3GB","4C",0,"HR","D",6,6.1,261
"SQ70519 521",18.5,"5GG","4C",0,"CR",,6,11.3,264
"SQ49330 541",11.3,"5GG","5A",0,"HR","B",10,-2.6,293
"SQ54331 551",19.6,"5GG","4C",0,"HR",,12,5.8,298
"SQ70768 511",13.8,"3GB","4C",0,"HR",,6,1.8,264
"SQ51382 551",15,"5GG","4C",0,"HGI","F",10,3.9,264
"SQ66824 551",10.4,"3GB","5A",1,"GI","F",4,-1.2,214
"SQ80821 031",20,"5GG","5A",0,"BP",,9,8.8,210
"SQ78516 051",16.9,"5GG","5A",0,"HR","D",9,14.2,232
"SQ60322 511",5.4,"3GB","5A",1,"GI","F",2,-4.1,232
"SQ53106 021",15.1,"5GG","5A",0,"CR",,11,6.6,228
"SQ63967 521",19.5,"3GB","4C",0,"FH","F",3,5.1,256
"SQ52220 541",2.8,"3GB","5A",1,"CR",,11,-12.6,226
"SQ80644 021",19.1,"5GG","5A",0,"HR","B",9,11.1,271
"SQ69794 021",14.1,"5GG","5A",0,"FH",,5,1.6,267
"SQ66590 551",14.6,"5GG","5A",0,"HR",,4,0.5,1255
"SQ49674 541",14.3,"3GB","4C",1,"GI",,10,2.4,243
"SQ61554 011",8.8,"3GB","5A",1,"EG","F",3,-1.6,197
"SQ63885 021",8.2,"3GB","5A",1,"FH","F",3,-2.5,244
"SQ80970 541",13.6,"3GB","4C",1,"HR",,9,2.7,185
"SQ58032 011",7.9,"3GB","4C",1,"FH",,1,-0.5,259
"SQ72337 551",14.6,"3GB","5A",0,"PO","D",6,8.6,288
"SQ72016 531",6,"3GB","5A",1,"PO","D",6,-1.1,271
"SQ56079 021",6,"3GB","4C",1,"CR",,1,1.6,269
"SQ67298 521",6.8,"3GB","5A",1,"GI","F",5,-3.9,299
"SQ52207 021",20.2,"3GB","4C",0,"CR",,11,5.3,243
"SQ63752 011",5.5,"3GB","4C",1,"PO","F",3,-2.9,227
"SQ50237 551",10.6,"3GB","4C",1,"GI","D",10,3.9,287
"SQ58521 541",9.7,"3GB","5A",1,"CR",,1,3.1,163
"SQ72156 531",7.4,"3GB","4C",1,"GI",,6,1.1,263
"SQ49160 511",14.7,"5GG","5A",0,"GI",,10,0.1,251
"SQ51161 031",6.7,"5GG","4C",1,"CR",,10,-4.5,212
"SQ78353 521",11.2,"3GB","5A",0,"HR","B",9,2.5,290
"SQ53868 011",15.3,"5GG","4C",0,"HR",,12,1.2,284
"SP07379 041",16.3,"5GG","7A",0,"CR",,2,2.5,258
"SQ61272 071",15.7,"5GG","5A",0,"PO","D",2,2.2,279
"SQ52173 531",16.8,"5GG","4C",0,"PO","G",11,10.8,254
"SQ72011 051",3.1,"3GB","4C",1,"HR",,6,-5.4,261
"SQ56521 021",5.6,"3GB","5A",1,"HR",,1,1.3,204
"SQ80561 021",20.8,"5GG","4C",0,"HR",,9,12.4,230
"SQ55196 011",3.7,"3GB","4C",1,"GI",,12,-4.8,214
"SQ63080 541",3.3,"3GB","4C",1,"PO","F",3,-9.9,213
"SQ55764 521",11.7,"3GB","5A",1,"HR",,12,4.4,216
"SQ75717 551",5.2,"3GB","4C",1,"GA",,8,-1.4,273
"SQ54164 061",7.1,"3GB","4C",1,"GI","D",12,-1.9,247
"SQ71765 031",19.5,"5GG","5A",0,"HR",,6,5.9,219
"SQ51701 521",16.8,"5GG","5A",0,"CR",,11,3.8,244
"SQ53110 541",17.7,"5GG","5A",0,"CR",,11,10.9,228
"SQ53098 531",15.5,"3GB","5A",1,"CR",,11,9,228
"SQ57268 071",16,"5GG","5A",0,"HR","F",1,10.7,287
"SQ80656 521",10.4,"3GB","4C",1,"CR",,9,4.9,242
"SQ67880 031",4.8,"3GB","4C",1,"HR",,5,-2.1,273
"SQ54981 041",5.1,"3GB","4C",1,"GI","F",12,-1.1,267
"SQ58132 521",19.2,"5GG","4C",0,"GI","B",1,4,274
"SQ54982 551",4.7,"3GB","4C",1,"GI","F",12,-8.7,262
"SQ72097 521",1.9,"3GB","5A",1,"HR","B",6,-6.7,237
"SQ73192 011",2.8,"3GB","4C",1,"BP",,7,-6.4,227
"SQ66247 521",6.9,"3GB","5A",1,"CR",,4,-2.9,272
"SQ49805 031",18.6,"5GG","5A",0,"PO","D",10,6.7,287
"SQ67296 521",7.1,"3GB","5A",1,"GI","F",5,-3.6,253
"SQ54984 521",1.9,"3GB","4C",1,"FH","F",12,-4.5,245
"SQ49151 021",14.5,"3GB","5A",0,"CR",,10,1.5,272
"SQ77380 541",7.7,"3GB","5A",1,"HR","F",8,-0.7,297
"SQ54198 061",16.9,"5GG","4C",0,"HR",,12,7.1,250
"SQ76883 511",11.9,"3GB","5A",1,"PO","F",8,5.5,272
"SQ57262 081",14.6,"5GG","5A",0,"HR","F",1,5.5,248
"SQ68309 021",10.9,"3GB","5A",1,"PO","B",5,5.5,224
"SQ60620 011",1.7,"3GB","5A",1,"HR",,2,-1.9,291
"SQ74399 551",4.8,"3GB","5A",1,"FH",,7,-2.5,187
"SQ59052 531",6.8,"3GB","4C",1,"GI","F",2,-7.9,280
"SQ50016 051",13.4,"3GB","5A",1,"GI","F",10,2.9,241
"SQ57231 021",16.2,"5GG","5A",0,"HR",,1,8.7,297
"SQ60899 571",2,"3GB","4C",1,"FH","F",2,-6.2,230
"SQ78068 561",7.3,"3GB","5A",1,"CR",,8,1.2,261
"SQ51214 021",8,"3GB","4C",1,"GI",,10,2.6,240
"SQ64797 051",14.4,"3GB","4C",1,"HGI","F",4,7.9,247
"SQ75899 551",11,"3GB","5A",1,"GI","B",8,3.2,293
"SQ50552 551",8.1,"5GG","4C",0,"CR",,10,-7.5,246
"SQ50330 531",15.8,"3GB","5A",0,"GA",,10,2.7,226
"SQ57862 541",18.4,"5GG","4C",0,"HR",,1,6.8,250
"SQ74484 531",18.5,"5GG","5A",0,"PO","G",7,10.7,191
"SQ61484 031",17.2,"5GG","5A",0,"HGI","F",2,6.2,270
"SQ80563 011",20.3,"3GB","4C",0,"HR","F",9,11.9,293
"SQ73624 521",11.6,"3GB","5A",1,"CR",,7,5.8,208
"SQ61005 511",12.1,"5GG","5A",0,"HR",,2,-2,230
"SQ66528 011",1.6,"3GB","5A",1,"HR",,4,-10.7,285
"SQ51770 021",12.8,"3GB","4C",1,"EG","F",11,-3.7,213
"SQ72907 011",14.6,"5GG","4C",0,"PO","F",7,8.8,251
"SQ57347 031",13.5,"5GG","5A",0,"HR",,1,3.5,270
"SQ66075 511",2.4,"3GB","5A",1,"GI","F",4,-6.3,292
"SQ60928 531",14.6,"5GG","5A",0,"HGI","F",2,8.2,274
"SQ62370 511",14.9,"5GG","4C",0,"BP",,3,8.1,214
"SQ81068 011",20,"3GB","4C",0,"GA",,9,16.3,263
"SQ52697 561",14,"5GG","4C",0,"HR",,11,1.8,271
"SQ63080 051",16.5,"3GB","4C",0,"HGI","F",3,3.5,270
"SQ71019 031",10.6,"3GB","4C",1,"FH",,6,4,271
"SQ58362 041",6.1,"3GB","4C",1,"HR","F",1,-0.9,249
"SQ61614 041",0.8,"3GB","5A",1,"HR","B",3,-7.5,103
"SQ51140 531",18.1,"5GG","4C",0,"CR",,10,-2.2,244
"SQ57003 561",18.3,"5GG","4C",0,"HR",,1,6.5,194
"SQ76483 041",5.8,"3GB","4C",1,"HR","F",8,-5,297
"SP22873 021",16.7,"5GG","7A",0,"PO","F",9,10.8,254
"SQ51146 541",13.3,"5GG","5A",1,"GI","D",10,1.3,1255
"SQ56793 011",2.9,"3GB","4C",1,"GI","F",1,-4.2,270
"SQ70733 571",9.3,"3GB","5A",1,"CR",,6,-0.6,209
"SQ52871 511",2.6,"3GB","5A",1,"PO","D",11,-8.3,282
"SQ49238 531",2,"3GB","4C",1,"EG","F",10,-7.8,288
"SQ59776 021",18.8,"5GG","5A",0,"HR","B",2,10.4,289
"SQ65757 521",8.2,"3GB","5A",1,"EG","F",4,0.4,178
"SQ71542 051",14.3,"3GB","4C",0,"HR","F",6,5.6,267
"SQ55439 551",17.9,"5GG","5A",0,"HGI","D",12,4.3,170
"SQ78645 051",13.9,"3GB","5A",1,"HR",,9,0.7,245
"SQ52649 041",18.6,"5GG","5A",0,"HR",,11,6.1,276
"SQ52468 071",13,"5GG","4C",0,"PO","F",11,7,253
"SQ72159 551",8.5,"5GG","4C",1,"HR",,6,2.9,286
"SQ54438 511",7.4,"3GB","4C",1,"GI",,12,-0.5,265
"SQ60587 051",17,"5GG","5A",0,"HGI","F",2,10.8,298
"SQ51653 061",16.7,"3GB","4C",0,"HR","D",11,5.9,293
"SQ56623 061",13.1,"5GG","4C",0,"PO","D",1,-1.9,214
"SQ54768 041",14.7,"5GG","5A",0,"PO","B",12,-3.1,1255
"SQ58453 011",13.9,"3GB","4C",0,"CR",,1,9.2,256
"SQ76536 021",8.1,"3GB","5A",1,"CR",,8,-8.5,273
"SQ67899 521",2.8,"3GB","4C",1,"PO","D",5,-4.8,232
"SQ73363 021",8.6,"3GB","4C",1,"HR","F",7,-3.3,258
"SQ52251 011",18.3,"5GG","4C",0,"PO","B",11,12.7,244
"SQ73192 051",9.2,"3GB","4C",1,"BP",,7,2.3,171
"SQ69807 031",4.7,"3GB","5A",1,"HR","B",5,-11.6,281
"SQ61264 521",17,"3GB","5A",0,"PO","D",2,4.7,188
"SQ54348 021",14.8,"3GB","5A",0,"CR",,12,9.1,296
"SQ59054 561",14.2,"5GG","5A",0,"PO","B",2,-0.5,262
"SQ51720 021",18.4,"5GG","5A",0,"GI",,11,4.5,248
"SQ58110 011",16.6,"5GG","5A",0,"CR",,1,-0.7,297
"SQ69049 541",20.2,"5GG","5A",0,"HR",,5,8,290
"SQ68734 561",15.7,"5GG","5A",0,"BP",,5,5.4,250
"SQ68289 531",11.7,"3GB","5A",1,"CR",,5,3.2,260
"SQ58377 521",2.5,"3GB","5A",1,"HR",,1,-5.4,299
"SQ57862 011",18.6,"5GG","4C",0,"HR",,1,7,281
"SQ64516 031",14.2,"5GG","5A",0,"FH",,4,4.8,299
"SQ56744 041",0.7,"3GB","5A",1,"GI","F",1,-7.2,265
"SQ54626 021",15.8,"5GG","5A",0,"HR","F",12,2.8,275
"SQ63450 051",8.6,"3GB","4C",1,"HR",,3,-3.7,220
"SQ66366 011",15.2,"5GG","5A",0,"HR",,4,4.9,299
"SQ64739 051",13.4,"5GG","5A",0,"PO","B",4,4.4,256
"SQ77820 011",9.3,"3GB","4C",1,"HR",,8,-1.8,216
"SQ72970 541",6.8,"3GB","4C",1,"HR",,7,2.3,262
"SQ66509 011",2.3,"3GB","4C",1,"CR",,4,-7.6,272
"SQ57881 541",12.8,"5GG","5A",0,"GI",,1,0.3,256
"SQ69110 031",18.6,"3GB","4C",0,"GA",,5,11.4,291
"SQ65415 031",12.5,"3GB","5A",0,"HR",,4,7.6,173
"SQ49712 051",20.3,"3GB","4C",0,"HR",,10,5.4,224
"SQ79614 511",8.8,"3GB","5A",1,"HR","F",9,-0.9,298
"SQ57930 571",10.5,"3GB","5A",0,"HGI","F",1,-0.5,182
"SQ74522 061",4.5,"5GG","4C",1,"GI",,7,-4.5,265
"SQ65995 041",5.5,"3GB","5A",1,"CR",,4,-2,293
"SQ51782 571",16.7,"5GG","5A",0,"HR",,11,5.2,280
"SQ58144 521",17.3,"5GG","4C",0,"GI","B",1,0.3,169
"SQ53515 531",19.5,"3GB","5A",0,"GI",,11,12.6,293
"SQ74102 021",14.5,"3GB","5A",1,"HR",,7,3.2,266
"SQ66833 061",6.5,"3GB","5A",1,"GI","F",4,-1.4,240
"SQ64279 561",15.2,"5GG","5A",0,"HR","D",3,6.8,209
"SQ51338 521",10.6,"3GB","5A",1,"CR",,10,1.6,250
"SQ60693 061",20.5,"5GG","5A",0,"HR",,2,7.1,229
"SQ72161 541",10.7,"3GB","4C",0,"GI",,6,0.4,294
"SQ75840 521",3.6,"3GB","4C",1,"CR",,8,-3.6,241
"SQ59268 521",9.3,"3GB","5A",0,"FH",,2,-2.2,261
"SQ69788 541",17.1,"5GG","4C",0,"HR","D",5,2.8,260
"SQ55310 511",9.5,"3GB","5A",1,"CR",,12,-2.8,285
"SQ81092 551",12.2,"3GB","4C",1,"HR",,9,5.1,240
"SQ71423 021",6.5,"3GB","5A",1,"HR","F",6,-3.7,236
"SQ59773 521",15.3,"3GB","4C",0,"HGI","F",2,2.9,251
"SQ51927 531",15.4,"5GG","4C",0,"HGI","F",11,3.2,265
"SQ49835 521",11.5,"3GB","5A",1,"EG","F",10,1.9,164
"SQ80440 021",4.4,"3GB","5A",1,"GI","F",9,-5.3,275
"SQ52740 041",14.4,"5GG","5A",0,"HR",,11,6.4,270
"SQ63942 011",13.6,"3GB","5A",0,"HR",,3,3.5,243
"SQ71377 031",13.6,"5GG","5A",0,"HR",,6,3.6,295
"SQ59724 011",4.1,"3GB","5A",1,"GI","F",2,-12.6,230
"SQ71187 531",12.8,"5GG","5A",0,"HR",,6,1.9,294
"SQ51015 511",5.1,"3GB","5A",1,"GA",,10,-2.4,297
"SQ71476 011",2.6,"3GB","5A",1,"HR","F",6,-8.6,294
"SQ54030 041",19.3,"5GG","4C",0,"PO","D",12,12.2,290
"SQ54003 511",17.6,"5GG","5A",0,"HR","D",12,5.5,281
"SQ64367 031",15.6,"5GG","5A",0,"CR",,3,9,197
"SQ53996 071",19,"5GG","5A",0,"HR",,12,7.9,258
"SQ60419 531",16.2,"5GG","4C",0,"HR",,2,8.3,240
"SQ59590 521",15.8,"3GB","5A",0,"EG","F",2,1.6,299
"SQ50235 531",18.2,"5GG","5A",0,"GI",,10,9.1,228
"SQ52802 061",9.2,"5GG","5A",0,"HGI","F",11,2.1,278
"SQ79438 551",9.4,"3GB","5A",1,"HR","F",9,-3.2,284
"SQ65304 011",10,"3GB","4C",1,"HR",,4,0.5,241
"SQ76540 511",7.6,"3GB","4C",1,"GI",,8,1.8,224
"SQ80257 541",2.4,"3GB","4C",1,"HR",,9,-3.5,264
"SQ49038 521",3.7,"3GB","4C",1,"GA","D",10,-2.4,241
"SQ58257 541",8.3,"3GB","5A",1,"HR",,1,-5,167
"SQ51040 031",15.2,"3GB","4C",1,"GI","F",10,7.8,242
"SQ69120 071",14.6,"5GG","5A",0,"HR",,5,-1.5,245
"SQ71876 531",6.5,"3GB","5A",1,"HR","F",6,-0.9,192
"SQ53183 521",6.6,"3GB","4C",1,"HR","F",11,-4,229
"SQ59596 021",13.3,"5GG","5A",0,"GI",,2,-0.7,227
"SQ79206 051",9.7,"3GB","5A",1,"HR",,9,-0.3,144
"SQ59319 051",7.3,"3GB","4C",1,"EG","F",2,2.4,191
"SQ49235 051",18.1,"5GG","5A",0,"PO","D",10,7.9,259
"SQ57245 031",4.4,"3GB","4C",1,"HR",,1,-4.6,232
"SQ72057 531",16.2,"5GG","5A",0,"HR",,6,7.5,282
"SQ62070 061",20.8,"5GG","5A",0,"HR",,3,5.2,259
"SQ51188 521",8.4,"2GB","4C",1,"GI",,10,-3.7,298
"SQ62370 021",14.4,"5GG","4C",0,"BP",,3,7.8,221
"SQ60701 541",15.7,"5GG","5A",0,"BP",,2,3.2,212
"SQ75447 541",4.8,"3GB","4C",1,"CR",,7,0,186
"SQ49899 541",10.2,"5GG","5A",0,"HR","B",10,-4.1,240
"SQ67731 511",5.2,"3GB","5A",1,"HR","F",5,-6.3,274
"SQ69657 031",7.2,"3GB","5A",1,"CR",,5,-5.3,214
"SQ75159 521",12.9,"5GG","5A",0,"HR","D",7,2.2,2283
"SQ74426 531",14.1,"5GG","4C",0,"HGI","D",7,6.9,284
"SQ54303 551",15.7,"3GB","5A",0,"GI",,12,6.5,257
"SQ66744 531",6.6,"3GB","4C",1,"GI","F",4,-3.3,184
"SQ78130 541",14.7,"5GG","5A",0,"CR",,8,-4.9,291
"SQ56766 011",1.4,"3GB","5A",1,"GI","F",1,-5.2,269
"SQ71544 511",11.2,"3GB","4C",1,"PO","F",6,0.9,1151
"SQ60831 031",17.3,"5GG","5A",0,"HR","F",2,5.6,289
"SQ58586 051",14.4,"5GG","5A",0,"HR",,1,7.5,267
"SQ53549 551",16.5,"5GG","5A",0,"GI",,11,9.6,96
"SQ64485 051",4.5,"3GB","5A",1,"CR",,4,-1.4,278
"SQ69111 521",14.4,"5GG","5A",0,"HR","D",5,1,292
"SQ62291 561",13.1,"3GB","4C",0,"GI",,3,0.9,242
"SQ53089 551",9.9,"3GB","5A",1,"PO","D",11,-1.1,224
"SQ64442 561",17.1,"5GG","5A",0,"HGI","F",4,6.4,289
"SQ70076 541",5,"3GB","5A",1,"GI","F",6,-5.9,218
"SQ69321 011",10.2,"3GB","5A",1,"CR",,5,3.2,161
"SQ66379 511",9.2,"3GB","4C",1,"CR",,4,-5.7,267
"SQ70243 551",15.7,"5GG","5A",0,"HR","F",6,9,287
"SQ56797 541",9.7,"5GG","4C",0,"GI",,1,0.6,288
"SQ65601 541",12.1,"3GB","5A",1,"FH",,4,2.8,212
"SQ66744 031",7,"3GB","4C",1,"GI","F",4,-2.9,289
"SQ72527 051",13.2,"3GB","4C",1,"HR","F",6,0.1,241
"SQ74802 521",16.3,"5GG","5A",0,"HR",,7,8.8,267
"SQ77751 011",12.9,"3GB","5A",1,"PO","F",8,5.8,200
"SQ56951 021",5.7,"3GB","4C",1,"CR",,1,-8.8,216
"SQ67180 051",5.6,"3GB","4C",1,"FH","D",4,-6.9,227
"SQ72663 031",11.8,"3GB","4C",1,"HR","F",6,1.1,241
"SQ62360 571",18.9,"3GB","4C",0,"BP",,3,9.6,195
"SQ81067 041",6.8,"5GG","5A",0,"CR",,9,-1.4,291
"SQ69636 031",6.3,"3GB","4C",1,"CR",,5,-5.2,275
"SQ74809 521",7.7,"3GB","4C",1,"HR","F",7,0.2,256
"SQ59491 021",17.1,"5GG","5A",0,"GI",,2,1,256
"SQ53109 021",5.7,"3GB","5A",1,"GI",,11,-0.4,268
"SP16799 041",19.9,"5GG","7A",0,"CR",,7,14.9,193
"SQ65041 521",6.8,"3GB","4C",1,"FH",,4,-8.2,229
"SQ61004 521",14.4,"5GG","5A",0,"HR",,2,4.7,198
"SQ53494 521",11.6,"3GB","5A",0,"HR","B",11,-2.5,276
"SQ50690 041",13.9,"3GB","5A",0,"HR","B",10,-0.1,262
"SQ65668 041",17.4,"5GG","5A",0,"EG","F",4,4.1,175
"SQ58884 541",18.2,"5GG","5A",0,"PO","B",2,13,295
"SQ75187 041",8.6,"3GB","4C",1,"HR","F",7,-3.5,263
"SQ57271 541",15.2,"5GG","5A",0,"FH",,1,10.6,2283
"SQ61255 041",10.6,"3GB","4C",1,"HR",,2,-1.4,270
"SQ78865 551",2.3,"3GB","5A",1,"CR","F",9,-8.1,231
"SQ56122 051",6.2,"3GB","4C",1,"GI",,1,-1.1,219
"SQ53516 531",19.3,"3GB","5A",0,"GI",,11,13.1,246
"SQ66025 551",20.9,"5GG","5A",0,"GA","D",4,7.4,299
"SQ51282 521",14.4,"3GB","5A",0,"CR",,10,4.2,293
"SQ67235 521",3.4,"3GB","4C",1,"HR","F",5,-4.2,262
"SQ66300 011",15.7,"5GG","5A",0,"CR",,4,4,192
"SQ71006 021",9,"3GB","5A",1,"GI",,6,0.5,263
"SQ51650 021",10.5,"5GG","5A",0,"HR",,11,-0.3,266
"SQ49287 041",19.3,"5GG","5A",0,"HR",,10,4.9,257
"SQ69364 021",11.8,"3GB","4C",1,"CR",,5,4.7,238
"SQ50826 011",15.8,"5GG","4C",0,"HR",,10,0.9,292
"SQ51751 511",18.4,"5GG","4C",0,"HR",,11,2.1,288
"SQ59765 051",15.9,"5GG","4C",0,"HGI","F",2,4.8,231
"SQ57880 031",1.1,"3GB","4C",1,"GI","F",1,-10,263
"SQ52902 551",19.5,"5GG","4C",0,"HR",,11,16.6,205
"SQ68545 031",4.3,"3GB","5A",1,"CR",,5,-1.8,235
"SQ52368 031",15.8,"5GG","4C",0,"FH",,11,5.3,235
"SQ51159 521",11.5,"2GB","4C",0,"FH",,10,-8.1,237
"SQ66839 521",6.5,"3GB","5A",1,"GI","F",4,-1.5,195
"SQ51762 541",12.8,"3GB","5A",1,"FH","F",11,-3.3,230
"SQ67237 531",14.3,"3GB","4C",0,"CR","F",5,6.6,272
"SQ51155 031",17.1,"5GG","4C",0,"GI",,10,1.3,216
"SQ54993 021",15.9,"5GG","4C",0,"GI","F",12,8.2,273
"SQ57222 541",6.9,"3GB","5A",1,"GI",,1,-1.1,249
"SQ56766 521",1.2,"3GB","5A",1,"EG","F",1,-4.4,299
"SQ61595 521",11,"3GB","4C",1,"FH",,3,-3.8,282
"SQ66343 541",20.9,"3GB","4C",0,"CR",,4,10.7,254
"SQ73223 081",8.8,"3GB","5A",1,"CR",,7,2.8,278
"SQ51745 051",18.8,"5GG","4C",0,"CR",,11,3.2,291
"SQ59629 041",13.1,"3GB","5A",1,"HR",,2,-2.3,287
"SQ59665 551",11.8,"3GB","4C",0,"HGI","F",2,-3.8,263
"SQ58199 521",6.5,"3GB","4C",1,"CR",,1,-5.9,231
"SQ53454 551",16.9,"5GG","5A",0,"CR",,11,-1.5,267
"SQ60311 021",7.2,"3GB","5A",1,"HR",,2,-0.6,133
"SQ50031 551",15.4,"5GG","5A",0,"HGI","D",10,-0.8,272
"SQ51419 051",14.8,"5GG","5A",0,"PO","D",10,10.2,233
"SQ58257 031",7.2,"3GB","5A",1,"HR",,1,-6.1,163
"SQ63452 011",7.4,"3GB","4C",1,"HR","F",3,-4.1,252
"SQ56801 541",2.2,"3GB","4C",1,"CR",,1,-6.9,291
"SQ70310 051",17.6,"5GG","5A",0,"BP",,6,9.4,286
"SQ75154 051",20.2,"5GG","5A",0,"HR","F",7,8.7,288
"SQ54240 521",8.5,"5GG","5A",0,"PO","B",12,-2.9,221
"SQ77378 511",4.3,"3GB","5A",1,"HR","F",8,-3.6,286
"SQ60330 031",5.3,"3GB","5A",1,"GI","F",2,-5.2,293
"SQ59582 521",17.5,"3GB","5A",0,"CR",,2,7.3,180
"SQ53088 061",14.1,"3GB","5A",0,"PO","B",11,2,241
"SQ65376 531",18.2,"5GG","4C",0,"CR",,4,5.3,250
"SQ57380 041",17,"3GB","4C",0,"PO","D",1,6.2,290
"SQ59292 051",8.3,"3GB","5A",1,"GI",,2,-8.9,242
"SQ65140 041",7.5,"3GB","4C",1,"PO","F",4,-1.3,259
"SQ58233 531",9.9,"3GB","4C",1,"CR",,1,2.2,195
"SQ70763 551",13.6,"3F1","4C",1,"HR",,6,1.7,222
"SQ52251 021",18.3,"5GG","4C",0,"PO","B",11,12.6,292
"SQ58453 031",11.3,"5GG","4C",0,"GA",,1,3.8,293
"SQ51151 051",5.7,"5GG","5A",1,"GI","D",10,-6.9,159
"SQ72527 551",13.6,"3GB","4C",1,"HR","F",6,0.4,276
"SQ73748 061",7.9,"3GB","4C",1,"CR",,7,1.7,252
"SQ72812 551",4.3,"3GB","5A",1,"CR",,7,-8.2,248
"SQ78157 021",18.2,"3GB","5A",1,"PO","B",8,6.4,186
"SQ57014 021",4.4,"3GB","5A",1,"EG","F",1,-5.9,290
"SQ50024 561",16.6,"5GG","5A",0,"HGI","D",10,0.3,206
"SQ80680 031",12.9,"3GB","5A",0,"PO","B",9,3.5,263
"SQ67353 521",13,"5GG","4C",0,"GI","D",5,7.3,293
"SQ68737 581",14.8,"5GG","5A",0,"BP",,5,4.1,217
"SQ77694 041",2,"3GB","5A",1,"GI","F",8,-3.7,270
"SQ49924 031",11.5,"3GB","5A",0,"CR",,10,6.7,284
"SQ50309 021",18.1,"5GG","5A",0,"PO","F",10,9.6,289
"SQ52642 031",17.5,"5GG","5A",0,"HR",,11,7.2,274
"SQ49710 551",20.9,"3GB","4C",0,"HR",,10,6,276
"SQ69068 041",19.9,"5GG","5A",0,"HR","D",5,3.7,233
"SQ74811 521",9.5,"3GB","4C",1,"HR","F",7,1.8,200
"SQ66197 051",12.4,"3GB","5A",0,"BP",,4,5.8,285
"SQ71405 531",18,"3GB","4C",1,"HR","D",6,9.5,220
"SQ54327 521",12,"3GB","4C",0,"HGI","F",12,-1.6,2283
"SQ68013 021",11.4,"3GB","4C",1,"GI","D",5,6.2,286
"SQ77798 541",12.6,"3GB","4C",1,"CR",,8,2.7,261
"SQ70479 541",8.3,"3GB","5A",0,"HR","B",6,-0.8,270
"SQ69811 511",3.6,"3GB","5A",1,"HR","B",5,-12.5,275
"SQ71398 041",6.7,"3GB","5A",1,"HR",,6,2.1,279
"SQ58259 031",4,"3GB","4C",1,"HR",,1,-7.9,259
"SQ59885 061",16,"5GG","5A",0,"HGI","B",2,7.2,290
"SQ61554 031",9.8,"3GB","5A",1,"EG","F",3,-1.4,190
"SQ61600 531",1.9,"3GB","4C",1,"HR",,3,-5.4,248
"SQ55298 041",19.3,"5GG","4C",0,"PO","D",12,7.5,292
"SQ54341 521",9.8,"3GB","5A",1,"GI","D",12,4.5,202
"SQ59175 011",11.4,"5GG","5A",0,"CR",,2,-2.2,271
"SQ51777 021",8.4,"5GG","4C",0,"GI",,11,-6.7,235
"SQ66830 521",7.8,"3GB","5A",1,"GI","F",4,-4,269
"SQ50999 041",10.4,"3GB","5A",1,"GI",,10,0.7,270
"SQ59731 041",5.7,"3GB","5A",1,"GI","F",2,-10.8,133
"SQ59049 041",14.1,"5GG","5A",0,"PO","B",2,1,263
"SQ61153 011",15.8,"5GG","4C",0,"GI",,2,5.2,288
"SQ52055 031",14.3,"3GB","5A",0,"CR","B",11,0.8,275
"SQ68197 561",11.8,"3GB","4C",1,"FH",,5,4.5,266
"SQ60325 541",8.4,"3GB","5A",1,"GI","F",2,-2.3,268
"SQ72193 041",8.3,"3GB","5A",1,"GI","D",6,5.1,270
"SQ69315 551",6.4,"3GB","5A",1,"CR",,5,1.2,176
"SQ74305 531",6.7,"3GB","5A",1,"HR","F",7,-1.9,251
"SQ55289 041",12.4,"3GB","5A",1,"EG","F",12,2.1,252
"SQ53463 531",6.2,"3GB","5A",1,"GI",,11,-12.4,260
"SQ61215 021",2.3,"3GB","4C",1,"FH",,2,-10,229
"SQ55324 531",6.2,"3GB","4C",1,"GI","F",12,-6.4,235
"SQ51855 531",13,"3GB","5A",0,"CR","B",11,8.2,263
"SQ73450 561",4.3,"3GB","5A",1,"HR",,7,-5.9,266
"SQ61332 541",19,"5GG","5A",0,"CR",,2,13.5,275
"SQ68787 541",9.2,"5GG","5A",0,"CR",,5,0.9,299
"SQ68227 061",17.1,"5GG","4C",0,"HR","D",5,7.4,179
"SQ57248 031",4.1,"3GB","4C",1,"GI",,1,-7.5,268
"SQ64435 011",18.9,"5GG","5A",0,"HGI","F",4,8.6,275
"SQ70306 521",19,"5GG","5A",0,"BP",,6,11.3,234
"SQ68878 531",13.3,"3GB","4C",1,"HR",,5,-1.3,265
"SQ52805 051",6.8,"3GB","5A",1,"GI",,11,-4.7,195
"SQ54984 531",5.9,"3GB","4C",1,"FH","F",12,-0.5,195
"SQ78222 511",15.5,"5GG","5A",0,"BP",,8,8.3,237
"SQ65012 051",8.8,"3GB","4C",1,"GI",,4,-2,193
"SQ59323 021",19.5,"3GB","5A",0,"HGI","F",2,13.7,153
"SQ67640 031",5.5,"3GB","4C",1,"EG","F",5,-7.4,249
"SQ51927 041",15.3,"5GG","4C",0,"HGI","F",11,3.1,259
"SQ54691 031",9.8,"3GB","4C",1,"GI","F",12,-1.9,188
"SQ78411 511",7.3,"3GB","5A",1,"BP",,9,-2.1,294
"SQ49238 511",4.5,"3GB","4C",1,"EG","F",10,-4.8,253
"SQ79384 041",6,"3GB","5A",1,"HR","F",9,-8.3,263
"SQ50059 541",12.6,"5GG","5A",0,"HGI","D",10,-1,289
"SQ55015 011",2.9,"3GB","4C",1,"CR",,12,-7.2,275
"SQ67170 541",7.7,"3GB","4C",1,"GA","D",4,-4.8,271
"SQ58927 551",15.9,"5GG","5A",0,"GA",,2,12.1,209
"SQ72052 011",3.5,"3GB","5A",1,"CR",,6,-1.4,290
"SQ58259 521",4,"3GB","4C",1,"HR",,1,-7.9,186
"SQ58015 521",17.6,"5GG","5A",0,"GI","B",1,10.8,226
"SQ70223 041",14.2,"5GG","4C",0,"PO","B",6,3,271
"SQ67886 061",3,"3GB","4C",1,"HR",,5,-3.1,281
"SQ53092 031",15.2,"3GB","5A",0,"HGI","B",11,4.9,146
"SQ66184 031",11.5,"3GB","5A",1,"CR",,4,1.5,187
"SQ81021 011",16.3,"5GG","5A",0,"FH","D",9,4.9,285
"SQ51823 021",13.7,"5GG","5A",0,"HGI","F",11,-1.9,299
"SQ63450 551",8.4,"3GB","4C",1,"HR","F",3,-3.7,265
"SQ51762 041",12.6,"3GB","5A",1,"GI","F",11,-3.4,210
"SQ80262 041",8.8,"3GB","4C",1,"HR","F",9,-3.9,112
"SQ75444 511",2.7,"3GB","4C",1,"CR",,7,-7.5,268
"SQ70196 511",7.9,"3GB","5A",1,"GI","F",6,-4.2,205
"SQ71032 051",5.5,"3GB","5A",1,"HR","F",6,-2.5,221
"SQ56619 031",7.4,"3GB","4C",1,"CR",,1,-5.1,1255
"SQ49511 041",12.9,"5GG","4C",0,"HR",,10,3.8,2283
"SQ74205 031",1.4,"3GB","5A",1,"CR",,7,-9.6,265
"SQ53385 031",9.6,"3GB","4C",1,"GI",,11,2.6,205
"SQ50404 531",14,"5GG","5A",0,"HGI","D",10,1,253
"SQ77798 021",12.7,"3GB","4C",1,"CR",,8,2.7,243
"SQ61263 521",4.3,"3GB","4C",1,"HR",,2,-6.5,282
"SQ65036 521",4.7,"3GB","4C",1,"GA",,4,-8,279
"SQ54783 071",13.3,"3GB","5A",0,"HR",,12,-4.2,242
"SQ63514 571",18.1,"5GG","4C",0,"HR","B",3,8.8,208
"SQ68359 041",16.1,"5GG","5A",0,"HR","F",5,8.9,275
"SQ65639 041",10.4,"3GB","4C",1,"FH",,4,2,196
"SQ51731 031",15.7,"3GB","4C",1,"HGI","D",11,1.1,159
"SQ63198 031",6.1,"3GB","5A",1,"GI","F",3,-1.7,134
"SQ64685 541",8.9,"3GB","5A",1,"GI","F",4,-3.9,160
"SQ69314 541",8.7,"3GB","4C",1,"HR",,5,1.7,224
"SQ72189 561",14,"5GG","5A",0,"GI","D",6,3.7,271
"SQ58956 571",11.3,"5GG","4C",0,"HR","D",2,3,214
"SQ70301 021",12.8,"3GB","5A",1,"HR",,6,5.9,229
"SQ74423 051",9.8,"3GB","4C",0,"HR",,7,5.1,299
"SQ50530 021",16.7,"5GG","5A",0,"HR","B",10,1.1,242
"SQ51218 021",12.3,"3GB","4C",1,"HR","B",10,4.1,282
"SQ55193 061",3.3,"3GB","4C",1,"FH",,12,-4.7,282
"SQ54341 031",18.5,"3GB","5A",0,"GI","D",12,14,192
"SQ58448 021",12.2,"3GB","4C",0,"CR",,1,4.9,246
"SQ49623 011",18.4,"5GG","5A",0,"HGI","D",10,5.4,270
"SQ59771 511",20.2,"5GG","5A",0,"HR","B",2,11.8,125
"SQ62597 541",1.1,"3GB","5A",1,"GA","D",3,-0.4,246
"SQ54051 541",1.9,"3GB","5A",1,"CR",,12,-5,247
"SQ55485 031",11.3,"3GB","5A",1,"CR",,12,0.9,221
"SQ52811 051",18.7,"5GG","5A",0,"HR","D",11,9.7,243
"SQ51594 081",20.1,"5GG","4C",0,"PO","B",11,9.1,277
"SQ63965 521",14.8,"3GB","5A",0,"CR","B",3,1.7,189
"SQ58281 011",5,"3GB","4C",1,"EG","F",1,-0.8,286
"SQ51760 541",15.4,"3GB","5A",1,"GI","F",11,0.2,172
"SQ60358 521",19.6,"5GG","4C",0,"CR",,2,10.1,229
"SQ60304 021",12,"3GB","4C",0,"BP",,2,2.6,229
"SQ70871 541",14.4,"5GG","4C",1,"HR",,6,7.2,298
"SQ51760 531",10.4,"3GB","5A",1,"FH","F",11,-4.5,192
"SQ58895 011",6.8,"3GB","5A",1,"GA","D",2,2.3,208
"SQ65518 041",1.8,"3GB","4C",1,"GI","B",4,-4.9,281
"SQ69129 011",9,"5GG","4C",1,"HR","F",5,-1.8,165
"SQ61605 571",9.4,"5GG","5A",0,"BP",,3,-3.6,295
"SQ79010 541",9.4,"3GB","4C",1,"CR","F",9,-2.2,282
"SQ72204 011",1.8,"3GB","4C",1,"HR",,6,-2,174
"SQ58642 031",12.1,"5GG","4C",0,"HR","F",1,6,207
"SQ54781 531",14.7,"5GG","5A",0,"HR",,12,-3.2,237
"SQ56742 051",7.9,"3GB","5A",1,"GI","F",1,0.5,201
"SQ66513 041",8.2,"3GB","4C",1,"HR","F",4,-4.7,270
"SQ71894 021",18.3,"5GG","5A",0,"HR","B",6,14.5,267
"SQ62357 531",3.6,"3GB","4C",1,"CR",,3,-2,153
"SQ70754 011",16.3,"5GG","5A",1,"HR",,6,4.7,279
"SQ71422 511",13.5,"3GB","5A",1,"HR","F",6,2.3,243
"SQ56322 511",5.9,"3GB","4C",1,"GA",,1,2.4,252
"SQ66616 031",14.3,"3GB","5A",0,"HR","D",4,3.8,264
"SQ58164 531",13.1,"3GB","4C",0,"CR",,1,0.3,298
"SQ57274 551",14.7,"3GB","5A",0,"BP",,1,9.8,276
"SQ74854 511",18.3,"5GG","5A",0,"HR",,7,2.7,275
"SQ67576 071",12.4,"3GB","4C",0,"HR",,5,-0.5,275
"SQ62494 551",12.1,"5GG","5A",0,"CR",,3,0.7,263
"SQ54185 521",13.3,"5GG","4C",0,"GA",,12,4.2,287
"SQ74232 021",12.4,"3GB","5A",1,"HR","F",7,3.2,270
"SQ57593 511",19,"3GB","5A",0,"PO","F",1,13.4,268
"SQ69997 521",10.8,"3GB","5A",1,"GI","F",5,2.4,239
"SQ53110 051",17.5,"5GG","5A",0,"CR",,11,10.8,273
"SQ64285 521",19.6,"5GG","5A",0,"CR",,3,9.1,254
"SQ57046 021",10.3,"3GB","4C",1,"HR","F",1,2.1,294
"SQ50889 531",10.2,"3GB","4C",1,"HR",,10,-4.1,272
"SQ55294 531",20.1,"3GB","4C",0,"PO","D",12,8.1,245
"SQ81059 051",11.7,"3GB","4C",1,"FH",,9,-3.1,243
"SQ62360 541",13.7,"3GB","4C",0,"HGI","D",3,2.6,281
"SQ79378 521",9.2,"3GB","4C",1,"GA","F",9,-6.2,285
"SQ70078 021",5.2,"3GB","5A",1,"CR",,6,-5.9,284
"SQ54099 011",17.7,"5GG","5A",0,"FH",,12,11.2,209
"SQ67637 011",5.4,"3GB","4C",1,"EG","F",5,-7,2283
"SQ51741 011",16.4,"5GG","4C",0,"HGI","F",11,-0.3,274
"SQ56621 551",8,"3GB","4C",1,"CR",,1,-4.4,140
"SQ59443 531",11.6,"3GB","5A",1,"HR",,2,2.8,276
"SQ72663 521",11.8,"3GB","4C",1,"HR","F",6,1.1,234
"SQ59771 541",19,"3GB","5A",0,"HR","B",2,11.5,293
"SQ72336 011",10.2,"5GG","4C",1,"GI","D",6,1.7,245
"SQ69362 521",17.1,"3GB","4C",0,"GA",,5,12.5,263
"SQ79281 541",4.6,"3GB","4C",1,"CR",,9,-3.4,265
"SQ64065 531",16.7,"5GG","5A",0,"CR",,3,9.8,256
"SQ57582 051",18.6,"5GG","5A",0,"GI","F",1,9.8,288
"SQ57310 031",3,"3GB","4C",1,"GA","D",1,-8.7,277
"SQ74956 511",6.4,"3GB","5A",1,"HR",,7,-0.7,266
"SQ53191 551",15.3,"3GB","5A",0,"CR",,11,5.2,287
"SQ59749 551",15.4,"5GG","4C",0,"HGI","D",2,-1.3,205
"SQ70528 041",12.3,"3GB","4C",0,"GA",,6,2.7,294
"SQ80169 041",15.1,"5GG","5A",0,"HGI","F",9,5.3,258
"SQ51547 511",14.1,"3GB","5A",1,"GI",,11,5.5,240
"SQ80401 531",12.5,"3GB","4C",1,"CR",,9,4.5,245
"SQ65089 011",10.2,"5GG","4C",0,"BP",,4,2.4,250
"SQ81092 051",5.1,"3GB","4C",1,"HR",,9,-2.6,233
"SQ58894 521",8,"5GG","4C",1,"CR",,2,2.6,275
"SQ58187 541",20.8,"5GG","5A",0,"HGI","F",1,6.7,240
"SQ52634 511",11.8,"3GB","4C",1,"EG","F",11,1.8,224
"SQ54214 541",6.2,"3GB","4C",1,"EG","F",12,-3.6,2283
"SQ53079 011",16.4,"5GG","4C",0,"CR",,11,5,225
"SQ70612 541",9.1,"3GB","5A",1,"EG","F",6,-1.6,252
"SQ49232 531",4.3,"3GB","4C",1,"EG","F",10,-4.1,299
"SQ51644 551",20.7,"5GG","4C",0,"HR","F",11,8.9,158
"SQ54005 571",19.3,"5GG","5A",0,"HR","D",12,7.3,109
"SQ64627 521",17.5,"5GG","4C",0,"CR",,4,8.2,2283
"SQ72798 041",17.8,"5GG","5A",0,"CR",,7,6.1,274
"SQ51849 521",14.2,"3GB","4C",1,"FH",,11,6.1,1255
"SQ70153 561",20.8,"5GG","4C",0,"CR",,6,13.9,215
"SQ62693 511",9.6,"3GB","5A",1,"HR",,3,-1,286
"SQ80396 041",16.9,"3GB","4C",1,"HR",,9,8.8,159
"SQ72812 571",3.9,"3GB","5A",1,"CR",,7,-8,165
"SQ51782 041",17.2,"5GG","5A",0,"HR",,11,5.6,224
"SQ52769 041",10.1,"3GB","5A",1,"FH",,11,-2.5,273
"SQ57217 031",3.4,"3GB","4C",1,"GI","D",1,-3.8,250
"SQ51747 511",19,"5GG","4C",0,"CR",,11,3.1,294
"SQ57175 551",4.2,"3GB","5A",1,"HR","D",1,-4.9,291
"SQ54830 531",11.3,"5GG","5A",0,"HGI","D",12,0.1,241
"SQ53143 531",19,"5GG","4C",0,"CR",,11,14.1,296
"SQ70128 521",3.9,"3GB","5A",1,"HR","B",6,-2.1,160
"SQ50442 561",16.4,"3GB","4C",0,"HR",,10,9.6,273
"SQ51471 051",16.3,"5GG","4C",0,"HGI","D",10,7.8,187
"SQ49164 521",14.3,"5GG","5A",0,"CR",,10,5.6,278
"SQ51151 011",6,"5GG","5A",1,"GI","D",10,-6.6,182
"SQ57769 511",16.3,"3GB","4C",0,"HR","D",1,2.7,190
"SQ62249 511",15.4,"5GG","5A",0,"CR",,3,11.1,291
"SQ63967 541",19.2,"3GB","4C",0,"FH","F",3,4.8,236
"SQ69775 051",5.9,"3GB","5A",1,"HR",,5,-7.7,231
"SQ66483 521",9,"3GB","4C",0,"HGI","D",4,-0.4,353
"SQ53238 011",17.1,"3GB","4C",0,"HGI","F",11,8.7,437
"SQ52214 571",3.5,"3GB","4C",0,"PO","G",11,-3.2,615
"SQ73646 521",3.2,"3GB","4C",0,"HR",,7,-3,561
"SQ51724 521",12.3,"3GB","5A",0,"GI",,11,-3.1,458
"SQ71366 511",3.1,"5GG","5A",0,"HR",,6,-5.6,745
"SQ56269 041",13.8,"3GB","5A",0,"HR",,1,4,399
"SQ72384 041",13.3,"5GG","5A",0,"HR","D",6,3.1,483
"SQ63702 031",26.8,"5GG","5A",0,"HR",,3,20.1,354
"SQ73325 021",3.1,"3GB","5A",1,"HR",,7,-3.3,307
"SQ59241 531",7.7,"5GG","4C",0,"CR",,2,-5.1,565
"SQ71153 521",8.6,"3GB","4C",0,"CR",,6,-5.6,369
"SQ62463 551",8.4,"5GG","5A",0,"HGI","F",3,-3.5,417
"SQ52168 041",8.4,"5GG","5A",0,"CR",,11,-3.7,517
"SQ58038 051",5,"3GB","4C",0,"HR","D",1,-6.9,507
"SQ81162 531",4.9,"3GB","5A",0,"HR",,9,-3.4,698
"SQ54709 041",7.7,"5GG","5A",0,"HR",,12,-7.3,549
"SQ75396 521",9,"5GG","5A",0,"HR","D",7,1.5,500
"SQ59552 041",15.2,"3GB","4C",0,"HR","D",2,6.3,567
"SQ67411 511",16.9,"3GB","4C",0,"CR",,5,4.5,356
"SQ78312 021",6.3,"5GG","5A",0,"PosMAC",,8,-6.3,490
"SQ58080 041",14.8,"3GB","4C",0,"FH",,1,5.9,322
"SQ70448 021",16,"5GG","5A",0,"HR","B",6,5.9,387
"SQ51354 541",10.2,"5GG","5A",0,"HGI","F",10,-2.7,388
"SQ73676 511",6.8,"5GG","5A",0,"GI",,7,-4.5,567
"SQ73022 511",20.2,"5GG","5A",0,"HR",,7,9.2,398
"SQ54691 511",18.1,"5GG","4C",0,"GI","F",12,7,312
"SQ54347 041",13.8,"3GB","5A",0,"HR","B",12,-2.3,488
"SQ60701 021",15.7,"5GG","5A",0,"BP",,2,3.3,324
"SQ52427 551",9.2,"3GB","4C",0,"PO","D",11,6.3,509
"SQ68679 531",6.7,"3GB","5A",1,"HR","F",5,-5.4,307
"SQ78259 521",6.7,"5GG","5A",0,"CR",,8,-4.3,463
"SQ66329 541",7.3,"3GB","4C",0,"GI","B",4,-3.8,668
"SQ51208 511",6.8,"5GG","4C",0,"HGI","F",10,-4.8,563
"SQ57739 011",7.4,"3GB","5A",0,"HR",,1,-5.1,476
"SQ58989 051",11.1,"5GG","5A",0,"HGI","F",2,-1.9,415
"SQ70475 011",5.4,"3GB","4C",0,"BP",,6,-4.4,591
"SQ56501 011",5.3,"3GB","5A",0,"HGI","F",1,-1.2,657
"SQ72591 551",6.5,"5GG","5A",0,"HR",,6,-3.1,479
"SQ59804 011",9.7,"5GG","4C",0,"HGI","F",2,-4,584
"SQ60289 041",4.7,"5GG","4C",0,"HR",,2,-1,456
"SQ80185 521",11.1,"3GB","4C",0,"HR",,9,1.9,523
"SQ53741 021",3.6,"5GG","5A",0,"HR","D",12,-9.7,681
"SQ66951 041",2.3,"5GG","5A",0,"GI",,4,-10.8,606
"SQ73395 021",6.8,"3GB","5A",0,"HR",,7,-3.5,492
"SQ57232 041",9.3,"3GB","5A",0,"GI",,1,-4.9,383
"SQ60513 061",7,"3GB","5A",0,"GI",,2,-5,447
"SQ78812 051",11.9,"3GB","5A",0,"HR","D",9,0.9,544
"SQ59749 541",15.4,"3GB","4C",0,"HGI","D",2,-1.3,436
"SQ62215 521",8.9,"5GG","5A",0,"HR","D",3,0.1,571
"SQ62463 011",9,"3GB","5A",0,"PO","D",3,-3,510
"SQ50510 531",11.8,"5GG","5A",0,"HGI","F",10,-3.6,435
"SQ75109 021",7.1,"5GG","5A",0,"CR",,7,-5,457
"SQ58174 551",10.4,"5GG","4C",0,"GI",,1,-2.8,356
"SQ51912 031",13.9,"3GB","5A",0,"GI",,11,2.8,333
"SQ80381 541",20.6,"5GG","5A",0,"HGI","D",9,10.9,314
"SQ67088 061",6.3,"5GG","4C",0,"CR",,4,-4.4,414
"SQ71274 531",9.5,"5GG","5A",0,"HR",,6,2.5,625
"SQ74218 541",4.3,"3GB","5A",0,"CR","B",7,-2.8,710
"SQ60474 561",12.5,"5GG","5A",0,"HGI","D",2,0.9,465
"SQ64809 541",11.2,"5GG","5A",0,"GA",,4,-2.2,476
"SQ51127 531",5,"3GB","5A",0,"HR",,10,-2.2,476
"SQ77566 011",9.7,"5GG","4C",0,"HR",,8,-4,492
"SQ66596 031",12.7,"3F1","5A",0,"HR",,4,-1.2,429
"SQ58313 021",8,"3GB","4C",0,"HR",,1,1,538
"SQ68072 031",4.5,"3GB","5A",0,"PO","F",5,-3.9,604
"SQ61378 511",10.1,"5GG","5A",0,"HR",,2,2.4,571
"SQ58376 531",5.9,"5GG","4C",0,"HGI","D",1,-7.3,610
"SQ73177 021",4.9,"3GB","4C",0,"BP",,7,-4.5,571
"SQ68385 061",10.2,"5GG","5A",0,"HR","F",5,2.5,606
"SQ51442 511",5.3,"5GG","5A",0,"HR",,10,-0.9,573
"SQ72971 051",9.7,"3GB","5A",0,"HR",,7,1.1,465
"SQ60009 021",5.8,"3GB","5A",0,"CR",,2,2,537
"SQ77044 531",10.6,"5GG","5A",0,"HR","D",8,3.1,348
"SQ54093 571",16.6,"5GG","5A",0,"HR",,12,2.6,322
"SQ72011 521",8.8,"5GG","4C",0,"HR",,6,-3.8,422
"SQ73678 031",4.8,"5GG","4C",0,"GI",,7,-6.1,652
"SQ66377 011",9.1,"3GB","4C",0,"FH",,4,0.3,363
"SQ53565 541",8.1,"5GG","5A",0,"HGI","F",11,3.9,487
"SQ50301 011",17.3,"5GG","4C",0,"GA","B",10,12.3,448
"SQ74428 061",4,"3GB","5A",0,"PO","B",7,-1,534
"SQ75874 041",7.9,"3GB","4C",0,"HR","B",8,-3.9,411
"SQ74478 061",9,"5GG","5A",0,"CR","B",7,7.4,446
"SQ79590 021",6.5,"5GG","4C",0,"HGI","D",9,1.4,432
"SQ54446 031",10.4,"5GG","5A",0,"HR","F",12,-1.7,485
"SQ76759 031",10.5,"5GG","5A",0,"CR",,8,0.3,649
"SQ52536 051",13.1,"3GB","4C",0,"HR",,11,1.1,309
"SQ71650 511",16.4,"5GG","5A",0,"HR",,6,4.5,402
"SQ63911 031",17.7,"5GG","5A",0,"HGI","F",3,-0.1,366
"SQ65128 511",9.1,"3GB","5A",0,"CR",,4,-1.7,502
"SQ65544 521",10.7,"3GB","4C",0,"CR",,4,-1.7,367
"SQ49258 041",11.9,"5GG","5A",0,"HR",,10,2.4,516
"SQ80489 011",5.6,"5GG","5A",0,"CR",,9,-5.3,621
"SQ68228 021",6.7,"5GG","5A",0,"HR","B",5,-3.1,542
"SQ70496 041",7,"3GB","4C",1,"CR",,6,2.2,354
"SQ68478 511",13.4,"3GB","5A",0,"CR","B",5,1.8,354
"SQ63187 531",5.6,"3GB","5A",1,"GI","F",3,-5.1,463
"SQ62297 051",10.1,"3GB","5A",0,"PO","D",3,-0.6,485
"SQ54792 021",13.5,"5GG","4C",0,"GI",,12,7,360
"SQ69732 541",7.9,"3GB","4C",0,"GI","B",5,-0.1,469
"SQ73775 031",2.2,"3GB","4C",0,"HGI","D",7,-2.9,633
"SQ76432 061",4.4,"3GB","4C",0,"CR",,8,-3.1,568
"SQ49965 041",9.9,"3GB","5A",0,"HR",,10,-1.3,377
"SQ67260 511",6.3,"5GG","5A",0,"HR",,5,0.3,570
"SQ52042 531",7.4,"5GG","5A",0,"GI","B",11,-2.2,491
"SQ80867 041",14,"3GB","4C",0,"HGI","D",9,-1.5,438
"SQ71871 511",4.9,"3GB","4C",0,"BP",,6,-3.9,529
"SQ56957 021",10,"5GG","5A",0,"CR","B",1,-0.3,487
"SQ70268 031",10.8,"5GG","5A",0,"PO","B",6,0.9,596
"SQ74147 021",5,"3GB","5A",0,"BP",,7,-5.3,509
"SQ76415 521",4.5,"5GG","5A",0,"HR",,8,-3.1,612
"SQ64305 021",13.3,"3GB","4C",0,"HGI","F",3,3.9,431
"SQ67185 061",8.2,"5GG","5A",0,"CR",,4,-2.4,455
"SQ71877 551",13.5,"3GB","4C",0,"HR","F",6,-5.6,410
"SQ70616 041",7.4,"5GG","5A",0,"PO","G",6,-2.8,630
"SQ73516 051",7.5,"3GB","5A",0,"PO","B",7,-4.1,647
"SQ62314 531",12.8,"5GG","4C",0,"PO","B",3,3.4,451
"SQ58506 061",12.3,"5GG","5A",0,"GA",,1,1.2,378
"SQ60447 011",13.2,"5GG","5A",0,"PO","B",2,1.8,310
"SQ50603 521",6,"5GG","5A",0,"HGI","D",10,-3.4,614
"SQ52295 041",14.3,"5GG","5A",0,"HR","D",11,2.3,377
"SQ63234 511",6.2,"5GG","4C",0,"HR","F",3,-6.2,499
"SQ56920 551",6.7,"3GB","5A",0,"PO","B",1,-1.4,527
"SQ63641 051",7.1,"3GB","5A",0,"HR",,3,0.2,452
"SQ53683 551",8.1,"5GG","5A",0,"PO","B",12,3.4,350
"SQ77659 041",9.9,"3GB","4C",1,"HR",,8,0.8,334
"SQ73277 021",5.5,"5GG","5A",0,"HR","D",7,-3.5,664
"SQ57098 041",6.6,"5GG","5A",0,"HGI","F",1,-3.5,579
"SQ81124 531",3.2,"3GB","5A",1,"GI","F",9,-3.6,398
"SQ70950 551",14.2,"3GB","4C",0,"HR",,6,-4.1,453
"SQ70768 521",13.8,"3GB","4C",0,"HR",,6,1.6,380
"SQ79378 041",7.8,"3GB","4C",1,"GA","F",9,-7.8,335
"SQ75802 551",6.7,"5GG","4C",0,"HGI","F",8,-3.5,484
"SQ74085 021",15.4,"3GB","5A",0,"HGI","D",7,8.7,418
"SQ68992 541",13.3,"5GG","4C",0,"BP",,5,9.7,328
"SQ50747 561",13.3,"5GG","5A",0,"HR","D",10,1.6,450
"SQ57764 511",8.5,"3GB","5A",0,"HR","F",1,-6.4,396
"SQ75801 061",5.6,"3GB","4C",0,"CR","F",8,-3.1,555
"SQ66648 511",12.1,"5GG","5A",0,"HR","D",4,3.8,541
"SQ76440 531",4.2,"5GG","5A",0,"BP",,8,-4.5,557
"SQ73326 021",5.8,"3GB","5A",0,"HR",,7,-3.9,478
"SQ55396 551",11.4,"3GB","4C",0,"HR",,12,4.4,426
"SQ74156 551",8.4,"5GG","4C",0,"HR",,7,-3.5,437
"SQ66364 531",6.2,"3GB","5A",1,"HR",,4,-2.9,318
"SQ76840 541",10.1,"3GB","5A",0,"BP",,8,1.5,469
"SQ53666 541",6.4,"5GG","5A",0,"HR",,12,-0.6,522
"SQ53007 551",2,"3GB","5A",1,"GA",,11,-8.2,387
"SQ63662 011",9,"5GG","5A",0,"HGI","F",3,0,488
"SQ59490 531",12.7,"5GG","5A",0,"GI",,2,1.4,381
"SQ60274 011",6.8,"3GB","4C",0,"GI","B",2,-0.4,456
"SQ51417 071",8.3,"5GG","5A",0,"PO","D",10,0.1,417
"SQ76479 041",12.1,"5GG","5A",0,"HGI","F",8,3.2,594
"SQ77679 541",9,"3GB","5A",0,"HGI","F",8,0.8,468
"SQ75185 541",7,"3GB","5A",0,"CR","B",7,-5.1,575
"SQ67153 011",24.6,"3GB","5A",0,"PO","B",5,11.2,348
"SQ74807 061",14.9,"3GB","5A",0,"GI",,7,7.2,317
"SQ55267 521",12.8,"3GB","5A",0,"HR",,12,6.9,410
"SQ78652 051",6.7,"3F1","5A",0,"HGI","F",9,-5.4,472
"SQ56993 031",8.3,"5GG","4C",0,"HR",,1,-6.5,557
"SQ57808 551",16.1,"5GG","4C",0,"HGI","D",1,5.5,449
"SQ52083 561",9.7,"3GB","4C",0,"CR",,11,2.2,450
"SQ53673 541",4.4,"3GB","4C",0,"HR",,12,0.1,679
"SQ81154 541",5,"5GG","5A",0,"HR",,9,-3.2,671
"SQ54830 021",18.2,"5GG","5A",0,"HR",,12,6.6,394
"SQ78243 521",5.6,"3GB","5A",0,"CR",,8,-2.8,620
"SQ53645 031",6,"5GG","5A",0,"CR",,12,2.1,446
"SQ58455 531",4.1,"3GB","5A",0,"GI","B",1,-3.1,668
"SQ72384 521",13.5,"5GG","5A",0,"HR","D",6,3.2,585
"SQ52731 541",6.8,"5GG","5A",0,"GI","D",11,1.9,517
"SQ79299 031",6.3,"3GB","5A",0,"HR",,9,-3.2,602
"SQ69281 531",6.7,"5GG","5A",0,"HR","D",5,-5.4,521
"SQ67701 551",12,"3GB","5A",0,"HR",,5,-1.8,391
"SQ51088 051",12.7,"5GG","4C",0,"HGI","F",10,6.3,521
"SQ63624 511",7,"5GG","5A",0,"HR","D",3,-1.8,623
"SQ73256 541",13.6,"5GG","5A",0,"HR",,7,6.2,444
"SQ50727 031",10.9,"3GB","5A",0,"HR","F",10,0,527
"SQ67709 531",8.6,"5GG","5A",0,"HR",,5,-3.3,525
"SQ55636 521",4.2,"5GG","5A",0,"PO","G",12,-5.2,624
"SQ80568 551",17.2,"3GB","5A",0,"GI",,9,10.3,497
"SQ77726 031",5.9,"3GB","5A",0,"CR",,8,-2.3,668
"SQ55957 011",13.5,"5GG","5A",0,"CR",,12,5.7,599
"SQ60410 561",9,"5GG","5A",0,"PO","B",2,1.2,325
"SQ60919 031",14.7,"5GG","5A",0,"HGI","D",2,5,491
"SQ71308 011",7.7,"5GG","5A",0,"HR","B",6,-3.5,483
"SQ68374 051",6,"3GB","4C",0,"HR",,5,-2.3,636
"SQ52331 521",4.4,"3GB","5A",0,"PO","G",11,-4,632
"SQ50763 051",12.7,"5GG","5A",0,"HR","F",10,4.6,469
"SQ68342 021",12.3,"3GB","4C",0,"CR",,5,5.6,315
"SQ71662 041",10.5,"5GG","5A",0,"HR",,6,1.3,551
"SQ52500 511",11.7,"5GG","5A",0,"HR","D",11,4.3,480
"SQ67403 011",10.9,"5GG","4C",0,"CR",,5,-0.2,484
"SQ53020 511",14,"5GG","4C",0,"HGI","D",11,0.5,446
"SQ79444 021",13.7,"5GG","5A",0,"HGI","D",9,3.2,444
"SQ78408 541",5.1,"5GG","5A",0,"HR",,9,-9.5,642
"SQ67231 531",10,"3GB","5A",0,"HR",,5,-6.6,552
"SQ69605 531",12.2,"5GG","5A",0,"HR","D",5,4.6,516
"SQ52152 061",4.9,"5GG","5A",0,"HR",,11,-3.5,637
"SQ54395 041",11,"3GB","5A",0,"HGI","F",12,-0.3,500
"SQ53267 541",6.4,"5GG","4C",0,"HGI","F",11,-1.7,495
"SQ77252 551",10.6,"5GG","5A",0,"GI",,8,-0.4,392
"SQ78281 541",12.2,"3GB","5A",0,"HR",,8,0.5,470
"SQ67910 561",7.7,"3GB","4C",0,"PO","B",5,2.1,436
"SQ69233 511",8.5,"5GG","5A",0,"HR",,5,-5.1,650
"SQ58918 041",15.7,"5GG","5A",0,"GI",,2,9.2,361
"SQ60391 521",15.3,"5GG","4C",0,"HR",,2,5.9,319
"SQ50154 051",7.1,"5GG","4C",0,"HR","B",10,0.1,442
"SQ68246 541",12.9,"3GB","4C",0,"HR","F",5,3.8,460
"SQ66658 041",6.6,"3GB","5A",0,"GI","B",4,0.4,465
"SQ79313 031",6.8,"5GG","5A",0,"BP",,9,-5.4,549
"SQ54172 071",7.1,"3GB","5A",0,"HGI","F",12,-4.9,601
"SQ77240 561",4.9,"3GB","5A",0,"GI","B",8,-2.8,590
"SQ73187 571",5.2,"5GG","4C",0,"BP",,7,-7,652
"SQ52170 021",6.8,"3GB","5A",0,"CR",,11,-4.1,627
"SQ77812 061",14.2,"3GB","5A",0,"HR","D",8,3.2,402
"SQ64971 561",8.4,"5GG","5A",0,"CR",,4,-0.6,544
"SQ52218 511",41.5,"5GG","5A",1,"CR",,11,30.1,305
"SQ70676 031",3.2,"3GB","5A",0,"GI","B",6,-4.2,647
"SQ73113 041",2.9,"5GG","5A",0,"HR","B",7,-1.3,725
"SQ50114 541",9,"5GG","4C",0,"CR",,10,-1,524
"SQ57822 021",10.6,"3GB","4C",0,"CR",,1,1.5,544
"SQ60522 511",4.3,"3GB","4C",0,"HGI","D",2,-6.7,590
"SQ58776 521",8.3,"3GB","4C",0,"HR",,1,2,431
"SQ68767 031",14.6,"5GG","5A",0,"CR",,5,5.9,504
"SQ63081 531",4.9,"3GB","5A",0,"HR","D",3,-5.9,590
"SQ49688 551",12.4,"5GG","4C",0,"HR","B",10,-2.9,423
"SQ56498 041",16.7,"3GB","5A",0,"HR",,1,6,415
"SQ75748 061",7.5,"5GG","5A",0,"HR",,8,2,579
"SQ70904 551",12.2,"5GG","5A",0,"HR",,6,3.5,369
"SQ50975 031",9.1,"5GG","5A",0,"HGI","F",10,-4.7,381
"SQ72495 511",6.6,"5GG","5A",0,"HR","D",6,-7.5,735
"SQ70454 511",9.2,"5GG","5A",0,"HR","D",6,-0.7,456
"SQ59305 051",18.9,"3GB","5A",0,"HGI","F",2,1.5,417
"SQ58174 511",10.9,"5GG","4C",0,"HR",,1,-2.3,319
"SQ76608 521",10.9,"5GG","5A",0,"GI","B",8,2.5,339
"SQ77285 511",5.5,"5GG","5A",0,"BP",,8,-7.5,564
"SQ53203 541",9,"5GG","4C",0,"PO","G",11,-1.4,438
"SQ50859 531",8.7,"3GB","4C",0,"HGI","F",10,-0.4,563
"SQ63733 011",13.1,"5GG","5A",0,"HGI","D",3,4.7,456
"SQ81097 041",14.4,"5GG","5A",0,"FH",,9,9.5,418
"SQ71320 551",6.7,"5GG","5A",0,"GI",,6,-6.3,596
"SQ62239 531",14.2,"5GG","5A",0,"HR","D",3,3.1,488
"SQ50416 061",16.1,"3GB","5A",0,"HR","B",10,0.6,365
"SQ73855 561",9.2,"3GB","4C",0,"PO","B",7,-1.9,453
"SQ79817 521",9,"3GB","5A",0,"HGI","F",9,-4.9,475
"SQ53521 541",8.4,"5GG","5A",0,"GI","B",11,-1.2,497
"SQ57631 011",8.1,"3GB","4C",0,"GI",,1,4,612
"SQ65497 061",6,"3GB","4C",0,"HR",,4,-4,681
"SQ73920 031",1.6,"3GB","5A",0,"HR",,7,-4.4,825
"SQ75746 561",2.7,"5GG","5A",0,"HR",,8,-2.2,790
"SQ49416 021",10.9,"5GG","5A",0,"HR",,10,0.2,628
"SQ75962 541",10.8,"3GB","4C",0,"HR","D",8,2.4,393
"SQ51152 531",17.9,"5GG","4C",0,"GI",,10,2.3,410
"SQ68873 561",9.6,"5GG","5A",0,"PO","D",5,1.8,546
"SQ52393 561",11.4,"5GG","4C",0,"HR",,11,4.9,575
"SQ51941 031",10.5,"5GG","4C",0,"CR","B",11,-2.2,365
"SQ54604 531",11.2,"5GG","5A",0,"HR","D",12,2.7,481
"SQ67226 521",11,"5GG","5A",0,"HR",,5,-5.2,507
"SQ77282 071",3.1,"5GG","5A",0,"BP",,8,-7.4,682
"SQ54085 521",15.6,"5GG","4C",0,"GI","D",12,5.2,362
"SQ80792 061",13.4,"5GG","4C",0,"HR","G",9,3,337
"SQ62206 051",8.4,"3GB","4C",0,"BP",,3,-3.3,458
"SQ74077 551",3.7,"5GG","5A",0,"HR","D",7,-0.5,561
"SQ65842 061",6.7,"3GB","5A",0,"CR",,4,-2.2,551
"SQ74072 041",5,"3GB","5A",0,"HR","D",7,1.2,628
"SQ59436 071",5.5,"3GB","5A",1,"HR",,2,0.7,556
"SQ78953 511",12.3,"5GG","4C",0,"CR",,9,1,434
"SQ61242 041",8.1,"3GB","4C",0,"HR","F",2,-7,531
"SQ70529 511",5.4,"5GG","4C",0,"PO","D",6,-1.1,581
"SQ74197 051",1.9,"3GB","5A",0,"CR",,7,-8.1,727
"SQ66350 041",4.7,"3GB","5A",0,"FH","B",4,-8,671
"SQ51917 541",7.5,"5GG","5A",0,"GI",,11,-5.9,405
"SQ76277 521",12.3,"5GG","5A",0,"HR",,8,-0.1,370
"SQ73937 531",6.4,"3GB","5A",0,"GI",,7,-1.2,488
"SQ63100 541",10.7,"5GG","5A",0,"BP",,3,-1.9,410
"SQ66177 511",2,"3GB","4C",0,"HR",,4,-2.7,699
"SQ58759 011",5.5,"5GG","5A",0,"PO","D",1,-2.3,489
"SQ73775 061",1.2,"3GB","4C",0,"HGI","F",7,-3.3,695
"SQ73626 051",9,"5GG","5A",0,"CR",,7,1.4,510
"SQ65971 021",5.4,"3GB","5A",0,"CR",,4,-2.2,679
"SQ75812 511",0.6,"3GB","5A",1,"GI","D",8,-6,484
"SQ57299 551",9.6,"5GG","5A",0,"HGI","B",1,3.1,361
"SQ58884 051",18.4,"5GG","5A",0,"PO","B",2,12.9,303
"SQ50352 531",12.2,"5GG","5A",0,"HGI","B",10,-5.4,383
"SQ53519 021",9.2,"5GG","5A",0,"GI","B",11,-0.7,593
"SQ63429 531",4.3,"5GG","5A",0,"BP",,3,-6.3,498
"SQ75255 041",3.6,"3GB","5A",0,"CR",,7,-3.2,727
"SQ52669 551",6.7,"3GB","4C",1,"CR",,11,-6.6,408
"SQ79246 511",12.4,"5GG","5A",0,"HR","D",9,5.3,394
"SQ61595 511",10.9,"3GB","4C",0,"FH",,3,-3.7,382
"SQ53456 541",16.5,"3GB","5A",0,"CR",,11,-1.9,369
"SQ75740 561",3.6,"3GB","5A",0,"HR",,8,-0.4,768
"SQ72443 531",3.9,"3GB","5A",0,"CR",,6,-4.3,557
"SQ52305 011",5.7,"3GB","5A",0,"CR","B",11,-4.3,674
"SQ57048 551",12.1,"3GB","4C",0,"HR","F",1,2,456
"SQ76835 521",9,"3GB","4C",0,"CR","F",8,-0.2,618
"SQ70675 041",9,"5GG","5A",0,"FH",,6,0.2,597
"SQ51171 041",6.7,"5GG","4C",0,"HR",,10,-2.6,403
"SQ58239 051",10.1,"3GB","5A",0,"HR","B",1,-3.4,408
"SQ49382 031",9.5,"5GG","4C",0,"CR",,10,-4.5,503
"SQ53651 031",6.4,"5GG","5A",0,"HGI","F",12,1.2,603
"SQ79258 041",11,"3GB","5A",0,"HR","D",9,3.6,573
"SQ50976 541",8.9,"5GG","5A",0,"HGI","F",10,0,380
"SQ73332 081",5.5,"3GB","5A",0,"CR",,7,-2.8,510
"SQ80046 011",16.3,"5GG","5A",0,"HR",,9,3.6,384
"SQ72023 051",15.5,"5GG","4C",0,"HR","D",6,6.3,354
"SQ55964 561",6.6,"3GB","4C",0,"HR",,12,-1.5,516
"SQ49677 551",9.2,"5GG","5A",0,"CR",,10,-1.8,474
"SQ54075 021",10.3,"5GG","4C",0,"GI",,12,-1.7,317
"SQ68606 541",7,"3GB","4C",0,"CR",,5,-3.9,445
"SQ71713 031",7.7,"5GG","5A",0,"HR","D",6,-1.8,587
"SQ52216 541",5.7,"3GB","4C",0,"PO","G",11,-3.8,517
"SQ58982 521",10.7,"5GG","5A",0,"GI",,2,-0.7,403
"SQ78781 511",7.4,"3GB","5A",0,"HGI","F",9,-3.2,533
"SQ68645 051",29,"5GG","4C",0,"PO","G",5,21,307
"SQ72643 511",6.9,"5GG","5A",0,"HR",,6,-6.9,649
"SQ63562 561",4.4,"3GB","4C",0,"FH",,3,-4.2,715
"SQ58058 051",10.4,"3GB","4C",0,"HR","D",1,5,560
"SQ69068 511",18.8,"5GG","5A",0,"HR","D",5,4.1,407
"SQ54698 561",8.9,"5GG","5A",0,"HR",,12,-5.3,657
"SQ75011 011",2.9,"5GG","5A",0,"PO","D",7,-3.2,690
"SQ50491 031",10.5,"3GB","5A",0,"HR",,10,-5.1,537
"SQ74185 511",7.4,"5GG","5A",0,"HR",,7,-3.6,424
"SQ78925 551",13.4,"5GG","5A",0,"HGI","F",9,1.8,609
"SQ62487 011",15.8,"5GG","5A",0,"HR","D",3,2.5,428
"SQ50828 041",14,"5GG","5A",0,"HGI","D",10,-0.1,380
"SQ66702 561",2.3,"3GB","5A",0,"HR",,4,-3.2,686
"SQ51555 541",10.7,"3GB","5A",0,"HGI","D",11,-3.9,421
"SQ74200 011",4.4,"3GB","5A",0,"CR",,7,-4.8,699
"SQ60408 051",8.2,"5GG","5A",0,"HR",,2,0.5,416
"SQ74859 011",4.2,"5GG","5A",0,"HR",,7,-0.1,589
"SQ80486 521",3.8,"5GG","4C",0,"PO","B",9,-6.4,578
"SQ79358 531",8,"5GG","4C",0,"HR",,9,-1.8,590
"SQ69732 021",4.7,"3GB","4C",0,"GI","B",5,-0.2,662
"SQ59411 031",6.9,"3GB","5A",0,"HR",,2,2.4,438
"SQ67989 071",3.7,"5GG","5A",0,"HR",,5,-4.4,789
"SQ69290 531",5.9,"3GB","5A",0,"HR","F",5,-7.6,693
"SQ59193 521",9.6,"5GG","4C",0,"HGI","F",2,-6.1,383
"SQ58176 541",7.6,"5GG","4C",0,"HR",,1,-9.9,536
"SQ70363 021",4.6,"3GB","5A",1,"CR",,6,-6,327
"SQ78778 051",8.1,"5GG","5A",0,"HGI","F",9,-2.4,464
"SQ65011 041",2.7,"3GB","4C",0,"GI",,4,-11.4,647
"SQ50724 011",10.5,"5GG","5A",0,"HR","D",10,1.3,515
"SQ65797 511",7.7,"5GG","5A",0,"HR",,4,-4.6,381
"SQ75587 071",5.3,"3GB","5A",0,"HR",,8,-5.9,583
"SQ51282 561",14,"3GB","5A",0,"CR",,10,3.9,319
"SQ50531 011",4.9,"3GB","5A",0,"HR","F",10,-11.5,647
"SQ52534 541",8,"3GB","4C",0,"HR",,11,0.8,630
"SQ63320 041",11.5,"5GG","4C",0,"CR",,3,-0.6,329
"SQ51915 071",8.6,"5GG","4C",0,"PO","F",11,0,547
"SQ73673 051",6.5,"3GB","5A",0,"CR",,7,-4.4,569
"SQ49335 541",8.3,"3GB","5A",0,"HR",,10,-3.8,584
"SQ64670 041",9.6,"5GG","4C",0,"BP",,4,-2.1,371
"SQ67804 021",11.6,"5GG","5A",0,"HR","F",5,-3.2,429
"SQ78595 541",4.7,"3GB","4C",0,"CR",,9,-5.2,702
"SQ66353 531",14.8,"5GG","4C",0,"CR",,4,4.9,333
"SQ78578 061",4.3,"3GB","5A",0,"CR",,9,-0.8,729
"SQ59433 531",3.2,"3GB","5A",1,"HR",,2,-0.1,505
"SQ49753 521",7.1,"5GG","4C",0,"FH","B",10,-4.7,586
"SQ58618 511",11.6,"3GB","4C",0,"PO","F",1,0.7,409
"SQ73472 521",6.2,"5GG","5A",0,"CR",,7,-4.3,521
"SQ61703 011",11.2,"3GB","4C",0,"HGI","F",3,2.2,458
"SQ74474 561",4.5,"3GB","4C",0,"HR","D",7,0.9,531
"SQ70517 031",8.4,"3GB","4C",0,"CR",,6,3.6,563
"SQ74469 551",3.6,"3GB","4C",0,"HR","D",7,-3.4,651
"SQ76019 511",2.8,"3GB","4C",0,"BP",,8,-5.7,631
"SQ62318 021",13.1,"5GG","4C",0,"PO","B",3,2.3,368
"SQ61518 531",10.8,"5GG","5A",0,"HR",,2,-0.3,652
"SQ65944 531",7.7,"5GG","5A",0,"CR",,4,-0.9,570
"SQ51639 031",12.8,"5GG","5A",0,"GI","D",11,3,439
"SQ49799 541",16.6,"3GB","4C",0,"HR","B",10,6.1,363
"SQ54731 531",10.1,"3GB","5A",0,"HR","D",12,-2.8,572
"SQ62214 551",8.6,"5GG","5A",0,"HR","D",3,-5.2,542
"SQ77936 551",8,"5GG","5A",0,"HR","D",8,2.1,626
"SQ65150 541",17.1,"3GB","5A",0,"PO","G",4,6.6,428
"SQ62291 551",13.3,"3GB","4C",0,"GI",,3,1,308
"SQ71290 551",7.9,"5GG","5A",0,"GI",,6,-1.2,634
"SQ80029 041",3.2,"3GB","5A",0,"PO","F",9,-2.5,659
"SQ67403 051",10.4,"5GG","4C",0,"CR",,5,-0.7,445
"SQ61061 031",2.9,"3GB","5A",1,"EG","F",2,-2.4,380
"SQ52007 531",6.6,"5GG","5A",0,"HR",,11,0.9,637
"SQ77237 531",5.9,"5GG","5A",0,"GI","B",8,-1.8,625
"SQ79624 011",6.9,"5GG","4C",0,"GI","B",9,-6.1,577
"SQ68732 041",14.9,"3GB","4C",0,"HR","F",5,5.2,425
"SQ55827 511",4.7,"5GG","5A",0,"PO","B",12,0.1,612
"SQ73501 031",9.9,"5GG","5A",0,"PO","D",7,0,471
"SQ66100 021",4.4,"3GB","4C",0,"PO","D",4,-1.7,612
"SQ67059 551",6.1,"5GG","5A",0,"HR",,4,-5.4,709
"SQ50301 521",17.9,"5GG","4C",0,"HR","B",10,12.3,341
"SQ49691 511",11.4,"5GG","4C",0,"HR","B",10,-3.8,420
"SQ74230 021",6.4,"5GG","5A",0,"HR","G",7,1.6,374
"SQ50275 521",5.7,"5GG","5A",0,"HGI","D",10,-2.2,679
"SQ76051 561",4,"3GB","5A",1,"FH",,8,-1.5,336
"SQ76045 011",6.8,"3GB","4C",1,"HR",,8,3.3,345
"SQ78983 521",6,"5GG","4C",0,"CR",,9,-7.5,669
"SQ52466 031",5.6,"3GB","4C",0,"PO","B",11,-5.5,560
"SQ51589 581",17.6,"3GB","4C",0,"PO","B",11,10.9,312
"SQ49918 531",6.9,"3GB","5A",0,"HGI","D",10,-0.3,593
"SQ70862 531",6.3,"5GG","5A",0,"CR",,6,-0.2,615
"SQ60144 041",11,"5GG","5A",0,"CR",,2,2.5,474
"SQ63644 541",7.2,"5GG","5A",0,"HR","D",3,-0.3,638
"SQ73193 511",8.1,"3GB","5A",0,"HR","D",7,-2.3,520
"SQ65579 021",11.7,"5GG","5A",0,"HGI","F",4,-1.1,488
"SQ50558 021",9.7,"3GB","5A",0,"HR",,10,0.7,421
"SQ59558 521",15.4,"5GG","4C",0,"HR","D",2,5,428
"SQ52864 571",8.5,"5GG","4C",0,"HGI","F",11,-1,433
"SQ62951 531",14.7,"5GG","4C",0,"CR","B",3,0.6,581
"SQ59428 031",2.7,"5GG","5A",1,"HR",,2,0,631
"SQ66882 021",18.7,"3GB","5A",0,"HR","D",4,7.4,495
"SQ52873 551",14.9,"5GG","4C",0,"HR","B",11,3.2,432
"SQ58736 531",5.9,"5GG","5A",0,"GI",,1,-5,407
"SQ57785 511",10.9,"5GG","5A",0,"HR","B",1,-3.3,485
"SQ62351 551",5.1,"5GG","5A",0,"GA","B",3,-5.8,559
"SQ63566 061",1.7,"5GG","4C",0,"CR",,3,-5.4,774
"SQ72882 511",9.4,"5GG","5A",0,"CR",,7,2.5,515
"SQ53597 541",8.4,"3GB","5A",0,"HR",,11,-1.8,529
"SQ77807 061",15,"5GG","5A",0,"HR",,8,4,414
"SQ78619 541",2.2,"5GG","5A",0,"HR","D",9,-6.4,682
"SQ58111 521",13.7,"3GB","4C",0,"CR",,1,-1.3,418
"SQ75395 081",3.5,"3GB","4C",0,"BP",,7,-7.4,713
"SQ65089 061",9.8,"3GB","4C",0,"BP",,4,2,369
"SQ57245 541",1.5,"3GB","4C",1,"GI",,1,-7.7,437
"SQ68701 531",20.5,"5GG","5A",0,"HR",,5,6.9,339
"SQ70397 511",7.1,"5GG","5A",0,"CR","B",6,-0.1,501
"SQ63035 531",5.7,"5GG","5A",0,"HGI","F",3,-2.2,678
"SQ55038 011",2.6,"3GB","5A",0,"CR",,12,-10.9,554
"SQ61630 051",5.7,"5GG","4C",0,"PO","F",3,-0.5,598
"SQ64722 561",13.1,"5GG","5A",0,"PO","B",4,-1.8,515
"SQ49623 551",18.7,"5GG","5A",0,"HR","D",10,5,412
"SQ77812 531",14.6,"5GG","5A",0,"HR",,8,3.7,414
"SQ49826 031",7.3,"5GG","5A",0,"GI",,10,-0.5,460
"SQ61439 551",14.9,"5GG","5A",0,"HR",,2,-0.5,490
"SQ54819 041",12.2,"3GB","5A",0,"HGI","D",12,0.1,347
"SQ74557 041",2,"3GB","5A",0,"PO","D",7,-5,747
"SQ49403 541",15.1,"5GG","4C",0,"GI","D",10,3,338
"SQ68740 541",14.5,"3GB","5A",0,"BP",,5,3.7,307
"SQ49450 561",13.5,"5GG","5A",0,"HR",,10,4.4,518
"SQ75986 021",1.9,"3GB","5A",1,"HR",,8,-5.9,383
"SQ69467 551",12.9,"5GG","5A",0,"HR",,5,6.5,378
"SQ53646 531",7.3,"5GG","5A",0,"HGI","F",12,1.7,582
"SQ68114 021",14,"3GB","4C",0,"HR","B",5,5.8,463
"SQ66071 051",8.2,"5GG","5A",0,"GI",,4,-3.2,585
"SQ70349 031",6.2,"5GG","5A",0,"HR","B",6,-2.7,653
"SQ59202 541",13.9,"5GG","5A",0,"CR",,2,1.9,342
"SQ51469 061",16.4,"5GG","4C",0,"HGI","F",10,8.5,344
"SQ68701 031",20.2,"5GG","5A",0,"HR",,5,6.6,341
"SQ51231 021",10.7,"5GG","4C",0,"HR",,10,2.8,355
"SQ51136 521",4.8,"5GG","4C",0,"CR",,10,-0.9,654
"SQ59000 521",9,"5GG","5A",0,"HGI","F",2,-3.8,414
"SQ58576 541",8.5,"3GB","5A",1,"HR","D",1,-0.9,394
"SQ52422 521",10.5,"3GB","4C",0,"HR","D",11,8.2,586
"SQ55634 061",3.6,"5GG","5A",0,"PO","G",12,-4.9,683
"SQ54168 521",35.3,"5GG","4C",0,"GI","D",12,26.3,312
"SQ53848 031",12.1,"2GB","5A",0,"HR","D",12,-3.2,331
"SQ68761 011",11.4,"3GB","5A",0,"CR",,5,-0.7,605
"SQ75076 061",5.3,"3GB","4C",0,"HGI","F",7,-1.1,699
"SQ79299 541",6.4,"5GG","5A",0,"HR",,9,-3.1,437
"SQ54124 541",14.2,"5GG","5A",0,"HR","B",12,3.9,508
"SQ62602 011",9.5,"5GG","5A",0,"GA","D",3,0.1,543
"SQ58572 521",8.7,"3GB","5A",1,"HR","D",1,-0.9,363
"SQ50510 031",11.6,"5GG","5A",0,"HGI","F",10,-3.8,553
"SQ81051 561",11.2,"5GG","5A",0,"HR",,9,2.4,445
"SQ72399 051",5.5,"3GB","4C",0,"CR",,6,-3.6,426
"SQ67231 031",7.8,"3GB","5A",0,"HR","D",5,-7.2,600
"SQ63708 541",14.6,"5GG","5A",0,"HR",,3,6.2,407
"SQ56529 521",7.1,"3GB","4C",0,"HR",,1,-1.5,540
"SQ77175 041",8.2,"3GB","4C",0,"GA",,8,0.3,372
"SQ81044 031",6,"3GB","5A",1,"HR","F",9,-5.3,351
"SQ67935 021",1.5,"3GB","4C",0,"HR",,5,-3.3,713
"SQ57157 041",4.1,"3GB","4C",0,"HR",,1,-4.1,521
"SQ58766 051",6.6,"5GG","4C",0,"HR",,1,0,675
"SQ66177 051",1.5,"3GB","4C",0,"HR",,4,-3.2,834
"SQ63808 071",3.5,"5GG","4C",0,"HGI","D",3,-9.8,599
"SQ74502 031",2.4,"3GB","5A",0,"CR",,7,-5.4,747
"SQ61190 021",7.5,"3GB","5A",0,"HGI","D",2,-3.7,629
"SQ64728 031",12.8,"5GG","5A",0,"PO","B",4,-1,427
"SQ72675 031",7.2,"3GB","5A",0,"GI","B",6,-2.5,630
"SQ49513 061",10.5,"5GG","4C",0,"HR",,10,3.1,406
"SQ67600 521",6,"5GG","5A",0,"PO","B",5,-6,499
"SQ51259 541",11.8,"5GG","4C",0,"HR","B",10,1,532
"SQ55738 041",3,"5GG","5A",0,"HR",,12,-11.7,729
"SQ51127 011",4.8,"3GB","5A",0,"HR",,10,-2.3,493
"SQ51636 521",17.6,"5GG","5A",0,"GI","B",11,4.7,373
"SQ56818 531",7.7,"3GB","4C",0,"CR",,1,-3.9,534
"SQ68718 011",6.6,"5GG","5A",0,"HR",,5,-6.5,454
"SQ74947 021",4.5,"3GB","4C",0,"HR",,7,-2.9,704
"SQ80586 021",8.4,"5GG","5A",0,"FH",,9,-2.7,472
"SQ58633 541",9.5,"5GG","5A",0,"HR","D",1,-3.1,531
"SQ73720 521",6.1,"5GG","4C",0,"HGI","F",7,1.5,693
"SQ81062 521",16,"3GB","4C",1,"FH",,9,1.2,332
"SQ72622 041",8.8,"5GG","5A",0,"CR",,6,-2.3,481
"SQ76548 541",19.7,"5GG","4C",0,"EG","F",8,11.5,358
"SQ70897 561",5.7,"3GB","4C",0,"CR",,6,-4.6,605
"SQ77371 521",4.3,"3GB","4C",0,"CR",,8,-2.8,541
"SQ59000 021",8.7,"5GG","5A",0,"HGI","F",2,-3.7,410
"SQ59619 521",10.1,"3GB","5A",1,"HR",,2,-2.4,300
"SQ51380 511",13.9,"3GB","5A",1,"EG","F",10,7.2,302
"SQ67973 531",5,"3GB","4C",0,"GA","B",5,-0.3,638
"SQ72157 511",4.5,"3GB","5A",0,"HR",,6,-6.6,579
"SQ64309 051",10.3,"5GG","4C",0,"HGI","D",3,1.9,418
"SQ57141 041",6.9,"3GB","5A",0,"BP",,1,-2,558
"SQ51598 041",12.1,"5GG","5A",0,"HR",,11,7.2,471
"SQ57375 041",17.8,"3GB","4C",0,"HR","D",1,4.7,328
"SQ55255 531",6.1,"3GB","5A",0,"HGI","F",12,-5.6,652
"SQ53734 011",10.6,"5GG","4C",0,"HR",,12,1.6,560
"SQ71580 551",8,"5GG","5A",0,"HR","B",6,-3.9,536
"SQ76083 521",3.2,"3GB","5A",0,"CR",,8,-4.6,555
"SQ65018 551",2.6,"5GG","5A",0,"BP",,4,-3.2,782
"SQ74643 561",3.7,"3GB","5A",0,"PO","D",7,-3,670
"SQ58446 531",7.6,"3GB","4C",0,"CR",,1,-0.7,524
"SQ59244 521",5.4,"5GG","4C",0,"GI","F",2,-7.6,328
"SQ71370 021",15.9,"5GG","5A",0,"HR",,6,5.5,391
"SQ56133 541",2.5,"3GB","5A",0,"HR",,12,-1.2,583
"SQ56439 531",6.7,"5GG","4C",0,"HR","D",1,0.6,600
"SQ70764 561",3.8,"3GB","4C",0,"HR","D",6,0.2,594
"SQ58726 011",13.5,"5GG","4C",0,"HR",,1,5.9,450
"SQ50301 021",17.3,"5GG","4C",0,"GA","B",10,12.2,390
"SQ60364 011",13.4,"3GB","4C",0,"CR",,2,1.1,438
"SQ52010 541",14.1,"5GG","5A",0,"HR",,11,0,439
"SQ77847 541",59.3,"5GG","4C",0,"GI",,8,51.8,357
"SQ79522 061",11.7,"5GG","5A",0,"HR","D",9,-2.1,429
"SQ69068 021",18.8,"5GG","5A",0,"HR","D",5,3.9,406
"SQ60561 021",4.7,"3GB","5A",0,"CR","B",2,-3.1,631
"SQ52477 011",4.4,"5GG","4C",0,"PO","B",11,-4.9,674
"SQ68044 061",6.9,"3GB","5A",1,"PO","F",5,1.3,354
"SQ61630 511",9.7,"5GG","4C",0,"HR",,3,1.3,505
"SQ56436 521",16.2,"5GG","5A",0,"HGI","D",1,1.7,389
"SQ66338 511",18,"5GG","5A",0,"CR","B",4,8.4,357
"SQ49840 011",9.3,"5GG","4C",0,"HR","D",10,-1.3,375
"SQ64395 531",13.6,"5GG","4C",0,"GI","B",3,2.2,336
"SQ58772 031",4.6,"5GG","4C",0,"HR",,1,-1.5,613
"SQ74031 511",7,"5GG","5A",0,"PO","F",7,-1.3,523
"SQ61607 051",15.1,"5GG","5A",0,"BP",,3,8.6,375
"SQ72322 051",6.3,"5GG","4C",1,"HR","D",6,0.3,357
"SQ65664 541",7,"3GB","5A",1,"FH",,4,-1,404
"SQ57302 561",9.6,"5GG","5A",0,"HGI","B",1,2.7,602
"SQ77407 031",3.1,"3GB","5A",1,"CR",,8,-2.5,340
"SQ49630 031",6.2,"3GB","5A",0,"CR",,10,-6.2,652
"SQ70163 541",11.8,"5GG","4C",0,"HR","D",6,2.1,410
"SQ56477 511",15.4,"3GB","4C",0,"PO","G",1,-0.3,335
"SQ52982 531",15.2,"5GG","5A",0,"HR",,11,7.5,312
"SQ66537 041",13.1,"5GG","4C",0,"PO","F",4,6.6,355
"SQ80568 521",8.6,"3GB","5A",1,"FH",,9,-4.5,357
"SQ56524 551",9,"3GB","5A",0,"HR",,1,-0.9,415
"SQ51239 511",5.1,"3GB","5A",1,"CR",,10,-3.7,323
"SQ78592 011",2.4,"5GG","5A",0,"CR",,9,-3.9,711
"SQ63408 511",7.2,"3GB","5A",0,"PO","D",3,-0.9,588
"SQ80206 071",6.3,"3GB","4C",0,"HGI","F",9,-5.5,424
"SQ68394 021",10.8,"5GG","5A",0,"GI","B",5,0.3,389
"SQ68735 541",12.7,"5GG","5A",0,"BP",,5,-1.7,469
"SQ69290 561",6.4,"5GG","5A",0,"HR",,5,-7.8,631
"SQ50824 071",4.1,"3F1","4C",0,"HR","F",10,-7.4,483
"SQ62911 521",16.3,"3GB","5A",0,"HR",,3,5.7,401
"SQ73447 041",9.3,"3GB","5A",0,"HR",,7,-1.7,616
"SQ71168 561",8.6,"3GB","5A",0,"HR","D",6,-5.1,539
"SQ69494 041",10,"3GB","4C",0,"CR",,5,-2,475
"SQ52687 531",9.4,"3GB","4C",0,"HR","D",11,1.3,620
"SQ52916 511",8.1,"5GG","5A",0,"HR",,11,-4.8,487
"SQ53513 551",8.1,"5GG","4C",0,"HR","D",11,-6.4,384
"SQ69879 041",2.3,"3GB","5A",0,"FH",,5,-4.4,789
"SQ59706 531",6.8,"3GB","5A",0,"HR",,2,-4.2,528
"SQ72626 531",9.1,"5GG","5A",0,"HR","D",6,-3.1,651
"SQ51652 041",15.1,"5GG","5A",0,"HR",,11,5.9,402
"SQ73329 031",7.2,"5GG","5A",0,"CR",,7,-4.4,450
"SQ79473 031",13.9,"5GG","5A",0,"HGI","F",9,6.5,480
"SQ57743 061",16.2,"5GG","5A",0,"HR","D",1,2.3,356
"SQ54107 511",11.7,"5GG","4C",0,"HR","D",12,-2.1,437
"SQ58524 011",8.6,"5GG","5A",0,"BP",,1,-2.8,539
"SQ60018 041",9,"5GG","5A",0,"CR",,2,0,348
"SQ70383 051",4.2,"5GG","4C",0,"HR","B",6,-4.6,636
"SQ75190 511",3.5,"3GB","4C",0,"CR",,7,-5.2,703
"SQ73852 561",9.3,"3GB","4C",0,"PO","B",7,-1.2,459
"SQ64753 561",8.2,"5GG","5A",0,"CR",,4,0.9,453
"SQ78258 551",2.3,"3GB","5A",0,"CR",,8,-4.3,670
"SQ62179 021",11.6,"5GG","5A",0,"GI","B",3,-1.3,489
"SQ60332 541",10.4,"5GG","4C",0,"GI","B",2,0.8,520
"SQ67236 031",7.6,"5GG","5A",0,"HR","D",5,-8.1,601
"SQ76146 031",5.8,"5GG","4C",0,"PO","B",8,1.8,591
"SQ60251 571",11.2,"5GG","4C",0,"HGI","F",2,4.4,376
"SQ51432 531",4.2,"3GB","5A",0,"HR",,10,-4.4,480
"SQ57454 531",4.9,"5GG","4C",0,"FH",,1,1.1,510
"SQ77525 031",6.4,"5GG","5A",0,"HR",,8,-1.6,553
"SQ76379 521",14.1,"5GG","4C",0,"CR",,8,6,367
"SQ75231 521",7.7,"5GG","5A",0,"HR",,7,0.3,461
"SQ66529 521",16.4,"5GG","4C",0,"PO","F",4,9.1,485
"SQ61539 041",6.7,"5GG","5A",0,"HGI","F",2,-0.2,468
"SQ64454 031",7.4,"3GB","4C",0,"CR",,3,1.2,637
"SQ56821 551",8.2,"5GG","5A",0,"HGI","D",1,-5,424
"SQ74508 041",3.8,"3GB","5A",0,"CR",,7,0.6,523
"SQ53759 541",8.5,"5GG","5A",0,"PO","D",12,5.4,433
"SQ51370 581",15.5,"5GG","4C",0,"PO","G",10,5.1,312
"SQ72120 541",4.2,"3GB","5A",0,"CR",,6,-5.1,691
"SQ50356 011",12,"5GG","5A",0,"HGI","B",10,-0.4,443
"SQ53934 061",13.3,"5GG","5A",0,"PO","F",12,-3.5,339
"SQ54737 031",3.9,"3GB","4C",0,"HR","B",12,-6.9,522
"SQ77408 531",5.6,"5GG","4C",0,"HR",,8,-3.5,486
"SQ77617 011",2.7,"3GB","5A",0,"PO","D",8,-0.7,604
"SQ78683 041",5.5,"5GG","5A",0,"HR","D",9,-7.5,559
"SQ52803 031",5.2,"3GB","5A",0,"FH",,11,-4.4,584
"SQ63510 021",10.3,"5GG","4C",0,"HR","B",3,3.7,417
"SQ53686 031",6,"5GG","5A",0,"HR","B",12,1.9,647
"SQ78155 031",10.5,"3GB","4C",0,"HR","D",8,5.3,437
"SQ75159 031",12.7,"5GG","5A",0,"HR","D",7,1.9,368
"SQ73148 031",3.7,"3GB","4C",0,"HR",,7,-4.2,640
"SQ81018 051",17.9,"3GB","5A",0,"CR","B",9,6.9,323
"SQ69480 541",6.7,"3GB","5A",0,"BP",,5,2.1,512
"SQ76249 031",6.3,"5GG","5A",0,"HGI","D",8,-0.7,524
"SQ57191 021",11.4,"3GB","5A",0,"HR","D",1,-1.6,507
"SQ55832 551",6.2,"3GB","4C",0,"HGI","F",12,1.2,628
"SQ75671 541",5.4,"3GB","4C",0,"HR","D",8,-5.2,644
"SQ79893 041",3.9,"3GB","5A",1,"HR","F",9,-5.6,316
"SQ77362 531",6.7,"3GB","5A",1,"PO","D",8,0.3,375
"SQ78459 021",15.6,"3GB","5A",1,"PosMAC","B",9,5.6,344
"SQ49923 511",6.3,"3GB","5A",0,"HGI","D",10,-1.5,507
"SQ73583 511",8.6,"5GG","4C",0,"GA",,7,-5.8,410
"SQ63648 561",6.7,"5GG","5A",0,"HR",,3,-1.6,557
"SQ74006 521",6.1,"5GG","5A",0,"CR",,7,-2.8,587
"SQ69925 511",8.9,"5GG","4C",0,"GA",,5,2.3,338
"SQ53302 551",7.9,"5GG","4C",0,"PO","D",11,-7.1,461
"SQ62411 551",8.9,"3GB","5A",0,"HGI","D",3,0.4,547
"SQ51557 081",10.2,"5GG","5A",0,"HGI","D",11,-4.9,388
"SQ70040 051",6.9,"3GB","5A",0,"PO","F",5,-4.3,626
"SQ67435 541",12.4,"3GB","4C",0,"PO","D",5,-2.2,462
"SQ77626 071",6.2,"3GB","5A",0,"PO","B",8,-2.2,672
"SQ52967 541",12.1,"3GB","5A",0,"HR",,11,-0.2,364
"SQ64035 521",12,"3GB","5A",0,"GA",,3,6.4,425
"SQ70148 541",4.6,"5GG","5A",0,"HR","D",6,-0.2,536
"SQ73810 541",3.7,"5GG","5A",0,"GA","B",7,-2.2,606
"SQ72797 541",9.8,"3GB","4C",0,"CR",,7,-1,488
"SQ64693 061",9,"3GB","5A",0,"HGI","D",4,2.8,429
"SQ51690 521",16.2,"5GG","4C",0,"HR",,11,7.4,464
"SQ53203 031",9.1,"5GG","4C",0,"PO","G",11,-1.4,433
"SQ69570 061",8.3,"5GG","5A",0,"HR",,5,-0.4,468
"SQ63301 511",12.7,"5GG","5A",0,"HR","F",3,3.6,480
"SQ59678 531",13.9,"5GG","5A",0,"CR",,2,2.8,417
"SQ55249 061",11.2,"3GB","4C",0,"HR",,12,-4.3,407
"SQ78795 511",7.4,"5GG","5A",0,"HR",,9,-6.6,546
"SQ52494 051",4.3,"3GB","4C",0,"HR",,11,-0.7,696
"SQ56343 521",0.9,"3GB","4C",1,"EG","F",1,-4.6,464
"SQ50547 021",14.7,"5GG","5A",0,"HR","D",10,4.2,452
"SQ55450 511",16,"5GG","4C",0,"CR",,12,2.4,457
"SQ50906 021",8,"5GG","5A",0,"HR","B",10,-0.5,606
"SQ69483 521",16.6,"5GG","4C",0,"CR",,5,3.8,379
"SQ55436 051",10.9,"5GG","5A",0,"HGI","D",12,-2.6,373
"SQ71245 021",6.1,"5GG","5A",0,"FH",,6,-1.5,559
"SQ51208 011",6.8,"5GG","4C",0,"HGI","F",10,-4.9,544
"SQ73240 031",9.3,"5GG","5A",0,"HR",,7,-0.3,609
"SQ80818 081",10.2,"3GB","5A",0,"BP",,9,-3.1,321
"SQ77845 531",4.6,"5GG","4C",0,"GI",,8,-4.4,551
"SQ77938 021",8.3,"5GG","5A",0,"HR","D",8,1.7,613
"SQ75760 041",3.5,"5GG","5A",0,"PO","D",8,-1.1,674
"SQ68423 051",8.8,"5GG","5A",0,"GI","B",5,0.4,570
"SQ65775 021",21.1,"5GG","4C",0,"HR","G",4,13.7,343
"SQ80573 021",16.8,"3GB","5A",0,"CR",,9,9.4,344
"SQ73193 541",7.8,"3GB","5A",0,"HR","D",7,-2.6,575
"SQ68768 041",11.7,"3GB","4C",0,"HR",,5,5.8,489
"SQ70486 571",9.2,"3GB","4C",0,"BP",,6,-0.9,495
"SQ63084 531",10.5,"5GG","5A",0,"HR","D",3,-1.3,545
"SQ66931 551",46.6,"5GG","5A",0,"CR",,4,35.9,405
"SQ63365 051",10.1,"5GG","5A",0,"HR","D",3,5.9,531
"SQ52444 541",10.1,"3GB","4C",0,"HR",,11,2.6,528
"SQ81054 531",10.8,"5GG","5A",0,"HR",,9,2.1,578
"SQ64542 511",10.1,"5GG","5A",0,"HR","D",4,4.7,638
"SQ69495 051",11.8,"5GG","4C",0,"FH",,5,-0.8,498
"SQ63150 531",8.6,"3GB","5A",0,"PO","F",3,-1.5,573
"SQ77077 521",6.3,"3GB","5A",0,"PO","D",8,0.7,645
"SQ58106 021",7.9,"3GB","4C",0,"CR",,1,0.4,567
"SQ72592 551",10.5,"5GG","4C",0,"CR",,6,1.9,458
"SQ79613 511",7,"5GG","4C",0,"HR","B",9,-3.4,653
"SQ67406 511",10.3,"5GG","4C",0,"CR",,5,-0.7,489
"SQ62549 061",10.3,"3GB","4C",0,"HR","D",3,-3.5,366
"SQ80803 531",12.2,"3GB","4C",0,"CR",,9,0.9,361
"SQ75061 521",7.5,"3GB","4C",0,"HR","B",7,-4.8,613
"SQ59543 531",10.6,"5GG","5A",0,"CR",,2,-7.4,370
"SQ56862 531",10.6,"3GB","5A",0,"FH","B",1,0.6,486
"SQ53750 071",2.6,"3GB","5A",0,"HGI","D",12,-4.4,715
"SQ64080 031",13,"5GG","4C",0,"HR","F",3,5.5,443
"SQ74652 041",6,"3GB","5A",0,"CR","F",7,-0.5,625
"SQ49416 051",10,"3GB","5A",0,"HR",,10,-0.1,530
"SQ61429 071",12.7,"3GB","5A",0,"HR",,2,-2.5,427
"SQ74736 041",10.8,"5GG","4C",0,"GI",,7,7.2,593
"SQ76418 531",4.3,"5GG","5A",0,"HR",,8,-3.5,697
"SQ77131 011",4.3,"5GG","4C",0,"HR",,8,-8.5,527
"SQ64979 551",13.4,"3GB","5A",0,"BP",,4,7.4,332
"SQ67409 011",12.8,"5GG","4C",0,"CR","F",5,-1.4,306
"SQ81061 541",9.2,"3GB","5A",0,"HR",,9,-0.1,514
"SQ50463 021",7.2,"3GB","5A",0,"CR",,10,-0.5,536
"SQ60018 021",2.7,"3GB","5A",0,"CR",,2,0.2,598
"SQ65500 041",4.4,"3GB","4C",0,"HR",,4,-4.4,561
"SQ57930 021",10.4,"3GB","5A",0,"HGI","F",1,-0.1,518
"SQ67074 521",8.4,"5GG","5A",0,"PO","D",4,-0.8,416
"SQ51874 011",16.3,"5GG","4C",0,"HR",,11,5.7,419
"SQ55275 511",14.4,"3GB","4C",0,"FH",,12,5.6,404
"SQ78762 031",8.9,"3GB","5A",0,"HR",,9,-2.1,631
"SQ52871 031",15.2,"5GG","5A",0,"PO","B",11,1.4,355
"SQ69496 571",9.6,"3GB","4C",0,"CR",,5,-3,413
"SQ52908 541",12.9,"5GG","5A",0,"HR",,11,4.5,330
"SQ68743 511",17.2,"3GB","5A",0,"BP",,5,8.9,361
"SQ58491 021",5,"3GB","5A",0,"HR",,1,-0.7,597
"SQ54684 551",8.5,"5GG","5A",0,"CR",,12,-3,365
"SQ50725 021",9.5,"5GG","5A",0,"HR","D",10,0.6,430
"SQ58276 541",8.1,"3GB","4C",0,"GI",,1,-2,464
"SQ65290 021",4.2,"3GB","4C",0,"HR",,4,-6.8,731
"SQ59552 511",15.4,"3GB","4C",0,"HR","D",2,6.8,538
"SQ78958 031",11.5,"5GG","4C",0,"CR",,9,-0.4,390
"SQ49241 511",16.2,"3GB","4C",0,"HR",,10,6.7,431
"SQ67128 061",10.8,"5GG","5A",0,"FH",,4,-1.5,388
"SQ64794 021",4.9,"3GB","4C",0,"HGI","F",4,-3.3,623
"SQ62605 511",6,"3GB","4C",0,"HGI","F",3,-2.5,522
"SQ75369 531",3.7,"3GB","5A",0,"HR",,7,-5.4,754
"SQ70564 591",10.1,"3GB","5A",0,"CR",,6,-0.2,494
"SQ50802 511",6.5,"3GB","5A",1,"GI","F",10,-1.9,351
"SQ74469 041",7.5,"5GG","4C",0,"HR",,7,2.3,544
"SQ57771 561",8.5,"5GG","4C",0,"HGI","F",1,-5.9,519
"SQ56408 551",5,"5GG","4C",0,"HR","F",1,-3.8,593
"SQ65221 011",4,"5GG","5A",0,"CR",,4,-1.9,630
"SQ55717 521",9.6,"3GB","5A",0,"HR",,12,-0.9,411
"SQ76880 521",8.9,"3GB","5A",0,"HGI","D",8,-0.2,490
"SQ57893 541",11.6,"5GG","4C",0,"HR",,1,-3,462
"SQ68011 021",3.2,"5GG","5A",0,"HR",,5,-7.2,684
"SQ53155 531",10.1,"5GG","4C",0,"HR","B",11,-0.8,523
"SQ73092 041",4.2,"5GG","5A",0,"HR","B",7,-2.4,671
"SQ70754 061",16,"5GG","5A",1,"HR",,6,4.7,332
"SQ69537 021",8.7,"3GB","5A",0,"FH","F",5,4.6,409
"SQ77363 041",8.6,"5GG","4C",0,"GI",,8,-1.3,415
"SQ76305 521",4.6,"3GB","4C",1,"CR",,8,-4.3,408
"SQ58108 011",14.6,"3GB","5A",0,"CR",,1,-0.1,385
"SQ63097 061",7.5,"3GB","5A",0,"BP",,3,-5,649
"SQ73189 071",8.8,"3GB","4C",0,"BP",,7,-2.2,453
"SQ63100 011",11.4,"5GG","5A",0,"BP",,3,-1.7,377
"SQ53395 051",5.9,"5GG","5A",0,"HR","B",11,-6.2,611
"SQ77725 031",4.6,"3GB","5A",0,"FH","B",8,-2.7,493
"SQ52434 541",4.2,"3GB","4C",0,"HR",,11,-3.6,633
"SQ52533 071",6.8,"3GB","4C",0,"HR",,11,1.2,471
"SQ70427 011",3.8,"3GB","4C",0,"HR","F",6,-2.1,683
"SQ49154 011",12.9,"5GG","5A",0,"CR",,10,1,336
"SQ55170 051",8.2,"5GG","5A",0,"GI",,12,-5.5,505
"SQ59224 531",11.6,"3GB","5A",0,"GI","B",2,-1.4,350
"SQ68291 521",21.1,"5GG","4C",0,"HR",,5,12.2,405
"SQ61618 511",12.7,"5GG","5A",0,"CR",,3,5.1,485
"SQ57422 051",7.6,"3GB","5A",0,"PO","D",1,-3.9,396
"SQ72088 531",22.9,"5GG","5A",0,"PO","G",6,12.4,351
"SQ69393 531",11.3,"5GG","5A",0,"GI",,5,4.5,363
"SQ62597 521",10.1,"5GG","5A",0,"GI","D",3,1.4,473
"SQ74857 021",4.5,"3GB","5A",0,"HR","D",7,0.2,619
"SQ50561 011",12.6,"5GG","5A",0,"HR",,10,-0.6,359
"SQ69461 051",14.3,"5GG","5A",0,"HR",,5,8.5,395
"SQ54897 511",4.1,"5GG","4C",0,"HR","F",12,-2.4,666
"SQ61329 041",6.8,"5GG","5A",0,"CR",,2,-7.2,604
"SQ79484 531",7.9,"5GG","4C",0,"FH",,9,-5.6,502
"SQ53957 541",13.2,"5GG","5A",0,"GI","B",12,-0.8,373
"SQ56357 531",7.9,"5GG","5A",0,"HGI","F",1,3.6,612
"SQ50080 021",10.4,"5GG","4C",0,"HR","D",10,2.6,440
"SQ54829 531",5.7,"3GB","5A",0,"HR","F",12,-2,466
"SQ72402 041",10.4,"5GG","5A",0,"PO","D",6,-0.5,547
"SQ77303 531",5.5,"3GB","4C",0,"CR",,8,-5.6,584
"SQ74359 531",3.9,"3GB","5A",0,"HGI","F",7,-7.9,590
"SQ58498 021",4.2,"5GG","4C",0,"HR",,1,-2.5,653
"SQ69025 561",13.9,"5GG","5A",0,"HR",,5,2.4,393
"SQ56528 541",10.3,"3GB","5A",0,"FH","B",1,2.8,480
"SQ50817 061",6.7,"3GB","4C",0,"HR","F",10,-4.6,542
"SQ72232 551",13.1,"3GB","4C",0,"HR",,6,5,457
"SQ59459 061",7.5,"5GG","5A",0,"HGI","D",2,0.5,593
"SQ66203 031",16.2,"5GG","5A",0,"PO","B",4,3.8,507
"SQ67282 531",9.1,"5GG","5A",0,"PO","F",5,-1.6,554
"SQ53106 521",14.9,"5GG","5A",0,"CR",,11,6.6,378
"SQ65935 541",12.3,"5GG","5A",0,"CR",,4,2.4,522
"SQ75821 031",7.1,"5GG","4C",0,"CR",,8,-3.8,598
"SQ57628 031",6.2,"3GB","5A",0,"PO","B",1,-1.7,666
"SQ66215 561",2,"5GG","4C",0,"CR",,4,-7.8,708
"SQ55534 531",11.3,"3GB","4C",0,"GI",,12,7.9,352
"SQ64520 061",12.8,"5GG","5A",0,"HR",,4,4,370
"SQ61540 011",3.8,"3GB","5A",0,"HR",,2,-8.3,555
"SQ67014 541",12.7,"5GG","5A",0,"HR",,4,-0.1,413
"SQ60557 031",10.9,"3GB","5A",0,"HGI","F",2,5.5,516
"SQ52116 031",14.5,"5GG","5A",0,"HR","D",11,2,355
"SQ74633 031",4.1,"3GB","5A",0,"PO","B",7,-0.8,678
"SQ59865 041",18.3,"5GG","4C",0,"HGI","F",2,11.9,308
"SQ60447 051",8.9,"5GG","5A",0,"PO","D",2,0.3,487
"SQ50916 531",12.7,"5GG","5A",0,"HR",,10,-2.3,437
"SQ63648 021",6.7,"5GG","5A",0,"HR",,3,-1.2,436
"SQ60936 051",16.3,"5GG","5A",0,"PO","B",2,5.6,356
"SQ67555 031",14.9,"3GB","5A",0,"HR",,5,4.7,320
"SQ73215 541",5.7,"5GG","5A",0,"CR",,7,-3.2,662
"SQ76188 551",2.5,"3GB","5A",0,"HR","B",8,-4.2,684
"SQ78814 571",11.8,"5GG","5A",0,"HR","D",9,0.1,370
"SQ63493 051",0.5,"3GB","4C",1,"HR",,3,-2.3,382
"SQ61471 511",11.7,"3GB","4C",0,"PO","B",2,1.1,465
"SQ51368 511",12.2,"5GG","4C",0,"PO","G",10,0.5,309
"SQ69879 031",2.6,"3GB","5A",0,"PO","D",5,-4.3,736
"SQ51090 021",10.6,"3GB","4C",0,"HGI","F",10,2.9,372
"SQ53185 031",16.3,"5GG","5A",0,"CR",,11,6.8,323
"SQ64379 061",12.6,"5GG","5A",0,"HR",,3,5.9,608
"SQ50813 541",7.9,"3GB","4C",0,"HR",,10,-3.1,513
"SQ70274 021",10.6,"3GB","5A",0,"PO","B",6,-0.7,470
"SQ69817 531",14.3,"5GG","5A",0,"HR","D",5,-1.6,435
"SQ52103 051",9.9,"5GG","4C",0,"GI","B",11,-5.9,453
"SQ56504 011",5.3,"5GG","5A",0,"CR",,1,-1.9,514
"SQ75731 031",13.6,"3GB","4C",0,"PO","B",8,6.8,410
"SQ78928 041",12.8,"5GG","5A",0,"HGI","D",9,0.9,390
"SQ71373 551",16.6,"5GG","5A",0,"HR",,6,4.6,392
"SQ60136 521",11.8,"5GG","4C",0,"HR","B",2,5,406
"SQ71503 521",5,"5GG","5A",0,"HR",,6,-7.5,633
"SQ76387 531",4.5,"3GB","5A",0,"FH","F",8,-1.5,679
"SQ67252 511",6,"3GB","5A",0,"HR",,5,-2.2,598
"SQ56649 051",10.3,"5GG","5A",0,"HGI","F",1,-3,567
"SQ69899 521",13.9,"5GG","5A",0,"HR","D",5,4.7,397
"SQ76809 541",5.6,"5GG","5A",0,"CR","B",8,-4.6,545
"SQ57844 511",9.9,"3GB","4C",0,"GI",,1,0.2,415
"SQ72261 541",10.8,"3GB","4C",0,"GA","D",6,6.4,348
"SQ61686 551",7,"5GG","5A",0,"CR",,3,-7.4,622
"SQ80650 051",17.1,"5GG","5A",0,"HR","B",9,9.2,349
"SQ53389 551",6.2,"5GG","5A",0,"HR","B",11,-4.1,611
"SQ56621 561",3.8,"5GG","4C",0,"CR",,1,-4.8,587
"SQ60669 531",11.2,"3GB","4C",0,"HR","F",2,4,482
"SQ77240 071",3.2,"5GG","5A",0,"GI","B",8,-3.2,575
"SQ64061 551",9.9,"3GB","5A",0,"CR",,3,0.3,489
"SQ52869 051",12.4,"3GB","5A",0,"PO","D",11,1.8,520
"SQ70229 531",12.4,"5GG","4C",0,"PO","B",6,1.1,314
"SQ55380 531",12.5,"5GG","5A",0,"CR",,12,-1,462
"SQ54783 521",13.8,"3GB","5A",0,"HR",,12,-3.7,476
"SQ57495 511",8.5,"3GB","5A",0,"HGI","F",1,2.6,620
"SQ50784 511",10.4,"5GG","5A",0,"HGI","F",10,-1.4,413
"SQ80354 051",8.5,"3GB","5A",1,"GI","F",9,-0.5,366
"SQ49695 011",10.2,"5GG","4C",0,"HR","B",10,-5.3,446
"SQ72583 551",9.6,"5GG","4C",0,"HR",,6,-1.4,469
"SQ80942 031",10.1,"3GB","4C",0,"HR",,9,-6.7,592
"SQ70844 541",4,"5GG","4C",0,"CR","B",6,-3.5,691
"SQ71890 541",9.5,"3GB","5A",0,"PO","F",6,-9.2,533
"SQ56869 531",12.3,"5GG","5A",0,"HR","D",1,0.7,442
"SQ54739 031",4,"5GG","4C",0,"CR","B",12,-7.6,604
"SQ63117 551",10.5,"5GG","5A",0,"BP",,3,1.8,431
"SQ56087 041",6.1,"5GG","4C",0,"PO","D",12,-6.1,528
"SQ77077 541",5.8,"3GB","5A",0,"PO","D",8,0.4,696
"SQ49621 051",18.4,"5GG","5A",0,"HR","D",10,5.5,404
"SQ73617 051",4.3,"5GG","4C",0,"HR",,7,-2.8,610
"SQ52396 521",9.7,"3GB","4C",0,"HR",,11,4.2,554
"SQ70002 041",7.3,"3GB","5A",0,"HR",,5,1.6,619
"SQ58534 531",15.4,"5GG","5A",0,"HR","D",1,7.7,405
"SQ72420 031",7.8,"3GB","4C",0,"CR",,6,-0.3,340
"SQ80792 561",8.9,"5GG","4C",0,"HR","F",9,-6.6,541
"SQ67095 531",9.9,"5GG","5A",0,"HR","D",4,-4,632
"SQ53279 031",12.1,"5GG","4C",0,"PO","D",11,-1.3,372
"SQ70622 541",6.3,"3GB","5A",0,"PO","G",6,-4.4,508
"SQ73833 511",6.2,"3GB","5A",0,"GI","D",7,-3.5,560
"SQ60588 521",5.1,"5GG","5A",0,"HR","D",2,-1.5,651
"SQ63735 051",12.9,"5GG","4C",0,"PO","D",3,4,430
"SQ49817 541",12.3,"5GG","5A",0,"PO","B",10,1.6,542
"SQ74847 541",5.7,"5GG","5A",0,"HR",,7,-2.6,706
"SQ53671 031",5.7,"5GG","5A",0,"HR","B",12,0.8,592
"SQ51434 551",4.2,"5GG","5A",0,"HR",,10,-5.2,556
"SQ78675 551",8.9,"3GB","5A",0,"HR",,9,-5.3,525
"SQ51322 011",7.3,"3GB","4C",1,"FH","B",10,3.3,433
"SQ76533 011",7.5,"3GB","5A",1,"CR",,8,-8.9,344
"SQ75883 021",4.2,"3GB","5A",0,"GA","D",8,-5.9,558
"SQ51130 021",3.9,"5GG","4C",0,"CR",,10,-2.9,692
"SQ80848 541",4.9,"5GG","5A",0,"CR",,9,-8.2,644
"SQ62131 021",14.4,"5GG","5A",0,"HR","D",3,2.5,543
"SQ56357 021",7.9,"5GG","5A",0,"HGI","F",1,3.7,579
"SQ66538 541",18.1,"5GG","5A",0,"HR","B",4,8.9,378
"SQ73808 011",3.2,"3GB","5A",0,"CR","B",7,-1.2,644
"SQ51722 011",17.7,"5GG","5A",0,"GI",,11,4.1,478
"SQ66531 541",10.1,"3GB","5A",0,"HR",,4,-2.3,449
"SQ50343 071",13.6,"5GG","5A",0,"HGI","F",10,-2.4,498
"SQ72521 041",10.7,"5GG","5A",0,"HR","D",6,1.5,585
"SQ71544 581",8.9,"3GB","4C",0,"CR",,6,-1.2,476
"SQ57973 011",8.2,"3GB","4C",0,"CR",,1,-3.6,479
"SQ74376 061",10.3,"5GG","4C",0,"CR",,7,2.7,423
"SQ66227 051",12.5,"5GG","4C",0,"HR","B",4,2.5,333
"SQ66781 021",10.7,"5GG","5A",0,"BP",,4,-0.6,424
"SQ60155 511",11.7,"5GG","4C",0,"HR","B",2,1,453
"SQ67625 041",10.3,"3GB","4C",0,"CR",,5,-0.1,468
"SQ67091 021",10,"5GG","5A",0,"HR",,4,-2.9,504
"SQ78242 551",6,"3GB","5A",0,"CR",,8,-2.5,644
"SQ74512 041",5.8,"3GB","5A",0,"CR",,7,-0.5,588
"SQ74598 011",2.9,"3GB","5A",0,"HR","D",7,-4,570
"SQ51415 031",8.7,"3GB","5A",0,"PO","D",10,1,363
"SQ71225 011",4,"5GG","5A",0,"CR",,6,-6.4,703
"SQ61703 511",11,"3GB","4C",0,"HGI","D",3,2.4,502
"SQ67647 041",13.2,"5GG","5A",0,"HR",,5,-0.5,355
"SQ71172 561",9.2,"3GB","5A",0,"HR",,6,2.3,543
"SQ68734 041",16.2,"5GG","5A",0,"BP",,5,5.7,405
"SQ79003 031",6.6,"5GG","5A",0,"HR","D",9,-3.3,475
"SQ64640 551",15.1,"5GG","4C",0,"BP",,4,4.7,359
"SQ70522 021",11.9,"5GG","5A",0,"PO","B",6,4.2,403
"SQ73304 531",7.9,"3GB","5A",0,"BP",,7,-5.4,505
"SQ51717 541",19.8,"5GG","4C",0,"CR",,11,5.4,331
"SQ80950 531",12.6,"5GG","4C",0,"HR",,9,-8.5,424
"SQ67093 551",12,"5GG","5A",0,"HR",,4,0.5,537
"SQ61252 541",13.1,"5GG","5A",0,"HGI","F",2,-2,368
"SQ68511 531",11,"5GG","5A",0,"HR","B",5,3.6,495
"SQ81179 041",8.2,"3GB","5A",0,"GI","B",9,-1.1,409
"SQ73222 011",5.1,"5GG","5A",0,"HR","B",7,-5,557
"SQ78085 521",5.3,"3GB","4C",0,"BP",,8,1.3,616
"SQ59926 521",8.6,"5GG","5A",0,"GI","B",2,-2,533
"SQ67972 061",6.4,"5GG","5A",0,"HR",,5,-0.5,758
"SQ64040 531",12.5,"3GB","4C",0,"GI","B",3,4.8,534
"SQ52418 531",11.9,"3GB","4C",0,"HR","D",11,-3,501
"SQ70987 511",8.1,"3GB","5A",0,"HR","D",6,-4,628
"SQ49101 561",7,"5GG","5A",0,"HR","B",10,-3.4,596
"SQ80843 551",6.9,"5GG","4C",0,"HR","D",9,-7,622
"SQ51607 551",9,"3GB","4C",1,"GI","F",11,2.8,338
"SQ68894 541",4.9,"3GB","5A",0,"CR",,5,-3.2,594
"SQ79258 021",11.3,"3GB","5A",0,"HR","D",9,3.7,500
"SQ53811 051",7.1,"5GG","5A",0,"HGI","F",12,0.4,434
"SQ71650 011",15.5,"5GG","5A",0,"HR",,6,4.4,441
"SQ56202 511",5,"3GB","5A",0,"HGI","F",1,-2.4,565
"SQ72772 521",4.8,"5GG","5A",0,"PO","D",7,-7.5,675
"SQ61486 061",18,"5GG","5A",0,"HR","B",2,5.3,338
"SQ52802 541",3,"3GB","5A",1,"CR",,11,-4.3,317
"SQ56321 051",10.4,"5GG","5A",0,"HR",,1,-2.2,571
"SQ74228 051",4.6,"5GG","5A",0,"HR",,7,-7.1,522
"SQ77077 031",5.8,"3GB","5A",0,"PO","D",8,0.5,655
"SQ57840 011",11.7,"5GG","5A",0,"HR","B",1,1.8,431
"SQ66294 061",4.9,"5GG","5A",0,"HR",,4,-7.9,654
"SQ78890 021",12.1,"5GG","5A",0,"GI","B",9,-1.3,366
"SQ50368 031",17.3,"5GG","5A",0,"GI",,10,8.7,315
"SQ74355 551",7.1,"3GB","4C",0,"HR","D",7,2.7,430
"SQ63950 551",8.7,"5GG","5A",0,"GI",,3,-4.9,365
"SQ57850 041",9.5,"5GG","5A",0,"GI","B",1,-2,331
"SQ51175 031",4.6,"5GG","4C",0,"HR","F",10,-4,551
"SQ63750 071",3,"3GB","5A",0,"BP",,3,-2.1,729
"SQ75924 061",2.4,"3GB","5A",0,"HGI","F",8,-1.6,669
"SQ76322 511",5.2,"5GG","4C",0,"CR",,8,-9.2,699
"SQ52742 511",6.9,"3GB","5A",0,"HR","D",11,-1.3,440
"SQ49547 541",6.1,"3GB","5A",0,"HR",,10,-4.3,443
"SQ77934 551",7.7,"5GG","5A",0,"HR","D",8,2.6,620
"SQ56827 521",7.5,"3GB","4C",0,"CR",,1,0.9,507
"SQ53940 011",13.5,"3GB","5A",0,"HR","D",12,-0.8,344
"SQ69489 561",9.8,"5GG","4C",0,"CR",,5,-1,452
"SQ49653 531",12.9,"3GB","5A",0,"HGI","D",10,1.8,549
"SQ69575 551",12,"5GG","5A",0,"CR","B",5,2.6,533
"SQ50277 551",6.4,"3GB","5A",0,"HGI","D",10,-3,622
"SQ64753 041",8.4,"3GB","5A",0,"CR",,4,0.9,527
"SQ56091 051",4.2,"5GG","5A",0,"HGI","F",12,-7.5,692
"SQ49382 531",9.7,"5GG","4C",0,"CR",,10,-4.4,473
"SQ56580 521",4.7,"5GG","5A",0,"PO","B",1,-2.7,510
"SQ58349 021",3.5,"3GB","4C",0,"HGI","F",1,-4.6,636
"SQ53560 521",9.1,"3GB","4C",0,"GI","D",11,-1.1,641
"SQ56204 031",4.4,"3GB","5A",0,"HGI","F",1,-3.1,601
"SQ68306 011",16.7,"3GB","5A",0,"PO","D",5,8.6,302
"SQ57671 021",40.9,"5GG","5A",1,"PO","G",1,29.6,354
"SQ59039 571",5.9,"3GB","5A",0,"PO","B",2,-1.6,474
"SQ50361 531",22,"5GG","5A",0,"HR","B",10,11,330
"SQ77393 531",6.2,"3GB","4C",0,"HGI","D",8,0.1,686
"SQ55515 031",12,"5GG","5A",0,"HGI","B",12,-2.3,541
"SQ79236 041",7.6,"5GG","4C",0,"HGI","F",9,-3.3,551
"SQ77546 031",2.8,"5GG","5A",0,"HR","D",8,-4.6,786
"SQ67550 541",20.8,"5GG","4C",0,"CR",,5,13.5,316
"SQ52206 021",4.7,"3GB","4C",0,"HR","F",11,-9.4,601
"SQ61221 551",14.6,"5GG","5A",0,"HR",,2,1.2,343
"SQ64141 541",6.1,"3GB","4C",0,"HR","D",3,-3.2,535
"SQ71603 561",3.6,"3GB","5A",0,"HR",,6,-5.4,542
"SQ57820 021",10.7,"3GB","4C",0,"CR",,1,2.1,508
"SQ56625 541",4.9,"5GG","5A",0,"PO","F",1,-2.2,518
"SQ54447 531",10.5,"3GB","5A",0,"HR","F",12,-2,597
"SQ73583 011",8.2,"3GB","4C",0,"GA",,7,-6,543
"SQ49847 081",15,"3GB","4C",0,"HR","D",10,5.7,454
"SQ63075 031",17.7,"5GG","4C",0,"GA",,3,4.6,326
"SQ53535 511",10.1,"3GB","5A",0,"HR","B",11,-0.6,410
"SQ52418 051",12.3,"5GG","4C",0,"HR","D",11,-3.1,526
"SQ65256 041",5.1,"5GG","5A",0,"HR","F",4,-1.3,536
"SQ58273 551",11.1,"5GG","5A",0,"HR","D",1,0.7,341
"SQ72755 541",9.4,"5GG","4C",0,"CR",,7,-3.7,371
"SQ58448 521",5.9,"3GB","4C",0,"GI",,1,-1.1,618
"SQ66189 051",10,"3GB","5A",0,"BP",,4,-0.2,429
"SQ70095 041",9.6,"3GB","5A",0,"BP",,6,-0.7,351
"SQ65571 031",11.6,"5GG","5A",0,"HGI","D",4,1,417
"SQ52695 041",9.3,"5GG","4C",0,"HR","B",11,-0.9,618
"SQ50460 531",4.8,"3GB","5A",0,"CR",,10,-2.3,586
"SQ78521 011",4.8,"5GG","5A",0,"HR",,9,0.8,523
"SQ52742 061",6.1,"3GB","5A",0,"HR",,11,-1.9,640
"SQ50811 071",20.2,"3GB","4C",0,"HR","B",10,5.5,323
"SQ67237 041",5.3,"3GB","4C",1,"EG","F",5,-2.9,337
"SQ81051 021",11.9,"5GG","5A",0,"HR",,9,2.9,540
"SQ66631 531",14.3,"5GG","5A",0,"HR","D",4,8.6,468
"SQ80748 041",12.8,"5GG","5A",0,"PO","B",9,2,440
"SQ74002 041",2.9,"3GB","5A",1,"HR","F",7,-5.7,469
"SQ57831 061",4.3,"5GG","5A",0,"HGI","B",1,-10.5,545
"SQ66628 541",10.4,"5GG","5A",0,"HR",,4,-4.8,557
"SQ73394 051",12.3,"3GB","5A",0,"HR",,7,-1.6,452
"SQ70299 561",12.6,"5GG","5A",0,"HR",,6,6.3,473
"SQ64998 041",5.8,"5GG","5A",0,"BP",,4,-7.6,650
"SQ78683 051",4.9,"3GB","5A",0,"HR","D",9,-7.6,673
"SQ75457 071",7.1,"5GG","5A",0,"BP",,7,-2.7,411
"SQ58108 541",8.5,"3GB","5A",0,"CR",,1,-0.3,553
"SQ69293 031",17.4,"5GG","4C",0,"CR","F",5,4.9,304
"SQ70170 031",6,"5GG","4C",0,"HR","F",6,-7.3,637
"SQ73006 551",4.1,"5GG","5A",0,"HR","D",7,-4.7,729
"SQ75051 021",6.6,"5GG","4C",0,"HGI","B",7,-2.2,633
"SQ67812 021",8.8,"5GG","5A",0,"CR",,5,-6.9,534
"SQ63368 511",10.9,"5GG","5A",0,"HR","D",3,5.8,444
"SQ67952 571",7.4,"5GG","5A",0,"HR",,5,-3.1,672
"SQ63819 511",10.3,"5GG","4C",0,"HGI","D",3,-3.8,574
"SQ62335 031",5.6,"5GG","5A",0,"HGI","F",3,-2,642
"SQ69533 051",12.9,"5GG","4C",0,"HR",,5,8.5,423
"SQ55820 021",8.5,"5GG","5A",0,"CR",,12,3.7,560
"SQ51234 041",7.7,"3GB","5A",0,"GI",,10,1.9,561
"SQ69710 551",11.2,"5GG","4C",0,"CR","B",5,5.2,541
"SQ66615 051",11.4,"3GB","4C",0,"CR",,4,-5.2,389
"SQ64268 521",15.2,"5GG","4C",0,"FH",,3,1.1,362
"SQ61684 011",9.2,"5GG","4C",0,"BP",,3,3.4,437
"SQ75439 551",8.4,"3GB","5A",0,"FH",,7,-2.4,596
"SQ55209 041",7.5,"5GG","5A",0,"HR",,12,-4.9,566
"SQ73993 011",4.2,"5GG","4C",0,"HR","D",7,-2.8,718
"SQ80790 031",7.5,"5GG","5A",0,"HR",,9,-5.8,439
"SQ64946 041",9.4,"5GG","5A",0,"HGI","D",4,0.9,635
"SQ54871 521",7,"3GB","4C",0,"HGI","F",12,-4,616
"SQ71249 541",4.8,"5GG","4C",0,"FH","F",6,-2.7,695
"SQ60455 521",10.2,"5GG","5A",0,"PO","D",2,-0.1,377
"SQ57175 031",13.4,"5GG","5A",0,"HR",,1,3.3,355
"SQ77726 041",5.8,"5GG","5A",0,"CR",,8,-2.5,499
"SQ55163 031",10.1,"3GB","5A",0,"HR",,12,-3,339
"SQ55848 531",3.2,"5GG","4C",0,"PO","F",12,-3,594
"SQ68617 051",5.9,"5GG","4C",0,"HR",,5,-6.7,626
"SQ53534 561",10.9,"3GB","5A",0,"HR","D",11,-0.4,514
"SQ69848 041",9.8,"3GB","5A",0,"HR",,5,-3.1,439
"SQ50717 011",6.7,"3GB","5A",0,"HR","B",10,2.5,495
"SQ57299 041",9.9,"5GG","5A",0,"HGI","B",1,3.3,545
"SQ72605 541",10.8,"5GG","5A",0,"HR",,6,1.9,461
"SQ71250 521",4.1,"5GG","5A",0,"GI",,6,-2.6,642
"SQ57183 531",15.2,"5GG","5A",0,"HR","D",1,1,533
"SQ77338 551",9.4,"5GG","5A",0,"CR",,8,4.5,607
"SQ49524 551",10.4,"5GG","5A",0,"PO","B",10,0.9,355
"SQ62236 541",8.5,"5GG","4C",0,"GI",,3,-2.1,424
"SQ59461 511",7.9,"5GG","5A",0,"HGI","D",2,0.4,556
"SQ57274 021",15,"3GB","5A",0,"BP",,1,9.8,320
"SQ61540 021",3.6,"3GB","5A",0,"HR",,2,-8.4,686
"SQ69231 511",9.3,"5GG","5A",0,"HR",,5,-4.6,553
"SQ73348 021",4.6,"5GG","5A",0,"HR",,7,-1.1,664
"SQ64795 041",10.3,"5GG","5A",0,"GI","B",4,1.1,503
"SQ55385 011",9.6,"5GG","5A",0,"CR",,12,-4.5,420
"SQ66530 511",16.9,"5GG","4C",0,"PO","F",4,8.6,426
"SQ74996 561",7.6,"3GB","5A",0,"CR",,7,0.7,560
"SQ51019 521",6.3,"5GG","5A",0,"GA",,10,-6.4,502
"SQ66350 591",6.6,"3GB","5A",0,"GI","B",4,-3,552
"SQ50084 011",8,"5GG","4C",0,"HR",,10,1.7,634
"SQ61536 031",3.2,"3GB","5A",1,"HR","B",2,-3.9,405
"SQ50089 041",5.9,"3GB","4C",0,"HGI","D",10,0.3,630
"SQ58933 531",14.5,"5GG","4C",0,"GI",,2,8.9,416
"SQ68464 011",6.2,"3GB","5A",0,"HR","F",5,-4,660
"SQ52903 021",10.7,"5GG","5A",0,"HR","B",11,-0.7,541
"SQ62603 041",6.7,"5GG","4C",0,"HGI","F",3,-2.3,541
"SQ78398 581",5.5,"3GB","5A",0,"BP",,9,-10.4,484
"SQ67770 051",4.9,"5GG","4C",0,"HR",,5,-7.9,566
"SQ56338 521",13.2,"5GG","4C",0,"CR",,1,8.4,357
"SQ64370 541",4.4,"3GB","4C",1,"CR",,3,-5.9,402
"SQ68240 051",10.1,"5GG","4C",0,"HR","D",5,4.9,499
"SQ55789 541",2.2,"3GB","4C",0,"HR",,12,-4.7,594
"SQ62380 031",14.1,"3GB","5A",0,"HR",,3,5.4,366
"SQ54772 521",19,"5GG","5A",0,"PO","D",12,12.4,435
"SQ74064 551",3.6,"3GB","5A",0,"HGI","F",7,-2.9,688
"SQ73277 521",5.5,"5GG","5A",0,"HR",,7,-3.5,609
"SQ56207 041",7.9,"3GB","5A",1,"HR",,1,2.4,324
"SQ68008 521",8.8,"5GG","5A",0,"HR",,5,-0.8,553
"SQ78781 541",7.7,"5GG","5A",0,"HGI","D",9,-3.5,666
"SQ49194 541",6.3,"5GG","5A",0,"GI","B",10,-2.6,499
"SQ52154 511",5.1,"3GB","5A",0,"HR",,11,-3.6,666
"SQ76382 041",4.5,"5GG","4C",0,"CR",,8,0.1,645
"SQ52146 031",6.1,"5GG","5A",0,"HR","D",11,-5.6,458
"SQ79271 031",10.2,"5GG","5A",0,"HR","B",9,4.4,462
"SQ75650 551",8.1,"3GB","5A",0,"HR","D",8,-6.2,672
"SQ70446 011",13,"5GG","5A",0,"HR","D",6,4.2,377
"SQ63415 521",7.4,"3GB","5A",0,"PO","D",3,-2.3,533
"SQ72485 521",8.6,"5GG","4C",0,"HR","B",6,-5,464
"SQ76832 041",11.3,"5GG","5A",0,"HR",,8,3.6,493
"SQ77567 531",9.2,"5GG","4C",0,"HR",,8,-5,544
"SQ63097 551",7.6,"3GB","5A",0,"BP",,3,-5,598
"SQ66707 021",9.4,"5GG","5A",0,"HR",,4,-4.3,348
"SQ57630 511",6.1,"3GB","5A",0,"PO","B",1,-2.1,645
"SQ69459 061",14.1,"3GB","5A",0,"HR",,5,9.1,406
"SQ58716 571",5.7,"5GG","5A",0,"BP",,1,-0.7,409
"SQ70797 031",11.4,"5GG","4C",0,"HR",,6,2.4,373
"SQ67293 531",3.6,"5GG","5A",0,"CR",,5,-5.2,559
"SQ63401 521",9.9,"5GG","4C",0,"HGI","F",3,1.3,373
"SQ57224 011",17.9,"5GG","5A",0,"HR",,1,10.5,389
"SQ69501 521",11.3,"5GG","4C",0,"GA",,5,-1.4,475
"SQ70406 061",5,"5GG","4C",0,"HR","D",6,-1.5,725
"SQ68754 561",11.8,"3GB","5A",0,"CR",,5,0.5,505
"SQ53982 061",13.1,"3GB","5A",0,"HGI","F",12,3.1,409
"SQ58316 041",8.7,"5GG","4C",0,"GI",,1,0.3,454
"SQ75317 041",8.8,"5GG","5A",0,"FH",,7,-0.5,473
"SQ52751 031",3.4,"5GG","5A",0,"FH",,11,-4.4,626
"SQ51395 051",11.6,"3GB","5A",0,"GA",,10,-0.3,514
"SQ58755 541",7.1,"3GB","5A",0,"PO","D",1,-1.4,546
"SQ54786 531",15.5,"5GG","5A",0,"HR",,12,8.5,334
"SQ53628 011",6,"3GB","5A",0,"HR","F",12,-3.7,571
"SQ72498 511",8,"5GG","5A",0,"HR","D",6,-2.7,582
"SQ73009 031",5.3,"5GG","5A",0,"HR","D",7,-5.1,548
"SQ53459 051",14.8,"3GB","5A",0,"CR",,11,-3.3,336
"SQ70446 541",12.8,"5GG","5A",0,"HR","D",6,3.8,471
"SQ71368 551",7.1,"5GG","5A",0,"HR",,6,2.5,536
"SQ71625 061",6.9,"5GG","5A",0,"HR","B",6,-2.6,510
"SQ50030 511",18.5,"5GG","4C",0,"HGI","F",10,6.3,324
"SQ80955 031",12.3,"5GG","5A",0,"HR",,9,-3.8,407
"SQ51997 011",8.4,"5GG","5A",0,"GA",,11,-3.6,396
"SQ80675 021",9.9,"3GB","5A",0,"PO","B",9,-3.1,376
"SQ54462 551",7.4,"5GG","5A",0,"HR",,12,-2.2,453
"SQ70443 541",12.4,"5GG","5A",0,"HR","D",6,4.4,367
"SQ66240 021",8.9,"3GB","5A",0,"CR",,4,-0.3,548
"SQ66627 041",13,"3GB","5A",0,"HR",,4,0.9,591
"SQ70887 051",5.5,"5GG","4C",0,"PO","F",6,-4.6,519
"SQ70131 521",1.4,"5GG","5A",0,"HR",,6,-5,819
"SQ53957 011",11.5,"3GB","5A",0,"GI","B",12,-2.2,412
"SQ64722 551",12.6,"5GG","5A",0,"PO","B",4,-2.6,415
"SQ59538 521",12.7,"5GG","5A",0,"CR",,2,-5.9,573
"SQ75930 011",1.8,"3GB","5A",0,"HGI","D",8,-2.5,776
"SQ52226 531",6.9,"3GB","4C",1,"CR",,11,-8.2,303
"SQ52639 511",5.3,"3GB","4C",0,"HR",,11,-2.7,627
"SQ52922 011",9.9,"5GG","5A",0,"HR",,11,-0.2,606
"SQ76564 061",15.8,"5GG","5A",0,"CR",,8,7.3,472
"SQ67278 561",9.3,"5GG","5A",0,"HR",,5,-0.8,516
"SQ57685 021",7,"5GG","5A",0,"HR","D",1,-6.8,576
"SQ61247 061",10.2,"5GG","5A",0,"PO","B",2,-3.2,327
"SQ64127 031",5,"5GG","5A",0,"HGI","B",3,-3.7,567
"SQ59616 521",9.9,"5GG","4C",0,"GA","D",2,-1.1,346
"SQ79477 031",8.7,"3GB","4C",0,"PO","D",9,-4.2,359
"SQ51916 051",3.8,"5GG","5A",1,"HR","B",11,-7.9,406
"SQ52349 011",10.5,"5GG","5A",0,"HR",,11,-1.3,421
"SQ72265 041",6.4,"5GG","5A",0,"PosMAC","B",6,-4.2,364
"SQ64385 521",7.6,"5GG","5A",0,"HR",,3,-6.6,549
"SQ49901 051",5.9,"3GB","5A",0,"CR",,10,-5.2,583
"SQ63888 541",7.1,"3GB","5A",1,"FH","F",3,-3.3,374
"SQ53169 551",10.3,"5GG","5A",0,"GI",,11,3.9,533
"SQ59695 071",14.2,"3GB","4C",0,"HGI","D",2,5,312
"SQ63109 021",4.6,"5GG","4C",0,"HGI","D",3,-7.7,513
"SQ64996 551",6.5,"5GG","5A",0,"BP",,4,-7.1,616
"SQ78410 561",4.8,"3GB","5A",0,"HGI","F",9,-10.4,535
"SQ50916 091",11.3,"5GG","5A",0,"HR","F",10,-4,499
"SQ64305 051",12.5,"5GG","4C",0,"HGI","F",3,3.6,459
"SQ64551 021",7.2,"3GB","5A",0,"HR",,4,2.4,593
"SQ50140 551",6.2,"5GG","5A",0,"HR","D",10,-1.2,640
"SQ75387 071",3.2,"5GG","4C",0,"BP",,7,-5.2,653
"SQ49112 561",10.5,"5GG","5A",0,"HR","B",10,5.7,468
"SQ52982 061",15.1,"5GG","5A",0,"HR",,11,7.3,396
"SQ72276 551",21.1,"5GG","5A",0,"HR",,6,14.6,350
"SQ55921 021",3.6,"3GB","4C",0,"HR","B",12,-4.5,680
"SQ69494 051",10.1,"5GG","4C",0,"CR",,5,-2.1,487
"SQ55860 541",9.2,"5GG","5A",0,"HR",,12,-2.1,456
"SQ73292 531",7.9,"5GG","5A",0,"HGI","D",7,-2.1,632
"SQ55842 551",3.3,"5GG","4C",0,"PO","F",12,-1.8,581
"SQ49101 081",6.5,"5GG","5A",0,"HR","B",10,-3.5,549
"SQ75199 511",4.6,"3GB","4C",0,"HR",,7,-7.3,569
"SQ71320 021",4.5,"3GB","5A",1,"EG","F",6,-3.7,323
"SQ61007 011",13,"3GB","4C",0,"HR",,2,4.1,409
"SQ52303 531",9,"5GG","5A",0,"GI","B",11,-3.5,477
"SQ63105 551",11.8,"5GG","4C",0,"HGI","D",3,-2.1,317
"SQ54819 511",13.1,"5GG","5A",0,"HGI","D",12,0.5,452
"SQ79236 011",6.9,"5GG","4C",0,"HGI","D",9,-3,478
"SQ62315 041",13.1,"5GG","4C",0,"PO","B",3,2.6,320
"SQ71246 041",5.1,"5GG","4C",0,"GI","F",6,-2.2,625
"SQ68410 571",7.9,"3GB","5A",0,"PO","B",5,-3.6,582
"SQ59846 041",4.1,"5GG","5A",0,"HGI","D",2,-6,709
"SQ74115 061",6.9,"5GG","4C",0,"HR","D",7,-1.3,677
"SQ80483 051",4.2,"5GG","4C",0,"PO","B",9,-6.2,698
"SQ53646 061",7.9,"3GB","5A",0,"HGI","F",12,2.4,583
"SQ72424 031",8,"5GG","4C",0,"PO","D",6,0.1,530
"SQ56131 051",2.8,"3GB","5A",0,"HR",,12,-0.7,665
"SQ72042 021",4.8,"5GG","4C",0,"HR","B",6,-1.2,600
"SQ75214 031",3.2,"5GG","5A",0,"HR","D",7,-11,694
"SQ54465 011",8.6,"5GG","5A",0,"HR",,12,-2.3,664
"SQ76094 511",2,"5GG","5A",0,"GI",,8,-2.8,837
"SQ75266 511",12.4,"5GG","5A",0,"CR",,7,4.7,498
"SQ70867 521",7,"3GB","4C",1,"HR",,6,-2.8,470
"SQ56643 511",7.6,"5GG","4C",0,"HR",,1,-6.2,584
"SQ70687 021",6.6,"5GG","5A",0,"BP",,6,-2.4,409
"SQ64971 551",8.4,"5GG","5A",0,"CR",,4,-0.5,412
"SQ58430 521",6.4,"3GB","4C",0,"CR",,1,-0.5,567
"SQ77792 521",7.1,"5GG","4C",0,"CR",,8,1.2,480
"SQ77066 521",2.9,"5GG","5A",0,"PO","D",8,-2.3,683
"SQ51376 021",15.8,"5GG","5A",0,"GA",,10,3.9,474
"SQ74448 521",5.5,"3GB","4C",0,"HR",,7,-0.3,632
"SQ56611 021",5.3,"5GG","5A",0,"HR",,1,-2.5,546
"SQ53692 041",3.3,"3GB","4C",0,"GI",,12,-3.3,551
"SQ58380 571",8.3,"5GG","4C",0,"GI",,1,-3.5,484
"SQ67734 551",15.2,"3GB","5A",0,"HR",,5,3.4,357
"SQ51731 041",15.6,"5GG","4C",0,"HGI","D",11,1,387
"SQ57344 561",9.2,"3GB","5A",0,"HR",,1,-2.9,534
"SQ66614 061",15.2,"5GG","5A",0,"HR","D",4,4.1,420
"SQ54192 061",12.8,"5GG","4C",0,"HR",,12,2.1,372
"SQ61592 011",10.2,"3GB","4C",0,"GI","B",3,-2.6,438
"SQ68470 561",5.4,"5GG","5A",0,"HR",,5,-3.4,539
"SQ72783 061",10.1,"3GB","4C",0,"CR",,7,2.2,534
"SQ53999 571",9.2,"5GG","5A",0,"HR","D",12,-2.5,427
"SQ79186 031",4.9,"3GB","5A",0,"CR",,9,-2.9,577
"SQ73153 531",4.6,"3GB","4C",0,"HR",,7,-5.4,701
"SQ74228 021",5.1,"5GG","5A",0,"HR",,7,-6.7,617
"SQ53949 041",13.3,"5GG","5A",0,"GI","B",12,0.1,466
"SQ62325 011",5.8,"5GG","5A",0,"HGI","F",3,0.3,468
"SQ78995 521",7.9,"5GG","5A",0,"HR","F",9,-1.1,590
"SQ50770 051",10,"5GG","5A",0,"HR","D",10,2.3,563
"SQ65261 531",4.2,"3GB","5A",0,"FH",,4,-2.4,689
"SQ60573 051",5.8,"5GG","5A",0,"HGI","B",2,0.1,508
"SQ58766 061",6.5,"5GG","4C",0,"HR",,1,-0.1,646
"SQ57683 511",7.3,"5GG","5A",0,"HR","D",1,-6.1,671
"SQ62210 511",10.6,"3GB","4C",0,"BP",,3,1.3,507
"SQ63032 021",6.8,"3GB","5A",0,"HGI","D",3,-1.5,433
"SQ55163 541",10.1,"5GG","5A",0,"HR",,12,-3.2,495
"SQ59771 531",19.2,"3GB","5A",0,"HR","B",2,11.6,335
"SQ57734 051",4.7,"3GB","5A",0,"HR",,1,-4.4,698
"SQ69498 031",9.6,"5GG","4C",0,"CR",,5,-3.4,359
"SQ52231 531",14,"3GB","4C",0,"CR",,11,-0.1,324
"SQ65363 051",22.3,"3GB","5A",0,"HR",,4,8.1,315
"SQ75011 541",2.1,"3GB","5A",0,"PO","D",7,-3.7,777
"SQ51445 071",5.7,"5GG","5A",0,"HR",,10,1.6,603
"SQ64298 031",9.8,"3GB","5A",0,"HR",,3,-4.4,555
"SQ50881 051",8.7,"3GB","5A",0,"HGI","F",10,-3.7,529
"SQ55900 021",6.9,"5GG","5A",0,"HR",,12,0,559
"SQ54659 531",9.1,"5GG","5A",0,"HR",,12,-6.2,507
"SQ74003 051",7.6,"3GB","5A",0,"HR","B",7,-2,640
"SQ80097 571",6.1,"5GG","5A",0,"BP",,9,-1.3,444
"SQ61603 041",10.1,"3GB","5A",0,"BP",,3,-2.8,463
"SQ78317 521",12.6,"5GG","5A",0,"HR",,8,-1.9,380
"SQ49141 031",5.1,"5GG","5A",0,"HGI","D",10,-1.4,518
"SQ61517 541",10.8,"3GB","5A",0,"HR",,2,0.1,529
"SQ61647 051",5,"5GG","5A",0,"HGI","F",3,-4.7,600
"SQ76995 531",10.7,"3GB","5A",0,"HR",,8,2.3,423
"SQ78442 561",6.4,"5GG","5A",0,"HR","D",9,-1.5,728
"SQ71072 041",11.2,"3GB","4C",0,"HR","B",6,4.7,503
"SQ73836 011",4.6,"5GG","5A",0,"GI",,7,-4.4,634
"SQ50338 531",6.6,"3GB","5A",0,"CR",,10,-1.9,535
"SQ61543 071",8.4,"5GG","5A",0,"HGI","D",2,-0.1,427
"SQ64536 041",9.7,"5GG","5A",0,"HGI","F",4,-0.2,414
"SQ52771 051",5.6,"5GG","5A",0,"CR",,11,-0.3,569
"SQ73913 071",4.6,"5GG","5A",0,"HR",,7,-2.2,492
"SQ50076 541",8.6,"5GG","4C",0,"HR",,10,4,459
"SQ80132 521",9.6,"5GG","4C",0,"CR",,9,-0.5,485
"SQ54101 041",17.1,"5GG","5A",0,"HR","D",12,10.3,318
"SQ79179 021",2.9,"3GB","5A",0,"HR","B",9,-5.6,583
"SQ68916 531",3.6,"3GB","5A",0,"HR",,5,-5,726
"SQ50753 551",14,"5GG","5A",0,"HR","D",10,8.1,400
"SQ49853 521",12.3,"5GG","4C",0,"HR",,10,4.6,373
"SQ68421 021",3.9,"3GB","4C",0,"HR",,5,-6.1,499
"SQ66616 561",15.3,"5GG","5A",0,"HR","D",4,3.5,551
"SQ73259 031",16.5,"5GG","5A",0,"GI",,7,5.7,375
"SQ73615 041",4.8,"3GB","4C",0,"HR",,7,-2.1,671
"SQ77786 541",3.8,"3GB","5A",0,"HGI","F",8,-4.2,779
"SQ55669 521",14.5,"5GG","5A",0,"HR",,12,2.6,390
"SQ72630 011",9.9,"5GG","5A",0,"HR",,6,-2.1,668
"SQ72617 531",9.5,"3GB","5A",1,"CR",,6,0.3,330
"SQ56275 521",12,"3GB","5A",0,"HR",,1,2.5,415
"SQ51189 531",6.5,"5GG","4C",0,"HR",,10,-1.3,547
"SQ74109 021",10.8,"5GG","5A",0,"PO","B",7,1.2,560
"SQ53764 071",2.6,"3GB","5A",0,"HR","B",12,-2.7,597
"SQ69584 011",9.6,"5GG","5A",0,"CR","B",5,1,420
"SQ66871 021",5.8,"3GB","4C",0,"GI","F",4,-5.2,551
"SQ67091 051",9.3,"5GG","5A",0,"HR",,4,-3.2,602
"SQ65131 541",8.4,"3GB","5A",0,"CR",,4,-2.6,564
"SQ49110 571",10.6,"5GG","5A",0,"HR","B",10,6.2,404
"SQ66614 021",15.8,"5GG","5A",0,"HR","D",4,4.5,471
"SQ63228 051",9.2,"5GG","5A",0,"HR","D",3,-2.6,477
"SQ67130 021",8.4,"5GG","5A",0,"BP",,4,-1.8,606
"SQ49114 021",10.8,"5GG","5A",0,"HR","B",10,5.4,460
"SQ57193 531",11.3,"3GB","5A",0,"HR","D",1,-2.3,460
"SQ66240 041",8.5,"3GB","5A",0,"CR",,4,-0.6,545
"SQ58024 551",15.2,"5GG","5A",0,"HR","B",1,7.7,316
"SQ50389 511",17.1,"5GG","5A",0,"HGI","F",10,6.7,375
"SQ74532 511",9,"5GG","5A",0,"CR",,7,1.2,546
"SQ50207 051",8.7,"5GG","5A",0,"HR",,10,-1.9,499
"SQ74183 041",5.3,"5GG","5A",0,"HR",,7,-4,672
"SQ72587 521",8.3,"3GB","5A",1,"CR",,6,-0.8,377
"SQ80475 021",5.6,"3GB","4C",0,"PO","B",9,-4.3,649
"SQ61252 031",11.2,"5GG","5A",0,"HGI","F",2,-3.5,397
"SQ65590 531",7.6,"3GB","4C",1,"GI","D",4,-4.6,339
"SQ61665 541",8.3,"3GB","5A",0,"HGI","F",3,-1.4,527
"SQ66808 011",8.2,"5GG","5A",0,"HR",,4,-5.1,437
"SQ80199 041",8.3,"5GG","4C",0,"HGI","D",9,-2.9,538
"SQ59016 521",10,"5GG","5A",0,"HR",,2,4,400
"SQ56707 031",13.6,"3GB","5A",0,"GI","B",1,7.6,422
"SQ77395 521",6.6,"3GB","4C",0,"HGI","F",8,-0.4,498
"SQ58174 041",5.2,"5GG","4C",0,"GI",,1,-9.5,492
"SQ73405 521",12.2,"5GG","4C",0,"GA",,7,1.7,358
"SQ77178 551",5.6,"3GB","5A",0,"PO","B",8,-0.4,519
"SQ60409 511",8.2,"3GB","4C",1,"CR",,2,-1.5,342
"SQ53807 521",10.1,"3GB","5A",0,"HGI","D",12,2.4,502
"SQ63542 061",11.4,"5GG","5A",0,"HGI","F",3,5.9,489
"SQ78626 021",4.4,"5GG","4C",0,"HGI","D",9,-4.7,719
"SQ59305 551",19.2,"3GB","5A",0,"HGI","F",2,1.5,439
"SQ71588 541",9.1,"5GG","5A",0,"HR",,6,-1.9,475
"SQ73686 011",2,"3GB","5A",0,"HR",,7,-7.7,655
"SQ59088 551",14.2,"5GG","5A",0,"CR",,2,1.4,305
"SQ63082 011",13.4,"3GB","4C",0,"GI",,3,0.3,391
"SQ80503 521",10.4,"5GG","5A",0,"PO","D",9,1.4,488
"SQ62558 531",10.3,"5GG","4C",0,"HR","D",3,1.4,491
"SQ65219 031",4.1,"3GB","5A",0,"CR",,4,-1.4,696
"SQ71737 531",5.8,"5GG","4C",0,"PO","B",6,-5.8,676
"SQ72849 511",8.5,"3GB","4C",0,"CR",,7,0.8,417
"SQ65912 021",8,"5GG","5A",0,"CR",,4,-6.3,594
"SQ74518 031",8.8,"5GG","4C",1,"GI",,7,-0.6,308
"SQ77371 041",4.5,"5GG","4C",0,"CR",,8,-3,628
"SQ61501 041",4.4,"3GB","4C",0,"GA","B",2,-6.6,680
"SQ55230 021",5.4,"5GG","5A",0,"HR",,12,-8.8,627
"SQ64846 021",6.2,"5GG","5A",0,"FH","B",4,-3.2,634
"SQ79183 011",2.9,"3GB","5A",0,"HR","B",9,-2.8,679
"SQ68172 051",3.5,"3GB","4C",0,"HR",,5,-8.1,730
"SQ78265 031",6,"3GB","5A",0,"GI",,8,-6.8,609
"SQ57734 541",5.5,"3GB","5A",0,"HR",,1,-4.3,717
"SQ53064 541",10.7,"3GB","5A",0,"HGI","F",11,-2.4,517
"SQ61523 041",11.2,"5GG","5A",0,"HR",,2,5.4,502
"SQ55273 011",13.8,"5GG","5A",0,"HR",,12,6.1,347
"SQ72650 561",6,"5GG","5A",0,"HR",,6,-1.5,685
"SQ60847 041",12.4,"5GG","5A",0,"FH",,2,1,410
"SQ80472 061",7.5,"5GG","5A",0,"CR",,9,-1.7,510
"SQ75880 011",7.6,"5GG","4C",0,"HR","B",8,-4.9,580
"SQ70816 051",3.8,"3GB","4C",0,"HR",,6,-3.5,626
"SQ74011 021",4.8,"5GG","5A",0,"CR",,7,-4.4,628
"SQ71602 541",16.2,"5GG","4C",0,"HR","F",6,5,477
"SQ59588 561",8.2,"5GG","5A",0,"CR",,2,-3.9,574
"SQ74509 541",3.4,"3GB","5A",0,"GI","B",7,0.5,597
"SQ78781 521",7.6,"5GG","5A",0,"HGI","F",9,-3.3,494
"SQ53727 541",9.5,"5GG","5A",0,"HR","D",12,-5.3,410
"SQ53860 011",12.8,"3GB","4C",0,"HR",,12,2.6,329
"SQ65121 011",10.1,"5GG","5A",0,"HGI","D",4,-4.7,505
"SQ68499 531",4.5,"3GB","5A",1,"HR","B",5,-9.3,464
"SQ55071 041",3.3,"5GG","5A",0,"GA",,12,-0.2,555
"SQ49554 031",10.2,"3GB","5A",0,"HR",,10,-1.7,447
"SQ72228 041",9.5,"5GG","5A",0,"PO","D",6,6.1,504
"SQ77075 031",2.7,"3GB","5A",1,"GI","F",8,-2.4,508
"SQ51320 521",1.1,"3GB","5A",1,"GI","F",10,-5.6,384
"SQ56870 041",9.6,"3GB","4C",0,"HR",,1,0.2,450
"SQ76835 531",3.7,"3GB","4C",1,"CR",,8,-5.9,333
"SQ73591 051",7,"3GB","4C",0,"FH",,7,-2.7,536
"SQ52823 061",11.8,"5GG","5A",0,"HR","D",11,5.7,373
"SQ51264 031",8.9,"3GB","5A",1,"EG","F",10,0.3,360
"SQ72401 511",8.3,"5GG","5A",0,"HR",,6,-1.7,415
"SQ76880 531",9,"3GB","5A",0,"HGI","D",8,-0.3,619
"SQ54161 551",16,"5GG","4C",0,"HR","B",12,6.7,326
"SQ60654 021",6.4,"3GB","4C",0,"BP",,2,-2.4,601
"SQ67063 531",6.6,"5GG","5A",0,"HR",,4,-6.3,521
"SQ67502 541",4.5,"5GG","4C",0,"HR",,5,0.6,618
"SQ78702 531",10.9,"5GG","5A",0,"HR",,9,2,503
"SQ52495 561",3.3,"3GB","4C",0,"HR",,11,-1.4,598
"SQ63325 031",13.8,"5GG","5A",0,"HR","B",3,1.8,411
"SQ67980 531",6.9,"3GB","5A",0,"HR","D",5,-1.3,566
"SQ78700 541",10.5,"5GG","5A",0,"PO","B",9,2.6,493
"SQ54146 041",15.6,"5GG","5A",0,"HGI","F",12,3.5,436
"SQ70489 031",7.6,"5GG","4C",0,"FH",,6,-2,414
"SQ65287 021",3,"5GG","5A",0,"FH",,4,-6.2,668
"SQ66646 541",9.4,"3GB","5A",0,"HR","D",4,4.1,579
"SQ75304 051",7.8,"3GB","5A",0,"CR",,7,-1.6,535
"SQ63755 521",8.5,"3GB","4C",0,"HGI","F",3,0.9,416
"SQ55182 531",5.8,"3GB","4C",0,"HGI","F",12,-2.2,541
"SQ60825 541",13.3,"5GG","5A",0,"HR",,2,0.9,425
"SQ67856 561",10.1,"5GG","5A",0,"HR","F",5,-0.9,440
"SQ72228 511",5.1,"3GB","5A",0,"PO","B",6,-5,557
"SQ55903 061",10.3,"3GB","5A",0,"HR","F",12,6.7,507
"SQ51371 521",7.1,"3GB","5A",1,"EG","F",10,-4.1,374
"SQ62176 521",11.4,"5GG","5A",0,"GI","B",3,-0.6,521
"SQ54503 031",5.5,"5GG","5A",0,"HR","D",12,-7.7,678
"SQ64942 041",8.9,"5GG","5A",0,"HGI","F",4,2,445
"SQ55304 521",10.9,"5GG","5A",0,"GI",,12,-1.9,410
"SQ59614 051",11.2,"5GG","5A",0,"HR","D",2,-1.5,547
"SQ64395 031",13.6,"5GG","4C",0,"GI","B",3,2.1,465
"SQ52876 541",14.2,"5GG","4C",0,"CR","B",11,2.7,366
"SQ73876 521",5.1,"3GB","5A",0,"PO","B",7,0.2,685
"SQ71870 541",2.7,"3GB","4C",0,"CR","F",6,-3.6,574
"SQ55848 561",3,"5GG","4C",0,"PO","F",12,-3.3,619
"SQ79670 041",8.5,"5GG","5A",0,"HGI","F",9,-4.6,443
"SQ60736 021",7.6,"3GB","5A",0,"HR","D",2,-5.5,440
"SQ75646 521",34.8,"5GG","4C",1,"PO","G",8,27.2,393
"SQ68902 041",11.7,"3GB","4C",1,"HR","B",5,-3.3,348
"SQ58022 021",5.5,"3GB","5A",0,"HR","B",1,-4.5,453
"SQ60595 521",12.2,"5GG","5A",0,"FH",,2,2.6,469
"SQ67903 541",9.4,"3GB","4C",0,"PO","B",5,4.4,432
"SQ49885 031",12,"5GG","5A",0,"HR","B",10,-2,606
"SQ72420 551",6.7,"5GG","4C",0,"CR",,6,-0.5,544
"SQ75838 031",6.5,"5GG","5A",0,"HGI","D",8,-1.1,662
"SQ69811 541",4.3,"3GB","5A",1,"HR","B",5,-11.3,398
"SQ73181 041",4.9,"5GG","4C",0,"HR",,7,-5.6,703
"SQ69557 531",4.7,"5GG","4C",0,"GI",,5,-0.4,578
"SQ78269 581",10.8,"3GB","4C",0,"PO","B",8,4,311
"SQ70622 071",6.1,"3GB","5A",0,"PO","G",6,-4.8,531
"SQ64065 041",7.7,"5GG","5A",0,"CR",,3,-1.4,561
"SQ54784 521",14.5,"3GB","4C",0,"CR",,12,9.1,403
"SQ61533 041",3.2,"3GB","4C",1,"HR","B",2,-3.2,374
"SQ76156 041",3,"3GB","4C",0,"CR",,8,-1.3,631
"SQ77305 511",5.4,"5GG","4C",0,"CR",,8,-5.9,633
"SQ56968 051",8.2,"5GG","5A",0,"HR","D",1,-2.8,572
"SQ70161 071",11.8,"5GG","4C",0,"HR","D",6,2.3,441
"SQ71719 551",5.6,"5GG","5A",0,"HR",,6,-3.3,667
"SQ60407 031",8.8,"5GG","4C",0,"CR",,2,-1.1,588
"SQ52570 031",7.1,"5GG","4C",0,"HR","D",11,-5.6,578
"SQ49650 051",16.2,"3GB","5A",0,"HGI","F",10,4.7,384
"SQ65577 051",11.3,"5GG","5A",0,"HGI","F",4,-0.8,420
"SQ71075 071",1.5,"3GB","4C",1,"HR","B",6,-6.6,496
"SQ49759 021",10.4,"5GG","4C",0,"HGI","D",10,-5.4,387
"SQ52211 051",5.6,"3GB","4C",0,"PO","G",11,-2.5,443
"SQ57339 011",11.6,"5GG","5A",0,"HR",,1,-1.6,462
"SQ54829 071",6,"5GG","5A",0,"HR","F",12,-2.3,630
"SQ64321 021",11.6,"3GB","5A",0,"CR",,3,2.2,308
"SQ78069 531",8.6,"5GG","4C",0,"GI","D",8,5.7,479
"SQ69129 021",12.9,"3GB","4C",0,"GA","F",5,2.7,450
"SQ74159 531",15,"3GB","4C",0,"HR",,7,-4,332
"SQ59433 561",3.2,"3GB","5A",1,"HR",,2,-0.1,554
"SQ68870 031",16.3,"5GG","5A",0,"PO","F",5,5.4,393
"SQ49807 021",18.2,"3GB","5A",0,"PO","D",10,6.1,324
"SQ52975 021",7.1,"5GG","5A",0,"HR",,11,-3.4,627
"SQ78009 011",5,"3GB","4C",1,"FH","F",8,-1.4,383
"SQ62130 551",14.3,"5GG","5A",0,"HR","D",3,2.7,401
"SQ79854 531",6.2,"3GB","5A",0,"HGI","F",9,-3.5,679
"SQ63084 511",10.8,"5GG","5A",0,"HR","D",3,-1.2,618
"SQ55910 531",5.7,"3GB","5A",0,"HR",,12,-2.4,611
"SQ56406 021",9.4,"3GB","4C",0,"HR","F",1,4.7,468
"SQ75397 011",8.7,"5GG","5A",0,"HR",,7,1,503
"SQ70804 541",3.6,"3GB","5A",0,"HR","F",6,-7.9,671
"SQ53611 531",13.5,"5GG","5A",0,"PO","F",12,1.9,318
"SQ74621 061",4.4,"5GG","5A",0,"CR",,7,-3.8,669
"SQ80506 511",5.7,"5GG","5A",0,"HR",,9,-4.2,482
"SQ68501 031",0.8,"3GB","5A",1,"HR","B",5,-12.8,523
"SQ65004 561",6.1,"3GB","5A",0,"HGI","D",4,0.7,494
"SQ62134 021",15.4,"5GG","4C",0,"HR",,3,9.6,337
"SQ65592 541",12.8,"3GB","4C",0,"HGI","F",4,-0.8,336
"SQ68880 011",15.5,"5GG","5A",0,"PO","F",5,3.9,378
"SQ77278 021",9.8,"5GG","5A",0,"HR","D",8,1.1,645
"SQ74123 511",8.3,"5GG","4C",0,"HR","D",7,-3.3,537
"SQ75251 051",4.8,"3GB","5A",0,"CR",,7,-2.1,768
"SQ74109 541",14.7,"3GB","5A",0,"PO","B",7,6.7,455
"SQ60559 031",6.1,"3GB","5A",0,"PO","B",2,-2.4,560
"SQ53349 541",7.8,"5GG","5A",0,"HR",,11,0.3,543
"SQ63706 541",10.9,"3GB","5A",0,"HR","D",3,6.7,487
"SQ64067 531",16.3,"3GB","4C",0,"HR","F",3,9.5,324
"SQ64403 011",12.3,"5GG","4C",0,"FH","B",3,0.6,443
"SQ65590 541",5.3,"3GB","4C",1,"GI","D",4,-7,359
"SQ78551 511",4.1,"3GB","4C",0,"CR",,9,2.8,644
"SQ71816 561",8,"5GG","5A",0,"HR","F",6,-5.7,439
"SQ59305 531",19.3,"3GB","5A",0,"HGI","F",2,1.7,467
"SQ78391 511",16,"5GG","4C",0,"CR",,9,10.1,405
"SQ75795 541",6.1,"5GG","4C",0,"HGI","F",8,-1.8,537
"SQ56390 061",10.6,"5GG","5A",0,"HR",,1,3.5,391
"SQ58261 521",5.2,"3GB","4C",0,"HR",,1,-7.6,535
"SQ78556 041",5.2,"3GB","4C",0,"CR",,9,0.4,657
"SQ50712 041",8,"3GB","5A",0,"HR","B",10,4.4,604
"SQ78825 041",10.7,"5GG","5A",0,"HR","D",9,-2.4,575
"SQ65902 551",7.7,"5GG","4C",0,"GI","B",4,-4.6,531
"SQ70728 531",5.5,"3GB","5A",0,"CR",,6,-2.1,447
"SQ75708 511",17.4,"5GG","5A",0,"HGI","D",8,14.3,308
"SQ50908 541",7.2,"5GG","5A",0,"HR","B",10,-1.1,561
"SQ70831 031",9.3,"3GB","5A",0,"HR","B",6,1.4,392
"SQ72401 011",8.5,"5GG","5A",0,"HR",,6,-1.5,533
"SQ78628 051",2.7,"5GG","5A",0,"HR",,9,-8.7,766
"SQ80487 041",4.9,"3GB","5A",0,"CR",,9,-5.2,551
"SQ72666 041",11.9,"3GB","4C",0,"HR",,6,0.3,464
"SQ71109 031",11.5,"5GG","5A",0,"CR",,6,1.9,365
"SQ56903 041",24.6,"5GG","4C",0,"HGI","D",1,12.5,343
"SQ78205 511",8.4,"3GB","5A",0,"HGI","F",8,-1.8,522
"SQ78064 051",9.1,"5GG","4C",0,"GI","D",8,6.8,354
"SQ52638 531",7.9,"5GG","4C",0,"HR","D",11,1.3,484
"SQ50410 571",17,"3GB","5A",0,"HR","B",10,2.6,492
"SQ77560 521",10.7,"3GB","4C",0,"HR",,8,-2.5,416
"SQ64842 031",6.9,"5GG","5A",0,"GI","B",4,-1.9,589
"SQ59556 511",15.4,"5GG","4C",0,"HR","D",2,5.7,308
"SQ68420 051",10.7,"5GG","5A",0,"PO","B",5,1.2,372
"SQ76871 011",7.5,"5GG","5A",0,"HR","D",8,0.2,648
"SQ50282 041",15.4,"5GG","5A",0,"HR","B",10,5.1,465
"SQ68941 041",7.1,"3GB","5A",0,"HR",,5,-8.3,607
"SQ58713 531",4.4,"5GG","5A",0,"BP",,1,-2.7,632
"SQ59616 031",9.3,"5GG","4C",0,"GI","D",2,-1.5,471
"SQ69616 561",7.6,"5GG","4C",0,"PO","D",5,1.7,472
"SQ54902 521",4.6,"5GG","4C",0,"GI",,12,3,702
"SQ52209 551",5.5,"3GB","4C",0,"PO","G",11,-1.7,530
"SQ51657 061",14.4,"5GG","5A",0,"HR",,11,4.2,485
"SQ71547 551",0.1,,"5A",0,"HR",,6,-2.9,876
"SQ70533 041",7.5,"5GG","4C",0,"PO","B",6,1.3,608
"SQ79844 031",7.2,"3GB","5A",0,"HGI","F",9,-5.9,478
"SQ55976 541",10.1,"3GB","4C",0,"HR",,12,1.4,455
"SQ53869 011",9.9,"3GB","5A",0,"HR",,12,0.3,612
"SQ52845 041",8.5,"3GB","5A",0,"EG","F",11,-0.9,462
"SQ64959 011",13,"5GG","5A",0,"HR",,4,2.5,568
"SQ51065 521",8.6,"3GB","4C",1,"GI","F",10,3,330
"SQ77687 031",10,"5GG","4C",0,"HR","B",8,2.8,588
"SQ68999 041",9.7,"3GB","5A",0,"HR",,5,3.3,478
"SQ58713 571",3.9,"5GG","5A",0,"BP",,1,-3,594
"SQ54900 051",3.1,"5GG","4C",0,"CR",,12,-4,725
"SQ55678 531",9.3,"5GG","5A",0,"FH",,12,-0.1,526
"SQ55833 521",12,"3GB","4C",0,"HR","B",12,4.5,473
"SQ73874 021",5.4,"5GG","5A",0,"PO","B",7,-6.4,645
"SQ60329 531",11.5,"3GB","4C",0,"GI","B",2,1.5,511
"SQ75317 541",9.1,"5GG","5A",0,"FH",,7,-0.3,496
"SQ70728 031",5.4,"3GB","5A",0,"CR",,6,-2.2,609
"SQ58411 041",0.6,"3GB","5A",1,"HR",,1,-9.4,311
"SQ69740 021",3.6,"5GG","4C",0,"CR","B",5,-2.3,621
"SQ67836 511",7.2,"3GB","5A",1,"GI","F",5,0.9,333
"SQ53199 561",7,"3GB","4C",0,"PO","G",11,-0.2,483
"SQ58541 041",11.6,"5GG","5A",0,"HGI","F",1,6.2,432
"SQ63723 511",5.3,"5GG","5A",0,"HR","D",3,-4.6,683
"SQ54230 541",12.5,"5GG","4C",0,"GI",,12,0.6,303
"SQ70071 531",15.8,"5GG","5A",0,"GA",,6,7.4,310
"SQ80751 041",14.7,"5GG","5A",0,"PO","B",9,3.5,475
"SQ75468 061",8,"5GG","5A",0,"BP",,7,-2.8,432
"SQ76064 521",3.9,"3GB","5A",0,"CR","F",8,-1.1,648
"SQ64945 541",7.6,"3GB","5A",0,"GI","B",4,-5.5,522
"SQ67860 521",9.6,"5GG","5A",0,"CR",,5,-4.9,603
"SQ67964 011",3.4,"5GG","4C",0,"CR","B",5,-7.5,751
"SQ56510 511",4.4,"5GG","5A",0,"CR","F",1,-2.8,536
"SQ69795 011",1.1,"3GB","5A",1,"CR",,5,-11.4,395
"SQ70788 551",8.9,"3GB","4C",0,"HR",,6,-3.9,515
"SQ53903 031",17.6,"3GB","5A",1,"PO","F",12,2.9,374
"SQ58450 511",11.8,"3GB","4C",0,"GI",,1,4.6,367
"SQ66992 551",5.4,"5GG","4C",0,"HR",,4,-8.1,630
"SQ70212 541",8.6,"5GG","5A",0,"CR",,6,-5.8,519
"SQ63037 061",7.1,"3GB","5A",0,"HGI","D",3,-3.2,590
"SQ66707 561",8.8,"5GG","5A",0,"HR",,4,-4.7,405
"SQ50910 011",6.3,"3GB","5A",0,"HR","B",10,-1.5,558
"SQ53137 531",13,"3GB","4C",0,"CR",,11,4.6,459
"SQ72542 521",8.2,"5GG","5A",0,"HR","D",6,-0.3,631
"SQ71247 541",1.3,"3GB","5A",0,"GA",,6,-2.3,620
"SQ69496 091",9.9,"5GG","4C",0,"CR",,5,-3,565
"SQ70209 041",9.7,"5GG","5A",0,"CR",,6,-5,495
"SQ53096 011",13.9,"5GG","5A",0,"HR","B",11,3.6,427
"SQ54735 061",4.4,"5GG","4C",0,"HR","B",12,-6.7,532
"SQ59658 031",3.9,"3GB","5A",0,"CR",,2,-3,521
"SQ71104 551",7.5,"5GG","4C",0,"GI","B",6,2.7,605
"SQ79998 031",7.5,"3GB","5A",0,"HR","F",9,-0.5,500
"SQ54122 061",14.4,"5GG","5A",0,"HR","B",12,4.4,446
"SQ65953 051",7.1,"3GB","5A",0,"PO","D",4,-2.7,574
"SQ78130 051",15.1,"5GG","5A",0,"GI",,8,-1.8,507
"SQ62894 521",14.8,"5GG","5A",0,"HR","D",3,9.4,411
"SQ52161 531",8.9,"5GG","4C",0,"HR",,11,-1.5,436
"SQ77154 031",5.3,"3GB","5A",0,"CR",,8,-3.1,580
"SQ59592 021",6.4,"5GG","5A",0,"HGI","F",2,-4.4,452
"SQ70910 031",12.1,"5GG","5A",0,"HR",,6,2.5,462
"SQ75962 531",11.3,"3GB","4C",0,"HR","D",8,2.5,394
"SQ59252 021",12.9,"5GG","4C",0,"GI",,2,1.7,380
"SQ76137 011",6.1,"5GG","5A",0,"HGI","F",8,-4.7,524
"SQ56364 021",8.1,"3GB","4C",0,"HR","B",1,2.1,513
"SQ64312 031",11.1,"5GG","4C",0,"HGI","F",3,1.6,498
"SQ74067 511",2.9,"3GB","5A",0,"HGI","F",7,-3.8,735
"SQ73621 531",7.1,"3GB","5A",1,"CR",,7,0.9,437
"SQ67080 061",7.5,"5GG","4C",0,"FH",,4,-2.6,423
"SQ71365 051",11.1,"5GG","5A",0,"HR",,6,3.9,588
"SQ80790 531",6.6,"3GB","5A",0,"HR",,9,-5.7,642
"SQ61462 041",10.9,"3F1","5A",0,"CR",,2,2.9,361
"SQ52669 021",12.3,"5GG","4C",0,"CR",,11,-1.6,534
"SQ59201 531",9.5,"3GB","4C",0,"HGI","F",2,-6.2,616
"SQ67975 041",5.3,"3GB","5A",0,"HR",,5,-0.8,756
"SQ49872 051",8.9,"3GB","5A",0,"HR","D",10,0.1,576
"SQ55632 011",2.9,"3GB","5A",0,"PO","G",12,-3.8,621
"SQ68423 531",9,"5GG","5A",0,"GI","B",5,0.5,634
"SQ72756 041",9.6,"3GB","5A",0,"PO","B",7,-4.5,657
"SQ52825 021",12.3,"5GG","5A",0,"HR",,11,5.5,507
"SQ62876 521",16.7,"5GG","5A",0,"HGI","D",3,1.1,375
"SQ75442 531",5.8,"3GB","5A",0,"CR",,7,-2.9,551
"SQ72432 551",4.1,"5GG","4C",0,"BP",,6,-3.8,663
"SQ52082 041",7.4,"5GG","4C",0,"CR",,11,-6.2,511
"SQ49913 511",9.4,"5GG","5A",0,"HGI","D",10,0.6,589
"SQ68143 041",5.6,"3GB","5A",0,"BP",,5,-3.7,464
"SQ77651 541",7.8,"3GB","5A",0,"HGI","F",8,-2.5,589
"SQ57776 051",11.4,"5GG","5A",0,"HR",,1,-2.9,548
"SQ77462 041",6.5,"5GG","5A",0,"GI","D",8,-4.2,631
"SQ55774 551",2.7,"5GG","4C",0,"HR",,12,-1.5,732
"SQ74235 561",3.7,"5GG","5A",0,"HR",,7,-0.2,542
"SQ58694 541",11.9,"5GG","4C",0,"HR",,1,5.2,312
"SQ49977 551",14.8,"3GB","5A",0,"HR",,10,1.9,593
"SQ53646 551",7.9,"3GB","5A",0,"HGI","F",12,2.5,622
"SQ71957 511",8.5,"5GG","5A",0,"GI",,6,2.9,486
"SQ73118 541",2.6,"3GB","5A",0,"HR","B",7,-2.9,647
"SQ53180 031",8,"5GG","5A",0,"HGI","D",11,0.9,328
"SQ68340 531",11.1,"3GB","4C",0,"HR",,5,6.2,459
"SQ57037 021",3.7,"3GB","5A",0,"HR",,1,-2.4,718
"SQ70133 531",1.2,"5GG","5A",0,"HR",,6,-5.9,797
"SQ77382 021",3.7,"3GB","5A",1,"HR","F",8,-5.1,375
"SQ77627 541",4.6,"5GG","5A",0,"HR","B",8,-2.1,598
"SQ64981 031",13.3,"5GG","5A",0,"BP",,4,6.8,324
"SQ69966 041",6,"3GB","5A",0,"HR","B",5,4,470
"SQ53522 511",8.1,"5GG","5A",0,"CR","B",11,-1.3,434
"SQ68961 511",8.1,"3GB","4C",1,"HR","F",5,-3.5,355
"SQ57823 531",8.5,"5GG","4C",0,"HR",,1,-5.4,556
"SQ68056 031",6.4,"5GG","5A",0,"PO","G",5,-3.4,491
"SQ54824 011",12.7,"5GG","5A",0,"HGI","F",12,-0.9,542
"SQ67250 061",5.9,"3GB","5A",0,"HR",,5,-2.1,602
"SQ65225 581",5.2,"3GB","5A",0,"CR",,4,-3,733
"SQ52912 021",6.1,"5GG","5A",0,"HR",,11,-3.7,672
"SQ79440 031",15,"5GG","5A",0,"HGI","F",9,4.6,450
"SQ63769 011",7.1,"5GG","4C",0,"HGI","F",3,-2.6,605
"SQ80250 021",6.7,"5GG","4C",0,"GA",,9,-3.6,661
"SQ70764 511",3,"3GB","4C",0,"HR",,6,0.8,533
"SQ56430 021",16.5,"3GB","5A",0,"HR","F",1,2.9,402
"SQ68613 511",7,"3GB","4C",0,"HR",,5,-4.8,584
"SQ52494 561",4.7,"3GB","4C",0,"HR",,11,-0.7,609
"SQ67338 531",4.5,"3GB","5A",0,"PO","D",5,-4.6,676
"SQ53450 551",17.3,"5GG","5A",0,"HR",,11,-3.5,372
"SQ60582 551",17.6,"5GG","5A",0,"CR",,2,4.9,312
"SQ79470 551",11.9,"3GB","5A",0,"HGI","D",9,2.9,411
"SQ72488 021",10.9,"5GG","5A",0,"GI","B",6,-0.2,603
"SQ52157 531",8.7,"3GB","4C",0,"HR",,11,0.2,471
"SQ77595 021",9.8,"5GG","5A",0,"HGI","F",8,5.3,583
"SQ58961 551",7.9,"3GB","5A",0,"HGI","D",2,1.5,483
"SQ73395 031",10,"5GG","5A",0,"HR",,7,-3,587
"SQ67946 511",2,"5GG","5A",0,"CR",,5,-3.4,683
"SQ58034 511",10.8,"5GG","4C",0,"GI",,1,5.2,412
"SQ51775 541",4.8,"3GB","4C",1,"CR",,11,-9.7,370
"SQ57235 531",17.4,"3GB","4C",0,"PO","D",1,7.7,307
"SQ68374 071",7.3,"5GG","4C",0,"HR",,5,-2.5,565
"SQ50749 511",13.2,"5GG","5A",0,"HR","D",10,1.4,422
"SQ76532 531",7.3,"3GB","5A",1,"CR",,8,-9.1,336
"SQ77938 531",8.2,"5GG","5A",0,"HR","D",8,1.6,604
"SQ58465 511",3.2,"3GB","5A",0,"HR","B",1,-5.5,563
"SQ50264 061",5.8,"5GG","5A",0,"HR","D",10,-6.2,472
"SQ66927 061",8.9,"3GB","5A",0,"FH",,4,-4.2,314
"SQ55074 521",12.3,"3GB","5A",0,"GA",,12,0.9,344
"SQ54151 041",14.5,"5GG","5A",0,"CR",,12,2,352
"SQ58107 511",7.4,"3GB","4C",0,"CR",,1,0,463
"SQ55882 521",3.7,"3GB","5A",0,"HR",,12,-8.1,522
"SQ74640 521",2.6,"5GG","5A",0,"PO","B",7,-2.6,682
"SQ51361 041",9.6,"3GB","5A",0,"HR",,10,-3.7,598
"SQ53147 031",14.8,"5GG","5A",0,"HR","D",11,1.6,438
"SQ54362 561",11.6,"3GB","5A",0,"HR","D",12,7.2,506
"SQ51722 531",13.3,"3GB","5A",0,"GI",,11,-2.7,428
"SQ54507 061",7.8,"3GB","5A",0,"HR",,12,-3.7,410
"SQ70270 041",9.2,"5GG","5A",0,"PO","B",6,0.2,548
"SQ58508 541",2.3,"3GB","4C",0,"HR","B",1,-4.6,732
"SQ52859 521",9.1,"3GB","4C",0,"HGI","F",11,0.8,564
"SQ57058 041",0.6,"3GB","4C",1,"HGI","F",1,-8.9,500
"SQ56874 011",6.5,"5GG","4C",0,"HR",,1,-1.6,439
"SQ51569 521",4.9,"3GB","4C",0,"GI",,11,-8.1,576
"SQ55368 011",14.2,"5GG","5A",0,"HR",,12,0.6,445
"SQ68462 031",5.4,"3GB","5A",0,"HR",,5,-3.6,585
"SQ70984 041",8.3,"5GG","5A",0,"HR","D",6,-3.9,630
"SQ65576 021",11.1,"5GG","5A",0,"HGI","F",4,0,417
"SQ69713 511",11.2,"3GB","4C",0,"HR","B",5,4.6,515
"SQ50886 521",11.9,"3GB","4C",0,"HR","D",10,-2.9,302
"SQ60752 521",5.8,"5GG","5A",0,"HR","D",2,-7.8,497
"SQ68606 011",5.9,"5GG","4C",0,"CR",,5,-3.3,609
"SQ74192 551",2.8,"5GG","5A",0,"HR",,7,-6.8,593
"SQ57755 051",14.6,"3GB","4C",0,"BP",,1,0.1,314
"SQ67779 521",14.5,"5GG","5A",0,"HR",,5,-1.8,492
"SQ54105 551",9.5,"5GG","4C",0,"HR",,12,-2,497
"SQ72266 531",8.4,"3GB","5A",0,"CR",,6,-3.8,470
"SQ81190 011",7.2,"3GB","5A",0,"GI","B",9,-3,502
"SQ56094 021",5.7,"5GG","5A",0,"HGI","F",12,-7.7,628
"SQ81160 021",5.2,"5GG","5A",0,"HR",,9,-2.9,608
"SQ57841 011",12,"5GG","5A",0,"FH","B",1,1.2,408
"SQ52768 541",7.3,"3GB","5A",1,"GI",,11,-2.1,355
"SQ75442 021",8,"3GB","5A",0,"HGI","F",7,-2.8,443
"SQ72268 041",6.9,"5GG","5A",0,"PosMAC","B",6,-4.7,649
"SQ76978 041",11.3,"5GG","5A",0,"CR",,8,6.4,409
"SQ60364 531",13.4,"5GG","4C",0,"CR",,2,0.8,419
"SQ53697 561",3.4,"5GG","5A",0,"CR",,12,-2,565
"SQ54382 541",15.1,"5GG","5A",0,"HR","D",12,3.9,383
"SQ49087 031",6.5,"3GB","5A",0,"GI","B",10,0,635
"SQ57305 011",9.3,"5GG","5A",0,"HGI","B",1,2.4,374
"SQ76925 051",6.2,"5GG","5A",0,"CR",,8,-6.7,686
"SQ50432 051",9.6,"5GG","5A",0,"HR",,10,-4.6,380
"SQ81032 061",9.7,"5GG","5A",0,"GA","D",9,1.9,344
"SQ54774 531",14.6,"5GG","5A",0,"HR",,12,-1.4,407
"SQ65140 031",5.3,"3GB","4C",0,"HGI","F",4,-9.3,626
"SQ79230 581",4.1,"5GG","4C",0,"BP",,9,-7.5,501
"SQ78686 021",4.2,"3GB","5A",0,"HR","D",9,-8.4,716
"SQ51878 051",14,"3GB","4C",0,"HR",,11,4.2,361
"SQ55170 551",8.2,"5GG","5A",0,"GI",,12,-5.5,394
"SQ63645 021",6.5,"5GG","5A",0,"HR","D",3,-0.7,487
"SQ52673 031",10.7,"5GG","4C",0,"CR",,11,-2.8,528
"SQ52981 551",15.5,"3GB","5A",0,"HR",,11,7.9,380
"SQ55164 521",9.5,"5GG","5A",0,"CR",,12,-3.5,429
"SQ52074 061",6.5,"5GG","5A",0,"HR","D",11,-6.6,617
"SQ52603 051",2.6,"3GB","4C",0,"HR",,11,-5.6,610
"SQ71252 011",3.4,"3GB","5A",0,"FH",,6,-3,703
"SQ58318 561",7.8,"5GG","4C",0,"HR",,1,-0.4,398
"SQ59172 031",4.6,"5GG","4C",0,"GI","B",2,-3.6,610
"SQ53613 531",12.1,"3GB","5A",0,"PO","F",12,1,415
"SQ51095 561",12.7,"5GG","4C",0,"HGI","F",10,4.4,581
"SQ51130 521",3.8,"5GG","4C",0,"CR",,10,-2.9,541
"SQ74537 561",1.5,"5GG","5A",0,"HR","B",7,-2.4,860
"SQ70667 031",9.8,"5GG","5A",0,"CR",,6,-1.7,460
"SQ68143 061",5.6,"5GG","5A",0,"BP",,5,-3.8,606
"SQ58790 511",4.7,"5GG","5A",0,"HR","F",1,-0.7,712
"SQ69060 011",19.7,"5GG","5A",0,"HR",,5,5.5,377
"SQ78356 521",7.9,"5GG","4C",0,"CR",,9,1.5,575
"SQ76440 091",5.3,"5GG","5A",0,"BP",,8,-4.6,541
"SQ71844 041",9.2,"5GG","5A",0,"HR",,6,2.8,453
"SQ79704 551",10.2,"5GG","5A",0,"HR","G",9,0,363
"SQ61534 041",5,"3GB","5A",0,"HGI","F",2,-6.5,625
"SQ63926 551",15.9,"3GB","5A",0,"HR","D",3,-4.1,326
"SQ72992 031",8.7,"3GB","5A",0,"HR",,7,-1.4,476
"SQ72594 521",6.2,"5GG","5A",0,"HR",,6,-3.5,589
"SQ75336 541",6.9,"5GG","4C",0,"GI",,7,-3.4,633
"SQ79176 051",3.2,"3GB","5A",0,"HR","B",9,-5.2,648
"SQ76908 521",9.6,"5GG","5A",0,"HR",,8,-1.9,652
"SQ66079 011",7.6,"3GB","5A",0,"FH",,4,-5,670
"SQ58483 021",2.6,"5GG","5A",0,"HR","F",1,-4.1,717
"SQ80522 021",7.9,"3GB","5A",0,"HR","D",9,-2.7,493
"SQ50650 561",4,"3GB","5A",0,"CR",,10,-9.8,599
"SQ64704 011",14.1,"5GG","5A",0,"HGI","D",4,0.7,547
"SQ50356 021",11.3,"5GG","5A",0,"HR","B",10,-0.5,544
"SQ79161 551",4.6,"3GB","4C",0,"HR",,9,-5.3,645
"SQ58280 041",9.2,"5GG","5A",0,"HR","F",1,-2,527
"SQ55975 011",7.3,"5GG","5A",0,"GI","B",12,0.1,615
"SQ62929 551",11.6,"5GG","5A",0,"HGI","F",3,1.5,408
"SQ75017 531",4,"5GG","4C",0,"FH",,7,-1.3,706
"SQ60254 031",4.6,"5GG","4C",0,"HGI","F",2,-0.9,637
"SQ71247 521",4,"3GB","5A",0,"CR",,6,-2,662
"SQ59695 531",14.6,"5GG","4C",0,"HGI","D",2,5.3,300
"SQ56716 021",6.1,"3GB","5A",0,"HR",,1,-4.5,520
"SQ59401 561",9.3,"3GB","5A",1,"HR",,2,3.9,460
"SQ78370 541",12,"5GG","4C",0,"GI",,9,-0.4,662
"SQ74621 531",5,"5GG","5A",0,"CR",,7,-3.5,691
"SQ65095 041",14.5,"5GG","4C",0,"BP",,4,1.7,314
"SQ68647 541",5.3,"5GG","4C",0,"HR",,5,0.7,651
"SQ50888 551",14.3,"5GG","5A",0,"HGI","D",10,4.8,477
"SQ80839 531",5.4,"3GB","4C",0,"PO","F",9,-7.5,480
"SQ56050 031",10.1,"5GG","5A",0,"HR","F",12,-3.1,539
"SQ71320 041",6.4,"5GG","5A",0,"GA",,6,-6.1,434
"SQ53846 571",11,"5GG","4C",0,"HGI","F",12,-2.7,495
"SQ56318 561",7.2,"5GG","5A",0,"HR",,1,-1.8,415
"SQ73896 521",12.2,"3GB","5A",0,"PO","D",7,5.9,477
"SQ71545 021",2,"3GB","5A",0,"HR",,6,-1.9,778
"SQ74742 041",7.6,"5GG","5A",0,"PO","D",7,5.3,568
"SQ58263 531",8.5,"3GB","4C",0,"HR","F",1,1.2,502
"SQ53138 031",16.4,"5GG","5A",0,"HR",,11,4.5,332
"SQ61543 551",8.5,"5GG","5A",0,"HGI","D",2,0.1,610
"SQ78867 051",10.2,"5GG","5A",0,"HR",,9,-4.2,490
"SQ49458 031",14.4,"5GG","4C",0,"HR",,10,1.8,304
"SQ70503 561",5,"3GB","5A",0,"PO","B",6,2.3,694
"SQ80792 041",9.1,"5GG","4C",0,"HR","F",9,-6.6,594
"SQ51190 021",5.9,"3GB","4C",1,"GI","F",10,-5.6,411
"SQ55465 041",15.5,"5GG","4C",0,"GI","D",12,4.7,343
"SQ58891 531",17.1,"5GG","5A",0,"PO","B",2,15.1,453
"SQ65050 561",5.9,"5GG","5A",0,"HGI","D",4,-7.4,682
"SQ74031 551",4.6,"3GB","5A",0,"CR",,7,-3.2,655
"SQ54829 581",5.8,"5GG","5A",0,"HR","F",12,-2.4,451
"SQ54520 541",5,"5GG","4C",0,"FH","D",12,-7.6,471
"SQ65353 571",10.2,"5GG","4C",0,"GI","B",4,-0.3,460
"SQ55298 561",14.5,"5GG","4C",0,"PO","B",12,-0.2,395
"SQ59774 041",19.6,"5GG","5A",0,"HR","B",2,10.9,358
"SQ52211 071",6.5,"3GB","4C",0,"PO","G",11,-2.7,570
"SQ77287 071",8.7,"5GG","5A",0,"HR","D",8,-1.5,443
"SQ63415 551",7.1,"3GB","5A",0,"PO","D",3,-2.7,522
"SQ50766 051",15.8,"5GG","5A",0,"HGI","F",10,3.1,412
"SQ78046 041",5.5,"5GG","4C",0,"CR",,8,-2.3,598
"SQ54287 021",10.7,"3GB","5A",0,"PO","B",12,-2.6,327
"SQ67701 521",12.1,"3GB","5A",0,"HR",,5,-1.5,304
"SQ56609 061",2.4,"3GB","5A",0,"HR",,1,-5.7,731
"SQ77656 541",13,"5GG","5A",0,"HGI","D",8,6.6,508
"SQ67974 551",8.2,"3GB","5A",0,"HR","D",5,-0.1,573
"SQ74003 511",8.5,"5GG","5A",0,"HR","B",7,-1.6,645
"SQ67977 531",6.1,"5GG","5A",0,"HR",,5,-1.4,514
"SQ57729 041",7.4,"5GG","5A",0,"HR",,1,-3.2,576
"SQ49246 041",7.1,"3GB","5A",1,"HR",,10,-5.4,337
"SQ55183 051",5.1,"3GB","5A",0,"HR","D",12,-8.8,504
"SQ50767 531",14.2,"5GG","5A",0,"HR","D",10,3.7,384
"SQ77521 021",6.4,"3GB","5A",0,"HR",,8,-0.5,707
"SQ77784 041",5.2,"5GG","4C",0,"CR",,8,-3.8,530
"SQ62206 521",8.9,"5GG","4C",0,"BP",,3,-3,529
"SQ73519 031",7.8,"3GB","5A",0,"PO","B",7,-4.4,426
"SQ63669 561",9.6,"3GB","5A",0,"HR",,3,-2.4,470
"SQ70953 021",13.7,"3GB","4C",0,"HR",,6,-4.5,466
"SQ52124 061",13,"3GB","5A",0,"HGI","F",11,1.6,458
"SQ76599 041",11.8,"5GG","5A",0,"FH","B",8,4.3,448
"SQ75065 011",13.7,"3GB","5A",0,"HGI","F",7,5.5,319
"SQ76798 071",7.2,"3GB","4C",0,"HGI","D",8,-1.6,479
"SQ67860 041",8.6,"5GG","5A",0,"CR",,5,-5.1,427
"SQ57383 541",15,"5GG","4C",0,"HR","D",1,3,367
"SQ62601 051",7.8,"5GG","4C",0,"HGI","F",3,-1.8,396
"SQ78122 021",27.3,"5GG","4C",0,"GI","B",8,21.5,321
"SQ78184 031",10.7,"5GG","5A",0,"PosMAC","B",8,-2.6,502
"SQ71496 531",5.2,"5GG","5A",0,"HR",,6,-6,713
"SQ71164 051",8.2,"5GG","5A",0,"HR",,6,-4.2,509
"SQ77778 551",4.3,"5GG","5A",0,"HGI","F",8,-2.2,544
"SQ52435 531",3.7,"3GB","4C",0,"HR",,11,-4,703
"SQ64060 541",8.8,"5GG","4C",0,"HR",,3,0,516
"SQ64427 541",14.6,"5GG","4C",0,"GI","B",4,6.8,348
"SQ79976 531",9.3,"5GG","5A",0,"HGI","F",9,4,499
"SQ55491 541",8.7,"3GB","5A",0,"CR",,12,-4.5,366
"SQ62524 551",5.9,"5GG","4C",0,"GI","B",3,-6.6,463
"SQ77933 541",5.1,"3GB","4C",1,"HR",,8,-2,403
"SQ73507 041",7.8,"5GG","5A",0,"PO","D",7,-1.7,493
"SQ52631 541",17.9,"5GG","5A",0,"HR","D",11,10.5,409
"SQ57024 051",5.5,"3GB","5A",0,"HR","D",1,-8.2,706
"SQ64134 561",7.1,"3GB","4C",0,"HR","F",3,-1.6,577
"SQ63081 041",5,"5GG","5A",0,"HR","D",3,-6,635
"SQ50507 041",11.4,"5GG","5A",0,"HGI","D",10,-2.6,542
"SQ53086 521",14.7,"5GG","5A",0,"HR","B",11,3,449
"SQ60641 541",10.5,"5GG","5A",0,"GI",,2,0.1,384
"SQ70218 521",7.9,"5GG","5A",0,"CR",,6,-6.6,551
"SQ55972 541",11.2,"3GB","4C",0,"HR",,12,2,466
"SQ65395 031",4.6,"5GG","4C",0,"FH","F",4,-4.3,735
"SQ57919 531",12.8,"5GG","5A",0,"HGI","F",1,0.3,443
"SQ52647 541",17.7,"5GG","5A",0,"HR","D",11,5.5,405
"SQ54342 041",17.3,"3GB","4C",0,"CR","F",12,11,327
"SQ49560 511",19.8,"5GG","5A",0,"HR",,10,11,400
"SQ75395 011",4.2,"3GB","4C",0,"BP",,7,-6.8,677
"SQ73584 541",9.4,"3GB","5A",0,"CR",,7,-0.7,532
"SQ66598 521",14.8,"5GG","5A",0,"HR",,4,-1.1,323
"SQ68456 051",5,"3GB","5A",0,"HR",,5,-2.9,634
"SQ56681 561",3.9,"5GG","5A",0,"HGI","F",1,-9.6,684
"SQ66902 571",13.8,"5GG","5A",0,"BP",,4,1.8,312
"SQ60616 521",9.1,"5GG","5A",0,"HR","D",2,-2.7,590
"SQ51690 021",16.2,"5GG","4C",0,"HR",,11,7.4,470
"SQ63418 041",3.1,"3GB","5A",1,"GI","F",3,-1.9,332
"SQ68422 531",7,"5GG","5A",0,"PO","B",5,-6.1,468
"SQ67309 031",3.3,"3GB","5A",0,"GI","B",5,-7,560
"SQ69835 031",9.1,"5GG","5A",0,"HR",,5,-6.6,505
"SQ57773 561",8.1,"5GG","4C",0,"HR","F",1,-6.5,490
"SQ62892 551",15.3,"5GG","5A",0,"HR","D",3,9.7,492
"SQ79747 011",10.4,"5GG","5A",0,"PO","B",9,5,436
"SQ71030 041",9.8,"3GB","5A",1,"HR","F",6,3,343
"SQ60657 021",7.4,"5GG","5A",0,"PO","B",2,-3.3,624
"SQ63748 071",3.1,"3GB","5A",0,"BP",,3,-5.8,649
"SQ56109 521",2.2,"3GB","5A",0,"HGI","F",12,-10.7,666
"SQ54729 041",17.2,"5GG","5A",0,"HR","D",12,2.9,416
"SQ62613 011",8,"3GB","5A",0,"PO","B",3,-0.7,628
"SQ52477 021",4.3,"5GG","4C",0,"PO","B",11,-5,500
"SQ54032 021",13.5,"5GG","4C",0,"CR",,12,5.3,401
"SQ54526 011",13.8,"5GG","4C",0,"HR","B",12,1.1,416
"SQ53567 051",8.9,"5GG","5A",0,"GI",,11,3.3,599
"SQ71052 521",14,"3GB","5A",0,"HR","B",6,4.5,305
"SQ79556 511",6,"3GB","5A",0,"CR","B",9,-7.6,677
"SQ72363 041",15.7,"5GG","5A",0,"PO","D",6,4.8,531
"SQ56404 031",6,"3GB","4C",0,"HGI","D",1,-2.6,603
"SQ55786 551",2.5,"3GB","4C",0,"HR","D",12,-4.2,728
"SQ58985 571",11.3,"3GB","5A",0,"HR","F",2,-0.9,446
"SQ55995 021",15.4,"3GB","5A",0,"HR",,12,0.1,419
"SQ68468 551",15.6,"5GG","5A",0,"FH","B",5,3.2,445
"SQ61254 541",11.9,"3GB","5A",0,"HGI","F",2,-3.7,360
"SQ66941 051",15.3,"3GB","4C",0,"HR",,4,2.3,305
"SQ79306 511",5.8,"5GG","5A",0,"HR",,9,-4.2,654
"SQ51174 051",9.8,"5GG","4C",0,"HR",,10,0.9,512
"SQ61430 541",12.7,"5GG","5A",0,"HR",,2,-2.8,448
"SQ49204 041",3.2,"3GB","5A",0,"GI","B",10,-5.2,578
"SQ77075 011",11.7,"3GB","5A",1,"GI","F",8,0.9,384
"SQ58791 531",4.3,"3GB","5A",0,"HGI","F",1,-1.4,648
"SQ69991 531",11.8,"5GG","4C",0,"CR",,5,5.4,394
"SQ70533 551",5.2,"5GG","4C",0,"PO","D",6,-0.5,657
"SQ78626 551",4.1,"5GG","4C",0,"HGI","D",9,-5.1,710
"SQ75183 041",8.9,"3GB","5A",0,"CR","B",7,-4.3,571
"SQ61370 051",12.3,"5GG","5A",0,"HR",,2,3.9,445
"SQ67230 551",10.1,"5GG","5A",0,"HR",,5,-6.2,429
"SQ72795 011",9.2,"5GG","4C",0,"CR",,7,-0.2,532
"SQ57680 521",8.9,"3GB","5A",0,"HR","D",1,-5.7,546
"SQ73186 021",7,"5GG","4C",0,"HR",,7,-1.1,636
"SQ51148 041",16,"5GG","4C",0,"HR",,10,3,397
"SQ50745 551",13.8,"5GG","5A",0,"HR","D",10,2.3,368
"SQ78853 041",8.5,"3GB","5A",0,"CR",,9,-1.4,423
"SQ64809 021",13.6,"5GG","5A",0,"GA",,4,6.7,359
"SQ57248 041",2,"3GB","4C",1,"HR",,1,-7.3,429
"SQ77063 531",3,"3GB","5A",0,"PO","D",8,-1.8,681
"SQ75977 031",5.1,"3GB","4C",1,"CR",,8,-2.1,390
"SQ55651 031",7.8,"5GG","4C",0,"PO","D",12,-4.3,435
"SQ56207 021",6.1,"3GB","5A",0,"CR",,1,-3.2,500
"SQ65363 511",23.2,"5GG","5A",0,"HR",,4,8.7,304
"SQ53743 061",4.6,"5GG","5A",0,"HR","F",12,-6.6,597
"SQ51818 551",14.6,"5GG","5A",0,"HGI","F",11,-1.2,441
"SQ70630 561",9.2,"3GB","5A",1,"HR","B",6,-0.3,315
"SQ69287 551",6.2,"3GB","5A",0,"HR","D",5,-6.7,663
"SQ55843 051",5.4,"3GB","4C",0,"HGI","F",12,-1.4,602
"SQ62866 041",9.3,"3GB","4C",0,"GI",,3,-2.2,471
"SQ76034 051",2.3,"3GB","5A",1,"FH",,8,-6,421
"SQ60367 521",13.7,"5GG","4C",0,"CR",,2,0.4,439
"SQ73744 521",3.3,"3GB","4C",0,"CR",,7,0.6,666
"SQ62063 021",21.3,"5GG","5A",0,"HR","F",3,6.9,461
"SQ64936 521",9.2,"5GG","5A",0,"CR","B",4,-3.4,423
"SQ69459 541",14.5,"5GG","5A",0,"HR",,5,9.3,359
"SQ72617 541",12,"5GG","5A",0,"CR",,6,-1.2,501
"SQ79176 551",5,"3GB","5A",0,"HR","B",9,-1.5,645
"SQ62290 041",11.3,"3GB","5A",0,"GI",,3,1.3,503
"SQ74386 521",8.3,"3GB","5A",0,"CR",,7,0.4,347
"SQ69109 021",14.7,"5GG","5A",0,"HR","D",5,1.5,441
"SQ58067 021",4.8,"5GG","5A",0,"GI","B",1,-5.2,627
"SQ58028 531",7.4,"3GB","4C",0,"CR",,1,-4.1,510
"SQ64302 051",5.2,"3GB","4C",0,"HGI","F",3,-9.3,586
"SQ59850 061",12.9,"3GB","4C",0,"GI","B",2,9.6,364
"SQ75266 531",12.1,"5GG","5A",0,"CR",,7,4.4,453
"SQ67430 041",8.6,"3GB","4C",0,"PO","D",5,-0.6,460
"SQ58078 021",14.6,"5GG","4C",0,"HR",,1,6.6,417
"SQ64262 051",14.1,"3GB","4C",0,"FH",,3,0,397
"SQ66649 041",11.5,"5GG","5A",0,"HR","D",4,3,426
"SQ51720 581",13.1,"3GB","5A",0,"GI",,11,-2.4,368
"SQ74093 521",1.5,"2GB","5A",0,"HGI","D",7,-5,742
"SQ52156 511",7.3,"5GG","5A",0,"HR",,11,0.2,549
"SQ68033 561",3.9,"3GB","5A",0,"BP",,5,-6.9,629
"SQ71252 531",3.7,"3GB","5A",0,"FH",,6,-3.2,551
"SQ77398 041",5.3,"5GG","4C",0,"HGI","F",8,-1.2,517
"SQ68595 051",3,"3GB","5A",1,"HR","B",5,-11.3,315
"SQ55391 071",12,"3GB","4C",0,"HR",,12,5.4,490
"SQ73030 551",19.4,"5GG","5A",0,"FH",,7,6.7,507
"SQ54421 521",8.2,"5GG","5A",0,"HGI","F",12,1,462
"SQ71100 051",8.4,"3GB","4C",0,"GI","B",6,3.8,395
"SQ54602 511",10.9,"3GB","5A",0,"HR","D",12,-1.3,455
"SQ75697 051",4.9,"5GG","5A",0,"HGI","F",8,0.3,554
"SQ57956 051",11.1,"5GG","4C",0,"HGI","D",1,0.6,520
"SQ73174 051",7.5,"3GB","4C",0,"BP",,7,-4.1,448
"SQ74829 071",8.3,"3GB","4C",0,"PO","B",7,1.7,652
"SQ50841 041",9,"5GG","5A",0,"HR",,10,-4.7,615
"SQ64120 051",5.5,"3GB","5A",0,"PO","B",3,-2.2,690
"SQ49883 041",9.3,"3GB","5A",0,"HR","D",10,-1.2,478
"SQ66539 521",14.9,"5GG","4C",0,"PO","F",4,6.4,415
"SQ73180 511",4.6,"3GB","4C",0,"BP",,7,-5,534
"SQ78161 511",9.9,"5GG","4C",0,"HR",,8,3.1,576
"SQ71211 521",5.8,"5GG","5A",0,"HR",,6,-3.4,691
"SQ65795 561",7.9,"5GG","5A",0,"HR",,4,-4.5,464
"SQ51555 531",10.9,"3GB","5A",0,"HGI","D",11,-3.8,562
"SQ68364 061",7.9,"3GB","4C",0,"HR",,5,0.2,580
"SQ70757 011",5.2,"5GG","5A",1,"HR",,6,0.4,489
"SQ53011 031",12.2,"5GG","4C",0,"GI",,11,2.9,499
"SQ61632 031",11.8,"5GG","5A",0,"PO","D",3,0.4,402
"SQ72483 041",8.6,"3GB","4C",0,"CR","B",6,-4.7,539
"SQ74159 021",8.3,"3GB","4C",0,"HR",,7,-3.9,616
"SQ55817 511",4.9,"5GG","4C",0,"HGI","D",12,-0.9,544
"SQ53838 021",3.2,"3GB","5A",0,"CR",,12,-1.1,727
"SQ61603 061",9.9,"3GB","5A",0,"BP",,3,-2.9,397
"SQ75401 041",6.1,"3GB","4C",0,"BP",,7,-0.4,646
"SQ54012 041",6.2,"3GB","4C",1,"GI",,12,-4.4,300
"SQ50767 541",14.1,"5GG","5A",0,"HR","D",10,3.6,425
"SQ65599 011",10.8,"3GB","4C",0,"HGI","D",4,-2.4,522
"SQ68479 541",18,"5GG","5A",0,"FH","B",5,11.3,303
"SQ76977 051",11.9,"5GG","5A",0,"HR","D",8,6.1,435
"SQ58373 041",8.7,"5GG","5A",0,"HR",,1,-2.4,370
"SQ63619 551",8.9,"3GB","5A",0,"HR",,3,-1,639
"SQ77692 021",7.2,"3GB","5A",0,"CR",,8,-2.1,419
"SQ66081 011",6.6,"3GB","4C",0,"CR",,4,-5.1,583
"SQ54541 031",8.3,"3GB","4C",0,"GA",,12,-3.9,386
"SQ60584 531",6.5,"5GG","4C",0,"FH","D",2,-0.9,587
"SQ55399 541",11.7,"5GG","4C",0,"HR",,12,3.8,467
"SQ50142 061",5.4,"3F1","5A",0,"HR","D",10,-1.8,624
"SQ60022 531",8.4,"3GB","5A",0,"CR",,2,-0.5,490
"SQ72362 041",8.5,"5GG","5A",0,"HR",,6,1.2,567
"SQ66319 541",9.1,"5GG","4C",0,"GI","B",4,-1.5,366
"SQ54734 551",8.6,"3GB","5A",0,"HR","D",12,-3.5,370
"SQ57339 071",10.7,"3GB","5A",0,"HR",,1,-2.2,540
"SQ64698 031",14.8,"5GG","5A",0,"HGI","F",4,1.8,555
"SQ60847 521",11.6,"5GG","5A",0,"GI",,2,1.1,318
"SQ55833 021",11.8,"3GB","4C",0,"HR","B",12,4.5,451
"SQ79971 531",11.2,"3GB","5A",0,"GI",,9,5.5,436
"SQ58260 031",9.7,"5GG","5A",0,"HR",,1,2.2,436
"SQ63104 041",9.4,"5GG","5A",0,"HR",,3,-3.2,465
"SQ56818 041",7.8,"5GG","4C",0,"CR",,1,-4,518
"SQ75394 531",5,"5GG","5A",0,"CR",,7,-6.8,507
"SQ74947 521",4.5,"3GB","4C",0,"HR",,7,-2.9,639
"SQ62892 061",15.1,"5GG","5A",0,"HR","D",3,9.6,571
"SQ73460 581",7.4,"3GB","5A",0,"CR",,7,-1.9,398
"SQ78350 551",8.3,"3GB","4C",0,"HR","F",9,3,649
"SQ67174 551",9.5,"3GB","5A",1,"CR",,4,0,325
"SQ49924 521",11.3,"3GB","5A",0,"CR",,10,6.8,302
"SQ50905 031",14.3,"5GG","5A",0,"HR","F",10,0,494
"SQ51875 051",14.2,"5GG","4C",0,"HR",,11,5.4,367
"SQ55088 051",18.6,"5GG","4C",0,"HR","B",12,10.1,341
"SQ78590 061",2.7,"5GG","5A",0,"CR",,9,-3.2,711
"SQ56374 041",6.6,"5GG","4C",0,"GI","B",1,-0.6,651
"SQ50763 551",13,"5GG","5A",0,"HR","F",10,4.7,425
"SQ71721 541",6.1,"5GG","5A",0,"HR",,6,-2.6,664
"SQ78657 021",10.4,"5GG","5A",0,"HR",,9,-1,537
"SQ79758 061",13.2,"5GG","5A",0,"HGI","F",9,1.1,404
"SQ52338 011",14.6,"3GB","4C",0,"HR",,11,2.1,416
"SQ78549 521",3.8,"3GB","4C",0,"CR",,9,3.3,649
"SQ50021 531",9.7,"5GG","5A",0,"HGI","D",10,-3.1,587
"SQ55658 511",8.2,"5GG","5A",0,"HR",,12,-5.5,388
"SQ66634 041",7.9,"3GB","5A",0,"HR",,4,-7.4,496
"SQ76739 541",16.4,"5GG","5A",0,"HGI","D",8,4.9,569
"SQ60916 561",14.7,"5GG","5A",0,"HGI","D",2,5.4,387
"SQ50480 541",16.9,"5GG","5A",0,"HR","B",10,-0.6,320
"SQ52803 041",5.3,"3GB","5A",0,"FH",,11,-4.5,580
"SQ78194 521",5.7,"3GB","4C",0,"BP",,8,-5.4,604
"SQ73850 071",4.9,"3GB","5A",0,"HR",,7,-1.1,680
"SQ49108 071",10.4,"3GB","5A",0,"HR","B",10,6.8,451
"SQ62524 541",7.5,"3GB","4C",0,"FH","B",3,-6.4,613
"SQ56803 511",2.9,"3GB","4C",1,"CR",,1,-6.9,314
"SQ66240 011",8.8,"3GB","5A",0,"CR",,4,-0.2,572
"SQ60358 041",14.1,"3GB","4C",0,"CR",,2,2.3,392
"SQ55273 531",13.6,"5GG","5A",0,"HR",,12,5.8,459
"SQ63032 011",7,"5GG","5A",0,"HGI","D",3,-1.4,639
"SQ67067 511",6.6,"3GB","5A",0,"HR",,4,-7.3,531
"SQ52416 511",13.1,"5GG","4C",0,"HR","D",11,-2.2,503
"SQ57415 051",9,"5GG","5A",0,"PO","D",1,-2.3,429
"SQ55436 031",12.4,"5GG","5A",0,"HGI","D",12,-1.4,583
"SQ80818 571",13.7,"5GG","5A",0,"BP",,9,4.8,352
"SQ56404 011",6.4,"3GB","4C",0,"HGI","F",1,-2.4,456
"SQ51261 011",10.9,"3GB","4C",0,"HR","B",10,0.7,367
"SQ55360 051",9.4,"5GG","5A",0,"CR",,12,-2.5,637
"SQ53948 041",13.9,"5GG","5A",0,"HR","D",12,0.6,484
"SQ54660 021",8.2,"3GB","5A",0,"HGI","D",12,-6.1,542
"SQ73109 031",3.3,"3GB","5A",0,"HR","D",7,-0.3,738
"SQ80398 551",8.7,"5GG","5A",0,"HR",,9,-1.2,530
"SQ62325 521",6.2,"3GB","5A",0,"HGI","F",3,0.2,609
"SQ70128 041",1.4,"3GB","5A",1,"HR","B",6,-4.7,339
"SQ59699 511",5.7,"3GB","5A",0,"HR",,2,-7.9,556
"SQ66534 561",11,"5GG","5A",0,"HR","D",4,-3.1,554
"SQ60399 551",7.9,"5GG","5A",0,"PO","D",2,-3.2,479
"SQ61541 011",6.6,"5GG","5A",0,"HGI","F",2,-0.6,620
"SQ62263 041",11.1,"5GG","5A",0,"CR",,3,-2.2,473
"SQ78952 541",8.7,"5GG","4C",0,"CR",,9,-2.4,527
"SQ71546 561",7.8,"3GB","4C",0,"CR",,6,-1.7,579
"SQ62176 511",11.6,"5GG","5A",0,"GI","B",3,-0.5,492
"SQ58500 011",3.3,"5GG","4C",0,"HR",,1,-2.9,710
"SQ73845 031",8.2,"3GB","4C",0,"PO","B",7,0.8,488
"SQ50264 051",5.9,"5GG","5A",0,"HR","D",10,-6.1,651
"SQ76739 531",15.3,"5GG","5A",0,"HGI","D",8,5,483
"SQ77807 561",14.8,"5GG","5A",0,"HR",,8,4.2,426
"SQ50885 511",8.6,"3GB","5A",0,"HGI","F",10,-4.7,597
"SQ63983 521",12.2,"3GB","4C",0,"HR",,3,-2.5,392
"SQ62219 531",12.4,"5GG","4C",0,"BP",,3,2.5,349
"SQ78122 041",27.6,"5GG","4C",0,"CR","B",8,21.3,404
"SQ78554 531",5.2,"3GB","4C",0,"CR",,9,1.3,616
"SQ64380 011",9.6,"5GG","5A",0,"HR",,3,-5,652
"SQ69614 541",8.4,"5GG","4C",0,"PO","D",5,2.5,359
"SQ54696 541",8,"3GB","5A",0,"HR",,12,-4.6,583
"SQ71591 051",7.5,"3GB","5A",0,"HR",,6,-2.7,668
"SQ55950 551",8.2,"5GG","5A",0,"CR",,12,1.8,461
"SQ49986 051",14,"5GG","5A",0,"HR",,10,-0.5,466
"SQ57251 051",4.4,"3GB","4C",1,"HR",,1,-5.1,306
"SQ50208 071",11.9,"5GG","5A",0,"HR",,10,1.9,481
"SQ63355 521",11.5,"5GG","5A",0,"HR",,3,-2.8,481
"SQ74062 531",5.8,"5GG","5A",0,"HGI","F",7,-2,531
"SQ51330 511",10.1,"5GG","4C",0,"GI","B",10,5.2,521
"SQ56499 541",5.6,"3GB","5A",0,"HGI","D",1,-0.4,627
"SQ52798 041",5.4,"3GB","4C",0,"HR","D",11,-2.9,476
"SQ67997 031",5.1,"5GG","5A",0,"HR",,5,-4.1,605
"SQ68417 511",13,"5GG","5A",0,"FH","B",5,3.6,377
"SQ50330 541",7.9,"3GB","5A",0,"CR",,10,0.9,351
"SQ56554 521",8.8,"3GB","5A",0,"GI",,1,3.1,531
"SQ66520 551",12.7,"5GG","5A",0,"HR",,4,0.7,373
"SQ68498 551",5.3,"3GB","5A",1,"HR","B",5,-1.7,394
"SQ52188 511",20.2,"5GG","4C",0,"HR","B",11,5.3,393
"SQ75710 521",7.6,"3GB","4C",0,"FH",,8,1.1,423
"SQ80106 531",5.1,"3GB","4C",0,"CR",,9,-3,638
"SQ62934 031",4.1,"3GB","4C",0,"FH",,3,-10.7,674
"SQ58383 071",7.1,"3GB","4C",0,"GI",,1,-4.6,555
"SQ50841 531",9.1,"5GG","5A",0,"HR",,10,-4.6,576
"SQ51097 061",11.6,"5GG","4C",0,"HGI","F",10,3.7,450
"SQ70470 521",10.2,"5GG","5A",0,"HR","B",6,-0.3,374
"SQ62591 531",0.9,"3GB","5A",1,"GI","D",3,-9.5,400
"SQ57452 051",8.2,"3GB","5A",0,"HR",,1,1.4,542
"SQ77937 051",6.5,"3GB","4C",1,"CR",,8,-0.9,323
"SQ52229 021",13.1,"3GB","4C",0,"CR","F",11,-2,356
"SQ55088 561",18.7,"5GG","4C",0,"HR","B",12,10.1,302
"SQ62966 041",8,"3GB","5A",0,"FH","B",3,-3.4,625
"SQ70971 011",7.9,"5GG","4C",0,"HR",,6,-7,684
"SQ65160 041",7.8,"5GG","4C",0,"GI",,4,-2.7,604
"SQ69801 511",12.8,"5GG","5A",0,"GI",,5,0,340
"SQ55654 541",8.1,"3GB","5A",0,"HR",,12,-4.7,538
"SQ77145 021",6.2,"3GB","5A",1,"CR",,8,1,402
"SQ54723 531",13.6,"5GG","5A",0,"HR","F",12,-0.6,547
"SQ50443 561",12,"5GG","5A",0,"PO","B",10,4,494
"SQ77530 531",6.3,"3GB","5A",0,"HR",,8,-0.7,637
"SQ67409 041",13.1,"5GG","4C",0,"CR",,5,0.4,383
"SQ68374 531",8.4,"5GG","4C",0,"HR",,5,-2,608
"SQ68842 041",6,"5GG","4C",0,"CR",,5,-6.7,641
"SQ59023 511",10.8,"5GG","5A",0,"GI",,2,3.1,451
"SQ65332 021",11.9,"3GB","5A",0,"GI","B",4,4.3,461
"SQ50731 021",10.5,"3GB","5A",0,"HR","F",10,-1,496
"SQ68484 521",18,"5GG","5A",0,"GI","B",5,10.8,406
"SQ57672 551",10.9,"5GG","5A",0,"HR","D",1,-4.5,510
"SQ52547 051",8.9,"3GB","4C",0,"GI",,11,-2.8,664
"SQ79360 561",7.4,"5GG","4C",0,"HR",,9,-2.7,623
"SQ55678 021",9.2,"5GG","5A",0,"FH",,12,0,500
"SQ70816 521",4.5,"3GB","4C",0,"HR",,6,-3.2,700
"SQ78097 521",8.3,"5GG","4C",0,"PO","D",8,0.9,429
"SQ64722 031",12.9,"5GG","5A",0,"PO","B",4,-2.4,500
"SQ55507 041",12.7,"5GG","5A",0,"CR",,12,0.9,476
"SQ50054 031",11.7,"5GG","5A",0,"HGI","F",10,0.3,463
"SQ52799 061",7.4,"5GG","5A",0,"HGI","D",11,-3.7,663
"SQ55117 551",3.3,"3GB","5A",0,"HGI","D",12,-10.2,671
"SQ78008 061",5.6,"5GG","5A",0,"CR",,8,-4.9,630
"SQ52976 511",15.9,"5GG","4C",0,"CR",,11,5.8,351
"SQ74419 551",1.2,"3GB","5A",0,"PO","D",7,-3.8,755
"SQ79200 061",8.3,"5GG","5A",0,"PO","D",9,0,512
"SQ57847 031",8.7,"5GG","4C",0,"GI",,1,-1.1,376
"SQ73345 551",4.5,"3GB","5A",0,"GI",,7,-1.3,612
"SQ57373 511",17.8,"3GB","4C",0,"HR","D",1,5.5,411
"SQ72999 541",6.1,"3GB","5A",0,"HR",,7,-3.1,478
"SQ63296 531",3.1,"3GB","5A",1,"HR",,3,-6.5,367
"SQ77272 561",4.8,"3GB","5A",0,"BP",,8,-5,602
"SQ79234 531",7.2,"5GG","4C",0,"HGI","F",9,-2.6,479
"SQ73643 561",5.7,"3GB","5A",0,"CR",,7,-2.4,682
"SQ78272 551",9.2,"5GG","5A",0,"HR",,8,2.2,521
"SQ78702 551",10.6,"3GB","5A",0,"HR",,9,1.8,622
"SQ80871 511",16.3,"5GG","4C",0,"HR",,9,4.8,325
"SQ62308 551",13.4,"5GG","4C",0,"PO","B",3,4.3,427
"SQ50852 021",8.7,"3GB","4C",1,"HR",,10,1.6,465
"SQ53141 521",15.4,"5GG","4C",0,"CR",,11,3.6,429
"SQ80877 561",4.8,"5GG","5A",0,"CR",,9,-9.8,497
"SQ60932 541",8.8,"5GG","4C",0,"BP",,2,-6.1,439
"SQ67724 541",7.9,"3GB","4C",0,"BP",,5,-5.7,480
"SQ78572 511",6.6,"5GG","5A",0,"CR",,9,1.2,576
"SQ80156 011",3.8,"3GB","4C",0,"CR",,9,-5.1,612
"SQ64246 071",16,"5GG","5A",0,"HR",,3,1.5,405
"SQ50716 021",7.1,"3GB","5A",0,"HR","B",10,3.1,610
"SQ64864 571",17.3,"5GG","4C",0,"HGI","B",4,6.8,326
"SQ55343 021",11.7,"3GB","5A",0,"HGI","D",12,-2.8,454
"SQ58478 541",2.5,"5GG","5A",0,"HR","F",1,-3.2,615
"SQ52600 011",4.1,"3GB","4C",0,"HR",,11,-4,685
"SQ76229 551",3.9,"3GB","5A",0,"HGI","F",8,-5.9,761
"SQ75452 041",2.6,"3GB","5A",0,"BP",,7,-6,700
"SQ76810 551",11.3,"5GG","4C",0,"PO","D",8,3.4,342
"SQ60615 531",9,"3GB","5A",0,"CR",,2,-3.1,480
"SQ76880 061",8.6,"3GB","5A",0,"HGI","D",8,-0.5,497
"SQ76885 521",5.2,"3GB","5A",0,"HGI","F",8,-3.3,515
"SQ79136 561",5.3,"5GG","5A",0,"CR",,9,-4.3,647
"SQ50340 551",6.3,"5GG","5A",0,"GI",,10,-2.5,421
"SQ51238 061",7.1,"5GG","5A",0,"CR",,10,0.5,434
"SQ71362 061",11.2,"5GG","5A",0,"HR",,6,4.5,563
"SQ76154 041",4.2,"5GG","4C",0,"CR",,8,-0.7,539
"SQ71566 041",4.7,"3GB","5A",0,"HR",,6,-1.9,509
"SQ55737 041",5.9,"5GG","5A",0,"HR",,12,-5.9,607
"SQ75464 041",4.1,"3GB","4C",0,"HR","D",7,-9,741
"SQ61594 031",9.4,"3GB","4C",0,"HR","B",3,-3.5,542
"SQ51297 021",7.3,"5GG","5A",0,"HGI","F",10,-2.3,479
"SQ73083 011",17.9,"5GG","4C",0,"PO","G",7,8,319
"SQ58539 511",11.9,"5GG","5A",0,"HGI","F",1,7.2,468
"SQ76889 021",8.9,"3GB","5A",0,"HGI","F",8,-2,528
"SQ54206 021",16.4,"5GG","5A",0,"HR",,12,6.5,331
"SQ74359 551",2.7,"3GB","5A",0,"HGI","D",7,-8.2,662
"SQ50967 531",7.4,"3GB","5A",0,"HGI","D",10,-2.7,581
"SQ78851 541",11.1,"5GG","4C",0,"HGI","D",9,-1.2,575
"SQ55200 021",10.7,"5GG","5A",0,"HR",,12,-2.5,361
"SQ68001 031",4.4,"5GG","5A",0,"HR",,5,-4.9,629
"SQ54342 031",17.4,"5GG","4C",0,"CR","F",12,11.1,344
"SQ51239 031",7.4,"5GG","5A",0,"CR",,10,0.2,590
"SQ51087 531",7.5,"5GG","5A",0,"PO","B",10,-3.1,575
"SQ53395 041",5.1,"3GB","5A",0,"HR","B",11,-6.1,564
"SQ64946 541",9.4,"3GB","5A",0,"HGI","D",4,1,547
"SP11179 531",93.6,"3GB","7A",1,"PO","F",4,86.3,314
"SQ53663 051",3.6,"5GG","5A",0,"HR",,12,-0.5,581
"SQ50322 541",7.1,"5GG","4C",0,"GI","B",10,3.2,533
"SQ68074 051",3.1,"3GB","5A",0,"PO","F",5,-4.7,672
"SQ62506 511",11.3,"5GG","4C",0,"CR",,3,-1.4,459
"SQ78788 031",7.6,"5GG","5A",0,"HR","F",9,-5.4,579
"SQ50782 531",10.9,"5GG","5A",0,"HGI","F",10,-1,358
"SQ49637 021",5.4,"3GB","5A",0,"CR",,10,-7.8,666
"SQ76597 551",12,"5GG","5A",0,"HR","B",8,4.8,475
"SQ55371 541",8.5,"5GG","5A",0,"CR",,12,-4.7,457
"SQ58953 031",11.9,"5GG","4C",0,"HR","D",2,4.1,388
"SQ61675 031",4.5,"5GG","4C",0,"BP",,3,-4,621
"SQ68505 011",0.4,"3GB","5A",1,"HR","B",5,-7.8,463
"SQ52062 051",12.5,"5GG","5A",0,"CR","B",11,-1.1,373
"SQ74219 521",7.1,"3GB","5A",0,"HR","D",7,-2.9,599
"SQ49490 521",10,"5GG","4C",0,"HGI","D",10,-5,490
"SQ73862 011",5.7,"5GG","5A",0,"HR",,7,-3.4,721
"SQ77907 011",2.9,"3GB","5A",0,"GA",,8,-6.4,542
"SQ77624 511",4.6,"3GB","5A",0,"HR","B",8,-1.4,773
"SQ76462 561",83.5,"3GB","5A",0,"CR",,8,71.8,445
"SQ61349 511",14,"5GG","4C",0,"PO","D",2,4.9,391
"SQ57326 041",13.2,"5GG","4C",0,"FH",,1,1.6,423
"SQ59550 041",16.1,"3GB","4C",0,"HR","D",2,6.9,436
"SQ63720 051",5.4,"5GG","5A",0,"HR","D",3,-4.5,590
"SQ65680 551",17.2,"3GB","5A",0,"FH",,4,2.7,401
"SQ53135 021",14.4,"5GG","4C",0,"CR",,11,5.7,346
"SQ58470 541",1.9,"3GB","5A",0,"GI","B",1,-7.2,623
"SQ49245 571",4.9,"5GG","5A",0,"PO","F",10,-5.1,574
"SQ71679 031",8.8,"5GG","5A",0,"PO","B",6,-2.6,488
"SQ52307 511",8.8,"5GG","5A",0,"GI","B",11,-4.5,491
"SQ59883 541",7.6,"3GB","4C",0,"HR","D",2,3.2,617
"SQ59585 041",16.5,"5GG","5A",0,"CR",,2,6.1,326
"SQ63626 011",6.6,"5GG","5A",0,"HR",,3,-2.3,661
"SQ78449 511",6.5,"5GG","5A",0,"HR",,9,-3.2,628
"SQ58030 041",7.2,"3GB","4C",1,"FH",,1,-1.3,358
"SQ75886 041",6.1,"3GB","4C",0,"HR","B",8,-6.7,648
"SQ54898 551",4,"5GG","4C",0,"CR",,12,-3.4,568
"SQ71908 031",13.4,"5GG","5A",0,"HR","D",6,11.4,549
"SQ67124 561",10,"5GG","5A",0,"BP",,4,-0.3,478
"SQ74217 541",7.6,"5GG","5A",0,"HR","D",7,-2.6,655
"SQ60617 021",7.2,"5GG","5A",0,"HR","D",2,-3.5,634
"SQ51978 521",13.7,"5GG","5A",0,"HR","D",11,3.1,495
"SQ60455 541",11.9,"3GB","5A",0,"PO","B",2,-0.2,400
"SQ76376 531",4.8,"5GG","4C",0,"CR",,8,-3,501
"SQ65358 531",10.4,"3GB","5A",0,"GI","D",4,4.9,366
"SQ80942 561",10.1,"3GB","4C",0,"HR",,9,-7,588
"SQ59892 041",10.8,"3GB","4C",0,"HR",,2,5.1,393
"SQ53870 031",14.9,"5GG","4C",0,"HR",,12,0.4,321
"SQ77928 031",10,"3GB","4C",1,"GI","F",8,1.7,317
"SQ52808 561",13.6,"5GG","5A",0,"HGI","F",11,4.3,534
"SQ58755 511",6.3,"3GB","5A",0,"PO","D",1,-1.2,645
"SQ51372 031",12.9,"5GG","5A",0,"GA",,10,1,422
"SQ62312 511",13,"5GG","4C",0,"PO","B",3,4.1,497
"SQ62618 071",4.9,"3GB","5A",0,"PO","D",3,-4.5,561
"SQ80429 541",5.7,"5GG","4C",0,"CR",,9,-8.2,510
"SQ78868 011",10.8,"5GG","5A",0,"HR",,9,-2.7,378
"SQ63232 011",6.6,"5GG","4C",0,"HR","D",3,-5.7,652
"SQ74197 531",2.7,"3GB","5A",0,"CR",,7,-7.9,696
"SQ49942 531",17.2,"5GG","5A",0,"HR",,10,5.1,350
"SQ71345 531",5.6,"5GG","5A",0,"PO","D",6,-5.1,402
"SQ68083 531",9.7,"3GB","4C",0,"CR",,5,1.4,385
"SQ56273 541",15,"5GG","5A",0,"HR",,1,2.8,372
"SQ66506 551",2.8,"5GG","5A",0,"HR","D",4,-7.3,596
"SQ67558 541",12,"5GG","5A",0,"HR",,5,2.9,393
"SQ55574 041",3.6,"5GG","4C",0,"HR","B",12,-1,639
"SQ67432 551",10.3,"5GG","4C",0,"PO","D",5,-1.2,376
"SQ56699 521",9.2,"3GB","4C",0,"HGI","F",1,-0.5,398
"SQ67432 521",11.3,"5GG","4C",0,"PO","D",5,-0.9,510
"SQ73343 051",5.2,"5GG","5A",0,"GI",,7,-0.7,610
"SQ73350 531",4.3,"3GB","5A",0,"HR",,7,-1.9,641
"SQ73602 541",6.5,"3GB","5A",1,"HR","F",7,-0.6,317
"SQ61598 541",6.9,"5GG","5A",0,"BP",,3,-5.8,503
"SQ77614 541",5.2,"5GG","5A",0,"PO","D",8,0.8,685
"SQ57862 531",18.6,"5GG","4C",0,"HR",,1,6.8,326
"SQ70479 531",8.5,"5GG","5A",0,"HR","B",6,-0.7,462
"SQ71324 031",4.1,"5GG","5A",0,"CR",,6,-7.3,516
"SQ72148 561",5.8,"5GG","5A",0,"HR",,6,-4.8,539
"SQ65666 041",4.2,"3GB","5A",1,"FH",,4,-3.5,414
"SQ54697 011",17.6,"3GB","4C",0,"HR","F",12,5.8,366
"SQ52224 041",10.8,"5GG","5A",0,"PO","D",11,-1,604
"SQ68630 011",4.7,"5GG","4C",0,"HR",,5,-8.7,517
"SQ71857 021",9.1,"5GG","5A",0,"HR",,6,-0.2,497
"SQ65538 541",20.5,"5GG","5A",0,"HGI","D",4,8.1,336
"SQ52995 511",2.8,"3GB","4C",1,"FH",,11,-5.4,333
"SQ51089 041",7.3,"5GG","5A",0,"PO","B",10,-3.8,618
"SQ63301 551",4.6,"3GB","5A",1,"HR",,3,-8.3,339
"SQ57835 011",4.9,"3GB","5A",0,"HGI","B",1,-8.7,572
"SQ68169 521",23.4,"3GB","4C",0,"HR",,5,13.9,313
"SQ66516 561",16.7,"3GB","5A",0,"HR","D",4,1.4,348
"SQ50269 041",7.1,"3GB","5A",0,"HGI","D",10,-0.2,634
"SQ51720 551",13.5,"5GG","5A",0,"GI",,11,-2.2,440
"SQ50052 541",12.7,"5GG","5A",0,"HGI","F",10,0.9,572
"SQ50079 021",10.1,"5GG","4C",0,"HR",,10,3.1,509
"SQ59678 551",11.7,"3GB","5A",0,"CR",,2,-1.3,430
"SQ77113 551",5.7,"5GG","5A",0,"HR","B",8,-4.6,510
"SQ75415 541",4.9,"3GB","4C",0,"HR",,7,0.2,463
"SQ80354 521",11.5,"3GB","5A",1,"FH",,9,2.1,308
"SQ58959 531",9,"3GB","4C",0,"GI","F",2,2.1,452
"SQ56689 051",9.9,"3GB","4C",0,"HGI","F",1,1.4,510
"SQ49550 041",6.2,"5GG","5A",0,"HR",,10,-4.8,627
"SQ62419 011",14.1,"5GG","5A",0,"HR","D",3,1.7,478
"SQ58220 041",11.9,"5GG","5A",0,"HR",,1,2.5,453
"SQ54325 041",11.7,"5GG","4C",0,"PO","F",12,-1.1,314
"SQ56180 521",8.6,"3GB","5A",0,"HGI","D",1,3,612
"SQ77931 511",5.8,"3GB","4C",0,"CR",,8,1.9,701
"SQ61660 031",10,"5GG","5A",0,"HGI","F",3,0.2,474
"SQ66705 071",1.3,"3GB","5A",0,"HR",,4,-4,688
"SQ50887 521",5.2,"5GG","4C",0,"HR","D",10,-5.7,500
"SQ67199 041",9.1,"5GG","5A",0,"HR","D",4,-2.7,626
"SQ71485 051",3.9,"5GG","5A",0,"HR",,6,-7.3,579
"SQ51799 041",18.4,"5GG","5A",0,"HR",,11,2.8,440
"SQ65190 511",3.5,"3GB","5A",0,"PO","B",4,-2.4,653
"SQ77366 541",4.3,"3GB","4C",0,"CR",,8,-1.8,700
"SQ56009 541",7.7,"5GG","5A",0,"FH",,12,-6.2,595
"SQ77188 541",5.3,"5GG","5A",0,"PO","B",8,-2.4,683
"SQ53613 061",2.8,"5GG","5A",0,"HR","D",11,-9.2,560
"SQ76450 541",8.6,"5GG","5A",0,"CR",,8,-2.6,485
"SQ52437 051",4.5,"3GB","4C",0,"GI",,11,1.7,555
"SQ72504 541",11.9,"5GG","5A",0,"HR","B",6,4.5,471
"SQ71311 591",4.6,"3GB","5A",0,"PO","B",6,-4,632
"SQ59042 541",10.7,"5GG","5A",0,"HR",,2,-1.1,409
"SQ63735 041",13.1,"5GG","4C",0,"PO","D",3,4.2,431
"SQ54677 541",12.4,"5GG","5A",0,"HR",,12,-0.9,431
"SQ74422 521",5.1,"3GB","5A",0,"PO","B",7,0.7,614
"SQ54720 521",7.8,"5GG","4C",0,"HR",,12,-2.2,506
"SQ70941 531",15.9,"3GB","4C",0,"HR",,6,-3.4,301
"SQ50748 561",10.2,"5GG","5A",0,"HGI","F",10,0.7,395
"SQ50889 521",10.6,"5GG","4C",0,"HR",,10,-4,400
"SQ51067 041",11.4,"5GG","4C",0,"GI",,10,2.6,507
"SQ66533 541",15.8,"3GB","4C",0,"PO","F",4,7.7,367
"SQ77279 071",5.9,"5GG","5A",0,"BP",,8,-6.6,568
"SQ60978 021",8.7,"5GG","5A",0,"HR","B",2,-3.8,503
"SQ79286 541",1,"3GB","4C",1,"HR","F",9,-11,468
"SQ64061 561",4.6,"3GB","5A",0,"CR",,3,0.2,474
"SQ57875 021",17.4,"3GB","5A",0,"GI",,1,2.5,394
"SQ59022 541",7.3,"3GB","4C",0,"GA",,2,2.4,657
"SQ51654 031",9.9,"3GB","5A",0,"HR",,11,-1.8,481
"SQ73410 041",10.7,"5GG","5A",0,"HR",,7,0.5,499
"SQ56584 541",6.5,"3GB","4C",0,"GA",,1,0.5,504
"SQ66195 511",11.8,"3GB","5A",0,"BP",,4,7,436
"SQ57024 511",13.6,"3GB","5A",0,"HR","D",1,2.2,380
"SQ62278 031",16.9,"5GG","5A",0,"CR",,3,8.7,331
"SQ53773 061",14.7,"5GG","4C",0,"PO","F",12,6.7,336
"SQ52166 041",8.5,"3GB","5A",0,"CR",,11,-3.1,549
"SQ65027 571",10.4,"5GG","5A",0,"BP",,4,-0.8,304
"SQ53866 551",16,"5GG","4C",0,"HR",,12,1.5,321
"SQ77289 511",9.1,"5GG","5A",0,"HR","D",8,-1.5,621
"SQ55866 011",7.4,"5GG","4C",0,"PO","F",12,-3.4,454
"SQ49844 051",14.1,"5GG","4C",0,"HR",,10,6.6,448
"SQ74752 551",8.1,"5GG","5A",0,"CR",,7,2.4,500
"SQ73740 021",3.7,"3GB","4C",0,"CR",,7,1.1,640
"SQ51155 041",17,"5GG","4C",0,"GI",,10,1.2,325
"SQ63084 551",4,"5GG","5A",0,"HR","D",3,-6.5,739
"SQ67089 011",11.1,"5GG","5A",0,"HR",,4,-2.3,552
"SQ52820 511",6.1,"3GB","4C",0,"GA","B",11,-0.5,449
"SQ64380 051",9,"3GB","5A",0,"HR",,3,-5.4,633
"SQ64433 521",13.5,"5GG","5A",0,"FH",,3,6.2,304
"SQ70342 541",7.9,"3GB","5A",0,"CR",,6,-0.7,587
"SQ74065 061",3,"3GB","5A",0,"HGI","F",7,-3.8,800
"SQ49199 551",5,"5GG","5A",0,"GI","B",10,-4,649
"SQ58402 011",3.4,"3GB","4C",0,"HGI","D",1,-0.2,742
"SQ60109 521",9.2,"5GG","5A",0,"HR","B",2,0.3,471
"SQ77042 531",45.7,"3GB","4C",1,"HR","D",8,39.7,410
"SQ70476 531",8.8,"5GG","5A",0,"HR","B",6,-0.2,526
"SQ55814 041",5,"3GB","4C",0,"HGI","D",12,-0.7,663
"SQ70431 531",14.1,"5GG","5A",0,"GI",,6,4.8,391
"SQ59881 551",12.8,"5GG","5A",0,"CR",,2,8.3,313
"SQ66520 531",13,"5GG","5A",0,"HR",,4,0.9,395
"SQ56452 031",5.7,"3GB","4C",0,"HGI","F",1,-2.4,481
"SQ59787 541",13.7,"5GG","4C",0,"HR","B",2,-0.6,411
"SQ52024 031",11.7,"5GG","5A",0,"HR",,11,-1.8,456
"SQ52769 541",9.4,"3GB","5A",1,"FH",,11,-3.2,349
"SQ68617 551",6.1,"5GG","4C",0,"HR",,5,-6.5,592
"SQ72885 531",5.4,"5GG","5A",0,"CR",,7,0.2,544
"SQ72095 031",5.8,"5GG","5A",1,"HR","B",6,-3.5,313
"SQ67894 531",10.2,"3GB","5A",0,"FH",,5,6.1,479
"SQ65463 531",15.3,"3GB","5A",0,"PO","D",4,4.4,402
"SQ80950 521",12.4,"5GG","4C",0,"HR",,9,-8.4,499
"SQ51031 551",6.7,"5GG","5A",0,"CR",,10,-1.7,450
"SQ60390 531",10.4,"5GG","5A",0,"HGI","F",2,-0.9,568
"SQ75539 541",14.1,"3GB","5A",0,"PO","F",8,5.4,489
"SQ77489 561",3.6,"3GB","5A",0,"HR",,8,2.3,574
"SQ60504 021",6.9,"3GB","5A",0,"CR",,2,-5.8,604
"SQ72787 561",9.5,"5GG","4C",0,"CR",,7,1,382
"SQ56536 521",14.9,"5GG","4C",0,"HR",,1,7.9,310
"SQ51195 561",5.6,"2GB","4C",0,"HGI","B",10,-3.9,500
"SQ62186 051",10,"3GB","5A",0,"GI","B",3,-3.7,393
"SQ61015 021",14.3,"5GG","5A",0,"HR",,2,9.9,512
"SQ60608 041",12.2,"5GG","5A",0,"CR",,2,5.7,483
"SQ57063 031",4.3,"3GB","5A",1,"HR","D",1,-4.9,346
"SQ65176 011",5.6,"3GB","5A",0,"PO","B",4,-5.6,514
"SQ75720 051",6,"3GB","5A",0,"HR",,8,-2,509
"SQ60574 031",5.5,"5GG","5A",0,"FH","B",2,-0.6,556
"SQ63641 551",7.1,"3GB","5A",0,"HR",,3,0.1,554
"SQ51150 031",16.4,"5GG","4C",0,"HR",,10,2.7,531
"SQ49872 571",10.3,"5GG","5A",0,"HR",,10,0.1,534
"SQ50997 511",5.1,"3GB","5A",1,"GI",,10,-8,439
"SQ54048 561",14.8,"5GG","4C",0,"HGI","F",12,5.9,446
"SQ68498 031",7.7,"3GB","5A",1,"HR","B",5,0.8,332
"SQ68143 551",5.5,"3GB","5A",0,"BP",,5,-3.8,620
"SQ76815 021",5.5,"5GG","4C",0,"PO","B",8,-5.7,718
"SQ63234 531",6.3,"5GG","4C",0,"HR","F",3,-3.4,680
"SQ75183 541",8.8,"3GB","5A",0,"CR","B",7,-4.3,550
"SQ57417 551",8.7,"5GG","5A",0,"PO","D",1,-2.7,442
"SQ50727 541",11,"3GB","5A",0,"HR","F",10,0,584
"SQ71767 031",16.4,"5GG","5A",0,"HR","D",6,2.6,496
"SQ80789 551",13.8,"5GG","4C",0,"HR","G",9,4,497
"SQ65271 011",14.3,"5GG","5A",0,"PO","F",4,3,560
"SQ52715 541",9.2,"3GB","4C",1,"FH",,11,1.4,355
"SQ66112 041",11.7,"5GG","5A",0,"HGI","F",4,3.2,351
"SQ71652 551",9.7,"3GB","5A",0,"HR","F",6,-1.8,555
"SQ55736 011",4.6,"5GG","5A",0,"HR",,12,-10.3,474
"SQ51047 531",4.1,"5GG","4C",0,"GI",,10,-5,610
"SQ59192 521",15.7,"5GG","5A",0,"GA",,2,4.3,470
"SQ64708 051",15,"5GG","5A",0,"CR",,4,-0.2,399
"SQ61532 051",5.7,"3GB","4C",1,"HR","B",2,-0.6,424
"SQ51163 051",11.1,"5GG","4C",0,"CR",,10,1.6,337
"SQ49455 031",13.1,"5GG","5A",0,"HR",,10,3,541
"SQ57975 011",8.6,"5GG","4C",0,"CR",,1,-4.2,493
"SQ77116 051",5,"3GB","5A",0,"HR","D",8,-5,581
"SQ50450 021",11.6,"5GG","5A",0,"PO","B",10,2,407
"SQ49101 011",7.3,"5GG","5A",0,"HR","B",10,-2.9,573
"SQ61211 021",12.7,"5GG","5A",0,"PO","D",2,0.3,453
"SQ62875 031",4.4,"5GG","5A",0,"PO","D",3,-4.3,594
"SQ56239 511",1.9,"3GB","5A",0,"GA","B",1,-3.7,620
"SQ75899 541",9.3,"3GB","5A",1,"GI","B",8,2.7,314
"SQ70159 071",12.4,"5GG","4C",0,"HR","D",6,3.1,437
"SQ69580 551",10.7,"5GG","5A",0,"CR","B",5,1.2,627
"SQ58108 531",8.7,"3GB","5A",0,"CR",,1,-0.2,366
"SQ59549 541",10,"5GG","5A",0,"CR",,2,-9.1,574
"SQ56182 021",5.9,"5GG","5A",0,"HR",,1,-3.8,629
"SQ72779 531",6.6,"5GG","5A",0,"PO","B",7,-7.4,681
"SQ70524 551",6.2,"5GG","4C",0,"PO","D",6,1.2,566
"SQ73740 041",3.3,"3GB","4C",0,"CR",,7,0.8,746
"SQ77288 021",6.4,"5GG","5A",0,"BP",,8,-1.6,585
"SQ78645 031",11.9,"3GB","5A",1,"HR",,9,-1.4,334
"SQ49105 521",6.3,"5GG","5A",0,"HR","B",10,-3.6,471
"SQ76465 551",7.8,"5GG","5A",0,"CR",,8,-1.4,534
"SQ56061 521",7.6,"3GB","5A",1,"CR",,12,-2.7,322
"SQ66509 521",4.5,"3GB","4C",1,"CR",,4,-5.6,374
"SQ58343 531",3.9,"3GB","4C",0,"HGI","F",1,-3.7,601
"SQ72254 041",7.8,"5GG","5A",0,"PosMAC","B",6,-1.5,530
"SQ55054 551",9.1,"5GG","4C",0,"HR","B",12,4.4,500
"SQ56916 561",5.8,"5GG","5A",0,"PO","B",1,-0.3,677
"SQ79866 011",4.5,"3GB","5A",0,"PO","D",9,-2.9,742
"SQ49908 051",8.2,"5GG","5A",0,"HR","D",10,1.4,566
"SQ71656 031",11.3,"5GG","5A",0,"HR",,6,2.4,576
"SQ68010 531",8,"5GG","5A",0,"HR",,5,-1.5,489
"SQ69761 541",5.8,"5GG","4C",0,"HR",,5,-7.6,587
"SQ70601 521",7.4,"3GB","5A",0,"GI",,6,-4.9,578
"SQ53800 531",10.1,"3GB","5A",0,"CR",,12,4.3,522
"SQ50837 041",11.3,"5GG","5A",0,"HR",,10,-3.1,428
"SQ50288 541",14.1,"5GG","5A",0,"HR","B",10,3,369
"SQ58116 031",12.5,"3GB","4C",0,"CR",,1,-3,491
"SQ73609 521",5.8,"3GB","5A",0,"CR",,7,-5.6,633
"SQ55405 531",11,"5GG","4C",0,"HR",,12,2.5,443
"SQ72338 531",4.2,"3GB","4C",1,"GI","D",6,-4.1,316
"SQ57342 541",14,"5GG","5A",0,"GA",,1,-0.5,449
"SQ57336 051",12,"5GG","5A",0,"HR",,1,-1.3,532
"SQ71308 071",5.4,"3GB","5A",0,"HR","B",6,-3.5,458
"SQ64884 051",15.2,"5GG","5A",0,"HR",,4,6.9,468
"SQ77410 011",6.3,"5GG","5A",0,"GI",,8,-0.6,507
"SQ60314 571",9.3,"3GB","4C",0,"BP",,2,-0.6,420
"SQ57995 551",7.8,"5GG","5A",0,"HGI","F",1,-3.2,466
"SQ58325 041",7.2,"5GG","4C",0,"GI",,1,0,381
"SQ74207 061",9.2,"3GB","5A",0,"CR",,7,0.7,458
"SQ64828 541",7.8,"3GB","4C",0,"GA",,4,0.4,561
"SQ49095 021",5.2,"3GB","5A",0,"FH","B",10,-2.1,621
"SQ79254 051",10.2,"5GG","5A",0,"HR","D",9,2.7,538
"SQ79961 021",3.2,"3GB","4C",0,"HR",,9,-5.9,644
"SQ51264 021",1.5,"3GB","5A",1,"GI","F",10,-6.8,405
"SQ67014 011",13.1,"5GG","5A",0,"HR",,4,0.1,623
"SQ62397 551",4.9,"5GG","5A",0,"HGI","F",3,-6.7,655
"SQ77603 531",6.2,"5GG","5A",0,"HGI","F",8,-2.4,669
"SQ79302 021",6.5,"5GG","5A",0,"HR",,9,-3.7,665
"SQ50831 521",4.6,"5GG","5A",0,"HR",,10,-5.1,521
"SQ52107 521",5.9,"5GG","5A",0,"HR",,11,-6.9,652
"SQ73822 521",4.8,"5GG","5A",0,"GI","B",7,-0.9,522
"SQ56766 021",0.9,"3GB","5A",1,"EG","F",1,-4.6,410
"SQ71366 541",2.7,"3GB","5A",0,"HR",,6,-5.9,696
"SQ49683 551",12.5,"3GB","4C",0,"HR","B",10,-3.6,514
"SQ61704 541",9.2,"3GB","5A",0,"HR",,3,0.7,495
"SQ52383 551",11,"3GB","5A",0,"HR","B",11,0.1,500
"SQ77954 531",7.8,"5GG","5A",0,"GI","B",8,-1,609
"SQ51600 061",13.2,"5GG","5A",0,"HR",,11,7.3,480
"SQ53809 551",8.3,"5GG","5A",0,"HGI","F",12,1.3,538
"SQ60574 041",5.4,"5GG","5A",0,"GI","B",2,-0.7,640
"SQ74903 051",5,"3GB","4C",0,"PO","D",7,-10.7,556
"SQ52983 051",15.2,"5GG","5A",0,"HR",,11,6.9,417
"SQ49418 511",11.5,"3GB","5A",0,"HR","D",10,-0.4,566
"SQ59579 021",9.5,"3GB","5A",0,"EG","F",2,-1.1,386
"SQ68758 561",11.7,"3GB","5A",0,"CR",,5,-0.6,619
"SQ58509 021",10,"5GG","5A",0,"GI",,1,0.2,323
"SQ53719 541",5.6,"3GB","5A",0,"GI",,12,-3.6,716
"SQ62270 081",8.4,"3GB","5A",0,"CR",,3,-4,485
"SQ67910 011",6.7,"3GB","4C",0,"PO","B",5,2.4,568
"SQ77369 531",4.2,"3GB","4C",0,"CR",,8,-2.2,624
"SQ51277 561",7.9,"5GG","5A",0,"CR",,10,-0.2,534
"SQ67626 551",8.9,"5GG","5A",0,"GI",,5,-0.6,617
"SQ71605 541",11.4,"3GB","5A",0,"HR",,6,2.7,403
"SQ49336 511",8,"3GB","5A",0,"HR",,10,-4.1,523
"SQ76018 011",6.2,"3GB","5A",0,"HR",,8,-1.3,632
"SQ62216 031",9.5,"3GB","4C",0,"BP",,3,-0.2,533
"SQ53570 011",8.7,"5GG","5A",0,"GI",,11,2.6,539
"SQ72330 041",14.8,"3GB","4C",0,"GI",,6,0.7,466
"SQ78421 521",8,"3GB","4C",0,"PO","D",9,-0.5,498
"SQ54657 031",8.6,"3GB","5A",0,"HGI","D",12,-5.4,581
"SQ70838 531",10.7,"3GB","4C",0,"GI",,6,5.2,396
"SQ64332 551",9.8,"5GG","5A",0,"HGI","F",3,-0.5,635
"SQ77621 011",3.7,"5GG","5A",0,"PO","D",8,-0.4,679
"SQ79144 021",3.4,"3GB","5A",0,"HGI","F",9,-5.9,645
"SQ77074 521",7.4,"5GG","5A",0,"PO","D",8,1.3,624
"SQ66485 521",9.6,"3GB","4C",0,"PO","D",4,-0.9,389
"SQ65992 021",5.4,"5GG","5A",0,"PO","D",4,-8.8,596
"SQ73398 041",12.2,"5GG","5A",0,"HR",,7,-2.1,464
"SQ66421 541",15.2,"5GG","5A",0,"GI","F",4,3.6,424
"SQ78383 541",8,"5GG","5A",0,"HR",,9,-4.1,640
"SQ67073 061",7,"5GG","4C",0,"CR",,4,-8.2,416
"SQ66878 521",6.8,"3GB","5A",0,"HR",,4,-2.7,650
"SQ50790 051",10.1,"5GG","5A",0,"HGI","F",10,-0.3,432
"SQ52663 561",15.7,"5GG","5A",0,"HR","B",11,2.4,430
"SQ50307 041",16.6,"5GG","5A",0,"HGI","B",10,10.1,367
"SQ72759 541",9.4,"3GB","5A",0,"PO","B",7,-4.9,480
"SQ73304 551",5.1,"3GB","5A",0,"BP",,7,-5.6,466
"SQ50524 561",13.7,"5GG","5A",0,"PO","G",10,1.8,486
"SQ60089 551",11.1,"5GG","5A",0,"HGI","D",2,0.8,426
"SQ65205 041",5,"3GB","5A",0,"PO","G",4,-6.3,669
"SQ67232 051",7.1,"3GB","4C",0,"HR",,5,-7.6,475
"SQ54914 021",11.6,"3GB","4C",0,"HR",,12,8.3,333
"SQ59438 541",6.5,"3GB","5A",1,"HR",,2,2,603
"SQ51970 541",15.5,"5GG","5A",0,"FH",,11,5.1,482
"SQ58570 031",7.8,"3GB","5A",1,"HR","D",1,-0.9,429
"SQ76833 031",9.9,"5GG","4C",0,"CR",,8,3.4,521
"SQ70143 541",6.9,"5GG","4C",0,"HR",,6,1.3,602
"SQ74294 061",2.4,"3GB","5A",0,"HR",,7,-4.2,598
"SQ80343 021",11.8,"3GB","4C",0,"FH",,9,2.8,397
"SQ79936 551",2.6,"3GB","4C",0,"HR","D",9,-6.2,689
"SQ79543 011",8.3,"5GG","5A",0,"CR",,9,-4.4,515
"SQ71121 031",6.1,"3GB","4C",0,"CR",,6,-1.2,676
"SQ75086 041",11.7,"5GG","5A",0,"HR","D",7,0.2,512
"SQ57075 541",10.7,"5GG","5A",0,"PO","G",1,1.6,404
"SQ61628 051",6.9,"3GB","4C",0,"PO","F",3,0.2,484
"SQ67631 541",7.8,"5GG","5A",0,"CR",,5,-1.5,509
"SQ73781 061",8.8,"5GG","5A",0,"BP",,7,4.7,370
"SQ68257 541",6.1,"5GG","5A",0,"CR",,5,-5.3,653
"SQ65143 511",16.2,"5GG","4C",0,"HR",,4,8.4,375
"SQ52585 541",5.1,"5GG","4C",0,"HR",,11,-0.4,495
"SQ68555 571",6.6,"3GB","5A",0,"CR",,5,-4.1,547
"SQ80825 081",3.8,"5GG","5A",0,"BP",,9,-4.8,497
"SQ50084 051",9.4,"5GG","4C",0,"HR","D",10,1.3,363
"SQ77598 551",6.4,"3GB","5A",0,"GI",,8,-1.6,614
"SQ71550 041",14.2,"3GB","4C",0,"PO","F",6,5.8,343
"SQ70218 541",17.9,"5GG","5A",0,"CR",,6,4.8,323
"SQ78200 531",9.2,"5GG","5A",0,"GI",,8,-0.5,497
"SQ71077 551",12.3,"5GG","4C",0,"HR","B",6,3.3,459
"SQ75467 021",3.7,"3GB","4C",0,"HR","D",7,-9.3,559
"SQ49880 031",13.1,"3GB","5A",0,"HR","B",10,-0.5,487
"SQ75217 541",2,"5GG","5A",0,"HR","D",7,-11.7,665
"SQ69611 031",9.5,"3GB","4C",0,"CR",,5,2.9,478
"SQ75603 531",9.2,"3GB","5A",0,"CR",,8,1.2,399
"SQ58764 561",8.3,"3GB","4C",0,"HR",,1,0.5,482
"SQ63510 581",9.3,"5GG","4C",0,"HR","B",3,3.3,478
"SQ60396 541",10.3,"5GG","5A",0,"HR",,2,1.2,592
"SQ76649 021",4.3,"3GB","4C",0,"CR",,8,-7.4,547
"SQ52059 521",14,"3GB","5A",0,"CR","B",11,-0.3,453
"SQ49983 561",14.2,"3GB","5A",0,"HR",,10,0.2,471
"SQ63819 061",9.4,"5GG","4C",0,"HGI","F",3,-4.4,363
"SQ76994 551",10.5,"5GG","5A",0,"HR",,8,2.8,544
"SQ54734 511",9.1,"5GG","5A",0,"HR","D",12,-3.1,480
"SQ62781 511",19.6,"5GG","5A",0,"HR","D",3,7.8,338
"SQ59000 011",9.1,"5GG","5A",0,"HGI","F",2,-3.6,391
"SQ54893 051",3.8,"5GG","4C",0,"PO","D",12,-1.8,551
"SQ54672 521",12.4,"3GB","5A",0,"HR",,12,0.4,453
"SQ72536 511",7.8,"5GG","5A",0,"HR",,6,0.8,616
"SQ51160 511",15.4,"2GB","4C",0,"HR",,10,-0.1,385
"SQ77812 051",14.5,"3GB","5A",0,"HR","D",8,3.3,414
"SQ53689 041",1.1,"3GB","4C",0,"GI",,12,-4.7,699
"SQ63562 051",7.7,"5GG","4C",0,"GI",,3,1.1,449
"SQ71148 531",1.3,"3GB","4C",1,"FH","F",6,-10.4,404
"SQ62270 511",9.4,"3GB","5A",0,"CR",,3,-3.5,525
"SQ49336 541",7.4,"3GB","5A",0,"HR",,10,-4.5,556
"SQ49659 561",13.7,"3GB","5A",0,"HGI","F",10,2.6,527
"SQ55975 511",7.2,"5GG","5A",0,"GI","B",12,0.1,599
"SQ64624 531",15,"5GG","4C",0,"PO","D",4,4.6,397
"SQ67170 511",11.9,"3GB","4C",0,"FH","D",4,1.1,479
"SQ50204 041",10.5,"5GG","5A",0,"HR",,10,-1.3,494
"SQ49806 041",6.6,"5GG","5A",0,"HR",,10,-0.9,486
"SQ63236 521",8.5,"5GG","4C",0,"HR","D",3,-3.9,534
"SQ78291 011",6.4,"5GG","4C",0,"FH","B",8,-3,571
"SQ59885 011",16.2,"3GB","5A",0,"HGI","B",2,7.7,383
"SQ71611 531",14.1,"5GG","5A",0,"PO","D",6,3.3,368
"SQ55202 021",11.5,"5GG","5A",0,"HR",,12,-3,535
"SQ49548 551",13.3,"5GG","5A",0,"HR",,10,-0.9,494
"SQ52391 011",10.9,"5GG","4C",0,"HR",,11,5.9,469
"SQ64304 541",7.8,"5GG","5A",0,"HR",,3,-6.9,477
"SQ52534 561",5.8,"3GB","4C",0,"HR",,11,0.7,513
"SQ71468 541",5.5,"3GB","5A",1,"HR","F",6,-4.8,327
"SQ53395 511",5.9,"5GG","5A",0,"HR","B",11,-5.6,526
"SQ68172 531",3.9,"3GB","4C",0,"HR",,5,-7.9,719
"SQ52234 051",7.9,"5GG","4C",0,"HGI","D",11,-3.8,585
"SQ51108 521",4.5,"3GB","5A",0,"HGI","D",10,-2.4,671
"SQ61198 051",6.8,"5GG","5A",0,"HGI","F",2,-2.2,553
"SQ56878 511",6.6,"3GB","4C",0,"HR",,1,-2.8,624
"SQ53461 031",13.9,"3GB","5A",0,"CR",,11,-3.6,434
"SQ54093 561",16.7,"5GG","5A",0,"HR",,12,2.7,331
"SQ59101 511",15.8,"5GG","5A",0,"CR",,2,6.3,350
"SQ58078 521",14.7,"5GG","4C",0,"HR",,1,6.7,488
"SQ60051 531",7.2,"5GG","5A",0,"HR","B",2,0.1,366
"SQ59459 021",7.7,"5GG","5A",0,"HGI","F",2,0.9,524
"SQ64115 511",12.9,"3GB","5A",0,"HGI","F",3,3.2,353
"SQ58766 041",6.7,"5GG","4C",0,"HR",,1,0.1,665
"SQ63076 521",4,"3F1","5A",0,"HR",,3,-4.8,758
"SQ71488 041",5.7,"5GG","5A",0,"HR",,6,-4.4,554
"SQ71161 561",7.1,"3GB","5A",0,"HR",,6,-3.7,564
"SQ66858 531",7.9,"5GG","5A",0,"HR",,4,-2.6,630
"SQ64832 541",8.6,"3GB","4C",0,"HR","D",4,0.7,568
"SQ63655 541",5.2,"5GG","5A",0,"HR",,3,-3.5,588
"SQ68501 011",0.7,"3GB","5A",1,"HR","B",5,-13.4,469
"SQ65576 041",11.6,"5GG","5A",0,"HGI","F",4,-0.2,462
"SQ50266 041",5.9,"5GG","5A",0,"HR","D",10,-6.7,526
"SQ53703 561",6.7,"5GG","5A",0,"HGI","F",12,-0.8,587
"SQ58268 021",4,"3GB","4C",0,"HR","B",1,-7.2,651
"SQ49889 551",10.1,"3GB","5A",0,"HR",,10,-2.2,357
"SQ60572 041",6.6,"3GB","4C",0,"GI","D",2,1.3,563
"SQ49631 541",6,"3GB","5A",0,"CR",,10,-6.8,652
"SQ49793 511",11.4,"5GG","4C",0,"HR",,10,2.6,471
"SQ81010 531",17.5,"3GB","5A",0,"GI","D",9,7.3,367
"SQ56999 561",8.6,"3GB","4C",0,"HGI","D",1,-6.3,401
"SQ71189 511",6.1,"5GG","5A",0,"CR",,6,2,563
"SQ56876 541",3.9,"3GB","4C",1,"GI","F",1,-2.2,307
"SQ57783 021",9.8,"5GG","5A",0,"HR",,1,-4.9,515
"SQ52538 031",7.2,"3GB","4C",0,"HR",,11,-0.2,505
"SQ73300 511",6.7,"5GG","5A",0,"BP",,7,-3.9,490
"SQ78628 061",2.6,"5GG","5A",0,"HR",,9,-8.8,770
"SQ57994 031",10.3,"3GB","4C",0,"HR","D",1,-0.7,474
"SQ73165 011",2.5,"3GB","4C",0,"HR","D",7,-7.6,754
"SQ74330 531",3.8,"5GG","4C",0,"GI","B",7,-0.9,666
"SQ64385 011",7.7,"5GG","5A",0,"HR",,3,-6.5,583
"SQ58476 031",2.5,"3GB","4C",0,"CR",,1,-8.3,648
"SQ80719 521",2.3,"3GB","5A",1,"GA","F",9,-4.5,452
"SQ55296 021",11,"3GB","5A",1,"GI","F",12,1.4,328
"SQ57741 541",6.2,"5GG","5A",0,"HR",,1,-5.9,684
"SQ68126 041",12,"5GG","4C",0,"HR","B",5,2.9,476
"SQ51139 531",2.6,"5GG","4C",0,"HR",,10,-3.3,667
"SQ63546 541",16.3,"5GG","5A",0,"HGI","F",3,4.8,375
"SQ51471 551",16.1,"5GG","4C",0,"HGI","F",10,7.9,451
"SQ78058 031",9.6,"5GG","5A",0,"CR",,8,-0.5,477
"SQ64308 521",12.5,"3GB","4C",0,"HGI","F",3,3,486
"SQ70856 041",2.4,"3GB","4C",0,"CR","B",6,-5.8,724
"SQ53852 031",10,"3GB","4C",0,"CR","F",12,-4.8,347
"SQ52678 021",12.8,"3GB","5A",0,"GI","B",11,4.4,529
"SQ71195 011",4.9,"3GB","5A",0,"GI",,6,0.2,494
"SQ69659 011",5.5,"3GB","5A",0,"HR","D",5,-2.4,609
"SQ60848 541",1.7,"3GB","5A",1,"GI","F",2,-8.1,415
"SQ55302 521",13.3,"5GG","4C",0,"PO","B",12,0.7,381
"SQ73955 031",2.2,"3GB","4C",0,"HR",,7,-5.6,646
"SQ50079 011",8.9,"3GB","4C",0,"HR",,10,3.2,592
"SQ73843 521",8.7,"5GG","4C",0,"PO","B",7,1.4,586
"SQ57887 011",9.8,"3GB","4C",0,"HR","F",1,-0.8,440
"SQ50428 531",10,"3GB","5A",0,"HR",,10,-3.8,532
"SQ55357 021",9.7,"5GG","5A",0,"HR",,12,-1.8,550
"SQ50905 561",7.4,"5GG","5A",0,"HR","B",10,-7.6,612
"SQ57274 531",15.2,"3GB","5A",0,"BP",,1,10,346
"SQ75460 021",10.9,"3GB","4C",0,"GI",,7,-0.5,445
"SQ51366 021",13.6,"3GB","4C",0,"PO","G",10,1.1,324
"SQ61489 541",7.7,"3GB","5A",0,"PO","B",2,-3.6,634
"SQ80235 521",11.9,"3GB","5A",0,"CR",,9,0.1,393
"SQ49560 541",19.6,"5GG","5A",0,"HR",,10,10.8,380
"SQ50188 511",3.6,"3GB","4C",0,"HGI","F",10,-5.1,583
"SQ74602 011",7.3,"3GB","5A",0,"HR",,7,-4.1,580
"SQ50751 011",11.4,"3GB","5A",0,"HR","D",10,0.6,395
"SQ54039 511",12.1,"5GG","5A",0,"FH","D",12,4.8,448
"SQ52100 041",10.2,"5GG","4C",0,"GI","B",11,-4.6,403
"SQ54657 511",8.6,"3GB","5A",0,"HGI","D",12,-5.2,611
"SQ71401 061",6.6,"3GB","5A",1,"HR","F",6,1.6,353
"SQ72679 041",5.7,"3GB","4C",0,"GA","D",6,-3.4,657
"SQ74071 571",3.1,"3GB","5A",0,"HGI","D",7,-5.7,732
"SQ72030 521",14,"3GB","4C",0,"GI",,6,5.3,353
"SQ53653 041",5.1,"5GG","5A",0,"HGI","F",12,0.4,696
"SQ67699 021",12.3,"3GB","5A",0,"HR",,5,-0.8,490
"SQ61274 521",1.5,"3GB","5A",1,"CR",,2,-12.2,323
"SQ74364 541",2.4,"3GB","5A",0,"HGI","D",7,-9.3,817
"SQ60714 521",10.6,"5GG","5A",0,"HR",,2,-2.9,457
"SQ56269 551",13.8,"3GB","5A",0,"HR",,1,3.9,392
"SQ74585 521",7.5,"5GG","5A",0,"GI","B",7,-0.8,597
"SQ71211 551",5.7,"3GB","5A",0,"HR",,6,-3.8,669
"SQ74575 051",10.5,"5GG","5A",0,"CR",,7,1.4,497
"SQ68243 521",14.7,"3GB","4C",0,"HR","D",5,4.6,421
"SQ55183 571",6.9,"3GB","5A",0,"HGI","D",12,-2.5,547
"SQ51188 041",5.9,"3GB","4C",1,"GI","F",10,-5.6,371
"SQ76037 031",5.7,"5GG","5A",0,"HR","B",8,-1.5,503
"SQ72799 561",17.9,"5GG","5A",0,"CR",,7,5.4,305
"SQ60851 521",0.9,"3GB","5A",1,"GI","F",2,-9.1,458
"SQ63662 511",12.3,"5GG","5A",0,"HGI","F",3,0,314
"SQ71956 511",7.1,"3GB","5A",0,"HR",,6,-0.7,601
"SQ71366 531",2.8,"5GG","5A",0,"HR",,6,-5.8,573
"SQ64074 041",12.8,"3GB","4C",0,"HR","F",3,6.5,381
"SQ53201 091",6,"3GB","4C",0,"PO","G",11,-1.1,549
"SQ61466 531",12,"5GG","4C",0,"PO","B",2,1.9,336
"SQ65575 041",13.4,"5GG","4C",0,"HGI","D",4,3.2,375
"SQ58540 061",4.2,"3GB","5A",1,"HR","D",1,-4,311
"SQ51047 521",4.2,"5GG","4C",0,"GI",,10,-4.9,554
"SQ51093 021",12.4,"3GB","4C",0,"HGI","F",10,5.3,438
"SQ77652 531",7.3,"5GG","5A",0,"HGI","F",8,-2.4,587
"SQ70483 021",6.3,"5GG","5A",0,"HR","B",6,-3.8,455
"SQ80719 511",2,"3GB","5A",1,"GA","F",9,-4.7,456
"SQ76937 531",6.6,"5GG","5A",0,"CR",,8,-0.3,591
"SQ72040 551",7.2,"5GG","4C",0,"CR","B",6,-0.8,401
"SQ70021 531",4.5,"5GG","5A",0,"BP",,5,0.5,597
"SQ62210 031",10.5,"3GB","4C",0,"BP",,3,1.1,479
"SQ68876 021",33,"5GG","5A",0,"PO","G",5,24.1,390
"SQ80812 091",6.4,"3GB","5A",0,"BP",,9,-1.7,547
"SQ60681 511",10.1,"5GG","4C",0,"HR",,2,1,464
"SQ55687 541",17.3,"5GG","5A",0,"GI",,12,6.2,327
"SQ50967 021",7.4,"3GB","5A",0,"HGI","D",10,-2.5,398
"SQ68097 541",8.4,"5GG","5A",0,"HR","D",5,1,495
"SQ52969 051",11.5,"5GG","5A",0,"HR",,11,-1,311
"SQ62724 011",12.1,"3GB","5A",0,"PO","B",3,0.6,369
"SQ79570 561",4.2,"3GB","5A",0,"GA","B",9,-6.2,490
"SQ73202 541",8.1,"5GG","5A",0,"HR","D",7,-0.1,527
"SQ54672 071",10,"5GG","5A",0,"HR","D",12,-5.6,500
"SQ52490 541",3.2,"3GB","4C",0,"HR",,11,0.7,642
"SQ69098 521",19.4,"5GG","5A",0,"HR",,5,4.2,407
"SQ77156 051",6.5,"3GB","5A",0,"FH","B",8,3.9,608
"SQ59459 041",7.9,"5GG","5A",0,"HGI","D",2,0.7,597
"SQ79307 031",6.1,"5GG","5A",0,"BP",,9,-4.7,584
"SQ60526 541",15.5,"5GG","5A",0,"HR",,2,6.4,361
"SQ54827 561",18.6,"5GG","5A",0,"HR",,12,6.8,401
"SQ65423 051",5.6,"3GB","4C",0,"GI",,4,-6.6,555
"SQ57449 051",4.1,"3GB","5A",1,"HR",,1,-5.2,376
"SQ72226 031",17.3,"5GG","4C",0,"HR",,6,6.7,372
"SQ66153 531",23.6,"3GB","5A",0,"BP",,4,17.5,323
"SQ64962 031",12.4,"5GG","5A",0,"HR",,4,1.5,478
"SQ80398 021",9.2,"5GG","5A",0,"HR",,9,-0.8,451
"SQ59459 011",8.5,"5GG","5A",0,"HGI","D",2,1,414
"SQ53848 561",12.5,"5GG","5A",0,"HR","D",12,-3.6,402
"SQ79780 521",13.8,"5GG","5A",0,"HR","D",9,3.5,320
"SQ77521 561",6.4,"5GG","5A",0,"HR",,8,-0.9,575
"SQ76641 551",4.5,"3GB","4C",0,"HR",,8,-5.4,540
"SQ64045 511",10.3,"3GB","4C",0,"HR","B",3,4,531
"SQ66196 521",16.6,"3GB","5A",0,"PO","B",4,5.9,336
"SQ77133 051",9.3,"3GB","5A",0,"HR",,8,-1.7,517
"SQ65675 011",16.7,"3GB","5A",0,"EG","F",4,2.8,351
"SQ76824 541",7.5,"3GB","5A",0,"HR","D",8,-1,530
"SQ53135 551",23.7,"5GG","4C",0,"CR",,11,16.5,303
"SQ69028 541",4.3,"5GG","5A",0,"HR",,5,-2.7,669
"SQ63280 051",7.9,"3GB","5A",0,"HR","F",3,-6.6,553
"SQ67923 561",7.7,"3GB","5A",0,"HR",,5,1.9,363
"SQ51866 541",11.8,"3GB","5A",0,"GI","B",11,4.2,439
"SQ80566 541",17.6,"5GG","5A",0,"CR",,9,10.9,485
"SQ60565 541",7.2,"3GB","5A",0,"PO","B",2,-3.6,485
"SQ60037 011",11.5,"3GB","4C",0,"HR",,2,4.2,421
"SQ52496 561",10.8,"5GG","5A",0,"HR","D",11,5.1,608
"SQ75272 051",2.5,"3GB","4C",0,"HGI","F",7,-3.6,707
"SQ64722 021",13.1,"3GB","5A",0,"PO","B",4,-2.1,583
"SQ56389 021",12.7,"5GG","4C",0,"HR","D",1,5.4,371
"SQ70503 521",5.1,"3GB","5A",0,"PO","B",6,2.7,665
"SQ72918 531",0.7,"3GB","5A",0,"CR",,7,-7.6,720
"SQ56966 011",9.8,"3GB","5A",0,"HR",,1,-1.8,451
"SQ69652 551",5.8,"3GB","5A",0,"HR","D",5,-1.2,578
"SQ66528 021",11.3,"3GB","5A",0,"HR",,4,-1.3,410
"SQ67655 051",12.4,"5GG","5A",0,"HR",,5,-1.9,327
"SQ63333 051",11.5,"5GG","5A",0,"HR","B",3,0,526
"SQ77494 521",12.2,"5GG","5A",0,"HR",,8,5.7,512
"SQ65205 071",4.4,"3GB","5A",0,"PO","G",4,-6.6,684
"SQ66516 041",16.4,"3GB","5A",0,"HR","D",4,1.6,549
"SQ58474 531",2.8,"3GB","4C",0,"GI",,1,-7.7,704
"SQ69490 581",12.4,"5GG","5A",0,"GI",,5,-1.1,386
"SQ49424 021",11.2,"5GG","4C",0,"CR",,10,0,359
"SQ75162 021",11.1,"5GG","5A",0,"FH","B",7,0.9,406
"SQ72046 021",5.4,"5GG","4C",0,"CR","B",6,-2.5,607
"SQ52310 011",4.9,"3GB","5A",0,"GI","B",11,-5.8,615
"SQ54584 531",8.5,"5GG","5A",0,"HR","D",12,0.4,556
"SQ64378 021",2.6,"3GB","4C",1,"HR","B",3,-8.2,312
"SQ64853 051",3.8,"5GG","4C",0,"HR","D",4,-5.3,637
"SQ58253 571",8.2,"5GG","5A",0,"HR","B",1,-2.9,403
"SQ72534 551",7.5,"5GG","5A",0,"HR","D",6,-2.4,617
"SQ75972 031",10.4,"3GB","5A",1,"HR",,8,3.2,343
"SQ71320 531",6.6,"5GG","5A",0,"GA",,6,-6,641
"SQ56133 531",2.6,"3GB","5A",0,"HR",,12,-1.1,612
"SQ53390 031",16.2,"5GG","5A",0,"GA","D",11,8.9,426
"SQ59829 561",9.2,"3GB","4C",0,"HR",,2,-2.3,553
"SQ68394 541",10.7,"5GG","5A",0,"HR","B",5,0.1,471
"SQ75162 011",11.5,"5GG","5A",0,"FH","B",7,0.9,392
"SQ56554 021",8.9,"3GB","5A",0,"GI",,1,3,565
"SQ77672 541",10.1,"5GG","5A",0,"CR",,8,2.3,422
"SQ56208 041",4.4,"5GG","5A",0,"HGI","D",1,-3.8,570
"SQ68505 561",0.8,"3GB","5A",1,"HR","B",5,-6.7,416
"SQ50529 511",12.1,"5GG","5A",0,"PO","G",10,-0.2,303
"SQ55627 091",3.7,"3GB","5A",0,"PO","G",12,-2.3,702
"SQ79050 021",11.6,"5GG","4C",0,"HR","B",9,4.7,362
"SQ52849 031",8.7,"5GG","5A",0,"HR","D",11,2,407
"SQ51895 511",21.2,"5GG","4C",0,"HR","B",11,8.4,329
"SQ68213 541",19.8,"5GG","5A",0,"CR",,5,12.5,354
"SQ73256 561",6.4,"5GG","5A",0,"HR",,7,-4.5,447
"SQ62252 521",15.7,"5GG","5A",0,"HR","D",3,10.5,448
"SQ56022 511",8,"5GG","5A",0,"FH",,12,-7,534
"SQ55975 551",6.6,"5GG","5A",0,"GI","B",12,-0.3,583
"SQ59910 531",10.2,"5GG","5A",0,"GI","B",2,1.8,457
"SQ58256 551",8.5,"3GB","4C",0,"HR",,1,-3.3,622
"SQ69194 081",10,"3GB","5A",0,"PO","B",5,-3.6,413
"SQ70049 531",6.5,"3GB","5A",0,"HR",,5,-6.4,420
"SQ74182 521",5.5,"3GB","5A",1,"HR",,7,-6.2,375
"SQ66199 021",7.6,"3GB","5A",0,"BP",,4,-2.9,569
"SQ57897 541",9.9,"5GG","5A",0,"HGI","B",1,-4.4,617
"SQ56173 021",6.4,"5GG","5A",0,"HR","D",1,-1.7,607
"SQ53522 521",8.5,"5GG","5A",0,"CR","B",11,-1.5,585
"SQ58199 051",13.3,"3GB","4C",0,"PO","D",1,3.1,413
"SQ72044 051",5.7,"5GG","4C",0,"CR","B",6,-2.2,615
"SQ60138 541",10,"3GB","4C",0,"HR","B",2,4.2,476
"SQ53310 051",13.7,"3GB","5A",0,"GI","B",11,7.3,444
"SQ63513 011",6.7,"5GG","5A",0,"PO","D",3,2.8,421
"SQ51085 561",7.8,"5GG","5A",0,"PO","B",10,-2.9,578
"SQ63537 551",14,"5GG","5A",0,"PO","D",3,7.6,338
"SQ66189 531",10.1,"3GB","5A",0,"BP",,4,0,472
"SQ53767 031",6.8,"3GB","4C",0,"PO","D",12,2.9,527
"SQ75280 551",9.4,"5GG","5A",0,"HR",,7,1,509
"SQ78292 521",14.8,"3GB","5A",0,"HR",,8,0,321
"SQ51558 511",12.9,"5GG","5A",0,"HGI","D",11,6.4,592
"SQ64705 011",9,"3GB","5A",0,"CR",,4,0.7,592
"SQ77278 561",5.4,"5GG","5A",0,"HR","D",8,-6.3,647
"SQ78459 531",15.9,"5GG","5A",0,"PosMAC","B",9,5.4,350
"SQ81018 531",16.4,"3GB","5A",0,"GI","D",9,5.4,368
"SQ68159 521",14.5,"5GG","5A",0,"BP",,5,-4.4,358
"SQ70231 531",12.3,"5GG","4C",0,"PO","B",6,0.5,397
"SQ64701 021",14.5,"5GG","5A",0,"HGI","D",4,1.2,573
"SQ75194 041",7.1,"5GG","5A",0,"HR","B",7,-6.8,435
"SQ51385 041",12.9,"5GG","4C",0,"HR",,10,0.7,534
"SQ53085 011",6.3,"5GG","5A",0,"PO","B",11,2.5,413
"SQ55723 511",10.9,"5GG","5A",0,"GI","B",12,-2.3,594
"SQ75838 561",5.7,"5GG","5A",0,"HGI","F",8,-1.4,616
"SQ79135 031",3.6,"3GB","4C",0,"CR",,9,-3.7,637
"SQ52682 041",11.7,"5GG","5A",0,"GI","B",11,2.8,522
"SQ76317 531",6.2,"5GG","4C",0,"HGI","D",8,-9.3,590
"SQ53189 011",15.7,"3GB","5A",0,"HR",,11,6.1,300
"SQ53741 571",3.5,"5GG","5A",0,"HR","D",12,-10.2,725
"SQ49108 551",11.3,"5GG","5A",0,"HR","B",10,7,488
"SQ73822 541",4,"3GB","5A",0,"GI","B",7,-1.3,731
"SQ53745 021",7.1,"5GG","5A",0,"HGI","D",12,-2,516
"SQ51654 541",9.7,"5GG","5A",0,"HR",,11,-2.1,505
"SQ58263 561",4.8,"5GG","4C",0,"HR","B",1,-6.2,689
"SQ74149 561",4.5,"3GB","5A",0,"BP",,7,-6.5,524
"SQ56307 041",5.3,"3GB","5A",0,"HR","D",1,-5.7,679
"SQ52303 541",8.7,"5GG","5A",0,"GI","B",11,-3.7,455
"SQ60215 021",4.4,"5GG","5A",0,"PO","D",2,-0.9,544
"SQ75795 531",7.5,"5GG","4C",0,"HGI","F",8,-1.7,434
"SQ71278 521",11.6,"5GG","5A",0,"HR",,6,1.9,559
"SQ58953 011",12.1,"5GG","4C",0,"HR","D",2,4.3,346
"SQ78194 031",5.5,"3GB","4C",0,"BP",,8,-5.5,534
"SQ57150 551",7.6,"5GG","5A",0,"BP",,1,-1.9,437
"SQ52833 031",11.1,"3GB","5A",0,"HR","D",11,3.3,538
"SQ64334 541",9.8,"3GB","5A",0,"HGI","F",3,-1.1,530
"SQ62411 041",3,"3GB","5A",0,"PO","F",3,-9.6,627
"SQ50482 511",17.4,"5GG","5A",0,"HR","B",10,-1.1,361
"SQ74149 031",5.1,"5GG","5A",0,"BP",,7,-6.2,596
"SQ73304 061",5.1,"3GB","5A",0,"BP",,7,-5.7,580
"SQ71317 511",7.7,"5GG","5A",0,"PO","B",6,-4.8,501
"SQ63277 531",7.1,"5GG","5A",0,"HR","D",3,-7.4,462
"SQ73774 561",3.6,"5GG","5A",0,"BP",,7,-2.4,685
"SQ66631 021",15.3,"3GB","5A",0,"HR",,4,8.6,359
"SQ62923 041",10.6,"3GB","5A",0,"HR",,3,2.5,552
"SQ61115 061",8.3,"5GG","5A",0,"HR","D",2,-1,467
"SQ57866 071",5.8,"5GG","4C",0,"HR",,1,0.2,538
"SQ70500 031",4.4,"5GG","4C",0,"CR",,6,-4.9,528
"SQ68558 571",6.6,"5GG","5A",0,"CR",,5,-5,592
"SQ49452 021",13.1,"5GG","5A",0,"HR",,10,4.2,581
"SQ59856 541",9.8,"3GB","5A",0,"PO","B",2,2.5,487
"SQ66543 071",10,"3GB","5A",1,"HR","B",4,-0.1,348
"SQ51171 051",9.1,"5GG","4C",0,"HR",,10,1.4,514
"SQ61196 541",7.1,"5GG","5A",0,"HGI","D",2,-1.6,572
"SQ72916 531",1.2,"3GB","5A",0,"CR",,7,-7.1,696
"SQ53934 551",13,"5GG","5A",0,"HR",,12,-3.2,538
"SQ58478 031",2.7,"5GG","5A",0,"HR","F",1,-3,708
"SQ60418 541",3.3,"3GB","4C",1,"GI","F",2,-8.6,364
"SQ55157 521",5.7,"3GB","4C",0,"HR","B",12,-6.7,568
"SQ55975 571",6.3,"3GB","5A",0,"GI","B",12,-0.4,574
"SQ69676 531",13.1,"5GG","4C",0,"CR",,5,-0.7,355
"SQ70906 021",7.9,"5GG","5A",0,"PO","B",6,3.1,516
"SQ72724 011",5,"5GG","4C",0,"FH",,6,-5.8,733
"SQ61681 531",8.2,"5GG","5A",0,"HGI","F",3,-5.7,538
"SQ69463 011",14.4,"5GG","5A",0,"HR",,5,8.2,378
"SQ55758 021",4.5,"5GG","4C",0,"GI","B",12,-5.3,640
"SQ62063 051",20.6,"5GG","5A",0,"HR","F",3,6.5,320
"SQ53391 051",5.1,"3GB","5A",0,"HR","B",11,-4.8,653
"SQ80659 561",13.1,"3GB","5A",0,"HR","B",9,0.5,440
"SQ69659 521",2.8,"3GB","5A",0,"HR",,5,-7,582
"SQ73383 061",8,"3GB","4C",0,"HR","D",7,-1.1,451
"SQ60952 081",1.7,"3GB","5A",1,"GI",,2,-9,304
"SQ65918 021",7.8,"5GG","5A",0,"CR",,4,-7.4,480
"SQ69854 541",8.5,"5GG","5A",0,"GI","D",5,2.3,373
"SQ52012 521",5.7,"3GB","5A",0,"HR","D",11,-0.3,655
"SQ79444 061",13.7,"5GG","5A",0,"HGI","D",9,2.8,553
"SQ59172 011",4.6,"3GB","4C",0,"GI","B",2,-3.3,674
"SQ74215 561",5.5,"3GB","5A",0,"CR","B",7,-2.3,688
"SQ80764 511",12.8,"5GG","5A",0,"CR",,9,1.1,326
"SQ52195 021",18.9,"3GB","4C",0,"HR","B",11,3.2,405
"SQ53690 021",4.4,"3GB","4C",0,"GI",,12,0.6,647
"SQ67600 511",6.2,"5GG","5A",0,"PO","B",5,-5.9,728
"SQ76569 041",8.1,"3GB","4C",1,"GI",,8,2.7,302
"SQ67080 021",7.9,"5GG","4C",0,"CR",,4,-2.2,478
"SQ58335 021",6.1,"5GG","4C",0,"GI",,1,-2,470
"SQ67308 521",3.2,"3GB","4C",0,"CR",,5,-6.3,450
"SQ52223 521",11,"5GG","5A",0,"PO","D",11,-4.1,449
"SQ66927 531",10,"5GG","5A",0,"HR",,4,-3.9,375
"SQ74640 541",2.2,"5GG","5A",0,"PO","B",7,-2.9,698
"SQ80212 561",6.2,"5GG","4C",0,"HGI","F",9,-2.1,507
"SQ66265 021",10.7,"3GB","4C",0,"FH",,4,0.2,573
"SQ73874 551",5.6,"5GG","5A",0,"PO","B",7,0.5,527
"SQ54423 021",8.1,"5GG","5A",0,"HGI","F",12,0.5,487
"SQ65911 561",6,"3GB","4C",0,"HR","B",4,-6.6,603
"SQ52864 031",8.4,"5GG","4C",0,"HGI","F",11,-0.6,596
"SQ62870 521",4.9,"3GB","5A",0,"PO","D",3,-6.5,654
"SQ50339 521",14.7,"5GG","5A",0,"HGI","F",10,-0.5,458
"SQ59380 551",4.2,"3GB","5A",1,"HR",,2,1.1,359
"SQ67804 061",10,"5GG","5A",0,"CR",,5,-5.1,623
"SQ56615 511",5.4,"5GG","5A",0,"HR",,1,-3.1,592
"SQ71092 011",9.4,"3GB","4C",0,"CR","B",6,0,307
"SQ57749 011",4.3,"3GB","5A",0,"HR",,1,-7.3,635
"SQ58067 011",5.1,"5GG","5A",0,"GI","B",1,-5.1,481
"SQ78949 031",13.5,"5GG","5A",0,"CR",,9,1.9,314
"SQ54429 521",7.8,"5GG","5A",0,"HGI","F",12,-1.2,454
"SQ72720 011",5.4,"5GG","4C",0,"FH",,6,-4.7,510
"SQ71485 021",4.4,"5GG","5A",0,"HR",,6,-6.8,650
"SQ62109 041",8.6,"3GB","5A",0,"GI",,3,-4.4,605
"SQ75924 551",2.3,"3GB","5A",0,"HGI","F",8,-1.5,699
"SQ55549 531",13.5,"5GG","4C",0,"FH",,12,11.3,446
"SQ73447 531",9.5,"5GG","5A",0,"HR",,7,-1.6,402
"SQ49710 031",21.3,"5GG","4C",0,"HR",,10,6.1,336
"SQ53955 021",12.2,"5GG","5A",0,"GI","B",12,-1.6,355
"SQ52983 011",15.4,"5GG","5A",0,"HR",,11,7.2,450
"SQ77364 551",9.8,"3GB","5A",0,"HGI","D",8,-1.8,559
"SQ58270 551",11.4,"3GB","5A",0,"HR","D",1,1.4,506
"SQ68337 521",13.9,"3GB","4C",0,"CR",,5,6.9,302
"SQ55658 031",7.7,"5GG","5A",0,"HR",,12,-5.8,517
"SQ78755 511",2.2,"5GG","5A",0,"GA","D",9,-8.1,662
"SQ69494 541",10,"5GG","4C",0,"CR",,5,-2.1,498
"SQ55263 551",4.4,"5GG","5A",0,"HGI","D",12,-7.6,611
"SQ50991 511",12.6,"5GG","5A",0,"GI",,10,2.6,446
"SQ55184 041",16.7,"5GG","4C",0,"FH",,12,1.3,344
"SQ60930 041",11.3,"5GG","4C",0,"BP",,2,2.8,417
"SQ73627 521",6.9,"5GG","4C",0,"HR",,7,-0.7,633
"SQ79163 011",5.2,"5GG","5A",0,"HR",,9,-0.8,479
"SQ78514 021",15.1,"5GG","5A",0,"HR","D",9,6.9,403
"SQ75719 521",5.1,"3GB","4C",0,"FH",,8,-1.5,482
"SQ53759 511",8.3,"5GG","5A",0,"PO","D",12,1.9,481
"SQ80249 031",9,"3GB","5A",1,"GI",,9,5.8,403
"SQ53379 011",15.9,"3GB","4C",0,"HR",,11,1.9,300
"SQ55833 031",11.8,"3GB","4C",0,"HR","B",12,4.4,464
"SQ56446 571",5.8,"5GG","4C",0,"PO","D",1,-1.5,609
"SQ51704 581",6.9,"3GB","4C",0,"HGI","D",11,-4.6,606
"SQ77183 021",5.8,"5GG","5A",0,"PO","B",8,-1.3,701
"SQ50881 021",8,"5GG","5A",0,"HGI","D",10,-3.4,635
"SQ70271 021",11.7,"3GB","4C",0,"FH","B",6,0.2,437
"SQ74537 021",1.6,"5GG","5A",0,"HR","B",7,-2.1,818
"SQ52930 521",7.4,"5GG","5A",0,"HGI","F",11,-3.2,660
"SQ54206 111",12.4,"5GG","5A",0,"HR",,12,0.3,373
"SQ67349 031",4.4,"5GG","5A",0,"HR",,5,-7.3,663
"SQ68820 011",9.2,"5GG","5A",0,"HR",,5,-4.9,547
"SQ77029 041",6.8,"3GB","5A",0,"HR","B",8,-2.5,574
"SQ63154 021",10.3,"3GB","4C",0,"FH",,3,-2.3,434
"SQ57021 021",13.8,"5GG","5A",0,"HR",,1,2.7,479
"SQ73226 041",4.7,"3F1","5A",0,"HR","B",7,-6.2,661
"SQ60472 511",12.5,"3GB","5A",0,"HGI","D",2,1.9,444
"SQ58601 021",12.6,"5GG","5A",0,"PO","D",1,4.5,421
"SQ58427 061",6.3,"3GB","4C",0,"CR",,1,-0.4,484
"SQ62318 061",12.7,"5GG","4C",0,"PO","B",3,2,352
"SQ64804 061",9.1,"5GG","5A",0,"GI","B",4,-1.3,580
"SQ53342 511",9.4,"5GG","5A",0,"HR",,11,2.7,583
"SQ80661 011",13.2,"3GB","5A",0,"HR","B",9,0.5,498
"SQ52752 041",3,"3GB","5A",1,"GI","F",11,-5.3,473
"SQ66149 531",3.3,"3GB","5A",0,"BP",,4,-6.5,704
"SQ77083 541",7.3,"5GG","5A",0,"CR",,8,-1,572
"SQ74200 041",3.8,"3GB","5A",0,"CR",,7,-5.1,767
"SQ60210 021",5.8,"5GG","5A",0,"CR",,2,0.1,665
"SQ55830 551",3.8,"5GG","5A",0,"PO","B",12,-0.9,685
"SQ51272 031",4.6,"5GG","4C",0,"GI","D",10,-3.6,639
"SQ56199 071",5,"3GB","5A",0,"HGI","F",1,-2.1,644
"SQ52848 051",4.9,"3GB","5A",1,"EG","F",11,-2.1,424
"SQ74598 521",2.8,"3F1","5A",0,"HR","D",7,-4.1,578
"SQ70423 011",5,"5GG","4C",0,"FH",,6,-0.6,609
"SQ63703 521",15.2,"5GG","5A",0,"HR","D",3,7.3,426
"SQ56476 051",10.5,"3GB","4C",0,"PO","B",1,-4.4,483
"SQ60671 051",5.1,"3GB","5A",0,"PO","B",2,-6.9,587
"SQ65699 511",15.9,"3GB","5A",0,"HGI","F",4,10.5,413
"SQ57687 531",7.2,"5GG","5A",0,"HR","D",1,-7.4,504
"SQ72406 541",9.3,"5GG","5A",0,"CR","F",6,-0.1,476
"SQ53613 011",3.9,"3GB","5A",0,"HR","D",11,-8.5,587
"SQ54010 031",13.5,"3GB","4C",0,"GI",,12,-0.7,348
"SQ50939 031",13.3,"3GB","4C",1,"HR",,10,0.2,371
"SQ51158 021",14.8,"2GB","4C",0,"HR","D",10,0.1,379
"SQ57892 521",11.2,"5GG","5A",0,"HGI","B",1,-2.8,484
"SQ68610 521",5.9,"5GG","4C",0,"PO","F",5,-4.4,608
"SQ64187 551",11.1,"5GG","5A",0,"HGI","F",3,1.1,531
"SQ81032 531",9.9,"3GB","5A",0,"GI","D",9,2.3,464
"SQ50911 531",14.3,"5GG","5A",0,"HR",,10,-0.6,384
"SQ70216 511",8.4,"5GG","5A",0,"CR",,6,-5.9,443
"SQ58381 041",6.4,"5GG","4C",0,"GI",,1,-4.8,476
"SQ71217 531",27.9,"3GB","5A",1,"CR",,6,18.6,343
"SQ50013 541",2.2,"3GB","4C",1,"HGI","D",10,-11.1,420
"SQ72710 051",6.3,"5GG","4C",0,"FH",,6,-5.2,662
"SQ53688 531",2.5,"3GB","5A",0,"PO","D",12,-4.3,734
"SQ75666 041",6.2,"3GB","4C",0,"GA",,8,-8.9,648
"SQ53722 561",5.3,"3GB","5A",0,"HGI","D",12,-5.4,524
"SQ63763 041",5.6,"5GG","4C",0,"HGI","F",3,-1.4,640
"SQ52764 541",6.1,"3GB","5A",1,"FH",,11,-1.7,301
"SQ59192 031",15.5,"5GG","5A",0,"GA",,2,4.2,331
"SQ58891 041",17,"5GG","5A",0,"PO","B",2,15.1,434
"SQ65762 051",13.6,"5GG","4C",0,"HR",,4,3.4,537
"SQ67002 021",4.8,"5GG","4C",0,"HR","F",4,-6.9,539
"SQ66596 521",12.5,"3GB","5A",0,"HR",,4,-1,481
"SQ74968 531",6.2,"3GB","5A",0,"HR",,7,-2.3,665
"SQ54041 011",11.3,"5GG","5A",0,"HR","B",12,4.3,439
"SQ79484 571",7.6,"3GB","4C",0,"HR","D",9,-5.9,491
"SQ49910 541",15.2,"5GG","5A",0,"CR",,10,10,477
"SQ55180 521",15.4,"5GG","4C",0,"GI",,12,3,397
"SQ73918 021",3.9,"5GG","5A",0,"HR",,7,-3.4,510
"SQ74530 511",3,"5GG","5A",0,"CR",,7,-0.3,672
"SQ58420 021",4.6,"5GG","5A",0,"CR",,1,-1.6,503
"SQ74466 051",5.6,"5GG","4C",0,"PO","D",7,2.8,674
"SQ53723 041",8.4,"5GG","5A",0,"HR","D",12,-5.6,558
"SQ59201 031",9.8,"3GB","4C",0,"HGI","F",2,-6,585
"SQ66540 031",9.8,"3GB","5A",1,"HR","B",4,0.4,327
"SQ53264 011",6.8,"3GB","4C",0,"HGI","F",11,-0.4,616
"SQ51801 011",18.5,"5GG","5A",0,"HR",,11,2.5,367
"SQ70483 041",6.2,"5GG","5A",0,"HR","B",6,-4.2,618
"SQ65905 551",7.2,"3GB","4C",0,"GI","B",4,-5.2,588
"SQ63516 511",17.9,"5GG","4C",0,"HR","B",3,8.6,324
"SQ74109 531",14.8,"3GB","5A",0,"PO","B",7,6.7,426
"SQ54876 041",5.8,"5GG","4C",0,"HGI","F",12,-5.4,633
"SQ59954 031",8.5,"5GG","4C",0,"CR",,2,-1.4,457
"SQ63808 521",3.9,"5GG","4C",0,"HGI","D",3,-9.3,604
"SQ57759 031",9,"5GG","5A",0,"HR","F",1,-5.2,438
"SQ78601 011",4.6,"5GG","4C",0,"CR",,9,-6.4,660
"SQ61519 031",10.8,"5GG","5A",0,"HR",,2,-0.8,378
"SQ56715 511",1.8,"3GB","4C",1,"HR",,1,-3.6,381
"SQ49810 041",12.7,"3GB","5A",0,"PO","B",10,2.8,430
"SQ65058 041",5.2,"5GG","5A",0,"HGI","F",4,-5.3,585
"SQ51391 561",8,"3GB","4C",0,"HGI","F",10,-0.9,541
"SQ53129 051",9.1,"3GB","5A",0,"HGI","F",11,-1.8,407
"SQ53750 061",2.7,"3GB","5A",0,"HGI","D",12,-4.3,744
"SQ49986 521",14.8,"5GG","5A",0,"HR",,10,0,526
"SQ73411 031",7.3,"3GB","4C",0,"GA",,7,-5.8,589
"SQ70984 021",8.7,"5GG","5A",0,"HR","D",6,-3.7,597
"SQ69292 051",5.9,"3GB","5A",0,"HR",,5,-8.3,616
"SQ55079 041",3.8,"5GG","4C",0,"HR","B",12,-2.1,675
"SQ65721 051",7.4,"5GG","5A",0,"FH",,4,4.3,583
"SQ51910 531",3.6,"3GB","5A",1,"HR","B",11,-8,336
"SQ60851 031",7.4,"3GB","5A",1,"GI","F",2,-6.1,321
"SQ78261 051",6.8,"5GG","5A",0,"CR",,8,-5.2,564
"SQ67387 041",2.5,"5GG","5A",0,"PO","B",5,-1.2,819
"SQ63066 531",8.8,"3GB","5A",0,"HGI","F",3,-2.4,487
"SQ79529 021",9.6,"5GG","5A",0,"HGI","F",9,-4.8,581
"SQ51352 551",10.3,"5GG","5A",0,"HGI","F",10,-2.3,400
"SQ77481 531",14.5,"5GG","5A",0,"HR","D",8,8.6,387
"SQ51589 521",17.9,"5GG","4C",0,"PO","B",11,11.3,429
"SQ59011 541",6.4,"3GB","5A",1,"GI","F",2,-4.8,338
"SQ79767 041",4.2,"5GG","4C",0,"GI","B",9,-1.6,532
"SQ73020 041",20.3,"5GG","5A",0,"HR",,7,9.2,314
"SQ74439 551",4,"5GG","4C",0,"HR",,7,-2.9,593
"SQ72487 031",9.3,"3GB","4C",0,"CR","B",6,-5.2,426
"SQ51017 541",2.8,"3GB","5A",1,"GI",,10,-4.5,475
"SQ72126 531",8.9,"3GB","5A",0,"GI",,6,-1.7,605
"SQ73277 011",4.9,"5GG","5A",0,"HR","D",7,-3.3,554
"SQ69025 041",13.9,"5GG","5A",0,"HR",,5,2.4,474
"SQ56563 011",7.8,"5GG","5A",0,"CR",,1,1.6,478
"SQ60416 031",19,"5GG","5A",0,"HR","D",2,8.6,394
"SQ52047 521",15.2,"3GB","5A",1,"GI",,11,0.5,369
"SQ52044 011",6.8,"5GG","5A",0,"FH",,11,-2.6,629
"SQ76436 511",3.7,"5GG","4C",0,"HR","F",8,-3.6,732
"SQ56691 521",10.3,"3GB","4C",0,"PO","F",1,1.3,334
"SQ53199 061",6.9,"3GB","4C",0,"PO","G",11,-0.2,444
"SQ74508 511",4.4,"3GB","5A",0,"CR",,7,0.8,715
"SQ59993 521",8.1,"5GG","4C",0,"GI","F",2,6.2,464
"SQ80790 511",6.8,"3GB","5A",0,"HR",,9,-5.5,535
"SQ58365 511",5.8,"3GB","4C",1,"GI","D",1,-1.8,319
"SQ59838 541",4.8,"3GB","5A",0,"HR",,2,-4.6,694
"SQ58687 051",12.1,"5GG","4C",0,"HR",,1,6.4,535
"SQ72219 041",13,"5GG","5A",0,"HR",,6,7.8,434
"SQ61600 051",9.7,"5GG","4C",0,"GA",,3,-2.4,487
"SQ72227 061",10.8,"3GB","4C",0,"HR",,6,6.1,373
"SQ58642 061",13,"3GB","4C",0,"HR","F",1,5.7,542
"SQ55116 021",4.2,"5GG","5A",0,"HGI","D",12,-9.6,736
"SQ74198 051",2,"3GB","5A",0,"CR",,7,-8.7,760
"SQ70618 011",6.8,"5GG","5A",0,"PO","G",6,-3.3,540
"SQ72213 541",11.3,"5GG","5A",0,"HR","D",6,9.2,369
"SQ59872 051",15.5,"3GB","4C",0,"HGI","F",2,10.3,346
"SQ63073 521",4.1,"3GB","5A",1,"HR",,3,-4.3,609
"SQ75434 011",8.8,"5GG","5A",0,"CR",,7,-0.8,439
"SQ72197 541",3.9,"3GB","4C",0,"PO","D",6,-4.7,642
"SQ61447 041",13.5,"3GB","4C",0,"HR",,2,-2.5,450
"SQ60113 071",8.4,"5GG","5A",0,"HR","B",2,-1,524
"SQ78139 511",14.4,"5GG","5A",0,"CR",,8,-4.3,446
"SQ62244 541",13.5,"5GG","5A",0,"HR","D",3,1.9,457
"SQ49918 011",7.2,"5GG","5A",0,"HGI","D",10,-0.2,660
"SQ78179 541",11.3,"5GG","5A",0,"PosMAC","B",8,-1.3,323
"SQ74204 061",10.8,"5GG","5A",0,"CR",,7,1.9,487
"SQ56448 021",14,"3GB","4C",0,"HR",,1,-0.4,346
"SQ66111 561",11.6,"3GB","5A",0,"HR",,4,2.4,505
"SQ79191 031",9.8,"5GG","4C",0,"CR",,9,-1.3,442
"SQ56858 531",10.8,"5GG","5A",0,"CR","B",1,1.9,608
"SQ75737 021",4.2,"5GG","5A",0,"HR",,8,0.6,641
"SQ52068 521",14.1,"5GG","4C",0,"HGI","F",11,8.1,367
"SQ77945 011",6.4,"5GG","5A",0,"FH","B",8,-1,513
"SQ78654 021",6.5,"3F1","5A",0,"FH",,9,-5.6,603
"SQ61349 521",13.8,"3GB","4C",0,"PO","D",2,4.8,381
"SQ60018 541",9.1,"5GG","5A",0,"CR",,2,0.1,514
"SQ68718 521",6.7,"5GG","5A",0,"HR",,5,-6.6,458
"SQ75434 531",8.7,"5GG","5A",0,"CR",,7,-1,524
"SQ52343 561",13.8,"5GG","4C",0,"HR",,11,0.3,412
"SQ71350 031",4.9,"5GG","5A",0,"PO","D",6,-1.5,432
"SQ54058 031",10.2,"5GG","5A",0,"HR",,12,3.1,571
"SQ73936 051",8.6,"5GG","5A",0,"PO","F",7,0.2,514
"SQ77370 031",9.5,"5GG","5A",0,"HGI","D",8,-3.1,604
"SQ53514 021",4.9,"3GB","5A",0,"GI",,11,-9.6,666
"SQ61437 041",8.5,"3GB","4C",0,"HR","D",2,-4.5,413
"SQ68951 511",7.6,"3GB","4C",1,"HR","F",5,-3.9,368
"SQ56408 541",5.1,"5GG","4C",0,"HR","F",1,-3.7,558
"SQ77287 541",8.7,"3GB","5A",0,"HR","D",8,-1.1,570
"SQ58300 511",4.9,"5GG","4C",0,"HR",,1,-7.9,512
"SQ68174 541",2.8,"3GB","4C",0,"HR","F",5,-8.6,693
"SQ69353 561",16.1,"5GG","5A",0,"HR","D",5,7.9,475
"SQ73926 011",2.1,"3F1","5A",0,"PO","D",7,-4.2,708
"SQ74119 061",11.7,"3GB","4C",0,"HR","D",7,2.7,351
"SQ73440 531",10.1,"3GB","5A",0,"HR","D",7,-0.1,349
"SQ66935 051",11,"5GG","5A",0,"HR",,4,-3.3,448
"SQ70728 021",5.5,"3GB","5A",1,"CR",,6,-3.7,312
"SQ49709 561",5.6,"5GG","5A",0,"HR","B",10,-10.3,455
"SQ65266 541",11.3,"3GB","4C",0,"HGI","F",4,-1.3,537
"SQ70379 041",8.1,"5GG","5A",0,"PO","B",6,-3.3,619
"SQ66529 541",16,"5GG","4C",0,"PO","F",4,8.9,511
"SQ53153 521",14.5,"3GB","4C",0,"HGI","F",11,2.7,408
"SQ55378 031",12.7,"5GG","5A",0,"CR",,12,-0.4,466
"SQ65576 031",11.8,"5GG","5A",0,"HGI","F",4,-0.1,502
"SQ68227 041",13.2,"5GG","4C",0,"HR","D",5,7.6,495
"SQ57111 031",5.2,"5GG","4C",0,"HR",,1,-6.8,606
"SQ67724 041",7.7,"3GB","4C",0,"BP",,5,-5.8,464
"SQ68384 021",10.8,"3GB","5A",0,"HR","F",5,3.4,322
"SQ75741 031",3,"3GB","4C",0,"PO","D",8,-5.5,670
"SQ79242 531",6.2,"5GG","4C",0,"HGI","D",9,-4.9,506
"SQ60061 031",16.8,"5GG","5A",0,"HGI","D",2,6.5,384
"SQ68615 511",4.4,"5GG","4C",0,"HR","F",5,-5.5,572
"SQ50428 551",9,"3GB","5A",0,"HR",,10,-4,544
"SQ77019 061",6.8,"3GB","5A",0,"HR","B",8,-3.3,475
"SQ77255 531",3.2,"5GG","5A",0,"HGI","F",8,-6.1,720
"SQ50590 541",6.6,"5GG","5A",0,"HR",,10,-8,412
"SQ53103 531",15.6,"5GG","5A",0,"CR",,11,7.9,338
"SQ61513 051",9.1,"5GG","4C",0,"HGI","D",2,-6.1,532
"SQ59540 521",2.5,"3GB","5A",1,"HR",,2,-9.2,323
"SQ56340 541",2.8,"3GB","4C",1,"HR","F",1,-1.8,347
"SQ74074 551",4.3,"3GB","5A",0,"HR","D",7,0.6,676
"SQ60468 511",11.4,"5GG","4C",0,"CR",,2,-2.5,376
"SQ69619 551",7.1,"3GB","4C",0,"PO","D",5,1.1,396
"SQ70624 021",6.7,"3GB","5A",0,"PO","F",6,-4.9,593
"SQ67772 521",4.5,"3GB","4C",0,"HR",,5,-8,677
"SQ70500 561",3.4,"3GB","4C",0,"GA",,6,-5.2,612
"SQ71105 511",4.9,"5GG","5A",0,"HR",,6,-2.8,753
"SQ52626 561",9,"5GG","5A",0,"HR",,11,0.4,523
"SQ60868 551",9.1,"5GG","4C",0,"BP",,2,0.1,391
"SQ50687 021",12.7,"5GG","5A",0,"CR","B",10,0.9,344
"SQ58691 531",6.1,"5GG","4C",0,"HR",,1,-3.8,583
"SQ67774 511",4.3,"3GB","4C",0,"HR",,5,-8.4,556
"SQ79184 031",5.1,"5GG","5A",0,"GI",,9,-2.3,572
"SQ52639 531",5.2,"3GB","4C",0,"HR",,11,-2.9,586
"SQ51255 541",4.3,"3GB","4C",0,"PO","B",10,-2.7,651
"SQ59238 021",7.9,"5GG","4C",0,"CR",,2,-4.4,500
"SQ73686 531",1.6,"3GB","5A",0,"HR",,7,-7.9,698
"SQ56629 031",13.9,"5GG","5A",0,"PO","D",1,-0.1,420
"SQ49560 061",19.6,"5GG","5A",0,"HR",,10,10.6,420
"SQ51368 591",15.8,"5GG","4C",0,"PO","G",10,5.8,328
"SQ73219 061",5.7,"3GB","5A",0,"HR","B",7,-4.8,672
"SQ63432 041",9.9,"3GB","5A",0,"BP",,3,6.3,450
"SQ53067 021",14.1,"5GG","5A",0,"HGI","D",11,8,314
"SQ72366 561",8.3,"5GG","5A",0,"HR","B",6,0,577
"SQ55392 561",10,"5GG","5A",0,"CR",,12,-3.7,526
"SQ62663 011",14.3,"5GG","4C",0,"HR",,3,1.5,426
"SQ53262 061",7.4,"3GB","4C",0,"HGI","D",11,-0.3,523
"SQ68384 031",11.7,"5GG","5A",0,"HR","F",5,3.3,536
"SQ55360 511",10.6,"5GG","5A",0,"CR",,12,-2.3,561
"SQ61549 011",4.4,"5GG","5A",0,"HGI","F",2,-3.4,664
"SQ65817 531",8.4,"5GG","5A",0,"CR",,4,-1.1,615
"SQ79707 521",8.1,"5GG","5A",0,"HR",,9,0,513
"SQ79346 541",8,"5GG","4C",0,"HR",,9,-4.5,665
"SQ62527 541",6.7,"3GB","4C",0,"FH","B",3,-7.2,557
"SQ50156 521",6.4,"3GB","5A",0,"GI",,10,-0.2,392
"SQ54126 541",5.4,"5GG","5A",0,"PO","F",12,-0.9,516
"SQ76739 511",16.2,"5GG","5A",0,"HGI","D",8,5.2,482
"SQ76439 511",3.6,"3GB","4C",0,"CR",,8,-4.1,682
"SQ72051 531",5.8,"5GG","4C",0,"GI","B",6,-3.1,551
"SQ53508 041",10.5,"3GB","4C",0,"HR","D",11,-0.4,493
"SQ79650 541",10.6,"5GG","5A",0,"CR",,9,0,443
"SQ77202 511",2.7,"3GB","5A",0,"CR",,8,-5.7,711
"SQ67199 541",9.2,"5GG","5A",0,"HR","D",4,-2.7,579
"SQ54531 011",13.9,"5GG","5A",0,"FH",,12,0.2,398
"SQ61226 011",14.1,"3GB","5A",0,"HR",,2,0.5,476
"SQ73252 541",7.9,"3GB","5A",0,"HR","D",7,-3.2,633
"SQ64379 531",13.2,"5GG","5A",0,"HR",,3,6.2,604
"SQ61687 051",6.9,"5GG","5A",0,"HGI","F",3,-7.1,576
"SQ50817 551",6.7,"3GB","4C",0,"HR","F",10,-4.5,401
"SQ58423 561",4.1,"3GB","5A",0,"HR",,1,-2.7,659
"SQ69832 061",9.5,"5GG","5A",0,"HR",,5,-6.9,410
"SQ50883 011",8.6,"3GB","5A",0,"HGI","D",10,-4.1,612
"SQ72773 051",6.9,"5GG","5A",0,"PO","B",7,-6.6,592
"SQ66623 041",14.5,"3GB","5A",0,"HR","D",4,2.1,545
"SQ60234 051",9.2,"5GG","4C",0,"HGI","F",2,1,562
"SQ57930 041",10.6,"5GG","5A",0,"HGI","D",1,-0.2,591
"SQ55159 531",4.1,"5GG","4C",0,"HR","B",12,-7.3,607
"SQ51409 541",9.4,"3GB","4C",0,"HR",,10,2.8,572
"SQ67302 031",4.8,"5GG","5A",0,"GI","B",5,-5.2,513
"SQ49560 021",19.7,"5GG","5A",0,"HR",,10,11,386
"SQ73621 021",7,"5GG","5A",0,"CR",,7,1,547
"SQ55678 541",9.1,"5GG","5A",0,"FH",,12,-0.2,475
"SQ52419 511",12.7,"3GB","4C",0,"HR",,11,-2.9,487
"SQ74752 541",7.3,"5GG","5A",0,"HR","D",7,2.5,447
"SQ51218 561",11.1,"3GB","4C",1,"HR","B",10,2.9,300
"SQ51159 041",11.5,"2GB","4C",0,"CR",,10,-8.3,410
"SQ53267 521",7.7,"5GG","4C",0,"CR",,11,0.4,467
"SQ53157 041",8.6,"3GB","4C",0,"HR","B",11,-1.6,483
"SQ66642 541",9.7,"3GB","5A",0,"HR","D",4,5.2,456
"SQ80750 011",12.1,"3GB","5A",0,"CR",,9,2.2,367
"SQ64279 061",15,"5GG","5A",0,"HR",,3,6.7,404
"SQ58745 051",11.9,"5GG","4C",0,"HR",,1,4.7,351
"SQ77600 541",6.8,"5GG","5A",0,"HGI","F",8,-2,633
"SQ51972 511",16.4,"5GG","5A",0,"HGI","F",11,4.7,387
"SQ50000 551",14.7,"3GB","5A",0,"GA",,10,0.2,335
"SQ65282 531",3.3,"3GB","5A",0,"GI",,4,-5.1,519
"SQ51861 051",12.1,"5GG","5A",0,"FH","B",11,5.4,405
"SQ58462 541",2.6,"3GB","5A",0,"HR","B",1,-5.2,698
"SQ49799 041",16.3,"3GB","4C",0,"HR","B",10,6.1,328
"SQ51430 531",4.9,"3GB","5A",0,"HR",,10,-3.8,612
"SQ78958 571",9.8,"5GG","4C",0,"CR",,9,-0.6,473
"SQ72745 551",12,"3GB","5A",1,"HR","F",7,0.4,374
"SQ69145 521",9.4,"3GB","5A",0,"PO","D",5,-0.5,454
"SQ76874 021",7.8,"3GB","5A",0,"HGI","D",8,-0.7,603
"SQ60327 011",11.6,"5GG","4C",0,"GI","B",2,2.4,461
"SQ73718 021",6.4,"3GB","4C",0,"HGI","F",7,2.1,646
"SQ72643 531",6.6,"5GG","5A",0,"HR",,6,-7.1,536
"SQ70379 551",8.1,"5GG","5A",0,"PO","B",6,-3.3,556
"SQ50508 041",10.7,"5GG","5A",0,"HGI","D",10,-3.1,507
"SQ78976 051",4.3,"5GG","4C",0,"CR",,9,-5.9,639
"SQ74345 021",9.1,"3GB","4C",0,"HR","D",7,5.7,612
"SQ77658 041",12.5,"3GB","5A",0,"HGI","F",8,6,409
"SQ58278 041",10.4,"5GG","5A",0,"HR",,1,-1.3,541
"SQ64382 061",7.6,"3GB","5A",0,"HR",,3,-6.4,578
"SQ62663 031",13.8,"5GG","4C",0,"HR",,3,1.2,331
"SQ53720 051",6,"3GB","5A",0,"HGI","F",12,-4.2,617
"SQ74014 551",5.6,"5GG","5A",0,"CR",,7,-2.3,540
"SQ58956 581",11.1,"5GG","4C",0,"HR","D",2,2.9,321
"SQ75581 011",6,"3GB","5A",0,"HR",,8,-4,497
"SQ69978 051",4.4,"3GB","5A",0,"FH","D",5,0.7,708
"SQ52579 021",5.4,"3GB","4C",0,"HR",,11,1.9,664
"SQ69980 071",4.8,"5GG","5A",0,"GI","D",5,0,573
"SQ53901 521",20.6,"5GG","5A",0,"HR",,12,4.3,376
"SQ73903 531",4.5,"3GB","5A",0,"CR",,7,-2.6,629
"SQ51419 021",14,"5GG","5A",0,"PO","D",10,10.4,401
"SQ63108 031",5.8,"3GB","5A",0,"BP",,3,-5.7,610
"SQ72590 511",5.2,"5GG","5A",0,"CR",,6,-8.8,596
"SQ50159 531",7.1,"3GB","4C",0,"HR","B",10,-1,625
"SQ73319 521",9.1,"5GG","5A",0,"HGI","D",7,-2.1,558
"SQ72581 011",10.6,"3GB","4C",0,"HR",,6,-0.3,522
"SQ65525 031",8.2,"5GG","5A",0,"HR","D",4,-3.5,596
"SQ52979 041",5.1,"3GB","5A",0,"HR",,11,-4.6,687
"SQ63802 551",6.6,"3GB","5A",0,"HR","F",3,-7.6,623
"SQ77721 541",5.7,"5GG","5A",0,"GI","B",8,-1.5,633
"SQ64370 031",4.8,"3GB","4C",1,"CR",,3,-5.8,412
"SQ50507 031",12,"3GB","5A",0,"HGI","F",10,-2.5,429
"SQ51354 061",10.5,"3GB","5A",0,"HGI","F",10,-2.9,595
"SQ63108 061",5.6,"3GB","5A",0,"HGI","F",3,-6,631
"SQ58074 531",7.7,"3GB","4C",0,"HGI","F",1,0.5,552
"SQ76101 061",3.5,"3GB","4C",0,"CR",,8,-3.4,644
"SQ73327 011",7.8,"3GB","5A",0,"CR",,7,-0.6,673
"SQ67070 511",6.5,"3GB","5A",0,"PO","B",4,-8.2,578
"SQ60861 581",4.5,"5GG","4C",0,"BP",,2,-7.5,492
"SQ53101 031",11.8,"3GB","5A",0,"CR",,11,2.3,466
"SQ55881 551",4.6,"3GB","5A",0,"HR",,12,-7.7,641
"SQ57831 011",4.7,"3GB","5A",0,"HGI","B",1,-9.9,507
"SQ50080 031",7.2,"5GG","4C",0,"HR",,10,2.5,377
"SQ49455 531",13.1,"5GG","5A",0,"HR",,10,3,479
"SQ75743 031",2.2,"3GB","4C",0,"PO","D",8,-6.2,674
"SQ51942 521",13.3,"5GG","5A",0,"CR",,11,9.7,396
"SQ71356 051",4,"5GG","5A",0,"PO","D",6,-3.1,680
"SQ77202 011",2.8,"3GB","5A",0,"CR",,8,-5.7,735
"SQ64983 021",10.9,"5GG","5A",0,"PO","D",4,-3.3,391
"SQ65300 041",5.5,"5GG","4C",0,"GI",,4,-4.3,545
"SQ51541 541",16.7,"3GB","5A",0,"GI",,11,0.9,414
"SQ61632 051",11.8,"5GG","5A",0,"PO","D",3,0.2,369
"SQ79710 021",8.5,"5GG","5A",0,"HR","G",9,-1.2,513
"SQ77815 551",13.8,"3GB","5A",0,"HR",,8,2.7,377
"SQ52908 051",13,"5GG","5A",0,"HR",,11,4.4,488
"SQ51600 041",13.5,"5GG","5A",0,"HR",,11,7.5,517
"SQ59256 031",8.9,"5GG","5A",0,"GI",,2,0.3,430
"SQ78812 031",12,"3GB","5A",1,"HR","F",9,1.2,331
"SQ78593 021",1.9,"5GG","5A",0,"CR",,9,-4.7,725
"SQ53946 531",12.7,"5GG","5A",0,"HR","D",12,-3.3,385
"SQ72401 051",7.9,"3GB","5A",0,"HR",,6,-2,385
"SQ72956 531",2.3,"5GG","5A",0,"BP",,7,-3.6,615
"SQ54101 521",17.7,"5GG","5A",0,"HR","D",12,10.7,310
"SQ70519 021",18.7,"5GG","4C",0,"CR",,6,11.2,443
"SQ57729 561",6.6,"5GG","5A",0,"HR",,1,-3.4,560
"SQ58772 551",9.2,"3GB","4C",0,"HR",,1,2.9,486
"SQ69049 031",19.6,"5GG","5A",0,"HR",,5,8,434
"SQ52564 011",5.6,"5GG","4C",0,"HR","D",11,-6.7,688
"SQ70299 011",13.6,"5GG","5A",0,"HR",,6,6.8,404
"SQ64801 551",9.6,"5GG","5A",0,"GI","B",4,-0.4,582
"SQ78414 531",8.9,"3GB","4C",0,"HR","D",9,1.8,546
"SQ49237 021",5.3,"3GB","4C",0,"CR",,10,-6,611
"SQ62662 011",13.3,"3GB","4C",0,"HR",,3,2,444
"SQ66646 011",9.5,"3GB","5A",0,"HR","D",4,4.4,483
"SQ53629 541",5.9,"5GG","5A",0,"HR","F",12,-4.4,481
"SQ51209 031",6.6,"3GB","4C",0,"HGI","F",10,-5.6,616
"SQ80836 021",4.6,"5GG","4C",0,"HR",,9,-6.9,614
"SQ55077 541",3.7,"3GB","4C",0,"HR",,12,-1.5,702
"SQ51749 061",17.5,"5GG","4C",0,"HR",,11,2.1,333
"SQ54345 541",15,"5GG","5A",0,"CR","B",12,-1.5,424
"SQ53508 511",11.3,"5GG","4C",0,"HR","D",11,0,522
"SQ80148 541",4.4,"3GB","4C",0,"CR",,9,-5.8,509
"SQ50144 011",5.7,"5GG","5A",0,"HR","D",10,-1.9,649
"SQ79529 541",9.4,"5GG","5A",0,"HGI","F",9,-4.9,514
"SQ62871 011",17.1,"5GG","5A",0,"HGI","F",3,1.3,331
"SQ67002 541",4.8,"5GG","4C",0,"HR",,4,-7,561
"SQ74558 011",2,"3GB","5A",0,"PO","D",7,-5.3,698
"SQ62278 521",10.5,"5GG","5A",0,"CR",,3,4.6,547
"SQ69602 541",10.1,"5GG","5A",0,"HR","D",5,5.2,641
"SQ72506 521",11.1,"3GB","5A",0,"HR","B",6,3.9,480
"SQ56394 541",9.5,"5GG","5A",0,"PO","D",1,3.2,588
"SQ74197 031",2.2,"3GB","5A",0,"CR",,7,-7.9,717
"SQ61327 031",7.3,"3GB","5A",0,"CR",,2,-6.3,574
"SQ65705 521",17.4,"5GG","5A",0,"HGI","F",4,8.9,347
"SQ57746 061",3.8,"5GG","5A",0,"HR","D",1,-7.2,544
"SQ49979 031",14.2,"3GB","5A",0,"HR",,10,1.5,430
"SQ56529 021",7,"3GB","4C",0,"HR",,1,-1.6,573
"SQ74065 531",4.3,"5GG","5A",0,"HGI","D",7,-3.3,645
"SQ55672 041",13.3,"3GB","5A",0,"HR","D",12,1.8,443
"SQ75899 041",9.7,"3GB","5A",1,"GI","B",8,4.6,320
"SQ58407 551",3.8,"3GB","4C",0,"HGI","D",1,-1.8,661
"SQ53099 051",4,"3GB","4C",1,"EG","F",11,-3.5,304
"SQ49258 511",12,"5GG","5A",0,"HR",,10,2.8,458
"SQ72829 551",3.6,"5GG","5A",0,"GI",,7,-8.7,490
"SQ81058 011",11.5,"5GG","5A",0,"HR",,9,1,636
"SQ50507 051",11.7,"3GB","5A",0,"HGI","F",10,-2.7,424
"SQ70473 531",9.6,"5GG","5A",0,"HR","B",6,0.6,476
"SQ62853 511",8,"5GG","5A",0,"PO","D",3,-6,614
"SQ66100 541",4.6,"3GB","4C",0,"FH",,4,-1.9,497
"SQ80282 561",5,"5GG","5A",0,"HR","D",9,-1.5,632
"SQ71140 051",15.1,"5GG","5A",0,"HR","D",6,1.3,426
"SQ72695 031",12.3,"5GG","4C",0,"PosMAC","B",6,1.2,446
"SQ62380 541",14.3,"5GG","5A",0,"HR",,3,5.4,478
"SQ58459 551",3.7,"3GB","5A",0,"HR","B",1,-4.6,621
"SQ74338 511",5.7,"3GB","5A",0,"BP",,7,-1.6,537
"SQ61486 531",8.4,"3GB","5A",0,"PO","B",2,-2.9,582
"SQ53139 051",12.5,"3GB","4C",0,"CR",,11,3.7,351
"SQ77374 541",3.6,"3GB","4C",0,"CR",,8,-3.6,574
"SQ50947 061",8.7,"5GG","4C",0,"HR",,10,-2.2,537
"SQ73684 011",2.6,"3GB","5A",0,"HR",,7,-7.2,693
"SQ53725 051",7.1,"5GG","5A",0,"HR","D",12,-6.5,622
"SQ52772 571",4.5,"3GB","4C",0,"HR","D",11,-1.5,543
"SQ52859 031",9.3,"5GG","4C",0,"HGI","F",11,0.6,604
"SQ68555 531",7.1,"3GB","5A",0,"CR",,5,-3.8,563
"SQ53821 031",5.4,"5GG","5A",0,"HR",,12,-0.2,676
"SQ68044 521",4.1,"3GB","5A",0,"FH",,5,-9.2,600
"SQ55834 031",10.6,"5GG","5A",0,"PO","B",12,4.2,559
"SQ71014 521",4.3,"3GB","5A",0,"GA",,6,-1.4,500
"SQ74075 021",5.4,"5GG","5A",0,"HR","D",7,0.4,666
"SQ78779 551",7.9,"5GG","5A",0,"HGI","F",9,-3,597
"SQ59838 551",4.8,"5GG","5A",0,"HR","D",2,-4.7,564
"SQ71595 031",13.7,"5GG","4C",0,"CR","B",6,4.7,376
"SQ51375 511",15.2,"5GG","4C",0,"PO","G",10,4.3,379
"SQ80107 031",6.4,"5GG","5A",0,"BP",,9,0.4,561
"SQ67255 061",5.4,"5GG","5A",0,"HR",,5,-3.3,666
"SQ78859 061",9.5,"3GB","4C",0,"HGI","D",9,-3.4,562
"SQ68389 011",20.6,"5GG","5A",0,"HR",,5,13.5,303
"SQ70557 031",10.3,"5GG","5A",0,"CR",,6,1.8,375
"SQ75664 531",9.6,"3GB","4C",0,"GA",,8,1.1,487
"SQ76901 021",9.8,"3GB","5A",0,"HR",,8,-0.3,520
"SQ59309 031",15.1,"5GG","5A",0,"HR",,2,-1.7,339
"SQ56866 541",22.4,"5GG","5A",0,"HR",,1,12.1,345
"SQ61169 511",3.9,"5GG","5A",0,"HR",,2,-4.1,701
"SQ70360 021",4.2,"3GB","4C",0,"HR",,6,-3.7,640
"SQ54126 531",5.6,"5GG","5A",0,"PO","F",12,-0.7,650
"SQ59195 031",9.3,"3GB","4C",0,"HGI","F",2,-4.4,409
"SQ70148 521",4.9,"5GG","5A",0,"HR","D",6,0,610
"SQ58293 521",6.4,"5GG","4C",0,"HR",,1,-5.6,506
"SQ50607 521",3.2,"3GB","5A",0,"HGI","D",10,-13.9,680
"SQ73645 521",3.4,"5GG","5A",0,"GI",,7,-2.6,607
"SQ78008 031",6.1,"5GG","5A",0,"CR",,8,-4.6,498
"SQ78705 571",9,"5GG","5A",0,"PO","B",9,0.6,610
"SQ72013 021",4.6,"3GB","5A",0,"PO","B",6,-6.6,672
"SQ59380 531",15.7,"5GG","5A",0,"HR","D",2,10,372
"SQ75578 521",6,"3GB","5A",0,"HR",,8,-3.4,573
"SQ76049 051",4.5,"3GB","4C",0,"PO","F",8,-0.4,689
"SQ49753 531",9.1,"5GG","4C",0,"GI","B",10,-4.9,436
"SQ54994 531",12.4,"5GG","5A",0,"HGI","F",12,-0.7,348
"SQ74768 541",3.1,"3GB","4C",0,"GI","F",7,-2,444
"SQ67128 511",10.3,"3GB","5A",0,"HR",,4,-1.2,502
"SQ50209 061",5.5,"5GG","4C",0,"HR","B",10,-2.5,589
"SQ55391 521",12.5,"5GG","4C",0,"HR",,12,5.8,391
"SQ80897 531",9.6,"5GG","4C",0,"PO","F",9,-1.7,554
"SQ65370 031",15.4,"3GB","4C",0,"GI",,4,6.2,378
"SQ71320 541",6.8,"5GG","5A",0,"GA",,6,-6.2,561
"SQ51872 531",15.9,"3GB","4C",0,"HR",,11,6.2,401
"SQ66374 531",8.4,"3GB","5A",0,"PO","B",4,-1.3,593
"SQ55399 021",11.8,"3GB","4C",0,"HR",,12,4,449
"SQ76052 521",5.1,"3GB","4C",0,"PO","F",8,-0.7,610
"SQ69616 521",7.9,"3GB","4C",0,"PO","D",5,2.1,464
"SQ50274 051",6.9,"3GB","5A",0,"HGI","D",10,-1.9,640
"SQ62961 541",11.3,"3GB","4C",0,"CR","B",3,-1.9,397
"SQ54522 041",3.9,"5GG","4C",0,"GI","D",12,-8.6,499
"SQ75821 531",7.1,"5GG","4C",0,"CR",,8,-3.9,569
"SQ57090 531",3.4,"3GB","5A",0,"HGI","F",1,-2.1,698
"SQ74181 561",5.5,"3GB","5A",1,"HR",,7,-6.5,392
"SQ71280 051",13.2,"3GB","5A",0,"HR",,6,2.9,432
"SQ56533 051",15.4,"5GG","4C",0,"HR",,1,8.1,335
"SQ52334 571",13.6,"3GB","4C",0,"HR","F",11,2.9,355
"SQ52455 021",4.4,"5GG","4C",0,"GI","B",11,-5.5,621
"SQ56580 581",4.5,"3GB","5A",0,"PO","B",1,-3.1,491
"SQ72764 041",17.1,"5GG","4C",0,"PO","F",7,6.8,312
"SQ72617 041",12,"5GG","5A",0,"CR",,6,-1.3,493
"SQ58709 551",5.9,"3GB","4C",0,"HR",,1,-1.7,678
"SQ81187 021",7.5,"5GG","5A",0,"HR","B",9,-2.4,571
"SQ70423 041",4.6,"5GG","4C",0,"FH",,6,-0.9,615
"SQ58102 561",9.8,"5GG","5A",0,"CR",,1,1.5,566
"SQ78412 031",4.5,"3GB","5A",0,"HGI","F",9,-10.8,618
"SQ72646 021",6.4,"3GB","5A",0,"HR",,6,-5.6,474
"SQ52981 011",15.7,"5GG","5A",0,"HR",,11,5.6,404
"SQ76910 041",9.1,"5GG","5A",0,"HR",,8,-2.6,619
"SQ55389 061",12.3,"3GB","4C",0,"HR",,12,6,441
"SQ58072 021",8.1,"5GG","4C",0,"HGI","F",1,1,594
"SQ79356 551",10.2,"5GG","5A",0,"GI",,9,-0.2,498
"SQ60676 511",12.8,"5GG","5A",0,"HR","B",2,1.8,473
"SQ51602 511",12.9,"5GG","5A",0,"HR",,11,7.1,467
"SQ72521 541",6.2,"3GB","5A",0,"HR","D",6,0,592
"SQ61251 021",12.2,"5GG","5A",0,"HGI","F",2,-2.8,448
"SQ71855 551",8.5,"5GG","5A",0,"HR",,6,0,541
"SQ50008 521",12.5,"3GB","4C",0,"HGI","F",10,-2.4,517
"SQ54228 541",8.3,"5GG","4C",0,"HR","D",12,-1.8,507
"SQ74024 011",5.1,"3F1","5A",0,"HR",,7,-0.5,620
"SQ59918 041",7.2,"5GG","5A",0,"CR","B",2,-0.6,444
"SQ53096 541",13.4,"5GG","5A",0,"HR","B",11,3.4,475
"SQ70502 551",3.5,"5GG","4C",0,"GI",,6,-5.7,577
"SQ71550 511",7.1,"3GB","4C",0,"CR",,6,-2.6,524
"SQ53199 011",8.9,"3GB","4C",0,"PO","G",11,0.2,386
"SQ62484 511",4.9,"3GB","5A",0,"CR",,3,-1.8,586
"SQ73874 531",9.1,"5GG","5A",0,"PO","D",7,2.5,407
"SQ71097 541",9.1,"5GG","4C",0,"CR","B",6,4.6,573
"SQ68068 531",13.1,"5GG","5A",0,"PO","D",5,5.1,457
"SQ50820 541",11.3,"5GG","4C",0,"HR",,10,-1.3,319
"SQ72378 011",7.8,"5GG","5A",0,"HR","B",6,-2.4,712
"SQ58930 541",14.8,"5GG","4C",0,"HR",,2,9.8,413
"SQ72776 011",7.1,"5GG","5A",0,"PO","B",7,-7,625
"SQ60218 511",5.2,"5GG","5A",0,"PO","D",2,-1.3,585
"SQ76782 031",8.7,"5GG","4C",0,"HGI","F",8,-5.1,589
"SQ66323 511",8.4,"5GG","4C",0,"GI","B",4,-2.3,437
"SQ79759 551",12.2,"5GG","5A",0,"HR",,9,0.7,498
"SQ67598 051",6.6,"5GG","5A",0,"PO","B",5,-5.8,530
"SQ64983 011",11,"3GB","5A",0,"PO","D",4,-3.2,536
"SQ70830 091",14.2,"3GB","5A",0,"CR",,6,7.2,389
"SQ81165 061",4.7,"5GG","5A",0,"HR",,9,-4.3,644
"SQ81056 561",9,"5GG","5A",0,"HR",,9,-2.2,563
"SQ67874 051",6.9,"5GG","5A",0,"CR",,5,-4.7,426
"SQ79478 031",10.4,"3GB","4C",0,"PO","F",9,4.7,397
"SQ65019 061",12,"3GB","5A",0,"BP",,4,1,307
"SQ51165 051",14.3,"5GG","4C",0,"CR",,10,8.5,366
"SQ81047 021",10.3,"5GG","5A",0,"HR","B",9,0.3,482
"SQ72398 581",8.6,"5GG","5A",0,"HR",,6,-1.6,399
"SQ76881 511",6.3,"3GB","5A",0,"HR",,8,-1.9,527
"SQ57986 551",8.8,"5GG","5A",0,"HGI","D",1,0.1,516
"SQ62527 531",7.1,"5GG","4C",0,"FH","B",3,-7,438
"SQ77175 031",9.6,"3GB","4C",0,"GA",,8,0.9,380
"SQ56751 531",12.8,"5GG","4C",0,"CR",,1,3.5,418
"SQ56452 011",6.3,"5GG","4C",0,"HGI","F",1,-2.2,662
"SQ65902 031",7.3,"5GG","4C",0,"HR","B",4,-4.4,482
"SQ58102 541",9,"3GB","5A",0,"CR",,1,-0.8,309
"SQ71107 031",3.7,"5GG","5A",0,"HR",,6,-3.5,640
"SQ63658 031",6,"5GG","5A",0,"HGI","D",3,-4.5,569
"SQ57729 061",6.6,"5GG","5A",0,"HR",,1,-3.4,493
"SQ54494 011",9.5,"5GG","5A",0,"CR","B",12,-5.3,467
"SQ50852 041",8.4,"5GG","4C",0,"HR",,10,1.2,486
"SQ64693 561",9.1,"3GB","5A",0,"HGI","D",4,2.8,562
"SQ74467 051",2.9,"3GB","5A",0,"FH",,7,-3.3,668
"SQ52299 041",12,"3GB","4C",0,"HR",,11,1,392
"SQ51907 021",11.1,"5GG","5A",0,"CR",,11,-2.4,403
"SQ67131 521",3,"3GB","4C",1,"HR","F",4,-3.6,341
"SQ66364 551",6.6,"3GB","5A",1,"HR",,4,-2.6,373
"SQ53374 541",9.4,"5GG","4C",0,"HR",,11,0.9,573
"SQ77377 041",3.7,"3GB","5A",1,"CR",,8,-2.8,424
"SQ52833 051",10.5,"5GG","5A",0,"HR",,11,3.1,378
"SQ75231 551",7.3,"3GB","5A",0,"CR",,7,-0.1,549
"SQ72193 521",8.3,"3GB","5A",1,"GI","D",6,5.3,407
"SQ66397 551",2,"3GB","5A",0,"FH",,4,-5.9,804
"SQ74031 541",4.3,"3GB","5A",0,"CR",,7,-3,610
"SQ73416 541",10.7,"5GG","4C",0,"GA",,7,-1.3,451
"SQ67502 051",4.2,"3GB","4C",0,"HR",,5,0.4,588
"SQ78552 061",3.3,"3GB","4C",0,"CR",,9,1.5,710
"SQ53159 061",6.8,"3GB","4C",0,"HR","B",11,-2.5,555
"SQ61518 511",10.5,"3GB","5A",0,"HR",,2,-0.1,430
"SQ60317 531",8.9,"3GB","4C",0,"BP",,2,-0.5,313
"SQ78595 031",4.7,"3GB","4C",0,"CR",,9,-5,695
"SQ61684 521",9.3,"5GG","4C",0,"BP",,3,3.2,484
"SQ57426 521",7,"3GB","5A",0,"PO","D",1,-4.6,627
"SQ73789 521",12.2,"5GG","5A",0,"BP",,7,7.4,395
"SQ77305 561",5.3,"5GG","4C",0,"CR",,8,-6.5,485
"SQ63703 011",14.6,"5GG","5A",0,"HR","D",3,7.4,429
"SQ78153 531",10.6,"3GB","4C",0,"HR","D",8,6,445
"SQ62252 051",15.4,"5GG","5A",0,"HR","D",3,10.2,444
"SQ54871 051",7.1,"3GB","4C",0,"HGI","D",12,-4.5,573
"SQ58867 031",6.7,"3GB","5A",0,"FH",,1,-1.8,586
"SQ68929 021",11.3,"3GB","4C",0,"HR",,5,-4.2,543
"SQ55394 061",9.2,"5GG","5A",0,"CR",,12,-4.1,345
"SQ77604 511",6.3,"3GB","4C",1,"HR","F",8,-1.1,381
"SQ55835 061",8,"3GB","4C",0,"HGI","D",12,0.1,522
"SQ63521 541",2.7,"3GB","5A",0,"PO","D",3,-0.4,567
"SQ58382 531",7.8,"3GB","5A",0,"HR",,1,-4.2,511
"SQ61536 041",3.4,"3GB","5A",1,"HR","B",2,-3.6,366
"SQ69655 531",5.4,"3GB","5A",0,"HR","D",5,-1.6,590
"SQ54028 581",11.6,"3GB","5A",0,"GI","B",12,0.4,430
"SQ73414 041",6.5,"5GG","5A",0,"CR",,7,-6.5,645
"SQ75926 541",1.6,"3GB","5A",0,"HGI","D",8,-2,787
"SQ59038 541",15.8,"5GG","5A",0,"PO","B",2,0.8,398
"SQ66350 021",4.8,"3GB","5A",0,"CR","B",4,-7.8,639
"SQ74091 561",1.6,"2GB","5A",0,"HGI","F",7,-4.7,679
"SQ69980 531",4.4,"5GG","5A",0,"GI","D",5,0.4,669
"SQ77376 521",2.6,"3GB","4C",0,"CR",,8,-4.2,742
"SQ50473 041",9.1,"5GG","5A",0,"HR",,10,1.7,537
"SQ61327 531",8,"3GB","5A",0,"CR",,2,-6.3,550
"SQ54324 511",12.3,"5GG","4C",0,"HR",,12,-0.2,542
"SQ64491 521",4.1,"3GB","5A",1,"CR",,4,-2.2,350
"SQ79306 531",5.5,"5GG","5A",0,"HR",,9,-4.5,642
"SQ69503 511",20.9,"5GG","5A",0,"PO","G",5,15.6,451
"SQ57229 531",8.7,"3GB","4C",0,"HR","D",1,-4,541
"SQ55511 061",12.2,"5GG","5A",0,"HGI","B",12,-0.5,494
"SQ69538 021",11.4,"5GG","4C",0,"CR",,5,4.8,542
"SQ53762 051",6.8,"5GG","5A",0,"HGI","D",12,4,470
"SQ55476 521",10,"5GG","5A",0,"HR",,12,-3.2,569
"SQ76437 021",4.7,"3GB","5A",0,"BP",,8,-3.6,577
"SQ56263 551",13.9,"3GB","5A",0,"HR",,1,5.1,394
"SQ74472 531",1.9,"3GB","4C",0,"HR","D",7,-3.9,674
"SQ73505 581",9.6,"3GB","5A",0,"PO","D",7,-1.4,496
"SQ49541 051",14.5,"3GB","4C",0,"CR","F",10,1,333
"SQ62546 021",11.7,"3GB","4C",0,"HR",,3,-2.7,479
"SQ64050 031",10.8,"3GB","5A",0,"CR",,3,2.6,457
"SQ70622 011",5.6,"3GB","5A",0,"PO","G",6,-4.1,590
"SQ78819 511",9.8,"3GB","5A",0,"HGI","D",9,-0.3,535
"SQ51937 031",15.8,"5GG","5A",0,"CR",,11,11.9,343
"SQ78346 051",9.1,"5GG","4C",0,"PO","F",9,4.4,534
"SQ60666 051",5.2,"3GB","5A",0,"PO","B",2,-5.8,549
"SQ51264 521",9.4,"3GB","5A",1,"EG","F",10,0.8,339
"SQ60206 541",6.1,"5GG","5A",0,"CR",,2,1,514
"SQ79282 051",5.1,"3GB","5A",0,"CR",,9,-3.8,711
"SQ80815 011",9.1,"5GG","5A",0,"BP",,9,-1.8,438
"SQ77109 051",5.9,"5GG","5A",0,"HR","D",8,-4.1,568
"SQ75395 031",4.2,"5GG","4C",0,"BP",,7,-7,698
"SQ71422 011",6.6,"3GB","5A",1,"HR","F",6,-3.5,312
"SQ73936 031",5.6,"5GG","5A",0,"HR","D",7,-1,623
"SQ51186 531",2.6,"2GB","4C",1,"GI",,10,-7.5,397
"SQ50416 041",16.6,"5GG","5A",0,"HR","B",10,0.8,468
"SQ53699 011",5.9,"5GG","5A",0,"CR",,12,0.4,687
"SQ50644 551",5.4,"5GG","5A",0,"CR",,10,-9,619
"SQ68948 031",6.7,"5GG","5A",0,"HR",,5,-9.5,417
"SQ61064 021",10.4,"3GB","5A",0,"HGI","F",2,2.7,442
"SQ49877 551",12.1,"5GG","5A",0,"HR",,10,0.6,490
"SQ56861 051",13.5,"5GG","5A",0,"HR",,1,2.3,467
"SQ57405 041",7.5,"5GG","5A",0,"HGI","F",1,-6.1,488
"SQ77584 541",7.4,"5GG","5A",0,"HGI","F",8,-6.7,588
"SQ57361 541",18.5,"5GG","5A",0,"GA",,1,4.5,345
"SQ78549 531",3.6,"3GB","4C",0,"CR",,9,3.2,514
"SQ56199 041",3.3,"3GB","5A",0,"HGI","D",1,-1.8,522
"SQ56396 021",9.1,"5GG","5A",0,"PO","D",1,2.8,621
"SQ54294 021",7,"3GB","4C",0,"FH","B",12,-5.2,430
"SQ51868 541",7.1,"5GG","4C",0,"HR",,11,-8.2,636
"SQ70616 051",7.2,"5GG","5A",0,"PO","G",6,-2.9,531
"SQ59297 531",20.1,"5GG","5A",0,"CR",,2,3.2,332
"SQ73624 021",6.8,"3GB","5A",0,"CR",,7,-0.1,579
"SQ51860 511",12.8,"3GB","5A",0,"GI","B",11,6.6,502
"SQ64432 021",11.3,"3GB","4C",0,"CR",,3,6.1,352
"SQ57847 011",9.1,"5GG","4C",0,"GI",,1,-0.9,480
"SQ56454 021",17.2,"5GG","4C",0,"CR",,1,5.1,369
"SQ68159 031",14.3,"5GG","5A",0,"BP",,5,-4.4,418
"SQ74198 011",1.7,"3GB","5A",0,"CR",,7,-8.2,805
"SQ69825 041",15.3,"5GG","5A",0,"HR","F",5,3.7,410
"SQ64846 531",6.4,"5GG","5A",0,"GI","B",4,-3.1,463
"SQ53265 051",6.4,"5GG","4C",0,"HGI","D",11,-1.3,469
"SQ75743 021",2.1,"3GB","4C",0,"PO","D",8,-6.1,713
"SQ51850 551",15.6,"5GG","5A",0,"PO","B",11,9.7,358
"SQ50717 031",6.5,"3GB","5A",0,"HR","B",10,2.3,623
"SQ54772 551",14.4,"5GG","5A",0,"PO","B",12,-1.4,428
"SQ54117 061",15.5,"5GG","5A",0,"HGI","B",12,5.7,416
"SQ52876 051",12.5,"5GG","4C",0,"GI","B",11,-0.2,438
"SQ53047 571",6.7,"3GB","4C",0,"HR",,11,-6.2,347
"SQ56136 021",6.4,"3GB","5A",0,"HR",,1,0.3,537
"SQ50277 031",6.6,"3GB","5A",0,"HGI","F",10,-2.9,492
"SQ58989 541",11.1,"5GG","5A",0,"HGI","F",2,-1.8,513
"SQ78177 051",11.6,"3GB","5A",0,"PosMAC","B",8,-0.7,483
"SQ57145 541",11.9,"3GB","5A",0,"FH","B",1,-0.4,380
"SQ59675 531",12.3,"3GB","5A",0,"CR",,2,-1.2,448
"SQ51250 511",15.8,"5GG","4C",0,"GI",,10,7.9,352
"SQ52724 031",10.9,"5GG","5A",0,"HR",,11,4.5,581
"SQ78447 041",6.3,"5GG","5A",0,"HR","D",9,-3,493
"SQ56502 021",5.5,"3GB","5A",0,"HGI","D",1,-0.9,483
"SQ76646 551",3.8,"3GB","4C",0,"FH",,8,-6.5,579
"SQ74724 521",7.6,"5GG","5A",0,"CR",,7,-1.4,434
"SQ65225 521",5.6,"5GG","5A",0,"CR",,4,-2.5,666
"SQ53144 561",15.6,"5GG","5A",0,"HR","D",11,2.6,468
"SQ78483 071",5.3,"5GG","5A",0,"HR",,9,-2.9,769
"SQ51927 561",14.6,"5GG","4C",0,"HR",,11,3,356
"SQ73523 061",7.5,"3GB","5A",0,"PO","B",7,-1.1,673
"SQ68187 021",20.2,"3GB","4C",0,"HR",,5,9.6,302
"SQ51642 021",12.3,"3GB","5A",0,"GI","B",11,2.1,450
"SQ76055 541",2.7,"5GG","4C",0,"HR","B",8,-5.5,695
"SQ76370 021",5.2,"3GB","4C",0,"CR",,8,-2.3,627
"SQ70503 051",4.5,"3GB","5A",0,"PO","B",6,2.4,573
"SQ59658 551",5.2,"3GB","5A",0,"PO","D",2,-2.9,537
"SQ73643 551",5.8,"5GG","5A",0,"CR",,7,-2.3,624
"SQ52570 051",6.6,"3GB","4C",0,"HR","D",11,-5.8,417
"SQ71698 541",7.4,"3GB","5A",0,"BP",,6,2.2,647
"SQ53013 021",11.3,"5GG","4C",0,"GI",,11,2.4,492
"SQ61108 541",9.2,"3GB","5A",0,"HR",,2,0.7,481
"SQ63516 021",17.7,"5GG","4C",0,"HR","B",3,8.4,328
"SQ62377 511",11.7,"5GG","5A",0,"HR",,3,-0.8,413
"SQ49529 051",17.5,"5GG","5A",0,"PO","D",10,3.9,344
"SQ70622 041",6.1,"3GB","5A",0,"PO","G",6,-4.5,604
"SQ74026 521",6.2,"5GG","5A",0,"HR","D",7,-1.1,685
"SQ63667 071",10.2,"5GG","5A",0,"HR",,3,-1.8,334
"SQ71847 021",9.4,"3GB","5A",0,"HR",,6,2.4,340
"SQ68942 541",14.8,"5GG","5A",0,"CR",,5,8.2,373
"SQ73774 571",3.5,"5GG","5A",0,"BP",,7,-2.5,572
"SQ63623 021",7,"3GB","5A",0,"HR","D",3,-1.3,655
"SQ58784 021",4.4,"3GB","4C",0,"CR",,1,0.1,553
"SQ77671 531",10.4,"5GG","5A",0,"CR",,8,3,560
"SQ76795 011",7.7,"3GB","4C",0,"HGI","F",8,-0.4,618
"SQ70754 051",16.1,"5GG","5A",1,"HR",,6,4.7,305
"SQ79613 551",6.7,"3GB","4C",0,"GI","B",9,-3.9,513
"SQ52579 031",5.3,"3GB","4C",0,"HR",,11,1.8,663
"SQ64680 531",5.5,"3GB","5A",0,"CR","F",4,-5.2,554
"SQ62252 541",15.6,"5GG","5A",0,"HR","D",3,10.3,305
"SQ61590 551",11.1,"3GB","4C",0,"GI","B",3,-2.4,484
"SQ58015 531",18.1,"5GG","5A",0,"HR","B",1,10.8,386
"SQ62323 551",6.7,"5GG","5A",0,"HGI","D",3,0.5,647
"SQ69855 041",12.7,"5GG","5A",0,"HR","F",5,4,433
"SQ58957 051",5.6,"5GG","5A",0,"HGI","D",2,2.7,511
"SQ60857 521",8.6,"3GB","4C",0,"HR","F",2,-5.6,351
"SQ60825 521",13.6,"5GG","5A",0,"HR",,2,1.2,416
"SQ80880 521",11.1,"5GG","5A",0,"CR",,9,2.3,315
"SQ55964 551",6.2,"3GB","4C",0,"HR",,12,-1.4,625
"SQ70159 021",12,"3GB","4C",0,"CR",,6,3.6,354
"SQ77136 011",9.9,"5GG","5A",0,"FH",,8,-1.8,411
"SQ50889 041",10.5,"5GG","4C",0,"HR","D",10,-4.4,377
"SQ78322 521",11.3,"5GG","5A",0,"HR",,8,-3.7,511
"SQ55388 531",4.5,"3GB","5A",0,"CR",,12,-9.2,541
"SQ71741 041",5.3,"3GB","4C",0,"PO","B",6,-7.1,704
"SQ54095 041",18.7,"5GG","5A",0,"HR",,12,12.4,316
"SQ80842 511",4.6,"5GG","4C",0,"PO","F",9,-8,498
"SQ71503 031",4.7,"3GB","5A",0,"HR",,6,-7.6,625
"SQ70243 051",15.8,"5GG","5A",0,"HR","F",6,9.1,436
"SQ60206 031",6.1,"5GG","5A",0,"CR",,2,1.1,627
"SQ78079 021",16.2,"3GB","4C",0,"HR",,8,9.1,333
"SQ76384 051",4.5,"5GG","4C",0,"CR",,8,-0.7,672
"SQ52281 571",6.7,"3GB","5A",0,"FH",,11,1.5,429
"SQ50741 031",10.6,"5GG","5A",0,"HGI","F",10,3.1,358
"SQ55663 051",6.9,"5GG","5A",0,"HR",,12,-7,572
"SQ55729 021",2.6,"3GB","5A",1,"GI","B",12,0.1,311
"SQ60564 031",3.9,"3GB","5A",0,"CR","B",2,-3.9,710
"SQ64841 011",16.2,"5GG","4C",0,"HGI","D",4,8.1,380
"SQ73220 051",37.3,"3GB","5A",0,"CR",,7,30.4,323
"SQ57141 021",7.1,"3GB","5A",0,"BP",,1,-1.8,490
"SQ70606 551",4.5,"3GB","5A",1,"EG","F",6,-8.2,393
"SQ56943 531",10.6,"5GG","5A",0,"HR","D",1,-0.4,456
"SQ63165 511",12.5,"5GG","5A",0,"CR",,3,6.2,325
"SQ67010 551",13.2,"3GB","5A",0,"HR",,4,1,501
"SQ66222 041",2,"3GB","4C",0,"GI",,4,-3.2,666
"SQ78048 021",5.8,"5GG","4C",0,"CR",,8,-2.6,671
"SQ76384 531",4.6,"5GG","4C",0,"CR",,8,-0.6,659
"SQ80750 521",17.6,"5GG","5A",0,"CR",,9,4.2,376
"SQ56230 511",2.7,"3GB","5A",0,"FH","B",1,-1.8,685
"SQ75739 561",2.3,"3GB","4C",0,"PO","D",8,-5.1,587
"SQ61064 511",10.5,"3GB","5A",0,"HGI","F",2,2.7,556
"SQ60935 051",8.5,"5GG","4C",0,"BP",,2,-7,510
"SQ71168 021",8.2,"3GB","5A",0,"HR","D",6,-5,657
"SQ79151 041",4.9,"3GB","4C",0,"HGI","B",9,-2.9,657
"SQ70092 041",10.9,"5GG","5A",0,"BP",,6,0.7,448
"SQ68976 051",4.1,"3GB","5A",0,"HR","D",5,-9.9,517
"SQ60414 531",4.2,"3GB","5A",1,"HR",,2,-6.9,345
"SQ63104 541",9.3,"5GG","5A",0,"HR",,3,-3.2,353
"SQ56449 031",7.2,"5GG","4C",0,"HGI","F",1,-1.8,625
"SQ57868 071",5.1,"5GG","4C",0,"HR",,1,-0.6,565
"SQ76089 031",15.2,"5GG","5A",0,"GI",,8,3.5,417
"SQ73407 531",11.9,"5GG","4C",0,"GA",,7,1.2,391
"SQ78819 521",9.8,"3GB","5A",0,"HGI","D",9,-0.4,521
"SQ55471 011",6.1,"3GB","4C",1,"GI","B",12,-4.3,339
"SQ72021 031",5.8,"3GB","4C",0,"HR","D",6,-6.5,642
"SQ56324 551",9.1,"5GG","5A",0,"HR",,1,-2.7,456
"SQ53611 031",3.4,"3GB","5A",0,"HR","D",11,-8.1,632
"SQ58713 561",4,"5GG","5A",0,"BP",,1,-2.9,683
"SQ57248 531",4.3,"3GB","4C",1,"GI",,1,-7.3,336
"SQ55629 021",3.1,"3GB","5A",0,"PO","F",12,-8.7,656
"SQ76801 031",7,"3GB","4C",0,"HGI","F",8,-1.9,535
"SQ75880 551",7.8,"3GB","4C",0,"HR","B",8,-5.2,514
"SQ75515 051",5.8,"5GG","4C",0,"HGI","F",8,-0.8,566
"SQ81182 031",7,"3GB","5A",0,"GI","B",9,-1.7,585
"SQ67613 011",24.1,"5GG","5A",0,"PO","G",5,11.3,301
"SQ64270 051",14.4,"5GG","5A",0,"BP",,3,0.7,377
"SQ70133 011",1.1,"5GG","5A",0,"HR",,6,-5.6,838
"SQ74020 021",6.9,"3GB","5A",0,"HR","D",7,1,561
"SQ78346 021",9.2,"5GG","4C",0,"HR","F",9,4.7,458
"SQ76828 021",8,"5GG","5A",0,"HR","D",8,-2,570
"SQ52587 031",5.1,"5GG","4C",0,"HR",,11,-0.8,639
"SQ79152 031",15.8,"5GG","4C",0,"PO","B",9,8.8,362
"SQ78554 031",5.1,"3GB","4C",0,"CR",,9,1.2,660
"SQ76316 531",5,"5GG","5A",0,"FH","B",8,-9.5,697
"SQ50513 521",10.5,"5GG","5A",0,"HGI","D",10,-4.7,566
"SQ72024 531",9.1,"3GB","5A",0,"HR",,6,3.4,392
"SQ49251 051",13.1,"5GG","5A",0,"HR",,10,4,419
"SQ61437 541",8.6,"3GB","4C",0,"HR","D",2,-4.5,423
"SQ51558 011",13.5,"5GG","5A",0,"HGI","D",11,6.4,384
"SQ50026 531",15.8,"5GG","4C",0,"HGI","F",10,0.4,344
"SQ80784 511",14.5,"3GB","4C",0,"HR","G",9,5.6,398
"SQ57909 041",14.9,"5GG","5A",0,"HGI","D",1,3.6,409
"SQ75982 041",7.2,"3GB","4C",0,"CR",,8,-2.9,562
"SQ80102 561",17.2,"3GB","5A",0,"BP",,9,11.8,340
"SQ49333 031",6.2,"5GG","5A",0,"HR",,10,-7.1,610
"SQ52051 051",5.9,"3GB","5A",0,"GI","B",11,-5.1,557
"SQ60443 541",12.5,"5GG","4C",0,"HR","D",2,2.7,523
"SQ74319 021",2.9,"3GB","5A",0,"HGI","F",7,-0.6,607
"SQ67888 021",2.3,"3GB","5A",1,"HR","F",5,1,495
"SQ51705 021",18.7,"3GB","5A",0,"CR",,11,4.4,328
"SQ73075 541",1,"3GB","5A",1,"CR",,7,-4.3,419
"SQ76440 511",4.3,"3GB","5A",0,"BP",,8,-4.3,576
"SQ49744 021",8.6,"5GG","4C",0,"GI","B",10,-3,595
"SQ67878 561",6.7,"3GB","4C",1,"HR",,5,-0.3,319
"SQ58074 041",7.8,"5GG","4C",0,"HGI","F",1,0.3,445
"SQ58710 041",2.6,"5GG","5A",0,"BP",,1,-8.6,680
"SQ59968 051",7.7,"5GG","5A",0,"HR","B",2,-1,575
"SQ58178 041",7.7,"5GG","4C",0,"GI",,1,-4.2,397
"SQ52600 021",3.7,"3GB","4C",0,"HR",,11,-4.2,569
"SQ72500 561",7.7,"3GB","5A",0,"HR",,6,-3.6,452
"SQ53063 521",15.6,"5GG","5A",0,"HGI","D",11,9.6,434
"SQ50436 041",13.9,"5GG","4C",0,"HR",,10,6.3,563
"SQ64867 071",9.8,"5GG","4C",0,"HGI","F",4,-0.3,359
"SQ60507 521",8.3,"5GG","5A",0,"GI",,2,-3.2,508
"SQ49513 551",11.9,"5GG","4C",0,"HR",,10,3.1,477
"SQ52009 541",4.2,"3GB","5A",0,"GI",,11,-1.3,645
"SQ76884 551",11.3,"5GG","4C",0,"HR","F",8,-1.4,459
"SQ76476 521",13.4,"5GG","5A",0,"HGI","F",8,4.1,487
"SQ64929 041",9.8,"5GG","5A",0,"FH",,4,-1.3,436
"SQ80192 561",17.2,"5GG","4C",0,"HR","D",9,10.7,328
"SQ78997 021",6.7,"3GB","5A",0,"HR","F",9,-1.6,655
"SQ67226 561",10.7,"5GG","5A",0,"HR",,5,-5.6,354
"SQ56131 531",2.7,"3GB","5A",0,"HR",,12,-0.4,562
"SQ69832 051",9.7,"5GG","5A",0,"HR",,5,-6.8,532
"SQ50108 511",12.1,"5GG","5A",0,"HR",,10,1,467
"SQ62137 531",1.7,"3GB","4C",1,"HR",,3,-7.1,329
"SQ62848 021",8.6,"5GG","5A",0,"PO","D",3,-5.1,603
"SQ59751 041",3.8,"3GB","5A",0,"HR","D",2,-6.1,390
"SQ79787 021",6.3,"3GB","5A",0,"HGI","F",9,-5.4,669
"SQ49803 521",9.6,"3GB","4C",0,"PO","D",10,0.4,568
"SQ76439 571",3.5,"3GB","4C",0,"HR",,8,-4.6,674
"SQ63513 531",6.9,"5GG","5A",0,"PO","D",3,2.9,573
"SQ74470 551",5.7,"3GB","5A",0,"FH",,7,2,516
"SQ77555 051",2.7,"3GB","5A",0,"HR","D",8,-7.1,601
"SQ52891 541",7,"5GG","5A",0,"HR",,11,-4.7,453
"SQ73175 021",6.5,"5GG","5A",0,"HGI","D",7,-4.3,621
"SQ67792 541",9.3,"5GG","5A",0,"HR",,5,-5.2,614
"SQ70326 521",4.4,"5GG","5A",0,"CR",,6,-1.6,654
"SQ74085 031",3.4,"2GB","5A",0,"HGI","D",7,-2.3,724
"SQ76952 041",3.4,"3GB","5A",0,"HR","B",8,-4.6,584
"SQ55261 041",15.5,"5GG","5A",0,"HR",,12,8.3,463
"SQ56305 521",2.2,"3GB","4C",0,"CR",,1,-5.2,582
"SQ64282 061",12.1,"5GG","5A",0,"HR",,3,-2.4,361
"SQ78737 041",4.8,"3GB","5A",0,"CR",,9,-4.7,710
"SQ61650 021",5.7,"5GG","5A",0,"HGI","F",3,-5,691
"SQ56628 021",4.7,"5GG","5A",0,"PO","F",1,-2.6,655
"SQ72907 511",14.6,"3GB","4C",0,"PO","F",7,9,364
"SQ50650 021",4,"3GB","5A",0,"CR",,10,-9.4,691
"SQ63530 511",1.2,"3GB","5A",0,"PO","D",3,-2.2,769
"SQ78809 551",10.3,"5GG","5A",0,"HR","D",9,1.4,469
"SQ52103 031",10.1,"5GG","4C",0,"GI","B",11,-4.1,388
"SQ68120 551",13.4,"3GB","5A",1,"HR",,5,-6.3,304
"SQ76557 541",17.4,"5GG","5A",0,"CR",,8,9.5,351
"SQ71020 511",3,"5GG","5A",0,"GA",,6,-1.5,582
"SQ56538 551",7.8,"3GB","5A",0,"HR","B",1,-0.1,522
"SQ58505 061",2.8,"3GB","4C",0,"HR",,1,-4.5,623
"SQ66792 071",9.5,"3GB","4C",0,"HR",,4,-4.3,441
"SQ53508 561",10.5,"3GB","4C",0,"HR","D",11,-0.5,554
"SQ63763 021",6.2,"5GG","4C",0,"HGI","D",3,-1.1,637
"SQ80331 581",4.8,"3GB","5A",0,"CR",,9,-5.8,491
"SQ70472 051",7.7,"5GG","5A",0,"HR","B",6,-3.7,464
"SQ73188 041",7.1,"3GB","5A",0,"HR","D",7,-1.6,587
"SQ53562 011",9.4,"3GB","4C",0,"GI","D",11,-1.5,503
"SQ50642 541",14.6,"5GG","5A",0,"CR",,10,0.8,349
"SQ51872 011",16.3,"5GG","4C",0,"HR",,11,6.3,374
"SQ75066 031",5,"3GB","4C",0,"HR","B",7,-6.3,511
"SQ50973 031",9,"5GG","5A",0,"HGI","F",10,-4.1,448
"SQ55961 551",6,"3GB","4C",0,"HR",,12,-0.8,649
"SQ54007 521",14,"5GG","4C",0,"GI",,12,0.5,347
"SQ54066 011",12,"5GG","4C",0,"GA",,12,1.2,469
"SQ80797 071",7.7,"5GG","5A",0,"HR",,9,-5.4,532
"SQ65403 041",2.9,"3GB","4C",0,"GI","F",4,-6.2,675
"SQ74093 541",1.5,"2GB","5A",0,"HGI","D",7,-5.1,782
"SQ55471 531",6.1,"3GB","4C",1,"GI","B",12,-4.3,381
"SQ51874 021",16.1,"5GG","4C",0,"HR",,11,5.5,435
"SQ76830 071",7.3,"3GB","5A",0,"HR",,8,-3.1,616
"SQ72781 041",7,"3GB","5A",0,"PO","B",7,-6.7,590
"SQ65041 021",5.6,"5GG","4C",0,"CR",,4,-5,558
"SQ55243 031",11.5,"5GG","4C",0,"HR","D",12,-2.4,321
"SQ67724 031",7.8,"3GB","4C",0,"BP",,5,-5.7,419
"SQ60487 521",10.6,"5GG","5A",0,"HGI","F",2,-2.1,505
"SQ53125 041",9.2,"5GG","5A",0,"HGI","F",11,-0.5,580
"SQ78761 041",8.1,"3GB","4C",0,"HR",,9,-1.9,597
"SQ66192 061",9.2,"3GB","5A",0,"BP",,4,-1.1,461
"SP16804 511",11.9,"5GG","7A",0,"CR",,7,8.6,392
"SQ58541 031",12.2,"5GG","5A",0,"HGI","F",1,6.3,477
"SQ75452 511",2.6,"3GB","5A",0,"BP",,7,-5.6,586
"SQ62695 031",2.8,"3GB","5A",1,"HR",,3,-7.8,381
"SQ58536 021",10.7,"5GG","5A",0,"HGI","F",1,7.6,516
"SQ80653 011",18.6,"5GG","5A",0,"HR","B",9,8.8,373
"SQ59082 541",3.7,"5GG","4C",0,"CR","B",2,-10,580
"SQ50530 041",14.8,"5GG","5A",0,"HR","B",10,0.9,396
"SQ70056 031",21.5,"5GG","5A",0,"HR",,6,12.3,329
"SQ57264 021",14,"5GG","5A",0,"HR",,1,5.3,369
"SQ78742 061",4.2,"3GB","5A",0,"PO","D",9,-6,689
"SQ80511 521",6,"3GB","5A",0,"HR","F",9,-3.9,508
"SQ55879 021",7.2,"5GG","5A",0,"HGI","D",12,1.8,417
"SQ54153 011",20.5,"3GB","5A",0,"CR",,12,11.2,332
"SQ50375 041",16.3,"5GG","5A",0,"GI",,10,6.4,383
"SQ65356 031",7.9,"5GG","4C",0,"HR","B",4,-0.8,358
"SQ57820 031",10.8,"3GB","4C",0,"CR",,1,1.9,562
"SQ70035 531",8.2,"5GG","5A",0,"PO","F",5,-2.4,563
"SQ63035 561",4.4,"5GG","5A",0,"HGI","F",3,-2.6,592
"SQ55385 051",12,"5GG","5A",0,"CR",,12,-2.4,557
"SQ73383 021",9.3,"5GG","4C",0,"HR","D",7,-0.7,301
"SQ62383 041",16.8,"5GG","5A",0,"HR",,3,7.7,384
"SQ50341 541",14.1,"5GG","5A",0,"HGI","F",10,-1.5,392
"SQ58774 051",3.3,"3GB","4C",0,"HR",,1,-2.2,578
"SQ80398 071",9.3,"5GG","5A",0,"HR",,9,-1.3,433
"SQ67625 051",10.2,"3GB","4C",0,"CR",,5,-0.2,472
"SQ53599 041",9.9,"3GB","5A",0,"GI",,11,-2.7,438
"SQ74639 041",3.4,"3GB","5A",0,"PO","B",7,-2.2,711
"SQ53677 551",11.3,"3GB","4C",0,"CR","F",12,5.1,421
"SQ81003 041",19.7,"5GG","5A",0,"GI","D",9,9.2,443
"SQ50716 511",7.1,"3GB","5A",0,"HR","B",10,3.3,550
"SQ53749 521",13,"5GG","4C",0,"CR",,12,8.9,410
"SQ54023 021",12.2,"5GG","5A",0,"GA","B",12,1.9,475
"SQ62231 021",7,"5GG","4C",0,"GI",,3,-3.7,640
"SQ50376 521",14.4,"3GB","4C",0,"GI",,10,5.7,367
"SQ79484 541",7.3,"3GB","4C",0,"PO","D",9,-5.7,473
"SQ56967 041",7.8,"3GB","5A",0,"CR","B",1,-2.5,418
"SQ77952 541",5.7,"3GB","5A",0,"CR",,8,-0.5,750
"SQ68608 521",6.6,"5GG","4C",0,"CR",,5,-4.4,447
"SQ55035 541",5.3,"3GB","5A",0,"CR",,12,-2.1,372
"SQ71283 521",13.7,"3GB","5A",0,"HR",,6,2.9,432
"SQ68876 041",15.7,"5GG","5A",0,"PO","F",5,4.2,372
"SQ64634 071",15.4,"5GG","4C",0,"PO","D",4,6,349
"SQ77624 041",5.9,"5GG","5A",0,"HR","B",8,-1.6,683
"SQ77254 541",10.6,"3GB","4C",0,"HGI","F",8,-0.6,431
"SQ52361 011",2.9,"3GB","4C",1,"PO","D",11,-5.7,335
"SQ66079 041",7.6,"3GB","5A",0,"GI",,4,-5.3,521
"SQ70148 021",4.8,"5GG","5A",0,"HR","D",6,-0.1,534
"SQ59648 521",6.9,"5GG","5A",0,"PO","D",2,-0.6,547
"SQ57452 551",8.3,"3GB","5A",0,"HR",,1,1.4,575
"SQ77594 051",7.6,"5GG","5A",0,"GI",,8,-0.6,492
"SQ81007 051",17.2,"5GG","5A",0,"GI","D",9,7.6,356
"SQ81054 551",10.4,"5GG","5A",0,"HR",,9,1.9,629
"SQ55704 531",10.6,"5GG","5A",0,"HR",,12,-4.5,327
"SQ74087 061",2.2,"2GB","5A",0,"HGI","D",7,-3.3,763
"SQ57047 031",10.2,"3GB","5A",0,"HR",,1,2.3,507
"SQ62400 051",11.1,"3GB","4C",0,"HR","D",3,3.2,530
"SQ75982 011",13,"3GB","4C",0,"CR",,8,5.2,319
"SQ77216 521",8.4,"5GG","5A",0,"HR",,8,2.9,522
"SQ70155 031",13.4,"3GB","4C",0,"CR",,6,4.9,301
"SQ52153 541",9.1,"5GG","4C",0,"HR",,11,1.1,416
"SQ58409 041",3.3,"5GG","4C",0,"HGI","D",1,-2.3,709
"SQ75587 561",4.9,"3GB","5A",0,"HR",,8,-5.8,597
"SQ50903 011",14.9,"5GG","5A",0,"HR","F",10,0.8,461
"SQ49103 041",10.8,"3GB","5A",0,"GI","B",10,7.8,331
"SQ51160 011",15.2,"2GB","4C",0,"HR",,10,-0.3,443
"SQ51943 021",10.1,"5GG","4C",0,"CR","B",11,0,502
"SQ54774 071",15.3,"5GG","5A",0,"HR",,12,-1.8,386
"SQ75287 051",5.3,"5GG","5A",0,"HR",,7,-7,620
"SQ71185 051",6.2,"5GG","5A",0,"CR",,6,2,661
"SQ53096 521",13.8,"5GG","5A",0,"HR","B",11,3.6,504
"SQ56329 511",2.7,"3GB","4C",1,"EG","F",1,-6.6,305
"SQ67345 051",4.6,"5GG","5A",0,"HR",,5,-6.4,668
"SQ71158 521",7.6,"3GB","5A",0,"HR",,6,-2.8,623
"SQ65760 531",13.6,"5GG","4C",0,"HR",,4,1.2,516
"SQ60681 531",9.8,"5GG","4C",0,"HR",,2,0.9,328
"SQ77113 531",6,"5GG","5A",0,"HR","B",8,-4.4,506
"SQ52022 031",11.8,"3GB","5A",0,"HR",,11,-1.2,364
"SQ79449 051",5.5,"5GG","5A",0,"GI","D",9,-10,493
"SQ54745 521",11,"3GB","5A",0,"HR","D",12,-1.1,382
"SQ76778 011",5.7,"5GG","5A",0,"PO","F",8,-5.9,476
"SQ64846 561",6.3,"5GG","5A",0,"FH","B",4,-3.5,516
"SQ67260 021",6.2,"5GG","5A",0,"HR",,5,0.2,725
"SQ55152 531",11.5,"5GG","5A",0,"GA",,12,-0.5,322
"SQ76896 021",8.6,"3GB","4C",0,"FH","F",8,0.3,629
"SQ51123 061",4.1,"5GG","5A",0,"HGI","F",10,-4.7,583
"SQ59346 041",13.6,"3GB","5A",0,"HGI","F",2,7.8,357
"SQ61258 521",11.7,"3GB","4C",1,"HR",,2,0,316
"SQ50450 511",11.7,"5GG","5A",0,"PO","B",10,2,383
"SQ59942 021",11.6,"3GB","4C",0,"CR",,2,1.8,529
"SQ71562 051",4.5,"3GB","5A",0,"HR","F",6,-1.3,529
"SQ74633 521",4.2,"3GB","5A",0,"PO","B",7,-0.6,684
"SQ60087 061",10,"5GG","5A",0,"HGI","F",2,-0.5,518
"SQ52811 571",18.9,"5GG","5A",0,"HR","D",11,9.6,365
"SQ64380 061",8.5,"3GB","5A",0,"HR",,3,-5.5,527
"SQ72071 031",5.7,"3GB","5A",0,"HR","D",6,0.4,480
"SQ61414 031",15.2,"5GG","5A",0,"HR","D",2,1.3,437
"SQ58570 041",8.1,"3GB","5A",1,"HR","D",1,-0.9,562
"SQ61268 031",5.1,"3GB","4C",1,"HR",,2,-6.9,346
"SQ72626 031",9.8,"5GG","5A",0,"HR","D",6,-3.2,576
"SQ63114 561",8.3,"5GG","5A",0,"HGI","F",3,-5.4,422
"SQ58357 061",6.7,"5GG","5A",0,"HGI","D",1,-3.7,337
"SQ61679 011",8.2,"5GG","4C",0,"BP",,3,-5,462
"SQ72900 551",4,"3GB","4C",0,"CR",,7,-2.5,655
"SQ66508 041",3.2,"5GG","5A",0,"HR","D",4,-7.7,764
"SQ63767 511",7.1,"5GG","4C",0,"HGI","D",3,-2.2,571
"SQ50013 551",1.8,"3GB","4C",1,"HGI","F",10,-11.1,346
"SQ54238 551",8.5,"5GG","5A",0,"PO","B",12,-2.7,589
"SQ55627 521",5.2,"3GB","5A",0,"PO","G",12,-1.8,627
"SQ59064 531",1.6,"3GB","5A",1,"EG","F",2,-13.3,338
"SQ52801 021",6.9,"5GG","5A",0,"HGI","D",11,-4,641
"SQ70914 551",11.8,"5GG","5A",0,"HR",,6,1.8,465
"SQ54748 011",11.9,"3GB","5A",0,"HR",,12,-2,465
"SQ59051 551",14.4,"5GG","5A",0,"PO","B",2,0.4,398
"SQ52363 041",5,"5GG","4C",0,"PO","B",11,-6.1,539
"SQ56815 051",7.5,"3GB","4C",0,"CR",,1,-3.5,483
"SQ50077 551",7.8,"3GB","4C",0,"HR",,10,3.4,479
"SQ79632 561",12.1,"3GB","5A",0,"HR","F",9,3.1,521
"SQ74315 021",3,"3GB","5A",1,"PO","F",7,-2.3,395
"SQ80604 571",6.1,"3GB","4C",0,"PO","B",9,1.5,507
"SQ68166 541",4,"3GB","4C",0,"HR",,5,-6.9,580
"SQ50914 521",13.9,"5GG","5A",0,"HGI","F",10,-0.3,438
"SQ76942 541",6.5,"3GB","4C",0,"HR",,8,-1.5,607
"SQ75072 031",9.9,"3GB","5A",0,"HR","D",7,3.3,507
"SQ51608 571",15.7,"5GG","5A",0,"HR",,11,5.2,351
"SQ55658 551",8.6,"3GB","5A",0,"HR",,12,-5.2,517
"SQ51683 061",12.3,"5GG","4C",0,"HR","D",11,-2.5,491
"SQ71486 041",4,"3GB","5A",0,"HR",,6,-7.9,569
"SQ51082 021",7.5,"3GB","5A",1,"PO","B",10,-1.5,415
"SQ55574 051",3.9,"3GB","4C",0,"GI","B",12,-1.1,502
"SQ53350 021",8.3,"3GB","5A",0,"HR",,11,0,630
"SQ63588 541",9.5,"3GB","4C",0,"HR",,3,1.3,446
"SQ71847 521",9.6,"5GG","5A",0,"HR",,6,2.6,435
"SQ72356 031",9.8,"5GG","5A",0,"HR",,6,3.1,380
"SQ58259 011",8.4,"5GG","4C",0,"HR",,1,-4,559
"SQ54674 521",20.5,"5GG","5A",0,"HR","D",12,10.1,332
"SQ53776 051",5.2,"5GG","4C",0,"PO","G",12,-0.7,558
"SQ59406 511",9.8,"3GB","5A",1,"HR",,2,3.8,452
"SQ62320 521",13.2,"5GG","4C",0,"PO","B",3,1.8,373
"SQ72093 511",4.2,"5GG","5A",0,"HR",,6,-4.3,657
"SQ51597 511",17,"3GB","4C",0,"PO","B",11,8.4,325
"SQ70053 041",6.4,"5GG","5A",0,"HR",,5,-7.9,567
"SQ69255 561",4.7,"5GG","5A",0,"GI",,5,-5.8,654
"SQ54922 031",20.5,"5GG","4C",0,"HR",,12,15.9,316
"SQ68467 551",5.6,"5GG","5A",0,"HR","F",5,-4.9,650
"SQ61173 011",3.4,"5GG","5A",0,"HR",,2,-4.7,549
"SQ51390 531",0.8,"2GB","5A",1,"GA",,10,-11.5,389
"SQ59968 541",7.6,"5GG","5A",0,"HR","B",2,-0.9,459
"SQ53381 051",15.7,"5GG","4C",0,"HR",,11,6.9,413
"SQ51074 541",7.1,"5GG","5A",0,"PO","B",10,-6.6,475
"SQ75191 511",7.8,"5GG","5A",0,"HR","B",7,-5.8,580
"SQ76273 551",3.1,"3GB","5A",0,"GI",,8,-3.3,689
"SQ53044 531",7.4,"5GG","4C",0,"HR",,11,-5.1,538
"SQ63112 531",10.8,"5GG","4C",0,"HGI","D",3,3.2,302
"SQ75716 521",6.8,"3GB","4C",1,"CR",,8,2.7,362
"SQ54203 041",14.7,"5GG","4C",0,"FH",,12,5.2,343
"SQ58112 021",15.2,"3GB","5A",0,"CR",,1,-1.6,375
"SQ57245 041",1.3,"3GB","4C",1,"GI",,1,-7.8,444
"SQ49440 521",14.1,"5GG","5A",0,"HR",,10,3.3,325
"SQ71849 541",9,"5GG","5A",0,"HR",,6,1.7,644
"SQ66880 511",6,"5GG","5A",0,"HR",,4,-3.1,735
"SQ62967 531",9.8,"3GB","4C",0,"GI","B",3,-2.9,425
"SQ77751 561",3.2,"5GG","5A",0,"CR",,8,-8.3,711
"SQ65528 031",7.8,"5GG","5A",0,"CR",,4,1.7,374
"SQ52562 521",5.8,"5GG","4C",0,"HR","D",11,-6.2,615
"SQ60119 541",12.7,"5GG","5A",0,"HGI","F",2,0.8,453
"SQ74466 521",6.2,"5GG","4C",0,"PO","D",7,3.1,691
"SQ79138 521",5,"5GG","5A",0,"CR",,9,-4.5,647
"SQ75926 521",2.1,"3GB","5A",0,"HGI","D",8,-1.8,678
"SQ78380 521",7.7,"5GG","5A",0,"HR",,9,-2.9,566
"SQ70431 551",13.6,"5GG","5A",0,"GI",,6,4.4,539
"SQ51636 031",15.1,"3GB","5A",0,"GI","B",11,4.2,417
"SQ52541 551",9.8,"3GB","4C",0,"CR",,11,-1.2,546
"SQ75163 021",7.5,"3GB","5A",0,"HR",,7,-5.7,548
"SQ76822 021",14.7,"5GG","5A",0,"HR",,8,7.1,365
"SQ58478 061",2.5,"5GG","5A",0,"HR","F",1,-3.3,702
"SQ55867 551",3.2,"3GB","5A",0,"PO","B",12,-4,549
"SQ78385 031",13.8,"3GB","4C",0,"HR",,9,-0.7,414
"SQ51312 511",0.5,"3GB","5A",1,"GI","F",10,-5.7,324
"SQ72509 011",11.3,"5GG","5A",0,"HR","B",6,3.2,548
"SQ52410 561",10.7,"3GB","4C",0,"HR","F",11,-0.8,510
"SQ55399 051",11.8,"5GG","4C",0,"HR",,12,3.7,384
"SQ50564 551",11.4,"5GG","5A",0,"HR",,10,-1.6,427
"SQ62596 061",9.3,"3GB","4C",0,"HGI","D",3,-0.8,464
"SQ70982 521",7.9,"3GB","5A",0,"HR",,6,-3.1,478
"SQ54068 531",11.9,"5GG","4C",0,"CR",,12,0.3,379
"SQ79084 531",5.7,"5GG","4C",0,"CR","B",9,1.1,627
"SQ52975 561",6.4,"5GG","5A",0,"HR",,11,-3.8,708
"SQ74567 531",21.9,"5GG","5A",0,"HR","D",7,15.7,317
"SQ64125 051",5.1,"3GB","5A",0,"HGI","B",3,-3.2,688
"SQ53071 531",8.8,"5GG","5A",0,"HGI","F",11,-4.4,519
"SQ66806 041",8.7,"5GG","5A",0,"HR",,4,-4.8,617
"SQ76809 511",5.6,"5GG","5A",0,"CR","B",8,-4.1,574
"SQ52886 511",11.8,"3GB","4C",0,"GI","B",11,0,424
"SQ77136 031",9,"3GB","5A",0,"CR",,8,-2,678
"SQ75301 021",8.3,"5GG","5A",0,"CR",,7,-0.6,566
"SQ58711 041",9.3,"5GG","4C",0,"PO","G",1,1.1,439
"SQ72220 021",7,"3GB","5A",0,"HR",,6,-3.4,670
"SQ54735 511",6.6,"3GB","4C",0,"GI","B",12,-5.4,586
"SQ75353 011",18.3,"3GB","5A",0,"HR",,7,11.7,312
"SQ70157 561",12.3,"5GG","4C",0,"CR",,6,4.1,462
"SQ50389 531",17,"5GG","5A",0,"HGI","F",10,7,340
"SQ67619 011",10.1,"3GB","5A",1,"GI","F",5,-1.6,301
"SQ68063 021",5.8,"5GG","5A",0,"PO","F",5,-4.8,434
"SQ50825 551",5.6,"5GG","5A",0,"HGI","F",10,-3.9,483
"SQ58266 031",7.5,"5GG","4C",0,"CR",,1,0.5,548
"SQ79076 511",11,"5GG","5A",0,"CR",,9,3.8,403
"SQ61632 541",11.7,"5GG","5A",0,"PO","D",3,0.3,399
"SQ55634 531",3.3,"5GG","5A",0,"PO","G",12,-4.6,722
"SQ56945 531",10.7,"5GG","5A",0,"HR","D",1,-0.9,647
"SQ59425 541",3,"5GG","5A",1,"HR",,2,0,448
"SQ71979 511",14.9,"5GG","5A",0,"HR",,6,2.1,548
"SQ71608 551",13.6,"5GG","5A",0,"HR",,6,3.7,627
"SQ67973 551",4.9,"5GG","4C",0,"HR","B",5,-0.6,484
"SQ79530 511",8.4,"3GB","5A",0,"HR",,9,-5.2,590
"SQ60459 541",12.7,"5GG","5A",0,"PO","B",2,-0.7,511
"SQ78328 511",10.5,"3GB","4C",0,"HGI","F",8,-5.5,451
"SQ79201 041",7.3,"3GB","5A",0,"PO","D",9,-5,654
"SQ68416 571",7.5,"3GB","5A",0,"PO","B",5,-4.6,513
"SQ64864 051",11.9,"5GG","4C",0,"HGI","F",4,1.2,516
"SQ75718 031",6.9,"5GG","5A",0,"HR",,8,-1.1,666
"SQ75415 051",6,"5GG","4C",0,"GA",,7,0.1,490
"SQ65294 511",6,"5GG","4C",0,"FH",,4,-2.2,454
"SQ75702 531",5,"5GG","5A",0,"CR",,8,-0.8,596
"SQ68808 051",9.8,"5GG","5A",0,"HR",,5,-4.2,363
"SQ54626 031",14.8,"3GB","5A",1,"HR","F",12,2.5,361
"SQ55774 041",2.3,"5GG","4C",0,"HR",,12,-1.5,631
"SQ78677 061",5.9,"3GB","5A",0,"HR","D",9,-6,701
"SQ79771 041",5.5,"5GG","4C",0,"HR","B",9,-2.1,596
"SQ63236 551",4.1,"5GG","4C",0,"HR","D",3,-7.2,675
"SQ73777 571",9.7,"5GG","5A",0,"BP",,7,6.2,340
"SQ60251 551",10.7,"3GB","4C",0,"HGI","F",2,0.4,339
"SQ62651 011",15.2,"5GG","4C",0,"HR",,3,4.3,422
"SQ63150 081",9.1,"3GB","5A",0,"HR","F",3,-2,562
"SQ61439 031",13.8,"5GG","5A",0,"HR",,2,-2.1,408
"SQ68378 041",7.1,"5GG","4C",0,"HR",,5,-2.9,541
"SQ53072 521",8.5,"5GG","5A",0,"HGI","F",11,-4.9,483
"SQ53771 061",8,"5GG","4C",0,"PO","G",12,1.4,438
"SQ76940 041",6.2,"5GG","5A",0,"FH",,8,-0.8,410
"SQ57927 051",10.6,"3GB","5A",0,"HGI","D",1,0.3,560
"SQ73643 531",5.7,"5GG","5A",0,"CR",,7,-2.1,483
"SQ56607 071",1.7,"3GB","5A",0,"HR",,1,-5.1,713
"SQ78768 051",8.4,"5GG","5A",0,"HR","D",9,-3.5,671
"SQ72800 531",9.4,"3GB","4C",0,"CR",,7,-1.8,333
"SQ68819 541",9.9,"3GB","4C",0,"CR",,5,-1.3,399
"SQ72773 551",7.1,"5GG","5A",0,"PO","B",7,-6.4,626
"SQ74745 511",8.9,"5GG","5A",0,"HR",,7,4.8,571
"SQ74005 521",7.9,"5GG","5A",0,"HR","B",7,-2.3,629
"SQ55296 561",10.8,"3GB","5A",1,"GI","F",12,0.8,304
"SQ66524 521",10.1,"5GG","5A",0,"HR",,4,-0.4,464
"SQ80898 541",5.9,"3GB","5A",1,"HR",,9,-2.7,405
"SQ57443 541",12.3,"5GG","5A",0,"HR","D",1,3.8,301
"SQ79227 551",5,"5GG","4C",0,"BP",,9,-6.5,513
"SQ57070 021",9.5,"5GG","5A",0,"HR","F",1,3.1,513
"SQ69574 031",10,"5GG","5A",0,"HR",,5,0,440
"SQ57888 031",10.8,"5GG","5A",0,"HR","B",1,-1.8,344
"SQ69279 531",6.7,"5GG","5A",0,"HR","D",5,-4.9,520
"SQ77592 551",10.4,"5GG","5A",0,"HGI","F",8,5.6,643
"SQ71140 531",15.6,"5GG","5A",0,"HR","D",6,1.8,434
"SQ70941 021",14,"3GB","4C",0,"HR",,6,-3.4,313
"SQ67969 041",2.8,"3GB","4C",0,"CR","B",5,-6.7,734
"SQ55947 521",7.5,"3GB","5A",0,"GI",,12,-3.6,656
"SQ64061 041",10.3,"3GB","5A",0,"CR",,3,0.5,394
"SQ54499 041",6.7,"5GG","5A",0,"HR","D",12,-6.8,584
"SQ55505 551",4.9,"5GG","5A",1,"CR",,12,-5.7,380
"SQ62657 031",16.4,"5GG","4C",0,"HR",,3,2.8,525
"SQ72404 021",10.3,"3GB","5A",0,"CR",,6,0.7,605
"SQ66913 021",14.8,"5GG","5A",0,"PO","D",4,2.7,385
"SQ54421 531",8.7,"3GB","5A",0,"HGI","F",12,0.9,434
"SQ50467 531",5.3,"3GB","4C",1,"HR",,10,-0.3,477
"SQ72661 031",11.4,"3GB","4C",0,"GI",,6,1.5,343
"SQ76235 541",1.4,"3F1","5A",0,"HR",,8,-7.2,774
"SQ75358 011",7.3,"5GG","5A",0,"HR",,7,-0.4,584
"SQ63076 031",4.1,"3GB","5A",0,"HR",,3,-4.9,681
"SQ74626 521",4.8,"5GG","5A",0,"CR",,7,-4.6,635
"SQ54662 021",7.3,"3GB","5A",0,"HGI","F",12,-6.9,485
"SQ70648 531",11.9,"5GG","5A",0,"CR",,6,3.2,452
"SQ50916 041",11.9,"5GG","5A",0,"HR","F",10,-3.5,401
"SQ72591 011",6.8,"5GG","5A",0,"HR",,6,-2.7,619
"SQ74451 071",4,"3GB","4C",0,"HR",,7,-1.6,657
"SQ52864 551",8.8,"5GG","4C",0,"HGI","F",11,-0.8,604
"SQ60677 071",14.5,"5GG","4C",0,"HR",,2,1.3,427
"SQ70193 531",6.4,"5GG","4C",0,"PO","B",6,-2.1,576
"SQ62375 061",11.4,"5GG","5A",0,"HR",,3,-0.7,453
"SQ79523 041",8.5,"5GG","5A",0,"CR",,9,-5,603
"SQ49872 031",9,"3GB","5A",0,"HR","D",10,0.3,593
"SQ71468 051",5.8,"3GB","5A",1,"HR","F",6,-4.5,353
"SQ61266 021",6,"3GB","4C",1,"HR",,2,-5.1,361
"SQ49817 011",12.7,"3GB","5A",0,"PO","B",10,1.9,460
"SQ75395 541",4.1,"5GG","4C",0,"BP",,7,-7,673
"SQ56106 551",2.3,"5GG","5A",0,"HGI","D",12,-11.2,629
"SQ78859 521",9.9,"5GG","4C",0,"HGI","D",9,-2.9,624
"SQ49099 571",5.5,"3GB","5A",0,"HR","B",10,-2.7,517
"SQ53854 031",13.9,"5GG","5A",0,"GI",,12,4.9,310
"SQ55433 031",12.3,"5GG","5A",0,"HGI","D",12,-1.7,512
"SQ62554 041",10.7,"5GG","4C",0,"FH",,3,0.3,345
"SQ66255 031",10.9,"3GB","4C",0,"FH",,4,-4.4,556
"SQ63565 021",2.1,"5GG","4C",0,"CR",,3,-4.3,718
"SQ76185 011",2.2,"3GB","4C",1,"FH",,8,-5.4,427
"SQ49653 521",13,"3GB","5A",0,"HGI","D",10,1.8,502
"SQ49621 551",18.5,"5GG","5A",0,"HR","D",10,5.6,410
"SQ73825 031",3.3,"5GG","5A",0,"FH","B",7,-1.8,719
"SQ75676 031",4.9,"5GG","4C",0,"HR","D",8,-6.2,561
"SQ51157 531",15,"2GB","4C",0,"HR","D",10,0.6,331
"SQ72215 061",6.5,"3GB","5A",0,"PO","B",6,-2.7,706
"SQ60144 531",11.3,"5GG","5A",0,"CR",,2,2.8,449
"SQ56270 051",15.8,"5GG","5A",0,"HR",,1,3.3,412
"SQ50180 551",4.7,"3GB","4C",0,"HGI","F",10,-3.7,696
"SQ76101 511",4.2,"5GG","4C",0,"CR",,8,-2.9,673
"SQ61211 541",12.4,"5GG","5A",0,"PO","D",2,0.1,434
"SQ69174 521",11.5,"5GG","5A",0,"PO","B",5,-0.5,441
"SQ69904 531",13.2,"5GG","5A",0,"HR",,5,3.5,460
"SQ59878 531",18.3,"5GG","5A",0,"HR","D",2,9.1,473
"SQ55812 051",5.5,"3GB","4C",0,"HGI","F",12,-0.1,585
"SQ73948 531",5.8,"3GB","5A",0,"HR",,7,-3.4,382
"SQ62978 541",12.9,"5GG","5A",0,"HR",,3,-0.3,342
"SQ66915 031",13.4,"3GB","5A",0,"FH",,4,1.9,332
"SQ54190 071",10.7,"5GG","4C",0,"HR",,12,-1.2,471
"SQ68010 511",8.3,"5GG","5A",0,"HR",,5,-1.3,481
"SQ64922 041",11.8,"5GG","5A",0,"HGI","F",4,0.6,442
"SQ56596 021",6.3,"5GG","5A",0,"GI","B",1,1.1,366
"SQ51259 051",11.4,"5GG","4C",0,"HR","B",10,0.9,544
"SQ50716 521",7,"3GB","5A",0,"HR","B",10,3.1,600
"SQ52744 541",7,"3GB","5A",0,"HR",,11,-2.3,633
"SQ58791 041",4.2,"3GB","5A",0,"HGI","F",1,-1.6,687
"SQ55299 511",19.1,"5GG","4C",0,"PO","D",12,7.2,369
"SQ55200 031",10.3,"5GG","5A",0,"HR",,12,-2.6,508
"SQ55704 551",10.8,"3GB","5A",0,"HR",,12,-3.6,440
"SQ57761 541",13,"3GB","4C",0,"BP",,1,-1.8,382
"SQ57848 541",10.6,"5GG","5A",0,"GI","B",1,-1.3,402
"SQ60278 031",5.8,"5GG","4C",0,"CR","B",2,-1.3,537
"SQ59270 021",9.5,"5GG","5A",0,"CR",,2,0,312
"SQ55967 071",9.1,"5GG","4C",0,"HR",,12,1,410
"SQ49624 041",4,"3GB","5A",0,"CR",,10,-5.2,688
"SQ55630 551",3.6,"5GG","5A",0,"PO","G",12,-3.4,534
"SQ52802 571",6.1,"5GG","5A",0,"FH",,11,-3.9,547
"SQ64276 551",15.2,"5GG","5A",0,"HR","D",3,7.5,479
"SQ66334 521",8.2,"3GB","4C",0,"FH","B",4,-4.7,482
"SQ66222 531",2.6,"5GG","4C",0,"CR",,4,-1.3,621
"SQ66933 571",11.1,"5GG","5A",0,"HR",,4,-2.8,469
"SQ78126 551",26,"5GG","4C",0,"FH","B",8,19.9,357
"SQ71713 061",7.2,"5GG","5A",0,"HR","D",6,-2.2,521
"SQ72315 011",10.9,"3GB","4C",0,"CR",,6,5.6,308
"SQ66296 051",7.1,"5GG","5A",0,"CR",,4,-3,450
"SQ51136 061",4.3,"3GB","4C",0,"CR",,10,-1.2,505
"SQ68555 071",6.4,"3GB","5A",0,"CR",,5,-4.2,505
"SQ70624 041",6.8,"5GG","5A",0,"PO","F",6,-5.1,530
"SQ79476 061",12.4,"3GB","5A",0,"HGI","F",9,5.4,332
"SQ75600 521",10.3,"3GB","5A",0,"CR",,8,-0.8,544
"SQ63911 521",17.8,"5GG","5A",0,"HGI","F",3,0,426
"SQ72542 511",8.3,"5GG","5A",0,"HR","D",6,-0.2,542
"SQ77910 511",2.7,"3GB","5A",0,"GI",,8,-6.8,544
"SQ58427 051",6.5,"3GB","4C",0,"CR",,1,-0.3,667
"SQ62400 561",10.9,"3GB","4C",0,"HR","D",3,3.1,503
"SQ62861 541",7.1,"5GG","5A",0,"CR",,3,-1.1,498
"SQ76486 031",9.7,"3GB","4C",1,"HR","F",8,0.7,306
"SQ52020 021",12.2,"5GG","5A",0,"HR",,11,-0.6,412
"SQ80284 561",3.8,"5GG","5A",0,"HR","D",9,-2.2,631
"SQ62556 031",3.1,"3GB","4C",1,"HR",,3,-4.5,332
"SQ63175 011",7.8,"5GG","5A",0,"GI",,3,-3.8,324
"SQ80484 051",6.4,"5GG","5A",0,"CR",,9,-4.7,600
"SQ80891 041",8.4,"3GB","4C",0,"HR",,9,-0.9,491
"SQ68122 041",11.1,"5GG","5A",0,"HR",,5,1.2,399
"SQ73271 541",9.8,"3GB","4C",0,"GI",,7,-2.1,584
"SQ73943 071",4.9,"3GB","5A",0,"HR",,7,-3.4,722
"SQ81054 021",11.3,"5GG","5A",0,"HR",,9,2.2,522
"SQ63807 051",2,"3GB","4C",0,"HGI","F",3,-9.1,670
"SQ49365 031",15.9,"5GG","5A",0,"HR","B",10,10,389
"SQ50183 051",15.8,"5GG","5A",0,"GI","F",10,4,402
"SQ77524 011",5.8,"3GB","5A",0,"HR",,8,-1.3,699
"SQ59671 551",12.4,"3GB","5A",0,"CR",,2,-0.1,424
"SQ52722 051",14.8,"5GG","5A",0,"HR",,11,5,371
"SQ61096 011",10.8,"5GG","4C",0,"HR",,2,4,592
"SQ71206 531",4.6,"5GG","5A",0,"HR",,6,-2.8,519
"SQ55806 561",6.1,"3GB","4C",0,"HGI","F",12,1.1,541
"SQ73222 021",5.6,"5GG","5A",0,"HR","B",7,-5.1,654
"SQ77616 521",13.1,"5GG","5A",0,"CR",,8,5.9,372
"SQ70121 041",11.2,"5GG","5A",0,"HR","B",6,-0.8,398
"SQ63541 031",8.9,"5GG","4C",0,"CR",,3,1.4,592
"SQ54584 521",8.7,"5GG","5A",0,"HR","D",12,0.5,482
"SQ76046 041",5.6,"5GG","4C",0,"PO","F",8,0.3,669
"SQ59768 561",19.4,"3GB","5A",0,"HR","B",2,11.9,408
"SQ78014 551",5.1,"5GG","5A",0,"CR",,8,-6.2,635
"SQ67126 581",10.6,"3GB","5A",0,"HR",,4,-1.1,372
"SQ71353 011",5.2,"3GB","4C",1,"HR","F",6,-0.1,370
"SQ51608 541",15.5,"5GG","5A",0,"HR",,11,5.4,397
"SQ52815 031",5.2,"5GG","4C",0,"GA","B",11,-2.8,596
"SQ79772 031",4,"3GB","4C",0,"GI","B",9,-2.7,666
"SQ75429 051",9,"5GG","5A",0,"HGI","F",7,-0.2,465
"SQ64828 061",7.6,"5GG","4C",0,"GA",,4,0.2,508
"SQ63974 021",12.3,"3GB","4C",0,"HR",,3,-0.6,434
"SQ53350 041",7.7,"3GB","5A",0,"HR","F",11,-0.2,568
"SQ60574 551",5.3,"5GG","5A",0,"HR","B",2,-0.8,620
"SQ77731 031",6.2,"5GG","5A",0,"CR",,8,-3.4,610
"SQ70901 011",3.8,"3GB","4C",0,"GI",,6,-5.4,567
"SQ50746 541",11,"5GG","5A",0,"HGI","F",10,1.6,496
"SQ70172 511",4.6,"5GG","4C",0,"HR","F",6,-8.1,488
"SQ63493 561",4,"3GB","4C",1,"HR",,3,-0.3,389
"SQ69923 061",8.8,"5GG","4C",0,"GA",,5,2.1,367
"SQ74367 541",5,"3GB","5A",0,"HGI","D",7,-0.7,636
"SQ58288 521",5.5,"5GG","4C",0,"HR",,1,-5,568
"SQ53793 051",6.4,"5GG","4C",0,"HGI","F",12,-0.2,628
"SQ72475 011",4.9,"5GG","5A",0,"GA","F",6,-8.2,619
"SQ74481 011",11.5,"5GG","5A",0,"CR","B",7,7.3,541
"SQ53769 041",7.9,"5GG","4C",0,"PO","G",12,2.3,566
"SQ69766 011",5.2,"3GB","4C",0,"HR","D",5,-8.5,651
"SQ75306 031",6.7,"5GG","5A",0,"CR",,7,-2,400
"SQ62425 511",11.5,"5GG","5A",0,"HR",,3,0.6,376
"SQ71821 041",7.7,"3GB","5A",0,"HR",,6,-7.2,562
"SQ74746 021",24.3,"3GB","5A",0,"GI",,7,14.7,320
"SQ50534 021",14.6,"5GG","5A",0,"HR","B",10,-0.5,526
"SQ56402 021",14.4,"5GG","5A",0,"PO","B",1,8.9,566
"SQ79941 511",6.9,"3GB","4C",0,"HR",,9,-1.3,584
"SQ78130 021",15.7,"5GG","5A",0,"GI",,8,-1.4,525
"SQ53728 511",9.4,"3GB","5A",0,"HR","D",12,-5.7,482
"SQ54008 021",13.6,"5GG","4C",0,"GI",,12,-0.1,309
"SQ56357 551",7.9,"5GG","5A",0,"HGI","F",1,3.4,594
"SQ68464 041",5.5,"3GB","5A",0,"HR","F",5,-4.3,615
"SQ77480 051",3.5,"3GB","5A",0,"HR",,8,-6.8,724
"SQ76542 531",7.4,"3GB","5A",1,"HR","F",8,4,330
"SQ58655 021",5.8,"5GG","5A",0,"PO","B",1,-8,571
"SQ79448 561",14.2,"5GG","5A",0,"HGI","D",9,2.2,451
"SQ54237 541",8.7,"5GG","5A",0,"PO","B",12,-2.1,528
"SQ57347 011",14.2,"5GG","5A",0,"HR",,1,3.7,341
"SQ81064 521",9.5,"3GB","5A",0,"HR",,9,-0.7,555
"SQ58402 041",2.8,"5GG","4C",0,"HGI","F",1,-0.5,635
"SQ58599 041",4.5,"3GB","5A",1,"HR","D",1,-6.4,592
"SQ56709 551",8.8,"3GB","5A",0,"BP",,1,-2.9,449
"SQ64896 051",10.5,"5GG","5A",0,"HR","D",4,2.6,397
"SQ76350 561",12.1,"5GG","4C",0,"HGI","D",8,7.4,379
"SQ54987 511",12.9,"5GG","5A",0,"HR",,12,1.1,478
"SQ76956 051",2.7,"3GB","5A",0,"HR","B",8,-5.6,645
"SQ76798 031",7.1,"3GB","4C",0,"HGI","D",8,-1.1,598
"SQ74831 541",8,"3GB","4C",0,"PO","B",7,1.4,565
"SQ60399 041",10.8,"5GG","5A",0,"PO","B",2,0.5,550
"SQ68925 541",5.8,"5GG","5A",0,"HR",,5,-7.3,684
"SQ56235 541",19.9,"3GB","5A",1,"GI","F",1,8.7,309
"SQ52904 041",13.5,"3GB","5A",0,"HGI","F",11,5.7,329
"SQ77278 531",5.6,"3GB","5A",0,"HR","D",8,-5.9,672
"SQ77649 511",8.1,"5GG","5A",0,"HR",,8,-1.6,562
"SQ50732 551",5.6,"3GB","5A",0,"HR",,10,-1.8,510
"SQ68691 011",11.6,"3GB","5A",0,"HR",,5,1.1,610
"SQ62270 581",8.4,"3GB","5A",0,"CR",,3,-4,497
"SQ64131 011",8.4,"3GB","4C",0,"HR","D",3,-0.6,471
"SQ63729 061",5.9,"5GG","5A",0,"HGI","D",3,-0.7,394
"SQ79528 531",10.4,"5GG","5A",0,"HGI","F",9,-4.1,513
"SQ62362 021",15.4,"3GB","4C",0,"HGI","F",3,9.4,336
"SQ64313 531",9.1,"3GB","5A",0,"HR",,3,1.8,425
"SQ74907 541",6.5,"5GG","4C",0,"PO","B",7,-5.2,641
"SQ57095 041",13.2,"3GB","5A",0,"HGI","D",1,3.4,411
"SQ58645 571",11.9,"3GB","4C",0,"HGI","D",1,5.1,459
"SQ56061 541",7.8,"5GG","5A",0,"CR",,12,-2.9,554
"SQ71600 531",4.9,"5GG","5A",0,"HR",,6,-4.6,720
"SQ74564 531",1.7,"3GB","5A",0,"PO","D",7,-6.7,821
"SQ66229 051",11.9,"5GG","4C",0,"HR","B",4,2,536
"SQ52625 521",10.7,"5GG","5A",0,"HR","D",11,1.6,550
"SQ62925 011",11.1,"5GG","5A",0,"HR",,3,2.2,340
"SQ75877 031",7.9,"3GB","4C",0,"HR","B",8,-4.4,571
"SQ53262 551",6.9,"3GB","4C",0,"HGI","F",11,-0.2,568
"SQ75075 551",13.1,"3GB","5A",0,"HGI","F",7,3.1,303
"SQ75194 031",7.4,"5GG","5A",0,"GI","B",7,-6.6,582
"SQ54298 021",9.1,"5GG","5A",0,"HR",,12,2.2,546
"SQ75469 021",8.6,"5GG","4C",0,"HR",,7,-2.7,542
"SQ54679 511",9.9,"5GG","5A",0,"HGI","D",12,-2.6,464
"SQ65965 021",9.2,"3GB","4C",0,"CR",,4,-1.2,527
"SQ78972 521",5.1,"3GB","4C",0,"CR",,9,-4.3,520
"SQ55660 031",8.3,"5GG","5A",0,"HR",,12,-5.6,576
"SQ58014 511",8.3,"3GB","4C",0,"GA",,1,-1.4,304
"SQ71410 011",17.8,"3GB","4C",0,"HR","D",6,8,357
"SQ62425 541",12.9,"5GG","5A",0,"HR",,3,0.4,380
"SQ73976 521",10,"5GG","5A",1,"PO","F",7,4.2,301
"SQ67699 551",12.2,"5GG","5A",0,"HR",,5,-1.2,368
"SQ71244 031",4,"3GB","5A",0,"FH",,6,-1.2,707
"SQ56645 521",7.5,"5GG","4C",0,"HR",,1,-6.8,417
"SQ72007 511",5.4,"5GG","5A",0,"PO","B",6,-5.2,483
"SQ72400 511",7.3,"3GB","4C",0,"CR",,6,-3.7,364
"SQ71222 031",4.2,"3GB","5A",0,"CR",,6,-6,720
"SQ53764 021",3.7,"3GB","5A",0,"HR","B",12,-2.2,738
"SQ64936 041",8,"5GG","5A",0,"CR","B",4,-3.7,523
"SQ65206 021",16.1,"5GG","5A",0,"HR",,4,10.7,304
"SQ79254 541",10.4,"5GG","5A",0,"HR","D",9,2.8,533
"SQ64666 511",1.8,"3GB","4C",1,"CR",,4,-6.9,300
"SQ56369 531",8.3,"3GB","4C",0,"HR","B",1,0.7,612
"SQ71906 051",11.8,"5GG","5A",0,"PO","F",6,4.8,565
"SQ60335 511",11.1,"5GG","4C",0,"GI","B",2,7.9,600
"SQ52873 041",13.1,"5GG","4C",0,"GI","B",11,0.4,573
"SQ69296 041",18.6,"3GB","4C",0,"CR","F",5,4.3,341
"SQ73722 051",5.7,"5GG","4C",0,"HGI","F",7,0.6,490
"SQ56861 021",12.2,"5GG","5A",0,"HR",,1,2.6,378
"SQ50144 531",5.1,"5GG","5A",0,"HR","D",10,-2.3,482
"SQ53697 511",4.2,"3GB","5A",0,"CR",,12,-1.4,524
"SQ76409 541",4.3,"5GG","5A",0,"HR","D",8,-1.6,561
"SQ53901 541",20.8,"5GG","5A",0,"HGI","F",12,5.5,473
"SQ57987 541",9.5,"5GG","5A",0,"HGI","F",1,-0.5,624
"SQ78927 051",13.4,"3GB","5A",0,"HGI","F",9,1.2,497
"SQ57098 011",14.1,"5GG","5A",0,"HGI","D",1,3.1,485
"SQ71097 051",8.3,"3GB","4C",0,"GI","B",6,-0.9,512
"SQ54329 521",11.3,"5GG","4C",0,"HGI","F",12,-2.3,399
"SQ71819 011",14.1,"5GG","5A",0,"PO","F",6,3.8,407
"SQ56954 531",9.8,"5GG","5A",0,"HR",,1,-3.1,438
"SQ60232 051",9,"3GB","4C",0,"HGI","F",2,0.8,563
"SQ49374 051",12,"5GG","4C",0,"CR",,10,7.2,427
"SQ62208 531",11.2,"3GB","4C",0,"BP",,3,1.8,339
"SQ64826 521",8,"3GB","4C",0,"GI",,4,1.3,485
"SQ60485 561",11.2,"5GG","5A",0,"HR",,2,-1.3,348
"SQ78222 581",10,"3GB","5A",0,"BP",,8,-0.2,422
"SQ75742 061",3.3,"5GG","5A",0,"HR",,8,-1.1,745
"SQ55835 051",8.5,"3GB","4C",0,"HGI","D",12,0.2,432
"SQ63716 011",5.9,"5GG","5A",0,"HR","D",3,-3,464
"SQ74373 041",12.6,"5GG","4C",0,"CR",,7,8.1,416
"SQ66598 551",14.6,"3GB","5A",0,"HR",,4,-1.4,368
"SQ77255 541",3.1,"5GG","5A",0,"HGI","F",8,-6.2,740
"SQ72079 541",8.4,"3GB","4C",1,"GI","F",6,-0.1,445
"SQ78970 561",4.9,"5GG","4C",0,"CR",,9,-4.1,676
"SQ57741 561",5.7,"5GG","5A",0,"HR",,1,-6,589
"SQ50685 541",13.2,"3GB","5A",0,"HR","B",10,1.2,520
"SQ56440 041",15.1,"3GB","5A",0,"HR","D",1,-0.2,459
"SQ58056 551",7,"3GB","4C",0,"HR","D",1,-1.8,608
"SQ73476 531",6.6,"3GB","5A",0,"CR","B",7,-4,481
"SQ55198 541",11.2,"5GG","5A",0,"HR",,12,-2.1,599
"SQ68827 011",9.3,"5GG","4C",0,"CR",,5,-3.2,531
"SQ55110 521",4.5,"5GG","5A",0,"HGI","F",12,-8.4,695
"SQ80751 551",12.3,"5GG","5A",0,"PO","B",9,1.2,317
"SQ63087 011",9.9,"5GG","5A",0,"HR","D",3,-1.8,537
"SQ59703 041",6.6,"5GG","5A",0,"HR",,2,-7.7,471
"SQ52847 011",9.2,"5GG","5A",0,"HR","D",11,3,500
"SQ66274 061",11,"5GG","5A",0,"PO","D",4,-1.9,474
"SQ53681 061",3.5,"5GG","5A",0,"PO","B",12,-2.2,681
"SQ72478 011",9.5,"5GG","4C",0,"CR","B",6,-3.1,487
"SQ78734 011",0.2,,"5A",0,"CR",,9,-6.8,795
"SQ65524 011",9.6,"5GG","5A",0,"CR",,4,3.4,534
"SQ78093 551",11.6,"5GG","5A",0,"CR",,8,4.9,412
"SQ78754 551",3.4,"5GG","5A",0,"HR",,9,-1.6,746
"SQ80428 021",7.2,"3GB","4C",0,"CR",,9,0.8,576
"SQ74364 021",1.9,"3GB","5A",0,"HGI","D",7,-9.2,759
"SQ75012 521",2.9,"3GB","4C",0,"HGI","F",7,-4.1,708
"SQ68004 051",10.2,"5GG","5A",0,"HR",,5,-0.7,544
"SQ58770 071",5,"5GG","4C",0,"HR",,1,-1.3,496
"SQ54069 511",11.7,"3GB","4C",0,"GI",,12,0,456
"SQ78581 551",23.3,"5GG","5A",0,"HR","F",9,12.3,338
"SQ57163 521",16,"5GG","5A",0,"HR","D",1,6.1,492
"SQ52425 031",8.1,"3GB","4C",0,"HR","D",11,6.8,437
"SQ77296 041",5.8,"3GB","4C",0,"HGI","D",8,-3.9,580
"SQ53088 051",14.6,"5GG","5A",0,"HR","B",11,2.1,519
"SQ72156 511",1,"3GB","4C",1,"HR",,6,-5.1,488
"SQ64792 051",4.4,"3GB","4C",0,"HGI","D",4,-2.9,697
"SQ69985 031",15.2,"3GB","4C",0,"GI",,5,7.5,437
"SQ78377 521",4.4,"3GB","5A",0,"GI",,9,-5.4,609
"SQ74996 541",7.6,"3GB","5A",0,"CR",,7,1,624
"SQ73993 041",3.3,"3GB","4C",0,"HR","D",7,-3,652
"SQ60323 041",5.8,"3GB","5A",0,"FH",,2,-2.6,483
"SQ78590 041",2.8,"5GG","5A",0,"CR",,9,-3,750
"SQ62296 541",12,"3GB","4C",0,"GA",,3,-0.1,323
"SQ53524 051",5.9,"5GG","4C",0,"HR",,11,-6.6,603
"SQ65501 521",12.8,"3GB","5A",0,"FH",,4,3.2,552
"SQ50137 551",6,"5GG","5A",0,"GI",,10,-0.6,541
"SQ63299 511",1.6,"3GB","5A",1,"HR",,3,-7.8,352
"SP16906 071",60.6,"5GG","7A",0,"HR","F",7,52.5,322
"SQ55870 041",3.6,"3GB","5A",0,"PO","B",12,-4.4,678
"SQ52745 571",5.5,"3F1","5A",0,"HR","D",11,-3.2,573
"SQ71950 021",9.3,"5GG","5A",0,"GI",,6,0.6,484
"SQ78382 041",7.5,"5GG","5A",0,"HR",,9,-3.8,706
"SQ63645 051",6.8,"3GB","5A",0,"HR",,3,-0.9,683
"SQ77558 031",3.5,"5GG","5A",0,"HR","D",8,-7.5,811
"SQ68060 011",5.3,"3GB","5A",0,"PO","G",5,-3.9,509
"SQ68402 041",10.2,"5GG","5A",0,"HR","B",5,-1.9,494
"SQ57955 511",11.2,"5GG","4C",0,"HGI","D",1,1.6,449
"SQ70904 021",9.5,"5GG","5A",0,"HR",,6,3.8,521
"SQ77401 051",4.9,"5GG","4C",0,"HGI","F",8,-1.8,703
"SQ79958 511",3.7,"3GB","4C",0,"HR",,9,-5.1,654
"SQ49084 021",7.2,"3GB","5A",0,"GA","B",10,0.7,364
"SQ51636 021",15.3,"3GB","5A",0,"GI","B",11,4.3,427
"SQ50766 521",12.3,"3GB","5A",0,"HGI","F",10,3.8,332
"SQ52051 031",6.3,"3GB","5A",0,"GI","B",11,-4.8,676
"SQ76104 551",3.6,"3GB","4C",0,"CR",,8,-2,721
"SQ61629 011",12.7,"3GB","5A",0,"HGI","F",3,1.4,377
"SQ63240 041",7.7,"5GG","4C",0,"HR","F",3,-5.2,685
"SQ77279 021",6.3,"5GG","5A",0,"BP",,8,-6.1,571
"SQ66054 511",24.7,"5GG","5A",0,"PO","G",4,17.9,311
"SQ50287 561",16.6,"5GG","5A",0,"HR",,10,3.6,401
"SQ74451 021",4.2,"3GB","4C",0,"HR",,7,-1.1,484
"SQ51027 041",1.8,"3GB","5A",1,"FH",,10,-6.1,447
"SQ80869 541",13.7,"5GG","4C",0,"HGI","D",9,-2.1,385
"SQ77580 061",8.3,"3GB","5A",0,"HGI","D",8,-5.5,667
"SQ60309 071",9,"3GB","4C",0,"BP",,2,-2,472
"SQ53763 061",5.8,"5GG","5A",0,"PO","B",12,-0.1,658
"SQ68084 011",10.3,"5GG","4C",0,"GA",,5,0.8,517
"SQ79132 011",6,"3GB","5A",0,"HGI","D",9,-2.4,609
"SQ57864 031",7.4,"3GB","4C",0,"BP",,1,1.1,478
"SQ64862 011",10.7,"3GB","4C",0,"PO","D",4,1.9,336
"SQ75831 041",6.7,"5GG","5A",0,"HGI","D",8,-1.3,625
"SQ55276 031",13.6,"5GG","5A",0,"HR",,12,5.3,390
"SQ50173 041",6.3,"3GB","4C",0,"HGI","F",10,-1.7,601
"SQ61267 021",17,"5GG","5A",0,"PO","D",2,4,407
"SQ74009 031",5,"5GG","5A",0,"CR",,7,-4,630
"SQ65296 531",11.5,"5GG","4C",0,"GA",,4,4.1,437
"SQ75966 021",10.8,"5GG","5A",0,"GI",,8,1.7,432
"SQ50322 031",7.2,"5GG","4C",0,"GI","B",10,3.4,410
"SQ52263 071",11.8,"3GB","4C",0,"CR",,11,0,329
"SQ50570 021",16,"5GG","5A",0,"HR","F",10,-0.3,342
"SQ55200 051",9.8,"3GB","5A",0,"HR",,12,-2.8,559
"SQ77649 041",6.2,"5GG","5A",0,"HR",,8,-2.1,725
"SQ52081 051",10,"5GG","5A",0,"CR",,11,2.8,363
"SQ65725 541",7.6,"3GB","5A",0,"FH",,4,3.4,502
"SQ74530 011",2.9,"5GG","5A",0,"CR",,7,-0.5,594
"SQ61218 011",4.6,"3GB","4C",1,"HR","F",2,-9,307
"SQ53754 521",11,"3GB","4C",0,"GI",,12,7.4,509
"SQ56446 541",6.7,"5GG","4C",0,"HGI","D",1,-1.2,598
"SQ54626 541",14.7,"3GB","5A",0,"HR","F",12,2.3,311
"SQ56125 561",8.2,"3GB","4C",0,"HR","D",1,2.8,463
"SQ53286 531",11.4,"5GG","4C",0,"HR",,11,-2.4,509
"SQ57270 521",14.6,"5GG","5A",0,"PO","F",1,10.5,362
"SQ60480 031",12.2,"5GG","5A",0,"HGI","F",2,-0.1,388
"SQ75062 051",5,"3GB","4C",0,"HR","B",7,-5.8,617
"SQ54096 011",2.7,"3GB","4C",1,"GI","D",12,-8.1,352
"SQ72497 051",5.7,"5GG","5A",0,"HR","D",6,-8.5,531
"SQ75673 541",5.7,"5GG","4C",0,"HR","D",8,-5.6,566
"SQ63079 561",4.3,"3GB","5A",0,"HR",,3,-5.6,760
"SQ54073 541",10.4,"5GG","4C",0,"GA",,12,-1.5,427
"SQ53998 581",8.9,"3GB","5A",0,"HR","D",12,-1.9,325
"SQ80247 031",8.2,"5GG","5A",0,"PO","D",9,-3.3,422
"SQ66199 061",11.4,"3GB","5A",0,"BP",,4,5,315
"SQ58362 511",11,"3GB","4C",0,"FH","D",1,0.7,563
"SQ57397 531",8.4,"3GB","5A",0,"HGI","F",1,-3.9,612
"SQ72795 531",8.7,"5GG","4C",0,"CR",,7,-0.4,532
"SQ50379 011",11.9,"5GG","4C",0,"GA",,10,-3.5,311
"SQ52216 571",4.4,"3GB","4C",0,"PO","G",11,-4.1,417
"SQ58385 531",7.3,"5GG","4C",0,"GI",,1,4.1,550
"SQ78224 041",14.6,"5GG","5A",0,"BP",,8,7.2,328
"SQ62214 561",8.5,"5GG","5A",0,"HR","D",3,-5.3,607
"SQ56671 051",6.4,"5GG","5A",0,"HGI","F",1,-6.9,615
"SQ56370 031",13.7,"5GG","5A",0,"GI",,1,6.1,333
"SQ72874 511",12.8,"5GG","4C",0,"PO","B",7,4.4,419
"SQ49903 051",5.2,"3GB","5A",0,"CR",,10,-5.8,474
"SQ56996 061",8.7,"3GB","4C",0,"HGI","F",1,-6.5,415
"SQ71889 521",2.5,"3GB","5A",0,"PO","F",6,-8.1,556
"SQ77250 521",3.1,"3GB","5A",0,"GI",,8,-5,712
"SQ79163 051",10.3,"5GG","5A",0,"PO","D",9,3.1,464
"SQ65157 021",13.8,"5GG","5A",0,"PO","D",4,5.3,515
"SQ69068 011",20,"5GG","5A",0,"HR","D",5,4,383
"SQ56741 531",10.8,"5GG","4C",0,"CR",,1,5.6,326
"SQ75287 031",6.2,"5GG","5A",0,"HR",,7,-6.8,523
"SQ68204 521",16.2,"5GG","5A",0,"CR",,5,4.9,340
"SQ53205 571",7.4,"5GG","4C",0,"PO","G",11,-2.5,533
"SQ63682 051",7.8,"3GB","5A",0,"HGI","F",3,-3.3,397
"SQ61254 551",11.7,"3GB","5A",0,"HGI","F",2,-3.8,309
"SQ77925 541",4.1,"3GB","4C",0,"GI",,8,-4.1,698
"SQ76044 031",5.7,"3GB","5A",1,"FH",,8,-0.3,359
"SQ65128 541",8.8,"3GB","5A",0,"CR",,4,-2,567
"SQ54897 571",3.2,"5GG","4C",0,"HR","F",12,-2.9,532
"SQ74960 531",3.3,"5GG","4C",0,"HR",,7,-6.1,668
"SQ61625 511",7.7,"5GG","4C",0,"PO","F",3,1.4,608
"SQ51223 561",2.6,"3GB","5A",0,"HR","F",10,-3.7,608
"SQ78895 551",11,"3GB","5A",0,"GI","B",9,-2.8,469
"SQ67290 041",3.4,"3GB","5A",0,"CR",,5,-5.2,743
"SQ71982 541",13.2,"5GG","5A",0,"HR",,6,1.3,580
"SQ50432 021",9.2,"3GB","5A",0,"HR",,10,-4.3,399
"SQ78356 541",7.4,"3GB","4C",0,"HR","F",9,1.2,590
"SQ53454 051",15.8,"3GB","5A",0,"CR",,11,-5.4,401
"SQ57984 051",15.2,"5GG","4C",0,"CR",,1,7.7,334
"SQ52247 041",15.6,"5GG","4C",0,"PO","D",11,4.1,397
"SQ62889 041",11.4,"5GG","5A",0,"HR","D",3,-3.8,429
"SQ77839 511",5.2,"3GB","4C",0,"HGI","F",8,-2.3,529
"SQ78573 511",5,"5GG","5A",0,"CR",,9,0.7,498
"SQ73919 521",5.4,"3GB","4C",0,"GI","F",7,-2.4,593
"SQ55972 561",11,"3GB","4C",0,"HR",,12,1.8,451
"SQ52166 541",8.8,"5GG","5A",0,"CR",,11,-3.1,623
"SQ58255 541",10.1,"5GG","5A",0,"HR",,1,3.8,499
"SQ66109 531",12.8,"3GB","5A",0,"HGI","F",4,4.7,488
"SQ76020 031",1.8,"3GB","4C",0,"BP",,8,-9.3,677
"SQ54039 021",12.8,"5GG","5A",0,"CR","B",12,4.8,395
"SQ80891 551",8.8,"5GG","4C",0,"HR",,9,-0.9,399
"SQ58141 541",18,"5GG","4C",0,"FH","B",1,1.3,409
"SQ62961 531",11.5,"3GB","4C",0,"CR","B",3,-1.8,500
"SQ73190 011",7.9,"5GG","5A",0,"HR","D",7,-1.9,525
"SQ70844 521",4.6,"5GG","4C",0,"CR","B",6,-3.1,650
"SQ54575 051",10.1,"5GG","5A",0,"HR",,12,2.8,504
"SQ51546 031",11.4,"5GG","5A",0,"GA",,11,-1.4,309
"SQ54036 041",5.8,"3GB","5A",1,"GI","D",12,-0.8,317
"SQ65104 031",5.7,"3GB","5A",0,"CR",,4,-1.8,732
"SQ77403 031",5.3,"3GB","4C",0,"HGI","F",8,-2.2,662
"SQ57938 531",9.5,"5GG","5A",0,"HR",,1,-3,568
"SQ80445 021",5.2,"5GG","5A",0,"CR",,9,-3.4,663
"SQ72779 551",6.3,"5GG","5A",0,"PO","B",7,-7.6,657
"SQ50271 541",6.8,"3GB","5A",0,"HGI","F",10,-0.8,572
"SQ54585 011",5.8,"5GG","5A",0,"HR",,12,-1.2,466
"SQ51434 041",4.2,"5GG","5A",0,"HR",,10,-5,637
"SQ78552 511",3.9,"3GB","4C",0,"CR",,9,2.1,574
"SQ77272 051",5,"3GB","5A",0,"BP",,8,-4.9,680
"SQ79662 031",8.7,"5GG","5A",0,"HGI","F",9,-2.8,672
"SQ73822 021",4.9,"5GG","5A",0,"GI","B",7,-0.9,700
"SQ49533 571",13.7,"5GG","5A",0,"PO","B",10,-0.9,394
"SQ58201 541",13.8,"5GG","4C",0,"PO","D",1,2.8,441
"SQ78768 551",8.1,"3GB","5A",0,"HR","D",9,-3.7,559
"SQ62400 041",11.3,"3GB","4C",0,"HR","D",3,3.3,534
"SQ77874 511",7.5,"5GG","5A",0,"CR","F",8,2.1,553
"SQ75877 051",8,"5GG","4C",0,"HR","B",8,-4.6,607
"SQ62868 531",8.9,"3GB","4C",0,"HR",,3,1.4,447
"SQ78186 031",11,"3GB","5A",0,"PosMAC","B",8,-3.5,483
"SQ79942 031",19.6,"3GB","5A",1,"HR","F",9,11.5,345
"SQ49505 521",4.6,"3GB","4C",0,"HR",,10,-8.8,682
"SQ63380 031",8.5,"5GG","5A",0,"HR",,3,2.7,545
"SQ59094 041",14,"5GG","5A",0,"CR",,2,1,378
"SQ50200 011",7.6,"3GB","5A",0,"HR",,10,-2.6,569
"SQ63112 511",11.1,"5GG","4C",0,"HGI","D",3,3.4,424
"SQ50476 021",6.9,"3GB","4C",1,"CR",,10,-7.1,415
"SQ50901 551",15,"5GG","5A",0,"HR","F",10,0.8,361
"SQ61292 531",12.9,"3GB","4C",0,"HGI","D",2,-0.2,430
"SQ68389 531",10.2,"5GG","5A",0,"HR",,5,1.8,468
"SQ55838 021",7.2,"5GG","4C",0,"HGI","F",12,0,465
"SQ54302 021",8.6,"5GG","5A",0,"HR",,12,0.7,436
"SQ55085 051",2.6,"5GG","4C",0,"HR",,12,-3.8,730
"SQ59428 061",2.2,"2GB","5A",1,"HR",,2,0,591
"SQ51870 541",6.6,"5GG","4C",0,"HR",,11,-2.4,530
"SQ80786 551",14,"3GB","4C",0,"HR","G",9,4.5,541
"SQ70821 521",3.7,"3GB","4C",0,"HR",,6,-4.4,628
"SQ55776 061",2.8,"3GB","4C",0,"HR","D",12,-2.2,553
"SQ78948 551",9.1,"3GB","4C",0,"CR",,9,-1.5,458
"SQ55839 041",3.1,"5GG","5A",0,"PO","B",12,-3.1,600
"SQ71365 581",3.2,"5GG","5A",0,"HR",,6,-5.5,668
"SQ79141 021",2.1,"3GB","4C",0,"CR",,9,-5.2,676
"SQ65262 561",22.1,"3GB","4C",0,"HR","D",4,14.3,331
"SQ50284 021",15.5,"5GG","5A",0,"HR","B",10,4.7,442
"SQ71684 041",9.9,"5GG","5A",0,"PO","D",6,5.6,513
"SQ50746 561",11.5,"5GG","5A",0,"HGI","D",10,1.4,473
"SQ72325 521",6.4,"5GG","4C",1,"HR","D",6,0.1,402
"SQ69028 531",4.5,"5GG","5A",0,"HR",,5,-2.7,511
"SQ73481 051",5.6,"3GB","5A",0,"GI","B",7,-5.3,721
"SQ66321 021",7.4,"3GB","4C",0,"GI","B",4,-2.1,619
"SQ52808 051",13.8,"5GG","5A",0,"HGI","F",11,4.4,530
"SQ54717 541",13.1,"5GG","5A",0,"HR",,12,0.3,479
"SQ61652 061",4.6,"3GB","5A",0,"HGI","D",3,-6.1,624
"SQ80290 511",16.2,"3GB","5A",0,"HR","D",9,9.2,309
"SQ51342 041",11.9,"5GG","5A",0,"GA",,10,1.2,321
"SQ51236 521",8.3,"5GG","5A",0,"CR",,10,1.6,552
"SQ59550 031",16,"3GB","4C",0,"HR","D",2,7,474
"SQ80046 021",16.7,"3GB","5A",0,"HGI","F",9,3.5,360
"SQ65363 021",22.5,"3GB","5A",0,"HR",,4,8.5,370
"SQ68812 041",11.4,"3GB","4C",0,"CR",,5,0.2,401
"SQ67276 531",9.2,"5GG","5A",0,"HR",,5,0,552
"SQ56307 511",5.5,"3GB","5A",0,"HR","D",1,-5.5,556
"SQ59870 561",12,"5GG","5A",0,"PO","B",2,5.7,448
"SQ75697 041",5.1,"5GG","5A",0,"HGI","F",8,0.4,656
"SQ53496 531",11.4,"3GB","5A",0,"HR","B",11,-3.3,513
"SQ51855 031",13,"5GG","5A",0,"CR","B",11,8.1,477
"SQ70756 521",7.6,"3GB","4C",1,"HR","F",6,0.8,415
"SQ59892 051",10.6,"3GB","4C",0,"HR",,2,5,406
"SQ73890 021",3.7,"5GG","5A",0,"PO","B",7,-2.5,542
"SQ57153 031",4.1,"3GB","4C",0,"HR",,1,-5.5,632
"SQ65083 061",10.8,"3GB","4C",0,"BP",,4,3.2,423
"SQ61221 041",14.6,"5GG","5A",0,"HR",,2,1.2,445
"SQ73307 031",13.8,"5GG","5A",0,"BP",,7,7,365
"SQ64545 021",9.5,"5GG","5A",0,"HGI","D",4,3.6,476
"SQ71591 061",7.3,"3GB","5A",0,"HR",,6,-2.8,663
"SQ73195 051",10.6,"3GB","4C",0,"BP",,7,1.1,419
"SQ71675 051",9.1,"5GG","5A",0,"PO","B",6,-1.7,664
"SQ75088 041",11,"5GG","5A",0,"HR","D",7,-0.4,612
"SQ55392 541",11.1,"5GG","5A",0,"CR",,12,-3.5,518
"SQ64800 581",4,"3GB","4C",0,"HGI","F",4,-1.4,598
"SQ64115 521",6.2,"3GB","5A",0,"PO","B",3,-1.3,704
"SQ51683 021",12.9,"5GG","4C",0,"HR","D",11,-2.2,500
"SQ65285 551",3.5,"5GG","5A",0,"FH",,4,-5.9,680
"SQ66263 541",8.3,"3GB","4C",0,"FH",,4,-6.2,506
"SQ64987 551",7.7,"5GG","5A",0,"PO","B",4,-4.9,558
"SQ75844 511",6,"5GG","5A",0,"HGI","F",8,-1.9,660
"SQ75110 561",9,"3GB","4C",0,"HR","D",7,-0.3,496
"SQ59200 011",15.1,"5GG","5A",0,"CR",,2,2.8,413
"SQ54376 021",13.8,"3GB","5A",0,"PO","F",12,3.3,452
"SQ56397 051",14.1,"3GB","4C",0,"HR","D",1,10,309
"SQ80132 051",8.8,"5GG","4C",0,"CR",,9,-0.9,572
"SQ73169 021",4.4,"5GG","4C",0,"HR",,7,-5.5,587
"SQ55190 061",4.1,"5GG","5A",0,"HGI","D",12,-4.6,574
"SQ57271 071",15.4,"3GB","5A",0,"HGI","F",1,10,371
"SQ66908 051",13.6,"5GG","5A",0,"HR","F",4,0.7,423
"SQ77165 041",3.6,"3GB","4C",1,"FH",,8,-4.7,331
"SQ67947 531",2.2,"5GG","5A",0,"CR",,5,-3.3,738
"SQ57620 521",2.1,"3GB","5A",1,"PO","B",1,-3.6,309
"SQ59243 541",14.3,"5GG","4C",0,"CR",,2,3.9,370
"SQ78445 551",6.1,"3GB","5A",0,"HR","D",9,-2.5,594
"SQ64867 061",10,"5GG","4C",0,"HGI","F",4,-0.2,486
"SQ74184 041",4.9,"5GG","5A",0,"HR","D",7,-4.6,610
"SQ57150 031",7.2,"5GG","5A",0,"BP",,1,-1.8,542
"SQ59679 021",13.5,"5GG","5A",0,"CR",,2,2.3,383
"SQ58698 011",11.2,"3GB","5A",0,"PO","G",1,4.3,422
"SQ77687 531",10.1,"5GG","4C",0,"HR","B",8,2.8,544
"SQ69484 051",7.8,"5GG","5A",0,"HR",,5,0.7,566
"SQ51378 511",10.4,"5GG","5A",0,"GA",,10,-0.3,385
"SQ50303 011",17.6,"3GB","4C",0,"CR","B",10,11.7,307
"SQ79531 551",9.8,"5GG","5A",0,"HGI","F",9,-4.4,572
"SQ56485 531",7.4,"5GG","5A",0,"HGI","F",1,-1.6,564
"SQ59236 521",9.6,"5GG","5A",0,"GI","B",2,-4,479
"SQ64701 031",14.4,"5GG","5A",0,"HGI","D",4,1.1,544
"SQ77600 531",7,"5GG","5A",0,"HGI","F",8,-1.9,703
"SQ54290 021",10,"3F1","5A",0,"PO","B",12,-4,524
"SQ49847 541",15.4,"3GB","4C",0,"HR","D",10,5.9,389
"SQ52606 531",14.6,"3GB","4C",0,"HR",,11,7.8,437
"SQ78836 531",11,"5GG","5A",0,"HGI","D",9,3.4,658
"SQ52070 531",13.4,"5GG","4C",0,"HR",,11,7.4,492
"SQ79186 041",5.1,"5GG","5A",0,"CR",,9,0,505
"SQ52230 041",12.9,"5GG","4C",0,"HGI","D",11,-2.4,473
"SQ61056 551",11.1,"5GG","5A",0,"HGI","D",2,4.4,414
"SQ73354 521",17.2,"3GB","5A",0,"HR","D",7,6.6,340
"SQ50969 511",7.5,"3GB","5A",0,"HGI","F",10,-2.9,466
"SQ51132 051",2.5,"3GB","4C",0,"CR",,10,-3.9,713
"SQ51972 051",16.2,"5GG","5A",0,"HGI","F",11,4.3,411
"SQ56968 531",8.5,"3GB","5A",0,"HR","D",1,-2.5,401
"SQ74187 511",7.2,"5GG","5A",0,"HR",,7,-4.2,516
"SQ60146 011",12.3,"5GG","4C",0,"HR","B",2,2.9,330
"SQ52059 511",13.8,"3GB","5A",1,"CR","B",11,-0.1,351
"SQ52168 531",8.5,"5GG","5A",0,"CR",,11,-3.7,447
"SQ66931 561",10.4,"5GG","5A",0,"CR",,4,-2.2,328
"SQ50271 531",6.9,"3GB","5A",0,"HGI","F",10,-0.7,645
"SQ75736 051",2.4,"3GB","4C",0,"PO","D",8,-4.5,660
"SQ76740 531",15.7,"5GG","5A",0,"HGI","D",8,4.5,512
"SQ53779 071",4.5,"3GB","4C",0,"PO","G",12,-1.6,623
"SQ62418 531",11.3,"3GB","4C",0,"GI",,3,1.8,448
"SQ65300 521",6.2,"5GG","4C",0,"FH",,4,-3.9,519
"SQ61690 011",6.5,"5GG","5A",0,"HGI","F",3,-7.2,650
"SQ55833 041",11.9,"3GB","4C",0,"HR","B",12,4.3,467
"SQ77694 011",7.4,"5GG","5A",0,"CR",,8,-2.5,618
"SQ56643 531",7.5,"5GG","4C",0,"HR",,1,-6.3,547
"SQ57604 041",9.9,"3GB","4C",0,"HR",,1,4.2,376
"SQ78757 031",3.2,"5GG","5A",0,"HR",,9,-2,589
"SQ73850 061",5.8,"5GG","5A",0,"HR",,7,-1,703
"SQ76614 031",10.3,"5GG","5A",0,"GI","B",8,0.9,507
"SQ77250 511",3.1,"3GB","5A",0,"GI",,8,-5.1,719
"SQ79456 031",13.4,"3GB","5A",0,"HGI","F",9,0.3,507
"SQ56996 011",8.6,"3GB","4C",0,"HR",,1,-6,528
"SQ78814 511",11.8,"3GB","5A",0,"HR","F",9,0.7,386
"SQ56511 521",4.1,"3GB","5A",0,"HGI","F",1,-3.4,518
"SQ80328 591",5.6,"5GG","5A",0,"CR",,9,-5.2,719
"SQ69659 031",5.6,"5GG","5A",0,"HR","D",5,-2.6,507
"SQ49309 061",9.1,"5GG","5A",0,"HGI","B",10,-1.4,610
"SQ49098 031",11.9,"5GG","5A",0,"GI","B",10,8.6,422
"SQ57972 011",8.5,"3GB","4C",0,"CR",,1,-3,608
"SQ54508 511",7.3,"5GG","5A",0,"HR",,12,-3.8,565
"SQ55771 041",2.4,"3GB","4C",0,"HR",,12,-1,718
"SQ52393 541",16.5,"5GG","4C",0,"HR",,11,5.1,319
"SQ67807 041",9.1,"5GG","5A",0,"CR",,5,-6.1,397
"SQ74008 021",5.4,"5GG","5A",0,"CR",,7,-3.3,680
"SQ68127 521",8.8,"3GB","5A",0,"HR",,5,0.4,512
"SQ51040 541",16,"5GG","4C",0,"GA",,10,3.8,338
"SQ54021 011",12.5,"5GG","5A",0,"GI","B",12,2.7,392
"SQ56542 061",5.5,"3GB","5A",0,"HR","B",1,-2.6,634
"SQ67338 571",3.2,"5GG","5A",0,"HR",,5,-8.5,584
"SQ50291 531",16.3,"5GG","5A",0,"HR",,10,2.6,422
"SQ54292 511",9.8,"3GB","5A",0,"PO","B",12,-4.5,355
"SQ78356 041",7.6,"5GG","4C",0,"CR",,9,1.3,438
"SQ73939 041",3.8,"3GB","5A",1,"CR",,7,-1.4,400
"SQ79604 511",6.5,"5GG","4C",0,"HGI","D",9,-1.5,551
"SQ77567 031",9.5,"5GG","4C",0,"HR",,8,-4.9,647
"SQ71739 551",5.3,"3GB","4C",0,"PO","B",6,-6.6,516
"SQ49773 021",3.8,"3GB","5A",1,"CR",,10,-8.8,356
"SQ69288 531",6.8,"5GG","5A",0,"HR","F",5,-7,641
"SQ63664 571",7.9,"5GG","5A",0,"HR","D",3,-1.2,558
"SQ53444 061",18.3,"5GG","5A",0,"HR",,11,-1.7,367
"SQ59795 521",8.5,"5GG","4C",0,"HGI","F",2,-2.2,498
"SQ54290 031",10.2,"3GB","5A",0,"PO","B",12,-4.1,407
"SQ77332 531",9.3,"5GG","5A",0,"FH",,8,6.4,438
"SQ56510 521",4.5,"5GG","5A",0,"PO","D",1,-2.9,661
"SQ78445 541",6.1,"3GB","5A",0,"HR","D",9,-2.4,502
"SQ79840 021",8.2,"3GB","5A",0,"HGI","D",9,-4.6,593
"SQ54873 041",9.6,"3GB","4C",0,"HGI","F",12,3.7,495
"SQ76537 551",11.2,"5GG","5A",0,"HR",,8,-3.3,432
"SQ67069 551",6.2,"5GG","5A",0,"HR","D",4,-8.1,683
"SQ75736 521",3.4,"3GB","4C",0,"PO","D",8,-4.2,749
"SQ65266 561",10.8,"3GB","4C",0,"HGI","F",4,-1.5,562
"SQ78955 531",12.5,"5GG","4C",0,"CR",,9,0.3,432
"SQ49596 561",12.5,"5GG","5A",0,"CR",,10,1.8,391
"SQ54228 031",8.5,"5GG","4C",0,"HR","D",12,-1.7,393
"SQ63630 531",6,"3GB","5A",0,"HR","D",3,-3.6,686
"SQ56071 541",7.8,"3GB","5A",0,"CR",,12,-1.9,554
"SQ71573 551",9.1,"5GG","5A",0,"HR",,6,-1.4,524
"SQ81142 511",6.7,"5GG","4C",0,"HR",,9,0.3,605
"SQ79081 551",9.6,"3GB","5A",0,"CR",,9,2.2,409
"SQ73917 541",6.1,"3GB","4C",0,"GI","F",7,-1.8,629
"SQ57219 521",8.6,"3GB","4C",0,"HR",,1,-1.7,600
"SQ73379 011",15.2,"3GB","5A",0,"CR","F",7,1.9,365
"SQ66935 041",10.8,"5GG","5A",0,"HR",,4,-3.2,431
"SQ75977 511",4.8,"3GB","4C",1,"HR","F",8,-2.3,407
"SQ74196 531",4.8,"5GG","5A",0,"PO","F",7,-3.9,584
"SQ75565 531",7.9,"3GB","5A",1,"GI","F",8,-6.7,314
"SQ78004 541",6.4,"5GG","5A",0,"CR",,8,-3.4,651
"SQ74338 571",5,"3GB","5A",0,"BP",,7,-2.2,651
"SQ78077 531",6.9,"3GB","4C",0,"CR",,8,3.8,526
"SQ77340 531",7.8,"3GB","5A",0,"CR",,8,4,612
"SQ70768 031",13.8,"3GB","4C",0,"HR",,6,1.4,427
"SQ63624 531",6.5,"5GG","5A",0,"HR","D",3,-2,736
"SQ65282 541",4.4,"5GG","5A",0,"FH",,4,-5.2,553
"SQ51125 031",3.9,"5GG","5A",0,"HGI","F",10,-5.1,464
"SQ64305 511",13.4,"3GB","4C",0,"HGI","F",3,4,403
"SQ74857 541",5.1,"5GG","5A",0,"HR",,7,0.2,608
"SQ79817 531",8.7,"3GB","5A",0,"HGI","F",9,-5,494
"SQ58737 541",9.3,"5GG","5A",0,"HGI","F",1,1,350
"SQ53490 041",14.7,"5GG","5A",0,"HR","B",11,1.9,485
"SQ62929 511",13.2,"5GG","5A",0,"HR",,3,1.9,478
"SQ61647 541",5.1,"5GG","5A",0,"HGI","F",3,-4.5,645
"SQ54306 541",16.6,"5GG","5A",0,"GI",,12,5.3,347
"SQ51589 541",13.7,"5GG","4C",0,"PO","D",11,-0.3,314
"SQ76236 511",9.3,"3GB","5A",0,"HGI","F",8,2.1,633
"SQ53099 521",3.8,"3GB","4C",1,"EG","F",11,-3.2,352
"SQ65965 531",9.5,"3GB","4C",0,"CR",,4,-1.4,445
"SQ51066 021",7.2,"3GB","5A",0,"PO","B",10,-4.2,633
"SQ63365 061",10,"5GG","5A",0,"HR","D",3,5.8,535
"SQ78632 061",4.1,"5GG","4C",0,"HGI","D",9,-6.4,688
"SQ62727 551",8.9,"5GG","5A",0,"PO","D",3,-1.6,598
"SQ67351 011",3.4,"3GB","5A",0,"HR",,5,-7.6,632
"SQ78238 041",7,"3GB","5A",0,"CR",,8,-1.5,553
"SQ51931 051",5.5,"5GG","5A",0,"CR",,11,-4.5,656
"SQ50471 021",6.1,"5GG","4C",0,"CR",,10,-3.1,492
"SQ79458 061",9.6,"3GB","4C",1,"CR",,9,0.5,312
"SQ75068 541",6.2,"5GG","4C",0,"FH",,7,0.8,578
"SQ61378 011",9.9,"3GB","5A",0,"HR",,2,2.4,522
"SQ80472 041",7.5,"3GB","5A",0,"CR",,9,-1.5,446
"SQ49671 531",12.9,"3GB","4C",1,"GI",,10,0.8,323
"SQ71416 031",17.6,"5GG","4C",0,"HR","D",6,6.7,379
"SQ78419 031",8.7,"3GB","4C",0,"PO","D",9,0,488
"SQ55917 041",3.5,"3GB","4C",0,"HR","B",12,-4,709
"SQ75398 071",4.8,"5GG","4C",0,"BP",,7,-6.3,508
"SQ66339 061",5,"5GG","4C",0,"CR",,4,-6.8,512
"SQ78484 511",8.9,"3GB","5A",0,"PO","D",9,-2.9,560
"SQ62165 531",13.4,"5GG","5A",0,"CR",,3,1.6,334
"SQ66890 021",14.4,"5GG","4C",0,"GI","D",4,4.8,376
"SQ57193 041",11.1,"3GB","5A",0,"HR","D",1,-2.4,457
"SQ55881 511",5.5,"5GG","5A",0,"HR",,12,-7.1,535
"SQ80664 041",15.3,"5GG","5A",0,"HR",,9,6.2,461
"SQ50333 021",7.5,"5GG","5A",0,"CR",,10,-0.3,519
"SQ63975 011",13.5,"5GG","5A",0,"CR","B",3,-0.8,316
"SQ80588 041",8.2,"3GB","5A",0,"FH",,9,-3.6,629
"SQ77897 021",4.3,"5GG","5A",0,"CR",,8,-3.6,559
"SQ54949 541",14.2,"3GB","4C",0,"HGI","F",12,8.5,464
"SQ77183 061",5,"5GG","5A",0,"PO","B",8,-1.7,526
"SQ76475 531",6.7,"3GB","4C",1,"GI","D",8,-1.7,375
"SQ78551 081",3.3,"3GB","4C",0,"CR",,9,2.2,505
"SQ51616 521",7.7,"3GB","5A",1,"GI","F",11,2.6,335
"SQ52353 041",6.3,"3GB","5A",0,"HR","D",11,-3,574
"SQ79006 051",8,"5GG","5A",0,"HR",,9,-4.2,620
"SQ66538 551",17.4,"3GB","5A",0,"HR","B",4,8.9,379
"SQ51016 521",6.8,"3GB","4C",0,"GA","B",10,-5.6,561
"SQ52848 511",3.3,"3GB","5A",1,"EG","F",11,-3.7,437
"SQ65100 041",6.4,"3GB","5A",0,"HR",,4,-0.8,682
"SQ65817 511",8.5,"5GG","5A",0,"CR",,4,-0.9,448
"SQ62914 551",15.1,"3GB","5A",0,"HR",,3,4.6,458
"SQ56504 511",3.9,"5GG","5A",0,"CR","F",1,-1.9,594
"SQ49773 041",5.3,"3GB","5A",1,"CR",,10,-6.8,321
"SQ67369 511",9,"3GB","5A",0,"GI","D",5,4.2,485
"SQ57569 561",13.9,"5GG","4C",0,"HGI","F",1,7.6,431
"SQ51724 511",12.3,"3GB","5A",0,"GI",,11,-3,325
"SQ58060 021",10.3,"3GB","4C",0,"HR",,1,4.7,521
"SQ70907 051",12.2,"5GG","5A",0,"HR",,6,2.9,456
"SQ68876 521",16.2,"5GG","5A",0,"PO","F",5,4.7,383
"SQ80497 571",9.4,"5GG","5A",0,"PO","D",9,2.2,443
"SQ65530 021",31.2,"5GG","5A",0,"PO","G",4,23.7,363
"SQ55061 031",3.5,"5GG","5A",0,"GA",,12,-5.6,676
"SQ72650 541",5.8,"5GG","5A",0,"HR",,6,-1.3,649
"SQ73983 051",5,"3GB","5A",1,"HR","F",7,-1.9,416
"SQ65538 551",19.7,"5GG","5A",0,"HGI","F",4,8,451
"SQ78456 541",17.5,"3GB","5A",0,"CR",,9,6.2,332
"SQ70523 521",6.7,"3GB","4C",0,"FH",,6,0.1,410
"SQ61685 551",4.1,"5GG","4C",0,"BP",,3,-7.4,699
"SQ51713 041",12,"5GG","4C",0,"HR",,11,-1.6,492
"SQ58988 021",11.8,"3GB","5A",0,"HGI","F",2,-1,439
"SQ79842 541",7.8,"3GB","5A",0,"HGI","F",9,-5.3,642
"SQ52769 521",9.8,"3GB","5A",1,"FH",,11,-2.9,312
"SQ61646 051",5.7,"5GG","5A",0,"HGI","F",3,-4,668
"SQ80331 521",5.2,"5GG","5A",0,"CR",,9,-5.6,666
"SQ63763 531",5.6,"5GG","4C",0,"HGI","F",3,-1.4,533
"SQ52333 531",3.3,"3GB","5A",0,"PO","G",11,-5,609
"SQ71775 521",15.4,"5GG","5A",0,"HR",,6,0.8,471
"SQ70383 541",4.3,"3GB","4C",0,"HR","B",6,-4.5,626
"SQ68999 031",9.8,"3GB","5A",0,"HR",,5,3.4,524
"SQ61214 531",12.8,"5GG","5A",0,"PO","D",2,-0.4,377
"SQ80339 541",4.6,"3GB","5A",0,"CR",,9,-3.7,644
"SQ49681 011",15.6,"5GG","5A",0,"CR",,10,2.4,353
"SQ74033 521",5.9,"5GG","5A",0,"CR",,7,-2,723
"SQ70452 031",9.5,"5GG","5A",0,"HR","D",6,-0.3,541
"SQ49452 551",12.5,"5GG","5A",0,"HR",,10,3.9,542
"SQ52821 041",12,"5GG","5A",0,"HR",,11,6.4,489
"SQ79444 571",13.6,"5GG","5A",0,"HGI","D",9,2.8,505
"SQ73622 041",7,"5GG","5A",0,"CR",,7,0.2,506
"SQ54382 031",15,"5GG","5A",0,"HR","D",12,3.9,496
"SQ75886 531",6.4,"3GB","4C",0,"HR","B",8,-6.5,397
"SQ80886 531",13.5,"5GG","5A",0,"HR","B",9,0.6,488
"SQ56338 541",12.9,"5GG","4C",0,"GI",,1,8.2,431
"SQ56474 041",13.9,"5GG","4C",0,"PO","D",1,0.1,365
"SQ75531 061",3.6,"5GG","5A",0,"HR",,8,-5.3,633
"SQ51706 031",11.9,"5GG","4C",0,"HGI","D",11,2.5,536
"SQ73222 541",4.7,"5GG","5A",0,"HR","B",7,-5.3,624
"SQ53737 031",2.2,"3GB","5A",0,"HR","D",12,-10.1,702
"SQ49310 021",8.8,"5GG","5A",0,"HGI","B",10,-1.6,579
"SQ60242 541",12.8,"3GB","4C",0,"HGI","F",2,2.8,420
"SQ50840 031",7.8,"5GG","5A",0,"HR",,10,-5.4,467
"SQ64352 011",7.3,"5GG","4C",0,"CR",,3,-4.2,605
"SQ53838 551",3.1,"5GG","5A",0,"CR",,12,-1.4,773
"SQ62864 051",9.1,"3GB","4C",0,"GI",,3,-1.7,509
"SQ49428 541",10.9,"3GB","4C",0,"GI",,10,-1.3,369
"SQ78927 021",12.1,"3GB","5A",0,"HGI","F",9,0.8,486
"SQ64349 021",8.5,"5GG","5A",0,"CR",,3,-3.7,366
"SQ57841 521",11.7,"3GB","5A",0,"FH","B",1,1,404
"SQ76302 511",5.4,"3GB","4C",1,"CR",,8,-2.9,414
"SQ62923 511",14.3,"3GB","5A",0,"HR",,3,3.1,454
"SQ56724 041",2.4,"3GB","4C",1,"GI",,1,-6.3,375
"SQ70859 531",6.8,"5GG","5A",0,"CR",,6,0.4,521
"SQ76124 021",8.7,"3GB","4C",0,"CR",,8,-0.5,659
"SQ64828 041",7.8,"3GB","4C",0,"GA",,4,0.4,591
"SQ66337 011",6,"5GG","4C",0,"CR",,4,-5.6,516
"SQ53664 541",3.7,"5GG","5A",0,"HR","D",12,-2,637
"SQ77582 541",6.9,"3GB","5A",0,"HGI","F",8,-7.8,632
"SQ69133 011",12.6,"5GG","5A",0,"PO","F",5,2.1,472
"SQ74433 011",4,"5GG","5A",0,"PO","B",7,-1.1,674
"SQ79313 051",6.5,"5GG","5A",0,"BP",,9,-5.6,550
"SQ69400 551",7,"3GB","4C",0,"GI","D",5,2,478
"SQ65089 031",16.1,"5GG","4C",0,"BP",,4,3.1,372
"SQ60266 531",7.4,"5GG","4C",0,"FH","B",2,1.2,452
"SQ70874 021",13.9,"3GB","4C",1,"HR",,6,7.1,324
"SQ77558 011",3.4,"5GG","5A",0,"HR","D",8,-7.3,757
"SQ62902 031",11.8,"3GB","4C",0,"CR",,3,7.5,462
"SQ73243 061",8.6,"3GB","5A",0,"HR","D",7,-1.1,637
"SQ54453 021",6.5,"3GB","4C",0,"GI",,12,-4.1,558
"SQ51191 021",6.3,"5GG","4C",0,"GI",,10,-2.1,475
"SQ79050 041",11.3,"5GG","4C",0,"HR","B",9,4.5,494
"SQ66229 511",10,"5GG","4C",0,"HR","B",4,-2.9,649
"SQ67403 021",10.5,"5GG","4C",0,"CR",,5,-0.4,477
"SQ55263 031",7.5,"5GG","5A",0,"HGI","F",12,-7.6,554
"SQ60926 531",14.7,"5GG","5A",0,"HGI","D",2,3.9,530
"SQ52416 041",11.8,"3GB","4C",0,"HR","D",11,-2.5,498
"SQ49832 531",9.3,"3GB","5A",0,"GA",,10,-2.2,340
"SQ58421 021",8.5,"5GG","4C",0,"CR",,1,1.2,476
"SQ65198 031",6.8,"5GG","5A",0,"PO","G",4,-4.8,456
"SQ73274 551",5,"5GG","5A",0,"HR","D",7,-3.2,682
"SQ55496 071",10.9,"5GG","5A",0,"HR","B",12,3,470
"SQ53086 051",14.6,"5GG","5A",0,"HR","B",11,2.6,433
"SQ66155 061",7,"3GB","5A",0,"HR","F",4,2.4,529
"SQ69713 521",11.3,"3GB","4C",0,"HR","B",5,4.5,571
"SQ62214 041",8.3,"3GB","5A",0,"HR","D",3,-5.1,499
"SQ70172 011",4.6,"5GG","4C",0,"HR","F",6,-8.2,578
"SQ74847 521",5.9,"5GG","5A",0,"HR",,7,-2.5,631
"SQ63545 011",8.2,"5GG","4C",0,"GI",,3,0.5,568
"SQ61667 561",10.4,"3GB","5A",0,"HGI","F",3,-2.1,528
"SQ75188 541",7.8,"3GB","5A",0,"HR","B",7,-5.6,545
"SQ56458 511",14.2,"5GG","5A",0,"CR",,1,-0.2,511
"SQ70624 531",6.9,"3GB","5A",0,"PO","F",6,-4.9,613
"SQ78303 511",13.3,"3GB","5A",0,"HR",,8,-3.2,457
"SQ49756 011",7.4,"5GG","4C",0,"HR","B",10,-5.3,481
"SQ72769 561",4.7,"3GB","5A",0,"PO","D",7,-7.3,655
"SQ55465 511",14.8,"5GG","4C",0,"CR","B",12,0.9,353
"SQ65256 521",5.4,"5GG","5A",0,"HR","F",4,-1.1,741
"SQ61062 541",11,"3GB","5A",0,"HGI","F",2,3.1,567
"SQ56104 051",2.4,"5GG","5A",0,"HGI","F",12,-10.6,766
"SQ63493 031",4.6,"3GB","4C",1,"HR",,3,0.2,507
"SQ74139 041",9.8,"5GG","5A",0,"GI",,7,2.2,427
"SQ51848 011",13.3,"3GB","5A",0,"PO","D",11,-2.2,482
"SQ61239 051",10.6,"5GG","5A",0,"PO","B",2,-2.8,488
"SQ78148 021",12.6,"5GG","4C",0,"HR","D",8,8.3,451
"SQ55664 561",5.1,"5GG","4C",0,"PO","D",12,-7.1,495
"SQ56611 511",5.4,"5GG","5A",0,"HR",,1,-2.4,615
"SQ67865 521",8.2,"5GG","5A",0,"CR",,5,-6,641
"SQ56533 021",14.9,"3GB","4C",0,"HR",,1,8.4,338
"SQ50908 071",6.5,"3GB","5A",0,"HR","B",10,-1.5,631
"SQ59302 041",18.5,"3GB","5A",0,"HGI","D",2,1.4,365
"SQ75163 521",7.6,"3GB","5A",0,"HR",,7,-5.3,485
"SQ51020 041",3.9,"3GB","4C",0,"GA","B",10,-7.6,688
"SQ53771 521",7.1,"3GB","4C",0,"PO","G",12,1.7,522
"SQ80466 021",8.5,"3GB","5A",0,"CR",,9,0,437
"SQ64361 521",16.8,"3GB","5A",0,"CR","F",3,5.2,357
"SQ73090 041",4.2,"3GB","5A",0,"GI","B",7,-1.8,664
"SQ76792 061",7.8,"3GB","4C",0,"HGI","F",8,-0.3,507
"SQ69296 521",16.7,"3GB","4C",0,"CR","F",5,4.4,384
"SQ61490 041",15,"3GB","5A",0,"CR",,2,4.9,520
"SQ75468 541",7.9,"3GB","5A",0,"BP",,7,-2.6,589
"SQ81079 541",19.4,"3GB","4C",0,"GI",,9,13.7,335
"SQ73164 041",3.6,"3GB","5A",0,"HR","D",7,-7.7,690
"SQ74473 051",9.8,"3GB","5A",0,"FH",,7,9,378
"SQ76339 511",3.9,"3GB","5A",0,"GI","B",8,-0.9,535
"SQ60116 051",8.1,"5GG","5A",0,"HR","B",2,-1.6,403
"SQ77411 531",2.5,"3GB","4C",1,"HR","F",8,-3.5,441
"SQ73113 511",3.5,"5GG","5A",0,"HR","B",7,-1,737
"SQ49130 521",6.9,"5GG","5A",0,"HR",,10,0.9,581
"SQ61251 011",11.3,"5GG","5A",0,"HGI","D",2,-2.7,634
"SQ74566 511",13.5,"3GB","5A",0,"CR",,7,4.1,396
"SQ49608 051",8.6,"3GB","5A",0,"HR","B",10,-1.3,506
"SQ74021 541",3.4,"3GB","5A",0,"HR",,7,-4.7,577
"SQ75079 041",11.9,"3GB","5A",0,"PO","D",7,2.3,425
"SQ53621 041",6.7,"5GG","5A",0,"HR",,12,-1.9,518
"SQ66534 051",11.3,"5GG","5A",0,"HR","D",4,-3,492
"SQ58409 021",3,"5GG","4C",0,"HGI","D",1,-2.1,724
"SQ53873 541",9.4,"5GG","5A",0,"HR","D",12,-1.3,550
"SQ70135 051",0.7,"3F1","5A",0,"HR",,6,-6.8,756
"SQ64834 521",8.5,"3GB","4C",0,"HR","D",4,0.4,576
"SQ73621 041",7,"5GG","5A",0,"CR",,7,0.8,533
"SQ74119 041",7.6,"5GG","4C",0,"HR","D",7,-2.4,477
"SQ70378 031",11.2,"3GB","4C",0,"HR",,6,6.1,461
"SQ58774 551",8.7,"3GB","4C",0,"HR",,1,2.3,463
"SQ53036 021",6.7,"5GG","4C",0,"HR",,11,-4.8,472
"SQ78414 041",9,"3GB","4C",0,"HR","D",9,1.7,546
"SQ61520 551",11.1,"5GG","5A",0,"HR",,2,-1.5,578
"SQ76355 531",8.2,"3GB","4C",1,"CR",,8,0.7,367
"SQ60513 521",7.7,"5GG","5A",0,"GI",,2,-4.5,565
"SQ69020 051",5.5,"5GG","5A",0,"HR",,5,-1.2,634
"SQ62275 551",11,"5GG","5A",0,"CR",,3,5,544
"SQ80260 021",9.4,"5GG","5A",0,"GI",,9,3.9,573
"SQ50426 541",5.1,"3GB","5A",0,"HR",,10,-6.8,567
"SQ53410 521",10.8,"5GG","5A",0,"CR",,11,4.9,357
"SQ55476 551",9.1,"5GG","5A",0,"HR",,12,-3.5,536
"SQ72800 511",10.5,"5GG","4C",0,"CR",,7,-1.5,520
"SQ78122 531",27.3,"3GB","4C",0,"CR","B",8,21.5,309
"SQ65460 541",11.3,"5GG","5A",0,"PO","B",4,4.9,452
"SQ77940 531",7.8,"3GB","4C",1,"CR",,8,2.1,309
"SQ60382 051",11.1,"5GG","5A",0,"HGI","D",2,0.8,619
"SQ57048 521",10.1,"3GB","4C",0,"HR","F",1,1.6,568
"SQ68091 021",5.5,"5GG","5A",0,"HR",,5,-0.7,669
"SQ71767 011",16.7,"5GG","5A",0,"HR","D",6,2.8,403
"SQ66109 021",12.9,"3GB","5A",0,"HGI","F",4,4.8,469
"SQ74123 571",8.8,"5GG","4C",0,"HR","D",7,1.4,583
"SQ56628 511",4.9,"5GG","5A",0,"PO","F",1,-2.4,680
"SQ74399 511",4.4,"3GB","5A",0,"HR",,7,-3.1,513
"SQ79998 061",7.9,"3GB","5A",0,"HR","F",9,-0.8,662
"SQ51356 541",9.8,"5GG","5A",0,"HGI","F",10,-3.7,471
"SQ74466 041",5.8,"5GG","4C",0,"PO","D",7,2.9,618
"SQ64508 521",3.4,"3GB","5A",0,"FH",,4,-8.5,575
"SQ73906 551",2.2,"3GB","5A",0,"CR",,7,-6,638
"SQ50631 031",8.8,"5GG","5A",0,"HR","D",10,-4.9,383
"SQ60387 511",10.9,"5GG","5A",0,"HR","D",2,-0.1,322
"SQ70047 011",6.1,"3GB","5A",0,"PO","F",5,-6.2,476
"SQ50910 551",6.3,"3GB","5A",0,"HR","B",10,-1.8,569
"SQ70608 021",12,"5GG","5A",0,"GA",,6,-0.7,392
"SQ52163 531",9,"5GG","4C",0,"HR",,11,-1.9,421
"SQ71347 041",5.4,"5GG","5A",0,"PO","D",6,-1.2,652
"SQ57229 541",8.9,"3GB","4C",0,"HR","D",1,-4.1,533
"SQ79143 511",2.2,"3GB","4C",0,"CR",,9,-5.6,695
"SQ56448 521",14.1,"3GB","4C",0,"HR",,1,-0.2,410
"SQ67610 541",14.7,"5GG","5A",0,"PO","B",5,4.1,375
"SQ50033 011",18.1,"5GG","4C",0,"HGI","D",10,5.8,347
"SQ68543 551",4,"3GB","5A",0,"CR",,5,-3.7,593
"SQ70188 011",7,"5GG","4C",0,"HR","B",6,-0.6,569
"SQ68693 521",10.9,"3GB","5A",0,"HR",,5,0.5,560
"SQ66990 521",5.6,"5GG","4C",0,"HR",,4,-7.2,434
"SQ79182 541",4.2,"3F1","5A",0,"GA",,9,-2.7,556
"SQ60936 021",17.3,"5GG","5A",0,"PO","B",2,5.9,353
"SQ74023 561",5.9,"3GB","5A",0,"HR","D",7,-0.4,505
"SQ64540 011",8.8,"5GG","5A",0,"HR",,4,-0.9,466
"SQ72054 011",3.8,"3GB","4C",0,"CR","B",6,-3.7,612
"SQ75490 031",7.7,"3GB","4C",0,"CR",,7,0.1,428
"SQ60590 531",13.1,"5GG","5A",0,"CR",,2,3.5,379
"SQ64350 531",7.7,"5GG","4C",0,"CR",,3,-4,407
"SQ60472 031",12.6,"5GG","5A",0,"HGI","F",2,1.7,468
"SQ64881 541",15.2,"5GG","5A",0,"HR",,4,7.7,454
"SQ78502 561",4.2,"5GG","5A",0,"HR",,9,-8.8,575
"SQ78632 011",4.2,"5GG","4C",0,"HGI","D",9,-5.9,733
"SQ67989 031",2.2,"3GB","5A",0,"HR",,5,-4.1,786
"SQ78238 531",7.5,"5GG","5A",0,"CR",,8,-1.4,604
"SQ76096 531",4.1,"3GB","4C",0,"CR",,8,-3.9,640
"SQ68017 061",5.5,"3GB","5A",0,"GI",,5,-3.6,577
"SQ66218 521",1.6,"3GB","4C",0,"CR",,4,-8,746
"SQ60251 051",5.5,"3GB","4C",0,"HGI","F",2,0.4,643
"SQ75537 511",3.8,"5GG","5A",0,"HR",,8,-5.9,669
"SQ77751 021",2.6,"3GB","5A",0,"CR",,8,-7.9,773
"SQ63738 071",5.5,"3GB","5A",0,"HGI","D",3,-3,481
"SQ74492 531",6.8,"5GG","5A",0,"CR","B",7,4.5,608
"SQ73153 521",4.4,"3GB","4C",0,"HR",,7,-5.2,742
"SQ52806 571",14.6,"5GG","5A",0,"HGI","F",11,4.9,418
"SQ71949 021",7.8,"5GG","5A",0,"CR",,6,1.2,459
"SQ50784 031",10,"5GG","5A",0,"HGI","F",10,-1.6,448
"SQ78008 051",5.7,"5GG","5A",0,"CR",,8,-4.8,604
"SQ73017 051",20.6,"5GG","5A",0,"HR",,7,9.7,329
"SQ65266 011",10.3,"5GG","4C",0,"HGI","D",4,-1,587
"SQ68888 021",6,"3GB","5A",1,"CR",,5,-7.5,345
"SQ53712 551",4,"5GG","5A",0,"HGI","F",12,-3.9,548
"SQ65201 541",10.9,"5GG","4C",0,"PO","F",4,3.3,385
"SQ74211 531",6,"5GG","5A",0,"GI","B",7,-0.7,617
"SQ63706 551",10.9,"3GB","5A",0,"HR","D",3,6.6,457
"SQ77533 541",9.2,"3GB","4C",0,"GI","D",8,-2,525
"SQ49476 541",12.3,"3GB","4C",0,"HGI","F",10,-2.1,453
"SQ79089 031",9.1,"5GG","5A",0,"CR",,9,0.5,562
"SQ51066 531",7.3,"3GB","5A",0,"PO","B",10,-4.2,636
"SQ78441 031",6.4,"5GG","5A",0,"HR",,9,-0.7,742
"SQ55910 521",7.4,"5GG","5A",0,"HR",,12,-2.3,524
"SQ72430 011",7.9,"3GB","4C",0,"GI",,6,-1.1,508
"SQ52280 011",5.1,"3GB","5A",0,"FH",,11,-9.5,703
"SQ74734 551",4.1,"5GG","5A",0,"CR",,7,-4.4,459
"SQ66843 541",20.4,"5GG","4C",0,"PO","G",4,12.1,329
"SQ77527 541",10.2,"5GG","5A",0,"HR",,8,-0.3,494
"SQ52074 031",6.5,"3F1","5A",0,"HR","D",11,-6.3,482
"SQ50733 041",7.1,"3GB","5A",0,"HR",,10,-2.2,458
"SQ51439 541",7.7,"3GB","4C",1,"EG","F",10,-1.1,353
"SQ62103 531",10.6,"5GG","5A",0,"CR",,3,-3.1,472
"SQ68903 021",9.4,"3GB","4C",1,"HR","B",5,-4.3,352
"SQ52801 541",7.2,"5GG","5A",0,"HGI","D",11,-4.3,659
"SQ50592 061",2.3,"3GB","5A",1,"CR",,10,-12.5,384
"SQ73674 011",5.8,"5GG","4C",0,"GI",,7,-4.6,709
"SQ66699 051",6.4,"3GB","4C",1,"FH",,4,-8.9,368
"SQ51125 011",4.1,"5GG","5A",0,"HGI","F",10,-4.9,593
"SQ78095 521",8.9,"5GG","4C",0,"PO","D",8,1.5,496
"SQ77177 031",9.6,"3GB","4C",0,"GA",,8,0.2,467
"SQ76440 521",4.2,"3GB","5A",0,"BP",,8,-4.4,648
"SQ80265 521",7.8,"5GG","5A",0,"FH",,9,2.8,459
"SQ74734 051",3.1,"5GG","5A",0,"CR",,7,-5.3,445
"SQ78396 531",7.3,"5GG","5A",0,"FH",,9,-8.7,495
"SQ60582 051",17.6,"5GG","5A",0,"CR",,2,4.9,333
"SQ78504 021",4.4,"3GB","5A",0,"HR",,9,-9.2,677
"SQ72576 551",9.6,"5GG","5A",0,"PO","F",6,0.6,520
"SQ56643 521",7.4,"5GG","4C",0,"HR",,1,-6.3,446
"SQ74910 561",6.4,"3GB","4C",0,"PO","B",7,-3.9,567
"SQ57910 041",13.5,"5GG","5A",0,"HGI","F",1,2.8,441
"SQ60146 551",9.5,"3GB","4C",0,"HR","B",2,2.2,502
"SQ50666 551",9.9,"3GB","5A",0,"PO","B",10,-5.4,511
"SQ65797 541",7.6,"5GG","5A",0,"HR",,4,-4.8,580
"SQ51410 061",9.8,"5GG","5A",0,"PO","D",10,2.3,466
"SQ78418 561",7.4,"3GB","4C",0,"HR","D",9,0.4,647
"SQ53273 031",4.5,"3GB","5A",1,"HR",,11,-7.4,320
"SQ72046 561",6.1,"5GG","4C",0,"HR","B",6,-2.8,651
"SQ75257 511",5.5,"5GG","5A",0,"CR",,7,-3.2,531
"SQ59163 031",5.8,"5GG","4C",0,"GI","B",2,-1.3,437
"SQ62181 521",10.7,"5GG","5A",0,"GI","B",3,-1.9,327
"SQ51384 011",13.8,"5GG","4C",0,"HR",,10,1.7,337
"SQ54234 541",0.7,"3GB","4C",1,"CR",,12,-8.7,452
"SQ55159 541",4,"5GG","4C",0,"HR","B",12,-7.4,707
"SQ55784 011",2.4,"3GB","4C",0,"HR","D",12,-3.3,730
"SQ77170 541",11.4,"5GG","5A",0,"PO","D",8,1.7,456
"SQ76984 561",11.4,"3GB","5A",0,"HR",,8,4.3,472
"SQ80258 531",2.7,"3GB","4C",0,"GA",,9,-5.8,572
"SQ70487 581",8.3,"5GG","4C",0,"BP",,6,-1.7,478
"SQ72315 031",10.8,"5GG","4C",0,"CR",,6,5.4,634
"SQ57264 531",14.4,"5GG","5A",0,"HR",,1,5.5,384
"SQ60926 511",14.5,"3GB","5A",0,"HGI","D",2,4.1,459
"SQ56663 571",6.6,"3GB","4C",0,"CR",,1,-6.3,354
"SQ69538 041",11,"5GG","4C",0,"CR",,5,4.6,522
"SQ78184 041",10.6,"5GG","5A",0,"PosMAC","B",8,-2.8,326
"SQ60232 031",8.7,"3GB","4C",0,"HGI","F",2,1,607
"SQ60451 021",10.4,"3GB","5A",0,"PO","D",2,0.4,302
"SQ65221 581",6.1,"5GG","5A",0,"CR",,4,-2.4,645
"SQ67729 051",3.5,"3GB","5A",1,"HR","F",5,-7.5,334
"SQ79438 531",6.9,"3GB","5A",0,"GA","D",9,-8.2,593
"SQ67157 561",12.9,"3GB","5A",0,"PO","B",4,3.7,316
"SQ72214 521",6.3,"5GG","5A",0,"PO","B",6,-1.8,722
"SQ75695 041",6.2,"3GB","5A",0,"HGI","F",8,1.1,688
"SQ69120 541",14.4,"5GG","5A",0,"HR",,5,-1.3,443
"SQ56628 051",4.5,"5GG","5A",0,"PO","F",1,-2.9,528
"SQ78970 541",4.9,"5GG","4C",0,"CR",,9,-3.9,544
"SQ57428 521",13.4,"3GB","5A",0,"PO","D",1,7.3,452
"SQ80509 051",11.7,"3GB","5A",0,"HR","D",9,4.2,535
"SQ72513 561",10.6,"5GG","5A",0,"HR","B",6,2.9,507
"SQ51604 561",15.4,"5GG","5A",0,"FH",,11,6.3,407
"SQ78366 511",12.7,"5GG","4C",0,"GI",,9,1.4,535
"SQ75001 541",5.5,"5GG","4C",0,"CR",,7,0.7,562
"SQ70159 031",12.1,"5GG","4C",0,"HR","D",6,3.5,464
"SQ64846 011",6.3,"5GG","5A",0,"FH","B",4,-3,473
"SQ51845 521",13.7,"5GG","5A",0,"PO","D",11,-1.2,486
"SQ78259 551",6.7,"3GB","5A",0,"CR",,8,-4.6,586
"SQ66864 511",8.6,"5GG","5A",0,"HR",,4,-2.8,618
"SQ51926 531",14.5,"5GG","4C",0,"PO","D",11,2.4,335
"SQ63992 051",11.1,"5GG","5A",0,"HR","F",3,-4.3,411
"SQ59233 041",8,"5GG","5A",0,"GI","B",2,-5.6,501
"SQ74575 021",10.5,"3GB","5A",0,"CR",,7,1.7,407
"SQ69141 551",3.7,"3GB","4C",1,"HR","F",5,-5.6,426
"SQ64381 051",0.9,"3GB","4C",1,"GI","D",3,-8.4,461
"SQ56163 521",3.8,"5GG","5A",0,"HR","D",1,-4.1,646
"SQ77454 021",7.5,"5GG","5A",0,"GI","D",8,-2.2,585
"SQ63720 021",5.3,"5GG","5A",0,"HR","D",3,-4.2,508
"SQ51606 041",13.1,"3GB","5A",0,"HR",,11,5.9,368
"SQ76235 571",1,"3GB","5A",0,"HR",,8,-7.5,683
"SQ77555 511",3.3,"3GB","5A",0,"HR","D",8,-6.6,730
"SQ58790 521",4.5,"5GG","5A",0,"HR","F",1,-0.8,523
"SQ80335 531",5.9,"3GB","5A",0,"CR",,9,-2.2,588
"SQ60686 081",11.4,"5GG","5A",0,"GI","B",2,-0.7,354
"SQ64342 041",2.1,"3GB","4C",0,"GI",,3,-5.6,681
"SQ58435 041",7.6,"3GB","5A",0,"HR",,1,-2.1,519
"SQ59926 541",8.1,"5GG","5A",0,"GI","B",2,-2.1,400
"SQ57773 551",8.1,"5GG","4C",0,"HR","F",1,-6.4,410
"SQ49548 041",6.4,"3GB","5A",0,"HR",,10,-5.1,587
"SQ68613 561",4.6,"5GG","4C",0,"HR","F",5,-5.4,650
"SQ57176 011",3.8,"3GB","4C",0,"CR",,1,-7.7,657
"SQ50052 531",13,"5GG","5A",0,"HGI","F",10,1.1,612
"SQ75417 011",7.3,"3GB","4C",1,"CR",,7,-0.9,347
"SQ54987 551",13,"5GG","5A",0,"HR",,12,0.6,479
"SQ67064 031",6.5,"5GG","5A",0,"PO","B",4,-6.6,525
"SQ57630 031",6.3,"5GG","5A",0,"PO","B",1,-2.2,490
"SQ52186 531",19.5,"5GG","4C",0,"HR","B",11,5.6,390
"SQ76889 541",8.2,"3GB","5A",0,"HGI","D",8,-2.3,619
"SQ64557 021",6.1,"5GG","5A",0,"HR",,4,1.1,648
"SQ54508 021",7.1,"5GG","5A",0,"HR",,12,-3.9,581
"SQ77173 551",3.8,"3GB","5A",0,"HGI","B",8,0.7,674
"SQ59438 051",6.3,"3GB","5A",1,"HR",,2,2,683
"SQ56957 521",12.3,"5GG","5A",0,"CR","B",1,-0.1,404
"SQ65412 041",11.6,"3GB","5A",1,"HR","B",4,-0.4,304
"SQ80438 011",6.3,"5GG","5A",0,"CR",,9,-1.5,524
"SQ52944 051",4.5,"3GB","4C",0,"HR",,11,-7.5,635
"SQ69570 051",8.6,"5GG","5A",0,"HR",,5,-0.3,556
"SQ72232 051",12.9,"3GB","4C",0,"HR",,6,5,375
"SQ71020 531",2.8,"3GB","5A",0,"GA",,6,-1.7,604
"SQ75962 521",11.6,"3GB","4C",0,"HR","D",8,2.6,422
"SQ74294 021",3,"5GG","5A",0,"HR",,7,-3.8,722
"SQ67860 531",8.8,"5GG","5A",0,"CR",,5,-5,563
"SQ75117 541",7.5,"3GB","4C",0,"HR","D",7,-1.9,488
"SQ65361 551",9.9,"3GB","5A",0,"HR",,4,3.9,420
"SQ81190 561",6.5,"3GB","5A",0,"GI","B",9,-3.6,617
"SQ79161 021",4.7,"5GG","4C",0,"HGI","B",9,-5.1,698
"SQ70509 551",5.5,"3GB","4C",0,"GI",,6,1,577
"SQ61200 511",6.9,"5GG","5A",0,"HGI","F",2,-2.4,575
"SQ67712 561",7.1,"5GG","5A",0,"HR",,5,-4.3,496
"SQ59691 561",14.1,"5GG","4C",0,"HGI","D",2,6.3,492
"SQ51855 041",12.2,"5GG","5A",0,"HR","B",11,8.1,382
"SQ50339 531",14.5,"3GB","5A",0,"HGI","F",10,-0.6,316
"SQ79968 541",2.7,"3GB","4C",0,"HR",,9,-7.4,748
"SQ63480 511",14.6,"5GG","5A",0,"HR","B",3,9.3,403
"SQ78388 531",7.9,"3GB","5A",0,"HR","D",9,-5.6,575
"SQ54725 561",12.4,"5GG","5A",0,"HR","F",12,-1.4,453
"SQ71009 541",5.9,"3GB","5A",0,"HR",,6,1.2,684
"SQ53596 011",10.2,"3GB","5A",0,"CR",,11,-1.1,417
"SQ64038 551",11.1,"3GB","4C",0,"HR","B",3,5.2,421
"SQ73398 561",12.1,"5GG","5A",0,"HR",,7,-2.1,359
"SQ50305 031",19,"5GG","5A",0,"CR",,10,10.9,338
"SQ61054 061",11,"5GG","5A",0,"HGI","D",2,4.9,535
"SQ65979 031",3.4,"3GB","5A",0,"CR",,4,-4.1,760
"SQ50013 531",1.6,"3GB","4C",1,"HGI","F",10,-11.4,475
"SQ58770 521",10.6,"3GB","4C",0,"HR",,1,3.7,441
"SQ78932 511",13.1,"5GG","5A",0,"HGI","D",9,0.2,539
"SQ65176 531",5.7,"3GB","5A",0,"PO","B",4,-5.9,725
"SQ66106 531",4.2,"5GG","4C",0,"HR","F",4,-3.3,541
"SQ71418 051",17.2,"3GB","4C",0,"HR","D",6,5.9,424
"SQ55116 511",4,"5GG","5A",0,"HGI","F",12,-9.4,536
"SQ73993 051",3.4,"3GB","4C",0,"HR","D",7,-3.1,709
"SQ79137 541",2.8,"3GB","4C",0,"CR",,9,-4.5,719
"SQ62323 041",7,"3GB","5A",0,"HGI","F",3,0.5,500
"SQ68394 511",11,"5GG","5A",0,"HR","B",5,0.6,519
"SQ68399 041",10,"5GG","5A",0,"HR","B",5,-1.2,360
"SQ72171 521",9,"5GG","5A",0,"HR","D",6,-1.7,551
"SQ55906 061",6.7,"3GB","5A",0,"HR",,12,-2,535
"SQ64407 051",12,"3GB","4C",0,"HR","B",3,-0.5,415
"SQ54340 511",15,"3GB","5A",0,"HR","B",12,-1.7,360
"SQ57029 561",5.4,"3GB","5A",0,"HR",,1,-0.4,466
"SQ68650 021",5,"5GG","4C",0,"HR",,5,0.3,665
"SQ61459 061",11.9,"3GB","5A",0,"CR",,2,3.5,400
"SQ52898 541",16.8,"5GG","5A",0,"HGI","F",11,7.9,361
"SQ75062 541",6.7,"5GG","4C",0,"HR","B",7,-5.6,643
"SQ56869 521",12.6,"5GG","5A",0,"HR","D",1,0.8,535
"SQ54783 561",13.3,"3GB","5A",0,"HR",,12,-4.1,366
"SQ72049 011",10.3,"3GB","5A",0,"CR",,6,0.7,520
"SQ62881 041",15.7,"5GG","5A",0,"HGI","D",3,-0.1,489
"SQ65950 051",9.3,"3GB","5A",0,"PO","F",4,-0.9,644
"SQ76468 031",8.1,"3GB","5A",0,"CR",,8,-1.9,549
"SQ78101 521",8.6,"3GB","4C",0,"PO","D",8,2.2,417
"SQ51550 051",11.6,"3GB","5A",0,"GI",,11,-2,474
"SQ51166 561",14.4,"5GG","4C",0,"PO","D",10,7.7,356
"SQ52538 531",7.1,"3GB","4C",0,"HR",,11,-0.2,441
"SQ73617 531",4,"3GB","4C",0,"HR",,7,-2.6,612
"SQ80161 521",10.9,"5GG","4C",0,"CR",,9,0.8,408
"SQ51467 011",8.1,"5GG","5A",0,"PO","D",10,-1.4,450
"SQ57232 521",9.3,"5GG","5A",0,"GI",,1,-4.6,470
"SQ52570 541",7,"5GG","4C",0,"HR","D",11,-5.7,502
"SQ57080 531",6.6,"5GG","4C",0,"GI",,1,0.2,460
"SQ77960 011",4.1,"3GB","5A",0,"CR",,8,-2.3,725
"SQ60562 021",7.3,"5GG","5A",0,"PO","B",2,-2.8,603
"SQ63526 031",15.4,"3GB","5A",0,"PO","D",3,10.3,346
"SQ65930 521",10.3,"3GB","5A",0,"CR",,4,2.6,338
"SQ53648 071",7.4,"5GG","5A",0,"HGI","D",12,1.6,531
"SQ65993 051",4.8,"5GG","5A",0,"HR",,4,-7.7,489
"SQ59798 021",11.3,"3GB","4C",0,"HR","B",2,-2.9,363
"SQ58679 541",8,"3GB","4C",0,"HR",,1,-1,564
"SQ51009 051",4.6,"3GB","5A",1,"HR",,10,-3.7,416
"SQ51588 011",11.4,"5GG","5A",0,"CR",,11,-0.1,500
"SQ79867 561",3.3,"3GB","5A",0,"HGI","F",9,-6.8,571
"SQ80055 041",14.8,"5GG","5A",0,"HGI","F",9,1,307
"SQ65246 031",4.2,"3GB","5A",0,"PO","B",4,0.9,604
"SQ72271 021",6.5,"5GG","5A",0,"HR",,6,-5.5,526
"SQ64409 011",11.8,"5GG","4C",0,"GI","B",3,-0.7,475
"SQ57071 511",11.1,"5GG","5A",0,"PO","G",1,2.6,476
"SQ50696 551",12.1,"5GG","5A",0,"HR","B",10,9.1,544
"SQ74747 541",7.2,"5GG","5A",0,"GI",,7,3.8,560
"SQ70327 541",20.8,"5GG","5A",0,"HR","D",6,12.3,425
"SQ71812 041",7.6,"5GG","5A",0,"HR","F",6,-7.7,582
"SQ50886 021",5.1,"3GB","4C",0,"HR","D",10,-5.2,578
"SQ55259 061",7.8,"5GG","5A",0,"HR",,12,-7.3,504
"SQ67790 541",10.2,"5GG","5A",0,"HR",,5,-4.7,512
"SQ77780 521",3.3,"3GB","5A",0,"GI",,8,-2.6,604
"SQ78354 511",8.1,"5GG","4C",0,"HR","D",9,2.4,482
"SQ75984 021",7.5,"3GB","4C",1,"GI","F",8,-0.3,311
"SQ65983 561",9.4,"3GB","4C",0,"CR",,4,-3.5,507
"SQ54489 531",10,"5GG","5A",0,"FH","B",12,-4.2,629
"SQ49515 541",11.2,"5GG","4C",0,"HR",,10,2.6,465
"SQ70014 011",7.3,"5GG","5A",0,"BP",,5,3.3,453
"SQ54900 041",3.1,"3GB","4C",0,"CR",,12,-3.9,642
"SQ60327 521",10.9,"5GG","4C",0,"HR","B",2,2.3,448
"SQ80950 011",12.4,"5GG","4C",0,"HR",,9,-8.4,539
"SQ76249 061",7.1,"3GB","5A",0,"HGI","F",8,-1,675
"SQ80508 511",10,"3GB","5A",0,"PO","D",9,0.7,333
"SQ56275 551",11.2,"5GG","5A",0,"HR",,1,2.2,455
"SQ77649 051",6.1,"5GG","5A",0,"HR",,8,-2.2,495
"SQ63650 541",6.6,"3GB","5A",0,"HR",,3,-2,658
"SQ62871 531",14.9,"5GG","5A",0,"HGI","D",3,0.9,453
"SQ65968 541",8,"3GB","4C",0,"CR",,4,-2,583
"SQ53484 031",15.3,"5GG","5A",0,"GI","B",11,0.5,395
"SQ58996 541",10.2,"5GG","5A",0,"HGI","D",2,-2.7,456
"SQ63954 541",8.2,"5GG","5A",0,"CR",,3,-1.6,535
"SQ73296 571",7.4,"3GB","5A",0,"BP",,7,-3,586
"SQ55874 031",17.8,"5GG","4C",0,"HR","D",12,14.5,367
"SQ79642 531",10.6,"5GG","5A",0,"HGI","F",9,1.4,494
"SQ49335 531",7.2,"5GG","5A",0,"HR",,10,-7.4,396
"SQ59627 541",3.3,"3GB","5A",1,"HR",,2,-5.7,434
"SQ67713 021",5.6,"3GB","4C",0,"BP",,5,-4,595
"SQ67871 571",7.7,"5GG","5A",0,"CR",,5,-4.2,639
"SQ65469 021",8.5,"5GG","5A",0,"PO","B",4,0.6,449
"SQ67647 521",14,"5GG","5A",0,"HR",,5,-0.2,374
"SQ55355 051",7.3,"5GG","4C",0,"HGI","F",12,-7.1,552
"SQ76826 011",8.6,"5GG","5A",0,"HR",,8,-1.2,504
"SQ53514 531",4.8,"3GB","5A",0,"GI",,11,-9.6,510
"SQ70923 021",10.2,"5GG","5A",0,"HR",,6,0.5,462
"SQ72045 031",4.2,"3GB","5A",0,"GI",,6,-2.1,555
"SQ65366 051",8.4,"3GB","5A",0,"GI","D",4,2.1,547
"SQ59773 041",14.8,"5GG","4C",0,"HGI","D",2,2.8,419
"SQ62275 071",11.1,"5GG","5A",0,"CR",,3,4.8,483
"SQ79970 031",2.7,"3GB","4C",0,"HR",,9,-7.9,583
"SQ66079 541",7.6,"3GB","5A",0,"GI",,4,-5.1,572
"SQ76454 531",7.3,"3GB","5A",0,"CR",,8,-3.2,427
"SQ51278 541",7.7,"5GG","5A",0,"CR",,10,-0.6,562
"SQ76020 541",1.6,"3GB","4C",0,"BP",,8,-9.3,715
"SQ62267 041",10.1,"5GG","5A",0,"CR",,3,-3.2,476
"SQ54918 031",78.7,"5GG","5A",0,"CR",,12,68.6,317
"SQ77876 531",8.6,"5GG","5A",0,"HGI","F",8,1.3,496
"SQ79168 051",5.1,"5GG","5A",0,"HR","B",9,-2.8,487
"SQ65575 031",13.6,"5GG","4C",0,"HGI","D",4,3.3,401
"SQ70237 521",9.6,"5GG","5A",0,"CR",,6,-1.6,525
"SQ56180 531",8.3,"3GB","5A",0,"HGI","D",1,2.9,493
"SQ57628 551",6.1,"5GG","5A",0,"PO","B",1,-1.9,486
"SQ60035 521",12.7,"5GG","4C",0,"HR","B",2,4.7,406
"SQ64341 011",10.8,"3GB","5A",0,"PO","F",3,-1.2,474
"SQ66478 021",8.1,"3GB","5A",0,"CR",,4,0.1,581
"SQ49879 511",11.6,"3GB","5A",0,"HR",,10,0.4,562
"SQ51979 561",13.2,"5GG","5A",0,"HR",,11,2.3,471
"SQ50288 041",14.3,"5GG","5A",0,"HR","B",10,3.1,522
"SQ78287 041",6.6,"5GG","4C",0,"GI","B",8,-1.7,627
"SQ57840 511",11.8,"5GG","5A",0,"HR","B",1,1.8,518
"SQ71611 021",13.8,"5GG","5A",0,"HR",,6,3.3,531
"SQ62159 021",11,"5GG","5A",0,"CR",,3,3.2,529
"SQ53032 561",7.5,"3GB","4C",0,"HR",,11,-3.8,502
"SQ80594 021",7.6,"3GB","5A",0,"FH",,9,-4.4,643
"SQ68114 031",14.1,"5GG","4C",0,"HR","B",5,5.7,516
"SQ76441 031",4.4,"3GB","5A",0,"HR","F",8,-4.7,644
"SQ71298 021",6,"5GG","5A",0,"GI",,6,-2.8,575
"SQ53558 031",10.5,"5GG","4C",0,"GI","D",11,-0.5,460
"SQ51190 041",8.4,"3GB","4C",1,"GI",,10,-3.5,308
"SQ65568 051",13,"5GG","5A",0,"HGI","F",4,1.4,398
"SQ70791 561",8.6,"3GB","4C",0,"HR",,6,-1.9,479
"SQ56084 021",5.9,"3GB","4C",0,"CR",,12,-5.5,570
"SQ57445 511",5.1,"3GB","5A",1,"HR",,1,-3.2,366
"SQ64400 541",12,"3GB","4C",0,"HR","B",3,0.9,424
"SQ52904 531",16.6,"5GG","5A",0,"HGI","F",11,5.8,457
"SQ68162 531",13.9,"3GB","5A",0,"BP",,5,-5.1,335
"SQ49110 561",10.8,"5GG","5A",0,"HR","B",10,6.3,519
"SQ56266 051",13.7,"5GG","5A",0,"HR",,1,4.5,426
"SQ57373 021",17.7,"3GB","4C",0,"HR","D",1,5.5,423
"SQ72711 521",11.2,"5GG","4C",0,"GI",,6,-2.5,424
"SQ57314 021",8,"5GG","5A",0,"HR",,1,0,634
"SQ60044 061",11.1,"5GG","4C",0,"HR","B",2,1.8,499
"SQ66361 041",2.9,"3F1","4C",0,"CR",,4,-8.6,636
"SQ71551 041",7.6,"3GB","5A",0,"HR",,6,2.5,486
"SQ66483 011",8.3,"3GB","4C",0,"HR",,4,-1.1,571
"SQ77131 521",4.2,"5GG","4C",0,"HR",,8,-8.6,727
"SQ56081 021",3.7,"3GB","4C",0,"CR",,12,-4.3,703
"SQ70561 011",8.8,"5GG","4C",0,"CR",,6,0.8,642
"SQ50527 531",16.2,"5GG","5A",0,"HR","B",10,1.8,304
"SQ63103 561",6.6,"3GB","5A",0,"BP",,3,-6.2,585
"SQ64435 521",13.8,"5GG","5A",0,"HGI","D",4,5.7,381
"SQ75279 041",6.8,"5GG","5A",0,"HR",,7,-4.3,527
"SQ74981 531",5.4,"3GB","5A",0,"HR","F",7,-5.1,664
"SQ53340 551",8.7,"5GG","5A",0,"HR",,11,2.9,448
"SQ58386 051",2.7,"5GG","4C",0,"HGI","D",1,-6.7,741
"SQ58467 031",2.8,"5GG","5A",0,"GI","B",1,-6.5,746
"SQ74612 531",4.5,"5GG","4C",0,"HR","F",7,-7,663
"SQ78262 021",6.6,"3GB","5A",0,"GI",,8,-5.5,482
"SQ55270 531",13.7,"5GG","5A",0,"HR","D",12,6.3,457
"SQ59966 011",7.5,"5GG","5A",0,"HR","B",2,-3.7,606
"SQ50554 061",10.8,"3GB","5A",0,"HR",,10,1.7,500
"SQ55822 051",5,"5GG","5A",0,"PO","B",12,1,611
"SQ51857 531",12.1,"5GG","5A",0,"HR","B",11,7.7,406
"SQ53743 021",5.1,"3GB","5A",0,"HGI","D",12,-6.3,720
"SQ54600 061",12.1,"3GB","5A",0,"HR",,12,3.5,431
"SQ78708 571",13.9,"5GG","5A",0,"PO","D",9,3.2,331
"SQ52602 051",3.9,"3GB","4C",0,"HR",,11,-5,691
"SQ58687 011",12.4,"3GB","4C",0,"HR",,1,6.8,383
"SQ71090 041",15.6,"5GG","5A",0,"GI","F",6,6.5,461
"SQ67170 531",12.5,"5GG","4C",0,"GI","D",4,1.2,578
"SQ67036 531",9.4,"3GB","5A",1,"CR",,4,0.2,312
"SQ55669 061",14.4,"5GG","5A",0,"HR",,12,2.3,394
"SQ76901 011",11.7,"5GG","5A",0,"HR",,8,-0.2,535
"SQ78685 061",3.6,"3GB","5A",0,"HR","D",9,-8.2,716
"SQ57672 011",11.3,"5GG","5A",0,"HR","D",1,-4.1,469
"SQ51384 551",14.5,"3GB","4C",0,"HGI","F",10,3.3,366
"SQ54698 531",7.2,"3GB","5A",0,"HR",,12,-5,477
"SQ67623 061",10.5,"3GB","4C",0,"CR",,5,0.4,538
"SQ73278 521",0.8,"3GB","4C",1,"GI",,7,-11,464
"SQ73399 551",12.8,"5GG","5A",0,"HR",,7,3,416
"SQ79082 531",4.7,"3GB","4C",0,"CR","B",9,1.6,676
"SQ80287 521",15.5,"3GB","5A",0,"HR","D",9,2.1,496
"SQ63772 021",13.9,"5GG","4C",0,"HGI","D",3,1.1,337
"SQ77078 031",7.9,"3GB","5A",0,"GI",,8,0.3,406
"SQ57726 521",7.8,"3GB","5A",0,"HR",,1,-2.4,445
"SQ54731 511",10.4,"5GG","5A",0,"HR","D",12,-2.6,464
"SQ57183 511",14.1,"3GB","5A",0,"HR",,1,1.2,405
"SQ78890 011",12.2,"5GG","5A",0,"GI","B",9,-1.1,470
"SQ58755 071",6.8,"5GG","5A",0,"PO","D",1,-1.7,498
"SQ66623 561",14.5,"3GB","5A",0,"HR","D",4,1.9,533
"SQ52154 041",4.8,"3GB","5A",0,"HR",,11,-3.9,667
"SQ77626 521",6.7,"5GG","5A",0,"PO","B",8,-1.5,519
"SQ75352 041",4.5,"3GB","5A",0,"CR",,7,-7.1,620
"SQ71193 511",3.8,"5GG","5A",0,"CR",,6,-3.6,561
"SQ58350 521",2.8,"3GB","4C",0,"HGI","D",1,-5.2,696
"SQ69764 051",5,"5GG","4C",0,"HR","D",5,-8.3,665
"SQ65938 011",8.1,"5GG","5A",0,"CR",,4,0.7,598
"SQ54067 551",10.8,"3GB","5A",0,"GI",,12,0.5,342
"SQ80185 531",10.9,"3GB","4C",0,"HR",,9,1.8,564
"SQ67387 051",5.5,"5GG","5A",0,"PO","D",5,-1.3,362
"SQ55513 521",12.2,"5GG","5A",0,"HGI","B",12,-1.4,488
"SQ56101 011",3.8,"5GG","5A",0,"HR","F",12,-9.2,680
"SQ57973 051",7.7,"3GB","4C",0,"CR",,1,-4,514
"SQ73183 071",3.7,"3GB","4C",0,"BP",,7,-6.3,498
"SQ51066 561",7.2,"3GB","5A",0,"PO","B",10,-4.4,652
"SQ53840 051",3.4,"3GB","5A",0,"CR",,12,-2,727
"SQ56383 551",6,"5GG","4C",0,"GI","B",1,-2.8,608
"SQ77195 541",3.6,"3GB","5A",1,"HR",,8,-6.3,556
"SQ63505 031",10.1,"3GB","4C",0,"HR","B",3,5,474
"SQ60153 511",6.1,"5GG","5A",0,"CR","F",2,0.9,558
"SQ56605 011",2.7,"3GB","5A",0,"HR",,1,-3.9,683
"SQ59236 051",6.8,"3GB","5A",0,"GI","B",2,-6.4,607
"SQ59057 031",3.2,"3GB","4C",1,"GI","F",2,-10.9,332
"SQ81135 511",7.4,"3GB","4C",0,"HR","D",9,2.2,572
"SQ75259 541",3.4,"5GG","4C",0,"HGI","D",7,-4,553
"SQ50445 551",12.1,"5GG","5A",0,"PO","B",10,3.5,438
"SQ54651 531",9.4,"3GB","5A",0,"HGI","D",12,-4,536
"SQ62315 031",12.7,"5GG","4C",0,"PO","B",3,2.7,312
"SQ57332 041",13.7,"5GG","5A",0,"GA",,1,0.2,337
"SQ70231 561",12.2,"5GG","4C",0,"PO","B",6,0.4,309
"SQ74349 541",8.6,"3GB","4C",0,"HR","D",7,4.4,502
"SQ58757 041",5.9,"5GG","5A",0,"PO","D",1,-2,646
"SQ50507 531",13.2,"5GG","5A",0,"HGI","F",10,-2.5,416
"SQ66201 521",4.8,"3GB","5A",0,"PO","D",4,-3.7,541
"SQ58953 071",11.2,"5GG","4C",0,"HR","D",2,3.7,393
"SQ55188 541",3.1,"5GG","4C",0,"CR",,12,-10.9,525
"SQ53844 511",1,"3F1","5A",0,"HR",,12,-5.1,688
"SQ56009 521",8,"5GG","5A",0,"FH",,12,-6,641
"SQ68942 051",10.6,"5GG","5A",0,"HR",,5,-5.6,466
"SQ57866 571",6.6,"5GG","4C",0,"BP",,1,0.2,496
"SQ49923 551",5.8,"3GB","5A",0,"HGI","D",10,-1.9,588
"SQ73766 541",3.6,"5GG","4C",0,"HGI","D",7,-2.2,661
"SQ56950 031",11,"3GB","5A",0,"HR","D",1,1.4,592
"SQ71507 021",4.4,"3GB","5A",0,"HR",,6,-5.7,733
"SQ57067 541",8.3,"5GG","5A",0,"HGI","F",1,-2,421
"SQ55867 561",3.8,"3GB","5A",0,"PO","B",12,-4.1,693
"SQ64756 531",7.6,"3GB","5A",0,"CR",,4,0.1,593
"SQ77378 031",11,"3GB","5A",1,"HR","F",8,3.2,334
"SQ56114 021",5.8,"5GG","5A",0,"HGI","D",12,-1.5,657
"SQ62422 551",12.4,"5GG","5A",0,"HR",,3,0.8,420
"SQ58421 521",8.6,"5GG","4C",0,"CR",,1,1.3,539
"SQ61382 031",7.9,"5GG","5A",0,"CR",,2,1.2,439
"SQ72756 541",7.2,"3GB","5A",0,"PO","D",7,-4.3,569
"SQ58774 031",3.4,"3GB","4C",0,"HR",,1,-2.1,563
"SQ77935 021",10,"3GB","4C",1,"HR",,8,1.3,316
"SQ52074 041",6.5,"3GB","5A",0,"HR","D",11,-6.4,350
"SQ50859 511",7.4,"3GB","4C",0,"HR",,10,-0.1,572
"SQ55630 561",3.9,"5GG","5A",0,"PO","G",12,-3.5,689
"SQ63584 521",8.7,"3GB","4C",0,"CR",,3,-0.9,512
"SQ72333 561",17.7,"5GG","5A",0,"HR",,6,9.9,416
"SQ67278 021",9.1,"5GG","5A",0,"HR",,5,-0.6,442
"SQ64700 521",9.5,"5GG","5A",0,"CR",,4,1.8,506
"SQ67097 551",10.3,"3GB","5A",0,"HR","D",4,-0.6,504
"SQ79761 041",7.9,"5GG","5A",0,"HGI","B",9,0.3,612
"SQ50352 061",12.5,"5GG","5A",0,"HGI","B",10,0.6,400
"SQ72273 561",6.5,"5GG","5A",0,"PO","D",6,-6,522
"SQ57099 031",5.7,"3GB","5A",0,"HGI","F",1,-3.9,544
"SQ73273 541",2.1,"3GB","4C",1,"CR",,7,-6.6,481
"SQ53798 041",5.1,"5GG","4C",0,"HGI","F",12,-1.9,617
"SQ52827 041",11.8,"3GB","5A",0,"HR","D",11,4.7,531
"SQ54031 521",12,"5GG","5A",0,"CR","B",12,0.1,395
"SQ68761 521",11.7,"3GB","5A",0,"CR",,5,-0.8,652
"SQ57428 541",13.4,"5GG","5A",0,"PO","D",1,7.1,452
"SQ64334 011",10.6,"5GG","5A",0,"HGI","F",3,-0.7,455
"SQ49596 541",13.4,"5GG","5A",0,"CR",,10,2,386
"SQ59675 521",12.5,"5GG","5A",0,"CR",,2,-1.1,334
"SQ55045 021",7.3,"3GB","4C",0,"CR",,12,-1.7,588
"SQ52166 521",9.2,"5GG","5A",0,"CR",,11,-2.9,446
"SQ70791 021",9,"3GB","4C",0,"HR",,6,-1.6,550
"SQ72524 021",10.9,"5GG","5A",0,"HR","D",6,1.2,545
"SQ54048 541",15.3,"5GG","4C",0,"HGI","F",12,6,441
"SQ53048 011",15,"5GG","5A",0,"HR","D",11,3.3,326
"SQ65702 041",15.6,"5GG","5A",0,"HGI","F",4,9.7,356
"SQ64998 551",5.7,"3GB","5A",0,"BP",,4,-7.7,673
"SQ54748 561",11.4,"5GG","5A",0,"HR",,12,-2.6,365
"SQ53829 521",4.6,"5GG","5A",0,"PO","D",12,-0.6,627
"SQ68848 531",7.3,"5GG","4C",0,"CR",,5,1.1,419
"SQ60329 511",10.5,"5GG","4C",0,"HR","B",2,1.8,426
"SQ69492 051",10.1,"5GG","4C",0,"CR",,5,-1.5,549
"SQ73471 031",6.1,"5GG","5A",0,"CR",,7,-3.9,672
"SQ75808 041",1.8,"3GB","5A",1,"GI","D",8,-5.8,490
"SQ49309 521",10.6,"5GG","5A",0,"HGI","B",10,-1,584
"SQ75526 011",4,"3GB","4C",0,"HGI","F",8,-3.1,646
"SQ72513 551",10.8,"5GG","5A",0,"HR","B",6,3.1,430
"SQ53873 511",9.2,"5GG","5A",0,"HR","D",12,-1.7,485
"SQ71595 521",4.1,"3GB","4C",0,"GA","B",6,-7.2,563
"SQ74640 021",2.6,"3GB","5A",0,"PO","B",7,-2.6,597
"SQ79344 511",1.1,"3GB","5A",0,"HR",,9,-3.8,745
"SQ77077 551",5.9,"3GB","5A",0,"PO","D",8,0.3,579
"SQ59495 521",18.1,"5GG","5A",0,"GI",,2,0.5,327
"SQ78974 531",4.1,"3GB","4C",0,"CR",,9,-5,678
"SQ76994 041",10.3,"3GB","5A",0,"HR",,8,2.9,537
"SQ65150 521",6.6,"3GB","5A",0,"PO","F",4,-4.1,497
"SQ67600 021",6,"5GG","5A",0,"PO","B",5,-6,648
"SQ61501 531",15.4,"5GG","4C",0,"CR","B",2,1.9,413
"SQ56743 031",10.1,"5GG","4C",0,"CR",,1,5.1,488
"SQ79247 541",5.5,"5GG","4C",0,"HGI","F",9,-3.8,560
"SQ63117 021",10.6,"5GG","5A",0,"BP",,3,2.2,337
"SQ69540 541",9.5,"5GG","5A",0,"GI","F",5,3.7,443
"SQ54155 041",19.9,"5GG","5A",0,"CR",,12,10.4,355
"SQ57047 551",10.3,"5GG","5A",0,"HR",,1,2.2,476
"SQ49577 021",18.3,"5GG","5A",0,"PO","D",10,6.5,331
"SQ51997 511",8.6,"5GG","5A",0,"GA",,11,-3.6,383
"SQ53067 041",14.3,"3GB","5A",0,"HGI","F",11,7.8,452
"SQ62380 551",14.1,"5GG","5A",0,"HR",,3,5.3,477
"SQ64439 051",7.1,"3GB","5A",1,"PO","F",4,-3.7,304
"SQ52526 541",10.1,"3GB","4C",0,"HR",,11,3.5,583
"SQ76146 061",5.8,"5GG","4C",0,"PO","B",8,1.7,609
"SQ64120 551",5.4,"5GG","5A",0,"PO","B",3,-2.2,615
"SQ75736 511",3.7,"3GB","4C",0,"PO","D",8,-4.1,645
"SQ59083 531",14.6,"3GB","4C",0,"FH","D",2,2.5,463
"SQ76910 051",8.9,"5GG","5A",0,"HR",,8,-2.7,530
"SQ56948 531",11,"5GG","5A",0,"HR","D",1,-1.5,490
"SQ53312 541",13.7,"3GB","5A",0,"GI","B",11,6.8,387
"SQ75880 021",7.6,"5GG","4C",0,"HR","B",8,-5,514
"SQ52806 561",14.7,"5GG","5A",0,"HGI","F",11,4.9,434
"SQ79456 531",13.4,"3GB","5A",0,"HGI","F",9,0.4,484
"SQ70791 061",8.5,"5GG","4C",0,"HR",,6,-4.7,433
"SQ64664 021",6.4,"5GG","4C",0,"BP",,4,-3,508
"SQ74201 041",3.1,"3GB","5A",0,"HR",,7,-6.3,618
"SQ69760 061",8.3,"5GG","5A",0,"CR",,5,2.1,404
"SQ49309 531",10.4,"5GG","5A",0,"HGI","B",10,-1.1,552
"SQ79199 031",4.4,"5GG","5A",0,"PO","B",9,-4.2,597
"SQ51391 051",8.4,"3GB","4C",0,"HGI","F",10,-0.8,523
"SQ50289 551",15.7,"5GG","5A",0,"HR",,10,3.1,385
"SQ68819 011",10.4,"3GB","4C",0,"CR",,5,-1,462
"SQ71358 521",10.9,"3GB","4C",0,"GA",,6,5.4,308
"SQ80438 511",6.2,"5GG","5A",0,"GI",,9,-1.6,597
"SQ78958 021",11.5,"5GG","4C",0,"CR",,9,-0.3,477
"SQ66339 511",5.2,"5GG","4C",0,"CR",,4,-6.2,724
"SQ75461 561",11.7,"3GB","5A",0,"BP",,7,3,398
"SQ54234 571",0.5,"3GB","4C",1,"CR",,12,-9,492
"SQ55496 521",11.7,"5GG","5A",0,"HR","B",12,3.5,634
"SQ69557 011",4.8,"5GG","4C",0,"GI",,5,-0.3,653
"SQ58106 541",7.5,"3GB","4C",0,"CR",,1,-2.4,453
"SQ58565 031",12.1,"5GG","5A",0,"HR","D",1,3.5,573
"SQ74480 541",6.3,"3GB","5A",0,"FH",,7,-0.1,501
"SQ78461 031",15.4,"5GG","5A",0,"PosMAC","B",9,4.6,408
"SQ74333 031",3.3,"3GB","4C",0,"FH","B",7,0.2,665
"SQ71599 541",5.1,"3GB","5A",0,"HR",,6,-4.1,554
"SQ72591 561",6.2,"3GB","5A",0,"HR",,6,-3.3,583
"SQ74598 041",2.9,"3GB","5A",0,"HR","D",7,-4.3,683
"SQ52829 541",10.8,"5GG","5A",0,"HR",,11,4.3,589
"SQ67056 521",11.5,"5GG","5A",0,"HR","D",4,-3.6,399
"SQ50943 041",9.5,"3GB","4C",0,"HR",,10,-0.9,600
"SQ66073 521",7.8,"3GB","5A",0,"GI",,4,-3.3,564
"SQ53162 531",10.8,"3GB","5A",1,"HR",,11,5.3,334
"SQ50751 061",11.3,"3GB","5A",0,"HR","D",10,0.1,447
"SQ64826 021",3.7,"3GB","4C",1,"CR",,4,-6.1,364
"SQ68062 511",7.5,"5GG","5A",0,"PO","F",5,-1.7,516
"SQ74903 041",4.1,"3GB","4C",0,"PO","D",7,-10.6,680
"SQ72220 031",6.8,"3GB","5A",0,"HR",,6,-3.5,463
"SQ51687 521",14.5,"5GG","4C",0,"HR",,11,8.5,446
"SQ76232 561",2.5,"5GG","5A",0,"HR",,8,-6.8,719
"SQ53401 021",10.7,"3GB","5A",0,"CR",,11,0.8,380
"SQ72472 021",5.6,"3GB","5A",0,"CR",,6,-7.9,620
"SQ51601 021",11.6,"5GG","5A",0,"HR",,11,6.9,390
"SQ78043 021",12.4,"3GB","5A",0,"CR",,8,3.1,499
"SQ67417 031",8.6,"5GG","5A",0,"HR","B",5,-3.7,495
"SQ64388 561",12,"5GG","5A",0,"HR",,3,3.7,481
"SQ49138 551",7,"5GG","5A",0,"HGI","D",10,-0.8,604
"SQ56212 031",3.9,"3GB","5A",1,"HR",,1,-1.8,376
"SQ73033 521",19.1,"5GG","5A",0,"FH",,7,6.5,406
"SQ65538 041",19.8,"5GG","5A",0,"HGI","F",4,8.1,471
"SQ63161 541",13.3,"5GG","5A",0,"CR",,3,7.1,353
"SQ80106 021",5.1,"3GB","4C",0,"CR",,9,-3,708
"SQ70854 011",2.6,"3GB","4C",0,"CR","B",6,-5.4,740
"SQ63368 571",10.1,"5GG","5A",0,"HR",,3,5.3,366
"SQ67357 511",10.9,"5GG","5A",0,"HR","B",5,6.9,598
"SQ76486 511",7.8,"3GB","4C",1,"GA","D",8,-3.3,302
"SQ70865 521",8.6,"3GB","4C",1,"HR",,6,-1.3,370
"SQ58929 011",13.2,"5GG","5A",0,"GI",,2,11.2,316
"SQ70177 011",4.8,"5GG","4C",0,"HR","F",6,-2.7,622
"SQ67999 011",2.8,"3GB","5A",0,"HR",,5,-4.6,662
"SQ69791 061",18,"5GG","4C",0,"HR","D",5,2,326
"SQ65134 021",7.8,"3GB","5A",0,"CR",,4,-3,523
"SQ75889 511",6.4,"3GB","4C",0,"HR","B",8,-7,609
"SQ50200 061",7.4,"5GG","5A",0,"HR",,10,-3,590
"SQ61496 011",4.5,"3GB","4C",0,"GI","B",2,-5.1,498
"SQ60326 031",5.2,"3GB","5A",0,"CR",,2,-3.2,497
"SQ75819 051",6.7,"5GG","4C",0,"CR",,8,-3.4,631
"SQ67093 031",8.6,"3GB","5A",0,"HR",,4,-3.5,561
"SQ50938 051",12.2,"3GB","4C",0,"HR",,10,0.5,433
"SQ68726 021",16.5,"5GG","5A",0,"HR",,5,6.9,466
"SQ59881 051",12.7,"5GG","5A",0,"CR",,2,8.3,336
"SQ79087 541",5.2,"5GG","4C",0,"CR","B",9,0.3,649
"SQ58703 031",4.1,"5GG","5A",0,"BP",,1,-6.4,509
"SQ74443 031",3.3,"5GG","4C",0,"HR",,7,-4.1,499
"SQ65261 031",4.4,"5GG","5A",0,"GA",,4,-2.3,653
"SQ71676 051",9.1,"5GG","5A",0,"PO","B",6,-2.2,417
"SQ73470 521",7.4,"3GB","4C",0,"HR",,7,-4.2,659
"SQ56340 061",3.5,"5GG","4C",0,"HR",,1,-7,646
"SQ63608 041",3.7,"3GB","4C",1,"GI","F",3,-4.1,360
"SQ70857 521",8.1,"5GG","5A",0,"CR",,6,1.2,489
"SQ56230 521",2.6,"3GB","5A",0,"FH","B",1,-1.8,673
"SQ55055 041",6.2,"3GB","5A",0,"HR",,12,-4.7,551
"SQ72420 561",6.5,"5GG","4C",0,"CR",,6,-0.7,550
"SQ52609 011",2.7,"3GB","4C",0,"HR",,11,-3.6,713
"SQ52710 531",11.2,"5GG","5A",0,"HR","F",11,-2.4,458
"SQ64282 541",14.9,"5GG","5A",0,"HR",,3,6.4,411
"SQ67178 051",8.4,"3GB","5A",0,"CR",,4,-1.1,431
"SQ74848 041",5.4,"5GG","5A",0,"HR",,7,-3.5,571
"SQ57989 561",7.5,"5GG","5A",0,"HGI","D",1,-1.8,429
"SQ76352 531",6,"5GG","4C",0,"HR",,8,-3.7,624
"SQ58683 561",9.7,"3GB","4C",0,"HR",,1,-2.3,498
"SQ70484 581",3.9,"5GG","4C",0,"BP",,6,-6.9,561
"SQ49743 051",8.4,"5GG","4C",0,"FH","B",10,-2.7,554
"SQ76333 041",4.8,"5GG","5A",0,"FH",,8,0.3,706
"SQ79638 561",12.7,"5GG","5A",0,"HGI","F",9,1.7,388
"SQ56179 531",4.5,"5GG","5A",0,"HR",,1,-3.3,693
"SQ56378 521",6.8,"5GG","4C",0,"GI","B",1,-1.1,555
"SQ55970 561",3.8,"3GB","4C",0,"HR",,12,-2.7,526
"SQ77405 031",5.5,"3GB","4C",0,"HGI","D",8,-2.8,563
"SQ62168 011",9.7,"5GG","5A",0,"CR",,3,1.3,371
"SQ64395 541",13,"3GB","4C",0,"HR","B",3,2,502
"SQ60095 021",8,"2GB","5A",0,"HGI","F",2,-1.9,549
"SQ71982 061",13.6,"5GG","5A",0,"HR",,6,1.1,482
"SQ52844 031",9.7,"5GG","5A",0,"HR","D",11,3.3,589
"SQ53125 531",8.7,"5GG","5A",0,"HGI","F",11,-0.3,417
"SQ56429 531",4.8,"5GG","4C",0,"HR","F",1,-0.8,679
"SQ77967 061",8.7,"5GG","4C",0,"HGI","F",8,0.2,392
"SQ72686 551",6.5,"3GB","4C",1,"GA","D",6,-4.4,317
"SQ70970 541",7.3,"3GB","4C",0,"HR",,6,-6.8,522
"SQ79448 011",14,"5GG","5A",0,"HGI","D",9,2.7,580
"SQ51806 541",7.4,"3GB","5A",0,"HGI","D",11,-2,671
"SQ78848 011",11.5,"5GG","4C",0,"HGI","D",9,0.3,564
"SQ69276 561",6.5,"3GB","5A",0,"HR",,5,-4.6,586
"SQ51322 521",10.7,"3GB","4C",0,"FH","B",10,6.7,549
"SQ79168 551",6.6,"5GG","5A",0,"HR","B",9,0.7,629
"SQ56347 531",2.2,"3GB","4C",0,"FH","D",1,-8.5,640
"SQ60868 031",9,"5GG","4C",0,"HR",,2,0.4,318
"SQ65971 011",6.6,"5GG","5A",0,"CR",,4,-2.2,671
"SQ50027 061",15.2,"3GB","5A",0,"HGI","D",10,-0.5,392
"SQ49744 041",8.7,"3GB","4C",0,"GI","B",10,-3.3,573
"SQ68494 521",8.2,"3GB","5A",1,"HR","B",5,-4.7,453
"SQ51861 031",12.3,"5GG","5A",0,"CR","B",11,5.7,526
"SQ79279 541",6.1,"3GB","4C",1,"HR",,9,-5.5,344
"SQ49955 541",12.6,"3GB","4C",0,"GA",,10,1.4,301
"SQ59199 031",9.1,"3GB","4C",0,"HGI","D",2,-5.5,467
"SQ69655 031",5.7,"5GG","5A",0,"HR","D",5,-1.6,587
"SQ50680 041",15,"3GB","5A",0,"FH","B",10,2.6,321
"SQ58458 551",4.4,"3GB","5A",0,"CR","B",1,-3.9,657
"SQ57759 041",9,"5GG","5A",0,"HR","F",1,-5.3,482
"SQ63102 051",11.9,"5GG","4C",0,"HGI","F",3,-1.6,463
"SQ56203 571",3.7,"5GG","4C",0,"BP",,1,-3,556
"SQ67996 571",3.1,"5GG","5A",0,"HR",,5,-4.5,526
"SQ65594 561",10.9,"3GB","4C",0,"HR","D",4,-1.6,479
"SQ52419 051",12.3,"3GB","4C",0,"HR",,11,-3.4,468
"SQ60287 061",5.8,"5GG","4C",0,"HR",,2,-0.4,568
"SQ68703 021",9.6,"3GB","5A",0,"HR",,5,-2.3,494
"SQ54453 541",6.2,"5GG","4C",0,"CR",,12,-4.2,443
"SQ79380 011",9.4,"3GB","4C",1,"GA","F",9,-5.9,360
"SQ70225 551",2.5,"3GB","4C",0,"PO","D",6,-10.9,721
"SQ74351 011",9.2,"5GG","4C",0,"HR","D",7,4.1,466
"SQ73482 511",4.8,"3GB","5A",0,"CR",,7,-6.3,586
"SQ79644 551",12.1,"5GG","5A",0,"CR",,9,1.2,405
"SQ67328 041",10.7,"3GB","5A",0,"GI","B",5,2.4,481
"SQ70384 051",17.4,"5GG","5A",0,"PO","D",6,12.6,405
"SQ57339 021",11.5,"5GG","5A",0,"HR",,1,-1.7,495
"SQ54595 511",11.5,"5GG","4C",0,"CR",,12,0.8,304
"SQ75229 511",7.3,"3GB","5A",0,"HR","D",7,-6,660
"SQ68604 051",6,"5GG","4C",0,"CR",,5,-3.2,521
"SQ50841 561",9.3,"5GG","5A",0,"HR",,10,-4.8,650
"SP19275 011",101.9,"5GG","7A",0,"PO","G",8,89,336
"SQ68783 031",10.1,"3GB","5A",0,"CR",,5,2,401
"SQ74477 041",7,"3GB","5A",0,"FH",,7,0.3,586
"SQ78101 011",8.6,"3GB","4C",0,"PO","D",8,2.2,439
"SQ78838 021",10.9,"5GG","5A",0,"HGI","F",9,2.8,625
"SQ49405 021",12.2,"5GG","4C",0,"GI","D",10,2.1,370
"SQ50331 011",7.7,"3GB","5A",0,"CR",,10,0.4,514
"SQ77945 021",6.9,"5GG","5A",0,"GI","B",8,-1.2,670
"SQ73355 011",14,"3GB","4C",0,"GI","D",7,5.8,395
"SQ68263 041",10.8,"5GG","5A",0,"HR",,5,0.1,526
"SQ76465 021",8,"5GG","5A",0,"CR",,8,-1.1,415
"SQ70131 021",1.3,"5GG","5A",0,"HR",,6,-5.1,731
"SQ80285 021",6.1,"3GB","4C",0,"FH",,9,-0.8,583
"SQ64990 031",7.5,"5GG","5A",0,"PO","B",4,-5.5,524
"SQ54546 011",10.2,"5GG","5A",0,"HR",,12,-0.1,400
"SQ59130 551",7.3,"3GB","5A",0,"GI",,2,-2.5,623
"SQ50897 521",7.9,"3GB","4C",0,"HR",,10,-6.3,458
"SQ77748 521",4,"5GG","5A",0,"CR",,8,-7.3,687
"SQ76161 031",3.4,"3GB","4C",0,"HR",,8,-2.2,693
"SQ74729 551",7,"5GG","5A",0,"CR",,7,-2.8,408
"SQ62145 541",13.9,"5GG","4C",0,"HR",,3,6.9,301
"SQ54778 051",13.5,"3GB","5A",0,"HR",,12,-2.8,375
"SQ76831 021",2.9,"3GB","4C",1,"CR",,8,-6.2,338
"SQ80242 551",8.3,"3GB","5A",0,"PO","D",9,-2.2,621
"SQ56609 021",9.4,"5GG","5A",0,"HR",,1,1.6,474
"SQ73963 031",6.5,"5GG","5A",0,"HR","D",7,2.6,659
"SQ79528 031",9.9,"3GB","5A",0,"HGI","F",9,-4.2,468
"SQ71059 541",13.2,"3GB","5A",0,"HR","B",6,2.5,309
"SQ68982 551",4.7,"5GG","5A",0,"PO","D",5,-10.2,684
"SQ73650 551",2.2,"3GB","4C",0,"CR",,7,-4.4,706
"SQ58980 031",11.2,"3GB","5A",0,"HGI","F",2,-0.3,413
"SQ55973 581",7.4,"5GG","5A",0,"GI","B",12,0.2,571
"SQ52303 021",6.3,"3GB","5A",0,"CR","B",11,-3.6,458
"SQ61594 531",10.9,"3GB","4C",0,"GI","B",3,-3.3,524
"SQ67957 041",6.5,"5GG","5A",0,"HR",,5,-3.7,560
"SQ66217 521",8.8,"3GB","5A",1,"CR",,4,-5.5,345
"SQ57849 041",12,"5GG","4C",0,"GI",,1,7.1,536
"SQ60044 521",11.6,"5GG","4C",0,"HR","B",2,2.2,454
"SQ72485 031",8.4,"5GG","4C",0,"CR","B",6,-5.2,452
"SQ77074 511",7.6,"5GG","5A",0,"PO","D",8,1.5,643
"SQ77961 521",8.5,"3GB","4C",0,"HGI","D",8,1.9,583
"SQ56468 541",11.2,"3GB","4C",0,"PO","B",1,-3.2,399
"SQ57688 051",4.7,"5GG","4C",0,"PO","D",1,-8.5,665
"SQ56766 541",4.7,"3GB","5A",1,"GI","F",1,-1.7,321
"SQ55394 541",9.2,"5GG","5A",0,"CR",,12,-4,526
"SQ70746 071",12.5,"5GG","5A",1,"HR",,6,1.8,386
"SQ51299 031",7.4,"3GB","5A",0,"HGI","F",10,-3,669
"SQ68423 011",9.5,"5GG","5A",0,"GI","B",5,1,523
"SQ71817 511",8.4,"5GG","5A",0,"HR","F",6,-5.8,676
"SQ69060 511",19.8,"5GG","5A",0,"HR",,5,5.5,390
"SQ80497 521",10.4,"5GG","5A",0,"PO","D",9,2.7,547
"SQ57143 051",3.7,"5GG","5A",0,"BP",,1,-8.1,539
"SQ61687 041",7.1,"5GG","5A",0,"HGI","F",3,-7,655
"SQ56748 051",13.4,"5GG","4C",0,"CR",,1,3.8,375
"SQ73416 021",6.8,"3GB","4C",0,"GA",,7,-6.8,439
"SQ51975 551",2.1,"3GB","5A",0,"HR",,11,-0.8,701
"SQ75672 561",4.2,"3GB","4C",0,"GA",,8,-10.5,570
"SQ64835 521",5.9,"3GB","4C",0,"GA",,4,-1.1,529
"SQ63913 011",17.7,"5GG","5A",0,"HGI","F",3,-0.4,336
"SQ67264 031",5.4,"5GG","5A",0,"HR",,5,-1,633
"SQ57894 511",10.8,"3GB","5A",0,"HGI","B",1,-3.3,522
"SQ58952 541",3.7,"3GB","4C",1,"GI","F",2,-5.8,310
"SQ54723 031",16.2,"5GG","5A",0,"HR","F",12,4.6,342
"SQ71407 031",18,"5GG","4C",0,"HR","D",6,8.9,348
"SQ55796 571",6.8,"3GB","5A",0,"GI",,12,3.4,487
"SQ70145 011",6.6,"3GB","4C",0,"HR",,6,0.7,553
"SQ60279 061",3.1,"3GB","4C",0,"HR",,2,-3.2,560
"SQ64540 541",6.6,"5GG","5A",0,"HR","D",4,-1.2,687
"SQ69901 051",11.5,"5GG","5A",0,"HR",,5,3.6,584
"SQ63006 531",7,"3GB","4C",0,"HR","D",3,-4.7,710
"SQ72630 041",9.8,"5GG","5A",0,"HR",,6,-2.5,529
"SQ67228 511",10.7,"5GG","5A",0,"HR",,5,-5.7,449
"SQ51995 551",8.8,"5GG","5A",0,"GI",,11,-3.4,413
"SQ71563 541",5.3,"3GB","4C",0,"GI","D",6,-1.8,686
"SQ74021 031",3.5,"3GB","5A",0,"HR",,7,-4.5,717
"SQ61024 511",11.1,"3GB","5A",0,"HR",,2,-0.6,462
"SQ68774 521",12.3,"5GG","4C",0,"PO","D",5,4.6,355
"SQ63158 051",10.2,"5GG","5A",0,"GI",,3,-3.5,410
"SQ66087 531",5.3,"3GB","4C",0,"FH",,4,-7,551
"SQ65083 041",9.5,"3GB","4C",0,"BP",,4,-3,500
"SQ62982 571",12.5,"3GB","5A",0,"HR","D",3,-0.9,501
"SQ67230 531",10.3,"5GG","5A",0,"HR",,5,-6,528
"SQ58625 011",11,"3GB","4C",0,"CR",,1,-0.9,365
"SQ76648 551",3.7,"3GB","4C",0,"CR",,8,-7.1,627
"SQ72751 531",7.4,"5GG","5A",0,"HR",,7,-3,496
"SQ52472 561",5.1,"3GB","4C",0,"PO","B",11,-7.3,617
"SQ59804 031",10.9,"5GG","4C",0,"HGI","B",2,-4.2,506
"SQ61006 531",12.6,"5GG","4C",0,"HR",,2,4.2,317
"SQ71958 531",6.6,"5GG","5A",0,"HR",,6,-1.7,556
"SQ50289 531",15.8,"3GB","5A",0,"HR",,10,3.3,412
"SQ65487 051",5.2,"3GB","4C",0,"HR",,4,-1.9,564
"SQ78599 521",5.7,"3GB","5A",0,"CR",,9,-2.9,625
"SQ53847 511",10,"3GB","4C",0,"HGI","F",12,-2.8,491
"SQ60015 561",2.8,"3GB","5A",0,"CR",,2,0.4,707
"SQ63216 021",8.3,"3GB","5A",0,"HR","D",3,-2.6,620
"SQ63523 511",2.6,"5GG","5A",0,"PO","D",3,-0.6,556
"SQ75321 051",4.5,"5GG","5A",0,"HGI","F",7,-5.7,653
"SQ60052 021",4.7,"5GG","5A",0,"CR","B",2,-0.7,495
"SQ55736 521",4.4,"5GG","5A",0,"HR",,12,-10.3,576
"SQ55442 541",11.6,"5GG","5A",0,"HGI","D",12,-3,427
"SQ73849 081",7.8,"3GB","4C",0,"PO","B",7,-0.7,417
"SQ57864 051",4.7,"3GB","4C",0,"HR",,1,1,568
"SQ67848 511",9,"3GB","5A",0,"HR","F",5,-2.2,465
"SQ50856 051",7.5,"3GB","4C",0,"HR",,10,-0.1,428
"SQ54812 531",15.9,"5GG","5A",1,"HR",,12,9.5,337
"SQ56324 531",9.3,"5GG","5A",0,"HR",,1,-2.6,601
"SQ66538 011",18.2,"5GG","5A",0,"HR","B",4,9.1,343
"SQ55325 521",15.4,"5GG","4C",0,"HGI","F",12,0.7,371
"SQ75810 541",3,"3GB","5A",1,"GI","D",8,-3.8,408
"SQ73155 031",2.7,"5GG","4C",0,"HR",,7,-5.9,715
"SQ78868 071",10.1,"5GG","5A",0,"HR",,9,-4.7,563
"SQ68703 531",9.7,"3GB","5A",0,"HR",,5,-2.1,500
"SQ67410 551",9.7,"3GB","5A",0,"HR","B",5,-2.3,595
"SQ77934 011",6.6,"5GG","5A",0,"HR","D",8,1.2,671
"SQ53839 061",1.8,"3GB","5A",0,"CR",,12,-4.3,729
"SQ60448 011",9.6,"5GG","5A",0,"PO","D",2,0,509
"SQ55076 511",5,"5GG","4C",0,"HR",,12,-0.7,657
"SQ63132 021",17.4,"5GG","5A",0,"PO","D",3,5.6,412
"SQ63550 031",15.3,"5GG","5A",0,"HGI","D",3,4.1,469
"SQ77633 541",8.5,"5GG","5A",0,"HGI","F",8,1.2,441
"SQ65821 561",7.2,"3GB","5A",0,"CR",,4,-2.6,558
"SQ78372 021",11.6,"5GG","4C",0,"GI",,9,-0.6,606
"SQ72758 571",8.5,"5GG","4C",0,"CR",,7,-4.4,564
"SQ78504 031",4.1,"3GB","5A",0,"HR",,9,-9.3,706
"SQ73992 021",4.5,"3GB","4C",0,"HR","D",7,-2.3,680
"SQ70819 031",4,"3GB","4C",0,"HR",,6,-3.9,638
"SQ74125 071",7.5,"3GB","4C",0,"HR","D",7,-4.7,475
"SQ63100 551",10,"5GG","5A",0,"BP",,3,-4.1,373
"SQ62591 541",1.1,"3GB","5A",1,"GI","D",3,-9.4,390
"SQ49474 041",9.8,"3GB","4C",0,"HGI","F",10,-1.5,539
"SQ78554 551",4.6,"3GB","4C",0,"CR",,9,1.1,496
"SQ76438 021",5.6,"5GG","5A",0,"HR","F",8,-3.9,648
"SQ72449 551",12.3,"5GG","5A",0,"HR",,6,-2.2,481
"SQ73348 531",4.8,"5GG","5A",0,"HR",,7,-1,604
"SQ69854 531",8.9,"5GG","5A",0,"GI","D",5,2.5,443
"SQ62288 541",13.8,"3GB","4C",0,"GA",,3,1.6,417
"SQ71739 511",5.5,"5GG","4C",0,"PO","B",6,-6.2,643
"SQ57764 541",8.1,"5GG","5A",0,"HR","F",1,-6.8,405
"SQ69461 531",14.3,"5GG","5A",0,"HR",,5,8.7,425
"SQ71317 551",6.7,"5GG","5A",0,"PO","B",6,-5.2,622
"SQ75276 061",6.9,"5GG","5A",0,"HR",,7,-3.9,614
"SQ64792 551",4.3,"3GB","4C",0,"HGI","D",4,-2.9,631
"SQ57047 571",10,"3GB","5A",0,"HR",,1,2,470
"SQ57108 521",5.3,"3GB","4C",0,"HR",,1,-6,636
"SQ80870 551",5.7,"3GB","5A",0,"CR",,9,-8.1,464
"SQ50906 531",9.3,"5GG","5A",0,"HR","D",10,-0.6,466
"SQ70382 571",1.8,"3GB","4C",0,"PO","D",6,-6.1,640
"SQ70723 551",8.2,"5GG","5A",0,"CR",,6,0.7,542
"SQ78058 041",5.3,"5GG","5A",0,"CR",,8,-4.9,683
"SQ51843 511",12.8,"5GG","5A",0,"PO","D",11,-0.6,465
"SQ68606 051",5.7,"5GG","4C",0,"CR",,5,-3.7,619
"SQ61539 031",6.8,"5GG","5A",0,"HGI","F",2,-0.2,620
"SQ74630 021",4.8,"5GG","5A",0,"PO","B",7,0.1,593
"SQ68808 511",10.2,"3GB","5A",0,"HR",,5,-3.9,537
"SQ53843 041",2.9,"5GG","5A",0,"HR","D",12,-1.7,701
"SQ54091 571",6.1,"5GG","5A",0,"HR",,12,-7.5,573
"SQ79696 031",9.1,"5GG","4C",0,"PO","D",9,-0.4,683
"SQ49880 541",13.1,"3GB","5A",0,"HR","B",10,-0.7,559
"SQ56305 531",2.1,"3GB","4C",0,"CR",,1,-5.4,629
"SQ62894 061",12.2,"5GG","5A",0,"HR",,3,-2.4,388
"SQ72253 541",8.1,"5GG","4C",0,"HR","B",6,-1.1,372
"SQ56577 531",7.7,"3GB","4C",1,"GI",,1,2.3,490
"SQ59276 511",8.7,"3GB","5A",0,"HR",,2,-1,584
"SQ54631 061",13.2,"3GB","5A",0,"HR",,12,0.7,419
"SQ55769 521",10.7,"5GG","5A",0,"HR","F",12,2.9,532
"SQ53151 551",15.7,"3GB","4C",0,"HGI","F",11,3,405
"SQ57072 521",9.6,"5GG","5A",0,"HGI","F",1,2.6,498
"SQ78772 541",7.2,"5GG","5A",0,"HR",,9,-4.3,613
"SQ58943 511",8.1,"5GG","4C",0,"HR","B",2,2.6,569
"SQ74590 041",5.5,"5GG","5A",0,"GI","B",7,-2.5,512
"SQ77795 541",6.8,"5GG","4C",0,"CR",,8,0.5,645
"SQ66102 561",4.6,"5GG","4C",0,"HR","F",4,-2.5,607
"SQ55194 571",4.3,"3GB","5A",0,"HGI","D",12,-5.7,613
"SQ58010 531",12.1,"3GB","5A",0,"CR","B",1,-0.7,555
"SQ57731 051",6,"3GB","5A",0,"HR",,1,-3.8,721
"SQ59556 031",14.2,"3GB","4C",0,"HR","D",2,5.3,474
"SQ49328 521",8,"5GG","5A",0,"HR",,10,-5.9,532
"SQ72539 011",8.1,"3GB","5A",0,"HR","D",6,0.2,642
"SQ69314 561",91,"5GG","4C",1,"HR",,5,83.1,318
"SQ80503 571",9.7,"5GG","5A",0,"PO","D",9,0.8,412
"SQ53530 521",5,"3GB","4C",0,"CR",,11,-4.6,526
"SQ70486 051",3.6,"5GG","4C",0,"BP",,6,-7.4,697
"SQ65990 511",6.6,"5GG","5A",0,"HR",,4,-6.6,664
"SQ59387 541",11.8,"5GG","4C",0,"GA",,2,7.6,428
"SQ78781 531",7.3,"5GG","5A",0,"HGI","D",9,-3.4,525
"SQ76468 041",7.9,"3GB","5A",0,"CR",,8,-2,491
"SQ65207 041",7.8,"5GG","5A",0,"BP",,4,1.6,462
"SQ62524 021",7.5,"3GB","4C",0,"FH","B",3,-6.3,386
"SQ49202 041",4.8,"5GG","5A",0,"FH","B",10,-4.5,656
"SQ62497 541",12.1,"5GG","4C",0,"GI",,3,-0.2,494
"SQ79738 521",9,"5GG","5A",0,"PO","B",9,1.5,375
"SQ53000 041",7.5,"5GG","5A",0,"GA",,11,-2,598
"SQ59843 541",4.9,"5GG","5A",0,"HGI","D",2,-5.4,543
"SQ53084 061",6,"3GB","5A",0,"PO","B",11,2.6,492
"SQ75312 021",6.3,"5GG","5A",0,"HGI","F",7,-3.2,495
"SQ61358 041",11.5,"5GG","4C",0,"PO","D",2,2.2,352
"SQ66646 031",9.4,"3GB","5A",0,"HR","D",4,4.2,597
"SQ72504 041",11.6,"5GG","5A",0,"HR","B",6,4.3,340
"SQ79617 551",7.9,"3GB","4C",0,"GI","B",9,-4.4,455
"SQ58080 011",6.5,"3GB","4C",0,"HGI","F",1,-1.1,585
"SQ58353 551",7.8,"5GG","5A",0,"HGI","F",1,-2.3,512
"SQ79225 051",5.3,"5GG","4C",0,"BP",,9,-5.8,590
"SQ53048 541",14.9,"5GG","5A",0,"HR","D",11,3.1,372
"SQ64375 011",3,"3GB","4C",1,"GI","B",3,-7.7,376
"SQ53695 021",5.4,"3GB","4C",0,"GI",,12,1.9,576
"SQ60623 551",5.1,"5GG","5A",0,"HR","D",2,-5.1,527
"SQ78882 011",6.9,"5GG","5A",0,"HR","D",9,-7.4,542
"SQ53161 551",7.8,"3GB","4C",0,"HR","B",11,-3.2,384
"SQ72232 581",13,"3GB","4C",0,"HR",,6,4.8,395
"SQ56315 531",3.1,"3GB","4C",0,"GI",,1,-7.6,636
"SQ76893 011",9.4,"3GB","4C",0,"FH","F",8,1.1,510
"SQ60151 511",10.9,"5GG","4C",0,"HR","B",2,1.6,415
"SQ53924 531",18.1,"5GG","4C",0,"HR","D",12,2.1,476
"SQ69315 051",12,"3GB","5A",0,"HR",,5,-1.3,463
"SQ67449 531",8.4,"5GG","5A",0,"CR",,5,-5.5,572
"SQ76161 511",3.3,"3GB","4C",0,"HR",,8,-2,558
"SQ50753 541",14.2,"5GG","5A",0,"HR","D",10,8.2,439
"SQ72650 571",5.8,"5GG","5A",0,"HR",,6,-1.6,486
"SQ77152 521",6.6,"5GG","5A",0,"CR",,8,-2.5,687
"SQ80659 061",14.1,"5GG","5A",0,"HR","B",9,0.6,452
"SQ79356 061",10.1,"5GG","5A",0,"GI",,9,-0.3,438
"SQ56318 041",11.1,"5GG","5A",0,"HR",,1,-1.6,433
"SQ58770 011",5.6,"5GG","4C",0,"HR",,1,-0.8,576
"SQ76178 521",6.1,"3GB","4C",1,"HR","F",8,-1.8,313
"SQ78974 031",3.9,"3GB","4C",0,"CR",,9,-5.1,669
"SQ49569 041",20.2,"5GG","5A",0,"PO","D",10,8.1,426
"SQ79270 031",4.7,"3GB","5A",0,"HR",,9,-2.3,614
"SQ74441 541",3.9,"5GG","4C",0,"HR",,7,-3.4,643
"SQ67264 041",5.1,"5GG","5A",0,"HR",,5,-1.1,690
"SQ55835 011",5.5,"3GB","4C",0,"HGI","F",12,0.5,622
"SQ62845 021",8.5,"5GG","5A",0,"HR","D",3,-4.5,651
"SQ76199 521",7.5,"3GB","5A",1,"CR",,8,-3.2,394
"SQ59235 531",11,"5GG","5A",0,"GI",,2,-3.5,357
"SQ56073 081",8.3,"5GG","5A",0,"CR",,12,-2.7,430
"SQ56160 021",4.2,"3GB","5A",0,"HR","D",1,-3.5,600
"SQ78274 051",7.9,"5GG","5A",1,"HR",,8,0.5,586
"SQ53654 561",13.1,"5GG","5A",0,"CR",,12,8,467
"SQ80602 071",32.1,"5GG","5A",0,"PO","B",9,27.2,311
"SQ57168 041",3.9,"3GB","4C",0,"CR",,1,-6.5,528
"SQ63156 021",8.2,"3GB","5A",0,"HGI","F",3,-2.8,598
"SQ61198 551",6.8,"5GG","5A",0,"HGI","D",2,-2.2,707
"SQ65460 531",15.1,"3GB","5A",0,"PO","D",4,5,391
"SQ58380 531",6.8,"5GG","4C",0,"GI",,1,-4.1,437
"SQ62481 551",17.1,"5GG","5A",0,"HR","D",3,3.8,430
"SQ60623 521",5.4,"3GB","5A",0,"HR","D",2,-4.7,463
"SQ57999 041",9.8,"3GB","4C",0,"PO","D",1,2.9,475
"SQ73534 021",6.5,"3GB","5A",0,"PO","B",7,-3.5,699
"SQ64437 021",18.3,"5GG","5A",0,"HGI","F",4,7.9,407
"SQ77651 051",8.1,"5GG","5A",0,"HGI","F",8,-2.7,444
"SQ72893 021",4.6,"3GB","5A",0,"CR",,7,-1.1,687
"SQ53446 561",17.2,"5GG","5A",0,"HR",,11,-2.3,395
"SQ77939 531",5.3,"3GB","4C",0,"CR",,8,-0.4,539
"SQ63633 581",5.9,"3GB","4C",0,"HGI","B",3,-4.8,465
"SQ52845 031",8.7,"3GB","5A",0,"EG","F",11,-0.7,514
"SQ78967 021",5.4,"5GG","5A",0,"PO","D",9,-3.4,642
"SQ72388 031",9.7,"5GG","5A",0,"HR","D",6,-1,578
"SQ62161 541",9.7,"3GB","5A",0,"CR",,3,2.6,434
"SQ53694 071",2.4,"5GG","5A",0,"CR",,12,-3.7,746
"SQ63030 031",6.9,"3GB","5A",0,"HGI","D",3,-0.9,605
"SQ52963 021",10.5,"5GG","5A",0,"HGI","D",11,-2.5,555
"SQ74938 031",0.8,"3GB","4C",1,"HR",,7,-10.1,350
"SQ78512 041",6.6,"5GG","5A",0,"HR",,9,-2.6,474
"SQ62613 031",6.1,"3GB","5A",0,"PO","D",3,-2.9,662
"SQ60109 061",8.7,"5GG","5A",0,"HR","B",2,-0.2,519
"SQ55687 031",9.1,"5GG","5A",0,"GI",,12,-2.3,426
"SQ50903 541",14.4,"5GG","5A",0,"HR","F",10,0.4,479
"SQ73499 011",9.9,"5GG","5A",0,"CR",,7,0.8,525
"SQ76940 021",11.7,"5GG","5A",0,"CR",,8,3.2,464
"SQ66177 541",1.6,"3GB","4C",0,"HR",,4,-3.1,801
"SQ70185 521",7.7,"5GG","4C",0,"HR","B",6,0.5,629
"SQ53553 021",5.1,"5GG","5A",0,"GA",,11,-1.3,484
"SQ74117 561",7.1,"5GG","4C",0,"HR","D",7,-1.9,703
"SQ55285 021",12.5,"3GB","5A",1,"GI","F",12,3.9,300
"SQ57070 011",9.4,"5GG","5A",0,"HR","F",1,3.2,595
"SQ49472 521",11.5,"5GG","5A",0,"HGI","F",10,-0.6,511
"SQ68944 511",10.7,"5GG","5A",0,"CR",,5,-2.3,346
"SQ51179 021",6.4,"5GG","4C",0,"HGI","F",10,-1.2,620
"SQ52293 061",12.9,"3GB","5A",0,"HR",,11,2.8,436
"SQ69366 551",13.6,"3GB","5A",0,"HR",,5,4.9,539
"SQ75739 041",2.6,"3GB","4C",0,"PO","D",8,-4.9,748
"SQ49450 511",14.2,"5GG","5A",0,"HR",,10,4.8,495
"SQ67557 531",13.7,"5GG","5A",0,"HR",,5,3.5,427
"SQ80440 041",2.3,"3GB","5A",1,"GA",,9,-7.3,378
"SQ66933 061",8.6,"3GB","5A",0,"HR",,4,-2.7,499
"SQ62416 041",13.9,"5GG","5A",0,"HR","D",3,2,455
"SQ72760 031",6.9,"5GG","4C",0,"CR",,7,-4.9,480
"SQ52897 011",7.5,"3GB","4C",1,"FH","F",11,0.8,374
"SQ54114 521",9.9,"5GG","4C",0,"GI",,12,-4.3,434
"SQ58648 541",12.5,"3GB","4C",0,"HGI","D",1,4.7,453
"SQ66890 551",1.8,"3GB","4C",1,"GI","D",4,-9.8,336
"SQ67962 521",5.3,"5GG","4C",0,"CR","B",5,-4.3,400
"SQ51919 041",7,"5GG","4C",0,"HR",,11,-0.4,467
"SQ54914 011",11.3,"3GB","4C",0,"HR",,12,8.3,364
"SQ64798 541",9,"3GB","5A",0,"GI","B",4,0.5,543
"SQ80341 021",7.4,"3GB","4C",1,"CR",,9,1.1,332
"SQ64454 021",7.6,"3GB","4C",0,"CR",,3,1.3,666
"SQ65531 541",29.5,"5GG","5A",0,"PO","G",4,22.7,304
"SQ65974 031",5,"5GG","5A",0,"CR",,4,-3,586
"SQ56461 061",11.9,"3GB","4C",0,"PO","B",1,-2.5,404
"SQ52155 041",9.6,"3GB","4C",0,"CR",,11,0.5,562
"SQ69693 041",15.5,"5GG","5A",0,"HR","D",5,9.3,382
"SQ68754 041",10.3,"5GG","5A",0,"CR",,5,0.2,583
"SQ55834 511",3.9,"5GG","5A",0,"PO","B",12,-1.3,668
"SQ59038 011",15.9,"5GG","5A",0,"PO","B",2,1.1,349
"SQ68821 511",10.2,"3GB","4C",0,"CR",,5,-1.4,466
"SQ68916 031",3.6,"3GB","5A",0,"HR",,5,-5,550
"SQ62866 541",9.2,"3GB","4C",0,"GI",,3,-2.2,473
"SQ73952 051",9.3,"5GG","5A",0,"HGI","F",7,5.8,573
"SQ53090 011",14.5,"5GG","5A",0,"HR","B",11,1.7,353
"SQ69847 021",8.1,"3GB","4C",0,"GI",,5,-8.2,400
"SQ50161 031",5.3,"3GB","5A",0,"GA",,10,-1.4,452
"SQ79296 071",2,"3GB","5A",0,"BP",,9,-7.5,673
"SQ53766 561",3.3,"5GG","5A",0,"HR","B",12,-1.2,683
"SQ57630 041",6,"3GB","5A",0,"PO","B",1,-2.2,647
"SQ73663 051",1.4,"3GB","4C",0,"PO","F",7,-6.9,745
"SQ80256 521",9,"3GB","5A",0,"GI",,9,4.9,466
"SQ50508 521",12.6,"5GG","5A",0,"HGI","F",10,-2.9,382
"SQ60416 541",19.4,"5GG","5A",0,"HR","D",2,8.9,345
"SQ60519 061",4,"3GB","4C",0,"HGI","D",2,-6.6,547
"SQ61507 011",16.9,"5GG","5A",0,"HR","D",2,0.8,364
"SQ73418 531",5.8,"5GG","5A",0,"CR",,7,-7.1,694
"SQ75259 531",3.6,"5GG","4C",0,"HGI","D",7,-3.9,650
"SQ62263 021",12.1,"5GG","5A",0,"CR",,3,-2,434
"SQ77158 541",8.4,"5GG","5A",0,"CR","B",8,3.8,474
"SQ70373 021",7.2,"3GB","4C",0,"HR",,6,-1.1,554
"SQ67176 051",9.1,"5GG","5A",0,"CR",,4,-0.5,400
"SQ74971 011",6.4,"5GG","5A",0,"HR",,7,-2.8,647
"SQ73856 011",4.1,"3GB","5A",0,"HR",,7,-1.8,715
"SQ55262 031",13.4,"3GB","5A",0,"HR",,12,7.8,401
"SQ49556 561",10.5,"3GB","5A",0,"HR",,10,-2.6,485
"SQ60130 031",2.8,"3GB","5A",1,"HR",,2,-5.3,353
"SQ55771 021",3.2,"5GG","4C",0,"HR",,12,-0.7,575
"SQ58994 531",8.6,"5GG","5A",0,"HGI","F",2,-3.7,409
"SQ62297 021",10,"3GB","5A",0,"PO","D",3,-0.2,390
"SQ50352 021",12.3,"5GG","5A",0,"HGI","B",10,-5.2,337
"SQ60046 011",11.1,"5GG","4C",0,"HR","B",2,1.6,375
"SQ62889 531",11.6,"5GG","5A",0,"HR","D",3,-3.7,515
"SQ70123 071",3,"3GB","5A",1,"HR","B",6,-8.7,354
"SQ52516 041",7.1,"5GG","4C",0,"HR","D",11,-0.7,532
"SQ50949 531",7.3,"3GB","4C",0,"HR",,10,-2.6,663
"SQ69063 011",19.4,"5GG","5A",0,"HR",,5,5.1,354
"SQ49503 531",5.5,"3GB","4C",0,"HR","D",10,-8.3,694
"SQ73961 041",7,"5GG","5A",0,"HR",,7,3.2,512
"SQ61065 521",8.1,"5GG","5A",0,"FH",,2,2.4,472
"SQ58959 581",8.5,"3GB","4C",0,"GI","F",2,1.8,517
"SQ49416 031",10.2,"3GB","5A",0,"HR",,10,0.1,543
"SQ70159 511",12.3,"3GB","4C",0,"CR",,6,3.8,398
"SQ74062 541",5.8,"5GG","5A",0,"HGI","F",7,-2.2,458
"SQ62206 021",8.9,"5GG","4C",0,"BP",,3,-3,392
"SQ77174 041",3.9,"5GG","5A",0,"HGI","B",8,0.2,583
"SQ75062 531",6.8,"5GG","4C",0,"HR","B",7,-5.5,588
"SQ78251 051",2.3,"3GB","4C",1,"HR",,8,-5.5,388
"SQ72313 041",11,"5GG","4C",0,"CR",,6,5.9,522
"SQ78452 511",6.2,"3GB","5A",0,"HR",,9,-4.3,614
"SQ74910 051",6.1,"5GG","4C",0,"PO","B",7,-5.9,409
"SQ78184 011",11.2,"5GG","5A",0,"PosMAC","B",8,-2.4,562
"SQ60643 021",10.2,"5GG","5A",0,"HR",,2,-0.2,483
"SQ53272 541",7.2,"3GB","4C",0,"HGI","F",11,-0.9,567
"SQ59201 021",9.9,"3GB","4C",0,"HGI","F",2,-5.9,535
"SQ70975 021",7.5,"5GG","5A",0,"HR",,6,-1.6,488
"SQ49331 551",6.7,"5GG","5A",0,"HR",,10,-6.7,683
"SQ79200 561",13.5,"3GB","5A",0,"PO","F",9,5.2,406
"SQ56766 041",3.6,"3GB","5A",1,"EG","F",1,-2,400
"SQ53384 041",9.4,"3GB","5A",0,"GI","D",11,-2.5,628
"SQ61703 051",11.4,"3GB","4C",0,"HGI","F",3,1.9,450
"SQ78890 531",12.9,"5GG","5A",0,"GI","B",9,2.5,416
"SQ63695 031",7.5,"5GG","5A",0,"HR",,3,0.7,452
"SQ62419 531",14,"5GG","5A",0,"HR","D",3,1.6,528
"SQ67950 541",1.9,"5GG","5A",0,"CR",,5,-3.9,595
"SQ71566 031",4.8,"3GB","5A",0,"HR",,6,-1.8,604
"SQ58567 021",6.5,"3GB","4C",1,"GI","F",1,0.1,325
"SQ73617 031",3.8,"3GB","4C",0,"HR",,7,-5.9,615
"SQ80493 521",5.4,"5GG","5A",0,"HGI","D",9,-2.6,679
"SQ75799 521",5.7,"5GG","4C",0,"HGI","F",8,-2.1,618
"SQ60562 531",7.2,"3F1","5A",0,"PO","B",2,-2.9,539
"SQ61492 031",14.7,"3GB","5A",0,"CR",,2,4.4,499
"SQ54057 541",13.9,"5GG","4C",0,"HGI","F",12,3.6,354
"SQ52965 511",10.1,"3GB","5A",0,"HGI","F",11,-3.1,537
"SQ80486 511",4.2,"5GG","4C",0,"PO","B",9,-6.3,531
"SQ53454 021",16.2,"3GB","5A",0,"CR",,11,-1.2,307
"SQ51559 511",8,"3GB","5A",1,"GI","D",11,2.1,332
"SQ58931 011",14.5,"5GG","4C",0,"HR",,2,9.5,464
"SQ58925 011",14.3,"5GG","5A",0,"CR",,2,12.2,439
"SQ66814 031",8.4,"5GG","5A",0,"CR",,4,-6.3,504
"SQ53374 061",8.9,"5GG","4C",0,"HR",,11,0.7,510
"SQ50745 531",13,"5GG","5A",0,"HR","D",10,2.5,368
"SQ52818 511",5.9,"5GG","4C",0,"GA","B",11,-3.1,398
"SQ60414 031",4.3,"3GB","5A",1,"HR",,2,-6.6,375
"SQ64063 541",9.5,"5GG","5A",0,"CR",,3,-0.8,407
"SQ78518 041",5.4,"5GG","5A",0,"HR",,9,1.6,675
"SQ54105 021",9.7,"3GB","4C",0,"HR",,12,-1.6,493
"SQ75809 061",8,"5GG","4C",0,"CR",,8,-1.1,400
"SQ70190 041",5.8,"5GG","4C",0,"PO","B",6,-1.5,619
"SQ72720 541",4.9,"5GG","4C",0,"FH",,6,-5,568
"SQ52154 561",4.7,"5GG","5A",0,"HR",,11,-4.2,517
"SQ52195 061",18.5,"3GB","4C",0,"HR","B",11,2.8,378
"SQ60588 551",4.5,"5GG","5A",0,"HR","D",2,-1.8,638
"SQ56452 521",5.8,"3GB","4C",0,"HGI","F",1,-2.3,601
"SQ64459 531",11.2,"3GB","4C",0,"HR",,4,-0.3,491
"SQ66849 541",8.6,"5GG","5A",0,"HR","D",4,0.4,423
"SQ51968 021",4.3,"3GB","5A",0,"CR",,11,1.5,586
"SQ76822 031",8.6,"5GG","5A",0,"HR",,8,-0.1,468
"SQ52045 551",6.8,"5GG","5A",0,"GI","B",11,-3.1,569
"SQ71625 531",7.6,"5GG","5A",0,"HR","B",6,-2.2,597
"SQ81041 551",8.4,"5GG","5A",0,"GI","D",9,-0.6,563
"SQ58761 571",5.5,"5GG","5A",0,"PO","D",1,-3.3,559
"SQ71217 551",3.4,"5GG","5A",0,"CR",,6,-5.2,569
"SQ62186 041",10.5,"3GB","5A",0,"GI","B",3,-3.6,464
"SQ70448 561",12.5,"5GG","5A",0,"HR","D",6,3.1,425
"SQ53071 011",14.5,"5GG","5A",0,"HGI","F",11,7,369
"SQ65921 521",14.9,"5GG","5A",0,"CR",,4,5.7,484
"SQ54296 551",9.2,"3GB","4C",0,"FH","B",12,2.8,341
"SQ50943 521",9.6,"3GB","4C",0,"HR",,10,-0.9,517
"SQ55917 571",3.3,"3GB","4C",0,"HR","B",12,-4.1,746
"SQ67099 511",9.9,"3GB","5A",0,"HR","D",4,-0.8,549
"SQ49529 071",17.6,"5GG","5A",0,"PO","D",10,3.7,341
"SQ64704 561",13.5,"5GG","5A",0,"HGI","D",4,0.2,326
"SQ58831 561",14.1,"3GB","4C",0,"GA",,1,-5.5,310
"SQ51278 531",7.8,"5GG","5A",0,"CR",,10,-0.5,532
"SQ49771 571",7.6,"3GB","4C",0,"HGI","F",10,-5.1,569
"SQ55763 531",3.8,"5GG","4C",0,"GI","B",12,-6.7,536
"SQ72806 531",8.8,"5GG","5A",0,"CR",,7,-3,509
"SQ72818 031",6.7,"3GB","4C",0,"HR",,7,-6.2,634
"SQ79768 011",54.2,"5GG","4C",1,"HR","B",9,48.5,332
"SQ50564 071",11.6,"5GG","5A",0,"HR",,10,-1.7,393
"SQ49094 031",5.5,"5GG","5A",0,"CR","B",10,-1.5,546
"SQ52982 511",15.4,"5GG","5A",0,"HR",,11,7.7,466
"SQ50359 071",9.8,"5GG","5A",0,"HR","B",10,-1.9,504
"SQ53458 511",16,"3GB","5A",0,"CR",,11,-2.2,369
"SQ69827 011",14.9,"5GG","5A",0,"HR","F",5,3.4,303
"SQ74722 041",8.1,"3GB","5A",0,"CR",,7,-1,493
"SQ64668 561",4.8,"5GG","4C",0,"BP",,4,-4.9,507
"SQ63240 011",8.3,"5GG","4C",0,"HR",,3,-4.9,546
"SQ79743 051",8.7,"3GB","5A",0,"PO","B",9,3.2,495
"SQ53696 531",4.9,"5GG","5A",0,"CR",,12,-1,687
"SQ49423 531",8.7,"5GG","5A",0,"HR",,10,-1.6,589
"SQ57368 041",15,"5GG","5A",0,"GA",,1,2.9,355
"SQ52078 051",8.3,"3GB","4C",0,"CR",,11,-5.1,516
"SQ65157 041",13.4,"3GB","5A",0,"PO","D",4,5.1,379
"SQ71695 521",7.1,"3GB","4C",0,"GI","F",6,2.7,533
"SQ55202 511",11.1,"5GG","5A",0,"HR",,12,-2.9,539
"SQ75064 541",7,"5GG","4C",0,"CR","F",7,-6,608
"SQ81168 551",4.3,"5GG","5A",0,"HR",,9,-4.8,681
"SQ52967 551",11.9,"3GB","5A",0,"HR",,11,-0.3,511
"SQ63514 061",18.2,"5GG","4C",0,"HR","B",3,8.8,326
"SQ53809 541",8.5,"5GG","5A",0,"HGI","F",12,1.4,473
"SQ69351 551",15.7,"5GG","5A",0,"HR","D",5,6.7,527
"SQ52043 051",7.1,"5GG","5A",0,"HR",,11,-2.4,584
"SQ70524 531",9.3,"5GG","4C",0,"PO","B",6,3.2,604
"SQ55844 541",6.4,"5GG","4C",0,"HGI","F",12,-2.4,501
"SQ53043 011",15.9,"5GG","5A",0,"HR","D",11,3.3,478
"SQ58580 051",7.9,"5GG","5A",0,"HR",,1,-0.1,467
"SQ78784 521",7.2,"5GG","5A",0,"HGI","F",9,-3.8,668
"SQ70794 511",11.5,"5GG","4C",0,"HR",,6,3.4,401
"SQ77125 021",4.8,"5GG","4C",0,"HR","D",8,-7.5,526
"SQ66628 041",8.7,"3GB","5A",0,"HR",,4,-6.8,584
"SQ52107 031",5.5,"5GG","5A",0,"HR",,11,-6.9,567
"SQ78768 071",14,"3GB","5A",0,"PO","F",9,-0.2,328
"SQ74428 581",4.3,"5GG","5A",0,"PO","B",7,-1,661
"SQ58420 541",4.6,"5GG","5A",0,"CR",,1,-1.7,505
"SQ78352 521",13.3,"3GB","5A",0,"CR","B",9,6.3,464
"SQ78897 551",10.7,"5GG","5A",0,"GI","B",9,0.2,448
"SQ70977 521",7,"3GB","5A",0,"HR",,6,-2.3,643
"SQ61690 521",6.4,"5GG","5A",0,"HGI","F",3,-7.3,595
"SQ71203 541",5.7,"5GG","5A",0,"HR",,6,-2,643
"SQ60685 561",18.7,"5GG","5A",0,"HR",,2,6.6,393
"SQ68479 031",18,"5GG","5A",0,"FH","B",5,11.3,422
"SQ61329 051",6.4,"5GG","5A",0,"CR",,2,-7.3,574
"SQ53172 541",9.8,"5GG","5A",0,"GI",,11,3.4,556
"SQ78414 031",9.1,"3GB","4C",0,"HR","D",9,1.8,600
"SQ57298 551",8.5,"5GG","4C",0,"GA","D",1,2.8,465
"SQ56455 021",17,"5GG","5A",0,"CR",,1,4.7,410
"SQ66792 511",9.7,"5GG","4C",0,"HR",,4,-3.7,361
"SQ68130 541",9,"3GB","5A",0,"HR",,5,-0.9,455
"SQ78348 521",9.2,"5GG","4C",0,"HR","F",9,4.1,632
"SQ78238 521",7.7,"5GG","5A",0,"CR",,8,-1.2,651
"SQ53331 541",5.6,"5GG","5A",0,"CR",,11,-0.7,481
"SQ65104 041",5.5,"3GB","5A",0,"CR",,4,-1.9,683
"SQ49556 521",10.7,"3GB","5A",0,"HR",,10,-2.2,399
"SQ56179 051",4.1,"3GB","5A",0,"HR",,1,-3.5,506
"SQ56211 551",4.2,"3GB","5A",0,"HGI","F",1,-4.6,681
"SQ74337 041",5.1,"3GB","5A",0,"BP",,7,-1.3,463
"SQ56199 561",5.1,"3GB","5A",0,"HGI","F",1,-2,537
"SQ61319 561",8.1,"5GG","5A",0,"CR",,2,-6.1,580
"SQ77926 011",4.2,"5GG","4C",0,"GI",,8,-4.5,713
"SQ56822 511",6.3,"3GB","4C",0,"CR",,1,-4.9,602
"SQ68889 051",2.7,"3GB","5A",0,"HR","D",5,-4.5,621
"SQ75438 521",9,"5GG","5A",0,"CR",,7,-1.5,554
"SQ79949 021",2.1,"3GB","5A",1,"HR",,9,-6.1,383
"SQ71531 511",5,"3GB","4C",1,"HR",,6,-2.3,345
"SQ56873 041",9.8,"3GB","5A",0,"HR",,1,-0.5,394
"SQ52660 021",11.5,"3GB","4C",0,"HR",,11,1.4,338
"SQ66069 011",12.3,"3GB","5A",0,"FH",,4,6.4,572
"SQ73283 561",11.4,"5GG","5A",0,"HR",,7,-0.4,520
"SQ65192 011",12.4,"5GG","4C",0,"PO","F",4,5.7,522
"SQ65762 521",13.7,"5GG","4C",0,"HR",,4,0.8,484
"SQ63526 041",14.9,"3GB","5A",0,"PO","D",3,10.2,426
"SQ57773 061",8.1,"5GG","4C",0,"HR","F",1,-6.5,454
"SQ49210 551",12.5,"5GG","5A",0,"GA",,10,0.4,505
"SQ55549 551",7.4,"5GG","4C",0,"CR",,12,4.6,349
"SQ79140 011",5.2,"5GG","5A",0,"HR",,9,-5.1,660
"SQ71498 031",4.9,"5GG","5A",0,"HR",,6,-6.5,694
"SQ51737 031",15.3,"5GG","4C",0,"HGI","F",11,0.5,399
"SQ77968 511",10,"5GG","4C",0,"HGI","F",8,4.1,335
"SQ79899 051",9.2,"3GB","5A",1,"HR",,9,-1.2,342
"SQ71315 021",3.5,"3GB","5A",0,"GA",,6,-4.7,639
"SQ72899 541",4.5,"5GG","4C",0,"PO","D",7,-2.7,684
"SQ63917 521",17.2,"5GG","5A",0,"HR","D",3,-1.5,349
"SQ67778 541",11.3,"5GG","5A",0,"HR",,5,-2.2,480
"SQ51872 031",16.5,"5GG","4C",0,"HR",,11,6.1,375
"SQ68291 561",21,"5GG","4C",0,"HR",,5,11.9,357
"SQ74221 511",6.2,"3GB","5A",0,"HR",,7,-3.4,619
"SQ52148 041",5.6,"3GB","5A",0,"HR",,11,-6.3,648
"SQ57768 051",8.7,"3GB","4C",0,"HR","D",1,-4.8,502
"SQ66892 041",3.7,"5GG","5A",0,"HR",,4,-3.2,716
"SQ53205 521",8.1,"5GG","4C",0,"PO","G",11,-2,490
"SQ64806 031",5.2,"5GG","4C",0,"HGI","F",4,-1.2,613
"SQ73629 031",6.5,"3GB","5A",0,"CR",,7,-1.3,582
"SQ79644 041",12.1,"5GG","5A",0,"CR",,9,1.3,458
"SQ78148 571",12.1,"5GG","4C",0,"HR","D",8,7.9,381
"SQ67205 041",4.8,"3GB","5A",0,"HR","D",4,-4.3,622
"SQ68898 061",13.1,"3GB","4C",0,"HR","D",5,-0.9,422
"SQ57741 521",6,"3GB","5A",0,"HR",,1,-5.7,643
"SQ63486 041",13.7,"5GG","5A",0,"FH","B",3,11.1,342
"SQ56907 531",5.9,"3GB","4C",0,"HGI","F",1,-1.7,537
"SQ53037 551",15.9,"3GB","5A",0,"HR",,11,1.9,427
"SQ52383 541",11.1,"3GB","5A",0,"HR","B",11,0.2,480
"SQ74072 061",5.7,"5GG","5A",0,"HR","D",7,1,724
"SQ70859 541",6.6,"5GG","5A",0,"CR",,6,0.3,625
"SQ51387 021",13.2,"5GG","4C",0,"HGI","D",10,0.6,535
"SQ71906 041",12,"5GG","5A",0,"PO","F",6,4.9,525
"SQ70040 551",6.8,"3GB","5A",0,"PO","F",5,-4.3,599
"SQ50270 051",4.8,"5GG","5A",0,"HR","D",10,-8.5,627
"SQ65246 521",4.3,"3GB","5A",0,"PO","B",4,1,649
"SQ79214 541",8.7,"5GG","5A",0,"PO","F",9,-1.4,483
"SQ74007 531",7.6,"5GG","5A",0,"HR","B",7,-3.1,458
"SQ70360 511",5.7,"5GG","4C",0,"HR",,6,1.2,542
"SQ65949 531",12,"3GB","4C",0,"GI",,4,2.5,368
"SQ60341 521",10.7,"3GB","4C",0,"GI","B",2,6.6,422
"SQ73673 521",6.6,"3GB","5A",0,"CR",,7,-4.1,586
"SQ65397 511",4.1,"5GG","4C",0,"FH","F",4,-4.6,727
"SQ71037 541",8.1,"3GB","5A",1,"GI","F",6,0.2,323
"SQ53796 511",5.3,"5GG","4C",0,"HGI","F",12,-0.9,615
"SQ71301 561",5.3,"5GG","5A",0,"GI",,6,-3.8,476
"SQ70862 041",4.4,"5GG","5A",0,"HR",,6,-0.4,611
"SQ57887 031",9.6,"3GB","4C",0,"HR","F",1,-1,477
"SQ67713 551",7.9,"3GB","4C",0,"BP",,5,-4.3,555
"SQ52590 511",5,"3GB","4C",0,"HR",,11,-1.3,615
"SQ75405 011",14.3,"5GG","5A",1,"HR","D",7,1.8,342
"SQ80909 531",7.4,"5GG","4C",0,"GI","B",9,-4.5,562
"SQ70834 551",9.5,"5GG","5A",0,"HR","B",6,0.6,390
"SQ69999 521",6.8,"3GB","5A",1,"GI","F",5,-0.9,329
"SQ54240 031",5.5,"5GG","5A",0,"PO","D",12,-3,491
"SQ59691 551",13.8,"5GG","4C",0,"HGI","D",2,6.5,453
"SQ53873 051",9.2,"5GG","5A",0,"HR","D",12,-1.4,406
"SQ69636 021",8.1,"3GB","4C",1,"CR",,5,-2.6,302
"SQ63232 521",6.4,"5GG","4C",0,"HR","D",3,-5.8,549
"SQ67059 011",9.6,"5GG","5A",0,"HR","D",4,-5,642
"SQ65139 011",8.8,"5GG","4C",0,"HGI","F",4,-1.6,520
"SQ49773 521",5.9,"3GB","5A",1,"CR",,10,-6.6,375
"SQ60597 551",11.3,"5GG","5A",0,"FH",,2,1.6,327
"SQ57076 021",8.9,"5GG","5A",0,"HR","F",1,1.4,434
"SQ80235 011",11.9,"3GB","5A",0,"CR",,9,0.1,407
"SQ69254 541",5.9,"5GG","5A",0,"GI",,5,-5,562
"SQ52416 021",13,"5GG","4C",0,"HR","D",11,-2.3,430
"SQ51891 511",12.1,"5GG","4C",0,"HR","B",11,0.9,379
"SQ75748 531",7.6,"5GG","5A",0,"HR",,8,2.3,572
"SQ55257 051",6.8,"5GG","5A",0,"HR",,12,-6.4,479
"SQ71059 051",12.8,"3GB","5A",0,"HR","B",6,2.3,371
"SQ79543 031",8.3,"5GG","5A",0,"CR",,9,-4.6,512
"SQ70529 021",8.9,"5GG","4C",0,"PO","B",6,2.7,408
"SQ74008 511",5.5,"5GG","5A",0,"CR",,7,-3.2,630
"SQ54186 041",9.4,"3GB","4C",0,"GI",,12,-1,439
"SQ76023 541",1,"3GB","4C",0,"BP",,8,-5.4,742
"SQ64846 041",6.2,"5GG","5A",0,"GI","B",4,-3.4,566
"SQ56022 021",7.9,"5GG","5A",0,"FH",,12,-7.1,426
"SQ56158 561",3.8,"5GG","5A",0,"HR","D",1,-3.2,507
"SQ78523 081",3.6,"5GG","5A",0,"HR",,9,-0.8,603
"SQ49771 551",7.2,"3GB","4C",0,"HGI","F",10,-4.9,474
"SQ51770 051",9,"3GB","4C",0,"CR",,11,-4.9,344
"SQ76572 031",29.6,"5GG","4C",0,"CR",,8,21,322
"SQ64634 511",16.1,"5GG","4C",0,"PO","D",4,6.4,362
"SQ75075 511",14,"5GG","5A",0,"HGI","F",7,3.6,363
"SQ68014 511",10.6,"5GG","5A",0,"HR",,5,-2.4,382
"SQ66669 521",7.1,"5GG","5A",0,"CR","B",4,-2.7,526
"SQ64262 011",14.8,"5GG","4C",0,"FH",,3,0.5,434
"SQ55766 021",13.8,"5GG","5A",0,"HR",,12,10.1,407
"SQ73471 541",5.7,"5GG","5A",0,"CR",,7,-4.1,637
"SQ74284 071",3.7,"5GG","5A",0,"HR",,7,-4,573
"SQ54775 571",14.1,"3GB","5A",0,"HR",,12,-2.4,463
"SQ68342 531",8.1,"5GG","4C",0,"CR","F",5,0.1,368
"SQ50333 031",7.3,"5GG","5A",0,"CR",,10,-0.5,530
"SQ78950 021",9.5,"5GG","4C",0,"CR",,9,-1.8,575
"SQ73418 541",5.7,"5GG","5A",0,"CR",,7,-7.2,491
"SQ59872 061",15.7,"5GG","4C",0,"HGI","D",2,10.2,409
"SQ75451 521",6,"5GG","5A",0,"BP",,7,-5,473
"SQ51659 021",14.3,"5GG","5A",0,"HR",,11,4,412
"SQ73775 021",2.4,"3GB","4C",0,"HGI","D",7,-2.8,765
"SQ72635 031",7.1,"3GB","5A",0,"HR","D",6,-5.5,693
"SQ80173 051",5.2,"3GB","5A",0,"HR",,9,-3.7,528
"SQ64338 061",8.7,"3GB","5A",0,"HGI","D",3,-2.3,417
"SQ74479 541",7.1,"3GB","4C",0,"HR",,7,0.1,523
"SQ54122 011",15.3,"5GG","5A",0,"HR","B",12,4.9,336
"SQ73610 511",4.9,"3GB","4C",0,"HR",,7,-5.7,627
"SQ53454 061",15.7,"3GB","5A",0,"CR",,11,-5.5,391
"SQ51317 551",3.5,"3GB","5A",1,"GI","F",10,-3.2,473
"SQ68805 511",6.2,"5GG","5A",0,"HR",,5,-3.2,500
"SQ53619 541",7.6,"5GG","5A",0,"HR",,12,-1.2,533
"SQ56808 541",8.2,"5GG","5A",0,"HGI","F",1,-2.1,533
"SQ72480 531",11.4,"5GG","4C",0,"CR","B",6,-3.4,472
"SQ71280 041",10.8,"5GG","5A",0,"HR","D",6,0.7,491
"SQ52367 531",3.5,"5GG","4C",0,"PO","D",11,-7.1,605
"SQ78805 571",9.2,"5GG","5A",0,"HR",,9,-4.7,341
"SQ60474 511",13,"5GG","5A",0,"HGI","F",2,1.3,435
"SQ75001 551",5.5,"5GG","4C",0,"FH",,7,0.6,524
"SQ51133 041",4.6,"3GB","4C",0,"HR",,10,-1.8,538
"SQ70761 561",4.6,"3GB","5A",1,"HR",,6,0.4,574
"SQ79647 061",11.1,"5GG","5A",0,"CR",,9,0.5,413
"SQ55716 521",12.1,"3GB","5A",0,"GI","B",12,-0.5,396
"SQ76463 021",6.5,"3GB","4C",0,"GI","D",8,-1,564
"SQ49330 041",11.4,"5GG","5A",0,"HR","B",10,-2.5,461
"SQ78158 031",9.6,"5GG","4C",0,"HR","D",8,3.7,588
"SQ66908 041",13.7,"5GG","5A",0,"HR","F",4,0.8,433
"SQ67063 551",4.2,"3GB","5A",0,"HR","F",4,-6.5,680
"SQ59915 031",8.1,"5GG","5A",0,"CR","B",2,0.1,512
"SQ53174 531",9.1,"5GG","5A",0,"HGI","F",11,3,388
"SQ51135 551",2.9,"3GB","4C",0,"CR",,10,-5,566
"SQ74713 011",10.7,"5GG","5A",0,"GA",,7,2.2,465
"SQ72146 561",3.6,"3GB","5A",0,"HR",,6,-6.7,438
"SQ70272 551",10.1,"5GG","5A",0,"PO","B",6,-0.3,608
"SQ76786 521",4.8,"3GB","5A",0,"CR",,8,-5.9,629
"SQ55829 521",9.5,"3GB","4C",0,"HGI","F",12,2.1,361
"SQ75934 521",1.7,"3GB","5A",0,"HGI","F",8,-3.9,708
"SQ71132 541",4.8,"3GB","5A",0,"CR",,6,-4,707
"SQ53564 031",9,"3GB","4C",0,"GI","D",11,4,583
"SQ59457 531",7.9,"5GG","5A",0,"HGI","F",2,1.3,569
"SQ52161 521",8.6,"5GG","4C",0,"CR",,11,-1.4,426
"SQ78442 051",6.4,"5GG","5A",0,"HR","D",9,-1.4,657
"SQ73668 541",8.3,"3GB","4C",0,"GA",,7,-2.1,500
"SQ72491 011",9.5,"5GG","5A",0,"PosMAC","B",6,-4,401
"SQ62909 021",16,"3GB","4C",0,"PO","F",3,6.1,352
"SQ59783 011",22.2,"5GG","5A",0,"HR","B",2,9.2,310
"SQ53945 021",13.6,"5GG","5A",0,"GI","B",12,1.8,430
"SQ72638 511",6.8,"5GG","5A",0,"HR","D",6,-5.9,561
"SQ49566 021",16.5,"3GB","5A",0,"PO","B",10,5.4,409
"SQ58054 021",3,"3GB","4C",0,"HR",,1,-11.5,637
"SQ79672 511",7.7,"3GB","5A",0,"HGI","F",9,-4.8,443
"SQ57823 041",8.5,"5GG","4C",0,"HR",,1,-5.5,486
"SQ66781 071",15.5,"5GG","5A",0,"BP",,4,1.3,357
"SQ54149 051",15.2,"5GG","5A",0,"CR",,12,2.6,365
"SQ52347 561",5.6,"3GB","5A",0,"HR","F",11,-1.2,488
"SQ73779 031",2.7,"3GB","5A",0,"BP",,7,0.2,740
"SQ81097 011",14.3,"3GB","5A",0,"HR",,9,9.9,483
"SQ61549 521",4.3,"5GG","5A",0,"HGI","F",2,-3.5,650
"SQ49520 051",10.7,"5GG","5A",0,"PO","B",10,1.4,530
"SQ76352 541",5.4,"3GB","4C",0,"CR",,8,-3.8,602
"SQ77128 521",4.5,"5GG","4C",0,"HGI","D",8,-8.1,678
"SQ69198 511",9.5,"3GB","5A",0,"PO","B",5,-4.1,368
"SQ54631 031",14.1,"3GB","5A",0,"HR","F",12,1.2,398
"SQ77694 511",7.1,"5GG","5A",0,"CR",,8,-2.5,560
"SQ63985 511",12.7,"5GG","4C",0,"HR",,3,-3,483
"SQ75824 031",5.8,"3GB","4C",0,"CR",,8,-4.6,583
"SQ71739 041",5.6,"3GB","4C",0,"PO","B",6,-6.6,619
"SQ50820 511",11.7,"5GG","4C",0,"HR",,10,-1,384
"SQ65070 051",11.8,"5GG","5A",0,"CR",,4,-3.4,583
"SQ56926 531",8.3,"5GG","5A",0,"PO","B",1,-2.3,493
"SQ78251 551",2.1,"3GB","4C",1,"HR",,8,-5.6,424
"SQ62142 531",13.4,"5GG","5A",0,"HR","D",3,2.9,549
"SQ49998 521",12.8,"5GG","5A",0,"GI",,10,1.1,406
"SQ53998 541",9.9,"5GG","5A",0,"HR","D",12,-1.5,395
"SQ52176 011",15.9,"3GB","4C",0,"PO","G",11,9.8,339
"SQ58385 021",7.4,"5GG","4C",0,"GA",,1,4.1,500
"SQ73249 041",8.1,"5GG","5A",0,"HR","D",7,-2.7,565
"SQ55767 021",16,"5GG","5A",0,"GA","B",12,13.5,516
"SQ65044 521",6.5,"5GG","5A",0,"HR","D",4,-5.5,617
"SQ58038 521",4.8,"3GB","4C",0,"CR",,1,-6.6,529
"SQ71694 051",6.2,"3GB","4C",0,"GI","F",6,2.9,422
"SQ75673 561",5.4,"3GB","4C",0,"HR","D",8,-5.8,614
"SQ54327 011",12.2,"3GB","4C",0,"HGI","F",12,-1.5,351
"SQ55804 051",6.4,"5GG","4C",0,"HGI","D",12,1.7,613
"SQ67093 061",11.9,"5GG","5A",0,"HR",,4,0.4,438
"SQ71371 051",8.9,"3GB","5A",0,"HR",,6,1.8,469
"SQ70562 031",8.8,"3GB","5A",0,"CR",,6,0.8,387
"SQ57428 041",13.2,"5GG","5A",0,"PO","D",1,7,474
"SQ64067 561",4.6,"5GG","4C",0,"HR",,3,-1.8,555
"SQ72398 051",9.1,"5GG","5A",0,"HR",,6,-1.2,497
"SQ49421 551",9.6,"5GG","5A",0,"HR",,10,-1.4,524
"SQ65192 561",9.8,"3GB","4C",0,"PO","D",4,0.6,551
"SQ58770 561",9.4,"3GB","4C",0,"HR",,1,3.4,498
"SQ72588 031",7,"3GB","5A",1,"CR",,6,-2.1,412
"SQ80839 011",5.6,"3GB","4C",0,"PO","F",9,-7.4,611
"SQ53511 051",8.1,"5GG","4C",0,"HR",,11,-5.9,603
"SQ75810 531",3.4,"3GB","5A",1,"GI","D",8,-3.4,399
"SQ52801 511",7,"5GG","5A",0,"HGI","D",11,-4,646
"SQ52494 581",4,"3GB","4C",0,"HR",,11,-0.9,689
"SQ76840 061",9.8,"3GB","5A",0,"BP",,8,1.3,357
"SQ50538 521",12.1,"5GG","5A",0,"HR","B",10,-2.2,472
"SQ80504 541",7.5,"5GG","5A",0,"HR",,9,0.9,603
"SQ74349 021",9.5,"3GB","4C",0,"HR","D",7,4.6,519
"SQ59406 541",10.3,"5GG","5A",1,"HR",,2,3.8,503
"SQ53172 021",8.1,"3GB","5A",0,"GI",,11,-4.3,514
"SQ56941 021",10.6,"5GG","5A",0,"HR","D",1,-1.9,470
"SQ78475 031",8,"3GB","5A",0,"GI",,9,-0.5,644
"SQ50860 511",8.3,"3GB","4C",0,"HR",,10,-0.8,552
"SQ65427 531",6.3,"3GB","5A",1,"HR",,4,0.8,351
"SQ79676 041",8.1,"3GB","5A",0,"HGI","F",9,-5.6,510
"SQ58313 521",8,"3GB","4C",0,"HR",,1,1,599
"SQ50482 541",16.9,"5GG","5A",0,"HR","B",10,-1.4,338
"SQ52172 031",15.8,"5GG","5A",0,"CR",,11,1.3,341
"SQ80848 041",4.7,"5GG","5A",0,"CR",,9,-8.2,562
"SQ73911 041",6.8,"5GG","5A",0,"HR","D",7,0.6,372
"SQ66106 571",4.6,"5GG","4C",0,"CR",,4,-3.7,607
"SQ64705 031",8,"3GB","5A",0,"CR",,4,0.5,388
"SQ49325 041",9.7,"5GG","5A",0,"HR","D",10,-1.6,521
"SQ66540 531",8.2,"3GB","5A",1,"HR","B",4,-1.2,313
"SQ70506 551",5.4,"3GB","4C",0,"CR",,6,1.5,529
"SQ63303 011",4.4,"3GB","5A",1,"HR",,3,-8.7,388
"SQ54806 011",10.6,"5GG","5A",0,"HR",,12,3.8,397
"SQ65773 031",12.1,"3GB","4C",0,"HR","D",4,1.2,449
"SQ69489 081",9.8,"5GG","4C",0,"CR",,5,-1.1,473
"SQ60123 551",11.6,"5GG","5A",0,"HGI","F",2,0.1,376
"SQ71371 061",8.7,"3GB","5A",0,"HR",,6,1.7,508
"SQ75276 541",7.1,"3GB","5A",0,"HR",,7,-3.7,547
"SQ55804 531",6.8,"5GG","4C",0,"HGI","D",12,2.1,625
"SQ56542 531",7.4,"5GG","5A",0,"HR","B",1,-0.7,398
"SQ67782 021",10.8,"5GG","5A",0,"HR","D",5,-3,430
"SQ58047 021",6.6,"3GB","4C",0,"HR",,1,1.3,505
"SQ56011 551",7.6,"5GG","5A",0,"HGI","F",12,-6.3,510
"SQ54600 511",12.7,"3GB","5A",0,"HR",,12,4,467
"SQ71030 511",7.7,"3GB","5A",1,"HR","F",6,1.2,391
"SQ76826 511",8.1,"3GB","5A",0,"HR",,8,-1.2,641
"SQ61663 031",9.5,"3GB","5A",0,"HGI","F",3,-0.6,602
"SQ50350 021",11.9,"5GG","5A",0,"GA",,10,-4.7,379
"SQ51975 021",17.5,"5GG","5A",0,"HR",,11,12.1,451
"SQ61650 031",5.5,"5GG","5A",0,"HGI","F",3,-5.1,566
"SQ57990 541",11.1,"3GB","4C",0,"HGI","D",1,0.8,525
"SQ73292 021",8.1,"5GG","5A",0,"HGI","D",7,-2,575
"SQ55841 541",8.6,"3GB","4C",0,"CR",,12,2.7,360
"SQ61494 021",5.3,"3GB","4C",0,"HR","B",2,-4.6,622
"SQ66106 551",3.8,"5GG","4C",0,"HR","F",4,-3.5,583
"SQ69179 051",10.4,"3GB","5A",0,"PO","B",5,-2.2,505
"SQ52216 061",5.3,"3GB","4C",0,"PO","G",11,-4,530
"SQ77114 521",6.1,"3GB","4C",0,"GI",,8,-4.9,614
"SQ73953 541",7.1,"3GB","4C",0,"CR",,7,1.5,517
"SQ61340 541",16.9,"5GG","5A",0,"CR",,2,11.2,443
"SQ61663 521",9,"3GB","5A",0,"HGI","F",3,-0.5,457
"SQ49501 541",5.2,"3GB","4C",0,"HR",,10,-7.8,670
"SQ60312 011",8.3,"5GG","4C",0,"BP",,2,-2.2,458
"SQ58536 061",16,"5GG","5A",0,"HGI","D",1,7.2,416
"SQ50080 511",10.6,"5GG","4C",0,"HR","D",10,2.7,395
"SQ78059 541",3.5,"3GB","5A",0,"CR",,8,-5.4,728
"SQ53484 521",15.5,"3GB","5A",0,"GI","B",11,0.9,384
"SQ65574 021",11,"5GG","5A",0,"HGI","F",4,0.6,546
"SQ61650 061",5.4,"5GG","5A",0,"HGI","D",3,-5.4,469
"SQ78217 071",8.8,"3GB","5A",0,"BP",,8,1.4,485
"SQ51172 041",10.7,"5GG","4C",0,"HR",,10,1.3,512
"SQ80719 541",2.8,"3GB","5A",1,"GA","F",9,-3.8,403
"SQ55357 511",9.7,"5GG","5A",0,"HR",,12,-1.7,577
"SQ56436 531",16,"5GG","5A",0,"HGI","D",1,1.6,440
"SQ70725 031",5.3,"5GG","5A",1,"HR",,6,-0.5,469
"SQ58719 521",10.5,"3GB","4C",0,"HR",,1,2.7,428
"SQ77177 041",9.7,"3GB","4C",0,"GA",,8,0.1,408
"SQ65032 041",6.7,"5GG","4C",0,"CR",,4,-2.5,447
"SQ67652 511",12.6,"3GB","5A",0,"HR",,5,-0.8,366
"SQ65942 021",8.8,"5GG","5A",0,"CR",,4,0,584
"SQ50266 551",5.4,"3GB","5A",0,"HR","D",10,-6.8,637
"SQ53195 601",9.2,"5GG","4C",0,"PO","G",11,1.1,349
"SQ58350 021",2.7,"3GB","4C",0,"HGI","F",1,-5.1,579
"SQ68787 511",9.1,"3GB","5A",0,"CR",,5,1.3,493
"SQ54374 041",3.9,"3GB","5A",1,"PO","F",12,-6.5,318
"SQ78255 041",11.5,"5GG","4C",0,"CR",,8,4.7,386
"SQ53745 041",7.6,"5GG","5A",0,"HR","F",12,-2.2,674
"SQ55439 531",12,"5GG","5A",0,"HGI","D",12,-2.1,370
"SQ52442 541",14.6,"3GB","4C",0,"HR",,11,3.3,370
"SQ66988 051",3.9,"3GB","5A",0,"FH","B",4,-8.8,619
"SQ74959 041",5.5,"3GB","5A",1,"FH",,7,-1.3,316
"SQ54107 551",9.1,"3GB","4C",0,"HR",,12,-2.5,461
"SQ52845 021",2.1,"3GB","5A",1,"EG","F",11,-7.3,341
"SQ62859 551",9.3,"3GB","4C",0,"CR",,3,-0.6,528
"SQ53779 561",4.8,"5GG","4C",0,"PO","G",12,-1.6,510
"SQ76235 011",2.7,"5GG","5A",0,"HR",,8,-6.9,817
"SQ57984 031",12.2,"5GG","4C",0,"CR",,1,0.7,455
"SQ63713 031",6,"5GG","5A",0,"HR",,3,-2.7,492
"SQ49637 531",5.3,"3GB","5A",0,"CR",,10,-7.9,552
"SQ55852 031",7.4,"3GB","5A",0,"HR",,12,-0.3,585
"SQ73876 551",8.6,"5GG","5A",0,"PO","D",7,1.6,497
"SQ71289 021",9.3,"5GG","5A",0,"HR",,6,-1.1,461
"SQ59047 051",14.2,"5GG","5A",0,"PO","B",2,-0.7,324
"SQ65824 031",4.7,"5GG","5A",0,"CR",,4,-4.1,652
"SQ52437 041",16.3,"3GB","4C",0,"GI",,11,5.8,383
"SQ51045 051",4.6,"5GG","4C",0,"GI",,10,-4.7,625
"SQ52675 011",11.4,"3GB","4C",0,"CR",,11,-0.8,404
"SQ61537 021",13.2,"5GG","5A",0,"HR","B",2,7.2,554
"SQ54147 061",16,"5GG","5A",0,"CR",,12,3.2,375
"SQ64868 041",14.8,"3GB","5A",0,"HGI","B",4,1.3,414
"SQ60434 031",18.2,"5GG","5A",0,"HR",,2,4.9,384
"SQ72961 071",1.1,"3GB","5A",0,"BP",,7,-5.5,767
"SQ56751 021",13,"5GG","4C",0,"CR",,1,3.6,416
"SQ79291 031",10.6,"5GG","5A",0,"HR",,9,-0.7,461
"SQ72543 051",7.6,"3GB","5A",0,"HR",,6,-1.3,525
"SQ50825 511",5.3,"5GG","5A",0,"HGI","F",10,-3.3,489
"SQ59769 541",16.1,"3GB","4C",0,"HGI","F",2,3.8,375
"SQ70778 011",4.7,"5GG","5A",0,"HR","F",6,-2.3,632
"SQ64725 531",12.7,"5GG","5A",0,"PO","B",4,-2.1,352
"SQ72873 561",3.8,"3GB","4C",0,"CR",,7,-5,445
"SQ72657 031",13.1,"3GB","4C",0,"GI",,6,2.5,422
"SQ65314 051",11,"3GB","4C",1,"HR",,4,3.1,357
"SQ65486 011",7.1,"5GG","5A",0,"PO","B",4,-1.3,549
"SQ56331 031",0.8,"3GB","4C",1,"GI","F",1,-2.7,512
"SQ50727 521",10.4,"3GB","5A",0,"HR","F",10,0.2,563
"SQ70114 541",4.2,"5GG","5A",0,"HR",,6,-7.8,636
"SQ61252 551",13.3,"5GG","5A",0,"HGI","F",2,-2.1,468
"SQ78356 011",8,"3GB","4C",0,"CR",,9,1.7,501
"SQ76830 511",8.1,"5GG","5A",0,"HR",,8,-2.6,510
"SQ70393 551",2.8,"3GB","5A",0,"HR","B",6,-8,598
"SQ49513 031",12.4,"5GG","4C",0,"HR",,10,3.4,531
"SQ57397 031",8.4,"3GB","5A",0,"HGI","F",1,-3.9,578
"SQ71592 551",4.4,"3GB","4C",0,"HR","B",6,-6.9,770
"SQ77563 541",10.5,"3GB","4C",0,"HR",,8,-4,496
"SQ68611 031",5.6,"5GG","4C",0,"HR",,5,-4.8,581
"SQ80498 041",15.8,"5GG","5A",0,"HR","D",9,7,356
"SQ70593 511",11.3,"5GG","4C",0,"PO","G",6,2.3,420
"SQ52813 541",6.5,"3GB","4C",0,"HR","B",11,-2.2,477
"SQ74564 011",2,"3GB","5A",0,"PO","D",7,-6.5,781
"SQ78805 051",11.1,"5GG","5A",0,"HR",,9,2.6,480
"SQ67328 531",10.9,"3GB","5A",0,"GI","B",5,2.6,478
"SQ69374 041",10.8,"3GB","5A",0,"HR","F",5,2.6,395
"SQ73413 521",11.7,"5GG","4C",0,"GA",,7,-0.4,392
"SQ56964 051",9.9,"5GG","5A",0,"HR","D",1,-1.7,477
"SQ64841 511",16.4,"5GG","4C",0,"HGI","D",4,8.3,402
"SQ52758 551",5.6,"3GB","4C",0,"GI","B",11,-0.1,625
"SQ52168 011",8.4,"3GB","5A",0,"CR",,11,-3.4,551
"SQ71970 541",15.5,"5GG","5A",0,"HR",,6,3.9,553
"SQ67658 551",10.7,"3GB","5A",0,"HR",,5,-2.6,310
"SQ77752 521",2.6,"5GG","5A",0,"HGI","F",8,-8.6,787
"SQ70972 021",6.9,"5GG","4C",0,"HR",,6,-7.7,682
"SQ53507 041",10,"5GG","4C",0,"HR",,11,-4.1,515
"SQ58074 571",7.5,"3GB","4C",0,"HGI","F",1,0.1,530
"SQ49127 051",36,"3GB","5A",0,"HGI","D",10,24.4,330
"SQ70223 051",4.4,"5GG","4C",0,"PO","D",6,-10.4,699
"SQ67638 031",7.9,"3GB","5A",0,"HR",,5,-3,402
"SQ64930 541",10.3,"5GG","5A",0,"CR","B",4,-2.3,525
"SQ52982 051",15.6,"5GG","5A",0,"HR",,11,7.4,413
"SQ67645 051",7.7,"5GG","5A",0,"HR",,5,-4.6,461
"SQ77561 531",8.5,"5GG","4C",0,"HR",,8,-3.2,477
"SQ72951 021",2.5,"5GG","4C",0,"PosMAC",,7,-2.6,582
"SQ77359 061",9.8,"5GG","5A",0,"HGI","F",8,-0.7,627
"SQ53203 571",8.4,"5GG","4C",0,"PO","G",11,-1.7,533
"SQ78572 521",6.5,"5GG","5A",0,"CR",,9,1.2,679
"SQ53802 021",4.9,"5GG","5A",0,"HGI","F",12,-3,585
"SQ75394 031",5.4,"5GG","5A",0,"CR",,7,-7,577
"SQ70938 531",14.7,"5GG","4C",0,"HR",,6,-2.9,438
"SQ53861 521",12.1,"3GB","5A",0,"HGI","F",12,2.4,426
"SQ66155 041",5.7,"3GB","5A",0,"HR","F",4,2.2,564
"SQ60855 521",8.5,"3GB","4C",0,"HR","F",2,-5,414
"SQ67972 571",6.5,"5GG","5A",0,"HR",,5,-0.4,723
"SQ73172 011",4.5,"3GB","5A",0,"HR","D",7,-4.2,753
"SQ79570 551",4.1,"3GB","5A",0,"GA","B",9,-6.1,707
"SQ49341 041",6.3,"3GB","5A",0,"HR",,10,-5.5,490
"SQ50472 021",4.3,"5GG","4C",0,"CR",,10,-3.8,581
"SQ50891 541",3.2,"5GG","4C",0,"HR",,10,-7,708
"SQ52436 021",13.4,"3GB","4C",0,"CR",,11,6.6,379
"SQ71244 011",4.7,"5GG","5A",0,"GA",,6,-1,589
"SQ65594 031",10.8,"3GB","4C",0,"HGI","D",4,-1.3,537
"SQ50997 541",2.8,"3GB","5A",1,"GI",,10,-8.2,426
"SQ51254 551",13.3,"5GG","4C",0,"PO","D",10,3.3,439
"SQ53177 541",6,"3GB","4C",1,"GI","F",11,-3.2,300
"SQ53133 521",8.9,"5GG","5A",0,"HGI","F",11,-2.5,506
"SQ75067 561",7.2,"5GG","4C",0,"FH",,7,1.2,502
"SQ78597 021",4.8,"5GG","4C",0,"CR",,9,-5.4,580
"SQ72958 581",1.6,"5GG","5A",0,"BP",,7,-4.7,654
"SQ70187 021",6.1,"5GG","4C",0,"HR","B",6,-0.1,451
"SQ54169 011",18.1,"5GG","5A",0,"PO","D",12,7.4,393
"SQ59038 041",15.7,"5GG","5A",0,"PO","B",2,0.8,341
"SQ71570 541",3.9,"5GG","4C",0,"GI","D",6,-3.6,519
"SQ74822 511",8.9,"3GB","5A",1,"FH",,7,2.1,307
"SQ71719 051",5.4,"5GG","5A",0,"HR",,6,-3.5,556
"SQ51252 521",7.5,"3GB","4C",1,"PO","D",10,-1.5,371
"SQ79665 521",8.9,"5GG","5A",0,"HGI","D",9,-3.2,664
"SQ68916 541",3.6,"3GB","5A",0,"HR",,5,-5.1,692
"SQ78927 531",12,"5GG","5A",0,"HGI","F",9,0.7,338
"SQ66616 511",14.7,"5GG","5A",0,"HR","D",4,4,417
"SQ52672 521",10.9,"5GG","4C",0,"CR",,11,-2.3,488
"SQ51889 531",12.5,"5GG","4C",0,"HR","B",11,1.3,456
"SQ50721 021",11.2,"3GB","5A",0,"HR","D",10,1.7,460
"SQ50031 521",16.4,"5GG","5A",0,"HGI","D",10,-0.6,404
"SQ63517 021",3.6,"3GB","5A",0,"HR",,3,-2,598
"SQ52904 021",16.8,"5GG","5A",0,"PO","D",11,5.9,459
"SQ60257 511",4.9,"5GG","4C",0,"HR","D",2,-1.3,452
"SQ53374 051",9.3,"5GG","4C",0,"HR",,11,0.8,627
"SQ78551 051",3.7,"3GB","4C",0,"CR",,9,2.4,702
"SQ68899 531",4.6,"5GG","5A",0,"GI",,5,-4.3,704
"SQ56677 521",4.4,"3GB","5A",0,"HGI","F",1,-9.4,509
"SQ81083 511",17.6,"3GB","4C",0,"BP",,9,12.6,333
"SQ54130 021",4.8,"5GG","5A",0,"HGI","D",12,0.4,581
"SQ79817 541",8.2,"3GB","5A",0,"HGI","F",9,-5.1,465
"SQ65982 021",7.5,"5GG","5A",0,"CR",,4,-4.6,610
"SQ60576 021",7,"3GB","4C",0,"GA","D",2,1,623
"SQ58517 041",11,"5GG","5A",0,"CR",,1,-1.2,477
"SQ61701 011",10.9,"3GB","4C",0,"HGI","D",3,2.8,429
"SQ78332 041",9.5,"3GB","4C",0,"HGI","F",8,-7,470
"SQ61628 031",10.1,"3GB","4C",0,"HR",,3,1.6,502
"SQ77600 021",5.9,"3GB","5A",0,"HGI","F",8,-1.8,516
"SQ78819 041",9.7,"5GG","5A",0,"HGI","F",9,-0.5,482
"SQ78244 011",6.9,"5GG","5A",0,"CR",,8,-3.3,461
"SQ62427 531",12.5,"3GB","5A",0,"HR",,3,-0.1,453
"SQ73236 061",3.4,"5GG","5A",0,"HR","B",7,-8.7,583
"SQ63731 051",14.5,"5GG","4C",0,"HGI","F",3,7.8,387
"SQ51877 511",14.4,"5GG","4C",0,"HR",,11,5.2,360
"SQ56202 561",5.3,"5GG","5A",0,"HGI","F",1,-2.7,547
"SQ74380 061",6.7,"3GB","4C",0,"FH",,7,-0.9,300
"SQ77751 051",2.2,"3GB","5A",0,"CR",,8,-8.2,695
"SQ53074 051",7.8,"3GB","4C",0,"CR",,11,5.3,548
"SQ71120 041",5.8,"3GB","4C",1,"HR","F",6,-8.3,307
"SQ53312 511",15.1,"5GG","5A",0,"CR","B",11,7.2,483
"SQ76387 031",4.5,"3GB","5A",0,"FH","F",8,-1.5,696
"SQ50947 021",9.4,"5GG","4C",0,"HR",,10,-1.8,457
"SQ59798 041",7,"5GG","4C",0,"HGI","F",2,-3.2,637
"SQ63767 521",6.6,"5GG","4C",0,"HGI","D",3,-2.2,609
"SQ50589 011",1.8,"3GB","5A",1,"CR",,10,-13.3,471
"SQ50731 551",9.9,"3GB","5A",0,"HR","F",10,-1.2,578
"SQ57066 041",12.8,"5GG","5A",0,"PO","F",1,3.3,408
"SQ72060 511",15.7,"5GG","5A",0,"HR","D",6,6.5,318
"SQ78737 541",4.9,"3GB","5A",0,"CR",,9,-4.6,652
"SQ67623 561",10.4,"3GB","4C",0,"CR",,5,0.3,357
"SQ78772 031",7.5,"3GB","5A",0,"HR","D",9,-4.2,432
"SQ49695 031",10.2,"5GG","4C",0,"HR","B",10,-5.5,446
"SQ76733 051",16.5,"5GG","5A",0,"HGI","D",8,5.8,482
"SQ74287 531",3.3,"3GB","5A",0,"HR",,7,-4.8,801
"SQ72376 041",11.2,"5GG","5A",0,"HR","D",6,1.5,630
"SQ65197 561",11.6,"3GB","4C",0,"HGI","F",4,4.2,418
"SQ56043 061",10.4,"5GG","5A",0,"HR","D",12,-1.7,536
"SQ56629 021",14,"5GG","5A",0,"PO","D",1,0,432
"SQ68001 511",4.8,"5GG","5A",0,"HR",,5,-4.6,635
"SQ49983 031",12.5,"3GB","5A",0,"HR",,10,0.3,451
"SQ72484 551",12.3,"5GG","5A",0,"PosMAC","B",6,0.3,525
"SQ69655 521",5.9,"5GG","5A",0,"HR","D",5,-1.4,693
"SQ56807 051",7.9,"5GG","5A",0,"HGI","F",1,-1.6,534
"SQ55087 031",9.1,"5GG","5A",0,"GI",,12,-2.9,545
"SQ56623 031",13.4,"5GG","4C",0,"PO","D",1,-1.7,358
"SQ55183 531",7.4,"5GG","5A",0,"HGI","D",12,-2.1,596
"SQ53957 041",11.1,"3GB","5A",0,"GI","B",12,-2.6,321
"SQ51013 521",7.8,"5GG","5A",0,"GI",,10,-4.2,476
"SQ76751 021",14.1,"5GG","5A",0,"CR",,8,4.1,529
"SQ73017 541",20.2,"3GB","5A",0,"HR",,7,9.8,341
"SQ71314 101",4.4,"5GG","5A",0,"PO","B",6,-5,547
"SQ68087 551",8.3,"3GB","4C",0,"FH",,5,0.1,413
"SQ68498 011",7.8,"3GB","5A",1,"HR","B",5,0.5,407
"SQ56459 551",8.9,"5GG","5A",0,"CR","F",1,-4.1,508
"SQ71884 571",2.5,"3F1","5A",0,"PO","F",6,-7.9,643
"SQ71713 541",7.4,"5GG","5A",0,"HR","D",6,-1.9,618
"SQ50945 061",9.9,"5GG","4C",0,"HR",,10,-1.6,442
"SQ74838 031",9.6,"5GG","4C",0,"PO","B",7,4.9,501
"SQ70159 561",12.7,"5GG","4C",0,"HR","D",6,3.4,376
"SQ49814 531",12.6,"5GG","5A",0,"PO","B",10,2.4,474
"SQ65157 521",13.8,"5GG","5A",0,"PO","D",4,5.3,475
"SQ76814 521",6.9,"5GG","5A",0,"HR","B",8,2.3,573
"SQ65083 551",10.9,"3GB","4C",0,"BP",,4,3.3,438
"SQ53347 041",8.2,"5GG","5A",0,"HR",,11,0.8,397
"SQ55838 051",7.5,"5GG","4C",0,"HGI","F",12,-0.5,503
"SQ55773 031",1.2,"3GB","5A",0,"GA","B",12,-9.3,683
"SQ53063 051",15.2,"5GG","5A",0,"HGI","F",11,9.2,438
"SQ72752 511",10.9,"5GG","5A",0,"FH",,7,-2.9,607
"SQ58931 521",14.5,"5GG","4C",0,"HR",,2,9.5,504
"SQ57298 531",9,"5GG","4C",0,"GI","D",1,3.1,646
"SQ55301 011",13.3,"5GG","4C",0,"PO","B",12,-0.9,328
"SQ75325 051",4.8,"5GG","5A",0,"HGI","F",7,-2.9,678
"SQ52652 021",12.5,"5GG","4C",0,"HR",,11,4.2,474
"SQ55829 541",9.7,"3GB","4C",0,"HGI","D",12,1.9,436
"SQ52507 571",10.7,"3GB","5A",0,"HGI","F",11,1.9,474
"SQ62290 051",11.9,"3GB","5A",1,"GA",,3,1.1,306
"SQ67908 541",8.6,"3GB","4C",0,"PO","B",5,3.1,437
"SQ58694 531",8.3,"5GG","4C",0,"HR",,1,-4.3,410
"SQ68758 021",12,"3GB","5A",0,"CR",,5,-0.3,524
"SQ64834 031",8,"3GB","4C",0,"HR","D",4,0.2,576
"SQ65277 541",3.5,"3GB","5A",0,"FH",,4,-4.1,633
"SQ49160 541",15.2,"5GG","5A",0,"GI",,10,6.5,359
"SQ52741 051",5.8,"3GB","4C",0,"HR",,11,-1,632
"SQ53034 061",6.3,"5GG","4C",0,"HR",,11,-4.5,505
"SQ52314 031",4.9,"3GB","5A",0,"HR","B",11,-7.4,515
"SQ64041 511",11,"5GG","5A",0,"GA",,3,4.7,354
"SQ65536 031",13.1,"5GG","5A",0,"PO","F",4,3.6,488
"SQ70376 041",5.8,"3GB","4C",0,"HR",,6,-2,598
"SQ78945 521",10,"3GB","4C",0,"CR",,9,-0.6,435
"SQ69492 511",10.6,"5GG","4C",0,"CR",,5,-1.2,460
"SQ58532 551",4.3,"3GB","5A",1,"HR","D",1,-3,355
"SQ63980 531",14.2,"5GG","5A",0,"HGI","F",3,-1.1,332
"SQ54071 521",10.8,"3GB","4C",0,"GI",,12,-0.7,495
"SQ58041 521",4.8,"3GB","4C",0,"HR","D",1,-7.7,705
"SQ79732 051",9.6,"5GG","5A",0,"PO","B",9,-0.3,572
"SQ52396 031",11.1,"3GB","4C",0,"HR",,11,4,553
"SQ76454 511",8.2,"5GG","5A",0,"CR",,8,-2.9,539
"SQ77604 011",6.4,"3GB","4C",1,"HR","F",8,-1.1,347
"SQ50854 011",8.2,"5GG","4C",0,"HR",,10,1.1,557
"SQ53949 521",15.2,"3GB","5A",0,"GI","B",12,0.6,326
"SQ57963 521",10.1,"5GG","4C",0,"HGI","F",1,-1.1,518
"SQ52850 511",7.7,"5GG","5A",0,"EG","F",11,-2.1,478
"SQ52526 521",10.3,"3GB","4C",0,"HR",,11,3.7,655
"SQ58495 041",5.8,"3GB","4C",1,"HR",,1,-1.5,522
"SQ64295 521",7.6,"3GB","5A",0,"PO","D",3,-7.2,595
"SQ77961 041",8.6,"5GG","4C",0,"HGI","D",8,1.7,427
"SQ58746 541",14.9,"5GG","5A",0,"HGI","F",1,9.5,301
"SQ58064 021",18.5,"5GG","4C",0,"HR",,1,10.9,325
"SQ50749 021",12.6,"3GB","5A",0,"HR","D",10,1.2,437
"SQ52472 071",5,"3GB","4C",0,"PO","B",11,-7.4,669
"SQ65151 541",5.2,"5GG","5A",0,"HR",,4,-4.9,680
"SQ50343 541",13.8,"3GB","5A",0,"HGI","F",10,-2.1,400
"SQ61244 511",11,"5GG","5A",0,"PO","B",2,-2,492
"SQ58765 041",5.1,"3GB","5A",0,"PO","D",1,-4.2,657
"SQ71976 541",15.4,"5GG","5A",0,"HR",,6,2.3,494
"SQ65699 031",15.8,"3GB","5A",0,"HGI","F",4,10.3,478
"SQ51174 011",9.4,"5GG","4C",0,"HR",,10,1.3,523
"SQ67836 541",9.5,"3GB","5A",1,"GI","F",5,2.9,339
"SQ62851 021",8.3,"3GB","5A",0,"PO","D",3,-5.6,530
"SQ71209 531",2.9,"3GB","5A",0,"CR",,6,-3.1,612
"SQ70356 531",6.7,"5GG","4C",0,"HR",,6,2.3,514
"SQ76314 541",4.7,"5GG","5A",0,"GI","B",8,-8.9,583
"SQ49789 541",11.1,"3GB","4C",0,"HR",,10,2.9,464
"SQ69153 011",7.8,"3GB","4C",0,"GA",,5,-2.5,490
"SQ76268 551",16.8,"5GG","5A",0,"FH",,8,2.5,376
"SQ75667 511",2.6,"3GB","4C",0,"HR","D",8,-10.4,760
"SQ73287 541",10.5,"5GG","5A",0,"HR",,7,-0.9,370
"SQ60469 031",13.2,"5GG","5A",0,"HGI","F",2,2.2,395
"SQ57876 511",9.6,"3GB","4C",1,"GI","F",1,1.7,316
"SQ72090 531",4.1,"5GG","5A",0,"HR",,6,-3.8,697
"SQ70733 041",6.4,"3GB","5A",0,"CR",,6,-1.1,409
"SQ68728 511",16,"5GG","5A",0,"HR",,5,6.6,506
"SQ59992 041",18,"5GG","5A",0,"HR","D",2,8.2,330
"SQ64705 051",9.2,"5GG","5A",0,"CR",,4,0.3,449
"SQ72893 031",4.6,"3GB","5A",0,"CR",,7,-1.2,701
"SQ74221 531",6.5,"5GG","5A",0,"HR",,7,-3.6,623
"SQ76788 031",7.9,"3GB","4C",0,"HGI","F",8,0.6,603
"SQ55151 551",5.8,"5GG","4C",0,"HR","B",12,-5.3,659
"SQ53312 551",14.2,"5GG","5A",0,"GI","B",11,6.6,386
"SQ49621 531",18.2,"5GG","5A",0,"HR","D",10,5.9,355
"SQ56375 521",10.9,"5GG","5A",0,"GI",,1,5.3,421
"SQ76468 541",7.7,"3GB","5A",0,"CR",,8,-2,618
"SQ63652 511",7.7,"5GG","5A",0,"HR",,3,-2.2,619
"SQ61064 531",10.5,"5GG","5A",0,"HGI","F",2,2.5,546
"SQ51215 551",10.9,"3GB","4C",1,"CR",,10,3.5,353
"SQ65666 051",3.5,"3GB","5A",1,"FH",,4,-3.4,375
"SQ75518 511",6.2,"3GB","4C",0,"HGI","F",8,-0.9,629
"SQ68465 051",15.1,"3GB","5A",0,"FH","B",5,3.8,471
"SQ56748 541",7.5,"5GG","4C",0,"CR",,1,3.9,438
"SQ56426 061",5.8,"3GB","4C",0,"HR","F",1,-0.5,500
"SQ52247 061",17.9,"5GG","4C",0,"PO","B",11,5.4,372
"SQ79221 521",9.3,"3GB","5A",0,"GI",,9,-0.1,596
"SQ58280 551",9.2,"5GG","5A",0,"HR","F",1,-2,561
"SQ80102 041",4.9,"3GB","5A",0,"BP",,9,-2.4,443
"SQ73273 531",0.6,"3GB","4C",1,"CR",,7,-8,505
"SQ51475 011",14.6,"5GG","4C",0,"HGI","F",10,6.9,337
"SQ49238 541",4.1,"3GB","4C",0,"CR",,10,-6.7,477
"SQ63755 531",17.5,"5GG","4C",0,"HGI","F",3,5.3,304
"SQ78500 531",4.6,"3GB","5A",0,"HR",,9,-8,757
"SQ51196 511",5.9,"2GB","4C",0,"HGI","B",10,-4,643
"SQ67785 521",11,"5GG","5A",0,"HR","D",5,-3.4,563
"SQ76437 031",4.7,"3GB","5A",0,"BP",,8,-3.7,607
"SQ58253 051",10.9,"3GB","5A",0,"HR","D",1,4.5,304
"SQ52818 021",5.1,"5GG","4C",0,"CR","B",11,-3.2,700
"SQ54089 061",7.4,"5GG","5A",0,"HR","F",12,-6.7,510
"SQ77613 011",7.1,"3GB","4C",0,"GI",,8,1.4,419
"SQ61215 011",4.9,"3GB","4C",1,"FH",,2,-7.3,338
"SQ57749 511",4.2,"3GB","5A",0,"HR",,1,-7.3,646
"SQ52722 541",14.9,"5GG","5A",0,"HR",,11,5.1,437
"SQ50888 511",6.1,"5GG","5A",0,"HGI","D",10,-5.4,644
"SQ50287 521",17.1,"5GG","5A",0,"HR",,10,4,372
"SQ70386 541",16.6,"5GG","5A",0,"PO","D",6,12,463
"SQ68953 541",9.1,"5GG","5A",0,"GI",,5,-4.4,468
"SQ50883 541",8.5,"3GB","5A",0,"HGI","D",10,-4.5,562
"SQ78593 561",1.6,"5GG","5A",0,"CR",,9,-5.1,798
"SQ78269 061",7.9,"3GB","4C",0,"PO","B",8,1.8,459
"SQ62210 571",7.7,"3GB","4C",0,"BP",,3,-4.8,372
"SQ77957 531",10.8,"3GB","4C",0,"HGI","D",8,3.1,529
"SQ72328 531",15.8,"3GB","4C",0,"GI",,6,1.8,462
"SQ80750 021",12.7,"3GB","5A",0,"CR",,9,2.1,389
"SQ64827 061",6.5,"3GB","4C",0,"HR",,4,-7,590
"SQ55343 511",10.5,"5GG","5A",0,"HGI","D",12,-4.1,431
"SQ68703 521",9.8,"3GB","5A",0,"HR",,5,-2,456
"SQ63893 521",14.7,"5GG","4C",0,"HR",,3,3.6,459
"SQ57739 051",6.8,"5GG","5A",0,"HR",,1,-5.5,601
"SQ58647 021",10.1,"5GG","5A",0,"PO","D",1,5.1,445
"SQ80074 541",13.9,"3GB","4C",0,"CR",,9,8.8,327
"SQ79620 551",6.3,"3GB","4C",0,"GI","B",9,-5.5,595
"SQ53201 511",7.1,"3GB","4C",0,"PO","G",11,-0.5,468
"SQ55308 051",12.9,"3GB","4C",0,"PO","B",12,4.5,339
"SQ61244 061",10.7,"5GG","5A",0,"PO","B",2,-2.5,497
"SQ74564 511",2.1,"3GB","5A",0,"PO","D",7,-6.5,711
"SQ60324 531",11.6,"5GG","4C",0,"GI","B",2,2.8,305
"SQ73092 521",4.8,"3GB","5A",0,"HR","B",7,-2,686
"SQ54769 031",15.2,"3GB","5A",0,"PO","B",12,-0.5,496
"SQ63575 061",8.7,"3GB","5A",0,"HGI","D",3,-3.6,613
"SQ52442 011",11,"3GB","4C",0,"HR",,11,3.7,485
"SQ79303 021",6.8,"3GB","5A",0,"BP",,9,-3.7,468
"SQ61441 031",14.5,"5GG","5A",0,"HR",,2,-0.9,406
"SQ52600 041",3.7,"3GB","4C",0,"HR",,11,-4.4,713
"SQ77069 041",2.1,"3GB","5A",0,"PO","D",8,-3.4,690
"SQ68462 051",4.6,"3GB","5A",0,"HR",,5,-3.8,574
"SQ52468 521",11.7,"5GG","4C",0,"HGI","D",11,7.4,431
"SQ68095 031",7.7,"5GG","5A",0,"HR",,5,-1.8,666
"SQ75832 051",7.5,"3GB","5A",0,"CR",,8,-0.2,537
"SQ51561 061",11.9,"5GG","5A",0,"HGI","D",11,5.1,640
"SQ51169 031",9.8,"5GG","4C",0,"HR",,10,0.4,540
"SQ66074 541",13.1,"3GB","5A",0,"CR",,4,4.8,418
"SQ53042 571",8.7,"5GG","4C",0,"HR",,11,-4.8,454
"SQ55767 031",1.1,"3GB","5A",0,"CR","B",12,-8.2,638
"SQ52853 041",8.7,"5GG","4C",0,"HGI","F",11,0.9,448
"SQ53137 021",12.9,"3GB","4C",0,"CR",,11,4.6,475
"SQ55005 541",6.5,"5GG","4C",0,"CR",,12,-3.6,593
"SQ71317 521",7.6,"5GG","5A",0,"PO","B",6,-4.9,551
"SQ66025 041",21,"5GG","5A",0,"HR","B",4,7.6,304
"SQ50442 511",7.9,"5GG","4C",0,"HR",,10,-7.8,424
"SQ79638 031",12.6,"5GG","5A",0,"CR","F",9,1.9,437
"SQ58508 021",2.1,"3GB","4C",0,"HR","B",1,-4.6,634
"SQ57012 511",14.2,"3GB","5A",0,"GA",,1,4.8,361
"SQ72044 551",6.4,"5GG","4C",0,"FH","B",6,-2.1,627
"SQ53662 551",4.2,"5GG","5A",0,"HR","D",12,-1.5,703
"SQ71225 041",3.6,"3GB","5A",0,"CR",,6,-6.8,586
"SQ75064 521",8.4,"5GG","4C",0,"HGI","F",7,2.2,585
"SQ53843 551",2.9,"5GG","5A",0,"HR","D",12,-1.7,693
"SQ74033 551",3.8,"5GG","5A",0,"CR",,7,-3.8,747
"SQ66502 061",4,"5GG","5A",0,"HR",,4,-6.3,580
"SQ67894 021",1.1,"3GB","5A",1,"GI","F",5,-4.2,429
"SQ74455 511",3.9,"3GB","4C",0,"HR",,7,-1.6,665
"SQ74859 571",5.2,"5GG","5A",0,"HR","D",7,-0.4,575
"SQ75415 551",4.9,"5GG","4C",0,"GA",,7,0.1,467
"SQ64690 061",9.3,"5GG","5A",0,"HGI","D",4,3.5,606
"SQ75389 551",4.8,"3GB","4C",0,"BP",,7,-5.9,609
"SQ68056 011",5.8,"3GB","5A",0,"PO","G",5,-3.2,543
"SQ74418 541",3,"3GB","4C",0,"HR",,7,-3.5,545
"SQ79768 031",6.7,"5GG","4C",0,"HR","B",9,-1.4,605
"SQ54324 021",12,"5GG","4C",0,"HR",,12,-0.2,403
"SQ78516 031",14.8,"5GG","5A",0,"HR","D",9,6.4,433
"SQ77530 051",7.7,"3GB","5A",0,"HR",,8,-0.8,550
"SQ50969 011",7.7,"3GB","5A",0,"HGI","F",10,-3,562
"SQ57181 531",13.9,"3GB","5A",0,"HR",,1,1.4,361
"SQ51475 031",14,"5GG","4C",0,"HGI","D",10,6.7,404
"SQ62380 531",14.4,"5GG","5A",0,"HR",,3,5.5,406
"SQ49130 541",6.7,"5GG","5A",0,"HR",,10,0.7,327
"SQ59302 531",18.1,"3GB","5A",0,"HGI","F",2,1.4,305
"SQ70187 561",7.5,"3GB","4C",0,"HR","B",6,-0.5,593
"SQ70422 061",2.7,"3GB","4C",0,"FH",,6,-7,569
"SQ67707 561",11.1,"3GB","5A",0,"HR",,5,-2.7,456
"SQ56996 041",8.7,"3GB","4C",0,"HR",,1,-6.3,479
"SQ60932 511",11,"5GG","4C",0,"BP",,2,2.5,464
"SQ52805 021",16.5,"5GG","5A",0,"HR","D",11,5.7,374
"SQ72251 051",7.7,"5GG","5A",0,"HR","B",6,-1,340
"SQ79790 511",6.6,"3GB","5A",0,"HGI","F",9,-6.1,549
"SQ78353 041",8.7,"5GG","5A",0,"HR","B",9,1.9,477
"SQ68893 041",2.5,"3GB","5A",0,"HR","D",5,-5,668
"SQ73862 041",6.2,"5GG","5A",0,"HR",,7,-3.7,747
"SQ51075 021",10.2,"5GG","4C",0,"CR",,10,0.6,338
"SQ57864 041",4.8,"3GB","4C",0,"HR",,1,1.1,565
"SQ74237 551",3.6,"5GG","5A",0,"HR",,7,-0.8,646
"SQ77303 031",4.1,"3GB","4C",1,"HR","B",8,-8.1,316
"SQ74075 511",4.8,"5GG","5A",0,"HR","D",7,0.5,572
"SQ55852 021",6.1,"5GG","5A",0,"HR",,12,-0.2,568
"SQ51925 521",6.1,"3GB","4C",0,"HR","F",11,-1.7,659
"SQ50605 051",6.2,"5GG","5A",0,"HGI","F",10,-4.3,474
"SQ61380 021",9,"5GG","5A",0,"CR",,2,1.8,403
"SQ62964 561",10.2,"5GG","4C",0,"GI","B",3,-2.6,363
"SQ57060 021",4.4,"3GB","5A",0,"HGI","F",1,-6.5,504
"SQ56374 511",7.5,"3GB","4C",0,"HR","B",1,-0.3,592
"SQ72576 031",8.9,"3GB","5A",0,"PO","F",6,0.1,390
"SQ57959 561",10.5,"5GG","4C",0,"HGI","D",1,-0.1,580
"SQ77126 051",16,"5GG","5A",0,"CR",,8,11.2,459
"SQ78814 551",12.1,"5GG","5A",0,"HR","D",9,0.3,433
"SQ70385 571",4.2,"5GG","4C",0,"HR","B",6,-5.4,653
"SQ78554 581",4.6,"3GB","4C",0,"CR",,9,0.9,585
"SQ50430 021",2.1,"3GB","5A",1,"HR",,10,-11.3,427
"SQ71808 551",8.8,"3GB","5A",0,"CR",,6,-7.2,432
"SQ67065 521",4.1,"3GB","5A",0,"HR","F",4,-6.8,764
"SQ61412 551",16,"5GG","5A",0,"HR","D",2,1.6,432
"SQ74026 041",6.6,"5GG","5A",0,"HR",,7,-1.5,582
"SQ72494 031",7.6,"5GG","5A",0,"HR",,6,-7.2,651
"SQ52570 041",7,"5GG","4C",0,"HR","D",11,-5.7,480
"SQ69905 031",10.8,"5GG","5A",0,"HR",,5,2.7,520
"SQ61096 531",10.6,"5GG","4C",0,"HR",,2,3.8,597
"SQ55396 071",11.2,"3GB","4C",0,"HR",,12,4.2,355
"SQ52748 531",11.9,"5GG","5A",0,"HR","D",11,3.7,460
"SQ75652 031",8.4,"5GG","5A",0,"HR","D",8,-6.7,506
"SQ63163 011",10,"5GG","5A",0,"GI",,3,-4.2,442
"SQ53667 541",5,"5GG","5A",0,"HR","B",12,-1.9,613
"SQ53082 011",6.8,"5GG","5A",0,"PO","B",11,3.6,605
"SQ70535 011",8,"5GG","4C",0,"PO","B",6,1.1,472
"SQ52591 531",10.5,"5GG","5A",0,"HR","F",11,2.8,341
"SQ53802 041",4.3,"3GB","5A",0,"HGI","F",12,-3.2,519
"SQ51288 021",7.5,"3GB","5A",0,"HGI","D",10,0.4,443
"SQ52166 031",9,"5GG","5A",0,"CR",,11,-3,486
"SQ56531 051",6.8,"5GG","4C",0,"HR",,1,-2.5,582
"SQ75260 541",4.7,"5GG","5A",0,"CR",,7,-4.1,511
"SQ51271 531",8.3,"5GG","4C",0,"HR","B",10,0.5,418
"SQ51440 051",5.6,"5GG","5A",0,"HR",,10,-0.6,463
"SQ60676 521",12.6,"3GB","5A",0,"HR","B",2,1.7,409
"SQ51602 061",15.5,"5GG","5A",0,"HR",,11,6.8,414
"SQ80886 021",13.8,"5GG","5A",0,"FH","B",9,0.8,567
"SQ51219 551",3.7,"2GB","5A",0,"HR","F",10,-2,684
"SQ80815 021",9,"5GG","5A",0,"BP",,9,-1.9,456
"SQ75672 531",4.5,"3GB","4C",0,"GA",,8,-10.2,608
"SQ73172 521",4.3,"3GB","5A",0,"HR","D",7,-4.3,681
"SQ76146 551",6.1,"5GG","4C",0,"PO","B",8,1.9,684
"SQ59525 521",17.4,"3GB","5A",0,"HR","B",2,0.3,351
"SQ74433 531",4.3,"3GB","5A",0,"PO","B",7,-1.2,670
"SQ58027 011",4.3,"3GB","5A",0,"HR","B",1,-5.7,511
"SQ54169 031",17.4,"5GG","5A",0,"HR","D",12,7.3,372
"SQ77775 531",4.1,"3GB","5A",0,"GI",,8,-1.5,580
"SQ60626 541",2.8,"3GB","4C",1,"HR",,2,-0.7,300
"SQ50938 511",12.7,"3GB","4C",0,"HR",,10,0.9,502
"SQ52214 041",4.5,"3GB","4C",0,"PO","G",11,-3,650
"SQ67399 011",2,"3GB","4C",0,"CR",,5,-4.4,700
"SQ81064 511",9.7,"3GB","5A",0,"HR",,9,-0.5,531
"SQ70843 031",4.2,"5GG","5A",0,"GI",,6,-2.8,521
"SQ74567 051",21,"5GG","5A",0,"HR","D",7,15.5,401
"SQ55878 051",15.8,"5GG","5A",0,"PO","B",12,6.2,409
"SQ54167 521",18.3,"5GG","5A",0,"HGI","F",12,7.7,340
"SQ52207 091",6.2,"3GB","4C",0,"PO","G",11,-1.3,616
"SQ51413 571",8.9,"5GG","5A",0,"PO","D",10,1.8,506
"SQ52841 541",9.9,"5GG","5A",0,"HR",,11,0.6,435
"SQ74196 521",4.5,"3GB","5A",0,"HR",,7,-3.8,647
"SQ51430 541",5.3,"5GG","5A",0,"HR",,10,-3.9,581
"SQ60627 041",4.8,"3GB","5A",0,"HR","D",2,-5.7,632
"SQ77813 551",7.2,"3GB","5A",0,"FH",,8,-1.9,430
"SQ67257 011",4.3,"3GB","5A",0,"HR",,5,-3.4,779
"SQ71910 521",10.6,"5GG","5A",0,"PO","F",6,3.8,641
"SQ69348 511",16.8,"5GG","5A",0,"HR","D",5,7.6,499
"SQ52908 011",12.7,"3GB","5A",0,"PO","D",11,4.8,364
"SQ76834 541",10.8,"5GG","5A",0,"HR",,8,2.8,519
"SQ70993 011",11.2,"5GG","4C",0,"HR",,6,5,346
"SQ57464 531",7.2,"5GG","4C",0,"GA",,1,-1.6,421
"SQ74217 561",7.4,"5GG","5A",0,"HR","D",7,-2.8,512
"SQ53230 561",16.3,"5GG","4C",0,"HGI","D",11,4.6,497
"SQ52356 051",2.9,"5GG","4C",0,"PO","D",11,-4,681
"SQ65427 551",4.5,"3GB","5A",1,"HR",,4,0,330
"SQ66954 041",4.7,"5GG","5A",0,"GI",,4,-8.1,590
"SQ64751 521",8.5,"5GG","5A",0,"CR",,4,-1.2,505
"SQ63655 521",6.9,"5GG","5A",0,"HR",,3,-3.4,610
"SQ73924 521",3.4,"5GG","5A",0,"HR",,7,-4,708
"SQ74743 041",9.7,"5GG","5A",0,"HR",,7,5.2,545
"SQ62971 041",8.4,"5GG","5A",0,"GI","B",3,-4.8,504
"SQ74070 551",4.5,"3GB","5A",0,"HR",,7,1.7,768
"SQ50080 051",10,"3GB","4C",0,"HR","D",10,2.3,371
"SQ65285 011",4.2,"5GG","5A",0,"FH",,4,-5.5,572
"SQ56197 521",2.6,"3GB","4C",0,"BP",,1,-2.8,656
"SQ56378 041",7,"5GG","4C",0,"HR","B",1,-1.2,587
"SQ49988 041",16,"3GB","5A",0,"HR",,10,4,409
"SQ57989 041",7.6,"5GG","5A",0,"HGI","D",1,-1.7,573
"SQ73283 521",11.2,"5GG","5A",0,"HR",,7,0.1,481
"SQ60276 541",7.9,"5GG","4C",0,"GI",,2,2.5,595
"SQ80790 541",6.3,"3GB","5A",0,"HR",,9,-5.8,556
"SQ54196 031",9.4,"5GG","4C",0,"HR",,12,-2.9,437
"SQ78385 051",13.6,"5GG","4C",0,"HR",,9,-0.9,423
"SQ61164 531",13.8,"5GG","5A",0,"HR",,2,5.8,353
"SQ64055 511",10.6,"5GG","5A",0,"CR",,3,1.7,317
"SQ73640 521",12.4,"5GG","5A",0,"CR",,7,3.3,364
"SQ59598 051",16.6,"5GG","5A",0,"HGI","B",2,3.2,323
"SQ77026 031",7.2,"5GG","5A",0,"HR","B",8,-4.7,561
"SQ56460 041",8.3,"5GG","5A",0,"HR","F",1,-4.8,400
"SQ57488 561",9,"5GG","5A",0,"HGI","F",1,4.1,409
"SQ72505 551",3.3,"3GB","4C",1,"FH",,6,-4.6,368
"SQ60851 511",1.2,"3GB","5A",1,"GI","F",2,-8.7,447
"SQ71624 021",6.5,"3GB","5A",1,"CR",,6,-5.3,355
"SQ65745 531",9.3,"3GB","5A",1,"EG","F",4,-0.9,323
"SQ74489 051",6.6,"5GG","5A",0,"HR","B",7,4.8,635
"SQ53383 521",15.6,"3GB","4C",0,"HGI","D",11,6.7,349
"SQ54457 511",9.3,"5GG","5A",0,"HR","D",12,-0.1,618
"SQ50298 521",17.6,"5GG","4C",0,"FH","B",10,13.4,304
"SQ77044 541",10.5,"5GG","5A",0,"HR","D",8,3,487
"SQ72443 051",4,"5GG","5A",0,"CR",,6,-4.7,673
"SQ58690 011",12.4,"3GB","5A",0,"PO","G",1,5.6,398
"SQ75067 511",7.7,"5GG","4C",0,"HGI","F",7,1.7,626
"SQ78181 541",11.9,"5GG","5A",0,"PosMAC","B",8,-2,506
"SQ54660 041",7.9,"3GB","5A",0,"HGI","D",12,-6.4,586
"SQ63701 011",5.4,"5GG","4C",0,"PO","B",3,-2.4,531
"SQ61512 011",16,"5GG","5A",0,"PO","D",2,0.1,464
"SQ73324 041",7.2,"5GG","5A",0,"HGI","D",7,-3.4,505
"SQ78851 041",11.1,"5GG","4C",0,"HGI","D",9,-1.2,589
"SQ74947 071",4.4,"3GB","4C",0,"HR",,7,-3.4,660
"SQ68012 541",7.9,"3GB","5A",0,"HR",,5,-2.1,563
"SQ62964 551",10.3,"5GG","4C",0,"GI","B",3,-2.5,515
"SQ80290 021",16.2,"3GB","5A",0,"HR","D",9,9.1,411
"SQ67906 511",9.2,"3GB","4C",0,"PO","B",5,4,469
"SQ53042 041",8.9,"5GG","4C",0,"HR",,11,-4.5,445
"SQ50743 541",12.1,"3GB","5A",0,"HGI","D",10,2.3,375
"SQ53446 021",17,"5GG","5A",0,"HR",,11,-1.9,328
"SQ50753 011",14,"3GB","5A",0,"HR","D",10,8.5,430
"SQ71193 011",3.8,"5GG","5A",0,"CR",,6,-3.6,755
"SQ72101 051",2.2,"3GB","5A",1,"HR","B",6,-6.3,358
"SQ62857 021",9.9,"3GB","4C",0,"CR",,3,0.2,481
"SQ61467 041",11,"5GG","5A",0,"CR",,2,1.7,559
"SQ76250 031",7.1,"5GG","5A",0,"HGI","F",8,-1.4,516
"SQ61430 561",13.5,"5GG","5A",0,"HR",,2,-3,404
"SQ76377 021",4.8,"5GG","4C",0,"CR",,8,-3.4,636
"SQ55780 541",4.1,"5GG","5A",0,"HR",,12,-2.9,613
"SQ78875 021",6.1,"3GB","4C",1,"GA",,9,-7.3,373
"SQ70769 551",5.7,"3GB","5A",0,"HR",,6,-0.7,602
"SQ77938 061",8.3,"5GG","5A",0,"HR",,8,1.4,560
"SQ51441 541",7.6,"3GB","4C",1,"EG","F",10,-1.2,338
"SQ71199 531",3.9,"5GG","5A",0,"CR",,6,-0.3,606
"SQ62920 511",14.6,"3GB","5A",0,"HR",,3,3.8,539
"SQ77380 041",8.9,"3GB","5A",1,"HR","F",8,0.3,306
"SQ55543 531",15,"3GB","4C",0,"GI",,12,12.3,408
"SQ55122 061",4.3,"5GG","5A",0,"GI",,12,-4.2,644
"SQ68886 521",9.4,"3GB","5A",1,"CR",,5,-4,404
"SQ80503 541",10.6,"5GG","5A",0,"PO","D",9,1.1,501
"SQ51127 021",4.9,"3GB","5A",0,"HR",,10,-2.4,607
"SQ65915 021",7.3,"3GB","5A",0,"CR",,4,-6.8,495
"SQ69581 511",9.1,"5GG","5A",0,"HR",,5,-1.9,516
"SQ75722 511",6,"3GB","5A",0,"HR",,8,-2,666
"SQ80947 011",11.4,"5GG","5A",0,"HR",,9,-7.2,353
"SQ76450 531",7.6,"3GB","5A",0,"CR",,8,-2.5,363
"SQ65564 071",7.5,"5GG","4C",0,"HR",,4,-2.5,567
"SQ56176 051",8.1,"5GG","5A",0,"HR",,1,3.6,556
"SQ54651 011",9.5,"3GB","5A",0,"HGI","D",12,-3.7,371
"SQ72881 561",8.4,"5GG","4C",0,"PO","D",7,1.6,495
"SQ64962 021",12.3,"3GB","5A",0,"HR",,4,1.6,388
"SQ57163 561",16.2,"5GG","5A",0,"HR","D",1,5.7,352
"SQ66155 571",7.1,"3GB","5A",0,"HR","F",4,2.3,442
"SQ50024 041",8.4,"5GG","5A",0,"HGI","D",10,-4.1,571
"SQ59966 041",7.1,"5GG","5A",0,"HR","B",2,-4,624
"SQ53376 511",8.9,"5GG","4C",0,"HR",,11,0.7,561
"SQ75964 511",11,"3GB","4C",0,"HR","D",8,2.1,437
"SQ51555 521",11.1,"5GG","5A",0,"HGI","D",11,-3.7,459
"SQ66585 051",15.5,"5GG","5A",0,"HR",,4,1.4,576
"SQ57236 511",9,"5GG","5A",0,"GI",,1,-5.4,469
"SQ52644 011",18.1,"5GG","5A",0,"HR","D",11,6.7,456
"SQ64711 521",14.5,"3GB","5A",0,"CR",,4,-0.5,417
"SQ71538 041",4.8,"5GG","5A",0,"HR",,6,-0.1,576
"SQ50198 511",7.4,"3GB","5A",0,"HR",,10,-1.9,548
"SQ70446 031",12.3,"3GB","5A",0,"HR","D",6,4,448
"SQ76471 051",6.7,"3GB","5A",0,"CR",,8,-2.8,485
"SQ71059 521",4.2,"3GB","5A",1,"GA","D",6,-1.8,309
"SP17095 531",178,"5GG","7A",0,"HR",,7,170.1,301
"SQ74957 011",3.8,"5GG","4C",0,"HR",,7,-5.4,674
"SQ59866 551",9.5,"3GB","5A",0,"PO","B",2,0.1,528
"SQ80180 541",16.8,"3GB","5A",0,"HR",,9,7.9,336
"SQ51460 511",6.4,"5GG","5A",0,"PO","D",10,-1.8,597
"SQ54737 051",4.1,"5GG","4C",0,"HR","B",12,-7.1,661
"SQ78479 531",8.4,"5GG","5A",0,"HR",,9,-1.5,482
"SQ70985 061",6,"3GB","5A",0,"HR",,6,-4.4,500
"SQ52582 551",5.6,"5GG","4C",0,"HR",,11,0.6,596
"SQ61684 061",8.6,"5GG","4C",0,"BP",,3,2.9,494
"SQ67704 051",9,"5GG","5A",0,"HR",,5,-2.3,466
"SQ49094 511",6.6,"5GG","5A",0,"GI","B",10,-1,559
"SQ79359 051",10.1,"5GG","5A",0,"GI",,9,-0.9,490
"SQ55375 021",7,"5GG","5A",0,"HGI","F",12,-6.2,656
"SQ72597 541",10.7,"3GB","4C",0,"CR",,6,0.9,497
"SQ80586 031",8.2,"5GG","5A",0,"FH",,9,-2.8,434
"SQ74073 531",2.8,"5GG","5A",0,"HGI","D",7,-6.2,678
"SQ55157 511",6,"3GB","4C",0,"HR","B",12,-6.7,600
"SQ65815 531",8.5,"3GB","5A",0,"HGI","D",4,-0.6,487
"SQ73450 031",8.4,"5GG","5A",0,"HR",,7,-0.4,392
"SQ50448 561",11.6,"3GB","5A",0,"PO","B",10,2.2,362
"SQ69610 031",7.7,"5GG","5A",0,"HR","D",5,3.3,613
"SQ80043 551",16.4,"5GG","5A",0,"HR",,9,3.7,390
"SQ68374 011",8.5,"5GG","4C",0,"HR",,5,-1.9,462
"SQ68495 551",7.9,"5GG","5A",0,"HR","B",5,-3.2,562
"SQ62594 531",12.7,"5GG","5A",0,"CR","B",3,3.8,556
"SQ73781 011",5.4,"5GG","5A",0,"BP",,7,-0.4,492
"SQ61246 011",12.6,"5GG","5A",0,"HGI","F",2,-1.7,471
"SQ68747 511",15.8,"3GB","4C",0,"CR",,5,2.4,339
"SQ51434 531",4.3,"5GG","5A",0,"HR",,10,-5,683
"SQ52918 561",10.2,"5GG","5A",0,"PO","D",11,0.8,435
"SQ50928 021",6.2,"3GB","5A",0,"CR",,10,-6.8,610
"SQ62903 551",14.9,"5GG","5A",0,"HR",,3,7.6,388
"SQ59049 551",14.3,"5GG","5A",0,"PO","B",2,0.9,306
"SQ76238 011",2.7,"5GG","5A",0,"HGI","F",8,-7.5,747
"SQ67385 551",2.5,"3F1","5A",0,"PO","B",5,-0.6,590
"SQ67880 541",6.7,"3GB","4C",0,"HR",,5,1,629
"SQ59079 511",5,"5GG","4C",0,"CR","B",2,-8.9,629
"SQ73225 531",3.6,"3GB","5A",1,"PO","F",7,-3.3,317
"SQ62314 521",7,"5GG","4C",0,"PO","D",3,-4,410
"SQ78731 051",9.3,"3GB","5A",1,"HR","F",9,-0.1,425
"SQ50027 051",15.3,"3GB","5A",0,"HGI","D",10,-0.4,304
"SQ49101 041",6.5,"3GB","5A",0,"HR","B",10,-3.2,512
"SQ67871 551",7.1,"3GB","5A",0,"HR",,5,-4,563
"SQ51711 531",13.1,"5GG","4C",0,"HR",,11,-0.9,340
"SQ67328 541",11.1,"3GB","5A",0,"GI","B",5,2.5,541
"SQ73589 011",6.5,"3GB","4C",0,"FH",,7,-6.9,629
"SQ75532 541",3.7,"5GG","5A",0,"FH",,8,-5.5,670
"SQ77074 051",6.6,"5GG","5A",0,"PO","D",8,0.9,489
"SQ76560 531",18.5,"5GG","5A",0,"CR",,8,9,415
"SQ77783 541",3.4,"5GG","5A",0,"HGI","F",8,-3.7,728
"SQ74585 541",7.1,"5GG","5A",0,"GI","B",7,-1.1,497
"SQ49511 031",12,"5GG","4C",0,"HR",,10,3.9,588
"SQ75192 531",2.6,"3GB","4C",0,"FH",,7,-5.9,603
"SQ65469 091",8.4,"3GB","5A",0,"PO","B",4,0.1,418
"SQ53534 041",11.5,"3GB","5A",0,"HR","D",11,-0.3,515
"SQ63512 531",17.8,"3GB","4C",0,"HR","B",3,9.8,400
"SQ50466 561",6.1,"3GB","5A",0,"CR",,10,-1.6,382
"SQ60142 051",11.1,"3GB","5A",0,"CR",,2,3,326
"SQ53729 521",5.1,"3GB","4C",0,"CR",,12,-8,688
"SQ64749 511",6.5,"3GB","5A",0,"CR",,4,-8,699
"SQ58135 531",18.6,"5GG","4C",0,"GI","B",1,3.3,396
"SQ51110 041",7.3,"3GB","5A",0,"PO","F",10,-0.2,432
"SQ72030 031",13.9,"5GG","4C",0,"GI",,6,5.2,457
"SQ55055 531",6.3,"3GB","5A",0,"HR",,12,-4.5,490
"SQ52799 561",6.9,"5GG","5A",0,"HGI","D",11,-3.7,626
"SQ73185 531",7.7,"3GB","5A",0,"HR","D",7,-0.9,414
"SQ70454 041",8.8,"3GB","5A",0,"HR","D",6,-1,455
"SQ65795 521",7.9,"5GG","5A",0,"HR",,4,-4.1,589
"SQ51056 531",8.3,"3GB","4C",0,"GA",,10,-1.5,408
"SQ73028 521",31.1,"5GG","5A",0,"PO","G",7,22.6,324
"SQ54604 521",11.4,"5GG","5A",0,"HR","D",12,2.8,413
"SQ70681 521",3.2,"3GB","5A",0,"HR","B",6,-5.1,743
"SQ56000 031",3.4,"3GB","5A",0,"PO","D",12,-5,490
"SQ77869 031",8.5,"5GG","5A",0,"GI",,8,3,636
"SQ78013 021",6.1,"3GB","4C",1,"FH",,8,-1.4,311
"SQ58278 561",10,"3GB","5A",0,"HR",,1,-1.5,460
"SQ63023 021",7.8,"5GG","5A",0,"HGI","F",3,0.6,585
"SQ59986 011",16.8,"5GG","5A",0,"HR","D",2,7.9,328
"SQ66799 521",9.6,"3GB","4C",0,"HR","F",4,-5,434
"SQ52396 531",10.9,"3GB","4C",0,"HR",,11,4.1,545
"SQ53736 031",3.9,"3GB","4C",0,"CR",,12,-9.8,685
"SQ70898 061",3.9,"3GB","4C",0,"GI",,6,-5.3,666
"SQ67070 011",6.4,"3GB","5A",0,"PO","B",4,-8.4,566
"SQ78072 051",7.9,"3GB","4C",0,"GA","D",8,4.9,428
"SQ57618 521",6.1,"5GG","4C",0,"GA","B",1,-1.4,537
"SQ77932 521",6.6,"5GG","5A",0,"HR","D",8,1.7,719
"SQ59076 521",6.2,"5GG","4C",0,"CR","B",2,-8.4,593
"SQ54052 071",15,"5GG","4C",0,"HGI","F",12,4.6,465
"SQ57347 551",12.8,"5GG","5A",0,"HR",,1,-1.5,373
"SQ55881 021",4.4,"3GB","5A",0,"HR",,12,-7.6,491
"SQ54215 011",10.5,"5GG","4C",0,"FH","F",12,-2.2,402
"SQ64379 541",12.8,"5GG","5A",0,"HR",,3,6.1,420
"SQ58790 561",4.5,"3GB","5A",0,"HGI","F",1,-1.1,611
"SQ62275 521",11.7,"5GG","5A",0,"CR",,3,5.2,423
"SQ74286 511",4.4,"5GG","5A",0,"HR",,7,-4.1,606
"SQ59029 021",7.3,"3GB","4C",0,"CR",,2,1.2,588
"SQ59360 041",11.2,"5GG","5A",0,"CR",,2,4.5,361
"SQ54597 531",12,"3GB","5A",0,"HR",,12,0.1,475
"SQ75077 051",9,"5GG","5A",0,"HR","D",7,1.9,466
"SQ65708 031",15.8,"5GG","5A",0,"HGI","F",4,7.8,319
"SQ80812 541",7.4,"3GB","5A",0,"BP",,9,-1.4,462
"SQ55350 541",18,"3GB","5A",0,"CR",,12,4.3,333
"SQ49248 011",5.7,"5GG","5A",0,"PO","F",10,-5,595
"SQ70992 511",10.7,"3GB","4C",0,"GA",,6,5.7,328
"SQ51695 551",12.6,"3GB","4C",0,"HR","D",11,5.6,570
"SQ53720 511",17.8,"5GG","5A",0,"GI",,12,7.2,341
"SQ64395 021",12.5,"5GG","4C",0,"FH","B",3,2.4,432
"SQ52752 521",3.3,"3GB","5A",1,"GI","F",11,-5,463
"SQ72594 021",6.9,"5GG","5A",0,"HR",,6,-3.6,642
"SQ78346 031",9.1,"5GG","4C",0,"PO","F",9,4.5,562
"SQ56398 551",6.7,"5GG","5A",0,"PO","D",1,-1.1,470
"SQ50838 021",8.2,"5GG","5A",0,"HR",,10,-4.7,542
"SQ60677 051",14.5,"5GG","4C",0,"HR",,2,1.5,424
"SQ57995 521",6,"3GB","5A",0,"HGI","F",1,-2.9,504
"SQ74954 031",3.8,"5GG","4C",0,"HR",,7,-5,704
"SQ55203 531",11,"5GG","5A",0,"HR",,12,-3.7,571
"SQ70523 551",16.5,"5GG","4C",0,"FH",,6,10,397
"SQ78483 541",9.2,"3GB","5A",0,"HR",,9,-2.5,426
"SQ64480 511",12.3,"3GB","4C",1,"GI","F",4,4,309
"SQ74284 571",3.8,"5GG","5A",0,"HR",,7,-4.1,670
"SQ69231 521",9.1,"5GG","5A",0,"HR",,5,-4.7,598
"SQ65521 511",7.8,"3GB","4C",0,"GI","D",4,-3.3,573
"SQ76409 021",4.6,"5GG","5A",0,"HR","D",8,-1.4,713
"SQ66323 021",7,"3GB","4C",0,"GI","B",4,-2.7,445
"SQ53925 511",18.3,"5GG","5A",0,"HGI","F",12,1.8,363
"SQ57144 541",5.9,"5GG","5A",0,"BP",,1,-3.2,491
"SQ75291 561",7.3,"5GG","5A",0,"HR",,7,-1.8,507
"SQ53380 041",17,"5GG","5A",0,"GA","D",11,7.1,472
"SQ74023 541",6.1,"3GB","5A",0,"HR","D",7,-0.2,681
"SQ52101 521",10.3,"5GG","4C",0,"GI","B",11,-4.8,365
"SQ68657 041",20,"5GG","5A",0,"HR",,5,9.8,355
"SQ76046 051",5.5,"5GG","4C",0,"PO","F",8,0.2,557
"SQ67351 021",3.4,"3GB","5A",0,"HR",,5,-7.7,680
"SQ63226 541",9.7,"5GG","5A",0,"HR","D",3,-1.8,499
"SQ80393 051",9,"5GG","4C",0,"GI",,9,-0.2,448
"SQ66087 511",7.8,"5GG","4C",0,"CR",,4,-6.7,612
"SQ79711 041",4.6,"3GB","4C",0,"PO","B",9,-6,675
"SQ75671 051",6.1,"5GG","4C",0,"HR","D",8,-5.4,658
"SQ68892 521",4.5,"3GB","4C",0,"HR",,5,-2.7,669
"SQ64191 521",10.5,"5GG","5A",0,"HGI","F",3,0.4,482
"SQ51155 541",17,"5GG","4C",0,"GI",,10,1,353
"SQ60691 061",16.3,"5GG","5A",0,"HR",,2,2.4,303
"SQ75526 541",17.1,"5GG","4C",0,"GI",,8,9.1,440
"SQ68162 011",14,"3GB","5A",0,"HR",,5,-4.9,338
"SQ64390 011",11.7,"5GG","5A",0,"HR",,3,3.6,505
"SQ51254 021",4.6,"5GG","4C",0,"PO","B",10,-3.8,651
"SQ70677 521",8.4,"5GG","5A",0,"FH",,6,-0.1,429
"SQ64901 531",11.9,"5GG","5A",0,"HR","D",4,3.9,491
"SQ53739 521",2,"5GG","5A",0,"HR","D",12,-10.7,601
"SQ78700 051",10.3,"5GG","5A",0,"PO","B",9,2.5,551
"SQ69279 031",6.5,"3GB","5A",0,"HR","D",5,-4.9,527
"SQ60562 551",6.5,"5GG","5A",0,"PO","B",2,-3.1,567
"SQ79761 561",12.8,"3GB","5A",0,"HR",,9,0.1,429
"SQ68499 011",6.1,"3GB","5A",1,"HR","B",5,-1.5,310
"SQ59772 051",15.9,"5GG","4C",0,"HGI","F",2,3.2,382
"SQ77582 061",6.8,"5GG","5A",0,"HGI","D",8,-8,643
"SQ49703 071",10.3,"5GG","5A",0,"HR",,10,-2.6,377
"SQ59694 051",13.7,"3GB","4C",0,"CR",,2,5.8,373
"SQ70687 041",6.5,"5GG","5A",0,"BP",,6,-2.6,538
"SQ64969 011",14.7,"5GG","5A",0,"CR",,4,2.5,373
"SQ71034 541",12.5,"3GB","5A",1,"GI","F",6,5,355
"SQ73779 521",2.8,"3GB","5A",0,"BP",,7,0.3,691
"SQ55477 511",13.8,"5GG","4C",0,"GI","D",12,2.7,413
"SQ58430 021",6.3,"3GB","4C",0,"CR",,1,-0.6,560
"SQ57842 021",10.2,"5GG","4C",0,"GI",,1,-3.7,470
"SQ50825 021",5.6,"3GB","5A",0,"HGI","F",10,-3.6,630
"SQ78318 541",11.4,"5GG","5A",0,"HR",,8,-2.7,402
"SQ76361 051",4,"3GB","4C",0,"FH",,8,-5.9,547
"SQ60916 551",15.1,"5GG","5A",0,"HGI","D",2,5.5,408
"SQ67790 011",10.7,"5GG","5A",0,"HR",,5,-4.5,592
"SQ79346 051",8,"5GG","4C",0,"HR",,9,-4.6,643
"SQ75625 041",7,"5GG","4C",0,"HGI","F",8,-2.2,685
"SQ50207 061",8.6,"5GG","5A",0,"HR",,10,-2,611
"SQ57829 041",4.4,"3GB","5A",0,"HGI","B",1,-9.6,667
"SQ63087 521",3.4,"5GG","5A",0,"HR","D",3,-6.8,559
"SQ65704 551",15.6,"3GB","5A",0,"HGI","F",4,8.9,470
"SQ67298 541",9.1,"3GB","5A",1,"CR",,5,-3.7,356
"SQ65011 541",2.7,"3GB","4C",0,"GI",,4,-11.3,504
"SQ64806 041",5.1,"5GG","4C",0,"HGI","F",4,-1.3,613
"SQ66758 021",3.3,"3GB","4C",1,"HR","F",4,-6.8,399
"SQ65286 051",4.5,"3GB","4C",0,"HR",,4,-6.4,690
"SQ58612 541",9.5,"5GG","4C",0,"HGI","D",1,1.1,440
"SQ69068 521",20,"5GG","5A",0,"HR","D",5,4,439
"SQ62028 011",18.8,"5GG","5A",0,"HR",,3,10.9,430
"SQ79234 011",7.3,"5GG","4C",0,"HGI","F",9,-2.5,680
"SQ55262 021",14.8,"5GG","5A",0,"HR",,12,7.9,459
"SQ58720 051",5.5,"3GB","5A",0,"PO","G",1,-1.7,561
"SQ60754 531",6.1,"3GB","5A",0,"HR",,2,-7.2,541
"SQ52864 041",8.3,"5GG","4C",0,"HGI","F",11,-0.7,571
"SQ51072 541",17,"5GG","5A",0,"PO","D",10,8.7,306
"SQ62781 531",19.2,"5GG","5A",0,"HR","D",3,7.5,360
"SQ68037 561",2.7,"3GB","5A",0,"BP",,5,-8.1,723
"SQ68462 061",6.2,"3GB","5A",0,"HR","F",5,-3.9,724
"SQ78500 031",4.5,"3GB","5A",0,"HR",,9,-8,684
"SQ79893 511",6,"3GB","5A",1,"HR","F",9,-3.5,348
"SQ58623 521",3.1,"3GB","4C",1,"EG","F",1,-0.6,454
"SQ74876 531",13,"5GG","4C",0,"HR","B",7,-2.1,542
"SQ71366 051",9.5,"5GG","5A",0,"HR",,6,3.2,505
"SQ81067 511",5.5,"3GB","5A",0,"CR",,9,-6,561
"SQ61469 061",19.5,"5GG","4C",0,"PO","D",2,9.6,491
"SQ70511 551",11.5,"5GG","5A",0,"PO","D",6,7,492
"SQ51924 041",15,"5GG","5A",0,"HR",,11,3.6,437
"SQ57247 541",17.2,"3GB","4C",0,"HGI","F",1,4.9,305
"SQ63713 521",6.1,"5GG","5A",0,"HR",,3,-2.6,646
"SQ72157 521",4.4,"3GB","5A",0,"HR",,6,-6.7,691
"SQ51993 541",6.9,"5GG","5A",0,"GI",,11,-2.2,629
"SQ54764 531",15.6,"5GG","5A",0,"PO","B",12,-2.3,345
"SQ49338 031",8,"5GG","5A",0,"HR",,10,-4.9,626
"SQ77806 531",5.1,"3GB","4C",0,"HR","D",8,-0.5,687
"SQ53954 021",11.4,"3GB","4C",0,"CR",,12,-1,483
"SQ65952 041",11.2,"3GB","4C",0,"GI",,4,1.6,362
"SQ69185 021",11,"5GG","5A",0,"PO","B",5,-2.7,486
"SQ72389 021",10.6,"3GB","5A",0,"HR","D",6,-0.9,505
"SQ56461 051",11.5,"5GG","4C",0,"HGI","B",1,-3.4,364
"SQ56878 011",6.6,"3GB","4C",0,"HR",,1,-2.8,529
"SQ53144 011",15.7,"5GG","5A",0,"HR","D",11,2.9,418
"SQ66974 021",7.9,"3GB","5A",0,"GI","B",4,-4.9,621
"SQ72599 521",11.9,"3GB","5A",0,"HR",,6,0.9,433
"SQ52340 021",14.2,"5GG","4C",0,"HR",,11,1.2,566
"SQ66977 041",5.4,"3GB","5A",0,"FH","B",4,-8.5,593
"SQ54866 531",6.2,"3GB","4C",0,"GI",,12,-2.6,605
"SQ72581 511",10.5,"3GB","4C",0,"HR",,6,-0.2,439
"SQ78268 031",9.6,"5GG","4C",0,"PO","B",8,2.6,472
"SQ68505 531",1.3,"3GB","5A",1,"HR","B",5,-6.4,489
"SQ77962 551",3.4,"3GB","5A",0,"CR",,8,-3.3,690
"SQ59381 541",4.3,"3GB","5A",1,"HR",,2,1.3,312
"SQ68169 511",4,"3GB","4C",0,"HR",,5,-7,640
"SQ58205 041",13,"5GG","4C",0,"BP",,1,1.6,359
"SQ73254 031",14,"5GG","5A",0,"HR","D",7,6.8,489
"SQ63032 521",7,"5GG","5A",0,"HGI","D",3,-1.5,547
"SQ63748 571",3.2,"3GB","5A",0,"BP",,3,-5.7,558
"SQ77230 531",7,"3GB","5A",0,"GI","B",8,-0.3,570
"SQ51773 531",18,"5GG","5A",0,"PO","D",11,8.2,398
"SQ57157 011",3.5,"3GB","4C",0,"HR",,1,-3.8,575
"SQ59200 031",14.7,"3GB","5A",0,"GA",,2,2.5,331
"SQ58860 051",7,"3GB","5A",0,"CR",,1,-13.4,575
"SQ76822 551",7.9,"3GB","5A",0,"HR",,8,-0.4,444
"SQ65193 551",7,"3GB","5A",0,"PO","G",4,-3.5,593
"SQ64770 031",14.1,"5GG","5A",0,"BP",,4,8.1,396
"SQ59122 021",8.2,"3GB","5A",0,"CR",,2,-0.6,575
"SQ78364 551",12.2,"3GB","4C",0,"GI",,9,1.5,426
"SQ51749 541",17.9,"5GG","4C",0,"HR",,11,2.3,357
"SQ69534 021",6.5,"3GB","5A",1,"GI","F",5,-1.9,370
"SQ54902 531",4.4,"5GG","4C",0,"GI",,12,2.9,635
"SQ56818 521",7.8,"3GB","4C",0,"CR",,1,-3.8,518
"SQ67641 551",7.7,"5GG","5A",0,"HR",,5,-3.9,485
"SQ49430 551",11.4,"5GG","4C",0,"CR",,10,-1.9,422
"SQ49913 521",9.2,"5GG","5A",0,"HGI","D",10,0.5,638
"SQ60592 551",15.9,"3GB","5A",0,"FH",,2,2.8,407
"SQ81137 541",7.4,"5GG","4C",0,"HR","D",9,1.2,639
"SQ50770 511",17.6,"5GG","5A",0,"HR","D",10,6.4,362
"SQ72066 071",8.3,"3GB","5A",0,"HR","D",6,1.2,573
"SQ80331 031",12.4,"5GG","5A",0,"CR",,9,5.6,496
"SQ75744 051",11.1,"5GG","5A",0,"HR",,8,3.4,551
"SQ50866 011",5.1,"3GB","4C",0,"HGI","D",10,-4.6,623
"SQ57239 031",16.8,"5GG","4C",0,"GI",,1,6.5,350
"SQ67947 031",1.9,"3GB","5A",0,"CR",,5,-3.5,721
"SQ49511 511",12.4,"5GG","4C",0,"HR",,10,4,414
"SQ72376 541",11,"5GG","5A",0,"HR","D",6,1.4,605
"SQ75532 031",3.5,"5GG","5A",0,"FH",,8,-5.7,696
"SQ72316 031",9.8,"5GG","4C",0,"CR",,6,4.9,515
"SQ55195 531",11,"3GB","5A",0,"HR",,12,-1.5,408
"SQ72168 541",9.6,"3GB","5A",0,"HR",,6,-1.3,356
"SQ61525 531",15.8,"5GG","5A",0,"CR",,2,6.4,322
"SQ68405 551",11.1,"5GG","5A",0,"HR","B",5,-2.5,361
"SQ53657 521",4.7,"3GB","5A",0,"HR",,12,0.2,634
"SQ51582 041",12.1,"3GB","5A",0,"CR",,11,1.1,333
"SQ74356 511",7.4,"3GB","4C",0,"HR","D",7,2.5,588
"SQ55820 531",8.2,"5GG","5A",0,"CR",,12,3.5,652
"SQ59859 021",9.9,"5GG","5A",0,"PO","B",2,2.1,441
"SQ66814 041",8.2,"5GG","5A",0,"GA",,4,-6.4,600
"SQ49325 031",9.9,"5GG","5A",0,"HR","D",10,-1.5,535
"SQ56413 521",7.4,"5GG","4C",0,"HR","D",1,-0.5,588
"SQ62409 531",13.9,"5GG","4C",0,"HR","D",3,3.8,456
"SQ73408 031",12.4,"5GG","5A",0,"HR","D",7,0.6,473
"SQ69317 051",12.5,"5GG","5A",0,"CR",,5,-0.8,479
"SQ78334 021",8,"3GB","4C",0,"HGI","D",8,-8.2,681
"SQ80836 531",4.4,"5GG","4C",0,"HR",,9,-7,575
"SQ65050 011",6.1,"5GG","5A",0,"HGI","D",4,-7.1,549
"SQ50594 531",8.4,"5GG","5A",0,"GA","F",10,-0.9,512
"SQ51134 561",3.3,"5GG","4C",0,"CR",,10,-4.6,594
"SQ72492 031",8.4,"5GG","5A",0,"HR",,6,-6.6,563
"SQ60095 051",7.8,"3F1","5A",0,"HGI","F",2,-2.3,576
"SQ74629 551",3.4,"3GB","5A",0,"CR",,7,-5.7,678
"SQ78570 531",29.4,"5GG","5A",0,"PO","G",9,20,356
"SQ59556 551",14,"3GB","4C",0,"HR","D",2,5.2,479
"SQ77877 541",7.4,"3GB","5A",0,"PO","D",8,0.7,636
"SQ62082 511",15,"3GB","4C",0,"GA",,3,2.2,391
"SQ57905 051",10.9,"3GB","4C",0,"HGI","F",1,1.5,400
"SQ72048 521",4.6,"3GB","5A",0,"CR",,6,-2.4,667
"SQ79570 541",4.2,"3GB","5A",0,"GA","B",9,-6,705
"SQ63626 551",4.2,"3GB","5A",0,"HR",,3,-2.7,584
"SQ69185 031",10.8,"5GG","5A",0,"PO","B",5,-2.8,510
"SQ53717 011",6.8,"3GB","5A",0,"HR",,12,-2.8,659
"SQ71832 021",11.4,"5GG","5A",0,"PO","F",6,6,495
"SQ66887 021",16,"5GG","5A",0,"HR",,4,6.1,490
"SQ63111 031",12.1,"5GG","5A",0,"BP",,3,3.6,314
"SQ68934 531",11.5,"5GG","4C",0,"HR",,5,-5.4,462
"SQ56374 541",6.6,"5GG","4C",0,"GI","B",1,-0.6,579
"SQ67385 531",2.7,"3F1","5A",0,"PO","B",5,-0.5,721
"SQ65192 551",12.3,"5GG","4C",0,"PO","F",4,5.3,496
"SQ62362 551",15.2,"5GG","4C",0,"HGI","F",3,9.1,316
"SQ59808 041",11.5,"5GG","5A",0,"HR","B",2,2.2,310
"SQ58534 521",15.6,"5GG","5A",0,"HR","D",1,7.8,527
"SQ60571 041",4.7,"5GG","5A",0,"GI","B",2,-5.3,523
"SQ59455 531",7,"3GB","5A",0,"HGI","F",2,1.8,563
"SQ53381 551",15.8,"5GG","4C",0,"HR",,11,6.9,373
"SQ71881 521",19,"5GG","5A",0,"GI",,6,18.3,332
"SQ50463 531",6.9,"3GB","5A",0,"CR",,10,-0.6,425
"SQ69795 031",0.8,"3GB","5A",1,"CR",,5,-11.7,445
"SQ58946 051",5.9,"5GG","4C",0,"HR","B",2,1,624
"SQ70756 571",2.2,"5GG","4C",1,"HR",,6,0.8,522
"SQ76028 531",6.8,"5GG","5A",0,"HR","B",8,0.5,502
"SQ62973 021",13.2,"5GG","5A",0,"HR","D",3,1,360
"SQ60557 551",10.7,"5GG","5A",0,"HGI","F",2,5.3,472
"SQ63185 521",5.9,"3GB","4C",0,"FH","F",3,-6.5,431
"SQ69760 541",8.5,"3GB","5A",0,"CR",,5,2.5,579
"SQ52904 561",13.6,"5GG","5A",0,"PO","D",11,5.6,346
"SQ66889 041",4.1,"5GG","5A",0,"HR",,4,-5.7,561
"SQ76235 031",1.5,"3F1","5A",0,"HR",,8,-7.1,768
"SQ73727 031",5.7,"3GB","4C",0,"HGI","F",7,-0.5,594
"SQ67430 011",8.9,"3GB","4C",0,"PO","D",5,-0.3,458
"SQ66930 041",9.2,"3GB","4C",1,"CR",,4,-3.9,323
"SQ78623 511",2.8,"3GB","5A",0,"HR","D",9,-7.2,771
"SQ65100 531",13.4,"3GB","5A",0,"HR",,4,0.2,500
"SQ72724 511",5.1,"5GG","4C",0,"FH",,6,-5.8,665
"SQ78813 541",10.7,"5GG","5A",0,"HR",,9,0.9,342
"SQ78809 041",10,"3GB","5A",0,"HR","D",9,1.5,377
"SQ52391 551",10.8,"3GB","4C",0,"HR",,11,5.5,518
"SQ80812 031",9.8,"5GG","5A",0,"BP",,9,-1.2,503
"SQ64249 021",13.6,"5GG","5A",0,"HR",,3,1.4,435
"SQ73927 011",1.6,"3GB","5A",0,"CR",,7,-4.8,639
"SQ61506 521",15.4,"5GG","4C",0,"HGI","F",2,1,470
"SQ71413 531",17.6,"5GG","4C",0,"HR","D",6,7.3,373
"SQ75801 511",5,"3GB","4C",0,"HGI","F",8,-2.5,534
"SQ74196 561",4.4,"5GG","5A",0,"PO","F",7,-4.3,531
"SQ74745 071",8.1,"5GG","5A",0,"HR",,7,4.3,582
"SQ51164 011",15.3,"5GG","4C",0,"CR",,10,9.4,379
"SQ75769 511",5,"5GG","5A",0,"PO","B",8,-3.7,579
"SQ58944 521",10.4,"5GG","4C",0,"HGI","F",2,6.6,463
"SQ78419 511",8.8,"3GB","4C",0,"PO","D",9,0.2,649
"SQ62973 041",13,"5GG","5A",0,"HR","D",3,0.7,491
"SQ51912 521",14.3,"5GG","5A",0,"FH",,11,2.9,457
"SQ67777 511",4,"3GB","4C",0,"PO","F",5,-6.9,672
"SQ61017 021",13.9,"5GG","5A",0,"HR","D",2,9.2,539
"SQ78263 031",6.7,"3GB","5A",0,"HR",,8,-6.1,577
"SQ51806 511",7.6,"3GB","5A",0,"HGI","D",11,-1.8,462
"SQ63667 031",10.2,"5GG","5A",0,"HR",,3,-1.4,497
"SQ65183 531",5.5,"3GB","5A",0,"PO","B",4,-1,693
"SQ68505 541",1.6,"3GB","5A",1,"HR","B",5,-6.2,464
"SQ55388 561",4.4,"5GG","5A",0,"CR",,12,-9.5,524
"SQ72890 041",3.8,"5GG","5A",0,"CR",,7,-4.4,652
"SQ64304 011",8.1,"5GG","5A",0,"HR",,3,-6.6,649
"SQ70533 511",4.3,"5GG","4C",0,"PO","D",6,-2.2,618
"SQ54817 041",13.7,"5GG","5A",0,"HGI","D",12,0.9,461
"SQ61248 011",12.7,"3GB","5A",0,"HGI","F",2,-2.2,360
"SQ81067 051",5.8,"5GG","5A",0,"CR",,9,-4.8,676
"SQ51212 051",5.3,"5GG","4C",0,"GA",,10,-3.5,359
"SQ58712 551",5.2,"3GB","4C",0,"HR",,1,-2.2,489
"SQ57014 541",14,"5GG","5A",0,"GI",,1,3.9,444
"SQ70190 571",5.4,"5GG","4C",0,"PO","B",6,-1.7,496
"SQ65504 041",2.5,"3GB","5A",1,"FH",,4,-9.3,320
"SQ56814 551",7.3,"3GB","5A",0,"HGI","D",1,-3.3,640
"SQ54031 011",10.3,"3GB","5A",0,"GI","B",12,-0.1,517
"SQ72039 531",16.5,"5GG","4C",0,"FH",,6,8,355
"SQ75311 031",7.8,"5GG","5A",0,"GI",,7,-3.1,390
"SQ58548 511",13.7,"3GB","5A",0,"HGI","D",1,4.9,333
"SQ50897 511",8,"3GB","4C",0,"HR",,10,-6.2,517
"SQ55697 511",6.1,"3GB","5A",0,"HR","D",12,-4.5,438
"SQ51126 521",6.2,"5GG","5A",0,"HR",,10,-1.5,571
"SQ74428 021",4.2,"3GB","5A",0,"PO","B",7,-0.6,646
"SQ54041 521",10.4,"5GG","5A",0,"HR","B",12,2,482
"SQ59709 551",9.1,"5GG","5A",0,"HR",,2,2.4,459
"SQ69495 021",12,"5GG","4C",0,"FH",,5,-0.5,422
"SQ77543 051",3.5,"5GG","5A",0,"HR","D",8,-3.7,593
"SQ53508 551",10.5,"3GB","4C",0,"HR","D",11,-0.4,509
"SQ70874 061",14,"5GG","4C",1,"HR",,6,7.1,397
"SQ73612 051",4.1,"3GB","4C",0,"HR",,7,-6.8,591
"SQ58477 531",2.5,"3GB","4C",0,"CR",,1,-8.7,687
"SQ54748 541",11.3,"3GB","5A",0,"HR",,12,-2.4,319
"SQ68410 511",7.9,"5GG","5A",0,"PO","B",5,-3.2,397
"SQ60234 531",8.3,"3GB","4C",0,"HGI","F",2,0.5,537
"SQ52500 041",11.5,"5GG","5A",0,"HR","D",11,3.9,569
"SQ54990 561",11.1,"5GG","5A",0,"HR",,12,0.1,575
"SQ73648 541",4.9,"5GG","5A",0,"GI",,7,-3.4,613
"SQ61679 021",8.1,"5GG","4C",0,"BP",,3,-5.2,559
"SQ56403 541",13.6,"3GB","4C",0,"HR","D",1,8.5,414
"SQ78809 011",11.4,"5GG","5A",0,"HR","D",9,1.7,433
"SQ74975 551",6,"5GG","5A",0,"HR",,7,-3.9,661
"SQ79647 531",12,"5GG","5A",0,"CR",,9,0.9,537
"SQ77621 561",2.7,"3GB","5A",0,"PO","D",8,-0.8,654
"SQ58353 561",7.6,"5GG","5A",0,"HGI","F",1,-2.4,463
"SQ60513 031",7.4,"5GG","5A",0,"GI",,2,-4.7,531
"SQ51108 021",4.5,"3GB","5A",0,"HGI","D",10,-2.4,729
"SQ64544 051",5.8,"3GB","5A",0,"HR","D",4,-2.4,616
"SQ57853 511",10.8,"5GG","4C",0,"GI",,1,5.9,435
"SQ50765 051",10.8,"3GB","5A",0,"HR","D",10,4,486
"SQ63306 011",4,"3GB","5A",1,"HR",,3,-9.2,361
"SQ50841 061",9.3,"5GG","5A",0,"HR",,10,-4.8,626
"SQ66374 541",8.2,"3GB","5A",0,"PO","B",4,-1.4,487
"SQ53651 051",6.2,"5GG","5A",0,"HGI","F",12,1,558
"SQ52467 011",5.4,"3GB","4C",0,"PO","B",11,-5.8,637
"SQ57078 541",2.4,"3GB","4C",1,"FH",,1,-6.4,457
"SQ53329 041",5.7,"3GB","5A",0,"GI",,11,-2.4,572
"SQ59112 051",11.7,"3GB","4C",0,"PO","D",2,1.3,488
"SQ49911 021",8.2,"5GG","5A",0,"HR",,10,1.1,591
"SQ62231 041",6.9,"3GB","4C",1,"GI",,3,-3.9,461
"SQ72980 031",12.1,"3GB","4C",0,"PO","D",7,1.7,389
"SQ78194 531",5.5,"3GB","4C",0,"BP",,8,-5.5,562
"SQ61218 541",14.6,"5GG","4C",0,"FH",,2,2.2,354
"SQ71507 531",4.3,"5GG","5A",0,"HR",,6,-5.8,558
"SQ53230 041",16.5,"5GG","4C",0,"HGI","D",11,4.8,482
"SQ70904 061",12.3,"5GG","5A",0,"HR",,6,3.4,439
"SQ51095 021",12.9,"5GG","4C",0,"HGI","F",10,4.6,465
"SQ60688 061",17.3,"3GB","5A",0,"HR",,2,6,429
"SQ75688 531",10.4,"5GG","4C",0,"CR",,8,3.3,342
"SQ72057 541",15.7,"5GG","5A",0,"HR",,6,7.4,397
"SQ78269 571",8,"3GB","4C",0,"PO","B",8,1.8,481
"SQ58143 511",17.8,"5GG","4C",0,"FH","B",1,1.2,352
"SQ53304 581",7.3,"5GG","4C",0,"PO","D",11,-7.8,381
"SQ51662 511",15.3,"5GG","5A",0,"GI","F",11,3.2,332
"SQ63088 551",12,"5GG","5A",0,"HR",,3,-1.2,447
"SQ51233 051",4.3,"3GB","4C",1,"HR",,10,-3.7,333
"SQ55362 051",9.1,"5GG","5A",0,"CR",,12,-3.1,434
"SQ57895 021",11.4,"5GG","4C",0,"HR",,1,-3.4,359
"SQ57972 561",8.1,"3GB","4C",0,"CR",,1,-3.5,555
"SQ66296 551",7.3,"5GG","5A",0,"CR",,4,-2.9,506
"SQ63102 021",12.1,"5GG","4C",0,"HGI","F",3,-1.3,443
"SQ51265 021",1.8,"3GB","5A",1,"HR",,10,-6.9,505
"SQ80748 031",13.4,"5GG","5A",0,"PO","B",9,2.2,481
"SQ77571 011",7.8,"3GB","4C",0,"HR",,8,-5.1,578
"SQ74905 011",4.3,"5GG","4C",0,"PO","D",7,-10.9,669
"SQ75587 541",5.3,"3GB","5A",0,"HR",,8,-5.6,579
"SQ66370 051",8.4,"5GG","5A",0,"PO","B",4,-3.8,625
"SQ74558 521",1.9,"3GB","5A",0,"PO","D",7,-5.3,773
"SQ61267 561",16.7,"5GG","5A",0,"PO","D",2,3.7,363
"SQ80263 031",8.2,"5GG","5A",0,"FH",,9,3.1,683
"SQ52338 081",13.8,"5GG","4C",0,"HR",,11,1.4,350
"SQ53776 071",5.3,"3GB","4C",0,"PO","G",12,-0.8,620
"SQ77029 051",6.8,"3GB","5A",0,"HR","B",8,-2.6,696
"SQ78897 541",11,"5GG","5A",0,"GI","B",9,0.3,381
"SQ71827 031",6.9,"5GG","5A",0,"HR","D",6,-5.9,486
"SQ52466 521",6.2,"3GB","4C",0,"PO","B",11,-5.3,506
"SQ62400 541",11.4,"3GB","4C",0,"HR","D",3,3.3,478
"SQ59865 011",17,"5GG","4C",0,"HGI","F",2,12.3,344
"SQ67351 551",4.4,"5GG","5A",0,"HR",,5,-8,800
"SQ49556 041",10.9,"5GG","5A",0,"HR",,10,-2.4,621
"SQ61456 551",12.8,"5GG","5A",0,"CR",,2,4,369
"SQ57896 051",11.2,"3GB","4C",0,"HGI","F",1,0,405
"SQ79299 511",6.3,"3GB","5A",0,"HR",,9,-2.7,427
"SQ79168 531",6.3,"3GB","5A",0,"HR","B",9,1,330
"SQ70683 551",4.7,"3GB","5A",0,"GI","B",6,-6.1,623
"SQ65131 511",8.8,"5GG","5A",0,"CR",,4,-2.3,572
"SQ63713 511",6.3,"5GG","5A",0,"HR",,3,-2.6,674
"SQ56710 041",13.3,"5GG","5A",0,"CR","B",1,6.8,350
"SQ71468 041",5.6,"3GB","5A",1,"GI","F",6,-5.6,397
"SQ79143 021",1.9,"3GB","4C",0,"CR",,9,-5.7,673
"SQ80648 071",17.2,"5GG","5A",0,"HR","B",9,9.7,410
"SQ50813 071",7.6,"3GB","4C",0,"HR",,10,-3.4,535
"SQ78205 031",8.1,"5GG","5A",0,"CR",,8,-1.9,518
"SQ53761 521",3,"3GB","5A",0,"PO","B",12,-8.1,586
"SQ68097 531",8.3,"5GG","5A",0,"HR","D",5,1.1,500
"SQ49423 011",9.1,"5GG","5A",0,"HR",,10,-1.4,679
"SQ79676 011",7.2,"3GB","5A",0,"HGI","F",9,-5.3,437
"SQ74125 551",8,"5GG","4C",0,"HR","D",7,-4.3,582
"SQ52732 031",12.8,"3GB","4C",0,"HR",,11,8.4,439
"SQ55161 551",3.9,"5GG","4C",0,"HR","B",12,-8,618
"SQ52228 541",8.4,"5GG","4C",0,"CR",,11,-5.8,344
"SQ79415 021",10.3,"3GB","5A",0,"GI","D",9,-4.8,514
"SQ52977 561",5.2,"3GB","5A",0,"HR",,11,-4.4,573
"SQ54706 551",7,"5GG","5A",0,"HR",,12,-6.8,700
"SQ80438 531",5.9,"5GG","5A",0,"CR",,9,-1.8,527
"SQ53172 051",9.5,"5GG","5A",0,"GI",,11,3.2,510
"SQ50140 061",6.3,"5GG","5A",0,"HR","D",10,-1.1,496
"SQ68316 061",14.9,"5GG","5A",0,"PO","D",5,6.1,338
"SQ59174 021",12.3,"5GG","5A",0,"CR",,2,-1.8,493
"SQ66236 511",11.5,"3GB","4C",0,"HR","B",4,0.7,563
"SQ75702 011",5.2,"3GB","5A",0,"CR",,8,-0.5,640
"SQ74121 071",8.4,"5GG","4C",0,"HR","D",7,-3.2,494
"SQ66795 021",9.4,"3GB","4C",0,"HR",,4,-4.5,559
"SQ78261 551",6.7,"5GG","5A",0,"CR",,8,-5.1,680
"SQ78606 021",5,"5GG","4C",0,"GI",,9,-4.5,499
"SQ70974 021",11.8,"5GG","4C",0,"HR","D",6,-0.7,451
"SQ60037 061",12.1,"5GG","4C",0,"HR","B",2,3.7,449
"SQ78334 041",8,"3GB","4C",0,"HGI","D",8,-8.4,533
"SQ59124 041",9,"5GG","5A",0,"CR",,2,-1.4,342
"SQ80850 041",16.7,"5GG","5A",0,"CR",,9,1.5,436
"SQ77489 531",4.1,"5GG","5A",0,"HR",,8,2.6,659
"SQ65969 041",4,"5GG","5A",0,"CR",,4,-5.2,733
"SQ77073 541",8.1,"3GB","5A",0,"GI",,8,1.2,498
"SQ66235 521",10,"3GB","5A",0,"CR",,4,0.7,562
"SQ60833 031",13.8,"5GG","5A",0,"HR",,2,0.3,350
"SQ73991 041",4.1,"5GG","4C",0,"HR","D",7,-2,622
"SQ76539 541",20.9,"5GG","5A",0,"CR",,8,13.3,335
"SQ56218 511",0.5,"3GB","5A",1,"GI",,1,-5.6,347
"SQ78599 551",5.2,"5GG","5A",0,"CR",,9,-6.4,604
"SQ76186 051",3.8,"5GG","5A",0,"HR","B",8,-3.6,766
"SQ74359 031",3.9,"3GB","5A",0,"HGI","F",7,-8,663
"SQ60092 051",10.7,"5GG","5A",0,"HGI","D",2,0,497
"SQ53088 071",14.7,"5GG","5A",0,"HR","B",11,1.9,420
"SQ74075 041",5.1,"5GG","5A",0,"HR","D",7,0.2,711
"SQ52894 071",11,"3GB","5A",0,"HR",,11,2.1,510
"SQ78758 041",1.7,"3GB","5A",0,"GI","D",9,-4.7,740
"SQ71600 051",4.3,"3GB","5A",0,"HR",,6,-4.7,715
"SQ52984 561",14.2,"5GG","5A",0,"HGI","F",11,6.3,363
"SQ70231 021",12.5,"5GG","4C",0,"PO","B",6,0.6,403
"SQ56745 541",8.5,"5GG","4C",0,"CR",,1,4.5,464
"SQ70519 541",18.5,"5GG","4C",0,"CR",,6,11.1,401
"SQ75388 511",6.8,"3GB","5A",0,"CR",,7,-4.9,561
"SQ78274 531",8.6,"5GG","5A",0,"HR",,8,1.8,575
"SQ73931 031",1.5,"3GB","4C",0,"GI",,7,-6.6,615
"SQ61523 021",10.8,"3GB","5A",0,"HR",,2,5.6,413
"SQ62406 521",7.2,"5GG","5A",0,"HGI","D",3,-1.4,519
"SQ70306 081",12.3,"5GG","5A",0,"BP",,6,4,402
"SQ70382 541",2,"3GB","4C",0,"PO","D",6,-5.9,721
"SP99800 011",15.6,"5GG","7A",0,"HR",,11,7.5,301
"SQ60106 061",8.9,"5GG","5A",0,"HR","B",2,0.6,520
"SQ66626 011",9.6,"5GG","5A",0,"HR","D",4,-6.2,466
"SQ78257 051",9.5,"5GG","4C",0,"CR",,8,3.2,513
"SQ72881 021",8.5,"5GG","4C",0,"PO","D",7,1.8,446
"SQ63030 061",7.2,"5GG","5A",0,"HGI","D",3,-1.3,649
"SQ72784 511",7.1,"5GG","5A",0,"PO","B",7,-7,533
"SQ78322 021",9.9,"5GG","5A",0,"HR",,8,-3.7,515
"SQ70360 051",3.8,"3GB","4C",0,"HR",,6,-4,490
"SQ51483 511",3.4,"3GB","5A",0,"CR",,10,-2.9,635
"SQ71366 061",9.3,"5GG","5A",0,"HR",,6,3.1,556
"SQ61607 521",15.6,"5GG","5A",0,"BP",,3,9,350
"SQ50271 051",6.7,"3GB","5A",0,"HGI","F",10,-0.9,533
"SQ61024 531",11.1,"3GB","5A",0,"HR",,2,-0.9,401
"SQ63257 011",12.2,"5GG","5A",0,"CR",,3,-1.3,481
"SQ74634 561",2.9,"5GG","5A",0,"CR",,7,-7.2,671
"SQ52919 531",10.3,"5GG","5A",0,"HR",,11,0.1,611
"SQ52101 551",10.5,"5GG","4C",0,"GI","B",11,-5.2,488
"SQ74467 031",2.5,"5GG","5A",0,"FH",,7,-3.1,743
"SQ68422 551",10.8,"5GG","5A",0,"PO","B",5,0.7,360
"SQ62294 031",10.5,"3GB","5A",0,"PO","D",3,0.3,599
"SQ70763 041",4.9,"3GB","4C",0,"HR","D",6,1,669
"SQ69985 521",15.1,"3GB","4C",0,"GI",,5,7.7,426
"SQ53231 041",4,"3GB","5A",1,"GI",,11,-8.3,323
"SQ67330 041",0.5,"3GB","4C",1,"HR",,5,-4.9,312
"SQ57877 011",12.2,"5GG","5A",0,"HGI","D",1,2,438
"SQ76932 531",6,"5GG","5A",0,"CR",,8,-4.4,471
"SQ54722 021",6.9,"5GG","4C",0,"GA",,12,-2.8,504
"SQ52343 551",13.9,"5GG","4C",0,"HR",,11,0.4,427
"SQ66074 011",13.4,"3GB","5A",0,"FH",,4,5,362
"SQ78895 561",11,"5GG","5A",0,"GI","B",9,-2.9,321
"SQ52224 031",10.9,"5GG","5A",0,"PO","D",11,-0.9,519
"SQ58409 531",2.9,"5GG","4C",0,"HGI","D",1,-2.2,562
"SQ71982 041",13.1,"5GG","5A",0,"HR",,6,1.3,454
"SQ56369 031",7.3,"3GB","4C",0,"HR","B",1,0.7,444
"SQ58473 031",17,"5GG","5A",0,"HR","F",1,6.6,406
"SQ52720 011",6.3,"3GB","4C",1,"HR",,11,-0.6,364
"SQ70387 571",3.7,"5GG","4C",0,"HR","B",6,-6.1,583
"SQ73413 031",7,"3GB","4C",0,"GA",,7,-6.4,466
"SQ68291 541",21.1,"5GG","4C",0,"HR",,5,12,388
"SQ52602 011",3.3,"5GG","4C",0,"HR",,11,-4.6,693
"SQ58444 511",4.9,"5GG","5A",0,"HR","B",1,-4.6,675
"SQ78853 531",8.7,"3GB","5A",0,"CR",,9,-1.3,476
"SQ81056 521",9.9,"5GG","5A",0,"HR",,9,1.5,381
"SQ53748 571",3.2,"3GB","5A",0,"HGI","D",12,-3.7,671
"SQ51312 551",0.6,"3GB","5A",1,"GI","F",10,-6.1,386
"SQ64824 551",3,"3GB","4C",1,"FH",,4,-6.5,339
"SQ76802 541",6.7,"3GB","5A",0,"CR","B",8,-2.6,491
"SQ71197 521",6.4,"3GB","5A",0,"HR",,6,-0.3,383
"SQ66532 031",6.1,"3GB","5A",0,"HR","D",4,-2.3,459
"SQ68694 541",10,"3GB","4C",0,"FH","B",5,0.2,546
"SQ57188 011",12.3,"3GB","5A",0,"HR","D",1,-0.5,379
"SQ50359 541",11.2,"3GB","5A",0,"HR","B",10,-1.4,485
"SQ50971 051",7.1,"3GB","5A",0,"HGI","D",10,-3.8,559
"SQ54202 051",16.2,"5GG","4C",0,"HR",,12,5.8,353
"SQ70133 031",1.2,"5GG","5A",0,"HR",,6,-5.9,807
"SQ66854 511",8.4,"5GG","5A",0,"HR","D",4,-0.3,558
"SQ62308 031",13,"5GG","4C",0,"PO","B",3,4.4,541
"SQ53662 531",4,"3GB","5A",0,"HR",,12,-1.3,684
"SQ52170 061",6.8,"5GG","5A",0,"CR",,11,-4.5,449
"SQ64540 031",11.4,"5GG","5A",0,"HR","D",4,5.1,615
"SQ65538 011",13.5,"5GG","5A",0,"HGI","F",4,3.7,379
"SQ63746 521",4.7,"5GG","5A",0,"BP",,3,-4.6,633
"SQ59436 031",5.6,"3F1","5A",1,"HR",,2,0.7,618
"SQ73955 021",2,"3GB","4C",0,"CR",,7,-5.5,664
"SQ64298 051",9.7,"5GG","5A",0,"HR",,3,2.2,350
"SQ78822 541",10.9,"5GG","5A",0,"HR","D",9,-1.8,551
"SQ56306 021",1.3,"3GB","4C",0,"CR",,1,-5.9,640
"SQ73505 531",9.3,"3GB","5A",1,"CR",,7,-1.2,309
"SQ61681 051",8.3,"5GG","5A",0,"HGI","D",3,-5.9,594
"SQ49967 521",16.2,"5GG","5A",0,"HGI","D",10,4.3,355
"SQ53769 541",7.2,"3GB","4C",0,"PO","G",12,2.3,609
"SQ66631 561",13.9,"3GB","5A",0,"HR",,4,8.4,420
"SQ77122 041",5.4,"5GG","4C",0,"HR","D",8,-6.7,509
"SQ52402 511",18.3,"5GG","4C",0,"GA","D",11,2.8,342
"SQ68503 521",1.2,"3GB","5A",1,"HR","B",5,-5.5,385
"SQ73932 521",6.3,"3GB","5A",1,"CR",,7,1.4,352
"SQ77648 561",8.4,"3GB","5A",0,"HGI","F",8,-1.9,648
"SQ80867 051",14,"3GB","4C",0,"HGI","D",9,-1.6,352
"SQ52590 031",4.9,"5GG","4C",0,"HR",,11,-1.6,493
"SQ52984 051",14.2,"5GG","5A",0,"HGI","D",11,6.3,372
"SQ76835 041",9.2,"5GG","4C",0,"CR",,8,2.7,481
"SQ50886 041",5.2,"3GB","4C",0,"HR",,10,-5.4,658
"SQ65206 511",6.5,"5GG","5A",0,"HR",,4,-2.4,591
"SQ70360 531",5.5,"5GG","4C",0,"HR",,6,0.9,434
"SQ52356 551",6.9,"5GG","4C",0,"PO","B",11,-4,340
"SQ49771 511",7.7,"3GB","4C",0,"HGI","F",10,-4.5,422
"SQ62401 531",7.6,"3GB","5A",0,"HGI","F",3,0.1,610
"SQ74325 551",2.3,"3GB","5A",0,"HGI","F",7,-2.3,648
"SQ80789 061",13.8,"5GG","4C",0,"HR","G",9,3.7,450
"SQ61688 031",7.9,"3GB","4C",0,"HGI","F",3,1.8,312
"SQ63672 011",9.6,"5GG","5A",0,"HR",,3,0.3,555
"SQ67851 051",9.6,"5GG","5A",0,"HR","F",5,-3.3,519
"SQ74126 511",9.7,"5GG","4C",0,"HR","D",7,0.5,353
"SQ57034 561",11.7,"3GB","5A",0,"HR",,1,-0.5,500
"SQ69737 521",7.4,"5GG","4C",0,"GI","B",5,-1,583
"SQ52636 041",2.9,"3GB","4C",1,"HR","D",11,-3.4,359
"SQ72266 521",9.4,"5GG","5A",0,"CR",,6,-1.9,487
"SQ60355 521",2.6,"3GB","5A",1,"GI","F",2,-7.2,347
"SQ76268 011",4,"5GG","5A",0,"FH",,8,-4.3,676
"SQ54868 541",6.8,"5GG","4C",0,"PO","D",12,-3.3,504
"SQ64642 021",11.9,"5GG","4C",0,"PO","D",4,1.8,419
"SQ72424 021",8.2,"5GG","4C",0,"PO","D",6,0.2,499
"SQ73272 031",5.2,"5GG","5A",0,"HR","D",7,-2.5,672
"SQ50054 021",11.9,"5GG","5A",0,"HGI","F",10,0.4,474
"SQ49747 521",9,"5GG","4C",0,"GI","B",10,-3.5,621
"SQ61198 041",7,"5GG","5A",0,"HGI","D",2,-2.1,549
"SQ64950 041",8.4,"3GB","5A",0,"HGI","F",4,-0.2,527
"SQ75434 061",8.7,"5GG","5A",0,"CR",,7,-1.4,399
"SQ49160 021",15,"5GG","5A",0,"GA",,10,-0.1,362
"SQ62109 511",9.3,"5GG","5A",0,"GI",,3,-3.9,536
"SQ53043 531",15.8,"5GG","5A",0,"HR","D",11,3.1,491
"SQ53746 041",5.7,"3GB","5A",0,"HR","D",12,-2.8,524
"SQ49432 021",10.9,"5GG","4C",0,"CR",,10,-2.2,485
"SQ54782 541",14.9,"3GB","4C",0,"CR",,12,9.3,393
"SQ60677 571",14.4,"5GG","4C",0,"HR",,2,1.3,400
"SQ64112 041",6.4,"3GB","5A",0,"PO","B",3,-1,496
"SQ59239 051",1.3,"3GB","4C",1,"GI","F",2,-7.9,430
"SQ49538 531",7.4,"3GB","4C",0,"CR",,10,-2.5,570
"SQ61176 521",11.1,"5GG","5A",0,"PO","D",2,-0.1,361
"SQ79621 531",6.3,"3GB","4C",0,"GI","B",9,-5.7,524
"SQ73978 561",6.6,"5GG","5A",0,"HR",,7,1.6,515
"SQ73612 541",4.3,"3GB","4C",0,"HR",,7,-6.6,685
"SQ69814 521",2.3,"3GB","5A",1,"HR","B",5,-13.5,346
"SQ66957 541",3.7,"3GB","5A",0,"GI",,4,-9.1,576
"SQ66927 021",10.1,"5GG","5A",0,"HR",,4,-3.8,497
"SQ72471 041",6,"5GG","5A",0,"CR",,6,-7.4,639
"SQ64260 531",11.6,"3GB","5A",0,"HR",,3,-1.3,427
"SQ79595 541",6.9,"3GB","4C",0,"HGI","F",9,0.1,662
"SQ59528 011",17.4,"3GB","5A",0,"HR","B",2,-0.3,401
"SQ52585 521",5.4,"5GG","4C",0,"HR",,11,-0.2,618
"SQ75708 031",17.2,"5GG","5A",0,"HGI","D",8,13.9,376
"SQ50472 011",4.5,"5GG","4C",0,"CR",,10,-3.6,576
"SQ50142 531",6,"5GG","5A",0,"HR","D",10,-1.7,520
"SQ52451 541",9.6,"3GB","4C",0,"HR",,11,0.8,414
"SQ77584 011",6.9,"5GG","5A",0,"HGI","D",8,-8.1,730
"SQ60754 521",6,"3GB","5A",0,"HR",,2,-7.1,701
"SQ68822 531",9.9,"5GG","4C",0,"CR",,5,-2.4,539
"SQ60353 541",4,"5GG","4C",0,"CR",,2,-3.9,488
"SQ78162 051",19.3,"5GG","5A",0,"PO","B",8,4.9,422
"SQ80890 511",10.9,"3GB","4C",0,"PO","F",9,0.2,388
"SQ72716 551",9.8,"3GB","4C",0,"GI",,6,-4.2,432
"SQ58482 561",2.2,"5GG","5A",0,"HR","F",1,-3.9,596
"SQ57233 031",18.1,"5GG","4C",0,"GI",,1,8.1,355
"SQ72984 011",3.7,"3GB","5A",1,"HR","F",7,-7.7,318
"SQ54150 061",15.7,"3GB","4C",0,"GI",,12,2.3,352
"SQ73739 031",4.4,"3GB","4C",0,"CR",,7,1.6,686
"SQ57995 541",7,"5GG","5A",0,"HGI","F",1,-3.1,556
"SQ77391 021",6.1,"3GB","4C",0,"HGI","D",8,0.5,586
"SQ81034 521",9.7,"5GG","5A",0,"GI","D",9,1.7,366
"SQ80173 041",5.3,"3GB","5A",0,"HR",,9,-3.6,586
"SQ74007 541",7.5,"5GG","5A",0,"HR",,7,-3.3,479
"SQ53755 511",10.7,"3GB","4C",0,"HR",,12,7,527
"SQ50668 021",9.3,"3GB","5A",0,"PO","B",10,-6,517
"SQ70509 521",5.7,"3GB","4C",0,"GI",,6,1.2,495
"SQ66627 541",13.1,"3GB","5A",0,"HR",,4,0.9,499
"SQ81187 041",7.5,"3GB","5A",0,"GI","B",9,-2.6,550
"SQ53199 041",8.7,"3GB","4C",0,"PO","G",11,-0.1,505
"SQ79056 031",14,"3GB","4C",0,"HR","B",9,8.5,407
"SQ59847 051",13.7,"5GG","4C",0,"CR","B",2,10.4,443
"SQ50355 521",10.7,"5GG","5A",0,"GA",,10,-6.4,392
"SQ53043 551",15.8,"3GB","5A",0,"HR",,11,4.6,363
"SQ57099 511",11.7,"5GG","5A",0,"HGI","F",1,2.6,459
"SQ50854 031",8,"3GB","4C",0,"HR",,10,0.8,553
"SQ59099 051",15.4,"5GG","5A",0,"CR",,2,4.7,343
"SQ54099 571",18,"5GG","5A",0,"HR","F",12,10.9,336
"SQ68652 561",12.3,"5GG","4C",0,"HR",,5,-0.7,469
"SQ72999 531",3.9,"3GB","5A",0,"HR",,7,-3,551
"SQ76379 051",5,"5GG","4C",0,"CR",,8,0.4,619
"SQ70798 011",5.2,"5GG","5A",0,"HR","F",6,-5.9,654
"SQ56892 031",7.9,"3GB","4C",0,"HGI","F",1,2.1,573
"SQ64545 051",10.3,"5GG","5A",0,"HGI","F",4,3.4,597
"SQ51586 541",11.2,"3GB","5A",0,"CR",,11,0.1,374
"SQ56392 011",12.5,"5GG","4C",0,"HR","D",1,5,537
"SQ67249 531",7.6,"5GG","5A",0,"HR",,5,-1.4,529
"SQ61705 021",10.7,"3GB","4C",0,"HGI","D",3,1.6,442
"SQ55076 011",4.9,"5GG","4C",0,"HR",,12,-0.8,734
"SQ56390 041",10.8,"3GB","5A",0,"HR",,1,3.8,409
"SQ61703 551",10.7,"3GB","4C",0,"HGI","D",3,2,397
"SQ78981 561",6.4,"5GG","4C",0,"CR",,9,-7.3,709
"SQ50547 531",14.5,"5GG","5A",0,"HR","D",10,4,405
"SQ58012 021",18.2,"5GG","5A",0,"HR","B",1,11.7,355
"SQ58059 511",6.7,"5GG","4C",0,"CR","B",1,-2.3,526
"SQ77934 511",8.2,"5GG","5A",0,"HR","D",8,3,590
"SQ58194 041",14.7,"5GG","4C",0,"CR",,1,4.9,394
"SQ80390 051",4.5,"3GB","4C",0,"CR",,9,-3.9,651
"SQ78962 541",8.8,"5GG","5A",0,"PO","B",9,-2.1,563
"SQ58943 051",7.3,"5GG","4C",0,"HR","B",2,2.3,500
"SQ54866 011",6.4,"5GG","4C",0,"GI",,12,-2.4,428
"SQ67336 531",10.9,"5GG","5A",0,"GI","B",5,1,362
"SQ57778 551",11.2,"5GG","5A",0,"HR",,1,-3.7,484
"SQ74540 051",1.5,"3GB","5A",0,"HR","B",7,-2.8,760
"SQ70834 021",9,"5GG","5A",0,"HR","B",6,0.8,459
"SQ74483 511",11.5,"5GG","5A",0,"CR","B",7,7.1,583
"SQ75705 021",4.9,"5GG","5A",0,"HGI","F",8,-1.8,544
"SQ49804 011",6,"5GG","5A",0,"CR",,10,-6.8,480
"SQ59870 031",12.2,"5GG","5A",0,"PO","B",2,6.1,338
"SQ70692 081",5.1,"5GG","5A",0,"BP",,6,0.6,542
"SQ72879 021",6.3,"5GG","5A",0,"CR",,7,-4.6,635
"SQ79076 541",10.4,"5GG","5A",0,"CR",,9,3.4,352
"SQ70487 521",8.6,"3GB","4C",0,"BP",,6,-1.1,474
"SQ73332 031",6.5,"5GG","5A",0,"CR",,7,-2.3,442
"SQ52503 511",14.4,"5GG","5A",0,"HR","D",11,6.5,497
"SQ52728 531",10.3,"5GG","5A",0,"HR",,11,3.2,428
"SQ80895 041",9.2,"5GG","4C",0,"PO","F",9,-1.4,666
"SQ54342 021",17.3,"5GG","4C",0,"GA","F",12,11.3,352
"SQ56615 051",4.6,"3GB","5A",0,"HR",,1,-3.5,683
"SQ49637 541",5.1,"3GB","5A",0,"CR",,10,-8,588
"SQ56533 551",15.5,"5GG","4C",0,"HR",,1,8.2,346
"SQ75767 551",4.9,"5GG","5A",0,"PO","B",8,-2.8,484
"SQ57822 511",10.5,"3GB","4C",0,"CR",,1,1.6,497
"SQ68063 041",13.5,"5GG","5A",0,"PO","D",5,6,376
"SQ73189 521",9.7,"5GG","4C",0,"BP",,7,-1.6,516
"SQ57163 511",16.2,"5GG","5A",0,"HR","D",1,6.2,464
"SQ56133 521",2.8,"3GB","5A",0,"HR",,12,-0.9,654
"SQ63325 551",13.9,"5GG","5A",0,"PO","B",3,1.6,405
"SQ73236 531",3.8,"5GG","5A",0,"HR","B",7,-8.3,594
"SQ79613 531",7.2,"5GG","4C",0,"GI","B",9,-3.7,533
"SQ50530 581",14.1,"5GG","5A",0,"HR","B",10,0.4,379
"SQ65196 541",7.9,"5GG","5A",0,"PO","G",4,-4.1,575
"SQ64385 531",11.9,"5GG","5A",0,"HR",,3,4.5,588
"SQ62223 011",10,"3GB","5A",0,"HR",,3,-1.6,596
"SQ59039 521",6.3,"3GB","5A",0,"PO","B",2,-1.2,655
"SQ73350 541",4.3,"3GB","5A",0,"HR",,7,-2,617
"SQ79660 011",11.3,"3GB","5A",0,"HGI","F",9,-2.1,373
"SQ56536 561",14.2,"3GB","4C",0,"HR",,1,7.4,312
"SQ50526 541",13.1,"5GG","5A",0,"PO","G",10,0.9,363
"SQ53653 011",5.7,"5GG","5A",0,"HGI","F",12,0.7,553
"SQ49257 561",13.4,"3GB","5A",0,"HGI","F",10,2.7,556
"SQ58703 541",3.9,"5GG","5A",0,"BP",,1,-6.6,502
"SQ73836 561",5,"3GB","5A",0,"GI","D",7,-4.5,680
"SQ53925 031",15,"5GG","5A",0,"HGI","F",12,0,412
"SQ50140 541",5.8,"3GB","5A",0,"HR","D",10,-1.1,657
"SQ55822 531",5.1,"3GB","5A",0,"PO","B",12,1.2,658
"SQ74399 061",1.7,"3GB","5A",0,"CR","F",7,-5.8,590
"SQ58381 541",7.9,"5GG","4C",0,"GI",,1,-4,603
"SQ76591 531",16.1,"5GG","5A",0,"GA",,8,6.4,326
"SQ69002 041",14.5,"3GB","5A",0,"HR",,5,7.6,338
"SQ50170 041",5.8,"3GB","4C",0,"HGI","F",10,-3.7,504
"SQ75705 541",4.4,"5GG","5A",0,"HGI","F",8,-2.1,526
"SQ64981 551",11,"5GG","5A",0,"BP",,4,-2.8,378
"SQ56671 041",6.5,"5GG","5A",0,"HGI","F",1,-6.8,476
"SQ72223 521",16.3,"3GB","4C",0,"HR",,6,7.4,350
"SQ57785 551",11.1,"5GG","5A",0,"HR","B",1,-1.8,477
"SQ58078 561",4,"3GB","4C",0,"HR",,1,-1,705
"SQ72719 041",7.6,"5GG","5A",0,"HR",,6,-4.8,671
"SQ55756 531",3.8,"3GB","4C",0,"GI","B",12,-4.9,503
"SQ52188 521",19.7,"5GG","4C",0,"HR","B",11,5.1,473
"SQ60304 551",9.6,"3GB","4C",0,"BP",,2,-0.5,460
"SQ59866 591",9.3,"5GG","5A",0,"PO","B",2,-0.2,308
"SQ53708 071",1.2,"3GB","5A",0,"HGI","F",12,-3.6,738
"SQ52459 571",6.2,"5GG","4C",0,"GI","B",11,-2.8,448
"SQ74479 031",7.2,"3GB","4C",0,"HR",,7,0.2,555
"SQ75352 021",4.9,"5GG","5A",0,"CR",,7,-6.9,500
"SQ53744 061",5.5,"5GG","5A",0,"HR","D",12,-2.3,572
"SQ77229 541",7.2,"5GG","5A",0,"GI","B",8,0.2,481
"SQ64987 051",7.6,"5GG","5A",0,"PO","B",4,-5,656
"SQ56114 011",5.9,"5GG","5A",0,"HGI","D",12,-1.4,612
"SQ66264 031",11.6,"3GB","5A",0,"PO","D",4,0.3,380
"SQ76889 531",8.7,"3GB","5A",0,"HGI","F",8,-2.2,450
"SQ71385 011",13.5,"5GG","5A",0,"HR",,6,2.1,486
"SQ78686 541",4.3,"5GG","5A",0,"HR","D",9,-8.5,539
"SQ68810 031",11.5,"3GB","5A",0,"HR",,5,-2,365
"SQ63236 011",8.9,"5GG","4C",0,"HR","D",3,-3.8,556
"SQ55869 041",10.1,"5GG","4C",0,"HR","D",12,4.2,562
"SQ65531 521",15,"5GG","5A",0,"PO","F",4,4.9,478
"SQ51870 511",7.4,"5GG","4C",0,"HR",,11,-2.1,523
"SQ67718 051",9,"5GG","4C",0,"BP",,5,-5,422
"SQ53721 551",6,"5GG","5A",0,"CR","F",12,-4.7,671
"SQ63281 031",7.7,"5GG","5A",0,"HR","F",3,-7,601
"SQ73151 011",3.8,"3GB","4C",0,"HR",,7,-4.6,752
"SQ49605 531",13.4,"5GG","5A",0,"CR",,10,5.4,417
"SQ73326 041",7.3,"3GB","5A",0,"HR",,7,-4,661
"SQ71737 521",5.7,"3GB","4C",0,"PO","B",6,-5.8,636
"SQ58805 531",9.4,"5GG","5A",0,"CR",,1,-1.2,556
"SQ73913 031",5.4,"5GG","5A",0,"HR",,7,-1.8,544
"SQ79152 521",5.2,"5GG","4C",0,"HGI","B",9,-3.2,471
"SQ60650 061",7.1,"3GB","4C",0,"BP",,2,-2,583
"SQ67367 031",6.9,"3GB","5A",0,"GI","D",5,-2.3,437
"SQ66474 041",8.2,"5GG","5A",0,"HR",,4,1.1,595
"SQ79366 051",8.7,"5GG","5A",0,"GI",,9,-2.9,502
"SQ50025 021",18.7,"5GG","5A",0,"HR",,10,7.5,427
"SQ73989 051",3.8,"3GB","4C",0,"HR","D",7,-1.5,666
"SQ78757 521",3.1,"3GB","5A",0,"HR",,9,-1.9,601
"SQ66957 021",4,"5GG","5A",0,"GI",,4,-9,672
"SQ79273 051",6.4,"3GB","5A",0,"HR","F",9,-1.5,697
"SQ58952 531",3.4,"3GB","4C",1,"GI","F",2,-6,373
"SQ80484 031",6.9,"5GG","5A",0,"CR",,9,-4.4,654
"SQ52107 551",4.5,"3GB","5A",0,"HR",,11,-7.2,666
"SQ64977 041",9.5,"5GG","5A",0,"CR",,4,-1.7,496
"SQ68855 531",5.2,"3GB","4C",0,"CR",,5,-0.1,453
"SQ64870 531",9.9,"5GG","4C",0,"HGI","F",4,-0.7,457
"SQ80601 551",7.3,"5GG","4C",0,"PO","B",9,2.2,541
"SQ57829 011",4.7,"3GB","5A",0,"HGI","B",1,-9.2,544
"SQ74879 051",0.6,"3GB","4C",1,"GI","D",7,-11,408
"SQ70993 061",7.7,"5GG","4C",0,"HR",,6,-4.4,656
"SQ52492 541",5.2,"3GB","4C",0,"HR",,11,0,555
"SQ80513 531",11.9,"5GG","5A",0,"HR","D",9,3.2,443
"SQ66500 061",13.7,"5GG","5A",0,"HR",,4,5.8,464
"SQ62911 551",16.7,"5GG","5A",0,"HR",,3,5.3,387
"SQ54750 021",9.4,"5GG","5A",0,"HR",,12,-2.7,403
"SQ67287 041",5.1,"3GB","5A",1,"GI","F",5,-3.1,342
"SQ70654 011",12.8,"5GG","5A",0,"CR",,6,1.7,360
"SQ76164 541",7.7,"3GB","4C",0,"HR",,8,-1.2,569
"SQ73201 011",10.6,"5GG","5A",0,"HR",,7,0.7,519
"SQ56387 541",12.8,"5GG","4C",0,"HR","D",1,5.9,554
"SQ63915 061",11.6,"3GB","5A",0,"HR","D",3,-1.4,508
"SQ69571 061",7.7,"5GG","5A",0,"HR",,5,-1,537
"SQ77622 061",6.7,"5GG","5A",0,"PO","B",8,-1.4,660
"SQ78301 511",13.8,"5GG","5A",0,"HR","D",8,-2.6,479
"SQ80336 061",6.8,"5GG","5A",0,"HR","B",9,-2.1,468
"SQ72088 551",12,"3GB","5A",0,"HR",,6,2.3,550
"SQ70502 011",6.6,"3GB","4C",1,"CR",,6,1.5,340
"SQ80866 551",5.7,"3GB","5A",0,"CR",,9,-6.9,604
"SQ51716 031",12.7,"5GG","4C",0,"HR","D",11,-2.5,390
"SQ52520 021",10,"3GB","4C",0,"HR","D",11,0.9,544
"SQ68866 531",35.8,"5GG","5A",0,"PO","G",5,26.3,319
"SQ60610 511",12.1,"5GG","5A",0,"CR",,2,5.6,438
"SQ51222 531",5.2,"5GG","5A",0,"HR","F",10,-0.7,642
"SQ52080 011",8.3,"3GB","4C",0,"CR",,11,-5.2,566
"SQ80600 011",8.7,"5GG","5A",0,"FH",,9,2.6,653
"SQ65198 071",6.4,"3GB","5A",0,"PO","G",4,-5.2,597
"SQ62337 541",7.6,"5GG","5A",0,"GA","B",3,-2.6,588
"SQ67234 031",7.7,"5GG","5A",0,"HR","D",5,-7.6,683
"SQ63717 021",10.2,"5GG","4C",0,"HGI","F",3,3.3,465
"SQ55921 521",3.6,"3GB","4C",0,"HR","B",12,-4.4,727
"SQ70272 021",10.3,"5GG","5A",0,"PO","B",6,-0.1,546
"SQ53703 021",6.4,"5GG","5A",0,"HGI","D",12,-0.4,528
"SQ74510 041",6.4,"3GB","5A",0,"CR",,7,0.3,615
"SQ52829 551",10.6,"5GG","5A",0,"HR",,11,4.2,544
"SQ60462 511",11.7,"5GG","5A",0,"PO","B",2,-0.9,423
"SQ59951 521",9.7,"5GG","4C",0,"CR",,2,-0.2,503
"SQ57184 541",14.8,"5GG","5A",0,"HR","D",1,0.4,509
"SQ64332 051",9.3,"3GB","5A",0,"HGI","F",3,-0.5,569
"SQ59051 061",14.3,"5GG","5A",0,"PO","B",2,0.3,329
"SQ50477 021",4.9,"3GB","5A",0,"HR",,10,-2.2,541
"SQ59382 061",4.1,"3F1","5A",1,"HR",,2,0.4,479
"SQ54136 541",8.5,"3GB","5A",0,"GI","B",12,-0.6,539
"SQ70377 051",8.4,"5GG","5A",0,"PO","B",6,-2.7,643
"SQ68590 031",14.1,"5GG","5A",0,"CR",,5,0.4,364
"SQ51659 531",13.8,"5GG","5A",0,"HR",,11,3.7,380
"SQ49560 551",19.7,"5GG","5A",0,"HR",,10,10.7,419
"SQ57987 021",9.4,"3GB","5A",0,"HGI","F",1,-0.3,413
"SQ51567 031",4.9,"3GB","4C",0,"GI",,11,-7.7,449
"SQ80812 551",7.4,"3GB","5A",0,"BP",,9,-1.5,573
"SQ75225 051",8.9,"5GG","5A",0,"CR",,7,1,527
"SQ54775 011",14.9,"5GG","5A",0,"HR",,12,-1.9,420
"SQ73841 551",2.3,"3GB","5A",0,"GA","D",7,-5.7,617
"SQ71908 521",13.3,"5GG","5A",0,"HR","D",6,11.4,554
"SQ56973 541",6.2,"5GG","5A",0,"HR",,1,-3.7,658
"SQ60455 021",7.2,"5GG","5A",0,"PO","D",2,-1.1,524
"SQ74905 041",6.4,"3GB","4C",0,"PO","B",7,-4.8,383
"SQ64870 031",9.7,"3GB","4C",0,"HGI","F",4,-0.6,443
"SQ57377 521",4.7,"3GB","4C",1,"HR","D",1,-6.2,356
"SQ68892 541",4.1,"3GB","4C",0,"HR",,5,-2.9,622
"SQ58776 531",8.6,"3GB","4C",0,"HR",,1,2,471
"SQ75187 521",8.7,"3GB","4C",1,"CR",,7,-3.5,334
"SQ56671 531",4.6,"3GB","5A",0,"HGI","F",1,-8.3,477
"SQ73033 011",19.1,"5GG","5A",0,"FH",,7,6.5,476
"SQ70135 031",0.9,"3GB","5A",0,"HR",,6,-6.6,810
"SQ74804 541",0.9,"3GB","5A",1,"HR","B",7,-11,344
"SQ57211 551",8.1,"3GB","4C",1,"GI","D",1,3.2,332
"SQ72498 061",7.6,"5GG","5A",0,"HR","D",6,-3.2,454
"SQ74338 071",5.1,"3GB","5A",0,"BP",,7,-2.2,647
"SQ53020 041",14.2,"5GG","4C",0,"HGI","F",11,0.3,427
"SQ65416 021",4.3,"3GB","4C",0,"GI",,4,-9.3,460
"SQ74415 541",3,"3GB","4C",0,"HR",,7,-2.8,612
"SQ75809 011",8.4,"3GB","4C",0,"CR",,8,-0.6,546
"SQ71650 531",15.8,"5GG","5A",0,"HR",,6,4.3,408
"SQ62272 011",8.2,"3GB","5A",0,"CR",,3,-4.2,439
"SQ73594 551",6.6,"5GG","4C",0,"GI",,7,-3.2,425
"SQ62291 521",13.2,"3GB","4C",0,"GA",,3,1.3,309
"SQ61387 531",7.4,"3GB","5A",0,"CR",,2,0.1,586
"SQ78499 041",4.4,"5GG","5A",0,"HR",,9,-7.5,570
"SQ77338 021",8.6,"3GB","5A",0,"CR",,8,4.8,537
"SQ71859 031",7.6,"5GG","5A",0,"HR",,6,-0.9,600
"SQ56861 551",13.6,"5GG","5A",0,"HR",,1,2.2,507
"SQ76896 031",8.6,"3GB","4C",0,"HR","F",8,0.2,522
"SQ72497 561",5.8,"5GG","5A",0,"HR","D",6,-8.4,687
"SQ57419 551",5.3,"5GG","5A",0,"PO","D",1,-5.9,685
"SQ76309 011",6.7,"3GB","5A",0,"CR","B",8,-6.9,630
"SQ58642 051",12.9,"3GB","4C",0,"HR","F",1,5.8,471
"SQ52600 031",3.9,"3GB","4C",0,"HR",,11,-4.3,696
"SQ54021 521",13.8,"5GG","5A",0,"GI","B",12,2.9,431
"SQ74125 031",8.2,"5GG","4C",0,"HR","D",7,-4.2,502
"SQ77938 051",8.4,"5GG","5A",0,"HR",,8,1.5,585
"SQ50275 511",5.9,"5GG","5A",0,"HGI","D",10,-2.1,465
"SQ53738 021",3.6,"3GB","4C",0,"GI",,12,-10.2,649
"SQ60015 031",3.4,"5GG","5A",0,"CR",,2,0.7,549
"SQ74564 551",0.9,"3F1","5A",0,"PO","D",7,-7,823
"SQ53109 011",14.2,"5GG","5A",0,"CR",,11,6,347
"SQ78378 021",7.6,"3GB","5A",0,"HR",,9,-2.4,544
"SQ59620 541",8.8,"5GG","4C",0,"GI","D",2,-2.6,429
"SQ66540 541",8.1,"3GB","5A",1,"HR","B",4,-1.7,357
"SQ53399 021",9.4,"5GG","5A",0,"HR",,11,-4.7,571
"SQ80808 081",7.4,"5GG","5A",0,"BP",,9,-1,620
"SQ76153 521",4,"3GB","4C",0,"CR",,8,0,595
"SQ73784 531",5.4,"5GG","5A",0,"BP",,7,-1.2,625
"SQ52418 041",11.8,"3GB","4C",0,"HR","D",11,-3,452
"SQ54019 041",12.9,"5GG","5A",0,"GI","B",12,2.8,405
"SQ56793 511",4.8,"3GB","4C",1,"GI","F",1,-2.4,347
"SQ51474 021",4.2,"3GB","5A",0,"CR",,10,-4,407
"SQ56475 521",16.1,"3GB","4C",0,"PO","G",1,0.3,401
"SQ76303 051",7,"5GG","5A",0,"GI","B",8,-6.2,626
"SQ59122 041",8.5,"5GG","5A",0,"CR",,2,-0.9,565
"SQ57270 531",14.5,"5GG","5A",0,"PO","F",1,10.4,447
"SQ69578 511",10.1,"5GG","5A",0,"HR",,5,-1.2,419
"SQ49693 561",10.5,"5GG","4C",0,"HR","B",10,-4.9,473
"SQ70794 031",11.9,"3GB","4C",0,"HR",,6,3.1,406
"SQ66876 051",7.3,"5GG","5A",0,"HR",,4,-2.4,593
"SQ64797 521",4.8,"3GB","4C",0,"HGI","F",4,-0.3,616
"SQ73936 541",5.7,"5GG","5A",0,"HR","D",7,-1,583
"SQ52846 031",8.4,"3GB","5A",0,"EG","F",11,-1.3,543
"SQ54122 511",15.2,"5GG","5A",0,"HR","B",12,4.9,366
"SQ73991 571",3.7,"5GG","4C",0,"HR","D",7,-2.1,546
"SQ56530 031",8.4,"3GB","5A",0,"HR",,1,-1.8,366
"SQ69855 011",13.3,"5GG","5A",0,"HR","F",5,4.5,360
"SQ58488 041",14.9,"5GG","5A",0,"GI",,1,5.2,375
"SQ76471 511",7.7,"3GB","5A",0,"CR",,8,-2.2,507
"SQ70503 531",4.8,"3GB","5A",0,"PO","B",6,2.6,660
"SQ53196 541",14.6,"5GG","5A",0,"HR",,11,3.7,342
"SQ56554 511",46.6,"3GB","5A",0,"PosMAC",,1,38.5,309
"SQ72366 521",8.8,"5GG","5A",0,"HR","B",6,0.3,540
"SQ68254 031",6.5,"3GB","5A",0,"CR",,5,-4.6,562
"SQ74962 541",3.2,"3GB","4C",0,"HR",,7,-6.5,624
"SQ52979 061",5,"5GG","5A",0,"HR",,11,-4.8,713
"SQ74021 041",3.3,"3GB","5A",0,"HR",,7,-4.6,564
"SQ50646 561",4.2,"3GB","5A",0,"CR",,10,-9.9,524
"SQ72026 511",16.4,"5GG","4C",0,"HR","F",6,11.4,312
"SQ72806 041",8.5,"5GG","5A",0,"CR",,7,-3.2,484
"SQ56917 061",6.1,"5GG","5A",0,"PO","B",1,-0.9,574
"SQ51017 551",1,"3GB","5A",1,"GI",,10,-6.8,402
"SQ80650 081",16.2,"3GB","5A",0,"HR","B",9,8.9,362
"SQ75279 011",6.5,"3GB","5A",0,"HR",,7,-4,444
"SQ62387 041",12.6,"5GG","5A",0,"BP",,3,3.3,336
"SQ78130 511",26.4,"5GG","5A",0,"HR","B",8,19.4,318
"SQ63704 511",16.3,"5GG","5A",0,"HR","D",3,8,392
"SQ59305 011",19.6,"5GG","5A",0,"HGI","F",2,1.8,404
"SQ57260 511",0.8,"3GB","4C",1,"GI","F",1,-2.7,309
"SQ59235 011",10.8,"3GB","5A",0,"GI",,2,-3.5,427
"SQ66528 031",11.1,"3GB","5A",0,"HR",,4,-1.4,396
"SQ76737 051",15.8,"5GG","5A",0,"HGI","D",8,5.3,613
"SQ63483 051",13.7,"3GB","5A",0,"GI","B",3,8.2,380
"SQ65978 061",6.8,"5GG","5A",0,"HR",,4,-4.5,678
"SQ54606 011",9.1,"5GG","5A",0,"HR",,12,-2.4,567
"SQ60919 021",15.1,"5GG","5A",0,"HGI","F",2,5.1,500
"SQ78742 031",3,"3GB","5A",0,"CR",,9,-5.7,600
"SQ64880 541",14.4,"5GG","5A",0,"HR",,4,3.2,395
"SQ70380 071",2,"3GB","4C",0,"PO","D",6,-5.6,743
"SQ80185 541",11,"5GG","4C",0,"HR",,9,1.6,486
"SQ49091 511",7.2,"5GG","5A",0,"GI","B",10,-0.4,492
"SQ54029 511",14.4,"5GG","4C",0,"CR",,12,6.5,429
"SQ75676 531",5.7,"3GB","4C",0,"HR","D",8,-2,474
"SQ59172 021",4.4,"3GB","4C",0,"GI","B",2,-3.5,660
"SQ60035 051",12.3,"5GG","4C",0,"HR","B",2,4.5,509
"SQ67878 041",7.4,"3GB","4C",1,"HR",,5,0.2,323
"SQ66623 551",14.5,"3GB","5A",0,"HR","D",4,2,511
"SQ74155 021",8.5,"5GG","4C",0,"HR",,7,-2.7,511
"SQ76055 031",2.7,"5GG","4C",0,"HR","B",8,-5.5,618
"SQ51430 061",4.8,"3GB","5A",0,"HR",,10,-4.1,605
"SQ79814 551",8.3,"3GB","5A",0,"CR",,9,-4.4,567
"SQ54099 061",16.8,"5GG","5A",0,"HR",,12,10.7,364
"SQ64249 531",13.4,"5GG","5A",0,"HR",,3,1.3,393
"SQ58780 041",6.2,"3GB","4C",0,"HR",,1,1.4,505
"SQ63668 521",9.6,"5GG","5A",0,"HR",,3,-1.9,523
"SQ73296 051",7.4,"3GB","5A",0,"BP",,7,-2.8,578
"SQ63512 541",17.8,"3GB","4C",0,"HR","B",3,9.7,407
"SQ80342 091",6.2,"3GB","5A",0,"CR",,9,-3.5,643
"SQ75567 021",7.1,"5GG","5A",1,"GI","F",8,-8,377
"SQ80653 021",18.4,"5GG","5A",0,"HR","B",9,8.7,353
"SQ51878 541",14.1,"5GG","4C",0,"HR",,11,4.2,464
"SQ56455 521",17.5,"5GG","5A",0,"CR",,1,4.7,432
"SQ76163 531",3.6,"5GG","4C",0,"HR",,8,-2.7,610
"SQ55357 011",9.8,"5GG","5A",0,"HR",,12,-1.7,479
"SQ52006 551",6.4,"3GB","5A",0,"CR",,11,-0.2,515
"SQ78044 031",5.8,"5GG","4C",0,"GI",,8,-1.7,703
"SQ55061 521",5.6,"3GB","5A",0,"GI",,12,-5.4,631
"SQ57824 061",11.3,"5GG","5A",0,"HGI","F",1,0.2,500
"SQ65158 031",4.5,"5GG","5A",0,"HGI","F",4,-6.4,716
"SQ73178 041",3.3,"3GB","5A",0,"HGI","D",7,-5.9,615
"SQ58617 021",0.5,"3GB","4C",1,"EG","F",1,-9.3,563
"SQ77333 041",9.7,"5GG","5A",0,"PO","D",8,6.2,583
"SQ62412 041",13.5,"5GG","5A",0,"HR",,3,3.2,466
"SQ67089 051",12.3,"5GG","5A",0,"HR",,4,1.6,360
"SQ56633 561",3.2,"3GB","5A",0,"PO","F",1,-4.3,659
"SQ55881 011",4.9,"5GG","5A",0,"HR",,12,-7.6,618
"SQ73789 531",12,"5GG","5A",0,"BP",,7,7.3,378
"SQ75746 521",3.4,"5GG","5A",0,"HR",,8,-1.8,721
"SQ63368 031",10.4,"3GB","5A",0,"HR","D",3,5.5,514
"SQ50175 021",5.2,"3GB","4C",0,"HGI","F",10,-5.2,549
"SQ67652 521",12.6,"3GB","5A",0,"HR",,5,-0.9,427
"SQ75226 031",7.2,"3GB","5A",0,"HR","D",7,-5.7,625
"SQ52695 561",9.2,"5GG","4C",0,"HR","B",11,-0.9,613
"SQ57903 551",10.4,"5GG","4C",0,"HGI","D",1,2.1,513
"SQ66957 041",3.7,"3GB","5A",0,"GI",,4,-9.2,640
"SQ77930 071",4.9,"3GB","5A",0,"HR","D",8,1.7,616
"SQ70975 011",7.4,"5GG","5A",0,"HR",,6,-1.5,551
"SQ62181 011",11.1,"5GG","5A",0,"GI","B",3,-1.7,600
"SQ78391 031",6.9,"3GB","4C",0,"HR","F",9,-7.1,554
"SQ60148 551",10.4,"3GB","4C",0,"HR","B",2,1.9,439
"SQ57323 521",13.2,"3GB","4C",0,"CR",,1,2.4,403
"SQ69712 011",11.3,"5GG","4C",0,"CR","B",5,5.3,562
"SQ57987 031",9.6,"5GG","5A",0,"HGI","D",1,-0.4,639
"SQ53871 021",13.4,"5GG","5A",0,"HR","D",12,-0.5,399
"SQ63058 511",4.7,"3GB","5A",1,"FH","D",3,-7.3,384
"SQ70857 051",4.7,"5GG","5A",0,"HR",,6,-4.8,638
"SQ74204 051",11,"5GG","5A",0,"CR",,7,2.1,499
"SQ50696 041",8.7,"3GB","5A",0,"HR","B",10,-2.7,618
"SQ50332 061",7.1,"5GG","4C",0,"GI","B",10,0.3,550
"SQ70193 511",6,"3GB","4C",0,"PO","B",6,-1.9,603
"SQ52107 021",6,"5GG","5A",0,"HR",,11,-6.8,614
"SQ51166 011",14.7,"5GG","4C",0,"PO","D",10,8.4,437
"SQ57632 041",7.3,"3GB","4C",0,"GA",,1,3.1,539
"SQ53508 011",11.2,"5GG","4C",0,"HR","D",11,-0.1,607
"SQ56623 051",13.2,"5GG","4C",0,"PO","D",1,-1.9,437
"SQ66337 531",5.7,"5GG","4C",0,"CR",,4,-5.8,468
"SQ69231 031",8.9,"5GG","5A",0,"HR",,5,-4.8,405
"SQ65797 041",7.5,"5GG","5A",0,"HR",,4,-4.9,597
"SQ60501 521",8.2,"3GB","5A",0,"GI",,2,-1.6,434
"SQ50534 521",14.8,"5GG","5A",0,"HR","B",10,-0.5,442
"SQ78599 561",5.4,"5GG","5A",0,"CR",,9,-3.4,644
"SQ62892 521",15.1,"3F1","5A",0,"HR","D",3,10,408
"SQ53755 011",10.6,"3GB","4C",0,"HR",,12,6.9,544
"SQ50077 511",8.3,"5GG","4C",0,"HR",,10,3.8,542
"SQ67952 041",8,"5GG","5A",0,"HR",,5,-2.8,564
"SQ71817 011",8.4,"5GG","5A",0,"HR","F",6,-5.8,642
"SQ68425 511",7.6,"5GG","5A",0,"GI","B",5,0,403
"SQ79158 051",4.2,"3GB","4C",0,"HGI","B",9,-4.8,547
"SQ74643 051",1.9,"3GB","5A",0,"PO","B",7,-3.5,702
"SQ67638 521",7.9,"3GB","5A",0,"HR",,5,-3,378
"SQ58529 031",3.6,"3GB","4C",0,"GA",,1,-6.4,703
"SQ72009 531",40.7,"5GG","4C",0,"PO","G",6,31.2,317
"SQ69574 021",10.1,"5GG","5A",0,"HR",,5,0.1,472
"SQ59958 551",8.4,"3GB","5A",0,"HR","B",2,-2.1,484
"SQ74288 521",3.8,"5GG","5A",0,"HR",,7,-5.4,711
"SQ68957 011",7.2,"5GG","4C",0,"GA",,5,-8.7,571
"SQ80335 061",7.7,"5GG","5A",0,"HR","B",9,-1.6,702
"SQ78248 031",5.5,"3GB","4C",0,"CR",,8,-5.1,645
"SQ58720 531",5.6,"3GB","5A",0,"PO","G",1,-1.5,507
"SQ61224 041",11,"5GG","5A",0,"HR","D",2,-2.7,499
"SQ77373 031",9.3,"3GB","5A",0,"HGI","D",8,-3.7,461
"SQ72907 541",6.1,"5GG","4C",0,"BP",,7,-3.2,473
"SQ65231 521",16.7,"5GG","4C",0,"HR","F",4,6.6,512
"SQ56307 021",5.4,"3GB","5A",0,"HR","D",1,-5.6,621
"SQ50763 531",13.4,"5GG","5A",0,"HR","F",10,5,448
"SQ77252 531",7.8,"3GB","5A",1,"GA",,8,-0.5,304
"SQ60141 021",10.2,"3GB","4C",0,"HR","B",2,3.7,409
"SQ55875 511",15.9,"5GG","5A",0,"PO","B",12,7.2,339
"SQ50507 551",11.5,"5GG","5A",0,"HGI","D",10,-2.6,416
"SQ68892 531",4.3,"3GB","4C",0,"HR",,5,-2.8,626
"SQ74205 531",10.8,"3GB","5A",0,"CR",,7,1.7,329
"SQ76490 541",4.6,"3GB","4C",1,"GI","D",8,-1.4,330
"SQ76450 051",8.5,"5GG","5A",0,"CR",,8,-2.7,541
"SQ68205 041",15.5,"5GG","5A",0,"CR",,5,9,341
"SQ55073 521",4,"3GB","4C",0,"GI",,12,-0.3,573
"SQ78101 021",8.5,"3GB","4C",0,"PO","D",8,2.1,435
"SQ54347 551",13.7,"3GB","5A",0,"HR","B",12,-2.3,439
"SQ66263 041",8.5,"3GB","4C",0,"FH",,4,-6.3,563
"SQ76591 551",14.8,"5GG","5A",0,"GA",,8,6.2,320
"SQ61202 021",6.5,"5GG","5A",0,"HGI","F",2,-3,559
"SQ61549 531",4.1,"3GB","5A",0,"HGI","F",2,-3.6,600
"SQ64065 541",7.9,"5GG","5A",0,"CR",,3,-1.3,401
"SQ52392 031",8.1,"3GB","5A",0,"HR","B",11,-2.6,561
"SQ51277 531",8.1,"3GB","5A",0,"CR",,10,0.1,470
"SQ72609 051",10.9,"3GB","5A",0,"CR",,6,0.8,377
"SQ60360 031",13.9,"3GB","4C",0,"CR",,2,1.9,468
"SQ53692 521",3.8,"3GB","4C",0,"CR",,12,-2.9,749
"SQ66139 021",9.9,"3GB","5A",0,"CR",,4,0,465
"SQ74337 011",5.6,"3GB","5A",0,"BP",,7,-0.9,576
"SQ77367 031",9.7,"5GG","5A",0,"HGI","D",8,-2.2,581
"SQ64905 041",6.2,"3GB","5A",0,"CR",,4,-3.5,419
"SQ66291 561",5.3,"3GB","5A",0,"HR",,4,-7.2,413
"SQ77733 011",7.3,"5GG","5A",0,"HGI","F",8,-3.7,558
"SQ72516 541",10.8,"3GB","5A",0,"HR",,6,2.6,545
"SQ65514 541",11.6,"3GB","5A",0,"CR",,4,0.9,401
"SQ74352 541",3.7,"3GB","5A",0,"HGI","F",7,-6.3,578
"SQ57214 511",4.2,"3GB","4C",1,"GI","D",1,-1.1,329
"SQ60000 561",5.1,"3GB","5A",1,"HR",,2,-4.1,392
"SQ49127 041",36,"3GB","5A",0,"HGI","D",10,24.5,354
"SQ69712 051",11.2,"5GG","4C",0,"HR","B",5,4.7,416
"SQ79962 551",4.8,"5GG","5A",0,"GI",,9,-6.3,686
"SQ79189 041",4.7,"5GG","4C",0,"CR",,9,-0.8,642
"SQ66588 021",17.3,"5GG","5A",0,"HR",,4,1.2,316
"SQ80274 031",5.1,"5GG","5A",0,"PO","D",9,0.4,669
"SQ68205 031",15.7,"5GG","5A",0,"CR",,5,9.1,381
"SQ67014 531",12.9,"5GG","5A",0,"HR",,4,0,578
"SQ55076 531",4.3,"3GB","4C",0,"HR",,12,-0.8,665
"SQ75399 031",11.3,"3GB","4C",0,"BP",,7,4.4,422
"SQ78263 541",6.5,"3GB","5A",0,"CR","F",8,-6.1,519
"SQ51918 051",7.8,"5GG","5A",0,"HR","F",11,-0.5,584
"SQ68626 551",5.6,"3GB","4C",0,"HR",,5,-8.3,449
"SQ52844 041",9.5,"5GG","5A",0,"HR","D",11,3.2,534
"SQ61529 511",5.7,"3GB","4C",1,"HR","B",2,0.2,363
"SQ57146 011",8.7,"5GG","5A",0,"GI","B",1,-1.1,490
"SQ54905 521",3.8,"5GG","4C",0,"GI",,12,2.5,645
"SQ51295 021",7.5,"5GG","5A",0,"HGI","F",10,-1.8,480
"SQ75011 051",2,"3GB","5A",0,"PO","D",7,-3.8,694
"SQ63183 021",5.9,"3GB","4C",0,"GI","F",3,-6,507
"SQ63720 031",5.8,"5GG","5A",0,"HR","D",3,-4.3,644
"SQ53094 551",14.9,"5GG","5A",0,"HGI","B",11,4,410
"SQ60391 051",14.7,"5GG","4C",0,"HR",,2,5.7,358
"SQ61065 011",8.2,"5GG","5A",0,"FH",,2,2.4,606
"SQ62964 531",10.6,"5GG","4C",0,"GI","B",3,-2.3,385
"SQ50526 551",13,"5GG","5A",0,"PO","G",10,0.8,441
"SQ51608 531",15.7,"5GG","5A",0,"HR",,11,5.5,351
"SQ55834 541",10.5,"5GG","5A",0,"PO","B",12,4.1,603
"SQ66545 031",8.4,"3GB","5A",1,"HR",,4,-2.2,375
"SQ69896 011",9.9,"3GB","4C",1,"CR",,5,3.8,304
"SQ72999 031",6.1,"3GB","5A",0,"HR",,7,-3.1,504
"SQ58241 531",11.1,"3GB","5A",0,"HR","B",1,-1.8,427
"SQ77359 511",11.2,"3GB","5A",0,"HGI","D",8,-0.1,515
"SQ53712 041",3.6,"3GB","5A",0,"HGI","F",12,-4.1,635
"SQ79350 031",0.3,"3GB","5A",0,"HR",,9,-5.4,764
"SQ59190 531",9.6,"3GB","4C",0,"HGI","F",2,-5.6,512
"SQ78401 011",5.4,"3GB","5A",0,"BP",,9,-10.5,651
"SQ62877 041",15.8,"5GG","5A",0,"HGI","D",3,0.4,505
"SQ78202 511",9.2,"5GG","5A",0,"HGI","F",8,-0.7,503
"SQ77925 061",4.4,"5GG","4C",0,"GI",,8,-4.4,646
"SQ62998 531",16.1,"5GG","5A",0,"GI",,3,7.2,434
"SQ59351 061",13,"5GG","5A",0,"HGI","F",2,6.6,432
"SQ65274 041",4.5,"3GB","5A",0,"FH",,4,-3.6,698
"SQ54238 031",8.5,"5GG","5A",0,"PO","B",12,-2.5,546
"SQ80342 071",6.2,"3GB","5A",0,"CR",,9,-3.4,536
"SQ66620 051",14,"3GB","5A",0,"HR","D",4,2.5,490
"SQ79617 051",7.8,"3GB","4C",0,"GI","B",9,-4.5,673
"SQ58495 051",5.8,"3GB","4C",0,"HR",,1,-1.6,543
"SQ71252 031",3.5,"3GB","5A",0,"GI",,6,-3.2,587
"SQ75838 071",5.6,"5GG","5A",0,"HGI","F",8,-1.5,505
"SQ78927 031",13.6,"3GB","5A",0,"HGI","F",9,1.4,469
"SQ59695 521",14.4,"3GB","4C",0,"HGI","D",2,5.4,449
"SQ53769 011",7.3,"3GB","4C",0,"PO","G",12,2.5,602
"SQ71504 031",4.5,"3GB","5A",0,"HR",,6,-8.2,636
"SQ54634 011",13.3,"5GG","5A",0,"HR",,12,0.6,427
"SQ52898 531",16.9,"5GG","5A",0,"HGI","F",11,8,307
"SQ49977 041",15.5,"3GB","5A",0,"HR",,10,1.9,500
"SQ75893 521",3.3,"5GG","5A",0,"GI","D",8,-8.3,661
"SQ78479 031",7.2,"3GB","5A",0,"GI",,9,-1.6,617
"SQ70278 071",9.5,"5GG","5A",0,"PO","B",6,-2.3,353
"SQ58001 511",9.9,"3GB","4C",0,"HGI","F",1,2.7,516
"SQ68127 051",8.5,"3GB","5A",0,"HR",,5,0.1,381
"SQ55515 551",11.8,"5GG","5A",0,"HGI","B",12,-2.4,515
"SQ74237 521",3.3,"5GG","5A",0,"HR",,7,-0.5,561
"SQ70865 551",7.5,"5GG","4C",1,"HR",,6,-2.6,341
"SQ66543 561",9.9,"3GB","5A",1,"HR","B",4,-0.2,316
"SQ60467 541",11.4,"5GG","4C",0,"GI","F",2,2.2,458
"SQ73779 541",2.8,"3GB","5A",0,"BP",,7,0,733
"SQ57137 051",4.4,"3GB","5A",0,"BP",,1,-6.7,511
"SQ69534 031",9.9,"5GG","5A",0,"GI","F",5,5.1,571
"SQ53521 041",9,"5GG","5A",0,"GI","B",11,-1.2,569
"SQ65024 511",14.9,"5GG","5A",0,"HR",,4,4.8,448
"SQ56160 031",4,"3GB","5A",0,"HR","D",1,-3.6,644
"SQ55183 521",7.6,"5GG","5A",0,"HGI","D",12,-2,538
"SQ57731 511",6.6,"5GG","5A",0,"HR",,1,-3.5,678
"SQ60092 021",10.7,"5GG","5A",0,"HGI","F",2,0.3,422
"SQ77811 041",6.1,"5GG","4C",0,"HGI","F",8,-1.8,669
"SQ74294 011",2.9,"3GB","5A",0,"HR",,7,-3.7,710
"SQ63079 531",4.3,"3GB","5A",0,"HR",,3,-5.3,532
"SQ51069 561",6.8,"3GB","5A",0,"PO","B",10,-5.1,606
"SQ64740 511",49.6,"5GG","4C",1,"CR","D",4,37.2,315
"SQ75528 051",16.1,"5GG","4C",0,"GI",,8,8.3,442
"SQ51555 041",10.7,"5GG","5A",0,"HGI","D",11,-4,588
"SQ49241 031",16,"3GB","4C",0,"HR",,10,6.4,368
"SQ78277 521",6.7,"3GB","5A",0,"HR",,8,0.6,571
"SQ74201 521",4.5,"3GB","5A",0,"PO","F",7,-5.4,603
"SQ77229 031",5,"5GG","5A",0,"GI","B",8,-0.1,485
"SQ78952 051",8.3,"5GG","4C",0,"CR",,9,-2.5,402
"SQ66203 511",16,"5GG","5A",0,"PO","B",4,4.2,398
"SQ75079 071",11.8,"5GG","5A",0,"PO","D",7,2.1,360
"SQ74423 031",5,"3GB","4C",0,"HR",,7,0.3,553
"SQ56313 521",3.9,"5GG","5A",0,"HR",,1,-7.3,738
"SQ53878 011",11.6,"5GG","5A",0,"HR",,12,-2.4,547
"SQ50743 031",10.5,"5GG","5A",0,"HGI","D",10,2.4,512
"SQ59174 511",12.4,"5GG","5A",0,"CR",,2,-1.6,432
"SQ73252 521",8,"3GB","5A",0,"HR","D",7,-3,654
"SQ75057 051",6.5,"5GG","4C",0,"HR","B",7,-3.8,582
"SQ69769 021",4.3,"3GB","4C",0,"HR","D",5,-9.2,532
"SQ56131 041",2.6,"3GB","5A",0,"HR",,12,-0.6,692
"SQ66928 521",12.4,"3GB","5A",0,"HR",,4,-1.2,432
"SQ63111 511",8.9,"5GG","5A",0,"HR","F",3,-4.2,413
"SQ53084 541",6.9,"3GB","5A",0,"PO","B",11,2.8,649
"SQ73157 041",2.7,"5GG","4C",0,"HR",,7,-6.6,789
"SQ78581 541",23.3,"5GG","5A",0,"HR","F",9,12.4,385
"SQ58459 041",3.8,"3GB","5A",0,"CR","B",1,-4.6,658
"SQ61115 511",6.4,"5GG","5A",0,"HR","D",2,-0.6,544
"SQ53281 041",12.4,"5GG","4C",0,"HR","D",11,-2,386
"SQ55636 551",2.7,"3GB","5A",0,"PO","G",12,-5.5,629
"SQ67095 061",9.1,"3GB","5A",0,"HR","D",4,-4.4,580
"SQ67430 551",8.3,"3GB","4C",0,"PO","D",5,-0.7,498
"SQ56674 061",4.5,"3GB","5A",0,"HGI","F",1,-9.3,568
"SQ49536 041",8.3,"3GB","4C",0,"HR",,10,-2,510
"SQ51150 541",15.7,"5GG","4C",0,"HR",,10,2.8,341
"SQ53648 031",7.7,"3GB","5A",0,"HGI","D",12,2,609
"SQ52815 021",5.1,"3GB","4C",0,"GA","B",11,-2.6,640
"SQ54581 011",10.5,"5GG","5A",0,"HR","D",12,1.2,505
"SQ65163 021",4.8,"5GG","4C",0,"GI",,4,-7.3,522
"SQ56399 021",14.4,"3GB","4C",0,"HR","D",1,9.8,337
"SQ53753 021",11,"3GB","4C",0,"GI",,12,7.8,419
"SQ60831 561",14,"5GG","5A",0,"PO","F",2,-0.3,517
"SQ58509 561",11.2,"5GG","5A",0,"GI",,1,0.6,375
"SQ64725 551",13.4,"5GG","5A",0,"PO","B",4,-0.7,377
"SQ65160 531",7.9,"3GB","4C",0,"GI",,4,-2.6,434
"SQ72849 031",8.4,"5GG","4C",0,"CR",,7,0.5,516
"SQ79617 031",7,"5GG","4C",0,"CR","B",9,-4.3,586
"SQ52862 051",9,"5GG","4C",0,"HGI","F",11,-0.2,561
"SQ65655 521",43.5,"5GG","5A",0,"HGI","F",4,36.7,303
"SQ49143 511",5,"5GG","5A",0,"HGI","D",10,-1.9,637
"SQ71827 531",6.4,"5GG","5A",0,"HR","D",6,-5.8,545
"SQ70527 041",11.1,"5GG","5A",0,"PO","B",6,2.7,314
"SQ55630 591",2.6,"3GB","5A",0,"PO","G",12,-3.7,569
"SQ51301 021",14.8,"5GG","5A",0,"HGI","F",10,7.8,336
"SQ51859 021",11.6,"5GG","5A",0,"CR","B",11,7,476
"SQ60752 051",5.4,"3GB","5A",0,"HR","D",2,-8.1,572
"SQ62383 011",17.3,"5GG","5A",0,"HR",,3,8.1,376
"SQ70761 021",4.8,"5GG","5A",1,"HR",,6,0.4,629
"SQ72375 061",8,"5GG","5A",0,"HR","B",6,-2.3,571
"SQ65524 041",7.3,"5GG","5A",0,"CR",,4,-3.5,414
"SQ74419 021",5.3,"3GB","5A",0,"PO","B",7,-3.7,568
"SQ59923 551",9.1,"5GG","5A",0,"GI","B",2,-1.6,604
"SQ76611 551",10.6,"5GG","5A",0,"CR","B",8,1.4,496
"SQ55255 011",6.2,"3GB","5A",0,"HGI","F",12,-5.3,475
"SQ63514 541",17.3,"5GG","4C",0,"HR","B",3,9,412
"SQ76474 521",15.2,"5GG","5A",0,"HGI","F",8,4.9,540
"SQ67012 041",13.1,"5GG","5A",0,"HR",,4,0.4,580
"SQ64308 551",11.3,"5GG","4C",0,"HGI","D",3,2.7,571
"SQ55505 521",13.7,"5GG","5A",0,"CR",,12,1.8,496
"SQ60461 551",10.8,"3GB","4C",0,"CR",,2,-1.3,442
"SQ68368 561",8,"3GB","4C",0,"HR",,5,-0.9,540
"SQ75451 551",5.8,"5GG","5A",0,"BP",,7,-5.3,535
"SQ49535 041",8.6,"5GG","5A",0,"PO","B",10,-1.3,399
"SQ59425 051",3,"5GG","5A",1,"HR",,2,0,401
"SQ57344 051",9.5,"3GB","5A",0,"HR",,1,-2.7,567
"SQ55358 031",8.9,"3GB","5A",0,"CR",,12,-4.3,541
"SQ71743 531",5.3,"5GG","4C",0,"PO","B",6,-7.4,478
"SQ58474 541",2.7,"3GB","4C",0,"CR",,1,-7.8,708
"SQ67074 511",6.7,"5GG","5A",0,"PO","B",4,-7.9,657
"SQ53579 031",18.6,"3GB","5A",0,"HR","G",11,11.3,322
"SQ50650 051",4.1,"3GB","5A",0,"CR",,10,-9.8,674
"SQ52511 021",10.1,"3GB","4C",0,"HR","D",11,3.5,515
"SQ80812 581",6.3,"3GB","5A",0,"BP",,9,-1.7,422
"SQ56318 551",7.3,"5GG","5A",0,"HR",,1,-1.7,453
"SQ56116 521",3.8,"5GG","5A",0,"HGI","D",12,-5.3,625
"SQ66893 541",4.9,"3GB","4C",0,"GI","D",4,-3.8,426
"SQ70687 051",6.7,"5GG","5A",0,"BP",,6,-2.7,470
"SQ58266 531",7.4,"5GG","4C",0,"CR",,1,0.5,546
"SQ52345 561",7.6,"3GB","5A",0,"HR","D",11,-0.5,629
"SQ74159 521",8.2,"3GB","4C",0,"HR",,7,-3.9,578
"SQ79161 041",4.6,"3GB","4C",0,"HR",,9,-5.3,676
"SQ54151 511",15.3,"5GG","5A",0,"CR",,12,2.4,450
"SQ69141 531",3.2,"3GB","4C",1,"HR","F",5,-6,419
"SQ77924 031",5.8,"3GB","5A",0,"HR","D",8,3.2,570
"SQ54048 521",15.1,"3GB","4C",0,"HGI","D",12,6.2,412
"SQ71899 511",26.3,"5GG","5A",0,"HR","G",6,17.3,343
"SQ64062 531",10,"5GG","5A",0,"CR",,3,-0.1,442
"SQ79050 061",11.3,"5GG","4C",0,"HR","B",9,4.4,515
"SQ55126 041",7.7,"5GG","4C",0,"CR",,12,0.5,426
"SQ78184 531",10.7,"5GG","5A",0,"PosMAC","B",8,-2.7,507
"SQ72479 571",2.6,"5GG","5A",0,"CR",,6,-9.7,654
"SQ61010 521",11.8,"3GB","4C",0,"HR",,2,3.1,512
"SQ51504 521",115.9,"3GB","4C",1,"PO","Z",11,101.4,319
"SQ79288 541",8.7,"5GG","5A",0,"HR",,9,-0.3,545
"SQ67276 021",9.7,"5GG","5A",0,"HR",,5,0,453
"SQ52113 511",16.2,"5GG","5A",0,"HR",,11,3.2,378
"SQ65294 551",6.7,"5GG","4C",0,"FH",,4,-2.7,535
"SQ60238 551",7.3,"5GG","5A",0,"HR","D",2,-0.6,529
"SQ66887 541",16.3,"5GG","5A",0,"HR","D",4,6,375
"SQ55272 011",14.9,"3GB","4C",0,"FH",,12,6.2,383
"SQ51166 041",14.6,"2GB","4C",0,"PO","D",10,8.1,372
"SQ73193 011",7.8,"3GB","5A",0,"HR","D",7,-2.3,582
"SQ60044 531",11.5,"5GG","4C",0,"HR","B",2,2.1,432
"SQ55854 041",10.3,"5GG","5A",0,"HR",,12,-0.9,381
"SQ79109 021",6.6,"3GB","5A",0,"GI",,9,-1.1,424
"SQ65594 551",10.7,"3GB","4C",0,"HGI","D",4,-1.5,611
"SQ74125 521",8.1,"3GB","4C",0,"HR","D",7,-4,456
"SQ73927 511",1.7,"3GB","5A",0,"CR",,7,-4.8,816
"SQ57571 541",3.8,"3GB","5A",1,"GI","F",1,-4.6,329
"SQ71132 531",4.8,"3GB","5A",0,"CR",,6,-3.9,602
"SQ58439 531",4.8,"5GG","5A",0,"HR","B",1,-4.1,670
"SQ65821 051",4.8,"3GB","5A",0,"CR",,4,-3.8,628
"SQ64945 531",7.8,"5GG","5A",0,"GI","B",4,-5.4,411
"SQ50727 511",10.5,"3GB","5A",0,"HR","F",10,0.2,598
"SQ77955 061",9.8,"3GB","4C",0,"HGI","F",8,3.4,656
"SQ56362 531",14.8,"5GG","5A",0,"HGI","F",1,7.6,349
"SQ49976 551",8.8,"3GB","5A",0,"HR",,10,-4.4,326
"SQ72325 021",6.4,"5GG","4C",1,"HR","D",6,0.1,384
"SQ79258 511",11.4,"3GB","5A",0,"HR","D",9,3.8,495
"SQ79630 021",11.8,"3GB","5A",0,"HGI","D",9,3.9,459
"SQ53769 601",6.6,"3GB","4C",0,"PO","G",12,1.9,462
"SQ74518 531",8.8,"5GG","4C",1,"GI",,7,-0.6,340
"SQ76409 521",4.6,"5GG","5A",0,"HR","D",8,-1.4,581
"SQ50226 031",3.1,"5GG","5A",0,"GI","B",10,-6.6,555
"SQ78967 531",5.3,"3GB","5A",0,"PO","D",9,-3.4,632
"SQ68044 031",4.1,"3GB","5A",0,"FH",,5,-9.2,695
"SQ72649 011",6.6,"5GG","5A",0,"HR",,6,-0.2,632
"SQ64708 011",8.7,"5GG","5A",0,"CR",,4,0.2,556
"SQ54412 031",10.3,"5GG","4C",0,"HR",,12,4,320
"SQ50077 031",8.1,"5GG","4C",0,"HR",,10,3.5,456
"SQ67250 511",6.8,"5GG","5A",0,"HR",,5,-1.7,544
"SQ77022 551",6.6,"3GB","5A",0,"HR","B",8,-3.8,639
"SQ80868 031",5.2,"3GB","5A",0,"CR",,9,-7.3,658
"SQ75066 021",4.9,"3GB","4C",0,"HR","B",7,-6.3,490
"SQ62329 041",6,"3GB","5A",0,"HGI","F",3,-0.8,688
"SQ69284 021",6.7,"5GG","5A",0,"HR","D",5,-5.8,634
"SQ66649 551",11.6,"5GG","5A",0,"HR","D",4,2.9,548
"SQ54757 031",9.3,"3GB","5A",0,"PO","D",12,-4.3,429
"SQ72430 021",7.7,"3GB","4C",0,"GI",,6,-1.2,419
"SQ54494 021",9.3,"5GG","5A",0,"GI","B",12,-5.5,532
"SQ56743 531",10,"5GG","4C",0,"CR",,1,5.1,488
"SQ76156 021",2.5,"3GB","4C",0,"CR",,8,-1.3,730
"SQ72874 051",9.7,"3GB","4C",0,"PO","D",7,3.1,371
"SQ56474 071",10.8,"3GB","4C",0,"PO","B",1,-3.9,377
"SQ76941 521",7.1,"5GG","4C",0,"HR",,8,-0.7,467
"SQ60574 011",5.3,"3GB","5A",0,"HR","B",2,-0.3,641
"SQ68652 061",12.3,"5GG","4C",0,"HR",,5,-0.7,488
"SQ64693 031",9.7,"5GG","5A",0,"HGI","D",4,3.1,656
"SQ54023 011",11.9,"5GG","5A",0,"HR","B",12,2,348
"SQ56378 061",6.7,"5GG","4C",0,"CR","B",1,-1.4,580
"SQ61115 031",6.5,"3GB","5A",0,"HR","D",2,-0.8,515
"SQ49320 531",10.5,"5GG","5A",0,"FH","B",10,-0.5,495
"SQ69138 031",2.1,"3GB","4C",1,"HR","F",5,-7,416
"SQ72019 011",16.8,"5GG","4C",0,"HR",,6,7.9,340
"SQ55115 031",10,"5GG","5A",0,"HR","B",12,3.3,611
"SQ56104 021",3.5,"3GB","5A",0,"HGI","F",12,-9.6,642
"SQ58649 031",9.6,"3GB","5A",0,"PO","D",1,4.5,402
"SQ68947 511",9.8,"5GG","5A",0,"GI",,5,-6.5,406
"SQ55878 551",15.8,"5GG","5A",0,"PO","B",12,6.2,330
"SQ70714 541",3.2,"3GB","5A",0,"GI",,6,-3.4,718
"SQ78426 511",8.3,"5GG","4C",0,"PO","D",9,-1.5,446
"SQ80556 541",21.5,"5GG","4C",0,"HR","D",9,13.4,324
"SQ75266 521",12.2,"5GG","5A",0,"CR",,7,4.5,547
"SQ71329 051",4.7,"5GG","5A",0,"GI",,6,-8.8,462
"SQ67066 021",5.9,"5GG","5A",0,"PO","B",4,-7.1,624
"SQ76092 031",2.1,"5GG","5A",0,"GI",,8,-2.7,725
"SQ54785 531",16.3,"3GB","5A",0,"HR",,12,9.1,318
"SQ72227 531",11.9,"3GB","4C",0,"HR",,6,6.3,401
"SQ70797 571",10.6,"3GB","4C",0,"HR",,6,2.1,463
"SQ76164 521",8.4,"5GG","4C",0,"CR",,8,2,352
"SQ50524 511",14.2,"5GG","5A",0,"PO","G",10,2.2,457
"SQ65253 521",5.1,"5GG","5A",0,"HR","F",4,-0.6,616
"SQ50949 061",9.2,"3GB","4C",0,"HR",,10,-2.8,464
"SQ64821 521",3.9,"3GB","4C",1,"GA",,4,-6.2,308
"SQ64560 041",4.4,"5GG","5A",0,"HR",,4,0.2,680
"SQ77209 531",3.6,"5GG","5A",0,"HR",,8,-8.4,537
"SQ64668 541",5.1,"5GG","4C",0,"BP",,4,-4.7,602
"SQ55691 511",17.4,"5GG","5A",0,"GI",,12,6,351
"SQ78775 551",8.2,"3GB","5A",0,"HGI","D",9,-1.8,514
"SQ68626 031",5.1,"5GG","4C",0,"HR",,5,-8.3,621
"SQ71573 541",9.2,"5GG","5A",0,"HR",,6,-1.3,454
"SQ56481 051",7,"3GB","5A",0,"HGI","D",1,-2,548
"SQ65317 551",7.6,"5GG","5A",0,"GA","B",4,-1.3,447
"SQ73171 041",3.9,"5GG","4C",0,"HR",,7,-6.4,721
"SQ70917 561",11.2,"3GB","5A",0,"HR",,6,2,438
"SQ65219 561",4.6,"5GG","5A",0,"CR",,4,-1.7,650
"SQ69377 561",17.5,"5GG","5A",0,"HR",,5,8.6,322
"SQ60338 511",9.7,"3GB","4C",0,"HR","B",2,-0.1,512
"SQ56362 031",14.9,"5GG","5A",0,"HGI","F",1,7.7,449
"SQ77178 541",5.3,"5GG","5A",0,"HGI","B",8,-0.3,746
"SQ52154 551",4.9,"5GG","5A",0,"HR",,11,-4.1,650
"SQ68471 011",15.4,"5GG","5A",0,"GI","B",5,3.1,461
"SQ62594 051",10.1,"5GG","5A",0,"GI","D",3,1.5,583
"SQ79672 561",8.5,"5GG","5A",0,"HGI","D",9,-5.3,456
"SQ52768 511",6.3,"5GG","5A",0,"CR",,11,-2,499
"SQ65973 061",11.4,"3GB","4C",0,"CR",,4,-3.2,435
"SQ60109 021",9.2,"5GG","5A",0,"HR","B",2,0.3,538
"SQ70763 031",5.1,"3GB","4C",0,"HR","D",6,1.1,555
"SQ49603 021",13.8,"3GB","5A",0,"CR",,10,6.1,355
"SQ64853 531",13.5,"5GG","4C",0,"PO","D",4,4.7,384
"SQ54671 061",12,"3GB","5A",0,"HGI","D",12,0.4,383
"SQ54003 571",17.3,"5GG","5A",0,"HR","D",12,4.9,341
"SQ54352 531",16.1,"5GG","5A",0,"HR","D",12,10.3,342
"SQ68720 531",19.1,"3GB","5A",1,"HR","B",5,8.1,301
"SQ69660 521",4.8,"3GB","4C",0,"CR",,5,-2.7,552
"SQ57310 011",6.4,"3GB","4C",0,"GI","D",1,0.8,505
"SQ54075 521",11,"3GB","4C",0,"CR",,12,-1.7,336
"SQ78103 521",10.8,"5GG","4C",0,"PO","B",8,4.3,499
"SQ74511 541",5.7,"3GB","5A",0,"GI","B",7,0.3,583
"SQ51608 041",15.2,"5GG","5A",0,"HR",,11,5.3,414
"SQ62881 021",15.8,"3GB","5A",0,"HGI","D",3,0.1,446
"SQ53749 021",7.1,"3GB","4C",0,"CR",,12,-3.7,502
"SQ78972 011",5.2,"3GB","4C",0,"CR",,9,-4.2,666
"SQ52894 551",11.4,"5GG","5A",0,"HR",,11,2.3,366
"SQ49664 041",11.7,"3GB","5A",0,"HGI","D",10,1.7,419
"SQ53747 551",7,"3GB","5A",0,"HR","F",12,-3,614
"SQ74625 531",3.5,"5GG","5A",0,"CR",,7,-4.2,725
"SQ79962 051",4.7,"5GG","5A",0,"GI",,9,-6.4,710
"SQ71964 031",6.1,"5GG","5A",0,"HR",,6,-3.1,552
"SQ54693 061",7.6,"3GB","5A",0,"HR",,12,-4.2,593
"SQ70897 021",4.3,"3GB","4C",0,"CR",,6,-6.5,637
"SQ61522 041",13.6,"5GG","5A",0,"GI",,2,5.6,393
"SQ54599 551",4.2,"3GB","4C",1,"GI",,12,-6,311
"SQ78895 521",11.5,"3GB","5A",0,"GI","B",9,-2.4,512
"SQ49341 011",6.9,"3GB","5A",0,"HR",,10,-5.2,474
"SQ49784 511",7.2,"5GG","5A",0,"GA",,10,-2,441
"SQ79306 031",5.4,"5GG","5A",0,"HR",,9,-4.6,616
"SQ49099 511",6.2,"5GG","5A",0,"HR","B",10,-2.2,505
"SQ70629 051",4.8,"5GG","5A",0,"PO","G",6,-6.3,512
"SQ74489 541",6.3,"3GB","5A",0,"HR","B",7,5,607
"SQ79652 551",10.1,"3GB","4C",0,"HR",,9,-0.9,490
"SQ77116 511",4.6,"3GB","5A",0,"HR",,8,-4.8,556
"SQ65581 541",12.2,"3GB","5A",0,"HGI","F",4,1.7,390
"SQ50076 521",8.4,"3GB","4C",0,"HR",,10,4.2,576
"SQ49361 031",15.8,"5GG","5A",0,"FH",,10,10.6,472
"SQ49971 551",9.1,"3GB","5A",0,"CR",,10,-2.7,538
"SQ50751 051",11.2,"3GB","5A",0,"HR","D",10,0.2,423
"SQ53729 021",5.2,"3GB","4C",0,"CR",,12,-8,677
"SQ53261 541",8.1,"3GB","4C",0,"HGI","D",11,0.5,536
"SQ56654 061",6.2,"3GB","5A",0,"HGI","D",1,-7.9,629
"SQ68876 541",33.5,"3GB","5A",0,"PO","G",5,24.2,307
"SQ75077 021",9.5,"5GG","5A",0,"HR","D",7,2.3,534
"SQ65489 531",9.7,"5GG","5A",0,"HGI","F",4,-1.8,438
"SQ57594 511",15.7,"3GB","4C",0,"GI",,1,13,426
"SQ77226 041",5.8,"5GG","5A",0,"GI","B",8,0.5,555
"SQ58303 541",13.1,"3GB","4C",0,"HR",,1,6.4,428
"SQ53625 031",6.4,"5GG","5A",0,"HR",,12,-2.8,540
"SQ61198 031",6.5,"3GB","5A",0,"HGI","F",2,-2,581
"SQ56971 021",9.6,"5GG","5A",0,"HR","D",1,-3,525
"SQ74720 551",8.8,"3GB","5A",0,"CR",,7,-0.4,523
"SQ58226 531",11.2,"5GG","5A",0,"HR",,1,0.7,381
"SQ73302 511",14.8,"5GG","5A",0,"BP",,7,8.6,327
"SQ79574 021",7.9,"5GG","4C",0,"HR",,9,-2.3,572
"SQ50089 561",7.7,"5GG","4C",0,"HGI","F",10,0.1,534
"SQ79654 031",7.8,"5GG","4C",0,"HR",,9,-1.5,446
"SQ59363 061",11.2,"5GG","5A",0,"HGI","F",2,3.7,428
"SQ58532 041",4,"3GB","5A",1,"HR","D",1,-3.3,364
"SQ70505 061",5.2,"5GG","5A",0,"PO","B",6,1.5,678
"SQ50763 011",13.6,"5GG","5A",0,"HR","F",10,5.1,451
"SQ54536 521",9,"3GB","4C",0,"GA",,12,-2.2,372
"SQ70768 061",13.2,"3GB","4C",0,"HR",,6,1.1,395
"SQ72740 521",13.1,"3GB","5A",0,"FH",,7,-0.2,320
"SQ58409 011",3.1,"5GG","4C",0,"HGI","D",1,-2,645
"SQ71107 541",3.5,"5GG","5A",0,"HR",,6,-3.7,648
"SQ52657 041",11.4,"3GB","4C",0,"HR",,11,2.2,375
"SQ60863 531",10.2,"5GG","4C",0,"BP",,2,1.6,448
"SQ59773 511",15.7,"5GG","4C",0,"HGI","F",2,3,330
"SQ63090 541",11.6,"5GG","5A",0,"HR",,3,-1.7,496
"SQ62231 521",6.9,"5GG","4C",0,"GI",,3,-3.7,684
"SQ51099 511",12.1,"5GG","4C",0,"HGI","F",10,3.5,575
"SQ70616 531",7.8,"5GG","5A",0,"PO","G",6,-2.7,554
"SQ79368 071",8.3,"5GG","5A",0,"FH",,9,-3.8,451
"SQ61529 031",5.2,"3GB","4C",1,"HR","B",2,-0.2,391
"SQ64346 011",8.8,"5GG","4C",0,"CR",,3,-3.8,522
"SQ63432 551",9.8,"3GB","5A",0,"BP",,3,6.2,382
"SQ69565 531",10.4,"5GG","4C",0,"GI",,5,0.7,454
"SQ59923 031",7.5,"5GG","5A",0,"GI","B",2,-1.9,639
"SQ52287 031",8.3,"3GB","4C",0,"GI","B",11,0,382
"SQ56460 031",8.8,"3GB","5A",0,"HR","F",1,-4.6,391
"SQ77792 541",6.9,"3GB","4C",0,"CR",,8,1,472
"SQ80794 531",8.8,"5GG","4C",0,"HR","F",9,-6.7,559
"SQ58071 541",7.9,"3GB","4C",0,"HGI","F",1,1.3,482
"SQ64327 031",9.5,"3GB","4C",0,"FH","F",3,0.3,454
"SQ62067 021",8.4,"5GG","5A",0,"HR",,3,1.5,607
"SQ73528 521",7.2,"5GG","5A",0,"PO","B",7,-2.3,647
"SQ60394 011",13.5,"5GG","5A",0,"HR",,2,5.4,328
"SQ64800 511",6.4,"5GG","4C",0,"HGI","D",4,0.3,670
"SQ56716 061",5.7,"5GG","5A",0,"HR",,1,-4.9,612
"SQ60928 511",14.8,"5GG","5A",0,"HGI","F",2,3.4,335
"SQ55291 041",18,"5GG","5A",0,"HR",,12,8.8,377
"SQ66928 531",12.4,"5GG","5A",0,"HR",,4,-1.3,317
"SQ77325 031",10.7,"5GG","5A",0,"HR",,8,8,432
"SQ62239 051",13.4,"3GB","5A",0,"HR",,3,2.8,386
"SQ51739 561",16.2,"5GG","4C",0,"HGI","F",11,-0.2,514
"SQ54144 021",15,"5GG","5A",0,"CR",,12,1.2,409
"SQ68306 541",18.5,"5GG","5A",0,"PO","B",5,13.9,496
"SQ71192 541",5.6,"5GG","5A",0,"GA",,6,1.1,617
"SQ63556 511",8.3,"3GB","4C",0,"PO","D",3,2.4,484
"SQ52011 021",4.4,"3GB","5A",0,"GI","F",11,-1.5,696
"SQ55854 521",11.1,"5GG","5A",0,"HR",,12,-0.5,560
"SQ66177 561",1.5,"3GB","4C",0,"HR",,4,-3.2,752
"SQ57046 031",10.3,"3GB","4C",0,"HR","F",1,2,389
"SQ80324 541",7,"5GG","5A",0,"CR",,9,-4.3,607
"SQ55077 011",3.9,"5GG","4C",0,"HR",,12,-1.3,733
"SQ65205 031",4.9,"3GB","5A",0,"PO","G",4,-6.2,661
"SQ73394 061",14.5,"3GB","5A",0,"HR",,7,4,358
"SQ76535 021",6.6,"3GB","5A",0,"HR",,8,-2.3,614
"SQ66217 041",13.5,"3GB","5A",0,"CR",,4,0.1,376
"SQ52365 031",5,"3GB","4C",0,"PO","B",11,-6.5,662
"SQ58197 021",13.9,"5GG","4C",0,"CR",,1,4.1,429
"SQ55048 511",7.3,"3GB","4C",0,"CR",,12,-2.1,588
"SQ61018 541",11.1,"5GG","5A",0,"HR",,2,0.6,509
"SQ80027 521",4,"5GG","5A",0,"HGI","F",9,-1.6,598
"SQ61513 021",7.7,"3GB","4C",0,"HGI","F",2,-5.9,430
"SQ64938 051",7.5,"3GB","5A",0,"GI","B",4,-4.6,441
"SQ79709 051",7.5,"3GB","5A",0,"CR",,9,-0.8,592
"SQ80435 521",5.7,"3GB","5A",1,"CR",,9,-4.2,384
"SQ50296 011",10,"5GG","4C",0,"HR","B",10,-1,529
"SQ76101 041",3.9,"5GG","4C",0,"CR",,8,-3.2,543
"SQ65979 021",4.9,"5GG","5A",0,"CR",,4,-4,604
"SQ80341 521",7.4,"3GB","4C",1,"CR",,9,1.3,350
"SQ77147 041",66,"3GB","4C",1,"HR","D",8,59.1,369
"SQ63968 521",12.6,"5GG","5A",0,"FH","B",3,1,521
"SQ57893 051",11.3,"5GG","4C",0,"HR",,1,-3.1,393
"SQ62246 041",15.7,"5GG","5A",0,"CR",,3,11.2,456
"SQ74934 031",10.4,"3GB","5A",0,"PO","F",7,0.4,343
"SQ65518 011",10,"3GB","4C",0,"GI","D",4,-1,482
"SQ51019 541",6.2,"3GB","5A",1,"GI",,10,-1.9,419
"SQ66244 031",8,"3GB","5A",0,"CR",,4,-1.7,661
"SQ57377 561",0.9,"3GB","4C",1,"HR","D",1,-10.2,346
"SQ70701 531",1.1,"3GB","5A",1,"HR",,6,-5.7,466
"SQ60969 561",11.1,"3GB","5A",0,"HR","B",2,-1.6,342
"SQ67693 531",14.3,"5GG","5A",0,"HR","F",5,0.4,413
"SQ57764 551",8.1,"5GG","5A",0,"HR","F",1,-6.9,352
"SQ50975 041",17,"3GB","5A",0,"HGI","F",10,7.6,358
"SQ51236 561",7.5,"3GB","5A",0,"CR",,10,1.1,600
"SQ50522 511",9.1,"5GG","5A",0,"HR","F",10,-7.6,507
"SQ52638 551",7.6,"5GG","4C",0,"HR","D",11,1.1,611
"SQ62551 061",10.6,"5GG","4C",0,"HGI","F",3,-4.1,405
"SQ74205 011",11.1,"3GB","5A",0,"CR",,7,1.8,470
"SQ56185 521",4.5,"5GG","5A",0,"HGI","D",1,-4.5,708
"SQ60717 521",15.1,"5GG","5A",0,"HR",,2,1.8,320
"SQ64810 031",11.1,"5GG","5A",0,"GA",,4,-2.6,343
"SQ70981 051",8.4,"3GB","5A",0,"HR",,6,-2.8,646
"SQ53774 551",6.9,"5GG","4C",0,"PO","G",12,0,468
"SQ65705 541",16,"5GG","5A",0,"HGI","F",4,8.7,472
"SQ52393 011",12.6,"5GG","4C",0,"HR",,11,5.3,441
"SQ60397 521",10.8,"5GG","5A",0,"PO","B",2,1.2,611
"SQ63557 561",3.4,"3GB","5A",1,"HR",,3,-4.6,345
"SQ55953 531",14.2,"5GG","5A",0,"CR",,12,6.5,431
"SQ70349 551",6.4,"5GG","5A",0,"HR","B",6,-2.6,676
"SQ55155 061",5.3,"3GB","4C",0,"HR","B",12,-6.5,600
"SQ76937 511",5.7,"5GG","5A",0,"GI","F",8,-0.1,699
"SQ52801 561",6.8,"5GG","5A",0,"HGI","D",11,-4.5,628
"SQ52815 041",5,"5GG","4C",0,"GA","B",11,-2.9,671
"SQ80671 031",10.5,"3GB","5A",0,"PO","B",9,-2.5,454
"SQ54104 561",8.3,"3GB","4C",0,"HR",,12,-1.4,326
"SQ63575 011",11.8,"3GB","5A",0,"HGI","F",3,0.9,450
"SQ53855 041",14.8,"5GG","5A",0,"CR",,12,4.3,364
"SQ68558 061",6.8,"5GG","5A",0,"CR",,5,-4.9,442
"SQ52591 031",9.7,"3GB","5A",0,"HR","F",11,2.7,539
"SQ76344 531",2.9,"5GG","5A",0,"CR","B",8,-2.4,704
"SQ73394 551",14.6,"3GB","5A",0,"HR",,7,4.1,417
"SQ57145 521",12.1,"3GB","5A",0,"CR","B",1,-0.2,305
"SQ74929 061",7.9,"3GB","4C",0,"CR",,7,0.6,515
"SQ62044 051",12.8,"3GB","5A",1,"HR",,3,-2.4,316
"SQ52413 561",12,"5GG","4C",0,"HR","F",11,-1.9,345
"SQ71371 561",9.3,"5GG","5A",0,"HR",,6,1.6,578
"SQ54199 091",8.5,"5GG","5A",0,"HR",,12,-1.2,391
"SQ66105 531",4.1,"5GG","4C",0,"CR","F",4,-4.1,545
"SQ58431 531",13,"3GB","4C",0,"CR",,1,3.2,461
"SQ74023 011",5.4,"3GB","5A",0,"HR",,7,0,480
"SQ69022 521",5.9,"3GB","5A",0,"HR",,5,-1.4,718
"SQ56819 011",8.8,"5GG","5A",0,"HGI","F",1,-4,496
"SQ53044 021",7.6,"5GG","4C",0,"HR",,11,-5,520
"SQ79805 021",9.9,"5GG","5A",0,"HGI","F",9,-2,506
"SQ67777 061",14.4,"5GG","4C",0,"HR",,5,-2.2,565
"SQ67422 541",8.7,"3GB","5A",0,"CR",,5,-4.8,416
"SQ69494 031",10.3,"5GG","4C",0,"CR",,5,-1.9,336
"SQ61514 521",14.9,"3GB","5A",0,"HR","D",2,-0.4,450
"SQ73187 511",10.1,"3GB","4C",0,"BP",,7,-0.8,314
"SQ72761 521",5.3,"3GB","5A",0,"PO","D",7,-5.4,719
"SQ50785 011",10.2,"5GG","5A",0,"HGI","D",10,-2,426
"SQ71283 031",13.2,"3GB","5A",0,"HR",,6,2.5,447
"SQ75934 051",1.7,"3GB","5A",0,"HGI","F",8,-4.2,806
"SQ57766 521",9.2,"3GB","4C",0,"FH",,1,-3.9,438
"SQ70387 041",4.1,"5GG","4C",0,"HR","B",6,-5.9,666
"SQ68037 511",5.7,"3GB","5A",0,"BP",,5,-7.7,524
"SQ67234 011",7.9,"5GG","5A",0,"HR","D",5,-7.4,609
"SQ70268 531",10.7,"5GG","5A",0,"PO","B",6,0.9,478
"SQ51582 051",12.9,"5GG","5A",0,"CR",,11,1,505
"SQ67908 551",8.6,"5GG","4C",0,"PO","B",5,3,326
"SQ64067 071",4.6,"5GG","4C",0,"HR",,3,-1.8,613
"SQ63751 521",7.9,"5GG","4C",0,"GI",,3,-0.6,423
"SQ64368 021",4.8,"3GB","4C",1,"GI","F",3,-2.7,389
"SQ49197 531",5.1,"5GG","5A",0,"GI","B",10,-9.8,411
"SQ63429 051",4,"5GG","5A",0,"BP",,3,-6.5,744
"SQ53383 011",15.8,"3GB","4C",0,"HGI","D",11,6.8,368
"SQ78618 511",2.8,"3GB","5A",0,"HR",,9,-5.5,674
"SQ77518 061",7.4,"3GB","5A",0,"HR",,8,-0.3,646
"SQ52273 541",6.5,"3GB","5A",0,"HGI","F",11,-5.6,607
"SQ68621 551",6,"5GG","4C",0,"HR",,5,-7.1,583
"SQ68805 551",6.1,"5GG","5A",0,"HR",,5,-3.6,687
"SQ58105 511",10,"5GG","5A",0,"CR",,1,0.7,456
"SQ53383 041",15.9,"5GG","4C",0,"HR","D",11,6.4,469
"SQ69386 541",13.2,"5GG","4C",0,"GA",,5,6.4,450
"SQ51275 021",8.4,"5GG","5A",0,"CR",,10,-0.5,381
"SQ77144 021",9,"3GB","4C",0,"HR",,8,-0.1,556
"SQ52677 061",8.1,"5GG","4C",0,"PO","D",11,-3.9,619
"SQ71200 051",7.1,"5GG","5A",0,"HR",,6,-1.7,427
"SQ57090 561",3.3,"3GB","5A",0,"HGI","F",1,-2.4,692
"SQ79107 031",5.1,"3GB","5A",0,"CR",,9,-0.7,520
"SQ77844 511",6,"5GG","4C",0,"HGI","F",8,-3.3,636
"SQ68303 541",16.7,"5GG","5A",0,"PO","D",5,8.9,393
"SQ62923 011",11.3,"3GB","5A",0,"HR",,3,2.9,510
"SQ59673 011",12.5,"3GB","5A",0,"CR",,2,-0.3,442
"SQ80812 071",9.2,"3GB","5A",0,"BP",,9,-1.6,414
"SQ69577 011",10.8,"3GB","5A",0,"FH","B",5,2.5,314
"SQ60667 521",12,"3GB","4C",0,"HR",,2,4.5,406
"SQ68106 031",6,"3GB","5A",0,"HR",,5,-4.1,603
"SQ59459 051",7.7,"5GG","5A",0,"HGI","D",2,0.6,512
"SQ57232 011",9.3,"5GG","5A",0,"GI",,1,-4.5,514
"SQ70219 021",17.6,"5GG","5A",0,"CR",,6,4.5,420
"SQ57899 041",12.1,"3GB","4C",0,"HGI","D",1,3.1,444
"SQ73602 531",6,"3GB","5A",1,"HR","F",7,-0.7,321
"SQ59865 031",18.2,"5GG","4C",0,"HGI","F",2,12,322
"SQ77072 541",3.6,"3GB","4C",0,"HR","F",8,-3.9,627
"SQ71668 021",6,"3GB","4C",1,"CR",,6,2.2,334
"SQ74083 061",15.8,"3GB","5A",0,"HGI","D",7,8.9,584
"SQ73684 021",2.7,"5GG","5A",0,"HR",,7,-7.3,677
"SQ75891 011",2.4,"3GB","5A",0,"GI","D",8,-7.8,612
"SQ74187 531",7.3,"5GG","5A",0,"HR",,7,-4.4,323
"SQ52314 021",3.4,"5GG","5A",0,"GI","B",11,-7.3,530
"SQ67278 531",10,"5GG","5A",0,"HR",,5,-0.5,657
"SQ50330 021",4.6,"3GB","5A",0,"CR",,10,0.9,411
"SQ55392 031",10.4,"5GG","5A",0,"CR",,12,-3.3,615
"SQ78947 551",13,"3GB","5A",0,"GA",,9,2.3,325
"SQ76889 011",8.5,"3GB","5A",0,"HGI","D",8,-1.8,572
"SQ79627 541",6.6,"5GG","4C",0,"GI","B",9,-7,536
"SQ70654 021",12.6,"5GG","5A",0,"CR",,6,1.5,390
"SQ70786 541",4.1,"3GB","4C",0,"HR",,6,-3.1,627
"SQ68484 011",17.9,"5GG","5A",0,"GI","B",5,10.8,416
"SQ60533 011",15.7,"5GG","5A",0,"HR","D",2,5.1,375
"SQ63234 051",6,"5GG","4C",0,"HR","F",3,-3.6,650
"SQ50268 531",5,"5GG","5A",0,"HR","D",10,-7.3,669
"SQ71558 061",5.7,"3GB","5A",0,"HR",,6,-0.7,601
"SQ65919 521",6.9,"5GG","5A",0,"CR",,4,-7.9,498
"SQ62351 541",5.3,"5GG","5A",0,"HR","B",3,-5.6,561
"SQ60823 041",14.1,"5GG","5A",0,"HR",,2,1.5,507
"SQ72914 021",4.7,"3GB","5A",1,"CR",,7,-0.3,404
"SQ71743 031",5.1,"5GG","4C",0,"PO","B",6,-7.5,596
"SQ76376 511",5.1,"5GG","4C",0,"CR",,8,-2.8,511
"SQ67641 571",7.3,"5GG","5A",0,"HR",,5,-4.1,408
"SQ63827 511",11.5,"5GG","4C",0,"HGI","F",3,2.7,561
"SQ73591 021",7.2,"5GG","4C",0,"FH",,7,-7.5,556
"SQ57162 011",17.2,"5GG","5A",0,"HR","D",1,6.7,334
"SQ72692 051",12.5,"3GB","4C",0,"PosMAC","B",6,1.6,425
"SQ58226 011",11.1,"5GG","5A",0,"HR",,1,0.9,456
"SQ64898 531",11.3,"5GG","5A",0,"HR","D",4,4.3,454
"SQ77091 031",6.4,"3GB","5A",0,"CR",,8,-2.4,646
"SQ72689 541",2,"3GB","4C",1,"GI","D",6,-9,466
"SQ62599 021",8.1,"5GG","4C",0,"HGI","F",3,-1,506
"SQ66261 541",9.7,"3GB","4C",0,"FH",,4,-5.7,500
"SQ58473 041",3.3,"5GG","5A",0,"GI",,1,-5.7,680
"SQ50748 511",11.3,"5GG","5A",0,"HGI","D",10,1.3,485
"SQ56273 531",15.1,"5GG","5A",0,"HR",,1,2.9,435
"SQ53838 531",2.8,"3GB","5A",0,"CR",,12,-1.2,765
"SQ58582 551",9.4,"3GB","5A",0,"HR",,1,-0.6,544
"SQ56450 541",14.2,"5GG","5A",0,"CR",,1,-0.8,339
"SQ77377 021",4.2,"3GB","5A",1,"CR",,8,-9,341
"SQ55672 051",14.2,"5GG","5A",0,"HR","F",12,1.8,383
"SQ69254 021",6,"5GG","5A",0,"GI",,5,-4.8,680
"SQ75934 011",1.6,"3GB","5A",0,"HGI","D",8,-3.7,678
"SQ56602 571",3.2,"5GG","5A",0,"HR",,1,-3.8,563
"SQ58478 551",2.6,"5GG","5A",0,"HR","F",1,-3.3,755
"SQ67205 541",5.5,"3GB","5A",0,"HR",,4,-4.3,536
"SQ70683 031",4.6,"3GB","5A",0,"FH","B",6,-6,505
"SQ58093 021",7.5,"3GB","4C",0,"CR",,1,1.6,540
"SQ71884 541",3.1,"3GB","5A",0,"PO","F",6,-7.5,657
"SQ53608 511",8.1,"3GB","5A",0,"PO","G",11,0.4,586
"SQ59063 031",4.6,"3GB","4C",0,"GI","F",2,-5.7,550
"SQ72453 051",12.8,"3GB","5A",0,"HR",,6,-2.9,404
"SQ58426 541",3.5,"5GG","5A",0,"HR",,1,-3.3,634
"SQ79196 531",9.9,"5GG","5A",0,"PO","D",9,-2.8,519
"SQ73580 541",7.9,"5GG","4C",0,"GA",,7,-5.1,396
"SQ70382 551",1.8,"3GB","4C",0,"PO","D",6,-5.9,668
"SQ65403 531",3.2,"3GB","4C",0,"GI","F",4,-6,711
"SQ67354 521",4.3,"3GB","5A",0,"HR",,5,-8.3,640
"SQ58717 511",14.3,"3GB","4C",0,"HR",,1,6.6,321
"SQ54728 511",8.1,"3GB","4C",0,"GI","B",12,-3.8,574
"SQ78289 011",6.3,"5GG","4C",0,"CR","B",8,-2.3,640
"SQ53374 031",9.6,"5GG","4C",0,"HR",,11,1,625
"SQ59994 521",7.5,"5GG","4C",0,"GI","F",2,5.5,543
"SQ65702 551",16.2,"3GB","5A",0,"HGI","F",4,9.4,386
"SQ56699 031",8.7,"3GB","4C",0,"PO","F",1,-0.8,541
"SQ68473 021",5.1,"3GB","5A",0,"HR",,5,-4.2,721
"SQ77965 031",3.8,"3GB","5A",0,"CR",,8,-3.6,594
"SQ67410 011",11.5,"5GG","5A",0,"HR","B",5,-1.9,463
"SQ70404 571",4.3,"3GB","4C",0,"HR","D",6,-2.7,596
"SQ52644 561",17.4,"5GG","5A",0,"HR","D",11,6.2,457
"SQ75392 561",1.3,"3GB","5A",1,"FH",,7,-3.3,499
"SQ59118 541",11.5,"3GB","4C",0,"CR",,2,2.3,427
"SQ79971 061",10.1,"5GG","5A",0,"FH",,9,5.1,409
"SQ80258 541",3,"3GB","4C",0,"GI",,9,-5.9,524
"SQ78163 511",20.4,"5GG","5A",0,"PO","B",8,4.8,322
"SQ53157 531",8.8,"5GG","4C",0,"HR","B",11,-1.5,594
"SQ70764 541",3.1,"3GB","4C",0,"HR",,6,0.5,598
"SQ66939 061",10.3,"5GG","5A",0,"HR",,4,-3.8,489
"SQ59701 081",12.6,"3GB","4C",0,"HGI","D",2,3.7,421
"SQ60647 511",5.5,"3GB","4C",0,"BP",,2,-0.8,640
"SQ77363 051",8.4,"5GG","4C",0,"GI",,8,-1.4,372
"SQ67438 031",10,"5GG","5A",0,"CR","F",5,-2.7,445
"SQ75325 021",5.8,"5GG","5A",0,"HGI","D",7,-2.6,521
"SQ74353 511",8.3,"3GB","4C",0,"HR","D",7,3.6,540
"SQ50891 551",3,"5GG","4C",0,"HR",,10,-7.2,577
"SQ70424 031",2.2,"3GB","4C",0,"FH",,6,-1.3,747
"SQ52469 541",4.9,"5GG","4C",0,"PO","B",11,-6.6,627
"SQ72221 541",9,"3GB","4C",0,"HR",,6,7.6,520
"SQ74625 041",3.4,"5GG","5A",0,"CR",,7,-4.3,733
"SQ77757 051",1.5,"3GB","5A",0,"HGI","F",8,-10.2,661
"SQ64260 511",11.7,"3GB","5A",0,"HR",,3,-1.1,437
"SQ56821 011",9,"3GB","5A",0,"HGI","F",1,-4.5,483
"SQ70171 531",5,"5GG","4C",0,"HR","F",6,-7.9,588
"SQ56819 521",8.3,"3GB","5A",0,"HGI","F",1,-4.1,593
"SQ68500 521",6.9,"5GG","5A",0,"HR","B",5,-4.1,443
"SQ67078 521",3.9,"3GB","4C",1,"FH",,4,-8.3,326
"SQ55873 521",3.6,"3GB","5A",0,"PO","B",12,-4.7,688
"SQ78803 051",10.7,"3GB","5A",0,"HR",,9,-0.3,500
"SQ78920 021",13.3,"3GB","5A",0,"HGI","D",9,2.9,327
"SQ54056 531",4.3,"3GB","5A",0,"CR",,12,-8.6,629
"SQ52009 021",4.8,"3GB","5A",0,"FH",,11,-0.9,668
"SQ60926 071",13.7,"5GG","5A",0,"HR",,2,3.4,311
"SQ51212 061",2.6,"5GG","4C",0,"GA",,10,-8.6,577
"SQ77582 011",8.4,"3GB","5A",0,"HGI","D",8,-5.7,663
"SQ60591 531",14,"5GG","5A",0,"HR",,2,2.7,451
"SQ71816 521",8.3,"3GB","5A",0,"HR","F",6,-5.4,488
"SQ70771 561",2.2,"5GG","4C",0,"HR",,6,-1.1,746
"SQ50415 541",16.1,"5GG","5A",0,"HR","B",10,1.4,404
"SQ58582 041",7.7,"5GG","5A",0,"HR",,1,-0.5,546
"SQ78085 041",4.9,"3GB","4C",0,"BP",,8,0.7,577
"SQ71675 021",9.6,"5GG","5A",0,"PO","B",6,-1.5,544
"SQ68389 051",11.3,"3GB","5A",0,"CR","F",5,1.5,366
"SQ64493 031",3.4,"3GB","5A",1,"CR",,4,-2.8,309
"SQ60839 041",13.2,"5GG","5A",0,"GI",,2,2.8,444
"SQ59158 031",5.8,"5GG","5A",0,"GI",,2,-0.1,600
"SQ52207 591",6.2,"3GB","4C",0,"PO","G",11,-1.3,588
"SQ66022 021",18.6,"3GB","5A",0,"GA","D",4,6,481
"SQ51438 521",7.1,"5GG","5A",0,"CR",,10,2.6,412
"SQ53044 561",6.9,"5GG","4C",0,"HR",,11,-5.4,391
"SQ57853 531",10.7,"5GG","4C",0,"GI",,1,5.6,470
"SQ74043 041",21.8,"5GG","5A",0,"PO","G",7,19.3,416
"SQ57573 571",6.1,"3GB","5A",1,"FH","F",1,-2.9,336
"SQ60682 551",11.8,"5GG","5A",0,"GI","B",2,0.1,397
"SQ49545 011",7.5,"3GB","5A",0,"HR",,10,-4.1,568
"SQ75051 531",6.2,"5GG","4C",0,"HGI","B",7,-2.3,541
"SQ58365 561",9.5,"5GG","4C",0,"HR","B",1,-1.1,561
"SQ77780 541",3.5,"5GG","5A",0,"CR",,8,-2.7,753
"SQ78137 021",14.3,"5GG","5A",0,"GI",,8,-3.6,512
"SQ53131 011",9.2,"3GB","5A",0,"HGI","D",11,-1.9,534
"SQ75622 561",6.5,"5GG","4C",0,"HGI","F",8,-3.3,637
"SQ56325 041",7.9,"3GB","5A",0,"HR",,1,-3.2,435
"SQ75893 531",3.1,"5GG","5A",0,"GI","D",8,-8.4,750
"SQ63299 011",1.5,"3GB","5A",1,"HR",,3,-7.8,304
"SQ57093 531",8.1,"5GG","5A",0,"HGI","F",1,-2.4,581
"SQ54778 071",14.3,"3GB","5A",0,"HR",,12,-3,363
"SQ69107 051",14.3,"3GB","5A",0,"HR","D",5,1.8,309
"SQ55589 011",13.6,"5GG","5A",0,"GI",,12,2.1,345
"SQ52294 021",13.6,"3GB","4C",0,"HR",,11,2.8,430
"SQ60557 011",10.9,"5GG","5A",0,"HGI","F",2,3.7,530
"SQ68826 051",11.6,"5GG","5A",0,"CR",,5,6.4,340
"SQ78372 011",11.8,"5GG","4C",0,"GI",,9,-0.5,529
"SQ57224 531",17.4,"3GB","5A",0,"HR",,1,10.2,335
"SQ72881 511",11.9,"5GG","4C",0,"PO","B",7,2.8,432
"SQ79183 521",4,"3GB","5A",0,"HR","B",9,-2.5,500
"SQ80281 021",6.4,"5GG","5A",0,"PO","F",9,0.5,733
"SQ51382 021",7.2,"5GG","4C",0,"PO","G",10,-3.8,458
"SQ61546 041",2.9,"3GB","5A",0,"PO","D",2,-2.1,590
"SQ61541 031",6.3,"3GB","5A",0,"HGI","F",2,-0.8,614
"SQ72467 541",6.2,"5GG","5A",0,"GI",,6,-6.5,602
"SQ53661 541",4.2,"3GB","5A",0,"HR","D",12,-1.1,522
"SQ69220 551",6.3,"5GG","5A",0,"HR",,5,-2.3,442
"SQ65592 031",10.9,"5GG","4C",0,"HGI","D",4,-0.6,316
"SQ72492 531",7.9,"3GB","5A",0,"HR",,6,-6.6,639
"SQ63064 531",3.2,"3GB","5A",1,"GI","D",3,-9.9,309
"SQ69852 031",6.8,"3GB","4C",0,"GI",,5,-9.6,632
"SQ69758 551",8.8,"5GG","5A",0,"CR",,5,3,400
"SQ77139 521",10.6,"5GG","4C",0,"HR",,8,1.2,581
"SQ56510 021",4.4,"3GB","5A",0,"PO","D",1,-3,706
"SQ72379 021",10.7,"5GG","5A",0,"HR","D",6,1.2,596
"SQ73287 021",11,"5GG","5A",0,"HR",,7,-0.6,607
"SQ52853 551",8.5,"3GB","4C",0,"HGI","F",11,0.7,345
"SQ58016 521",5.3,"3GB","4C",0,"GA","F",1,-2.1,523
"SQ67808 051",8.6,"3GB","5A",0,"CR",,5,-6.8,616
"SQ57769 521",16.2,"5GG","4C",0,"HR","D",1,2.6,323
"SQ51333 011",6.5,"5GG","5A",0,"CR",,10,-2.3,575
"SQ56623 541",13.3,"5GG","4C",0,"PO","D",1,-1.8,353
"SQ49307 541",11.4,"5GG","5A",0,"HGI","B",10,-0.7,661
"SQ66854 051",8.5,"3GB","5A",0,"HR","D",4,-0.8,541
"SQ78752 541",2,"5GG","5A",0,"GA","D",9,-7.9,746
"SQ53876 031",11.6,"3GB","5A",0,"HR","D",12,-1.9,497
"SQ56609 051",2.5,"3GB","5A",0,"HR",,1,-5.6,749
"SQ66854 011",8.5,"5GG","5A",0,"HR","D",4,-0.3,620
"SQ64275 061",8.2,"5GG","5A",0,"BP",,3,-5.3,535
"SQ65566 021",7.8,"5GG","4C",0,"HGI","F",4,-2.7,646
"SQ68263 511",11.5,"5GG","5A",0,"HR",,5,0.5,623
"SQ73725 551",5.7,"5GG","4C",0,"HGI","F",7,0.1,505
"SQ65248 541",3.5,"3GB","5A",0,"PO","B",4,0,585
"SQ72104 511",1.7,"3GB","5A",1,"HR","B",6,-7.3,311
"SQ57475 511",5.4,"3GB","5A",0,"FH",,1,-3.7,646
"SQ72657 041",13.5,"3GB","4C",0,"FH",,6,2.4,326
"SQ70977 051",7.2,"5GG","5A",0,"HR","F",6,-2.5,596
"SQ55579 541",3.4,"3GB","4C",0,"GI","B",12,-2,676
"SQ78800 551",11.4,"3GB","5A",0,"HR",,9,0.4,495
"SQ51584 011",12.7,"5GG","5A",0,"CR",,11,0.9,507
"SQ56609 521",2.9,"3GB","5A",0,"HR",,1,-1.9,681
"SQ52724 521",10.4,"5GG","5A",0,"HR",,11,4.6,498
"SQ57055 551",10.9,"3GB","4C",0,"HR","F",1,0.7,403
"SQ53511 021",9.6,"5GG","4C",0,"HR",,11,-1.3,617
"SQ78268 561",11.1,"3GB","4C",0,"PO","B",8,3.4,387
"SQ77401 531",5.7,"5GG","4C",0,"HGI","F",8,-1.6,498
"SQ76560 521",18.7,"5GG","5A",0,"CR",,8,9.1,346
"SQ58728 011",9,"5GG","5A",0,"CR",,1,0.5,612
"SQ55738 521",3.2,"5GG","5A",0,"HR",,12,-11.5,568
"SQ70857 011",5.4,"5GG","5A",0,"HR",,6,-4.4,683
"SQ50116 511",0.6,"3GB","4C",1,"GA",,10,-9.3,408
"SQ50936 031",13.8,"5GG","4C",0,"HR",,10,1.2,520
"SQ60260 581",8.2,"3GB","4C",0,"HR","D",2,0.8,496
"SQ72503 011",2.3,"3GB","4C",1,"FH",,6,-3.5,339
"SQ71249 011",5,"5GG","4C",0,"GI","F",6,-2.5,607
"SQ52293 031",14.6,"5GG","5A",0,"HR",,11,3.1,324
"SQ69710 541",10.1,"5GG","4C",0,"GI","B",5,5.4,354
"SQ78274 061",7.6,"5GG","5A",1,"HR",,8,0.5,399
"SQ77377 551",11.4,"3GB","5A",1,"HR","F",8,3.6,354
"SQ74588 041",5.9,"5GG","5A",0,"GI","B",7,-2,524
"SQ49843 551",10.5,"5GG","4C",0,"HR","D",10,-2.3,333
"SQ78403 531",5,"3GB","5A",0,"BP",,9,-11.4,646
"SQ75744 531",3.4,"5GG","5A",0,"HR",,8,-1.4,551
"SQ58781 521",5.5,"3GB","5A",0,"GA",,1,1.1,640
"SQ57184 561",14.8,"5GG","5A",0,"HR","D",1,0.2,472
"SQ73924 021",2.9,"3GB","5A",0,"HR",,7,-4.3,696
"SQ79964 511",3.5,"3GB","4C",0,"HR",,9,-6.4,706
"SQ66331 511",7.2,"3GB","4C",0,"GI","B",4,-4,478
"SQ76383 051",4.3,"3GB","5A",1,"GI","F",8,-0.8,420
"SQ53382 541",10.5,"3GB","5A",0,"GA","D",11,-1.8,597
"SQ70465 031",11.5,"5GG","5A",0,"GA",,6,0.9,470
"SQ61684 551",4.6,"3GB","4C",0,"BP",,3,-6.8,633
"SQ67698 011",12.9,"5GG","5A",0,"HR",,5,-0.1,446
"SQ74418 021",2.4,"3GB","4C",0,"HR",,7,-3.3,752
"SQ62856 031",20.2,"5GG","5A",0,"HGI","D",3,4.5,340
"SQ54731 051",9.9,"5GG","5A",0,"HR","D",12,-3,374
"SQ73020 031",20.5,"5GG","5A",0,"HR",,7,9.3,385
"SQ52583 511",5.6,"5GG","4C",0,"HR",,11,0.4,679
"SQ63414 021",5.9,"3GB","5A",1,"GI","F",3,0.4,384
"SQ60938 561",8,"5GG","4C",0,"BP",,2,-7.6,441
"SQ67396 011",1.8,"3GB","5A",0,"PO","B",5,-3.2,741
"SQ78326 041",10.2,"3GB","4C",0,"HGI","D",8,-5.2,592
"SQ51912 011",14.4,"5GG","5A",0,"FH",,11,3,427
"SQ65080 041",8.8,"5GG","5A",0,"CR",,4,-6.1,510
"SQ67710 561",5.9,"3GB","4C",0,"BP",,5,-3.7,640
"SQ57400 031",8.6,"3GB","5A",0,"HGI","D",1,-4.5,583
"SQ76440 071",5.4,"5GG","5A",0,"BP",,8,-4.4,608
"SQ60149 511",7.6,"5GG","5A",0,"CR",,2,2,464
"SQ78222 551",13.2,"3GB","5A",0,"BP",,8,3.5,361
"SQ70756 031",7.7,"5GG","4C",1,"HR","F",6,0.8,625
"SQ53265 521",6.6,"5GG","4C",0,"HGI","F",11,-0.9,510
"SQ52236 561",13.4,"5GG","4C",0,"HGI","F",11,-1.9,405
"SQ66112 511",11.2,"5GG","5A",0,"HGI","F",4,3.6,448
"SQ74370 521",8.9,"3GB","5A",1,"HR",,7,1.2,303
"SQ61525 031",13,"5GG","5A",0,"CR",,2,6.2,485
"SQ65804 011",13.1,"5GG","5A",0,"HR",,4,2.4,486
"SQ52695 521",9.6,"5GG","4C",0,"HR","B",11,-0.6,534
"SQ49503 041",5.6,"5GG","4C",0,"HR","D",10,-8.4,620
"SQ64544 011",8,"3GB","5A",0,"HR","D",4,-2,517
"SQ50975 551",9.3,"5GG","5A",0,"HGI","F",10,0.5,516
"SQ75151 021",14.4,"3GB","5A",0,"CR",,7,4.3,336
"SQ70953 551",13.4,"3GB","4C",0,"HR",,6,-4.7,418
"SQ72051 021",4.5,"5GG","4C",0,"CR","B",6,-3.2,706
"SQ51255 011",4.7,"5GG","4C",0,"PO","B",10,-2.5,666
"SQ70126 551",1.6,"3GB","5A",0,"HR",,6,-4,678
"SQ57972 511",9.7,"5GG","4C",0,"CR",,1,-2.9,468
"SQ50416 521",17,"5GG","5A",0,"HR","B",10,1,400
"SQ59433 551",3.3,"3GB","5A",1,"HR",,2,-0.1,669
"SQ68553 021",7.3,"5GG","5A",0,"CR",,5,-3.3,403
"SQ58258 051",8.4,"5GG","4C",0,"HR",,1,-3.9,502
"SQ55843 571",7.7,"5GG","4C",0,"HGI","D",12,1.9,466
"SQ55202 041",10.7,"5GG","5A",0,"HR",,12,-3.2,636
"SQ80792 521",14,"5GG","4C",0,"HR","G",9,3.7,364
"SQ66933 531",11.8,"5GG","5A",0,"HR",,4,-2.5,406
"SQ68737 561",12.2,"3GB","5A",0,"BP",,5,-2.4,415
"SQ71635 551",8.9,"5GG","5A",0,"GI",,6,-3.2,377
"SQ63434 551",8.7,"5GG","5A",0,"PO","D",3,5.7,380
"SQ67150 041",14.3,"5GG","5A",0,"PO","B",4,5.7,502
"SQ58988 011",12.1,"3GB","5A",0,"HGI","F",2,-0.5,345
"SQ59292 031",21.1,"5GG","5A",0,"HR","D",2,4.2,315
"SQ63822 061",11.3,"3GB","4C",0,"HGI","D",3,-4.9,452
"SQ67952 561",7.6,"5GG","5A",0,"HR",,5,-3,508
"SQ55890 541",4.2,"5GG","5A",0,"HR",,12,-1,668
"SQ78997 511",7.6,"5GG","5A",0,"HR","F",9,-1.5,428
"SQ54025 051",14.9,"5GG","4C",0,"CR",,12,7.1,383
"SQ72471 051",5.8,"5GG","5A",0,"CR",,6,-7.5,661
"SQ77722 511",7.8,"5GG","5A",0,"CR",,8,-1,554
"SQ67348 531",5.2,"5GG","4C",0,"GI","D",5,-7.7,487
"SQ69260 021",4.3,"3GB","5A",0,"GI",,5,-6.6,653
"SQ73505 591",9.4,"3GB","5A",0,"PO","D",7,-1.5,390
"SQ70092 561",10.7,"5GG","5A",0,"BP",,6,0.6,495
"SQ60670 541",11.8,"5GG","4C",0,"HR",,2,3.3,453
"SQ54687 021",8.7,"3GB","5A",0,"HGI","F",12,-3.4,397
"SQ59409 511",10.1,"5GG","5A",1,"HR",,2,3.9,460
"SQ51013 041",6.7,"3GB","5A",0,"GA",,10,-4.7,386
"SQ65845 551",2.9,"3GB","5A",0,"CR",,4,-3.3,607
"SQ75680 531",5.1,"3GB","4C",0,"HR","D",8,-3.1,636
"SQ67964 541",6.3,"3GB","4C",0,"GA","B",5,1.5,396
"SQ79354 561",8.2,"5GG","4C",0,"HR",,9,-1.5,628
"SQ68723 541",14.8,"5GG","5A",0,"HR",,5,1.2,399
"SQ52421 021",10.6,"3GB","4C",0,"HR","D",11,8.7,564
"SQ61226 531",19.7,"5GG","5A",0,"HR",,2,4.2,348
"SQ51225 551",2.6,"3GB","5A",0,"HR",,10,-2,740
"SQ71719 061",5.2,"5GG","5A",0,"HR",,6,-3.6,550
"SQ57170 521",15.9,"5GG","5A",0,"HR",,1,4.5,486
"SQ74526 021",3.6,"3GB","5A",0,"HR",,7,-3.2,697
"SQ50144 561",5.2,"5GG","5A",0,"HR","D",10,-2.6,609
"SQ79298 511",5.9,"5GG","5A",0,"BP",,9,-2.1,546
"SQ53405 011",10.7,"5GG","5A",0,"CR",,11,-0.1,620
"SQ52669 521",12.3,"5GG","4C",0,"CR",,11,-1.6,485
"SQ60769 041",14.9,"3GB","5A",1,"HR","F",2,2.2,332
"SQ56316 531",12.2,"5GG","5A",0,"HR",,1,-1,423
"SQ77567 021",9.4,"5GG","4C",0,"HR",,8,-4.7,599
"SQ62845 041",8.7,"5GG","5A",0,"HR","D",3,-4.8,657
"SQ67735 011",15,"3GB","5A",0,"CR",,5,3.3,372
"SQ74376 041",12.2,"5GG","4C",0,"CR",,7,7.4,422
"SQ50436 551",13.7,"5GG","4C",0,"HR",,10,6.1,452
"SQ63001 051",9.7,"3GB","4C",0,"HGI","F",3,5.5,540
"SQ69863 551",9.4,"3F1","5A",0,"PO","D",5,1.2,368
"SQ71290 021",8.3,"5GG","5A",0,"CR",,6,-0.8,580
"SQ59912 051",8.3,"3GB","5A",0,"GI","B",2,0.6,512
"SQ75272 031",2.9,"3GB","4C",0,"HGI","F",7,-3.4,658
"SQ73180 021",4.3,"3GB","4C",0,"BP",,7,-5.2,615
"SQ65872 521",5.7,"3GB","5A",0,"CR",,4,-0.9,660
"SQ52851 041",8.6,"3GB","4C",0,"HGI","F",11,1.5,404
"SQ72482 541",11.3,"5GG","5A",0,"PosMAC","B",6,-1.6,456
"SQ52011 031",4.2,"3GB","5A",0,"GI","F",11,-1.6,685
"SQ66905 031",14,"5GG","5A",0,"BP",,4,1.5,344
"SQ53481 041",15,"3GB","5A",0,"FH","B",11,1.6,328
"SQ56163 031",3.6,"3GB","5A",0,"HR","D",1,-4.3,575
"SQ70509 061",5.5,"3GB","4C",0,"GI",,6,0.9,581
"SQ50532 561",15.3,"5GG","5A",0,"HR","B",10,-0.2,359
"SQ80343 011",12,"3GB","4C",0,"FH",,9,2.9,464
"SQ67576 511",10.4,"5GG","4C",0,"HR","F",5,-1.2,304
"SQ59079 521",4.8,"5GG","4C",0,"CR","B",2,-9,552
"SQ61196 561",8,"5GG","5A",0,"HGI","D",2,-1.8,478
"SQ65121 561",9.3,"3GB","5A",0,"HGI","D",4,-5.3,368
"SQ74833 531",34.4,"5GG","5A",1,"FH",,7,28.9,332
"SQ51952 021",11,"3GB","5A",0,"HR",,11,6.5,407
"SQ66590 031",14.9,"5GG","5A",0,"HR",,4,0.6,399
"SQ53678 021",7.9,"5GG","5A",0,"PO","D",12,2.3,478
"SQ70889 041",5.6,"3GB","4C",0,"FH",,6,-5.1,534
"SQ79171 031",4.8,"5GG","5A",0,"HR","B",9,-3.3,682
"SQ72226 021",12.6,"5GG","4C",0,"HR",,6,6.9,375
"SQ62163 041",10.5,"5GG","5A",0,"CR",,3,1.9,693
"SQ51921 031",6.6,"3GB","4C",0,"HR","D",11,-0.9,643
"SQ65695 541",15.8,"3GB","5A",0,"HGI","F",4,11.2,412
"SQ73997 031",5.2,"5GG","4C",0,"HR","D",7,-4.1,570
"SQ70155 041",12.3,"3GB","4C",0,"CR",,6,4.8,406
"SQ79803 511",9.8,"5GG","5A",0,"CR","F",9,-1.4,413
"SQ73360 541",14.4,"3GB","4C",0,"CR","B",7,4.2,366
"SQ80783 561",15.4,"3GB","4C",0,"HR","G",9,5.7,366
"SQ63562 571",4.3,"3GB","4C",0,"FH",,3,-4.3,498
"SQ73329 551",8.5,"5GG","5A",0,"HGI","F",7,1.9,591
"SQ72911 041",4.4,"3GB","5A",1,"CR",,7,-0.6,419
"SQ72708 031",10.5,"5GG","4C",0,"EG","F",6,-2.2,440
"SQ52340 581",14.4,"5GG","4C",0,"HR",,11,1,371
"SQ51134 021",5.8,"5GG","4C",0,"CR",,10,-0.2,630
"SQ53306 561",6.9,"3GB","4C",0,"PO","D",11,-8.1,449
"SQ71183 011",7.9,"5GG","5A",0,"HR",,6,3,635
"SQ69250 011",6,"3GB","5A",0,"GI",,5,-3.7,600
"SQ55957 511",13.6,"5GG","5A",0,"CR",,12,5.8,530
"SQ72525 531",9.4,"3GB","5A",0,"HR","D",6,0.5,583
"SQ77567 521",9.4,"5GG","4C",0,"HR",,8,-4.9,625
"SQ58496 521",6.8,"3GB","4C",0,"HR",,1,-1.8,479
"SQ53712 541",4.1,"5GG","5A",0,"HGI","F",12,-3.9,646
"SQ70193 521",5.8,"3GB","4C",0,"PO","B",6,-2,518
"SQ62077 061",7.2,"5GG","5A",0,"HR",,3,-1.3,594
"SQ49422 021",12.2,"5GG","4C",0,"CR",,10,0.5,426
"SQ58068 551",7.1,"5GG","4C",0,"GA","B",1,2.2,479
"SQ53710 041",4.3,"3GB","5A",0,"HGI","F",12,-3.3,676
"SQ64249 541",13.2,"5GG","5A",0,"HR",,3,1.2,511
"SQ70353 551",7.3,"3GB","4C",0,"HR",,6,3.6,458
"SQ68006 561",3.6,"5GG","5A",0,"HR",,5,-6.8,575
"SQ51659 521",14.1,"5GG","5A",0,"HR",,11,3.8,361
"SQ69145 031",10.4,"5GG","5A",0,"PO","F",5,3.1,438
"SQ67807 021",9.2,"5GG","5A",0,"CR",,5,-5.9,404
"SQ62415 551",13.5,"5GG","5A",0,"HR",,3,2.5,484
"SQ75524 041",25.3,"3GB","4C",0,"FH",,8,17.3,308
"SQ56406 511",9.5,"3GB","4C",0,"HR","F",1,4.8,474
"SQ49112 031",10.9,"5GG","5A",0,"HR","B",10,6,485
"SQ77525 511",6.5,"5GG","5A",0,"HR",,8,-1.5,641
"SQ55903 011",10.8,"5GG","5A",0,"HR","D",12,7.2,423
"SQ49476 031",9.6,"3GB","4C",0,"HGI","F",10,-2,508
"SQ53734 531",10,"3GB","4C",0,"HR",,12,1.4,510
"SQ75191 031",7.5,"3GB","5A",0,"HR","B",7,-6,717
"SQ58519 521",9.5,"3GB","5A",0,"BP",,1,-1.5,469
"SQ68820 051",9.1,"3GB","5A",0,"HR",,5,-4.4,520
"SQ52562 541",6.2,"5GG","4C",0,"HR","D",11,-6.4,535
"SQ63505 021",10.5,"5GG","4C",0,"HR","B",3,5.1,330
"SQ75795 041",5.4,"3GB","4C",0,"HGI","F",8,-1.9,569
"SQ52637 061",4.9,"3GB","4C",0,"HR",,11,-2.8,637
"SQ76458 541",15.6,"5GG","4C",0,"GA","D",8,7.8,344
"SQ76173 541",5.2,"3GB","5A",0,"CR","B",8,-3.2,670
"SQ57999 551",9.7,"3GB","4C",0,"PO","D",1,2.8,564
"SQ59237 041",0.5,"3GB","4C",1,"GI","F",2,-8.9,311
"SQ55492 011",12,"5GG","5A",0,"HR","B",12,4.4,588
"SQ74236 011",8.6,"3GB","5A",1,"GA",,7,0.4,316
"SQ61587 051",1.8,"3GB","5A",1,"HR","B",3,-5.6,312
"SQ57314 531",7.8,"5GG","5A",0,"HR",,1,-0.2,609
"SQ61545 021",7.9,"5GG","5A",0,"HGI","D",2,-0.3,615
"SQ75057 071",8.5,"5GG","4C",0,"HR","B",7,-3.9,438
"SQ68913 021",5,"5GG","5A",0,"HR",,5,-4.4,672
"SQ51737 011",15.5,"5GG","4C",0,"HGI","F",11,-0.6,394
"SQ73879 511",4.6,"5GG","5A",0,"PO","B",7,-0.3,668
"SQ53319 561",13.5,"5GG","5A",0,"GI","B",11,4.6,442
"SQ63274 011",7.6,"5GG","5A",0,"HR","D",3,-6.6,619
"SQ64631 061",15.5,"3GB","4C",0,"PO","D",4,6.9,337
"SQ50647 031",13.4,"5GG","5A",0,"CR",,10,-0.7,467
"SQ81082 021",16.9,"5GG","5A",0,"GI",,9,12.9,333
"SQ57499 021",8,"5GG","5A",0,"HGI","D",1,1.8,542
"SQ62142 041",13.2,"5GG","5A",0,"HR","D",3,2.8,464
"SQ66151 531",24.4,"3GB","5A",0,"BP",,4,18.2,321
"SQ51066 591",7.1,"5GG","5A",0,"PO","B",10,-4.6,462
"SQ70794 061",11.4,"3GB","4C",0,"HR",,6,2.8,488
"SQ67415 011",6.2,"3GB","5A",1,"HR","B",5,-6.2,301
"SQ64251 021",15.3,"5GG","5A",0,"HR",,3,0.7,468
"SQ76409 561",4,"5GG","5A",0,"HR","D",8,-1.8,583
"SQ61593 551",11.2,"3GB","4C",0,"FH",,3,-3.6,359
"SQ57377 061",0.7,"3GB","4C",1,"HR","D",1,-10.4,457
"SQ61501 021",4.6,"3GB","4C",0,"GA","B",2,-6.3,591
"SQ70353 561",7.2,"3GB","4C",0,"HR",,6,3.5,469
"SQ59545 051",10.4,"5GG","5A",0,"CR",,2,-8.3,321
"SQ55737 051",9.5,"5GG","5A",0,"HR",,12,-0.4,537
"SQ75648 551",9,"5GG","5A",0,"HR","D",8,-5.6,594
"SQ76882 551",9,"3GB","5A",0,"HGI","F",8,-1.1,461
"SQ77706 031",5.2,"3GB","5A",0,"CR",,8,-1.7,712
"SQ66864 531",8.2,"5GG","5A",0,"HR",,4,-3,623
"SQ62811 531",13.9,"5GG","5A",0,"HR","B",3,1.2,510
"SQ56677 041",4.6,"3GB","5A",0,"HGI","D",1,-9.7,677
"SQ68008 541",8.4,"5GG","5A",0,"HR",,5,-1,522
"SQ51105 521",5.2,"3GB","4C",1,"GI","B",10,-3,366
"SQ68238 551",14.1,"5GG","4C",0,"HR","F",5,5.4,385
"SQ58114 041",12.2,"3GB","4C",0,"CR",,1,-2.6,363
"SQ80650 531",19.4,"5GG","5A",0,"HR","B",9,9.4,308
"SQ50337 551",14.8,"5GG","5A",0,"HGI","D",10,-0.2,405
"SQ66543 021",8,"3GB","5A",1,"HR","B",4,-2.3,349
"SQ68088 531",6.4,"5GG","5A",0,"HR",,5,-0.3,374
"SQ76783 511",5.4,"3GB","5A",0,"CR",,8,-5.3,530
"SQ67992 011",3.6,"5GG","5A",0,"HR",,5,-4.5,748
"SQ78386 011",8,"5GG","5A",0,"HR",,9,-5,589
"SQ78700 521",10.5,"5GG","5A",0,"PO","B",9,2.8,442
"SQ79695 041",6.8,"5GG","5A",0,"CR",,9,-2.5,476
"SQ50220 531",3.8,"5GG","5A",0,"GI","B",10,-5.1,669
"SQ54897 531",3.8,"3GB","4C",0,"HR","F",12,-2.5,559
"SQ54508 521",7.1,"5GG","5A",0,"HR",,12,-3.9,610
"SQ51060 511",8.3,"3GB","4C",0,"GA",,10,-2.3,531
"SQ53710 071",4.1,"3GB","5A",0,"HGI","F",12,-3.5,666
"SQ72040 541",7.5,"5GG","4C",0,"HR","B",6,-0.7,624
"SQ76249 531",6.6,"5GG","5A",0,"HGI","F",8,-0.9,436
"SQ62588 541",12.8,"5GG","5A",0,"GI","D",3,3,503
"SQ73643 031",5.5,"5GG","5A",0,"CR",,7,-2.2,504
"SQ56456 511",17,"5GG","4C",0,"CR",,1,4.6,357
"SQ55122 041",4.6,"5GG","5A",0,"HGI","D",12,-3.9,588
"SQ61519 011",10.1,"5GG","5A",0,"HR",,2,-0.7,503
"SQ49476 061",12.2,"5GG","4C",0,"HGI","F",10,-2.3,502
"SQ74059 021",3.5,"3GB","5A",0,"CR",,7,-0.8,688
"SQ55433 521",12,"3GB","5A",0,"HGI","D",12,-1.6,385
"SQ58459 051",3.9,"3GB","5A",0,"HR","B",1,-4.7,657
"SQ52809 551",15.3,"5GG","5A",0,"HR","D",11,4.1,385
"SQ80021 021",4.6,"5GG","5A",0,"CR",,9,-0.2,665
"SQ71203 561",5.3,"5GG","5A",0,"HR",,6,-2.3,610
"SQ76530 541",7.2,"3GB","5A",0,"HR",,8,-1.7,617
"SQ72721 511",4.5,"3GB","4C",0,"FH",,6,-5.3,651
"SQ53403 541",10.3,"3GB","5A",0,"CR",,11,0.2,431
"SQ53710 021",5,"5GG","5A",0,"HGI","F",12,-3.1,649
"SQ58920 031",15.3,"5GG","5A",0,"GI",,2,13.4,478
"SQ77649 531",7.6,"3GB","5A",0,"HR",,8,-1.9,558
"SQ67271 541",9.9,"5GG","5A",0,"HR",,5,0.9,535
"SQ59157 041",5.6,"3GB","4C",0,"FH","B",2,-0.1,633
"SQ59202 011",14.4,"3GB","5A",0,"CR",,2,2.3,319
"SQ58724 021",8.8,"3GB","5A",0,"CR",,1,-2.2,377
"SQ78757 061",3.3,"5GG","5A",0,"HGI","F",9,-2.3,786
"SQ62425 531",13,"5GG","5A",0,"HR",,3,0.4,454
"SQ65253 561",4.5,"3GB","5A",0,"HR","F",4,-0.9,787
"SQ54201 051",14.2,"5GG","5A",0,"HR","D",12,2,316
"SQ49344 531",7.2,"3GB","5A",0,"HR",,10,-5.9,654
"SQ67097 511",11.1,"5GG","5A",0,"HR","D",4,-0.2,562
"SQ53517 521",9.5,"5GG","5A",0,"HR","B",11,-3.4,509
"SQ68823 021",8.6,"3GB","5A",0,"HR",,5,-4.9,356
"SQ62857 511",10,"3GB","4C",0,"CR",,3,0.3,449
"SQ68072 051",3.8,"3GB","5A",0,"PO","F",5,-4.1,543
"SQ68901 021",3.5,"5GG","5A",0,"CR",,5,-4.4,527
"SQ74831 511",11.2,"5GG","4C",0,"PO","B",7,6.6,420
"SQ65221 521",3.9,"5GG","5A",0,"CR",,4,-1.9,605
"SQ50554 561",10.6,"5GG","5A",0,"HR",,10,1.7,355
"SQ67913 531",8.3,"5GG","5A",0,"HR","F",5,1.5,377
"SQ67699 041",12.5,"5GG","5A",0,"HR",,5,-1,430
"SQ71620 071",6.7,"3GB","5A",1,"CR",,6,-5.1,336
"SQ51993 021",7,"5GG","5A",0,"GI",,11,-2.1,711
"SQ49881 521",12.7,"5GG","5A",0,"HR",,10,-0.3,521
"SQ73304 511",7.9,"3GB","5A",0,"BP",,7,-5.2,372
"SQ70447 011",4,"3GB","4C",1,"HR","D",6,-3.7,309
"SQ72215 011",6.3,"3GB","5A",0,"PO","B",6,-2.2,654
"SQ69317 531",12.4,"3GB","5A",0,"CR",,5,-0.6,425
"SQ64985 561",8.3,"3GB","5A",0,"PO","B",4,-4.4,417
"SQ53331 021",5.7,"3GB","5A",0,"FH",,11,-0.5,549
"SQ68973 531",5.2,"5GG","5A",0,"HR","D",5,-9.1,671
"SQ66528 531",11.2,"3GB","5A",0,"HR",,4,-1.3,432
"SQ65196 051",6.5,"3GB","5A",0,"PO","G",4,-4.3,618
"SQ76866 041",7.8,"3GB","5A",0,"HR","D",8,0.9,552
"SQ76562 021",17.5,"5GG","5A",0,"CR",,8,8.4,416
"SQ78292 541",15.5,"5GG","5A",0,"HR",,8,-0.2,449
"SQ66807 531",10.1,"5GG","4C",0,"HR","F",4,-2.7,565
"SQ75515 521",7.2,"5GG","4C",0,"HGI","F",8,-0.5,531
"SQ73113 541",3,"5GG","5A",0,"HR","B",7,-1.2,812
"SQ73499 021",10.4,"3GB","5A",0,"CR",,7,0.7,508
"SQ55386 551",10.1,"3GB","4C",0,"HR",,12,-3.9,454
"SQ65030 521",7.3,"3GB","4C",0,"GI",,4,-1.7,450
"SQ81132 531",6.7,"3GB","4C",0,"HR",,9,1,479
"SQ57417 051",5.6,"5GG","5A",0,"PO","D",1,-5.4,651
"SQ67257 041",6,"3GB","5A",0,"HR",,5,0.5,641
"SQ62265 521",11.4,"5GG","5A",0,"CR",,3,-2.5,431
"SQ50717 541",6.6,"3GB","5A",0,"HR","B",10,2.2,555
"SQ49934 011",10.1,"3GB","5A",0,"HR",,10,4.4,415
"SQ65995 551",5.5,"3GB","5A",1,"CR",,4,-2,332
"SQ52891 521",7.4,"5GG","5A",0,"HR",,11,-4.5,664
"SQ75259 031",3.6,"5GG","4C",0,"HGI","D",7,-3.9,688
"SQ52550 051",9,"3GB","4C",0,"FH",,11,-2.8,503
"SQ52477 511",4.3,"3GB","4C",0,"PO","B",11,-4.8,563
"SQ70161 541",11.8,"5GG","4C",0,"HR","D",6,2.9,448
"SQ52901 031",11.5,"5GG","5A",0,"HR","B",11,0.2,518
"SQ66529 511",16.2,"5GG","4C",0,"PO","F",4,9.3,468
"SQ70151 021",13.7,"3GB","4C",0,"CR",,6,6.2,316
"SQ68045 521",2.4,"5GG","5A",0,"FH",,5,-9.8,737
"SQ70646 521",10.5,"5GG","5A",0,"CR",,6,3.9,519
"SQ78260 021",15.7,"5GG","4C",0,"CR",,8,8.6,452
"SQ53405 521",10.1,"3GB","5A",0,"CR",,11,-0.2,534
"SQ80843 531",7.1,"5GG","4C",0,"HR","D",9,-6.8,545
"SQ53136 551",12.8,"5GG","4C",0,"CR",,11,1.7,423
"SQ66220 551",2.9,"5GG","4C",0,"CR",,4,-0.8,685
"SQ52536 561",13.6,"3GB","4C",0,"HR",,11,0.9,314
"SQ53514 031",4.7,"3GB","5A",0,"GI",,11,-9.7,649
"SQ74428 051",4,"3GB","5A",0,"PO","B",7,-0.8,645
"SQ78272 071",8.6,"3GB","5A",0,"HR",,8,2,485
"SQ60330 531",2.8,"3GB","5A",1,"GI","F",2,-6.5,322
"SQ58642 521",12.4,"5GG","4C",0,"HGI","D",1,6.2,311
"SQ57872 541",12.7,"5GG","5A",0,"PO","F",1,3,417
"SQ49691 011",11.9,"5GG","4C",0,"HR","B",10,-3.2,466
"SQ71373 051",15,"5GG","5A",0,"HR",,6,4.6,509
"SQ71672 051",9.9,"5GG","5A",0,"PO","B",6,-1.3,570
"SQ68703 511",9.7,"3GB","5A",0,"HR","D",5,-1.9,428
"SQ58541 511",11.4,"5GG","5A",0,"HGI","F",1,6.5,480
"SQ70119 511",5.7,"3GB","4C",0,"HR",,6,0.5,668
"SQ50971 531",7.3,"3GB","5A",0,"HGI","D",10,-3.7,626
"SQ51147 521",17.2,"5GG","4C",0,"HR",,10,4,539
"SQ63012 021",6.8,"5GG","4C",0,"HGI","F",3,-6.4,542
"SQ51074 561",6.9,"5GG","5A",0,"PO","B",10,-6.7,603
"SQ80173 511",14.9,"3GB","5A",0,"PO","F",9,5.2,373
"SQ78181 531",11.4,"3GB","5A",0,"PosMAC","B",8,-1.8,517
"SQ73226 541",4.8,"3F1","5A",0,"HR","B",7,-6.1,628
"SQ73202 051",7.8,"3GB","5A",0,"HR",,7,-4.9,577
"SQ59469 531",7.1,"5GG","5A",0,"HGI","F",2,-1.4,545
"SQ52774 031",2.7,"3GB","5A",1,"CR",,11,-7.3,315
"SQ55693 551",8.7,"3GB","5A",0,"CR",,12,-3.6,533
"SQ59851 551",10.5,"3GB","5A",0,"PO","B",2,3.4,529
"SQ56101 521",3.5,"5GG","5A",0,"HR","F",12,-9.3,631
"SQ56278 051",13,"3GB","5A",0,"HR",,1,1.6,417
"SQ57148 531",4.8,"5GG","5A",0,"BP",,1,-3.8,637
"SQ49101 031",6.1,"3GB","5A",0,"HR","B",10,-3.1,542
"SQ66782 561",9.9,"3GB","5A",0,"BP",,4,-1.7,467
"SQ49608 511",8.8,"3GB","5A",0,"HR","B",10,-0.9,382
"SQ69776 051",4.2,"5GG","5A",0,"CR",,5,-0.9,581
"SQ54192 011",12.9,"5GG","4C",0,"HR",,12,2.6,429
"SQ75476 541",2,"5GG","4C",0,"CR",,7,-6.6,780
"SQ72890 011",5.1,"3GB","5A",0,"CR",,7,-0.4,663
"SQ62704 041",5.4,"3GB","4C",1,"GA","D",3,-6.1,313
"SQ56622 021",5,"5GG","5A",0,"PO","F",1,-2,611
"SQ64301 541",8.2,"5GG","5A",0,"HR",,3,-6.7,681
"SQ60630 541",7.3,"3GB","4C",0,"PO","F",2,0.1,548
"SQ70510 541",2.7,"3GB","5A",0,"CR",,6,1,624
"SQ57274 521",15.4,"3GB","5A",0,"BP",,1,10.1,360
"SQ54222 061",14.1,"5GG","5A",0,"HR",,12,3.5,487
"SQ50422 071",3.8,"5GG","5A",0,"HR",,10,-5.9,654
"SQ79218 021",7.8,"3GB","5A",0,"GA",,9,-3.1,428
"SQ56184 541",7.7,"5GG","5A",0,"HR",,1,1.6,525
"SQ63518 041",7.6,"5GG","4C",0,"HR","B",3,0.7,404
"SQ60564 511",4.3,"3GB","5A",0,"GI","B",2,-3.6,511
"SQ78181 551",11.7,"5GG","5A",0,"PosMAC","B",8,-2.1,599
"SQ67715 071",6.8,"3GB","4C",0,"BP",,5,-5.1,500
"SQ62312 031",13,"5GG","4C",0,"PO","B",3,3.8,419
"SQ75921 021",1.7,"3GB","5A",0,"HGI","D",8,-0.6,657
"SQ77819 511",6.8,"3GB","4C",0,"HR",,8,-2.1,540
"SQ71976 021",15.7,"5GG","5A",0,"HR",,6,2.5,430
"SQ53809 511",9.1,"5GG","5A",0,"HGI","F",12,1.7,555
"SQ56999 061",8.6,"3GB","4C",0,"HGI","D",1,-6.4,517
"SQ71584 041",7.1,"5GG","5A",0,"CR",,6,-5.1,533
"SQ75526 021",3.6,"3GB","4C",0,"HGI","F",8,-3.2,696
"SQ65970 541",7.6,"5GG","4C",0,"CR",,4,-2.5,557
"SQ56367 531",7.8,"3GB","4C",0,"HR","B",1,1.4,633
"SQ79601 031",6.3,"3GB","4C",0,"HGI","D",9,-1.1,648
"SQ50018 011",10.7,"5GG","4C",0,"HGI","F",10,-1.6,564
"SQ70382 061",2,"3GB","4C",0,"PO","D",6,-6.1,740
"SQ76013 051",7,"3GB","5A",0,"HGI","F",8,-0.2,597
"SQ58604 051",12.8,"5GG","5A",0,"HR",,1,3.8,574
"SQ68464 531",5.1,"3GB","5A",0,"HR","F",5,-4.2,602
"SQ56325 521",8.7,"5GG","5A",0,"HR",,1,-3,582
"SQ80493 041",5.1,"5GG","5A",0,"HGI","D",9,-2.9,601
"SQ50710 061",8.1,"3GB","5A",0,"HR","B",10,4.8,472
"SQ69066 031",19.1,"5GG","5A",0,"HR","D",5,4.3,512
"SQ78424 061",7.6,"5GG","4C",0,"PO","D",9,-1.4,555
"SQ52016 551",11.8,"5GG","5A",0,"HR","D",11,-2.2,450
"SQ73792 021",3.4,"3GB","5A",0,"BP",,7,-2.7,672
"SQ53509 041",10.7,"3GB","4C",0,"HR","D",11,-0.9,531
"SQ72404 051",9.7,"5GG","5A",0,"CR",,6,-1.4,420
"SQ68953 061",8.8,"5GG","5A",0,"GI",,5,-4.4,475
"SQ76226 031",3.1,"3GB","5A",0,"HGI","D",8,-5.1,673
"SQ60273 551",5.7,"3GB","4C",0,"HR",,2,-2,529
"SQ63488 021",13,"3GB","5A",0,"FH","B",3,10.6,417
"SQ53919 041",19.4,"5GG","4C",0,"GA",,12,3.4,372
"SQ55249 541",9.2,"5GG","4C",0,"HR","D",12,-4.1,469
"SQ72509 511",11.4,"5GG","5A",0,"HR","B",6,3.2,539
"SQ55584 071",2.7,"3GB","4C",0,"CR","B",12,-3.7,629
"SQ56752 021",13.4,"5GG","4C",0,"CR",,1,3,522
"SQ50887 531",5.1,"3GB","4C",0,"HR","D",10,-5.8,663
"SQ67056 561",9.3,"5GG","5A",0,"HR","D",4,-5,558
"SQ72971 541",9.9,"3GB","5A",0,"HR",,7,1.2,470
"SQ61663 011",9.3,"5GG","5A",0,"HGI","D",3,-0.3,409
"SQ55141 061",5.9,"3GB","5A",0,"HR","B",12,-3.2,334
"SQ65221 561",6.4,"5GG","5A",0,"CR",,4,-2.2,513
"SQ79659 521",10.8,"5GG","5A",0,"HGI","F",9,-1.7,526
"SQ75438 511",9.3,"5GG","5A",0,"CR",,7,-1.4,514
"SQ77647 031",6.8,"5GG","5A",0,"HR",,8,-1.3,684
"SQ63495 011",2.7,"3GB","4C",1,"HR",,3,-0.3,320
"SQ49382 021",9.6,"3GB","4C",0,"CR",,10,-4.4,348
"SQ60975 551",10,"5GG","5A",0,"HR","B",2,-2.7,320
"SQ58531 511",3.4,"3GB","4C",0,"GA",,1,-6.7,680
"SQ80176 511",4,"3GB","5A",0,"PO","F",9,-4,393
"SQ57260 011",3.4,"3GB","4C",1,"GI","F",1,-0.2,311
"SQ58761 011",5.8,"5GG","5A",0,"PO","D",1,-2.9,419
"SQ79089 041",9,"5GG","5A",0,"CR",,9,0.4,543
"SQ58943 551",7.6,"5GG","4C",0,"HR","B",2,2.2,556
"SQ64505 531",3.5,"5GG","5A",0,"HR",,4,-7.9,531
"SQ70454 531",9,"5GG","5A",0,"HR","D",6,-0.9,596
"SQ67128 521",10.2,"3GB","5A",0,"HR",,4,-1.3,500
"SQ54112 511",16.3,"5GG","4C",0,"HR",,12,8.2,336
"SQ58503 541",4.6,"3GB","4C",0,"HR",,1,-3.6,605
"SQ57419 531",5.3,"5GG","5A",0,"PO","D",1,-5.7,700
"SQ57980 041",13.1,"5GG","4C",0,"CR",,1,1.9,337
"SQ78976 041",4.3,"3GB","4C",0,"CR",,9,-5.8,709
"SQ58446 011",6,"3GB","4C",0,"CR",,1,-0.5,563
"SQ65021 561",17.3,"5GG","5A",0,"PO","G",4,7.6,308
"SQ74965 551",9.2,"3GB","4C",0,"HR",,7,-1.6,427
"SQ79165 541",4.7,"3GB","5A",0,"PO","F",9,-1.5,770
"SQ79155 531",6.6,"3GB","5A",0,"PO","F",9,1,632
"SQ70503 061",13.5,"5GG","5A",0,"PO","D",6,8.9,422
"SQ66272 511",8.9,"3GB","4C",0,"FH",,4,-1.5,377
"SQ52360 541",4.8,"5GG","4C",0,"PO","D",11,-5,657
"SQ75712 051",5.9,"3GB","4C",1,"GA",,8,2.8,411
"SQ72379 521",10.5,"5GG","5A",0,"HR","D",6,1,545
"SQ51229 551",1.8,"5GG","5A",0,"HR","F",10,-3.1,745
"SQ78272 011",8.2,"5GG","5A",0,"HR",,8,1.6,532
"SQ58730 531",9.2,"5GG","5A",0,"CR",,1,-0.3,493
"SQ74746 061",6.5,"5GG","5A",0,"HR",,7,3.8,459
"SQ59673 051",11.9,"3GB","5A",0,"CR",,2,-0.7,429
"SQ79084 021",4.5,"3GB","4C",0,"GA","B",9,1.1,655
"SQ64417 521",14.6,"5GG","4C",0,"GI","B",3,9.7,309
"SQ61449 561",10.3,"5GG","4C",0,"HR","D",2,-4.8,500
"SQ79668 011",8.3,"5GG","5A",0,"HGI","F",9,-3.7,425
"SQ73009 021",3.5,"5GG","5A",0,"HR","D",7,-5,754
"SQ51704 531",12.3,"3GB","4C",0,"HGI","D",11,3.2,443
"SQ53315 511",13.4,"3GB","5A",0,"GI","B",11,6.5,416
"SQ58941 541",7.7,"3GB","4C",0,"HR","B",2,2.9,556
"SQ78288 021",6.2,"3GB","4C",0,"GI","B",8,-1.9,661
"SQ49411 551",4.8,"3GB","5A",0,"HR","D",10,-1.6,715
"SQ71735 531",5.7,"5GG","4C",0,"PO","B",6,-5.3,708
"SQ73354 031",17,"3GB","5A",0,"HR","D",7,6.5,330
"SQ67067 031",6.7,"5GG","5A",0,"HR",,4,-7.3,647
"SQ54774 051",14.3,"3GB","5A",0,"HR",,12,-1.6,415
"SQ61686 521",6.5,"5GG","5A",0,"CR",,3,-7,479
"SQ54419 521",8,"5GG","5A",0,"HGI","F",12,1.5,500
"SQ75118 011",7.6,"5GG","4C",0,"HR","D",7,-2.3,462
"SQ78983 021",6,"5GG","4C",0,"CR",,9,-7.6,659
"SQ70984 551",8.3,"5GG","5A",0,"HR","D",6,-3.9,469
"SQ68833 031",2.4,"3GB","5A",1,"CR",,5,-2.2,440
"SQ64929 011",10.2,"5GG","5A",0,"FH",,4,-1,416
"SQ69669 031",14.1,"3GB","4C",0,"CR",,5,0.9,461
"SQ53876 521",11.8,"5GG","5A",0,"HR","D",12,-1.8,459
"SQ65139 051",5.4,"3GB","4C",0,"HGI","F",4,-9,654
"SQ57776 041",11.7,"5GG","5A",0,"HR",,1,-2.8,486
"SQ77690 551",9.6,"5GG","4C",0,"HR","B",8,1.9,590
"SQ71600 541",4.8,"5GG","5A",0,"HR",,6,-4.6,721
"SQ53733 031",7.3,"5GG","4C",0,"HR",,12,-7.4,655
"SQ56426 531",5.8,"3GB","4C",0,"HR","F",1,-0.3,643
"SQ54306 041",16.5,"5GG","5A",0,"GI",,12,5.3,360
"SQ56444 531",7.2,"5GG","4C",0,"HR","F",1,-0.5,589
"SQ52911 561",11.4,"3GB","5A",0,"HR",,11,3.1,398
"SQ75325 531",5.2,"3GB","5A",0,"HGI","D",7,-2.8,629
"SQ57021 031",13.7,"5GG","5A",0,"HR",,1,2.6,467
"SQ58355 041",7,"3GB","5A",0,"HGI","F",1,-2.9,590
"SQ50928 551",5.8,"3GB","5A",0,"CR",,10,-7,535
"SQ69137 031",11.8,"5GG","5A",0,"CR",,5,2.3,518
"SQ77566 541",8.3,"3GB","4C",0,"HR",,8,-4.6,562
"SQ58197 031",14.4,"5GG","4C",0,"CR",,1,3.9,308
"SQ58412 011",3.3,"3GB","4C",0,"HGI","F",1,-2.6,625
"SQ74561 041",1.3,"3GB","5A",0,"PO","D",7,-6.3,783
"SQ66653 031",14,"5GG","5A",0,"HR",,4,10,440
"SQ77606 531",8.8,"5GG","5A",0,"CR",,8,3.1,541
"SQ52334 071",13,"3GB","4C",0,"HR",,11,2.8,342
"SQ51014 531",7.3,"3GB","5A",0,"GA",,10,-4.9,473
"SQ63435 011",9.4,"5GG","5A",0,"BP",,3,5.9,477
"SQ66526 531",17,"5GG","4C",0,"PO","F",4,9.5,460
"SQ68174 521",3.7,"5GG","4C",0,"HR",,5,-8.4,661
"SQ63654 561",6.1,"5GG","5A",0,"HR",,3,-3.2,663
"SQ65524 511",7.8,"5GG","5A",0,"CR",,4,-3.1,541
"SQ59724 031",7,"3GB","5A",1,"GI","F",2,-8.6,345
"SQ67709 571",8.2,"5GG","5A",0,"HR",,5,-3.7,530
"SQ78330 021",9.7,"3GB","4C",0,"HGI","F",8,-6.2,617
"SQ49361 021",15.9,"5GG","5A",0,"FH",,10,10.7,445
"SQ57783 551",11.6,"5GG","5A",0,"HR","B",1,-1.2,461
"SQ59441 021",12,"3GB","5A",1,"HR",,2,2.8,460
"SQ80832 051",5.8,"5GG","4C",0,"PO","F",9,-6.1,591
"SQ56743 551",9.7,"5GG","4C",0,"CR",,1,4.9,541
"SQ67074 021",17,"5GG","5A",0,"PO","B",4,5.1,404
"SQ78851 011",11.5,"5GG","4C",0,"HGI","D",9,-0.9,611
"SQ73177 561",4.9,"3GB","4C",0,"BP",,7,-4.9,664
"SQ56907 051",5.3,"3GB","4C",0,"HGI","D",1,-2,645
"SQ77414 511",5.4,"3GB","5A",0,"FH",,8,-1.2,679
"SQ66351 531",6.4,"5GG","4C",0,"CR",,4,-2.8,470
"SQ64338 551",8.6,"5GG","5A",0,"HGI","F",3,-2.1,477
"SQ51873 021",15.1,"5GG","4C",0,"HR",,11,6.2,382
"SQ67715 551",9.6,"5GG","4C",0,"BP",,5,-4.3,540
"SQ52810 531",5.9,"5GG","5A",0,"HGI","D",11,-7,426
"SQ66197 031",12.5,"3GB","5A",0,"BP",,4,6,424
"SQ63109 031",4.6,"3GB","4C",0,"HGI","D",3,-7.8,654
"SQ67977 541",6.2,"5GG","5A",0,"HR",,5,-1.4,762
"SQ71371 521",10.1,"5GG","5A",0,"HR",,6,2,488
"SQ51444 081",3.6,"3GB","5A",0,"HR",,10,-2,720
"SQ58864 041",6.8,"3GB","5A",0,"HGI","F",1,-6.4,547
"SQ63751 021",7.5,"3GB","4C",0,"GI",,3,-1.7,303
"SQ75285 511",5.4,"5GG","5A",0,"HR",,7,-5.9,554
"SQ53155 081",8.7,"3GB","4C",0,"HR","B",11,-1.3,436
"SQ70970 051",7.3,"3GB","4C",0,"HR",,6,-6.9,585
"SQ67072 551",6.5,"3GB","5A",0,"HR","D",4,-7.5,691
"SQ49923 021",7.8,"5GG","5A",0,"HGI","D",10,-1.5,638
"SQ55987 531",5.5,"3GB","5A",1,"HR",,12,-1.5,509
"SQ54789 031",9.7,"5GG","4C",0,"CR",,12,-7.3,429
"SQ56429 551",4.6,"5GG","4C",0,"HR","F",1,-1,561
"SQ55773 551",1.7,"3GB","5A",0,"GA","B",12,-1.2,728
"SQ75057 561",6.4,"5GG","4C",0,"HR","B",7,-3.8,459
"SQ76792 531",7,"3GB","4C",0,"HGI","D",8,0.1,598
"SQ57380 021",0.5,"3GB","4C",1,"HR","D",1,-10.7,497
"SQ60913 051",14.9,"5GG","5A",0,"HR",,2,6,353
"SQ80277 051",6.8,"5GG","5A",0,"PO","F",9,0.9,559
"SQ64246 551",16.1,"5GG","5A",0,"HR",,3,1.7,434
"SQ52799 041",7.3,"5GG","5A",0,"HGI","D",11,-3.5,671
"SQ54536 531",8.9,"5GG","4C",0,"GA",,12,-2.3,464
"SQ76786 511",7.2,"3GB","5A",1,"CR",,8,3.2,303
"SQ70133 561",0.6,"3GB","5A",0,"HR",,6,-6.2,791
"SQ69746 021",3.5,"3GB","4C",0,"HR","B",5,-3.6,612
"SQ78270 531",8.8,"5GG","5A",0,"HR",,8,2,460
"SQ50549 521",14.4,"5GG","5A",0,"HR",,10,3.6,412
"SQ74151 541",17.9,"3GB","5A",0,"BP",,7,1.8,328
"SQ70454 011",9.2,"5GG","5A",0,"HR","D",6,-0.7,620
"SQ52570 551",6.8,"5GG","4C",0,"HR","D",11,-5.8,530
"SQ80342 061",6.2,"3GB","5A",0,"CR",,9,-3.3,504
"SQ80868 041",5.6,"5GG","5A",0,"CR",,9,-7.4,607
"SQ74354 541",3.7,"3GB","5A",0,"CR",,7,-6.6,581
"SQ51562 011",9.1,"5GG","5A",0,"FH","D",11,-6.2,460
"SQ52609 521",2.9,"3GB","4C",0,"HR",,11,-3.6,636
"SQ69855 541",12.6,"5GG","5A",0,"HR","F",5,4,394
"SQ75162 031",11.5,"5GG","5A",0,"FH","B",7,0.9,474
"SQ72973 031",9.8,"5GG","4C",1,"HR","F",7,0.6,306
"SQ63046 511",10.8,"3GB","4C",0,"CR","F",3,2.2,421
"SQ76158 511",3.3,"3GB","4C",0,"HGI","B",8,-1.5,662
"SQ73943 061",5,"3GB","5A",0,"HR",,7,-3.3,669
"SQ70971 511",7.4,"3GB","4C",0,"HR",,6,-6.9,603
"SQ76795 061",6.6,"3GB","4C",0,"HGI","F",8,-0.9,446
"SQ51083 531",12.5,"5GG","5A",0,"PO","D",10,5,313
"SQ73352 021",14.8,"5GG","4C",0,"GI","D",7,6.2,324
"SQ74290 041",2.5,"3GB","5A",0,"HR",,7,-6.3,684
"SQ78492 041",12.2,"5GG","4C",0,"HR","F",9,3.3,338
"SQ49333 541",5.5,"3GB","5A",0,"HR",,10,-7.2,559
"SQ59678 031",13.8,"5GG","5A",0,"CR",,2,2.7,328
"SQ65526 031",4.8,"5GG","5A",0,"HR",,4,-5.6,531
"SQ60260 081",8.1,"3GB","4C",0,"HR","D",2,0.8,469
"SQ59776 541",18.3,"5GG","5A",0,"HR","B",2,10.2,366
"SQ73949 031",9,"3GB","4C",0,"PO","D",7,3,510
"SQ65544 541",11,"3GB","4C",0,"CR",,4,2,392
"SQ53764 511",3.7,"3GB","5A",0,"HR","B",12,-2.2,721
"SQ55895 511",4.4,"5GG","5A",0,"HR",,12,-1.8,548
"SQ58222 551",11.8,"5GG","5A",0,"HR",,1,1.9,440
"SQ64419 551",13.7,"5GG","4C",0,"CR","B",3,8.6,380
"SQ78386 521",7.8,"5GG","5A",0,"HR",,9,-5,712
"SQ62877 511",15.8,"5GG","5A",0,"HGI","D",3,0.7,411
"SQ79214 041",8.8,"3GB","5A",0,"PO","F",9,-1.4,448
"SQ75678 511",5.8,"5GG","4C",0,"HR","D",8,-2.3,536
"SQ53766 051",2.4,"2GB","5A",0,"HR","B",12,-3.2,715
"SQ51939 031",9.4,"3GB","5A",0,"HR",,11,-2.7,368
"SQ50568 521",16.7,"5GG","5A",0,"HR","F",10,0.4,338
"SQ79582 551",7.6,"3GB","5A",0,"CR","B",9,0.4,543
"SQ78849 021",11.1,"5GG","4C",0,"HGI","F",9,-0.5,593
"SQ50010 031",12.8,"3GB","4C",0,"HGI","D",10,0.5,366
"SQ53742 081",2,"3GB","5A",0,"HR","D",12,-11,691
"SQ80257 051",11.8,"5GG","4C",0,"FH",,9,5.4,440
"SQ52011 051",5.2,"3GB","5A",0,"GI",,11,-1.9,605
"SQ78095 541",9.2,"5GG","4C",0,"PO","D",8,3.5,423
"SQ63939 551",11.5,"3GB","5A",0,"HR","F",3,-8.4,437
"SQ77912 011",33.3,"5GG","5A",0,"PO","G",8,20.5,310
"SQ56585 061",5.7,"3GB","5A",0,"PO","B",1,-4.2,600
"SQ65868 531",15.1,"5GG","5A",1,"PO","G",4,5.4,324
"SQ50561 041",61.4,"3GB","5A",0,"HR",,10,54.9,325
"SQ78398 041",5.7,"3GB","5A",0,"BP",,9,-10.1,630
"SQ57758 011",11.5,"3GB","4C",0,"BP",,1,-3.3,416
"SQ63001 541",9.8,"3GB","4C",0,"HGI","F",3,5.6,516
"SQ67150 051",14.2,"5GG","5A",0,"PO","B",4,5.7,398
"SQ51718 051",18.2,"5GG","5A",0,"GI",,11,4.8,360
"SQ56900 051",5.8,"3GB","4C",0,"HGI","F",1,-0.4,629
"SQ75403 541",14.8,"5GG","5A",1,"HR","D",7,2.5,355
"SQ69791 071",17.8,"5GG","4C",0,"HR","D",5,1.9,328
"SQ56442 051",6.7,"5GG","4C",0,"HR","D",1,-0.2,556
"SQ55704 051",10.7,"3GB","5A",0,"HR",,12,-3.5,435
"SQ57070 061",9.6,"5GG","5A",0,"HGI","D",1,2.8,409
"SQ60620 021",6.3,"5GG","5A",0,"HR","D",2,-4.2,526
"SQ67782 011",11,"5GG","5A",0,"HR","D",5,-2.9,489
"SQ74445 031",5.8,"3GB","4C",0,"HR",,7,0.2,461
"SQ53096 021",13.7,"5GG","5A",0,"HR","B",11,3.5,503
"SQ56221 541",4.2,"5GG","5A",0,"CR",,1,-6.6,529
"SQ66149 051",3,"3GB","5A",0,"BP",,4,-6.7,678
"SQ80489 541",4.9,"3GB","5A",0,"CR",,9,-5.6,624
"SQ64701 051",14.1,"5GG","5A",0,"HGI","D",4,0.9,432
"SQ63277 511",7.2,"3GB","5A",0,"HR","D",3,-7.2,659
"SQ73186 011",7.1,"5GG","4C",0,"HR",,7,-1,696
"SQ72628 541",9.5,"5GG","5A",0,"HR",,6,-4,616
"SQ70347 541",7.4,"5GG","5A",0,"HR","B",6,-2,563
"SQ65001 551",23,"5GG","5A",0,"PO","G",4,13.3,312
"SQ54606 551",8.9,"5GG","5A",0,"HR",,12,-2.7,531
"SQ57095 531",14.6,"5GG","5A",0,"HGI","D",1,3.5,386
"SQ60972 041",9.5,"3GB","5A",0,"HR","B",2,-2.6,533
"SQ49967 541",9.6,"3GB","5A",0,"HR",,10,-1.9,612
"SQ49596 521",12.3,"3GB","5A",0,"CR",,10,2.2,476
"SQ58280 031",9.2,"5GG","5A",0,"HR","F",1,-1.9,560
"SQ72495 021",6.3,"5GG","5A",0,"HR","D",6,-7.7,713
"SQ76655 531",2,"3GB","5A",0,"PO","B",8,-8.9,775
"SQ68121 561",13.2,"3GB","4C",0,"HR","B",5,4.4,442
"SQ52913 531",17.5,"5GG","5A",0,"GI",,11,12.6,311
"SQ68821 021",9.9,"3GB","4C",0,"CR",,5,-1.7,419
"SQ57047 541",10.2,"3GB","5A",0,"HR",,1,2.2,556
"SQ80100 061",5.8,"3GB","5A",0,"BP",,9,-1.9,632
"SQ52861 531",13.8,"3GB","5A",0,"PO","D",11,4.9,316
"SQ65851 561",4.1,"3GB","5A",0,"CR",,4,-4.5,633
"SQ78632 031",3.9,"5GG","4C",0,"HGI","D",9,-6.1,704
"SQ64751 541",1.8,"3GB","5A",1,"GI",,4,-9.2,452
"SQ57607 561",8.7,"3GB","4C",0,"HR","D",1,3,461
"SQ49110 511",10.3,"3GB","5A",0,"HR","B",10,6.7,524
"SQ52902 541",19.6,"5GG","4C",0,"HR",,11,16.7,320
"SQ78735 021",5.2,"3GB","5A",0,"CR",,9,-3.6,500
"SQ68096 021",3.4,"3GB","4C",1,"CR",,5,-4.1,358
"SQ54208 081",5.9,"5GG","5A",0,"HR","D",12,-4.1,437
"SQ71735 081",3.6,"3GB","4C",0,"PO","D",6,-5.7,701
"SQ76095 531",4.3,"3GB","4C",0,"CR",,8,-3.3,484
"SQ73847 581",17.6,"3GB","4C",0,"PO","D",7,8.9,326
"SQ58540 051",4,"3GB","5A",1,"HR","D",1,-4.1,337
"SQ58453 021",11.4,"5GG","4C",0,"GA",,1,3.9,395
"SQ77276 541",4.9,"3GB","5A",0,"BP",,8,-5.5,625
"SQ55460 521",15.6,"5GG","4C",0,"GI","D",12,2.2,404
"SQ51246 561",9.5,"5GG","5A",0,"HR",,10,0,397
"SQ73519 011",7.9,"3GB","5A",0,"PO","B",7,-4.2,605
"SQ50715 561",7.2,"3GB","5A",0,"HR","B",10,3.4,427
"SQ69581 041",8.9,"5GG","5A",0,"HR",,5,-1.7,470
"SQ72612 511",10.5,"3GB","5A",0,"CR",,6,0.1,635
"SQ61444 031",14.6,"5GG","4C",0,"HGI","F",2,-0.5,369
"SQ52399 531",19.2,"5GG","4C",0,"GA","D",11,3.7,324
"SQ61168 511",3.6,"3GB","5A",0,"HR",,2,-3.6,673
"SQ65536 021",12.8,"5GG","5A",0,"PO","F",4,3.7,319
"SQ70507 521",5.3,"3GB","5A",1,"CR",,6,-1.3,347
"SQ62305 541",12.9,"5GG","4C",0,"PO","B",3,4.8,303
"SQ49396 511",6.5,"3GB","4C",1,"FH","D",10,-4.1,303
"SQ50661 041",8.4,"5GG","5A",0,"HGI","B",10,-5.5,469
"SQ52908 551",13,"5GG","5A",0,"HR",,11,4.4,487
"SQ77546 511",3.1,"5GG","5A",0,"HR","D",8,-4.3,669
"SQ71739 051",5.4,"3GB","4C",0,"PO","B",6,-6.7,509
"SQ64338 541",8.7,"3GB","5A",0,"HGI","F",3,-2,517
"SQ72065 551",9.2,"5GG","5A",0,"HR",,6,1.8,568
"SQ50947 051",8.9,"5GG","4C",0,"HR",,10,-2.1,629
"SQ52624 541",11.4,"5GG","5A",0,"HR","D",11,1.9,496
"SQ60309 561",8.7,"3GB","4C",0,"BP",,2,-1.9,348
"SQ70784 031",4,"5GG","4C",0,"HR",,6,-2.4,690
"SQ64566 521",23,"3GB","5A",0,"CR",,4,4.8,318
"SQ61254 061",11.7,"3GB","5A",0,"HGI","F",2,-3.9,429
"SQ50325 031",7.9,"5GG","4C",0,"GI","B",10,2.1,568
"SQ76060 041",5.3,"3GB","5A",0,"PO","D",8,-0.6,533
"SQ72469 021",6.2,"5GG","5A",0,"GA",,6,-6.8,561
"SQ66472 031",8.4,"5GG","5A",0,"CR",,4,1.7,454
"SQ55115 051",9.7,"5GG","5A",0,"HR","B",12,3.1,481
"SQ52999 521",8,"5GG","5A",0,"GA",,11,-1.2,516
"SQ79273 011",6.7,"5GG","5A",0,"HR",,9,-1.2,610
"SQ60559 021",6.7,"3GB","5A",0,"PO","B",2,-2.3,690
"SQ55632 551",3.7,"5GG","5A",0,"PO","G",12,-4,683
"SQ77959 011",11.4,"3GB","4C",0,"HGI","D",8,2.6,445
"SQ60283 051",6,"3GB","4C",0,"HR",,2,0.5,429
"SQ66982 031",5,"5GG","5A",0,"FH","B",4,-8.3,509
"SQ77549 061",2.2,"5GG","5A",0,"HR","D",8,-5.5,677
"SQ76030 041",5.9,"5GG","5A",0,"HR","B",8,-1,527
"SQ49098 561",7.8,"3GB","5A",0,"GI","B",10,-2.8,470
"SQ70675 541",9.3,"5GG","5A",0,"FH",,6,0.3,564
"SQ68934 511",11.8,"5GG","4C",0,"HR",,5,-5.2,452
"SQ72219 551",12.9,"5GG","5A",0,"HR",,6,7.8,513
"SQ60332 041",10.9,"3GB","4C",0,"GI","B",2,0.8,392
"SQ52385 541",10.8,"5GG","5A",0,"HR","B",11,-0.5,581
"SQ49533 591",13.6,"5GG","5A",0,"PO","B",10,-1,350
"SQ56629 581",13.3,"5GG","5A",0,"PO","D",1,-0.4,436
"SQ64508 011",3.4,"3GB","5A",0,"FH",,4,-8.4,525
"SQ52719 521",11.5,"5GG","5A",0,"HR","D",11,6.1,575
"SQ75767 561",5.1,"5GG","5A",0,"PO","B",8,-2.8,598
"SQ72043 041",4.9,"3GB","5A",0,"CR",,6,-1.6,622
"SQ62070 011",10.8,"5GG","5A",0,"HR",,3,1,316
"SQ55772 011",10.6,"5GG","5A",0,"HR","D",12,2.1,530
"SQ57687 051",6.5,"5GG","5A",0,"HR","D",1,-7.8,467
"SQ64491 041",3.9,"3GB","5A",1,"CR",,4,-2.5,323
"SQ55202 541",10.6,"5GG","5A",0,"HR",,12,-3.2,537
"SQ74514 041",4.1,"5GG","5A",0,"HR","B",7,-0.8,574
"SQ67878 521",7.4,"3GB","4C",1,"HR",,5,0.2,415
"SQ67360 051",10.4,"5GG","5A",0,"HR","B",5,5.7,417
"SQ65106 521",15,"3GB","5A",0,"HR",,4,5.7,360
"SQ78997 031",7.1,"3GB","5A",0,"HR","F",9,-1.7,623
"SQ57170 031",15.7,"5GG","5A",0,"HR",,1,4.4,439
"SQ57050 051",11.2,"3GB","4C",0,"HR","F",1,1.2,475
"SQ76928 521",6,"5GG","5A",0,"GA",,8,-6.8,607
"SQ80793 551",6.2,"3GB","5A",0,"HR",,9,-6.6,568
"SQ61165 021",5.2,"5GG","5A",0,"HR",,2,-3.3,561
"SQ70347 011",6.6,"5GG","5A",0,"CR",,6,-2.2,610
"SQ69655 541",5.4,"3GB","5A",0,"HR","D",5,-1.7,635
"SQ70730 541",6.9,"3GB","5A",0,"GI",,6,-0.4,573
"SQ76410 521",6.3,"5GG","4C",0,"CR",,8,-1.8,554
"SQ69845 031",8.7,"3GB","5A",0,"PO","F",5,-2.4,547
"SQ74763 571",2.1,"3GB","4C",0,"FH","F",7,-1.1,635
"SQ67176 011",9.4,"5GG","5A",0,"CR",,4,-0.1,554
"SQ61684 541",4.7,"3GB","4C",0,"BP",,3,-6.7,604
"SQ80136 021",8.5,"5GG","4C",0,"CR",,9,-1.1,509
"SQ62902 531",12,"3GB","4C",0,"CR",,3,7.5,424
"SQ76952 051",4,"3GB","5A",0,"HR","B",8,-4.8,616
"SQ63031 521",15.4,"5GG","5A",0,"HR",,3,6.2,421
"SQ70733 011",7,"5GG","5A",0,"CR",,6,-0.8,592
"SQ51389 011",12.9,"5GG","4C",0,"HGI","D",10,0.1,505
"SQ49511 541",11.7,"5GG","4C",0,"HR",,10,3.7,335
"SQ57877 041",11.9,"3GB","5A",0,"PO","F",1,1.5,360
"SQ72663 041",12.4,"3GB","4C",0,"GA",,6,0.9,488
"SQ49986 011",14.5,"5GG","5A",0,"HR",,10,-0.1,500
"SQ52898 521",16.9,"5GG","5A",0,"HGI","D",11,8.1,316
"SQ77723 051",5.4,"5GG","5A",0,"HR","B",8,-2.4,506
"SQ61273 021",13.1,"5GG","5A",0,"GI",,2,0.4,416
"SQ58362 021",10.9,"3GB","4C",0,"FH","D",1,0.6,536
"SQ51847 011",13.5,"3GB","5A",0,"PO","D",11,-1.7,355
"SQ70472 551",9.9,"5GG","5A",0,"HR","B",6,1,485
"SQ50209 551",5.6,"5GG","4C",0,"HR","B",10,-2.5,566
"SQ72753 531",10.7,"5GG","5A",0,"PO","B",7,-3.5,485
"SQ51843 531",13.9,"5GG","5A",0,"PO","D",11,-0.9,365
"SQ76824 051",7.4,"3GB","5A",0,"HR","D",8,-1.1,523
"SQ58989 521",9.6,"3GB","5A",0,"HGI","F",2,-2.5,531
"SQ61601 561",6.1,"5GG","5A",0,"BP",,3,-6.6,496
"SQ79225 021",8,"5GG","4C",0,"BP",,9,-0.4,494
"SQ65576 051",11.2,"3GB","5A",0,"HGI","F",4,-0.3,511
"SQ62864 021",9.4,"3GB","4C",0,"CR",,3,-1.4,512
"SQ52312 541",7,"3GB","5A",0,"GI","B",11,-6.4,524
"SQ57909 561",14.5,"5GG","5A",0,"HGI","D",1,3.3,341
"SQ68992 011",13.5,"5GG","4C",0,"BP",,5,9.9,317
"SQ68093 021",4.7,"5GG","5A",0,"HR",,5,-1.2,649
"SQ64807 051",5,"3GB","4C",0,"HGI","F",4,-2,633
"SQ71368 571",1.7,"3GB","5A",0,"HR",,6,-6.8,761
"SQ49605 521",13.4,"5GG","5A",0,"CR",,10,5.5,304
"SQ72600 541",10.7,"5GG","4C",0,"CR",,6,0.3,376
"SQ62851 551",25.8,"3GB","5A",0,"HR","D",3,19.7,330
"SQ73412 051",3.1,"3GB","5A",0,"CR",,7,-7.2,549
"SQ60577 031",5.5,"5GG","5A",0,"FH","B",2,-1.2,610
"SQ78981 051",6.5,"5GG","4C",0,"CR",,9,-7.2,591
"SQ61189 051",7,"3GB","5A",0,"FH",,2,-3.5,481
"SQ81092 071",9.6,"3GB","4C",1,"HR",,9,2.6,308
"SQ56613 521",13.4,"5GG","4C",0,"PO","D",1,0.8,354
"SQ62297 041",9.9,"3GB","5A",0,"PO","D",3,-0.4,365
"SQ71008 531",71.8,"3GB","5A",1,"CR",,6,58.3,385
"SQ76343 021",7.2,"5GG","4C",0,"CR","F",8,-1.2,532
"SQ76033 021",6.2,"5GG","5A",0,"CR",,8,0.3,610
"SQ54719 551",15.4,"3GB","5A",0,"HR",,12,-0.2,373
"SQ72017 031",6.5,"3GB","4C",0,"HR",,6,-5.3,601
"SQ67996 541",3.2,"3GB","5A",0,"HR",,5,-4.3,654
"SQ57352 541",9.1,"3GB","5A",0,"GA","F",1,-5.1,435
"SQ54706 031",6.4,"3GB","5A",0,"HR",,12,-6.7,646
"SQ54551 511",9.6,"5GG","5A",0,"GI",,12,1,386
"SQ50296 511",10.9,"5GG","4C",0,"CR","B",10,-0.9,442
"SQ55249 531",9.3,"5GG","4C",0,"HR","D",12,-4,511
"SQ60418 521",4.1,"3GB","4C",1,"GI","F",2,-7.9,413
"SQ76910 531",9.2,"5GG","5A",0,"HR",,8,-2.5,670
"SQ77939 551",8.2,"3GB","4C",1,"CR",,8,2.7,300
"SQ56757 041",12.2,"3GB","4C",0,"CR",,1,10.3,405
"SQ49882 541",12,"3GB","5A",0,"HR","B",10,-1.4,578
"SQ54458 021",7.6,"3GB","4C",0,"CR",,12,-0.6,408
"SQ77725 551",5.4,"3GB","5A",0,"GI","B",8,-2.7,564
"SQ50890 021",13.7,"3GB","5A",0,"HGI","D",10,4.4,491
"SQ78205 021",8.3,"3GB","5A",0,"HGI","F",8,-1.8,527
"SQ75364 521",5.2,"5GG","5A",0,"HR",,7,-4,541
"SQ67808 021",8.9,"3GB","5A",0,"CR",,5,-6.4,373
"SQ62416 531",14,"5GG","5A",0,"HR","D",3,2.2,469
"SQ78200 041",9.1,"5GG","5A",0,"GI",,8,-0.6,407
"SQ61686 531",6.4,"5GG","5A",0,"CR",,3,-7.1,573
"SQ77924 051",5.6,"3GB","5A",0,"HR","D",8,3,498
"SQ50905 071",7.3,"5GG","5A",0,"HR","B",10,-7.6,534
"SQ56121 011",4.4,"5GG","5A",0,"HGI","D",12,-3.3,650
"SQ79078 021",9.1,"5GG","5A",0,"HGI","F",9,3.1,504
"SQ67345 011",3.7,"3GB","5A",0,"HR",,5,-6,654
"SQ63112 021",10.9,"3GB","4C",0,"HGI","D",3,3.1,513
"SQ79313 061",6.3,"5GG","5A",0,"BP",,9,-5.8,630
"SQ56306 011",4.4,"5GG","4C",0,"CR",,1,-5.8,474
"SQ65576 531",11.7,"5GG","5A",0,"HGI","F",4,-0.2,506
"SQ61257 041",11.8,"5GG","5A",0,"HGI","F",2,-3.1,435
"SQ71077 521",12.7,"5GG","4C",0,"HR","B",6,3.7,532
"SQ56109 541",2.2,"5GG","5A",0,"HGI","F",12,-10.9,724
"SQ71250 021",4.3,"5GG","5A",0,"GI",,6,-2.5,631
"SQ75980 551",10.6,"3GB","4C",1,"HR",,8,3.2,320
"SQ63081 521",11.3,"3GB","5A",0,"HR","D",3,-0.8,490
"SQ70390 021",3.9,"5GG","4C",0,"HR","B",6,-6.4,644
"SQ58791 021",2.1,"3GB","5A",0,"GA",,1,-3.1,603
"SQ69940 561",1,"3GB","5A",0,"HR","D",5,-4.9,683
"SQ79570 521",4.7,"3GB","5A",0,"HR","B",9,-5.7,649
"SQ67315 021",2.3,"3F1","5A",0,"GI","B",5,-7.9,601
"SQ72501 051",12,"5GG","5A",0,"HR","B",6,5,481
"SQ80958 011",11.5,"5GG","5A",0,"HR",,9,-4.4,385
"SQ73322 531",8.3,"5GG","5A",0,"HGI","D",7,-2.8,590
"SQ67992 521",3.4,"5GG","5A",0,"HR",,5,-4.6,558
"SQ80343 521",12,"3GB","4C",0,"FH",,9,2.8,422
"SQ73406 061",12.3,"5GG","5A",0,"HR","D",7,1.1,514
"SQ73243 021",9.3,"5GG","5A",0,"HR","D",7,-0.8,619
"SQ78156 531",11.4,"5GG","4C",0,"HR","D",8,4.8,475
"SQ54014 011",12.9,"5GG","4C",0,"GI",,12,2.1,340
"SQ79632 041",12.1,"3GB","5A",0,"HR","F",9,3.3,358
"SQ52908 041",13,"5GG","5A",0,"HR",,11,4.5,441
"SQ67878 051",6.9,"3GB","4C",1,"HR",,5,-0.4,326
"SQ51324 011",10.1,"3GB","4C",0,"HR","B",10,0.4,426
"SQ50751 561",11.2,"3GB","5A",0,"HR","D",10,0.2,306
"SQ79188 021",4.7,"5GG","5A",0,"HGI","F",9,-3.4,685
"SQ68379 071",4.6,"3GB","4C",0,"HR",,5,-3.9,644
"SQ75763 031",13.2,"5GG","4C",0,"CR",,8,5.7,376
"SQ68855 061",6.1,"3GB","4C",0,"CR",,5,-0.3,635
"SQ75969 011",8,"5GG","5A",0,"CR",,8,-1.5,423
"SQ61630 031",6.9,"3GB","4C",0,"PO","F",3,-0.2,574
"SQ54489 021",10.3,"5GG","5A",0,"FH","B",12,-4,517
"SQ78795 051",7.4,"5GG","5A",0,"HR",,9,-6.7,524
"SQ58687 031",12.5,"5GG","4C",0,"HR",,1,6.6,363
"SQ65970 511",7.8,"3GB","4C",0,"CR",,4,-2.2,683
"SQ50611 561",3.4,"3GB","5A",0,"HGI","F",10,-6.8,680
"SQ73329 021",4.9,"5GG","5A",0,"CR",,7,-5.5,596
"SQ67970 041",17.1,"5GG","5A",0,"HR",,5,7.9,324
"SQ52542 521",9.8,"3GB","4C",0,"GI",,11,-1.4,414
"SQ74309 541",1.7,"3GB","5A",1,"HR",,7,-3.9,464
"SQ65848 521",5.8,"5GG","5A",0,"CR",,4,-3.6,602
"SQ53136 041",13.1,"3GB","4C",0,"CR",,11,4.8,497
"SQ49472 531",11.4,"5GG","5A",0,"HGI","F",10,-0.7,412
"SQ50204 071",9,"5GG","5A",0,"HR",,10,-1.5,524
"SQ72276 511",21.6,"5GG","5A",0,"HR",,6,14.9,335
"SQ49396 041",13.8,"5GG","4C",0,"GI","D",10,4.4,515
"SQ62234 041",6.1,"3GB","4C",0,"GI",,3,-5.2,573
"SQ60109 041",8.8,"3GB","5A",0,"HR","B",2,0.1,519
"SQ52662 531",15.3,"3GB","4C",0,"HR","D",11,3.2,420
"SQ51557 031",10.6,"5GG","5A",0,"HGI","D",11,-4.5,473
"SQ52724 511",10.9,"5GG","5A",0,"HR",,11,4.7,515
"SQ74752 011",7.5,"5GG","5A",0,"HR","D",7,2.8,539
"SQ57084 541",4.6,"3GB","5A",0,"HGI","F",1,-1.2,678
"SQ68291 061",20.9,"5GG","4C",0,"HR",,5,11.8,358
"SQ50448 531",12.2,"5GG","5A",0,"PO","B",10,5.5,342
"SQ65098 531",6.7,"3GB","5A",0,"HR",,4,-5.7,678
"SQ74475 041",6.3,"3GB","5A",0,"FH",,7,0.9,612
"SQ77612 541",3.1,"5GG","5A",0,"PO","D",8,-4.7,733
"SQ57087 021",16.3,"5GG","5A",0,"HGI","F",1,5.7,302
"SQ53800 031",0.4,"3GB","5A",1,"CR",,12,-5.6,517
"SQ75720 061",6,"3GB","5A",0,"HR",,8,-2.1,668
"SQ58642 541",13.2,"3GB","4C",0,"HR","F",1,6,457
"SQ50496 041",7.5,"3GB","5A",0,"HR",,10,-7,650
"SQ51550 541",8.4,"3GB","5A",1,"GI",,11,-7.8,326
"SQ60218 541",4.7,"5GG","5A",0,"PO","D",2,-1.6,746
"SQ57191 031",12.1,"3GB","5A",0,"HR","D",1,-1.7,528
"SQ63274 021",7.4,"5GG","5A",0,"HR","D",3,-6.7,568
"SQ53665 541",22.7,"5GG","5A",0,"PO","G",12,13.3,332
"SQ58529 521",3.7,"3GB","4C",0,"GI",,1,-6.3,590
"SQ61266 511",5.8,"3GB","4C",1,"HR",,2,-5.3,394
"SQ54119 521",14.7,"5GG","5A",0,"HGI","B",12,5.5,372
"SQ62657 041",16.2,"5GG","4C",0,"HR",,3,2.7,547
"SQ67153 531",14.1,"5GG","5A",0,"PO","B",4,5.1,422
"SQ65514 511",13.9,"3GB","5A",0,"CR",,4,7.9,320
"SQ55841 061",5.5,"3GB","4C",0,"CR",,12,-1,600
"SQ75325 061",5.7,"5GG","5A",0,"HGI","D",7,-3,600
"SQ77837 061",5.8,"3GB","4C",0,"HGI","F",8,-2.3,570
"SQ61260 031",9.4,"5GG","5A",0,"HGI","F",2,-5.1,444
"SQ55640 031",2.1,"5GG","5A",0,"PO","G",12,-6.9,754
"SQ49998 531",12.7,"5GG","5A",0,"GI",,10,1,365
"SQ70884 541",5.6,"5GG","4C",0,"FH",,6,-3.9,482
"SQ80575 521",15.9,"5GG","5A",0,"CR",,9,8.9,493
"SQ77818 011",4.3,"3GB","4C",0,"HGI","F",8,-3.2,577
"SQ52594 531",9,"3GB","5A",0,"HR","F",11,1,363
"SQ63676 061",8.5,"3GB","5A",1,"HR","B",3,1.1,303
"SQ78675 041",8.6,"3GB","5A",0,"HR",,9,-5.2,536
"SQ62500 541",2,"3GB","4C",1,"GI",,3,-5.1,330
"SQ75417 541",7.9,"3GB","4C",1,"HR",,7,-0.4,312
"SQ79393 541",17.7,"5GG","5A",0,"CR",,9,2.4,376
"SQ71608 061",13.4,"5GG","5A",0,"HR",,6,3.6,455
"SQ54892 521",2.8,"3GB","5A",0,"HR",,12,-1.2,628
"SQ64080 061",10.8,"3GB","4C",0,"HR","F",3,5.1,554
"SQ67345 031",3.7,"5GG","5A",0,"HR",,5,-6.2,756
"SQ69645 011",5.1,"5GG","4C",1,"CR",,5,-6.9,338
"SQ57760 071",11.1,"3GB","4C",0,"BP",,1,-3.2,445
"SQ55733 531",5,"3GB","5A",1,"HR",,12,-10,514
"SQ55391 541",12.6,"5GG","4C",0,"HR",,12,5.6,435
"SQ74182 531",5.5,"3GB","5A",1,"HR",,7,-6,325
"SQ54922 011",20.1,"5GG","4C",0,"HR",,12,16.1,361
"SQ78009 511",5.7,"3GB","4C",1,"FH","F",8,-0.8,369
"SQ50845 521",7.5,"3GB","5A",0,"HR",,10,-5.6,527
"SQ51072 011",7.2,"5GG","5A",0,"PO","B",10,-5.7,559
"SQ68754 521",10.5,"5GG","5A",0,"CR",,5,0.5,490
"SQ79307 051",5.8,"5GG","5A",0,"BP",,9,-4.9,622
"SQ77059 021",12,"5GG","5A",0,"PO","B",8,4.5,367
"SQ71669 531",9.6,"5GG","5A",0,"PO","B",6,-0.5,384
"SQ68754 541",10.3,"5GG","5A",0,"CR",,5,0.3,440
"SQ76063 051",5,"3GB","5A",0,"PO","D",8,-0.4,416
"SQ70463 021",12.2,"5GG","5A",0,"GA",,6,1.5,535
"SQ79649 041",10.6,"3GB","4C",0,"HR",,9,-0.3,458
"SQ52672 531",10.7,"5GG","4C",0,"CR",,11,-2.4,572
"SQ54419 531",7.7,"5GG","5A",0,"HGI","F",12,1.4,478
"SQ67262 051",4.8,"5GG","5A",0,"PO","D",5,-0.6,647
"SQ52807 521",15.8,"5GG","5A",0,"HR","D",11,5.1,335
"SQ56439 061",6.7,"5GG","4C",0,"HR","D",1,0.3,521
"SQ49474 551",9.9,"3GB","4C",0,"HGI","F",10,-1.5,485
"SQ80328 041",12.7,"5GG","5A",0,"CR",,9,6,471
"SQ69467 521",13.2,"5GG","5A",0,"HR",,5,6.9,452
"SQ58420 551",4.3,"3GB","5A",0,"CR",,1,-1.8,631
"SQ79759 561",12.1,"5GG","5A",0,"HR",,9,0.6,473
"SQ75061 031",6.8,"3GB","4C",0,"HR","B",7,-5,566
"SQ72055 021",2.9,"3GB","4C",0,"HR","B",6,-4.5,658
"SQ68819 051",9.8,"3GB","4C",0,"CR",,5,-1.5,465
"SQ58001 011",9.8,"3GB","4C",0,"HGI","F",1,2.7,524
"SQ72146 021",5.7,"3GB","5A",0,"HR",,6,-6.4,618
"SQ71172 061",9.2,"3GB","5A",0,"HR",,6,2.3,567
"SQ65766 051",13.2,"5GG","4C",0,"HGI","F",4,2.8,406
"SQ76908 031",9.5,"5GG","5A",0,"HR",,8,-1.9,566
"SQ76468 021",8,"3GB","5A",0,"CR",,8,-1.8,585
"SQ69763 031",8.3,"5GG","5A",0,"CR",,5,1.7,464
"SQ74469 021",6.4,"5GG","4C",0,"HR","D",7,2.5,475
"SQ67558 051",12,"5GG","5A",0,"HR",,5,2.9,417
"SQ49824 541",7.7,"3GB","5A",0,"GA",,10,0,365
"SQ57099 021",11.6,"5GG","5A",0,"HGI","F",1,2.5,412
"SQ54499 021",5.5,"5GG","5A",0,"HR","D",12,-6.6,537
"SQ80447 021",2.6,"3GB","5A",1,"FH",,9,-7,430
"SQ55809 051",5.9,"5GG","4C",0,"HGI","D",12,0.5,613
"SQ78290 041",16.8,"3GB","5A",0,"HR",,8,0.4,486
"SQ53201 031",7.3,"5GG","4C",0,"PO","G",11,-0.6,426
"SQ63012 061",8.2,"5GG","4C",0,"HGI","F",3,2.7,483
"SQ66105 031",3.9,"3GB","4C",0,"CR","F",4,-4.1,654
"SQ71103 051",4.3,"3GB","5A",0,"HR",,6,-2.6,725
"SQ72878 021",9.1,"5GG","4C",0,"PO","D",7,2.7,592
"SQ65980 541",7.5,"3GB","4C",0,"CR",,4,-4.7,452
"SQ77842 541",14.9,"5GG","4C",0,"GI",,8,9,508
"SQ66524 511",10.2,"5GG","5A",0,"HR",,4,-0.3,554
"SQ60638 521",10.3,"5GG","5A",0,"GI",,2,0.8,565
"SQ68971 041",6,"5GG","5A",0,"HR","D",5,-8.7,617
"SQ76822 051",8.2,"5GG","5A",0,"HR",,8,-0.4,551
"SQ66510 021",19.9,"5GG","5A",0,"HR","D",4,7.4,422
"SQ79053 071",12.5,"5GG","4C",0,"HR","B",9,8.8,592
"SQ55076 061",4.4,"5GG","4C",0,"HR",,12,-1.2,667
"SQ49539 571",11.2,"5GG","5A",0,"HR",,10,-3.1,327
"SQ63004 521",9.7,"5GG","4C",0,"HGI","F",3,5.3,604
"SQ66725 531",10.7,"3GB","5A",1,"GI","F",4,2.2,306
"SQ73980 531",8.7,"3GB","5A",0,"HR",,7,1.2,679
"SQ78155 021",9.9,"3GB","4C",0,"HR","D",8,5.3,469
"SQ75194 021",7.6,"5GG","5A",0,"GI","B",7,-6.5,567
"SQ60237 531",13.4,"5GG","4C",0,"HGI","F",2,4,431
"SQ54798 041",16.8,"5GG","5A",0,"HR",,12,5.5,454
"SQ52637 541",5.7,"3GB","4C",0,"HR",,11,-2.4,564
"SQ52899 041",6.7,"3GB","4C",1,"FH","F",11,-0.5,333
"SQ53702 551",5.3,"3GB","5A",0,"CR",,12,-0.4,579
"SQ56203 581",3.6,"5GG","4C",0,"BP",,1,-3.1,521
"SQ72363 561",8.5,"3GB","5A",0,"HR","B",6,0.5,470
"SQ49733 041",16.5,"5GG","5A",0,"PO","D",10,0.3,328
"SQ62961 511",11.9,"3GB","4C",0,"CR","B",3,-1.6,512
"SQ63917 051",16.7,"3GB","5A",0,"HR","D",3,-1.7,388
"SQ65024 551",14.7,"5GG","5A",0,"HR",,4,4.5,391
"SQ58555 021",8.9,"5GG","5A",0,"HGI","F",1,2.9,470
"SQ64839 511",4.1,"3GB","4C",0,"HGI","F",4,-2.2,544
"SQ51134 551",3.4,"5GG","4C",0,"CR",,10,-4.4,544
"SQ78947 521",13.7,"5GG","5A",0,"CR",,9,2.6,500
"SQ65806 041",12.1,"5GG","5A",0,"HR",,4,1.6,371
"SQ78257 561",9.4,"5GG","4C",0,"CR",,8,3.2,538
"SQ76049 531",4.7,"3GB","4C",0,"PO","F",8,-0.1,617
"SQ72776 061",6.5,"3GB","5A",0,"PO","B",7,-7.1,641
"SQ65495 031",6,"3GB","4C",0,"HR","D",4,-3.3,637
"SQ59363 051",10.8,"3GB","5A",0,"HGI","F",2,3.7,309
"SQ80484 041",6.7,"5GG","5A",0,"CR",,9,-4.5,656
"SQ77281 541",8.8,"5GG","5A",0,"HR","D",8,0.2,622
"SQ56216 531",4.6,"5GG","5A",0,"HGI","F",1,-5.6,542
"SQ59177 011",11.9,"5GG","5A",0,"CR",,2,-2.7,496
"SQ53720 031",6,"5GG","5A",0,"HGI","F",12,-4,481
"SQ54058 541",4,"3GB","5A",1,"GI","F",12,-8,417
"SQ49138 021",7,"3GB","5A",0,"HGI","D",10,-0.6,597
"SQ57092 061",14,"5GG","5A",0,"FH",,1,4.3,528
"SQ63228 031",9.5,"5GG","5A",0,"HR","D",3,-2.4,554
"SQ57070 531",9.1,"5GG","5A",0,"HR","F",1,3,515
"SQ70786 041",4.2,"3GB","4C",0,"HR",,6,-3.1,729
"SQ75280 511",9.5,"5GG","5A",0,"HR",,7,1.4,420
"SQ53664 511",4,"5GG","5A",0,"HR","D",12,-1.7,552
"SQ76454 551",7.1,"3GB","5A",0,"CR",,8,-3.4,585
"SQ55471 041",1.3,"3GB","4C",1,"GI","B",12,-8.4,349
"SQ50535 041",13,"5GG","5A",0,"HR","B",10,-1.5,476
"SQ53533 531",11,"5GG","5A",0,"HR","D",11,0.4,438
"SQ62383 031",17,"5GG","5A",0,"HR",,3,7.8,469
"SQ50836 011",4.2,"5GG","5A",0,"HR",,10,-6.6,655
"SQ71605 521",11.4,"3F1","5A",0,"HR",,6,2.9,542
"SQ73178 521",3.6,"3GB","5A",0,"HGI","D",7,-5.6,684
"SQ72565 531",12,"5GG","5A",0,"PO","F",6,2.9,476
"SQ76023 061",1,"3GB","4C",0,"BP",,8,-5.6,831
"SQ77968 071",9.7,"3GB","4C",0,"HGI","D",8,3.7,543
"SQ76350 021",6.4,"3GB","4C",0,"CR",,8,-3,507
"SQ73399 561",12.6,"5GG","5A",0,"HR",,7,2.9,403
"SQ67348 521",5.6,"5GG","4C",0,"GI","D",5,-7.5,699
"SQ50172 031",5.5,"5GG","4C",0,"HGI","F",10,-4.1,544
"SQ67385 541",2.7,"5GG","5A",0,"PO","B",5,-0.6,759
"SQ55152 021",11.7,"5GG","5A",0,"GA",,12,-0.6,423
"SQ50698 051",7.3,"3GB","5A",0,"HR","B",10,-3.7,604
"SQ80834 511",6.2,"5GG","4C",0,"PO","F",9,-6.1,637
"SQ78069 041",8.7,"5GG","4C",0,"GA","D",8,5.7,303
"SQ78479 051",6,"5GG","5A",0,"HR",,9,-1.8,587
"SQ73243 531",9.1,"5GG","5A",0,"HR","D",7,-0.9,664
"SQ66482 051",7.9,"3GB","5A",0,"CR",,4,-1.2,542
"SQ74964 021",6.5,"3GB","5A",0,"HR",,7,-5.2,493
"SQ55116 041",4.2,"5GG","5A",0,"HGI","D",12,-9.7,696
"SQ65102 041",6,"3GB","5A",0,"HR",,4,-1.3,487
"SQ67774 031",4.2,"3GB","4C",0,"HR",,5,-8.8,685
"SQ76131 011",7.2,"5GG","5A",0,"HGI","D",8,-2.8,512
"SQ64293 011",18.1,"5GG","5A",0,"FH",,3,7.4,367
"SQ55666 511",16.1,"3GB","5A",0,"HR",,12,3.3,393
"SQ79760 561",3.8,"3GB","4C",0,"GI","B",9,-0.4,598
"SQ56270 011",16.5,"5GG","5A",0,"HR",,1,3.6,393
"SQ57015 021",8.5,"3GB","5A",0,"HR",,1,0,305
"SQ63183 041",4.8,"3GB","4C",1,"GI","F",3,-6.1,400
"SQ63694 521",8.7,"5GG","5A",0,"HR","D",3,1.4,473
"SQ66244 011",6.7,"3GB","5A",1,"CR",,4,-2.8,318
"SQ63296 051",1.9,"3GB","5A",1,"HR",,3,-7.6,340
"SQ70110 031",6.7,"5GG","5A",0,"HR","F",6,3.1,560
"SQ72070 031",14.6,"5GG","5A",0,"HR",,6,6.8,409
"SQ54598 041",10.6,"5GG","5A",0,"HR","D",12,-0.6,378
"SQ73940 581",4,"5GG","5A",0,"HR","D",7,-2.7,570
"SQ49452 061",12.3,"5GG","5A",0,"HR",,10,3.8,528
"SQ68129 511",8.8,"5GG","5A",0,"HR",,5,-0.1,412
"SQ74472 051",2.3,"3GB","4C",0,"HR","D",7,-4.1,635
"SQ80796 521",6,"5GG","5A",0,"HR",,9,-7.1,567
"SQ70000 521",8.6,"3GB","5A",0,"HR",,5,2.7,452
"SQ63897 511",5.6,"3GB","5A",1,"GI","F",3,-6.6,326
"SQ75520 511",10.2,"5GG","5A",0,"CR",,8,1.8,472
"SQ57115 021",11.9,"5GG","4C",0,"HR",,1,3.8,519
"SQ79767 011",3.8,"5GG","4C",0,"GI","B",9,-1.2,746
"SQ80339 521",4.6,"3GB","5A",0,"CR",,9,-3.6,642
"SQ49634 031",5.3,"3GB","5A",0,"CR",,10,-7.3,512
"SQ78068 011",7.9,"5GG","5A",0,"FH",,8,-3.1,410
"SQ55627 591",3.7,"3GB","5A",0,"PO","G",12,-2.3,602
"SQ53796 021",4.3,"3GB","4C",0,"HGI","F",12,-1.2,573
"SQ49630 541",5.9,"3GB","5A",0,"CR",,10,-6.3,582
"SQ49768 061",7.7,"3GB","4C",0,"HGI","F",10,-4.6,589
"SQ71209 521",5.5,"5GG","5A",0,"CR",,6,-3,564
"SQ75921 041",2.3,"3GB","5A",0,"HGI","F",8,-0.8,629
"SQ55113 061",3.7,"3GB","5A",0,"HGI","F",12,-9.3,675
"SQ58061 511",8.9,"5GG","4C",0,"CR","B",1,-2.9,585
"SQ71496 041",5.1,"5GG","5A",0,"HR",,6,-6,539
"SQ53672 021",8.5,"3GB","4C",0,"HR",,12,1.5,422
"SQ72215 561",11.7,"5GG","5A",0,"PO","D",6,8.8,479
"SQ55203 541",10.9,"5GG","5A",0,"HR",,12,-3.8,541
"SQ49662 011",12.2,"3GB","5A",0,"HGI","F",10,2.5,512
"SQ75583 571",4.8,"3GB","5A",0,"HR",,8,-5.2,508
"SQ66705 021",9.6,"5GG","5A",0,"HR",,4,-3.4,370
"SQ72686 031",5.5,"3GB","4C",0,"GI","D",6,-5,490
"SQ77540 041",11.9,"5GG","5A",0,"HR",,8,1.9,459
"SQ81141 021",5.1,"5GG","5A",0,"FH",,9,0.3,672
"SQ79082 031",4.6,"3GB","4C",0,"GA","B",9,1.7,581
"SQ79738 031",9.1,"5GG","5A",0,"PO","B",9,1.5,521
"SQ70212 041",8.7,"5GG","5A",0,"CR",,6,-5.7,483
"SQ74971 511",6.3,"5GG","5A",0,"HR",,7,-2.8,539
"SQ74473 011",4.5,"5GG","5A",0,"FH",,7,-3.9,728
"SQ67059 031",9.3,"5GG","5A",0,"HR","D",4,-5.2,602
"SQ79204 021",12.8,"5GG","4C",0,"PO","F",9,4.8,515
"SQ60390 041",10.1,"5GG","5A",0,"HGI","F",2,-1.1,416
"SQ52647 551",18.2,"5GG","5A",0,"HR","D",11,5.4,361
"SQ57474 511",5.9,"3GB","5A",0,"GI",,1,-3.2,505
"SQ52394 011",11.3,"5GG","4C",0,"HR",,11,4.8,510
"SQ77305 551",5.3,"3GB","4C",0,"CR",,8,-6.4,599
"SQ49349 031",14.3,"3GB","4C",0,"GI",,10,3.2,377
"SQ78412 011",4.7,"3GB","5A",0,"HGI","F",9,-10.5,622
"SQ70407 071",9.5,"5GG","4C",0,"HR","D",6,4.4,617
"SQ76436 031",3.8,"5GG","4C",0,"CR",,8,-4,672
"SQ60355 011",3.1,"3GB","5A",1,"GI","F",2,-6.7,311
"SQ69201 511",16.5,"5GG","5A",0,"PO","B",5,6.3,397
"SQ52835 521",11.4,"3GB","5A",0,"HR",,11,3,531
"SQ56481 521",8.9,"3GB","5A",0,"HGI","F",1,-0.4,534
"SQ53101 041",13.7,"5GG","5A",0,"CR",,11,2.2,347
"SQ50887 011",5.4,"5GG","4C",0,"HR","D",10,-5.5,656
"SQ62527 021",7.3,"5GG","4C",0,"FH","B",3,-6.8,558
"SQ78846 531",11.7,"5GG","4C",0,"HGI","D",9,0.7,523
"SQ74500 561",2.9,"3GB","5A",0,"CR",,7,2.3,654
"SQ66056 541",10.9,"3GB","4C",0,"HR","D",4,-1.9,515
"SQ57760 011",13.9,"3GB","4C",0,"BP",,1,-0.8,320
"SQ68703 541",9.7,"3GB","5A",0,"HR",,5,-2.2,501
"SQ70839 061",4.4,"3GB","5A",0,"BP",,6,-2.4,663
"SQ59882 051",7.7,"5GG","5A",0,"HGI","B",2,2.8,463
"SQ50776 031",10,"5GG","5A",0,"HR","D",10,0.6,391
"SQ49281 011",8.3,"3GB","5A",0,"HR",,10,-2.7,571
"SQ51733 571",15.8,"5GG","4C",0,"HGI","D",11,0.2,427
"SQ64941 561",8.3,"5GG","5A",0,"GI","B",4,-5,598
"SQ49453 021",14.4,"5GG","5A",0,"HR",,10,3.6,572
"SQ49703 041",10.7,"5GG","5A",0,"HR",,10,-2.3,541
"SQ80648 051",17,"3GB","5A",0,"HR","B",9,9.9,359
"SQ73969 011",2.8,"5GG","5A",0,"CR",,7,-3.7,582
"SQ49907 031",16.2,"3GB","5A",0,"CR",,10,10.7,346
"SQ72384 021",13.8,"5GG","5A",0,"HR","D",6,3.4,537
"SQ73006 021",4.6,"5GG","5A",0,"HR","D",7,-4.4,782
"SQ51911 051",9.7,"5GG","4C",0,"HGI","F",11,0,454
"SQ58361 011",6.2,"5GG","5A",0,"HGI","F",1,-4.6,522
"SQ54003 531",17.2,"5GG","5A",0,"HR","D",12,5.3,321
"SQ59942 011",11.8,"3GB","4C",0,"CR",,2,2,499
"SQ49907 011",16,"5GG","5A",0,"CR",,10,10.9,443
"SQ81135 031",7.9,"3GB","4C",0,"HR","D",9,2,624
"SQ54018 551",14.4,"5GG","5A",0,"GI","B",12,3.7,404
"SQ53169 541",10.4,"5GG","5A",0,"GI",,11,4,557
"SQ50712 011",7.8,"3GB","5A",0,"HR","B",10,4.5,620
"SQ54151 551",14.6,"5GG","5A",0,"CR",,12,2,356
"SQ51129 041",4.7,"5GG","4C",0,"HR",,10,-3.2,529
"SQ78856 531",9.3,"3GB","4C",0,"HGI","F",9,-2.4,435
"SQ72502 541",3.5,"3GB","4C",1,"FH",,6,-2.4,384
"SQ51773 011",17.4,"5GG","5A",0,"HR",,11,2,346
"SQ77726 541",7.6,"5GG","5A",0,"CR",,8,-2.5,720
"SQ59327 511",14.8,"3GB","5A",0,"PO","F",2,-3.1,326
"SQ57499 511",8.2,"5GG","5A",0,"HGI","D",1,1.9,515
"SQ76384 521",5,"5GG","4C",0,"CR",,8,-0.5,715
"SQ60448 541",12.3,"5GG","5A",0,"PO","B",2,0.8,371
"SQ75972 541",12.6,"3GB","5A",1,"CR",,8,4.9,301
"SQ55975 061",6.5,"5GG","5A",0,"GI","B",12,-0.3,571
"SQ57057 521",8.7,"3GB","4C",0,"HR","F",1,-0.2,499
"SQ78413 511",15.5,"3GB","4C",1,"HR","D",9,5.9,334
"SQ72879 541",6.2,"5GG","5A",0,"CR",,7,-4.8,627
"SQ78412 511",4.7,"3GB","5A",0,"HGI","F",9,-10.6,662
"SQ50716 551",6.5,"3GB","5A",0,"HR","B",10,2.8,465
"SQ50522 031",4.8,"5GG","5A",0,"CR",,10,-8,656
"SQ57743 531",16.6,"5GG","5A",0,"HR","D",1,2.6,392
"SQ51863 531",12.1,"5GG","5A",0,"HR","B",11,5,344
"SQ50813 011",13.1,"3GB","4C",1,"HR",,10,0.8,321
"SQ57265 541",2,"3GB","4C",1,"EG","F",1,-7.4,375
"SQ74123 551",9.2,"5GG","4C",0,"HR","D",7,1.6,436
"SQ77812 031",15.1,"5GG","5A",0,"HR","D",8,3.6,440
"SQ70427 051",2.9,"3GB","4C",0,"FH",,6,-2.5,583
"SQ63811 511",11.4,"5GG","4C",0,"HGI","D",3,-1.8,489
"SQ80792 511",14,"5GG","4C",0,"HR","G",9,3.8,351
"SQ65970 551",7.4,"5GG","4C",0,"CR",,4,-2.7,421
"SQ53869 021",10.4,"5GG","5A",0,"HR",,12,0.2,546
"SQ54287 011",10.8,"3GB","5A",0,"PO","B",12,-2.5,488
"SQ61441 041",14.3,"5GG","5A",0,"HR",,2,-1,464
"SQ56076 551",7.9,"5GG","5A",0,"CR",,12,-3.3,501
"SQ75661 521",7.6,"5GG","5A",0,"HR",,8,-7,444
"SQ58647 531",9.8,"5GG","5A",0,"PO","D",1,5,657
"SQ62302 031",9,"3GB","5A",0,"PO","D",3,-1.5,419
"SQ52392 511",8.2,"3GB","5A",0,"HR","B",11,-2.2,419
"SQ60324 541",11.1,"5GG","4C",0,"FH","B",2,2.6,421
"SQ80797 041",15.7,"3GB","5A",0,"HR",,9,1.9,323
"SQ78361 011",7.9,"5GG","5A",0,"HR","B",9,-0.3,615
"SQ78314 531",6,"5GG","5A",0,"PosMAC",,8,-6.9,621
"SQ77807 541",15.2,"5GG","5A",0,"HR",,8,4.4,487
"SQ49903 061",3.1,"3GB","5A",0,"CR",,10,-5.9,548
"SQ80955 521",12.5,"5GG","5A",0,"HR",,9,-3.6,425
"SQ72449 561",12.2,"5GG","5A",0,"HR",,6,-2.3,422
"SQ77674 021",9.4,"3GB","5A",0,"CR",,8,2.1,592
"SQ49764 551",10.9,"5GG","4C",0,"HR",,10,2,439
"SQ54306 511",14.8,"3GB","5A",0,"GI",,12,5.7,477
"SQ75762 551",3.4,"5GG","5A",0,"PO","D",8,-1.7,682
"SQ57314 051",7.7,"5GG","5A",0,"HR",,1,-0.3,532
"SQ50461 531",8.6,"3GB","5A",0,"CR",,10,0,486
"SQ71827 041",7.7,"5GG","5A",0,"PO","D",6,-2.9,632
"SQ52076 521",7,"3GB","5A",0,"HR","D",11,-5.6,590
"SQ50767 051",11.4,"5GG","5A",0,"HR","D",10,3.4,484
"SQ52719 511",11.4,"5GG","5A",0,"HR","D",11,6.2,515
"SQ70469 531",5.1,"3GB","5A",0,"FH",,6,-5,553
"SQ76876 551",5.2,"5GG","5A",0,"HGI","F",8,-1.3,544
"SQ54538 041",7.9,"5GG","4C",0,"GA",,12,-3,346
"SQ62225 561",9.7,"5GG","5A",0,"HR",,3,0.9,578
"SQ51013 031",7,"3GB","5A",0,"GI",,10,-4.6,387
"SQ74290 541",2.7,"3GB","5A",0,"HR",,7,-6.2,580
"SQ70711 531",3.8,"3GB","5A",0,"GI",,6,-2.6,612
"SQ66510 061",12.4,"5GG","5A",0,"HR",,4,3.2,487
"SQ55857 541",11.2,"5GG","5A",0,"HR",,12,-1.5,581
"SQ71631 011",7.5,"5GG","5A",0,"HR","B",6,-3.5,607
"SQ68886 041",2.3,"3GB","5A",0,"CR",,5,-3.7,631
"SQ77666 511",9.6,"5GG","4C",0,"CR",,8,-0.3,526
"SQ52911 521",12.2,"5GG","5A",0,"HR",,11,3.5,470
"SQ54706 051",6.9,"5GG","5A",0,"HR",,12,-6.9,663
"SQ55507 511",13.5,"5GG","5A",0,"CR",,12,1.3,473
"SQ75225 021",8.5,"3GB","5A",0,"CR",,7,1.3,574
"SQ55869 511",10.5,"5GG","4C",0,"HR","D",12,4.5,546
"SQ72803 541",9,"3GB","5A",0,"CR",,7,-2.4,534
"SQ57117 521",11.7,"5GG","4C",0,"HR",,1,3.2,534
"SQ66628 551",10.3,"5GG","5A",0,"HR",,4,-4.9,508
"SQ61190 531",9.4,"5GG","5A",0,"HGI","F",2,-0.5,456
"SQ74475 551",6.4,"3GB","5A",0,"FH",,7,0.9,662
"SQ77829 531",9.1,"3GB","4C",0,"HGI","F",8,-0.4,322
"SQ50391 061",18.9,"5GG","5A",0,"HGI","F",10,6.1,310
"SQ64572 041",22.1,"3GB","5A",0,"HR",,4,2.9,439
"SQ70526 541",9.3,"5GG","4C",0,"CR",,6,3.4,597
"SQ52809 031",15.4,"5GG","5A",0,"HR","D",11,4.2,377
"SQ49544 061",5.9,"3GB","5A",0,"HR",,10,-4,515
"SQ50729 531",10.8,"3GB","5A",0,"HR","F",10,-0.5,511
"SQ76541 011",5.3,"3GB","5A",0,"HR",,8,-3.7,465
"SQ64411 541",5.3,"5GG","5A",0,"GA",,3,-1.4,403
"SQ58266 021",7.7,"5GG","4C",0,"CR",,1,0.6,504
"SQ70784 521",4.2,"5GG","4C",0,"HR",,6,-2.3,604
"SQ58105 551",9.2,"3GB","5A",0,"CR",,1,0.2,549
"SQ58194 031",17.8,"5GG","4C",0,"CR",,1,5.1,373
"SQ56634 021",12.6,"5GG","4C",0,"HR",,1,-0.8,304
"SQ72529 071",9.2,"5GG","5A",0,"HR",,6,1.9,655
"SQ66628 031",8.7,"3GB","5A",0,"HR",,4,-7.1,463
"SQ73890 051",3.2,"3GB","5A",0,"PO","B",7,-2.8,564
"SQ49847 061",15.2,"3GB","4C",0,"HR","D",10,5.9,386
"SQ53234 031",15.7,"5GG","4C",0,"HGI","F",11,3.6,421
"SQ55839 061",2.9,"5GG","5A",0,"PO","B",12,-3.2,688
"SQ55658 021",7.9,"5GG","5A",0,"HR",,12,-5.7,495
"SQ65188 511",4.2,"5GG","5A",0,"PO","B",4,-1.8,711
"SQ74038 011",3.8,"5GG","5A",0,"CR",,7,-3.6,619
"SQ64664 031",6.3,"5GG","4C",0,"BP",,4,-3.1,588
"SQ71737 551",5.6,"5GG","4C",0,"PO","B",6,-6,725
"SQ56763 541",1.2,"3GB","5A",1,"GI","F",1,-5.4,323
"SQ51140 061",17.7,"5GG","4C",0,"CR",,10,-2.4,300
"SQ50436 051",13.8,"5GG","4C",0,"HR",,10,6.2,463
"SQ62314 551",12.9,"5GG","4C",0,"PO","B",3,3.2,457
"SQ50989 021",6,"3GB","5A",1,"GI",,10,-2.9,370
"SQ67993 561",4,"3GB","5A",0,"HR",,5,-3.9,616
"SQ79676 031",7.8,"5GG","5A",0,"HGI","F",9,-5.5,510
"SQ51136 031",4.7,"3GB","4C",0,"CR",,10,-0.9,607
"SQ55382 531",6,"5GG","5A",0,"CR",,12,-8,683
"SQ68236 521",14.7,"5GG","4C",0,"HR","F",5,6.2,500
"SP99438 531",15.9,"5GG","7A",0,"GI",,11,7.3,375
"SQ65708 541",15.3,"5GG","5A",0,"HGI","F",4,7.6,508
"SQ77303 011",3.5,"3GB","4C",1,"HR","B",8,-8.7,359
"SQ61530 041",11.9,"5GG","5A",0,"CR",,2,4.7,469
"SQ58361 021",5.9,"5GG","5A",0,"HGI","F",1,-4.7,453
"SQ55717 541",10,"3GB","5A",0,"HR",,12,-0.7,326
"SQ56531 021",6.8,"5GG","4C",0,"HR",,1,-2.2,411
"SQ52481 551",9.3,"5GG","5A",0,"HR",,11,3.3,422
"SQ74187 031",4.4,"5GG","5A",0,"HR","D",7,-4.6,677
"SQ49503 511",5.6,"3GB","4C",0,"HR","D",10,-8.1,491
"SQ76411 561",4.5,"3GB","5A",0,"HR","D",8,-2.3,671
"SQ75427 531",9.6,"3GB","5A",0,"HGI","F",7,0.7,374
"SQ63076 021",3.9,"3F1","5A",0,"HR",,3,-4.8,526
"SQ73956 041",5.3,"5GG","4C",0,"CR",,7,0.4,353
"SQ66098 511",5.8,"5GG","4C",0,"CR",,4,-1,506
"SQ68109 011",7,"5GG","4C",0,"HR",,5,-1.4,471
"SQ53674 521",8.7,"3GB","5A",0,"PO","D",12,3.3,634
"SQ68970 531",8.3,"5GG","5A",0,"CR",,5,-3.2,564
"SQ62929 521",12.2,"5GG","5A",0,"HR",,3,1.8,511
"SQ50198 571",7.1,"5GG","5A",0,"HR",,10,-2.4,511
"SQ59077 051",8.6,"5GG","5A",0,"GI",,2,-5.6,343
"SQ52155 011",9.3,"5GG","4C",0,"CR",,11,0.9,400
"SQ74302 511",4.9,"3GB","5A",1,"GI","F",7,1.1,384
"SQ54139 541",7.9,"3GB","5A",0,"GI","B",12,-1,433
"SQ77153 521",9.5,"5GG","5A",0,"GI","B",8,5.2,515
"SQ64751 511",5.8,"3GB","5A",0,"CR",,4,-8.6,608
"SQ67638 571",7.7,"5GG","5A",0,"HR",,5,-3.4,538
"SQ74300 541",5.1,"3GB","5A",1,"GI","F",7,1.2,489
"SQ78446 041",4,"3GB","5A",0,"GI",,9,-2.8,522
"SQ65918 011",8,"5GG","5A",0,"CR","F",4,-7.3,562
"SQ67257 521",4.2,"3GB","5A",0,"HR",,5,-3.4,731
"SQ51220 011",3.2,"3GB","4C",0,"GA",,10,-3.3,554
"SQ52238 571",13.4,"3GB","4C",0,"HGI","F",11,-1.1,394
"SQ73868 021",7.2,"5GG","5A",0,"HR",,7,-4.6,484
"SQ68321 511",15,"5GG","5A",0,"PO","D",5,5.5,300
"SQ65827 041",3.9,"3GB","5A",0,"CR",,4,-4.8,656
"SQ49877 541",12.4,"5GG","5A",0,"HR",,10,0.7,457
"SQ63694 511",8.9,"5GG","5A",0,"HR","D",3,1.5,554
"SQ54651 031",9.5,"3GB","5A",0,"HGI","D",12,-3.9,615
"SQ60519 011",4.2,"5GG","4C",0,"HR",,2,-6.1,540
"SQ60280 511",3.2,"3GB","4C",0,"HR",,2,-3.2,622
"SQ52643 541",6.2,"5GG","4C",0,"HR","D",11,-0.5,531
"SQ54126 051",5.5,"5GG","5A",0,"PO","F",12,1.2,357
"SQ77523 071",156.7,"5GG","5A",1,"PO","Z",9,148.9,331
"SQ52659 511",14.9,"3GB","4C",0,"HR",,11,2.2,444
"SQ69220 531",9.4,"5GG","5A",0,"HR",,5,-2,587
"SQ75627 011",7.1,"3GB","4C",0,"HGI","D",8,-2.5,544
"SQ73784 511",5.2,"3GB","5A",1,"BP",,7,-1,345
"SQ78757 021",3.2,"3GB","5A",0,"HR",,9,-1.9,698
"SQ58714 011",13.9,"5GG","4C",0,"HR",,1,3.9,361
"SQ73774 031",4,"5GG","5A",0,"BP",,7,-2.1,687
"SQ49879 551",11.4,"5GG","5A",0,"HR",,10,0,474
"SQ54124 031",14.7,"5GG","5A",0,"HGI","B",12,4,529
"SQ59804 541",10.7,"5GG","4C",0,"HR","B",2,-4.4,362
"SQ68232 031",9.7,"3GB","4C",0,"HR","D",5,0.5,539
"SQ56436 511",16.3,"5GG","5A",0,"HGI","D",1,1.8,461
"SQ55255 041",6.2,"3GB","5A",1,"HGI","D",12,-5.7,463
"SQ52214 081",3.9,"3GB","4C",0,"PO","G",11,-3.3,597
"SQ74327 551",2.8,"3GB","5A",0,"HGI","F",7,-2.9,678
"SQ72630 051",9.5,"5GG","5A",0,"HR",,6,-2.6,462
"SQ55259 041",8,"5GG","5A",0,"HR",,12,-7,629
"SQ68014 571",9.9,"5GG","5A",0,"HR",,5,-2.9,464
"SQ53823 541",5.7,"5GG","5A",0,"CR",,12,0.9,602
"SQ67374 051",7.4,"3GB","5A",0,"GI","D",5,1.9,495
"SQ66112 531",11.2,"5GG","5A",0,"HGI","F",4,3.4,473
"SQ58318 551",7.9,"5GG","4C",0,"HR",,1,-0.3,548
"SQ75105 031",7.8,"5GG","5A",0,"CR",,7,-4,525
"SQ71129 031",5.2,"3GB","4C",0,"CR",,6,-3.3,333
"SQ51261 521",11.7,"5GG","4C",0,"HR","B",10,0.7,522
"SQ68471 021",15.5,"5GG","5A",0,"GI","B",5,2.9,460
"SQ67410 561",9.5,"3GB","5A",0,"HR","B",5,-2.4,539
"SQ52663 021",16,"5GG","5A",0,"HR","B",11,2.9,329
"SQ57907 051",10.1,"5GG","4C",0,"HGI","F",1,0.9,453
"SQ69188 551",10.4,"5GG","5A",0,"PO","B",5,-3.5,361
"SQ79273 041",6.6,"3GB","5A",0,"HR","F",9,-1.4,618
"SQ64063 511",9.2,"3GB","5A",0,"CR",,3,-0.5,448
"SQ61650 521",4.8,"5GG","5A",0,"HGI","F",3,-5,682
"SQ61215 031",4.9,"3GB","4C",1,"FH",,2,-7.3,303
"SQ51688 061",15.4,"5GG","4C",0,"HR","D",11,7.6,434
"SQ70425 041",1.9,"3GB","4C",0,"FH",,6,-2,688
"SQ65303 041",9.8,"5GG","4C",0,"FH",,4,2.3,524
"SQ79202 011",4.1,"3GB","5A",0,"PO","B",9,-5.6,628
"SQ52774 541",2.2,"3GB","5A",1,"GI",,11,-7.2,345
"SQ65581 031",12.2,"5GG","5A",0,"HGI","D",4,1.8,312
"SQ66482 531",8,"3GB","5A",0,"CR",,4,-1,526
"SQ73360 011",17.8,"5GG","4C",0,"GI","D",7,5.3,396
"SQ53878 541",8.3,"3GB","5A",0,"HR",,12,-2.7,482
"SQ71114 031",0.6,"3GB","4C",1,"GA",,6,-9.4,417
"SQ60865 551",6,"3GB","4C",0,"BP",,2,-7.7,632
"SQ64545 031",8.8,"5GG","5A",0,"HGI","F",4,3.6,578
"SQ76036 051",3.7,"3GB","5A",1,"GI",,8,-2.3,423
"SQ55188 011",17,"5GG","4C",0,"FH",,12,2.1,356
"SQ72060 051",15.9,"5GG","5A",0,"HR",,6,6,388
"SQ56536 531",15,"5GG","4C",0,"HR",,1,7.8,302
"SQ72776 031",6.7,"3GB","5A",0,"PO","B",7,-6.9,638
"SQ73177 031",7.2,"3GB","4C",0,"BP",,7,-4.6,475
"SQ63368 021",10.4,"3GB","5A",0,"HR","D",3,5.6,345
"SQ57866 031",6.4,"3GB","4C",0,"BP",,1,0.5,498
"SQ78275 551",8,"5GG","5A",0,"HR",,8,0.9,413
"SQ70440 521",11.5,"5GG","4C",0,"HR",,6,2.5,463
"SQ73829 511",4.1,"5GG","5A",0,"GI","B",7,-2.7,670
"SQ68479 551",18.1,"5GG","5A",0,"GI","B",5,11.2,370
"SQ62415 011",14.1,"5GG","5A",0,"HR",,3,2.9,367
"SQ51945 051",9.4,"3GB","4C",0,"CR","B",11,-1,446
"SQ72800 021",9.5,"3GB","4C",0,"CR",,7,-1.8,467
"SQ78490 541",5,"3GB","4C",1,"GI","F",9,-4.2,365
"SQ80251 521",4.5,"5GG","5A",0,"PO","B",9,-3.9,619
"SQ70347 051",6.9,"5GG","5A",0,"HR","B",6,-2.4,626
"SQ75745 541",6.2,"3GB","4C",0,"PO","D",8,3.3,618
"SQ50626 531",9.9,"3GB","5A",0,"HR",,10,-3.6,521
"SQ63667 021",10.3,"5GG","5A",0,"HR",,3,-1.3,473
"SQ49766 511",8.9,"5GG","4C",0,"HGI","F",10,-3.1,482
"SQ58937 021",14.1,"3GB","4C",0,"GI",,2,8.4,363
"SQ67858 061",9.1,"5GG","5A",0,"CR",,5,-4.8,539
"SQ56395 551",15.6,"3GB","4C",0,"HR","D",1,10.7,339
"SQ74492 551",6.6,"5GG","5A",0,"GI","B",7,4.2,515
"SQ69374 021",10.3,"3GB","5A",0,"HR","D",5,1,457
"SQ50460 011",4.5,"5GG","5A",0,"CR",,10,-2.1,675
"SQ50889 541",10.7,"5GG","4C",0,"HR","D",10,-4.3,493
"SQ67503 511",5.4,"5GG","4C",0,"HR",,5,0.4,589
"SQ79842 551",7.5,"3GB","5A",0,"HGI","F",9,-5.5,633
"SQ76373 021",4.9,"3GB","4C",0,"CR",,8,-2.4,523
"SQ65335 541",14.5,"5GG","5A",0,"GI","B",4,3.7,490
"SQ51276 011",7.3,"5GG","4C",0,"HR","B",10,-1.1,435
"SQ54778 531",13.8,"3GB","5A",0,"HR",,12,-2.7,399
"SQ58732 011",8.8,"5GG","5A",0,"CR",,1,-0.6,583
"SQ72595 051",10.8,"3GB","4C",0,"GA",,6,1.2,420
"SQ72371 071",7.4,"3F1","5A",0,"HR","B",6,-1.2,456
"SQ77955 031",10.2,"5GG","4C",0,"HGI","D",8,3.7,502
"SQ68048 571",9.7,"3GB","5A",0,"FH",,5,0.9,392
"SQ65250 531",5,"5GG","5A",0,"HR","F",4,-0.1,635
"SQ75325 541",4.7,"5GG","5A",0,"HGI","F",7,-2.9,722
"SQ72606 521",7.9,"3GB","4C",1,"GA",,6,-4.6,303
"SQ73233 011",4.3,"3GB","5A",0,"HR","B",7,-7.4,635
"SQ63272 541",7.1,"3GB","5A",0,"HR","D",3,-6.3,451
"SQ65984 511",8.5,"5GG","5A",0,"HR",,4,-5.3,645
"SQ75438 541",8.6,"5GG","5A",0,"CR",,7,-1.7,488
"SQ50845 531",8,"5GG","5A",0,"HR",,10,-5.7,488
"SQ79451 021",14.3,"5GG","5A",0,"HGI","D",9,1.9,424
"SQ67693 521",14.5,"5GG","5A",0,"HR","F",5,0.6,331
"SQ60141 051",10,"5GG","4C",0,"HR","B",2,3.5,352
"SQ51078 531",11.2,"3GB","4C",0,"GI",,10,-0.5,353
"SQ80877 061",3.7,"5GG","5A",0,"CR",,9,-10.3,682
"SQ60360 521",14.2,"3GB","4C",0,"CR",,2,2,470
"SQ67128 021",10.1,"3GB","5A",0,"HR",,4,-1.1,410
"SQ56404 511",5.9,"3GB","4C",0,"PO","D",1,-2.4,530
"SQ65848 511",5.6,"3GB","5A",0,"CR",,4,-3.5,542
"SQ67428 561",10,"5GG","4C",0,"PO","D",5,-0.2,425
"SQ58718 031",7,"5GG","5A",0,"PO","G",1,-0.9,527
"SQ75064 021",8.4,"5GG","4C",0,"HGI","F",7,2.2,466
"SQ58944 511",10.4,"5GG","4C",0,"HGI","F",2,6.7,431
"SQ50893 511",2.7,"5GG","4C",0,"HR",,10,-7.3,712
"SQ64384 541",0.6,"3GB","4C",1,"GI","D",3,-8.6,463
"SQ79962 061",4.8,"5GG","5A",0,"GI",,9,-6.5,635
"SQ59243 051",13.8,"3GB","4C",0,"CR",,2,3.7,371
"SQ57355 031",15.3,"5GG","5A",0,"GA",,1,3.8,367
"SQ51471 531",14.4,"5GG","4C",0,"HGI","D",10,0.6,403
"SQ53992 541",8.5,"5GG","5A",0,"HGI","D",12,-0.2,553
"SQ72883 011",5.8,"3GB","5A",0,"CR",,7,-2.4,505
"SQ71605 041",14.6,"5GG","5A",0,"HR",,6,4.3,486
"SQ67280 531",9.1,"5GG","5A",0,"HR",,5,-1.1,501
"SQ78081 051",5.2,"3GB","4C",0,"CR",,8,2,609
"SQ63283 031",7.6,"5GG","5A",0,"HR","F",3,0.4,600
"SQ58694 051",8.6,"5GG","4C",0,"HR",,1,2.3,346
"SQ65274 061",4.4,"5GG","5A",0,"FH",,4,-3.8,667
"SQ58714 511",13.8,"5GG","4C",0,"HR",,1,3.9,409
"SQ55964 021",6.6,"3GB","4C",0,"HR",,12,-1.2,641
"SQ81160 041",5,"5GG","5A",0,"HR",,9,-3.1,518
"SQ51219 541",4.1,"3GB","5A",0,"HR","F",10,-1.9,697
"SQ49981 031",13.7,"3GB","5A",0,"HR",,10,0.9,360
"SP16802 541",13.8,"5GG","7A",0,"CR",,7,8.8,436
"SQ51706 561",5.8,"3GB","4C",0,"HGI","D",11,-5.2,468
"SQ53039 031",16.3,"5GG","5A",0,"HR",,11,1.6,406
"SQ77965 021",2.6,"3GB","5A",0,"CR",,8,-3.4,646
"SQ56067 021",7.1,"3GB","5A",0,"CR",,12,-3.3,559
"SQ60566 011",6.1,"5GG","5A",0,"PO","B",2,-3.8,634
"SQ71317 571",7,"3GB","5A",0,"PO","B",6,-5.3,520
"SQ73230 051",4.2,"3GB","5A",0,"HR","B",7,-7.1,508
"SQ77877 531",7.6,"3GB","5A",0,"PO","D",8,0.8,576
"SQ66239 541",16.7,"5GG","4C",0,"PO","F",4,6.6,329
"SQ64373 031",11.9,"3GB","4C",0,"GI","D",3,1.8,507
"SQ71251 031",1.2,"3GB","4C",0,"HR",,6,-3.1,803
"SQ68414 021",10.1,"3GB","5A",0,"GI","B",5,2.8,453
"SQ71624 061",8.4,"5GG","5A",0,"HR","B",6,-1.8,508
"SQ66974 521",7.9,"3GB","5A",0,"GI","B",4,-5.1,695
"SQ62497 041",12,"5GG","4C",0,"GI",,3,-0.2,438
"SQ53041 521",16.2,"5GG","5A",0,"HR","D",11,3.7,434
"SQ74968 031",7,"5GG","5A",0,"HR",,7,-2.3,531
"SQ70972 521",6.9,"5GG","4C",0,"HR",,6,-7.6,589
"SQ71183 531",7.6,"5GG","5A",0,"HR",,6,2.8,653
"SQ54446 061",10.4,"5GG","5A",0,"HR","F",12,-2,626
"SQ71246 541",4.9,"3GB","4C",0,"GI","F",6,-2,618
"SQ51871 061",16.6,"5GG","4C",0,"HR",,11,6.5,359
"SQ54457 031",9.2,"5GG","5A",0,"HR","D",12,-0.3,595
"SQ60283 011",7.5,"5GG","4C",0,"HR",,2,0.9,549
"SQ70487 541",3.3,"3GB","4C",0,"BP",,6,-7.9,697
"SQ78294 061",13.5,"5GG","5A",0,"HR",,8,-0.9,543
"SQ78301 051",13.8,"5GG","5A",0,"HR",,8,-3.1,517
"SQ71631 521",7.4,"5GG","5A",0,"HR","B",6,-3.5,615
"SQ79060 551",11,"5GG","4C",0,"HR","B",9,6.8,507
"SQ63716 511",6,"5GG","5A",0,"HR","D",3,-3.1,652
"SQ54298 521",9.2,"5GG","5A",0,"HR",,12,2.5,513
"SQ80843 521",7.2,"5GG","4C",0,"HR","D",9,-6.7,620
"SQ61007 521",12.8,"3GB","4C",0,"HR",,2,3.7,326
"SQ70557 531",10.9,"5GG","5A",0,"CR",,6,1.9,446
"SQ78770 041",9.7,"5GG","5A",0,"HGI","F",9,-0.8,453
"SQ70845 041",7,"3GB","4C",0,"GI",,6,-2,463
"SQ52419 561",12.2,"3GB","4C",0,"HR",,11,-3.5,433
"SQ58736 521",10.2,"5GG","5A",0,"CR",,1,1.6,402
"SQ56341 011",2.8,"5GG","4C",0,"GI","D",1,-7.1,567
"SQ69832 041",9.8,"5GG","5A",0,"HR",,5,-6.7,488
"SQ79076 021",10,"5GG","5A",0,"HGI","F",9,3.7,581
"SQ55738 031",2.9,"5GG","5A",0,"HR",,12,-11.6,577
"SQ56386 511",7.2,"5GG","5A",0,"HR",,1,1.9,622
"SQ67973 021",2.2,"3GB","4C",0,"CR","B",5,-9.5,733
"SQ78226 521",12.3,"3GB","5A",0,"BP",,8,2.2,437
"SQ51083 041",12.6,"5GG","5A",0,"PO","D",10,4.9,389
"SQ53863 511",11.8,"3GB","5A",0,"HGI","F",12,2,427
"SQ52587 551",5,"5GG","4C",0,"HR",,11,-1,482
"SQ72492 051",8.1,"5GG","5A",0,"HR",,6,-6.8,638
"SQ54427 521",7.7,"3GB","5A",0,"HGI","F",12,-0.7,479
"SQ72213 511",11.1,"5GG","5A",0,"HR",,6,9.6,617
"SQ78243 511",13.1,"5GG","5A",0,"CR",,8,1.7,468
"SQ75511 021",11.3,"3GB","5A",0,"CR",,8,3.7,484
"SQ52468 031",14.5,"3GB","4C",0,"PO","F",11,11.5,394
"SQ72161 021",6.6,"3GB","4C",1,"HR",,6,1.2,314
"SQ65373 521",15.4,"3GB","4C",0,"GI",,4,5.8,371
"SQ60664 541",6.4,"5GG","5A",0,"PO","B",2,-5,608
"SQ50843 531",8.1,"5GG","5A",0,"HR",,10,-5.1,570
"SQ79558 041",5.6,"3GB","5A",0,"CR","B",9,-8.6,681
"SQ50952 021",10.4,"3GB","5A",1,"HR",,10,-1.4,350
"SQ76812 021",7.1,"5GG","5A",0,"CR","B",8,2.9,490
"SQ78040 031",6.9,"5GG","4C",0,"GI",,8,-0.6,410
"SQ50549 551",14.8,"5GG","5A",0,"PO","D",10,3.2,313
"SQ52963 051",10.2,"5GG","5A",0,"HGI","F",11,-2.9,598
"SQ68074 071",2.8,"3GB","5A",0,"PO","F",5,-4.8,581
"SQ71827 541",7.8,"5GG","5A",0,"PO","D",6,-2.8,562
"SQ58224 541",11.4,"5GG","5A",0,"HR",,1,1.3,431
"SQ66247 051",5.8,"3GB","5A",0,"CR",,4,-2.5,416
"SQ57881 021",16,"3GB","5A",0,"GI",,1,4.6,307
"SQ63740 521",5.5,"3GB","5A",0,"HGI","F",3,-3.2,673
"SQ51600 571",13,"5GG","5A",0,"HR",,11,7.2,452
"SQ76361 511",4.2,"3GB","4C",0,"HR",,8,-5.6,473
"SQ51169 051",9,"2GB","4C",0,"HR",,10,0.2,630
"SQ60714 551",12.6,"5GG","5A",0,"HR",,2,-0.3,411
"SQ52900 041",6.2,"3GB","4C",1,"HR",,11,-1.3,341
"SQ62425 031",12.5,"5GG","5A",0,"HR",,3,0.4,453
"SQ80812 511",7.1,"5GG","5A",0,"BP",,9,-1.1,548
"SQ72129 021",9,"3GB","5A",0,"CR",,6,-2.1,650
"SQ76570 541",15.9,"5GG","5A",0,"CR",,8,6.2,366
"SQ51702 081",12.6,"3GB","4C",0,"HGI","D",11,3.5,454
"SQ51456 541",8.4,"5GG","5A",0,"CR",,10,1.6,632
"SQ51097 011",11.5,"5GG","4C",0,"HGI","F",10,4.2,426
"SQ73287 531",10.7,"5GG","5A",0,"HR",,7,-0.7,583
"SQ67735 511",15.2,"3GB","5A",0,"CR",,5,3.3,419
"SQ71104 531",8.4,"5GG","4C",0,"CR","B",6,2.9,655
"SQ56110 021",5.5,"5GG","5A",0,"HGI","D",12,-2.8,558
"SQ54748 051",11.3,"3GB","5A",0,"HR",,12,-2.4,319
"SQ64305 541",13.4,"5GG","4C",0,"HGI","F",3,3.7,382
"SQ73477 031",5.3,"3GB","5A",0,"CR",,7,-5.5,471
"SQ64696 061",9.6,"5GG","5A",0,"HGI","F",4,2.2,652
"SQ72055 041",3.4,"3GB","4C",0,"GI","B",6,-4.7,650
"SQ72509 021",11.1,"5GG","5A",0,"HR","B",6,3,484
"SQ62329 551",5.9,"3GB","5A",0,"HGI","F",3,-0.9,656
"SQ70722 011",5.2,"5GG","5A",1,"HR",,6,-0.4,425
"SQ63309 021",10.7,"5GG","4C",0,"CR",,3,1.8,360
"SQ52301 021",11.9,"3GB","4C",0,"HGI","D",11,0.7,380
"SQ49967 561",9.2,"3GB","5A",0,"HR",,10,-2.2,497
"SQ54112 071",8.1,"5GG","4C",0,"HR",,12,-4.1,525
"SQ72228 011",5.1,"5GG","5A",0,"PO","B",6,-5,501
"SQ68756 551",11.5,"3GB","5A",0,"CR",,5,0,410
"SQ66111 511",11.6,"3GB","5A",0,"HGI","F",4,2.9,534
"SQ65754 531",6.4,"5GG","5A",0,"EG","F",4,-1,450
"SQ78752 031",2.1,"5GG","5A",0,"GA","D",9,-7.9,684
"SQ65106 551",15,"5GG","5A",0,"HR",,4,5.3,428
"SQ52730 571",5.6,"3GB","4C",0,"HGI","D",11,0,457
"SQ73850 031",6.3,"5GG","5A",0,"HR",,7,-0.8,673
"SQ64919 021",10.7,"5GG","5A",0,"HGI","F",4,1.4,400
"SQ78948 521",9.6,"3GB","4C",0,"CR",,9,-1.2,492
"SQ50824 521",4.7,"3GB","4C",0,"HR","F",10,-6.8,513
"SQ69737 541",7.3,"5GG","4C",0,"CR","B",5,-1.2,573
"SQ59363 041",10.9,"3GB","5A",0,"HGI","F",2,3.9,376
"SQ52025 021",11.9,"3GB","5A",0,"HR",,11,-2.3,504
"SQ49580 021",14.4,"5GG","5A",0,"PO","B",10,2.1,371
"SQ54091 051",6.1,"5GG","5A",0,"HR",,12,-7.4,598
"SQ80148 031",4.4,"3GB","4C",0,"CR",,9,-5.7,700
"SQ62530 541",6.8,"5GG","4C",0,"FH","B",3,-7.7,551
"SQ67564 021",14.7,"5GG","5A",0,"HR",,5,3,346
"SQ58961 051",8,"3GB","5A",0,"HGI","D",2,1.5,569
"SQ74200 021",4.2,"3GB","5A",0,"CR",,7,-4.9,634
"SQ58226 511",11,"3GB","5A",0,"HR",,1,1,383
"SQ55887 521",4.2,"3GB","5A",0,"HR",,12,-9.1,646
"SQ78014 011",5.2,"5GG","5A",0,"CR",,8,-5.7,516
"SQ50158 031",4.2,"3GB","5A",1,"EG","F",10,-2.9,339
"SQ75671 511",5.8,"3GB","4C",0,"HR","D",8,-4.8,661
"SQ75980 031",8,"3GB","4C",0,"CR",,8,-2.2,442
"SQ74510 021",6.5,"3GB","5A",0,"CR",,7,0.5,555
"SQ74024 551",6.1,"5GG","5A",0,"HR","D",7,-0.9,502
"SQ52446 031",10.4,"3GB","4C",0,"HR",,11,2.2,537
"SQ71675 061",8.9,"5GG","5A",0,"PO","B",6,-1.8,581
"SQ57916 521",13.8,"5GG","5A",0,"HGI","D",1,1.1,483
"SQ55476 031",9.8,"5GG","5A",0,"HR",,12,-3.3,526
"SQ58300 521",4.8,"5GG","4C",0,"HR",,1,-8,700
"SQ55188 521",16.8,"5GG","4C",0,"FH",,12,1.8,408
"SQ64868 031",14.7,"3GB","5A",0,"HGI","D",4,1.4,336
"SQ49751 041",7.3,"3GB","4C",0,"FH","B",10,-4.4,624
"SQ63309 051",14.5,"5GG","4C",0,"CR",,3,2.3,350
"SQ78004 011",6.7,"3GB","5A",0,"CR",,8,-3.1,576
"SQ54184 541",11.6,"3GB","4C",0,"GI",,12,1.2,385
"SQ70980 531",7,"5GG","5A",0,"HR",,6,-3.1,466
"SQ75070 511",5.5,"3GB","4C",1,"CR",,7,0.5,422
"SQ70529 531",6.7,"5GG","4C",0,"PO","D",6,0.8,684
"SQ56968 041",8.4,"5GG","5A",0,"HR","D",1,-2.7,624
"SQ60579 531",7.2,"5GG","4C",0,"GA","D",2,0.4,565
"SP10582 561",15.5,"5GG","7A",0,"HR","D",4,6.5,431
"SQ67894 011",3,"3GB","5A",0,"FH",,5,-2.2,605
"SQ57761 061",12.7,"3GB","4C",0,"BP",,1,-2.1,429
"SQ54196 511",19.1,"3GB","4C",0,"HR",,12,8.2,342
"SQ81176 521",7.7,"3GB","5A",0,"FH","B",9,-0.3,589
"SQ78389 031",9.2,"3GB","4C",0,"HGI","F",9,-6,464
"SQ80001 031",4.4,"3GB","5A",0,"CR",,9,-1.7,539
"SQ63302 041",16.1,"5GG","5A",0,"HR","B",3,3.8,445
"SQ79443 531",6.4,"5GG","5A",0,"GI","D",9,-9,598
"SQ66267 541",6.9,"3GB","4C",0,"CR",,4,-7.6,458
"SQ78137 031",14,"5GG","5A",0,"GI",,8,-3.8,572
"SQ78413 521",8.7,"3GB","4C",0,"HR","D",9,2.5,535
"SQ49099 071",5,"3GB","5A",0,"HR","B",10,-2.8,487
"SQ72366 031",8.6,"5GG","5A",0,"HR","B",6,0.2,585
"SQ51575 031",6.4,"5GG","4C",0,"GI",,11,-0.1,556
"SQ58694 071",7.5,"3GB","4C",0,"HR",,1,-4.4,546
"SQ71741 021",5.2,"5GG","4C",0,"PO","B",6,-7,570
"SQ60645 531",5.3,"3GB","4C",0,"BP",,2,-0.4,460
"SQ75110 011",8.9,"3GB","4C",0,"HR","D",7,-4.8,541
"SQ60674 541",12.6,"3GB","5A",0,"GI","B",2,2,315
"SQ66585 021",16.8,"5GG","5A",0,"HR",,4,1.8,372
"SQ53216 031",4.7,"3GB","5A",1,"GI","F",11,-10.7,347
