SLAB气,SLAB辨捞,SLAB吝樊,SLAB弥檬历厘困摹,楷林备盒,窜困郴鉴辑,乞闭TS,傈窜_沥沥LT,己盒AS,己盒C,己盒B,己盒CA,己盒CU,己盒CR,己盒MO,己盒MN,己盒N,己盒P,己盒S,己盒TOTALAL,己盒SOLAL,己盒V,沥沥_厘涝LT,傈历厘困摹内靛,惯瘤具靛器牢飘,胶墨俏咯何,前疙,岿备盒,沥沥_拘楷累诀瘤矫LT,厘涝柯档,HCR角利备盒
1230,8640,19.87,2GC,2楷林,64.0,307.0,9.4,0.005,0.0018,4,0,0.051,0.02,0.0,0.201,14.0,0.0454,0.0091,0.04,0.038,0.0,3.4,3GB,4C,1,GI,6,-8.2,261,1
1240,9730,23.59,2GB,2楷林,52.0,435.0,0.0,0.005,0.1262,0,0,0.017,0.02,0.0,0.325,34.0,0.0088,0.0035,0.018,0.018,0.0,7.2,5GG,5A,0,HGI,3,-1.3,649,0
1510,10430,30.79,2GD,2楷林,15.0,316.0,0.0,0.005,0.0203,1,0,0.02,0.02,0.0,0.123,14.0,0.009,0.0041,0.029,0.028,0.0,3.9,5GG,4C,0,HR,7,-6.4,721,0
1080,10040,21.2,2GD,2楷林,98.0,327.0,0.0,0.006,0.0355,0,0,0.01,0.02,0.0,0.186,21.0,0.008,0.0035,0.024,0.022,0.0,17.5,5GG,4C,0,HR,11,6.3,280,1
1210,10840,24.82,2GC,2楷林,62.0,299.0,9.2,0.006,0.0015,0,0,0.099,0.03,0.0,0.139,11.0,0.0189,0.0105,0.032,0.031,0.0,12.3,3GB,4C,1,GI,4,4.0,309,0
1510,11680,34.48,2GA,2楷林,40.0,315.0,0.0,0.006,0.0019,5,1,0.052,0.03,0.0,0.203,16.0,0.0434,0.0094,0.035,0.033,0.001,17.0,5GG,5A,0,GA,11,7.1,472,0
1090,8810,18.34,2GB,2楷林,89.0,328.0,0.0,0.004,0.0371,0,0,0.04,0.02,0.0,0.183,16.0,0.01,0.0036,0.026,0.025,0.0,13.4,3GB,5A,0,FH,4,5.0,362,0
1290,7530,18.99,2GA,2楷林,84.0,327.0,0.0,0.005,0.032,0,0,0.009,0.02,0.0,0.188,21.0,0.009,0.0021,0.028,0.028,0.0,19.9,5GG,5A,0,HR,4,7.4,422,0
1310,11790,30.19,3GC,2楷林,8.0,334.0,0.0,0.006,0.0391,0,0,0.009,0.02,0.0,0.189,18.0,0.0083,0.0035,0.021,0.021,0.0,11.7,3GB,4C,0,HR,5,5.8,489,0
1570,11400,34.99,2GD,2楷林,12.0,270.0,0.0,0.006,0.0025,0,0,0.018,0.02,0.0,0.092,19.0,0.0089,0.0033,0.026,0.024,0.001,9.0,5GG,4C,0,CR,10,-1.0,524,0
1370,9410,25.2,2GA,2楷林,12.0,354.0,0.0,0.004,0.0578,0,1,0.011,0.02,0.0,0.334,40.0,0.0085,0.0034,0.028,0.026,0.0,15.0,5GG,5A,0,CR,12,1.2,409,0
1360,10430,27.73,3GC,2楷林,23.0,525.0,0.0,0.007,0.0706,3,0,0.019,0.02,0.0,0.887,37.0,0.0197,0.0023,0.023,0.02,0.002,13.0,3GB,4C,0,HR,3,2.0,502,0
1000,10370,20.27,2GA,2楷林,49.0,328.0,0.0,0.005,0.0379,0,0,0.013,0.02,0.0,0.214,21.0,0.0095,0.003,0.028,0.027,0.0,11.3,5GG,5A,0,FH,2,1.6,327,0
1280,9230,23.1,2L3,1楷林,26.0,502.0,0.0,0.005,0.1628,0,0,0.012,0.02,0.0,0.484,22.0,0.011,0.0039,0.029,0.026,0.0,15.5,5GG,7A,0,HR,4,6.5,431,0
1290,8960,22.6,2GA,2楷林,77.0,339.0,0.0,0.005,0.0455,0,0,0.023,0.02,0.0,0.208,24.0,0.0093,0.0029,0.023,0.022,0.0,15.7,5GG,5A,0,HGI,3,-0.1,489,0
1230,11290,27.15,2GA,2楷林,52.0,274.0,0.0,0.005,0.002,0,1,0.009,0.02,0.0,0.117,18.0,0.0109,0.0037,0.027,0.026,0.001,7.9,3GB,5A,0,CR,4,-1.2,542,0
1080,10480,22.13,2GA,2楷林,52.0,332.0,0.0,0.006,0.0403,0,0,0.011,0.02,0.0,0.188,22.0,0.0102,0.0037,0.017,0.016,0.0,12.0,3GB,5A,0,BP,4,1.0,307,0
1290,8550,21.56,2GA,2楷林,65.0,357.0,0.0,0.006,0.0432,12,0,0.017,0.02,0.0,0.249,19.0,0.0056,0.003,0.033,0.032,0.0,9.3,5GG,5A,0,HR,1,-2.6,601,0
1380,11840,31.94,2GB,2楷林,26.0,312.0,0.0,0.005,0.0384,0,0,0.009,0.02,0.0,0.15,16.0,0.0078,0.0041,0.025,0.024,0.0,11.8,5GG,5A,0,CR,5,2.3,518,0
1430,11240,31.42,2GC,2楷林,28.0,327.0,0.0,0.006,0.0434,0,0,0.012,0.02,0.0,0.196,22.0,0.0079,0.0036,0.02,0.019,0.0,19.8,5GG,4C,0,CR,11,5.4,331,0
1260,11500,28.33,2GB,2楷林,88.0,524.0,0.0,0.006,0.0765,2,0,0.019,0.02,0.0,0.906,29.0,0.0196,0.0024,0.033,0.032,0.001,18.0,5GG,5A,0,GI,5,10.8,406,0
1080,11360,23.99,3GC,2楷林,63.0,352.0,0.0,0.006,0.0578,0,0,0.025,0.02,0.0,0.352,30.0,0.0074,0.0025,0.033,0.03,0.0,8.1,3GB,4C,0,CR,1,-3.5,555,0
1270,10920,27.11,2GC,2楷林,22.0,324.0,0.0,0.005,0.0354,0,0,0.01,0.01,0.0,0.183,18.0,0.0067,0.0035,0.029,0.028,0.0,17.1,5GG,4C,0,GI,8,9.1,440,0
1570,8620,26.03,2GA,2楷林,34.0,284.0,6.3,0.005,0.002,0,0,0.015,0.02,0.0,0.093,17.0,0.009,0.0041,0.028,0.028,0.001,7.0,3GB,5A,1,FH,4,-1.0,404,0
1230,11410,26.99,2GB,2楷林,41.0,437.0,0.0,0.006,0.1222,0,0,0.014,0.02,0.0,0.479,34.0,0.01,0.0029,0.023,0.021,0.0,8.6,3GB,5A,0,HR,5,2.7,452,0
1250,8040,19.65,2GA,2楷林,7.0,329.0,0.0,0.004,0.0387,0,0,0.013,0.02,0.0,0.189,21.0,0.0089,0.0022,0.037,0.035,0.0,6.0,3GB,5A,0,HR,9,-3.9,508,0
1440,11400,32.09,2GA,2楷林,30.0,281.0,0.0,0.007,0.0017,0,5,0.018,0.02,0.0,0.101,21.0,0.0095,0.0035,0.03,0.027,0.001,11.9,5GG,5A,0,HR,10,2.4,516,0
1260,8430,20.77,2GA,2楷林,11.0,316.0,0.0,0.005,0.0363,0,0,0.018,0.02,0.0,0.199,18.0,0.009,0.0036,0.027,0.026,0.0,5.1,3GB,5A,0,HR,6,-4.1,554,0
1180,8250,19.03,3GB,2楷林,71.0,418.0,0.0,0.005,0.1102,0,0,0.02,0.03,0.0,0.428,23.0,0.0135,0.0029,0.013,0.012,0.0,10.4,3GB,5A,0,HGI,2,2.7,442,0
980,9620,18.43,2GD,2楷林,37.0,312.0,0.0,0.004,0.0023,18,0,0.061,0.07,0.0,0.553,16.0,0.0144,0.0032,0.031,0.03,0.002,8.0,5GG,4C,0,BP,9,-0.4,494,0
1260,11360,27.98,2GB,2楷林,26.0,347.0,0.0,0.004,0.0374,10,0,0.016,0.02,0.0,0.194,16.0,0.0089,0.0036,0.022,0.02,0.0,6.1,5GG,5A,0,CR,5,-5.3,653,0
1080,10560,22.3,2GC,2楷林,45.0,452.0,0.0,0.004,0.0585,0,2,0.022,0.02,0.0,0.814,28.0,0.0119,0.0022,0.032,0.026,0.001,6.1,5GG,4C,0,PO,7,-5.9,409,0
1380,11120,30.0,2L2,1楷林,14.0,316.0,0.0,0.005,0.0454,0,0,0.009,0.02,0.0,0.136,17.0,0.0113,0.004,0.027,0.026,0.0,13.8,5GG,7A,0,CR,7,8.8,436,0
900,9440,16.61,2GA,2楷林,73.0,393.0,0.0,0.005,0.0651,0,1,0.033,0.02,0.0,0.479,28.0,0.0132,0.0031,0.043,0.041,0.002,3.1,5GG,5A,0,BP,8,-7.4,682,0
1430,10900,30.47,2GA,2楷林,75.0,343.0,0.0,0.006,0.0462,0,0,0.01,0.02,0.0,0.184,34.0,0.0084,0.0031,0.024,0.023,0.0,7.4,3GB,5A,0,HGI,10,-3.0,669,0
1200,10250,24.05,2GB,2楷林,96.0,450.0,0.0,0.004,0.1486,0,0,0.013,0.02,0.0,0.488,28.0,0.0096,0.0026,0.021,0.02,0.0,15.0,5GG,5A,0,HR,8,4.0,414,0
1370,11830,31.68,2GD,2楷林,25.0,451.0,0.0,0.004,0.1454,0,0,0.015,0.02,0.0,0.502,30.0,0.0113,0.0025,0.022,0.02,0.0,59.3,5GG,4C,0,GI,8,51.8,357,0
1310,10660,27.3,3GB,2楷林,44.0,518.0,0.0,0.005,0.0756,2,0,0.01,0.02,0.0,0.904,21.0,0.0191,0.0026,0.023,0.022,0.001,13.7,3GB,5A,0,HR,12,-2.3,439,0
1130,8700,18.79,2GB,2楷林,74.0,419.0,0.0,0.004,0.1065,0,5,0.017,0.02,0.0,0.437,25.0,0.0098,0.003,0.026,0.025,0.0,9.8,5GG,5A,0,HGI,8,5.3,583,0
1260,11370,27.34,2GA,2楷林,2.0,259.0,11.0,0.006,0.0021,0,1,0.011,0.02,0.0,0.089,19.0,0.0091,0.0033,0.028,0.026,0.003,8.8,3GB,5A,1,CR,4,-5.5,345,0
1570,11380,34.37,2GA,2楷林,3.0,305.0,14.1,0.005,0.002,0,1,0.03,0.05,0.02,0.141,21.0,0.0468,0.0042,0.031,0.028,0.001,4.1,3GB,5A,1,GI,2,-12.6,230,1
1230,11790,27.67,2GA,2楷林,41.0,287.0,13.2,0.005,0.0019,0,0,0.009,0.01,0.0,0.147,21.0,0.0084,0.004,0.031,0.029,0.001,6.5,3GB,5A,1,HR,6,-0.9,192,1
1100,9390,20.19,2GA,2楷林,74.0,363.0,3.8,0.007,0.0355,19,6,0.014,0.02,0.0,0.188,17.0,0.0104,0.0036,0.022,0.022,0.0,2.2,2GB,5A,1,HR,2,0.0,591,0
1300,10380,26.38,2GA,2楷林,32.0,344.0,0.0,0.005,0.0442,0,0,0.008,0.02,0.0,0.214,17.0,0.0105,0.0036,0.023,0.022,0.0,8.1,5GG,5A,0,HGI,12,0.5,487,0
900,11800,20.43,2GC,2楷林,63.0,400.0,8.7,0.005,0.0713,0,0,0.025,0.03,0.0,0.483,33.0,0.0127,0.0032,0.051,0.05,0.001,2.8,3GB,4C,1,BP,7,-6.4,227,1
1530,11680,34.1,2GC,2楷林,17.0,254.0,13.7,0.006,0.002,0,0,0.019,0.02,0.0,0.07,16.0,0.008,0.0033,0.029,0.026,0.002,3.6,3GB,4C,1,EG,1,-2.2,272,1
1150,10390,23.36,2GB,2楷林,66.0,520.0,0.0,0.004,0.1411,0,1,0.014,0.02,0.0,0.845,28.0,0.0079,0.0038,0.021,0.02,0.001,7.6,5GG,5A,0,HR,7,-3.1,458,0
1250,11450,27.98,2GC,2楷林,56.0,351.0,0.0,0.004,0.032,11,0,0.02,0.02,0.0,0.189,22.0,0.006,0.0048,0.026,0.025,0.0,4.2,5GG,4C,0,CR,8,-0.7,539,0
1270,10340,25.67,2GC,2楷林,45.0,333.0,0.0,0.006,0.0343,0,0,0.017,0.02,0.0,0.197,24.0,0.0081,0.0037,0.029,0.028,0.0,5.4,3GB,4C,0,HR,11,-2.9,476,0
1200,11810,27.71,2GB,2楷林,26.0,514.0,0.0,0.004,0.0761,2,0,0.029,0.02,0.0,0.883,29.0,0.0168,0.0026,0.024,0.022,0.001,6.6,5GG,5A,0,HR,7,4.8,635,0
1290,8080,20.38,2GB,2楷林,27.0,460.0,0.0,0.005,0.061,0,1,0.013,0.03,0.0,0.79,38.0,0.0127,0.0027,0.043,0.041,0.001,5.0,5GG,5A,0,PO,12,1.0,611,0
1360,11780,30.82,2GC,2楷林,89.0,334.0,5.1,0.006,0.0371,0,0,0.02,0.02,0.0,0.196,18.0,0.007,0.004,0.028,0.026,0.0,2.9,3GB,4C,1,HR,11,-3.4,359,0
1260,9570,23.57,2GA,2楷林,41.0,326.0,0.0,0.004,0.0361,0,2,0.012,0.02,0.0,0.199,18.0,0.0103,0.003,0.026,0.023,0.0,6.7,5GG,5A,0,HR,4,-7.3,647,0
1150,8700,19.56,2GC,2楷林,91.0,414.0,0.0,0.006,0.1144,0,0,0.025,0.02,0.0,0.414,24.0,0.0109,0.0036,0.024,0.023,0.0,16.2,5GG,4C,0,HGI,11,-0.2,514,0
1310,7000,17.93,2GB,2楷林,90.0,481.0,0.0,0.006,0.0697,1,0,0.026,0.03,0.0,0.6,23.0,0.0195,0.0024,0.027,0.027,0.001,4.7,3GB,5A,0,GI,6,-6.1,623,0
1240,8660,20.99,2GC,2楷林,45.0,396.0,0.0,0.004,0.0749,0,0,0.016,0.01,0.0,0.459,30.0,0.0098,0.0021,0.031,0.029,0.0,7.2,5GG,4C,0,HR,9,-6.7,620,0
1280,11460,27.55,2GC,2楷林,31.0,268.0,5.3,0.004,0.0013,0,1,0.025,0.02,0.0,0.078,15.0,0.0086,0.0043,0.032,0.03,0.002,11.8,3GB,4C,1,HR,6,1.1,234,1
1200,8830,20.72,2GC,2楷林,54.0,358.0,0.0,0.004,0.0431,12,0,0.016,0.02,0.0,0.202,18.0,0.0093,0.003,0.02,0.018,0.0,12.5,5GG,4C,0,CR,9,0.3,432,0
1210,9680,22.9,2GC,2楷林,32.0,423.0,0.0,0.004,0.1211,0,0,0.015,0.02,0.0,0.305,29.0,0.0088,0.0029,0.026,0.026,0.0,11.1,5GG,4C,0,HGI,9,-0.5,593,0
1030,11010,21.64,2GC,2楷林,73.0,293.0,8.9,0.004,0.002,0,1,0.016,0.02,0.0,0.152,15.0,0.009,0.0034,0.033,0.032,0.002,7.0,3GB,4C,1,CR,8,-6.7,165,1
900,11700,20.59,2GA,2楷林,41.0,396.0,0.0,0.004,0.0674,0,0,0.023,0.02,0.0,0.488,33.0,0.014,0.0022,0.044,0.042,0.001,6.5,5GG,5A,0,BP,9,-5.6,550,0
1270,11120,27.61,3GC,2楷林,5.0,534.0,0.0,0.006,0.0788,2,0,0.028,0.02,0.0,0.906,37.0,0.0196,0.0023,0.028,0.027,0.001,8.1,3GB,4C,0,HR,1,2.1,513,0
1250,8230,20.11,2GA,2楷林,19.0,337.0,0.0,0.004,0.0376,0,0,0.013,0.05,0.0,0.143,18.0,0.0101,0.0033,0.034,0.033,0.0,5.7,5GG,5A,0,HR,7,-3.4,721,0
1310,11800,30.22,3GB,2楷林,15.0,330.0,0.0,0.005,0.0358,0,0,0.011,0.01,0.0,0.189,16.0,0.0077,0.0027,0.032,0.031,0.0,7.2,3GB,5A,0,HR,7,-5.7,625,0
1270,10510,26.09,3GB,2楷林,14.0,467.0,0.0,0.006,0.1839,0,0,0.014,0.02,0.0,0.457,37.0,0.0116,0.0029,0.023,0.021,0.002,9.6,3GB,5A,0,HR,10,-1.9,612,0
1030,9670,19.47,2GA,2楷林,90.0,330.0,0.0,0.005,0.0379,0,0,0.017,0.03,0.0,0.2,32.0,0.0073,0.0028,0.028,0.026,0.0,19.6,5GG,5A,0,HR,2,10.9,358,0
1340,10170,26.22,2GA,2楷林,13.0,310.0,9.5,0.005,0.0014,5,0,0.055,0.02,0.0,0.191,19.0,0.045,0.0092,0.039,0.038,0.0,0.6,3GB,5A,1,GI,8,-6.0,484,0
1140,7080,15.78,3GC,2楷林,69.0,457.0,0.0,0.006,0.0639,0,1,0.013,0.01,0.0,0.793,29.0,0.0082,0.0022,0.039,0.037,0.001,5.1,3GB,4C,0,PO,11,-7.3,617,0
1270,11100,27.56,2GC,2楷林,25.0,321.0,0.0,0.004,0.0014,6,0,0.056,0.02,0.0,0.188,15.0,0.0441,0.0093,0.039,0.038,0.001,8.1,5GG,4C,0,HR,6,-1.1,372,0
1180,10060,23.21,2GA,2楷林,20.0,300.0,0.0,0.004,0.0193,0,0,0.018,0.02,0.0,0.145,17.0,0.0084,0.0031,0.036,0.034,0.0,14.5,3GB,5A,0,HR,7,4.0,358,0
1310,8720,22.33,2GB,2楷林,22.0,339.0,0.0,0.005,0.0395,0,0,0.022,0.02,0.0,0.186,13.0,0.0132,0.0043,0.03,0.029,0.0,17.2,5GG,5A,0,HGI,8,13.9,376,0
1130,11430,25.25,2GA,2楷林,72.0,295.0,0.0,0.004,0.0204,0,1,0.01,0.02,0.0,0.193,15.0,0.01,0.0037,0.03,0.028,0.0,10.8,3GB,5A,0,CR,7,1.7,329,0
1260,8110,19.98,2GA,2楷林,70.0,363.0,0.0,0.005,0.0398,19,0,0.012,0.02,0.0,0.141,20.0,0.0094,0.0038,0.017,0.017,0.0,3.4,5GG,5A,0,HR,5,-4.6,558,0
1360,7330,19.49,2GA,2楷林,38.0,331.0,0.0,0.006,0.0401,0,0,0.019,0.02,0.0,0.216,21.0,0.0102,0.004,0.019,0.018,0.0,15.5,5GG,5A,0,FH,11,5.1,482,0
1460,11040,31.51,2GD,2楷林,17.0,253.0,0.0,0.007,0.0017,0,0,0.017,0.02,0.0,0.076,12.0,0.0078,0.0037,0.031,0.03,0.002,18.0,3GB,4C,0,CR,1,11.3,140,1
1380,11680,31.51,2GC,2楷林,19.0,251.0,0.0,0.004,0.0014,0,0,0.018,0.02,0.0,0.068,22.0,0.0079,0.004,0.028,0.026,0.002,10.8,3GB,4C,0,CR,3,2.2,421,0
1210,8420,19.92,2GA,2楷林,88.0,352.0,0.0,0.005,0.0442,0,0,0.018,0.02,0.0,0.242,21.0,0.01,0.0032,0.022,0.022,0.0,7.8,5GG,5A,0,PO,6,-2.8,562,0
990,7930,15.35,2GA,2楷林,64.0,334.0,0.0,0.004,0.0391,0,0,0.01,0.02,0.0,0.211,22.0,0.008,0.003,0.022,0.02,0.0,4.1,3GB,5A,0,FH,5,-9.2,695,0
980,9640,18.47,2GA,2楷林,36.0,422.0,0.0,0.004,0.0722,0,1,0.011,0.02,0.0,0.239,97.0,0.0081,0.0028,0.037,0.036,0.0,9.9,3GB,5A,0,BP,3,-2.9,397,0
1450,6800,19.28,3GC,2楷林,7.0,304.0,0.0,0.005,0.0018,0,0,0.032,0.06,0.02,0.149,11.0,0.0503,0.0045,0.031,0.029,0.0,9.5,3GB,4C,0,FH,3,0.3,454,0
1150,9660,21.37,2GA,2楷林,59.0,337.0,6.9,0.007,0.0411,0,0,0.016,0.02,0.0,0.199,35.0,0.0085,0.0034,0.033,0.032,0.0,2.8,3GB,5A,1,GI,10,-4.5,475,0
1420,9370,25.6,2GA,2楷林,3.0,281.0,7.6,0.005,0.0023,0,0,0.025,0.03,0.0,0.089,21.0,0.0108,0.0036,0.024,0.024,0.001,11.5,3GB,5A,1,FH,7,5.5,235,1
1290,8160,20.58,2GA,2楷林,7.0,461.0,0.0,0.005,0.0612,0,0,0.027,0.03,0.0,0.784,29.0,0.0138,0.0033,0.021,0.02,0.001,6.3,5GG,5A,0,PO,6,-1.8,722,0
1180,10650,24.57,2GC,2楷林,65.0,336.0,0.0,0.005,0.0377,0,0,0.021,0.02,0.0,0.197,22.0,0.0058,0.004,0.031,0.029,0.0,15.4,5GG,4C,0,HGI,11,3.2,265,1
1060,6740,13.97,2GC,2楷林,38.0,342.0,0.0,0.006,0.0469,0,0,0.016,0.02,0.0,0.283,28.0,0.0086,0.0042,0.03,0.029,0.0,7.9,5GG,4C,0,PO,12,2.3,566,0
1070,6280,13.14,2GA,2楷林,88.0,445.0,0.0,0.006,0.0582,0,0,0.012,0.01,0.0,0.808,22.0,0.0088,0.0033,0.039,0.034,0.0,9.5,5GG,5A,0,PO,6,-2.3,353,0
1390,11770,31.98,2GC,2楷林,33.0,271.0,0.0,0.005,0.0018,0,0,0.018,0.02,0.0,0.092,13.0,0.0097,0.0036,0.027,0.026,0.001,7.7,5GG,4C,0,CR,12,0.5,426,0
1090,6850,14.6,3GC,2楷林,86.0,303.0,0.0,0.005,0.0201,0,4,0.011,0.02,0.0,0.191,16.0,0.0076,0.0032,0.025,0.024,0.0,9.7,3GB,4C,0,CR,11,2.2,450,0
1030,9270,18.67,2GA,2楷林,39.0,319.0,0.0,0.006,0.0374,0,0,0.01,0.01,0.0,0.191,27.0,0.007,0.0027,0.022,0.02,0.0,10.3,3GB,5A,0,HR,10,6.7,524,0
1540,11590,34.89,2GD,2楷林,11.0,527.0,0.0,0.007,0.0752,4,1,0.031,0.02,0.0,0.882,41.0,0.0193,0.0025,0.032,0.032,0.002,19.2,5GG,4C,0,GI,1,4.0,274,1
1300,9910,25.19,2GC,2楷林,38.0,334.0,0.0,0.005,0.0375,0,4,0.01,0.01,0.0,0.188,23.0,0.0083,0.0029,0.023,0.021,0.0,7.4,5GG,4C,0,HR,1,-0.5,588,0
1260,8120,20.0,3GC,2楷林,16.0,337.0,0.0,0.005,0.0391,0,0,0.01,0.02,0.0,0.189,24.0,0.009,0.0024,0.026,0.026,0.0,3.8,3GB,4C,0,HR,6,-2.1,683,0
1190,9590,22.31,2GB,2楷林,30.0,391.0,0.0,0.004,0.0814,0,0,0.013,0.02,0.0,0.442,33.0,0.0113,0.003,0.018,0.016,0.0,8.6,5GG,5A,0,PO,7,0.2,514,0
1410,9040,24.92,2GC,2楷林,5.0,491.0,0.0,0.004,0.1556,0,0,0.03,0.01,0.0,0.811,37.0,0.0139,0.0026,0.021,0.02,0.001,11.1,3GB,4C,0,HR,9,1.9,523,0
1070,9130,19.1,2GA,2楷林,82.0,303.0,0.0,0.006,0.0189,0,1,0.015,0.02,0.0,0.145,17.0,0.0095,0.0038,0.025,0.024,0.0,18.3,5GG,5A,0,HR,11,-1.7,367,0
1570,9750,29.21,2GC,2楷林,5.0,256.0,7.6,0.004,0.0017,0,0,0.022,0.03,0.0,0.071,19.0,0.0091,0.0037,0.035,0.032,0.002,8.7,3GB,4C,1,CR,7,-3.5,334,0
1250,10250,24.65,2GA,2楷林,53.0,449.0,0.0,0.005,0.0604,0,1,0.022,0.02,0.0,0.774,30.0,0.0098,0.0025,0.031,0.03,0.0,4.8,5GG,5A,0,PO,7,-7.5,675,0
1110,10150,22.03,2GB,2楷林,61.0,332.0,0.0,0.005,0.0392,0,0,0.02,0.02,0.0,0.193,25.0,0.0097,0.0034,0.027,0.027,0.0,16.8,5GG,5A,0,HR,3,7.7,384,0
1030,11870,23.9,2GA,2楷林,47.0,326.0,0.0,0.004,0.0394,0,0,0.011,0.01,0.0,0.202,23.0,0.0082,0.003,0.026,0.023,0.0,14.4,5GG,5A,0,CR,8,-4.3,446,0
950,9190,17.07,2GB,2楷林,68.0,368.0,0.0,0.005,0.043,12,0,0.023,0.02,0.0,0.237,14.0,0.0093,0.0041,0.035,0.033,0.0,3.2,5GG,5A,0,HR,6,-5.5,668,0
1220,11040,26.33,2GC,2楷林,2.0,304.0,0.0,0.004,0.0221,0,1,0.013,0.02,0.0,0.189,20.0,0.0085,0.0026,0.025,0.024,0.001,14.5,5GG,4C,0,CR,3,2.3,350,0
1570,7350,22.56,2GA,2楷林,15.0,323.0,0.0,0.005,0.0349,0,0,0.011,0.03,0.0,0.189,23.0,0.0112,0.0037,0.021,0.02,0.0,8.5,3GB,5A,0,HR,3,-5.5,527,0
1300,9120,23.18,2GA,2楷林,25.0,331.0,0.0,0.005,0.0373,0,0,0.011,0.02,0.0,0.202,30.0,0.0108,0.0026,0.027,0.026,0.0,15.8,5GG,5A,0,HR,4,4.5,471,0
1140,10350,23.07,2GA,2楷林,51.0,307.0,0.0,0.005,0.0223,0,0,0.008,0.02,0.0,0.181,14.0,0.008,0.003,0.023,0.022,0.0,5.4,3GB,5A,0,CR,6,-2.2,609,0
1500,10490,30.76,2GA,2楷林,11.0,266.0,0.0,0.005,0.0019,0,0,0.012,0.02,0.0,0.081,18.0,0.0095,0.0034,0.03,0.028,0.001,8.1,5GG,5A,0,FH,2,2.4,472,0
1470,11790,33.88,3GC,2楷林,15.0,276.0,0.0,0.006,0.0016,0,0,0.021,0.02,0.0,0.088,12.0,0.0091,0.0041,0.03,0.029,0.001,6.1,3GB,4C,0,CR,6,-1.2,676,0
1570,10260,31.49,2GC,2楷林,24.0,323.0,0.0,0.005,0.0262,0,0,0.018,0.03,0.0,0.179,35.0,0.0143,0.0036,0.034,0.033,0.0,17.0,5GG,4C,0,PO,4,9.5,460,0
1050,6810,13.98,2GC,2楷林,37.0,343.0,0.0,0.006,0.0472,0,0,0.012,0.02,0.0,0.29,24.0,0.0067,0.0033,0.034,0.033,0.0,16.1,3GB,4C,0,PO,1,0.7,287,1
1270,10930,27.14,3GC,2楷林,27.0,275.0,0.0,0.004,0.0022,0,0,0.021,0.02,0.0,0.098,18.0,0.0091,0.0031,0.031,0.028,0.001,10.7,3GB,4C,0,CR,6,0.9,497,0
1220,8540,20.37,2GB,2楷林,90.0,417.0,0.0,0.005,0.1101,0,1,0.013,0.02,0.0,0.469,28.0,0.01,0.0027,0.014,0.013,0.0,10.3,5GG,5A,0,HR,2,1.2,592,0
1220,8400,20.03,2GB,2楷林,58.0,459.0,0.0,0.005,0.15,0,0,0.024,0.02,0.0,0.459,23.0,0.0097,0.003,0.018,0.016,0.001,8.0,5GG,5A,0,HR,5,-2.8,564,0
1320,11810,30.48,2GD,2楷林,17.0,528.0,0.0,0.005,0.1744,0,1,0.019,0.02,0.0,0.8,37.0,0.0126,0.0018,0.023,0.021,0.001,9.7,5GG,4C,0,HGI,11,0.0,454,0
1100,11550,24.84,3GC,2楷林,35.0,501.0,0.0,0.006,0.1944,0,0,0.011,0.02,0.0,0.454,33.0,0.0126,0.0019,0.048,0.046,0.0,10.2,3GB,4C,0,CR,5,-0.2,472,0
1410,11690,32.22,2GB,2楷林,25.0,526.0,0.0,0.006,0.074,3,0,0.022,0.03,0.0,0.904,31.0,0.0195,0.0023,0.025,0.023,0.001,12.2,5GG,5A,0,GA,12,1.9,475,0
1420,10380,28.82,2GB,2楷林,23.0,524.0,0.0,0.005,0.0778,1,1,0.022,0.02,0.0,0.88,36.0,0.0202,0.0016,0.029,0.028,0.001,6.8,5GG,5A,0,GI,11,-3.1,569,0
1220,10520,25.09,3GC,2楷林,40.0,345.0,0.0,0.004,0.0349,11,0,0.011,0.02,0.0,0.186,20.0,0.0092,0.0035,0.028,0.028,0.0,7.7,3GB,4C,0,HR,8,-1.2,569,0
1270,8350,20.73,2GA,2楷林,15.0,323.0,0.0,0.004,0.0395,0,3,0.018,0.02,0.0,0.195,22.0,0.0123,0.0071,0.027,0.024,0.0,6.4,5GG,5A,0,HR,6,-2.6,676,0
1250,10530,25.73,2GB,2楷林,18.0,495.0,0.0,0.005,0.185,0,0,0.018,0.02,0.0,0.482,30.0,0.0081,0.0024,0.028,0.027,0.0,13.2,3GB,5A,0,HR,12,0.7,419,0
1230,11220,26.98,2GB,2楷林,38.0,336.0,0.0,0.005,0.0438,0,0,0.022,0.01,0.0,0.211,33.0,0.0072,0.0028,0.031,0.03,0.0,9.7,5GG,5A,0,CR,6,-1.4,420,0
1300,8370,21.27,2GC,2楷林,6.0,528.0,0.0,0.004,0.2062,0,0,0.011,0.01,0.0,0.426,22.0,0.0097,0.0025,0.027,0.024,0.0,9.1,5GG,4C,0,PO,9,4.5,562,0
1570,11400,34.99,2GA,2楷林,12.0,271.0,0.0,0.004,0.0016,0,2,0.01,0.02,0.0,0.109,20.0,0.0105,0.0034,0.028,0.026,0.001,7.4,5GG,5A,0,CR,8,-2.5,618,0
1570,9950,30.54,2GC,2楷林,50.0,332.0,0.0,0.006,0.0414,0,0,0.023,0.02,0.0,0.197,14.0,0.0134,0.0042,0.023,0.022,0.0,8.9,3GB,4C,0,HR,1,-4.1,533,0
1370,10030,26.86,2GB,2楷林,35.0,446.0,0.0,0.005,0.1408,0,0,0.009,0.02,0.0,0.474,30.0,0.0112,0.0024,0.018,0.017,0.0,5.2,5GG,5A,0,GI,7,-0.7,610,0
1190,7420,17.26,2GB,2楷林,90.0,521.0,0.0,0.006,0.1436,0,1,0.015,0.02,0.0,0.838,32.0,0.0079,0.0034,0.021,0.02,0.001,13.8,5GG,5A,0,HR,3,1.8,411,0
1290,11770,29.68,2GC,2楷林,13.0,463.0,0.0,0.004,0.0046,10,0,0.095,0.02,0.06,0.583,11.0,0.0812,0.0096,0.052,0.05,0.002,5.2,5GG,4C,0,CR,9,0.3,649,0
1390,11450,30.67,2GA,2楷林,42.0,325.0,0.0,0.005,0.0344,0,0,0.01,0.02,0.0,0.193,16.0,0.0087,0.0028,0.025,0.021,0.0,5.5,5GG,5A,0,HR,7,-3.5,664,0
1570,7590,22.92,2GD,2楷林,8.0,289.0,14.9,0.006,0.0018,0,0,0.032,0.03,0.0,0.135,15.0,0.0103,0.0033,0.033,0.032,0.002,3.5,3GB,4C,1,CR,3,-6.9,287,1
930,8730,15.87,2GA,2楷林,55.0,309.0,0.0,0.004,0.0024,16,1,0.066,0.08,0.0,0.55,19.0,0.0148,0.0035,0.022,0.022,0.002,9.1,5GG,5A,0,BP,9,-1.8,438,0
1180,9140,21.09,2GC,2楷林,14.0,524.0,0.0,0.006,0.1378,0,0,0.014,0.02,0.0,0.821,28.0,0.0111,0.0029,0.024,0.023,0.001,6.1,5GG,4C,0,HR,6,-0.1,451,0
1410,11530,31.78,2GA,2楷林,26.0,324.0,0.0,0.005,0.0399,0,0,0.025,0.03,0.0,0.17,19.0,0.01,0.0055,0.02,0.019,0.0,5.6,3GB,5A,0,CR,6,-7.9,620,0
1290,8180,20.63,2GA,2楷林,40.0,324.0,0.0,0.006,0.0396,0,0,0.015,0.02,0.0,0.199,23.0,0.0103,0.0029,0.026,0.024,0.001,15.9,5GG,5A,0,HR,10,10.0,389,0
1450,10080,27.7,2GA,2楷林,8.0,289.0,8.9,0.005,0.002,0,2,0.021,0.02,0.0,0.153,14.0,0.0102,0.0038,0.029,0.026,0.002,8.8,3GB,5A,1,HR,9,-0.9,298,1
1190,8180,19.03,2GC,2楷林,67.0,412.0,0.0,0.007,0.1194,0,0,0.016,0.02,0.0,0.313,27.0,0.0072,0.0026,0.022,0.02,0.0,15.3,5GG,4C,0,HGI,12,6.0,441,0
1190,6580,15.31,2GB,2楷林,43.0,421.0,0.0,0.005,0.1163,0,0,0.013,0.02,0.01,0.303,24.0,0.0114,0.0024,0.018,0.018,0.001,9.8,3GB,5A,0,HGI,8,-1.8,559,0
1510,9930,28.84,2GA,2楷林,53.0,304.0,9.4,0.005,0.0013,1,0,0.027,0.05,0.02,0.142,15.0,0.052,0.0056,0.034,0.033,0.001,6.5,3GB,5A,1,GI,3,-5.0,220,1
1290,9270,23.38,2GC,2楷林,52.0,348.0,0.0,0.006,0.044,0,0,0.011,0.02,0.0,0.191,23.0,0.0076,0.0038,0.022,0.021,0.0,8.1,5GG,4C,0,HR,1,-6.5,454,0
1140,10070,21.95,2GA,2楷林,81.0,446.0,0.0,0.007,0.0602,0,0,0.014,0.02,0.0,0.795,32.0,0.0085,0.0032,0.038,0.036,0.001,7.2,5GG,5A,0,PO,10,-5.7,559,0
1120,10150,22.22,2GC,2楷林,60.0,544.0,0.0,0.007,0.1494,0,1,0.027,0.02,0.0,0.869,27.0,0.0094,0.0026,0.02,0.018,0.001,12.4,5GG,4C,0,HR,10,-2.9,423,0
1570,9950,30.54,2GD,2楷林,21.0,321.0,0.0,0.006,0.0312,0,0,0.016,0.02,0.0,0.197,36.0,0.0087,0.0032,0.029,0.026,0.0,17.2,5GG,4C,0,HR,10,4.0,539,0
970,9550,18.11,2GB,2楷林,58.0,343.0,0.0,0.005,0.0465,0,0,0.017,0.02,0.0,0.286,47.0,0.0088,0.0033,0.032,0.028,0.0,6.4,5GG,5A,0,PO,5,-3.4,491,0
1510,11780,34.78,2GC,2楷林,25.0,271.0,0.0,0.005,0.0015,0,0,0.018,0.02,0.0,0.07,13.0,0.0085,0.0034,0.034,0.034,0.002,8.6,5GG,4C,0,GA,7,-5.8,410,0
1150,8960,20.14,2GC,2楷林,76.0,466.0,0.0,0.006,0.1523,0,0,0.016,0.02,0.0,0.493,24.0,0.0078,0.0028,0.027,0.027,0.001,12.3,5GG,4C,0,HR,5,-0.7,488,0
1520,11780,34.78,2GA,2楷林,19.0,255.0,0.0,0.008,0.002,0,0,0.009,0.02,0.0,0.059,18.0,0.0066,0.0028,0.023,0.021,0.003,11.9,5GG,5A,0,CR,2,-2.7,496,0
1420,11850,32.37,2GC,2楷林,17.0,300.0,13.1,0.006,0.0022,0,0,0.096,0.02,0.0,0.155,13.0,0.0181,0.0098,0.03,0.029,0.0,3.4,3GB,4C,1,GI,1,-0.2,311,0
1380,8180,21.67,3GC,2楷林,27.0,471.0,0.0,0.006,0.0688,1,0,0.015,0.02,0.0,0.59,31.0,0.0186,0.0021,0.034,0.033,0.0,10.1,3GB,4C,0,HR,10,0.4,426,0
1160,7610,17.26,2GC,2楷林,96.0,435.0,0.0,0.006,0.121,0,0,0.024,0.02,0.0,0.449,28.0,0.0066,0.0028,0.026,0.025,0.001,15.0,5GG,4C,0,HGI,12,4.6,465,0
1390,9390,24.97,2GA,2楷林,8.0,436.0,0.0,0.006,0.056,0,0,0.012,0.01,0.0,0.795,32.0,0.0065,0.003,0.031,0.029,0.001,12.8,5GG,5A,0,PO,11,-0.6,465,0
1100,8910,19.16,2GA,2楷林,77.0,372.0,1.7,0.006,0.0409,17,0,0.008,0.02,0.0,0.196,19.0,0.0118,0.0028,0.02,0.019,0.0,6.5,3GB,5A,1,HR,2,2.0,603,0
1420,11520,31.98,2GA,2楷林,62.0,273.0,0.0,0.006,0.0016,0,0,0.016,0.02,0.0,0.091,17.0,0.0093,0.0029,0.022,0.02,0.001,9.0,3GB,5A,0,CR,2,-3.1,480,0
1390,10150,27.58,3GC,2楷林,13.0,344.0,0.0,0.006,0.0427,0,0,0.015,0.02,0.0,0.196,26.0,0.0077,0.0028,0.017,0.016,0.0,5.2,3GB,4C,0,HGI,3,-9.3,586,0
1090,9430,20.09,2GB,2楷林,92.0,334.0,0.0,0.006,0.0377,0,0,0.009,0.02,0.0,0.185,11.0,0.0069,0.0036,0.032,0.031,0.0,0.7,3F1,5A,0,HR,6,-6.8,756,0
1440,7880,21.65,2GD,2楷林,25.0,255.0,10.0,0.006,0.0017,0,1,0.014,0.02,0.0,0.059,14.0,0.007,0.0034,0.027,0.026,0.004,4.4,3GB,4C,1,HR,1,-4.6,232,1
1220,9710,23.16,2GA,2楷林,55.0,314.0,0.0,0.006,0.0209,5,0,0.019,0.02,0.0,0.15,14.0,0.0088,0.004,0.029,0.027,0.0,12.4,3GB,5A,0,HR,12,0.4,453,0
1360,9010,23.96,2GA,2楷林,14.0,455.0,0.0,0.004,0.0647,0,0,0.022,0.02,0.0,0.782,32.0,0.0112,0.0029,0.031,0.03,0.001,4.4,5GG,5A,0,PO,9,-4.2,597,0
1240,10180,24.68,2GB,2楷林,43.0,458.0,0.0,0.004,0.0603,0,1,0.028,0.03,0.0,0.803,32.0,0.0116,0.0022,0.041,0.04,0.001,13.4,5GG,5A,0,PO,9,2.2,481,0
1330,11870,30.86,2GB,2楷林,44.0,453.0,0.0,0.007,0.0644,0,0,0.015,0.02,0.0,0.84,30.0,0.0146,0.0025,0.038,0.037,0.001,15.3,3GB,5A,0,PO,4,4.4,402,0
1260,8560,21.09,3GC,2楷林,27.0,333.0,0.0,0.005,0.0354,0,0,0.015,0.06,0.0,0.199,51.0,0.0088,0.0027,0.034,0.032,0.0,11.9,3GB,4C,0,HR,6,6.3,401,0
1570,9290,28.51,2GA,2楷林,7.0,269.0,0.0,0.006,0.0018,0,1,0.02,0.02,0.0,0.061,21.0,0.0096,0.004,0.038,0.036,0.001,8.0,5GG,5A,0,GA,11,-1.2,516,0
1380,11820,31.89,2GA,2楷林,44.0,271.0,0.0,0.004,0.0023,0,1,0.015,0.02,0.0,0.095,13.0,0.0104,0.004,0.031,0.029,0.001,6.5,3GB,5A,0,CR,7,-1.3,582,0
960,11550,21.68,2GA,2楷林,37.0,403.0,0.0,0.005,0.0758,0,0,0.025,0.02,0.0,0.473,37.0,0.0133,0.0032,0.044,0.042,0.001,19.0,5GG,5A,0,BP,6,11.3,234,1
1270,11770,28.76,2GA,2楷林,12.0,326.0,7.9,0.005,0.0415,0,0,0.01,0.02,0.0,0.184,20.0,0.0092,0.0031,0.022,0.022,0.0,12.2,3GB,5A,1,CR,6,7.3,287,1
1190,8080,18.8,2GB,2楷林,25.0,405.0,0.0,0.004,0.0814,0,0,0.013,0.02,0.0,0.442,33.0,0.0113,0.003,0.018,0.016,0.0,5.6,5GG,5A,0,HR,7,-1.0,623,0
1290,11810,29.78,3GC,2楷林,22.0,327.0,0.0,0.003,0.0324,0,0,0.015,0.01,0.0,0.186,15.0,0.0061,0.0029,0.031,0.024,0.0,5.8,3GB,4C,0,HR,8,-4.8,661,0
1380,11610,30.82,2GA,2楷林,45.0,284.0,7.1,0.004,0.0023,0,0,0.011,0.02,0.01,0.098,15.0,0.0094,0.0031,0.033,0.031,0.001,9.3,3GB,5A,1,CR,8,0.6,250,1
1260,9410,23.18,2GA,2楷林,56.0,370.0,0.0,0.004,0.0398,19,0,0.018,0.02,0.0,0.184,19.0,0.0083,0.0039,0.03,0.028,0.0,9.0,5GG,5A,0,HR,8,-5.6,594,0
1030,9270,18.67,2GA,2楷林,52.0,320.0,0.0,0.005,0.038,0,0,0.011,0.01,0.0,0.212,30.0,0.0079,0.0026,0.029,0.027,0.0,11.3,5GG,5A,0,HR,10,7.0,488,0
1270,10880,27.01,2GB,2楷林,33.0,440.0,0.0,0.005,0.0584,0,1,0.011,0.02,0.0,0.776,28.0,0.0104,0.0021,0.028,0.028,0.001,8.4,5GG,5A,0,PO,4,-0.8,416,0
1280,9260,23.17,2GA,2楷林,26.0,333.0,0.0,0.004,0.0412,0,0,0.014,0.02,0.0,0.19,18.0,0.009,0.0036,0.032,0.03,0.0,6.4,5GG,5A,0,HR,9,-1.5,728,0
1240,9100,21.62,3GC,2楷林,45.0,277.0,0.0,0.005,0.0024,0,0,0.014,0.02,0.0,0.1,20.0,0.0094,0.0034,0.027,0.024,0.001,10.7,3GB,4C,0,HR,12,7.0,527,0
1160,11590,26.28,2GD,2楷林,55.0,457.0,0.0,0.007,0.1788,0,0,0.026,0.03,0.0,0.466,27.0,0.0138,0.0032,0.036,0.035,0.001,16.4,3GB,4C,0,HR,10,9.6,273,1
1300,7710,19.59,2GB,2楷林,39.0,429.0,0.0,0.005,0.1216,0,0,0.012,0.01,0.0,0.406,38.0,0.0072,0.0035,0.029,0.028,0.0,12.8,3GB,5A,0,HGI,4,4.7,488,0
960,9680,18.17,2GA,2楷林,62.0,302.0,0.0,0.004,0.0202,0,0,0.009,0.01,0.0,0.141,16.0,0.0075,0.0033,0.034,0.032,0.0,12.8,5GG,5A,0,HR,7,3.0,416,0
1260,9360,23.06,2GA,2楷林,31.0,345.0,0.0,0.004,0.0395,0,1,0.013,0.02,0.0,0.192,26.0,0.0111,0.0023,0.035,0.034,0.002,10.3,5GG,5A,0,PO,9,3.1,464,0
1400,9510,26.03,3GC,2楷林,64.0,289.0,0.0,0.006,0.0017,0,0,0.01,0.02,0.0,0.145,12.0,0.011,0.0032,0.022,0.02,0.002,5.6,3GB,4C,0,GI,4,-6.6,555,0
1290,11410,28.78,3GC,2楷林,18.0,338.0,0.0,0.007,0.0429,0,0,0.013,0.02,0.0,0.201,18.0,0.0068,0.0032,0.018,0.017,0.0,8.7,3GB,4C,0,HR,1,-4.8,502,0
1380,11700,31.57,2GA,2楷林,18.0,249.0,0.0,0.005,0.0019,0,0,0.011,0.02,0.0,0.082,13.0,0.0093,0.0033,0.025,0.023,0.002,11.3,5GG,5A,0,CR,2,2.8,449,0
1240,7760,18.81,2GB,2楷林,50.0,384.0,0.0,0.006,0.073,0,0,0.016,0.02,0.0,0.284,23.0,0.0084,0.0032,0.021,0.02,0.0,13.6,3GB,5A,0,HR,1,2.2,380,0
1290,11080,27.5,2GA,2楷林,39.0,300.0,10.7,0.006,0.0203,0,0,0.01,0.02,0.0,0.199,19.0,0.0092,0.0027,0.023,0.019,0.0,1.8,3GB,5A,1,GI,4,-9.2,452,0
1070,8270,17.3,3GC,2楷林,40.0,527.0,0.0,0.006,0.1436,0,2,0.017,0.02,0.0,0.782,31.0,0.0105,0.0028,0.024,0.023,0.001,6.8,3GB,4C,0,HR,11,-2.5,555,0
1150,9370,21.07,2GB,2楷林,60.0,435.0,0.0,0.005,0.1226,0,0,0.011,0.02,0.0,0.507,30.0,0.01,0.0026,0.021,0.02,0.0,10.4,5GG,5A,0,HR,4,-4.8,557,0
1060,10870,22.53,2GA,2楷林,25.0,357.0,0.0,0.006,0.0594,0,0,0.011,0.01,0.0,0.351,32.0,0.0068,0.0022,0.032,0.03,0.0,2.8,3GB,5A,0,CR,2,0.4,707,0
1520,10240,30.43,2GA,2楷林,10.0,328.0,0.0,0.005,0.0375,0,0,0.01,0.02,0.0,0.194,29.0,0.0087,0.0027,0.017,0.015,0.0,13.0,5GG,5A,0,HR,3,0.7,491,0
1490,11720,34.14,2GC,2楷林,39.0,275.0,0.0,0.006,0.0018,0,2,0.011,0.02,0.0,0.097,15.0,0.0094,0.0039,0.025,0.024,0.001,10.4,5GG,4C,0,GA,12,-1.5,427,0
1360,11330,30.12,2GA,2楷林,35.0,333.0,0.0,0.006,0.0385,0,0,0.009,0.02,0.0,0.198,20.0,0.0103,0.0034,0.028,0.026,0.0,8.0,3GB,5A,0,HR,10,-4.1,523,0
1430,9970,27.87,2GD,2楷林,59.0,343.0,0.0,0.005,0.0432,0,0,0.014,0.02,0.0,0.188,15.0,0.008,0.0032,0.017,0.016,0.0,14.2,3GB,4C,0,HGI,12,8.5,464,0
1400,11850,32.43,2GA,2楷林,24.0,267.0,0.0,0.005,0.002,0,1,0.019,0.02,0.0,0.054,16.0,0.0082,0.0044,0.022,0.02,0.002,5.7,5GG,5A,0,CR,12,0.9,602,0
1350,11630,30.69,2GA,2楷林,60.0,266.0,0.0,0.007,0.0011,0,1,0.021,0.02,0.0,0.078,18.0,0.009,0.0031,0.03,0.028,0.002,11.6,3GB,5A,0,GA,10,-0.3,514,0
1340,8350,21.87,2GB,2楷林,91.0,428.0,0.0,0.007,0.1048,0,0,0.011,0.02,0.0,0.511,30.0,0.008,0.0024,0.025,0.023,0.0,11.5,5GG,5A,0,HR,11,-1.0,311,0
1570,8260,25.35,3GC,2楷林,44.0,330.0,0.0,0.006,0.0373,0,0,0.014,0.02,0.0,0.191,22.0,0.0079,0.0035,0.037,0.036,0.0,2.7,3GB,4C,0,HR,11,-3.6,713,0
1110,6110,13.08,2GA,2楷林,62.0,441.0,0.0,0.004,0.0541,0,0,0.018,0.02,0.0,0.79,36.0,0.0095,0.0024,0.037,0.034,0.001,1.8,3GB,5A,0,PO,5,-3.2,741,0
1140,8530,18.76,2GC,2楷林,48.0,450.0,0.0,0.006,0.0658,0,1,0.012,0.02,0.0,0.821,26.0,0.0116,0.0029,0.03,0.028,0.001,13.3,5GG,4C,0,PO,12,0.7,381,0
1210,8420,19.92,2GA,2楷林,86.0,352.0,0.0,0.005,0.0442,0,0,0.018,0.02,0.0,0.242,21.0,0.01,0.0032,0.022,0.022,0.0,7.7,5GG,5A,0,PO,6,-2.9,632,0
1360,11550,30.71,2GA,2楷林,2.0,269.0,0.0,0.006,0.0014,0,0,0.012,0.02,0.0,0.079,17.0,0.0083,0.0037,0.029,0.027,0.001,5.3,5GG,5A,0,GA,3,-1.4,403,0
1040,10450,21.25,2GA,2楷林,53.0,402.0,0.0,0.005,0.0661,0,2,0.037,0.04,0.0,0.492,37.0,0.0122,0.0021,0.06,0.057,0.001,5.6,3GB,5A,0,BP,5,-3.7,464,0
1450,6130,17.14,2GA,2楷林,29.0,444.0,0.0,0.006,0.0622,0,0,0.015,0.02,0.0,0.765,33.0,0.0112,0.0037,0.03,0.03,0.001,12.9,3GB,5A,0,HGI,3,3.2,353,0
1290,9950,25.09,2GA,2楷林,70.0,325.0,0.0,0.006,0.0388,0,0,0.021,0.02,0.0,0.196,17.0,0.01,0.0039,0.023,0.022,0.0,13.0,5GG,5A,0,HR,12,0.6,479,0
1030,11860,23.88,2GA,2楷林,54.0,352.0,0.0,0.006,0.0567,0,0,0.012,0.02,0.0,0.363,30.0,0.0082,0.0032,0.038,0.034,0.0,8.6,5GG,5A,0,CR,6,-5.8,519,0
960,10000,18.77,2GA,2楷林,53.0,318.0,0.0,0.004,0.0363,0,0,0.016,0.01,0.0,0.188,16.0,0.0078,0.0033,0.026,0.024,0.0,9.0,5GG,5A,0,HR,6,0.8,459,0
1240,9730,23.59,2GB,2楷林,42.0,418.0,0.0,0.006,0.1131,0,0,0.027,0.02,0.0,0.312,32.0,0.0078,0.0031,0.021,0.02,0.0,6.8,5GG,5A,0,HGI,11,-4.5,628,0
1290,10660,26.88,2GB,2楷林,7.0,520.0,0.0,0.006,0.1756,0,1,0.014,0.02,0.0,0.773,32.0,0.0117,0.0029,0.02,0.018,0.001,5.3,5GG,5A,0,HGI,10,-3.3,489,0
970,10750,20.39,2GA,2楷林,74.0,397.0,0.0,0.006,0.0678,0,0,0.033,0.03,0.0,0.481,29.0,0.0141,0.0031,0.045,0.044,0.0,3.0,3GB,5A,0,BP,3,-2.1,729,0
1370,10530,27.25,2GA,2楷林,32.0,286.0,10.8,0.006,0.0019,0,1,0.016,0.02,0.0,0.13,22.0,0.0099,0.0036,0.023,0.021,0.002,3.8,3GB,5A,1,CR,10,-8.8,356,0
1520,9450,27.62,2GB,2楷林,10.0,526.0,0.0,0.006,0.0811,2,0,0.012,0.02,0.01,0.916,30.0,0.0193,0.0028,0.028,0.024,0.001,11.0,5GG,5A,0,HR,5,0.6,519,0
1090,7590,15.92,2GA,2楷林,78.0,305.0,12.3,0.004,0.0014,0,1,0.015,0.06,0.02,0.142,17.0,0.0519,0.0033,0.033,0.031,0.001,6.5,3GB,5A,1,GI,4,-1.5,195,1
1300,11250,28.59,2GA,2楷林,28.0,284.0,0.0,0.005,0.0024,0,0,0.009,0.02,0.0,0.142,17.0,0.0108,0.0035,0.022,0.022,0.004,3.6,5GG,5A,0,CR,5,-5.2,559,0
1290,10480,26.43,3GC,2楷林,25.0,340.0,0.0,0.004,0.0401,0,0,0.014,0.02,0.0,0.192,19.0,0.0121,0.0034,0.022,0.021,0.0,9.7,3GB,4C,0,HGI,3,5.5,540,0
1290,9870,24.89,2GA,2楷林,76.0,339.0,0.0,0.005,0.0397,0,1,0.012,0.02,0.0,0.192,18.0,0.0074,0.0033,0.035,0.034,0.0,20.0,5GG,5A,0,HR,5,4.0,383,0
1290,9160,23.1,2GB,2楷林,50.0,333.0,0.0,0.006,0.04,0,0,0.017,0.01,0.0,0.209,27.0,0.0077,0.0027,0.025,0.023,0.0,7.6,3GB,5A,0,HR,1,-2.1,519,0
1330,9650,25.09,2GC,2楷林,29.0,426.0,0.0,0.007,0.117,0,0,0.011,0.01,0.0,0.34,26.0,0.0083,0.0025,0.023,0.023,0.0,13.3,5GG,4C,0,HGI,1,6.9,240,1
1470,10190,29.28,2GB,2楷林,6.0,558.0,0.0,0.007,0.0796,1,0,0.017,0.02,0.0,1.108,40.0,0.0198,0.0024,0.034,0.033,0.002,6.8,3GB,5A,0,GI,2,-6.4,607,0
1540,7490,21.65,2GC,2楷林,13.0,249.0,7.0,0.005,0.0016,0,0,0.009,0.01,0.0,0.062,13.0,0.0052,0.0036,0.032,0.03,0.003,1.0,3GB,4C,1,HR,6,-5.1,488,0
980,11770,22.55,2GA,2楷林,39.0,297.0,0.0,0.005,0.0182,0,0,0.017,0.02,0.0,0.187,18.0,0.0075,0.0041,0.024,0.023,0.0,8.0,5GG,5A,0,CR,8,-1.1,415,0
1400,11650,31.89,2GC,2楷林,31.0,314.0,0.0,0.007,0.0381,0,1,0.013,0.02,0.0,0.152,19.0,0.009,0.0042,0.026,0.024,0.0,14.4,5GG,4C,0,CR,12,6.5,429,0
1000,9780,19.12,2GA,2楷林,19.0,335.0,0.0,0.004,0.0413,0,0,0.008,0.02,0.0,0.21,16.0,0.0079,0.0031,0.029,0.028,0.0,10.2,3GB,5A,0,HR,4,-1.3,500,0
1230,8350,20.08,3GC,2楷林,37.0,551.0,0.0,0.005,0.1425,0,0,0.023,0.02,0.0,0.888,30.0,0.0134,0.0037,0.028,0.024,0.0,11.2,3GB,4C,0,HR,6,4.7,503,0
1010,7220,13.97,3GC,2楷林,52.0,343.0,0.0,0.006,0.0491,0,0,0.01,0.02,0.0,0.293,31.0,0.006,0.0034,0.036,0.034,0.0,16.1,3GB,4C,0,PO,1,0.3,401,0
1530,11700,34.54,3GC,2楷林,14.0,268.0,0.0,0.006,0.0017,0,0,0.01,0.01,0.0,0.095,17.0,0.0076,0.0035,0.025,0.023,0.001,9.8,3GB,4C,0,GI,11,-1.4,414,0
950,10300,19.13,3GC,2楷林,70.0,324.0,0.0,0.004,0.0369,0,0,0.022,0.02,0.0,0.199,19.0,0.0103,0.0035,0.028,0.026,0.0,11.4,3GB,4C,0,HR,6,2.8,488,0
1370,11510,30.83,3GB,2楷林,42.0,488.0,0.0,0.006,0.1579,0,0,0.027,0.02,0.0,0.815,37.0,0.0085,0.0027,0.036,0.035,0.0,6.3,3GB,5A,0,HR,12,-4.5,490,0
1290,9080,22.9,2GA,2楷林,70.0,344.0,0.0,0.005,0.0435,0,0,0.022,0.02,0.0,0.196,30.0,0.0071,0.003,0.022,0.021,0.0,16.7,5GG,5A,0,HGI,3,1.1,375,0
1090,8970,19.11,2GA,2楷林,89.0,328.0,0.0,0.006,0.0351,0,1,0.018,0.02,0.0,0.194,15.0,0.0096,0.0039,0.026,0.024,0.0,14.3,3GB,5A,0,HR,12,-3.0,363,0
1190,11870,27.61,2GA,2楷林,45.0,294.0,0.0,0.006,0.0302,0,0,0.019,0.02,0.0,0.275,20.0,0.019,0.0035,0.029,0.028,0.0,12.7,5GG,5A,0,GI,2,1.4,381,0
1100,9370,20.15,2GA,2楷林,103.0,374.0,2.6,0.006,0.0421,17,0,0.015,0.01,0.0,0.196,17.0,0.0101,0.0029,0.024,0.022,0.0,3.2,3GB,5A,1,HR,2,-0.1,554,0
1250,7940,19.4,3GC,2楷林,41.0,429.0,0.0,0.006,0.1196,0,1,0.02,0.02,0.0,0.444,29.0,0.009,0.0026,0.021,0.02,0.0,9.1,3GB,4C,0,HGI,11,0.8,564,0
1230,11810,28.4,2GC,2楷林,71.0,496.0,0.0,0.006,0.13,1,1,0.027,0.02,0.0,0.89,29.0,0.0123,0.003,0.019,0.018,0.002,7.0,5GG,4C,0,HR,5,-1.4,471,0
960,11870,22.28,2GC,2楷林,59.0,327.0,0.0,0.006,0.036,0,0,0.022,0.02,0.0,0.184,26.0,0.0077,0.0028,0.029,0.028,0.0,5.1,5GG,4C,0,BP,4,-4.7,602,0
980,11760,22.53,2GC,2楷林,98.0,300.0,0.0,0.004,0.0199,0,0,0.016,0.01,0.0,0.195,18.0,0.0069,0.003,0.03,0.03,0.0,6.5,5GG,4C,0,CR,9,-7.2,591,0
1250,9940,24.29,2GD,2楷林,92.0,333.0,0.0,0.004,0.0331,0,0,0.016,0.02,0.0,0.189,21.0,0.0084,0.0036,0.025,0.023,0.0,6.7,5GG,4C,0,HGI,8,-3.5,484,0
1200,11870,27.85,2GB,2楷林,98.0,474.0,0.0,0.005,0.0742,1,1,0.012,0.02,0.0,0.595,32.0,0.0188,0.0023,0.027,0.027,0.001,7.1,5GG,5A,0,CR,4,-2.7,526,0
1260,11470,28.25,2GC,2楷林,61.0,335.0,0.0,0.006,0.0363,0,0,0.016,0.02,0.0,0.194,22.0,0.0078,0.0038,0.025,0.024,0.0,9.6,3GB,4C,0,HGI,12,3.7,495,0
1300,9880,25.11,2GC,2楷林,81.0,326.0,0.0,0.005,0.0328,0,0,0.023,0.02,0.0,0.145,10.0,0.0086,0.0029,0.026,0.024,0.0,11.3,5GG,4C,0,PO,5,-0.9,510,0
1020,11860,23.65,2GA,2楷林,110.0,343.0,0.0,0.005,0.0464,0,0,0.01,0.02,0.0,0.282,23.0,0.0069,0.0035,0.019,0.018,0.0,12.6,3GB,5A,0,HR,10,1.2,437,0
1400,11840,31.63,2GA,2楷林,33.0,254.0,9.4,0.006,0.0019,0,0,0.016,0.02,0.0,0.068,20.0,0.0098,0.0047,0.032,0.03,0.002,8.9,3GB,5A,1,EG,10,0.3,360,0
1260,9410,23.18,2GA,2楷林,54.0,328.0,0.0,0.006,0.0363,0,0,0.011,0.02,0.0,0.19,23.0,0.0069,0.0028,0.033,0.032,0.0,10.5,5GG,5A,0,HR,11,3.1,378,0
1340,11520,30.18,3GC,2楷林,69.0,525.0,0.0,0.005,0.0754,3,0,0.021,0.02,0.0,0.893,24.0,0.0188,0.0027,0.026,0.025,0.0,7.5,3GB,4C,0,FH,3,-6.4,613,0
1310,11590,29.68,2GD,2楷林,32.0,465.0,0.0,0.005,0.0042,9,1,0.095,0.02,0.06,0.586,12.0,0.08,0.0092,0.05,0.048,0.002,2.8,3GB,4C,0,CR,5,-6.7,734,0
1500,9610,27.71,3GC,2楷林,4.0,257.0,0.0,0.005,0.002,0,0,0.009,0.02,0.0,0.077,16.0,0.0078,0.0031,0.027,0.026,0.003,17.2,3GB,4C,0,HR,5,5.0,276,1
1040,11250,22.32,2GD,2楷林,103.0,314.0,6.1,0.006,0.0014,0,0,0.058,0.02,0.0,0.15,13.0,0.0523,0.0082,0.03,0.029,0.001,10.6,3GB,4C,1,HR,1,-2.3,150,1
1420,11010,30.56,2GC,2楷林,51.0,333.0,0.0,0.006,0.0427,0,1,0.018,0.02,0.0,0.211,20.0,0.0064,0.0038,0.034,0.033,0.0,11.5,3GB,4C,0,HR,11,1.4,338,0
1490,8510,24.37,2GB,2楷林,13.0,480.0,0.0,0.004,0.0719,3,0,0.023,0.02,0.0,0.599,34.0,0.02,0.0032,0.024,0.023,0.001,6.4,5GG,5A,0,FH,8,-1.0,513,0
1100,9360,20.13,2GA,2楷林,28.0,358.0,0.0,0.004,0.0407,12,0,0.017,0.02,0.0,0.224,24.0,0.0105,0.0047,0.025,0.024,0.0,8.9,5GG,5A,0,HR,5,-1.7,470,0
1390,11270,30.3,2GA,2楷林,28.0,329.0,8.6,0.007,0.0388,0,0,0.017,0.02,0.0,0.197,19.0,0.0082,0.0033,0.026,0.025,0.0,10.1,5GG,5A,1,HR,2,3.9,460,0
1030,9670,19.47,2GB,2楷林,20.0,333.0,0.0,0.006,0.0392,0,0,0.02,0.02,0.0,0.215,30.0,0.0161,0.0022,0.032,0.031,0.002,8.9,5GG,5A,0,HR,2,0.6,520,0
1320,10240,26.43,2GA,2楷林,36.0,337.0,0.0,0.005,0.0391,0,0,0.017,0.02,0.0,0.192,17.0,0.0085,0.0036,0.022,0.022,0.0,9.4,5GG,5A,0,HGI,2,-5.1,444,0
1060,9710,20.12,2GC,2楷林,83.0,331.0,0.0,0.005,0.0351,0,0,0.011,0.02,0.0,0.185,17.0,0.0076,0.0038,0.023,0.02,0.0,11.8,5GG,4C,0,HR,12,3.7,384,0
1300,8900,22.62,2GA,2楷林,2.0,291.0,0.0,0.005,0.0021,0,0,0.01,0.02,0.0,0.095,18.0,0.0096,0.0038,0.038,0.036,0.001,11.1,5GG,5A,0,HR,5,1.2,399,0
1260,8350,20.57,2GA,2楷林,16.0,322.0,0.0,0.004,0.0333,0,0,0.009,0.02,0.0,0.197,15.0,0.009,0.0034,0.026,0.024,0.0,9.3,5GG,5A,0,HR,4,-3.2,602,0
1290,9950,25.09,2GC,2楷林,69.0,330.0,0.0,0.007,0.0385,0,0,0.018,0.02,0.0,0.205,16.0,0.0076,0.0036,0.026,0.025,0.0,11.3,5GG,4C,0,HR,11,0.0,522,0
1250,10620,25.33,2GC,2楷林,17.0,266.0,9.1,0.004,0.0015,0,0,0.016,0.02,0.0,0.061,16.0,0.0095,0.0034,0.033,0.03,0.002,2.4,3GB,4C,1,HR,9,-3.5,264,1
1540,10010,30.14,2GC,2楷林,19.0,332.0,0.0,0.004,0.035,0,0,0.018,0.02,0.0,0.203,13.0,0.0092,0.0037,0.031,0.029,0.0,18.0,5GG,4C,0,HR,6,8.9,348,0
960,9610,18.04,2GA,2楷林,46.0,393.0,0.0,0.006,0.0664,0,0,0.025,0.02,0.0,0.489,33.0,0.0092,0.0031,0.045,0.044,0.0,4.8,5GG,5A,0,BP,1,-3.8,637,0
1140,9130,20.35,2GC,2楷林,66.0,330.0,0.0,0.006,0.0355,0,0,0.009,0.02,0.0,0.191,14.0,0.0089,0.0032,0.028,0.027,0.0,3.2,5GG,4C,0,HR,12,-2.9,532,0
1420,11650,31.77,2GD,2楷林,37.0,320.0,0.0,0.006,0.0015,5,3,0.055,0.02,0.0,0.205,14.0,0.0467,0.0088,0.039,0.031,0.001,7.8,3GB,4C,0,GI,4,-3.3,573,0
1270,8800,21.85,2GA,2楷林,49.0,455.0,0.0,0.005,0.0578,0,0,0.021,0.02,0.0,0.812,28.0,0.0126,0.0026,0.031,0.029,0.001,9.1,5GG,5A,0,PO,6,-2.2,417,0
1550,10340,31.33,2GB,2楷林,7.0,540.0,0.0,0.007,0.1393,0,1,0.021,0.02,0.0,0.877,31.0,0.0086,0.003,0.022,0.021,0.001,4.3,3GB,5A,0,HR,1,-5.7,511,0
1310,11350,29.07,2GB,2楷林,33.0,501.0,0.0,0.006,0.1625,0,1,0.019,0.02,0.0,1.103,32.0,0.0125,0.0027,0.022,0.02,0.003,7.0,5GG,5A,0,PO,1,-0.9,527,0
1480,11760,34.03,2GA,2楷林,15.0,270.0,0.0,0.005,0.0018,0,0,0.011,0.02,0.0,0.089,14.0,0.0099,0.0033,0.028,0.026,0.001,20.9,5GG,5A,0,CR,8,13.3,335,0
1170,11850,26.67,2GC,2楷林,51.0,252.0,9.9,0.005,0.0025,0,0,0.01,0.02,0.0,0.07,10.0,0.0071,0.0046,0.028,0.026,0.002,6.6,3GB,4C,1,HR,5,-6.7,244,1
1510,11780,34.78,2GA,2楷林,25.0,265.0,0.0,0.008,0.0018,0,0,0.013,0.02,0.0,0.088,14.0,0.0104,0.0037,0.034,0.033,0.0,14.7,3GB,5A,0,GA,2,2.5,331,0
990,11640,22.53,2GC,2楷林,87.0,355.0,0.0,0.005,0.058,0,0,0.012,0.02,0.0,0.338,26.0,0.0081,0.0025,0.031,0.03,0.0,8.7,5GG,4C,0,CR,7,-0.4,532,0
1300,8190,20.81,2GB,2楷林,16.0,432.0,0.0,0.007,0.1196,0,0,0.014,0.01,0.0,0.426,26.0,0.0106,0.0037,0.016,0.015,0.0,8.8,5GG,5A,0,HGI,1,0.1,516,0
1210,11540,27.3,2GA,2楷林,66.0,438.0,0.0,0.005,0.0597,0,1,0.017,0.02,0.0,0.814,30.0,0.0117,0.003,0.03,0.029,0.002,6.8,3GB,5A,0,HR,6,-3.5,463,0
1570,11400,34.99,3GC,2楷林,23.0,336.0,0.0,0.005,0.0416,0,0,0.02,0.06,0.0,0.199,33.0,0.0103,0.003,0.037,0.036,0.0,7.8,3GB,4C,0,HR,8,-5.1,578,0
990,9880,19.12,2GC,2楷林,51.0,336.0,0.0,0.007,0.0422,0,0,0.013,0.02,0.0,0.189,17.0,0.0069,0.0032,0.029,0.028,0.0,18.6,5GG,4C,0,HR,1,6.8,326,0
1140,11550,25.29,2GA,2楷林,66.0,258.0,0.0,0.007,0.0017,0,0,0.014,0.02,0.0,0.073,18.0,0.0082,0.003,0.024,0.023,0.002,12.1,5GG,5A,0,HR,2,-2.0,230,1
1290,8950,22.57,3GC,2楷林,34.0,329.0,0.0,0.006,0.0401,0,0,0.019,0.02,0.0,0.204,22.0,0.0111,0.0039,0.023,0.022,0.0,4.6,3GB,4C,0,HR,10,-8.8,682,0
1260,11070,27.27,2GA,2楷林,58.0,348.0,0.0,0.004,0.0354,12,0,0.02,0.02,0.0,0.19,19.0,0.0092,0.0031,0.027,0.026,0.0,10.0,5GG,5A,0,CR,5,-5.1,623,0
1420,11550,32.06,3GC,2楷林,26.0,322.0,0.0,0.004,0.0387,0,0,0.023,0.02,0.0,0.168,12.0,0.0072,0.0029,0.02,0.019,0.0,13.4,3GB,4C,0,GI,3,0.3,391,0
1390,11480,30.86,2GA,2楷林,13.0,296.0,0.0,0.004,0.0172,0,0,0.01,0.02,0.0,0.188,16.0,0.0077,0.0028,0.017,0.017,0.0,12.1,3GB,5A,0,CR,9,2.2,367,0
1160,8900,20.18,2GB,2楷林,76.0,451.0,0.0,0.004,0.1478,0,0,0.01,0.02,0.0,0.47,33.0,0.0086,0.0034,0.024,0.023,0.0,3.6,5GG,5A,0,HR,8,-5.3,633,0
1100,9580,20.6,3GC,2楷林,79.0,472.0,0.0,0.006,0.1776,0,0,0.019,0.02,0.0,0.459,35.0,0.0114,0.0027,0.028,0.025,0.0,9.6,3GB,4C,0,HR,11,0.8,414,0
1160,11520,26.13,2GB,2楷林,58.0,429.0,0.0,0.004,0.1478,0,0,0.01,0.02,0.0,0.47,33.0,0.0086,0.0034,0.024,0.023,0.0,14.7,5GG,5A,0,HR,8,-1.5,239,1
1570,6700,20.56,2GA,2楷林,38.0,324.0,0.0,0.005,0.0338,0,0,0.01,0.02,0.0,0.2,12.0,0.0084,0.0033,0.033,0.032,0.0,13.7,5GG,5A,0,HR,5,3.5,427,0
1150,7000,15.74,2GB,2楷林,50.0,520.0,0.0,0.006,0.1173,0,2,0.014,0.02,0.0,1.197,37.0,0.0092,0.0035,0.022,0.021,0.002,4.0,5GG,5A,0,HGI,12,-3.9,548,0
1430,10160,27.72,2GA,2楷林,21.0,348.0,13.1,0.006,0.042,0,0,0.017,0.02,0.0,0.202,22.0,0.0083,0.0028,0.025,0.022,0.0,6.0,3GB,5A,1,PO,3,-0.3,219,1
1360,8340,22.17,2GC,2楷林,43.0,342.0,0.0,0.004,0.0402,0,0,0.018,0.02,0.0,0.198,21.0,0.0075,0.0032,0.026,0.026,0.0,8.5,5GG,4C,0,HR,3,-3.9,534,0
1370,11470,30.23,2GC,2楷林,14.0,328.0,4.4,0.004,0.0395,0,0,0.011,0.01,0.0,0.198,17.0,0.0064,0.0031,0.022,0.021,0.0,13.0,3GB,4C,1,HR,8,5.5,298,1
1000,9780,19.12,2GA,2楷林,20.0,335.0,0.0,0.004,0.0413,0,0,0.008,0.02,0.0,0.21,16.0,0.0079,0.0031,0.029,0.028,0.0,10.3,3GB,5A,0,HR,4,-1.2,502,0
1300,11860,30.14,2GB,2楷林,72.0,324.0,0.0,0.005,0.037,0,1,0.022,0.02,0.0,0.168,17.0,0.0093,0.0037,0.023,0.023,0.0,6.1,5GG,5A,0,HR,6,-3.1,552,0
1470,10780,30.98,2GA,2楷林,27.0,265.0,0.0,0.004,0.0016,0,0,0.02,0.02,0.0,0.065,13.0,0.0094,0.0035,0.034,0.033,0.001,8.2,3GB,5A,0,FH,9,-3.6,629,0
1140,11590,25.42,2GC,2楷林,76.0,292.0,9.3,0.006,0.0012,0,0,0.017,0.02,0.0,0.138,22.0,0.0103,0.0022,0.037,0.034,0.002,3.9,3GB,4C,1,GA,4,-6.2,308,0
1320,8330,21.5,2GA,2楷林,20.0,346.0,0.0,0.005,0.0432,0,0,0.015,0.02,0.0,0.195,21.0,0.009,0.0039,0.027,0.026,0.0,11.3,5GG,5A,0,HGI,2,-2.7,634,0
1250,10820,26.44,2GA,2楷林,76.0,333.0,0.0,0.005,0.0368,0,0,0.012,0.02,0.0,0.207,13.0,0.01,0.0034,0.023,0.022,0.0,2.2,5GG,5A,0,HGI,12,-10.9,724,0
1410,8220,22.3,2GC,2楷林,14.0,292.0,15.7,0.006,0.002,0,1,0.01,0.02,0.0,0.133,22.0,0.0096,0.0038,0.028,0.027,0.002,2.7,3GB,4C,1,GI,11,-5.8,286,1
1290,10910,27.51,2GA,2楷林,33.0,325.0,0.0,0.006,0.0342,0,0,0.026,0.02,0.0,0.179,21.0,0.009,0.0026,0.024,0.022,0.0,3.3,5GG,5A,0,GI,1,-5.7,680,0
1280,9260,23.17,2GC,2楷林,65.0,368.0,0.0,0.006,0.036,19,1,0.03,0.02,0.0,0.189,15.0,0.0096,0.0034,0.019,0.016,0.0,11.5,5GG,4C,0,HR,12,-2.4,321,0
1090,9450,20.14,2GA,2楷林,72.0,309.0,0.0,0.004,0.0192,0,0,0.011,0.01,0.0,0.136,11.0,0.0078,0.0027,0.03,0.028,0.0,4.7,5GG,5A,0,HR,9,-4.3,644,0
1280,11610,28.49,2GA,2楷林,17.0,321.0,0.0,0.005,0.0376,0,0,0.021,0.02,0.0,0.149,20.0,0.0065,0.0041,0.029,0.028,0.0,2.6,5GG,5A,0,PO,3,-0.6,556,0
1330,9720,25.27,2GA,2楷林,1.0,336.0,0.0,0.004,0.037,0,0,0.012,0.02,0.0,0.18,19.0,0.0071,0.0029,0.02,0.019,0.0,5.2,5GG,5A,0,HGI,8,-1.3,544,0
1150,10280,23.11,2GA,2楷林,57.0,366.0,0.0,0.004,0.0386,19,0,0.008,0.02,0.0,0.172,15.0,0.0159,0.0029,0.016,0.016,0.0,11.1,5GG,5A,0,HR,2,-1.5,578,0
1560,11470,34.98,2GC,2楷林,7.0,254.0,0.0,0.005,0.0013,0,0,0.021,0.02,0.0,0.06,22.0,0.0073,0.0038,0.024,0.023,0.003,4.9,3GB,4C,0,GI,11,-7.7,449,0
1290,10340,26.08,2GB,2楷林,67.0,327.0,0.0,0.007,0.0389,0,0,0.01,0.01,0.0,0.202,17.0,0.0078,0.0029,0.017,0.015,0.0,14.3,5GG,5A,0,HR,2,9.9,512,0
1290,11770,29.68,2GB,2楷林,40.0,334.0,0.0,0.005,0.0381,0,0,0.012,0.02,0.0,0.225,21.0,0.0064,0.0035,0.025,0.023,0.0,12.3,3GB,5A,0,HGI,10,3.8,332,0
1400,11500,31.48,2GA,2楷林,37.0,335.0,0.0,0.005,0.0391,0,0,0.028,0.02,0.0,0.199,18.0,0.0092,0.0033,0.024,0.022,0.0,8.3,5GG,5A,0,HR,5,1.1,500,0
1270,8880,22.05,2GB,2楷林,22.0,490.0,0.0,0.004,0.1864,0,0,0.022,0.02,0.0,0.83,34.0,0.0134,0.0027,0.024,0.023,0.0,5.1,5GG,5A,0,HR,9,-9.5,642,0
1240,9200,22.3,2GB,2楷林,19.0,420.0,0.0,0.007,0.1157,0,0,0.024,0.02,0.0,0.316,29.0,0.0082,0.0033,0.018,0.018,0.0,6.9,5GG,5A,0,HGI,11,-3.7,626,0
1210,11090,26.23,2GB,2楷林,71.0,470.0,0.0,0.007,0.0729,0,1,0.01,0.02,0.0,0.611,24.0,0.0196,0.0024,0.03,0.028,0.001,6.3,5GG,5A,0,FH,4,-3.5,516,0
1360,11070,29.43,3GC,2楷林,26.0,338.0,0.0,0.006,0.0371,0,2,0.018,0.02,0.0,0.208,27.0,0.0082,0.0042,0.029,0.027,0.0,5.2,3GB,4C,0,HGI,10,-5.2,549,0
1160,10140,23.0,2GA,2楷林,54.0,343.0,0.0,0.006,0.0433,0,0,0.022,0.02,0.0,0.204,21.0,0.0066,0.003,0.03,0.028,0.0,4.5,3GB,5A,0,HGI,1,-1.1,611,0
1060,11530,23.89,2GA,2楷林,84.0,325.0,0.0,0.006,0.0423,0,0,0.009,0.02,0.0,0.193,27.0,0.008,0.0029,0.019,0.018,0.0,19.6,5GG,5A,0,CR,3,9.1,254,1
1140,9420,20.99,2GC,2楷林,9.0,339.0,0.0,0.004,0.0364,1,0,0.031,0.01,0.0,0.195,25.0,0.0068,0.0035,0.029,0.028,0.0,8.3,5GG,4C,0,HGI,9,-2.9,538,0
1230,8790,21.14,2GD,2楷林,9.0,539.0,0.0,0.006,0.1897,0,1,0.012,0.01,0.0,0.784,46.0,0.0095,0.0024,0.032,0.031,0.001,4.7,3GB,4C,0,PO,8,-0.1,617,0
1280,9260,23.17,2GA,2楷林,41.0,330.0,0.0,0.004,0.0362,0,0,0.022,0.02,0.0,0.197,21.0,0.0079,0.004,0.026,0.026,0.0,6.1,3GB,5A,0,HR,9,-2.5,594,0
1270,11620,28.85,2GA,2楷林,21.0,266.0,0.0,0.003,0.0021,0,0,0.018,0.02,0.0,0.092,19.0,0.0105,0.0033,0.025,0.023,0.001,6.6,3GB,5A,0,GI,9,-1.1,424,0
1090,9430,20.09,3GB,2楷林,93.0,333.0,0.0,0.006,0.0377,0,0,0.009,0.02,0.0,0.185,11.0,0.0069,0.0036,0.032,0.031,0.0,0.9,3GB,5A,0,HR,6,-6.6,810,0
1380,10430,28.14,2GB,2楷林,2.0,312.0,141.2,0.003,0.034,0,0,0.011,0.01,0.0,0.137,18.0,0.0089,0.0028,0.017,0.014,0.0,41.5,5GG,5A,1,CR,11,30.1,305,0
1030,9470,19.07,2GB,2楷林,96.0,331.0,0.0,0.004,0.0387,0,0,0.01,0.01,0.0,0.202,17.0,0.0064,0.0029,0.021,0.019,0.0,4.9,5GG,5A,0,HR,11,-4.1,650,0
1270,9620,23.89,2GA,2楷林,1.0,316.0,0.0,0.004,0.039,0,0,0.021,0.02,0.0,0.18,19.0,0.0101,0.0037,0.026,0.024,0.0,2.6,5GG,5A,0,CR,6,-9.7,654,0
1270,10930,27.14,2GA,2楷林,46.0,274.0,0.0,0.004,0.0023,0,1,0.01,0.02,0.0,0.096,19.0,0.01,0.0032,0.031,0.028,0.002,3.9,5GG,5A,0,CR,6,-0.3,606,0
1250,8030,19.62,2GA,2楷林,28.0,331.0,0.0,0.004,0.045,0,0,0.026,0.02,0.0,0.2,16.0,0.0095,0.0037,0.024,0.024,0.0,4.6,3GB,5A,0,HR,8,-4.8,556,0
1280,9840,24.62,3GC,2楷林,42.0,458.0,0.0,0.005,0.0626,0,0,0.028,0.02,0.0,0.764,33.0,0.0106,0.0031,0.035,0.034,0.001,4.6,3GB,4C,0,PO,9,-6.0,675,0
1190,11060,25.73,2GB,2楷林,65.0,334.0,0.0,0.005,0.0407,0,0,0.016,0.02,0.0,0.201,14.0,0.008,0.0033,0.027,0.026,0.0,5.6,5GG,5A,0,HGI,3,-2.0,642,0
1570,7340,22.53,2GC,2楷林,7.0,324.0,0.0,0.006,0.0351,0,0,0.014,0.02,0.0,0.2,15.0,0.0112,0.0032,0.028,0.027,0.0,8.9,5GG,4C,0,HR,11,0.7,561,0
1070,9140,19.12,2GA,2楷林,94.0,329.0,0.0,0.005,0.0381,0,0,0.012,0.02,0.0,0.193,20.0,0.0066,0.004,0.021,0.018,0.0,4.2,5GG,5A,0,HR,10,-5.0,637,0
1490,10460,30.47,2GC,2楷林,30.0,325.0,0.0,0.006,0.0349,0,0,0.013,0.01,0.0,0.201,36.0,0.0065,0.0026,0.025,0.023,0.0,15.9,5GG,4C,0,HR,11,6.4,469,0
1080,11370,24.01,2GC,2楷林,84.0,339.0,0.0,0.004,0.0422,0,0,0.02,0.01,0.0,0.314,42.0,0.0058,0.0034,0.032,0.03,0.0,12.9,5GG,4C,0,HR,5,8.5,423,0
1540,8790,26.46,2GA,2楷林,41.0,324.0,0.0,0.005,0.0318,0,3,0.023,0.04,0.01,0.199,16.0,0.0081,0.0027,0.021,0.019,0.0,12.9,5GG,5A,0,HR,3,0.4,299,1
1240,10940,26.52,2GB,2楷林,56.0,495.0,0.0,0.005,0.0729,0,0,0.011,0.05,0.01,0.612,28.0,0.0183,0.003,0.028,0.027,0.001,6.4,5GG,5A,0,PosMAC,6,-4.2,364,0
1170,11590,26.06,2GB,2楷林,39.0,551.0,0.0,0.004,0.1844,0,0,0.018,0.03,0.0,0.838,29.0,0.0135,0.0033,0.026,0.024,0.0,4.7,3GB,5A,0,HGI,9,-10.5,622,0
1290,9080,22.9,2GA,2楷林,39.0,346.0,0.0,0.006,0.0442,0,0,0.008,0.02,0.0,0.191,16.0,0.0075,0.0031,0.029,0.028,0.0,7.3,3GB,5A,0,HGI,1,-3.3,640,0
1260,7960,19.61,2GD,2楷林,73.0,341.0,0.0,0.006,0.0377,0,1,0.012,0.02,0.0,0.192,30.0,0.008,0.0029,0.03,0.029,0.0,6.7,5GG,4C,0,HGI,1,-1.2,598,0
1340,11870,31.1,2GA,2楷林,32.0,322.0,0.0,0.004,0.0446,0,0,0.02,0.02,0.0,0.147,17.0,0.0095,0.0036,0.026,0.024,0.0,9.9,5GG,5A,0,PO,7,0.0,471,0
1420,11070,30.73,2GB,2楷林,9.0,530.0,0.0,0.007,0.0781,3,2,0.013,0.02,0.0,0.911,28.0,0.0198,0.0025,0.025,0.024,0.001,15.0,3GB,5A,0,FH,11,1.6,328,0
1210,10390,24.07,2GA,2楷林,18.0,268.0,0.0,0.005,0.0014,0,0,0.02,0.02,0.0,0.072,12.0,0.0087,0.004,0.038,0.036,0.001,4.0,5GG,5A,0,FH,8,-4.3,676,0
1320,11870,30.63,3GC,2楷林,13.0,327.0,0.0,0.005,0.0413,0,0,0.01,0.02,0.0,0.195,23.0,0.0057,0.0029,0.037,0.036,0.0,15.2,3GB,4C,0,GI,5,7.5,437,0
1040,11830,24.05,3GB,2楷林,78.0,292.0,0.0,0.004,0.0172,0,0,0.021,0.02,0.0,0.194,22.0,0.008,0.003,0.025,0.023,0.0,5.2,3GB,5A,0,CR,9,-7.3,658,0
1520,8810,26.18,2GB,2楷林,8.0,524.0,0.0,0.006,0.1454,0,1,0.026,0.02,0.0,0.844,30.0,0.0115,0.0026,0.023,0.022,0.001,7.3,3GB,5A,0,HR,10,-3.7,604,0
1290,9870,24.89,2GA,2楷林,52.0,340.0,0.0,0.005,0.0434,0,0,0.013,0.02,0.0,0.197,19.0,0.0082,0.0034,0.029,0.028,0.0,17.2,5GG,5A,0,HR,1,6.7,334,0
1180,9400,21.68,2GB,2楷林,102.0,455.0,0.0,0.004,0.147,0,0,0.031,0.02,0.0,0.5,32.0,0.0128,0.0033,0.026,0.025,0.001,14.5,3GB,5A,0,HR,8,3.3,414,0
1330,11870,30.86,2GA,2楷林,51.0,430.0,0.0,0.007,0.0536,0,0,0.009,0.02,0.0,0.782,35.0,0.0082,0.0028,0.039,0.037,0.001,12.5,5GG,5A,0,PO,10,5.0,313,0
1260,10660,26.26,2GA,2楷林,55.0,329.0,0.0,0.006,0.0334,0,0,0.015,0.02,0.0,0.181,14.0,0.0095,0.0023,0.022,0.019,0.0,14.3,5GG,5A,0,GI,1,4.6,271,1
1030,11860,23.88,2GA,2楷林,26.0,357.0,0.0,0.004,0.0641,0,0,0.013,0.02,0.0,0.342,30.0,0.0094,0.0033,0.034,0.032,0.001,10.4,5GG,5A,0,CR,9,3.4,352,0
1300,9390,23.86,2GA,2楷林,43.0,344.0,0.0,0.005,0.0382,0,0,0.015,0.02,0.0,0.257,16.0,0.0084,0.0039,0.02,0.019,0.0,3.5,5GG,5A,0,HR,12,-9.3,631,0
1290,11630,29.33,2GA,2楷林,43.0,317.0,0.0,0.007,0.0011,5,1,0.052,0.02,0.0,0.194,12.0,0.0434,0.0082,0.038,0.037,0.001,8.4,3GB,5A,0,GI,4,2.1,547,0
1290,10380,26.18,2GD,2楷林,60.0,337.0,0.0,0.005,0.0384,0,0,0.012,0.01,0.0,0.179,26.0,0.0059,0.0028,0.02,0.018,0.0,18.3,5GG,4C,0,HGI,2,11.9,308,0
1560,9880,30.13,3GC,2楷林,20.0,337.0,0.0,0.006,0.0405,0,0,0.01,0.02,0.0,0.194,21.0,0.0115,0.0031,0.032,0.03,0.0,14.2,3GB,4C,0,HR,2,5.3,474,0
1540,11030,33.21,2GB,2楷林,4.0,408.0,0.0,0.005,0.1034,0,0,0.012,0.02,0.0,0.492,23.0,0.0133,0.0029,0.016,0.015,0.001,8.5,5GG,5A,0,HGI,8,1.2,441,0
1260,10190,25.1,2GB,2楷林,30.0,341.0,0.0,0.005,0.0482,0,5,0.021,0.03,0.0,0.321,25.0,0.0092,0.0026,0.024,0.021,0.0,14.6,5GG,5A,0,HR,11,3.1,324,0
1340,10040,26.3,2GC,2楷林,35.0,328.0,0.0,0.005,0.0356,0,0,0.013,0.03,0.01,0.218,23.0,0.0076,0.0024,0.023,0.021,0.0,15.9,5GG,4C,0,HGI,2,4.8,231,1
1100,6940,14.92,2GA,2楷林,32.0,459.0,0.0,0.004,0.0616,0,0,0.011,0.02,0.0,0.788,23.0,0.0114,0.002,0.03,0.03,0.001,10.5,3GB,5A,0,PO,9,-2.5,454,0
1220,10670,25.45,2GB,2楷林,20.0,427.0,0.0,0.006,0.1179,0,0,0.012,0.02,0.0,0.342,26.0,0.0091,0.0021,0.019,0.018,0.0,4.5,3GB,5A,0,HGI,1,-9.3,568,0
1450,11700,33.17,2GA,2楷林,2.0,324.0,0.0,0.006,0.0398,0,0,0.011,0.02,0.0,0.191,34.0,0.0081,0.004,0.029,0.028,0.0,11.4,5GG,5A,0,GA,11,-1.4,309,0
1090,8470,18.05,2GB,2楷林,72.0,450.0,0.0,0.005,0.0597,0,0,0.015,0.02,0.0,0.785,33.0,0.0095,0.0026,0.035,0.034,0.0,11.1,5GG,5A,0,PO,6,2.7,314,0
1370,11830,31.68,2GD,2楷林,15.0,451.0,0.0,0.004,0.1456,1,0,0.016,0.02,0.0,0.497,33.0,0.0116,0.0028,0.022,0.022,0.001,14.9,5GG,4C,0,GI,8,9.0,508,0
960,10750,20.18,2GA,2楷林,92.0,328.0,0.0,0.004,0.036,0,0,0.019,0.02,0.0,0.18,16.0,0.0111,0.0029,0.024,0.021,0.0,6.0,5GG,5A,0,HR,6,-1.5,685,0
1350,10800,27.98,2GA,2楷林,31.0,348.0,0.0,0.004,0.0493,0,0,0.013,0.02,0.0,0.295,34.0,0.0118,0.0023,0.033,0.032,0.001,9.0,5GG,5A,0,CR,7,1.2,546,0
1380,9950,26.84,3GB,2楷林,3.0,511.0,0.0,0.005,0.071,0,0,0.014,0.02,0.0,0.887,34.0,0.0197,0.0019,0.026,0.025,0.001,6.3,3GB,5A,0,CR,11,-3.6,458,0
1260,9250,22.79,2GA,2楷林,63.0,347.0,0.0,0.006,0.0406,0,0,0.009,0.01,0.0,0.194,16.0,0.0052,0.0035,0.024,0.023,0.0,4.7,5GG,5A,0,PO,5,-10.2,684,0
1220,11710,27.26,2GC,2楷林,31.0,257.0,9.9,0.004,0.002,0,0,0.009,0.01,0.0,0.071,20.0,0.0078,0.0026,0.031,0.03,0.002,10.4,3GB,4C,1,CR,9,4.9,242,1
1070,7730,15.91,2GA,2楷林,88.0,306.0,12.7,0.005,0.0015,0,0,0.018,0.05,0.02,0.145,19.0,0.0502,0.0034,0.028,0.026,0.001,6.1,3GB,5A,1,GI,3,-1.7,134,1
1310,9850,25.23,2GB,2楷林,14.0,313.0,0.0,0.006,0.0357,0,0,0.02,0.02,0.0,0.146,34.0,0.0076,0.0045,0.023,0.02,0.0,6.1,3GB,5A,0,CR,10,-1.6,382,0
1270,8920,22.15,2GA,2楷林,43.0,329.0,0.0,0.007,0.0366,0,1,0.011,0.02,0.0,0.214,21.0,0.0083,0.0037,0.027,0.026,0.0,16.2,5GG,5A,0,HR,11,3.7,434,0
1290,8640,21.44,2GC,2楷林,14.0,321.0,5.8,0.006,0.0396,0,0,0.01,0.02,0.0,0.186,18.0,0.0085,0.0036,0.024,0.02,0.0,9.4,3GB,4C,1,HR,5,-4.3,352,0
1290,11870,29.94,3GC,2楷林,19.0,322.0,0.0,0.007,0.0347,0,0,0.011,0.01,0.0,0.168,23.0,0.008,0.0036,0.02,0.02,0.0,11.8,3GB,4C,0,HR,2,3.1,512,0
1110,10170,22.07,2GA,2楷林,39.0,327.0,0.0,0.005,0.0372,0,0,0.009,0.02,0.0,0.196,16.0,0.0094,0.0028,0.027,0.026,0.0,11.5,5GG,5A,0,HR,3,0.6,376,0
1320,8960,23.12,2GA,2楷林,41.0,328.0,0.0,0.005,0.035,0,6,0.014,0.02,0.0,0.186,15.0,0.0097,0.0034,0.023,0.022,0.0,4.3,3GB,5A,0,HR,3,-5.3,532,0
1260,11360,27.98,2GA,2楷林,7.0,323.0,0.0,0.004,0.0379,0,1,0.019,0.01,0.0,0.189,21.0,0.0075,0.0032,0.026,0.025,0.001,6.3,3GB,5A,0,FH,7,0.9,612,0
1290,8520,21.49,2GA,2楷林,31.0,337.0,0.0,0.006,0.0335,0,0,0.012,0.02,0.0,0.204,26.0,0.0078,0.0037,0.029,0.027,0.0,7.6,3GB,5A,0,HGI,11,-1.8,462,0
1100,11760,25.29,2GA,2楷林,39.0,312.0,0.0,0.006,0.0394,0,1,0.013,0.02,0.0,0.168,23.0,0.0092,0.0035,0.024,0.023,0.0,6.3,5GG,5A,0,GA,10,-6.4,502,0
940,10240,18.82,2GC,2楷林,67.0,328.0,0.0,0.005,0.0357,0,0,0.03,0.02,0.0,0.196,28.0,0.0086,0.0032,0.018,0.017,0.0,14.4,5GG,4C,0,BP,3,7.8,221,1
1470,11790,33.88,2GD,2楷林,10.0,272.0,0.0,0.007,0.0023,0,0,0.013,0.02,0.0,0.097,16.0,0.0093,0.0038,0.03,0.028,0.001,9.9,3GB,4C,0,GI,1,0.2,415,0
1220,10940,26.09,2GB,2楷林,59.0,374.0,0.0,0.006,0.08,0,0,0.022,0.02,0.0,0.293,28.0,0.0121,0.0034,0.04,0.038,0.001,15.0,5GG,5A,0,HR,3,6.7,404,0
1280,9060,22.67,2GD,2楷林,21.0,335.0,0.0,0.006,0.0409,1,0,0.007,0.02,0.0,0.213,22.0,0.01,0.0039,0.033,0.032,0.0,13.4,5GG,4C,0,HR,10,7.3,269,1
1220,10140,24.18,2GA,2楷林,64.0,273.0,0.0,0.004,0.0016,0,0,0.018,0.02,0.0,0.064,21.0,0.01,0.0032,0.03,0.029,0.002,16.1,5GG,5A,0,GI,3,7.2,434,0
1390,11770,31.98,2GA,2楷林,16.0,276.0,0.0,0.004,0.002,0,0,0.018,0.02,0.0,0.091,11.0,0.0093,0.0039,0.031,0.029,0.001,3.5,3GB,5A,0,CR,7,-0.8,688,0
1300,11850,30.12,2GA,2楷林,1.0,324.0,0.0,0.004,0.0363,0,0,0.016,0.02,0.0,0.186,14.0,0.0089,0.0048,0.024,0.023,0.0,9.1,5GG,5A,0,HR,6,-0.2,497,0
1030,11480,23.12,2GA,2楷林,57.0,324.0,0.0,0.005,0.0376,0,0,0.014,0.02,0.0,0.19,29.0,0.0076,0.0044,0.025,0.025,0.0,7.1,5GG,5A,0,CR,6,-5.1,533,0
1170,7950,18.18,2GC,2楷林,30.0,340.0,0.0,0.008,0.038,0,0,0.01,0.01,0.0,0.19,13.0,0.0051,0.0037,0.027,0.026,0.0,10.9,5GG,4C,0,PO,4,3.3,385,0
1470,9180,25.93,2GA,2楷林,17.0,341.0,0.0,0.007,0.0409,0,0,0.014,0.02,0.0,0.201,22.0,0.0083,0.0038,0.024,0.023,0.0,7.7,3GB,5A,0,HGI,10,-3.0,562,0
1380,11600,31.3,2GA,2楷林,40.0,337.0,0.0,0.006,0.0372,0,1,0.014,0.01,0.0,0.188,29.0,0.0072,0.0039,0.02,0.018,0.0,6.6,3GB,5A,0,PO,4,-4.1,497,0
1370,11480,30.75,3GC,2楷林,60.0,274.0,0.0,0.005,0.0023,0,0,0.014,0.02,0.0,0.101,16.0,0.0093,0.0038,0.03,0.029,0.001,20.3,3GB,4C,0,GI,12,11.3,290,1
1260,8310,20.47,2GC,2楷林,64.0,317.0,0.0,0.006,0.0341,0,0,0.012,0.02,0.0,0.19,16.0,0.0085,0.0033,0.024,0.022,0.0,18.7,5GG,4C,0,HR,12,10.1,302,0
1420,11770,32.67,2GC,2楷林,22.0,254.0,0.0,0.006,0.0017,0,0,0.008,0.01,0.0,0.081,16.0,0.0065,0.003,0.023,0.021,0.002,9.7,5GG,4C,0,CR,2,-0.2,503,0
1270,11270,27.98,2GA,2楷林,13.0,276.0,0.0,0.005,0.0019,0,0,0.013,0.02,0.0,0.091,17.0,0.0103,0.0032,0.025,0.024,0.001,7.8,3GB,5A,0,CR,7,-1.6,535,0
1000,9700,18.96,2GA,2楷林,87.0,293.0,0.0,0.006,0.0021,0,0,0.034,0.03,0.0,0.149,17.0,0.0119,0.0039,0.034,0.031,0.002,10.8,3GB,5A,0,GI,11,-4.6,279,1
1510,11070,32.03,2GC,2楷林,7.0,470.0,0.0,0.007,0.1749,0,0,0.015,0.01,0.0,0.782,30.0,0.0094,0.0028,0.023,0.022,0.001,15.0,5GG,4C,0,HR,10,2.5,258,1
1070,8270,17.3,3GC,2楷林,56.0,522.0,0.0,0.007,0.1466,0,0,0.017,0.02,0.0,0.781,26.0,0.0097,0.0032,0.021,0.02,0.001,8.7,3GB,4C,0,HR,11,-1.3,436,0
1290,9190,23.18,3GB,2楷林,60.0,324.0,0.0,0.005,0.0335,0,0,0.019,0.02,0.0,0.193,10.0,0.0076,0.0037,0.028,0.026,0.0,8.6,3GB,5A,0,HR,6,-5.1,539,0
1540,11620,34.98,2GD,2楷林,19.0,335.0,0.0,0.006,0.0418,0,0,0.011,0.05,0.0,0.199,39.0,0.0083,0.0033,0.031,0.03,0.0,6.6,3GB,4C,0,HR,1,1.3,505,0
1490,9060,26.39,3GC,2楷林,20.0,331.0,0.0,0.006,0.0403,0,1,0.011,0.02,0.0,0.196,39.0,0.0105,0.0026,0.025,0.024,0.0,9.4,3GB,4C,0,HR,11,1.3,620,0
1260,9310,22.93,2GB,2楷林,36.0,456.0,0.0,0.005,0.1457,0,1,0.016,0.02,0.0,0.496,33.0,0.0137,0.0034,0.024,0.022,0.0,14.3,5GG,5A,0,HR,10,-1.4,289,1
1240,10720,25.99,2GC,2楷林,34.0,569.0,0.0,0.006,0.1946,0,0,0.022,0.02,0.0,0.876,31.0,0.012,0.0025,0.03,0.029,0.001,9.2,3GB,4C,0,HGI,1,-0.5,398,0
1400,9470,25.5,2GA,2楷林,42.0,272.0,12.6,0.004,0.0014,0,0,0.02,0.02,0.0,0.077,14.0,0.0087,0.0047,0.031,0.029,0.002,1.1,3GB,5A,1,GI,5,-4.2,429,0
1100,10680,22.97,3GC,2楷林,91.0,301.0,0.0,0.006,0.0201,0,0,0.01,0.02,0.0,0.188,18.0,0.0091,0.0037,0.023,0.021,0.0,14.9,3GB,4C,0,CR,12,5.1,297,1
1290,8280,20.88,2GA,2楷林,103.0,343.0,0.0,0.006,0.0396,0,0,0.027,0.02,0.0,0.219,24.0,0.0067,0.0032,0.026,0.025,0.0,9.3,5GG,5A,0,HR,10,-0.6,466,0
1310,7930,20.31,2GA,2楷林,72.0,317.0,0.0,0.005,0.0405,0,0,0.014,0.02,0.0,0.188,16.0,0.0095,0.0039,0.026,0.026,0.0,8.8,5GG,5A,0,CR,5,-5.0,563,0
1100,11070,23.81,2GB,2楷林,91.0,528.0,0.0,0.006,0.076,2,0,0.024,0.02,0.0,0.888,31.0,0.0186,0.003,0.026,0.025,0.001,13.2,5GG,5A,0,GI,12,-0.8,373,0
960,10170,19.09,2GA,2楷林,47.0,325.0,0.0,0.004,0.0329,0,0,0.018,0.02,0.0,0.185,18.0,0.0094,0.0036,0.023,0.022,0.0,5.7,3GB,5A,0,HR,6,-0.7,601,0
1300,11810,30.02,3GB,2楷林,6.0,551.0,0.0,0.006,0.075,2,0,0.019,0.02,0.0,1.089,33.0,0.0193,0.0025,0.027,0.026,0.001,6.5,3GB,5A,0,GI,10,0.0,635,0
1390,10360,28.15,2GD,2楷林,5.0,433.0,0.0,0.005,0.0526,0,0,0.009,0.01,0.0,0.782,28.0,0.0108,0.0023,0.03,0.029,0.0,9.3,5GG,4C,0,PO,6,3.2,604,0
1150,5940,13.35,2GB,2楷林,60.0,425.0,0.0,0.006,0.0994,0,0,0.012,0.02,0.0,0.64,26.0,0.0094,0.0023,0.018,0.017,0.0,14.0,5GG,5A,0,PO,1,0.0,432,0
1540,7000,21.07,3GC,2楷林,20.0,332.0,0.0,0.005,0.035,0,0,0.016,0.05,0.0,0.198,40.0,0.0049,0.0051,0.037,0.035,0.0,9.0,3GB,4C,0,HR,6,7.6,520,0
930,8780,15.96,2GA,2楷林,72.0,304.0,0.0,0.004,0.0022,15,0,0.066,0.07,0.0,0.547,29.0,0.0138,0.0033,0.027,0.025,0.001,8.8,5GG,5A,0,BP,7,4.7,370,0
1080,10040,21.2,2GD,2楷林,82.0,332.0,0.0,0.006,0.0399,0,0,0.011,0.02,0.0,0.185,20.0,0.0078,0.0036,0.022,0.02,0.0,16.3,5GG,4C,0,HR,11,5.7,419,0
920,7770,13.98,2GA,2楷林,62.0,342.0,0.0,0.005,0.0451,0,0,0.009,0.02,0.0,0.282,26.0,0.0081,0.0032,0.034,0.031,0.0,3.3,5GG,5A,0,PO,12,-4.6,722,0
900,9860,17.35,2GA,2楷林,99.0,330.0,0.0,0.006,0.0382,0,0,0.015,0.02,0.0,0.2,18.0,0.0081,0.0034,0.018,0.016,0.0,9.2,5GG,5A,0,HR,12,-2.5,427,0
1020,11860,23.65,2GA,2楷林,92.0,339.0,0.0,0.005,0.0431,0,0,0.011,0.02,0.0,0.294,22.0,0.0067,0.0032,0.021,0.019,0.0,11.2,3GB,5A,0,HR,10,0.2,306,0
1070,11370,23.78,2GA,2楷林,54.0,338.0,0.0,0.004,0.0403,0,0,0.011,0.02,0.0,0.199,26.0,0.0072,0.0034,0.02,0.019,0.0,6.7,3F1,5A,0,HGI,9,-5.4,472,0
1260,9450,23.28,2GD,2楷林,67.0,341.0,0.0,0.004,0.0362,0,0,0.014,0.02,0.0,0.195,22.0,0.0096,0.0031,0.034,0.031,0.0,8.7,3GB,4C,0,PO,9,0.0,488,0
1250,9300,22.73,2GA,2楷林,73.0,305.0,0.0,0.005,0.0213,0,1,0.012,0.02,0.0,0.199,15.0,0.0079,0.0035,0.019,0.018,0.0,8.5,5GG,5A,0,CR,12,-4.7,457,0
1270,9660,23.98,2GA,2楷林,30.0,450.0,0.0,0.004,0.0581,0,3,0.01,0.02,0.0,0.795,30.0,0.0118,0.0027,0.044,0.043,0.001,14.3,5GG,5A,0,PO,4,5.7,502,0
1110,9710,20.73,2GA,2楷林,45.0,335.0,11.4,0.006,0.0396,0,0,0.031,0.02,0.0,0.192,19.0,0.0097,0.0035,0.027,0.025,0.0,3.1,3GB,5A,1,HR,7,-3.3,307,0
990,7200,13.94,2GD,2楷林,50.0,303.0,0.0,0.006,0.0016,0,0,0.02,0.05,0.02,0.138,12.0,0.0503,0.0035,0.027,0.026,0.001,8.5,3GB,4C,0,GI,2,1.8,517,0
1090,10420,22.2,2GA,2楷林,58.0,326.0,0.0,0.006,0.0359,0,0,0.009,0.02,0.0,0.19,18.0,0.0084,0.0027,0.02,0.018,0.0,12.2,5GG,5A,0,HR,11,3.5,470,0
1290,5930,14.96,2GC,2楷林,26.0,423.0,0.0,0.006,0.116,0,0,0.025,0.02,0.0,0.295,26.0,0.0095,0.0026,0.026,0.025,0.0,11.6,5GG,4C,0,HGI,3,-4.3,263,1
1330,9610,24.99,2GA,2楷林,32.0,304.0,0.0,0.006,0.0215,0,0,0.023,0.03,0.0,0.193,15.0,0.0114,0.0044,0.029,0.027,0.0,10.3,5GG,5A,0,CR,5,0.3,440,0
1370,8400,22.5,2GA,2楷林,38.0,357.0,0.0,0.006,0.0387,12,1,0.021,0.02,0.0,0.204,19.0,0.0077,0.0037,0.023,0.022,0.0,16.0,5GG,5A,0,HGI,2,7.2,290,1
1340,11010,28.84,2GB,2楷林,46.0,339.0,0.0,0.006,0.0413,0,1,0.01,0.01,0.0,0.201,22.0,0.0068,0.0024,0.032,0.03,0.0,13.0,3GB,5A,0,HGI,11,1.6,458,0
1350,7990,21.09,2GB,2楷林,27.0,337.0,0.0,0.006,0.0411,0,0,0.009,0.02,0.0,0.191,27.0,0.0088,0.0027,0.025,0.023,0.0,8.8,5GG,5A,0,HR,10,-4.9,383,0
1200,10690,24.68,2GA,2楷林,100.0,310.0,1.7,0.006,0.0017,5,1,0.052,0.02,0.0,0.196,18.0,0.0443,0.0086,0.033,0.032,0.001,18.3,3GB,5A,1,GI,11,4.0,197,1
1200,9500,22.29,2GB,2楷林,64.0,427.0,0.0,0.004,0.123,0,0,0.015,0.01,0.0,0.309,22.0,0.0087,0.003,0.026,0.025,0.0,6.8,5GG,5A,0,HGI,8,-8.0,643,0
1350,7050,18.61,2GA,2楷林,1.0,282.0,0.0,0.006,0.0026,0,0,0.011,0.01,0.0,0.1,19.0,0.0091,0.0044,0.031,0.029,0.001,11.9,5GG,5A,0,GA,10,1.2,321,0
1100,11670,25.1,2GA,2楷林,1.0,292.0,0.0,0.007,0.0159,0,0,0.012,0.02,0.0,0.187,15.0,0.0065,0.0028,0.024,0.022,0.0,13.7,5GG,5A,0,CR,11,2.2,347,0
1250,9090,22.21,2GA,2楷林,82.0,326.0,0.0,0.004,0.0356,0,0,0.011,0.02,0.0,0.197,19.0,0.0104,0.0023,0.034,0.033,0.0,4.4,5GG,5A,0,HR,5,-7.3,663,0
1180,11310,26.09,2GB,2楷林,70.0,426.0,0.0,0.005,0.1192,0,0,0.019,0.02,0.0,0.456,17.0,0.0071,0.0029,0.018,0.017,0.0,18.2,5GG,5A,0,HR,12,6.6,394,0
1490,11860,34.55,2GB,2楷林,12.0,471.0,0.0,0.004,0.0703,1,0,0.023,0.02,0.0,0.596,28.0,0.019,0.0029,0.031,0.031,0.0,3.2,3GB,5A,0,GI,6,-4.2,647,0
1020,11520,22.97,2GC,2楷林,60.0,473.0,0.0,0.006,0.0736,1,0,0.018,0.02,0.0,0.587,33.0,0.0194,0.0028,0.031,0.03,0.001,4.2,5GG,4C,0,GI,9,-1.6,532,0
1150,9820,22.08,2GA,2楷林,75.0,331.0,0.0,0.004,0.0426,0,0,0.035,0.02,0.0,0.198,17.0,0.0122,0.0048,0.027,0.027,0.0,8.0,5GG,5A,0,HR,9,-4.2,620,0
1300,9200,23.38,2GB,2楷林,22.0,526.0,0.0,0.007,0.1307,0,0,0.013,0.01,0.0,0.904,30.0,0.0074,0.0029,0.023,0.022,0.001,14.1,3GB,5A,0,PO,11,2.0,241,1
1240,10180,24.68,2GB,2楷林,39.0,456.0,0.0,0.004,0.0599,0,0,0.014,0.02,0.0,0.796,31.0,0.0107,0.0021,0.039,0.037,0.001,12.3,5GG,5A,0,PO,9,1.2,317,0
1040,9900,20.13,2GA,2楷林,78.0,310.0,0.0,0.004,0.019,0,0,0.009,0.01,0.0,0.147,15.0,0.0077,0.0024,0.031,0.029,0.0,4.3,5GG,5A,0,HR,9,-4.8,681,0
1250,11130,27.2,2GA,2楷林,10.0,346.0,0.0,0.005,0.0385,11,0,0.011,0.02,0.0,0.186,14.0,0.0078,0.0028,0.022,0.021,0.0,12.1,5GG,5A,0,CR,7,4.4,453,0
1050,11700,24.02,2GC,2楷林,50.0,351.0,0.0,0.006,0.0575,0,0,0.013,0.02,0.0,0.349,24.0,0.0063,0.0039,0.038,0.037,0.0,6.0,5GG,4C,0,CR,5,-6.7,641,0
1340,11410,29.56,2GB,2楷林,26.0,483.0,0.0,0.004,0.072,1,0,0.012,0.02,0.0,0.606,33.0,0.0195,0.0023,0.034,0.034,0.002,12.1,5GG,5A,0,GI,9,-1.3,366,0
1570,7660,23.51,2GA,2楷林,9.0,328.0,0.0,0.004,0.0431,0,2,0.009,0.02,0.0,0.184,20.0,0.0085,0.0033,0.026,0.025,0.0,12.7,3F1,5A,0,HR,4,-1.2,429,0
1190,10890,25.34,3GC,2楷林,1.0,349.0,0.0,0.006,0.0354,12,0,0.025,0.02,0.0,0.212,16.0,0.0078,0.003,0.024,0.022,0.0,12.2,3GB,4C,0,CR,1,10.3,405,0
1430,11670,32.17,2GD,2楷林,60.0,321.0,0.0,0.006,0.0013,5,0,0.052,0.02,0.0,0.199,13.0,0.0459,0.0092,0.037,0.032,0.0,13.8,5GG,4C,0,GI,12,2.7,413,0
970,11220,21.28,2GA,2楷林,59.0,338.0,0.0,0.004,0.0412,0,0,0.009,0.02,0.0,0.188,16.0,0.0089,0.0032,0.021,0.02,0.0,3.4,3GB,5A,0,HGI,9,-5.9,645,0
1430,7090,19.82,2GC,2楷林,9.0,432.0,0.0,0.007,0.1198,0,0,0.02,0.02,0.0,0.457,26.0,0.0127,0.003,0.025,0.024,0.0,22.1,3GB,4C,0,HR,4,14.3,331,0
1450,11770,32.83,2GC,2楷林,28.0,251.0,4.8,0.005,0.0016,0,0,0.014,0.02,0.0,0.069,18.0,0.0073,0.0048,0.026,0.024,0.003,7.5,3GB,4C,1,GI,8,-0.3,311,0
1560,10800,32.94,2GC,2楷林,7.0,282.0,0.0,0.004,0.0022,0,0,0.02,0.02,0.0,0.143,16.0,0.0096,0.0033,0.035,0.034,0.003,3.6,3GB,4C,0,CR,9,-3.7,637,0
1110,6210,13.48,2GB,2楷林,66.0,498.0,0.0,0.005,0.172,0,0,0.018,0.02,0.0,0.492,25.0,0.0094,0.0035,0.018,0.017,0.0,4.4,5GG,5A,0,HGI,12,-3.3,650,0
900,9410,16.56,2GA,2楷林,36.0,310.0,0.0,0.005,0.0032,16,0,0.061,0.07,0.0,0.563,16.0,0.0149,0.0036,0.027,0.024,0.002,5.3,5GG,5A,0,BP,8,-4.6,541,0
1300,5520,14.03,2GA,2楷林,26.0,339.0,0.0,0.007,0.0369,0,3,0.022,0.02,0.01,0.201,35.0,0.0079,0.0034,0.022,0.02,0.0,11.5,5GG,5A,0,HGI,10,-2.6,416,0
1330,8470,21.67,2GA,2楷林,10.0,262.0,4.2,0.004,0.0025,0,0,0.019,0.02,0.0,0.069,16.0,0.0071,0.0034,0.034,0.032,0.003,5.1,3GB,5A,1,GI,7,1.2,489,0
1210,8470,20.04,2GA,2楷林,1.0,368.0,0.0,0.004,0.0392,19,1,0.012,0.02,0.0,0.183,17.0,0.0072,0.0041,0.023,0.021,0.0,4.0,3GB,5A,0,HR,5,-3.9,616,0
1290,10900,27.49,2GA,2楷林,16.0,335.0,0.0,0.005,0.038,0,0,0.014,0.06,0.0,0.186,42.0,0.0091,0.0037,0.032,0.031,0.0,2.9,5GG,5A,0,HR,12,-11.6,577,0
1250,10100,24.68,2GA,2楷林,26.0,440.0,0.0,0.004,0.0517,0,0,0.013,0.02,0.0,0.783,35.0,0.0132,0.0036,0.039,0.038,0.001,8.1,5GG,5A,0,PO,6,-3.3,619,0
990,11340,21.6,2GB,2楷林,67.0,315.0,8.8,0.004,0.0373,0,0,0.019,0.02,0.0,0.219,28.0,0.0094,0.003,0.021,0.02,0.001,9.7,3GB,5A,1,HR,9,-0.3,144,1
1240,9560,23.18,2GA,2楷林,42.0,326.0,0.0,0.004,0.034,0,0,0.006,0.02,0.0,0.188,24.0,0.0133,0.0029,0.021,0.02,0.0,9.5,5GG,5A,0,HR,6,3.8,521,0
1090,11620,24.76,2GA,2楷林,42.0,322.0,0.0,0.006,0.0374,0,1,0.008,0.01,0.0,0.199,19.0,0.0079,0.0031,0.03,0.028,0.0,17.5,5GG,5A,0,GI,11,12.6,311,0
1040,10430,20.8,2GB,2楷林,77.0,336.0,0.0,0.004,0.0377,0,0,0.011,0.01,0.0,0.23,17.0,0.0059,0.0032,0.024,0.023,0.0,12.7,3GB,5A,0,HGI,3,1.4,377,0
1260,9390,23.13,2GA,2楷林,17.0,372.0,0.0,0.004,0.0389,20,0,0.019,0.02,0.0,0.194,16.0,0.0069,0.0029,0.02,0.017,0.0,4.3,5GG,5A,0,HR,8,-3.5,697,0
1080,9990,21.09,2GC,2楷林,24.0,322.0,0.0,0.006,0.0393,0,0,0.018,0.02,0.0,0.189,16.0,0.0087,0.0031,0.024,0.023,0.0,5.9,5GG,4C,0,HR,2,1.0,624,0
1250,8570,20.78,2GA,2楷林,54.0,348.0,0.0,0.005,0.0434,0,0,0.01,0.02,0.0,0.214,18.0,0.0085,0.0033,0.023,0.021,0.0,4.2,5GG,5A,0,HGI,12,-9.6,736,0
1330,8520,22.15,2GB,2楷林,59.0,452.0,0.0,0.006,0.1445,0,0,0.015,0.02,0.0,0.49,33.0,0.0111,0.0028,0.014,0.013,0.0,9.7,5GG,5A,0,HR,11,-2.1,505,0
1290,9670,24.39,2GB,2楷林,34.0,402.0,0.0,0.007,0.0842,0,0,0.013,0.02,0.0,0.449,28.0,0.0104,0.003,0.028,0.028,0.0,9.5,5GG,5A,0,HR,11,3.2,534,0
1290,11520,29.05,2GB,2楷林,47.0,498.0,0.0,0.005,0.163,0,0,0.022,0.02,0.0,1.094,29.0,0.0137,0.0039,0.028,0.027,0.002,22.9,5GG,5A,0,PO,6,12.4,351,0
1220,10520,25.09,2GA,2楷林,70.0,473.0,0.0,0.005,0.1809,0,0,0.01,0.02,0.0,0.496,30.0,0.0097,0.0028,0.027,0.026,0.0,7.7,3GB,5A,0,HR,5,1.9,363,0
1420,11720,32.54,2GA,2楷林,23.0,460.0,0.0,0.006,0.0041,9,0,0.096,0.02,0.06,0.59,15.0,0.0848,0.0097,0.042,0.04,0.001,1.1,3GB,5A,0,CR,12,-8.2,638,0
1110,11540,25.04,2GB,2楷林,43.0,328.0,0.0,0.005,0.0361,0,0,0.018,0.02,0.0,0.196,16.0,0.01,0.0033,0.032,0.031,0.0,14.3,5GG,5A,0,HR,3,5.4,478,0
1290,9160,23.1,2GA,2楷林,43.0,326.0,0.0,0.005,0.0338,0,1,0.018,0.02,0.0,0.189,19.0,0.0082,0.0035,0.021,0.02,0.0,7.1,3GB,5A,0,HR,6,-3.7,564,0
1410,11840,32.12,2GA,2楷林,19.0,286.0,13.1,0.006,0.0022,0,0,0.014,0.03,0.0,0.138,24.0,0.0098,0.0038,0.028,0.025,0.002,4.1,3GB,5A,1,CR,4,-2.2,350,0
1350,11740,30.98,2GA,2楷林,12.0,527.0,0.0,0.006,0.0796,3,0,0.027,0.02,0.0,0.885,30.0,0.0183,0.0023,0.024,0.023,0.001,12.6,3GB,5A,0,GI,2,2.0,315,0
1420,11780,32.7,3GC,2楷林,57.0,270.0,0.0,0.005,0.0015,0,0,0.013,0.02,0.0,0.09,15.0,0.0105,0.0029,0.019,0.018,0.0,14.2,3GB,4C,0,CR,2,2.0,470,0
1280,8810,22.05,2GA,2楷林,38.0,337.0,0.0,0.004,0.04,0,0,0.017,0.02,0.0,0.189,15.0,0.0059,0.0035,0.03,0.028,0.0,6.4,3GB,5A,0,HR,9,-1.5,697,0
1020,10110,19.84,2GC,2楷林,68.0,308.0,5.5,0.004,0.0176,0,0,0.018,0.02,0.0,0.142,20.0,0.0081,0.0035,0.033,0.032,0.0,8.6,3GB,4C,1,HR,6,-1.3,370,0
1280,11280,27.78,2GC,2楷林,41.0,257.0,10.6,0.005,0.0014,0,0,0.022,0.02,0.0,0.068,14.0,0.0098,0.0046,0.028,0.027,0.002,8.6,3GB,4C,1,HR,3,-3.7,220,1
1300,8770,22.29,2GB,2楷林,51.0,429.0,0.0,0.007,0.1153,0,0,0.014,0.01,0.0,0.408,24.0,0.009,0.0033,0.021,0.019,0.0,9.6,5GG,5A,0,HGI,1,-0.4,639,0
1140,7350,16.38,2GB,2楷林,41.0,434.0,0.0,0.005,0.1147,0,0,0.021,0.02,0.0,0.445,33.0,0.0101,0.0035,0.022,0.02,0.0,7.9,5GG,5A,0,HGI,7,-2.1,632,0
1270,10350,25.7,2GA,2楷林,22.0,343.0,0.0,0.004,0.0461,0,0,0.007,0.01,0.0,0.282,22.0,0.0097,0.0036,0.024,0.023,0.0,13.0,5GG,5A,0,HR,6,4.2,377,0
1410,11860,32.69,2GC,2楷林,41.0,277.0,0.0,0.005,0.0025,0,0,0.026,0.03,0.0,0.094,16.0,0.0092,0.0039,0.027,0.025,0.001,9.3,5GG,4C,0,CR,5,-3.2,531,0
1100,11000,23.66,2GC,2楷林,55.0,340.0,0.0,0.005,0.0401,0,0,0.012,0.01,0.0,0.236,23.0,0.0069,0.0029,0.035,0.03,0.0,11.8,5GG,4C,0,CR,5,5.4,394,0
1400,11670,31.94,2GD,2楷林,40.0,326.0,0.0,0.005,0.0301,0,1,0.013,0.02,0.0,0.175,23.0,0.0054,0.0033,0.021,0.02,0.0,8.7,3GB,4C,0,CR,8,-0.5,659,0
1460,9280,26.49,2GB,2楷林,12.0,324.0,4.9,0.005,0.034,0,0,0.009,0.01,0.0,0.171,17.0,0.0122,0.0035,0.028,0.027,0.0,14.8,5GG,5A,1,HR,7,2.5,355,0
1290,9160,23.1,2GA,2楷林,30.0,333.0,0.0,0.007,0.04,0,2,0.015,0.02,0.0,0.206,19.0,0.0094,0.0032,0.03,0.028,0.0,6.0,3GB,5A,0,HR,1,-3.8,721,0
1260,8170,20.13,2GA,2楷林,3.0,334.0,0.0,0.004,0.0404,0,0,0.026,0.02,0.0,0.209,15.0,0.0108,0.0043,0.023,0.022,0.0,13.4,5GG,5A,0,HR,6,3.6,455,0
1150,9720,21.04,2GA,2楷林,53.0,328.0,8.5,0.007,0.0396,0,0,0.019,0.02,0.0,0.195,26.0,0.009,0.004,0.021,0.02,0.0,5.1,3GB,5A,1,GI,10,-8.0,439,0
1310,10830,27.74,2GB,2楷林,24.0,529.0,0.0,0.004,0.0829,4,0,0.012,0.02,0.0,0.916,37.0,0.0206,0.0022,0.03,0.029,0.001,13.5,5GG,5A,0,HR,9,0.6,488,0
1160,9640,21.58,2GA,2楷林,49.0,340.0,0.0,0.005,0.0404,0,1,0.01,0.02,0.0,0.183,27.0,0.0082,0.0034,0.034,0.033,0.0,10.4,3GB,5A,0,HR,3,5.6,345,0
1090,10360,22.08,2GA,2楷林,28.0,324.0,0.0,0.004,0.0328,0,0,0.026,0.02,0.0,0.182,21.0,0.0107,0.003,0.021,0.018,0.0,12.1,3GB,5A,0,HR,5,-1.5,304,0
1070,10240,21.42,2GD,2楷林,73.0,300.0,0.0,0.004,0.0016,0,0,0.109,0.03,0.0,0.148,19.0,0.0203,0.0087,0.028,0.027,0.001,4.9,3GB,4C,0,GI,6,-2.0,618,0
1240,7790,18.88,2GC,2楷林,29.0,541.0,0.0,0.006,0.1946,0,0,0.022,0.02,0.0,0.876,31.0,0.012,0.0025,0.03,0.029,0.001,8.7,3GB,4C,0,PO,1,-0.8,541,0
1090,9890,21.08,3GC,2楷林,36.0,426.0,0.0,0.004,0.1129,0,1,0.012,0.02,0.0,0.491,23.0,0.0113,0.0027,0.02,0.02,0.0,13.8,3GB,4C,0,HR,6,1.6,380,0
1060,10660,22.09,2GA,2楷林,58.0,444.0,0.0,0.006,0.0622,1,1,0.011,0.02,0.0,0.822,25.0,0.0091,0.0025,0.036,0.034,0.001,9.7,5GG,5A,0,HGI,4,-1.8,438,0
1290,8600,21.6,2GA,2楷林,26.0,331.0,0.0,0.006,0.0412,0,0,0.013,0.02,0.0,0.153,23.0,0.0064,0.0035,0.023,0.022,0.0,8.1,5GG,5A,0,PO,10,-1.4,450,0
960,8430,15.57,2GA,2楷林,51.0,326.0,10.7,0.005,0.0381,0,0,0.015,0.03,0.0,0.193,25.0,0.0124,0.0026,0.031,0.03,0.0,3.9,3GB,5A,1,CR,7,-8.0,165,1
960,10720,20.12,2GA,2楷林,58.0,392.0,0.0,0.005,0.0653,0,0,0.021,0.02,0.0,0.481,28.0,0.008,0.0027,0.044,0.043,0.0,7.1,3GB,5A,0,BP,1,-1.8,490,0
1100,9820,21.12,2GA,2楷林,64.0,329.0,0.0,0.006,0.0368,0,0,0.009,0.01,0.0,0.185,23.0,0.0061,0.003,0.022,0.021,0.0,12.8,5GG,5A,0,HR,1,-1.5,373,0
1350,8800,23.23,2GC,2楷林,19.0,330.0,0.0,0.005,0.0372,0,1,0.012,0.03,0.0,0.188,17.0,0.0115,0.0031,0.026,0.026,0.0,13.9,5GG,4C,0,HR,3,3.8,456,0
1320,10650,27.48,2GC,2楷林,26.0,339.0,0.0,0.005,0.0395,0,0,0.014,0.02,0.0,0.2,17.0,0.0077,0.0031,0.023,0.022,0.0,5.8,3GB,4C,0,HGI,1,-0.4,629,0
1250,7610,18.6,2GB,2楷林,35.0,542.0,0.0,0.006,0.1851,0,0,0.016,0.02,0.0,0.832,31.0,0.0099,0.0023,0.025,0.024,0.001,9.3,3GB,5A,0,HGI,4,-5.3,368,0
1200,9380,22.01,3GB,2楷林,62.0,428.0,0.0,0.004,0.1193,0,0,0.023,0.02,0.0,0.453,25.0,0.0094,0.0034,0.025,0.024,0.0,8.9,3GB,5A,0,HR,9,-2.1,631,0
1180,10480,24.18,2GB,2楷林,57.0,446.0,0.0,0.005,0.1445,0,0,0.021,0.02,0.0,0.476,27.0,0.0063,0.0023,0.027,0.027,0.0,4.3,3GB,5A,0,HR,7,-1.9,641,0
1070,11870,24.83,2GD,2楷林,90.0,304.0,0.0,0.005,0.0021,0,0,0.023,0.06,0.01,0.145,21.0,0.0518,0.0047,0.029,0.028,0.0,13.3,5GG,4C,0,GI,12,0.4,282,1
1300,11670,29.66,3GC,2楷林,31.0,440.0,0.0,0.004,0.0561,0,0,0.019,0.02,0.0,0.791,32.0,0.0096,0.0015,0.032,0.032,0.001,8.6,3GB,4C,0,PO,8,2.2,439,0
1360,11790,31.35,2GA,2楷林,46.0,354.0,0.0,0.005,0.0384,12,0,0.012,0.01,0.0,0.184,18.0,0.0064,0.0032,0.026,0.024,0.0,11.3,5GG,5A,0,GI,5,4.5,363,0
1040,10520,21.05,2GC,2楷林,62.0,273.0,5.2,0.006,0.0018,0,0,0.011,0.02,0.0,0.09,19.0,0.0091,0.0038,0.028,0.026,0.001,12.3,3GB,4C,1,HR,10,4.1,282,1
1400,11680,31.97,2GA,2楷林,20.0,270.0,0.0,0.007,0.0021,0,0,0.01,0.02,0.0,0.091,18.0,0.0096,0.0035,0.026,0.025,0.001,8.2,5GG,5A,0,CR,3,-1.6,535,0
1390,11120,29.73,2GB,2楷林,51.0,330.0,11.6,0.006,0.037,0,0,0.019,0.02,0.0,0.205,18.0,0.0056,0.003,0.03,0.029,0.0,4.3,3GB,5A,1,HR,2,-6.6,375,0
1070,10420,21.8,2GB,2楷林,64.0,525.0,0.0,0.005,0.0688,1,2,0.276,0.41,0.0,0.395,0.0,0.0961,0.003,0.024,0.024,0.002,9.6,5GG,5A,0,HR,6,0.6,476,0
1420,11690,31.67,2GC,2楷林,50.0,288.0,13.8,0.006,0.0023,0,0,0.009,0.02,0.0,0.139,12.0,0.0099,0.004,0.024,0.023,0.002,2.2,3GB,4C,1,CR,1,-6.9,291,1
1370,8460,22.66,2GA,2楷林,37.0,341.0,0.0,0.007,0.0401,0,0,0.011,0.02,0.0,0.203,33.0,0.0088,0.003,0.021,0.02,0.0,13.1,5GG,5A,0,HR,10,4.2,581,0
1100,10800,23.23,3GB,2楷林,25.0,536.0,0.0,0.005,0.0762,4,0,0.014,0.02,0.0,0.905,36.0,0.0182,0.0028,0.024,0.024,0.002,13.7,3GB,5A,0,GI,3,8.2,380,0
1130,11170,24.13,2GB,2楷林,96.0,525.0,0.0,0.006,0.1425,1,1,0.03,0.03,0.0,0.901,29.0,0.0136,0.0031,0.024,0.023,0.001,11.0,5GG,5A,0,HR,5,3.6,495,0
1220,10010,23.87,2GA,2楷林,40.0,347.0,0.0,0.007,0.0486,0,1,0.027,0.02,0.0,0.284,16.0,0.0077,0.0049,0.03,0.028,0.0,15.7,5GG,5A,0,HR,11,2.9,418,0
1220,10060,23.99,2GA,2楷林,34.0,329.0,0.0,0.005,0.0355,0,0,0.011,0.02,0.0,0.183,21.0,0.011,0.0033,0.028,0.027,0.0,8.1,5GG,5A,0,HR,7,-2.7,565,0
1290,10360,26.13,2GC,2楷林,40.0,333.0,0.0,0.006,0.0364,0,0,0.013,0.02,0.0,0.201,20.0,0.0057,0.0032,0.035,0.033,0.0,9.5,5GG,4C,0,HR,12,-2.0,497,0
1290,9220,22.88,2GC,2楷林,37.0,326.0,10.9,0.005,0.0346,0,0,0.013,0.02,0.0,0.173,25.0,0.0112,0.0035,0.028,0.028,0.0,0.9,3GB,4C,1,HR,1,-10.2,346,0
1090,9890,21.08,3GC,2楷林,35.0,426.0,0.0,0.004,0.1129,0,1,0.012,0.02,0.0,0.491,23.0,0.0113,0.0027,0.02,0.02,0.0,13.2,3GB,4C,0,HR,6,1.1,395,0
1240,10270,24.9,3GB,2楷林,10.0,457.0,0.0,0.006,0.0596,0,2,0.012,0.01,0.0,0.813,35.0,0.0081,0.0017,0.049,0.048,0.001,4.2,3GB,5A,0,PO,4,0.9,604,0
1260,9200,22.66,3GC,2楷林,62.0,336.0,0.0,0.006,0.0367,0,0,0.019,0.02,0.0,0.197,20.0,0.0069,0.0038,0.023,0.021,0.0,12.2,3GB,4C,0,HR,11,-3.5,433,0
1150,11160,25.09,2GD,2楷林,52.0,492.0,0.0,0.004,0.1273,1,1,0.019,0.02,0.0,0.87,25.0,0.0094,0.0029,0.028,0.027,0.001,4.6,3GB,4C,0,HR,9,-5.3,676,0
1280,7960,19.92,2GA,2楷林,24.0,361.0,0.0,0.005,0.0378,19,0,0.012,0.01,0.0,0.149,15.0,0.0081,0.0033,0.02,0.016,0.0,17.1,5GG,5A,0,HR,5,7.9,324,0
1110,11000,23.87,2GB,2楷林,47.0,351.0,0.0,0.008,0.0582,0,0,0.012,0.01,0.0,0.347,23.0,0.0068,0.0024,0.034,0.031,0.0,4.0,5GG,5A,0,CR,4,-1.9,630,0
1450,11820,32.7,2GC,2楷林,12.0,286.0,5.3,0.005,0.0024,0,0,0.02,0.03,0.0,0.138,19.0,0.0097,0.0036,0.03,0.029,0.001,3.6,3GB,4C,1,CR,8,-3.6,241,1
1340,11660,30.55,2GA,2楷林,39.0,441.0,0.0,0.006,0.056,0,0,0.012,0.01,0.0,0.795,32.0,0.0065,0.003,0.031,0.029,0.001,13.9,5GG,5A,0,PO,11,-0.9,365,0
1040,10870,22.1,2GB,2楷林,96.0,329.0,0.0,0.005,0.0373,0,0,0.009,0.03,0.0,0.194,20.0,0.0098,0.003,0.033,0.031,0.0,12.7,5GG,5A,0,HR,4,0.7,373,0
1160,8650,19.62,2GA,2楷林,36.0,335.0,0.0,0.004,0.0394,0,0,0.015,0.02,0.0,0.191,14.0,0.0082,0.0032,0.018,0.017,0.0,4.5,3GB,5A,0,HR,9,-8.0,684,0
1070,10000,20.92,2GA,2楷林,32.0,334.0,0.0,0.004,0.0406,0,0,0.014,0.03,0.0,0.236,17.0,0.0105,0.0038,0.021,0.02,0.0,10.1,5GG,5A,0,GI,9,-0.3,438,0
1270,8930,22.17,2GB,2楷林,14.0,429.0,0.0,0.005,0.1266,0,0,0.02,0.02,0.0,0.282,28.0,0.0118,0.0037,0.028,0.026,0.0,3.3,3GB,5A,0,HGI,1,-1.8,522,0
1360,11620,30.9,2GA,2楷林,55.0,454.0,0.0,0.006,0.0659,0,0,0.022,0.02,0.0,0.815,29.0,0.0098,0.0032,0.036,0.034,0.0,9.5,5GG,5A,0,PO,1,3.2,588,0
1140,11510,25.24,2GC,2楷林,33.0,310.0,12.0,0.004,0.0014,5,0,0.058,0.03,0.0,0.197,11.0,0.0437,0.0093,0.041,0.039,0.001,0.6,3GB,4C,1,GI,7,-11.0,408,0
1210,10760,25.45,2GB,2楷林,36.0,415.0,0.0,0.005,0.1142,0,1,0.013,0.02,0.0,0.301,27.0,0.0103,0.0029,0.023,0.023,0.0,4.5,5GG,5A,0,HGI,7,-5.7,653,0
1290,9580,24.16,2GB,2楷林,14.0,336.0,0.0,0.005,0.0403,0,0,0.01,0.02,0.0,0.197,20.0,0.0079,0.0036,0.027,0.025,0.0,12.9,5GG,5A,0,HR,6,7.8,513,0
1190,9060,21.08,2GB,2楷林,23.0,422.0,0.0,0.004,0.1199,0,0,0.014,0.02,0.0,0.301,27.0,0.0096,0.0027,0.025,0.024,0.0,13.7,5GG,5A,0,HGI,9,3.2,271,1
1270,10410,25.85,2GA,2楷林,51.0,273.0,0.0,0.004,0.0026,0,1,0.011,0.02,0.0,0.095,18.0,0.0105,0.0033,0.032,0.029,0.001,5.7,3GB,5A,0,CR,7,-2.4,682,0
1370,10820,28.98,2GA,2楷林,11.0,350.0,0.0,0.006,0.0376,11,0,0.012,0.02,0.0,0.197,19.0,0.0095,0.0033,0.026,0.025,0.0,12.8,5GG,5A,0,CR,2,8.3,313,0
1200,8600,20.18,3L2,1楷林,62.0,396.0,33.2,0.005,0.0772,0,0,0.01,0.02,0.0,0.541,20.0,0.0095,0.0036,0.034,0.034,0.001,93.6,3GB,7A,1,PO,4,86.3,314,0
1350,8800,23.23,2GA,2楷林,66.0,325.0,2.7,0.006,0.0337,0,0,0.012,0.02,0.0,0.195,15.0,0.0085,0.0031,0.024,0.023,0.0,8.7,3GB,5A,1,HR,1,-0.9,363,0
1180,11610,25.91,2GA,2楷林,77.0,304.0,8.5,0.006,0.0019,0,0,0.02,0.05,0.02,0.149,21.0,0.0507,0.0042,0.035,0.034,0.0,8.1,5GG,5A,1,GI,11,-4.4,227,1
1150,7480,16.82,2GB,2楷林,41.0,520.0,0.0,0.006,0.1173,0,2,0.014,0.02,0.0,1.197,37.0,0.0092,0.0035,0.022,0.021,0.002,3.6,3GB,5A,0,HGI,12,-4.1,635,0
1220,11350,27.07,2GB,2楷林,52.0,529.0,0.0,0.006,0.0815,3,2,0.022,0.03,0.0,0.89,36.0,0.02,0.0025,0.02,0.02,0.002,14.2,5GG,5A,0,GI,11,6.6,386,0
1030,9670,19.47,2GC,2楷林,43.0,331.0,0.0,0.005,0.0383,0,0,0.016,0.02,0.0,0.206,22.0,0.009,0.0029,0.032,0.03,0.0,10.9,5GG,4C,0,HR,2,1.6,415,0
1270,7660,19.02,3GC,2楷林,17.0,320.0,0.0,0.005,0.0361,0,0,0.012,0.02,0.0,0.199,18.0,0.0067,0.0033,0.02,0.02,0.0,3.5,3GB,4C,0,HR,12,-4.0,709,0
1210,10450,24.72,2GA,2楷林,39.0,510.0,0.0,0.005,0.1616,0,0,0.025,0.02,0.0,0.589,33.0,0.0106,0.0023,0.042,0.04,0.0,10.7,5GG,5A,0,PosMAC,8,-2.6,502,0
1260,9170,22.23,2GA,2楷林,29.0,320.0,9.9,0.005,0.0386,0,0,0.015,0.01,0.0,0.198,34.0,0.0058,0.0033,0.021,0.018,0.0,1.2,3GB,5A,1,HR,5,-5.5,385,0
1470,8730,25.09,2GD,2楷林,11.0,549.0,0.0,0.005,0.1494,0,1,0.018,0.02,0.0,1.21,35.0,0.0096,0.003,0.021,0.019,0.001,11.8,5GG,4C,0,HR,10,1.0,532,0
1570,9940,30.51,2GD,2楷林,17.0,333.0,0.0,0.005,0.0433,0,1,0.014,0.02,0.0,0.213,22.0,0.0071,0.0035,0.026,0.024,0.0,10.5,5GG,4C,0,HR,10,-4.4,377,0
1570,7350,22.56,2GA,2楷林,13.0,328.0,0.0,0.005,0.0395,0,1,0.024,0.03,0.0,0.199,23.0,0.0122,0.0035,0.018,0.017,0.0,13.2,5GG,5A,0,HR,3,6.2,604,0
1320,9470,24.44,2GA,2楷林,23.0,443.0,0.0,0.005,0.0608,1,0,0.02,0.02,0.0,0.782,36.0,0.0133,0.0026,0.027,0.026,0.001,10.7,5GG,5A,0,HGI,2,5.3,472,0
1240,7970,19.32,2GA,2楷林,58.0,335.0,0.0,0.004,0.0371,0,0,0.016,0.02,0.0,0.19,18.0,0.0082,0.004,0.021,0.019,0.0,3.8,3GB,5A,0,HGI,8,-4.2,779,0
1570,9940,30.51,3GC,2楷林,16.0,327.0,0.0,0.006,0.0375,0,0,0.009,0.02,0.0,0.214,28.0,0.0043,0.003,0.025,0.022,0.0,11.9,3GB,4C,0,HR,10,-2.9,302,0
1290,11790,29.73,2GA,2楷林,52.0,335.0,0.0,0.007,0.0369,0,0,0.012,0.01,0.0,0.208,16.0,0.0069,0.0026,0.019,0.017,0.0,11.9,5GG,5A,0,HGI,1,7.2,468,0
1110,6190,13.43,3GC,2楷林,83.0,516.0,0.0,0.007,0.188,0,0,0.02,0.02,0.0,0.468,36.0,0.0089,0.0033,0.026,0.025,0.001,11.9,3GB,4C,0,HGI,1,5.1,459,0
1540,10010,30.14,2GA,2楷林,28.0,331.0,0.0,0.004,0.036,0,1,0.012,0.02,0.0,0.195,14.0,0.0079,0.0031,0.035,0.033,0.0,9.5,5GG,5A,0,HR,7,2.3,534,0
1260,9250,22.79,3GC,2楷林,61.0,336.0,0.0,0.006,0.0367,0,0,0.019,0.02,0.0,0.197,20.0,0.0069,0.0038,0.023,0.021,0.0,12.3,3GB,4C,0,HR,11,-3.4,468,0
1270,9750,24.21,2GC,2楷林,27.0,341.0,0.0,0.004,0.0416,0,0,0.023,0.03,0.0,0.194,15.0,0.0092,0.0033,0.027,0.026,0.0,5.8,3GB,4C,0,HGI,8,-2.3,570,0
1090,11730,25.0,2GB,2楷林,75.0,399.0,0.0,0.006,0.1092,0,0,0.021,0.02,0.0,0.461,23.0,0.0095,0.0023,0.031,0.03,0.0,15.1,3GB,5A,0,HR,1,-0.2,459,0
1310,11770,30.14,2GA,2楷林,34.0,340.0,0.0,0.004,0.0392,0,0,0.012,0.01,0.0,0.186,21.0,0.01,0.0023,0.023,0.022,0.0,8.3,3GB,5A,0,HGI,8,-1.8,527,0
1200,8020,18.81,2GD,2楷林,40.0,395.0,0.0,0.003,0.0785,0,0,0.03,0.02,0.0,0.301,31.0,0.0099,0.0024,0.03,0.028,0.0,8.8,5GG,4C,0,HR,7,1.4,583,0
1250,7860,19.21,2GB,2楷林,46.0,529.0,0.0,0.005,0.1872,0,0,0.03,0.02,0.0,0.817,30.0,0.0118,0.0028,0.024,0.022,0.0,12.0,5GG,5A,0,PO,6,2.9,476,0
1430,11870,33.18,3GC,2楷林,27.0,251.0,0.0,0.004,0.0015,0,1,0.022,0.02,0.0,0.064,12.0,0.0062,0.0038,0.033,0.032,0.004,8.6,3GB,4C,0,CR,6,-5.6,369,0
1070,8270,17.3,3GC,2楷林,86.0,522.0,0.0,0.007,0.1466,0,0,0.017,0.02,0.0,0.781,26.0,0.0097,0.0032,0.021,0.02,0.001,10.1,5GG,4C,0,HR,11,-0.8,523,0
1390,11870,32.26,2GC,2楷林,4.0,443.0,0.0,0.004,0.0564,1,0,0.026,0.02,0.0,0.785,27.0,0.0137,0.0025,0.031,0.031,0.001,8.9,5GG,4C,0,PO,8,1.5,496,0
1200,11810,27.71,2GB,2楷林,65.0,434.0,0.0,0.006,0.1047,0,0,0.014,0.01,0.0,0.678,41.0,0.0075,0.0023,0.02,0.019,0.0,4.5,5GG,5A,0,PO,1,-2.9,528,0
1310,9360,23.7,2GC,2楷林,11.0,355.0,0.0,0.004,0.041,11,0,0.017,0.02,0.0,0.197,26.0,0.0075,0.0029,0.022,0.02,0.0,10.0,3GB,4C,0,CR,9,-0.6,435,0
1380,11330,30.08,2GB,2楷林,25.0,324.0,9.6,0.004,0.0345,0,1,0.012,0.02,0.0,0.176,23.0,0.0079,0.0034,0.025,0.023,0.0,1.9,3GB,5A,1,HR,8,-5.9,383,0
1000,11580,21.83,2GC,2楷林,76.0,261.0,7.0,0.004,0.0022,0,0,0.014,0.02,0.0,0.076,14.0,0.007,0.003,0.03,0.028,0.002,4.6,3GB,4C,1,CR,8,-4.3,408,0
960,8170,15.33,2GC,2楷林,63.0,351.0,0.0,0.004,0.0578,0,0,0.015,0.01,0.0,0.348,21.0,0.0078,0.0028,0.046,0.044,0.0,5.2,3GB,4C,0,CR,9,0.4,657,0
1220,8460,20.18,2GB,2楷林,48.0,481.0,0.0,0.003,0.177,0,0,0.023,0.03,0.0,0.765,33.0,0.0146,0.0018,0.03,0.028,0.0,3.6,5GG,5A,0,HR,7,-0.8,646,0
1300,8750,22.24,2GB,2楷林,27.0,416.0,0.0,0.006,0.1073,0,0,0.013,0.01,0.0,0.315,32.0,0.0082,0.0026,0.018,0.017,0.0,4.1,5GG,5A,0,HGI,2,-6.0,709,0
1270,11270,27.98,3GC,2楷林,2.0,303.0,0.0,0.004,0.0222,0,0,0.016,0.01,0.0,0.186,19.0,0.0074,0.0037,0.026,0.025,0.0,18.5,3GB,4C,0,CR,9,9.5,266,1
960,10030,18.82,2GA,2楷林,43.0,318.0,0.0,0.004,0.0351,0,0,0.008,0.01,0.0,0.19,17.0,0.0061,0.0032,0.024,0.022,0.0,9.3,3GB,5A,0,HR,6,1.4,392,0
1360,10680,27.98,2GA,2楷林,57.0,295.0,0.0,0.005,0.0288,0,0,0.012,0.02,0.0,0.269,13.0,0.0195,0.0034,0.023,0.021,0.001,5.7,5GG,5A,0,GI,8,-0.1,699,0
1290,11680,29.46,3GC,2楷林,79.0,520.0,0.0,0.006,0.0775,1,0,0.017,0.02,0.0,0.912,31.0,0.0189,0.0027,0.024,0.02,0.001,12.5,3GB,4C,0,GI,3,4.8,534,0
1410,8140,22.12,2GC,2楷林,12.0,326.0,0.0,0.004,0.0395,0,0,0.011,0.01,0.0,0.198,17.0,0.0064,0.0031,0.022,0.021,0.0,5.2,5GG,4C,0,CR,8,-9.2,699,0
950,10190,18.62,2GA,2楷林,52.0,502.0,12.1,0.005,0.0019,0,0,0.013,0.02,0.0,0.389,17.0,0.0268,0.0036,0.038,0.035,0.003,8.2,3GB,5A,1,EG,4,0.4,178,1
980,9980,19.12,2GC,2楷林,97.0,375.0,0.0,0.006,0.0417,18,0,0.01,0.02,0.0,0.206,14.0,0.007,0.0039,0.021,0.02,0.0,8.7,5GG,4C,0,HR,11,-4.8,454,0
1290,9870,24.89,2GA,2楷林,75.0,338.0,0.0,0.005,0.0397,0,1,0.012,0.02,0.0,0.192,18.0,0.0074,0.0033,0.035,0.034,0.0,20.0,5GG,5A,0,HR,5,4.0,439,0
1360,10720,28.08,2GB,2楷林,44.0,308.0,0.0,0.003,0.0332,0,0,0.015,0.02,0.0,0.204,10.0,0.0101,0.0028,0.029,0.025,0.0,2.1,3GB,5A,0,PO,7,-6.5,711,0
1430,11120,30.65,2GA,2楷林,26.0,326.0,0.0,0.005,0.0344,0,0,0.01,0.02,0.0,0.193,16.0,0.0087,0.0028,0.025,0.021,0.0,4.9,5GG,5A,0,HR,7,-3.3,554,0
1570,10460,32.11,2GB,2楷林,16.0,325.0,0.0,0.006,0.0371,0,0,0.013,0.02,0.0,0.19,17.0,0.0087,0.0029,0.021,0.019,0.0,10.3,5GG,5A,0,HR,11,0.1,611,0
1290,9180,23.15,2GA,2楷林,23.0,334.0,0.0,0.004,0.0345,0,1,0.014,0.02,0.0,0.19,21.0,0.0086,0.0037,0.023,0.021,0.0,2.3,3GB,5A,0,HGI,7,-2.3,648,0
1420,8620,23.93,2GA,2楷林,35.0,314.0,0.0,0.006,0.0214,11,0,0.016,0.02,0.0,0.156,18.0,0.0077,0.0036,0.032,0.029,0.0,4.2,5GG,5A,0,HR,12,-1.5,703,0
1270,11270,27.98,2GA,2楷林,9.0,279.0,0.0,0.004,0.0021,0,0,0.015,0.03,0.0,0.121,9.0,0.0112,0.0033,0.022,0.021,0.001,8.4,3GB,5A,0,CR,4,-1.1,431,0
1240,10000,24.24,2GB,2楷林,28.0,417.0,0.0,0.004,0.1134,0,0,0.013,0.02,0.0,0.304,31.0,0.0092,0.0029,0.026,0.024,0.0,9.0,3GB,5A,0,HGI,8,-0.3,619,0
970,10860,20.59,2GA,2楷林,58.0,404.0,0.0,0.006,0.0727,0,1,0.021,0.02,0.0,0.515,30.0,0.0099,0.0028,0.049,0.046,0.0,3.2,3GB,5A,0,BP,3,-5.7,558,0
1260,9370,23.08,2GB,2楷林,38.0,370.0,0.0,0.005,0.0421,18,0,0.02,0.02,0.0,0.199,19.0,0.0079,0.0037,0.025,0.024,0.0,6.1,5GG,5A,0,HR,6,-2.6,664,0
1050,8080,16.59,2GA,2楷林,80.0,333.0,0.0,0.006,0.0387,0,0,0.008,0.02,0.0,0.199,15.0,0.0082,0.0029,0.025,0.024,0.0,5.7,3GB,5A,0,HR,12,-2.0,466,0
1510,10190,30.08,2GB,2楷林,3.0,503.0,0.0,0.004,0.179,0,0,0.023,0.02,0.0,0.795,17.0,0.0141,0.0032,0.018,0.018,0.001,8.7,5GG,5A,0,HR,9,-0.3,545,0
1310,9050,23.18,2GC,2楷林,35.0,325.0,0.0,0.005,0.0393,0,0,0.007,0.02,0.0,0.141,22.0,0.0094,0.0037,0.026,0.024,0.0,14.6,2GB,4C,0,PO,10,8.1,372,0
1200,8780,20.6,2GA,2楷林,117.0,343.0,0.0,0.005,0.0438,0,0,0.01,0.02,0.0,0.189,23.0,0.0133,0.0038,0.028,0.028,0.0,8.3,5GG,5A,0,HR,6,-0.2,542,0
1320,11470,29.6,2GB,2楷林,27.0,452.0,0.0,0.008,0.0587,0,0,0.022,0.02,0.0,0.799,37.0,0.0092,0.0022,0.027,0.026,0.001,8.3,3GB,5A,0,PO,4,-4.4,417,0
1240,9480,22.98,2GB,2楷林,51.0,433.0,0.0,0.004,0.122,0,0,0.017,0.02,0.0,0.492,21.0,0.0117,0.003,0.027,0.025,0.0,3.2,5GG,5A,0,HR,9,-2.0,589,0
1290,9190,23.18,2GB,2楷林,23.0,333.0,0.0,0.006,0.04,0,0,0.022,0.02,0.0,0.188,27.0,0.0104,0.003,0.024,0.023,0.0,11.4,3GB,5A,0,HR,1,1.4,506,0
1220,11840,27.56,2GA,2楷林,53.0,292.0,6.4,0.004,0.002,0,0,0.028,0.02,0.0,0.15,22.0,0.0103,0.0038,0.027,0.025,0.001,5.0,3GB,5A,1,HR,7,-1.9,416,0
1380,9720,25.75,2GA,2楷林,34.0,348.0,0.0,0.006,0.0497,0,0,0.009,0.02,0.0,0.318,19.0,0.008,0.0039,0.023,0.021,0.0,13.5,3GB,5A,0,HR,12,-0.8,344,0
1180,9130,21.06,3GB,2楷林,80.0,424.0,0.0,0.005,0.1119,0,0,0.024,0.02,0.0,0.487,35.0,0.0109,0.0022,0.029,0.028,0.0,13.6,3GB,5A,0,HR,5,4.9,539,0
1120,10080,22.07,3GC,2楷林,47.0,429.0,0.0,0.004,0.1189,0,0,0.027,0.02,0.0,0.49,26.0,0.0082,0.0037,0.022,0.021,0.0,3.0,3GB,4C,0,HR,7,-3.5,545,0
1220,11510,27.45,2GB,2楷林,23.0,528.0,0.0,0.006,0.0788,3,8,0.023,0.02,0.0,0.886,35.0,0.0193,0.0026,0.02,0.019,0.002,13.7,3GB,5A,0,GI,11,7.3,444,0
1400,10900,29.3,2GC,2楷林,10.0,473.0,0.0,0.004,0.0738,1,0,0.018,0.02,0.0,0.6,39.0,0.019,0.003,0.034,0.033,0.0,10.2,3GB,4C,0,GI,3,-2.6,438,0
1270,8770,21.77,2GB,2楷林,54.0,434.0,0.0,0.006,0.1192,0,0,0.015,0.01,0.0,0.453,30.0,0.0085,0.0036,0.026,0.025,0.0,11.7,5GG,5A,0,HR,11,4.3,480,0
1140,11650,25.96,2GB,2楷林,26.0,320.0,0.0,0.005,0.034,0,0,0.017,0.02,0.0,0.19,19.0,0.0066,0.0033,0.027,0.026,0.0,8.7,5GG,5A,0,CR,7,-1.4,399,0
1270,10510,26.09,2GD,2楷林,34.0,334.0,0.0,0.004,0.035,0,0,0.012,0.02,0.0,0.202,14.0,0.0098,0.003,0.028,0.027,0.0,8.4,5GG,4C,0,HGI,7,2.2,585,0
1260,5720,14.09,2GA,2楷林,43.0,443.0,0.0,0.006,0.0531,0,1,0.015,0.02,0.0,0.797,24.0,0.0118,0.0028,0.028,0.028,0.001,7.9,3GB,5A,0,PO,5,-3.6,582,0
900,9070,15.96,2GA,2楷林,39.0,306.0,0.0,0.004,0.0027,16,0,0.064,0.07,0.0,0.549,16.0,0.0141,0.0033,0.021,0.019,0.001,12.0,5GG,5A,0,BP,7,7.3,378,0
1110,11540,25.04,2GA,2楷林,51.0,259.0,0.0,0.005,0.0018,0,0,0.015,0.02,0.0,0.072,21.0,0.008,0.003,0.024,0.022,0.002,14.1,5GG,5A,0,CR,5,0.4,364,0
1290,8180,20.63,2GA,2楷林,52.0,324.0,0.0,0.005,0.0409,0,0,0.017,0.02,0.0,0.192,23.0,0.0073,0.0038,0.026,0.025,0.0,7.3,5GG,5A,0,HR,10,-7.6,534,0
1140,11480,25.59,2GA,2楷林,36.0,444.0,0.0,0.004,0.0569,0,0,0.021,0.02,0.0,0.791,42.0,0.0097,0.0025,0.035,0.033,0.001,9.0,5GG,5A,0,PO,9,0.6,610,0
1390,11600,31.18,2GA,2楷林,67.0,297.0,0.0,0.005,0.0204,0,0,0.011,0.01,0.0,0.201,15.0,0.0058,0.0029,0.014,0.013,0.0,10.6,5GG,5A,0,CR,12,-2.3,561,0
1110,11540,25.04,2GB,2楷林,19.0,330.0,0.0,0.006,0.038,0,0,0.014,0.02,0.0,0.184,30.0,0.0082,0.0031,0.022,0.021,0.0,11.4,5GG,5A,0,HR,3,-0.7,453,0
990,10480,20.28,2GA,2楷林,68.0,390.0,0.0,0.005,0.0643,0,0,0.015,0.02,0.0,0.468,35.0,0.0083,0.0032,0.044,0.043,0.001,5.7,3GB,5A,0,BP,5,-7.7,524,0
1250,8230,20.11,3GC,2楷林,15.0,341.0,0.0,0.004,0.0392,0,0,0.021,0.06,0.0,0.153,20.0,0.0078,0.0035,0.04,0.038,0.0,3.8,3GB,4C,0,HR,7,-1.5,666,0
950,10750,19.97,2GB,2楷林,58.0,452.0,0.0,0.006,0.063,0,6,0.01,0.02,0.0,0.792,30.0,0.0108,0.002,0.031,0.03,0.001,13.4,5GG,5A,0,PO,4,4.4,256,1
1330,8800,22.88,2GA,2楷林,36.0,347.0,0.0,0.007,0.0469,0,0,0.01,0.02,0.0,0.189,16.0,0.004,0.0038,0.019,0.019,0.0,5.9,5GG,5A,0,HGI,4,-7.4,682,0
1380,11840,31.94,3GC,2楷林,14.0,265.0,0.0,0.004,0.0019,0,0,0.013,0.02,0.0,0.064,19.0,0.0093,0.0031,0.023,0.022,0.001,4.7,3GB,4C,0,CR,9,-5.2,702,0
900,9860,17.35,2GB,2楷林,53.0,328.0,0.0,0.004,0.036,0,0,0.022,0.02,0.0,0.197,24.0,0.0061,0.0034,0.031,0.028,0.0,12.1,2GB,5A,0,HR,12,-3.2,331,0
1070,11560,24.18,2GA,2楷林,54.0,332.0,0.0,0.005,0.0385,0,0,0.013,0.02,0.0,0.207,25.0,0.0097,0.0026,0.028,0.027,0.0,10.0,5GG,5A,0,BP,3,-4.1,373,0
1420,11570,32.12,3GC,2楷林,1.0,265.0,0.0,0.006,0.0021,0,1,0.014,0.02,0.0,0.074,23.0,0.0094,0.0032,0.024,0.023,0.003,4.1,3GB,4C,0,CR,10,-6.7,477,0
1260,9390,23.13,2GB,2楷林,8.0,368.0,0.0,0.005,0.042,17,0,0.012,0.02,0.0,0.196,18.0,0.0113,0.0037,0.029,0.027,0.0,4.5,5GG,5A,0,HR,1,-3.3,693,0
1470,8720,25.06,2GB,2楷林,69.0,544.0,0.0,0.007,0.1396,0,2,0.015,0.02,0.0,1.193,26.0,0.0128,0.0029,0.015,0.013,0.001,5.1,3GB,5A,0,HR,11,-6.1,564,0
1180,9610,21.81,2GA,2楷林,17.0,331.0,12.4,0.006,0.0396,0,0,0.017,0.02,0.0,0.189,21.0,0.0104,0.0034,0.027,0.025,0.0,2.5,3GB,5A,1,HR,1,-5.4,299,1
950,10280,19.09,3GC,2楷林,76.0,324.0,0.0,0.004,0.0369,0,0,0.022,0.02,0.0,0.199,19.0,0.0103,0.0035,0.028,0.026,0.0,11.9,3GB,4C,0,HR,6,3.1,406,0
1070,8510,17.47,2GC,2楷林,69.0,304.0,0.0,0.006,0.0193,0,0,0.015,0.02,0.0,0.158,18.0,0.008,0.0034,0.028,0.026,0.0,5.1,5GG,4C,0,HR,11,-0.8,639,0
1020,10950,21.3,2GA,2楷林,57.0,327.0,0.0,0.005,0.0348,0,0,0.014,0.02,0.0,0.195,18.0,0.0078,0.0027,0.019,0.014,0.0,4.3,3GB,5A,0,GI,5,-6.6,653,0
1240,10290,24.95,2GA,2楷林,71.0,346.0,0.0,0.004,0.0358,11,0,0.022,0.02,0.0,0.195,14.0,0.0064,0.0028,0.023,0.017,0.0,9.1,5GG,5A,0,HR,5,-1.1,501,0
1130,11040,24.39,2GA,2楷林,63.0,300.0,0.0,0.004,0.0014,0,2,0.014,0.06,0.02,0.141,10.0,0.0527,0.0034,0.034,0.034,0.001,15.6,5GG,5A,0,GI,6,6.5,461,0
1030,9670,19.47,2GC,2楷林,110.0,328.0,0.0,0.005,0.0355,0,0,0.012,0.02,0.0,0.193,19.0,0.0102,0.0028,0.033,0.032,0.0,11.1,5GG,4C,0,HR,2,1.6,375,0
1330,10390,27.02,2GC,2楷林,74.0,296.0,0.0,0.003,0.0185,0,0,0.009,0.01,0.0,0.199,18.0,0.0087,0.0035,0.024,0.023,0.0,9.0,5GG,4C,0,HR,11,-1.9,421,0
1310,9050,23.18,2GC,2楷林,19.0,330.0,0.0,0.004,0.0372,0,0,0.015,0.03,0.0,0.189,14.0,0.0123,0.0037,0.025,0.023,0.0,5.0,5GG,4C,0,HR,5,-8.3,665,0
1190,10690,24.87,2GC,2楷林,45.0,446.0,0.0,0.005,0.059,0,2,0.013,0.02,0.0,0.78,25.0,0.0087,0.0023,0.037,0.036,0.0,15.6,5GG,4C,0,PO,11,4.1,397,0
1300,10580,26.89,3GC,2楷林,15.0,516.0,0.0,0.005,0.1711,0,0,0.029,0.02,0.0,0.772,31.0,0.0116,0.0031,0.022,0.02,0.0,11.8,3GB,4C,0,HGI,2,-3.8,263,1
1360,11670,31.03,2GA,2楷林,7.0,257.0,0.0,0.004,0.0022,0,0,0.013,0.02,0.0,0.072,15.0,0.0087,0.0039,0.03,0.029,0.002,6.8,5GG,5A,0,CR,9,-1.4,291,1
1240,9070,21.99,2GC,2楷林,40.0,455.0,0.0,0.004,0.0625,0,2,0.021,0.02,0.0,0.775,27.0,0.0129,0.0023,0.036,0.035,0.001,9.6,5GG,4C,0,PO,7,4.9,501,0
1140,11250,25.07,3GC,2楷林,36.0,454.0,0.0,0.007,0.0037,11,0,0.096,0.02,0.06,0.587,26.0,0.0813,0.0081,0.042,0.04,0.002,6.5,3GB,4C,0,HR,11,-2.2,477,0
900,9410,16.56,2GA,2楷林,66.0,305.0,0.0,0.005,0.0021,14,1,0.055,0.08,0.0,0.534,16.0,0.0141,0.0036,0.026,0.025,0.002,4.7,3GB,5A,0,BP,8,-3.6,577,0
1240,8550,20.4,2GB,2楷林,27.0,351.0,9.9,0.005,0.0496,0,0,0.009,0.02,0.0,0.286,17.0,0.0079,0.0029,0.028,0.026,0.0,4.3,3GB,5A,1,HR,5,-11.3,398,0
1450,10840,30.2,2GA,2楷林,46.0,329.0,0.0,0.005,0.0367,0,1,0.032,0.03,0.0,0.196,15.0,0.0101,0.0037,0.03,0.03,0.0,7.9,5GG,5A,0,HR,4,-2.6,630,0
1570,8820,26.64,2GA,2楷林,22.0,305.0,6.7,0.005,0.0017,0,0,0.017,0.05,0.02,0.141,13.0,0.0517,0.0057,0.025,0.024,0.0,9.7,3GB,5A,1,GI,3,-0.4,288,1
1400,11800,31.78,2GC,2楷林,22.0,269.0,13.3,0.006,0.0019,0,1,0.016,0.03,0.0,0.1,15.0,0.0097,0.0039,0.024,0.022,0.001,2.9,3GB,4C,1,CR,12,-7.2,275,1
1110,11070,24.02,2GA,2楷林,114.0,336.0,0.0,0.004,0.0372,0,0,0.013,0.02,0.0,0.194,18.0,0.0073,0.0041,0.026,0.024,0.0,6.9,5GG,5A,0,CR,5,-4.7,426,0
1040,11790,23.97,2GA,2楷林,71.0,294.0,0.0,0.004,0.0161,0,0,0.016,0.02,0.0,0.187,15.0,0.0071,0.0031,0.024,0.024,0.0,2.9,3GB,5A,0,CR,7,2.3,654,0
1260,11340,27.93,2GA,2楷林,72.0,268.0,0.0,0.005,0.0015,0,0,0.017,0.02,0.0,0.07,17.0,0.0091,0.0034,0.038,0.035,0.002,3.7,3GB,5A,0,FH,6,-3.2,551,0
1430,7880,22.03,2GB,2楷林,14.0,436.0,0.0,0.006,0.107,0,0,0.01,0.02,0.0,0.481,33.0,0.0096,0.003,0.019,0.017,0.001,20.5,5GG,5A,0,HR,12,10.1,332,0
1240,9610,23.3,2GB,2楷林,33.0,436.0,0.0,0.005,0.1262,0,0,0.017,0.02,0.0,0.325,34.0,0.0088,0.0035,0.018,0.018,0.0,6.9,3GB,5A,0,HGI,3,-0.9,605,0
1220,9680,23.09,2GB,2楷林,56.0,411.0,0.0,0.005,0.1176,0,0,0.02,0.02,0.0,0.472,24.0,0.0098,0.003,0.022,0.022,0.0,13.5,5GG,5A,0,HR,2,5.4,328,0
1400,9570,26.19,2GC,2楷林,52.0,294.0,0.0,0.004,0.0183,0,1,0.01,0.02,0.0,0.186,19.0,0.0093,0.0039,0.025,0.023,0.0,8.6,5GG,4C,0,CR,11,-1.4,426,0
1170,11120,25.44,2GC,2楷林,41.0,498.0,0.0,0.005,0.1547,0,0,0.022,0.02,0.0,0.834,31.0,0.0149,0.0034,0.016,0.015,0.001,16.2,5GG,4C,0,HR,6,5.0,477,0
1370,8660,23.19,2GA,2楷林,7.0,476.0,0.0,0.006,0.1732,0,0,0.016,0.02,0.0,0.479,30.0,0.0113,0.0031,0.019,0.018,0.001,6.9,5GG,5A,0,HR,10,0.9,581,0
1320,10400,26.84,3GB,2楷林,29.0,524.0,0.0,0.005,0.0737,2,1,0.275,0.41,0.0,0.398,0.0,0.0946,0.0036,0.022,0.022,0.002,9.5,3GB,5A,0,HR,2,-2.6,533,0
1380,11620,31.35,2GA,2楷林,9.0,296.0,0.0,0.006,0.0285,0,0,0.014,0.03,0.0,0.293,17.0,0.0185,0.0037,0.028,0.026,0.001,4.8,3GB,5A,0,FH,11,-0.9,668,0
1280,11250,27.6,2GA,2楷林,52.0,257.0,0.0,0.006,0.0016,0,0,0.02,0.03,0.0,0.076,18.0,0.0075,0.0036,0.03,0.028,0.003,10.6,5GG,5A,0,HR,12,3.8,397,0
1290,11700,29.51,2GC,2楷林,60.0,333.0,0.0,0.006,0.0404,0,0,0.017,0.02,0.0,0.221,21.0,0.0058,0.003,0.027,0.025,0.0,15.3,5GG,4C,0,HGI,11,3.3,298,1
1180,11700,26.99,3GC,2楷林,40.0,285.0,0.0,0.005,0.0019,0,0,0.02,0.02,0.0,0.149,18.0,0.0095,0.0034,0.028,0.026,0.002,16.9,3GB,4C,0,HR,12,5.1,235,1
1470,10350,29.74,2GA,2楷林,4.0,337.0,0.0,0.006,0.0386,0,4,0.023,0.02,0.0,0.215,23.0,0.0094,0.0039,0.016,0.015,0.0,7.4,3GB,5A,0,HGI,10,-2.5,398,0
1560,10020,30.56,2GA,2楷林,14.0,328.0,0.0,0.004,0.0396,0,0,0.009,0.01,0.0,0.189,19.0,0.0103,0.0035,0.027,0.024,0.0,9.9,5GG,5A,0,HR,8,-3.7,515,0
1140,11120,24.78,2GB,2楷林,87.0,490.0,0.0,0.005,0.1927,0,0,0.019,0.02,0.0,0.415,25.0,0.0101,0.0026,0.034,0.033,0.001,8.8,3GB,5A,0,CR,6,-7.2,432,0
1180,9660,22.28,3GC,2楷林,53.0,434.0,0.0,0.006,0.1172,0,1,0.01,0.01,0.0,0.434,24.0,0.0088,0.0025,0.026,0.025,0.0,8.6,3GB,4C,0,HGI,1,-6.3,401,0
1290,7530,18.99,2GA,2楷林,23.0,330.0,0.0,0.005,0.0362,0,0,0.011,0.02,0.0,0.186,27.0,0.0079,0.0034,0.024,0.023,0.0,5.9,5GG,5A,0,HR,12,-4.1,437,0
1040,9450,19.21,2GA,2楷林,73.0,328.0,0.0,0.006,0.037,0,16,0.011,0.02,0.0,0.222,18.0,0.0108,0.0035,0.024,0.023,0.0,13.9,5GG,5A,0,FH,12,0.2,398,0
1190,9220,21.18,2GA,2楷林,35.0,325.0,0.0,0.005,0.0201,14,0,0.013,0.02,0.0,0.152,12.0,0.0087,0.0036,0.021,0.019,0.0,9.3,5GG,5A,0,HGI,1,2.4,374,0
1330,11570,29.63,2GA,2楷林,58.0,338.0,0.0,0.006,0.0406,0,0,0.009,0.02,0.0,0.194,32.0,0.0085,0.0024,0.028,0.028,0.0,11.3,3GB,5A,0,HGI,9,-2.1,373,0
1180,10330,23.83,2GC,2楷林,56.0,301.0,0.0,0.004,0.0209,0,0,0.021,0.02,0.0,0.172,26.0,0.0072,0.0029,0.027,0.023,0.0,5.0,5GG,4C,0,CR,8,0.4,619,0
1130,11760,25.98,2GA,2楷林,55.0,275.0,0.0,0.005,0.0019,0,0,0.018,0.02,0.0,0.092,14.0,0.0102,0.0035,0.031,0.03,0.001,8.8,5GG,5A,0,FH,7,-0.5,473,0
1100,10460,22.09,2GA,2楷林,89.0,448.0,0.0,0.005,0.0551,0,0,0.018,0.02,0.0,0.801,32.0,0.0099,0.0029,0.034,0.033,0.0,9.5,3GB,5A,0,PO,5,-4.1,368,0
950,10080,18.72,2GA,2楷林,78.0,349.0,0.0,0.005,0.0369,11,0,0.014,0.02,0.0,0.198,16.0,0.009,0.004,0.019,0.018,0.0,3.6,3GB,5A,0,HR,1,-4.3,575,0
1000,9390,18.36,3GC,2楷林,67.0,302.0,0.0,0.005,0.0029,14,0,0.065,0.07,0.0,0.554,21.0,0.0154,0.0036,0.024,0.023,0.002,5.9,3GB,4C,0,BP,5,-3.7,640,0
1290,10560,26.21,2GC,2楷林,64.0,310.0,13.4,0.005,0.0013,7,0,0.055,0.02,0.0,0.199,13.0,0.0468,0.01,0.039,0.038,0.001,0.6,3GB,4C,1,GI,3,-8.6,463,0
1110,7410,15.79,2GB,2楷林,63.0,463.0,0.0,0.006,0.0715,0,0,0.021,0.02,0.0,0.611,32.0,0.0186,0.0035,0.029,0.028,0.0,7.3,5GG,5A,0,GI,12,0.1,615,0
1040,9440,19.19,2GB,2楷林,49.0,339.0,0.0,0.006,0.0395,0,0,0.017,0.02,0.0,0.201,20.0,0.0051,0.0033,0.02,0.019,0.0,6.2,5GG,5A,0,HGI,12,1.0,558,0
1220,11250,26.83,2GB,2楷林,79.0,530.0,0.0,0.006,0.0757,3,1,0.014,0.02,0.0,0.893,37.0,0.0181,0.0025,0.034,0.032,0.001,14.7,5GG,5A,0,HR,11,1.9,485,0
1340,10630,27.85,2GC,2楷林,9.0,509.0,0.0,0.006,0.0768,2,1,0.017,0.01,0.0,0.881,36.0,0.018,0.0024,0.034,0.033,0.001,12.9,3GB,4C,0,GI,2,9.6,364,0
1300,9120,23.18,2GA,2楷林,26.0,376.0,0.0,0.005,0.042,19,0,0.01,0.02,0.0,0.212,21.0,0.0048,0.0027,0.023,0.021,0.0,8.5,5GG,5A,0,HR,3,-5.3,607,0
1500,11840,34.17,2GA,2楷林,6.0,278.0,13.8,0.005,0.0018,0,0,0.02,0.03,0.0,0.096,20.0,0.0104,0.0039,0.025,0.022,0.001,1.1,3GB,5A,1,CR,7,-7.8,87,1
1290,9160,23.1,2GB,2楷林,35.0,334.0,0.0,0.006,0.0393,0,1,0.015,0.02,0.0,0.216,17.0,0.008,0.0039,0.027,0.024,0.0,10.4,5GG,5A,0,HR,11,4.6,498,0
1250,9780,23.9,2GC,2楷林,26.0,488.0,0.0,0.004,0.1802,0,0,0.019,0.02,0.0,0.473,32.0,0.0117,0.0026,0.027,0.025,0.001,8.2,5GG,4C,0,HR,9,-1.5,628,0
1280,9640,24.12,3GB,2楷林,76.0,534.0,0.0,0.006,0.1297,0,0,0.016,0.02,0.0,1.163,33.0,0.0105,0.0032,0.029,0.027,0.001,5.9,3GB,5A,0,HR,12,-3.2,334,0
1160,9730,22.07,2GB,2楷林,88.0,421.0,0.0,0.007,0.1101,0,0,0.02,0.02,0.0,0.474,30.0,0.0101,0.0034,0.03,0.029,0.0,12.7,5GG,5A,0,HR,10,-2.3,437,0
1300,11870,30.17,2GA,2楷林,1.0,323.0,0.0,0.005,0.0361,0,0,0.008,0.02,0.0,0.169,21.0,0.0069,0.0022,0.02,0.019,0.0,18.6,5GG,5A,0,HR,6,12.0,250,1
1110,10070,21.85,2GA,2楷林,13.0,326.0,0.0,0.004,0.034,0,0,0.009,0.02,0.0,0.191,23.0,0.0106,0.0028,0.023,0.022,0.0,12.3,3GB,5A,0,HR,5,-0.8,490,0
1180,11200,25.84,3GC,2楷林,81.0,479.0,0.0,0.005,0.0731,2,1,0.011,0.02,0.0,0.598,32.0,0.0192,0.003,0.03,0.029,0.001,9.2,3GB,4C,0,FH,12,2.8,341,0
1260,9730,23.97,2GC,2楷林,52.0,425.0,0.0,0.007,0.1219,0,0,0.028,0.02,0.0,0.288,24.0,0.009,0.0031,0.019,0.018,0.0,3.1,5GG,4C,0,HGI,1,-2.0,645,0
1130,9070,19.59,2GA,2楷林,55.0,454.0,0.0,0.007,0.0598,0,2,0.016,0.02,0.0,0.807,30.0,0.0078,0.002,0.031,0.03,0.001,5.8,5GG,5A,0,PO,1,-8.0,571,0
1300,11850,30.12,2GA,2楷林,81.0,324.0,0.0,0.004,0.0376,0,0,0.014,0.02,0.0,0.188,21.0,0.0092,0.0031,0.03,0.028,0.0,8.7,3GB,5A,0,HR,7,-1.4,476,0
1290,10480,26.43,2GB,2楷林,38.0,333.0,0.0,0.004,0.0342,0,0,0.021,0.02,0.0,0.196,19.0,0.0089,0.0028,0.021,0.019,0.0,6.9,5GG,5A,0,HGI,3,-7.1,576,0
1190,8630,20.08,2GD,2楷林,38.0,527.0,0.0,0.005,0.1434,0,0,0.012,0.02,0.0,0.838,28.0,0.0103,0.0024,0.028,0.027,0.001,10.0,5GG,4C,0,HR,8,2.8,588,0
1290,10930,27.12,2GA,2楷林,16.0,257.0,9.2,0.005,0.0023,0,0,0.025,0.02,0.0,0.076,19.0,0.0097,0.0033,0.032,0.029,0.002,5.6,3GB,5A,1,HR,1,1.3,204,1
1290,7560,18.76,2GC,2楷林,23.0,319.0,10.1,0.005,0.0362,0,0,0.011,0.02,0.0,0.182,18.0,0.0105,0.0033,0.02,0.02,0.0,5.2,3GB,4C,1,HR,2,-0.2,391,0
1190,8440,19.64,2GA,2楷林,12.0,337.0,0.0,0.004,0.0416,0,0,0.009,0.02,0.0,0.185,15.0,0.0089,0.0037,0.032,0.031,0.0,3.8,5GG,5A,0,HR,7,-4.1,670,0
1570,9930,30.48,2GD,2楷林,8.0,325.0,0.0,0.006,0.0349,0,1,0.017,0.02,0.0,0.207,17.0,0.0081,0.0041,0.025,0.022,0.0,14.1,5GG,4C,0,HR,10,6.6,448,0
1320,9140,23.05,2GB,2楷林,9.0,356.0,0.0,0.004,0.0411,11,8,0.011,0.02,0.0,0.195,18.0,0.0109,0.0027,0.023,0.021,0.0,13.0,5GG,5A,0,CR,2,6.2,485,0
1280,9230,23.1,2GC,2楷林,26.0,330.0,0.0,0.006,0.0362,1,0,0.012,0.02,0.0,0.182,25.0,0.0088,0.003,0.022,0.021,0.0,8.8,5GG,4C,0,HR,3,0.0,516,0
1570,10750,33.0,2GA,2楷林,4.0,356.0,0.0,0.007,0.0611,0,0,0.031,0.02,0.0,0.341,28.0,0.0078,0.0036,0.038,0.037,0.001,10.2,5GG,5A,0,GI,3,-3.5,410,0
1260,9570,23.57,2GB,2楷林,70.0,427.0,0.0,0.005,0.1206,0,1,0.011,0.02,0.0,0.307,26.0,0.0117,0.0029,0.019,0.018,0.0,8.2,3GB,5A,0,HGI,12,-6.1,542,0
1290,8950,22.57,2GA,2楷林,73.0,332.0,0.0,0.007,0.0378,0,0,0.011,0.02,0.0,0.175,17.0,0.0089,0.003,0.026,0.024,0.0,2.6,5GG,5A,0,HR,1,-4.1,717,0
1040,10970,22.09,2GA,2楷林,78.0,298.0,0.0,0.007,0.0186,0,0,0.011,0.02,0.0,0.205,14.0,0.0076,0.0038,0.021,0.02,0.0,14.2,5GG,5A,0,CR,11,6.0,347,0
1130,7320,16.17,2GA,2楷林,48.0,454.0,0.0,0.005,0.0623,0,0,0.013,0.02,0.0,0.79,33.0,0.0104,0.0027,0.036,0.036,0.001,10.3,5GG,5A,0,PO,6,-0.1,546,0
1380,9440,25.1,3GC,2楷林,7.0,484.0,0.0,0.006,0.1843,0,0,0.014,0.02,0.0,0.425,25.0,0.0097,0.003,0.037,0.036,0.001,7.0,3GB,4C,0,HR,5,-4.8,584,0
1570,11400,34.99,2GA,2楷林,4.0,270.0,0.0,0.004,0.0027,0,6,0.009,0.02,0.0,0.099,15.0,0.0097,0.0032,0.03,0.028,0.001,7.2,3GB,5A,0,CR,8,-2.1,419,0
980,8000,15.33,2GA,2楷林,36.0,354.0,0.0,0.004,0.059,0,0,0.014,0.02,0.0,0.347,26.0,0.0096,0.0029,0.033,0.032,0.001,9.6,3GB,5A,0,CR,9,2.2,409,0
1190,9370,21.43,2GB,2楷林,43.0,337.0,0.0,0.004,0.0392,0,0,0.027,0.02,0.0,0.191,14.0,0.0104,0.0042,0.02,0.02,0.0,24.3,3GB,5A,0,GI,7,14.7,320,0
1220,11850,27.81,2GC,2楷林,58.0,287.0,3.3,0.004,0.0022,0,0,0.012,0.01,0.0,0.145,13.0,0.0088,0.0033,0.03,0.028,0.001,13.6,3GB,4C,1,HR,9,2.7,185,1
1270,9700,24.08,3GC,2楷林,15.0,460.0,0.0,0.005,0.1431,0,0,0.01,0.01,0.0,0.498,30.0,0.007,0.0027,0.023,0.02,0.0,2.8,3GB,4C,0,HR,5,-8.6,693,0
1080,11380,24.03,2GC,2楷林,68.0,339.0,0.0,0.004,0.0478,0,0,0.013,0.01,0.0,0.294,20.0,0.0047,0.0033,0.027,0.026,0.0,11.4,5GG,4C,0,CR,5,4.8,542,0
1390,9330,24.9,2GB,2楷林,35.0,438.0,0.0,0.006,0.1331,0,0,0.012,0.02,0.0,0.314,25.0,0.0109,0.0026,0.02,0.02,0.0,9.9,5GG,5A,0,HGI,12,-2.6,464,0
1210,9530,22.08,3GB,2楷林,2.0,329.0,0.0,0.005,0.0396,0,0,0.013,0.03,0.0,0.186,23.0,0.0092,0.0031,0.02,0.02,0.0,5.8,3GB,5A,0,HR,7,-3.9,478,0
1270,11520,28.6,2GA,2楷林,71.0,319.0,0.0,0.005,0.0012,5,0,0.053,0.02,0.0,0.191,18.0,0.0436,0.0093,0.038,0.036,0.001,12.1,5GG,5A,0,FH,12,4.8,448,0
960,9880,18.54,3GC,2楷林,46.0,333.0,0.0,0.007,0.0386,0,0,0.012,0.02,0.0,0.209,19.0,0.009,0.003,0.018,0.017,0.0,6.4,3GB,4C,0,BP,1,0.5,498,0
1080,10170,20.74,2GA,2楷林,95.0,336.0,4.8,0.006,0.0413,0,0,0.011,0.02,0.0,0.2,25.0,0.0071,0.0033,0.022,0.021,0.0,14.1,3GB,5A,1,GI,11,5.5,240,1
1210,8770,20.75,2GA,2楷林,55.0,351.0,0.0,0.005,0.0442,0,0,0.018,0.02,0.0,0.242,21.0,0.01,0.0032,0.022,0.022,0.0,6.4,5GG,5A,0,HR,6,-5.8,545,0
1570,10460,32.11,3GC,2楷林,6.0,323.0,0.0,0.005,0.0369,0,0,0.024,0.02,0.0,0.19,24.0,0.0102,0.0038,0.023,0.021,0.0,2.4,3GB,4C,0,HR,12,-1.0,718,0
1290,8950,22.57,2GA,2楷林,38.0,332.0,0.0,0.006,0.0356,0,1,0.022,0.02,0.0,0.196,21.0,0.0103,0.0034,0.023,0.021,0.0,11.3,3GB,5A,0,HR,2,-0.9,446,0
1190,11660,27.13,2GC,2楷林,68.0,529.0,0.0,0.005,0.0773,5,1,0.024,0.02,0.0,0.897,38.0,0.0205,0.0027,0.031,0.031,0.001,8.4,5GG,4C,0,CR,6,2.9,655,0
1520,11740,34.89,2GD,2楷林,11.0,269.0,0.0,0.006,0.0016,0,0,0.01,0.01,0.0,0.071,21.0,0.0092,0.0032,0.035,0.033,0.002,4.4,3GB,4C,0,CR,1,0.1,553,0
1400,11870,32.49,2GC,2楷林,24.0,315.0,0.0,0.006,0.0019,5,2,0.009,0.02,0.0,0.699,15.0,0.0583,0.0035,0.035,0.033,0.002,17.1,5GG,4C,0,CR,12,10.5,163,1
1420,10010,27.59,3GC,2楷林,9.0,254.0,0.0,0.004,0.0015,0,0,0.018,0.02,0.0,0.059,15.0,0.0079,0.0037,0.03,0.028,0.002,4.6,3GB,4C,0,HR,7,-7.3,569,0
1340,10160,26.62,3GC,2楷林,35.0,332.0,0.0,0.006,0.0403,0,0,0.013,0.02,0.0,0.202,14.0,0.0071,0.0027,0.029,0.028,0.0,13.6,3GB,4C,0,HR,1,8.5,414,0
1400,8460,23.16,2GA,2楷林,28.0,331.0,0.0,0.004,0.0386,0,1,0.012,0.02,0.0,0.203,15.0,0.0084,0.0041,0.029,0.028,0.0,7.7,5GG,5A,0,HR,5,-7.6,683,0
960,8170,15.33,2GC,2楷林,55.0,351.0,0.0,0.004,0.0533,0,0,0.019,0.01,0.0,0.338,20.0,0.0069,0.003,0.038,0.032,0.0,3.3,3GB,4C,0,CR,9,1.5,710,0
1010,10190,20.12,2GA,2楷林,47.0,311.0,0.0,0.004,0.0191,0,0,0.023,0.02,0.0,0.14,16.0,0.0089,0.0037,0.023,0.022,0.0,6.3,3GB,5A,0,HR,9,-5.8,556,0
1150,9830,22.1,2GB,2楷林,49.0,419.0,0.0,0.004,0.1107,0,0,0.016,0.02,0.0,0.496,18.0,0.0135,0.0028,0.022,0.021,0.0,7.0,5GG,5A,0,HR,7,3.2,512,0
1570,9940,30.51,2GA,2楷林,34.0,330.0,0.0,0.005,0.0395,0,0,0.007,0.02,0.0,0.2,14.0,0.0135,0.0032,0.027,0.026,0.0,8.1,3GB,5A,0,HR,6,-4.0,628,0
1100,9260,19.91,2GB,2楷林,24.0,370.0,0.0,0.006,0.0627,0,1,0.032,0.03,0.0,0.346,23.0,0.0114,0.0026,0.036,0.034,0.001,9.7,5GG,5A,0,PO,8,6.2,583,0
1050,10500,21.21,2GC,2楷林,59.0,277.0,7.6,0.004,0.0018,0,0,0.016,0.02,0.0,0.094,14.0,0.0089,0.0029,0.03,0.026,0.001,4.5,5GG,4C,1,GI,7,-4.5,265,1
1290,9050,22.82,2GA,2楷林,8.0,323.0,0.0,0.004,0.0375,0,1,0.012,0.02,0.0,0.191,17.0,0.0074,0.0036,0.026,0.025,0.0,19.1,5GG,5A,0,HR,7,10.3,232,1
1570,11550,34.89,2GA,2楷林,3.0,252.0,0.0,0.007,0.0019,0,0,0.013,0.01,0.0,0.057,18.0,0.0059,0.0026,0.024,0.023,0.002,11.4,5GG,5A,0,CR,2,-2.2,271,1
1570,11400,34.99,2GC,2楷林,9.0,268.0,0.0,0.005,0.0013,0,0,0.01,0.02,0.0,0.074,19.0,0.0106,0.0037,0.035,0.032,0.001,8.9,5GG,4C,0,GA,12,-2.3,464,0
1150,9590,21.09,2GA,2楷林,41.0,327.0,0.0,0.005,0.0182,15,0,0.012,0.02,0.0,0.144,14.0,0.008,0.0031,0.029,0.028,0.0,17.9,5GG,5A,0,HR,9,12.8,143,1
1250,9440,23.07,2GA,2楷林,84.0,320.0,0.0,0.005,0.0305,0,1,0.015,0.02,0.0,0.186,40.0,0.0083,0.003,0.031,0.03,0.0,8.9,3GB,5A,0,HR,9,-5.3,525,0
1320,10150,26.19,2GA,2楷林,64.0,339.0,0.0,0.005,0.0392,0,1,0.022,0.03,0.0,0.205,20.0,0.0086,0.0037,0.021,0.019,0.0,11.7,3GB,5A,0,HGI,2,-3.8,309,0
1260,10130,24.95,3GC,2楷林,7.0,343.0,0.0,0.004,0.041,0,0,0.012,0.02,0.0,0.19,17.0,0.0099,0.0031,0.028,0.027,0.0,10.4,3GB,4C,0,PO,9,4.7,397,0
1290,8450,21.31,2GB,2楷林,26.0,569.0,0.0,0.006,0.2019,0,0,0.015,0.02,0.0,0.896,29.0,0.0105,0.0032,0.026,0.024,0.001,6.8,3GB,5A,0,PO,5,-4.3,599,0
1510,11830,34.08,2GA,2楷林,8.0,255.0,12.8,0.006,0.0021,0,0,0.008,0.02,0.0,0.06,13.0,0.0084,0.0033,0.025,0.024,0.002,1.2,3GB,5A,1,EG,1,-4.4,299,1
1260,11230,27.66,3GC,2楷林,2.0,333.0,0.0,0.005,0.043,0,0,0.009,0.02,0.0,0.228,20.0,0.0094,0.0033,0.027,0.026,0.0,2.7,3GB,4C,0,FH,6,-7.0,569,0
1380,11850,31.97,2GA,2楷林,33.0,272.0,0.0,0.006,0.0017,0,0,0.018,0.02,0.0,0.099,20.0,0.008,0.0043,0.028,0.025,0.001,11.2,3GB,5A,0,CR,11,0.1,374,0
1510,11830,34.36,2GD,2楷林,8.0,255.0,11.8,0.006,0.0021,0,1,0.025,0.02,0.0,0.084,18.0,0.0071,0.0046,0.026,0.025,0.002,6.5,3GB,4C,1,GI,1,0.1,325,0
1410,8210,22.27,2GB,2楷林,21.0,331.0,11.2,0.005,0.0358,0,0,0.023,0.02,0.0,0.192,21.0,0.0094,0.0043,0.026,0.025,0.0,7.5,3GB,5A,1,HR,2,-0.2,191,1
1280,11710,29.3,2GD,2楷林,52.0,530.0,0.0,0.007,0.0811,3,0,0.019,0.02,0.0,0.895,28.0,0.0195,0.0023,0.026,0.026,0.001,17.3,5GG,4C,0,GI,1,0.3,169,1
1270,7800,19.37,2GA,2楷林,18.0,342.0,0.0,0.004,0.0373,0,0,0.009,0.02,0.0,0.197,12.0,0.0079,0.003,0.02,0.019,0.0,6.5,5GG,5A,0,PO,6,-6.0,522,0
1380,9300,25.09,2GC,2楷林,93.0,338.0,0.0,0.005,0.0395,0,0,0.011,0.02,0.0,0.182,22.0,0.011,0.0037,0.025,0.024,0.0,10.6,5GG,4C,0,HR,10,2.7,395,0
1310,11860,30.37,2GB,2楷林,71.0,451.0,0.0,0.006,0.0622,0,0,0.011,0.02,0.0,0.809,33.0,0.0141,0.0026,0.031,0.029,0.001,18.6,5GG,5A,0,PO,10,6.7,287,1
1100,11110,23.89,3GC,2楷林,79.0,322.0,0.0,0.004,0.0353,0,0,0.013,0.02,0.0,0.183,13.0,0.0095,0.0032,0.027,0.025,0.0,5.7,3GB,4C,0,CR,6,-4.6,605,0
1300,10870,27.63,2GA,2楷林,4.0,250.0,0.0,0.005,0.0016,0,0,0.018,0.01,0.0,0.061,19.0,0.0068,0.0028,0.029,0.027,0.002,9.1,5GG,5A,0,HR,2,2.4,459,0
960,11750,22.05,2GC,2楷林,104.0,364.0,0.0,0.005,0.0351,16,0,0.019,0.02,0.0,0.203,42.0,0.0062,0.0032,0.025,0.024,0.0,12.5,3GB,4C,0,HR,6,4.3,256,1
1520,9830,29.21,3GC,2楷林,7.0,268.0,0.0,0.005,0.0017,0,0,0.012,0.02,0.0,0.074,16.0,0.0085,0.003,0.033,0.032,0.001,4.1,3GB,4C,0,FH,3,-10.7,674,0
1570,11260,34.56,2GC,2楷林,6.0,326.0,0.0,0.005,0.0287,0,0,0.009,0.02,0.0,0.186,35.0,0.008,0.0029,0.034,0.034,0.0,13.1,5GG,4C,0,PO,4,6.6,355,0
1130,10180,22.09,2GB,2楷林,41.0,504.0,0.0,0.005,0.1802,0,0,0.014,0.02,0.0,0.788,32.0,0.0062,0.0028,0.027,0.024,0.001,6.2,3GB,5A,0,HR,8,-1.3,632,0
1290,10480,26.43,2GC,2楷林,14.0,339.0,0.0,0.004,0.0403,0,0,0.018,0.02,0.0,0.196,26.0,0.0075,0.0025,0.017,0.016,0.0,6.8,5GG,4C,0,HGI,3,-6.4,542,0
940,9380,17.24,2GA,2楷林,84.0,314.0,0.0,0.004,0.0221,0,0,0.022,0.02,0.0,0.157,19.0,0.0087,0.0029,0.028,0.026,0.0,9.3,5GG,5A,0,HR,9,-1.3,433,0
1510,11830,34.08,2GA,2楷林,10.0,303.0,12.9,0.004,0.0015,0,1,0.051,0.03,0.0,0.143,16.0,0.0527,0.0092,0.037,0.036,0.0,4.0,3GB,5A,1,CR,6,-3.3,288,1
960,11770,22.09,3GC,2楷林,61.0,399.0,0.0,0.004,0.0701,0,1,0.024,0.02,0.0,0.483,44.0,0.01,0.0027,0.053,0.051,0.001,4.6,3GB,4C,0,BP,7,-5.0,534,0
1030,9270,18.67,2GA,2楷林,76.0,319.0,0.0,0.005,0.0385,0,0,0.018,0.02,0.0,0.189,23.0,0.0113,0.003,0.02,0.018,0.0,10.9,5GG,5A,0,HR,10,6.0,485,0
1020,10110,20.0,2GC,2楷林,62.0,309.0,6.3,0.004,0.0189,0,0,0.012,0.02,0.0,0.139,22.0,0.01,0.0029,0.029,0.028,0.0,7.0,3GB,4C,1,HR,6,-2.8,470,0
1130,10100,22.31,2GB,2楷林,50.0,492.0,27.6,0.005,0.078,0,0,0.03,0.02,0.0,1.292,47.0,0.0078,0.0027,0.018,0.018,0.001,15.1,5GG,5A,1,PO,4,5.4,324,0
1250,10350,24.99,3GC,2楷林,68.0,346.0,0.0,0.004,0.0338,12,1,0.011,0.02,0.0,0.186,17.0,0.0106,0.0039,0.027,0.025,0.0,3.3,3GB,4C,0,HR,8,-2.0,558,0
1360,11840,31.48,3GC,2楷林,44.0,435.0,0.0,0.004,0.0591,0,2,0.011,0.01,0.0,0.798,26.0,0.0078,0.0025,0.032,0.032,0.0,2.2,3GB,4C,0,PO,8,-6.2,674,0
1290,11850,29.89,3GC,2楷林,66.0,271.0,0.0,0.005,0.0019,0,0,0.012,0.02,0.0,0.088,22.0,0.0096,0.0034,0.023,0.022,0.001,7.1,3GB,4C,0,CR,12,-3.7,502,0
990,7240,14.01,2GA,2楷林,51.0,445.0,0.0,0.004,0.0582,0,0,0.015,0.02,0.0,0.773,31.0,0.0094,0.0029,0.025,0.022,0.001,10.4,5GG,5A,0,PO,9,5.0,436,0
1270,7900,19.61,2GC,2楷林,80.0,342.0,0.0,0.006,0.039,0,11,0.022,0.02,0.0,0.198,21.0,0.0085,0.0032,0.019,0.018,0.0,6.6,5GG,4C,0,HGI,3,-2.2,609,0
1070,11480,24.01,2GA,2楷林,98.0,341.0,0.0,0.006,0.0395,0,0,0.014,0.02,0.0,0.209,27.0,0.0073,0.003,0.03,0.028,0.0,7.1,5GG,5A,0,CR,10,2.6,412,0
990,6550,12.68,3GC,2楷林,43.0,331.0,0.0,0.006,0.0378,0,1,0.01,0.01,0.0,0.149,23.0,0.0074,0.0023,0.028,0.026,0.0,18.3,5GG,4C,0,PO,4,7.0,272,1
1410,10340,28.0,2GA,2楷林,51.0,274.0,0.0,0.004,0.0017,0,0,0.03,0.02,0.0,0.082,14.0,0.0101,0.0038,0.026,0.026,0.002,4.0,3GB,5A,0,CR,6,-2.0,662,0
1240,10060,24.39,2GB,2楷林,24.0,495.0,0.0,0.007,0.164,0,2,0.013,0.01,0.0,1.105,29.0,0.0081,0.003,0.024,0.022,0.001,8.1,3GB,5A,0,PO,11,0.4,586,0
1080,10040,21.2,2GA,2楷林,91.0,329.0,0.0,0.005,0.0377,0,0,0.017,0.02,0.0,0.189,22.0,0.009,0.0035,0.03,0.03,0.0,2.7,5GG,5A,0,HR,8,-2.2,790,0
1170,11760,26.9,2GA,2楷林,48.0,271.0,0.0,0.007,0.0015,0,1,0.013,0.01,0.0,0.097,17.0,0.0107,0.0035,0.028,0.026,0.002,16.1,5GG,5A,0,GA,2,12.6,275,1
1160,11250,25.07,3GC,2楷林,48.0,344.0,0.0,0.004,0.0485,0,0,0.027,0.02,0.0,0.294,21.0,0.0084,0.0027,0.038,0.035,0.0,3.6,3GB,4C,0,CR,8,-4.1,682,0
1100,8660,18.62,3GC,2楷林,23.0,331.0,0.0,0.006,0.0359,0,0,0.022,0.02,0.0,0.187,20.0,0.0082,0.0039,0.026,0.025,0.0,3.3,3GB,4C,0,HR,11,-1.4,598,0
1010,10160,20.06,2GA,2楷林,39.0,356.0,0.0,0.005,0.0388,13,0,0.021,0.02,0.0,0.229,17.0,0.0077,0.0047,0.032,0.031,0.0,14.3,5GG,5A,0,HR,5,8.7,425,0
1190,10810,25.15,2GC,2楷林,31.0,526.0,0.0,0.005,0.1437,1,1,0.028,0.02,0.0,0.841,33.0,0.0129,0.0029,0.023,0.022,0.002,14.1,5GG,4C,0,HR,5,5.7,516,0
960,8170,15.33,3GC,2楷林,69.0,353.0,0.0,0.006,0.0564,0,0,0.016,0.02,0.01,0.354,22.0,0.0094,0.0033,0.031,0.03,0.0,6.1,3GB,4C,0,CR,5,-0.3,635,0
1290,9950,25.09,2GA,2楷林,29.0,323.0,0.0,0.006,0.0385,0,0,0.011,0.02,0.0,0.212,19.0,0.0089,0.0041,0.031,0.029,0.0,12.0,3GB,5A,0,HR,12,0.1,475,0
1250,9480,23.17,2GA,2楷林,21.0,330.0,0.0,0.004,0.038,0,0,0.014,0.03,0.0,0.197,19.0,0.0113,0.0033,0.022,0.021,0.0,3.6,3GB,5A,0,HR,9,-8.2,716,0
1290,8450,21.31,2GC,2楷林,19.0,455.0,0.0,0.005,0.057,0,0,0.019,0.02,0.0,0.797,27.0,0.0102,0.0027,0.035,0.034,0.0,13.0,5GG,4C,0,PO,3,4.4,541,0
1290,5620,14.17,2GA,2楷林,51.0,449.0,0.0,0.006,0.0571,0,0,0.021,0.02,0.0,0.804,36.0,0.0106,0.0029,0.028,0.027,0.0,9.0,5GG,5A,0,PO,2,1.2,325,0
1200,10360,24.3,2GA,2楷林,35.0,265.0,0.0,0.006,0.0017,0,1,0.008,0.01,0.0,0.093,19.0,0.0097,0.003,0.026,0.024,0.001,10.0,5GG,5A,0,CR,2,-9.1,574,0
1050,8080,16.59,2GA,2楷林,88.0,333.0,0.0,0.006,0.0387,0,0,0.008,0.02,0.0,0.199,15.0,0.0082,0.0029,0.025,0.024,0.0,5.8,5GG,5A,0,HR,12,-2.4,451,0
1490,11630,33.88,2GC,2楷林,51.0,452.0,0.0,0.004,0.147,0,0,0.024,0.02,0.0,0.503,23.0,0.0122,0.0027,0.02,0.018,0.0,11.6,5GG,4C,0,GI,9,-0.6,606,0
990,8990,17.14,2GC,2楷林,89.0,460.0,0.0,0.007,0.0646,0,0,0.012,0.02,0.0,0.809,37.0,0.0095,0.0026,0.042,0.041,0.001,4.4,5GG,4C,0,PO,11,-4.9,674,0
1240,6710,16.27,2GC,2楷林,13.0,435.0,0.0,0.005,0.0527,0,0,0.012,0.02,0.0,0.785,37.0,0.0104,0.0022,0.031,0.028,0.0,5.7,5GG,4C,0,PO,6,-5.3,708,0
1250,8230,20.11,2GC,2楷林,33.0,337.0,0.0,0.004,0.0361,0,1,0.024,0.06,0.0,0.14,19.0,0.0069,0.0036,0.036,0.034,0.0,4.1,5GG,4C,0,HR,7,-2.0,622,0
960,10450,19.61,2GC,2楷林,101.0,357.0,0.0,0.006,0.0397,13,0,0.01,0.02,0.0,0.193,13.0,0.0124,0.0036,0.027,0.026,0.0,12.7,5GG,4C,0,HR,6,3.4,376,0
1420,11770,32.67,2GB,2楷林,42.0,528.0,0.0,0.006,0.0814,1,2,0.012,0.02,0.0,0.901,34.0,0.0196,0.0019,0.03,0.029,0.002,11.7,5GG,5A,0,GI,11,2.8,522,0
1380,10740,28.98,3GC,2楷林,13.0,460.0,0.0,0.004,0.0617,0,0,0.019,0.02,0.0,0.8,27.0,0.0108,0.0026,0.037,0.035,0.001,5.6,3GB,4C,0,PO,9,-4.3,649,0
1370,8000,21.04,2GA,2楷林,6.0,340.0,0.0,0.004,0.0418,0,0,0.009,0.02,0.0,0.19,19.0,0.0098,0.0032,0.026,0.025,0.0,5.7,5GG,5A,0,HR,9,-4.2,482,0
1070,9230,19.31,2GB,2楷林,47.0,422.0,0.0,0.004,0.1075,0,1,0.021,0.02,0.0,0.454,30.0,0.0136,0.0028,0.022,0.022,0.001,9.4,5GG,5A,0,HGI,9,-4.9,514,0
1090,9900,21.1,2GB,2楷林,41.0,326.0,0.0,0.004,0.0392,0,1,0.007,0.02,0.0,0.19,16.0,0.0151,0.0044,0.024,0.022,0.0,7.4,5GG,5A,0,HR,6,-1.5,551,0
930,8730,15.87,2GA,2楷林,69.0,306.0,0.0,0.004,0.0026,16,0,0.067,0.07,0.0,0.533,16.0,0.0138,0.003,0.022,0.022,0.002,13.7,5GG,5A,0,BP,9,4.8,352,0
1560,9880,30.13,2GC,2楷林,21.0,338.0,0.0,0.006,0.0375,3,0,0.022,0.01,0.0,0.19,21.0,0.0081,0.0033,0.028,0.028,0.0,16.0,3GB,4C,0,HR,2,7.0,474,0
1060,9370,19.42,2GA,2楷林,83.0,332.0,0.0,0.006,0.0423,0,0,0.009,0.02,0.0,0.193,27.0,0.008,0.0029,0.019,0.018,0.0,19.3,5GG,5A,0,FH,3,8.8,231,1
1480,11870,34.34,3GC,2楷林,17.0,325.0,0.0,0.006,0.0394,0,0,0.015,0.02,0.0,0.187,20.0,0.0103,0.0024,0.028,0.027,0.0,12.0,3GB,4C,0,CR,3,7.5,424,0
1570,9890,30.07,2GA,2楷林,38.0,327.0,0.0,0.006,0.0418,0,12,0.012,0.02,0.0,0.179,22.0,0.0073,0.0033,0.022,0.02,0.0,11.7,5GG,5A,0,HR,3,3.6,505,0
1120,10370,22.71,2GA,2楷林,87.0,333.0,0.0,0.006,0.0414,0,0,0.019,0.02,0.0,0.196,15.0,0.0081,0.0032,0.024,0.023,0.0,7.1,5GG,5A,0,HGI,2,-1.4,545,0
1280,10560,26.43,3GC,2楷林,67.0,333.0,0.0,0.006,0.0349,0,0,0.011,0.02,0.0,0.198,14.0,0.01,0.0032,0.025,0.024,0.0,16.1,3GB,4C,0,HGI,2,3.8,375,0
950,9990,18.55,2GA,2楷林,39.0,396.0,0.0,0.004,0.0679,0,0,0.026,0.02,0.0,0.5,29.0,0.0078,0.0034,0.051,0.049,0.001,5.9,5GG,5A,0,BP,9,-2.1,546,0
1110,8810,19.12,2GB,2楷林,48.0,514.0,0.0,0.004,0.1215,1,1,0.012,0.02,0.01,1.18,25.0,0.0084,0.0023,0.021,0.02,0.001,13.9,5GG,5A,0,HGI,9,6.5,480,0
1480,10260,29.18,2GD,2楷林,23.0,273.0,0.0,0.005,0.0017,0,0,0.027,0.03,0.0,0.089,23.0,0.0127,0.0044,0.028,0.027,0.001,7.3,5GG,4C,0,CR,3,-4.2,605,0
1110,7080,15.36,2GA,2楷林,68.0,351.0,0.0,0.005,0.0545,0,0,0.019,0.02,0.0,0.349,24.0,0.0074,0.0021,0.035,0.034,0.0,16.9,5GG,5A,0,CR,3,8.7,331,0
970,11660,21.76,2GA,2楷林,62.0,323.0,9.4,0.005,0.0357,0,0,0.012,0.02,0.0,0.184,11.0,0.0103,0.003,0.021,0.02,0.0,4.4,3GB,5A,1,CR,7,-1.9,252,1
1250,11750,28.71,2GA,2楷林,89.0,297.0,0.0,0.004,0.0279,0,0,0.027,0.02,0.0,0.264,17.0,0.0184,0.0038,0.031,0.029,0.001,6.2,5GG,5A,0,FH,8,-0.8,410,0
1270,10390,25.8,2GA,2楷林,45.0,275.0,0.0,0.004,0.0016,0,13,0.021,0.02,0.0,0.09,16.0,0.0099,0.0036,0.036,0.034,0.002,3.4,3GB,5A,0,CR,8,-3.3,690,0
1410,9550,25.69,2GD,2楷林,39.0,257.0,8.9,0.006,0.0018,0,0,0.019,0.02,0.0,0.06,21.0,0.0066,0.0034,0.032,0.029,0.002,9.9,3GB,4C,1,EG,11,0.3,297,1
1260,8340,20.54,2GA,2楷林,13.0,321.0,0.0,0.004,0.0318,0,0,0.015,0.02,0.0,0.196,16.0,0.0117,0.0033,0.032,0.03,0.0,6.0,3GB,5A,0,HR,5,-2.2,598,0
1320,11660,30.09,2GA,2楷林,46.0,425.0,0.0,0.007,0.0537,0,0,0.019,0.02,0.0,0.809,26.0,0.0088,0.003,0.03,0.028,0.0,4.2,5GG,5A,0,PO,4,-1.8,711,0
1290,9190,23.18,2GA,2楷林,34.0,328.0,0.0,0.006,0.036,0,0,0.014,0.02,0.0,0.188,28.0,0.009,0.0031,0.03,0.029,0.0,11.1,5GG,5A,0,HR,1,0.7,341,0
1390,10410,27.61,2GD,2楷林,26.0,270.0,10.1,0.004,0.0013,0,0,0.011,0.02,0.0,0.071,13.0,0.0096,0.0037,0.031,0.03,0.002,5.8,3GB,4C,1,HR,6,-8.3,307,0
1130,11340,24.65,2GD,2楷林,34.0,459.0,5.8,0.004,0.1685,0,0,0.017,0.02,0.0,0.773,25.0,0.0089,0.0022,0.026,0.025,0.0,9.3,3GB,4C,1,HR,8,-1.8,216,1
1040,11750,23.89,2GA,2楷林,62.0,273.0,0.0,0.006,0.0014,0,0,0.018,0.02,0.0,0.075,15.0,0.0095,0.0035,0.036,0.035,0.001,3.0,5GG,5A,0,FH,4,-6.2,668,0
1390,11770,31.98,2GB,2楷林,21.0,273.0,0.0,0.004,0.0021,0,0,0.024,0.02,0.0,0.092,18.0,0.0106,0.0033,0.025,0.023,0.001,4.9,5GG,5A,0,CR,9,-8.2,644,0
960,10450,19.61,2GC,2楷林,83.0,358.0,0.0,0.006,0.0397,13,0,0.01,0.02,0.0,0.193,13.0,0.0124,0.0036,0.027,0.026,0.0,12.1,5GG,4C,0,HR,6,3.5,464,0
1510,9480,27.71,2GA,2楷林,15.0,263.0,0.0,0.006,0.0016,0,0,0.01,0.02,0.0,0.074,18.0,0.007,0.0037,0.028,0.025,0.003,10.2,5GG,5A,0,HR,12,-0.1,400,0
1270,7880,19.56,3GC,2楷林,34.0,439.0,0.0,0.006,0.1115,1,0,0.009,0.02,0.0,0.444,28.0,0.0084,0.0027,0.027,0.026,0.001,8.7,3GB,4C,0,HR,1,-6.3,479,0
1370,8470,22.69,2GA,2楷林,61.0,337.0,0.0,0.006,0.0377,1,0,0.017,0.02,0.0,0.197,21.0,0.0078,0.0038,0.024,0.022,0.0,13.1,5GG,5A,0,HR,10,3.0,479,0
960,7610,14.28,2GA,2楷林,88.0,304.0,0.0,0.006,0.0228,0,1,0.012,0.02,0.0,0.171,13.0,0.0065,0.0039,0.022,0.02,0.0,17.4,5GG,5A,0,CR,11,10.7,269,1
1240,8200,19.88,2GC,2楷林,60.0,444.0,0.0,0.005,0.0545,0,0,0.02,0.01,0.0,0.811,29.0,0.0083,0.0033,0.029,0.028,0.001,11.9,5GG,4C,0,PO,7,2.8,432,0
1100,8890,19.12,3GC,2楷林,66.0,371.0,0.0,0.005,0.0395,19,0,0.018,0.02,0.0,0.171,17.0,0.0064,0.0033,0.022,0.021,0.0,11.0,3GB,4C,0,HR,12,1.8,451,0
1350,8750,23.09,2GA,2楷林,52.0,332.0,0.0,0.005,0.0395,0,0,0.018,0.02,0.0,0.2,20.0,0.0079,0.0035,0.025,0.023,0.0,7.8,3GB,5A,0,HR,12,-3.7,410,0
1070,9110,19.06,2GB,2楷林,25.0,345.0,0.0,0.004,0.0415,0,7,0.016,0.02,0.0,0.238,23.0,0.0103,0.0026,0.038,0.036,0.0,9.7,5GG,5A,0,PO,9,0.8,412,0
1080,11390,23.66,2GA,2楷林,58.0,284.0,15.3,0.004,0.0031,0,0,0.024,0.02,0.0,0.139,20.0,0.0097,0.004,0.027,0.026,0.001,34.4,5GG,5A,1,FH,7,28.9,332,0
960,10000,18.77,2GA,2楷林,44.0,316.0,0.0,0.004,0.0334,0,0,0.022,0.02,0.0,0.175,21.0,0.0082,0.004,0.018,0.018,0.0,8.4,5GG,5A,0,HR,6,-1.8,508,0
1280,9240,23.12,2GA,2楷林,29.0,334.0,0.0,0.005,0.0424,0,1,0.017,0.02,0.0,0.188,35.0,0.0106,0.0029,0.037,0.035,0.0,7.4,3GB,5A,0,HR,8,-0.3,646,0
1330,8510,22.13,2GB,2楷林,75.0,473.0,0.0,0.006,0.1709,0,2,0.013,0.01,0.0,0.48,34.0,0.0098,0.0033,0.018,0.017,0.001,17.4,5GG,5A,0,HR,11,6.2,457,0
1270,10160,25.23,2GA,2楷林,73.0,336.0,0.0,0.005,0.0382,0,0,0.015,0.02,0.0,0.207,20.0,0.0088,0.0036,0.018,0.016,0.0,3.5,3GB,5A,0,HGI,12,-9.6,642,0
1290,9870,24.89,2GA,2楷林,53.0,339.0,0.0,0.006,0.0404,0,0,0.014,0.01,0.0,0.194,17.0,0.0085,0.003,0.033,0.032,0.0,16.2,5GG,5A,0,HR,1,5.7,352,0
1260,9100,22.42,2GB,2楷林,47.0,438.0,0.0,0.005,0.1182,0,0,0.032,0.02,0.0,0.451,25.0,0.0123,0.0031,0.022,0.021,0.0,11.7,5GG,5A,0,HGI,4,3.2,351,0
1290,7990,19.83,2GA,2楷林,68.0,319.0,9.5,0.005,0.0388,0,0,0.016,0.02,0.0,0.187,27.0,0.009,0.0033,0.022,0.02,0.0,8.4,3GB,5A,1,HR,4,-2.2,375,0
1260,9100,22.42,2GB,2楷林,31.0,419.0,0.0,0.004,0.1143,0,1,0.021,0.02,0.0,0.46,27.0,0.0147,0.0027,0.02,0.019,0.001,1.6,2GB,5A,0,HGI,7,-4.7,679,0
1300,11850,30.12,2GA,2楷林,1.0,324.0,0.0,0.004,0.034,0,0,0.015,0.02,0.0,0.177,17.0,0.008,0.0031,0.024,0.022,0.0,13.4,5GG,5A,0,HR,6,-0.7,290,1
1560,8840,25.89,2GA,2楷林,4.0,257.0,7.9,0.007,0.0021,0,0,0.017,0.02,0.0,0.064,23.0,0.0062,0.0034,0.03,0.029,0.003,3.3,3GB,5A,1,EG,11,-3.7,437,0
1030,7610,15.32,2GA,2楷林,27.0,360.0,0.0,0.004,0.0629,0,0,0.012,0.02,0.0,0.353,24.0,0.0068,0.0024,0.04,0.039,0.0,4.8,3GB,5A,0,CR,9,-5.8,491,0
1100,7500,16.13,2GD,2楷林,72.0,451.0,0.0,0.006,0.0606,0,0,0.017,0.02,0.0,0.813,41.0,0.0068,0.0021,0.038,0.037,0.0,10.8,3GB,4C,0,PO,1,-3.9,377,0
980,6850,13.12,3GC,2楷林,67.0,457.0,0.0,0.005,0.0618,0,1,0.023,0.03,0.0,0.77,26.0,0.0128,0.0034,0.032,0.032,0.001,9.2,3GB,4C,0,PO,7,-1.9,453,0
1340,9670,24.95,2GB,2楷林,29.0,351.0,0.0,0.006,0.0372,11,0,0.016,0.02,0.0,0.187,24.0,0.009,0.0028,0.019,0.018,0.0,22.5,3GB,5A,0,HR,4,8.5,370,0
1270,10510,26.09,2GD,2楷林,33.0,333.0,0.0,0.004,0.035,0,0,0.012,0.02,0.0,0.202,14.0,0.0098,0.003,0.028,0.027,0.0,8.4,5GG,4C,0,HGI,7,2.2,466,0
1500,11080,31.29,2GA,2楷林,30.0,323.0,13.9,0.005,0.0014,5,1,0.052,0.02,0.0,0.191,18.0,0.0432,0.0092,0.037,0.035,0.001,4.7,3GB,5A,1,FH,12,-2.1,249,1
1240,9550,23.15,2GA,2楷林,31.0,339.0,0.0,0.005,0.0382,0,0,0.012,0.02,0.0,0.191,16.0,0.0085,0.0034,0.024,0.023,0.0,8.3,5GG,5A,0,HGI,7,-2.8,590,0
1390,11810,32.09,2GD,2楷林,54.0,273.0,0.0,0.005,0.0014,0,0,0.013,0.02,0.0,0.089,13.0,0.0104,0.003,0.033,0.032,0.001,5.8,5GG,4C,0,CR,8,-2.6,671,0
1350,7880,20.8,2GB,2楷林,52.0,421.0,0.0,0.006,0.1173,0,0,0.018,0.02,0.0,0.305,33.0,0.0097,0.0029,0.027,0.026,0.0,10.7,5GG,5A,0,HGI,11,-4.0,588,0
1250,9010,22.02,2GB,2楷林,53.0,460.0,0.0,0.005,0.063,0,2,0.011,0.02,0.0,0.839,28.0,0.0106,0.0025,0.026,0.025,0.001,9.8,3GB,5A,0,PO,12,-4.5,355,0
1200,8360,19.61,2GA,2楷林,57.0,344.0,0.0,0.006,0.0407,0,3,0.016,0.02,0.0,0.214,16.0,0.0083,0.0033,0.018,0.017,0.0,6.9,3GB,5A,0,HGI,10,-1.9,640,0
1520,10300,30.61,2GA,2楷林,6.0,328.0,0.0,0.005,0.0375,0,0,0.01,0.02,0.0,0.194,29.0,0.0087,0.0027,0.017,0.015,0.0,13.2,5GG,5A,0,HR,3,1.0,360,0
1370,11480,30.75,3GC,2楷林,61.0,274.0,0.0,0.005,0.0023,0,0,0.014,0.02,0.0,0.101,16.0,0.0093,0.0038,0.03,0.029,0.001,20.5,3GB,4C,0,GI,12,11.4,244,1
1300,9120,23.18,2GA,2楷林,17.0,330.0,0.0,0.005,0.0373,0,0,0.011,0.02,0.0,0.202,30.0,0.0108,0.0026,0.027,0.026,0.0,15.2,5GG,5A,0,HR,4,4.1,420,0
1270,9700,24.08,2GC,2楷林,16.0,538.0,0.0,0.006,0.1423,0,0,0.021,0.02,0.0,1.194,33.0,0.0119,0.0028,0.02,0.018,0.001,7.1,5GG,4C,0,HR,10,0.1,442,0
1000,9920,19.39,2GA,2楷林,70.0,343.0,0.0,0.005,0.0446,0,0,0.009,0.02,0.0,0.195,26.0,0.0092,0.0021,0.024,0.022,0.0,4.0,5GG,5A,0,HGI,9,-1.6,598,0
1080,6570,13.87,3GC,2楷林,60.0,527.0,0.0,0.005,0.129,0,0,0.019,0.02,0.0,0.901,24.0,0.0115,0.0031,0.027,0.026,0.001,5.8,3GB,4C,0,PO,6,-2.0,518,0
980,11770,22.55,2GA,2楷林,53.0,303.0,0.0,0.005,0.023,0,0,0.021,0.02,0.0,0.183,21.0,0.0083,0.0041,0.022,0.022,0.0,8.2,5GG,5A,0,CR,8,-2.9,539,0
1290,8770,22.12,2GA,2楷林,20.0,338.0,0.0,0.006,0.0384,0,1,0.036,0.01,0.0,0.197,20.0,0.008,0.0032,0.035,0.034,0.0,8.6,5GG,5A,0,HGI,2,-3.7,409,0
990,9890,19.14,2GA,2楷林,80.0,395.0,0.0,0.005,0.0656,1,1,0.013,0.02,0.0,0.481,40.0,0.0085,0.003,0.036,0.035,0.001,3.9,3GB,5A,0,BP,5,-6.9,629,0
1500,11870,34.81,3GC,2楷林,8.0,295.0,0.0,0.006,0.0177,0,0,0.018,0.02,0.0,0.191,25.0,0.0084,0.0037,0.017,0.016,0.0,5.2,3GB,4C,0,CR,12,-8.0,677,0
1540,11540,34.74,2GC,2楷林,17.0,307.0,0.0,0.005,0.0014,6,1,0.054,0.02,0.0,0.198,19.0,0.043,0.0097,0.038,0.037,0.001,9.9,5GG,4C,0,GA,2,-1.1,346,0
1460,11800,33.68,2GD,2楷林,16.0,442.0,0.0,0.006,0.1735,0,0,0.015,0.02,0.0,0.297,27.0,0.0093,0.0028,0.027,0.025,0.0,8.0,3GB,4C,0,HR,10,0.8,553,0
1250,9090,22.21,2GA,2楷林,101.0,332.0,0.0,0.005,0.039,0,0,0.012,0.02,0.0,0.204,32.0,0.0119,0.0027,0.03,0.03,0.001,4.4,5GG,5A,0,HR,5,-8.0,800,0
1200,11600,27.21,2GA,2楷林,40.0,269.0,0.0,0.004,0.0019,0,0,0.012,0.02,0.0,0.096,16.0,0.01,0.0029,0.029,0.027,0.001,6.5,3GB,5A,0,CR,8,-6.1,519,0
1150,9810,22.06,2GA,2楷林,50.0,332.0,0.0,0.004,0.0371,0,0,0.017,0.02,0.0,0.186,23.0,0.0079,0.0028,0.033,0.032,0.0,6.9,5GG,5A,0,HR,8,-1.1,666,0
1420,11650,32.34,2GC,2楷林,40.0,272.0,0.0,0.005,0.002,0,0,0.014,0.02,0.0,0.101,12.0,0.0092,0.0038,0.035,0.033,0.001,11.3,5GG,4C,0,CR,3,-1.4,459,0
1030,11850,23.86,2GB,2楷林,60.0,352.0,0.0,0.005,0.0573,0,1,0.018,0.02,0.0,0.348,26.0,0.0063,0.003,0.039,0.038,0.0,9.4,5GG,5A,0,CR,8,4.5,607,0
1380,11800,31.84,2GA,2楷林,32.0,364.0,0.0,0.004,0.044,13,0,0.015,0.02,0.0,0.198,21.0,0.0116,0.0037,0.026,0.024,0.0,6.4,5GG,5A,0,CR,9,-4.7,600,0
1240,10290,24.95,2GA,2楷林,58.0,346.0,0.0,0.004,0.0341,11,0,0.016,0.02,0.0,0.198,20.0,0.0075,0.0027,0.025,0.024,0.0,9.1,5GG,5A,0,HR,5,-0.6,442,0
1380,9650,26.03,2GC,2楷林,4.0,383.0,0.0,0.004,0.0792,0,0,0.012,0.02,0.0,0.441,29.0,0.0099,0.003,0.018,0.017,0.0,10.1,3GB,4C,0,HR,3,1.6,502,0
1220,11780,28.1,2GA,2楷林,20.0,453.0,0.0,0.006,0.0583,0,0,0.014,0.02,0.0,0.791,30.0,0.0091,0.0028,0.025,0.022,0.001,8.7,5GG,5A,0,PO,12,-2.1,528,0
1110,7080,15.36,2GA,2楷林,48.0,349.0,0.0,0.005,0.0545,0,0,0.019,0.02,0.0,0.349,24.0,0.0074,0.0021,0.035,0.034,0.0,10.5,5GG,5A,0,CR,3,4.6,547,0
1570,7190,22.07,2GA,2楷林,14.0,322.0,0.0,0.004,0.032,0,0,0.015,0.02,0.0,0.195,22.0,0.0067,0.0032,0.026,0.025,0.0,5.9,5GG,5A,0,HR,7,-2.5,631,0
1280,9020,22.57,2GC,2楷林,49.0,330.0,0.0,0.006,0.0435,0,0,0.012,0.02,0.0,0.19,23.0,0.0061,0.0031,0.029,0.028,0.0,4.6,5GG,4C,0,HR,3,-1.8,555,0
1270,9590,23.81,2GA,2楷林,42.0,449.0,0.0,0.007,0.0564,0,0,0.022,0.02,0.0,0.792,31.0,0.0083,0.0026,0.036,0.034,0.001,6.0,3GB,5A,0,PO,11,2.6,492,0
1420,8750,23.9,2GA,2楷林,10.0,269.0,7.0,0.006,0.0012,0,2,0.021,0.03,0.0,0.074,17.0,0.0106,0.0046,0.037,0.034,0.002,3.3,3GB,5A,1,GI,11,-5.0,463,0
1150,9840,22.12,2GA,2楷林,54.0,329.0,0.0,0.003,0.035,0,3,0.012,0.02,0.0,0.179,11.0,0.0095,0.0037,0.024,0.023,0.0,6.0,3GB,5A,0,HR,8,-2.1,668,0
1410,9950,27.43,2GA,2楷林,2.0,256.0,0.0,0.006,0.0019,0,0,0.01,0.02,0.0,0.06,14.0,0.008,0.0032,0.023,0.022,0.002,11.1,3GB,5A,0,CR,2,3.0,326,0
1290,7990,19.83,2GA,2楷林,34.0,321.0,8.0,0.005,0.0393,0,0,0.011,0.02,0.0,0.187,20.0,0.0093,0.0032,0.02,0.019,0.0,9.8,3GB,5A,1,HR,4,0.4,327,0
1280,9470,23.7,2GB,2楷林,31.0,473.0,0.0,0.006,0.071,1,0,0.012,0.02,0.0,0.604,39.0,0.0188,0.003,0.03,0.028,0.001,3.8,5GG,5A,0,GI,10,-5.1,669,0
1420,7890,21.9,2GC,2楷林,6.0,298.0,0.0,0.006,0.0183,0,9,0.015,0.02,0.0,0.197,15.0,0.01,0.0031,0.021,0.02,0.0,12.8,5GG,4C,0,CR,11,1.7,423,0
1370,11810,31.63,2GC,2楷林,9.0,531.0,0.0,0.005,0.0781,5,2,0.014,0.02,0.0,0.894,37.0,0.0194,0.0024,0.028,0.028,0.001,10.1,5GG,4C,0,GI,5,5.4,354,0
1260,8980,22.12,2GA,2楷林,82.0,333.0,0.0,0.006,0.0409,0,0,0.026,0.02,0.0,0.191,23.0,0.0099,0.0031,0.027,0.026,0.0,12.2,5GG,5A,0,HR,3,-2.4,388,0
1420,9000,24.98,3GC,2楷林,24.0,254.0,0.0,0.007,0.0021,0,0,0.015,0.02,0.0,0.067,16.0,0.007,0.0038,0.035,0.033,0.003,5.0,3GB,4C,0,CR,11,-4.6,526,0
1300,10000,25.42,2GB,2楷林,58.0,397.0,0.0,0.007,0.0796,0,0,0.013,0.02,0.0,0.426,34.0,0.0065,0.0033,0.027,0.026,0.0,6.6,5GG,5A,0,HR,11,0.9,637,0
1290,10360,26.13,2GA,2楷林,38.0,317.0,0.0,0.004,0.042,0,0,0.033,0.03,0.0,0.183,19.0,0.0111,0.0039,0.03,0.029,0.0,6.2,5GG,5A,0,CR,8,-3.4,610,0
1510,9750,28.78,2GB,2楷林,13.0,431.0,0.0,0.004,0.1226,0,0,0.013,0.02,0.0,0.452,27.0,0.0097,0.0027,0.034,0.033,0.0,10.7,5GG,5A,0,HR,6,1.2,596,0
1350,10510,27.33,3GC,2楷林,14.0,256.0,0.0,0.005,0.0021,0,0,0.019,0.03,0.0,0.1,20.0,0.0086,0.0034,0.03,0.029,0.003,3.2,3GB,4C,0,CR,5,-6.3,450,0
1370,11840,31.2,2GA,2楷林,50.0,300.0,8.1,0.005,0.0018,0,0,0.093,0.02,0.0,0.146,21.0,0.0169,0.0099,0.031,0.03,0.0,9.5,3GB,5A,1,GI,5,2.9,339,0
1340,11630,30.47,2GA,2楷林,11.0,278.0,0.0,0.004,0.0019,0,0,0.023,0.02,0.0,0.086,12.0,0.0104,0.0033,0.023,0.022,0.002,4.3,3GB,5A,0,GA,6,-1.4,500,0
1380,8560,22.84,3GC,2楷林,49.0,333.0,0.0,0.004,0.0337,0,3,0.019,0.02,0.0,0.177,16.0,0.0074,0.0036,0.019,0.018,0.0,10.9,3GB,4C,0,HGI,3,2.8,429,0
1130,11610,24.9,2GC,2楷林,86.0,272.0,6.3,0.005,0.0024,0,0,0.025,0.02,0.0,0.097,19.0,0.0096,0.004,0.032,0.03,0.001,7.9,3GB,4C,1,GA,6,-4.6,303,0
960,8950,16.8,2GC,2楷林,80.0,347.0,0.0,0.005,0.0383,11,0,0.01,0.02,0.0,0.198,22.0,0.0108,0.0035,0.031,0.03,0.0,13.4,3GB,4C,0,CR,6,4.9,301,0
1570,11370,34.9,3GC,2楷林,46.0,271.0,0.0,0.005,0.0014,0,1,0.009,0.01,0.0,0.099,15.0,0.0096,0.0029,0.035,0.032,0.001,4.8,3GB,4C,0,CR,5,-2.7,552,0
1400,9290,25.06,2GD,2楷林,3.0,298.0,0.0,0.006,0.0183,0,0,0.015,0.02,0.0,0.189,20.0,0.0079,0.0035,0.024,0.023,0.0,5.9,5GG,4C,0,CR,5,-3.3,609,0
1150,8090,17.87,2GA,2楷林,60.0,454.0,0.0,0.005,0.0561,0,0,0.016,0.02,0.0,0.801,33.0,0.0107,0.0024,0.031,0.03,0.001,5.1,5GG,5A,0,PO,6,-5.0,501,0
1510,8360,24.68,2GB,2楷林,8.0,547.0,0.0,0.006,0.1421,0,0,0.02,0.03,0.0,0.897,30.0,0.0123,0.0027,0.021,0.02,0.001,5.5,3GB,5A,0,HR,1,-2.6,634,0
1090,8970,19.11,2GA,2楷林,29.0,335.0,0.0,0.005,0.0417,0,0,0.025,0.03,0.0,0.187,21.0,0.0132,0.0031,0.024,0.023,0.0,9.0,5GG,5A,0,HR,5,-2.3,466,0
1260,8170,20.13,2GB,2楷林,3.0,368.0,0.0,0.004,0.0385,20,0,0.011,0.02,0.0,0.187,11.0,0.0107,0.0032,0.026,0.024,0.0,4.8,5GG,5A,0,HR,4,-7.7,489,0
1260,9410,23.18,2GA,2楷林,45.0,331.0,0.0,0.005,0.0382,0,0,0.008,0.02,0.0,0.187,19.0,0.009,0.0042,0.022,0.021,0.0,9.9,5GG,5A,0,HR,4,-4.0,632,0
970,8250,15.39,2GA,2楷林,44.0,323.0,8.4,0.005,0.0345,0,0,0.014,0.02,0.0,0.185,21.0,0.0068,0.0029,0.027,0.026,0.0,8.0,3GB,5A,1,CR,9,-0.2,200,1
1180,10570,24.38,2GC,2楷林,80.0,427.0,0.0,0.004,0.1211,0,0,0.014,0.02,0.0,0.312,26.0,0.0121,0.0029,0.023,0.022,0.0,7.2,3GB,4C,0,HGI,8,-1.6,479,0
1360,9090,23.78,2GC,2楷林,20.0,364.0,11.7,0.004,0.0591,0,0,0.013,0.02,0.0,0.339,26.0,0.0102,0.0024,0.038,0.036,0.0,2.1,3GB,4C,1,HR,8,-5.6,424,0
1350,6880,17.96,2GB,2楷林,11.0,519.0,0.0,0.006,0.1839,0,0,0.014,0.02,0.0,0.457,37.0,0.0116,0.0029,0.023,0.021,0.002,16.2,5GG,5A,0,HGI,10,4.3,355,0
1290,8770,22.12,2GA,2楷林,38.0,304.0,0.0,0.006,0.0195,0,6,0.01,0.02,0.0,0.194,16.0,0.0074,0.0092,0.023,0.021,0.0,5.1,5GG,5A,0,HR,4,-1.3,536,0
1240,10890,26.4,2GA,2楷林,45.0,341.0,0.0,0.005,0.0415,0,0,0.015,0.02,0.01,0.185,28.0,0.0098,0.0028,0.026,0.026,0.0,8.5,5GG,5A,0,HGI,9,-4.6,443,0
1100,9330,20.06,2GA,2楷林,57.0,349.0,0.0,0.005,0.0354,11,1,0.018,0.02,0.0,0.242,20.0,0.0086,0.0043,0.037,0.036,0.0,15.1,5GG,5A,0,HR,1,2.9,435,0
960,9090,17.06,2GC,2楷林,77.0,400.0,0.0,0.005,0.07,0,0,0.025,0.02,0.0,0.495,31.0,0.0129,0.0034,0.041,0.039,0.001,12.4,5GG,4C,0,BP,3,2.5,349,0
1560,11470,34.98,2GA,2楷林,6.0,263.0,0.0,0.005,0.0014,0,0,0.011,0.01,0.0,0.073,17.0,0.0096,0.0033,0.031,0.029,0.002,15.8,5GG,5A,0,GA,6,7.4,310,0
1240,8010,19.42,2GB,2楷林,9.0,348.0,0.0,0.006,0.0508,0,0,0.01,0.02,0.0,0.314,30.0,0.0081,0.0027,0.029,0.028,0.0,9.3,5GG,5A,0,HR,11,3.3,422,0
1360,11500,30.58,2GB,2楷林,9.0,452.0,0.0,0.005,0.0608,0,1,0.022,0.02,0.0,0.81,39.0,0.0152,0.0026,0.042,0.04,0.001,8.6,5GG,5A,0,PO,7,1.6,497,0
1060,10610,21.99,2GA,2楷林,86.0,354.0,0.0,0.005,0.0596,0,0,0.012,0.01,0.0,0.359,21.0,0.0065,0.0032,0.04,0.039,0.0,7.9,5GG,5A,0,CR,12,-3.3,501,0
1410,7790,21.47,2GB,2楷林,46.0,331.0,0.0,0.006,0.0378,0,0,0.009,0.02,0.0,0.182,14.0,0.0104,0.0037,0.022,0.021,0.0,4.5,5GG,5A,0,HR,2,-1.8,638,0
1190,6530,15.19,2GA,2楷林,35.0,345.0,0.0,0.005,0.0443,0,0,0.015,0.02,0.0,0.184,20.0,0.0087,0.0039,0.037,0.036,0.0,10.1,5GG,5A,0,HR,3,5.9,531,0
1400,11420,30.76,2GC,2楷林,11.0,274.0,10.2,0.006,0.0015,0,0,0.014,0.02,0.0,0.098,19.0,0.0096,0.0027,0.032,0.03,0.001,2.4,3GB,4C,1,GI,1,-6.3,375,0
1270,10910,27.09,3GC,2楷林,11.0,256.0,0.0,0.004,0.0027,0,0,0.008,0.02,0.0,0.079,21.0,0.0107,0.0036,0.027,0.026,0.003,4.5,3GB,4C,0,HR,6,-3.2,700,0
1140,11070,24.67,2GC,2楷林,46.0,304.0,0.0,0.007,0.0014,5,0,0.052,0.02,0.0,0.198,16.0,0.0449,0.009,0.033,0.032,0.001,9.5,5GG,4C,0,HR,1,-1.1,561,0
940,9800,18.01,2GA,2楷林,67.0,398.0,0.0,0.006,0.0682,0,0,0.03,0.02,0.0,0.491,25.0,0.011,0.0035,0.041,0.04,0.001,14.5,3GB,5A,0,BP,5,3.7,307,0
1240,10180,24.68,2GA,2楷林,9.0,464.0,0.0,0.004,0.0626,1,1,0.016,0.02,0.0,0.802,28.0,0.0146,0.0023,0.024,0.024,0.001,18.2,3GB,5A,1,PO,8,6.4,186,1
1310,10760,27.56,2GC,2楷林,47.0,270.0,0.0,0.005,0.0018,1,0,0.024,0.02,0.01,0.087,17.0,0.0122,0.004,0.026,0.023,0.002,4.9,3GB,4C,0,HR,7,0.2,463,0
1030,7610,15.32,2GA,2楷林,42.0,350.0,0.0,0.004,0.0556,0,0,0.023,0.01,0.0,0.342,34.0,0.0072,0.0031,0.039,0.038,0.0,4.6,3GB,5A,0,CR,9,-3.7,644,0
1270,9890,24.17,2GB,2楷林,15.0,530.0,0.0,0.007,0.1334,0,2,0.012,0.02,0.0,1.184,33.0,0.0109,0.002,0.016,0.014,0.001,10.7,5GG,5A,0,HR,11,-0.7,541,0
1040,9440,19.19,2GB,2楷林,39.0,342.0,0.0,0.006,0.0414,0,0,0.016,0.02,0.0,0.206,22.0,0.0057,0.0041,0.021,0.019,0.0,5.1,5GG,5A,0,HGI,12,0.4,696,0
1090,10840,23.1,2GA,2楷林,99.0,301.0,0.0,0.005,0.0013,0,1,0.011,0.05,0.02,0.133,14.0,0.0507,0.0031,0.026,0.025,0.0,16.4,5GG,5A,0,GI,4,4.1,246,1
1570,11400,34.43,2GA,2楷林,33.0,303.0,12.1,0.006,0.0015,0,0,0.021,0.06,0.02,0.141,16.0,0.0492,0.0035,0.031,0.03,0.0,8.4,3GB,5A,1,GI,2,-2.3,268,1
1150,9850,22.15,2GA,2楷林,75.0,330.0,0.0,0.005,0.041,0,1,0.019,0.02,0.0,0.185,20.0,0.0113,0.0038,0.022,0.022,0.0,4.4,3GB,5A,0,HR,6,-6.7,691,0
1210,8440,19.97,2GC,2楷林,29.0,423.0,0.0,0.005,0.119,0,0,0.01,0.02,0.0,0.321,23.0,0.0096,0.0032,0.024,0.022,0.0,5.7,5GG,4C,0,HGI,7,0.1,505,0
1050,11720,24.06,2GA,2楷林,31.0,254.0,0.0,0.004,0.0019,0,0,0.012,0.02,0.0,0.062,15.0,0.0078,0.0032,0.026,0.025,0.002,8.5,3GB,5A,0,CR,9,0.0,437,0
1180,11270,25.67,3GC,2楷林,35.0,281.0,0.0,0.004,0.002,0,0,0.013,0.02,0.0,0.108,20.0,0.0093,0.0029,0.031,0.029,0.002,9.4,3GB,4C,0,CR,3,-1.4,512,0
1390,9520,25.87,2GA,2楷林,15.0,508.0,0.0,0.005,0.1759,0,0,0.012,0.02,0.0,0.484,33.0,0.0115,0.0024,0.026,0.024,0.001,36.0,3GB,5A,0,HGI,10,24.4,330,0
1530,11680,34.71,3GC,2楷林,32.0,272.0,0.0,0.006,0.0012,0,0,0.012,0.02,0.0,0.088,16.0,0.0105,0.0031,0.02,0.017,0.001,11.7,3GB,4C,0,GI,12,0.0,456,0
1570,8160,25.05,3GC,2楷林,14.0,326.0,0.0,0.007,0.0399,0,0,0.022,0.02,0.0,0.198,29.0,0.0064,0.0037,0.028,0.026,0.0,3.7,3GB,4C,0,HR,11,-4.4,713,0
1330,10070,26.18,3GC,2楷林,21.0,336.0,0.0,0.005,0.036,0,0,0.011,0.02,0.0,0.206,20.0,0.0073,0.0027,0.027,0.025,0.0,12.8,3GB,4C,0,HGI,2,2.8,420,0
1340,11870,31.1,2GD,2楷林,22.0,317.0,0.0,0.007,0.0459,0,1,0.012,0.03,0.0,0.142,21.0,0.0099,0.003,0.02,0.019,0.0,14.4,5GG,4C,0,CR,1,3.9,308,0
1300,8880,22.57,2GA,2楷林,15.0,333.0,0.0,0.006,0.0381,0,0,0.012,0.02,0.0,0.195,17.0,0.0096,0.0043,0.028,0.026,0.0,16.2,5GG,5A,0,HR,12,4.6,342,0
1390,9730,26.44,2GA,2楷林,31.0,344.0,0.0,0.006,0.046,0,0,0.01,0.02,0.0,0.186,11.0,0.009,0.0029,0.03,0.029,0.0,15.6,5GG,5A,0,HGI,4,7.8,272,1
1260,9370,23.08,2GA,2楷林,2.0,327.0,0.0,0.004,0.0421,0,0,0.021,0.03,0.0,0.188,18.0,0.0111,0.0037,0.027,0.027,0.0,2.7,5GG,5A,0,HR,9,-8.7,766,0
1150,9260,20.37,3GC,2楷林,73.0,342.0,0.0,0.005,0.0402,0,0,0.012,0.02,0.0,0.193,15.0,0.0108,0.0036,0.029,0.028,0.0,8.6,3GB,4C,0,HR,2,-5.6,351,0
1300,11700,29.74,2GA,2楷林,38.0,341.0,0.0,0.005,0.0436,0,0,0.012,0.02,0.0,0.207,18.0,0.0103,0.0031,0.025,0.024,0.0,8.7,3GB,5A,0,HGI,12,0.9,434,0
1380,11280,30.43,2GA,2楷林,22.0,324.0,0.0,0.004,0.0352,0,6,0.022,0.02,0.0,0.167,17.0,0.0063,0.0044,0.021,0.02,0.001,4.4,5GG,5A,0,HR,7,-4.6,677,0
1510,10550,31.14,3GC,2楷林,10.0,272.0,0.0,0.006,0.0019,0,0,0.01,0.02,0.0,0.1,14.0,0.0098,0.0028,0.021,0.019,0.001,2.8,3GB,4C,0,GI,1,-7.7,704,0
1290,9080,22.9,2GA,2楷林,66.0,345.0,0.0,0.005,0.043,0,0,0.011,0.02,0.0,0.199,14.0,0.011,0.0029,0.027,0.026,0.0,15.8,5GG,5A,0,HGI,3,0.4,505,0
1010,8420,16.63,2GD,2楷林,45.0,338.0,0.0,0.005,0.0324,11,0,0.008,0.02,0.0,0.194,27.0,0.0109,0.0028,0.023,0.022,0.0,2.0,5GG,4C,0,CR,4,-7.8,708,0
1290,9150,23.08,2GA,2楷林,50.0,341.0,0.0,0.006,0.0396,0,0,0.013,0.03,0.0,0.209,22.0,0.0087,0.0029,0.026,0.024,0.0,7.0,5GG,5A,0,HGI,2,-2.1,549,0
1160,7450,16.9,2GB,2楷林,56.0,473.0,0.0,0.004,0.0711,0,4,0.014,0.02,0.0,0.585,29.0,0.0196,0.0025,0.026,0.025,0.001,10.7,5GG,5A,0,GI,9,0.2,448,0
1280,10640,26.2,2GA,2楷林,20.0,313.0,11.9,0.006,0.0015,5,0,0.054,0.03,0.0,0.186,19.0,0.0445,0.0089,0.034,0.033,0.001,0.9,3GB,5A,1,GI,3,-9.5,400,0
1290,11870,29.94,2GC,2楷林,12.0,319.0,0.0,0.007,0.0318,0,11,0.008,0.02,0.0,0.178,19.0,0.0073,0.0032,0.028,0.026,0.0,12.6,5GG,4C,0,HR,2,4.2,317,0
930,11610,21.11,2GA,2楷林,84.0,300.0,0.0,0.004,0.0025,14,0,0.065,0.06,0.0,0.535,24.0,0.0141,0.0028,0.025,0.024,0.001,2.8,3GB,5A,0,BP,7,0.0,733,0
1420,10380,28.35,2GA,2楷林,32.0,341.0,8.0,0.005,0.0387,0,0,0.014,0.02,0.0,0.193,18.0,0.0101,0.0038,0.024,0.023,0.0,3.3,3GB,5A,1,PO,12,-8.6,232,1
1260,9660,23.8,2GA,2楷林,10.0,355.0,0.0,0.004,0.0425,11,0,0.009,0.01,0.0,0.194,14.0,0.0068,0.0029,0.026,0.025,0.0,13.1,5GG,5A,0,CR,8,1.7,468,0
1110,9730,21.11,2GB,2楷林,47.0,494.0,0.0,0.007,0.1902,0,1,0.011,0.02,0.0,0.448,31.0,0.0084,0.0029,0.024,0.023,0.0,8.1,5GG,5A,0,HR,1,-6.8,405,0
1560,11310,34.49,2GA,2楷林,14.0,340.0,0.0,0.005,0.0398,0,3,0.016,0.02,0.0,0.197,20.0,0.0091,0.0039,0.017,0.015,0.0,5.5,5GG,5A,0,PO,12,1.2,357,0
1290,8800,22.19,3GC,2楷林,38.0,339.0,0.0,0.004,0.0358,0,0,0.017,0.02,0.0,0.181,21.0,0.008,0.0033,0.035,0.035,0.0,5.4,3GB,4C,0,HR,8,-5.8,614,0
1180,6330,14.6,2GB,2楷林,47.0,415.0,0.0,0.006,0.1147,0,0,0.025,0.02,0.0,0.293,32.0,0.0124,0.0043,0.02,0.018,0.001,9.7,5GG,5A,0,HGI,10,-3.1,587,0
1330,9680,25.17,3GC,2楷林,5.0,486.0,0.0,0.006,0.1867,0,0,0.016,0.02,0.0,0.472,26.0,0.0098,0.0031,0.029,0.028,0.0,11.2,3GB,4C,0,HR,1,1.2,475,0
1260,11300,27.84,2GB,2楷林,1.0,329.0,0.0,0.006,0.0406,0,0,0.012,0.02,0.0,0.207,25.0,0.0089,0.0033,0.024,0.023,0.0,9.6,3GB,5A,0,HR,3,-2.4,470,0
1370,11640,31.18,2GC,2楷林,3.0,489.0,0.0,0.004,0.0758,2,1,0.012,0.01,0.0,1.283,41.0,0.0063,0.0017,0.021,0.021,0.001,11.3,5GG,4C,0,PO,6,2.3,420,0
1110,11050,23.98,2GA,2楷林,123.0,339.0,0.0,0.005,0.0393,0,0,0.019,0.02,0.0,0.195,17.0,0.0072,0.0037,0.025,0.024,0.0,7.7,5GG,5A,0,CR,5,-4.2,639,0
1040,9880,20.09,2GA,2楷林,33.0,331.0,0.0,0.005,0.0387,0,0,0.021,0.02,0.0,0.19,19.0,0.0088,0.0043,0.024,0.022,0.0,12.2,5GG,5A,0,HR,8,5.7,512,0
1570,10390,31.89,2GD,2楷林,62.0,325.0,0.0,0.007,0.0359,0,0,0.02,0.02,0.0,0.197,23.0,0.0089,0.003,0.03,0.029,0.0,15.4,2GB,4C,0,HR,10,-0.1,385,0
960,9830,18.45,2GA,2楷林,32.0,328.0,0.0,0.006,0.0403,0,0,0.02,0.01,0.0,0.2,20.0,0.0068,0.0035,0.025,0.023,0.0,16.1,5GG,5A,0,FH,11,6.1,186,1
1270,9290,23.07,2GC,2楷林,11.0,425.0,0.0,0.006,0.1165,0,0,0.01,0.02,0.0,0.457,36.0,0.0093,0.0034,0.024,0.022,0.0,8.3,5GG,4C,0,HR,1,-6.5,557,0
1510,7590,21.65,2GC,2楷林,5.0,250.0,5.3,0.004,0.0014,0,0,0.011,0.02,0.0,0.065,15.0,0.0062,0.0033,0.03,0.028,0.004,6.8,3GB,4C,1,HR,8,3.3,345,0
1310,11810,30.25,3GC,2楷林,25.0,479.0,0.0,0.004,0.1559,0,2,0.014,0.02,0.0,0.819,27.0,0.0083,0.0021,0.027,0.024,0.001,6.8,3GB,4C,0,GI,5,-9.6,632,0
1020,9660,19.26,2GC,2楷林,78.0,453.0,0.0,0.005,0.1475,0,0,0.014,0.02,0.0,0.502,32.0,0.0103,0.0021,0.028,0.026,0.0,13.9,5GG,4C,0,HR,11,0.4,427,0
1020,8930,17.81,2GC,2楷林,32.0,341.0,0.0,0.004,0.0355,0,0,0.025,0.02,0.0,0.183,18.0,0.0085,0.003,0.021,0.019,0.0,8.2,5GG,4C,0,PO,6,0.2,499,0
1520,9600,27.84,2GA,2楷林,45.0,289.0,8.8,0.006,0.0022,0,1,0.016,0.02,0.0,0.136,26.0,0.0097,0.0031,0.022,0.021,0.001,14.9,3GB,5A,1,HR,2,2.2,332,0
1340,11500,30.13,2GA,2楷林,33.0,334.0,0.0,0.006,0.034,0,0,0.012,0.01,0.0,0.193,23.0,0.0093,0.0026,0.023,0.022,0.0,12.7,5GG,5A,0,HGI,2,0.8,453,0
1240,11620,28.17,2GD,2楷林,74.0,459.0,0.0,0.005,0.004,11,1,0.099,0.02,0.06,0.56,23.0,0.0812,0.0098,0.053,0.052,0.002,6.3,3GB,4C,0,GA,5,1.5,396,0
1390,11020,29.95,2GA,2楷林,37.0,324.0,8.7,0.006,0.0366,0,0,0.023,0.02,0.0,0.192,18.0,0.0081,0.0036,0.02,0.02,0.0,10.3,5GG,5A,1,HR,2,3.8,503,0
1070,11070,23.16,2GD,2楷林,85.0,300.0,0.0,0.005,0.0018,0,1,0.098,0.02,0.0,0.141,14.0,0.0198,0.0086,0.033,0.032,0.0,4.8,5GG,4C,0,FH,6,-2.7,695,0
1220,8210,19.58,2GA,2楷林,45.0,345.0,0.0,0.004,0.0381,0,0,0.024,0.02,0.0,0.189,25.0,0.0096,0.0028,0.031,0.029,0.0,6.6,5GG,5A,0,HR,8,1.2,671,0
1260,9410,23.18,2GA,2楷林,59.0,335.0,0.0,0.004,0.0421,0,0,0.021,0.03,0.0,0.191,23.0,0.0092,0.0034,0.026,0.026,0.0,2.8,3GB,5A,0,HR,9,-7.2,771,0
1390,11670,31.71,2GA,2楷林,38.0,353.0,0.0,0.006,0.0384,13,0,0.018,0.02,0.0,0.198,16.0,0.0068,0.0034,0.022,0.022,0.0,9.2,5GG,5A,0,CR,1,-0.3,493,0
1260,9370,23.08,2GD,2楷林,59.0,340.0,0.0,0.004,0.0363,0,0,0.023,0.02,0.0,0.197,22.0,0.0079,0.0034,0.034,0.032,0.0,8.0,3GB,4C,0,PO,9,-0.5,498,0
1430,11670,32.63,2GD,2楷林,29.0,272.0,0.0,0.005,0.0016,0,0,0.013,0.02,0.0,0.097,14.0,0.0107,0.0031,0.034,0.033,0.001,5.8,5GG,4C,0,GI,8,-1.7,703,0
1320,8430,21.75,2GA,2楷林,29.0,298.0,0.0,0.005,0.0176,0,0,0.02,0.02,0.0,0.187,16.0,0.0079,0.0037,0.025,0.024,0.0,8.0,3GB,5A,0,HR,12,-4.6,583,0
1370,10400,27.85,2GB,2楷林,24.0,444.0,0.0,0.005,0.0588,0,0,0.01,0.02,0.0,0.798,28.0,0.0088,0.0023,0.026,0.024,0.0,15.6,5GG,5A,0,PO,12,-2.3,345,0
1570,11400,34.99,3GC,2楷林,56.0,330.0,0.0,0.004,0.0344,0,0,0.019,0.05,0.0,0.191,32.0,0.011,0.0033,0.035,0.033,0.0,10.5,3GB,4C,0,HR,8,-4.0,496,0
1020,10800,21.54,2GA,2楷林,105.0,341.0,0.0,0.006,0.0422,0,0,0.023,0.03,0.0,0.306,27.0,0.009,0.0034,0.025,0.023,0.0,6.0,5GG,5A,0,HR,10,-1.7,520,0
1240,11620,28.17,2GA,2楷林,52.0,341.0,0.0,0.006,0.0413,0,0,0.008,0.02,0.0,0.206,16.0,0.0112,0.0032,0.017,0.017,0.0,11.7,5GG,5A,0,HGI,4,-0.2,506,0
1240,6970,16.56,2GA,2楷林,46.0,334.0,0.0,0.006,0.0416,0,0,0.023,0.01,0.0,0.151,18.0,0.0063,0.0031,0.017,0.016,0.0,5.8,5GG,5A,0,PO,1,-2.9,419,0
1570,8600,26.4,2GC,2楷林,43.0,328.0,0.0,0.005,0.0346,0,0,0.013,0.02,0.0,0.186,18.0,0.0132,0.0037,0.02,0.019,0.0,2.8,3GB,4C,0,HR,12,-2.2,553,0
1350,8780,23.17,2GA,2楷林,29.0,332.0,0.0,0.006,0.0391,0,0,0.015,0.02,0.0,0.195,29.0,0.0078,0.0039,0.029,0.027,0.0,5.5,5GG,5A,0,HR,12,-6.6,537,0
1420,8360,23.21,2GA,2楷林,23.0,316.0,0.0,0.006,0.0214,11,0,0.016,0.02,0.0,0.156,18.0,0.0077,0.0036,0.032,0.029,0.0,4.0,3GB,5A,0,HR,12,-1.3,684,0
950,10330,19.19,2GA,2楷林,73.0,375.0,1.3,0.004,0.0418,19,2,0.021,0.02,0.0,0.189,17.0,0.0102,0.004,0.018,0.016,0.0,4.8,5GG,5A,1,HR,6,0.4,629,0
1380,11550,31.16,2GA,2楷林,38.0,266.0,0.0,0.004,0.0014,0,0,0.014,0.02,0.0,0.092,10.0,0.0087,0.0029,0.028,0.027,0.001,13.5,5GG,5A,0,CR,9,1.9,314,0
1190,11610,26.56,2GA,2楷林,42.0,294.0,0.0,0.006,0.0297,0,1,0.02,0.02,0.0,0.281,20.0,0.0198,0.0039,0.023,0.021,0.001,12.2,3GB,5A,0,FH,2,1.1,270,1
1250,11130,27.2,3GC,2楷林,42.0,339.0,0.0,0.004,0.0315,11,0,0.025,0.02,0.0,0.189,19.0,0.0069,0.0049,0.022,0.021,0.0,3.0,3GB,4C,0,CR,8,-1.3,631,0
940,9360,17.2,2GC,2楷林,72.0,399.0,0.0,0.006,0.0695,0,0,0.01,0.02,0.0,0.508,32.0,0.0107,0.0033,0.044,0.04,0.0,14.5,5GG,4C,0,BP,4,1.7,314,0
1290,8760,22.09,2GB,2楷林,84.0,438.0,0.0,0.005,0.1234,0,0,0.026,0.02,0.0,0.41,30.0,0.0099,0.0034,0.024,0.024,0.0,12.0,5GG,5A,0,HGI,12,-2.1,370,0
1320,9760,25.19,2GC,2楷林,35.0,328.0,0.0,0.007,0.0363,0,0,0.01,0.02,0.0,0.2,18.0,0.0073,0.0026,0.028,0.026,0.0,12.4,5GG,4C,0,HR,11,-2.0,386,0
1270,11730,29.12,2GA,2楷林,76.0,272.0,0.0,0.005,0.0022,0,0,0.02,0.02,0.0,0.092,17.0,0.0096,0.0039,0.03,0.028,0.001,8.5,5GG,5A,0,GI,6,2.9,486,0
1130,11800,26.07,2GC,2楷林,21.0,326.0,0.0,0.006,0.0389,0,0,0.012,0.01,0.0,0.2,22.0,0.0083,0.0027,0.02,0.019,0.0,7.2,5GG,4C,0,CR,8,-1.2,532,0
1360,8690,23.1,2GA,2楷林,78.0,344.0,0.0,0.005,0.0413,0,0,0.016,0.03,0.0,0.176,18.0,0.0124,0.0037,0.025,0.024,0.0,7.9,3GB,5A,0,HR,3,-6.6,553,0
1150,11110,24.44,2GA,2楷林,94.0,332.0,0.0,0.004,0.0329,0,1,0.021,0.02,0.0,0.192,31.0,0.011,0.0032,0.027,0.025,0.001,6.0,5GG,5A,0,HGI,8,-1.9,660,0
1410,9390,25.47,2GC,2楷林,6.0,271.0,15.0,0.007,0.0022,0,0,0.009,0.02,0.0,0.095,17.0,0.0088,0.0035,0.023,0.022,0.001,2.8,3GB,4C,1,FH,11,-5.4,333,0
1210,11160,26.4,2GD,2楷林,104.0,254.0,0.0,0.006,0.002,0,0,0.015,0.02,0.0,0.068,20.0,0.0061,0.0025,0.028,0.027,0.002,8.1,5GG,4C,0,CR,10,-7.5,246,1
1320,11350,29.29,2GC,2楷林,20.0,338.0,0.0,0.006,0.0385,0,0,0.022,0.03,0.0,0.199,14.0,0.009,0.0036,0.023,0.023,0.0,17.5,5GG,4C,0,HGI,3,5.3,304,0
1200,9720,22.8,3GC,2楷林,41.0,417.0,0.0,0.004,0.1132,0,0,0.014,0.02,0.0,0.29,25.0,0.0115,0.0027,0.029,0.027,0.0,2.4,3GB,4C,0,HGI,7,-2.8,765,0
1350,10380,27.4,3GC,2楷林,12.0,264.0,0.0,0.004,0.0015,0,0,0.008,0.01,0.0,0.093,8.0,0.0091,0.0026,0.033,0.031,0.001,8.0,3GB,4C,0,CR,4,-2.0,583,0
910,10960,19.5,2GC,2楷林,63.0,322.0,0.0,0.004,0.0393,0,1,0.024,0.02,0.0,0.188,22.0,0.0117,0.0029,0.027,0.026,0.001,4.9,3GB,4C,0,BP,8,0.7,577,0
1310,10450,26.76,2GA,2楷林,82.0,513.0,0.0,0.004,0.162,0,0,0.018,0.02,0.0,0.599,30.0,0.0128,0.0025,0.04,0.039,0.001,15.4,5GG,5A,0,PosMAC,9,4.6,408,0
1160,11490,25.64,2GC,2楷林,37.0,314.0,14.8,0.006,0.0013,5,0,0.051,0.02,0.0,0.202,20.0,0.0452,0.0086,0.041,0.039,0.001,3.7,3GB,4C,1,GA,10,-2.4,241,1
1210,8170,19.33,2GC,2楷林,67.0,524.0,0.0,0.006,0.1227,0,1,0.012,0.02,0.0,1.176,41.0,0.0145,0.0021,0.025,0.024,0.001,12.7,5GG,4C,0,HGI,10,4.4,581,0
1360,7730,20.17,2GA,2楷林,10.0,361.0,0.0,0.004,0.0382,18,0,0.007,0.01,0.0,0.157,21.0,0.0115,0.0025,0.018,0.018,0.0,10.5,3GB,5A,0,HR,2,-0.1,430,0
1500,9700,28.45,3GB,2楷林,23.0,339.0,0.0,0.006,0.0366,0,0,0.019,0.02,0.0,0.192,34.0,0.0075,0.0044,0.028,0.025,0.0,11.9,3GB,5A,0,PO,1,1.5,360,0
1060,9680,20.06,2GB,2楷林,88.0,467.0,0.0,0.005,0.1659,0,1,0.013,0.02,0.0,0.481,27.0,0.0112,0.003,0.023,0.022,0.001,3.2,5GG,5A,0,HR,5,-7.2,684,0
1570,11400,34.43,2GA,2楷林,9.0,304.0,8.6,0.006,0.0016,0,0,0.022,0.06,0.02,0.143,17.0,0.048,0.0041,0.022,0.021,0.0,10.0,3GB,5A,1,GI,2,1.1,265,1
1400,9620,26.05,2GB,2楷林,12.0,444.0,0.0,0.004,0.0549,0,0,0.012,0.02,0.0,0.79,31.0,0.0095,0.0026,0.032,0.031,0.001,4.2,3GB,5A,0,PO,7,-0.6,684,0
1100,9330,20.06,2GA,2楷林,72.0,360.0,0.0,0.006,0.0429,11,2,0.008,0.01,0.0,0.266,21.0,0.0065,0.003,0.033,0.031,0.0,13.8,3GB,5A,0,HR,1,4.0,399,0
1060,11520,23.87,2GA,2楷林,24.0,351.0,0.0,0.004,0.0569,0,0,0.028,0.02,0.0,0.335,28.0,0.0083,0.0028,0.041,0.041,0.0,10.9,3F1,5A,0,CR,2,2.9,361,0
1030,9660,19.45,2GA,2楷林,88.0,337.0,0.0,0.005,0.0475,0,0,0.009,0.02,0.0,0.195,22.0,0.0094,0.0027,0.018,0.016,0.0,18.1,5GG,5A,0,FH,3,7.4,367,0
1280,9190,23.0,2GA,2楷林,49.0,341.0,0.0,0.006,0.0395,0,0,0.015,0.01,0.0,0.202,30.0,0.0073,0.0025,0.028,0.027,0.0,7.5,5GG,5A,0,HGI,2,0.5,593,0
1190,10130,23.57,2GA,2楷林,32.0,327.0,0.0,0.007,0.0351,0,1,0.008,0.01,0.0,0.203,19.0,0.0055,0.0032,0.026,0.024,0.0,15.2,5GG,5A,0,HR,11,7.5,312,0
1200,10240,24.02,2GB,2楷林,91.0,450.0,0.0,0.004,0.1486,0,0,0.013,0.02,0.0,0.488,28.0,0.0096,0.0026,0.021,0.02,0.0,15.2,5GG,5A,0,HR,8,4.4,487,0
1380,11840,31.94,2GC,2楷林,22.0,275.0,0.0,0.004,0.0023,0,0,0.014,0.02,0.0,0.092,25.0,0.0098,0.0031,0.032,0.03,0.002,18.5,5GG,4C,0,CR,6,11.3,264,1
1080,5810,12.27,2GB,2楷林,75.0,423.0,0.0,0.006,0.1033,0,0,0.016,0.02,0.0,0.459,28.0,0.0092,0.0029,0.023,0.022,0.0,4.3,3GB,5A,0,HGI,12,-5.7,613,0
1130,6790,15.0,2GC,2楷林,42.0,524.0,0.0,0.005,0.1252,0,0,0.02,0.02,0.0,0.869,36.0,0.0095,0.002,0.021,0.02,0.0,10.9,5GG,4C,0,HGI,2,-4.2,506,0
950,9090,16.88,3GC,2楷林,65.0,342.0,0.0,0.005,0.038,0,0,0.009,0.02,0.0,0.202,21.0,0.0093,0.0031,0.028,0.026,0.0,4.7,3GB,4C,0,HR,10,-6.8,513,0
1410,11790,32.5,2GB,2楷林,13.0,501.0,0.0,0.005,0.2064,0,0,0.018,0.02,0.0,0.37,23.0,0.0097,0.0033,0.029,0.028,0.0,14.8,3GB,5A,1,HR,12,2.5,361,0
1160,11550,25.85,2GA,2楷林,1.0,304.0,0.0,0.004,0.0204,0,1,0.01,0.02,0.0,0.193,15.0,0.01,0.0037,0.03,0.028,0.0,11.1,3GB,5A,0,CR,7,1.8,470,0
1570,9940,30.51,3GC,2楷林,3.0,333.0,0.0,0.004,0.0416,0,0,0.007,0.01,0.0,0.189,17.0,0.0121,0.0049,0.029,0.028,0.0,7.3,3GB,4C,0,HR,6,-6.8,522,0
1490,11760,34.03,2GA,2楷林,27.0,273.0,0.0,0.005,0.0019,0,3,0.01,0.02,0.0,0.09,13.0,0.0104,0.0034,0.03,0.029,0.001,5.1,3GB,5A,0,CR,7,-0.4,663,0
1150,7420,16.68,2GB,2楷林,38.0,513.0,0.0,0.007,0.1149,0,0,0.017,0.01,0.0,1.194,37.0,0.007,0.0029,0.023,0.022,0.001,4.3,3GB,5A,0,HGI,12,-3.3,676,0
1290,8950,22.57,2GA,2楷林,35.0,326.0,0.0,0.005,0.0378,0,0,0.01,0.02,0.0,0.197,21.0,0.0091,0.0047,0.024,0.022,0.0,18.5,5GG,5A,0,HR,11,2.5,367,0
1260,9380,23.11,2GA,2楷林,78.0,324.0,0.0,0.004,0.0317,0,0,0.01,0.02,0.0,0.196,13.0,0.011,0.0029,0.02,0.019,0.0,6.2,5GG,5A,0,HR,5,0.2,725,0
1200,11520,26.69,2GC,2楷林,57.0,527.0,0.0,0.006,0.0779,2,0,0.022,0.02,0.0,0.909,38.0,0.0198,0.0024,0.03,0.029,0.001,7.5,3GB,4C,0,HR,1,-0.3,592,0
1190,9060,21.08,2GB,2楷林,52.0,424.0,0.0,0.004,0.1214,0,1,0.011,0.02,0.0,0.301,24.0,0.0134,0.0034,0.025,0.022,0.001,14.0,5GG,5A,0,HGI,9,2.7,580,0
1280,11820,29.58,2GC,2楷林,25.0,266.0,0.0,0.004,0.002,0,0,0.01,0.02,0.0,0.06,12.0,0.0088,0.0038,0.038,0.036,0.002,4.7,5GG,4C,0,GI,5,-0.4,578,0
990,10070,19.49,2GA,2楷林,29.0,333.0,0.0,0.005,0.0404,0,0,0.012,0.02,0.0,0.18,19.0,0.0083,0.0032,0.017,0.017,0.0,2.4,5GG,5A,0,FH,5,-9.8,737,0
1290,8960,22.6,2GA,2楷林,50.0,332.0,0.0,0.006,0.039,0,5,0.019,0.02,0.0,0.192,30.0,0.0113,0.0034,0.028,0.026,0.0,10.9,5GG,5A,0,HR,10,-2.4,621,0
1570,9320,27.92,2GA,2楷林,4.0,261.0,11.1,0.004,0.002,0,0,0.013,0.02,0.0,0.074,17.0,0.0066,0.0031,0.028,0.027,0.003,5.9,3GB,5A,1,HR,9,-8.5,292,1
1190,8690,20.22,3GC,2楷林,6.0,329.0,0.0,0.005,0.0334,0,4,0.019,0.02,0.0,0.177,29.0,0.009,0.0043,0.027,0.026,0.0,11.2,3GB,4C,0,HR,2,4.0,482,0
1570,9910,30.42,2GA,2楷林,9.0,324.0,0.0,0.004,0.0332,0,0,0.022,0.02,0.0,0.184,22.0,0.0059,0.0036,0.025,0.023,0.0,5.1,3F1,5A,0,HR,7,-0.5,620,0
1300,9090,23.1,2GA,2楷林,24.0,333.0,0.0,0.005,0.0398,0,1,0.026,0.02,0.0,0.2,18.0,0.0098,0.0048,0.024,0.023,0.0,6.2,5GG,5A,0,HR,8,-2.1,725,0
1050,11630,23.87,2GB,2楷林,59.0,353.0,0.0,0.005,0.0574,0,0,0.015,0.02,0.0,0.334,35.0,0.0079,0.0034,0.03,0.029,0.001,15.5,5GG,5A,0,CR,5,9.0,341,0
1250,9090,22.21,3GC,2楷林,64.0,327.0,0.0,0.006,0.0347,0,0,0.009,0.01,0.0,0.18,16.0,0.0083,0.0027,0.022,0.022,0.0,9.2,3GB,4C,0,HR,2,-2.3,553,0
1200,11810,27.71,2GB,2楷林,14.0,517.0,0.0,0.004,0.0761,2,0,0.029,0.02,0.0,0.883,29.0,0.0168,0.0026,0.024,0.022,0.001,6.3,3GB,5A,0,HR,7,5.0,607,0
1300,9090,23.1,2GA,2楷林,55.0,325.0,0.0,0.004,0.0329,0,0,0.016,0.02,0.0,0.186,14.0,0.0099,0.0029,0.023,0.022,0.0,10.2,5GG,5A,0,HR,5,-4.7,512,0
1080,9780,20.65,2GA,2楷林,67.0,326.0,0.0,0.007,0.0397,0,1,0.015,0.02,0.0,0.237,12.0,0.0102,0.004,0.025,0.023,0.0,11.2,5GG,5A,0,GI,1,0.6,375,0
1080,10490,22.15,2GC,2楷林,92.0,332.0,0.0,0.007,0.0402,0,0,0.01,0.02,0.0,0.189,22.0,0.0086,0.0029,0.026,0.025,0.0,4.9,5GG,4C,0,HR,1,-7.9,512,0
1290,11790,29.73,2GA,2楷林,73.0,338.0,0.0,0.005,0.0396,0,0,0.013,0.02,0.0,0.197,21.0,0.0087,0.003,0.02,0.019,0.0,9.4,5GG,5A,0,HGI,2,-0.5,456,0
1290,9190,23.18,2GB,2楷林,20.0,329.0,0.0,0.007,0.0379,0,1,0.02,0.02,0.0,0.199,27.0,0.0106,0.0038,0.022,0.019,0.001,15.4,5GG,5A,0,HR,1,7.7,405,0
980,11310,21.32,2GA,2楷林,44.0,313.0,14.3,0.006,0.0015,6,1,0.059,0.02,0.0,0.2,18.0,0.0483,0.0086,0.038,0.036,0.001,6.0,5GG,5A,1,GI,10,-6.6,182,1
1250,7290,17.81,2GB,2楷林,62.0,340.0,0.0,0.005,0.0441,0,0,0.025,0.02,0.0,0.189,20.0,0.0112,0.0039,0.027,0.026,0.0,8.0,5GG,5A,0,HR,8,-2.0,570,0
1380,11870,32.02,3GC,2楷林,8.0,454.0,0.0,0.004,0.0042,9,1,0.099,0.02,0.06,0.572,13.0,0.0804,0.0094,0.053,0.052,0.002,4.7,3GB,4C,0,CR,9,1.6,676,0
1100,8870,19.07,2GB,2楷林,60.0,329.0,0.0,0.006,0.0351,0,0,0.01,0.02,0.0,0.191,16.0,0.0113,0.0038,0.022,0.021,0.0,10.7,3GB,5A,0,HR,1,-2.2,540,0
980,9960,19.08,2GA,2楷林,62.0,326.0,0.0,0.005,0.0342,0,0,0.01,0.02,0.0,0.18,25.0,0.0072,0.0031,0.024,0.021,0.0,7.3,5GG,5A,0,HR,5,-4.1,408,0
1260,8130,20.03,2GA,2楷林,37.0,362.0,0.0,0.006,0.0417,12,1,0.012,0.02,0.0,0.26,19.0,0.0083,0.003,0.031,0.029,0.0,13.5,5GG,5A,0,HR,11,7.5,517,0
1290,8550,21.56,2GB,2楷林,60.0,354.0,0.0,0.005,0.0404,9,0,0.011,0.02,0.0,0.233,16.0,0.0089,0.0033,0.035,0.033,0.0,10.0,5GG,5A,0,HR,7,-3.0,587,0
1340,7360,19.28,2GA,2楷林,83.0,334.0,0.0,0.006,0.0362,0,0,0.012,0.01,0.0,0.193,21.0,0.0091,0.0023,0.018,0.017,0.0,19.3,3GB,5A,0,HGI,2,1.7,467,0
1250,9980,24.39,2GA,2楷林,53.0,447.0,0.0,0.006,0.0561,0,2,0.02,0.02,0.0,0.77,28.0,0.0094,0.0024,0.03,0.029,0.001,10.4,5GG,5A,0,PO,5,-3.5,361,0
1270,7680,18.76,2GA,2楷林,67.0,317.0,11.6,0.004,0.0317,0,0,0.013,0.02,0.0,0.192,23.0,0.0069,0.0023,0.024,0.023,0.0,3.2,3GB,5A,1,HR,2,-3.9,405,0
1510,11520,33.67,2GA,2楷林,5.0,267.0,0.0,0.007,0.0012,0,0,0.019,0.02,0.0,0.073,14.0,0.0094,0.0035,0.03,0.029,0.002,10.4,5GG,5A,0,GA,10,-0.3,385,0
1130,9560,20.78,2GA,2楷林,56.0,277.0,9.4,0.004,0.0017,0,0,0.021,0.02,0.0,0.103,14.0,0.0103,0.0046,0.031,0.026,0.001,4.5,3GB,5A,1,EG,6,-3.7,323,0
1510,11850,34.98,3GC,2楷林,29.0,276.0,0.0,0.006,0.0021,0,0,0.011,0.02,0.0,0.093,19.0,0.01,0.0036,0.026,0.024,0.001,10.8,3GB,4C,0,GI,12,-0.7,495,0
1090,10100,21.18,2GA,2楷林,36.0,266.0,10.6,0.004,0.0022,0,0,0.016,0.02,0.0,0.073,12.0,0.0054,0.0036,0.027,0.022,0.002,0.9,3GB,5A,1,HR,7,-11.0,344,0
1130,9540,21.08,2GB,2楷林,32.0,425.0,0.0,0.005,0.1212,0,1,0.017,0.02,0.0,0.443,28.0,0.0092,0.0041,0.026,0.024,0.0,13.7,5GG,5A,0,HR,2,3.4,311,0
1190,5960,13.87,3GB,2楷林,47.0,513.0,0.0,0.005,0.1249,0,1,0.015,0.02,0.0,0.867,26.0,0.0111,0.0027,0.019,0.019,0.0,7.7,3GB,5A,0,PO,2,-3.6,634,0
1080,11370,24.01,3GC,2楷林,62.0,352.0,0.0,0.006,0.0578,0,0,0.025,0.02,0.0,0.352,30.0,0.0074,0.0025,0.033,0.03,0.0,8.5,3GB,4C,0,CR,1,-3.0,608,0
1510,11820,34.89,3GC,2楷林,2.0,252.0,0.0,0.005,0.0012,0,0,0.011,0.02,0.0,0.063,14.0,0.0044,0.0033,0.031,0.03,0.004,1.5,3GB,4C,0,GI,7,-6.6,615,0
1030,9950,20.04,2GA,2楷林,14.0,325.0,0.0,0.004,0.0337,0,1,0.015,0.02,0.0,0.181,31.0,0.0108,0.0034,0.022,0.019,0.0,7.6,3GB,5A,0,HR,6,2.5,486,0
1110,7060,15.32,2GA,2楷林,62.0,351.0,0.0,0.006,0.0567,0,0,0.021,0.02,0.0,0.342,26.0,0.0091,0.0027,0.035,0.034,0.0,11.7,5GG,5A,0,CR,3,5.2,423,0
1290,8950,22.57,2GC,2楷林,29.0,325.0,0.0,0.006,0.0362,0,0,0.011,0.01,0.0,0.197,15.0,0.0069,0.0028,0.026,0.025,0.0,3.3,5GG,4C,0,HR,1,-2.9,710,0
1300,9830,24.98,2GB,2楷林,75.0,425.0,0.0,0.006,0.1202,0,0,0.009,0.02,0.0,0.303,28.0,0.0102,0.003,0.021,0.02,0.0,8.6,3GB,5A,0,HGI,10,-4.1,612,0
1380,11840,31.94,2GA,2楷林,88.0,277.0,0.0,0.005,0.0019,0,0,0.021,0.02,0.0,0.093,21.0,0.0095,0.0041,0.024,0.024,0.001,17.5,5GG,5A,0,CR,3,5.5,276,1
1360,11380,30.26,2GA,2楷林,7.0,254.0,0.0,0.006,0.002,0,0,0.018,0.02,0.0,0.085,15.0,0.0104,0.0034,0.025,0.025,0.002,7.6,5GG,5A,0,CR,2,2.0,464,0
1140,11810,26.32,2GC,2楷林,43.0,479.0,0.0,0.006,0.1802,0,0,0.016,0.02,0.0,0.479,30.0,0.0116,0.0031,0.025,0.022,0.001,5.1,5GG,4C,0,HR,5,-8.3,621,0
1240,6750,16.36,3GB,2楷林,87.0,427.0,0.0,0.004,0.1244,0,0,0.02,0.02,0.0,0.309,26.0,0.0073,0.0026,0.017,0.016,0.0,7.1,3GB,5A,0,HGI,3,-3.2,590,0
1310,8110,20.44,2GB,2楷林,24.0,327.0,10.9,0.005,0.0446,0,0,0.022,0.02,0.0,0.182,18.0,0.009,0.0035,0.016,0.015,0.0,4.7,3GB,5A,1,HR,5,-11.6,281,1
1260,9860,24.29,3GC,2楷林,35.0,504.0,0.0,0.005,0.1573,0,0,0.015,0.02,0.0,0.799,29.0,0.008,0.0024,0.036,0.034,0.001,8.7,3GB,4C,0,HR,1,3.0,461,0
1340,10090,26.43,3GC,2楷林,69.0,339.0,0.0,0.008,0.04,0,0,0.012,0.02,0.0,0.184,18.0,0.0081,0.003,0.024,0.023,0.0,10.9,3GB,4C,0,HGI,1,1.5,400,0
1340,7350,19.25,3GC,2楷林,21.0,527.0,0.0,0.006,0.1858,0,0,0.014,0.02,0.0,0.83,31.0,0.0138,0.0028,0.024,0.023,0.001,10.3,3GB,4C,0,PO,1,1.3,334,0
990,9580,18.07,2GA,2楷林,60.0,333.0,0.0,0.005,0.0385,0,0,0.017,0.02,0.0,0.19,30.0,0.0085,0.003,0.021,0.02,0.0,14.0,3GB,5A,0,HR,5,-4.9,338,0
1380,9160,24.71,3GB,2楷林,35.0,358.0,0.0,0.005,0.0404,12,0,0.011,0.02,0.0,0.188,18.0,0.0075,0.0034,0.021,0.02,0.0,9.9,3GB,5A,0,HR,4,3.9,420,0
1570,9940,30.51,2GA,2楷林,41.0,331.0,0.0,0.004,0.0406,0,0,0.005,0.02,0.0,0.196,15.0,0.0154,0.0032,0.029,0.028,0.0,8.7,5GG,5A,0,HR,6,-3.7,597,0
1090,11400,24.29,2GC,2楷林,38.0,272.0,0.0,0.004,0.0025,0,0,0.023,0.02,0.0,0.1,16.0,0.0095,0.0029,0.032,0.028,0.001,4.4,5GG,4C,0,CR,6,-4.9,528,0
1220,10060,23.99,2GA,2楷林,30.0,325.0,0.0,0.005,0.0323,0,0,0.02,0.02,0.0,0.179,26.0,0.0119,0.0032,0.028,0.026,0.0,14.0,5GG,5A,0,HR,7,6.8,489,0
1300,11850,30.12,2GB,2楷林,45.0,325.0,0.0,0.005,0.038,0,0,0.017,0.01,0.0,0.203,18.0,0.0074,0.0035,0.028,0.025,0.0,6.6,5GG,5A,0,HR,6,-1.7,556,0
1410,10390,28.64,2GA,2楷林,14.0,316.0,0.0,0.006,0.0018,5,1,0.054,0.02,0.0,0.196,17.0,0.04,0.0083,0.039,0.037,0.001,6.8,5GG,5A,0,GI,11,1.9,517,0
990,9880,19.12,2GB,2楷林,43.0,329.0,0.0,0.006,0.0354,0,0,0.013,0.02,0.0,0.175,23.0,0.0111,0.0028,0.021,0.02,0.0,10.1,5GG,5A,0,HR,1,3.8,499,0
1000,11390,22.27,2GC,2楷林,43.0,327.0,0.0,0.004,0.0365,0,0,0.017,0.02,0.0,0.196,19.0,0.0076,0.0032,0.027,0.026,0.0,8.2,5GG,4C,0,BP,3,-5.0,462,0
1280,8850,22.15,2GD,2楷林,21.0,331.0,0.0,0.005,0.038,0,1,0.017,0.02,0.0,0.194,15.0,0.012,0.0039,0.026,0.025,0.0,11.8,3GB,4C,0,HR,11,-2.5,498,0
1030,9670,19.47,2GC,2楷林,27.0,326.0,0.0,0.006,0.033,0,0,0.01,0.01,0.0,0.179,15.0,0.0079,0.0027,0.026,0.026,0.0,10.0,5GG,4C,0,HR,2,3.5,352,0
1350,10640,28.08,2GA,2楷林,18.0,312.0,0.0,0.005,0.0387,0,0,0.01,0.02,0.0,0.192,17.0,0.0087,0.003,0.031,0.029,0.0,10.1,3GB,5A,0,PO,3,-0.6,485,0
1320,10100,26.06,2GB,2楷林,9.0,538.0,0.0,0.006,0.1361,0,0,0.013,0.02,0.0,1.168,33.0,0.0138,0.0028,0.012,0.01,0.002,11.5,5GG,5A,0,HR,11,0.2,518,0
920,9450,17.0,2GB,2楷林,86.0,330.0,0.0,0.004,0.0386,0,2,0.01,0.02,0.0,0.156,15.0,0.007,0.0031,0.02,0.019,0.0,11.8,5GG,5A,0,PO,3,0.2,369,0
1410,11810,32.55,2GD,2楷林,27.0,529.0,0.0,0.007,0.0819,2,0,0.03,0.03,0.0,0.914,35.0,0.0201,0.0027,0.033,0.032,0.001,9.0,5GG,4C,0,GI,10,-3.5,621,0
1390,7630,20.73,2GA,2楷林,4.0,329.0,0.0,0.008,0.0393,0,0,0.007,0.01,0.0,0.191,19.0,0.0095,0.0027,0.023,0.022,0.0,18.4,3GB,5A,0,GI,2,1.4,241,1
1340,7770,20.36,2GB,2楷林,48.0,340.0,0.0,0.008,0.0392,0,0,0.008,0.02,0.0,0.193,20.0,0.0091,0.0027,0.026,0.026,0.0,18.5,3GB,5A,0,HGI,2,1.4,365,0
1570,9940,30.51,2GC,2楷林,23.0,331.0,0.0,0.004,0.0396,0,0,0.008,0.01,0.0,0.193,23.0,0.0098,0.0037,0.032,0.031,0.0,7.9,5GG,4C,0,HR,6,-7.0,684,0
910,10180,18.11,2GC,2楷林,32.0,346.0,0.0,0.006,0.0529,0,0,0.021,0.02,0.0,0.3,34.0,0.0099,0.0029,0.026,0.024,0.001,15.2,5GG,4C,0,PO,10,4.3,379,0
1090,10220,21.38,3GC,2楷林,51.0,298.0,0.0,0.007,0.0013,0,0,0.098,0.02,0.0,0.143,11.0,0.0173,0.0091,0.032,0.031,0.0,3.2,3GB,4C,0,GI,4,-6.0,711,0
1270,10250,25.45,2GC,2楷林,38.0,428.0,0.0,0.006,0.1115,1,0,0.009,0.02,0.0,0.444,28.0,0.0084,0.0027,0.027,0.026,0.001,8.7,3GB,4C,0,HGI,1,-6.5,415,0
1490,11830,34.46,2GA,2楷林,24.0,270.0,0.0,0.005,0.002,0,1,0.011,0.02,0.0,0.091,14.0,0.0095,0.0035,0.026,0.025,0.001,5.4,5GG,5A,0,CR,7,0.2,544,0
1150,11600,26.08,3GC,2楷林,64.0,463.0,0.0,0.006,0.1755,0,0,0.013,0.02,0.0,0.483,25.0,0.0115,0.0025,0.03,0.028,0.0,10.4,3GB,4C,0,HR,11,2.2,537,0
1150,11690,26.28,3GC,2楷林,46.0,446.0,0.0,0.006,0.1731,0,0,0.014,0.01,0.0,0.472,22.0,0.0064,0.003,0.028,0.026,0.0,10.1,3GB,4C,0,HR,11,2.6,528,0
1370,10200,27.32,3GC,2楷林,55.0,525.0,0.0,0.005,0.0788,3,1,0.013,0.01,0.0,0.91,33.0,0.019,0.0029,0.024,0.024,0.001,11.3,3GB,4C,0,HR,5,4.5,571,0
1030,9970,20.08,2GC,2楷林,60.0,476.0,0.0,0.005,0.1813,0,0,0.018,0.02,0.0,0.779,28.0,0.0096,0.0031,0.024,0.022,0.0,19.6,5GG,4C,0,HR,12,5.8,298,1
1100,9020,19.4,2GB,2楷林,80.0,343.0,0.0,0.004,0.0378,0,1,0.012,0.02,0.0,0.231,26.0,0.0132,0.0026,0.023,0.021,0.0,11.9,3GB,5A,0,PO,7,2.3,425,0
900,8820,15.52,2GA,2楷林,74.0,311.0,0.0,0.005,0.0032,16,0,0.061,0.07,0.0,0.563,16.0,0.0149,0.0036,0.027,0.024,0.002,4.3,3GB,5A,0,BP,8,-4.3,576,0
1100,11100,23.87,2GA,2楷林,95.0,352.0,0.0,0.005,0.0579,0,0,0.014,0.02,0.0,0.343,28.0,0.0108,0.0035,0.033,0.031,0.001,6.0,5GG,5A,0,CR,12,-8.0,683,0
940,10170,18.69,2GA,2楷林,62.0,331.0,0.0,0.005,0.0385,0,0,0.017,0.02,0.0,0.19,30.0,0.0085,0.003,0.021,0.02,0.0,13.9,3GB,5A,0,BP,5,-5.1,335,0
1390,11250,30.57,2GC,2楷林,12.0,327.0,0.0,0.006,0.0362,0,0,0.015,0.01,0.0,0.184,20.0,0.005,0.0044,0.025,0.023,0.0,8.6,5GG,4C,0,HR,10,4.0,459,0
960,11820,22.18,2GA,2楷林,61.0,414.0,0.0,0.005,0.0669,0,1,0.012,0.02,0.0,0.241,102.0,0.0081,0.0034,0.032,0.031,0.0,6.7,5GG,5A,0,BP,7,-3.9,490,0
1230,10580,25.44,3GB,2楷林,13.0,416.0,0.0,0.004,0.1157,0,1,0.022,0.01,0.0,0.293,27.0,0.0089,0.003,0.02,0.019,0.0,3.6,3GB,5A,0,HGI,7,-2.9,688,0
1290,11100,27.99,2GA,2楷林,53.0,317.0,0.0,0.004,0.0405,0,0,0.009,0.02,0.0,0.192,15.0,0.0083,0.0031,0.026,0.025,0.0,7.6,5GG,5A,0,CR,8,-2.5,720,0
1360,11800,30.62,2GA,2楷林,41.0,317.0,10.0,0.005,0.0014,5,2,0.057,0.02,0.0,0.186,14.0,0.0439,0.0089,0.04,0.037,0.0,1.8,3GB,5A,1,GI,8,-5.8,490,0
1380,8390,22.64,2GA,2楷林,8.0,320.0,0.0,0.006,0.0195,0,0,0.009,0.02,0.0,0.197,20.0,0.0088,0.0099,0.017,0.016,0.0,5.0,5GG,5A,0,HR,4,-0.1,635,0
1460,7130,20.35,2GB,2楷林,15.0,430.0,0.0,0.006,0.1178,0,0,0.029,0.02,0.0,0.446,32.0,0.0134,0.0026,0.039,0.038,0.001,13.3,5GG,5A,0,HR,6,3.1,483,0
1020,10640,21.22,2GA,2楷林,53.0,332.0,0.0,0.004,0.0384,0,0,0.011,0.02,0.0,0.183,24.0,0.0086,0.0036,0.027,0.026,0.0,6.5,3F1,5A,0,FH,9,-5.6,603,0
1350,11640,30.27,3GC,2楷林,41.0,299.0,0.0,0.005,0.0198,0,2,0.009,0.02,0.0,0.198,19.0,0.0069,0.0035,0.024,0.022,0.0,3.6,3GB,4C,0,GI,12,-10.2,649,0
1460,8080,22.2,2GC,2楷林,28.0,261.0,12.7,0.006,0.0021,0,1,0.014,0.02,0.0,0.074,23.0,0.0094,0.0032,0.024,0.023,0.003,4.5,3GB,4C,1,EG,10,-4.8,253,1
1570,6770,20.78,2GC,2楷林,7.0,286.0,0.0,0.004,0.0021,0,0,0.019,0.03,0.0,0.142,18.0,0.0136,0.0034,0.021,0.02,0.002,5.2,5GG,4C,0,CR,8,-3.8,530,0
1040,9830,19.6,2GA,2楷林,39.0,360.0,0.0,0.006,0.0412,12,0,0.022,0.02,0.0,0.214,22.0,0.008,0.0036,0.024,0.023,0.0,18.1,5GG,5A,0,PO,10,9.6,289,1
1030,11860,23.88,2GA,2楷林,67.0,351.0,0.0,0.006,0.0559,0,0,0.013,0.02,0.0,0.353,34.0,0.0105,0.003,0.03,0.029,0.0,13.4,5GG,5A,0,CR,10,5.4,417,0
1570,9800,30.08,2GD,2楷林,11.0,321.0,0.0,0.005,0.0323,0,0,0.024,0.02,0.0,0.188,17.0,0.0097,0.0041,0.028,0.027,0.0,15.2,5GG,4C,0,HR,3,4.3,422,0
1440,11870,33.42,2GA,2楷林,13.0,334.0,0.0,0.006,0.039,0,0,0.011,0.02,0.0,0.201,16.0,0.0089,0.0031,0.043,0.042,0.0,14.1,3GB,5A,0,HR,1,1.2,405,0
1380,11840,31.94,3GC,2楷林,19.0,274.0,0.0,0.005,0.0021,0,0,0.011,0.02,0.0,0.094,21.0,0.0093,0.0028,0.031,0.03,0.001,8.4,3GB,4C,0,CR,6,3.6,563,0
1420,11610,31.78,2GA,2楷林,62.0,325.0,0.0,0.006,0.0376,0,2,0.012,0.02,0.0,0.194,20.0,0.0092,0.0036,0.025,0.024,0.0,8.7,5GG,5A,0,GI,11,2.6,539,0
1090,7580,15.89,2GA,2楷林,62.0,305.0,7.1,0.005,0.0014,0,1,0.016,0.06,0.02,0.142,17.0,0.0485,0.004,0.036,0.034,0.001,12.3,3GB,5A,1,GI,4,4.8,195,1
1240,8660,20.99,2GB,2楷林,31.0,392.0,0.0,0.004,0.0779,0,0,0.016,0.03,0.0,0.32,24.0,0.0128,0.0026,0.025,0.021,0.0,10.1,5GG,5A,0,HR,5,5.2,641,0
1100,8890,19.12,2GC,2楷林,91.0,370.0,0.0,0.005,0.0392,17,0,0.013,0.02,0.0,0.185,12.0,0.0084,0.0037,0.026,0.025,0.0,9.1,5GG,4C,0,HR,12,1.0,410,0
1270,11440,28.4,3GB,2楷林,60.0,432.0,0.0,0.005,0.0598,0,0,0.015,0.02,0.0,0.793,29.0,0.0083,0.0037,0.03,0.028,0.0,6.1,3GB,5A,0,PO,3,-2.9,662,0
1090,9950,21.2,2GA,2楷林,60.0,332.0,0.0,0.006,0.0397,0,0,0.018,0.02,0.0,0.191,18.0,0.0075,0.0043,0.027,0.026,0.0,14.6,5GG,5A,0,HR,12,-1.4,407,0
1320,10150,26.19,2GA,2楷林,66.0,339.0,0.0,0.005,0.0392,0,1,0.022,0.03,0.0,0.205,20.0,0.0086,0.0037,0.021,0.019,0.0,11.7,3GB,5A,0,HGI,2,-3.9,429,0
1560,11090,33.39,2GC,2楷林,36.0,451.0,0.0,0.004,0.1511,0,1,0.021,0.02,0.0,0.463,29.0,0.0097,0.0023,0.028,0.027,0.0,12.7,5GG,4C,0,GI,9,1.4,535,0
1140,9040,20.15,3GC,2楷林,93.0,451.0,0.0,0.005,0.1399,0,0,0.02,0.02,0.0,0.486,28.0,0.0098,0.0028,0.027,0.026,0.001,9.2,3GB,4C,0,HR,7,-1.6,427,0
1380,10090,27.22,2GA,2楷林,59.0,306.0,0.0,0.007,0.0243,0,0,0.014,0.02,0.0,0.201,11.0,0.0093,0.0099,0.021,0.019,0.0,5.9,5GG,5A,0,HR,12,-4.4,481,0
1570,10260,31.49,2GC,2楷林,14.0,323.0,0.0,0.005,0.0272,0,1,0.018,0.02,0.01,0.193,35.0,0.0098,0.0042,0.034,0.032,0.0,16.2,5GG,4C,0,PO,4,9.3,468,0
910,9630,17.13,2GC,2楷林,67.0,339.0,0.0,0.006,0.0446,0,2,0.022,0.02,0.0,0.303,37.0,0.0104,0.0041,0.035,0.032,0.0,4.8,5GG,4C,0,PO,12,-1.6,510,0
1290,8950,22.57,2GA,2楷林,47.0,334.0,0.0,0.006,0.0384,1,0,0.013,0.02,0.0,0.185,22.0,0.0092,0.0023,0.037,0.036,0.001,2.7,5GG,5A,0,HR,1,-3.0,708,0
1250,11530,27.17,2GA,2楷林,36.0,326.0,7.9,0.006,0.0417,0,0,0.018,0.02,0.0,0.202,22.0,0.0075,0.0035,0.024,0.022,0.0,5.1,3GB,5A,1,GA,10,-2.4,297,1
1540,10050,29.77,2GC,2楷林,7.0,270.0,0.0,0.006,0.0016,0,0,0.011,0.02,0.0,0.075,19.0,0.0096,0.0031,0.025,0.023,0.002,14.8,5GG,4C,0,FH,3,0.5,434,0
1260,10150,25.0,2GA,2楷林,45.0,295.0,0.0,0.004,0.0164,0,1,0.015,0.02,0.0,0.183,12.0,0.0063,0.0029,0.02,0.02,0.0,7.3,3GB,5A,0,CR,7,-0.1,549,0
1220,8600,20.26,2GB,2楷林,43.0,448.0,0.0,0.005,0.1413,0,0,0.013,0.02,0.0,0.485,28.0,0.0108,0.0026,0.018,0.017,0.0,14.3,5GG,5A,0,HR,11,4.0,412,0
1230,11480,27.61,2GA,2楷林,47.0,330.0,0.0,0.005,0.0388,0,0,0.01,0.02,0.0,0.195,18.0,0.0065,0.0038,0.018,0.017,0.0,4.5,5GG,5A,0,HGI,4,-6.4,716,0
1430,11680,32.65,2GC,2楷林,46.0,274.0,0.0,0.007,0.0019,0,0,0.011,0.02,0.0,0.092,15.0,0.0096,0.0034,0.027,0.025,0.002,10.9,5GG,4C,0,CR,10,-2.2,485,0
1490,11200,32.63,2GA,2楷林,12.0,273.0,0.0,0.006,0.0013,0,0,0.011,0.02,0.0,0.097,10.0,0.0106,0.0034,0.034,0.032,0.001,8.9,5GG,5A,0,GI,5,-0.6,617,0
1420,7150,19.64,3GC,2楷林,23.0,291.0,0.0,0.005,0.0022,0,0,0.02,0.02,0.0,0.142,16.0,0.0091,0.0039,0.03,0.028,0.002,7.1,3GB,4C,0,GI,8,1.4,419,0
1350,8800,23.23,2GA,2楷林,50.0,327.0,3.2,0.007,0.0358,0,0,0.008,0.02,0.0,0.198,16.0,0.0085,0.0031,0.022,0.02,0.0,8.1,3GB,5A,1,HR,1,-0.9,562,0
1260,9760,24.04,2GB,2楷林,88.0,426.0,0.0,0.005,0.115,0,1,0.009,0.02,0.0,0.481,20.0,0.0119,0.0026,0.016,0.013,0.001,8.0,5GG,5A,0,HR,12,-7.0,629,0
1490,9220,25.86,2GD,2楷林,5.0,256.0,17.2,0.005,0.0024,0,0,0.012,0.02,0.0,0.071,13.0,0.0087,0.0036,0.028,0.027,0.002,2.7,3GB,4C,1,EG,1,-6.6,305,0
1340,10020,26.25,2GA,2楷林,32.0,338.0,0.0,0.007,0.0393,0,0,0.013,0.02,0.0,0.194,19.0,0.0088,0.0033,0.022,0.021,0.0,14.3,3GB,5A,0,HGI,11,7.8,452,0
1260,11200,27.59,3GC,2楷林,44.0,517.0,0.0,0.006,0.0769,1,0,0.031,0.02,0.0,0.917,27.0,0.0169,0.0028,0.027,0.024,0.001,10.3,3GB,4C,0,HR,3,4.0,531,0
1380,10270,27.71,2GA,2楷林,12.0,256.0,0.0,0.005,0.0021,0,0,0.011,0.02,0.0,0.073,18.0,0.0085,0.0031,0.028,0.027,0.002,10.7,3GB,5A,0,HR,12,-3.5,435,0
1020,9880,19.7,2GC,2楷林,77.0,453.0,0.0,0.005,0.1475,0,0,0.014,0.02,0.0,0.502,32.0,0.0103,0.0021,0.028,0.026,0.0,13.8,5GG,4C,0,HR,11,0.3,412,0
1270,9720,24.13,2GC,2楷林,30.0,329.0,0.0,0.004,0.0347,0,0,0.041,0.02,0.01,0.181,26.0,0.0063,0.0051,0.027,0.026,0.0,16.4,5GG,4C,0,HR,6,11.4,312,0
1400,9180,25.13,2GA,2楷林,77.0,335.0,0.0,0.005,0.0386,0,0,0.018,0.02,0.0,0.188,17.0,0.0076,0.0032,0.028,0.027,0.0,11.0,3GB,5A,0,HR,1,1.4,592,0
1270,9300,23.09,2GA,2楷林,67.0,325.0,0.0,0.004,0.0317,0,0,0.01,0.01,0.0,0.168,19.0,0.0047,0.0028,0.023,0.022,0.0,16.4,5GG,5A,0,HR,6,4.5,402,0
1300,10300,26.18,3GC,2楷林,59.0,338.0,0.0,0.007,0.0385,0,52,0.013,0.01,0.0,0.207,28.0,0.0066,0.0029,0.023,0.021,0.0,9.8,3GB,4C,0,HGI,1,2.7,524,0
1430,7600,21.25,2GC,2楷林,24.0,523.0,0.0,0.005,0.0844,1,0,0.032,0.02,0.0,0.918,30.0,0.0182,0.0027,0.028,0.027,0.001,3.9,3GB,4C,0,HR,12,-6.9,522,0
900,10300,18.12,2GA,2楷林,82.0,329.0,0.0,0.005,0.0368,0,0,0.009,0.02,0.0,0.197,15.0,0.0079,0.0029,0.022,0.022,0.0,10.5,5GG,5A,0,BP,3,1.8,431,0
1240,11640,28.22,2GA,2楷林,84.0,313.0,0.0,0.006,0.0167,15,0,0.019,0.02,0.0,0.148,31.0,0.0099,0.0032,0.025,0.023,0.0,14.0,5GG,5A,0,HGI,10,1.0,253,1
990,9530,18.44,2GC,2楷林,66.0,300.0,0.0,0.005,0.0018,14,0,0.05,0.07,0.0,0.526,17.0,0.0139,0.0035,0.022,0.021,0.002,3.2,5GG,4C,0,BP,7,-5.2,653,0
1300,9300,23.64,2GA,2楷林,28.0,328.0,0.0,0.006,0.0364,0,1,0.01,0.02,0.0,0.204,23.0,0.0068,0.0028,0.037,0.035,0.0,10.8,5GG,5A,0,HR,11,4.3,589,0
1160,11840,26.21,2GA,2楷林,87.0,257.0,11.6,0.005,0.002,0,0,0.017,0.02,0.0,0.065,15.0,0.0087,0.0041,0.032,0.03,0.002,6.5,3GB,5A,1,HR,6,-3.7,236,1
1100,11100,23.87,2GA,2楷林,79.0,502.0,0.0,0.005,0.0568,0,0,0.01,0.02,0.0,0.339,34.0,0.0091,0.0031,0.04,0.039,0.0,7.2,3GB,5A,0,CR,4,-2.6,558,0
1090,8660,18.45,2GC,2楷林,60.0,451.0,0.0,0.006,0.0623,0,1,0.033,0.02,0.0,0.791,33.0,0.0101,0.0027,0.034,0.032,0.001,9.9,5GG,4C,0,HGI,4,-0.7,457,0
1350,11460,29.69,2GA,2楷林,56.0,455.0,0.0,0.005,0.0035,9,0,0.099,0.02,0.06,0.615,18.0,0.0887,0.0089,0.046,0.045,0.002,13.8,3GB,5A,1,CR,11,-0.1,351,0
1100,11090,23.85,2GD,2楷林,83.0,269.0,0.0,0.007,0.0014,0,0,0.024,0.01,0.0,0.069,17.0,0.009,0.0061,0.034,0.032,0.002,4.2,5GG,4C,0,GI,10,-4.9,554,0
1420,11490,31.9,2GC,2楷林,66.0,267.0,0.0,0.006,0.0019,0,0,0.012,0.02,0.0,0.093,17.0,0.0101,0.0035,0.028,0.027,0.001,13.4,5GG,4C,0,CR,2,0.8,419,0
1130,11110,24.54,2GA,2楷林,92.0,327.0,0.0,0.006,0.0449,0,0,0.01,0.02,0.0,0.205,24.0,0.0087,0.0026,0.033,0.032,0.0,4.3,5GG,5A,0,GI,12,-4.2,644,0
1280,9240,23.12,2GA,2楷林,55.0,323.0,0.0,0.005,0.0307,0,0,0.017,0.02,0.0,0.218,22.0,0.0109,0.0033,0.025,0.024,0.0,7.9,3GB,5A,0,HR,6,-6.6,639,0
1090,11150,23.76,2GD,2楷林,83.0,275.0,0.0,0.004,0.0022,0,0,0.013,0.02,0.0,0.102,22.0,0.0094,0.0026,0.027,0.025,0.001,14.8,5GG,4C,0,CR,3,6.0,250,1
1210,11230,26.14,2GC,2楷林,30.0,271.0,8.0,0.004,0.0018,0,3,0.018,0.02,0.0,0.101,12.0,0.012,0.0039,0.028,0.026,0.001,11.6,3GB,4C,1,FH,8,-0.8,168,1
1560,6780,20.68,2GC,2楷林,8.0,259.0,0.0,0.007,0.0025,0,0,0.015,0.02,0.0,0.066,19.0,0.0071,0.0034,0.028,0.026,0.003,5.9,5GG,4C,0,HR,11,-6.6,603,0
1210,8370,19.8,2GC,2楷林,22.0,341.0,0.0,0.005,0.0383,0,0,0.023,0.02,0.0,0.208,21.0,0.0077,0.0035,0.029,0.028,0.0,10.3,3GB,4C,0,HR,3,-3.5,366,0
1370,8590,23.01,2GB,2楷林,17.0,378.0,0.0,0.005,0.0793,0,1,0.014,0.02,0.0,0.271,24.0,0.0104,0.0037,0.027,0.025,0.0,10.4,5GG,5A,0,HR,12,0.2,546,0
920,9380,16.87,2GD,2楷林,63.0,309.0,0.0,0.004,0.0022,17,3,0.064,0.07,0.0,0.543,12.0,0.0141,0.0038,0.03,0.029,0.002,5.0,5GG,4C,0,BP,9,-6.5,513,0
1470,11860,34.08,2GB,2楷林,9.0,339.0,0.0,0.006,0.0512,0,0,0.012,0.02,0.0,0.281,38.0,0.0072,0.0035,0.035,0.034,0.0,12.8,5GG,5A,0,PO,1,3.3,408,0
1130,11380,24.74,2GC,2楷林,72.0,270.0,5.2,0.004,0.0015,0,0,0.014,0.02,0.0,0.101,16.0,0.0104,0.0037,0.034,0.03,0.002,8.8,5GG,4C,1,GI,7,-0.6,340,0
1030,9760,19.65,2GA,2楷林,62.0,360.0,0.0,0.006,0.0556,0,0,0.016,0.02,0.0,0.332,29.0,0.0108,0.0042,0.032,0.03,0.001,8.6,3GB,5A,0,HR,10,-1.3,506,0
1400,11470,31.06,2GD,2楷林,15.0,255.0,0.0,0.007,0.0016,0,0,0.018,0.02,0.0,0.07,13.0,0.0065,0.0034,0.036,0.035,0.002,7.9,5GG,4C,0,CR,1,-2.2,289,1
1190,8410,19.57,2GB,2楷林,53.0,526.0,0.0,0.004,0.1317,0,1,0.017,0.02,0.0,0.885,34.0,0.0102,0.0044,0.018,0.017,0.0,7.9,5GG,5A,0,HR,7,-2.3,629,0
1300,8330,21.17,2GB,2楷林,96.0,423.0,0.0,0.005,0.1189,0,0,0.016,0.02,0.0,0.305,28.0,0.0084,0.0029,0.024,0.023,0.0,14.3,5GG,5A,0,HGI,10,4.8,477,0
1100,11770,25.31,2GB,2楷林,85.0,526.0,0.0,0.006,0.0775,2,0,0.026,0.03,0.0,0.922,29.0,0.0193,0.0028,0.029,0.027,0.001,13.9,3GB,5A,0,HR,10,-0.1,262,1
1420,11780,32.7,2GA,2楷林,43.0,266.0,0.0,0.004,0.0011,0,0,0.02,0.02,0.0,0.084,16.0,0.0104,0.0036,0.032,0.029,0.0,15.9,5GG,5A,0,CR,9,8.9,493,0
1290,8850,22.32,2GA,2楷林,74.0,347.0,0.0,0.005,0.0455,0,0,0.023,0.02,0.0,0.208,24.0,0.0093,0.0029,0.023,0.022,0.0,15.8,3GB,5A,0,HGI,3,0.1,446,0
1260,10180,25.08,2GC,2楷林,36.0,326.0,0.0,0.004,0.0333,0,0,0.012,0.01,0.0,0.213,33.0,0.0085,0.0035,0.033,0.03,0.0,17.1,5GG,4C,0,HR,5,7.5,270,1
1450,11820,32.97,2GC,2楷林,36.0,272.0,9.3,0.005,0.0021,0,0,0.009,0.02,0.0,0.404,11.0,0.0275,0.0032,0.038,0.036,0.003,5.5,3GB,4C,1,EG,5,-7.4,249,1
1320,9680,24.58,2GA,2楷林,5.0,305.0,7.7,0.005,0.0019,0,1,0.022,0.05,0.02,0.137,19.0,0.0503,0.0041,0.032,0.029,0.0,10.9,3GB,5A,1,GI,10,-1.2,224,1
1250,9750,23.83,2GA,2楷林,73.0,276.0,0.0,0.005,0.0021,0,0,0.019,0.02,0.0,0.089,12.0,0.0094,0.0035,0.032,0.031,0.001,5.3,5GG,5A,0,CR,8,-4.9,683,0
950,10540,19.58,2GC,2楷林,81.0,277.0,0.0,0.006,0.0022,0,0,0.01,0.01,0.0,0.09,19.0,0.009,0.0027,0.025,0.024,0.001,7.5,5GG,4C,0,HR,2,0.9,549,0
1210,11740,27.77,2GC,2楷林,38.0,321.0,0.0,0.005,0.0264,0,0,0.023,0.02,0.0,0.198,22.0,0.0089,0.0037,0.015,0.013,0.0,18.8,5GG,4C,0,CR,11,3.2,291,1
1340,11730,30.73,2GB,2楷林,15.0,522.0,0.0,0.006,0.0778,3,2,0.017,0.02,0.0,0.892,28.0,0.0191,0.0021,0.027,0.026,0.001,12.6,5GG,5A,0,FH,3,1.0,521,0
1420,8780,23.95,2GA,2楷林,33.0,315.0,0.0,0.006,0.0203,13,0,0.012,0.02,0.0,0.157,13.0,0.0076,0.0034,0.027,0.025,0.0,4.0,5GG,5A,0,HR,12,-1.7,552,0
1470,11750,33.42,2GC,2楷林,5.0,533.0,0.0,0.006,0.0793,4,2,0.014,0.02,0.0,0.906,30.0,0.0198,0.0029,0.028,0.028,0.002,7.4,3GB,4C,0,GI,4,-2.1,619,0
1260,8600,21.18,2GC,2楷林,69.0,341.0,0.0,0.006,0.0393,0,0,0.015,0.02,0.0,0.192,12.0,0.008,0.0034,0.019,0.018,0.0,7.1,3GB,4C,0,HGI,12,-4.5,573,0
1070,11780,24.64,2GA,2楷林,13.0,371.0,0.0,0.004,0.0426,13,0,0.017,0.02,0.0,0.199,19.0,0.0114,0.0044,0.022,0.021,0.0,7.6,5GG,5A,0,CR,7,-1.4,434,0
1240,9570,23.2,2GC,2楷林,42.0,325.0,0.0,0.005,0.0393,0,0,0.011,0.02,0.0,0.165,25.0,0.0083,0.0033,0.022,0.02,0.0,5.1,5GG,4C,0,PO,12,-7.1,495,0
1290,9220,22.88,2GB,2楷林,8.0,330.0,11.6,0.006,0.0376,0,0,0.018,0.02,0.0,0.209,15.0,0.0077,0.0028,0.019,0.017,0.0,4.0,3GB,5A,1,HR,1,-3.3,364,0
1260,9110,22.44,2GC,2楷林,7.0,411.0,0.0,0.007,0.1161,0,0,0.009,0.02,0.0,0.293,22.0,0.0079,0.0029,0.024,0.024,0.0,2.8,5GG,4C,0,HGI,1,-0.5,635,0
1380,8550,23.07,2GC,2楷林,26.0,323.0,0.0,0.006,0.0348,0,0,0.021,0.02,0.0,0.197,28.0,0.0082,0.0032,0.035,0.034,0.0,6.0,3GB,4C,0,HR,4,-4.0,681,0
1110,9250,20.07,2GC,2楷林,36.0,408.0,0.0,0.006,0.1177,0,0,0.009,0.02,0.0,0.291,21.0,0.0109,0.0023,0.02,0.018,0.0,5.2,5GG,4C,0,HGI,4,-1.2,613,0
1290,11850,29.89,2GA,2楷林,2.0,296.0,0.0,0.006,0.0189,0,0,0.014,0.02,0.0,0.197,20.0,0.0083,0.005,0.022,0.02,0.0,78.7,5GG,5A,0,CR,12,68.6,317,0
1450,7520,20.81,2GC,2楷林,11.0,292.0,6.1,0.005,0.002,0,0,0.009,0.01,0.0,0.143,19.0,0.0095,0.0042,0.025,0.023,0.001,9.2,3GB,4C,1,FH,11,1.4,355,0
1000,9510,18.59,2GA,2楷林,71.0,417.0,0.0,0.004,0.0667,0,0,0.031,0.02,0.0,0.253,101.0,0.0098,0.0033,0.031,0.028,0.0,3.0,3GB,5A,0,BP,4,-6.7,678,0
1290,11690,29.02,2GA,2楷林,63.0,309.0,0.0,0.004,0.0279,0,0,0.027,0.02,0.0,0.264,17.0,0.0184,0.0038,0.031,0.029,0.001,11.7,5GG,5A,0,CR,8,3.2,464,0
1210,8540,20.2,2GB,2楷林,73.0,526.0,0.0,0.006,0.1367,0,0,0.012,0.02,0.0,0.886,30.0,0.0103,0.0028,0.022,0.021,0.001,15.2,5GG,5A,0,HR,1,7.7,316,0
1390,8130,22.09,2GC,2楷林,52.0,336.0,0.0,0.006,0.0373,0,0,0.009,0.02,0.0,0.183,26.0,0.0104,0.003,0.02,0.019,0.0,11.1,5GG,4C,0,HGI,3,1.6,498,0
1280,11590,28.66,2GB,2楷林,61.0,450.0,0.0,0.004,0.0583,1,1,0.018,0.02,0.0,0.801,34.0,0.0076,0.0026,0.026,0.026,0.001,5.4,5GG,5A,0,PO,9,-3.4,642,0
1270,7300,18.12,2GD,2楷林,20.0,340.0,0.0,0.004,0.0405,0,0,0.016,0.02,0.0,0.2,18.0,0.0102,0.0032,0.025,0.024,0.0,6.9,5GG,4C,0,HGI,9,-3.0,478,0
1110,8910,19.34,2GA,2楷林,99.0,339.0,0.0,0.005,0.0393,0,0,0.019,0.02,0.0,0.195,17.0,0.0072,0.0037,0.025,0.024,0.0,7.1,3GB,5A,0,HR,5,-4.0,563,0
1230,8820,21.21,2GB,2楷林,25.0,419.0,0.0,0.004,0.1154,0,1,0.018,0.02,0.0,0.318,25.0,0.0068,0.0025,0.029,0.029,0.0,2.7,3GB,5A,0,HGI,7,-8.2,662,0
1200,11300,26.51,2GA,2楷林,37.0,343.0,0.0,0.004,0.0476,0,0,0.027,0.03,0.0,0.296,22.0,0.0085,0.0046,0.034,0.033,0.0,2.2,3GB,5A,0,CR,7,-6.0,638,0
970,9240,17.52,2GA,2楷林,27.0,297.0,0.0,0.004,0.0199,0,0,0.011,0.02,0.0,0.214,13.0,0.0088,0.0036,0.024,0.023,0.0,3.7,5GG,5A,0,CR,9,-10.3,682,0
1330,10770,27.48,2GC,2楷林,64.0,515.0,0.0,0.005,0.0766,3,1,0.016,0.01,0.0,0.906,36.0,0.019,0.0023,0.032,0.029,0.001,3.5,3GB,4C,0,HR,5,-3.6,612,0
1220,10430,24.88,2GB,2楷林,15.0,524.0,0.0,0.005,0.0813,2,0,0.022,0.02,0.0,0.921,40.0,0.0196,0.0022,0.03,0.029,0.0,11.4,5GG,5A,0,GI,3,-0.6,521,0
1460,11770,33.6,2GA,2楷林,35.0,251.0,0.0,0.004,0.0019,0,1,0.012,0.02,0.0,0.072,15.0,0.0061,0.0036,0.026,0.024,0.002,7.1,5GG,5A,0,CR,7,-5.0,457,0
1070,8260,17.28,2GB,2楷林,100.0,525.0,0.0,0.005,0.1462,0,7,0.021,0.06,0.0,0.772,30.0,0.0118,0.003,0.019,0.017,0.0,15.3,5GG,5A,0,HR,10,-0.2,359,0
1560,11300,34.46,2GB,2楷林,7.0,338.0,0.0,0.004,0.0381,0,0,0.014,0.02,0.0,0.19,16.0,0.0078,0.0033,0.022,0.02,0.0,8.7,5GG,5A,0,PO,9,-1.4,483,0
1270,9310,23.12,2GA,2楷林,44.0,331.0,0.0,0.005,0.039,0,1,0.012,0.02,0.0,0.185,34.0,0.0071,0.0036,0.021,0.02,0.0,11.0,5GG,5A,0,HR,5,-5.2,507,0
1280,9440,23.62,2GA,2楷林,52.0,331.0,0.0,0.007,0.0388,0,0,0.009,0.02,0.0,0.202,19.0,0.009,0.0036,0.02,0.018,0.0,7.1,5GG,5A,0,HR,11,-3.4,627,0
1110,11560,25.09,2GC,2楷林,44.0,471.0,0.0,0.006,0.1738,0,0,0.017,0.02,0.0,0.488,35.0,0.0087,0.003,0.019,0.017,0.0,13.3,5GG,4C,0,HR,3,-2.4,263,1
1170,10400,23.79,2GA,2楷林,52.0,452.0,0.0,0.006,0.0584,0,0,0.012,0.01,0.0,0.785,44.0,0.0069,0.0022,0.042,0.041,0.0,9.9,5GG,5A,0,PO,2,2.1,441,0
1250,11060,26.17,2GC,2楷林,87.0,314.0,5.8,0.005,0.0015,6,0,0.058,0.02,0.0,0.199,17.0,0.0452,0.0098,0.039,0.038,0.001,7.8,3GB,4C,1,GA,8,-3.3,302,0
1300,10950,27.83,2GB,2楷林,70.0,419.0,0.0,0.007,0.1185,0,0,0.017,0.01,0.03,0.298,42.0,0.0089,0.0028,0.029,0.028,0.0,7.8,5GG,5A,0,HGI,1,-3.2,466,0
1250,9890,24.17,2GB,2楷林,44.0,484.0,0.0,0.005,0.1529,0,1,0.018,0.02,0.0,0.696,28.0,0.0108,0.003,0.023,0.022,0.001,9.5,5GG,5A,0,HR,5,-6.9,410,0
1550,9440,27.92,2GD,2楷林,6.0,260.0,10.2,0.005,0.002,0,0,0.009,0.02,0.0,0.068,16.0,0.0064,0.0033,0.034,0.032,0.002,3.2,3GB,4C,1,HR,5,-6.0,419,0
1340,11800,30.91,2GB,2楷林,23.0,534.0,0.0,0.006,0.0791,2,0,0.02,0.02,0.0,0.905,39.0,0.0192,0.0021,0.035,0.032,0.001,4.1,3GB,5A,0,GI,1,-3.1,668,0
1030,9670,19.47,2GB,2楷林,58.0,331.0,0.0,0.006,0.039,0,0,0.028,0.02,0.0,0.194,31.0,0.0093,0.0039,0.031,0.03,0.0,8.4,5GG,5A,0,HR,2,-1.0,524,0
1260,10230,25.2,2GA,2楷林,28.0,336.0,0.0,0.006,0.0418,0,0,0.015,0.02,0.0,0.286,28.0,0.0055,0.0031,0.019,0.018,0.0,11.4,5GG,5A,0,HR,10,3.4,484,0
1440,11840,32.53,2GA,2楷林,19.0,256.0,6.1,0.005,0.002,0,0,0.01,0.02,0.0,0.068,15.0,0.0058,0.0034,0.029,0.028,0.003,10.8,3GB,5A,1,GI,5,2.4,239,1
1390,8200,22.28,2GB,2楷林,31.0,366.0,0.0,0.007,0.0442,12,0,0.011,0.02,0.0,0.202,20.0,0.0115,0.0041,0.023,0.022,0.0,4.3,5GG,5A,0,HGI,1,-10.5,545,0
1180,9400,21.68,2GB,2楷林,100.0,453.0,0.0,0.004,0.147,0,0,0.031,0.02,0.0,0.5,32.0,0.0128,0.0033,0.026,0.025,0.001,14.2,3GB,5A,0,HR,8,3.2,402,0
1200,11550,27.1,2GB,2楷林,36.0,507.0,0.0,0.004,0.2025,0,0,0.013,0.02,0.0,0.889,26.0,0.0125,0.0032,0.015,0.014,0.0,2.8,5GG,5A,0,HR,7,-6.8,593,0
1290,7610,19.19,3GC,2楷林,4.0,335.0,0.0,0.005,0.0365,0,0,0.008,0.02,0.0,0.184,24.0,0.008,0.0033,0.024,0.023,0.0,10.0,3GB,4C,0,HGI,12,-2.8,491,0
1240,9480,22.98,2GB,2楷林,47.0,433.0,0.0,0.004,0.122,0,0,0.017,0.02,0.0,0.492,21.0,0.0117,0.003,0.027,0.025,0.0,3.1,3GB,5A,0,HR,9,-1.9,601,0
1380,9710,26.2,2GC,2楷林,93.0,335.0,0.0,0.007,0.0352,0,1,0.008,0.02,0.0,0.195,19.0,0.0095,0.0028,0.022,0.019,0.0,9.8,3GB,4C,0,HGI,2,-6.0,585,0
1270,11160,27.71,2GB,2楷林,23.0,545.0,0.0,0.005,0.0734,2,0,0.029,0.02,0.0,1.083,40.0,0.0195,0.0028,0.028,0.027,0.002,10.8,3GB,5A,0,GI,10,7.8,331,0
1230,11760,27.6,2GA,2楷林,35.0,276.0,9.0,0.004,0.002,0,1,0.019,0.02,0.0,0.093,18.0,0.0103,0.0037,0.022,0.021,0.001,9.6,3GB,5A,1,HR,5,2.5,174,1
920,7510,13.51,3GC,2楷林,65.0,303.0,0.0,0.006,0.0017,0,0,0.014,0.06,0.02,0.145,17.0,0.0497,0.003,0.037,0.036,0.0,18.2,3GB,4C,0,GI,2,11.6,290,1
1530,8910,25.8,2GC,2楷林,16.0,323.0,14.5,0.005,0.0013,5,0,0.05,0.03,0.0,0.195,20.0,0.0437,0.0086,0.04,0.038,0.001,3.0,3GB,4C,1,GI,3,-7.7,376,0
1240,7340,17.79,2GA,2楷林,33.0,455.0,0.0,0.007,0.0551,0,0,0.017,0.02,0.0,0.804,24.0,0.0108,0.0027,0.032,0.031,0.002,15.8,5GG,5A,0,PO,2,0.8,398,0
1070,8310,17.38,3GC,2楷林,48.0,526.0,0.0,0.004,0.1463,0,1,0.015,0.02,0.0,0.803,27.0,0.0111,0.0024,0.024,0.022,0.001,4.9,3GB,4C,0,HR,7,-6.3,490,0
1240,10790,26.16,2GA,2楷林,86.0,357.0,0.0,0.004,0.0385,13,2,0.018,0.02,0.0,0.196,17.0,0.0072,0.0035,0.022,0.021,0.0,9.1,5GG,5A,0,PO,5,-1.6,554,0
1310,11770,30.14,2GA,2楷林,43.0,336.0,0.0,0.005,0.0394,0,0,0.008,0.02,0.0,0.202,20.0,0.0076,0.0027,0.027,0.026,0.0,9.8,3GB,5A,0,HR,1,-1.8,451,0
1380,9370,25.0,3GC,2楷林,3.0,299.0,0.0,0.004,0.0204,0,0,0.015,0.02,0.0,0.198,14.0,0.0073,0.0032,0.025,0.024,0.0,5.8,3GB,4C,0,CR,8,1.9,701,0
1370,11850,31.74,3GC,2楷林,32.0,350.0,0.0,0.004,0.0018,8,0,0.072,0.02,0.0,0.25,20.0,0.0701,0.0083,0.038,0.037,0.001,4.6,3GB,4C,0,GA,2,-6.3,591,0
1090,9950,21.2,2GA,2楷林,27.0,325.0,0.0,0.006,0.0346,0,0,0.01,0.02,0.0,0.18,21.0,0.0086,0.0033,0.022,0.021,0.0,10.2,3GB,5A,0,HR,5,-3.9,537,0
1420,11060,30.7,2GA,2楷林,20.0,316.0,0.0,0.007,0.0192,0,0,0.012,0.02,0.0,0.149,16.0,0.0079,0.0032,0.035,0.033,0.0,4.2,3GB,5A,0,HR,12,-1.1,522,0
1070,8630,18.05,2GB,2楷林,81.0,331.0,0.0,0.006,0.0368,0,0,0.018,0.01,0.0,0.214,28.0,0.0067,0.0026,0.023,0.022,0.0,5.6,5GG,5A,0,HR,10,-0.6,463,0
1130,10040,22.18,3GC,2楷林,59.0,451.0,0.0,0.004,0.0552,0,0,0.017,0.02,0.0,0.786,25.0,0.0121,0.0025,0.035,0.034,0.001,8.2,3GB,4C,0,PO,7,0.8,488,0
1440,10810,30.43,2GD,2楷林,29.0,328.0,0.0,0.005,0.0365,0,0,0.014,0.01,0.0,0.208,21.0,0.0065,0.0034,0.021,0.02,0.0,12.5,5GG,4C,0,HR,1,5.0,537,0
1290,8980,22.28,2GA,2楷林,7.0,326.0,11.9,0.006,0.0361,0,2,0.01,0.02,0.0,0.207,21.0,0.0079,0.0033,0.026,0.024,0.0,2.8,3GB,5A,1,HR,2,-5.3,353,0
930,8490,15.44,2GA,2楷林,77.0,336.0,0.0,0.004,0.0419,0,0,0.016,0.03,0.0,0.193,19.0,0.0104,0.0044,0.018,0.018,0.0,13.6,5GG,5A,0,BP,4,1.2,275,1
1290,11750,29.63,2GA,2楷林,40.0,332.0,0.0,0.006,0.0398,0,2,0.016,0.02,0.0,0.185,25.0,0.0135,0.0037,0.018,0.016,0.0,16.2,3GB,5A,0,HGI,10,4.7,384,0
1380,8440,22.41,2GA,2楷林,15.0,304.0,9.3,0.004,0.0012,0,0,0.052,0.02,0.0,0.146,14.0,0.0542,0.0089,0.03,0.027,0.001,3.2,3GB,5A,1,GI,9,-3.6,398,0
1460,11450,32.35,2GA,2楷林,30.0,288.0,0.0,0.005,0.0023,0,0,0.027,0.02,0.0,0.143,18.0,0.0095,0.0034,0.03,0.029,0.001,12.0,3GB,5A,0,GA,3,6.4,425,0
1100,11340,24.39,2GA,2楷林,106.0,327.0,0.0,0.006,0.0381,0,0,0.019,0.01,0.0,0.194,24.0,0.0054,0.0036,0.03,0.029,0.0,18.5,5GG,5A,0,FH,10,9.5,276,1
1200,9070,21.28,2GA,2楷林,5.0,360.0,0.0,0.004,0.047,0,0,0.014,0.02,0.0,0.292,34.0,0.0106,0.0028,0.037,0.036,0.0,16.2,3GB,5A,0,HR,9,9.2,309,0
1260,9380,23.11,3GB,2楷林,1.0,372.0,0.0,0.005,0.042,17,0,0.012,0.02,0.0,0.196,18.0,0.0113,0.0037,0.029,0.027,0.0,4.1,3GB,5A,0,HR,1,-3.5,506,0
1400,11120,30.44,2GA,2楷林,20.0,327.0,0.0,0.004,0.0357,0,0,0.026,0.02,0.0,0.192,19.0,0.0091,0.0034,0.028,0.026,0.0,7.8,3GB,5A,0,HR,5,-7.2,600,0
1200,9860,23.13,3GC,2楷林,23.0,265.0,0.0,0.004,0.0022,0,1,0.012,0.02,0.0,0.078,18.0,0.0088,0.0034,0.031,0.03,0.003,3.7,3GB,4C,0,HR,6,-4.4,628,0
990,10430,19.86,2GA,2楷林,107.0,328.0,10.5,0.006,0.0363,0,0,0.02,0.02,0.0,0.183,16.0,0.0097,0.003,0.029,0.027,0.0,8.3,3GB,5A,1,HR,1,-5.0,167,1
1260,5930,14.61,2GB,2楷林,49.0,431.0,0.0,0.006,0.1153,0,0,0.024,0.02,0.0,0.454,34.0,0.0079,0.0029,0.016,0.015,0.0,15.2,5GG,5A,0,HGI,2,4.3,256,1
1270,10810,26.84,2GA,2楷林,6.0,325.0,0.0,0.005,0.0354,1,0,0.011,0.02,0.0,0.189,24.0,0.0073,0.0031,0.02,0.018,0.0,8.5,5GG,5A,0,GI,8,3.0,636,0
1080,11010,22.92,2GA,2楷林,59.0,467.0,0.0,0.006,0.1553,0,0,0.024,0.02,0.0,0.492,23.0,0.0114,0.0035,0.026,0.025,0.0,13.6,3GB,5A,0,HR,3,3.5,243,1
1510,11690,34.51,2GA,2楷林,33.0,273.0,0.0,0.004,0.0016,0,1,0.01,0.02,0.0,0.092,13.0,0.0094,0.0041,0.024,0.021,0.001,7.3,5GG,5A,0,CR,8,-1.0,572,0
1040,11810,24.01,2GA,2楷林,90.0,353.0,0.0,0.004,0.0578,0,0,0.015,0.02,0.0,0.34,25.0,0.0081,0.0039,0.034,0.033,0.001,5.8,5GG,5A,0,CR,7,-7.1,694,0
1150,8570,19.27,3GB,2楷林,45.0,559.0,0.0,0.005,0.1966,0,0,0.032,0.02,0.0,0.832,41.0,0.0088,0.0034,0.019,0.018,0.001,9.5,3GB,5A,0,PO,6,-9.2,533,0
1300,9130,23.2,2GA,2楷林,17.0,326.0,0.0,0.004,0.0346,0,1,0.012,0.02,0.0,0.186,25.0,0.0074,0.0031,0.02,0.019,0.0,15.3,3GB,5A,0,HR,4,8.6,359,0
1070,11080,23.18,2GB,2楷林,32.0,484.0,0.0,0.004,0.1769,1,1,0.029,0.02,0.0,0.799,26.0,0.0145,0.0037,0.022,0.022,0.002,5.5,5GG,5A,0,HR,9,-4.5,642,0
1410,11180,30.82,2GA,2楷林,26.0,0.0,0.0,0.005,0.0018,0,0,0.016,0.02,0.0,0.091,17.0,0.0096,0.0043,0.029,0.028,0.001,13.5,5GG,5A,0,CR,12,5.7,599,0
1100,8670,18.64,2GA,2楷林,78.0,332.0,0.0,0.007,0.0369,0,0,0.019,0.02,0.01,0.187,18.0,0.0073,0.0033,0.022,0.021,0.0,10.1,3GB,5A,0,HR,10,-2.2,357,0
1350,8670,22.88,2GA,2楷林,21.0,339.0,0.0,0.006,0.038,0,0,0.015,0.01,0.0,0.195,19.0,0.0061,0.0032,0.03,0.028,0.0,13.2,3GB,5A,0,HGI,1,3.4,411,0
1260,9170,22.23,2GA,2楷林,41.0,323.0,7.5,0.005,0.0411,0,0,0.013,0.02,0.0,0.196,22.0,0.0073,0.0034,0.021,0.02,0.0,5.3,3GB,5A,1,HR,5,-1.7,394,0
1530,11660,34.88,2GA,2楷林,18.0,275.0,0.0,0.004,0.0018,0,0,0.02,0.02,0.0,0.102,14.0,0.0092,0.0035,0.028,0.026,0.001,7.9,3GB,5A,0,GI,8,0.3,406,0
1100,9330,20.06,3GC,2楷林,76.0,355.0,0.0,0.006,0.0387,12,0,0.018,0.02,0.0,0.24,16.0,0.0081,0.0028,0.03,0.028,0.0,8.7,3GB,4C,0,HR,1,2.3,463,0
1080,10520,22.21,2GB,2楷林,58.0,340.0,0.0,0.005,0.0465,0,0,0.022,0.03,0.0,0.193,17.0,0.0109,0.0028,0.031,0.03,0.0,11.9,3GB,5A,0,HR,6,0.9,433,0
1040,10870,22.1,2GA,2楷林,75.0,373.0,0.0,0.005,0.0402,19,0,0.018,0.02,0.0,0.19,35.0,0.0105,0.0046,0.02,0.019,0.0,16.6,5GG,5A,0,HR,6,4.6,392,0
1290,9710,24.49,2GA,2楷林,36.0,332.0,0.0,0.004,0.0362,0,0,0.01,0.02,0.0,0.203,16.0,0.0103,0.0031,0.036,0.034,0.0,9.2,5GG,5A,0,HR,4,-2.7,579,0
1420,11800,31.97,2GA,2楷林,27.0,300.0,12.6,0.005,0.002,0,0,0.105,0.02,0.0,0.149,10.0,0.0192,0.0103,0.036,0.031,0.0,7.9,3GB,5A,1,GI,6,-4.2,205,1
1190,8080,18.8,2GA,2楷林,36.0,339.0,0.0,0.007,0.0391,0,0,0.01,0.01,0.0,0.194,21.0,0.0056,0.003,0.018,0.017,0.0,13.6,5GG,5A,0,PO,11,5.6,346,0
980,9960,19.08,2GA,2楷林,65.0,327.0,0.0,0.005,0.0342,0,0,0.01,0.02,0.0,0.18,25.0,0.0072,0.0031,0.024,0.021,0.0,7.7,5GG,5A,0,HR,5,-3.9,485,0
1120,10590,22.77,2GA,2楷林,53.0,267.0,0.0,0.005,0.0013,0,2,0.018,0.02,0.0,0.076,16.0,0.0088,0.0034,0.027,0.026,0.001,8.3,5GG,5A,0,GI,2,-3.2,508,0
1400,8440,23.1,2GD,2楷林,82.0,332.0,0.0,0.005,0.0393,0,0,0.017,0.02,0.0,0.194,20.0,0.0076,0.0039,0.026,0.025,0.0,16.2,5GG,4C,0,HR,11,7.4,464,0
960,9880,18.54,2GA,2楷林,81.0,398.0,0.0,0.005,0.068,0,1,0.011,0.03,0.0,0.487,31.0,0.0154,0.0038,0.048,0.046,0.0,10.7,5GG,5A,0,BP,4,-0.6,424,0
1190,11340,26.38,2GC,2楷林,46.0,340.0,0.0,0.006,0.0353,11,0,0.019,0.02,0.0,0.202,13.0,0.0054,0.0028,0.03,0.028,0.0,10.1,5GG,4C,0,CR,1,5.1,488,0
1100,8660,18.62,2GA,2楷林,73.0,332.0,0.0,0.006,0.0355,0,0,0.009,0.02,0.0,0.203,23.0,0.01,0.0035,0.022,0.02,0.0,10.3,5GG,5A,0,HR,10,0.1,534,0
1080,10000,21.11,2GA,2楷林,47.0,328.0,0.9,0.004,0.0352,0,0,0.01,0.02,0.0,0.19,17.0,0.0102,0.0028,0.032,0.031,0.0,7.9,5GG,5A,1,HR,8,0.5,586,0
1250,8230,20.11,3GC,2楷林,38.0,336.0,0.0,0.004,0.0367,0,2,0.018,0.05,0.0,0.139,21.0,0.0068,0.0031,0.032,0.026,0.0,3.3,3GB,4C,0,HR,7,-3.0,652,0
1130,9090,20.08,3GC,2楷林,64.0,463.0,0.0,0.005,0.149,0,0,0.015,0.02,0.0,0.484,32.0,0.0096,0.0022,0.02,0.02,0.001,9.4,3GB,4C,0,HR,4,-4.5,559,0
1490,8550,24.91,3GC,2楷林,24.0,256.0,0.0,0.005,0.002,0,1,0.01,0.02,0.0,0.087,19.0,0.0069,0.0033,0.033,0.031,0.002,9.7,3GB,4C,0,FH,4,-5.7,500,0
1390,11670,31.71,2GA,2楷林,28.0,254.0,0.0,0.005,0.002,0,0,0.013,0.02,0.0,0.057,18.0,0.0061,0.004,0.03,0.028,0.002,3.9,3GB,5A,0,CR,8,-1.1,648,0
1030,9350,18.53,2GA,2楷林,79.0,326.0,8.2,0.006,0.0452,0,0,0.015,0.02,0.0,0.185,21.0,0.007,0.0036,0.027,0.025,0.0,8.5,3GB,5A,1,HR,3,1.1,303,0
1060,11400,23.62,2GB,2楷林,39.0,415.0,0.0,0.005,0.111,0,0,0.013,0.02,0.0,0.491,21.0,0.0119,0.0028,0.02,0.016,0.001,14.3,5GG,5A,0,HR,5,0.4,413,0
1250,8990,21.97,3GB,2楷林,16.0,450.0,0.0,0.004,0.0594,0,0,0.012,0.01,0.0,0.79,36.0,0.008,0.0018,0.028,0.027,0.0,4.5,3GB,5A,0,PO,6,2.4,573,0
1550,11550,35.0,2GC,2楷林,8.0,284.0,0.0,0.006,0.0028,0,0,0.011,0.01,0.0,0.148,14.0,0.0092,0.0033,0.032,0.029,0.001,4.8,5GG,4C,0,GI,4,-7.3,522,0
1350,9580,25.28,2GC,2楷林,45.0,430.0,0.0,0.006,0.0526,0,0,0.011,0.02,0.0,0.784,38.0,0.009,0.0025,0.037,0.036,0.001,4.7,5GG,4C,0,PO,1,-8.5,665,0
1100,9650,20.75,2GA,2楷林,75.0,299.0,0.0,0.006,0.0326,0,0,0.01,0.01,0.0,0.271,18.0,0.0188,0.0035,0.027,0.026,0.0,16.7,5GG,5A,0,GI,2,0.3,284,1
1390,11620,31.58,2GA,2楷林,96.0,337.0,0.0,0.006,0.042,0,0,0.01,0.02,0.0,0.191,17.0,0.0095,0.0028,0.021,0.02,0.0,10.9,5GG,5A,0,HR,1,-4.5,510,0
1000,8510,16.64,3GC,2楷林,74.0,351.0,0.0,0.004,0.0407,11,0,0.019,0.02,0.0,0.211,22.0,0.0063,0.0037,0.035,0.034,0.0,7.1,3GB,4C,0,CR,6,-2.6,524,0
1100,7370,15.85,2GD,2楷林,79.0,461.0,0.0,0.006,0.0622,0,1,0.01,0.03,0.0,0.803,35.0,0.0141,0.0027,0.043,0.041,0.002,10.5,3GB,4C,0,PO,1,-4.4,483,0
1070,8660,18.12,2GC,2楷林,23.0,533.0,0.0,0.004,0.1509,1,1,0.025,0.02,0.0,0.811,32.0,0.0121,0.0033,0.021,0.021,0.002,12.5,5GG,4C,0,HR,9,8.8,592,0
1340,8830,23.13,2GB,2楷林,69.0,418.0,0.0,0.006,0.1115,0,0,0.011,0.02,0.0,0.463,23.0,0.0087,0.0026,0.02,0.019,0.0,8.2,5GG,5A,0,HR,10,1.1,591,0
1140,9970,22.22,2GB,2楷林,98.0,413.0,0.0,0.004,0.1212,0,0,0.01,0.02,0.0,0.298,27.0,0.0151,0.003,0.017,0.017,0.001,13.4,3GB,5A,0,HGI,9,0.4,484,0
1030,11860,23.88,2GA,2楷林,29.0,358.0,0.0,0.004,0.0641,0,0,0.013,0.02,0.0,0.342,30.0,0.0094,0.0033,0.034,0.032,0.001,11.0,5GG,5A,0,CR,9,3.8,403,0
1410,11810,32.55,2GC,2楷林,7.0,491.0,0.0,0.006,0.1994,0,0,0.014,0.02,0.0,0.387,28.0,0.0094,0.0029,0.031,0.03,0.0,5.0,5GG,4C,0,HR,6,-7.9,588,0
1160,11780,26.29,2GC,2楷林,76.0,312.0,11.6,0.005,0.0128,18,5,0.025,0.02,0.0,0.146,22.0,0.0083,0.0034,0.022,0.022,0.0,8.3,3GB,4C,1,EG,8,2.3,166,1
1380,11620,30.6,2GC,2楷林,23.0,316.0,6.0,0.004,0.0015,6,0,0.058,0.02,0.0,0.201,17.0,0.0465,0.0096,0.047,0.045,0.001,6.7,3GB,4C,1,GI,8,-1.7,375,0
1160,9960,22.59,2GD,2楷林,79.0,476.0,0.0,0.006,0.1701,0,1,0.023,0.02,0.0,0.493,30.0,0.0117,0.0038,0.019,0.018,0.0,11.5,5GG,4C,0,HR,5,-5.4,462,0
1260,9410,23.18,2GB,2楷林,48.0,342.0,0.0,0.005,0.0389,0,0,0.023,0.03,0.0,0.233,30.0,0.0113,0.0036,0.032,0.03,0.0,14.6,3GB,5A,0,PO,6,8.6,288,1
1260,10100,24.88,2GB,2楷林,56.0,450.0,0.0,0.007,0.0557,0,0,0.01,0.02,0.0,0.811,36.0,0.0115,0.002,0.031,0.03,0.001,12.6,5GG,5A,0,PO,10,2.4,474,0
1110,11600,25.17,2GA,2楷林,77.0,357.0,0.0,0.005,0.0507,0,0,0.011,0.02,0.0,0.304,42.0,0.0101,0.0034,0.028,0.027,0.0,16.1,5GG,5A,0,HR,12,10.3,342,0
960,9940,18.66,2GA,2楷林,95.0,318.0,0.0,0.007,0.0356,0,0,0.019,0.02,0.0,0.194,28.0,0.0076,0.0032,0.02,0.019,0.0,17.4,5GG,5A,0,HR,10,-1.1,361,0
1260,9370,23.08,2GC,2楷林,35.0,332.0,0.0,0.007,0.0434,0,4,0.011,0.02,0.0,0.191,20.0,0.0122,0.0034,0.02,0.018,0.0,14.5,5GG,4C,0,HR,1,2.1,249,1
1270,11850,28.95,2GA,2楷林,32.0,338.0,13.3,0.005,0.0448,0,1,0.016,0.02,0.0,0.287,18.0,0.0106,0.0038,0.034,0.033,0.0,5.9,3GB,5A,1,HR,5,-7.7,231,1
1190,10270,23.89,3GC,2楷林,46.0,417.0,0.0,0.004,0.1128,0,0,0.02,0.02,0.0,0.303,43.0,0.0095,0.0029,0.027,0.021,0.0,10.8,3GB,4C,0,HGI,8,3.1,529,0
910,10180,18.11,2GC,2楷林,57.0,341.0,0.0,0.006,0.0481,0,0,0.012,0.02,0.0,0.296,34.0,0.0097,0.0044,0.028,0.026,0.0,5.3,3GB,4C,0,PO,12,-0.8,620,0
1250,11130,27.2,3GC,2楷林,25.0,339.0,0.0,0.004,0.0315,11,0,0.025,0.02,0.0,0.189,19.0,0.0069,0.0049,0.022,0.021,0.0,2.5,3GB,4C,0,CR,8,-1.3,730,0
1190,8390,19.27,2GA,2楷林,53.0,449.0,0.0,0.005,0.0589,0,0,0.022,0.02,0.0,0.81,32.0,0.0115,0.0035,0.031,0.03,0.0,3.6,3GB,5A,0,PO,12,-4.7,688,0
1340,9130,23.92,2GB,2楷林,8.0,429.0,0.0,0.006,0.0587,0,0,0.01,0.02,0.0,0.788,31.0,0.008,0.0026,0.044,0.042,0.0,8.4,5GG,5A,0,HGI,10,-5.5,469,0
1380,11800,31.84,3GB,2楷林,4.0,426.0,0.0,0.005,0.1143,0,1,0.015,0.02,0.0,0.492,28.0,0.0103,0.0032,0.021,0.019,0.001,6.2,3GB,5A,0,HGI,12,-5.3,475,0
980,11670,22.36,2GA,2楷林,66.0,315.0,0.0,0.004,0.0203,0,0,0.018,0.02,0.0,0.186,12.0,0.0081,0.0034,0.028,0.024,0.0,8.1,3GB,5A,0,CR,8,-1.9,549,0
1090,9890,21.08,2GA,2楷林,59.0,329.0,0.0,0.006,0.0365,0,1,0.01,0.02,0.0,0.178,18.0,0.0069,0.0034,0.018,0.016,0.0,15.5,5GG,5A,0,HR,12,8.5,334,0
1450,11870,33.65,2GC,2楷林,13.0,310.0,0.0,0.006,0.0016,5,0,0.009,0.02,0.0,0.681,16.0,0.0593,0.0035,0.036,0.034,0.002,17.3,5GG,4C,0,GA,12,11.3,352,0
1240,9380,22.74,2GA,2楷林,80.0,318.0,0.0,0.006,0.0361,0,0,0.019,0.02,0.0,0.185,19.0,0.0101,0.0035,0.023,0.022,0.0,8.0,5GG,5A,0,HR,6,-2.3,571,0
1120,7480,16.38,2GC,2楷林,45.0,437.0,0.0,0.004,0.1195,0,1,0.02,0.03,0.0,0.449,25.0,0.0156,0.0027,0.029,0.028,0.0,14.3,5GG,4C,0,HGI,7,7.0,259,1
1500,11350,32.73,2GB,2楷林,22.0,400.0,0.0,0.006,0.0931,0,1,0.019,0.02,0.0,0.48,32.0,0.0062,0.0035,0.031,0.029,0.0,10.1,3GB,5A,0,HGI,11,-3.1,537,0
1260,9210,22.69,2GC,2楷林,64.0,302.0,0.0,0.005,0.0193,0,0,0.014,0.01,0.0,0.194,12.0,0.0061,0.01,0.024,0.023,0.0,4.6,5GG,4C,0,HR,1,-1.0,561,0
1020,11860,23.65,2GB,2楷林,68.0,348.0,0.0,0.006,0.0498,0,0,0.015,0.02,0.0,0.303,23.0,0.0111,0.0038,0.021,0.019,0.0,4.8,5GG,5A,0,HR,10,-8.5,627,0
960,9630,18.07,2GA,2楷林,53.0,331.0,0.0,0.004,0.0378,0,0,0.021,0.02,0.0,0.188,17.0,0.009,0.0039,0.026,0.026,0.0,4.8,3GB,5A,0,HR,6,-1.8,604,0
1030,9710,19.55,2GA,2楷林,99.0,331.0,0.0,0.006,0.0387,0,3,0.014,0.02,0.0,0.2,12.0,0.0088,0.0029,0.037,0.035,0.0,7.7,5GG,5A,0,HR,2,-1.0,575,0
1210,11150,26.38,2GA,2楷林,25.0,337.0,0.0,0.005,0.0403,0,0,0.009,0.03,0.0,0.189,22.0,0.0148,0.0027,0.024,0.022,0.0,13.5,5GG,5A,0,HR,3,3.2,466,0
1030,7610,15.32,2GA,2楷林,69.0,353.0,0.0,0.005,0.0573,0,0,0.018,0.01,0.0,0.354,30.0,0.0064,0.0023,0.04,0.038,0.0,17.2,5GG,5A,0,CR,6,4.4,258,1
1140,11670,26.01,2GC,2楷林,49.0,275.0,0.0,0.004,0.0024,0,0,0.02,0.02,0.0,0.103,12.0,0.0096,0.0037,0.032,0.029,0.001,11.8,3GB,4C,0,FH,9,2.8,397,0
1260,11360,27.98,2GA,2楷林,34.0,323.0,0.0,0.004,0.036,0,0,0.012,0.01,0.0,0.175,13.0,0.0068,0.0034,0.025,0.024,0.0,7.0,3GB,5A,0,FH,7,0.3,586,0
1310,8680,22.23,2GC,2楷林,17.0,438.0,0.0,0.005,0.1218,0,0,0.012,0.02,0.0,0.431,23.0,0.0099,0.0034,0.022,0.022,0.001,5.7,5GG,4C,0,HGI,7,0.6,490,0
1570,8620,26.03,2GA,2楷林,29.0,279.0,8.2,0.006,0.0028,0,0,0.009,0.02,0.0,0.093,12.0,0.009,0.0041,0.028,0.027,0.001,4.2,3GB,5A,1,FH,4,-3.5,414,0
1390,9780,26.58,2GA,2楷林,35.0,337.0,0.0,0.005,0.0399,0,0,0.038,0.02,0.0,0.186,20.0,0.0067,0.0033,0.017,0.015,0.0,9.8,5GG,5A,0,HGI,3,-0.5,635,0
1200,7090,16.63,2GB,2楷林,38.0,343.0,0.0,0.004,0.0372,0,0,0.011,0.02,0.0,0.182,32.0,0.0073,0.006,0.037,0.034,0.0,12.3,5GG,5A,0,HR,7,1.1,514,0
1570,10490,32.2,3GC,2楷林,20.0,329.0,0.0,0.004,0.0348,0,0,0.018,0.05,0.0,0.183,36.0,0.0119,0.0033,0.032,0.032,0.001,8.3,3GB,4C,0,HR,8,-4.6,562,0
1200,7960,18.67,2GB,2楷林,88.0,540.0,0.0,0.005,0.1349,0,1,0.009,0.02,0.0,0.932,33.0,0.0114,0.002,0.019,0.018,0.001,11.8,5GG,5A,0,HGI,12,-2.4,515,0
1270,5540,13.75,2GA,2楷林,3.0,275.0,0.0,0.004,0.0021,0,0,0.011,0.02,0.0,0.094,13.0,0.009,0.003,0.033,0.031,0.001,6.7,5GG,5A,0,CR,8,-4.3,463,0
1300,11850,30.12,2GA,2楷林,11.0,319.0,0.0,0.005,0.0312,0,0,0.018,0.02,0.0,0.193,19.0,0.0091,0.0041,0.026,0.025,0.0,9.4,3GB,5A,0,HR,6,2.4,340,0
1340,5900,15.46,2GA,2楷林,32.0,343.0,0.0,0.005,0.0411,0,1,0.019,0.02,0.0,0.186,28.0,0.0084,0.0037,0.021,0.02,0.0,2.6,3GB,5A,0,PO,5,-4.3,736,0
1060,11570,23.98,3GC,2楷林,84.0,337.0,0.0,0.004,0.0397,0,0,0.011,0.02,0.0,0.187,16.0,0.0079,0.0034,0.023,0.022,0.0,5.3,3GB,4C,0,CR,8,-6.4,599,0
1310,7430,19.03,3GB,2楷林,40.0,320.0,0.0,0.005,0.0398,0,0,0.013,0.02,0.0,0.186,19.0,0.0083,0.0042,0.022,0.02,0.0,3.7,3GB,5A,0,HR,12,-2.2,721,0
1290,11730,29.58,2GB,2楷林,48.0,336.0,0.0,0.007,0.0406,0,0,0.015,0.02,0.0,0.19,18.0,0.0068,0.0037,0.035,0.033,0.0,11.9,5GG,5A,0,HR,4,3.9,491,0
1360,9090,24.17,2GA,2楷林,37.0,321.0,0.0,0.006,0.0226,0,2,0.01,0.01,0.0,0.21,18.0,0.0065,0.0033,0.024,0.023,0.0,9.8,5GG,5A,0,HR,12,-3.3,526,0
1210,8180,19.19,2GC,2楷林,60.0,426.0,0.0,0.004,0.1221,0,0,0.011,0.02,0.0,0.31,30.0,0.0082,0.0023,0.027,0.025,0.0,11.5,5GG,4C,0,HGI,9,-0.9,611,0
1100,7920,17.03,2GA,2楷林,103.0,356.0,0.0,0.006,0.0363,14,0,0.015,0.02,0.0,0.195,20.0,0.0073,0.003,0.026,0.024,0.0,10.2,3GB,5A,0,HR,1,2.3,507,0
1180,11790,27.2,2GD,2楷林,100.0,547.0,0.0,0.006,0.1392,0,1,0.012,0.02,0.0,0.895,32.0,0.0102,0.003,0.028,0.027,0.001,12.5,5GG,4C,0,HR,11,1.3,456,0
1290,8970,22.26,2GA,2楷林,5.0,326.0,14.6,0.006,0.0371,0,1,0.014,0.01,0.0,0.199,17.0,0.009,0.0027,0.033,0.031,0.0,4.2,3GB,5A,1,HR,2,1.1,359,0
1060,11590,24.02,2GA,2楷林,36.0,355.0,0.0,0.006,0.0597,0,0,0.015,0.02,0.0,0.363,30.0,0.0098,0.003,0.036,0.034,0.0,7.9,5GG,5A,0,CR,3,-1.3,401,0
1340,10100,26.46,3GC,2楷林,15.0,297.0,0.0,0.005,0.0013,0,0,0.093,0.02,0.0,0.154,13.0,0.0184,0.0099,0.032,0.03,0.0,8.6,3GB,4C,0,FH,8,0.3,629,0
1290,9210,22.86,2GA,2楷林,39.0,332.0,10.4,0.005,0.0377,0,0,0.012,0.02,0.0,0.21,22.0,0.0115,0.0028,0.027,0.024,0.0,5.1,3GB,5A,1,HR,2,-4.1,392,0
1370,11640,30.72,2GD,2楷林,17.0,459.0,0.0,0.005,0.0044,10,1,0.098,0.02,0.06,0.571,21.0,0.0831,0.0103,0.046,0.045,0.002,14.1,3GB,4C,0,GA,6,5.0,297,1
1160,11260,25.1,2GC,2楷林,31.0,482.0,0.0,0.004,0.1935,0,1,0.028,0.02,0.0,0.428,31.0,0.0103,0.0019,0.041,0.039,0.0,8.1,5GG,4C,0,HR,9,2.4,482,0
1250,7910,19.33,2GC,2楷林,44.0,460.0,0.0,0.005,0.1404,0,2,0.014,0.02,0.0,0.496,23.0,0.012,0.0025,0.027,0.025,0.001,13.8,5GG,4C,0,HR,11,1.4,350,0
1250,9490,23.19,3GC,2楷林,15.0,340.0,0.0,0.006,0.0364,0,0,0.008,0.02,0.0,0.201,14.0,0.0078,0.0031,0.026,0.026,0.0,9.8,3GB,4C,0,PO,4,0.6,551,0
1420,11660,31.8,2GA,2楷林,33.0,442.0,0.0,0.006,0.0597,0,0,0.025,0.02,0.0,0.8,37.0,0.0104,0.0029,0.036,0.035,0.0,9.6,5GG,5A,0,PO,2,0.0,509,0
1340,8940,23.07,2GB,2楷林,17.0,436.0,0.0,0.005,0.1234,0,0,0.014,0.03,0.01,0.494,32.0,0.0135,0.0023,0.023,0.022,0.001,9.6,5GG,5A,0,HR,4,-6.2,466,0
1090,11680,24.89,2GC,2楷林,66.0,519.0,0.0,0.005,0.0765,1,0,0.015,0.01,0.0,0.891,26.0,0.0184,0.0025,0.026,0.025,0.001,6.4,5GG,4C,0,FH,6,-2.1,627,0
1350,11740,30.98,2GA,2楷林,58.0,274.0,0.0,0.006,0.0021,0,1,0.013,0.02,0.0,0.106,12.0,0.0116,0.0039,0.029,0.028,0.001,4.9,3GB,5A,0,CR,5,-3.2,594,0
1110,11000,23.87,2GB,2楷林,40.0,353.0,0.0,0.007,0.0582,0,0,0.012,0.01,0.0,0.347,28.0,0.0076,0.003,0.034,0.033,0.0,8.7,3GB,5A,0,CR,1,-0.2,366,0
1520,11750,34.36,2GA,2楷林,23.0,256.0,3.8,0.005,0.0018,0,0,0.015,0.02,0.0,0.069,20.0,0.0089,0.0034,0.022,0.022,0.003,12.5,3GB,5A,1,GI,6,5.0,355,0
1570,9790,30.05,2GA,2楷林,65.0,328.0,0.0,0.005,0.0421,0,0,0.009,0.02,0.0,0.198,21.0,0.0079,0.0042,0.023,0.022,0.0,14.8,5GG,5A,0,HR,4,-1.1,323,0
1410,9030,24.89,2GA,2楷林,14.0,341.0,0.0,0.004,0.0402,0,0,0.022,0.02,0.0,0.212,23.0,0.0096,0.003,0.039,0.037,0.001,14.5,5GG,5A,0,HR,11,2.0,355,0
1300,9120,23.18,2GA,2楷林,60.0,328.0,0.0,0.005,0.0352,0,0,0.015,0.03,0.0,0.188,19.0,0.0138,0.0031,0.029,0.029,0.0,14.5,3GB,5A,0,HR,4,2.1,545,0
1290,9270,23.38,2GC,2楷林,51.0,348.0,0.0,0.006,0.044,0,0,0.011,0.02,0.0,0.191,23.0,0.0076,0.0038,0.022,0.021,0.0,8.1,5GG,4C,0,HR,1,-6.5,490,0
1560,9850,29.75,2GA,2楷林,7.0,319.0,0.0,0.003,0.0309,0,0,0.018,0.02,0.0,0.185,16.0,0.0079,0.0033,0.029,0.026,0.0,7.3,3GB,5A,0,HR,7,-4.1,580,0
1290,11100,27.99,2GA,2楷林,5.0,328.0,0.0,0.005,0.0381,0,0,0.008,0.02,0.0,0.204,25.0,0.0087,0.003,0.024,0.023,0.0,9.2,5GG,5A,0,FH,12,0.0,500,0
1260,9170,22.59,2GA,2楷林,69.0,330.0,0.0,0.005,0.0411,0,0,0.011,0.02,0.0,0.206,23.0,0.0108,0.0027,0.026,0.025,0.001,12.3,5GG,5A,0,HR,4,1.6,360,0
900,10430,18.35,2GA,2楷林,55.0,300.0,0.0,0.005,0.002,14,0,0.06,0.06,0.0,0.539,13.0,0.015,0.0031,0.025,0.021,0.001,10.1,3GB,5A,0,BP,4,0.0,472,0
1560,11260,34.34,2GA,2楷林,14.0,323.0,0.0,0.007,0.0014,5,0,0.052,0.02,0.0,0.199,14.0,0.0469,0.0095,0.034,0.032,0.001,12.8,5GG,5A,0,GI,11,3.0,439,0
1570,8710,26.48,2GA,2楷林,24.0,328.0,0.0,0.006,0.0351,0,0,0.012,0.02,0.0,0.192,17.0,0.0073,0.0035,0.022,0.021,0.0,6.0,5GG,5A,0,HR,3,-3.1,652,0
1180,10010,23.09,2GB,2楷林,14.0,425.0,0.0,0.005,0.1158,0,0,0.026,0.02,0.0,0.464,22.0,0.0106,0.0026,0.018,0.017,0.0,10.5,5GG,5A,0,HR,7,-0.9,370,0
1480,7110,20.57,2GA,2楷林,8.0,293.0,0.0,0.006,0.0023,0,9,0.014,0.02,0.0,0.141,11.0,0.0101,0.0036,0.022,0.02,0.002,11.1,5GG,5A,0,GA,4,-2.6,343,0
1300,11340,28.82,2GA,2楷林,54.0,317.0,0.0,0.005,0.0197,0,2,0.019,0.02,0.0,0.19,22.0,0.0079,0.0032,0.015,0.014,0.0,10.5,5GG,5A,0,CR,8,0.3,649,0
1030,9670,19.47,2GB,2楷林,42.0,330.0,0.0,0.006,0.0386,0,0,0.02,0.02,0.0,0.193,23.0,0.0124,0.0028,0.036,0.035,0.001,9.2,5GG,5A,0,HR,2,0.3,538,0
1130,9270,20.48,2GA,2楷林,47.0,449.0,0.0,0.005,0.0623,0,0,0.013,0.02,0.0,0.79,33.0,0.0104,0.0027,0.036,0.036,0.001,10.1,5GG,5A,0,PO,6,-0.3,608,0
1140,11540,25.72,3GC,2楷林,2.0,264.0,0.0,0.005,0.0015,0,1,0.019,0.02,0.0,0.077,16.0,0.0095,0.0037,0.031,0.029,0.001,9.4,3GB,4C,0,GI,12,-1.0,439,0
1110,9710,21.07,3GC,2楷林,92.0,496.0,0.0,0.007,0.1902,0,0,0.012,0.02,0.0,0.472,38.0,0.0087,0.0028,0.028,0.026,0.0,13.0,3GB,4C,0,HR,1,5.7,542,0
1040,9900,20.13,2GA,2楷林,78.0,303.0,0.0,0.006,0.021,0,0,0.011,0.02,0.0,0.13,10.0,0.0081,0.0033,0.03,0.029,0.0,14.4,5GG,5A,0,HR,4,3.2,395,0
1420,7860,21.47,2GA,2楷林,10.0,260.0,9.0,0.005,0.0024,0,0,0.013,0.02,0.0,0.069,12.0,0.0058,0.0035,0.029,0.028,0.003,6.8,3GB,5A,1,GI,5,-0.9,329,0
1390,10290,27.96,3GC,2楷林,10.0,329.0,0.0,0.007,0.0368,0,2,0.029,0.02,0.0,0.18,38.0,0.0063,0.0034,0.019,0.018,0.0,9.2,3GB,4C,0,FH,1,-3.9,438,0
1260,10230,25.2,2GA,2楷林,71.0,327.0,0.0,0.004,0.0357,0,0,0.01,0.02,0.0,0.206,18.0,0.0072,0.0031,0.03,0.028,0.0,9.9,3GB,5A,0,HR,4,-0.8,549,0
1280,8040,20.12,2GC,2楷林,48.0,316.0,0.0,0.006,0.0369,0,1,0.013,0.02,0.0,0.186,32.0,0.0065,0.0032,0.023,0.022,0.0,4.9,5GG,4C,0,HR,12,-0.8,734,0
1230,8630,20.42,2GC,2楷林,23.0,321.0,7.7,0.005,0.0014,6,0,0.056,0.02,0.0,0.195,14.0,0.0429,0.0086,0.034,0.033,0.001,8.1,3GB,4C,1,GI,1,3.2,332,0
1350,11830,31.22,3GC,2楷林,11.0,460.0,0.0,0.007,0.005,9,0,0.097,0.02,0.06,0.572,24.0,0.0855,0.0084,0.052,0.05,0.002,5.1,3GB,4C,0,GA,11,-2.6,640,0
1070,11460,23.97,3GC,2楷林,30.0,327.0,0.0,0.004,0.0382,0,0,0.02,0.02,0.0,0.197,19.0,0.0091,0.0025,0.03,0.029,0.0,6.9,3GB,4C,0,CR,8,3.8,526,0
1570,9000,27.62,3GC,2楷林,13.0,258.0,0.0,0.005,0.0024,0,0,0.021,0.02,0.0,0.095,14.0,0.0109,0.0029,0.032,0.031,0.002,7.1,3GB,4C,0,HR,5,-7.6,475,0
1400,8590,23.17,2GB,2楷林,41.0,330.0,0.0,0.004,0.0379,0,0,0.029,0.02,0.0,0.201,24.0,0.0076,0.0034,0.024,0.023,0.0,16.7,5GG,5A,0,HR,6,2.8,403,0
1140,9920,22.11,2GA,2楷林,28.0,334.0,0.0,0.004,0.0404,0,0,0.013,0.02,0.0,0.189,15.0,0.0088,0.0033,0.023,0.022,0.0,12.1,5GG,5A,0,HR,6,2.5,462,0
1510,9710,27.74,2GC,2楷林,38.0,305.0,8.5,0.005,0.0013,0,1,0.05,0.02,0.0,0.139,16.0,0.0514,0.0092,0.029,0.028,0.001,9.0,5GG,4C,1,HR,5,-1.8,165,1
1110,7060,15.32,2GA,2楷林,27.0,350.0,0.0,0.007,0.0541,0,8,0.017,0.02,0.0,0.357,33.0,0.0089,0.0026,0.048,0.045,0.001,13.1,5GG,5A,0,CR,11,9.7,281,1
1390,11770,31.98,2GA,2楷林,22.0,273.0,0.0,0.008,0.0029,0,0,0.023,0.02,0.0,0.088,15.0,0.0095,0.0039,0.025,0.024,0.001,8.5,5GG,5A,0,CR,2,-0.9,565,0
1400,11120,30.44,2GA,2楷林,15.0,327.0,0.0,0.005,0.0352,0,0,0.014,0.02,0.0,0.201,16.0,0.0089,0.0032,0.025,0.023,0.0,10.6,5GG,5A,0,HR,1,-1.9,470,0
1260,10430,25.69,2GB,2楷林,32.0,342.0,0.0,0.006,0.0457,0,0,0.022,0.02,0.0,0.297,25.0,0.0099,0.0037,0.018,0.016,0.0,8.4,5GG,5A,0,HR,12,-5.6,558,0
1300,11260,27.83,2GC,2楷林,69.0,285.0,6.7,0.006,0.0018,0,1,0.016,0.02,0.0,0.149,22.0,0.0097,0.0041,0.029,0.027,0.002,6.3,3GB,4C,1,HR,11,-0.6,364,0
1490,8550,24.91,3GC,2楷林,7.0,258.0,0.0,0.005,0.0021,0,4,0.009,0.02,0.0,0.095,15.0,0.008,0.0039,0.022,0.02,0.002,8.3,3GB,4C,0,FH,4,-6.2,506,0
1270,9310,23.12,2GA,2楷林,48.0,331.0,0.0,0.005,0.039,0,1,0.012,0.02,0.0,0.185,34.0,0.0071,0.0036,0.021,0.02,0.0,10.7,5GG,5A,0,HR,5,-5.6,354,0
1360,10590,27.71,2GC,2楷林,7.0,276.0,9.0,0.004,0.0022,0,2,0.018,0.02,0.0,0.091,12.0,0.0088,0.0031,0.023,0.022,0.001,6.1,3GB,4C,1,HR,8,-1.8,274,1
1380,11760,31.73,2GA,2楷林,22.0,272.0,0.0,0.004,0.0025,0,0,0.021,0.03,0.0,0.094,15.0,0.0113,0.004,0.031,0.029,0.001,3.8,5GG,5A,0,CR,7,-3.6,619,0
1400,10120,27.7,2GA,2楷林,26.0,355.0,0.0,0.004,0.002,8,0,0.083,0.02,0.0,0.251,20.0,0.0706,0.0098,0.046,0.045,0.001,7.9,5GG,5A,0,HR,9,-0.3,615,0
1430,10880,30.42,2GA,2楷林,9.0,369.0,0.0,0.006,0.0444,19,0,0.01,0.02,0.0,0.181,17.0,0.0091,0.0038,0.019,0.018,0.0,6.5,5GG,5A,0,HR,4,-5.5,617,0
960,8900,16.7,2L2,1楷林,85.0,342.0,0.0,0.004,0.0375,0,0,0.009,0.01,0.0,0.19,14.0,0.0105,0.0037,0.024,0.022,0.0,60.6,5GG,7A,0,HR,7,52.5,322,0
1050,11770,24.16,2GC,2楷林,84.0,440.0,0.0,0.005,0.0606,0,0,0.011,0.02,0.0,0.797,30.0,0.0115,0.0026,0.032,0.03,0.001,17.7,3GB,4C,0,PO,12,4.9,258,1
1340,8960,23.03,2GA,2楷林,31.0,328.0,0.0,0.004,0.0392,0,0,0.016,0.02,0.01,0.192,18.0,0.0088,0.0032,0.02,0.019,0.0,4.2,5GG,5A,0,HR,7,-0.1,589,0
950,9040,16.79,2GA,2楷林,100.0,356.0,0.0,0.005,0.0381,11,0,0.021,0.03,0.0,0.19,23.0,0.0081,0.0036,0.023,0.022,0.0,5.3,3GB,5A,0,HR,8,-5.6,579,0
1450,7830,22.2,3GC,2楷林,18.0,356.0,0.0,0.006,0.0543,0,0,0.021,0.02,0.0,0.353,20.0,0.0065,0.0038,0.037,0.036,0.0,3.7,3GB,4C,0,HR,11,-4.0,703,0
1300,10210,25.53,2GA,2楷林,44.0,300.0,20.3,0.005,0.0014,0,0,0.1,0.02,0.0,0.143,13.0,0.0177,0.0092,0.028,0.027,0.0,0.7,3GB,5A,1,GI,1,-7.2,265,1
1190,11470,26.68,2GC,2楷林,74.0,272.0,0.0,0.006,0.0022,0,0,0.01,0.02,0.0,0.094,20.0,0.0093,0.0026,0.033,0.032,0.001,8.7,5GG,4C,0,GI,1,0.3,454,0
1270,8050,19.99,2GA,2楷林,47.0,357.0,0.0,0.005,0.002,8,0,0.078,0.02,0.0,0.258,20.0,0.0698,0.0095,0.042,0.041,0.001,7.1,5GG,5A,0,CR,6,-0.1,501,0
1240,10400,25.21,2GC,2楷林,2.0,480.0,0.0,0.006,0.1621,0,1,0.01,0.01,0.0,0.807,26.0,0.0112,0.002,0.03,0.029,0.001,6.9,3GB,4C,0,HR,9,-1.3,584,0
1040,11830,24.05,2GA,2楷林,51.0,340.0,0.0,0.006,0.0402,0,0,0.014,0.01,0.0,0.19,37.0,0.0054,0.0037,0.027,0.026,0.0,8.3,5GG,5A,0,CR,10,1.6,552,0
1220,11380,27.14,2GA,2楷林,45.0,321.0,0.0,0.004,0.0358,0,0,0.013,0.02,0.0,0.191,19.0,0.0072,0.0034,0.029,0.029,0.0,3.6,3GB,5A,0,HR,2,-8.4,686,0
1000,10990,21.49,2GA,2楷林,65.0,338.0,0.0,0.006,0.038,0,0,0.008,0.01,0.0,0.21,16.0,0.0066,0.0024,0.02,0.018,0.0,10.8,3GB,5A,0,HGI,2,3.7,309,0
1290,9350,23.58,2GA,2楷林,1.0,323.0,0.0,0.005,0.0333,0,0,0.011,0.02,0.0,0.184,22.0,0.0077,0.0034,0.025,0.021,0.0,3.2,5GG,5A,0,HR,5,-8.5,584,0
1370,9000,23.84,2GB,2楷林,41.0,505.0,0.0,0.005,0.1519,0,0,0.02,0.02,0.0,0.581,28.0,0.0133,0.0033,0.033,0.033,0.0,11.5,5GG,5A,0,FH,7,0.9,392,0
1070,9140,19.12,2GA,2楷林,81.0,331.0,0.0,0.006,0.0402,0,0,0.018,0.02,0.0,0.198,20.0,0.0088,0.0035,0.024,0.023,0.0,4.9,3GB,5A,0,HR,10,-3.8,612,0
1410,9720,26.79,2GB,2楷林,13.0,513.0,0.0,0.005,0.0749,2,0,0.012,0.02,0.0,0.887,32.0,0.0186,0.0027,0.027,0.025,0.001,15.5,5GG,5A,0,CR,12,-1.4,298,1
1300,11850,30.12,2GA,2楷林,69.0,321.0,0.0,0.006,0.0321,0,0,0.021,0.02,0.0,0.195,29.0,0.0107,0.0033,0.035,0.032,0.0,9.1,5GG,5A,0,HR,5,-4.7,598,0
1450,9290,25.97,2GA,2楷林,10.0,270.0,0.0,0.004,0.0014,0,0,0.02,0.02,0.0,0.077,14.0,0.0087,0.0047,0.031,0.029,0.002,3.0,3GB,5A,0,FH,5,-2.2,605,0
960,8170,15.33,2GA,2楷林,78.0,347.0,0.0,0.004,0.0533,0,0,0.026,0.02,0.0,0.342,28.0,0.0084,0.003,0.042,0.041,0.0,10.1,3GB,5A,0,CR,6,-0.2,494,0
1380,11850,31.97,2GC,2楷林,25.0,270.0,0.0,0.005,0.0019,0,0,0.009,0.02,0.0,0.094,14.0,0.0095,0.0032,0.027,0.026,0.001,10.5,5GG,4C,0,CR,5,-0.4,477,0
1270,11540,28.65,2GB,2楷林,29.0,555.0,0.0,0.005,0.0801,2,1,0.025,0.02,0.0,1.078,32.0,0.0196,0.0017,0.029,0.028,0.002,5.2,3GB,5A,0,FH,10,-2.1,621,0
970,11550,21.9,2GB,2楷林,75.0,355.0,0.0,0.005,0.0602,0,1,0.021,0.01,0.0,0.336,21.0,0.0071,0.0033,0.033,0.032,0.0,5.6,5GG,5A,0,CR,7,-2.3,540,0
1140,5830,12.99,2GA,2楷林,76.0,458.0,0.0,0.007,0.0629,0,1,0.026,0.02,0.0,0.8,22.0,0.0129,0.003,0.037,0.036,0.001,14.3,5GG,5A,0,PO,2,0.8,217,1
1390,9140,24.84,2GA,2楷林,22.0,302.0,0.0,0.006,0.0192,0,0,0.008,0.02,0.0,0.193,22.0,0.009,0.0033,0.022,0.02,0.0,9.7,5GG,5A,0,HR,12,-1.8,550,0
1130,8510,18.8,2GC,2楷林,39.0,446.0,0.0,0.004,0.0568,0,0,0.023,0.02,0.0,0.82,29.0,0.0144,0.0021,0.042,0.039,0.002,6.5,5GG,4C,0,PO,7,-5.2,641,0
960,10000,18.77,2GA,2楷林,67.0,320.0,0.0,0.005,0.0377,0,0,0.011,0.02,0.0,0.179,11.0,0.007,0.0036,0.02,0.02,0.0,7.5,5GG,5A,0,HR,6,-3.5,607,0
1420,11520,31.98,3GC,2楷林,8.0,273.0,0.0,0.006,0.002,0,0,0.017,0.02,0.0,0.094,24.0,0.01,0.0033,0.026,0.025,0.001,3.8,3GB,4C,0,CR,12,-2.9,749,0
1270,8690,21.58,3GC,2楷林,5.0,262.0,0.0,0.005,0.0027,0,0,0.012,0.02,0.0,0.098,19.0,0.009,0.0027,0.026,0.022,0.003,4.5,3GB,4C,0,HR,8,-5.4,540,0
1360,11330,30.12,2GA,2楷林,1.0,333.0,0.0,0.006,0.0388,0,0,0.01,0.01,0.0,0.198,21.0,0.0094,0.0032,0.028,0.026,0.0,7.2,5GG,5A,0,HR,10,-7.4,396,0
1460,11850,33.82,3GC,2楷林,12.0,299.0,0.0,0.005,0.0185,1,0,0.009,0.02,0.0,0.181,17.0,0.0083,0.0032,0.024,0.024,0.0,3.9,3GB,4C,0,CR,1,-6.5,528,0
1130,11850,25.76,2GC,2楷林,108.0,277.0,12.7,0.005,0.0026,0,0,0.009,0.02,0.0,0.105,15.0,0.0096,0.0032,0.026,0.025,0.002,3.9,3GB,4C,1,FH,4,-8.3,326,0
1030,11800,23.76,3GC,2楷林,37.0,283.0,0.0,0.005,0.0021,0,1,0.017,0.02,0.0,0.093,16.0,0.0096,0.0035,0.034,0.032,0.002,2.6,3GB,4C,0,CR,8,-4.2,742,0
1310,9570,24.51,2GC,2楷林,43.0,298.0,0.0,0.007,0.0016,0,7,0.097,0.02,0.01,0.136,17.0,0.0159,0.0094,0.034,0.032,0.0,4.6,5GG,4C,0,FH,4,-4.3,735,0
980,9690,18.57,2GA,2楷林,66.0,330.0,0.0,0.006,0.0377,0,0,0.018,0.02,0.0,0.201,16.0,0.0093,0.003,0.024,0.023,0.0,15.0,3GB,5A,0,BP,1,9.8,320,0
1370,8440,22.61,2GA,2楷林,58.0,330.0,0.0,0.006,0.0368,0,0,0.019,0.02,0.0,0.2,21.0,0.009,0.0044,0.033,0.031,0.0,9.3,5GG,5A,0,HR,10,-4.8,650,0
950,10810,20.08,3GB,2楷林,70.0,349.0,0.0,0.004,0.0336,13,1,0.022,0.03,0.0,0.23,15.0,0.0104,0.0035,0.03,0.028,0.0,1.6,3GB,5A,0,HR,7,-4.4,825,0
960,10240,19.22,2GA,2楷林,76.0,371.0,0.0,0.005,0.0387,19,0,0.02,0.02,0.0,0.196,22.0,0.0117,0.0032,0.027,0.025,0.0,8.3,5GG,5A,0,HR,6,-1.7,415,0
1090,8110,17.28,2GC,2楷林,55.0,531.0,0.0,0.006,0.1561,0,0,0.013,0.02,0.0,0.806,23.0,0.0099,0.0028,0.024,0.023,0.001,18.1,5GG,4C,0,HR,3,8.8,208,1
1260,10170,25.05,2GB,2楷林,24.0,323.0,0.0,0.006,0.0366,0,0,0.008,0.02,0.0,0.207,17.0,0.0123,0.004,0.023,0.022,0.0,10.1,5GG,5A,0,HR,12,2.8,504,0
1090,11800,25.15,2GB,2楷林,59.0,512.0,0.0,0.006,0.1523,0,0,0.029,0.02,0.0,0.594,39.0,0.0143,0.0035,0.039,0.037,0.001,12.3,5GG,5A,0,PosMAC,6,0.3,525,0
1180,6410,14.79,2GB,2楷林,65.0,426.0,0.0,0.006,0.1208,0,0,0.015,0.02,0.0,0.321,27.0,0.0144,0.0035,0.023,0.021,0.001,16.6,5GG,5A,0,HGI,10,0.3,206,1
1100,11110,23.89,3GC,2楷林,75.0,348.0,0.0,0.007,0.0544,0,0,0.016,0.01,0.0,0.34,21.0,0.0063,0.0029,0.028,0.027,0.0,6.3,3GB,4C,0,CR,1,-0.6,560,0
1080,11440,24.15,2GA,2楷林,18.0,328.0,0.0,0.005,0.0372,0,2,0.019,0.02,0.0,0.186,22.0,0.0085,0.0041,0.022,0.02,0.0,10.6,5GG,5A,0,HR,5,-5.6,466,0
1010,10190,20.12,2GA,2楷林,78.0,367.0,0.0,0.004,0.0407,13,15,0.022,0.03,0.0,0.235,22.0,0.0082,0.0043,0.04,0.039,0.0,8.5,5GG,5A,0,HR,3,2.7,545,0
1380,7630,20.09,2GD,2楷林,17.0,292.0,8.4,0.006,0.002,0,2,0.026,0.02,0.0,0.15,20.0,0.0092,0.0036,0.034,0.032,0.002,8.0,5GG,4C,1,CR,2,2.6,275,1
1260,11020,27.15,2GB,2楷林,50.0,325.0,0.0,0.005,0.0401,0,0,0.008,0.02,0.0,0.191,20.0,0.011,0.003,0.024,0.024,0.0,9.9,3GB,5A,0,HR,2,2.4,522,0
1460,11770,33.6,2GA,2楷林,11.0,276.0,0.0,0.005,0.0021,0,0,0.01,0.02,0.0,0.096,12.0,0.0093,0.0046,0.031,0.028,0.001,8.9,3GB,5A,0,GI,6,-1.7,605,0
1270,9730,24.16,2GB,2楷林,22.0,462.0,0.0,0.005,0.1536,0,0,0.012,0.02,0.0,0.497,25.0,0.0126,0.0032,0.027,0.025,0.0,15.8,5GG,5A,0,HR,6,9.1,436,0
950,7900,14.67,2GA,2楷林,56.0,299.0,0.0,0.005,0.018,0,1,0.023,0.02,0.0,0.189,12.0,0.0086,0.0031,0.02,0.018,0.0,6.4,3GB,5A,0,CR,5,-4.2,505,0
1280,6610,16.54,2GB,2楷林,48.0,427.0,0.0,0.005,0.1216,0,0,0.025,0.02,0.0,0.461,30.0,0.0123,0.0033,0.024,0.022,0.001,9.1,3GB,5A,0,HR,3,-2.0,562,0
1220,11050,26.36,2GC,2楷林,55.0,334.0,0.0,0.004,0.0349,11,0,0.011,0.02,0.0,0.186,20.0,0.0092,0.0035,0.028,0.028,0.0,8.4,5GG,4C,0,CR,8,2.0,352,0
1180,8330,19.22,2GC,2楷林,73.0,340.0,0.0,0.006,0.0418,0,0,0.011,0.01,0.0,0.187,22.0,0.0083,0.0028,0.026,0.026,0.0,7.8,5GG,4C,0,HGI,1,0.3,445,0
1080,9040,19.09,2GA,2楷林,75.0,331.0,0.0,0.006,0.0364,0,0,0.012,0.02,0.0,0.2,20.0,0.0093,0.0032,0.032,0.028,0.0,14.9,5GG,5A,0,HR,4,4.8,448,0
1250,9280,22.68,2GA,2楷林,44.0,354.0,0.0,0.005,0.0373,13,0,0.014,0.02,0.0,0.191,19.0,0.0098,0.0035,0.027,0.025,0.0,9.2,5GG,5A,0,HR,6,-0.7,456,0
1240,11700,27.91,2GC,2楷林,88.0,308.0,11.9,0.007,0.0016,6,1,0.052,0.02,0.0,0.189,18.0,0.0432,0.0085,0.036,0.034,0.001,5.5,3GB,4C,1,GA,1,-1.2,224,1
940,10390,19.09,2GB,2楷林,33.0,453.0,0.0,0.006,0.1745,0,0,0.021,0.02,0.0,0.317,21.0,0.0073,0.0026,0.034,0.032,0.001,8.8,3GB,5A,0,HR,10,-4.4,326,0
1130,11840,25.53,2GA,2楷林,29.0,270.0,8.2,0.004,0.0016,0,1,0.017,0.02,0.0,0.094,18.0,0.0102,0.0037,0.033,0.031,0.001,7.3,3GB,5A,1,CR,8,1.2,261,1
1270,11710,28.73,3GC,2楷林,38.0,308.0,0.0,0.007,0.0014,5,1,0.055,0.02,0.0,0.19,16.0,0.0441,0.0092,0.036,0.036,0.001,11.0,3GB,4C,0,FH,1,0.7,563,0
1270,9240,22.94,2GC,2楷林,25.0,518.0,0.0,0.005,0.1172,0,0,0.015,0.02,0.0,1.19,30.0,0.008,0.0034,0.024,0.023,0.001,11.9,5GG,4C,0,HGI,3,-1.6,463,0
1200,11040,25.9,2GA,2楷林,27.0,344.0,0.0,0.004,0.0434,0,0,0.021,0.02,0.0,0.293,31.0,0.009,0.0031,0.031,0.029,0.0,7.5,3GB,5A,0,HR,7,-5.7,548,0
1210,11540,27.3,2GA,2楷林,25.0,446.0,0.0,0.004,0.0573,0,0,0.013,0.01,0.0,0.805,34.0,0.0101,0.0022,0.038,0.035,0.001,10.3,5GG,5A,0,PO,9,2.5,551,0
1200,9500,22.29,2GB,2楷林,14.0,425.0,0.0,0.006,0.1209,0,0,0.011,0.02,0.0,0.31,29.0,0.0096,0.0028,0.014,0.013,0.0,4.4,3GB,5A,0,HGI,1,-3.1,601,0
1260,9390,23.13,2GA,2楷林,12.0,372.0,0.0,0.004,0.0401,19,0,0.025,0.02,0.0,0.19,20.0,0.0071,0.0033,0.026,0.026,0.001,6.2,3GB,5A,0,HR,7,-3.4,619,0
1340,10920,28.61,2GC,2楷林,78.0,520.0,0.0,0.005,0.0768,4,0,0.013,0.02,0.0,0.917,33.0,0.0181,0.0021,0.027,0.026,0.001,6.8,5GG,4C,0,FH,3,-7.7,551,0
1560,9880,30.13,3GC,2楷林,22.0,331.0,0.0,0.007,0.0352,0,0,0.014,0.01,0.0,0.19,25.0,0.0068,0.0027,0.029,0.028,0.0,15.2,3GB,4C,0,HR,2,6.3,567,0
1040,9370,19.05,3GB,2楷林,65.0,344.0,0.0,0.006,0.0437,0,0,0.01,0.01,0.0,0.187,30.0,0.0046,0.0027,0.013,0.012,0.0,7.7,3GB,5A,0,HGI,12,2.0,609,0
1460,10680,30.48,2GA,2楷林,13.0,272.0,0.0,0.004,0.0014,0,2,0.023,0.02,0.0,0.075,17.0,0.0104,0.0036,0.037,0.034,0.002,4.8,5GG,5A,0,FH,8,0.3,706,0
1130,7980,17.24,2GA,2楷林,57.0,338.0,0.0,0.004,0.0393,0,0,0.017,0.02,0.0,0.192,14.0,0.0107,0.008,0.02,0.019,0.0,7.9,3GB,5A,0,HR,9,-2.7,493,0
1400,11000,30.11,2GA,2楷林,61.0,321.0,0.0,0.006,0.0355,0,0,0.017,0.02,0.0,0.188,12.0,0.0089,0.0038,0.03,0.029,0.0,19.4,5GG,5A,0,HR,5,5.1,354,0
1190,8420,19.59,2GA,2楷林,62.0,465.0,0.0,0.006,0.0626,0,1,0.013,0.02,0.0,0.818,26.0,0.0106,0.0021,0.037,0.034,0.001,13.4,5GG,5A,0,PO,4,-0.7,377,0
1090,6250,13.07,2GC,2楷林,18.0,443.0,0.0,0.006,0.0547,0,0,0.011,0.02,0.0,0.792,26.0,0.01,0.0028,0.043,0.041,0.0,18.3,5GG,4C,0,PO,11,12.7,244,1
1370,9150,24.51,2GB,2楷林,22.0,334.0,0.0,0.007,0.0402,0,0,0.02,0.02,0.0,0.198,17.0,0.009,0.0035,0.025,0.024,0.0,11.6,5GG,5A,0,GI,2,1.1,318,0
950,10840,20.13,2GC,2楷林,60.0,347.0,0.0,0.004,0.0348,12,2,0.019,0.02,0.0,0.223,13.0,0.0082,0.0029,0.024,0.023,0.0,3.9,3GB,4C,0,HR,7,-1.6,665,0
1300,10230,26.0,2GC,2楷林,45.0,289.0,0.0,0.005,0.0017,0,0,0.016,0.02,0.0,0.148,14.0,0.0093,0.0046,0.024,0.023,0.002,6.6,5GG,4C,0,GI,1,0.2,460,0
1400,9500,26.0,2GC,2楷林,17.0,286.0,0.0,0.005,0.0021,0,1,0.021,0.02,0.0,0.144,18.0,0.0113,0.0039,0.036,0.034,0.002,7.6,3GB,4C,0,FH,8,1.1,423,0
1540,9500,28.6,3GC,2楷林,6.0,316.0,0.0,0.007,0.0016,5,1,0.054,0.02,0.0,0.196,17.0,0.0419,0.0081,0.038,0.035,0.0,9.1,3GB,4C,0,GI,11,-1.1,641,0
1520,11030,32.78,2GA,2楷林,10.0,361.0,0.0,0.005,0.0028,7,0,0.07,0.02,0.0,0.238,14.0,0.0708,0.0095,0.042,0.038,0.001,4.2,3GB,5A,0,GI,7,-1.8,664,0
1190,8730,20.31,2GB,2楷林,55.0,547.0,0.0,0.006,0.0757,2,0,0.024,0.02,0.0,1.074,38.0,0.0174,0.0028,0.026,0.025,0.001,12.1,3GB,5A,0,CR,1,-0.2,305,0
1570,7590,22.92,2GD,2楷林,6.0,288.0,14.0,0.006,0.0018,0,0,0.032,0.03,0.0,0.135,15.0,0.0103,0.0033,0.033,0.032,0.002,4.4,3GB,4C,1,CR,3,-5.9,402,0
1290,9170,23.13,2GB,2楷林,96.0,337.0,0.0,0.005,0.0438,0,0,0.018,0.02,0.0,0.203,14.0,0.009,0.0036,0.032,0.03,0.0,11.7,5GG,5A,0,HR,8,-0.2,535,0
1030,11850,23.86,2GA,2楷林,55.0,352.0,0.0,0.006,0.0567,0,0,0.012,0.02,0.0,0.363,30.0,0.0082,0.0032,0.038,0.034,0.0,8.7,5GG,5A,0,CR,6,-5.7,483,0
1380,11810,31.86,2GB,2楷林,33.0,312.0,0.0,0.006,0.0343,0,0,0.011,0.02,0.0,0.144,24.0,0.0049,0.0031,0.021,0.02,0.0,11.6,5GG,5A,0,CR,5,6.4,340,0
1190,8680,20.19,3GB,2楷林,40.0,529.0,0.0,0.005,0.152,0,0,0.02,0.02,0.0,0.787,31.0,0.0126,0.0024,0.044,0.042,0.001,4.2,3GB,5A,0,HR,7,-7.1,508,0
1080,10450,22.06,2GB,2楷林,62.0,332.0,0.0,0.004,0.0391,0,1,0.011,0.02,0.0,0.183,14.0,0.0101,0.0037,0.028,0.026,0.0,6.8,5GG,5A,0,HR,6,-2.7,619,0
1270,7960,19.76,2GA,2楷林,37.0,454.0,0.0,0.005,0.0577,0,1,0.01,0.02,0.0,0.789,24.0,0.0093,0.0022,0.029,0.028,0.001,9.1,5GG,5A,0,PO,6,-1.7,664,0
1190,10810,25.15,2GB,2楷林,27.0,529.0,0.0,0.006,0.1524,0,0,0.024,0.02,0.0,0.811,38.0,0.0121,0.0026,0.029,0.028,0.001,4.7,3F1,5A,0,HR,7,-6.2,661,0
1350,11840,31.25,2GA,2楷林,17.0,297.0,0.0,0.006,0.0199,0,0,0.017,0.02,0.0,0.205,13.0,0.0076,0.0039,0.025,0.024,0.0,17.0,5GG,5A,0,CR,1,4.7,410,0
1570,9800,30.08,2GB,2楷林,11.0,329.0,0.0,0.006,0.0415,0,0,0.018,0.03,0.0,0.187,28.0,0.0094,0.0037,0.034,0.033,0.0,16.2,5GG,5A,0,HR,6,7.5,282,1
1190,11330,26.36,2GC,2楷林,36.0,423.0,0.0,0.004,0.1202,0,0,0.013,0.01,0.0,0.309,25.0,0.0076,0.0039,0.031,0.03,0.0,9.3,3GB,4C,0,HGI,9,-2.4,435,0
1290,10140,25.57,2GB,2楷林,25.0,462.0,0.0,0.005,0.0647,0,1,0.009,0.02,0.0,0.793,28.0,0.0107,0.0026,0.028,0.026,0.001,10.7,3GB,5A,0,PO,12,-2.6,327,0
1110,9760,21.18,2GA,2楷林,59.0,322.0,0.0,0.004,0.0334,0,0,0.01,0.01,0.0,0.195,16.0,0.0081,0.0039,0.023,0.022,0.0,10.2,5GG,5A,0,HR,6,0.5,462,0
1260,9690,23.87,2GC,2楷林,65.0,424.0,0.0,0.007,0.1219,0,0,0.028,0.02,0.0,0.288,24.0,0.009,0.0031,0.019,0.018,0.0,3.3,5GG,4C,0,HGI,1,-2.3,709,0
1270,10010,24.85,2GA,2楷林,42.0,299.0,0.0,0.004,0.0195,0,3,0.011,0.02,0.0,0.197,16.0,0.0105,0.003,0.024,0.022,0.0,12.8,5GG,5A,0,CR,9,1.1,326,0
1440,7270,20.14,2GA,2楷林,5.0,272.0,13.4,0.004,0.0016,0,0,0.019,0.02,0.0,0.092,19.0,0.0093,0.0039,0.037,0.035,0.001,8.9,3GB,5A,1,HR,7,1.2,303,0
1240,11390,27.61,2GC,2楷林,4.0,504.0,0.0,0.005,0.1559,0,1,0.018,0.02,0.0,0.782,31.0,0.008,0.0024,0.025,0.023,0.001,16.8,5GG,4C,0,PO,11,10.8,254,1
1250,8520,20.82,2GC,2楷林,41.0,429.0,0.0,0.004,0.1254,0,0,0.022,0.02,0.0,0.311,32.0,0.0114,0.0029,0.026,0.024,0.0,4.1,5GG,4C,0,HGI,9,-5.1,710,0
1250,6210,15.18,2GC,2楷林,57.0,428.0,0.0,0.006,0.1136,0,0,0.031,0.02,0.0,0.415,28.0,0.0092,0.0037,0.023,0.022,0.0,15.8,5GG,4C,0,HGI,11,0.2,427,0
1370,8440,22.61,2GA,2楷林,13.0,332.0,0.0,0.006,0.0386,0,0,0.013,0.02,0.0,0.201,19.0,0.0084,0.0048,0.025,0.024,0.0,7.8,5GG,5A,0,HR,10,-5.4,467,0
1010,6250,12.34,2GC,2楷林,98.0,425.0,0.0,0.005,0.1087,0,0,0.012,0.02,0.0,0.438,27.0,0.0056,0.0033,0.015,0.015,0.0,13.6,5GG,4C,0,HGI,4,3.3,401,0
1400,9170,25.1,2GC,2楷林,36.0,323.0,0.0,0.005,0.0342,0,0,0.022,0.02,0.0,0.2,39.0,0.0078,0.003,0.035,0.034,0.0,11.3,5GG,4C,0,HR,11,4.8,510,0
1260,9090,22.39,2GA,2楷林,54.0,436.0,0.0,0.004,0.1165,0,0,0.017,0.02,0.0,0.47,18.0,0.0088,0.0033,0.022,0.022,0.0,11.6,3GB,5A,0,HGI,4,2.9,534,0
1300,9270,23.56,3GB,2楷林,19.0,331.0,0.0,0.005,0.0377,0,0,0.019,0.02,0.0,0.207,24.0,0.0084,0.0036,0.033,0.032,0.0,6.1,3GB,5A,0,HR,11,-1.9,640,0
1220,11190,26.69,2GB,2楷林,31.0,523.0,0.0,0.005,0.1236,1,0,0.021,0.02,0.0,1.218,26.0,0.0119,0.0026,0.022,0.021,0.001,12.1,5GG,5A,0,HGI,8,3.2,594,0
1080,9980,21.07,2GB,2楷林,84.0,422.0,0.0,0.006,0.1117,0,0,0.011,0.02,0.0,0.457,28.0,0.0107,0.0023,0.02,0.02,0.001,8.5,5GG,5A,0,HR,6,1.2,567,0
1010,9440,18.64,2GB,2楷林,49.0,335.0,0.0,0.006,0.0412,0,0,0.007,0.02,0.0,0.213,19.0,0.017,0.003,0.026,0.024,0.0,18.3,5GG,5A,0,BP,4,8.4,274,1
1150,5940,13.35,2GB,2楷林,58.0,425.0,0.0,0.006,0.0994,0,0,0.012,0.02,0.0,0.64,26.0,0.0094,0.0023,0.018,0.017,0.0,13.9,5GG,5A,0,PO,1,-0.1,420,0
1450,10910,30.5,2GD,2楷林,2.0,266.0,0.0,0.004,0.0012,0,0,0.012,0.01,0.0,0.076,14.0,0.009,0.0032,0.031,0.029,0.001,10.9,3GB,4C,0,FH,3,-3.7,382,0
1450,8170,23.16,2GA,2楷林,46.0,331.0,0.0,0.006,0.0384,0,0,0.015,0.02,0.0,0.205,22.0,0.009,0.0038,0.027,0.022,0.0,5.4,5GG,5A,0,HR,3,-4.5,590,0
1060,11000,22.8,2GC,2楷林,93.0,331.0,0.0,0.005,0.0364,0,0,0.011,0.02,0.0,0.18,17.0,0.0061,0.0028,0.025,0.022,0.0,11.0,5GG,4C,0,HR,12,2.5,443,0
1340,7330,19.2,2GB,2楷林,10.0,443.0,0.0,0.006,0.0603,0,0,0.016,0.02,0.0,0.781,40.0,0.009,0.0028,0.025,0.024,0.0,18.3,5GG,5A,0,PO,10,6.5,331,0
960,9650,17.82,2GB,2楷林,88.0,325.0,5.4,0.004,0.0359,0,1,0.008,0.02,0.0,0.192,14.0,0.011,0.0028,0.029,0.026,0.0,5.5,3GB,5A,1,HR,7,-6.5,392,0
1370,11300,30.27,2GA,2楷林,19.0,327.0,0.0,0.005,0.0361,0,0,0.01,0.01,0.0,0.193,40.0,0.0082,0.0031,0.023,0.022,0.0,9.2,3GB,5A,0,HR,2,0.7,481,0
980,9980,19.12,2GC,2楷林,81.0,328.0,0.0,0.004,0.0353,0,0,0.018,0.02,0.0,0.189,21.0,0.011,0.0033,0.024,0.023,0.0,4.0,5GG,4C,0,HR,6,-2.4,690,0
1290,10340,26.08,2GA,2楷林,40.0,335.0,0.0,0.006,0.0371,0,1,0.014,0.01,0.0,0.199,17.0,0.009,0.0027,0.033,0.031,0.0,15.7,5GG,5A,0,HR,2,10.0,372,0
1570,10400,31.16,2GC,2楷林,3.0,253.0,9.9,0.005,0.0014,0,0,0.019,0.02,0.0,0.073,17.0,0.0063,0.0037,0.03,0.028,0.004,1.3,3GB,4C,1,FH,6,-10.4,404,0
940,10860,19.96,3GC,2楷林,50.0,438.0,0.0,0.005,0.0562,0,0,0.02,0.02,0.0,0.794,37.0,0.0088,0.003,0.04,0.038,0.001,7.7,3GB,4C,0,PO,5,2.1,436,0
1390,9730,26.44,2GA,2楷林,59.0,342.0,0.0,0.006,0.0434,0,0,0.016,0.02,0.0,0.187,36.0,0.0064,0.0035,0.019,0.018,0.0,10.6,5GG,5A,0,HGI,3,-0.7,455,0
1250,9260,22.63,2GA,2楷林,66.0,327.0,0.0,0.005,0.0353,0,0,0.021,0.02,0.0,0.192,19.0,0.0086,0.0029,0.021,0.02,0.0,4.6,5GG,5A,0,HR,5,-6.4,668,0
1290,9950,25.09,2GC,2楷林,62.0,331.0,0.0,0.007,0.0385,0,0,0.018,0.02,0.0,0.205,16.0,0.0076,0.0036,0.026,0.025,0.0,10.5,3GB,4C,0,HR,11,-0.5,554,0
1350,8550,22.57,2GA,2楷林,8.0,356.0,0.0,0.005,0.0461,11,1,0.013,0.02,0.0,0.191,18.0,0.0072,0.0037,0.026,0.025,0.0,20.8,5GG,5A,0,HR,6,12.3,425,0
1340,10190,26.2,2GA,2楷林,59.0,341.0,0.0,0.007,0.0416,0,1,0.017,0.02,0.0,0.207,17.0,0.0069,0.0042,0.021,0.02,0.0,14.5,5GG,5A,0,HGI,11,7.0,369,0
1190,9060,21.08,2GC,2楷林,35.0,473.0,0.0,0.006,0.1811,0,1,0.01,0.02,0.0,0.447,28.0,0.0086,0.0029,0.022,0.022,0.0,14.6,3GB,4C,0,HR,11,3.3,370,0
1230,11480,27.61,2GD,2楷林,46.0,404.0,0.0,0.006,0.0704,1,1,0.015,0.02,0.0,0.497,27.0,0.0185,0.003,0.028,0.027,0.001,10.9,5GG,4C,0,HR,1,-2.3,319,0
1280,9150,22.9,2GC,2楷林,24.0,344.0,0.0,0.005,0.0393,0,0,0.016,0.02,0.0,0.206,21.0,0.0068,0.0036,0.018,0.016,0.0,14.5,5GG,4C,0,PO,11,2.4,335,0
1230,11280,27.12,2GC,2楷林,52.0,335.0,0.0,0.006,0.0379,0,0,0.018,0.02,0.0,0.199,15.0,0.0109,0.0038,0.024,0.023,0.0,7.9,3GB,4C,0,HGI,1,1.3,482,0
1450,11690,32.34,2GA,2楷林,21.0,255.0,14.5,0.006,0.0021,0,2,0.01,0.01,0.0,0.072,22.0,0.0063,0.0031,0.032,0.029,0.002,3.1,3GB,5A,1,GI,2,-6.7,311,0
1100,9330,20.06,2GA,2楷林,61.0,351.0,0.0,0.005,0.0357,12,1,0.019,0.02,0.0,0.251,18.0,0.0076,0.0041,0.032,0.031,0.0,12.0,3GB,5A,0,HR,1,2.5,415,0
1400,7860,21.51,2GA,2楷林,56.0,356.0,0.0,0.006,0.0392,12,0,0.02,0.02,0.0,0.248,27.0,0.0097,0.0041,0.033,0.031,0.0,14.2,3GB,5A,0,HR,10,0.2,471,0
1040,7570,15.39,3GC,2楷林,60.0,499.0,0.0,0.006,0.1968,0,7,0.014,0.02,0.0,0.425,25.0,0.0093,0.0031,0.035,0.034,0.001,15.8,3GB,4C,0,CR,5,2.4,339,0
1300,11870,30.17,2GA,2楷林,18.0,324.0,0.0,0.005,0.0336,0,5,0.018,0.03,0.0,0.189,15.0,0.0104,0.003,0.027,0.026,0.0,9.4,5GG,5A,0,HR,5,-2.0,587,0
1260,9410,23.18,2GA,2楷林,88.0,333.0,0.0,0.004,0.0408,0,0,0.016,0.02,0.0,0.189,11.0,0.0125,0.0032,0.028,0.028,0.0,4.3,5GG,5A,0,HR,6,-5.8,558,0
1220,10060,23.99,2GA,2楷林,60.0,326.0,0.0,0.004,0.0335,0,0,0.02,0.02,0.0,0.19,28.0,0.0084,0.0032,0.033,0.032,0.0,3.5,5GG,5A,0,HR,8,-7.5,811,0
1100,9010,19.38,2GC,2楷林,78.0,447.0,0.0,0.005,0.0576,0,0,0.021,0.02,0.0,0.785,23.0,0.0133,0.0031,0.03,0.029,0.0,12.7,5GG,4C,0,PO,3,2.0,352,0
1100,10040,21.59,2GC,2楷林,37.0,495.0,0.0,0.004,0.191,0,0,0.016,0.02,0.0,0.445,27.0,0.0096,0.0023,0.034,0.032,0.0,13.4,5GG,4C,0,HR,9,3.0,337,0
900,11700,20.59,2GA,2楷林,39.0,396.0,0.0,0.004,0.0674,0,0,0.023,0.02,0.0,0.488,33.0,0.014,0.0022,0.044,0.042,0.001,6.3,5GG,5A,0,BP,9,-5.8,630,0
1310,8580,21.97,2GB,2楷林,19.0,539.0,0.0,0.006,0.13,0,0,0.015,0.01,0.0,0.882,43.0,0.0103,0.0022,0.022,0.021,0.001,12.3,5GG,5A,0,HGI,10,-5.2,337,0
1440,11740,32.82,2GD,2楷林,23.0,283.0,0.0,0.005,0.0015,0,3,0.011,0.02,0.0,0.139,16.0,0.0103,0.0036,0.022,0.02,0.001,15.8,5GG,4C,0,GI,10,7.9,352,0
1250,8170,19.97,3GB,2楷林,20.0,448.0,0.0,0.004,0.0594,0,0,0.012,0.01,0.0,0.79,36.0,0.008,0.0018,0.028,0.027,0.0,5.1,3GB,5A,0,PO,6,2.7,665,0
1190,9550,22.22,2GA,2楷林,49.0,328.0,0.0,0.007,0.0351,0,1,0.008,0.01,0.0,0.203,19.0,0.0055,0.0032,0.026,0.024,0.0,15.6,5GG,5A,0,HR,11,7.4,413,0
1410,9290,25.15,2GC,2楷林,1.0,507.0,0.0,0.005,0.198,0,0,0.012,0.02,0.0,0.435,26.0,0.0104,0.003,0.028,0.027,0.001,4.6,5GG,4C,0,HR,6,-8.1,488,0
1250,10510,25.68,3GC,2楷林,57.0,349.0,0.0,0.004,0.0323,11,1,0.012,0.02,0.0,0.182,19.0,0.0091,0.0029,0.028,0.026,0.0,3.3,3GB,4C,0,HGI,8,-1.5,662,0
1010,8510,16.8,2GB,2楷林,82.0,525.0,0.0,0.006,0.0732,2,0,0.017,0.03,0.0,0.901,32.0,0.0201,0.0025,0.028,0.028,0.002,13.5,5GG,5A,0,GI,11,4.6,442,0
1560,11470,34.98,2GA,2楷林,7.0,274.0,0.0,0.008,0.0025,0,0,0.011,0.02,0.0,0.09,16.0,0.0099,0.0034,0.027,0.027,0.0,15.5,5GG,5A,0,GA,2,4.2,331,0
1040,11850,24.09,2GA,2楷林,66.0,277.0,0.0,0.007,0.0014,0,0,0.009,0.02,0.0,0.075,14.0,0.0089,0.0034,0.031,0.03,0.002,3.5,5GG,5A,0,FH,4,-5.9,680,0
900,9860,17.35,2GA,2楷林,89.0,333.0,0.0,0.005,0.0417,0,0,0.01,0.02,0.0,0.189,23.0,0.0079,0.0031,0.02,0.019,0.0,5.5,5GG,5A,0,HR,12,-2.3,572,0
1380,11540,31.13,2GA,2楷林,27.0,314.0,0.0,0.004,0.0407,0,0,0.015,0.02,0.0,0.145,35.0,0.0067,0.0027,0.028,0.026,0.0,10.4,3GB,5A,0,CR,7,0.7,508,0
1200,11470,26.35,2GB,2楷林,28.0,356.0,0.0,0.004,0.0358,11,0,0.017,0.02,0.0,0.195,14.0,0.009,0.0033,0.022,0.02,0.0,4.9,5GG,5A,0,CR,7,-6.9,500,0
1250,9280,22.68,2GA,2楷林,45.0,354.0,0.0,0.005,0.0373,13,0,0.014,0.02,0.0,0.191,19.0,0.0098,0.0035,0.027,0.025,0.0,9.2,5GG,5A,0,HR,6,-0.7,620,0
1110,11770,25.54,2GB,2楷林,76.0,354.0,0.0,0.005,0.05,0,1,0.019,0.02,0.0,0.293,34.0,0.0103,0.0035,0.037,0.036,0.0,10.6,5GG,5A,0,HR,8,3.1,348,0
1270,8460,21.0,3GB,2楷林,38.0,335.0,0.0,0.004,0.0441,0,1,0.018,0.02,0.0,0.295,28.0,0.0117,0.0029,0.024,0.023,0.001,5.7,3GB,5A,0,HR,6,-0.7,602,0
1430,11840,33.1,2GA,2楷林,20.0,273.0,0.0,0.005,0.0016,0,6,0.018,0.02,0.0,0.091,17.0,0.009,0.004,0.032,0.031,0.001,9.0,3GB,5A,0,CR,6,-2.1,650,0
1260,9450,23.28,2GB,2楷林,34.0,420.0,0.0,0.004,0.115,0,0,0.022,0.02,0.0,0.321,25.0,0.0112,0.0028,0.018,0.017,0.001,1.5,2GB,5A,0,HGI,7,-5.0,742,0
1240,9520,23.08,2GA,2楷林,105.0,328.0,0.0,0.005,0.0395,0,0,0.021,0.02,0.0,0.197,18.0,0.0099,0.0033,0.026,0.024,0.0,7.7,3GB,5A,0,HR,8,-0.8,550,0
1280,9260,23.17,2GC,2楷林,70.0,461.0,0.0,0.004,0.1638,0,0,0.018,0.02,0.0,0.505,23.0,0.0116,0.0034,0.023,0.022,0.001,4.3,5GG,4C,0,HR,7,-2.8,610,0
1540,10010,30.14,2GA,2楷林,26.0,331.0,0.0,0.004,0.036,0,1,0.012,0.02,0.0,0.195,14.0,0.0079,0.0031,0.035,0.033,0.0,9.0,5GG,5A,0,HR,7,1.9,466,0
1110,10960,23.78,2GA,2楷林,75.0,358.0,0.0,0.007,0.0637,0,0,0.02,0.01,0.0,0.354,23.0,0.0077,0.0024,0.034,0.033,0.0,15.2,5GG,5A,0,CR,2,5.9,148,1
1290,7560,18.76,2GC,2楷林,51.0,321.0,9.3,0.005,0.0388,0,0,0.01,0.02,0.0,0.207,15.0,0.0094,0.0027,0.022,0.02,0.0,5.7,3GB,4C,1,HR,2,-0.6,424,0
900,11210,19.72,2GA,2楷林,57.0,305.0,0.0,0.004,0.0028,15,0,0.058,0.07,0.0,0.517,15.0,0.0143,0.003,0.025,0.024,0.002,3.8,5GG,5A,0,BP,9,-4.8,497,0
1130,9100,20.1,3GC,2楷林,61.0,327.0,0.0,0.006,0.034,0,2,0.013,0.02,0.0,0.202,28.0,0.0069,0.0029,0.035,0.033,0.0,14.0,3GB,4C,0,HR,11,4.2,361,0
1100,9540,20.52,2GB,2楷林,48.0,332.0,0.0,0.006,0.0382,0,0,0.022,0.02,0.0,0.186,26.0,0.009,0.0031,0.025,0.024,0.0,12.2,5GG,5A,0,FH,2,2.6,469,0
1450,7820,21.64,2GC,2楷林,22.0,252.0,8.3,0.004,0.0015,0,0,0.01,0.01,0.0,0.066,14.0,0.0042,0.0037,0.03,0.028,0.004,8.5,5GG,4C,1,HR,6,2.9,286,1
1030,11800,23.76,2GC,2楷林,28.0,304.0,0.0,0.005,0.0025,16,0,0.063,0.07,0.0,0.558,17.0,0.0131,0.0025,0.026,0.024,0.001,12.0,3GB,4C,0,BP,2,2.6,229,1
1270,11690,29.02,2GA,2楷林,2.0,325.0,0.0,0.004,0.0385,0,0,0.012,0.02,0.0,0.203,16.0,0.0074,0.0029,0.025,0.023,0.0,7.5,5GG,5A,0,CR,8,2.1,553,0
1240,8980,21.77,2GB,2楷林,36.0,507.0,0.0,0.005,0.079,3,1,0.016,0.02,0.0,0.887,23.0,0.0194,0.0024,0.026,0.026,0.001,10.0,5GG,5A,0,HR,5,-1.2,360,0
1030,9670,19.47,2GA,2楷林,80.0,330.0,0.0,0.006,0.0381,0,0,0.011,0.03,0.0,0.197,24.0,0.009,0.0034,0.032,0.032,0.0,18.8,5GG,5A,0,HR,2,10.4,289,1
1570,9340,27.8,2GA,2楷林,30.0,259.0,10.1,0.005,0.0022,0,0,0.02,0.02,0.0,0.069,16.0,0.0073,0.0038,0.034,0.031,0.003,2.6,3GB,5A,1,HR,6,-8.6,294,1
980,11750,22.51,3GC,2楷林,19.0,346.0,0.0,0.004,0.0513,0,0,0.013,0.02,0.0,0.348,21.0,0.0073,0.0022,0.043,0.041,0.0,3.6,3GB,4C,0,CR,9,3.2,514,0
1300,9870,25.08,2GB,2楷林,22.0,390.0,0.0,0.006,0.0815,0,0,0.011,0.02,0.0,0.323,37.0,0.008,0.0027,0.028,0.026,0.0,14.1,5GG,5A,0,HR,11,0.0,439,0
1330,7290,18.96,2GC,2楷林,71.0,322.0,0.0,0.005,0.039,0,1,0.012,0.02,0.0,0.206,17.0,0.0073,0.0034,0.023,0.021,0.0,9.3,5GG,4C,0,HR,11,-0.9,618,0
1110,9020,19.57,2GA,2楷林,22.0,330.0,0.0,0.004,0.0355,0,0,0.011,0.01,0.0,0.179,12.0,0.005,0.0031,0.022,0.022,0.0,3.3,3GB,5A,0,HR,7,-4.8,801,0
1190,10770,25.06,2GC,2楷林,50.0,320.0,0.0,0.007,0.0326,0,0,0.021,0.02,0.0,0.193,19.0,0.0046,0.0021,0.032,0.031,0.001,12.5,5GG,4C,0,HR,1,6.6,363,0
1560,7620,23.24,2GA,2楷林,2.0,375.0,0.0,0.005,0.0658,0,0,0.012,0.01,0.0,0.482,36.0,0.0099,0.0032,0.036,0.034,0.0,6.3,5GG,5A,0,PosMAC,8,-6.3,490,0
1080,11480,24.24,2GB,2楷林,49.0,521.0,0.0,0.005,0.1442,0,1,0.03,0.02,0.0,0.888,33.0,0.0107,0.0025,0.021,0.021,0.002,8.6,5GG,5A,0,HR,5,-3.7,495,0
960,10400,19.21,2GA,2楷林,56.0,330.0,8.3,0.006,0.0384,0,0,0.022,0.02,0.0,0.196,26.0,0.008,0.0037,0.037,0.036,0.0,3.1,3GB,5A,1,HR,6,-8.4,296,1
1380,11730,31.3,2GA,2楷林,10.0,266.0,0.0,0.004,0.0022,0,4,0.019,0.02,0.0,0.09,18.0,0.0094,0.0032,0.026,0.025,0.0,3.8,5GG,5A,0,CR,6,-3.6,755,0
1300,8920,22.67,2GA,2楷林,43.0,332.0,0.0,0.006,0.0398,0,0,0.009,0.02,0.0,0.216,28.0,0.0078,0.0042,0.028,0.026,0.0,9.5,5GG,5A,0,HR,10,0.6,430,0
1500,9450,27.71,2GA,2楷林,7.0,254.0,0.0,0.005,0.0025,0,0,0.009,0.02,0.0,0.062,19.0,0.0075,0.0037,0.028,0.026,0.002,5.4,5GG,5A,0,HR,12,-0.2,676,0
960,10650,19.99,3GC,2楷林,40.0,327.0,0.0,0.004,0.0348,0,0,0.02,0.03,0.0,0.193,16.0,0.0099,0.0042,0.021,0.02,0.0,6.7,3GB,4C,0,FH,7,-0.9,300,1
1080,10900,23.01,3GC,2楷林,60.0,541.0,0.0,0.004,0.1385,0,0,0.027,0.03,0.0,0.875,24.0,0.0139,0.0031,0.026,0.021,0.001,7.9,3GB,4C,0,HR,8,-4.4,571,0
1520,11680,34.14,2GA,2楷林,16.0,322.0,0.0,0.006,0.0381,0,1,0.011,0.01,0.0,0.199,21.0,0.0075,0.0028,0.018,0.017,0.0,9.5,5GG,5A,0,CR,2,0.0,312,0
1240,10910,26.45,2GA,2楷林,2.0,333.0,0.0,0.006,0.0369,0,0,0.01,0.02,0.0,0.183,23.0,0.0079,0.0032,0.02,0.02,0.0,17.0,5GG,5A,0,HGI,2,10.8,298,1
1370,11870,31.79,2GA,2楷林,12.0,324.0,0.0,0.004,0.0394,0,0,0.013,0.02,0.0,0.192,22.0,0.0105,0.0034,0.019,0.017,0.0,4.1,3GB,5A,0,GI,8,-1.5,580,0
1320,8880,22.48,2GB,2楷林,40.0,526.0,0.0,0.006,0.1222,0,0,0.022,0.02,0.0,1.204,36.0,0.012,0.0028,0.026,0.025,0.001,7.9,5GG,5A,0,HGI,1,3.7,579,0
980,9470,18.14,2GA,2楷林,61.0,328.0,0.0,0.005,0.0451,0,0,0.014,0.02,0.0,0.221,20.0,0.0121,0.0034,0.024,0.023,0.0,14.0,5GG,5A,0,HR,1,5.3,369,0
1570,7340,22.53,2GC,2楷林,8.0,326.0,0.0,0.007,0.0398,0,0,0.021,0.02,0.0,0.2,24.0,0.0121,0.0028,0.03,0.028,0.0,8.9,5GG,4C,0,HR,11,0.7,510,0
1510,10460,30.88,2GA,2楷林,4.0,288.0,0.0,0.006,0.0025,0,0,0.009,0.02,0.0,0.143,16.0,0.01,0.0028,0.019,0.017,0.001,15.3,5GG,5A,0,GA,1,3.8,367,0
1090,9420,20.07,2GC,2楷林,69.0,501.0,0.0,0.006,0.176,0,1,0.019,0.03,0.0,0.768,32.0,0.0121,0.0031,0.026,0.026,0.001,7.3,5GG,4C,0,HR,5,-2.5,565,0
1270,11670,28.97,2GB,2楷林,45.0,325.0,0.0,0.005,0.0474,0,0,0.009,0.02,0.0,0.142,17.0,0.0061,0.0031,0.018,0.017,0.0,7.4,3GB,5A,0,PO,3,-2.3,533,0
1080,10970,23.16,2GD,2楷林,105.0,457.0,0.0,0.007,0.0035,10,1,0.105,0.02,0.06,0.559,32.0,0.0856,0.0102,0.056,0.054,0.002,7.1,5GG,4C,0,GA,1,2.2,479,0
1110,11050,23.98,2GA,2楷林,78.0,325.0,0.0,0.006,0.0399,0,0,0.012,0.02,0.0,0.201,23.0,0.0117,0.0036,0.02,0.019,0.001,10.0,5GG,5A,0,CR,11,2.8,363,0
980,9960,19.08,2GC,2楷林,65.0,371.0,0.0,0.006,0.0387,18,0,0.011,0.02,0.0,0.2,15.0,0.0068,0.0035,0.02,0.019,0.0,6.9,5GG,4C,0,HR,11,-5.4,391,0
1300,10400,26.43,2GA,2楷林,48.0,340.0,0.0,0.006,0.0424,0,0,0.011,0.03,0.0,0.189,16.0,0.0085,0.0035,0.018,0.016,0.0,8.7,3GB,5A,0,HGI,3,-2.0,517,0
1280,9240,23.12,2GA,2楷林,60.0,329.0,0.0,0.005,0.0376,0,0,0.013,0.02,0.0,0.19,26.0,0.0083,0.0029,0.024,0.023,0.0,7.6,5GG,5A,0,HR,6,-7.2,651,0
960,9680,18.17,2GA,2楷林,60.0,302.0,0.0,0.004,0.0202,0,0,0.009,0.01,0.0,0.141,16.0,0.0075,0.0033,0.034,0.032,0.0,12.6,5GG,5A,0,HR,7,2.9,403,0
1180,7850,18.11,3GC,2楷林,65.0,523.0,0.0,0.006,0.1378,0,0,0.014,0.02,0.0,0.821,28.0,0.0111,0.0029,0.024,0.023,0.001,7.5,3GB,4C,0,HR,6,-0.5,593,0
1280,9430,22.77,2GA,2楷林,51.0,337.0,10.5,0.006,0.0443,0,0,0.011,0.02,0.0,0.207,30.0,0.0108,0.0029,0.025,0.024,0.0,5.1,3GB,5A,1,HR,1,-3.2,366,0
1570,9770,29.27,2GC,2楷林,12.0,252.0,8.2,0.004,0.0018,0,1,0.01,0.02,0.0,0.063,15.0,0.0072,0.003,0.03,0.026,0.004,5.7,3GB,4C,1,FH,8,-0.8,369,0
1290,8810,22.22,2GB,2楷林,79.0,426.0,0.0,0.006,0.1208,0,0,0.013,0.02,0.0,0.295,30.0,0.012,0.0032,0.016,0.014,0.0,12.4,5GG,5A,0,HGI,12,-1.4,583,0
1000,9490,18.55,2GA,2楷林,70.0,408.0,0.0,0.005,0.067,0,2,0.017,0.02,0.0,0.247,100.0,0.0135,0.0039,0.029,0.027,0.0,4.3,5GG,5A,0,BP,3,-6.3,498,0
1030,9270,18.67,2GA,2楷林,52.0,319.0,0.0,0.005,0.0367,0,0,0.018,0.01,0.0,0.18,22.0,0.0059,0.0035,0.02,0.019,0.0,5.5,3GB,5A,0,HR,10,-2.7,517,0
1300,11690,29.71,3GC,2楷林,60.0,338.0,0.0,0.006,0.0392,0,2,0.013,0.02,0.0,0.205,17.0,0.0067,0.0036,0.023,0.021,0.0,3.5,3GB,4C,0,HGI,1,-4.6,636,0
1290,6970,17.58,2GA,2楷林,43.0,496.0,0.0,0.006,0.1723,0,1,0.014,0.02,0.0,0.468,30.0,0.0091,0.003,0.033,0.03,0.0,9.5,3GB,5A,0,HGI,12,-3.9,615,0
1560,11470,34.98,2GA,2楷林,7.0,275.0,0.0,0.006,0.0018,0,1,0.018,0.02,0.0,0.103,18.0,0.0116,0.0036,0.022,0.02,0.001,12.2,5GG,5A,0,CR,2,5.7,483,0
1280,8810,21.52,2GC,2楷林,37.0,299.0,6.3,0.006,0.0021,0,0,0.013,0.02,0.0,0.147,13.0,0.0098,0.0032,0.03,0.029,0.002,8.4,3GB,4C,1,CR,6,1.9,170,1
940,9800,18.01,2GA,2楷林,64.0,400.0,0.0,0.005,0.0711,0,0,0.016,0.02,0.0,0.498,45.0,0.0082,0.0035,0.046,0.044,0.001,14.8,5GG,5A,0,BP,5,4.1,217,1
1190,11360,26.1,2GD,2楷林,26.0,474.0,0.0,0.004,0.1759,0,0,0.013,0.01,0.0,0.778,29.0,0.008,0.0024,0.03,0.029,0.0,6.8,3GB,4C,0,HR,8,-2.1,540,0
1100,11200,24.09,2GB,2楷林,77.0,455.0,0.0,0.005,0.1453,0,0,0.015,0.02,0.0,0.5,20.0,0.0113,0.003,0.024,0.023,0.0,7.4,5GG,5A,0,HR,12,-2.3,524,0
1480,11560,33.45,2GA,2楷林,26.0,326.0,0.0,0.005,0.0387,0,1,0.01,0.02,0.0,0.191,27.0,0.0072,0.0022,0.026,0.026,0.0,9.0,3GB,5A,0,GI,9,4.9,466,0
990,8680,16.8,2GA,2楷林,95.0,448.0,0.0,0.006,0.0599,0,4,0.023,0.02,0.0,0.81,28.0,0.0086,0.0031,0.036,0.034,0.001,6.9,5GG,5A,0,PO,10,-6.7,603,0
1180,10510,24.25,2GB,2楷林,79.0,398.0,0.0,0.005,0.0834,0,0,0.02,0.02,0.0,0.465,27.0,0.0088,0.0034,0.024,0.023,0.0,5.4,5GG,5A,0,HR,12,-8.8,627,0
960,10300,19.33,2GA,2楷林,53.0,329.0,0.0,0.006,0.0366,0,0,0.016,0.02,0.0,0.208,17.0,0.0069,0.0039,0.029,0.026,0.0,15.8,5GG,5A,0,HR,11,5.1,335,0
1220,11770,27.84,2GB,2楷林,22.0,524.0,0.0,0.007,0.0784,4,1,0.014,0.02,0.0,0.89,35.0,0.0188,0.0033,0.029,0.029,0.001,11.7,5GG,5A,0,HR,1,1.8,431,0
1030,9300,18.73,2GA,2楷林,55.0,330.0,0.0,0.006,0.0335,0,4,0.012,0.01,0.0,0.208,19.0,0.0096,0.0035,0.025,0.022,0.0,4.8,3GB,5A,0,HR,10,-2.3,493,0
1260,9360,23.06,2GB,2楷林,26.0,418.0,0.0,0.005,0.1095,0,0,0.016,0.02,0.0,0.435,22.0,0.012,0.0028,0.02,0.018,0.0,4.5,3GB,5A,0,HR,7,-4.2,753,0
1220,9760,23.28,2GB,2楷林,19.0,426.0,0.0,0.005,0.1096,0,0,0.01,0.01,0.0,0.437,30.0,0.0076,0.0029,0.018,0.015,0.0,7.1,5GG,5A,0,HGI,12,-2.0,516,0
1240,8450,20.07,2GB,2楷林,49.0,522.0,0.0,0.004,0.1281,0,0,0.02,0.02,0.0,0.862,25.0,0.0109,0.0028,0.017,0.016,0.0,8.5,5GG,5A,0,HR,7,-1.6,645,0
1370,10610,28.42,3GC,2楷林,20.0,350.0,0.0,0.006,0.0547,0,0,0.011,0.02,0.0,0.356,41.0,0.0067,0.0027,0.035,0.033,0.0,10.5,3GB,4C,0,CR,1,1.6,497,0
1230,11520,27.7,2GC,2楷林,20.0,526.0,0.0,0.006,0.0755,2,1,0.016,0.02,0.0,0.895,34.0,0.0194,0.0031,0.027,0.027,0.002,7.0,5GG,4C,0,CR,5,-1.3,275,1
1390,9090,24.04,2GC,2楷林,9.0,270.0,6.5,0.005,0.0015,0,0,0.021,0.02,0.0,0.075,15.0,0.0089,0.0036,0.039,0.038,0.002,11.8,3GB,4C,1,GI,6,2.2,278,1
1110,9290,20.16,2GC,2楷林,33.0,330.0,0.0,0.005,0.0344,0,0,0.009,0.02,0.0,0.189,14.0,0.0097,0.0038,0.028,0.025,0.0,12.0,3GB,4C,0,HR,12,5.4,490,0
1010,10050,19.84,3GC,2楷林,51.0,289.0,0.0,0.004,0.0022,0,0,0.012,0.02,0.0,0.145,12.0,0.0103,0.0031,0.036,0.034,0.001,6.1,3GB,4C,0,FH,9,-0.8,583,0
1120,10510,23.01,2GB,2楷林,49.0,527.0,0.0,0.006,0.1506,0,0,0.017,0.02,0.0,0.887,33.0,0.0106,0.0028,0.022,0.02,0.001,6.5,3GB,5A,0,HR,10,2.8,465,0
1350,10720,28.08,3GC,2楷林,15.0,288.0,0.0,0.005,0.0023,0,0,0.025,0.03,0.01,0.103,15.0,0.0116,0.0035,0.032,0.03,0.001,6.8,3GB,4C,0,GA,7,-6.8,439,0
1350,11620,30.67,2GA,2楷林,10.0,326.0,0.0,0.004,0.0353,0,0,0.022,0.02,0.0,0.185,26.0,0.0091,0.0034,0.016,0.015,0.0,15.1,5GG,5A,0,HR,9,6.9,403,0
1260,7020,17.29,2GA,2楷林,31.0,356.0,0.0,0.005,0.0474,0,0,0.011,0.02,0.0,0.299,30.0,0.0089,0.003,0.036,0.035,0.0,15.2,5GG,5A,0,HR,2,1.3,437,0
1090,11260,22.88,2GC,2楷林,70.0,271.0,8.3,0.004,0.0019,0,0,0.011,0.01,0.0,0.094,19.0,0.0095,0.004,0.032,0.031,0.001,6.6,3GB,4C,1,CR,6,1.5,340,0
1270,11420,27.35,2GC,2楷林,8.0,288.0,8.8,0.004,0.0017,0,0,0.011,0.02,0.0,0.149,17.0,0.011,0.003,0.029,0.028,0.002,5.0,3GB,4C,1,HR,6,-2.3,345,0
1370,10900,28.77,2GA,2楷林,4.0,332.0,0.0,0.005,0.0395,0,0,0.019,0.02,0.0,0.196,25.0,0.008,0.0037,0.023,0.022,0.0,3.1,3GB,5A,0,GI,8,-5.0,712,0
1330,9610,24.99,2GA,2楷林,36.0,303.0,0.0,0.006,0.0215,0,0,0.023,0.03,0.0,0.193,15.0,0.0114,0.0044,0.029,0.027,0.0,10.3,5GG,5A,0,CR,5,0.2,583,0
1260,9390,23.13,2GC,2楷林,46.0,328.0,0.0,0.006,0.0357,0,0,0.015,0.02,0.0,0.216,25.0,0.009,0.0028,0.021,0.019,0.001,13.4,5GG,4C,0,HR,11,7.4,492,0
1190,11600,26.99,2GA,2楷林,40.0,288.0,0.0,0.005,0.0019,0,0,0.018,0.02,0.0,0.146,19.0,0.0088,0.0035,0.034,0.032,0.001,10.1,5GG,5A,0,HR,12,-3.2,495,0
1070,9850,20.6,2GC,2楷林,61.0,537.0,0.0,0.004,0.2016,0,2,0.012,0.02,0.0,0.46,27.0,0.0094,0.0025,0.036,0.034,0.0,8.8,5GG,4C,0,HR,9,-6.7,559,0
1040,11810,24.01,2GA,2楷林,74.0,294.0,0.0,0.006,0.0199,0,1,0.019,0.02,0.0,0.169,19.0,0.0059,0.0036,0.028,0.026,0.0,15.6,5GG,5A,0,CR,11,7.9,338,0
1190,9260,21.54,2GB,2楷林,74.0,484.0,0.0,0.007,0.1916,0,0,0.013,0.02,0.0,0.462,26.0,0.0071,0.0039,0.026,0.024,0.0,10.5,5GG,5A,0,HR,11,2.8,341,0
1220,7810,18.63,2GB,2楷林,63.0,392.0,0.0,0.006,0.08,0,0,0.022,0.02,0.0,0.293,28.0,0.0121,0.0034,0.04,0.038,0.001,15.2,5GG,5A,0,HR,3,6.8,209,1
1190,11360,26.43,3GC,2楷林,42.0,339.0,0.0,0.004,0.045,0,1,0.015,0.02,0.0,0.297,35.0,0.008,0.0028,0.029,0.028,0.0,4.4,3GB,4C,0,CR,8,-3.1,568,0
1290,10180,25.67,2GA,2楷林,26.0,339.0,0.0,0.004,0.0404,1,0,0.023,0.03,0.0,0.182,19.0,0.0093,0.004,0.032,0.031,0.0,11.0,3GB,5A,0,HR,9,3.6,573,0
1260,9440,22.88,2GB,2楷林,33.0,332.0,10.2,0.006,0.0398,0,0,0.016,0.02,0.0,0.202,16.0,0.0093,0.0028,0.028,0.026,0.0,4.0,3GB,5A,1,HR,1,-4.1,337,0
1290,8800,22.19,2GC,2楷林,44.0,333.0,0.0,0.003,0.0324,0,0,0.015,0.01,0.0,0.186,15.0,0.0061,0.0029,0.031,0.024,0.0,6.1,5GG,4C,0,HR,8,-5.4,658,0
1570,7200,22.1,2GA,2楷林,17.0,367.0,0.0,0.004,0.0634,0,0,0.013,0.02,0.0,0.338,28.0,0.0103,0.0032,0.031,0.03,0.0,5.4,5GG,5A,0,HR,6,-4.4,683,0
1370,8470,22.69,2GA,2楷林,62.0,337.0,0.0,0.006,0.0377,1,0,0.017,0.02,0.0,0.197,21.0,0.0078,0.0038,0.024,0.022,0.0,13.1,5GG,5A,0,HR,10,3.0,541,0
1140,10210,22.39,2GC,2楷林,95.0,304.0,10.7,0.006,0.0018,0,0,0.019,0.06,0.02,0.142,12.0,0.0486,0.0042,0.031,0.029,0.0,4.7,3GB,4C,1,GI,12,-8.7,262,1
990,10270,19.88,3GC,2楷林,74.0,319.0,0.0,0.005,0.0371,0,0,0.018,0.02,0.0,0.203,21.0,0.0109,0.0025,0.022,0.02,0.0,14.0,3GB,4C,0,BP,3,3.0,288,1
1440,11870,33.42,3GC,2楷林,18.0,266.0,0.0,0.005,0.0015,0,1,0.026,0.02,0.0,0.094,16.0,0.0094,0.0044,0.022,0.021,0.001,9.9,3GB,4C,0,CR,5,-1.7,419,0
1570,9940,30.51,3GC,2楷林,8.0,330.0,0.0,0.004,0.0396,0,0,0.008,0.01,0.0,0.193,23.0,0.0098,0.0037,0.032,0.031,0.0,7.4,3GB,4C,0,HR,6,-6.9,603,0
1070,6630,13.87,3GB,2楷林,58.0,531.0,0.0,0.005,0.1342,0,0,0.024,0.02,0.0,0.918,22.0,0.0133,0.0026,0.024,0.023,0.001,7.0,3GB,5A,0,PO,6,-5.3,520,0
1510,11680,34.48,2GA,2楷林,2.0,307.0,0.0,0.005,0.0013,1,0,0.027,0.05,0.02,0.142,15.0,0.052,0.0056,0.034,0.033,0.001,13.0,5GG,5A,0,GI,3,4.2,195,1
1230,7180,17.27,2GB,2楷林,58.0,524.0,0.0,0.006,0.1397,1,0,0.022,0.02,0.0,0.812,25.0,0.0111,0.0032,0.024,0.022,0.001,11.2,3GB,5A,0,HR,10,-1.4,485,0
1560,11450,34.36,2GA,2楷林,10.0,254.0,9.4,0.006,0.0019,0,1,0.013,0.02,0.0,0.067,14.0,0.0082,0.0032,0.027,0.025,0.002,1.2,3GB,5A,1,GI,2,-8.7,447,0
1110,9810,21.29,2GA,2楷林,60.0,332.0,0.0,0.005,0.0381,0,0,0.009,0.02,0.0,0.196,17.0,0.0107,0.003,0.027,0.026,0.0,12.4,5GG,5A,0,HR,3,0.8,420,0
1300,8880,22.57,2GA,2楷林,79.0,333.0,0.0,0.006,0.0381,0,0,0.012,0.02,0.0,0.195,17.0,0.0096,0.0043,0.028,0.026,0.0,13.6,5GG,5A,0,HR,12,-0.6,547,0
1370,11450,30.67,3GB,2楷林,59.0,433.0,0.0,0.006,0.0536,0,0,0.014,0.02,0.0,0.801,27.0,0.0094,0.0024,0.038,0.037,0.001,5.5,3GB,5A,0,PO,4,-1.0,693,0
1410,9840,27.12,2GA,2楷林,17.0,327.0,0.0,0.005,0.0314,0,0,0.018,0.02,0.0,0.202,22.0,0.0093,0.004,0.035,0.032,0.0,15.8,5GG,5A,0,HR,11,3.1,287,1
1240,10180,24.68,2GB,2楷林,31.0,458.0,0.0,0.004,0.0603,0,1,0.028,0.03,0.0,0.803,32.0,0.0116,0.0022,0.041,0.04,0.001,12.8,5GG,5A,0,PO,9,2.0,440,0
1300,11350,28.85,3GB,2楷林,34.0,445.0,0.0,0.004,0.0606,0,0,0.013,0.02,0.0,0.788,33.0,0.0128,0.0028,0.033,0.032,0.001,3.7,3GB,5A,0,PO,7,-3.0,670,0
1430,11810,32.49,2GC,2楷林,82.0,326.0,8.0,0.007,0.0404,0,0,0.015,0.02,0.0,0.197,27.0,0.0074,0.0033,0.026,0.025,0.0,9.6,3GB,4C,1,GI,11,2.6,205,1
1410,10590,27.89,2GC,2楷林,30.0,289.0,9.9,0.005,0.0022,0,1,0.013,0.02,0.0,0.147,20.0,0.0098,0.0038,0.027,0.026,0.002,5.9,3GB,4C,1,GA,1,2.4,252,1
1270,9310,23.12,2GA,2楷林,63.0,328.0,0.0,0.004,0.0357,0,0,0.026,0.02,0.0,0.192,19.0,0.0091,0.0034,0.028,0.026,0.0,10.0,3GB,5A,0,HR,5,-6.6,552,0
1550,11550,35.0,2GA,2楷林,4.0,272.0,0.0,0.004,0.0017,0,0,0.021,0.02,0.0,0.125,18.0,0.0092,0.0036,0.026,0.023,0.001,5.7,5GG,5A,0,CR,7,-4.1,637,0
1120,11750,25.73,2GC,2楷林,84.0,526.0,0.0,0.005,0.0798,1,0,0.016,0.02,0.0,0.905,37.0,0.0193,0.0026,0.027,0.026,0.001,10.3,5GG,4C,0,GI,11,-4.8,365,0
1090,7270,15.49,2GC,2楷林,56.0,443.0,0.0,0.007,0.0564,0,0,0.014,0.01,0.0,0.784,29.0,0.0063,0.0022,0.032,0.031,0.0,17.3,5GG,4C,0,HGI,4,6.8,326,0
1510,10870,32.09,2GA,2楷林,48.0,324.0,0.0,0.004,0.0376,0,1,0.011,0.01,0.0,0.185,11.0,0.0089,0.0037,0.031,0.03,0.0,8.0,5GG,5A,0,HR,9,-4.1,640,0
1240,9530,23.1,2GB,2楷林,32.0,394.0,0.0,0.005,0.079,0,0,0.02,0.02,0.0,0.305,27.0,0.0112,0.0019,0.029,0.028,0.0,9.5,5GG,5A,0,HR,6,-4.0,616,0
1190,11510,26.78,2GA,2楷林,98.0,276.0,0.0,0.005,0.0017,0,0,0.017,0.02,0.0,0.096,22.0,0.0097,0.0036,0.025,0.021,0.001,14.9,5GG,5A,0,CR,4,5.7,484,0
1260,9570,23.57,2GA,2楷林,35.0,326.0,0.0,0.004,0.0361,0,2,0.012,0.02,0.0,0.199,18.0,0.0103,0.003,0.026,0.023,0.0,6.6,3GB,5A,0,HR,4,-7.3,531,0
1240,10500,25.45,2GC,2楷林,51.0,422.0,0.0,0.004,0.1182,0,0,0.014,0.01,0.0,0.294,26.0,0.0105,0.003,0.018,0.018,0.0,6.5,5GG,4C,0,HGI,8,-3.3,637,0
1310,8820,22.59,2GC,2楷林,20.0,293.0,0.0,0.005,0.0021,0,1,0.013,0.02,0.0,0.101,15.0,0.0093,0.0039,0.035,0.033,0.001,11.1,3GB,4C,0,HR,5,6.2,459,0
1070,10780,22.55,2GA,2楷林,67.0,302.0,0.0,0.006,0.0227,0,0,0.009,0.02,0.0,0.183,13.0,0.0098,0.003,0.022,0.021,0.0,8.4,3GB,5A,0,CR,4,-2.6,564,0
1410,11590,31.95,2GA,2楷林,24.0,273.0,0.0,0.005,0.0018,0,0,0.011,0.02,0.0,0.099,12.0,0.0091,0.0025,0.028,0.027,0.001,7.9,5GG,5A,0,CR,2,1.2,439,0
1000,10300,20.14,2GB,2楷林,109.0,334.0,0.0,0.005,0.0397,0,0,0.009,0.02,0.0,0.205,14.0,0.0071,0.0035,0.026,0.024,0.0,11.2,3GB,5A,0,HR,4,-1.3,432,0
1420,11450,31.79,2GA,2楷林,17.0,452.0,0.0,0.007,0.0614,0,0,0.021,0.02,0.0,0.81,28.0,0.0114,0.0029,0.028,0.027,0.0,8.9,5GG,5A,0,PO,2,0.3,487,0
1300,10410,26.46,2GA,2楷林,10.0,255.0,0.0,0.005,0.0019,0,0,0.025,0.02,0.0,0.079,17.0,0.0103,0.0036,0.021,0.019,0.003,9.3,5GG,5A,0,FH,8,6.4,438,0
970,10590,20.08,2GA,2楷林,43.0,306.0,0.0,0.004,0.0026,15,3,0.076,0.07,0.0,0.548,19.0,0.0154,0.0028,0.033,0.031,0.002,6.5,5GG,5A,0,BP,6,-2.6,538,0
1360,7480,19.89,2GA,2楷林,48.0,345.0,0.0,0.005,0.045,0,0,0.009,0.02,0.0,0.186,14.0,0.0095,0.0032,0.031,0.03,0.0,7.1,5GG,5A,0,HR,3,-7.4,462,0
900,11130,19.58,2GA,2楷林,72.0,398.0,0.0,0.004,0.0702,0,0,0.021,0.01,0.0,0.485,31.0,0.0085,0.0027,0.046,0.044,0.0,5.1,5GG,5A,0,BP,7,-6.2,596,0
1260,8740,21.53,2GA,2楷林,61.0,345.0,0.0,0.007,0.0359,10,0,0.023,0.03,0.0,0.23,24.0,0.0119,0.0034,0.032,0.03,0.0,5.1,3GB,5A,0,HR,10,-6.8,567,0
1330,9660,25.12,2GB,2楷林,58.0,460.0,0.0,0.005,0.1661,0,0,0.013,0.01,0.0,0.456,41.0,0.0089,0.0027,0.03,0.028,0.0,17.5,5GG,5A,0,HR,11,7.2,274,1
1470,8890,25.55,2GA,2楷林,10.0,268.0,0.0,0.006,0.0012,0,3,0.018,0.02,0.0,0.068,19.0,0.0094,0.0045,0.038,0.034,0.001,3.4,5GG,5A,0,FH,11,-4.4,626,0
1250,9000,21.99,2GA,2楷林,31.0,447.0,0.0,0.005,0.0573,0,0,0.019,0.01,0.0,0.786,32.0,0.0097,0.0035,0.033,0.031,0.001,6.5,3GB,5A,0,PO,6,-2.7,706,0
1410,11580,31.41,2GC,2楷林,58.0,273.0,7.0,0.006,0.0018,0,0,0.012,0.02,0.0,0.101,18.0,0.0095,0.0033,0.029,0.027,0.001,2.6,2GB,4C,1,GI,10,-7.5,397,0
950,9760,18.13,2GA,2楷林,92.0,333.0,0.0,0.006,0.0389,0,0,0.022,0.02,0.0,0.207,21.0,0.0073,0.0034,0.023,0.022,0.0,9.5,5GG,5A,0,HR,10,0.0,397,0
1190,8640,20.1,2GB,2楷林,61.0,418.0,0.0,0.005,0.1221,0,0,0.021,0.02,0.0,0.438,25.0,0.0112,0.0029,0.018,0.018,0.0,12.2,5GG,5A,0,HR,3,1.8,511,0
990,9880,19.12,2GA,2楷林,33.0,330.0,0.0,0.006,0.0375,0,0,0.017,0.02,0.0,0.197,17.0,0.0086,0.0032,0.022,0.021,0.0,2.7,3GB,5A,0,HR,1,-3.9,683,0
1250,10410,25.44,2GC,2楷林,35.0,421.0,0.0,0.006,0.117,0,0,0.01,0.02,0.0,0.338,25.0,0.0095,0.0028,0.017,0.015,0.0,8.9,5GG,4C,0,HGI,10,-3.1,482,0
1570,7830,24.03,2GC,2楷林,7.0,268.0,0.0,0.005,0.0015,1,0,0.012,0.02,0.0,0.059,23.0,0.0103,0.0033,0.023,0.022,0.002,6.9,5GG,4C,0,GI,3,-3.7,684,0
1280,9260,23.17,2GA,2楷林,18.0,325.0,0.0,0.005,0.0343,0,0,0.018,0.02,0.0,0.198,17.0,0.0123,0.0038,0.018,0.017,0.0,8.0,5GG,5A,0,HR,6,-2.7,582,0
1290,10360,26.13,2GA,2楷林,13.0,333.0,0.0,0.005,0.0378,0,1,0.012,0.02,0.0,0.174,17.0,0.0089,0.0036,0.026,0.025,0.0,16.4,5GG,5A,0,HR,12,6.5,331,0
1090,9450,20.14,2GA,2楷林,107.0,327.0,0.0,0.006,0.0347,0,3,0.012,0.02,0.0,0.188,14.0,0.0082,0.0034,0.024,0.022,0.0,14.7,5GG,5A,0,HR,12,-3.2,237,1
1260,11360,27.98,2GA,2楷林,1.0,325.0,0.0,0.004,0.0364,0,0,0.016,0.02,0.0,0.184,17.0,0.0082,0.0034,0.022,0.022,0.0,9.8,3GB,5A,0,FH,7,9.0,378,0
1390,11670,31.71,2GA,2楷林,36.0,356.0,0.0,0.006,0.0417,13,0,0.014,0.02,0.0,0.201,16.0,0.0058,0.0027,0.022,0.021,0.0,8.8,5GG,5A,0,CR,1,-0.6,583,0
1230,10550,24.96,2GD,2楷林,46.0,485.0,0.0,0.004,0.1838,0,0,0.014,0.01,0.0,0.79,37.0,0.0077,0.0022,0.031,0.03,0.0,17.1,3GB,4C,0,HR,9,6.2,272,1
1100,9840,20.68,2GA,2楷林,78.0,461.0,0.0,0.007,0.0606,0,0,0.02,0.02,0.0,0.809,27.0,0.0106,0.0025,0.032,0.03,0.001,11.7,5GG,5A,0,PO,10,2.0,383,0
1230,9860,23.71,3GC,2楷林,46.0,308.0,0.0,0.005,0.0012,7,0,0.053,0.02,0.0,0.189,13.0,0.0444,0.0093,0.041,0.04,0.001,10.8,3GB,4C,0,GA,6,6.4,348,0
1260,8960,22.07,2GC,2楷林,42.0,463.0,0.0,0.006,0.163,0,6,0.014,0.02,0.0,0.498,27.0,0.0115,0.0029,0.023,0.021,0.0,11.7,5GG,4C,0,HR,1,3.2,534,0
1400,9200,25.18,2GC,2楷林,29.0,297.0,0.0,0.006,0.0188,0,2,0.012,0.02,0.0,0.193,14.0,0.0079,0.0029,0.026,0.024,0.0,7.7,5GG,4C,0,CR,2,-5.1,565,0
1220,6960,16.47,2GC,2楷林,48.0,421.0,2.3,0.004,0.1144,0,0,0.011,0.02,0.0,0.46,28.0,0.011,0.0025,0.02,0.02,0.0,7.7,5GG,4C,1,HR,6,0.8,625,0
1250,8280,20.23,2GA,2楷林,51.0,349.0,0.0,0.004,0.0465,0,1,0.021,0.02,0.0,0.292,22.0,0.0115,0.0032,0.034,0.031,0.001,7.2,5GG,5A,0,HR,8,-4.7,561,0
1490,11860,34.55,2GB,2楷林,9.0,421.0,0.0,0.005,0.0555,0,0,0.013,0.02,0.0,0.828,31.0,0.0114,0.0021,0.029,0.027,0.001,7.4,5GG,5A,0,HR,7,-3.0,496,0
1310,7810,19.68,2GA,2楷林,14.0,270.0,3.9,0.005,0.0013,0,0,0.02,0.02,0.0,0.096,22.0,0.01,0.0045,0.027,0.026,0.0,2.3,3GB,5A,1,CR,10,-12.5,384,0
1110,11850,25.72,2GA,2楷林,87.0,273.0,0.0,0.005,0.0016,0,0,0.021,0.02,0.0,0.059,21.0,0.0093,0.0036,0.039,0.038,0.002,8.3,5GG,5A,0,CR,6,-0.8,580,0
1230,8420,20.25,2GA,2楷林,81.0,324.0,0.0,0.004,0.0341,0,0,0.019,0.02,0.0,0.182,19.0,0.0066,0.0039,0.026,0.025,0.0,10.5,5GG,5A,0,HR,6,1.3,551,0
1180,7850,18.11,2GC,2楷林,40.0,524.0,0.0,0.006,0.1456,0,0,0.012,0.02,0.0,0.797,26.0,0.0126,0.0028,0.024,0.023,0.001,7.7,5GG,4C,0,HR,6,0.5,629,0
1290,10340,26.08,2GA,2楷林,4.0,298.0,0.0,0.006,0.0203,0,0,0.01,0.02,0.0,0.199,19.0,0.0092,0.0027,0.023,0.019,0.0,8.5,5GG,5A,0,CR,4,-1.2,505,0
1410,11780,32.47,2GA,2楷林,28.0,270.0,0.0,0.005,0.0019,0,0,0.018,0.02,0.0,0.09,13.0,0.0092,0.004,0.032,0.031,0.001,4.8,3GB,5A,0,CR,7,-6.3,586,0
1020,9570,19.08,2GA,2楷林,93.0,502.0,0.0,0.005,0.038,18,0,0.018,0.02,0.0,0.196,20.0,0.0077,0.0038,0.023,0.023,0.0,12.1,5GG,5A,0,HR,4,1.6,371,0
1240,11660,28.27,2GC,2楷林,61.0,443.0,0.0,0.005,0.0545,0,0,0.02,0.01,0.0,0.811,29.0,0.0083,0.0033,0.029,0.028,0.001,8.4,5GG,4C,0,PO,7,1.6,495,0
1030,7610,15.32,2GC,2楷林,47.0,352.0,0.0,0.005,0.055,0,0,0.022,0.02,0.0,0.346,31.0,0.0088,0.0031,0.032,0.029,0.001,10.1,5GG,4C,0,CR,5,-1.5,549,0
1290,10620,26.78,2GA,2楷林,53.0,336.0,0.0,0.007,0.0375,0,0,0.009,0.02,0.0,0.204,17.0,0.0069,0.0026,0.023,0.022,0.0,8.4,3GB,5A,0,HGI,4,-0.2,527,0
1510,11850,34.98,2GD,2楷林,14.0,266.0,0.0,0.005,0.0022,0,1,0.027,0.03,0.0,0.072,17.0,0.0085,0.0038,0.034,0.032,0.004,9.9,5GG,4C,0,CR,8,3.4,521,0
1150,7420,16.68,2GB,2楷林,56.0,513.0,0.0,0.007,0.1149,0,0,0.017,0.01,0.0,1.194,37.0,0.007,0.0029,0.023,0.022,0.001,5.0,5GG,5A,0,HGI,12,-3.1,649,0
940,10920,20.07,2GC,2楷林,91.0,473.0,0.0,0.004,0.1463,0,0,0.01,0.02,0.0,0.682,34.0,0.0089,0.0033,0.025,0.024,0.001,6.7,5GG,4C,0,HR,6,2.3,514,0
1260,9390,23.13,2GA,2楷林,43.0,371.0,0.0,0.007,0.0394,17,0,0.01,0.02,0.0,0.208,20.0,0.008,0.0036,0.017,0.016,0.0,9.6,5GG,5A,0,HR,10,-4.6,380,0
1190,11560,26.89,2GA,2楷林,56.0,451.0,0.0,0.005,0.0589,0,0,0.012,0.02,0.0,0.802,31.0,0.0078,0.0021,0.035,0.034,0.001,12.8,5GG,5A,0,PO,4,-1.0,427,0
960,8460,15.88,2GA,2楷林,82.0,453.0,0.0,0.006,0.0609,0,1,0.013,0.02,0.0,0.791,48.0,0.0079,0.0022,0.042,0.041,0.001,8.6,5GG,5A,0,PO,10,-1.3,399,0
1380,11800,31.84,2GA,2楷林,3.0,354.0,0.0,0.005,0.0385,10,0,0.016,0.02,0.0,0.25,19.0,0.0083,0.0036,0.018,0.017,0.0,13.7,5GG,5A,0,GI,1,6.1,333,0
1390,11680,31.74,2GB,2楷林,45.0,528.0,0.0,0.004,0.0757,2,0,0.013,0.02,0.0,0.891,30.0,0.0188,0.0023,0.03,0.029,0.001,5.9,5GG,5A,0,GI,7,-2.0,524,0
1370,10620,27.76,2GD,2楷林,54.0,259.0,12.4,0.004,0.0016,0,0,0.018,0.02,0.0,0.105,16.0,0.0083,0.0031,0.032,0.03,0.002,3.3,3GB,4C,1,HR,4,-6.8,399,0
1300,7960,20.23,2GA,2楷林,19.0,350.0,0.0,0.005,0.0463,0,0,0.015,0.02,0.0,0.292,16.0,0.0104,0.0037,0.022,0.02,0.0,6.6,3GB,5A,0,HR,8,-3.8,639,0
1030,10900,21.95,2GB,2楷林,76.0,514.0,0.0,0.005,0.0758,2,0,0.024,0.03,0.0,0.912,36.0,0.0189,0.0022,0.033,0.032,0.001,10.6,5GG,5A,0,CR,8,1.4,496,0
1220,10060,23.99,2GA,2楷林,38.0,325.0,0.0,0.004,0.0327,0,1,0.02,0.02,0.0,0.198,26.0,0.0084,0.0034,0.039,0.038,0.0,2.7,3GB,5A,0,HR,8,-7.1,601,0
1350,9940,26.23,2GA,2楷林,41.0,340.0,0.0,0.006,0.0405,0,2,0.014,0.02,0.0,0.202,13.0,0.0083,0.0034,0.032,0.031,0.0,6.6,5GG,5A,0,HGI,1,-3.5,579,0
910,10470,18.63,2GC,2楷林,80.0,338.0,0.0,0.005,0.0486,0,1,0.013,0.02,0.0,0.298,28.0,0.01,0.0057,0.03,0.028,0.0,6.9,5GG,4C,0,PO,12,0.0,468,0
950,9990,18.55,2GA,2楷林,72.0,390.0,0.0,0.004,0.0649,0,0,0.013,0.02,0.0,0.488,39.0,0.0144,0.0039,0.05,0.048,0.002,2.0,3GB,5A,0,BP,9,-7.5,673,0
1140,11690,26.05,2GA,2楷林,71.0,266.0,0.0,0.004,0.0021,0,0,0.009,0.02,0.0,0.059,23.0,0.0066,0.0034,0.027,0.024,0.003,8.5,3GB,5A,0,CR,9,-1.4,423,0
1160,11420,25.9,2GC,2楷林,89.0,454.0,0.0,0.006,0.1776,0,0,0.017,0.01,0.0,0.498,37.0,0.0099,0.0033,0.023,0.021,0.0,12.7,5GG,4C,0,HR,3,-3.0,483,0
1380,9940,26.39,2GC,2楷林,7.0,283.0,7.5,0.004,0.0022,0,0,0.01,0.01,0.0,0.147,16.0,0.0096,0.0026,0.033,0.032,0.001,11.7,3GB,4C,1,FH,9,-3.1,243,1
1390,11870,32.26,2GA,2楷林,7.0,326.0,0.0,0.005,0.0357,0,0,0.022,0.02,0.0,0.184,15.0,0.01,0.003,0.028,0.027,0.0,13.4,3GB,5A,0,HR,3,2.8,386,0
1330,11810,30.71,2GC,2楷林,15.0,268.0,0.0,0.004,0.0015,0,0,0.018,0.02,0.0,0.073,14.0,0.0098,0.0037,0.035,0.034,0.001,6.7,5GG,4C,0,GA,9,-3.6,661,0
1340,11700,30.19,2GA,2楷林,7.0,340.0,0.0,0.006,0.0427,0,0,0.009,0.02,0.0,0.193,17.0,0.0091,0.0032,0.021,0.019,0.0,8.0,5GG,5A,0,HGI,12,1.5,500,0
1270,9300,23.09,2GA,2楷林,45.0,323.0,0.0,0.004,0.0317,0,0,0.01,0.01,0.0,0.168,19.0,0.0047,0.0028,0.023,0.022,0.0,15.5,5GG,5A,0,HR,6,4.4,441,0
1280,7520,18.82,2GB,2楷林,54.0,528.0,0.0,0.005,0.1326,0,1,0.011,0.02,0.0,0.869,33.0,0.0106,0.0026,0.016,0.014,0.001,12.2,5GG,5A,0,HGI,12,-0.5,494,0
1040,11810,24.01,3GC,2楷林,66.0,347.0,0.0,0.007,0.053,0,1,0.013,0.02,0.0,0.354,23.0,0.0078,0.0028,0.034,0.032,0.001,7.7,3GB,4C,0,CR,1,-4.0,514,0
1240,9080,22.01,2GA,2楷林,64.0,303.0,0.0,0.005,0.0185,0,0,0.018,0.02,0.0,0.199,19.0,0.0071,0.0041,0.029,0.028,0.0,1.9,3GB,5A,0,CR,5,-3.5,721,0
1470,11690,33.06,2GA,2楷林,10.0,268.0,6.0,0.005,0.0021,0,1,0.029,0.02,0.0,0.096,16.0,0.0096,0.0044,0.031,0.028,0.001,6.2,3GB,5A,1,CR,8,1.0,402,0
900,11700,20.59,2GA,2楷林,59.0,394.0,0.0,0.004,0.0667,0,0,0.016,0.02,0.0,0.476,34.0,0.0108,0.0025,0.044,0.042,0.001,6.1,5GG,5A,0,BP,9,-4.7,584,0
1080,9040,19.09,2GA,2楷林,68.0,331.0,0.0,0.005,0.0372,0,0,0.011,0.01,0.0,0.206,23.0,0.0059,0.003,0.023,0.022,0.0,14.4,5GG,5A,0,HR,12,2.5,266,1
1260,11860,29.21,2GA,2楷林,38.0,315.0,0.0,0.004,0.0016,5,0,0.052,0.02,0.0,0.199,19.0,0.0447,0.0083,0.036,0.034,0.0,6.2,3GB,5A,0,GI,7,-3.5,560,0
1280,9020,22.57,3GC,2楷林,5.0,323.0,0.0,0.006,0.0358,0,0,0.017,0.02,0.0,0.188,16.0,0.0057,0.003,0.024,0.023,0.0,10.5,3GB,4C,0,HR,1,2.7,428,0
1100,11170,24.02,2GB,2楷林,72.0,356.0,0.0,0.006,0.0615,0,0,0.014,0.02,0.0,0.345,32.0,0.0088,0.0027,0.032,0.031,0.0,8.1,5GG,5A,0,CR,2,-6.1,580,0
1150,11620,26.12,2GC,2楷林,50.0,433.0,0.0,0.006,0.1461,0,0,0.016,0.02,0.0,0.467,19.0,0.0106,0.0036,0.024,0.023,0.001,5.0,5GG,4C,0,HR,5,0.3,665,0
1290,7250,18.28,2GB,2楷林,100.0,445.0,0.0,0.005,0.1264,0,0,0.029,0.03,0.0,0.47,32.0,0.0107,0.0036,0.026,0.024,0.0,11.6,5GG,5A,0,HGI,12,-3.0,427,0
1290,8800,22.19,2GA,2楷林,25.0,339.0,0.0,0.005,0.0372,0,0,0.016,0.01,0.0,0.208,25.0,0.0075,0.0028,0.037,0.035,0.001,6.5,3F1,5A,0,HR,11,-6.3,482,0
1450,11740,33.28,2GA,2楷林,33.0,268.0,0.0,0.005,0.0019,0,0,0.018,0.02,0.0,0.089,11.0,0.0104,0.0034,0.029,0.028,0.001,4.6,3GB,5A,0,CR,7,-1.1,687,0
1190,7690,17.89,3GC,2楷林,53.0,343.0,0.0,0.006,0.0459,0,0,0.018,0.02,0.0,0.287,20.0,0.0093,0.003,0.018,0.017,0.0,15.2,3GB,4C,0,HR,10,5.9,386,0
1540,11700,34.88,2GA,2楷林,15.0,270.0,0.0,0.005,0.0017,0,0,0.015,0.02,0.0,0.091,17.0,0.0096,0.0044,0.028,0.027,0.001,5.8,3GB,5A,0,CR,7,-2.4,505,0
1430,8610,23.82,2GA,2楷林,53.0,338.0,0.0,0.005,0.0442,0,0,0.018,0.01,0.0,0.205,25.0,0.0055,0.0037,0.026,0.024,0.0,19.1,5GG,5A,0,FH,7,6.5,476,0
1260,8940,22.02,2GB,2楷林,64.0,420.0,0.0,0.006,0.1175,0,0,0.01,0.02,0.0,0.298,22.0,0.0085,0.0032,0.03,0.029,0.0,7.3,3GB,5A,0,HGI,12,-6.9,485,0
900,9860,17.35,2GB,2楷林,75.0,328.0,0.0,0.004,0.036,0,0,0.022,0.02,0.0,0.197,24.0,0.0061,0.0034,0.031,0.028,0.0,12.5,5GG,5A,0,HR,12,-3.6,402,0
1470,11860,34.08,2GA,2楷林,3.0,270.0,0.0,0.006,0.0014,0,2,0.013,0.02,0.0,0.093,20.0,0.0103,0.0049,0.023,0.021,0.002,6.0,5GG,5A,0,CR,12,2.1,446,0
1410,11760,31.9,2GC,2楷林,13.0,269.0,8.6,0.004,0.0025,0,1,0.021,0.03,0.0,0.095,21.0,0.0106,0.0052,0.025,0.022,0.001,8.1,3GB,4C,1,GI,8,2.7,302,0
1100,10270,22.09,2GA,2楷林,44.0,354.0,0.0,0.005,0.0591,0,0,0.009,0.02,0.0,0.351,28.0,0.0106,0.0031,0.034,0.033,0.0,9.2,5GG,5A,0,CR,12,-4.1,345,0
940,11580,21.05,2GA,2楷林,65.0,397.0,0.0,0.005,0.0694,0,0,0.019,0.03,0.0,0.477,30.0,0.0061,0.0034,0.047,0.044,0.0,2.6,3GB,5A,0,BP,7,-5.6,586,0
1130,11790,26.05,2GB,2楷林,43.0,545.0,0.0,0.004,0.1844,0,0,0.018,0.03,0.0,0.838,29.0,0.0135,0.0033,0.026,0.024,0.0,4.5,3GB,5A,0,HGI,9,-10.8,618,0
1030,11840,23.46,2GC,2楷林,81.0,314.0,14.1,0.005,0.0363,0,0,0.017,0.02,0.0,0.143,15.0,0.0093,0.0037,0.022,0.018,0.0,1.8,3GB,4C,1,HR,6,-2.0,174,1
1270,11530,28.29,2GB,2楷林,45.0,336.0,0.0,0.006,0.0384,0,0,0.027,0.03,0.0,0.205,24.0,0.0077,0.0034,0.022,0.021,0.0,13.5,5GG,5A,0,HGI,4,3.7,379,0
1320,9650,24.5,2GA,2楷林,80.0,304.0,12.0,0.007,0.0019,0,0,0.009,0.05,0.01,0.141,16.0,0.0522,0.0042,0.03,0.028,0.0,3.8,3GB,5A,1,GI,1,-4.6,329,0
1000,11130,21.76,2GA,2楷林,45.0,329.0,0.0,0.008,0.0398,0,0,0.022,0.02,0.0,0.194,31.0,0.0088,0.0041,0.03,0.029,0.0,5.7,3GB,5A,0,BP,4,-7.7,673,0
1340,9400,24.63,2GC,2楷林,5.0,434.0,0.0,0.004,0.0537,0,0,0.015,0.02,0.0,0.788,23.0,0.0133,0.0022,0.035,0.034,0.001,8.3,5GG,4C,0,PO,8,0.9,429,0
1230,9790,23.54,2GB,2楷林,68.0,531.0,0.0,0.005,0.1448,0,0,0.014,0.02,0.0,0.833,24.0,0.0113,0.0026,0.018,0.016,0.001,11.3,5GG,5A,0,HR,6,3.2,548,0
1210,10230,24.2,2GA,2楷林,60.0,443.0,0.0,0.004,0.0501,0,0,0.014,0.02,0.0,0.801,33.0,0.0092,0.0026,0.036,0.034,0.001,7.2,5GG,5A,0,PO,7,-2.3,647,0
1450,9780,27.28,2GA,2楷林,17.0,270.0,11.8,0.007,0.0016,0,1,0.016,0.02,0.0,0.11,15.0,0.0114,0.0037,0.032,0.03,0.002,6.4,3GB,5A,1,GI,2,-4.8,338,0
1260,10630,26.18,2GB,2楷林,43.0,336.0,0.0,0.005,0.0362,0,0,0.009,0.02,0.0,0.192,19.0,0.0097,0.0034,0.026,0.026,0.0,9.9,5GG,5A,0,HGI,9,-2.0,506,0
1210,9750,23.06,2GA,2楷林,29.0,327.0,0.0,0.006,0.0348,0,0,0.01,0.02,0.0,0.201,22.0,0.0086,0.0032,0.024,0.023,0.0,6.7,5GG,5A,0,HR,3,-1.2,436,0
1290,9950,25.09,2GC,2楷林,61.0,323.0,0.0,0.007,0.0362,0,0,0.018,0.02,0.0,0.198,22.0,0.0124,0.0025,0.025,0.023,0.0,5.8,3GB,4C,0,HR,1,-1.6,543,0
950,11360,21.1,2GA,2楷林,56.0,338.0,0.0,0.005,0.0381,0,1,0.011,0.02,0.0,0.261,21.0,0.008,0.0041,0.025,0.024,0.0,6.4,3GB,5A,0,HR,1,0.3,537,0
1060,10180,21.1,2GA,2楷林,65.0,323.0,0.0,0.004,0.0347,0,1,0.016,0.02,0.0,0.185,24.0,0.0082,0.0046,0.032,0.031,0.0,7.6,5GG,5A,0,HR,8,2.3,572,0
1570,11560,34.36,2GA,2楷林,7.0,269.0,11.4,0.004,0.0014,0,0,0.009,0.02,0.0,0.07,13.0,0.0095,0.0036,0.035,0.034,0.002,2.4,3GB,5A,1,GI,4,-6.3,292,1
1410,8730,24.06,2GB,2楷林,62.0,542.0,0.0,0.006,0.1398,0,0,0.018,0.02,0.0,1.186,32.0,0.0088,0.0032,0.023,0.022,0.001,13.9,5GG,5A,0,HR,3,1.2,510,0
1400,11800,31.78,2GA,2楷林,50.0,271.0,8.5,0.006,0.0016,0,2,0.012,0.02,0.0,0.097,19.0,0.0102,0.0037,0.026,0.025,0.001,10.6,3GB,5A,1,CR,10,1.6,250,1
1510,10400,30.7,2GA,2楷林,21.0,264.0,0.0,0.006,0.0016,0,0,0.013,0.02,0.0,0.08,19.0,0.0097,0.0037,0.035,0.033,0.001,14.0,5GG,5A,0,GI,1,3.9,444,0
1020,11530,22.99,2GA,2楷林,84.0,337.0,0.0,0.005,0.0405,0,1,0.019,0.02,0.0,0.293,29.0,0.008,0.0032,0.033,0.03,0.0,17.6,5GG,5A,0,HR,10,6.4,362,0
1570,11400,34.99,2GA,2楷林,3.0,320.0,0.0,0.005,0.0358,0,0,0.021,0.02,0.0,0.147,18.0,0.0104,0.0034,0.026,0.025,0.0,5.6,5GG,5A,0,PO,6,-5.1,402,0
990,11440,22.14,2GA,2楷林,87.0,331.0,0.0,0.006,0.0398,0,0,0.015,0.02,0.0,0.187,25.0,0.0095,0.0029,0.025,0.024,0.0,5.4,5GG,5A,0,HR,1,-3.1,592,0
1110,9330,20.25,2GC,2楷林,31.0,332.0,0.0,0.005,0.0369,0,0,0.014,0.01,0.0,0.187,16.0,0.0068,0.0034,0.026,0.022,0.0,5.7,3GB,4C,0,HR,6,0.5,668,0
940,9180,16.87,2GC,2楷林,62.0,303.0,0.0,0.006,0.0017,16,1,0.064,0.07,0.0,0.556,11.0,0.0142,0.0033,0.026,0.023,0.002,3.6,5GG,4C,0,BP,1,-3.1,521,0
1380,8000,21.24,2GA,2楷林,11.0,259.0,9.0,0.006,0.0019,0,0,0.013,0.02,0.0,0.074,19.0,0.0074,0.0029,0.026,0.026,0.003,8.9,3GB,5A,1,GI,4,-3.9,160,1
1260,9410,23.18,2GA,2楷林,45.0,363.0,0.0,0.005,0.0356,17,0,0.01,0.02,0.0,0.165,20.0,0.0094,0.0027,0.02,0.019,0.0,7.8,3GB,5A,0,HR,7,-2.3,582,0
1240,11280,27.34,3GC,2楷林,82.0,270.0,0.0,0.007,0.0018,0,0,0.018,0.02,0.0,0.094,17.0,0.0087,0.0038,0.026,0.024,0.001,11.2,3GB,4C,0,GI,10,-0.5,353,0
1370,11800,31.6,2GB,2楷林,30.0,516.0,0.0,0.004,0.1488,0,0,0.03,0.02,0.0,0.6,29.0,0.0138,0.0039,0.034,0.032,0.001,10.9,5GG,5A,0,GI,6,-0.2,603,0
1380,11850,31.97,2GC,2楷林,3.0,277.0,0.0,0.005,0.0018,0,0,0.009,0.02,0.0,0.142,23.0,0.0095,0.0039,0.033,0.032,0.004,6.3,5GG,4C,0,CR,8,-1.8,554,0
1180,9320,21.23,2GD,2楷林,75.0,307.0,0.0,0.006,0.0012,5,0,0.052,0.02,0.0,0.192,17.0,0.0443,0.0083,0.044,0.041,0.0,18.3,5GG,4C,0,GA,11,2.8,342,0
1270,11780,29.25,2GC,2楷林,52.0,272.0,0.0,0.004,0.0021,0,0,0.02,0.02,0.0,0.091,12.0,0.0092,0.004,0.028,0.026,0.001,9.0,5GG,4C,0,GI,9,-0.2,448,0
1320,11770,29.89,2GC,2楷林,56.0,341.0,7.9,0.006,0.0393,0,0,0.009,0.02,0.0,0.194,25.0,0.0099,0.0032,0.022,0.02,0.0,9.7,3GB,4C,1,CR,4,0.1,161,1
1030,11860,23.88,2GA,2楷林,77.0,357.0,0.0,0.005,0.0613,0,1,0.017,0.02,0.0,0.358,24.0,0.0096,0.0034,0.034,0.033,0.001,3.4,5GG,5A,0,CR,6,-5.2,569,0
1200,11810,27.71,2GA,2楷林,29.0,446.0,0.0,0.006,0.0038,11,0,0.093,0.02,0.06,0.572,25.0,0.0825,0.0093,0.053,0.052,0.002,7.2,5GG,5A,0,HR,2,0.1,366,0
1280,9250,23.15,2GC,2楷林,18.0,333.0,0.0,0.007,0.0403,0,0,0.026,0.02,0.0,0.191,16.0,0.0066,0.0035,0.022,0.022,0.0,13.5,5GG,4C,0,HR,1,5.9,450,0
1420,8470,23.1,2GB,2楷林,4.0,378.0,0.0,0.005,0.0793,0,1,0.014,0.02,0.0,0.271,24.0,0.0104,0.0037,0.027,0.025,0.0,9.9,3GB,5A,0,HR,12,0.3,612,0
1270,8600,21.35,2GA,2楷林,39.0,281.0,0.0,0.004,0.002,0,0,0.008,0.02,0.0,0.1,11.0,0.0105,0.0027,0.024,0.023,0.001,8.2,5GG,5A,0,CR,4,-2.4,455,0
1310,9840,24.82,2GC,2楷林,39.0,298.0,0.0,0.006,0.0013,0,0,0.1,0.02,0.0,0.14,15.0,0.0168,0.0086,0.038,0.037,0.0,4.1,5GG,4C,0,FH,4,-4.6,727,0
1250,11100,26.69,2GD,2楷林,24.0,452.0,0.0,0.004,0.1751,0,0,0.017,0.02,0.0,0.474,35.0,0.0106,0.0027,0.026,0.026,0.0,7.9,5GG,4C,0,HR,9,-2.3,572,0
1410,9040,24.92,2GC,2楷林,6.0,491.0,0.0,0.004,0.1556,0,0,0.03,0.01,0.0,0.811,37.0,0.0139,0.0026,0.021,0.02,0.001,10.9,3GB,4C,0,HR,9,1.8,564,0
1200,8020,18.81,2GD,2楷林,27.0,392.0,0.0,0.004,0.0762,0,0,0.029,0.02,0.0,0.291,30.0,0.0102,0.0025,0.026,0.025,0.0,7.5,3GB,4C,0,HR,7,-4.7,475,0
1030,9670,19.47,2GD,2楷林,47.0,328.0,0.0,0.005,0.0359,0,0,0.014,0.02,0.0,0.198,19.0,0.0083,0.0033,0.029,0.027,0.0,12.3,5GG,4C,0,HR,2,2.9,330,0
1280,11740,29.38,2GC,2楷林,21.0,527.0,0.0,0.005,0.1289,0,1,0.018,0.02,0.0,0.878,26.0,0.0132,0.0028,0.019,0.017,0.001,8.5,5GG,4C,0,HGI,2,-2.2,498,0
1190,9320,21.68,3GC,2楷林,37.0,334.0,0.0,0.005,0.0411,0,0,0.014,0.02,0.0,0.185,25.0,0.0078,0.0032,0.022,0.022,0.0,5.8,3GB,4C,0,HGI,8,-3.9,580,0
1270,11140,27.66,2GA,2楷林,10.0,352.0,0.0,0.006,0.0027,8,0,0.083,0.02,0.0,0.264,15.0,0.0719,0.0099,0.048,0.046,0.001,2.8,3GB,5A,0,HR,6,-8.0,598,0
1240,11620,28.17,2GA,2楷林,43.0,341.0,0.0,0.006,0.0413,0,0,0.008,0.02,0.0,0.206,16.0,0.0112,0.0032,0.017,0.017,0.0,11.2,3GB,5A,0,HGI,4,-0.3,511,0
1250,11620,27.94,2GA,2楷林,39.0,311.0,11.3,0.006,0.0014,4,0,0.057,0.02,0.0,0.209,19.0,0.043,0.008,0.038,0.036,0.001,1.1,3GB,5A,1,GA,3,-0.4,246,1
1430,11510,32.18,2GA,2楷林,63.0,322.0,0.0,0.004,0.035,0,0,0.01,0.02,0.0,0.195,20.0,0.0084,0.0027,0.026,0.023,0.0,7.8,5GG,5A,0,HR,9,-5.0,712,0
1390,11750,31.93,2GA,2楷林,10.0,271.0,0.0,0.006,0.0018,0,0,0.034,0.02,0.0,0.099,20.0,0.0087,0.0045,0.023,0.02,0.001,4.8,3GB,5A,0,CR,10,-2.3,586,0
1250,10330,25.24,2GA,2楷林,91.0,336.0,0.0,0.005,0.0396,0,0,0.01,0.02,0.01,0.197,18.0,0.0088,0.0033,0.034,0.032,0.0,6.2,5GG,5A,0,HR,1,-3.7,658,0
1010,8430,16.65,3GB,2楷林,50.0,521.0,0.0,0.006,0.0757,3,1,0.017,0.02,0.0,0.884,32.0,0.0189,0.0023,0.028,0.026,0.001,11.6,3GB,5A,0,GI,12,0.4,430,0
1360,11230,29.86,3GC,2楷林,28.0,260.0,0.0,0.004,0.0013,0,0,0.019,0.02,0.0,0.064,14.0,0.0092,0.0033,0.024,0.023,0.003,6.5,3GB,4C,0,HR,8,-1.5,607,0
1490,11740,34.2,2GA,2楷林,11.0,272.0,0.0,0.005,0.0021,0,0,0.01,0.02,0.0,0.088,14.0,0.0106,0.0033,0.037,0.036,0.001,7.0,5GG,5A,0,CR,7,0.8,533,0
1300,8650,21.98,2GA,2楷林,66.0,342.0,0.0,0.006,0.0401,0,0,0.018,0.02,0.0,0.2,17.0,0.0077,0.0029,0.036,0.034,0.0,16.1,5GG,5A,0,HR,5,7.9,475,0
1390,8330,22.27,2GC,2楷林,25.0,331.0,8.8,0.006,0.0357,0,0,0.012,0.02,0.0,0.195,17.0,0.0066,0.0031,0.024,0.023,0.0,11.1,3GB,4C,1,HR,2,1.2,224,1
1250,10700,26.15,2GB,2楷林,20.0,511.0,0.0,0.005,0.0791,1,2,0.012,0.02,0.0,0.891,27.0,0.0201,0.0021,0.031,0.03,0.002,3.4,5GG,5A,0,GI,11,-7.3,530,0
1400,7860,21.17,2GA,2楷林,24.0,254.0,6.6,0.005,0.0017,0,0,0.012,0.02,0.0,0.064,16.0,0.0073,0.0031,0.022,0.019,0.002,11.0,3GB,5A,1,GI,12,1.4,328,0
1200,11250,26.39,3GB,2楷林,16.0,462.0,0.0,0.004,0.0674,0,0,0.026,0.02,0.0,0.818,33.0,0.0091,0.0027,0.037,0.036,0.0,1.2,3GB,5A,0,PO,7,-3.8,755,0
1260,9170,22.23,2GA,2楷林,71.0,315.0,11.7,0.006,0.0329,0,0,0.01,0.01,0.0,0.195,21.0,0.0093,0.0034,0.022,0.02,0.0,0.4,3GB,5A,1,HR,5,-7.8,463,0
1100,9820,21.12,2GA,2楷林,24.0,336.0,0.0,0.004,0.0433,0,0,0.009,0.02,0.0,0.194,23.0,0.0104,0.0032,0.027,0.026,0.0,8.6,3GB,5A,0,HR,8,2.0,485,0
1290,9550,24.08,2GD,2楷林,42.0,334.0,0.0,0.005,0.0351,0,0,0.028,0.02,0.0,0.181,21.0,0.008,0.0038,0.023,0.023,0.0,6.1,5GG,4C,0,HGI,8,-1.8,537,0
1090,11490,24.48,2GB,2楷林,46.0,517.0,0.0,0.004,0.0808,3,0,0.021,0.03,0.0,0.913,28.0,0.0201,0.0028,0.028,0.027,0.001,8.2,3GB,5A,0,GI,9,-1.1,409,0
1300,11870,30.17,2GA,2楷林,57.0,328.0,0.0,0.005,0.034,0,0,0.016,0.02,0.0,0.183,19.0,0.0142,0.0036,0.032,0.031,0.0,6.1,3GB,5A,0,HR,7,-3.1,504,0
1220,11840,27.56,2GA,2楷林,55.0,258.0,11.9,0.005,0.0019,0,0,0.009,0.02,0.0,0.08,19.0,0.0092,0.0025,0.033,0.032,0.003,3.5,3GB,5A,1,HR,5,-7.5,334,0
1080,9330,19.38,2GA,2楷林,105.0,338.0,5.4,0.004,0.0393,0,0,0.022,0.03,0.0,0.196,23.0,0.0097,0.0028,0.023,0.021,0.0,11.9,3GB,5A,1,HR,9,-1.4,334,0
1070,9790,20.48,2GA,2楷林,60.0,337.0,0.0,0.006,0.036,0,1,0.012,0.02,0.0,0.189,16.0,0.0075,0.0033,0.018,0.016,0.0,16.9,5GG,5A,0,HGI,11,8.1,316,0
1400,7150,19.36,2GB,2楷林,20.0,420.0,0.0,0.005,0.1045,0,0,0.015,0.02,0.0,0.47,26.0,0.0112,0.0033,0.032,0.027,0.0,6.1,5GG,5A,0,HGI,8,-4.7,524,0
1170,10090,22.32,2GA,2楷林,46.0,266.0,9.0,0.005,0.0023,0,1,0.009,0.02,0.0,0.063,17.0,0.0067,0.0029,0.028,0.028,0.002,5.5,3GB,5A,1,HR,9,-0.2,229,1
1370,10320,27.64,2GC,2楷林,48.0,525.0,0.0,0.005,0.0774,5,2,0.013,0.01,0.0,0.902,44.0,0.0192,0.0022,0.028,0.028,0.001,11.2,5GG,4C,0,HR,5,4.7,416,0
1400,9320,25.51,2GB,2楷林,6.0,530.0,0.0,0.004,0.1854,0,0,0.024,0.02,0.0,0.776,28.0,0.0086,0.0032,0.028,0.027,0.0,6.4,5GG,5A,0,HR,7,1.6,374,0
1520,11740,34.89,2GA,2楷林,19.0,251.0,0.0,0.004,0.0026,0,1,0.009,0.02,0.0,0.076,22.0,0.0079,0.0032,0.031,0.029,0.003,6.1,5GG,5A,0,CR,7,-2.8,587,0
1420,11380,31.59,2GD,2楷林,5.0,320.0,0.0,0.005,0.0015,4,1,0.054,0.02,0.0,0.198,8.0,0.0434,0.0095,0.036,0.034,0.001,14.4,5GG,4C,0,GI,4,4.8,376,0
1190,8840,20.22,3GC,2楷林,61.0,335.0,0.0,0.006,0.0388,0,0,0.007,0.02,0.0,0.182,23.0,0.0097,0.0034,0.019,0.018,0.0,19.1,3GB,4C,0,HR,5,8.0,233,1
1040,11740,23.87,2GA,2楷林,65.0,322.0,0.0,0.004,0.0357,0,0,0.014,0.02,0.0,0.195,14.0,0.0083,0.0024,0.022,0.02,0.0,8.5,5GG,5A,0,CR,7,-3.2,484,0
1280,7980,19.97,2GA,2楷林,60.0,359.0,0.0,0.005,0.0352,17,3,0.031,0.02,0.0,0.19,19.0,0.0096,0.0037,0.012,0.011,0.0,6.2,5GG,5A,0,HR,5,-1.4,762,0
1350,7190,18.98,2GA,2楷林,66.0,353.0,0.0,0.006,0.0455,0,0,0.035,0.02,0.0,0.18,18.0,0.0078,0.0037,0.023,0.023,0.0,10.9,3GB,5A,0,HR,3,6.7,487,0
1240,9400,22.79,3GC,2楷林,52.0,494.0,0.0,0.005,0.1584,0,0,0.034,0.02,0.0,0.838,38.0,0.0089,0.003,0.032,0.03,0.001,9.0,3GB,4C,0,HR,8,-0.1,556,0
1500,10700,31.38,2GD,2楷林,9.0,513.0,0.0,0.006,0.0747,2,0,0.013,0.02,0.0,0.913,34.0,0.0191,0.0027,0.029,0.028,0.001,7.1,5GG,4C,0,GI,10,3.2,533,0
1160,10250,23.24,2GB,2楷林,27.0,425.0,0.0,0.004,0.1186,0,0,0.013,0.01,0.0,0.47,30.0,0.0112,0.0021,0.022,0.021,0.0,11.2,5GG,5A,0,HR,9,2.4,445,0
1560,11450,34.36,2GA,2楷林,2.0,255.0,6.8,0.006,0.0017,0,1,0.013,0.02,0.0,0.064,15.0,0.0095,0.0037,0.024,0.022,0.002,12.5,3GB,5A,1,GI,12,3.9,300,1
1440,11710,32.51,2GB,2楷林,21.0,488.0,0.0,0.005,0.0765,0,8,0.027,0.02,0.0,1.31,40.0,0.0101,0.003,0.025,0.024,0.001,20.9,5GG,5A,0,PO,5,15.6,451,0
1360,6750,17.95,2GA,2楷林,55.0,501.0,0.0,0.006,0.1713,0,0,0.012,0.01,0.0,0.492,28.0,0.0102,0.0023,0.022,0.021,0.0,7.0,5GG,5A,0,HGI,10,-0.8,604,0
1280,11220,28.08,2GC,2楷林,2.0,275.0,0.0,0.004,0.0021,0,0,0.012,0.02,0.0,0.092,17.0,0.01,0.0028,0.03,0.029,0.001,9.3,5GG,4C,0,CR,6,3.4,597,0
1030,11850,23.86,2GA,2楷林,81.0,351.0,0.0,0.007,0.0575,0,0,0.012,0.01,0.0,0.358,29.0,0.009,0.0029,0.029,0.027,0.0,7.7,5GG,5A,0,CR,10,-0.6,562,0
1110,9040,19.62,2GB,2楷林,64.0,430.0,0.0,0.007,0.1008,0,0,0.011,0.01,0.0,0.487,27.0,0.007,0.0023,0.024,0.023,0.0,9.5,5GG,5A,0,HR,1,-3.0,568,0
1570,10100,30.61,2GD,2楷林,3.0,275.0,0.0,0.008,0.0014,0,0,0.009,0.02,0.0,0.076,9.0,0.0086,0.0032,0.036,0.033,0.002,6.0,5GG,4C,0,FH,4,-2.2,454,0
1060,10940,22.67,2GC,2楷林,45.0,334.0,0.0,0.005,0.0351,0,0,0.018,0.02,0.0,0.193,22.0,0.0119,0.0033,0.02,0.018,0.0,17.3,5GG,4C,0,HGI,3,11.7,243,1
1090,9850,20.99,2GC,2楷林,10.0,462.0,0.0,0.004,0.0616,1,1,0.036,0.02,0.0,0.797,33.0,0.0104,0.0023,0.038,0.037,0.001,9.6,5GG,4C,0,PO,8,2.6,472,0
1290,11060,27.89,2GC,2楷林,22.0,336.0,0.0,0.005,0.0372,0,0,0.016,0.02,0.0,0.199,18.0,0.0072,0.003,0.027,0.026,0.0,8.1,5GG,4C,0,HGI,3,-1.0,506,0
1240,8760,21.24,2GA,2楷林,24.0,321.0,0.0,0.005,0.0387,0,0,0.02,0.02,0.0,0.192,16.0,0.0072,0.003,0.017,0.016,0.0,8.6,5GG,5A,0,HR,6,0.2,585,0
1560,11460,34.95,2GC,2楷林,11.0,278.0,0.0,0.006,0.0022,0,0,0.01,0.02,0.0,0.095,19.0,0.0091,0.0033,0.026,0.024,0.001,12.0,5GG,4C,0,GA,12,1.2,469,0
1570,9950,30.54,2GD,2楷林,46.0,332.0,0.0,0.006,0.0414,0,0,0.023,0.02,0.0,0.197,14.0,0.0134,0.0042,0.023,0.022,0.0,8.7,3GB,4C,0,HR,1,-4.0,541,0
1450,8910,24.91,2GB,2楷林,9.0,526.0,0.0,0.006,0.074,3,0,0.022,0.03,0.0,0.904,31.0,0.0195,0.0023,0.025,0.023,0.001,11.9,5GG,5A,0,HR,12,2.0,348,0
960,11170,20.96,2GB,2楷林,73.0,362.0,0.0,0.005,0.0552,0,0,0.013,0.02,0.0,0.293,23.0,0.0103,0.0025,0.033,0.032,0.0,17.4,3GB,5A,0,HR,1,10.2,335,0
1070,9140,19.12,2GA,2楷林,84.0,330.0,0.0,0.006,0.0402,0,0,0.018,0.02,0.0,0.198,20.0,0.0088,0.0035,0.024,0.023,0.0,4.8,3GB,5A,0,HR,10,-4.1,605,0
1040,8790,17.87,2GB,2楷林,8.0,337.0,0.0,0.007,0.0438,0,0,0.019,0.02,0.0,0.303,44.0,0.0092,0.0035,0.031,0.026,0.0,7.0,3GB,5A,0,PO,4,-3.5,593,0
1400,11200,30.65,2GC,2楷林,36.0,324.0,0.0,0.005,0.0342,0,0,0.016,0.02,0.0,0.195,17.0,0.0091,0.0047,0.022,0.021,0.0,14.5,5GG,4C,0,GI,12,0.0,236,1
1100,10290,22.13,2GC,2楷林,67.0,430.0,0.0,0.004,0.1455,0,0,0.02,0.02,0.0,0.465,30.0,0.0133,0.0027,0.022,0.022,0.001,13.7,3GB,4C,0,HR,6,-4.5,466,0
1250,11750,28.71,2GC,2楷林,72.0,332.0,0.0,0.006,0.0385,0,1,0.011,0.02,0.0,0.203,24.0,0.0069,0.0031,0.033,0.031,0.0,17.0,5GG,4C,0,GI,10,1.2,325,0
1210,11460,27.11,2GA,2楷林,18.0,297.0,0.0,0.005,0.0179,0,0,0.008,0.02,0.0,0.195,14.0,0.0088,0.0024,0.027,0.024,0.0,16.2,3GB,5A,0,CR,4,9.0,171,1
1090,11630,24.78,2GC,2楷林,77.0,530.0,0.0,0.006,0.0831,1,0,0.03,0.02,0.0,0.916,29.0,0.0196,0.0031,0.024,0.024,0.002,6.1,5GG,4C,0,HR,6,-2.8,651,0
1480,10910,31.57,2GA,2楷林,11.0,335.0,0.0,0.004,0.0373,0,0,0.009,0.02,0.0,0.194,22.0,0.0112,0.0024,0.018,0.018,0.0,13.3,3GB,5A,0,HGI,9,2.9,327,0
1300,9120,23.18,2GA,2楷林,67.0,328.0,0.0,0.005,0.0352,0,0,0.015,0.03,0.0,0.188,19.0,0.0138,0.0031,0.029,0.029,0.0,14.5,3GB,5A,0,HR,4,1.9,533,0
1100,10360,21.92,2GB,2楷林,71.0,326.0,9.1,0.006,0.0346,0,0,0.01,0.01,0.0,0.186,20.0,0.0063,0.0026,0.028,0.027,0.0,6.5,3GB,5A,1,HR,1,-6.5,214,1
1390,11220,29.94,2GA,2楷林,27.0,352.0,0.0,0.006,0.0593,0,0,0.013,0.02,0.0,0.348,40.0,0.0076,0.003,0.035,0.033,0.0,10.6,5GG,5A,0,CR,3,1.7,317,0
1020,10650,21.24,2GC,2楷林,58.0,316.0,0.0,0.007,0.0338,0,0,0.013,0.02,0.0,0.191,19.0,0.0073,0.0055,0.021,0.02,0.0,4.8,5GG,4C,0,HR,1,-6.2,689,0
1040,11080,22.53,2GC,2楷林,38.0,350.0,0.0,0.005,0.0544,1,0,0.011,0.01,0.0,0.34,27.0,0.0048,0.0026,0.04,0.039,0.0,6.7,5GG,4C,0,CR,8,-3.4,631,0
1090,9910,21.12,2GA,2楷林,85.0,333.0,0.0,0.006,0.0397,0,0,0.018,0.02,0.0,0.191,18.0,0.0075,0.0043,0.027,0.026,0.0,15.3,5GG,5A,0,HR,12,-1.8,386,0
1070,6620,13.85,2GB,2楷林,47.0,519.0,0.0,0.006,0.1322,0,1,0.021,0.02,0.0,0.845,26.0,0.0124,0.0034,0.018,0.017,0.001,4.6,3GB,5A,0,PO,6,-4.0,632,0
1290,8950,22.57,2GA,2楷林,53.0,329.0,0.0,0.006,0.0325,0,0,0.009,0.02,0.0,0.186,20.0,0.009,0.0027,0.024,0.024,0.0,9.2,5GG,5A,0,HR,1,-2.0,527,0
1260,8180,20.15,2GC,2楷林,52.0,335.0,0.0,0.006,0.0371,0,2,0.013,0.02,0.0,0.195,33.0,0.0089,0.0032,0.028,0.026,0.0,15.9,5GG,4C,0,HR,12,7.9,244,1
1140,11820,26.34,3GC,2楷林,27.0,0.0,0.0,0.004,0.0369,12,0,0.017,0.02,0.0,0.205,18.0,0.0099,0.0035,0.023,0.022,0.0,4.1,3GB,4C,0,CR,8,-3.9,640,0
1000,10280,20.1,2GB,2楷林,106.0,338.0,0.0,0.005,0.0426,0,0,0.008,0.02,0.0,0.194,18.0,0.0082,0.0032,0.022,0.021,0.0,10.1,3GB,5A,0,HR,4,-2.3,449,0
1380,11840,31.94,3GC,2楷林,10.0,266.0,0.0,0.004,0.0019,0,0,0.013,0.02,0.0,0.064,19.0,0.0093,0.0031,0.023,0.022,0.001,4.7,3GB,4C,0,CR,9,-5.0,695,0
1440,11670,32.85,2GA,2楷林,4.0,316.0,0.0,0.007,0.0374,0,0,0.016,0.02,0.0,0.204,26.0,0.007,0.0038,0.021,0.02,0.0,6.7,3GB,5A,0,GA,10,-4.7,386,0
1460,10820,30.88,2GC,2楷林,51.0,330.0,0.0,0.004,0.0413,0,2,0.024,0.02,0.0,0.194,19.0,0.0103,0.0045,0.032,0.031,0.0,4.2,5GG,4C,0,HR,8,-8.6,727,0
1090,11210,23.89,2GA,2楷林,83.0,327.0,0.0,0.006,0.0413,1,0,0.01,0.02,0.0,0.202,25.0,0.0087,0.0023,0.033,0.032,0.0,11.3,3GB,5A,0,CR,5,1.5,366,0
1090,11780,25.1,2GC,2楷林,23.0,334.0,0.0,0.005,0.0374,0,0,0.019,0.02,0.0,0.203,13.0,0.0082,0.0032,0.032,0.03,0.0,6.8,5GG,4C,0,HR,1,-2.2,411,0
1570,11400,34.43,2GA,2楷林,28.0,303.0,13.6,0.006,0.0016,0,0,0.024,0.05,0.02,0.148,10.0,0.0493,0.0043,0.035,0.034,0.0,5.3,3GB,5A,1,GI,2,-5.2,293,1
1220,10060,23.99,2GA,2楷林,41.0,329.0,0.0,0.005,0.0364,0,0,0.011,0.02,0.0,0.188,20.0,0.0108,0.0028,0.028,0.027,0.0,7.9,3GB,5A,0,HR,7,-3.2,633,0
1350,11600,30.16,2GC,2楷林,37.0,476.0,0.0,0.006,0.0756,0,0,0.025,0.02,0.0,1.298,28.0,0.0108,0.0024,0.021,0.02,0.002,17.9,5GG,4C,0,PO,7,8.0,319,0
1450,11510,32.63,2GA,2楷林,3.0,278.0,0.0,0.005,0.0014,0,0,0.014,0.02,0.0,0.097,16.0,0.0099,0.0031,0.023,0.021,0.0,9.7,3GB,5A,0,CR,3,2.6,434,0
1110,11000,23.87,2GA,2楷林,77.0,352.0,0.0,0.006,0.0587,0,0,0.01,0.02,0.0,0.344,32.0,0.0083,0.0024,0.031,0.031,0.001,9.0,3GB,5A,0,CR,4,0.7,592,0
1570,10450,32.07,3GC,2楷林,16.0,325.0,0.0,0.007,0.0399,0,0,0.022,0.02,0.0,0.198,29.0,0.0064,0.0037,0.028,0.026,0.0,4.1,3GB,4C,0,HR,11,-4.0,685,0
1280,6910,17.29,2GA,2楷林,49.0,321.0,0.0,0.006,0.0016,5,0,0.059,0.02,0.0,0.21,19.0,0.0428,0.0082,0.037,0.035,0.001,10.1,5GG,5A,0,GI,3,1.5,583,0
1320,10240,26.43,2GA,2楷林,69.0,337.0,0.0,0.005,0.0391,0,0,0.017,0.02,0.0,0.192,17.0,0.0085,0.0036,0.022,0.022,0.0,18.6,5GG,5A,0,HGI,2,5.8,195,1
1260,9410,23.18,2GA,2楷林,37.0,369.0,0.0,0.004,0.0388,19,1,0.021,0.02,0.0,0.177,25.0,0.0084,0.0045,0.023,0.021,0.0,4.6,5GG,5A,0,HR,8,-1.4,581,0
1330,11780,30.63,2GA,2楷林,38.0,336.0,0.0,0.004,0.0403,0,0,0.018,0.01,0.0,0.198,25.0,0.0077,0.0032,0.026,0.025,0.0,7.2,3GB,5A,0,GI,9,-1.6,617,0
1130,11820,26.11,2GB,2楷林,52.0,381.0,0.0,0.004,0.0802,0,0,0.016,0.02,0.0,0.448,23.0,0.0097,0.0025,0.025,0.024,0.001,10.1,5GG,5A,0,HR,9,-4.7,563,0
1370,8620,23.09,3GG,2楷林,12.0,324.0,0.0,0.004,0.0348,0,0,0.01,0.02,0.0,0.191,21.0,0.0081,0.0029,0.024,0.022,0.0,4.1,3GB,5A,1,HR,3,-4.3,609,0
1360,7740,20.58,2GA,2楷林,13.0,454.0,0.0,0.006,0.0584,0,0,0.016,0.02,0.0,0.792,33.0,0.0096,0.0031,0.029,0.028,0.0,18.5,5GG,5A,0,PO,5,13.9,496,0
1270,11450,28.43,2GA,2楷林,14.0,502.0,0.0,0.005,0.0568,0,0,0.01,0.02,0.0,0.339,34.0,0.0091,0.0031,0.04,0.039,0.0,4.8,3GB,5A,0,CR,4,-3.8,628,0
1280,9240,23.12,2GA,2楷林,66.0,323.0,0.0,0.005,0.0307,0,0,0.017,0.02,0.0,0.218,22.0,0.0109,0.0033,0.025,0.024,0.0,8.4,5GG,5A,0,HR,6,-6.6,563,0
970,8250,15.64,2GA,2楷林,59.0,322.0,0.0,0.004,0.0413,0,0,0.016,0.02,0.0,0.149,14.0,0.0093,0.0034,0.026,0.022,0.0,9.4,3GB,5A,0,PO,7,-1.5,390,0
1100,11100,23.87,2GA,2楷林,72.0,351.0,0.0,0.004,0.0564,0,0,0.02,0.02,0.0,0.335,31.0,0.009,0.0029,0.04,0.038,0.001,9.1,5GG,5A,0,CR,9,0.5,562,0
1440,11670,32.85,3GC,2楷林,2.0,285.0,0.0,0.004,0.0019,0,0,0.01,0.02,0.0,0.136,14.0,0.0109,0.0035,0.024,0.022,0.002,17.1,3GB,4C,0,GA,5,12.5,263,1
1220,7890,18.82,2GB,2楷林,42.0,393.0,0.0,0.006,0.0784,0,1,0.013,0.02,0.0,0.295,21.0,0.0109,0.0033,0.036,0.035,0.0,15.2,5GG,5A,0,HR,3,7.5,479,0
1100,10290,22.13,2GC,2楷林,64.0,430.0,0.0,0.004,0.1455,0,0,0.02,0.02,0.0,0.465,30.0,0.0133,0.0027,0.022,0.022,0.001,13.4,3GB,4C,0,HR,6,-4.7,418,0
1210,8910,21.08,2GB,2楷林,70.0,423.0,0.0,0.005,0.1062,0,0,0.01,0.02,0.0,0.454,25.0,0.0085,0.0035,0.017,0.016,0.0,11.5,5GG,5A,0,HGI,10,1.4,473,0
1070,7940,16.61,3GC,2楷林,102.0,369.0,0.0,0.005,0.041,17,0,0.021,0.04,0.0,0.185,32.0,0.0089,0.0033,0.023,0.022,0.0,13.0,3GB,4C,0,HR,6,4.8,395,0
1170,7230,16.54,2GA,2楷林,60.0,502.0,0.0,0.005,0.0544,0,15,0.01,0.01,0.0,0.335,38.0,0.0061,0.0034,0.043,0.042,0.0,8.5,3GB,5A,0,HGI,4,-0.6,487,0
1270,11130,27.63,2GA,2楷林,46.0,317.0,0.0,0.006,0.0015,6,1,0.057,0.02,0.0,0.196,14.0,0.0454,0.0094,0.043,0.041,0.001,10.4,5GG,5A,0,HR,12,2.0,482,0
1190,10140,23.21,2GA,2楷林,32.0,267.0,15.6,0.006,0.002,0,0,0.014,0.03,0.0,0.109,16.0,0.0125,0.0035,0.027,0.026,0.002,5.0,3GB,5A,1,HR,2,-1.3,226,1
980,9980,19.12,2GC,2楷林,83.0,374.0,0.0,0.007,0.0389,19,3,0.009,0.02,0.0,0.216,20.0,0.0076,0.0031,0.02,0.019,0.0,7.5,3GB,4C,0,HR,11,-3.8,502,0
1470,7620,21.9,2GA,2楷林,5.0,340.0,0.0,0.006,0.0386,0,4,0.023,0.02,0.0,0.215,23.0,0.0094,0.0039,0.016,0.015,0.0,7.4,3GB,5A,0,HGI,10,-2.7,581,0
1180,11630,26.83,2GA,2楷林,60.0,275.0,0.0,0.005,0.0025,0,0,0.01,0.02,0.0,0.081,16.0,0.0104,0.0035,0.031,0.029,0.001,4.9,5GG,5A,0,GI,7,-3.4,613,0
960,11870,22.28,2GA,2楷林,54.0,331.0,0.0,0.005,0.0387,0,0,0.014,0.02,0.0,0.186,14.0,0.0109,0.0032,0.02,0.02,0.0,13.8,5GG,5A,0,BP,4,1.8,312,0
1290,9160,23.1,2GB,2楷林,54.0,334.0,0.0,0.006,0.0393,0,1,0.015,0.02,0.0,0.216,17.0,0.008,0.0039,0.027,0.024,0.0,10.9,5GG,5A,0,HR,11,4.5,581,0
1400,7860,21.51,2GA,2楷林,32.0,354.0,0.0,0.006,0.0382,12,0,0.009,0.02,0.0,0.244,21.0,0.0089,0.0032,0.028,0.026,0.0,14.8,3GB,5A,0,HR,10,1.9,593,0
1200,10820,25.38,3GC,2楷林,56.0,260.0,0.0,0.006,0.002,0,0,0.009,0.01,0.0,0.057,18.0,0.0087,0.003,0.029,0.028,0.003,14.5,3GB,4C,0,CR,10,1.0,333,0
1260,10430,25.69,2GA,2楷林,25.0,337.0,0.0,0.005,0.0405,0,1,0.019,0.02,0.0,0.293,29.0,0.008,0.0032,0.033,0.03,0.0,10.0,5GG,5A,0,HR,10,2.3,563,0
1430,11800,32.99,2GB,2楷林,15.0,465.0,0.0,0.007,0.0674,1,0,0.023,0.01,0.0,0.602,37.0,0.0188,0.0021,0.033,0.032,0.0,8.1,5GG,5A,0,CR,2,0.1,512,0
1400,7250,19.84,2GA,2楷林,10.0,267.0,0.0,0.004,0.0014,0,0,0.02,0.02,0.0,0.077,14.0,0.0087,0.0047,0.031,0.029,0.002,10.2,3GB,5A,0,FH,5,6.1,479,0
1200,9320,21.5,2GA,2楷林,28.0,365.0,0.0,0.004,0.0021,8,0,0.087,0.03,0.0,0.254,14.0,0.0719,0.0099,0.041,0.04,0.001,11.2,3GB,5A,0,HR,9,2.5,290,1
1070,11250,22.97,2GC,2楷林,92.0,298.0,12.8,0.007,0.0017,0,1,0.099,0.03,0.0,0.135,15.0,0.0183,0.0106,0.031,0.03,0.0,3.3,3GB,4C,1,EG,11,-5.3,195,1
1250,7680,18.77,2GD,2楷林,36.0,552.0,0.0,0.006,0.1924,0,0,0.011,0.02,0.0,0.861,36.0,0.0098,0.0026,0.027,0.026,0.0,14.5,3GB,4C,0,PO,11,11.5,394,0
1510,10320,30.47,2GA,2楷林,21.0,330.0,0.0,0.004,0.0381,0,0,0.019,0.03,0.0,0.196,17.0,0.0079,0.0034,0.023,0.022,0.0,8.4,5GG,5A,0,HR,4,-0.3,558,0
1520,8510,25.29,2GA,2楷林,32.0,338.0,0.0,0.004,0.0395,0,0,0.02,0.03,0.0,0.196,18.0,0.0087,0.0033,0.022,0.022,0.0,16.2,5GG,5A,0,HGI,8,5.2,482,0
1290,9350,23.58,2GC,2楷林,61.0,422.0,0.0,0.005,0.1124,0,0,0.022,0.02,0.0,0.323,30.0,0.0101,0.0019,0.02,0.019,0.0,14.6,5GG,4C,0,HGI,2,5.3,300,1
1030,9270,18.67,2GA,2楷林,92.0,318.0,0.0,0.005,0.0354,0,0,0.026,0.02,0.0,0.177,22.0,0.0085,0.0035,0.02,0.018,0.0,6.5,5GG,5A,0,HR,10,-3.5,549,0
1250,10530,25.73,2GB,2楷林,20.0,517.0,0.0,0.006,0.0756,0,0,0.013,0.02,0.0,0.9,28.0,0.0194,0.0022,0.032,0.031,0.001,10.3,3GB,5A,0,FH,1,2.8,480,0
1110,10780,23.02,2GA,2楷林,83.0,347.0,9.4,0.005,0.0507,0,0,0.011,0.02,0.0,0.304,42.0,0.0101,0.0034,0.028,0.027,0.0,6.9,3GB,5A,1,CR,12,0.6,148,1
1450,11780,33.39,2GB,2楷林,27.0,530.0,0.0,0.007,0.0741,3,0,0.017,0.02,0.0,0.906,32.0,0.018,0.0024,0.032,0.03,0.001,8.4,5GG,5A,0,GI,11,-1.2,497,0
1030,6460,13.01,2GA,2楷林,96.0,450.0,0.0,0.007,0.0623,0,0,0.016,0.02,0.0,0.776,32.0,0.0113,0.0037,0.027,0.026,0.001,14.5,5GG,5A,0,PO,2,0.2,214,1
1270,9140,22.69,3GC,2楷林,35.0,396.0,0.0,0.004,0.0777,0,0,0.018,0.02,0.0,0.447,32.0,0.0097,0.003,0.02,0.02,0.001,3.6,3GB,4C,0,HR,7,-3.4,651,0
1250,11800,28.84,3GC,2楷林,70.0,269.0,0.0,0.004,0.0013,0,1,0.025,0.02,0.0,0.078,15.0,0.0086,0.0043,0.032,0.03,0.002,12.4,3GB,4C,0,GA,6,0.9,488,0
1250,10620,25.95,2GB,2楷林,30.0,496.0,0.0,0.005,0.185,0,0,0.018,0.02,0.0,0.482,30.0,0.0081,0.0024,0.028,0.027,0.0,14.1,3GB,5A,0,HR,12,1.2,398,0
1280,8590,21.5,2GC,2楷林,58.0,341.0,0.0,0.006,0.0392,0,0,0.01,0.01,0.0,0.184,27.0,0.0086,0.0029,0.026,0.026,0.0,14.8,5GG,4C,0,HGI,2,2.8,419,0
1300,11020,28.01,2GB,2楷林,87.0,417.0,0.0,0.006,0.1132,0,0,0.01,0.02,0.0,0.311,30.0,0.0086,0.0027,0.025,0.024,0.0,8.6,3GB,5A,0,HGI,10,-4.7,597,0
1050,10730,22.03,2GC,2楷林,53.0,326.0,0.0,0.006,0.0409,0,0,0.019,0.02,0.0,0.186,23.0,0.0103,0.0038,0.027,0.027,0.0,10.1,5GG,4C,0,HR,2,1.0,464,0
1260,11290,27.81,2GB,2楷林,80.0,517.0,0.0,0.006,0.0765,2,0,0.019,0.02,0.0,0.906,29.0,0.0196,0.0024,0.033,0.032,0.001,17.3,5GG,5A,0,HR,5,10.5,297,1
1390,11750,31.42,2GB,2楷林,2.0,323.0,6.7,0.006,0.038,0,0,0.011,0.02,0.0,0.198,17.0,0.0061,0.0028,0.024,0.022,0.0,7.2,3GB,5A,1,HR,2,-0.6,133,1
1520,11770,34.98,2GA,2楷林,8.0,269.0,0.0,0.005,0.0017,0,3,0.01,0.02,0.0,0.087,19.0,0.01,0.0036,0.02,0.02,0.0,5.9,5GG,5A,0,CR,9,-1.8,527,0
1260,7960,19.61,2GD,2楷林,8.0,338.0,0.0,0.004,0.0429,0,0,0.011,0.02,0.0,0.212,23.0,0.011,0.0032,0.028,0.027,0.0,8.7,3GB,4C,0,HR,9,2.5,535,0
1280,9600,23.65,2GA,2楷林,34.0,327.0,0.0,0.007,0.0351,0,1,0.008,0.01,0.0,0.203,19.0,0.0055,0.0032,0.026,0.024,0.0,15.4,5GG,5A,0,HR,11,7.7,466,0
1510,9670,28.55,3GC,2楷林,4.0,249.0,0.0,0.005,0.0014,0,0,0.009,0.02,0.0,0.061,11.0,0.0073,0.0033,0.028,0.026,0.003,11.2,3GB,4C,0,GI,4,1.6,362,0
960,11870,22.28,2GB,2楷林,38.0,352.0,0.0,0.005,0.0567,0,0,0.018,0.02,0.0,0.339,25.0,0.0098,0.0044,0.03,0.028,0.001,8.5,3GB,5A,0,CR,5,2.5,579,0
960,9320,17.49,3GC,2楷林,78.0,419.0,0.0,0.007,0.0729,0,0,0.015,0.02,0.0,0.253,111.0,0.0076,0.0034,0.03,0.026,0.0,11.1,3GB,4C,0,BP,1,-3.2,445,0
1190,9490,22.08,2GC,2楷林,59.0,478.0,0.0,0.005,0.1757,0,1,0.013,0.02,0.0,0.793,33.0,0.012,0.0025,0.034,0.032,0.001,12.0,5GG,4C,0,HR,12,-0.2,403,0
1070,10780,22.55,2GA,2楷林,59.0,303.0,0.0,0.005,0.0236,0,0,0.01,0.02,0.0,0.187,22.0,0.0102,0.0035,0.023,0.021,0.0,7.8,3GB,5A,0,CR,4,-3.0,523,0
1400,11250,30.05,2GA,2楷林,34.0,291.0,10.2,0.004,0.0023,0,0,0.023,0.02,0.0,0.152,16.0,0.0093,0.0032,0.028,0.026,0.001,2.3,3GB,5A,1,GA,9,-4.5,452,0
1210,10690,25.29,2GB,2楷林,20.0,521.0,0.0,0.005,0.1415,0,1,0.023,0.02,0.0,0.774,36.0,0.01,0.0024,0.024,0.023,0.001,5.6,5GG,5A,0,HR,7,-5.1,654,0
1570,9830,30.17,2GB,2楷林,19.0,325.0,11.8,0.004,0.0381,0,0,0.008,0.02,0.0,0.188,19.0,0.0076,0.0032,0.025,0.023,0.0,5.2,5GG,5A,1,HR,6,-0.4,425,0
1040,9180,18.4,2GA,2楷林,85.0,343.0,0.0,0.004,0.0404,0,0,0.009,0.02,0.0,0.231,31.0,0.0071,0.0025,0.021,0.02,0.0,9.8,3GB,5A,0,HGI,9,-0.3,535,0
1160,9560,21.68,3GB,2楷林,87.0,522.0,0.0,0.006,0.1219,0,0,0.02,0.02,0.0,1.194,31.0,0.0142,0.0024,0.025,0.024,0.001,8.6,3GB,5A,0,HGI,1,-4.5,583,0
1280,11180,27.98,2GA,2楷林,37.0,358.0,0.0,0.004,0.0432,12,0,0.019,0.02,0.0,0.192,16.0,0.0106,0.0034,0.026,0.023,0.0,7.7,5GG,5A,0,CR,8,-1.2,651,0
1430,11730,32.79,2GB,2楷林,14.0,331.0,0.0,0.005,0.0367,0,1,0.014,0.03,0.0,0.188,15.0,0.0097,0.0033,0.022,0.02,0.0,16.0,5GG,5A,0,HR,5,6.6,506,0
1000,9390,18.36,3GC,2楷林,69.0,305.0,0.0,0.005,0.0023,15,0,0.061,0.07,0.0,0.557,13.0,0.0147,0.0034,0.021,0.02,0.002,5.6,3GB,4C,0,BP,5,-4.0,595,0
1010,8500,16.78,2GD,2楷林,36.0,355.0,0.0,0.004,0.0429,12,0,0.011,0.02,0.0,0.188,18.0,0.0079,0.0029,0.019,0.019,0.0,2.6,5GG,4C,0,CR,4,-1.3,621,0
1090,7290,15.53,3GC,2楷林,52.0,460.0,0.0,0.004,0.0679,0,0,0.015,0.01,0.0,0.604,31.0,0.0185,0.0025,0.03,0.028,0.0,10.9,3GB,4C,0,GI,3,-3.3,524,0
1410,11590,31.95,2GD,2楷林,2.0,269.0,0.0,0.006,0.0017,0,0,0.01,0.02,0.0,0.098,17.0,0.0099,0.0034,0.026,0.024,0.001,2.9,3GB,4C,0,CR,10,-5.0,566,0
1440,9750,27.01,2GA,2楷林,53.0,278.0,6.6,0.004,0.0019,0,0,0.012,0.02,0.0,0.092,14.0,0.0101,0.0037,0.027,0.024,0.001,8.6,3GB,5A,1,FH,9,-4.5,357,0
1340,11500,29.56,2GA,2楷林,12.0,331.0,0.0,0.006,0.0353,0,2,0.014,0.03,0.0,0.19,20.0,0.0124,0.0028,0.032,0.03,0.0,8.0,3GB,5A,0,HR,4,-2.0,517,0
1290,9160,23.1,2GA,2楷林,46.0,326.0,0.0,0.004,0.0341,0,0,0.01,0.02,0.0,0.198,22.0,0.0088,0.0031,0.027,0.027,0.0,13.5,5GG,5A,0,HR,8,-0.9,543,0
1130,9230,20.39,3GC,2楷林,56.0,547.0,0.0,0.006,0.1895,1,2,0.02,0.02,0.0,0.84,36.0,0.0071,0.003,0.027,0.026,0.001,5.6,3GB,4C,0,HGI,11,0.0,457,0
1320,11870,30.63,2GB,2楷林,35.0,338.0,0.0,0.006,0.0418,0,2,0.008,0.02,0.0,0.205,23.0,0.0103,0.0037,0.026,0.025,0.0,29.5,5GG,5A,0,PO,4,22.7,304,0
1260,11590,27.42,2GC,2楷林,33.0,448.0,13.3,0.005,0.0564,0,0,0.02,0.02,0.0,0.813,28.0,0.012,0.0044,0.029,0.028,0.001,2.8,3GB,4C,1,PO,5,-4.8,232,1
1390,11080,30.11,2GC,2楷林,10.0,322.0,0.0,0.006,0.0358,0,0,0.02,0.02,0.0,0.183,20.0,0.0095,0.0039,0.028,0.026,0.0,8.1,5GG,4C,0,HR,10,3.5,456,0
1160,11370,25.78,2GC,2楷林,70.0,0.0,0.0,0.007,0.0638,0,0,0.013,0.02,0.0,0.62,35.0,0.0184,0.0022,0.03,0.029,0.001,10.2,5GG,4C,0,GI,4,-0.3,460,0
960,9830,18.45,2GA,2楷林,87.0,329.0,0.0,0.006,0.0403,0,0,0.02,0.01,0.0,0.2,20.0,0.0068,0.0035,0.025,0.023,0.0,5.3,3GB,5A,0,FH,11,-4.5,580,0
1290,10480,26.43,2GA,2楷林,31.0,335.0,0.0,0.005,0.0383,0,0,0.02,0.03,0.0,0.187,19.0,0.0116,0.0042,0.025,0.023,0.0,17.4,5GG,5A,0,HGI,3,-0.3,261,1
1370,10450,27.99,2GC,2楷林,11.0,347.0,0.0,0.004,0.0493,0,0,0.011,0.02,0.0,0.289,13.0,0.0088,0.0032,0.028,0.026,0.0,9.8,5GG,4C,0,CR,6,4.9,515,0
1250,11300,27.61,2GA,2楷林,47.0,301.0,0.0,0.003,0.0196,0,0,0.024,0.02,0.0,0.137,16.0,0.007,0.003,0.032,0.031,0.0,5.0,5GG,5A,0,HR,9,-3.1,518,0
1170,10580,24.2,2GB,2楷林,35.0,515.0,0.0,0.005,0.0819,3,0,0.017,0.02,0.0,0.916,28.0,0.0195,0.0028,0.028,0.027,0.001,11.6,5GG,5A,0,GI,3,-1.3,489,0
900,11080,19.5,3GC,2楷林,61.0,321.0,0.0,0.004,0.0356,0,0,0.018,0.02,0.0,0.14,17.0,0.0127,0.0033,0.023,0.022,0.0,7.1,3GB,4C,0,PO,5,1.1,396,0
1170,11800,26.99,2GC,2楷林,41.0,431.0,0.0,0.006,0.1145,0,0,0.009,0.01,0.0,0.506,25.0,0.0111,0.0028,0.024,0.023,0.0,6.9,5GG,4C,0,HR,6,1.3,602,0
1150,5940,13.35,2GB,2楷林,50.0,425.0,0.0,0.006,0.0994,0,0,0.012,0.02,0.0,0.64,26.0,0.0094,0.0023,0.018,0.017,0.0,13.3,5GG,5A,0,PO,1,-0.4,436,0
1390,7520,19.94,2GC,2楷林,11.0,301.0,11.8,0.006,0.002,0,0,0.093,0.01,0.0,0.152,15.0,0.0169,0.0088,0.036,0.034,0.0,7.3,3GB,4C,1,EG,2,2.4,191,1
1360,11620,30.9,2GA,2楷林,15.0,447.0,0.0,0.004,0.0638,0,3,0.023,0.02,0.0,0.811,37.0,0.0078,0.0029,0.032,0.031,0.001,7.3,3GB,5A,0,PO,9,-5.0,654,0
1270,8720,21.65,3GC,2楷林,31.0,287.0,0.0,0.004,0.0017,0,1,0.014,0.02,0.0,0.143,15.0,0.0098,0.0035,0.029,0.028,0.001,15.3,3GB,4C,0,HR,4,2.3,305,0
1240,7970,19.32,2GA,2楷林,30.0,337.0,0.0,0.005,0.0391,0,0,0.018,0.02,0.0,0.2,17.0,0.0082,0.0032,0.02,0.018,0.0,6.9,3GB,5A,0,HGI,10,-0.7,645,0
1390,8540,23.21,2GB,2楷林,69.0,354.0,0.0,0.006,0.0388,10,0,0.021,0.02,0.0,0.203,22.0,0.0096,0.0042,0.025,0.024,0.0,14.3,5GG,5A,0,PO,4,3.0,560,0
1000,11450,22.38,2GA,2楷林,70.0,336.0,0.0,0.005,0.0416,0,1,0.008,0.02,0.0,0.189,18.0,0.0091,0.0025,0.018,0.017,0.0,4.7,5GG,5A,0,GI,9,-6.4,710,0
1250,9640,23.56,2GC,2楷林,61.0,326.0,0.0,0.005,0.0357,0,1,0.013,0.02,0.0,0.169,20.0,0.0079,0.0035,0.024,0.022,0.0,11.4,5GG,4C,0,HR,11,-2.4,509,0
1250,8230,20.11,2GA,2楷林,37.0,337.0,0.0,0.004,0.0376,0,0,0.013,0.05,0.0,0.143,18.0,0.0101,0.0033,0.034,0.033,0.0,6.2,5GG,5A,0,HR,7,-3.7,747,0
1280,9730,24.35,2GA,2楷林,58.0,426.0,0.0,0.006,0.0507,0,0,0.013,0.02,0.0,0.795,38.0,0.0105,0.0026,0.028,0.026,0.0,13.4,5GG,5A,0,PO,1,7.1,452,0
1050,11780,24.18,2GA,2楷林,88.0,320.0,0.0,0.005,0.0391,0,0,0.017,0.02,0.0,0.211,17.0,0.0084,0.0042,0.02,0.02,0.0,3.8,5GG,5A,0,HR,8,-3.6,766,0
1570,11380,34.37,2GD,2楷林,26.0,299.0,11.3,0.006,0.0021,0,0,0.009,0.03,0.0,0.155,18.0,0.0087,0.0026,0.034,0.033,0.002,4.8,3GB,4C,1,GI,3,-2.7,389,0
1000,10700,20.92,2GA,2楷林,96.0,340.0,0.0,0.005,0.0382,0,0,0.015,0.02,0.0,0.238,14.0,0.0063,0.0039,0.028,0.027,0.0,2.8,3GB,5A,0,HR,12,-0.7,665,0
1560,6570,20.04,2GA,2楷林,3.0,343.0,0.0,0.006,0.04,0,0,0.012,0.02,0.0,0.202,20.0,0.01,0.0031,0.028,0.028,0.0,6.5,5GG,5A,0,HR,6,-5.5,526,0
1270,9470,23.51,2GA,2楷林,5.0,271.0,0.0,0.006,0.0018,0,1,0.009,0.02,0.0,0.076,16.0,0.0087,0.0032,0.025,0.023,0.001,8.2,3GB,5A,0,GI,2,-1.6,434,0
1190,8640,20.1,2GB,2楷林,1.0,526.0,0.0,0.004,0.1427,1,1,0.011,0.01,0.0,0.844,33.0,0.0068,0.0027,0.025,0.025,0.001,14.1,5GG,5A,0,HR,9,0.6,452,0
1260,9410,23.18,2GD,2楷林,64.0,341.0,0.0,0.006,0.0371,0,0,0.009,0.01,0.0,0.194,21.0,0.0072,0.0025,0.026,0.024,0.0,9.2,3GB,4C,0,PO,11,6.3,509,0
960,8170,15.33,3GC,2楷林,44.0,351.0,0.0,0.004,0.0573,0,0,0.023,0.02,0.0,0.335,18.0,0.0085,0.0027,0.039,0.038,0.0,5.2,3GB,4C,0,CR,9,1.3,616,0
1510,9500,27.58,2GD,2楷林,8.0,255.0,0.0,0.005,0.0017,0,0,0.026,0.03,0.0,0.085,17.0,0.0098,0.0035,0.026,0.023,0.002,6.5,5GG,4C,0,HR,1,-1.6,439,0
1200,10250,24.05,2GB,2楷林,33.0,558.0,0.0,0.006,0.1421,0,0,0.02,0.03,0.0,0.897,30.0,0.0123,0.0027,0.021,0.02,0.001,7.4,5GG,5A,0,HR,1,-0.7,398,0
1540,9520,27.79,2GC,2楷林,6.0,257.0,8.6,0.005,0.0022,0,1,0.014,0.02,0.0,0.072,13.0,0.0083,0.003,0.029,0.027,0.002,4.8,3GB,4C,1,HR,8,-2.3,407,0
1340,9650,25.28,2GA,2楷林,15.0,427.0,0.0,0.006,0.0525,0,0,0.014,0.02,0.0,0.792,33.0,0.0106,0.0025,0.023,0.021,0.0,5.3,5GG,5A,0,PO,1,-5.7,700,0
1100,11100,23.87,3GC,2楷林,70.0,355.0,0.0,0.006,0.0594,0,0,0.013,0.01,0.0,0.351,31.0,0.008,0.0026,0.031,0.03,0.0,6.5,3GB,4C,0,CR,1,-0.3,667,0
1360,8630,22.95,2GA,2楷林,2.0,326.0,0.0,0.006,0.0283,0,0,0.008,0.02,0.0,0.201,15.0,0.0053,0.0033,0.012,0.011,0.0,1.0,3F1,5A,0,HR,12,-5.1,688,0
1330,10980,27.86,2GC,2楷林,8.0,286.0,13.5,0.006,0.0014,0,1,0.014,0.02,0.0,0.144,22.0,0.0089,0.0038,0.027,0.024,0.001,4.6,3GB,4C,1,HR,2,-9.0,307,0
1290,11170,28.17,2GB,2楷林,6.0,520.0,0.0,0.005,0.1739,0,0,0.011,0.01,0.01,0.779,33.0,0.0078,0.0028,0.023,0.021,0.0,4.9,5GG,5A,0,HGI,3,-6.7,655,0
1490,11580,33.73,2GB,2楷林,17.0,529.0,0.0,0.007,0.0757,2,0,0.02,0.02,0.0,0.889,38.0,0.0193,0.0025,0.035,0.033,0.001,12.9,5GG,5A,0,GI,12,2.8,405,0
1520,11770,34.98,3GC,2楷林,14.0,274.0,0.0,0.007,0.0019,0,0,0.013,0.02,0.0,0.092,21.0,0.0094,0.0039,0.029,0.027,0.001,7.3,3GB,4C,0,GI,4,-1.7,450,0
1160,10260,23.27,2GB,2楷林,36.0,424.0,0.0,0.004,0.1186,0,0,0.018,0.02,0.0,0.492,23.0,0.0133,0.0026,0.018,0.016,0.0,11.3,5GG,5A,0,HR,9,2.2,522,0
1280,11430,28.6,2GA,2楷林,49.0,272.0,0.0,0.005,0.002,0,1,0.009,0.02,0.0,0.087,23.0,0.0107,0.0032,0.021,0.018,0.001,8.0,5GG,5A,0,CR,4,-7.3,562,0
1550,7640,23.15,2GA,2楷林,6.0,341.0,0.0,0.005,0.0436,0,0,0.014,0.02,0.0,0.196,24.0,0.0071,0.0039,0.025,0.024,0.0,31.1,5GG,5A,0,PO,7,22.6,324,0
1300,11870,30.17,2GA,2楷林,20.0,313.0,0.0,0.005,0.0202,13,3,0.011,0.02,0.0,0.133,20.0,0.0059,0.0025,0.028,0.028,0.0,16.7,3GB,5A,0,HGI,9,3.5,360,0
1280,11340,27.92,2GA,2楷林,5.0,326.0,7.3,0.005,0.0415,0,1,0.018,0.03,0.0,0.202,19.0,0.0087,0.0035,0.024,0.024,0.0,7.8,3GB,5A,1,GA,8,-0.5,304,0
1170,11690,26.74,2GC,2楷林,89.0,275.0,0.0,0.004,0.0019,0,1,0.009,0.02,0.0,0.114,15.0,0.0098,0.003,0.03,0.028,0.001,7.0,5GG,4C,0,CR,4,-8.2,416,0
1120,10210,22.36,2GC,2楷林,62.0,550.0,0.0,0.006,0.1477,0,1,0.02,0.02,0.0,0.848,39.0,0.0103,0.0026,0.023,0.021,0.002,10.5,5GG,4C,0,HR,10,-4.9,473,0
1100,10450,22.47,2GB,2楷林,92.0,358.0,0.0,0.005,0.0617,0,0,0.013,0.03,0.0,0.346,25.0,0.0101,0.003,0.031,0.031,0.0,8.0,3GB,5A,0,CR,2,-6.3,550,0
1290,7730,19.49,2GA,2楷林,37.0,335.0,0.0,0.006,0.037,0,0,0.011,0.02,0.0,0.188,17.0,0.0086,0.0032,0.016,0.015,0.0,3.7,3GB,5A,0,HGI,12,-9.3,675,0
1300,9090,23.1,2GA,2楷林,20.0,336.0,0.0,0.005,0.0422,0,0,0.029,0.02,0.0,0.201,30.0,0.0078,0.0047,0.028,0.027,0.001,6.8,5GG,5A,0,HR,8,-1.3,684,0
1430,10190,28.49,2GA,2楷林,57.0,340.0,0.0,0.005,0.0402,0,1,0.012,0.02,0.0,0.201,27.0,0.0079,0.0037,0.031,0.028,0.0,7.3,5GG,5A,0,HGI,10,-2.3,479,0
1290,11640,28.79,2GC,2楷林,48.0,334.0,0.0,0.005,0.0394,0,0,0.013,0.01,0.0,0.195,26.0,0.0067,0.0022,0.022,0.021,0.0,5.8,5GG,4C,0,CR,4,-1.0,506,0
1030,11860,23.88,2GA,2楷林,95.0,326.0,0.0,0.006,0.0402,0,0,0.015,0.01,0.0,0.196,14.0,0.0059,0.0029,0.027,0.026,0.0,11.0,5GG,5A,0,CR,1,-1.2,477,0
1340,9410,24.65,2GB,2楷林,40.0,457.0,0.0,0.006,0.1445,0,0,0.012,0.02,0.0,0.699,32.0,0.0151,0.0027,0.017,0.016,0.001,22.7,5GG,5A,0,PO,12,13.3,332,0
1140,10350,23.07,2GA,2楷林,50.0,308.0,0.0,0.005,0.0223,0,0,0.008,0.02,0.0,0.181,14.0,0.008,0.003,0.023,0.022,0.0,5.5,3GB,5A,0,CR,6,-2.1,447,0
1190,9040,21.03,3GC,2楷林,43.0,550.0,0.0,0.005,0.0759,1,0,0.022,0.02,0.0,1.091,38.0,0.0188,0.0022,0.03,0.029,0.001,9.8,3GB,4C,0,GI,3,-2.9,425,0
1420,11090,30.24,2GC,2楷林,32.0,334.0,0.0,0.004,0.0391,0,0,0.014,0.01,0.0,0.18,18.0,0.0081,0.0032,0.029,0.028,0.0,8.8,5GG,4C,0,HGI,4,-1.6,520,0
1280,10800,27.03,2GB,2楷林,69.0,525.0,0.0,0.006,0.0791,2,0,0.027,0.02,0.0,0.897,33.0,0.0202,0.0021,0.024,0.023,0.001,6.3,5GG,5A,0,GI,10,-2.6,499,0
1300,11120,28.26,2GA,2楷林,32.0,340.0,0.0,0.005,0.0399,0,0,0.012,0.02,0.0,0.198,20.0,0.0072,0.003,0.027,0.026,0.0,11.0,3GB,5A,0,HGI,12,-0.3,500,0
1260,10230,25.2,2GB,2楷林,35.0,332.0,0.0,0.004,0.0391,0,0,0.012,0.02,0.0,0.187,18.0,0.0089,0.0026,0.025,0.023,0.0,6.1,3GB,5A,0,HR,12,-4.5,438,0
950,10810,20.08,3GC,2楷林,64.0,356.0,0.0,0.004,0.0393,12,0,0.015,0.02,0.0,0.245,21.0,0.014,0.0026,0.04,0.036,0.0,5.8,3GB,4C,0,HR,7,0.2,461,0
1330,8830,22.96,2GC,2楷林,44.0,267.0,0.0,0.005,0.0013,0,0,0.009,0.02,0.0,0.098,17.0,0.0099,0.0038,0.032,0.029,0.002,9.6,5GG,4C,0,CR,8,-0.3,526,0
1110,7060,15.32,2GA,2楷林,66.0,355.0,0.0,0.006,0.0584,0,1,0.014,0.02,0.0,0.343,36.0,0.0067,0.0033,0.035,0.034,0.0,14.5,3GB,5A,0,CR,4,-0.5,417,0
1090,11640,24.8,2GA,2楷林,55.0,320.0,0.0,0.006,0.0327,0,0,0.021,0.02,0.0,0.189,18.0,0.0078,0.0036,0.023,0.022,0.0,5.9,5GG,5A,0,GI,5,-5.0,562,0
1320,11810,30.48,2GB,2楷林,39.0,523.0,0.0,0.007,0.0735,2,0,0.012,0.02,0.0,0.905,29.0,0.0192,0.0029,0.027,0.026,0.001,15.5,3GB,5A,0,GI,11,0.9,384,0
990,10010,19.37,2GA,2楷林,81.0,332.0,0.0,0.006,0.0431,0,0,0.02,0.02,0.0,0.202,25.0,0.0091,0.0035,0.021,0.016,0.0,14.2,5GG,5A,0,FH,4,5.3,248,1
1140,11640,25.49,2GA,2楷林,21.0,326.0,0.0,0.005,0.0404,0,0,0.013,0.02,0.0,0.18,16.0,0.0117,0.0035,0.026,0.025,0.0,1.7,3GB,5A,0,CR,7,-4.8,816,0
1290,9780,24.66,2GB,2楷林,30.0,447.0,0.0,0.005,0.0574,0,0,0.014,0.02,0.0,0.785,33.0,0.0077,0.003,0.04,0.039,0.001,17.1,5GG,5A,0,PO,2,15.1,453,0
1330,11090,28.29,3GC,2楷林,2.0,288.0,0.0,0.007,0.0018,0,0,0.016,0.01,0.0,0.142,12.0,0.0092,0.0034,0.027,0.026,0.002,8.3,3GB,4C,0,GA,1,-1.4,304,0
1080,5860,12.37,3GB,2楷林,69.0,435.0,0.0,0.005,0.1143,0,0,0.014,0.02,0.0,0.444,35.0,0.0084,0.0026,0.02,0.018,0.0,2.6,3GB,5A,0,HGI,12,-4.4,715,0
1120,11860,25.97,2GA,2楷林,78.0,317.0,0.0,0.004,0.0431,0,0,0.025,0.02,0.0,0.199,20.0,0.007,0.0034,0.023,0.022,0.0,2.2,3GB,5A,0,CR,8,-8.2,695,0
1270,8450,20.98,2GD,2楷林,63.0,392.0,0.0,0.004,0.0782,0,0,0.022,0.02,0.0,0.298,28.0,0.0108,0.003,0.029,0.024,0.0,6.9,5GG,4C,0,HR,7,-1.3,677,0
1110,11010,23.89,2GB,2楷林,36.0,351.0,0.0,0.007,0.0558,0,0,0.02,0.02,0.0,0.354,28.0,0.0071,0.0032,0.031,0.031,0.0,4.1,3GB,5A,0,CR,4,-1.4,696,0
1300,8420,21.06,2GA,2楷林,44.0,277.0,9.7,0.005,0.0021,0,0,0.018,0.02,0.0,0.09,16.0,0.01,0.0037,0.031,0.029,0.001,1.3,3GB,5A,1,FH,7,-3.3,499,0
1250,8670,21.19,2GC,2楷林,86.0,404.0,0.0,0.007,0.1069,0,0,0.015,0.02,0.0,0.472,30.0,0.009,0.0023,0.025,0.024,0.001,10.9,5GG,4C,0,HR,10,2.0,439,0
1340,11530,30.21,2GA,2楷林,43.0,322.0,0.0,0.004,0.0355,0,0,0.017,0.02,0.0,0.189,16.0,0.0072,0.0035,0.031,0.03,0.0,5.1,5GG,5A,0,HR,7,0.2,608,0
1370,11320,30.32,2GA,2楷林,37.0,334.0,0.0,0.005,0.039,0,0,0.022,0.03,0.0,0.182,19.0,0.013,0.0037,0.035,0.034,0.0,8.7,5GG,5A,0,HR,3,-4.8,657,0
1330,10510,26.89,2GC,2楷林,6.0,289.0,10.0,0.006,0.0019,0,0,0.017,0.02,0.0,0.145,12.0,0.0088,0.0032,0.025,0.023,0.001,4.9,3GB,4C,1,FH,2,-7.3,303,0
1110,11000,23.87,2GB,2楷林,32.0,353.0,0.0,0.006,0.0587,0,0,0.012,0.01,0.01,0.348,24.0,0.0074,0.0028,0.036,0.034,0.0,16.0,5GG,5A,0,CR,10,10.9,443,0
1340,10100,26.46,2GA,2楷林,27.0,334.0,0.0,0.005,0.0411,0,1,0.019,0.02,0.0,0.186,28.0,0.0084,0.0037,0.021,0.02,0.0,2.3,3GB,5A,0,FH,5,-4.4,789,0
1160,11510,25.48,2GA,2楷林,41.0,257.0,11.9,0.004,0.0023,0,18,0.017,0.02,0.0,0.1,15.0,0.0101,0.0036,0.032,0.03,0.003,3.0,3GB,5A,1,HR,6,-2.0,272,1
1390,11760,31.96,2GA,2楷林,7.0,314.0,0.0,0.006,0.039,0,0,0.017,0.02,0.0,0.182,15.0,0.0073,0.0032,0.025,0.024,0.0,15.7,5GG,5A,0,CR,3,11.2,456,0
1100,8640,18.58,2GC,2楷林,90.0,335.0,0.0,0.005,0.0429,0,0,0.018,0.02,0.0,0.189,19.0,0.0112,0.0035,0.027,0.025,0.0,4.5,5GG,4C,0,BP,2,-7.5,492,0
1370,10080,27.0,2GA,2楷林,23.0,317.0,0.0,0.005,0.0185,0,0,0.013,0.02,0.0,0.209,18.0,0.0081,0.0031,0.02,0.019,0.0,11.2,5GG,5A,0,HR,12,-2.1,599,0
1140,11310,24.87,3GC,2楷林,12.0,354.0,0.0,0.004,0.0575,0,1,0.029,0.03,0.0,0.343,21.0,0.0113,0.0036,0.038,0.037,0.001,8.4,3GB,4C,0,CR,8,-0.6,546,0
1290,9740,24.17,2GD,2楷林,46.0,271.0,16.1,0.004,0.0016,0,0,0.017,0.02,0.0,0.088,13.0,0.0093,0.0035,0.032,0.031,0.001,1.7,3GB,4C,1,HR,3,-7.1,329,0
1150,8200,18.44,2GA,2楷林,68.0,329.0,0.0,0.004,0.0377,0,1,0.011,0.02,0.0,0.173,15.0,0.0064,0.0027,0.026,0.025,0.0,2.9,3GB,5A,0,PO,2,-2.1,590,0
1350,11640,30.72,2GA,2楷林,43.0,459.0,0.0,0.004,0.0038,10,0,0.096,0.04,0.06,0.583,22.0,0.0799,0.0083,0.048,0.046,0.001,3.7,5GG,5A,0,GA,7,-2.2,606,0
980,9980,19.12,2GC,2楷林,68.0,371.0,0.0,0.007,0.0377,19,0,0.012,0.02,0.0,0.207,13.0,0.0071,0.0028,0.022,0.021,0.0,6.3,5GG,4C,0,HR,11,-4.5,505,0
1200,9980,23.41,2GC,2楷林,64.0,421.0,0.0,0.004,0.1173,0,2,0.022,0.02,0.0,0.311,33.0,0.0102,0.0026,0.027,0.026,0.001,7.7,3GB,4C,0,HGI,8,-0.4,618,0
1340,8990,23.55,2GB,2楷林,77.0,422.0,0.0,0.007,0.1163,0,0,0.015,0.02,0.0,0.289,21.0,0.0095,0.004,0.02,0.019,0.001,7.2,5GG,5A,0,HGI,10,-0.2,660,0
1510,10180,29.33,2GA,2楷林,26.0,265.0,10.0,0.006,0.0016,0,0,0.013,0.02,0.0,0.08,19.0,0.0097,0.0037,0.035,0.033,0.001,4.4,3GB,5A,1,EG,1,-5.9,290,1
900,11360,19.99,2GC,2楷林,63.0,399.0,0.0,0.005,0.0697,0,0,0.025,0.03,0.0,0.487,38.0,0.0116,0.0029,0.052,0.05,0.0,8.8,3GB,4C,0,BP,7,-2.2,453,0
1000,10430,20.39,3GB,2楷林,64.0,325.0,0.0,0.004,0.0372,0,0,0.01,0.02,0.01,0.197,15.0,0.0137,0.0027,0.028,0.026,0.0,8.3,3GB,5A,0,CR,9,-4.4,567,0
1330,11440,29.75,2GD,2楷林,11.0,518.0,0.0,0.004,0.1289,1,1,0.023,0.01,0.0,0.889,33.0,0.0106,0.0026,0.026,0.026,0.001,4.9,3GB,4C,0,HGI,9,-2.9,657,0
1500,10390,30.47,2GC,2楷林,28.0,329.0,0.0,0.005,0.0386,0,0,0.031,0.02,0.0,0.191,17.0,0.0075,0.0044,0.021,0.02,0.0,5.4,5GG,4C,0,HR,8,-6.7,509,0
1260,9390,23.13,2GB,2楷林,11.0,374.0,0.0,0.005,0.0405,18,0,0.029,0.02,0.0,0.201,14.0,0.0086,0.0033,0.02,0.019,0.0,5.2,5GG,5A,0,HR,6,-3.6,550,0
1350,11860,31.3,2GA,2楷林,34.0,273.0,0.0,0.007,0.0022,0,0,0.008,0.01,0.0,0.089,15.0,0.0095,0.0033,0.03,0.029,0.001,7.3,3GB,5A,0,GI,2,-2.5,623,0
1210,9260,21.9,3GC,2楷林,56.0,525.0,0.0,0.007,0.1239,0,0,0.019,0.02,0.0,1.211,37.0,0.0108,0.003,0.022,0.02,0.001,10.6,3GB,4C,0,HGI,10,2.9,372,0
960,10880,20.42,2GA,2楷林,52.0,397.0,0.0,0.006,0.0698,0,0,0.015,0.01,0.0,0.491,36.0,0.0084,0.0032,0.04,0.039,0.0,7.2,5GG,5A,0,BP,1,-1.8,542,0
1260,8910,21.95,2GB,2楷林,62.0,322.0,0.0,0.005,0.0324,0,1,0.011,0.02,0.0,0.195,24.0,0.0084,0.0031,0.025,0.023,0.0,5.6,3GB,5A,0,HR,11,-6.3,648,0
950,11450,21.27,2GA,2楷林,73.0,393.0,0.0,0.004,0.0679,0,0,0.014,0.02,0.0,0.468,41.0,0.0155,0.0022,0.048,0.046,0.0,5.0,3GB,5A,0,BP,9,-11.4,646,0
1280,11580,28.98,3GC,2楷林,67.0,316.0,0.0,0.004,0.0014,5,0,0.06,0.03,0.0,0.2,14.0,0.0425,0.0088,0.033,0.032,0.001,9.2,3GB,4C,0,GI,8,-2.0,525,0
1190,9020,20.98,2GC,2楷林,29.0,417.0,0.0,0.004,0.1127,0,0,0.012,0.02,0.0,0.302,27.0,0.0095,0.0026,0.028,0.025,0.0,8.6,5GG,4C,0,HGI,8,1.7,427,0
1380,9300,25.09,2GC,2楷林,99.0,338.0,0.0,0.006,0.0392,0,0,0.017,0.02,0.0,0.211,19.0,0.0078,0.0038,0.026,0.024,0.0,9.4,5GG,4C,0,HR,10,1.3,363,0
1250,6100,14.91,2GB,2楷林,23.0,427.0,0.0,0.006,0.1096,0,0,0.016,0.02,0.0,0.439,28.0,0.0088,0.0028,0.024,0.022,0.0,10.6,5GG,5A,0,HGI,1,-0.2,591,0
1390,9520,25.87,2GA,2楷林,25.0,338.0,0.0,0.007,0.0372,0,0,0.021,0.02,0.0,0.212,24.0,0.0085,0.0032,0.022,0.02,0.0,10.9,5GG,5A,0,HGI,10,-1.0,358,0
1130,11310,24.99,3GB,2楷林,34.0,531.0,0.0,0.005,0.0815,2,1,0.016,0.02,0.0,0.925,32.0,0.0184,0.0018,0.04,0.038,0.002,3.3,3GB,5A,0,GI,5,-7.0,560,0
930,11610,21.11,3GC,2楷林,74.0,301.0,0.0,0.005,0.0025,16,1,0.071,0.07,0.0,0.514,13.0,0.0147,0.0033,0.034,0.032,0.002,1.0,3GB,4C,0,BP,8,-5.6,831,0
1190,10700,24.89,2GB,2楷林,23.0,522.0,0.0,0.004,0.1427,1,1,0.011,0.01,0.0,0.844,33.0,0.0068,0.0027,0.025,0.025,0.001,13.1,3GB,5A,0,HR,9,0.5,440,0
1010,10190,20.12,2GA,2楷林,68.0,304.0,0.0,0.004,0.0157,0,0,0.009,0.02,0.0,0.143,15.0,0.0086,0.0034,0.042,0.04,0.0,7.7,5GG,5A,0,HR,9,-5.4,532,0
1290,9080,22.9,2GA,2楷林,55.0,340.0,0.0,0.006,0.039,0,0,0.02,0.01,0.0,0.214,20.0,0.0073,0.0034,0.023,0.022,0.0,16.0,5GG,5A,0,HGI,1,7.2,416,0
1020,11070,22.07,3GC,2楷林,89.0,461.0,0.0,0.004,0.1502,0,1,0.019,0.01,0.0,0.487,26.0,0.008,0.0033,0.025,0.024,0.0,13.6,3GB,4C,0,HR,11,2.9,355,0
1100,8660,18.62,2GA,2楷林,68.0,331.0,0.0,0.005,0.0349,0,1,0.016,0.03,0.0,0.181,23.0,0.0131,0.0041,0.022,0.02,0.0,17.1,5GG,5A,0,HR,10,4.0,372,0
1060,7660,15.87,2GA,2楷林,88.0,447.0,0.0,0.006,0.0586,0,0,0.017,0.02,0.0,0.794,26.0,0.0109,0.0023,0.034,0.033,0.0,9.5,3GB,5A,0,PO,2,0.1,528,0
1510,11830,34.36,2GA,2楷林,24.0,254.0,13.8,0.006,0.0021,0,0,0.008,0.02,0.0,0.06,13.0,0.0084,0.0033,0.025,0.024,0.002,1.4,3GB,5A,1,GI,1,-5.2,269,1
1060,11470,23.77,3GC,2楷林,28.0,281.0,0.0,0.006,0.0019,0,1,0.02,0.02,0.0,0.094,15.0,0.0089,0.0039,0.033,0.031,0.002,4.2,3GB,4C,0,CR,8,-2.2,624,0
1090,11070,23.21,2GC,2楷林,43.0,325.0,4.3,0.006,0.0393,0,0,0.018,0.02,0.0,0.201,17.0,0.0076,0.0036,0.021,0.02,0.0,8.3,3GB,4C,1,CR,11,-3.5,265,1
1290,8750,22.07,2GA,2楷林,31.0,322.0,0.0,0.004,0.0308,0,0,0.024,0.02,0.0,0.203,17.0,0.0086,0.0028,0.03,0.029,0.0,5.5,3GB,5A,0,HR,4,-4.3,536,0
990,8100,15.68,2GA,2楷林,53.0,260.0,0.0,0.004,0.0023,0,0,0.021,0.02,0.0,0.074,16.0,0.0058,0.0037,0.03,0.026,0.002,14.9,3GB,5A,0,GI,7,7.2,317,0
1350,10610,27.48,2GC,2楷林,24.0,537.0,0.0,0.007,0.0799,2,1,0.03,0.02,0.0,0.917,38.0,0.0201,0.0025,0.021,0.02,0.002,10.5,5GG,4C,0,HR,2,1.8,426,0
1470,11560,33.22,2GA,2楷林,49.0,321.0,0.0,0.004,0.0374,0,1,0.013,0.02,0.0,0.189,16.0,0.0084,0.0033,0.025,0.022,0.0,14.1,5GG,5A,0,CR,8,4.1,529,0
1230,9830,23.64,2GB,2楷林,46.0,525.0,0.0,0.005,0.1484,0,0,0.012,0.02,0.0,0.787,31.0,0.0136,0.0023,0.018,0.016,0.001,11.6,5GG,5A,0,HR,6,4.3,340,0
1450,9520,26.56,2GA,2楷林,3.0,283.0,3.2,0.005,0.0019,0,0,0.009,0.01,0.0,0.147,21.0,0.0084,0.004,0.031,0.029,0.001,16.5,3GB,5A,1,FH,6,15.7,242,1
1270,8990,22.32,2GC,2楷林,10.0,330.0,0.0,0.004,0.0339,0,0,0.018,0.02,0.0,0.241,25.0,0.0073,0.0026,0.029,0.028,0.0,8.6,5GG,4C,0,HR,7,-2.7,542,0
1080,9040,19.09,2GA,2楷林,70.0,331.0,0.0,0.005,0.0372,0,0,0.011,0.01,0.0,0.206,23.0,0.0059,0.003,0.023,0.022,0.0,14.5,5GG,5A,0,HR,12,2.6,390,0
1510,10610,31.32,2GD,2楷林,4.0,528.0,0.0,0.007,0.0763,4,0,0.024,0.02,0.0,0.902,41.0,0.0188,0.0023,0.033,0.032,0.001,8.4,5GG,4C,0,FH,10,-2.7,554,0
1570,7360,22.59,2GD,2楷林,31.0,322.0,0.0,0.007,0.0319,0,0,0.012,0.01,0.0,0.206,31.0,0.0094,0.003,0.038,0.037,0.0,16.4,5GG,4C,0,HR,10,2.7,531,0
1070,8660,18.12,3GC,2楷林,28.0,528.0,0.0,0.004,0.1497,0,0,0.024,0.02,0.0,0.807,28.0,0.0112,0.0031,0.024,0.023,0.001,14.0,3GB,4C,0,HR,9,8.5,407,0
1390,11850,32.2,2GA,2楷林,57.0,311.0,0.0,0.004,0.0014,7,0,0.053,0.02,0.0,0.198,18.0,0.0455,0.0099,0.039,0.037,0.001,6.9,3GB,5A,0,GA,9,-8.2,593,0
1190,6580,15.31,3GC,2楷林,75.0,428.0,0.0,0.004,0.1211,0,0,0.01,0.02,0.0,0.302,35.0,0.009,0.0025,0.025,0.024,0.001,9.5,3GB,4C,0,HGI,9,-3.4,562,0
1480,9710,27.65,2GA,2楷林,16.0,277.0,9.0,0.004,0.0018,0,0,0.019,0.02,0.0,0.096,15.0,0.0097,0.0033,0.026,0.024,0.001,7.4,3GB,5A,1,HR,8,4.0,330,0
1030,11710,23.58,2GC,2楷林,102.0,519.0,0.0,0.005,0.0707,1,0,0.016,0.02,0.0,0.895,40.0,0.0178,0.0022,0.027,0.026,0.001,10.1,5GG,4C,0,GI,11,-4.1,388,0
1490,11840,34.49,2GD,2楷林,25.0,324.0,0.0,0.005,0.0014,5,0,0.054,0.03,0.0,0.196,16.0,0.0427,0.0091,0.038,0.037,0.001,3.9,5GG,4C,0,GI,6,-3.6,519,0
1030,9670,19.47,2GC,2楷林,61.0,332.0,0.0,0.006,0.0392,0,1,0.012,0.01,0.0,0.196,39.0,0.0087,0.0029,0.028,0.027,0.001,12.7,5GG,4C,0,HR,2,4.7,406,0
1320,8960,23.12,2GA,2楷林,29.0,328.0,0.0,0.004,0.0356,0,0,0.02,0.02,0.0,0.168,14.0,0.0083,0.0037,0.024,0.022,0.0,12.0,5GG,5A,0,HR,3,-1.2,447,0
1180,11740,26.65,2GC,2楷林,37.0,304.0,12.4,0.006,0.0018,0,0,0.013,0.05,0.02,0.145,15.0,0.0487,0.0038,0.03,0.028,0.001,5.1,3GB,4C,1,GI,12,-1.1,267,1
1360,9590,25.12,3GC,2楷林,8.0,494.0,0.0,0.006,0.1862,0,0,0.018,0.02,0.0,0.471,23.0,0.0105,0.0032,0.03,0.029,0.0,10.1,3GB,4C,0,HR,1,1.6,568,0
1150,9190,20.66,2GC,2楷林,89.0,421.0,0.0,0.007,0.1159,0,0,0.015,0.02,0.0,0.439,23.0,0.0135,0.0023,0.023,0.022,0.001,7.9,5GG,4C,0,HR,10,-1.2,278,1
1280,7980,19.97,2GA,2楷林,54.0,359.0,0.0,0.005,0.0352,17,3,0.031,0.02,0.0,0.19,19.0,0.0096,0.0037,0.012,0.011,0.0,6.1,5GG,5A,0,HR,5,-1.4,514,0
1080,10480,22.13,2GB,2楷林,64.0,332.0,0.0,0.004,0.0391,0,1,0.011,0.02,0.0,0.183,14.0,0.0101,0.0037,0.028,0.026,0.0,6.2,3GB,5A,0,HR,6,-3.3,583,0
1160,11810,26.78,2GB,2楷林,44.0,526.0,0.0,0.007,0.0777,3,0,0.016,0.02,0.0,0.913,29.0,0.0192,0.0026,0.029,0.027,0.0,11.7,3GB,5A,0,FH,1,1.0,404,0
1270,9090,22.57,2GA,2楷林,6.0,335.0,0.0,0.004,0.0403,0,0,0.01,0.02,0.0,0.183,20.0,0.0081,0.0034,0.024,0.023,0.0,9.7,3GB,5A,0,HR,6,-1.8,555,0
1240,8650,20.97,2GB,2楷林,21.0,394.0,0.0,0.005,0.0827,0,0,0.021,0.02,0.0,0.296,26.0,0.0109,0.0026,0.028,0.026,0.0,5.6,3GB,5A,0,HR,8,-5.9,672,0
1570,10460,32.11,2GA,2楷林,29.0,328.0,0.0,0.005,0.0392,0,0,0.019,0.02,0.0,0.211,18.0,0.0094,0.0033,0.023,0.022,0.0,14.8,5GG,5A,0,HR,12,7.9,459,0
1270,11590,28.78,2GA,2楷林,7.0,358.0,0.0,0.004,0.0566,0,0,0.02,0.02,0.0,0.324,33.0,0.0088,0.0029,0.03,0.03,0.001,9.1,5GG,5A,0,HGI,9,3.1,504,0
1290,10380,26.18,2GA,2楷林,63.0,342.0,0.0,0.006,0.0429,0,0,0.01,0.01,0.0,0.205,25.0,0.0078,0.0033,0.028,0.027,0.0,10.5,3GB,5A,0,HGI,10,-2.9,595,0
1340,7850,20.56,2GB,2楷林,16.0,338.0,0.0,0.004,0.0399,0,0,0.011,0.02,0.0,0.172,33.0,0.0103,0.0024,0.015,0.014,0.0,8.2,5GG,5A,0,HGI,3,-5.7,538,0
1290,9310,23.48,3GC,2楷林,50.0,331.0,0.0,0.005,0.0397,0,5,0.02,0.02,0.0,0.183,15.0,0.0112,0.0035,0.026,0.025,0.0,17.7,3GB,4C,0,HR,1,5.5,423,0
1040,11740,23.87,2GA,2楷林,68.0,322.0,0.0,0.004,0.0357,0,0,0.014,0.02,0.0,0.195,14.0,0.0083,0.0024,0.022,0.02,0.0,8.8,5GG,5A,0,CR,7,-3.0,509,0
1340,11680,30.6,2GB,2楷林,33.0,550.0,0.0,0.005,0.0754,4,1,0.018,0.02,0.0,1.093,28.0,0.0203,0.0042,0.03,0.029,0.002,12.0,5GG,5A,0,CR,5,2.6,533,0
1360,7550,20.07,2GA,2楷林,12.0,367.0,0.0,0.004,0.0425,19,0,0.007,0.01,0.0,0.195,13.0,0.0123,0.0032,0.015,0.014,0.0,10.8,3GB,5A,0,HR,2,0.1,529,0
1110,11060,24.0,2GB,2楷林,32.0,348.0,0.0,0.007,0.0558,0,1,0.025,0.01,0.0,0.327,36.0,0.0091,0.0034,0.032,0.031,0.001,9.8,5GG,5A,0,CR,1,1.5,566,0
1210,11330,26.8,2GD,2楷林,25.0,306.0,0.0,0.005,0.0013,5,0,0.053,0.02,0.0,0.196,17.0,0.0443,0.0092,0.043,0.042,0.001,7.9,3GB,4C,0,GA,8,4.9,428,0
1040,11740,23.87,2GA,2楷林,68.0,325.0,0.0,0.004,0.0408,0,0,0.013,0.02,0.0,0.194,24.0,0.0081,0.0029,0.029,0.028,0.0,5.3,5GG,5A,0,CR,9,-4.3,647,0
1220,9710,23.16,2GA,2楷林,44.0,342.0,0.0,0.005,0.0485,0,0,0.017,0.02,0.0,0.197,29.0,0.0092,0.0026,0.033,0.032,0.001,3.5,3GB,5A,0,HR,8,-6.8,724,0
1310,9190,23.16,2GD,2楷林,2.0,259.0,10.6,0.005,0.0017,1,0,0.01,0.02,0.0,0.101,14.0,0.0092,0.0033,0.034,0.033,0.003,3.0,3GB,4C,1,HR,5,-3.1,281,1
1400,11600,31.75,3GC,2楷林,10.0,355.0,0.0,0.006,0.0551,0,1,0.023,0.02,0.0,0.352,28.0,0.0067,0.0034,0.037,0.035,0.0,16.3,3GB,4C,0,GI,11,5.8,383,0
1070,11840,24.77,2GA,2楷林,47.0,322.0,0.0,0.006,0.0374,0,4,0.014,0.02,0.0,0.199,16.0,0.0058,0.0037,0.024,0.021,0.0,9.5,5GG,5A,0,GI,11,3.2,510,0
1270,8150,20.24,2GA,2楷林,44.0,350.0,0.0,0.004,0.0475,0,0,0.012,0.02,0.0,0.292,38.0,0.0063,0.0025,0.034,0.033,0.0,1.5,3GB,5A,0,HR,7,-2.8,760,0
1240,9390,22.3,2GC,2楷林,77.0,419.0,0.0,0.005,0.1171,0,0,0.021,0.01,0.0,0.3,29.0,0.0096,0.0034,0.026,0.024,0.0,7.1,3GB,4C,0,HGI,8,-2.5,544,0
1190,10300,23.96,2GB,2楷林,34.0,428.0,0.0,0.006,0.1061,0,0,0.022,0.03,0.0,0.461,29.0,0.0132,0.0027,0.019,0.017,0.001,14.8,5GG,5A,0,HGI,10,-0.2,405,0
1270,9290,23.07,2GB,2楷林,23.0,433.0,0.0,0.005,0.1226,0,0,0.011,0.02,0.0,0.507,30.0,0.01,0.0026,0.021,0.02,0.0,8.7,3GB,5A,0,HR,4,-6.8,584,0
1280,9690,24.25,3GC,2楷林,15.0,340.0,0.0,0.005,0.0419,0,0,0.013,0.02,0.0,0.186,23.0,0.0061,0.0034,0.034,0.033,0.0,10.6,3GB,4C,0,HGI,8,-0.6,431,0
1400,11500,31.48,2GA,2楷林,42.0,336.0,0.0,0.005,0.0391,0,0,0.028,0.02,0.0,0.199,18.0,0.0092,0.0033,0.024,0.022,0.0,8.4,5GG,5A,0,HR,5,1.0,495,0
1270,10730,26.21,2GA,2楷林,48.0,313.0,6.3,0.005,0.0013,5,0,0.054,0.02,0.0,0.203,15.0,0.0443,0.0094,0.038,0.036,0.001,5.8,3GB,5A,1,GI,12,-0.8,317,0
930,8920,16.22,2GA,2楷林,57.0,323.0,0.0,0.007,0.0384,0,0,0.01,0.02,0.0,0.214,22.0,0.0081,0.0027,0.022,0.02,0.0,13.3,5GG,5A,0,BP,4,6.8,324,0
980,9960,19.08,2GA,2楷林,43.0,333.0,0.0,0.005,0.038,0,0,0.014,0.03,0.0,0.186,19.0,0.014,0.0028,0.026,0.025,0.0,11.1,3GB,5A,0,HR,5,-2.7,456,0
950,9020,16.75,2GA,2楷林,87.0,346.0,0.0,0.007,0.0423,0,0,0.011,0.02,0.0,0.204,13.0,0.0101,0.003,0.022,0.021,0.0,18.0,5GG,5A,0,HR,12,10.9,336,0
1330,11230,28.76,2GA,2楷林,18.0,324.0,0.0,0.004,0.0373,0,0,0.011,0.02,0.0,0.193,19.0,0.008,0.0033,0.022,0.02,0.0,3.3,3GB,5A,0,GI,8,-2.6,604,0
930,9460,17.2,3GC,2楷林,43.0,308.0,0.0,0.006,0.0026,17,0,0.065,0.07,0.0,0.541,14.0,0.0129,0.0034,0.031,0.029,0.002,9.3,3GB,4C,0,BP,2,-0.6,420,0
1250,11120,27.17,2GB,2楷林,83.0,418.0,0.0,0.005,0.1175,0,0,0.011,0.02,0.0,0.473,32.0,0.0098,0.003,0.016,0.014,0.0,16.7,5GG,5A,0,HR,3,5.3,387,0
1270,8770,21.77,2GB,2楷林,6.0,419.0,0.0,0.004,0.1167,0,0,0.011,0.02,0.0,0.319,34.0,0.0097,0.0027,0.023,0.023,0.0,1.7,3GB,5A,0,HGI,8,-0.6,657,0
1190,11690,27.2,2GA,2楷林,42.0,453.0,0.0,0.006,0.0626,0,1,0.013,0.02,0.0,0.818,26.0,0.0106,0.0021,0.037,0.034,0.001,12.7,5GG,5A,0,PO,4,-2.1,352,0
1570,10280,31.25,2GA,2楷林,7.0,274.0,0.0,0.005,0.0017,0,0,0.01,0.02,0.0,0.095,17.0,0.0106,0.004,0.031,0.028,0.001,9.4,5GG,5A,0,CR,7,2.5,515,0
1010,8200,15.87,2GA,2楷林,47.0,308.0,0.0,0.004,0.0024,17,1,0.067,0.07,0.0,0.542,12.0,0.0149,0.003,0.024,0.023,0.002,7.1,5GG,5A,0,BP,9,-1.1,548,0
930,8730,15.87,3GC,2楷林,49.0,302.0,0.0,0.004,0.0021,15,1,0.068,0.07,0.0,0.527,21.0,0.0155,0.0043,0.03,0.028,0.002,2.8,3GB,4C,0,BP,8,-5.7,631,0
900,11130,19.58,3GC,2楷林,76.0,399.0,0.0,0.005,0.0709,0,0,0.022,0.03,0.0,0.487,28.0,0.0139,0.003,0.048,0.047,0.001,10.6,3GB,4C,0,BP,7,1.1,419,0
1070,10170,21.27,2GB,2楷林,26.0,351.0,0.0,0.005,0.0519,0,1,0.018,0.02,0.0,0.292,24.0,0.0084,0.0039,0.022,0.02,0.0,5.8,5GG,5A,0,HR,10,-6.2,472,0
1200,9260,21.72,2GC,2楷林,52.0,455.0,0.0,0.004,0.1463,0,0,0.011,0.02,0.0,0.495,24.0,0.0112,0.0027,0.018,0.016,0.001,7.4,5GG,4C,0,HR,9,1.2,639,0
950,10060,18.68,3GC,2楷林,65.0,408.0,0.0,0.006,0.0663,0,0,0.016,0.01,0.0,0.246,103.0,0.0079,0.0028,0.032,0.031,0.0,7.1,3GB,4C,0,BP,2,-2.0,583,0
1560,11450,34.08,2GC,2楷林,4.0,259.0,11.4,0.005,0.0021,0,0,0.013,0.02,0.0,0.066,15.0,0.0074,0.0037,0.018,0.017,0.003,4.2,3GB,4C,1,GI,3,-2.7,236,1
1380,9290,25.06,2GB,2楷林,23.0,466.0,0.0,0.004,0.1476,0,4,0.027,0.02,0.0,0.493,38.0,0.011,0.004,0.028,0.026,0.0,5.6,5GG,5A,0,HR,8,-3.9,648,0
1570,11400,34.99,2GA,2楷林,2.0,261.0,0.0,0.004,0.0012,0,0,0.01,0.02,0.0,0.076,14.0,0.0094,0.0032,0.03,0.028,0.002,7.8,3GB,5A,0,GA,9,-3.1,428,0
1170,11570,26.46,2GC,2楷林,94.0,410.0,0.0,0.005,0.115,0,0,0.01,0.02,0.0,0.288,27.0,0.0093,0.0028,0.032,0.031,0.0,10.0,5GG,4C,0,HGI,8,4.1,335,0
1330,9250,24.05,3GC,2楷林,3.0,259.0,0.0,0.006,0.0019,0,0,0.013,0.02,0.0,0.075,22.0,0.0092,0.0032,0.029,0.027,0.003,8.3,3GB,4C,0,HR,10,-2.0,510,0
1100,10360,22.28,2GA,2楷林,53.0,328.0,0.0,0.007,0.0355,0,0,0.019,0.02,0.0,0.202,35.0,0.0066,0.0035,0.028,0.027,0.0,6.5,5GG,5A,0,BP,4,-7.1,616,0
1000,9960,19.16,2GA,2楷林,30.0,331.0,12.3,0.005,0.0384,0,0,0.022,0.02,0.0,0.191,24.0,0.0084,0.0036,0.029,0.028,0.0,1.9,3GB,5A,1,HR,6,-6.7,237,1
1330,7540,19.61,2GA,2楷林,15.0,340.0,0.0,0.004,0.0403,0,0,0.018,0.01,0.0,0.198,25.0,0.0077,0.0032,0.026,0.025,0.0,6.0,5GG,5A,0,HR,9,-1.8,587,0
1470,10590,30.43,2GA,2楷林,43.0,327.0,0.0,0.004,0.0352,0,0,0.031,0.02,0.0,0.18,15.0,0.0084,0.0036,0.022,0.022,0.0,5.7,5GG,5A,0,HR,5,-1.6,587,0
1380,8370,22.58,3GC,2楷林,32.0,476.0,0.0,0.007,0.0679,3,0,0.019,0.02,0.0,0.601,30.0,0.0185,0.0024,0.035,0.033,0.0,10.7,3GB,4C,0,FH,10,6.7,549,0
1010,8040,15.88,2GA,2楷林,65.0,306.0,0.0,0.004,0.0022,15,1,0.061,0.07,0.0,0.532,21.0,0.0132,0.0032,0.026,0.025,0.002,3.6,5GG,5A,0,BP,7,-2.4,685,0
1310,8550,21.9,2GD,2楷林,29.0,336.0,0.0,0.005,0.0352,0,0,0.015,0.02,0.0,0.198,21.0,0.0062,0.0037,0.021,0.02,0.0,7.3,5GG,4C,0,HGI,12,-7.1,552,0
1220,8560,20.17,2GB,2楷林,42.0,447.0,0.0,0.005,0.1413,0,0,0.013,0.02,0.0,0.485,28.0,0.0108,0.0026,0.018,0.017,0.0,14.1,5GG,5A,0,HR,11,3.8,361,0
1220,9620,22.94,2GA,2楷林,36.0,333.0,0.0,0.005,0.0408,0,0,0.019,0.02,0.0,0.17,23.0,0.0088,0.004,0.029,0.028,0.0,13.6,5GG,5A,0,HR,7,6.2,444,0
1080,11260,23.77,2GC,2楷林,55.0,456.0,0.0,0.004,0.0585,0,2,0.022,0.02,0.0,0.814,28.0,0.0119,0.0022,0.032,0.026,0.001,6.4,3GB,4C,0,PO,7,-3.9,567,0
1070,8810,18.43,2GA,2楷林,68.0,327.0,0.0,0.006,0.0368,0,0,0.018,0.01,0.0,0.214,28.0,0.0067,0.0026,0.023,0.022,0.0,15.9,5GG,5A,0,FH,10,8.1,264,1
1070,11420,23.89,2GA,2楷林,65.0,441.0,0.0,0.007,0.0575,0,0,0.013,0.02,0.0,0.767,37.0,0.0096,0.0026,0.03,0.028,0.001,17.6,5GG,5A,0,PO,10,3.7,341,0
1400,9170,25.1,3GC,2楷林,51.0,323.0,0.0,0.006,0.0329,0,2,0.015,0.02,0.0,0.211,27.0,0.0115,0.0018,0.033,0.031,0.001,11.1,3GB,4C,0,HR,11,4.0,553,0
1330,9650,25.09,2GB,2楷林,49.0,505.0,0.0,0.005,0.1992,0,0,0.033,0.02,0.0,0.486,23.0,0.0099,0.0029,0.036,0.034,0.0,20.6,5GG,5A,0,HR,3,6.5,320,0
1020,10060,20.06,2GA,2楷林,80.0,502.0,0.0,0.005,0.036,13,3,0.014,0.01,0.0,0.23,16.0,0.0045,0.0049,0.035,0.034,0.0,7.7,5GG,5A,0,HR,4,-4.6,381,0
1020,8320,16.59,3GC,2楷林,79.0,329.0,0.0,0.007,0.0338,0,0,0.013,0.02,0.0,0.191,19.0,0.0073,0.0055,0.021,0.02,0.0,8.5,3GB,4C,0,HR,1,1.2,502,0
1270,10110,25.1,2GA,2楷林,54.0,331.0,0.0,0.006,0.038,0,0,0.009,0.01,0.0,0.212,19.0,0.0075,0.0037,0.025,0.024,0.0,15.8,3GB,5A,0,HR,11,4.6,363,0
1100,8660,18.62,2GA,2楷林,96.0,333.0,0.0,0.006,0.037,0,0,0.021,0.02,0.01,0.189,21.0,0.0109,0.0039,0.022,0.021,0.0,12.7,5GG,5A,0,HR,10,-0.3,521,0
1070,9750,20.4,2GB,2楷林,49.0,346.0,0.0,0.004,0.0392,0,0,0.012,0.02,0.0,0.243,21.0,0.0095,0.0031,0.019,0.018,0.0,8.3,5GG,5A,0,PO,9,0.0,512,0
930,10710,19.47,2GB,2楷林,96.0,494.0,0.0,0.006,0.1524,0,7,0.012,0.02,0.0,0.82,29.0,0.0114,0.0026,0.026,0.023,0.001,14.5,5GG,5A,0,HR,11,0.4,292,1
1260,9410,23.18,2GA,2楷林,18.0,329.0,0.0,0.006,0.0364,0,0,0.011,0.02,0.0,0.213,22.0,0.0072,0.0036,0.024,0.023,0.0,7.2,5GG,5A,0,HR,3,-0.3,638,0
1540,11550,34.77,2GC,2楷林,10.0,312.0,0.0,0.005,0.0371,0,0,0.02,0.02,0.0,0.184,17.0,0.0077,0.003,0.02,0.019,0.0,17.7,5GG,4C,0,GA,3,4.6,326,0
1230,10640,25.59,2GB,2楷林,27.0,563.0,0.0,0.004,0.1465,1,0,0.023,0.02,0.0,0.898,29.0,0.011,0.003,0.027,0.026,0.001,6.3,3GB,5A,0,HR,9,1.0,330,0
1370,11660,31.23,3GC,2楷林,35.0,350.0,0.0,0.004,0.0018,8,0,0.072,0.02,0.0,0.25,20.0,0.0701,0.0083,0.038,0.037,0.001,4.4,3GB,4C,0,GA,2,-6.6,680,0
1380,9330,25.17,3GC,2楷林,7.0,301.0,0.0,0.007,0.0189,0,0,0.013,0.02,0.0,0.202,17.0,0.0084,0.0028,0.026,0.024,0.0,12.2,3GB,4C,0,CR,1,-2.6,363,0
1310,10950,28.04,2GA,2楷林,2.0,275.0,0.0,0.006,0.0015,0,0,0.024,0.03,0.0,0.094,18.0,0.0098,0.0036,0.031,0.029,0.001,8.4,5GG,5A,0,GA,10,-0.9,512,0
1280,7360,18.42,2GB,2楷林,40.0,331.0,0.0,0.004,0.0394,0,0,0.012,0.01,0.0,0.15,14.0,0.0065,0.003,0.024,0.023,0.0,10.8,5GG,5A,0,PO,11,-1.0,604,0
1350,8560,22.59,2GA,2楷林,36.0,334.0,0.0,0.005,0.0412,0,0,0.02,0.02,0.0,0.199,21.0,0.0094,0.0035,0.026,0.024,0.0,7.1,5GG,5A,0,HR,12,-3.9,610,0
1320,9020,23.28,2GA,2楷林,44.0,343.0,0.0,0.005,0.0393,0,0,0.021,0.01,0.0,0.208,20.0,0.0042,0.0038,0.02,0.018,0.0,4.4,3GB,5A,0,PO,1,-3.0,706,0
1490,11860,34.55,2GA,2楷林,14.0,310.0,0.0,0.004,0.0012,5,0,0.05,0.02,0.0,0.185,17.0,0.0454,0.0092,0.038,0.037,0.001,2.2,5GG,5A,0,GA,9,-8.1,662,0
950,9430,17.51,2GA,2楷林,58.0,395.0,0.0,0.005,0.0684,0,2,0.019,0.02,0.0,0.492,29.0,0.0101,0.0024,0.048,0.047,0.0,6.1,5GG,5A,0,BP,9,-1.3,444,0
900,11720,20.29,2GA,2楷林,95.0,561.0,5.5,0.004,0.066,0,0,0.03,0.02,0.0,0.492,28.0,0.0101,0.0034,0.043,0.041,0.0,7.3,3GB,5A,1,BP,9,-2.1,294,1
1300,11850,30.12,2GB,2楷林,28.0,324.0,0.0,0.004,0.0374,0,0,0.026,0.02,0.0,0.193,19.0,0.0082,0.0036,0.031,0.03,0.0,4.0,3GB,5A,0,HR,6,-7.9,569,0
1280,7850,19.64,2GB,2楷林,35.0,406.0,0.0,0.006,0.0984,0,0,0.012,0.02,0.0,0.289,27.0,0.0101,0.0033,0.028,0.026,0.0,11.8,5GG,5A,0,HR,12,-1.8,459,0
1100,8870,19.07,2GB,2楷林,87.0,329.0,0.0,0.006,0.0368,0,0,0.009,0.01,0.0,0.185,23.0,0.0061,0.003,0.022,0.021,0.0,14.2,5GG,5A,0,HR,1,3.7,341,0
1240,10200,24.73,2GA,2楷林,40.0,331.0,0.0,0.004,0.0354,0,1,0.013,0.02,0.0,0.19,20.0,0.01,0.0041,0.02,0.018,0.0,33.0,5GG,5A,0,PO,5,24.1,390,0
1270,11530,28.63,2GB,2楷林,64.0,526.0,0.0,0.005,0.0807,5,0,0.027,0.02,0.0,0.907,33.0,0.0192,0.003,0.029,0.028,0.001,9.5,5GG,5A,0,GI,8,5.2,515,0
1200,9670,22.21,2GA,2楷林,45.0,327.0,0.0,0.004,0.0357,0,0,0.019,0.02,0.0,0.188,13.0,0.0144,0.0044,0.02,0.019,0.0,6.9,5GG,5A,0,HR,6,-6.9,649,0
1180,11480,26.48,2GC,2楷林,39.0,291.0,0.0,0.005,0.0019,0,0,0.02,0.02,0.0,0.149,18.0,0.0095,0.0034,0.028,0.026,0.002,17.0,3GB,4C,0,GI,12,4.8,186,1
1210,9390,22.21,2GA,2楷林,84.0,327.0,0.0,0.006,0.0343,0,0,0.013,0.02,0.0,0.196,23.0,0.0072,0.0032,0.024,0.018,0.0,7.7,5GG,5A,0,HR,3,-2.2,619,0
910,10180,18.11,2GC,2楷林,105.0,343.0,0.0,0.006,0.0464,0,0,0.014,0.03,0.0,0.303,35.0,0.0138,0.0031,0.031,0.03,0.0,9.0,5GG,4C,0,PO,11,-1.4,438,0
1380,11600,31.3,2GA,2楷林,56.0,269.0,0.0,0.006,0.0024,0,0,0.009,0.02,0.0,0.09,16.0,0.0104,0.0034,0.034,0.033,0.001,5.6,5GG,5A,0,GA,6,1.1,617,0
1260,9600,23.65,2GC,2楷林,22.0,410.0,0.0,0.004,0.1149,0,0,0.017,0.02,0.0,0.305,36.0,0.0064,0.0032,0.025,0.024,0.0,5.3,5GG,4C,0,HGI,12,-0.9,615,0
1350,11470,30.27,2GC,2楷林,74.0,303.0,0.0,0.005,0.0013,4,0,0.055,0.02,0.0,0.202,19.0,0.0449,0.0089,0.038,0.037,0.0,3.9,5GG,4C,0,GI,12,-8.6,499,0
1340,9210,23.86,2GB,2楷林,35.0,508.0,0.0,0.005,0.1519,0,0,0.02,0.02,0.0,0.581,28.0,0.0133,0.0033,0.033,0.033,0.0,11.1,5GG,5A,0,FH,7,0.9,406,0
1160,9870,22.38,2GA,2楷林,60.0,337.0,0.0,0.006,0.0408,0,0,0.024,0.02,0.0,0.206,16.0,0.0079,0.0034,0.019,0.018,0.0,4.2,3GB,5A,0,HGI,1,-1.6,687,0
1300,11350,28.85,3GC,2楷林,6.0,317.0,0.0,0.006,0.019,0,0,0.024,0.02,0.0,0.197,12.0,0.0077,0.0031,0.012,0.012,0.0,7.5,3GB,4C,0,CR,1,1.6,540,0
1360,10850,28.85,2GC,2楷林,79.0,320.0,0.0,0.005,0.0358,0,0,0.023,0.02,0.0,0.196,19.0,0.0088,0.0038,0.026,0.024,0.0,15.7,5GG,4C,0,CR,11,8.4,296,1
1200,11560,27.12,2GB,2楷林,45.0,514.0,0.0,0.004,0.0784,2,1,0.035,0.02,0.0,0.896,31.0,0.0187,0.0029,0.023,0.022,0.001,6.8,5GG,5A,0,CR,7,4.5,608,0
1330,5650,14.69,2GC,2楷林,71.0,429.0,0.0,0.006,0.1184,0,0,0.013,0.01,0.0,0.409,33.0,0.0068,0.0037,0.02,0.019,0.0,16.3,5GG,4C,0,HGI,10,7.8,187,1
1290,10110,25.5,2GB,2楷林,26.0,336.0,0.0,0.004,0.0362,0,0,0.011,0.02,0.0,0.211,20.0,0.0081,0.003,0.034,0.033,0.0,4.8,3GB,5A,0,HR,2,-5.7,632,0
1280,9030,22.6,2GA,2楷林,14.0,331.0,0.0,0.006,0.0394,0,0,0.018,0.02,0.0,0.188,18.0,0.0112,0.0044,0.036,0.033,0.0,6.8,3GB,5A,0,HR,12,-2.8,659,0
1500,11330,32.69,2GC,2楷林,6.0,278.0,11.9,0.007,0.0022,0,0,0.02,0.03,0.0,0.094,15.0,0.0107,0.0041,0.022,0.021,0.002,4.7,3GB,4C,1,GA,4,-8.0,279,1
1080,10010,21.14,2GA,2楷林,87.0,330.0,0.0,0.005,0.0388,0,1,0.016,0.02,0.0,0.184,25.0,0.0078,0.0034,0.032,0.031,0.0,3.4,5GG,5A,0,HR,8,-1.4,551,0
1270,8790,21.82,2GA,2楷林,26.0,450.0,0.0,0.004,0.0581,0,3,0.01,0.02,0.0,0.795,30.0,0.0118,0.0027,0.044,0.043,0.001,14.2,5GG,5A,0,PO,4,5.7,398,0
1180,9750,22.49,2GC,2楷林,7.0,531.0,0.0,0.005,0.1251,0,0,0.013,0.02,0.0,0.884,29.0,0.0131,0.0019,0.017,0.016,0.001,6.6,5GG,4C,0,HGI,7,-2.2,633,0
1240,11670,28.29,2GA,2楷林,56.0,333.0,0.0,0.004,0.0383,0,0,0.019,0.01,0.0,0.185,26.0,0.0082,0.003,0.037,0.036,0.0,4.7,5GG,5A,0,HGI,9,-3.4,685,0
1280,9290,23.25,3GC,2楷林,49.0,470.0,0.0,0.004,0.1638,0,0,0.018,0.02,0.0,0.505,23.0,0.0116,0.0034,0.023,0.022,0.001,3.8,3GB,4C,0,HR,7,-5.9,615,0
1050,11570,23.75,2GB,2楷林,87.0,413.0,0.0,0.004,0.1074,0,0,0.02,0.02,0.0,0.455,30.0,0.0125,0.0028,0.024,0.022,0.001,9.8,5GG,5A,0,HGI,9,-4.4,572,0
1150,9130,20.53,2GB,2楷林,28.0,428.0,0.0,0.004,0.1162,0,2,0.024,0.02,0.0,0.489,29.0,0.0099,0.0026,0.023,0.022,0.001,1.5,3F1,5A,0,HR,8,-7.1,768,0
1270,11440,27.5,2GD,2楷林,73.0,257.0,11.9,0.006,0.0018,0,0,0.013,0.02,0.0,0.081,17.0,0.0093,0.004,0.03,0.027,0.002,0.9,3GB,4C,1,EG,1,-4.6,464,0
1570,11370,34.9,3GC,2楷林,50.0,248.0,0.0,0.004,0.0014,0,0,0.018,0.02,0.0,0.063,15.0,0.008,0.0041,0.026,0.023,0.004,10.7,3GB,4C,0,GI,6,5.2,396,0
1070,8260,17.28,2GB,2楷林,70.0,519.0,0.0,0.006,0.145,0,0,0.016,0.02,0.0,0.792,34.0,0.0111,0.0028,0.026,0.025,0.0,12.1,5GG,5A,0,HR,10,-2.2,472,0
1420,8820,24.23,2GC,2楷林,15.0,253.0,0.0,0.005,0.0015,0,0,0.01,0.02,0.0,0.068,16.0,0.007,0.0037,0.024,0.023,0.003,8.2,3GB,4C,1,CR,2,-1.5,342,0
940,8640,15.88,3GC,2楷林,48.0,304.0,0.0,0.005,0.0025,17,0,0.057,0.07,0.0,0.528,21.0,0.0137,0.0039,0.03,0.028,0.002,4.2,3GB,4C,0,BP,7,-6.8,677,0
1380,7460,20.13,3GC,2楷林,24.0,332.0,0.0,0.006,0.0319,0,0,0.009,0.01,0.0,0.193,23.0,0.0057,0.0028,0.024,0.023,0.0,8.7,3GB,4C,0,HGI,2,1.0,607,0
1180,11140,25.7,2GA,2楷林,55.0,339.0,0.0,0.006,0.0435,0,0,0.02,0.02,0.0,0.289,18.0,0.0084,0.0034,0.029,0.028,0.0,14.8,5GG,5A,0,HR,11,1.6,438,0
1210,8480,20.06,2GB,2楷林,64.0,417.0,0.0,0.007,0.0806,1,24,0.011,0.02,0.0,0.485,31.0,0.0085,0.0013,0.018,0.017,0.001,13.0,5GG,5A,0,HR,4,2.5,568,0
1050,11570,23.75,2GA,2楷林,53.0,291.0,0.0,0.005,0.002,0,0,0.011,0.02,0.0,0.15,12.0,0.0095,0.003,0.022,0.019,0.001,8.2,5GG,5A,0,GI,12,-5.5,505,0
1190,10980,25.54,2GA,2楷林,44.0,437.0,0.0,0.006,0.0526,0,2,0.022,0.02,0.0,0.778,37.0,0.0085,0.0029,0.027,0.025,0.001,7.2,3GB,5A,0,PO,10,-4.2,633,0
1470,9460,26.75,2GD,2楷林,10.0,300.0,8.6,0.005,0.0018,0,0,0.097,0.02,0.0,0.154,11.0,0.02,0.0099,0.03,0.028,0.0,9.8,3GB,4C,1,GI,12,-1.9,188,1
1380,11850,31.46,2GA,2楷林,29.0,298.0,12.5,0.005,0.0189,1,0,0.009,0.02,0.0,0.19,18.0,0.0081,0.0093,0.02,0.02,0.0,4.0,3GB,5A,1,HR,3,-9.2,361,0
1220,6570,15.67,2GC,2楷林,15.0,514.0,126.1,0.005,0.1602,0,0,0.028,0.02,0.0,0.818,39.0,0.0093,0.0037,0.038,0.036,0.0,66.0,3GB,4C,1,HR,8,59.1,369,0
1380,11850,31.97,2GA,2楷林,82.0,302.0,0.0,0.006,0.0217,0,1,0.018,0.02,0.0,0.199,16.0,0.0092,0.009,0.021,0.018,0.0,8.3,3GB,5A,0,HR,11,0.0,630,0
1100,11110,23.89,2GA,2楷林,74.0,351.0,0.0,0.005,0.0598,0,1,0.018,0.02,0.0,0.338,28.0,0.0099,0.0035,0.039,0.038,0.0,15.3,5GG,5A,0,CR,12,2.4,450,0
1380,11160,30.11,3GC,2楷林,32.0,468.0,0.0,0.005,0.1808,0,1,0.017,0.02,0.0,0.491,23.0,0.0115,0.0026,0.031,0.03,0.001,4.3,3GB,4C,0,HR,7,-6.6,685,0
1110,7060,15.32,2GA,2楷林,70.0,352.0,0.0,0.005,0.0558,0,0,0.011,0.02,0.0,0.34,23.0,0.0073,0.0027,0.031,0.03,0.0,10.1,5GG,5A,0,CR,3,-3.2,476,0
1410,10670,28.68,2GA,2楷林,8.0,453.0,0.0,0.006,0.0622,0,0,0.015,0.02,0.0,0.765,33.0,0.0112,0.0037,0.03,0.03,0.001,6.2,3GB,5A,0,PO,3,-1.3,704,0
1240,9890,23.59,2GA,2楷林,9.0,446.0,7.6,0.007,0.0591,0,0,0.016,0.01,0.0,0.803,29.0,0.0081,0.0031,0.031,0.03,0.001,9.9,3GB,5A,1,PO,11,-1.1,224,1
1010,10190,20.12,2GA,2楷林,52.0,310.0,0.0,0.004,0.0191,0,0,0.023,0.02,0.0,0.14,16.0,0.0089,0.0037,0.023,0.022,0.0,6.6,3GB,5A,0,HR,9,-5.7,642,0
1360,11030,28.79,2GB,2楷林,31.0,430.0,0.0,0.006,0.1204,0,0,0.031,0.02,0.0,0.458,35.0,0.0095,0.0031,0.034,0.033,0.0,9.7,5GG,5A,0,HR,6,-1.0,578,0
1370,8460,22.66,2GA,2楷林,30.0,341.0,0.0,0.007,0.0401,0,0,0.011,0.02,0.0,0.203,33.0,0.0088,0.003,0.021,0.02,0.0,12.5,5GG,5A,0,HR,10,3.9,542,0
1230,11190,26.47,2GC,2楷林,17.0,303.0,0.0,0.005,0.0203,0,0,0.011,0.02,0.0,0.186,15.0,0.0095,0.0033,0.025,0.023,0.0,10.9,5GG,4C,0,CR,9,0.8,408,0
1380,8090,21.83,2GB,2楷林,35.0,481.0,0.0,0.005,0.1737,0,0,0.027,0.02,0.0,0.482,30.0,0.0089,0.0024,0.03,0.029,0.0,8.7,3GB,5A,0,PO,5,-2.4,547,0
1000,10300,20.14,2GA,2楷林,33.0,328.0,0.0,0.005,0.0374,0,0,0.01,0.02,0.0,0.176,21.0,0.0069,0.0034,0.027,0.026,0.0,8.0,5GG,5A,0,HR,5,-1.5,489,0
1000,10210,19.46,3GC,2楷林,39.0,279.0,0.0,0.005,0.0021,0,1,0.016,0.02,0.0,0.088,20.0,0.0104,0.0033,0.025,0.024,0.001,3.2,3GB,4C,0,HR,2,-3.2,622,0
1220,9860,23.13,2GA,2楷林,47.0,330.0,0.0,0.005,0.0373,0,0,0.014,0.02,0.0,0.199,23.0,0.0082,0.003,0.034,0.032,0.0,12.2,5GG,5A,0,HR,11,-0.6,412,0
1370,8440,22.61,2GA,2楷林,40.0,341.0,0.0,0.006,0.039,1,0,0.017,0.01,0.0,0.198,18.0,0.0067,0.0035,0.024,0.023,0.0,13.5,5GG,5A,0,HR,10,4.4,518,0
1490,11640,33.57,2GC,2楷林,19.0,318.0,0.0,0.007,0.0014,6,1,0.053,0.02,0.0,0.19,15.0,0.0435,0.0089,0.039,0.038,0.0,2.8,5GG,4C,0,GI,1,-7.1,567,0
1240,10070,24.41,2GA,2楷林,24.0,321.0,0.0,0.006,0.0183,14,0,0.009,0.01,0.0,0.152,16.0,0.0068,0.0029,0.018,0.017,0.0,9.9,5GG,5A,0,HGI,1,3.3,545,0
1150,11760,26.44,2GA,2楷林,20.0,269.0,0.0,0.005,0.0019,0,0,0.013,0.02,0.0,0.093,19.0,0.0078,0.0032,0.03,0.027,0.0,13.9,3GB,5A,0,GI,11,2.8,333,0
1280,9260,23.17,2GA,2楷林,6.0,325.0,0.0,0.004,0.0347,0,0,0.017,0.02,0.01,0.205,30.0,0.011,0.0026,0.029,0.028,0.0,7.1,3GB,5A,0,HR,6,-5.5,693,0
1380,11850,31.97,2GC,2楷林,9.0,266.0,0.0,0.005,0.0014,0,0,0.014,0.02,0.0,0.1,14.0,0.0101,0.0035,0.028,0.027,0.0,7.6,3GB,4C,0,CR,12,-0.6,408,0
1250,9370,22.53,2GC,2楷林,21.0,544.0,0.0,0.004,0.2036,0,1,0.026,0.02,0.0,0.448,26.0,0.0105,0.0026,0.035,0.034,0.0,9.2,5GG,4C,0,HR,9,4.1,632,0
950,10560,19.61,2GA,2楷林,75.0,332.0,0.0,0.007,0.035,0,0,0.01,0.02,0.0,0.201,15.0,0.0087,0.0033,0.032,0.031,0.0,6.1,5GG,5A,0,HR,12,-7.4,598,0
1300,9880,25.11,3GC,2楷林,35.0,330.0,0.0,0.006,0.0386,0,0,0.026,0.03,0.0,0.164,16.0,0.0109,0.0031,0.026,0.025,0.0,12.4,3GB,4C,0,PO,5,-2.2,462,0
1030,11860,23.88,2GA,2楷林,48.0,353.0,0.0,0.004,0.0605,0,0,0.016,0.02,0.0,0.322,23.0,0.0097,0.003,0.029,0.028,0.0,2.8,5GG,5A,0,CR,9,-3.0,750,0
1100,10100,21.37,2GA,2楷林,53.0,329.0,6.0,0.006,0.0394,0,1,0.013,0.02,0.0,0.168,23.0,0.0092,0.0035,0.024,0.023,0.0,6.2,3GB,5A,1,GI,10,-1.9,419,0
1090,11310,24.1,2GC,2楷林,33.0,333.0,0.0,0.006,0.0426,0,0,0.014,0.02,0.0,0.191,18.0,0.0058,0.0039,0.026,0.026,0.0,14.9,5GG,4C,0,HR,1,7.9,310,0
1250,9480,23.17,2GA,2楷林,53.0,354.0,0.0,0.005,0.0481,0,0,0.014,0.02,0.0,0.304,28.0,0.0108,0.0024,0.036,0.032,0.001,23.3,5GG,5A,0,HR,9,12.3,338,0
1100,8660,18.62,3GC,2楷林,49.0,334.0,0.0,0.006,0.0374,0,0,0.027,0.02,0.0,0.2,12.0,0.0085,0.0039,0.028,0.027,0.0,4.7,3GB,4C,0,HR,11,-0.7,609,0
1260,10430,25.69,2GB,2楷林,22.0,342.0,0.0,0.006,0.0458,0,0,0.013,0.02,0.0,0.297,22.0,0.0095,0.0035,0.022,0.02,0.0,7.1,5GG,5A,0,HR,12,-6.5,622,0
1290,8800,22.19,2GA,2楷林,24.0,342.0,0.0,0.005,0.0372,0,0,0.016,0.01,0.0,0.208,25.0,0.0075,0.0028,0.037,0.035,0.001,6.5,3GB,5A,0,HR,11,-6.4,350,0
1240,10140,24.58,2GC,2楷林,37.0,335.0,0.0,0.006,0.038,0,1,0.021,0.02,0.0,0.196,27.0,0.0078,0.0025,0.034,0.033,0.001,5.3,5GG,4C,0,HGI,8,-1.2,517,0
1200,10490,24.61,3GB,2楷林,60.0,425.0,0.0,0.004,0.123,0,0,0.015,0.01,0.0,0.309,22.0,0.0087,0.003,0.026,0.025,0.0,6.9,3GB,5A,0,HGI,8,-7.8,632,0
1090,11770,25.08,3GC,2楷林,59.0,399.0,0.0,0.004,0.1157,0,0,0.015,0.02,0.0,0.492,20.0,0.012,0.0027,0.019,0.018,0.0,4.9,3GB,4C,0,HR,6,1.0,669,0
1460,10630,30.34,2GA,2楷林,11.0,329.0,0.0,0.004,0.0392,0,0,0.009,0.01,0.0,0.178,15.0,0.0082,0.0031,0.027,0.027,0.001,4.9,5GG,5A,0,HR,7,-4.6,610,0
1300,11640,28.32,2GA,2楷林,44.0,304.0,7.5,0.006,0.0019,0,0,0.013,0.06,0.02,0.144,19.0,0.0568,0.0039,0.037,0.036,0.0,10.4,3GB,5A,1,FH,11,-4.5,192,1
1290,11400,28.75,2GB,2楷林,58.0,334.0,0.0,0.005,0.0369,0,1,0.016,0.02,0.0,0.193,19.0,0.0073,0.0038,0.018,0.015,0.0,13.1,3GB,5A,0,HGI,12,3.1,409,0
1350,11590,30.14,2GA,2楷林,35.0,338.0,0.0,0.004,0.0392,0,0,0.012,0.01,0.0,0.186,21.0,0.01,0.0023,0.023,0.022,0.0,8.4,3GB,5A,0,HGI,8,-1.8,522,0
1200,8420,19.75,2GB,2楷林,38.0,538.0,0.0,0.005,0.1995,0,1,0.01,0.02,0.0,0.818,36.0,0.0088,0.0026,0.025,0.024,0.001,2.5,3GB,5A,0,PO,6,-8.1,556,0
1290,11140,28.09,2GB,2楷林,42.0,308.0,0.0,0.003,0.0332,0,0,0.015,0.02,0.0,0.204,10.0,0.0101,0.0028,0.029,0.025,0.0,1.7,3GB,5A,0,PO,7,-6.7,821,0
1080,11020,22.9,2GC,2楷林,75.0,326.0,15.5,0.007,0.0356,0,0,0.009,0.01,0.0,0.179,18.0,0.0094,0.0037,0.026,0.025,0.0,3.8,3GB,4C,1,HR,1,-4.8,223,1
1160,10250,23.24,2GB,2楷林,33.0,425.0,0.0,0.004,0.1186,0,0,0.013,0.01,0.0,0.47,30.0,0.0112,0.0021,0.022,0.021,0.0,11.9,5GG,5A,0,HR,9,2.9,540,0
960,10860,20.38,3GC,2楷林,70.0,396.0,0.0,0.005,0.0679,0,0,0.018,0.02,0.0,0.493,46.0,0.0136,0.0025,0.044,0.043,0.0,9.5,3GB,4C,0,BP,3,-0.2,533,0
1370,7910,20.85,2GA,2楷林,48.0,300.0,9.7,0.005,0.0184,0,0,0.013,0.02,0.0,0.187,15.0,0.0073,0.0027,0.018,0.017,0.0,12.8,3GB,5A,1,HR,3,-2.4,316,0
1180,8250,19.03,3GB,2楷林,72.0,416.0,0.0,0.005,0.1102,0,0,0.02,0.03,0.0,0.428,23.0,0.0135,0.0029,0.013,0.012,0.0,10.5,3GB,5A,0,HGI,2,2.7,556,0
1350,11650,30.75,2GA,2楷林,11.0,255.0,0.0,0.006,0.0024,0,0,0.015,0.02,0.0,0.077,14.0,0.0077,0.0032,0.022,0.02,0.002,11.6,3GB,5A,0,CR,3,2.2,308,0
1280,8040,20.12,2GC,2楷林,43.0,317.0,0.0,0.006,0.0369,0,1,0.013,0.02,0.0,0.186,32.0,0.0065,0.0032,0.023,0.022,0.0,4.4,5GG,4C,0,HR,12,-1.2,667,0
1570,10490,32.2,2GD,2楷林,14.0,320.0,0.0,0.007,0.0319,0,0,0.012,0.01,0.0,0.206,31.0,0.0094,0.003,0.038,0.037,0.0,15.7,5GG,4C,0,HR,10,2.8,341,0
1040,11760,23.91,2GA,2楷林,93.0,326.0,0.0,0.005,0.0406,0,0,0.011,0.02,0.0,0.184,15.0,0.0087,0.0037,0.02,0.02,0.0,9.8,5GG,5A,0,CR,5,-5.9,240,1
1310,10550,27.02,2GA,2楷林,24.0,470.0,0.0,0.005,0.0044,10,2,0.097,0.02,0.06,0.589,23.0,0.0807,0.009,0.051,0.048,0.002,5.2,3GB,5A,0,CR,8,-3.2,670,0
1460,11550,32.97,2GC,2楷林,41.0,275.0,0.0,0.006,0.0018,0,0,0.012,0.02,0.0,0.094,14.0,0.0091,0.0035,0.025,0.023,0.002,5.6,5GG,4C,0,CR,4,-5.0,558,0
1230,11560,27.8,2GA,2楷林,44.0,286.0,0.0,0.007,0.0193,0,0,0.01,0.02,0.0,0.143,18.0,0.0068,0.0029,0.022,0.02,0.002,4.2,3GB,5A,0,FH,4,-2.4,689,0
1100,8910,19.16,2GA,2楷林,109.0,375.0,2.5,0.007,0.0417,20,0,0.011,0.02,0.0,0.176,21.0,0.0114,0.0034,0.018,0.016,0.0,12.0,3GB,5A,1,HR,2,2.8,460,0
1510,9330,27.54,3GC,2楷林,4.0,254.0,0.0,0.006,0.002,0,1,0.019,0.02,0.0,0.077,15.0,0.0069,0.0033,0.017,0.016,0.002,9.6,3GB,4C,0,HR,1,0.2,450,0
1030,7020,14.14,2GA,2楷林,96.0,455.0,0.0,0.007,0.0595,0,0,0.022,0.03,0.0,0.792,33.0,0.0096,0.0024,0.033,0.032,0.0,6.0,3GB,5A,0,PO,1,-2.2,647,0
1100,11100,23.87,2GC,2楷林,83.0,352.0,0.0,0.006,0.0571,0,0,0.021,0.01,0.0,0.343,15.0,0.0083,0.0029,0.028,0.027,0.0,8.5,5GG,4C,0,CR,1,1.2,476,0
1180,11590,25.86,2GC,2楷林,92.0,269.0,2.6,0.004,0.0018,0,1,0.013,0.02,0.0,0.097,14.0,0.0097,0.0035,0.029,0.027,0.001,2.2,3GB,4C,1,FH,8,-5.4,427,0
1350,7880,20.8,2GB,2楷林,49.0,422.0,0.0,0.006,0.1173,0,0,0.018,0.02,0.0,0.305,33.0,0.0097,0.0029,0.027,0.026,0.0,10.7,3GB,5A,0,HGI,11,-3.9,421,0
1150,9930,22.33,2GB,2楷林,63.0,556.0,0.0,0.005,0.2044,0,0,0.02,0.02,0.0,0.887,32.0,0.0114,0.003,0.022,0.021,0.001,18.3,5GG,5A,0,HR,6,14.5,267,1
1240,8020,19.44,2GD,2楷林,26.0,541.0,0.0,0.005,0.1863,0,0,0.012,0.02,0.0,0.846,29.0,0.0088,0.0027,0.022,0.021,0.0,3.3,5GG,4C,0,PO,12,-1.8,581,0
1290,8010,20.2,3GC,2楷林,1.0,328.0,0.0,0.007,0.0349,0,0,0.014,0.01,0.0,0.199,26.0,0.0054,0.0019,0.038,0.037,0.0,4.4,3GB,4C,0,HR,4,-4.4,561,0
1350,11870,31.33,3GC,2楷林,6.0,311.0,0.0,0.005,0.0362,0,0,0.011,0.02,0.0,0.139,12.0,0.007,0.0033,0.024,0.022,0.0,3.7,3GB,4C,0,CR,12,-4.3,703,0
1390,11370,30.9,2GC,2楷林,14.0,444.0,0.0,0.004,0.0564,1,0,0.026,0.02,0.0,0.785,27.0,0.0137,0.0025,0.031,0.031,0.001,9.2,5GG,4C,0,PO,8,3.5,423,0
1570,11400,34.99,2GD,2楷林,8.0,285.0,0.0,0.004,0.0022,0,0,0.009,0.02,0.0,0.135,16.0,0.0101,0.0031,0.025,0.024,0.001,6.2,3GB,4C,0,GA,8,-8.9,648,0
1000,9160,17.91,2GA,2楷林,51.0,345.0,0.0,0.005,0.0527,0,0,0.01,0.02,0.0,0.293,15.0,0.0098,0.0029,0.018,0.016,0.0,13.5,5GG,5A,0,CR,2,2.3,383,0
1330,8470,21.67,2GA,2楷林,9.0,263.0,4.0,0.004,0.0022,0,0,0.012,0.02,0.0,0.068,18.0,0.0071,0.0032,0.033,0.032,0.003,4.9,3GB,5A,1,GI,7,1.1,384,0
1260,9410,23.18,2GA,2楷林,46.0,328.0,0.0,0.005,0.0368,0,1,0.01,0.02,0.0,0.194,21.0,0.0114,0.003,0.019,0.016,0.0,9.3,5GG,5A,0,HR,4,-5.0,558,0
1290,9110,22.97,2GA,2楷林,48.0,345.0,0.0,0.006,0.0419,0,0,0.008,0.02,0.0,0.198,20.0,0.0072,0.0027,0.025,0.024,0.0,9.4,5GG,5A,0,HGI,4,0.9,635,0
1450,10050,27.81,2GC,2楷林,17.0,296.0,7.6,0.006,0.0022,0,0,0.011,0.02,0.0,0.142,15.0,0.0091,0.0033,0.032,0.029,0.002,8.1,3GB,4C,1,HR,5,-3.5,355,0
1570,8830,27.1,2GA,2楷林,4.0,329.0,0.0,0.006,0.0376,0,0,0.022,0.02,0.0,0.188,25.0,0.0071,0.0031,0.025,0.024,0.0,9.3,3GB,5A,0,FH,2,-2.2,261,1
1140,10080,22.07,2GC,2楷林,77.0,450.0,0.0,0.005,0.0576,0,0,0.021,0.02,0.0,0.785,23.0,0.0133,0.0031,0.03,0.029,0.0,13.1,5GG,4C,0,PO,3,2.3,368,0
1320,7720,19.92,2GA,2楷林,25.0,290.0,0.0,0.006,0.002,0,0,0.027,0.03,0.0,0.14,21.0,0.0142,0.0046,0.018,0.017,0.002,9.2,5GG,5A,0,CR,10,-1.8,474,0
1110,11010,23.89,2GA,2楷林,53.0,351.0,0.0,0.006,0.0587,0,0,0.01,0.02,0.0,0.344,32.0,0.0083,0.0024,0.031,0.031,0.001,8.0,3GB,5A,0,CR,4,0.5,388,0
1380,11530,31.11,3GB,2楷林,7.0,430.0,0.0,0.005,0.1143,0,1,0.015,0.02,0.0,0.492,28.0,0.0103,0.0032,0.021,0.019,0.001,6.1,3GB,5A,0,HGI,12,-5.6,652,0
1420,8270,22.96,2GC,2楷林,32.0,550.0,0.0,0.005,0.2033,1,0,0.031,0.02,0.0,0.88,34.0,0.0121,0.004,0.017,0.016,0.001,11.9,5GG,4C,0,HR,4,2.0,536,0
1270,9330,23.16,2GA,2楷林,30.0,326.0,0.0,0.005,0.0343,0,1,0.016,0.03,0.0,0.191,21.0,0.0114,0.0037,0.023,0.021,0.0,14.7,5GG,5A,0,HR,5,1.5,441,0
1300,10880,27.65,2GC,2楷林,45.0,327.0,0.0,0.005,0.0012,6,0,0.063,0.02,0.0,0.2,16.0,0.0426,0.0087,0.04,0.039,0.001,13.8,5GG,4C,0,HR,12,1.1,416,0
1250,9550,22.96,2GA,2楷林,60.0,305.0,3.0,0.006,0.0019,0,0,0.013,0.06,0.02,0.144,19.0,0.0568,0.0039,0.037,0.036,0.0,15.6,3GB,5A,1,GI,11,0.1,211,1
980,8000,15.33,3GC,2楷林,37.0,350.0,0.0,0.004,0.0568,0,0,0.024,0.02,0.0,0.341,24.0,0.0078,0.0027,0.04,0.038,0.0,4.1,3GB,4C,0,CR,9,2.8,644,0
1050,11700,24.02,2GB,2楷林,51.0,356.0,0.0,0.006,0.06,0,0,0.016,0.02,0.0,0.335,23.0,0.0104,0.0037,0.029,0.028,0.001,16.2,5GG,5A,0,CR,5,4.9,340,0
1190,9840,22.89,2GA,2楷林,50.0,458.0,0.0,0.006,0.0628,0,1,0.02,0.02,0.0,0.802,34.0,0.0104,0.0025,0.041,0.039,0.001,12.1,5GG,5A,0,PO,10,3.5,438,0
1410,11720,31.79,2GA,2楷林,42.0,274.0,8.7,0.006,0.002,0,2,0.011,0.02,0.0,0.09,14.0,0.0096,0.0036,0.025,0.024,0.002,6.0,3GB,5A,1,CR,5,-7.5,345,0
1240,11300,27.06,2GB,2楷林,53.0,386.0,0.0,0.005,0.0808,0,1,0.021,0.03,0.0,0.417,33.0,0.0094,0.0034,0.022,0.021,0.0,9.9,5GG,5A,0,HR,6,-2.1,668,0
1380,10090,27.22,2GA,2楷林,80.0,301.0,0.0,0.006,0.0217,0,1,0.018,0.02,0.0,0.199,16.0,0.0092,0.009,0.021,0.018,0.0,7.7,3GB,5A,0,HR,11,-0.2,568,0
1250,8810,21.53,2GC,2楷林,33.0,357.0,0.0,0.006,0.0391,12,0,0.023,0.02,0.0,0.241,19.0,0.0067,0.0033,0.032,0.031,0.0,6.5,5GG,4C,0,HR,1,-0.1,646,0
1570,10460,32.11,3GC,2楷林,17.0,326.0,0.0,0.006,0.0378,0,0,0.014,0.02,0.0,0.193,19.0,0.0082,0.0032,0.026,0.025,0.0,2.6,3GB,4C,0,HR,11,-5.6,610,0
1140,11760,25.58,2GC,2楷林,61.0,276.0,9.2,0.005,0.0019,0,0,0.029,0.03,0.0,0.102,16.0,0.0107,0.0031,0.035,0.03,0.001,7.0,3GB,4C,1,CR,6,2.2,354,0
1050,6900,14.16,2GA,2楷林,75.0,291.0,0.0,0.006,0.0021,0,0,0.017,0.02,0.0,0.145,15.0,0.009,0.0032,0.028,0.026,0.002,11.0,5GG,5A,0,GI,2,-3.5,357,0
1350,8540,22.54,2GA,2楷林,26.0,326.0,0.0,0.007,0.0401,0,0,0.01,0.01,0.0,0.197,21.0,0.0088,0.0024,0.03,0.028,0.0,10.0,3GB,5A,0,HR,10,-0.1,530,0
1170,11770,26.49,2GA,2楷林,66.0,305.0,5.9,0.006,0.0013,0,0,0.015,0.05,0.02,0.151,15.0,0.0551,0.0039,0.031,0.03,0.0,12.6,3GB,5A,1,GI,11,-3.4,210,1
1230,11810,28.4,2GB,2楷林,91.0,513.0,0.0,0.007,0.0763,1,7,0.014,0.02,0.0,0.918,25.0,0.0189,0.0021,0.028,0.027,0.001,5.4,5GG,5A,0,GI,2,-0.7,640,0
1200,6700,15.72,2GB,2楷林,27.0,469.0,0.0,0.004,0.0674,0,0,0.026,0.02,0.0,0.818,33.0,0.0091,0.0027,0.037,0.036,0.0,5.3,3GB,5A,0,PO,7,-3.7,568,0
1190,8810,20.5,2GB,2楷林,20.0,415.0,0.0,0.004,0.1137,0,0,0.018,0.02,0.0,0.293,30.0,0.0109,0.0019,0.021,0.02,0.0,15.0,5GG,5A,0,HGI,9,4.6,450,0
1120,10540,23.08,2GC,2楷林,41.0,322.0,0.0,0.005,0.033,0,0,0.013,0.01,0.0,0.205,30.0,0.0069,0.0025,0.028,0.027,0.0,2.0,5GG,4C,0,CR,7,-6.6,780,0
990,10430,19.86,2GB,2楷林,104.0,329.0,11.7,0.006,0.0363,0,0,0.02,0.02,0.0,0.183,16.0,0.0097,0.003,0.029,0.027,0.0,7.2,3GB,5A,1,HR,1,-6.1,163,1
1210,9350,22.12,2GA,2楷林,33.0,283.0,0.0,0.005,0.0018,0,3,0.01,0.02,0.0,0.093,18.0,0.0082,0.0035,0.035,0.031,0.001,8.5,3GB,5A,0,HR,5,0.1,381,0
950,10280,19.09,2GA,2楷林,28.0,327.0,0.0,0.004,0.0379,0,0,0.016,0.02,0.0,0.2,22.0,0.0102,0.0034,0.029,0.028,0.0,11.4,5GG,5A,0,HR,9,-7.2,353,0
1290,8710,21.97,3GC,2楷林,15.0,340.0,0.0,0.005,0.038,0,0,0.009,0.02,0.0,0.189,19.0,0.0099,0.0031,0.025,0.024,0.0,9.7,3GB,4C,0,HGI,12,1.9,436,0
1380,7870,20.85,2GD,2楷林,30.0,386.0,0.0,0.005,0.0721,0,0,0.022,0.02,0.0,0.323,26.0,0.0081,0.0037,0.023,0.022,0.0,10.5,5GG,4C,0,HR,12,4.5,546,0
1110,9210,19.99,2GB,2楷林,33.0,509.0,0.0,0.005,0.1794,0,0,0.011,0.02,0.0,0.505,25.0,0.0096,0.003,0.02,0.019,0.0,3.8,5GG,5A,0,HGI,12,-5.3,625,0
1430,7600,21.25,2GC,2楷林,33.0,522.0,0.0,0.005,0.0844,1,0,0.032,0.02,0.0,0.918,30.0,0.0182,0.0027,0.028,0.027,0.001,4.1,5GG,4C,0,HR,12,-7.1,661,0
1400,11860,32.46,2GB,2楷林,3.0,338.0,0.0,0.004,0.0359,11,1,0.013,0.02,0.0,0.168,15.0,0.0092,0.0031,0.021,0.02,0.0,13.6,5GG,5A,0,GI,2,5.6,393,0
1460,11860,33.85,2GA,2楷林,84.0,320.0,0.0,0.006,0.0014,3,0,0.052,0.02,0.0,0.205,11.0,0.046,0.0085,0.037,0.036,0.001,9.4,3GB,5A,0,GI,11,-2.5,628,0
1480,11600,33.22,2GD,2楷林,12.0,532.0,0.0,0.007,0.0795,3,0,0.02,0.03,0.0,0.907,35.0,0.0184,0.0025,0.025,0.024,0.001,8.6,5GG,4C,0,GI,10,-3.0,595,0
1290,9170,23.13,2GA,2楷林,16.0,325.0,0.0,0.004,0.0333,0,0,0.01,0.03,0.0,0.187,28.0,0.0081,0.0032,0.026,0.025,0.0,4.5,3GB,5A,0,HR,7,1.7,768,0
1190,9580,22.29,2GB,2楷林,40.0,416.0,0.0,0.004,0.1128,0,1,0.021,0.02,0.0,0.291,32.0,0.0086,0.0029,0.021,0.02,0.0,5.7,5GG,5A,0,HGI,7,-3.0,600,0
1350,9640,25.44,2GA,2楷林,49.0,331.0,0.0,0.005,0.0392,0,0,0.014,0.02,0.0,0.198,21.0,0.0089,0.0032,0.016,0.014,0.0,13.5,5GG,5A,0,HR,1,2.3,467,0
1260,7070,17.42,2GA,2楷林,32.0,339.0,0.0,0.006,0.0363,0,0,0.014,0.02,0.0,0.213,19.0,0.0074,0.0039,0.024,0.023,0.0,4.5,3GB,5A,0,HGI,10,-2.4,729,0
1420,11740,32.59,3GC,2楷林,12.0,271.0,0.0,0.005,0.002,0,0,0.019,0.03,0.0,0.095,11.0,0.0106,0.0033,0.034,0.033,0.001,5.1,3GB,4C,0,CR,9,-3.0,708,0
1520,10410,30.93,2GA,2楷林,10.0,293.0,0.0,0.005,0.0024,0,1,0.014,0.03,0.0,0.141,18.0,0.0114,0.0033,0.024,0.018,0.001,19.4,5GG,5A,0,CR,3,8.5,258,1
1180,11670,26.49,2GA,2楷林,69.0,304.0,6.1,0.006,0.002,0,0,0.015,0.06,0.02,0.143,17.0,0.048,0.0032,0.031,0.029,0.0,11.5,3GB,5A,1,GI,11,-0.7,296,1
1260,9410,23.18,2GA,2楷林,86.0,327.0,0.0,0.005,0.035,0,0,0.011,0.02,0.0,0.21,16.0,0.0078,0.0033,0.021,0.017,0.0,11.1,5GG,5A,0,HR,4,-0.2,562,0
1450,11620,32.94,2GD,2楷林,23.0,530.0,0.0,0.007,0.0795,3,0,0.02,0.03,0.0,0.907,35.0,0.0184,0.0025,0.025,0.024,0.001,8.7,3GB,4C,0,GI,10,-3.3,573,0
1400,11410,31.23,2GC,2楷林,23.0,299.0,0.0,0.005,0.0205,0,0,0.024,0.02,0.0,0.194,16.0,0.0076,0.0034,0.022,0.021,0.0,17.0,5GG,4C,0,CR,1,4.6,357,0
920,11830,21.28,2GA,2楷林,37.0,393.0,0.0,0.004,0.0673,0,0,0.009,0.02,0.0,0.492,32.0,0.0096,0.0024,0.05,0.049,0.001,5.6,3GB,5A,0,BP,7,-0.9,576,0
1370,11500,30.8,2GA,2楷林,27.0,338.0,0.0,0.004,0.0467,0,0,0.013,0.01,0.0,0.29,17.0,0.0063,0.0032,0.031,0.026,0.0,6.5,5GG,5A,0,CR,9,1.2,679,0
1570,11400,34.99,2GC,2楷林,51.0,338.0,0.0,0.005,0.0416,0,0,0.02,0.06,0.0,0.185,32.0,0.0099,0.003,0.037,0.036,0.0,9.5,5GG,4C,0,HR,8,-4.9,647,0
1240,8590,20.82,2GD,2楷林,52.0,519.0,0.0,0.005,0.1812,0,0,0.018,0.02,0.0,0.834,28.0,0.0115,0.0031,0.018,0.017,0.0,3.0,5GG,4C,0,PO,12,-3.3,619,0
1420,11200,31.09,2GA,2楷林,9.0,319.0,0.0,0.005,0.044,0,2,0.019,0.02,0.0,0.179,32.0,0.0105,0.0027,0.03,0.029,0.001,8.4,3GB,5A,0,CR,6,-3.8,470,0
1130,8640,19.09,2GD,2楷林,88.0,334.0,0.0,0.006,0.0389,1,0,0.027,0.01,0.0,0.221,22.0,0.0051,0.0044,0.025,0.023,0.0,9.8,5GG,4C,0,HR,10,0.9,512,0
1400,11790,32.27,2GB,2楷林,22.0,518.0,0.0,0.005,0.0714,5,1,0.017,0.03,0.0,0.859,35.0,0.019,0.0012,0.022,0.022,0.002,4.9,5GG,5A,0,GI,7,-0.9,700,0
1020,11850,23.63,3GC,2楷林,80.0,335.0,0.0,0.004,0.0386,0,0,0.023,0.02,0.0,0.212,18.0,0.008,0.0035,0.026,0.023,0.0,3.9,3GB,4C,0,CR,4,-4.1,654,0
1420,11850,32.37,2GC,2楷林,31.0,300.0,9.2,0.006,0.0023,0,0,0.092,0.02,0.0,0.155,18.0,0.0189,0.0098,0.03,0.028,0.0,9.6,3GB,4C,1,GI,11,3.7,293,1
1240,8470,20.53,3GC,2楷林,65.0,320.0,0.0,0.006,0.0364,0,1,0.014,0.02,0.0,0.2,33.0,0.0074,0.0027,0.025,0.022,0.0,16.6,3GB,4C,0,HR,10,6.1,363,0
1400,7910,21.65,2GA,2楷林,51.0,340.0,0.0,0.005,0.0364,9,0,0.011,0.02,0.0,0.222,17.0,0.0099,0.0029,0.029,0.028,0.0,3.7,5GG,5A,0,HR,4,-3.2,716,0
1130,11560,25.54,2GC,2楷林,66.0,443.0,0.0,0.005,0.0535,0,0,0.013,0.02,0.0,0.803,26.0,0.0099,0.0025,0.03,0.029,0.001,5.3,5GG,4C,0,PO,6,-7.4,478,0
1300,8300,21.09,2GC,2楷林,49.0,419.0,0.0,0.006,0.1136,0,2,0.022,0.02,0.0,0.326,31.0,0.007,0.0044,0.018,0.016,0.0,16.3,5GG,4C,0,HGI,11,4.6,497,0
1550,11550,35.0,3GC,2楷林,3.0,339.0,0.0,0.006,0.0305,11,0,0.009,0.02,0.0,0.188,18.0,0.0049,0.0029,0.021,0.02,0.0,15.7,3GB,4C,0,GI,1,13.0,426,0
1220,10100,24.09,2GC,2楷林,24.0,473.0,0.0,0.006,0.1805,0,0,0.026,0.03,0.0,0.443,18.0,0.0131,0.0037,0.024,0.023,0.001,5.9,5GG,4C,0,HR,5,-6.7,626,0
1350,9510,25.1,2GA,2楷林,58.0,332.0,0.0,0.005,0.0397,0,0,0.009,0.02,0.0,0.216,16.0,0.0078,0.0034,0.026,0.025,0.0,12.3,5GG,5A,0,HR,1,0.7,442,0
1260,10230,25.2,2GB,2楷林,49.0,330.0,0.0,0.006,0.0376,0,0,0.015,0.02,0.0,0.201,14.0,0.0121,0.0039,0.022,0.021,0.0,8.5,5GG,5A,0,HR,12,0.4,556,0
1210,11080,25.26,2GC,2楷林,21.0,311.0,7.3,0.005,0.0014,7,0,0.06,0.02,0.0,0.196,13.0,0.0446,0.0099,0.032,0.031,0.001,13.3,3GB,4C,1,GI,5,8.4,266,1
1330,9730,25.3,2GC,2楷林,44.0,430.0,0.0,0.005,0.118,0,1,0.013,0.02,0.0,0.377,35.0,0.0089,0.0032,0.028,0.026,0.0,14.0,5GG,4C,0,HGI,10,6.7,404,0
1030,9670,19.47,2GA,2楷林,39.0,330.0,0.0,0.006,0.0376,0,1,0.01,0.01,0.0,0.187,17.0,0.0061,0.0032,0.031,0.03,0.0,8.4,3GB,5A,0,HR,2,-2.1,484,0
1090,9260,19.73,2GC,2楷林,60.0,328.0,0.0,0.005,0.0329,0,1,0.01,0.02,0.0,0.2,17.0,0.008,0.0033,0.028,0.026,0.0,12.8,5GG,4C,0,HR,12,2.1,372,0
1290,9710,24.49,2GA,2楷林,35.0,334.0,0.0,0.004,0.0362,0,0,0.01,0.02,0.0,0.203,16.0,0.0103,0.0031,0.036,0.034,0.0,9.1,5GG,5A,0,HR,4,-2.7,626,0
1570,9320,27.92,2GA,2楷林,6.0,258.0,9.0,0.005,0.0019,0,0,0.024,0.02,0.0,0.06,19.0,0.0083,0.0034,0.032,0.031,0.003,7.7,3GB,5A,1,HR,6,1.2,391,0
1320,10300,26.58,2GC,2楷林,15.0,343.0,0.0,0.006,0.0432,0,0,0.011,0.02,0.0,0.225,17.0,0.0069,0.0033,0.022,0.02,0.0,16.1,5GG,4C,0,HGI,3,4.6,279,1
1100,9360,20.13,2GA,2楷林,38.0,359.0,0.0,0.005,0.037,12,1,0.016,0.01,0.0,0.235,23.0,0.0069,0.0031,0.031,0.029,0.0,13.9,3GB,5A,0,HR,1,5.1,394,0
1520,11740,34.89,2GA,2楷林,13.0,253.0,0.0,0.004,0.0028,0,1,0.009,0.02,0.0,0.069,16.0,0.0072,0.003,0.028,0.025,0.003,5.5,5GG,5A,0,CR,7,-3.2,630,0
1070,11420,23.89,2GA,2楷林,51.0,272.0,0.0,0.004,0.0017,0,0,0.013,0.02,0.0,0.078,16.0,0.0098,0.0034,0.038,0.036,0.002,5.1,3GB,5A,0,FH,6,-5.0,553,0
1100,11870,25.53,2GA,2楷林,37.0,357.0,0.0,0.005,0.0614,0,0,0.015,0.02,0.0,0.342,34.0,0.0083,0.0028,0.035,0.034,0.0,12.7,5GG,5A,0,CR,12,-0.4,466,0
1390,11810,32.09,2GA,2楷林,61.0,322.0,0.0,0.004,0.0358,0,0,0.023,0.03,0.0,0.188,19.0,0.0094,0.0042,0.02,0.02,0.0,9.4,5GG,5A,0,GI,9,3.9,573,0
1230,11850,28.5,3GC,2楷林,29.0,448.0,0.0,0.007,0.0047,10,0,0.103,0.02,0.06,0.578,28.0,0.0826,0.0101,0.053,0.051,0.001,6.8,3GB,4C,0,GA,10,-5.6,561,0
1030,9140,18.4,2GA,2楷林,84.0,320.0,0.0,0.005,0.0383,0,0,0.019,0.02,0.0,0.191,28.0,0.0096,0.0035,0.019,0.018,0.0,10.8,5GG,5A,0,HR,10,5.4,460,0
960,8840,16.59,2GA,2楷林,71.0,353.0,0.0,0.004,0.0404,11,0,0.023,0.01,0.0,0.206,30.0,0.0057,0.0033,0.036,0.034,0.0,7.4,3GB,5A,0,CR,7,-1.9,398,0
1290,9190,23.18,2GA,2楷林,43.0,331.0,0.0,0.007,0.0398,0,0,0.011,0.02,0.0,0.18,27.0,0.0078,0.0035,0.025,0.024,0.0,5.4,3GB,5A,0,HR,2,-8.1,572,0
1240,10380,24.76,2GA,2楷林,50.0,329.0,0.0,0.006,0.0393,0,0,0.009,0.02,0.0,0.216,29.0,0.0101,0.0022,0.024,0.023,0.0,11.8,3GB,5A,0,HGI,12,2.0,427,0
1340,9650,25.28,2GC,2楷林,8.0,437.0,0.0,0.005,0.0561,0,0,0.015,0.02,0.0,0.797,23.0,0.0089,0.0031,0.038,0.037,0.0,2.5,3GB,4C,0,PO,6,-10.9,721,0
1320,11440,29.3,2GA,2楷林,17.0,270.0,0.0,0.005,0.0018,0,1,0.021,0.02,0.0,0.09,13.0,0.0111,0.0039,0.024,0.022,0.002,3.0,5GG,5A,0,GA,6,-1.5,582,0
1570,9940,30.51,2GC,2楷林,46.0,333.0,0.0,0.006,0.0422,0,0,0.013,0.02,0.0,0.215,23.0,0.0062,0.0037,0.025,0.023,0.0,5.4,5GG,4C,0,HR,10,-5.5,656,0
1250,9150,22.36,2GB,2楷林,66.0,415.0,0.0,0.006,0.1099,0,0,0.011,0.02,0.0,0.307,23.0,0.0105,0.0029,0.023,0.022,0.0,9.0,5GG,5A,0,HGI,1,4.1,409,0
1140,11780,26.25,3GC,2楷林,78.0,446.0,0.0,0.004,0.1458,0,1,0.013,0.02,0.0,0.511,27.0,0.0122,0.003,0.026,0.024,0.001,3.2,3GB,4C,0,HR,7,-6.5,624,0
950,10270,19.07,2GA,2楷林,58.0,324.0,0.0,0.006,0.0323,0,0,0.017,0.02,0.0,0.193,19.0,0.0096,0.0035,0.026,0.025,0.0,17.4,5GG,5A,0,HR,6,11.2,208,1
1290,10580,26.68,2GB,2楷林,18.0,340.0,0.0,0.006,0.0418,0,0,0.017,0.02,0.0,0.197,16.0,0.0079,0.0027,0.028,0.027,0.0,13.5,5GG,5A,0,HGI,1,2.8,441,0
960,7830,14.7,2GA,2楷林,90.0,304.0,0.0,0.006,0.0228,0,1,0.012,0.02,0.0,0.171,13.0,0.0065,0.0039,0.022,0.02,0.0,17.5,5GG,5A,0,CR,11,10.8,273,1
1250,11860,28.98,2GA,2楷林,67.0,309.0,0.0,0.004,0.0018,5,0,0.052,0.02,0.0,0.191,17.0,0.0442,0.0079,0.034,0.031,0.0,19.7,5GG,5A,0,GI,9,9.2,443,0
1110,11000,23.87,2GB,2楷林,37.0,352.0,0.0,0.007,0.0582,0,0,0.012,0.01,0.0,0.347,28.0,0.0076,0.003,0.034,0.033,0.0,8.5,3GB,5A,0,CR,1,-0.3,553,0
1140,9650,21.22,2GA,2楷林,74.0,340.0,0.0,0.006,0.0383,0,0,0.015,0.02,0.0,0.185,15.0,0.0087,0.005,0.027,0.025,0.0,8.9,5GG,5A,0,HR,1,1.4,434,0
1570,11370,34.9,3GC,2楷林,15.0,271.0,0.0,0.005,0.0021,0,0,0.01,0.02,0.0,0.101,18.0,0.0097,0.0026,0.023,0.021,0.0,11.3,3GB,4C,0,GI,12,7.9,352,0
1090,8110,17.28,2GC,2楷林,23.0,531.0,0.0,0.006,0.1561,0,0,0.013,0.02,0.0,0.806,23.0,0.0099,0.0028,0.024,0.023,0.001,16.9,5GG,4C,0,HR,3,8.7,297,1
1360,11800,31.37,2GB,2楷林,15.0,485.0,0.0,0.004,0.188,0,0,0.017,0.02,0.0,0.401,30.0,0.0097,0.0028,0.021,0.02,0.0,11.1,5GG,5A,0,HR,3,-4.3,411,0
1270,11800,29.3,2GD,2楷林,57.0,321.0,0.0,0.004,0.0014,6,0,0.054,0.02,0.0,0.192,17.0,0.0436,0.0091,0.031,0.03,0.001,12.5,5GG,4C,0,GI,4,1.2,578,0
920,7970,14.33,2GC,2楷林,110.0,331.0,0.0,0.007,0.0383,0,0,0.016,0.02,0.0,0.149,20.0,0.0075,0.0047,0.021,0.02,0.0,6.9,3GB,4C,0,PO,11,-8.1,449,0
1150,11720,26.35,2GA,2楷林,27.0,276.0,0.0,0.005,0.0019,0,0,0.013,0.02,0.0,0.093,19.0,0.0078,0.0032,0.03,0.027,0.0,14.3,5GG,5A,0,FH,11,2.9,457,0
1320,10880,28.08,2GB,2楷林,12.0,468.0,0.0,0.005,0.1739,0,2,0.011,0.02,0.0,0.833,28.0,0.0143,0.0011,0.035,0.033,0.002,3.6,3GB,5A,1,HR,8,-6.3,556,0
1300,6120,15.55,2GA,2楷林,53.0,342.0,0.0,0.006,0.0424,0,0,0.011,0.03,0.0,0.189,16.0,0.0085,0.0035,0.018,0.016,0.0,8.7,3GB,5A,0,HGI,3,-2.3,417,0
1240,11860,28.75,2GA,2楷林,35.0,272.0,0.0,0.005,0.0019,0,0,0.012,0.02,0.0,0.1,14.0,0.0088,0.0032,0.032,0.03,0.001,13.6,5GG,5A,0,GI,12,2.1,345,0
1360,8160,21.46,2GB,2楷林,23.0,528.0,0.0,0.006,0.0766,2,0,0.016,0.02,0.0,0.902,32.0,0.0178,0.0023,0.032,0.031,0.001,10.3,3GB,5A,0,GI,12,-0.1,517,0
1510,11850,34.42,2GC,2楷林,3.0,339.0,7.1,0.006,0.002,1,1,0.022,0.02,0.0,0.072,16.0,0.0101,0.0036,0.035,0.034,0.004,2.9,3GB,4C,1,CR,8,-6.2,338,0
1400,10530,28.82,3GC,2楷林,61.0,508.0,0.0,0.005,0.1894,0,0,0.018,0.02,0.0,0.437,32.0,0.0084,0.0029,0.021,0.021,0.0,8.7,3GB,4C,0,HGI,10,-0.4,563,0
1410,11560,31.36,2GA,2楷林,26.0,302.0,11.1,0.005,0.0018,0,1,0.013,0.06,0.02,0.139,21.0,0.0514,0.0035,0.039,0.037,0.001,3.5,3GB,5A,1,GI,10,-3.2,473,0
910,11120,19.78,2GA,2楷林,99.0,356.0,0.0,0.004,0.0381,11,0,0.014,0.02,0.0,0.178,14.0,0.0126,0.0043,0.019,0.019,0.0,8.1,5GG,5A,0,CR,7,2.4,500,0
960,11680,21.92,2GA,2楷林,90.0,360.0,0.0,0.006,0.0631,0,0,0.012,0.01,0.0,0.345,27.0,0.0092,0.0027,0.029,0.027,0.0,14.0,3GB,5A,0,CR,10,3.9,319,0
1240,11550,28.0,2GA,2楷林,89.0,498.0,0.0,0.008,0.1568,0,0,0.017,0.02,0.0,0.821,31.0,0.0072,0.0017,0.02,0.018,0.002,13.5,5GG,5A,0,PO,12,1.9,318,0
1100,10100,21.72,2GD,2楷林,48.0,534.0,0.0,0.005,0.189,0,1,0.023,0.02,0.0,0.85,34.0,0.0113,0.0034,0.018,0.018,0.001,2.7,5GG,4C,0,HR,8,-5.5,695,0
1010,9060,17.89,2GA,2楷林,34.0,337.0,0.0,0.005,0.0413,0,0,0.01,0.02,0.0,0.309,26.0,0.0084,0.0021,0.03,0.026,0.0,7.4,5GG,5A,0,PO,6,-2.8,630,0
1570,8990,27.42,2GA,2楷林,12.0,332.0,0.0,0.006,0.0383,0,0,0.029,0.03,0.0,0.19,22.0,0.01,0.0037,0.026,0.025,0.0,11.6,3GB,5A,0,HR,5,1.1,610,0
1330,7310,19.01,2GC,2楷林,70.0,320.0,0.0,0.005,0.039,0,1,0.012,0.02,0.0,0.206,17.0,0.0073,0.0034,0.023,0.021,0.0,9.2,5GG,4C,0,HR,11,-0.9,613,0
1270,7900,19.61,2GC,2楷林,85.0,343.0,0.0,0.006,0.039,0,11,0.022,0.02,0.0,0.198,21.0,0.0085,0.0032,0.019,0.018,0.0,7.1,5GG,4C,0,HGI,3,-2.2,571,0
1100,11380,23.92,2GC,2楷林,56.0,296.0,0.0,0.007,0.0186,0,4,0.01,0.02,0.0,0.211,16.0,0.0075,0.0031,0.024,0.023,0.0,15.9,5GG,4C,0,CR,11,5.8,351,0
1260,8760,21.58,2GB,2楷林,51.0,351.0,0.0,0.004,0.0387,12,0,0.021,0.02,0.0,0.242,20.0,0.0087,0.0042,0.036,0.034,0.0,11.2,5GG,5A,0,HR,6,4.5,563,0
990,7150,13.84,2GD,2楷林,54.0,303.0,0.0,0.006,0.0016,0,0,0.02,0.05,0.02,0.138,12.0,0.0503,0.0035,0.027,0.026,0.001,9.0,3GB,4C,0,GI,2,2.1,452,0
1410,11450,31.56,2GA,2楷林,24.0,342.0,0.0,0.006,0.042,0,0,0.015,0.01,0.0,0.203,37.0,0.0066,0.0029,0.027,0.026,0.0,5.7,3GB,5A,0,CR,4,-1.8,732,0
940,9890,18.17,2GA,2楷林,75.0,315.0,0.0,0.004,0.0221,0,0,0.022,0.02,0.0,0.157,19.0,0.0087,0.0029,0.028,0.026,0.0,9.2,5GG,5A,0,HR,9,-0.8,451,0
900,11130,19.58,2GA,2楷林,83.0,392.0,0.0,0.005,0.065,0,0,0.018,0.02,0.0,0.491,28.0,0.0083,0.0039,0.053,0.052,0.0,7.1,5GG,5A,0,BP,7,-2.7,411,0
1030,9670,19.47,2GB,2楷林,70.0,328.0,0.0,0.006,0.0363,0,0,0.019,0.01,0.0,0.185,29.0,0.008,0.0028,0.045,0.044,0.0,17.4,5GG,5A,0,HR,2,0.6,145,1
1330,8150,21.19,2GC,2楷林,65.0,424.0,0.0,0.005,0.1169,0,0,0.02,0.02,0.0,0.34,28.0,0.0095,0.0029,0.023,0.021,0.0,10.8,3GB,4C,0,HGI,4,-2.4,522,0
1290,9960,24.63,2GC,2楷林,29.0,454.0,0.0,0.006,0.0581,0,0,0.013,0.02,0.0,0.799,29.0,0.0066,0.0025,0.034,0.033,0.001,13.0,5GG,4C,0,PO,3,4.1,497,0
1440,11830,33.3,2GB,2楷林,20.0,515.0,0.0,0.005,0.0789,3,1,0.034,0.03,0.0,0.896,28.0,0.0197,0.0027,0.036,0.035,0.002,5.6,5GG,5A,0,CR,8,-4.1,574,0
1250,11120,27.17,2GB,2楷林,78.0,423.0,0.0,0.005,0.12,0,5,0.023,0.02,0.0,0.5,22.0,0.0132,0.0026,0.017,0.015,0.001,14.3,3GB,5A,0,HR,3,3.1,454,0
1310,10580,27.1,2GB,2楷林,20.0,336.0,0.0,0.006,0.0478,0,0,0.009,0.02,0.0,0.188,24.0,0.0091,0.0037,0.039,0.037,0.0,15.7,3GB,5A,0,GI,12,6.5,257,1
1260,9130,22.49,2GA,2楷林,37.0,339.0,0.0,0.005,0.0391,0,0,0.011,0.02,0.0,0.189,16.0,0.0081,0.003,0.02,0.017,0.0,5.8,3GB,5A,0,HR,8,3.2,570,0
1110,7050,15.3,2GA,2楷林,80.0,356.0,0.0,0.005,0.0575,0,0,0.012,0.01,0.0,0.365,28.0,0.0077,0.0028,0.036,0.035,0.0,8.3,5GG,5A,0,CR,12,-2.7,430,0
1060,9690,20.08,3GC,2楷林,60.0,325.0,0.0,0.004,0.0369,0,0,0.014,0.02,0.0,0.192,27.0,0.0094,0.0036,0.034,0.033,0.0,7.2,3GB,4C,0,HR,6,-1.1,554,0
1320,11640,30.04,2GC,2楷林,29.0,330.0,0.0,0.004,0.0391,0,0,0.014,0.01,0.0,0.18,18.0,0.0081,0.0032,0.029,0.028,0.0,5.4,3GB,4C,0,HGI,4,-9.0,654,0
1280,9650,24.15,2GB,2楷林,69.0,450.0,0.0,0.006,0.0633,0,1,0.025,0.02,0.0,0.759,32.0,0.011,0.0032,0.025,0.023,0.001,5.2,5GG,5A,0,PO,8,0.8,685,0
1300,8880,22.57,2GC,2楷林,42.0,331.0,0.0,0.006,0.0366,0,0,0.013,0.02,0.0,0.188,22.0,0.0093,0.0035,0.024,0.022,0.0,5.1,5GG,4C,0,HR,1,-3.7,558,0
1350,11590,30.14,2GB,2楷林,58.0,333.0,0.0,0.004,0.0372,0,0,0.019,0.02,0.0,0.178,26.0,0.008,0.0068,0.028,0.026,0.0,4.9,5GG,5A,0,HGI,8,-1.8,544,0
1190,9020,20.98,3GC,2楷林,24.0,417.0,0.0,0.004,0.1127,0,0,0.012,0.02,0.0,0.302,27.0,0.0095,0.0026,0.028,0.025,0.0,8.5,3GB,4C,0,HGI,8,1.9,583,0
1320,7850,19.77,2GC,2楷林,9.0,289.0,10.1,0.004,0.0022,0,0,0.012,0.02,0.0,0.144,14.0,0.0097,0.0027,0.025,0.024,0.001,5.2,3GB,4C,1,CR,5,2.2,235,1
1290,7890,19.9,2GA,2楷林,35.0,336.0,0.0,0.004,0.0342,0,31,0.014,0.03,0.0,0.188,15.0,0.0107,0.0032,0.026,0.024,0.0,11.3,5GG,5A,0,HR,4,-3.0,492,0
1240,9080,21.57,3GC,2楷林,44.0,277.0,0.0,0.005,0.0024,0,0,0.014,0.02,0.0,0.1,20.0,0.0094,0.0034,0.027,0.024,0.001,10.6,3GB,4C,0,HR,12,6.9,544,0
1380,11770,31.75,2GC,2楷林,12.0,385.0,0.0,0.004,0.0817,0,0,0.017,0.02,0.0,0.428,30.0,0.011,0.003,0.022,0.021,0.0,5.7,5GG,4C,0,PO,3,-0.5,598,0
1250,7940,19.4,2GC,2楷林,50.0,430.0,0.0,0.006,0.1196,0,1,0.02,0.02,0.0,0.444,29.0,0.009,0.0026,0.021,0.02,0.0,9.3,5GG,4C,0,HGI,11,0.6,604,0
1040,10790,21.59,2GC,2楷林,73.0,324.0,9.2,0.005,0.0377,0,0,0.016,0.02,0.0,0.176,12.0,0.0108,0.0028,0.022,0.022,0.0,7.5,3GB,4C,1,CR,1,-5.1,203,1
980,9960,19.08,2GC,2楷林,89.0,372.0,0.0,0.006,0.0382,18,0,0.014,0.01,0.0,0.203,16.0,0.0067,0.0026,0.024,0.022,0.0,6.7,5GG,4C,0,HR,11,-4.8,472,0
1330,7770,20.2,3GC,2楷林,26.0,333.0,0.0,0.006,0.0343,0,2,0.008,0.01,0.0,0.183,23.0,0.0078,0.0032,0.022,0.022,0.0,8.3,3GB,4C,0,HGI,2,0.5,537,0
1360,11450,30.44,2GC,2楷林,34.0,528.0,0.0,0.007,0.0706,3,0,0.019,0.02,0.0,0.887,37.0,0.0197,0.0023,0.023,0.02,0.002,13.6,5GG,4C,0,GI,3,2.2,336,0
1260,9410,23.18,2GB,2楷林,23.0,378.0,0.0,0.004,0.0455,18,0,0.019,0.03,0.0,0.19,14.0,0.0135,0.0035,0.018,0.017,0.0,7.7,5GG,5A,0,HR,6,-1.8,587,0
1570,11380,34.09,2GC,2楷林,10.0,304.0,14.3,0.007,0.0025,0,3,0.014,0.06,0.02,0.144,12.0,0.0496,0.0032,0.037,0.033,0.001,3.2,3GB,4C,1,GI,2,-10.9,332,0
1490,11610,33.82,2GA,2楷林,13.0,274.0,0.0,0.005,0.0019,0,0,0.014,0.02,0.0,0.107,16.0,0.0103,0.0029,0.022,0.02,0.001,10.9,5GG,5A,0,GI,12,-1.9,410,0
1520,11740,34.33,2GC,2楷林,17.0,253.0,9.2,0.005,0.0015,0,0,0.009,0.02,0.0,0.1,18.0,0.0094,0.0027,0.024,0.022,0.002,11.4,3GB,4C,1,GI,4,2.8,290,1
1080,9060,19.13,2GA,2楷林,98.0,376.0,0.0,0.005,0.0438,17,1,0.009,0.02,0.0,0.2,22.0,0.0078,0.0037,0.022,0.021,0.0,3.2,3GB,5A,0,HR,5,-4.3,654,0
1530,8670,25.93,2GA,2楷林,17.0,335.0,0.0,0.005,0.0378,0,0,0.016,0.02,0.0,0.197,16.0,0.007,0.0045,0.022,0.021,0.0,7.6,5GG,5A,0,HGI,12,-6.3,510,0
1300,9120,23.18,2GA,2楷林,28.0,376.0,0.0,0.005,0.042,19,0,0.01,0.02,0.0,0.212,21.0,0.0048,0.0027,0.023,0.021,0.0,8.6,5GG,5A,0,HR,3,-5.2,542,0
1100,8910,19.16,2GA,2楷林,71.0,372.0,1.5,0.006,0.0409,17,0,0.008,0.02,0.0,0.196,19.0,0.0118,0.0028,0.02,0.019,0.0,6.3,3GB,5A,1,HR,2,2.0,683,0
1430,9250,25.86,2GC,2楷林,27.0,429.0,0.0,0.004,0.0552,0,0,0.022,0.02,0.0,0.77,27.0,0.0097,0.0027,0.029,0.028,0.0,19.5,5GG,4C,0,PO,2,9.6,491,0
1270,9290,23.07,2GA,2楷林,21.0,322.0,0.0,0.004,0.0333,0,4,0.009,0.02,0.0,0.192,15.0,0.008,0.0035,0.022,0.022,0.0,14.0,5GG,5A,0,HR,4,10.0,440,0
1260,9170,22.59,3GB,2楷林,21.0,334.0,0.0,0.006,0.0389,0,0,0.028,0.02,0.0,0.205,20.0,0.0079,0.0047,0.021,0.019,0.0,4.1,3GB,5A,0,HR,10,-1.9,697,0
1150,11820,25.94,2GC,2楷林,51.0,285.0,9.3,0.005,0.0023,0,1,0.011,0.03,0.0,0.138,17.0,0.0103,0.0034,0.03,0.028,0.001,4.5,3GB,4C,1,CR,4,-5.6,374,0
1140,11260,25.1,2GA,2楷林,66.0,274.0,0.0,0.006,0.0018,0,0,0.015,0.02,0.0,0.099,18.0,0.0108,0.0031,0.033,0.031,0.001,14.3,5GG,5A,0,CR,10,5.6,278,1
1400,9860,26.99,2GD,2楷林,7.0,336.0,0.0,0.007,0.0361,0,0,0.021,0.02,0.0,0.175,16.0,0.011,0.0027,0.027,0.025,0.0,16.2,5GG,4C,0,HGI,4,8.1,380,0
1290,9170,23.13,2GA,2楷林,92.0,333.0,0.0,0.007,0.046,0,0,0.017,0.02,0.0,0.209,22.0,0.0098,0.0043,0.029,0.028,0.0,6.8,5GG,5A,0,HR,1,-5.5,601,0
1290,8950,22.57,2GA,2楷林,42.0,335.0,0.0,0.005,0.0403,0,0,0.028,0.02,0.0,0.166,28.0,0.0084,0.004,0.039,0.037,0.0,14.4,5GG,5A,0,HR,10,0.4,479,0
1260,11230,27.66,2GC,2楷林,6.0,327.0,0.0,0.005,0.0388,0,0,0.009,0.01,0.0,0.197,12.0,0.005,0.0029,0.027,0.026,0.0,4.6,5GG,4C,0,FH,6,-0.9,615,0
1410,11760,32.42,2GB,2楷林,1.0,484.0,0.0,0.005,0.0695,2,0,0.021,0.02,0.0,0.614,31.0,0.021,0.0035,0.027,0.026,0.001,5.0,5GG,5A,0,GI,8,-0.1,485,0
1360,11650,30.98,2GA,2楷林,35.0,324.0,0.0,0.004,0.0016,4,16,0.052,0.02,0.0,0.21,16.0,0.0464,0.0093,0.043,0.041,0.001,6.5,5GG,5A,0,GI,8,-4.2,631,0
1060,10370,21.49,2GA,2楷林,96.0,339.0,0.0,0.006,0.039,0,0,0.01,0.02,0.0,0.19,15.0,0.008,0.004,0.024,0.02,0.0,8.5,5GG,5A,0,HGI,7,1.9,591,0
1390,9430,25.63,2GA,2楷林,10.0,352.0,0.0,0.005,0.0521,0,0,0.012,0.02,0.0,0.324,25.0,0.0074,0.004,0.021,0.018,0.0,10.8,3GB,5A,0,HR,10,4.0,486,0
1240,8240,19.98,2GB,2楷林,31.0,528.0,0.0,0.006,0.068,1,0,0.296,0.42,0.0,0.41,41.0,0.107,0.0025,0.025,0.024,0.003,6.3,5GG,5A,0,HR,6,-3.8,455,0
980,11020,21.11,2GC,2楷林,52.0,309.0,0.0,0.004,0.0023,18,0,0.061,0.07,0.0,0.553,16.0,0.0144,0.0032,0.031,0.03,0.002,5.3,5GG,4C,0,BP,9,-5.8,590,0
1270,9330,23.16,2GA,2楷林,57.0,332.0,0.0,0.005,0.0394,0,0,0.016,0.02,0.0,0.188,20.0,0.008,0.0041,0.03,0.029,0.0,15.6,5GG,5A,0,HR,6,1.8,434,0
1110,7650,16.6,2GB,2楷林,73.0,373.0,0.0,0.006,0.0414,18,1,0.009,0.02,0.0,0.193,25.0,0.0108,0.0029,0.023,0.022,0.0,13.3,5GG,5A,0,HR,10,-0.9,494,0
1410,11530,31.78,3GC,2楷林,10.0,353.0,0.0,0.004,0.0596,0,0,0.015,0.02,0.0,0.339,31.0,0.0101,0.0026,0.039,0.037,0.0,5.5,3GB,4C,0,CR,8,-5.1,645,0
1260,9410,23.18,2GA,2楷林,37.0,331.0,0.0,0.005,0.0382,0,0,0.02,0.02,0.0,0.184,21.0,0.0092,0.0029,0.027,0.025,0.0,15.1,5GG,5A,0,HR,3,9.6,571,0
1450,9710,27.53,3GC,2楷林,20.0,405.0,0.0,0.008,0.0734,0,23,0.011,0.01,0.0,0.479,49.0,0.0063,0.0019,0.026,0.025,0.0,4.5,3GB,4C,0,HR,4,-6.4,690,0
1540,11420,34.38,2GC,2楷林,9.0,319.0,0.0,0.005,0.0014,6,1,0.054,0.02,0.0,0.198,19.0,0.043,0.0097,0.038,0.037,0.001,9.3,5GG,4C,0,GI,2,-1.5,471,0
950,10330,19.19,2GA,2楷林,85.0,375.0,2.1,0.004,0.0433,18,0,0.018,0.02,0.0,0.171,17.0,0.0102,0.0034,0.015,0.014,0.0,5.2,5GG,5A,1,HR,6,0.4,489,0
960,11870,22.28,2GC,2楷林,57.0,329.0,0.0,0.006,0.036,0,0,0.022,0.02,0.0,0.184,26.0,0.0077,0.0028,0.029,0.028,0.0,4.8,5GG,4C,0,BP,4,-4.9,507,0
1010,10190,20.12,2GA,2楷林,1.0,311.0,0.0,0.004,0.0191,0,0,0.023,0.02,0.0,0.14,16.0,0.0089,0.0037,0.023,0.022,0.0,7.5,5GG,5A,0,HR,9,-5.8,439,0
1350,7600,20.06,2GA,2楷林,8.0,334.0,0.0,0.005,0.0392,0,0,0.014,0.02,0.0,0.198,21.0,0.0089,0.0032,0.016,0.014,0.0,12.2,5GG,5A,0,HR,1,2.6,378,0
1180,8960,20.32,3GC,2楷林,71.0,330.0,0.0,0.006,0.0355,0,0,0.009,0.02,0.0,0.191,14.0,0.0089,0.0032,0.028,0.027,0.0,3.8,3GB,4C,0,HR,12,-2.5,559,0
1260,10730,26.22,2GD,2楷林,85.0,338.0,0.0,0.006,0.0396,0,0,0.018,0.02,0.0,0.212,21.0,0.0079,0.0043,0.032,0.03,0.0,6.3,5GG,4C,0,HGI,1,-2.2,662,0
1170,8970,20.52,2GB,2楷林,25.0,515.0,0.0,0.004,0.0781,4,1,0.036,0.02,0.0,0.88,34.0,0.0185,0.002,0.024,0.024,0.002,4.6,3GB,5A,0,FH,8,-2.7,493,0
1290,8800,22.19,3GC,2楷林,54.0,337.0,0.0,0.006,0.0355,0,1,0.012,0.02,0.0,0.188,23.0,0.0085,0.0038,0.034,0.032,0.0,13.1,3GB,4C,0,HR,5,-0.9,422,0
1060,9920,20.07,2GA,2楷林,54.0,330.0,0.0,0.004,0.039,0,0,0.009,0.02,0.0,0.187,25.0,0.0087,0.0025,0.023,0.023,0.0,5.4,5GG,5A,0,HR,7,-5.9,554,0
1030,9740,19.14,2GB,2楷林,83.0,330.0,0.0,0.003,0.0367,0,0,0.011,0.01,0.0,0.203,22.0,0.0079,0.0023,0.032,0.03,0.0,7.3,5GG,5A,0,HR,11,0.2,549,0
1120,9490,20.78,2GA,2楷林,83.0,321.0,0.0,0.004,0.0431,0,0,0.025,0.02,0.0,0.199,20.0,0.007,0.0034,0.023,0.022,0.0,2.6,3GB,5A,0,CR,8,-7.9,773,0
1300,11840,30.09,3GC,2楷林,40.0,530.0,0.0,0.004,0.1936,0,0,0.012,0.02,0.0,0.858,29.0,0.0112,0.0029,0.026,0.025,0.001,10.9,3GB,4C,0,PO,9,0.2,388,0
1500,10570,30.48,2GA,2楷林,8.0,327.0,0.0,0.005,0.0388,0,2,0.013,0.02,0.0,0.147,19.0,0.0076,0.0037,0.025,0.021,0.0,12.6,5GG,5A,0,PO,5,2.1,472,0
1330,8520,22.15,2GB,2楷林,18.0,453.0,0.0,0.005,0.1495,0,0,0.019,0.02,0.0,0.489,32.0,0.0109,0.0033,0.017,0.016,0.0,15.1,5GG,5A,0,HR,11,5.9,402,0
960,8170,15.33,3GC,2楷林,43.0,352.0,0.0,0.004,0.0573,0,0,0.023,0.02,0.0,0.335,18.0,0.0085,0.0027,0.039,0.038,0.0,5.1,3GB,4C,0,CR,9,1.2,660,0
1290,10520,26.53,2GA,2楷林,48.0,337.0,0.0,0.006,0.0393,0,0,0.012,0.02,0.0,0.208,12.0,0.0086,0.0022,0.026,0.024,0.0,12.6,5GG,5A,0,HGI,2,1.7,468,0
1510,11430,33.74,2GB,2楷林,17.0,377.0,28.1,0.006,0.1023,0,0,0.017,0.02,0.0,0.507,23.0,0.0095,0.0029,0.017,0.016,0.0,17.6,3GB,5A,1,PO,12,2.9,374,0
1460,11670,32.74,3GC,2楷林,17.0,278.0,0.0,0.004,0.0015,0,0,0.029,0.02,0.0,0.141,19.0,0.0102,0.0038,0.035,0.034,0.004,1.9,3GB,4C,0,CR,9,-5.7,673,0
1190,11340,26.38,2GC,2楷林,33.0,338.0,0.0,0.006,0.0348,11,0,0.014,0.02,0.0,0.199,16.0,0.0068,0.003,0.027,0.025,0.0,8.5,5GG,4C,0,CR,1,4.5,464,0
1080,11430,24.13,3GB,2楷林,46.0,533.0,0.0,0.006,0.1372,0,0,0.014,0.02,0.0,0.912,25.0,0.0095,0.0022,0.021,0.021,0.002,9.7,3GB,5A,0,HR,5,-2.3,595,0
1290,8940,22.55,3GC,2楷林,58.0,326.0,0.0,0.007,0.041,0,1,0.01,0.02,0.0,0.179,16.0,0.0094,0.003,0.025,0.024,0.0,2.8,3GB,4C,0,HR,1,-4.5,623,0
1190,10500,24.43,2GA,2楷林,29.0,338.0,0.0,0.007,0.0391,0,0,0.01,0.01,0.0,0.194,21.0,0.0056,0.003,0.018,0.017,0.0,13.5,3GB,5A,0,HGI,11,5.7,329,0
1400,11800,32.3,2GA,2楷林,13.0,521.0,0.0,0.005,0.0714,5,1,0.017,0.03,0.0,0.859,35.0,0.019,0.0012,0.022,0.022,0.002,4.0,3GB,5A,0,GI,7,-1.3,731,0
1040,10520,21.39,3GC,2楷林,70.0,441.0,0.0,0.004,0.0546,0,0,0.021,0.02,0.0,0.799,34.0,0.0093,0.0023,0.039,0.038,0.0,10.8,3GB,4C,0,PO,8,4.0,311,0
1290,10720,26.51,2GA,2楷林,40.0,339.0,0.0,0.006,0.0446,0,0,0.012,0.02,0.0,0.209,20.0,0.0078,0.0034,0.023,0.022,0.0,18.9,5GG,5A,0,HGI,4,8.6,275,1
1240,9090,22.04,2GB,2楷林,77.0,499.0,0.0,0.007,0.1895,0,0,0.011,0.02,0.0,0.854,26.0,0.0116,0.0032,0.02,0.018,0.001,13.0,5GG,5A,0,HR,12,-3.2,538,0
1250,7290,17.81,2GA,2楷林,22.0,359.0,0.0,0.005,0.0492,0,0,0.029,0.02,0.0,0.299,33.0,0.0081,0.0039,0.03,0.028,0.0,13.3,5GG,5A,0,HR,6,11.4,554,0
1000,9960,19.16,2GA,2楷林,46.0,329.0,10.1,0.005,0.0384,0,0,0.022,0.02,0.0,0.191,24.0,0.0084,0.0036,0.029,0.028,0.0,4.2,5GG,5A,1,HR,6,-5.0,279,1
950,10030,18.63,2GA,2楷林,47.0,346.0,0.0,0.005,0.0387,8,0,0.012,0.02,0.0,0.209,20.0,0.0076,0.0032,0.022,0.02,0.0,3.8,5GG,5A,0,HR,1,-3.2,507,0
1550,9440,27.92,2GA,2楷林,17.0,258.0,7.8,0.005,0.0012,0,1,0.02,0.02,0.0,0.086,18.0,0.0087,0.0037,0.028,0.026,0.003,8.9,3GB,5A,1,HR,8,0.3,306,0
1490,10440,30.41,2GB,2楷林,44.0,532.0,0.0,0.005,0.0811,3,0,0.014,0.02,0.0,0.898,30.0,0.0201,0.0027,0.026,0.025,0.001,15.1,3GB,5A,0,FH,5,3.8,471,0
1290,10970,27.67,2GD,2楷林,6.0,302.0,0.0,0.005,0.0184,0,0,0.013,0.02,0.0,0.145,12.0,0.0077,0.0029,0.036,0.033,0.0,4.9,5GG,4C,0,HR,7,-5.6,703,0
1490,9510,27.26,2GA,2楷林,4.0,258.0,15.0,0.005,0.0021,0,0,0.022,0.03,0.0,0.088,17.0,0.0082,0.0028,0.023,0.021,0.002,3.9,3GB,5A,1,HR,2,-4.0,123,1
1270,11130,27.63,2GB,2楷林,30.0,450.0,0.0,0.005,0.1462,0,0,0.015,0.02,0.0,0.484,27.0,0.0144,0.0027,0.022,0.021,0.001,4.5,3GB,5A,0,GI,7,-1.3,612,0
1290,9190,23.18,2GA,2楷林,37.0,336.0,0.0,0.007,0.0427,0,0,0.021,0.03,0.0,0.201,21.0,0.0098,0.0031,0.031,0.03,0.0,16.6,5GG,5A,0,HR,1,2.6,392,0
1570,8600,26.4,2GB,2楷林,41.0,331.0,0.0,0.005,0.0389,0,1,0.024,0.03,0.0,0.179,18.0,0.0102,0.0047,0.03,0.029,0.0,15.9,5GG,5A,0,HR,6,6.0,388,0
1300,7710,19.59,2GB,2楷林,40.0,429.0,0.0,0.005,0.1216,0,0,0.012,0.01,0.0,0.406,38.0,0.0072,0.0035,0.029,0.028,0.0,12.9,3GB,5A,0,HGI,4,4.8,469,0
1340,7860,20.59,2GA,2楷林,20.0,452.0,0.0,0.005,0.0604,0,1,0.013,0.02,0.0,0.773,35.0,0.0102,0.0025,0.03,0.029,0.001,7.8,3GB,5A,0,PO,7,-4.4,426,0
1240,11850,28.73,2GA,2楷林,40.0,267.0,0.0,0.005,0.0019,0,0,0.012,0.02,0.0,0.1,14.0,0.0088,0.0032,0.032,0.03,0.001,13.7,5GG,5A,0,GI,12,2.0,252,1
1180,11830,27.29,2GC,2楷林,2.0,270.0,0.0,0.005,0.0016,0,1,0.011,0.02,0.0,0.084,19.0,0.0099,0.004,0.024,0.022,0.001,2.6,5GG,4C,0,GA,10,-8.6,577,0
1380,11500,31.03,2GA,2楷林,97.0,306.0,0.0,0.007,0.0014,5,22,0.049,0.02,0.0,0.202,18.0,0.0421,0.0089,0.036,0.034,0.001,10.5,3GB,5A,0,GA,11,-1.8,597,0
1390,11760,31.96,2GB,2楷林,7.0,269.0,0.0,0.004,0.0022,0,0,0.013,0.02,0.0,0.09,14.0,0.0102,0.0033,0.031,0.029,0.001,16.7,5GG,5A,0,CR,9,1.5,436,0
1250,11730,28.67,2GB,2楷林,58.0,450.0,0.0,0.004,0.0583,1,1,0.018,0.02,0.0,0.801,34.0,0.0076,0.0026,0.026,0.026,0.001,5.3,3GB,5A,0,PO,9,-3.4,632,0
1520,11750,34.92,2GA,2楷林,16.0,332.0,0.0,0.007,0.0342,0,0,0.015,0.02,0.0,0.191,15.0,0.0076,0.0034,0.021,0.02,0.0,4.8,5GG,5A,0,HGI,12,0.4,581,0
1350,8130,21.46,2GA,2楷林,12.0,313.0,0.0,0.005,0.0387,0,0,0.01,0.02,0.0,0.192,17.0,0.0087,0.003,0.031,0.029,0.0,9.9,3GB,5A,0,PO,3,-0.4,365,0
1390,7510,20.41,3GC,2楷林,53.0,336.0,0.0,0.006,0.0358,0,0,0.011,0.02,0.0,0.181,19.0,0.0061,0.0035,0.025,0.024,0.0,12.5,3GB,4C,0,HGI,3,3.0,486,0
1070,8310,17.38,2GC,2楷林,47.0,530.0,0.0,0.006,0.1487,0,0,0.029,0.02,0.0,0.806,26.0,0.0107,0.0033,0.03,0.028,0.002,12.0,5GG,4C,0,HR,5,2.9,476,0
1350,11650,30.75,2GC,2楷林,5.0,313.0,0.0,0.005,0.0389,0,0,0.012,0.02,0.0,0.143,15.0,0.0079,0.0035,0.028,0.026,0.0,5.9,3GB,4C,0,CR,12,-5.5,570,0
1290,10780,27.19,2GA,2楷林,53.0,335.0,0.0,0.005,0.0409,0,0,0.018,0.03,0.0,0.196,19.0,0.0093,0.0033,0.026,0.025,0.0,13.2,5GG,5A,0,HR,11,2.3,471,0
1260,9170,22.59,2GC,2楷林,40.0,331.0,0.0,0.007,0.0408,0,0,0.009,0.02,0.0,0.208,23.0,0.0101,0.0038,0.032,0.03,0.0,8.9,5GG,4C,0,HR,10,-2.1,629,0
1230,7530,18.11,3GC,2楷林,62.0,526.0,0.0,0.006,0.1466,0,0,0.021,0.02,0.0,0.791,37.0,0.0081,0.0028,0.026,0.024,0.001,18.5,3GB,4C,0,HR,11,2.8,378,0
1570,11390,34.96,2GD,2楷林,6.0,324.0,0.0,0.007,0.0366,0,0,0.019,0.02,0.0,0.19,16.0,0.0094,0.0036,0.028,0.026,0.0,4.8,3GB,4C,0,CR,1,-6.6,529,0
1440,10010,28.18,2GA,2楷林,59.0,337.0,0.0,0.005,0.0389,0,0,0.011,0.02,0.0,0.197,14.0,0.0082,0.0032,0.027,0.026,0.0,15.9,3GB,5A,0,HGI,4,10.5,413,0
1100,11100,23.87,3GC,2楷林,93.0,354.0,0.0,0.007,0.0592,0,0,0.018,0.02,0.0,0.347,26.0,0.0092,0.0025,0.037,0.036,0.0,13.0,3GB,4C,0,CR,1,3.2,461,0
1570,9770,29.27,2GC,2楷林,10.0,253.0,8.8,0.004,0.0018,0,1,0.01,0.02,0.0,0.063,15.0,0.0072,0.003,0.03,0.026,0.004,5.0,3GB,4C,1,FH,8,-1.4,383,0
1020,11850,23.63,2GC,2楷林,82.0,332.0,0.0,0.004,0.0386,0,0,0.023,0.02,0.0,0.212,18.0,0.008,0.0035,0.026,0.023,0.0,4.1,5GG,4C,0,CR,4,-4.1,545,0
1550,7120,21.58,2GC,2楷林,3.0,256.0,0.0,0.005,0.0016,0,0,0.02,0.02,0.0,0.061,23.0,0.0081,0.004,0.032,0.031,0.004,10.7,5GG,4C,0,HR,10,2.8,355,0
1090,8110,17.28,2GC,2楷林,66.0,528.0,0.0,0.006,0.148,0,2,0.012,0.02,0.0,0.789,30.0,0.0098,0.0028,0.025,0.024,0.001,10.3,5GG,4C,0,HR,3,3.7,417,0
1090,11290,24.06,2GC,2楷林,26.0,332.0,0.0,0.006,0.0426,0,0,0.014,0.02,0.0,0.191,18.0,0.0058,0.0039,0.026,0.026,0.0,14.2,3GB,4C,0,HR,1,7.4,312,0
1300,5820,14.79,2GB,2楷林,66.0,422.0,0.0,0.006,0.1186,0,1,0.019,0.02,0.0,0.304,29.0,0.0099,0.0036,0.022,0.021,0.0,10.2,5GG,5A,0,HGI,11,-4.9,388,0
1460,11860,33.85,2GC,2楷林,12.0,267.0,0.0,0.005,0.0019,0,1,0.014,0.02,0.0,0.104,16.0,0.0107,0.0042,0.03,0.028,0.001,13.6,5GG,4C,0,GI,12,-0.1,309,0
1220,9940,23.71,3GC,2楷林,45.0,255.0,0.0,0.006,0.0021,0,1,0.015,0.02,0.0,0.073,16.0,0.008,0.0032,0.028,0.026,0.003,8.5,3GB,4C,0,HR,12,1.5,422,0
1370,8620,23.09,2GA,2楷林,49.0,327.0,0.0,0.005,0.0376,0,0,0.014,0.02,0.0,0.206,15.0,0.0078,0.0037,0.025,0.024,0.0,13.6,5GG,5A,0,HR,12,5.8,459,0
1290,8960,22.6,2GA,2楷林,30.0,330.0,0.0,0.006,0.0378,0,7,0.014,0.02,0.0,0.196,28.0,0.0105,0.0026,0.032,0.03,0.0,19.7,5GG,5A,0,HR,10,11.0,386,0
1120,11590,24.77,2GC,2楷林,38.0,279.0,13.3,0.004,0.0015,0,0,0.021,0.02,0.0,0.136,14.0,0.0118,0.0032,0.017,0.016,0.001,4.1,3GB,4C,1,HR,5,-3.0,178,1
1250,10800,26.39,2GA,2楷林,86.0,339.0,0.0,0.006,0.0382,0,0,0.013,0.02,0.0,0.203,19.0,0.0078,0.0034,0.023,0.022,0.0,12.4,5GG,5A,0,HGI,12,-0.7,348,0
1340,8290,21.72,2GA,2楷林,8.0,337.0,0.0,0.007,0.0363,0,0,0.011,0.02,0.0,0.21,13.0,0.0073,0.003,0.022,0.02,0.0,8.7,5GG,5A,0,HGI,11,-0.3,417,0
1060,9690,20.08,3GC,2楷林,46.0,325.0,0.0,0.005,0.036,0,0,0.01,0.01,0.0,0.19,18.0,0.0089,0.0034,0.031,0.028,0.0,5.8,3GB,4C,0,HR,6,-2.0,598,0
1070,8260,17.28,2GB,2楷林,78.0,523.0,0.0,0.006,0.1452,0,1,0.02,0.02,0.0,0.809,37.0,0.0104,0.0026,0.026,0.024,0.001,13.0,5GG,5A,0,HR,10,-1.5,476,0
1540,11620,34.98,2GC,2楷林,20.0,317.0,0.0,0.007,0.0019,6,1,0.051,0.02,0.0,0.195,16.0,0.0433,0.0086,0.039,0.038,0.001,10.5,5GG,4C,0,GI,11,-0.5,460,0
1240,7970,19.32,2GA,2楷林,29.0,337.0,0.0,0.005,0.0391,0,0,0.018,0.02,0.0,0.2,17.0,0.0082,0.0032,0.02,0.018,0.0,6.8,3GB,5A,0,HGI,10,-0.8,572,0
1560,11450,34.36,2GA,2楷林,6.0,261.0,12.4,0.004,0.0019,0,1,0.018,0.02,0.0,0.055,19.0,0.0092,0.0036,0.035,0.034,0.001,1.1,3GB,5A,1,CR,5,-11.4,395,0
1380,8550,23.07,2GC,2楷林,14.0,327.0,0.0,0.005,0.0395,0,0,0.011,0.02,0.0,0.182,22.0,0.011,0.0037,0.025,0.024,0.0,7.2,5GG,4C,0,HR,10,2.5,377,0
1570,8460,25.97,3GC,2楷林,3.0,261.0,0.0,0.004,0.0018,0,0,0.01,0.02,0.0,0.113,12.0,0.0087,0.0033,0.028,0.024,0.002,14.3,3GB,4C,0,CR,5,6.6,272,1
1290,8950,22.57,2GA,2楷林,33.0,326.0,0.0,0.006,0.0369,0,0,0.017,0.02,0.0,0.193,23.0,0.0076,0.0046,0.026,0.024,0.0,18.4,5GG,5A,0,HR,11,2.8,440,0
1290,9170,23.13,2GB,2楷林,69.0,331.0,0.0,0.005,0.038,0,0,0.015,0.02,0.0,0.208,23.0,0.0095,0.0034,0.024,0.023,0.0,14.8,5GG,5A,0,HR,11,5.0,371,0
1090,11260,23.99,2GA,2楷林,54.0,327.0,0.0,0.005,0.0429,0,0,0.012,0.02,0.0,0.2,13.0,0.0079,0.0035,0.021,0.02,0.0,7.1,5GG,5A,0,CR,4,-3.0,450,0
1290,8800,22.19,2GB,2楷林,60.0,336.0,0.0,0.005,0.0438,0,0,0.012,0.02,0.0,0.211,21.0,0.0143,0.0028,0.02,0.019,0.001,6.3,3GB,5A,0,HR,11,-3.0,574,0
1100,11550,24.84,2GC,2楷林,47.0,324.0,0.0,0.004,0.0015,1,1,0.055,0.03,0.0,0.69,20.0,0.0689,0.0042,0.032,0.03,0.001,10.8,5GG,4C,0,GI,7,7.2,593,0
1280,8850,22.15,2GD,2楷林,41.0,332.0,0.0,0.005,0.039,0,0,0.013,0.02,0.0,0.192,27.0,0.0096,0.003,0.032,0.03,0.0,11.9,3GB,4C,0,HR,11,-3.0,501,0
990,10790,20.88,3GB,2楷林,64.0,517.0,0.0,0.004,0.0773,1,0,0.023,0.02,0.0,0.902,21.0,0.0197,0.002,0.026,0.025,0.001,7.5,3GB,5A,0,GI,9,-2.6,550,0
1440,11390,32.07,2GC,2楷林,49.0,271.0,0.0,0.006,0.0017,0,0,0.012,0.02,0.0,0.094,15.0,0.0097,0.0032,0.022,0.02,0.002,11.4,5GG,4C,0,CR,10,-1.9,422,0
1110,11070,24.02,2GC,2楷林,65.0,301.0,0.0,0.006,0.0017,0,0,0.016,0.05,0.01,0.144,14.0,0.0498,0.0042,0.03,0.029,0.0,16.7,5GG,4C,0,GI,12,9.5,220,1
1240,11560,28.02,3GC,2楷林,49.0,428.0,0.0,0.004,0.1264,0,0,0.023,0.02,0.0,0.306,25.0,0.009,0.0028,0.028,0.027,0.0,7.9,3GB,4C,0,HGI,8,0.6,603,0
1380,11550,31.16,2GD,2楷林,2.0,271.0,0.0,0.005,0.0017,0,0,0.02,0.02,0.0,0.094,13.0,0.0102,0.0037,0.027,0.026,0.001,4.4,5GG,4C,0,CR,1,-5.8,474,0
1130,6870,15.18,2GA,2楷林,96.0,347.0,0.0,0.006,0.0449,0,0,0.01,0.02,0.0,0.205,24.0,0.0087,0.0026,0.033,0.032,0.0,4.6,5GG,5A,0,HGI,12,-3.9,588,0
1110,11810,25.63,3GC,2楷林,38.0,512.0,0.0,0.004,0.0813,2,1,0.012,0.01,0.0,0.902,41.0,0.0176,0.002,0.028,0.027,0.001,6.0,3GB,4C,0,HR,4,-6.6,603,0
1310,9510,23.97,2GC,2楷林,4.0,276.0,3.8,0.004,0.0016,0,0,0.019,0.02,0.0,0.098,16.0,0.0095,0.0035,0.032,0.03,0.001,12.8,5GG,4C,1,CR,9,1.0,210,1
1340,10150,26.09,2GA,2楷林,72.0,335.0,0.0,0.006,0.0367,0,1,0.018,0.02,0.0,0.196,22.0,0.0074,0.0031,0.038,0.037,0.001,19.1,5GG,5A,0,HR,5,4.3,512,0
1210,10450,24.72,2GA,2楷林,38.0,510.0,0.0,0.005,0.1616,0,0,0.025,0.02,0.0,0.589,33.0,0.0106,0.0023,0.042,0.04,0.0,10.7,5GG,5A,0,PosMAC,8,-2.7,507,0
1270,9330,23.16,2GA,2楷林,71.0,323.0,0.0,0.005,0.031,0,0,0.011,0.03,0.0,0.186,17.0,0.007,0.004,0.028,0.027,0.0,11.6,5GG,5A,0,HR,4,2.9,548,0
1170,10040,22.96,2GB,2楷林,47.0,532.0,0.0,0.006,0.1521,0,0,0.019,0.03,0.0,0.925,30.0,0.012,0.0033,0.025,0.023,0.001,7.2,3GB,5A,0,HR,10,3.4,427,0
1260,10380,25.57,2GC,2楷林,55.0,344.0,13.1,0.005,0.0457,0,0,0.024,0.02,0.0,0.297,16.0,0.0118,0.0033,0.021,0.019,0.0,6.4,5GG,4C,1,HR,6,0.1,384,0
1390,11390,30.46,2GC,2楷林,51.0,287.0,7.2,0.005,0.0019,0,0,0.022,0.02,0.0,0.138,15.0,0.0106,0.0033,0.029,0.028,0.002,11.8,3GB,4C,1,CR,5,4.7,238,1
1200,9110,21.1,2GC,2楷林,46.0,449.0,0.0,0.004,0.1467,0,1,0.018,0.02,0.0,0.419,29.0,0.0094,0.0029,0.028,0.027,0.0,9.7,5GG,4C,0,HR,4,-3.7,361,0
950,10360,19.24,2GA,2楷林,65.0,397.0,0.0,0.004,0.0687,0,0,0.025,0.02,0.0,0.488,30.0,0.0104,0.0036,0.038,0.037,0.0,6.4,5GG,5A,0,BP,9,0.4,561,0
1310,8820,22.59,2GA,2楷林,51.0,327.0,0.0,0.006,0.0308,0,0,0.009,0.02,0.0,0.204,12.0,0.0093,0.003,0.029,0.028,0.0,6.2,3GB,5A,0,HR,5,-4.0,660,0
1420,10870,30.18,2GB,2楷林,4.0,456.0,0.0,0.005,0.0644,0,4,0.012,0.02,0.0,0.793,38.0,0.0149,0.0027,0.034,0.033,0.001,9.1,5GG,5A,0,PO,7,2.5,407,0
1090,6670,14.21,3GC,2楷林,55.0,462.0,0.0,0.004,0.0616,1,1,0.036,0.02,0.0,0.797,33.0,0.0104,0.0023,0.038,0.037,0.001,11.1,3GB,4C,0,PO,8,3.4,387,0
1260,9400,23.16,2GA,2楷林,39.0,325.0,0.0,0.004,0.0196,14,0,0.015,0.01,0.0,0.146,21.0,0.0056,0.0032,0.043,0.042,0.0,12.8,3GB,5A,0,HR,9,0.1,429,0
1290,9790,24.69,2GB,2楷林,49.0,453.0,0.0,0.005,0.0601,0,0,0.014,0.02,0.0,0.806,35.0,0.0092,0.0026,0.039,0.038,0.0,4.7,5GG,5A,0,PO,12,0.1,612,0
1260,11290,27.81,2GA,2楷林,26.0,283.0,0.0,0.005,0.0025,0,0,0.016,0.02,0.0,0.144,15.0,0.0094,0.0035,0.033,0.031,0.001,6.2,5GG,5A,0,HR,12,-0.1,288,1
1340,11520,30.18,2GC,2楷林,66.0,526.0,0.0,0.005,0.0754,3,0,0.021,0.02,0.0,0.893,24.0,0.0188,0.0027,0.026,0.025,0.0,7.5,3GB,4C,0,FH,3,-6.3,386,0
1320,11870,30.63,2GB,2楷林,52.0,341.0,0.0,0.006,0.0404,0,0,0.013,0.02,0.0,0.199,17.0,0.0127,0.0033,0.028,0.027,0.0,31.2,5GG,5A,0,PO,4,23.7,363,0
1080,10000,21.11,2GA,2楷林,33.0,0.0,0.0,0.005,0.0395,0,0,0.021,0.02,0.0,0.201,18.0,0.0093,0.004,0.028,0.027,0.0,3.6,3GB,5A,0,HR,8,2.3,574,0
1450,10100,28.63,3GB,2楷林,9.0,338.0,0.0,0.004,0.0399,0,0,0.011,0.02,0.0,0.197,12.0,0.0081,0.0031,0.021,0.02,0.0,8.3,3GB,5A,0,HGI,3,-1.4,527,0
1430,7960,22.25,2GB,2楷林,14.0,434.0,0.0,0.006,0.1293,0,0,0.013,0.02,0.0,0.294,32.0,0.0119,0.0022,0.025,0.024,0.0,9.3,5GG,5A,0,HGI,4,3.5,606,0
1380,11720,30.86,2GC,2楷林,40.0,268.0,6.3,0.005,0.002,0,0,0.011,0.02,0.0,0.094,17.0,0.0093,0.0036,0.027,0.025,0.0,8.4,2GB,4C,1,GI,10,-3.7,298,1
1030,9710,19.55,2GA,2楷林,61.0,332.0,0.0,0.006,0.0395,0,0,0.022,0.02,0.0,0.196,28.0,0.0087,0.0028,0.029,0.028,0.0,7.5,5GG,5A,0,HR,2,-3.7,606,0
1280,9210,23.05,2GC,2楷林,47.0,319.0,0.0,0.006,0.0294,0,0,0.019,0.01,0.0,0.18,21.0,0.0066,0.0028,0.022,0.021,0.0,13.8,5GG,4C,0,HR,1,3.9,409,0
1250,11650,27.79,2GA,2楷林,22.0,259.0,10.8,0.004,0.0022,0,0,0.016,0.02,0.0,0.072,17.0,0.0077,0.0036,0.033,0.026,0.002,6.8,3GB,5A,1,HR,7,-1.9,299,1
1510,11670,34.45,2GA,2楷林,5.0,348.0,0.0,0.005,0.0491,0,0,0.015,0.02,0.0,0.314,23.0,0.0098,0.0037,0.028,0.027,0.0,14.5,3GB,5A,0,CR,12,8.9,263,1
1400,11810,32.32,2GC,2楷林,10.0,521.0,0.0,0.005,0.0739,4,1,0.014,0.02,0.0,0.917,30.0,0.0194,0.0026,0.029,0.029,0.001,7.0,3GB,4C,0,GI,4,-2.7,445,0
1410,11590,31.95,2GA,2楷林,36.0,272.0,0.0,0.007,0.0018,0,0,0.01,0.02,0.0,0.096,18.0,0.0105,0.0033,0.028,0.026,0.002,6.0,3GB,5A,0,CR,10,-6.8,652,0
1320,8750,22.58,2GA,2楷林,17.0,306.0,0.0,0.006,0.0217,0,0,0.008,0.02,0.0,0.207,21.0,0.0075,0.0105,0.019,0.016,0.0,4.5,3GB,5A,0,HR,4,-0.9,787,0
1170,8960,20.49,3GC,2楷林,51.0,517.0,0.0,0.006,0.1174,1,0,0.013,0.02,0.0,1.193,30.0,0.0142,0.0023,0.021,0.02,0.001,4.6,3GB,4C,0,HGI,3,-7.8,654,0
1470,10810,30.54,2GA,2楷林,44.0,330.0,0.0,0.005,0.0376,0,0,0.014,0.02,0.0,0.206,15.0,0.0078,0.0037,0.025,0.024,0.0,13.8,5GG,5A,0,HR,12,6.1,347,0
1440,10630,29.93,2GB,2楷林,4.0,421.0,0.0,0.004,0.1012,0,0,0.031,0.02,0.0,0.43,30.0,0.0084,0.004,0.025,0.023,0.0,3.7,3GB,5A,0,HGI,7,-6.3,578,0
1030,11860,23.88,2GA,2楷林,58.0,326.0,0.0,0.005,0.0414,0,0,0.013,0.02,0.0,0.196,26.0,0.009,0.0025,0.023,0.022,0.001,12.1,5GG,5A,0,CR,9,1.2,405,0
1320,8430,21.75,2GA,2楷林,52.0,302.0,0.0,0.006,0.0201,0,0,0.013,0.02,0.0,0.189,17.0,0.008,0.0033,0.019,0.018,0.0,6.9,5GG,5A,0,HR,12,-6.9,663,0
1530,11680,34.1,2GD,2楷林,3.0,269.0,7.9,0.005,0.0015,0,1,0.021,0.02,0.0,0.068,20.0,0.0087,0.0041,0.032,0.03,0.002,8.0,3GB,4C,1,EG,10,-0.2,264,1
960,10090,18.94,2GA,2楷林,19.0,324.0,0.0,0.005,0.0142,19,0,0.01,0.02,0.0,0.131,17.0,0.0087,0.0027,0.026,0.026,0.0,3.8,3GB,5A,0,GI,6,-2.6,612,0
1550,8340,25.27,2GA,2楷林,24.0,335.0,0.0,0.004,0.0348,1,0,0.011,0.02,0.0,0.18,18.0,0.0073,0.0032,0.02,0.02,0.0,16.5,5GG,5A,0,HGI,8,5.8,482,0
1190,11710,27.24,3GC,2楷林,41.0,423.0,0.0,0.006,0.1248,0,0,0.016,0.02,0.0,0.3,22.0,0.0099,0.0027,0.026,0.025,0.0,4.9,3GB,4C,0,HGI,4,-3.3,623,0
1190,11110,25.3,2GB,2楷林,38.0,552.0,0.0,0.005,0.0732,2,1,0.019,0.02,0.0,1.079,36.0,0.0186,0.002,0.024,0.023,0.002,6.6,5GG,5A,0,GI,10,-1.0,559,0
1190,10690,24.87,2GC,2楷林,91.0,437.0,0.0,0.007,0.0539,0,0,0.019,0.02,0.0,0.797,44.0,0.0092,0.0024,0.036,0.034,0.001,13.7,5GG,4C,0,PO,11,-0.3,314,0
1270,10350,25.7,2GA,2楷林,10.0,338.0,0.0,0.004,0.0421,0,0,0.011,0.01,0.0,0.284,37.0,0.0074,0.0025,0.029,0.028,0.0,12.4,5GG,5A,0,HR,6,4.4,367,0
1290,9160,23.1,2GA,2楷林,14.0,326.0,0.0,0.004,0.0347,0,1,0.023,0.02,0.0,0.184,18.0,0.0093,0.0036,0.024,0.022,0.0,8.2,5GG,5A,0,HR,6,-4.2,509,0
1410,11450,31.56,2GA,2楷林,25.0,345.0,0.0,0.006,0.042,0,0,0.015,0.01,0.0,0.203,37.0,0.0066,0.0029,0.027,0.026,0.0,5.5,3GB,5A,0,CR,4,-1.9,683,0
1290,8370,21.11,2GB,2楷林,17.0,551.0,0.0,0.006,0.1956,0,0,0.017,0.02,0.0,0.807,37.0,0.0115,0.0023,0.019,0.018,0.001,8.2,5GG,5A,0,PO,5,-2.4,563,0
1390,11100,30.16,2GA,2楷林,4.0,326.0,0.0,0.007,0.0353,0,0,0.012,0.02,0.0,0.188,27.0,0.0061,0.0025,0.023,0.021,0.0,12.0,5GG,5A,0,HR,11,6.4,489,0
1300,8790,22.34,2GC,2楷林,7.0,539.0,0.0,0.006,0.1891,0,0,0.017,0.02,0.0,0.863,35.0,0.0122,0.0034,0.021,0.019,0.001,5.6,5GG,4C,0,HR,10,-2.5,566,0
1170,8690,19.62,2GC,2楷林,48.0,428.0,0.0,0.006,0.0995,0,0,0.01,0.01,0.0,0.491,23.0,0.0092,0.0028,0.023,0.022,0.0,6.6,3GB,4C,0,HR,6,0.7,553,0
960,11710,21.98,3GC,2楷林,45.0,351.0,0.0,0.004,0.0574,0,1,0.025,0.03,0.0,0.339,26.0,0.0147,0.0038,0.036,0.034,0.0,5.8,3GB,4C,0,CR,8,-4.6,583,0
1390,11400,30.98,2GD,2楷林,25.0,433.0,0.0,0.005,0.0526,0,0,0.009,0.01,0.0,0.782,28.0,0.0108,0.0023,0.03,0.029,0.0,6.2,5GG,4C,0,PO,6,1.2,566,0
1050,11830,24.28,2GC,2楷林,85.0,285.0,0.0,0.005,0.0015,0,0,0.015,0.02,0.0,0.146,21.0,0.0095,0.0042,0.029,0.027,0.002,8.8,5GG,4C,0,GA,5,2.1,367,0
1330,7110,18.49,2GC,2楷林,22.0,424.0,0.0,0.005,0.1147,0,0,0.011,0.02,0.0,0.352,26.0,0.0063,0.0038,0.02,0.019,0.0,10.9,5GG,4C,0,HGI,4,-0.6,316,0
1400,9970,27.0,3GC,2楷林,11.0,334.0,0.0,0.005,0.0347,0,0,0.014,0.02,0.0,0.184,18.0,0.0112,0.0038,0.019,0.015,0.0,6.1,3GB,4C,0,HGI,8,0.5,586,0
1270,10080,25.03,2GA,2楷林,8.0,274.0,0.0,0.004,0.0022,0,0,0.008,0.02,0.0,0.105,8.0,0.0092,0.0029,0.036,0.035,0.001,9.5,3GB,5A,1,CR,4,0.0,325,0
910,10180,17.82,2GC,2楷林,74.0,337.0,9.3,0.004,0.0442,0,0,0.016,0.02,0.0,0.205,22.0,0.0093,0.0031,0.027,0.026,0.0,9.6,3GB,4C,1,HR,9,2.6,308,0
1370,11500,30.8,2GA,2楷林,82.0,264.0,0.0,0.005,0.0016,0,0,0.02,0.03,0.0,0.095,21.0,0.0099,0.0037,0.027,0.024,0.001,8.8,5GG,5A,0,GI,11,-3.4,413,0
1570,11400,34.99,2GA,2楷林,3.0,279.0,0.0,0.005,0.0023,0,0,0.017,0.02,0.0,0.109,21.0,0.0097,0.0034,0.027,0.024,0.001,15.7,5GG,5A,0,GI,2,9.2,361,0
1540,10140,30.53,2GA,2楷林,53.0,323.0,0.0,0.005,0.0318,0,3,0.023,0.04,0.01,0.199,16.0,0.0081,0.0027,0.021,0.019,0.0,13.2,5GG,5A,0,HR,3,2.8,464,0
1060,10360,21.47,3GC,2楷林,48.0,299.0,0.0,0.007,0.0013,0,0,0.098,0.02,0.0,0.143,11.0,0.0173,0.0091,0.032,0.031,0.0,2.9,3GB,4C,0,GI,4,-6.2,675,0
1210,8360,19.78,2GB,2楷林,79.0,418.0,0.0,0.005,0.1104,0,0,0.021,0.02,0.0,0.451,55.0,0.0119,0.0025,0.028,0.027,0.001,8.1,5GG,5A,0,HGI,8,-2.7,444,0
1270,9330,23.16,2GA,2楷林,36.0,326.0,0.0,0.005,0.033,0,0,0.02,0.03,0.0,0.19,16.0,0.0138,0.0038,0.026,0.024,0.0,14.4,5GG,5A,0,HR,5,1.0,292,1
1160,8860,20.09,3GC,2楷林,27.0,328.0,0.0,0.005,0.0318,0,0,0.011,0.02,0.0,0.19,30.0,0.0073,0.0029,0.022,0.021,0.0,10.1,3GB,4C,0,HR,12,-3.9,454,0
920,11780,21.19,2GA,2楷林,68.0,395.0,0.0,0.005,0.0664,0,0,0.023,0.02,0.0,0.482,29.0,0.0124,0.0031,0.043,0.041,0.0,4.9,3GB,5A,0,BP,8,-5.5,625,0
1270,10150,25.2,2GB,2楷林,13.0,392.0,0.0,0.006,0.0867,0,0,0.012,0.02,0.0,0.294,21.0,0.0098,0.0032,0.026,0.026,0.0,7.8,5GG,5A,0,HR,3,-6.9,477,0
1280,8350,20.9,3GC,2楷林,55.0,420.0,0.0,0.004,0.1054,0,0,0.012,0.01,0.0,0.449,26.0,0.0095,0.0026,0.024,0.02,0.0,10.2,3GB,4C,0,HGI,8,-5.2,592,0
1270,11040,27.41,2GA,2楷林,17.0,274.0,0.0,0.005,0.0026,0,2,0.026,0.02,0.0,0.094,16.0,0.0099,0.0043,0.031,0.028,0.001,5.0,5GG,5A,0,CR,7,-6.8,507,0
1270,7820,19.42,3GC,2楷林,4.0,277.0,0.0,0.004,0.0019,0,0,0.019,0.02,0.0,0.09,16.0,0.0099,0.0035,0.028,0.027,0.001,4.5,3GB,4C,0,CR,9,-3.9,651,0
1120,10150,22.22,2GC,2楷林,71.0,549.0,0.0,0.007,0.1472,0,1,0.02,0.02,0.0,0.858,26.0,0.0126,0.0031,0.021,0.019,0.002,11.9,5GG,4C,0,HR,10,-3.2,466,0
1330,9360,24.34,2GC,2楷林,26.0,444.0,0.0,0.006,0.1284,0,0,0.014,0.02,0.0,0.451,22.0,0.0117,0.0027,0.02,0.02,0.001,13.9,5GG,4C,0,HGI,1,7.6,431,0
1400,8250,22.58,2GD,2楷林,17.0,323.0,0.0,0.005,0.0359,0,3,0.02,0.02,0.0,0.197,27.0,0.0068,0.0036,0.028,0.026,0.0,14.5,5GG,4C,0,HR,11,8.5,446,0
1460,7010,19.73,2GA,2楷林,9.0,283.0,0.0,0.006,0.0019,0,16,0.011,0.02,0.0,0.092,14.0,0.0096,0.0031,0.027,0.025,0.001,13.2,5GG,5A,0,GI,2,11.2,316,0
1240,10500,25.45,2GB,2楷林,12.0,424.0,0.0,0.005,0.1167,0,0,0.02,0.02,0.0,0.301,35.0,0.0102,0.0026,0.02,0.018,0.0,7.8,5GG,5A,0,HGI,3,0.6,585,0
1260,9380,23.11,2GB,2楷林,5.0,368.0,0.0,0.005,0.0403,18,1,0.017,0.02,0.0,0.201,17.0,0.0116,0.0038,0.026,0.023,0.0,8.1,5GG,5A,0,HR,1,3.6,556,0
1510,11830,34.36,2GA,2楷林,22.0,254.0,14.1,0.006,0.0012,0,0,0.009,0.02,0.0,0.062,15.0,0.0079,0.0031,0.029,0.026,0.002,1.2,3GB,5A,1,GI,1,-5.4,323,0
1130,9790,21.15,2GD,2楷林,59.0,332.0,0.0,0.006,0.0389,0,0,0.021,0.02,0.0,0.202,25.0,0.0082,0.0042,0.03,0.029,0.0,18.4,5GG,4C,0,HR,11,2.1,288,1
1280,7980,19.97,2GA,2楷林,39.0,362.0,0.0,0.005,0.0416,17,0,0.02,0.02,0.0,0.123,12.0,0.0099,0.0037,0.021,0.021,0.0,6.4,5GG,5A,0,HR,5,-0.5,758,0
1290,8550,21.56,2GA,2楷林,80.0,351.0,0.0,0.006,0.0407,11,0,0.012,0.02,0.0,0.25,13.0,0.006,0.0031,0.032,0.03,0.0,10.4,5GG,5A,0,HR,1,-2.2,571,0
1400,11720,31.31,2GD,2楷林,8.0,247.0,11.9,0.006,0.0015,0,2,0.012,0.02,0.0,0.06,14.0,0.0071,0.0036,0.028,0.026,0.004,4.3,3GB,4C,1,GI,1,-7.3,336,0
1070,10020,20.96,2GC,2楷林,28.0,330.0,0.0,0.006,0.04,0,0,0.006,0.02,0.0,0.131,13.0,0.0094,0.0032,0.026,0.026,0.0,15.0,5GG,4C,0,PO,4,4.6,397,0
1320,11660,30.09,2GC,2楷林,11.0,324.0,0.0,0.006,0.0393,0,0,0.009,0.02,0.0,0.194,25.0,0.0099,0.0032,0.022,0.02,0.0,16.2,5GG,4C,0,HR,4,8.4,375,0
1410,11550,31.33,2GC,2楷林,3.0,477.0,70.0,0.005,0.0752,1,1,0.017,0.02,0.0,1.291,18.0,0.009,0.0019,0.019,0.018,0.001,34.8,5GG,4C,1,PO,8,27.2,393,0
1100,11100,23.87,3GC,2楷林,67.0,355.0,0.0,0.006,0.0594,0,0,0.013,0.01,0.0,0.351,31.0,0.008,0.0026,0.031,0.03,0.0,6.3,3GB,4C,0,CR,1,-0.4,484,0
1420,9790,27.18,2GC,2楷林,34.0,257.0,0.0,0.007,0.0024,0,0,0.011,0.02,0.0,0.074,24.0,0.0084,0.0033,0.032,0.031,0.002,16.0,3GB,4C,0,HR,10,6.4,368,0
1290,9160,23.1,2GA,2楷林,101.0,341.0,0.0,0.007,0.046,0,0,0.017,0.02,0.0,0.209,22.0,0.0098,0.0043,0.029,0.028,0.0,7.4,3GB,5A,0,HR,1,-5.1,476,0
1300,11730,29.81,2GA,2楷林,55.0,336.0,0.0,0.006,0.0368,0,0,0.012,0.01,0.0,0.205,25.0,0.0082,0.0032,0.017,0.016,0.0,11.6,5GG,5A,0,HGI,10,-3.8,553,0
1460,11870,33.88,3GC,2楷林,15.0,253.0,0.0,0.006,0.0019,0,0,0.012,0.02,0.0,0.067,22.0,0.008,0.0031,0.028,0.026,0.003,5.3,3GB,4C,0,CR,10,-6.0,611,0
1390,5690,15.46,2GC,2楷林,38.0,337.0,0.0,0.005,0.0333,0,0,0.011,0.01,0.0,0.186,21.0,0.008,0.0027,0.026,0.025,0.0,17.0,3GB,4C,0,PO,1,7.5,285,1
1400,9370,25.65,2GC,2楷林,22.0,295.0,0.0,0.006,0.0196,0,0,0.011,0.02,0.0,0.198,20.0,0.0081,0.0027,0.025,0.024,0.0,7.9,5GG,4C,0,CR,2,-4.4,500,0
1410,10230,28.2,2GB,2楷林,35.0,526.0,0.0,0.005,0.1451,0,0,0.011,0.02,0.0,0.886,32.0,0.01,0.0024,0.03,0.028,0.001,6.9,5GG,5A,0,HR,5,-4.1,443,0
1280,11400,28.53,2GC,2楷林,52.0,429.0,0.0,0.007,0.1232,0,1,0.018,0.02,0.0,0.342,27.0,0.0118,0.0037,0.019,0.016,0.002,10.1,5GG,4C,0,HGI,1,-1.1,518,0
1270,8270,20.53,3GC,2楷林,31.0,320.0,0.0,0.005,0.0371,0,0,0.012,0.02,0.0,0.187,17.0,0.0076,0.0037,0.026,0.024,0.0,12.0,3GB,4C,0,HR,12,4.5,473,0
1430,11290,31.56,2GA,2楷林,25.0,335.0,0.0,0.006,0.042,0,0,0.017,0.02,0.0,0.202,22.0,0.0083,0.0028,0.025,0.022,0.0,10.5,5GG,5A,0,HGI,3,0.4,482,0
1300,11810,30.02,2GD,2楷林,49.0,496.0,0.0,0.007,0.1617,1,1,0.013,0.01,0.0,0.8,32.0,0.0088,0.0023,0.033,0.032,0.001,11.9,5GG,4C,0,HR,1,4.7,351,0
1230,11370,27.34,2GB,2楷林,42.0,522.0,0.0,0.006,0.0804,3,0,0.014,0.01,0.0,0.895,31.0,0.0196,0.0025,0.032,0.031,0.001,15.0,3GB,5A,0,FH,10,2.6,321,0
1570,11400,34.99,2GA,2楷林,71.0,274.0,0.0,0.004,0.0018,0,0,0.01,0.02,0.0,0.097,22.0,0.0101,0.0031,0.033,0.032,0.001,10.8,5GG,5A,0,GI,8,1.7,432,0
1240,9200,22.3,2GB,2楷林,29.0,419.0,0.0,0.006,0.1131,0,0,0.027,0.02,0.0,0.312,32.0,0.0078,0.0031,0.021,0.02,0.0,6.9,5GG,5A,0,HGI,11,-4.0,641,0
1030,11410,22.53,2GC,2楷林,90.0,354.0,0.0,0.005,0.058,0,0,0.012,0.02,0.0,0.338,26.0,0.0081,0.0025,0.031,0.03,0.0,9.2,5GG,4C,0,CR,7,-0.2,532,0
1040,11800,23.99,2GC,2楷林,32.0,321.0,0.0,0.004,0.0345,0,0,0.023,0.02,0.0,0.194,28.0,0.0083,0.0032,0.021,0.021,0.0,12.6,5GG,4C,0,CR,7,8.1,416,0
1510,9740,28.29,2GA,2楷林,22.0,305.0,10.4,0.006,0.0013,0,0,0.012,0.05,0.02,0.137,16.0,0.0518,0.0037,0.032,0.031,0.001,5.9,3GB,5A,1,GI,3,0.4,384,0
1180,9650,21.91,2GB,2楷林,59.0,331.0,12.9,0.006,0.0394,0,0,0.008,0.01,0.0,0.181,20.0,0.0074,0.0028,0.028,0.027,0.0,0.6,3GB,5A,1,HR,1,-9.4,311,0
1030,11860,23.88,2GA,2楷林,79.0,355.0,0.0,0.007,0.0575,0,0,0.012,0.01,0.0,0.358,29.0,0.009,0.0029,0.029,0.027,0.0,7.8,5GG,5A,0,CR,10,-0.5,532,0
1070,8660,18.12,2GB,2楷林,93.0,527.0,0.0,0.005,0.1317,0,1,0.034,0.03,0.0,0.844,30.0,0.0154,0.0035,0.031,0.03,0.001,10.6,5GG,5A,0,HR,6,2.9,507,0
1290,8960,22.6,2GA,2楷林,36.0,333.0,0.0,0.006,0.0406,0,0,0.022,0.02,0.0,0.197,19.0,0.006,0.0035,0.022,0.019,0.0,7.6,3GB,5A,0,HR,6,-2.8,623,0
1210,10750,25.43,2GB,2楷林,58.0,447.0,0.0,0.004,0.1585,0,0,0.022,0.02,0.0,0.284,22.0,0.0094,0.003,0.035,0.034,0.0,11.4,3GB,5A,0,HR,8,4.3,472,0
1310,8990,22.58,2GA,2楷林,21.0,339.0,0.0,0.004,0.0428,0,0,0.019,0.02,0.0,0.216,22.0,0.0086,0.0046,0.028,0.027,0.0,7.9,5GG,5A,0,HR,9,-1.1,590,0
990,6570,12.72,2GC,2楷林,15.0,333.0,0.0,0.006,0.0391,0,0,0.014,0.02,0.0,0.153,22.0,0.0076,0.0027,0.027,0.026,0.0,16.1,5GG,4C,0,PO,4,5.8,259,1
1460,9760,27.86,2GC,2楷林,7.0,272.0,0.0,0.006,0.0021,0,0,0.019,0.02,0.0,0.089,12.0,0.0092,0.004,0.035,0.034,0.001,9.9,3GB,4C,0,CR,5,-1.3,399,0
1040,10590,21.22,2GC,2楷林,66.0,524.0,0.0,0.004,0.1407,0,0,0.023,0.03,0.0,0.885,33.0,0.0117,0.0027,0.028,0.026,0.001,7.6,5GG,4C,0,HR,8,-5.0,514,0
970,9800,18.58,2GC,2楷林,76.0,329.0,0.0,0.005,0.0363,0,0,0.018,0.02,0.0,0.183,22.0,0.0083,0.0028,0.017,0.016,0.0,4.1,5GG,4C,0,BP,6,-3.8,663,0
1240,7170,17.38,2GA,2楷林,32.0,339.0,0.0,0.004,0.0352,0,0,0.012,0.02,0.0,0.193,32.0,0.0083,0.0022,0.028,0.026,0.0,9.3,3GB,5A,0,PO,4,-0.9,644,0
1410,8330,22.59,2GA,2楷林,16.0,290.0,13.0,0.006,0.0022,0,0,0.012,0.02,0.0,0.145,23.0,0.0092,0.0034,0.026,0.024,0.001,3.4,3GB,5A,1,CR,4,-2.8,309,0
980,11250,21.21,2GA,2楷林,62.0,314.0,14.4,0.006,0.0016,7,3,0.059,0.02,0.0,0.195,19.0,0.0456,0.0101,0.036,0.034,0.001,5.4,5GG,5A,1,GI,10,-7.7,211,1
1230,6760,16.26,2GA,2楷林,46.0,458.0,0.0,0.006,0.0638,0,0,0.021,0.02,0.0,0.836,29.0,0.012,0.0029,0.042,0.041,0.0,3.6,3GB,5A,0,PO,12,-4.4,678,0
1190,11790,27.43,2GA,2楷林,63.0,434.0,0.0,0.007,0.0587,0,0,0.013,0.02,0.0,0.806,38.0,0.0136,0.0026,0.022,0.021,0.002,8.7,3GB,5A,0,PO,12,3.3,634,0
1260,11040,27.19,2GA,2楷林,42.0,295.0,0.0,0.005,0.0177,0,0,0.011,0.02,0.0,0.202,17.0,0.0075,0.0038,0.018,0.016,0.0,8.5,3GB,5A,0,CR,7,1.3,574,0
1380,11800,31.07,2GA,2楷林,15.0,265.0,11.6,0.005,0.0023,0,0,0.012,0.02,0.0,0.066,13.0,0.0077,0.0034,0.028,0.025,0.002,4.9,5GG,5A,1,CR,12,-5.7,380,0
1240,9570,23.2,2GA,2楷林,23.0,422.0,0.0,0.006,0.114,0,0,0.01,0.02,0.0,0.307,35.0,0.0132,0.0023,0.028,0.027,0.001,12.2,3GB,5A,0,HGI,12,0.1,347,0
1080,9970,21.05,2GC,2楷林,43.0,325.0,0.0,0.006,0.0404,0,1,0.014,0.01,0.0,0.198,21.0,0.0057,0.0032,0.026,0.025,0.0,8.1,5GG,4C,0,HR,2,2.6,569,0
1130,10010,22.11,2GA,2楷林,50.0,334.0,0.0,0.005,0.0406,0,0,0.015,0.02,0.0,0.188,20.0,0.0093,0.0034,0.022,0.021,0.0,5.9,3GB,5A,0,HR,5,-1.4,718,0
1020,10060,20.06,2GA,2楷林,86.0,502.0,0.0,0.005,0.036,13,3,0.014,0.01,0.0,0.23,16.0,0.0045,0.0049,0.035,0.034,0.0,7.6,5GG,5A,0,HR,4,-4.8,580,0
1270,11650,28.93,3GC,2楷林,25.0,473.0,0.0,0.006,0.0686,0,0,0.018,0.02,0.0,0.621,25.0,0.0191,0.004,0.028,0.027,0.002,8.3,3GB,4C,0,GI,11,0.0,382,0
1350,7750,20.15,2GC,2楷林,2.0,282.0,0.0,0.006,0.002,0,2,0.02,0.02,0.0,0.097,20.0,0.0092,0.0035,0.037,0.035,0.002,13.9,3GB,4C,0,CR,5,6.9,302,0
1300,7900,20.08,2GB,2楷林,30.0,450.0,0.0,0.004,0.0606,0,0,0.013,0.02,0.0,0.788,33.0,0.0128,0.0028,0.033,0.032,0.001,1.9,3GB,5A,0,PO,7,-3.5,702,0
1370,8300,21.82,2GA,2楷林,44.0,332.0,0.0,0.005,0.0396,0,0,0.014,0.02,0.0,0.173,13.0,0.0068,0.004,0.021,0.02,0.0,7.9,5GG,5A,0,FH,12,-7.1,426,0
1290,8990,22.67,2GB,2楷林,30.0,346.0,0.0,0.005,0.0447,0,0,0.014,0.02,0.0,0.197,16.0,0.0092,0.003,0.023,0.021,0.0,10.5,5GG,5A,0,HR,11,-1.3,421,0
1190,11710,26.81,2GA,2楷林,1.0,284.0,7.1,0.004,0.002,0,1,0.014,0.02,0.0,0.142,12.0,0.009,0.004,0.03,0.027,0.002,7.3,3GB,5A,1,FH,7,2.0,284,1
1190,11230,26.13,2GC,2楷林,22.0,496.0,0.0,0.005,0.1796,0,0,0.017,0.02,0.0,0.787,36.0,0.0092,0.0024,0.031,0.03,0.0,7.9,3GB,4C,0,HR,5,0.2,580,0
910,7850,13.97,2GC,2楷林,28.0,343.0,0.0,0.006,0.0472,0,0,0.012,0.02,0.0,0.292,30.0,0.0107,0.0031,0.038,0.037,0.0,12.2,5GG,4C,0,PO,10,0.5,309,0
1250,8340,20.38,2GD,2楷林,14.0,550.0,0.0,0.006,0.1924,0,0,0.011,0.02,0.0,0.861,36.0,0.0098,0.0026,0.027,0.026,0.0,11.7,5GG,4C,0,HGI,11,7.4,431,0
970,8280,15.45,2GA,2楷林,52.0,324.0,6.1,0.005,0.0366,0,0,0.009,0.02,0.0,0.189,21.0,0.0086,0.0026,0.018,0.017,0.0,8.8,3GB,5A,1,CR,7,2.8,278,1
1380,7270,19.61,2GB,2楷林,27.0,397.0,0.0,0.005,0.0745,0,0,0.016,0.02,0.0,0.454,31.0,0.0077,0.0026,0.028,0.027,0.0,15.0,5GG,5A,0,HR,12,3.9,496,0
1300,11850,29.63,2GC,2楷林,2.0,316.0,11.2,0.005,0.0328,0,13,0.024,0.02,0.0,0.172,18.0,0.0083,0.0039,0.027,0.026,0.0,4.6,3GB,4C,1,HR,2,-11.3,231,1
1370,10400,27.85,2GB,2楷林,25.0,444.0,0.0,0.005,0.0588,0,0,0.01,0.02,0.0,0.798,28.0,0.0088,0.0023,0.026,0.024,0.0,15.7,5GG,5A,0,PO,12,-2.3,276,1
1420,11640,31.74,2GA,2楷林,2.0,324.0,0.0,0.006,0.0399,0,0,0.022,0.02,0.0,0.213,18.0,0.0075,0.0049,0.023,0.02,0.0,3.9,5GG,5A,0,CR,1,-1.9,594,0
1430,9410,26.31,3GC,2楷林,36.0,338.0,0.0,0.007,0.0398,0,0,0.021,0.01,0.0,0.192,28.0,0.0067,0.0026,0.033,0.032,0.0,9.6,3GB,4C,0,HGI,2,-5.6,512,0
980,11780,22.57,2GA,2楷林,59.0,304.0,0.0,0.005,0.0224,1,1,0.019,0.02,0.0,0.192,30.0,0.009,0.0035,0.019,0.019,0.0,8.6,5GG,5A,0,CR,8,-2.6,485,0
1260,9290,22.88,2GA,2楷林,34.0,335.0,0.0,0.005,0.0356,0,0,0.019,0.02,0.0,0.195,24.0,0.0094,0.003,0.019,0.018,0.0,9.1,5GG,5A,0,HGI,7,-2.1,558,0
1190,10000,23.26,2GB,2楷林,15.0,421.0,0.0,0.007,0.1172,0,1,0.015,0.01,0.0,0.468,37.0,0.0051,0.0025,0.014,0.013,0.0,11.8,5GG,5A,0,HR,1,1.9,440,0
1390,7470,20.3,2GA,2楷林,73.0,317.0,0.0,0.005,0.0388,0,0,0.021,0.02,0.0,0.18,18.0,0.0088,0.0044,0.028,0.027,0.0,9.1,5GG,5A,0,CR,5,-4.8,539,0
1000,8030,15.7,3GB,2楷林,58.0,467.0,0.0,0.005,0.0641,2,0,0.021,0.02,0.0,0.605,32.0,0.0186,0.0022,0.029,0.024,0.001,7.0,3GB,5A,0,GI,8,-0.3,570,0
1070,11510,24.08,2GA,2楷林,77.0,341.0,0.0,0.005,0.0377,0,0,0.009,0.02,0.0,0.2,12.0,0.0101,0.0033,0.019,0.018,0.0,46.6,5GG,5A,0,CR,4,35.9,405,0
1380,11630,31.38,2GB,2楷林,41.0,491.0,0.0,0.006,0.1954,0,0,0.013,0.02,0.0,0.471,39.0,0.011,0.0032,0.024,0.022,0.0,7.8,5GG,5A,0,HR,11,-0.5,584,0
1270,11630,28.88,2GD,2楷林,41.0,337.0,0.0,0.004,0.0405,0,0,0.016,0.02,0.0,0.2,18.0,0.0102,0.0032,0.025,0.024,0.0,7.6,5GG,4C,0,HGI,9,-3.3,551,0
1230,9360,22.51,2GB,2楷林,37.0,530.0,0.0,0.007,0.1382,0,0,0.015,0.02,0.0,0.854,24.0,0.0077,0.0021,0.021,0.02,0.0,10.8,3GB,5A,0,HGI,1,-3.3,522,0
1140,11430,25.47,2GC,2楷林,57.0,251.0,0.0,0.005,0.0021,0,0,0.009,0.02,0.0,0.105,23.0,0.0087,0.0031,0.028,0.027,0.002,6.4,5GG,4C,0,CR,4,-2.8,470,0
1130,7320,15.81,2GA,2楷林,95.0,459.0,0.0,0.007,0.0595,0,0,0.022,0.03,0.0,0.792,33.0,0.0096,0.0024,0.033,0.032,0.0,6.1,3GB,5A,0,PO,1,-2.1,645,0
1220,8890,21.2,2GB,2楷林,11.0,428.0,0.0,0.005,0.1118,0,0,0.024,0.02,0.0,0.446,30.0,0.0112,0.0026,0.029,0.028,0.0,6.5,5GG,5A,0,HGI,7,-4.3,621,0
1290,11790,29.73,2GA,2楷林,24.0,333.0,0.0,0.005,0.0378,0,1,0.022,0.02,0.0,0.178,23.0,0.008,0.0044,0.022,0.02,0.0,6.2,5GG,5A,0,HGI,8,-2.4,669,0
1250,9430,23.04,2GB,2楷林,45.0,523.0,0.0,0.005,0.1378,0,1,0.013,0.02,0.0,0.881,35.0,0.0093,0.0023,0.024,0.022,0.001,13.6,5GG,5A,0,HR,12,5.9,278,1
940,8640,15.88,3GC,2楷林,75.0,303.0,0.0,0.005,0.0023,16,0,0.064,0.07,0.0,0.544,13.0,0.0137,0.0035,0.024,0.023,0.001,11.3,3GB,4C,0,BP,7,4.4,422,0
1290,8710,21.97,2GC,2楷林,22.0,323.0,0.0,0.006,0.0347,0,0,0.01,0.02,0.0,0.192,22.0,0.0103,0.0027,0.028,0.026,0.0,12.0,5GG,4C,0,HR,10,3.9,588,0
1120,7480,16.38,2GB,2楷林,47.0,428.0,0.0,0.006,0.1081,0,0,0.014,0.02,0.0,0.449,27.0,0.01,0.0024,0.025,0.024,0.0,16.0,5GG,5A,0,HGI,1,1.6,440,0
940,8640,15.88,3GC,2楷林,46.0,304.0,0.0,0.005,0.0025,17,0,0.057,0.07,0.0,0.528,21.0,0.0137,0.0039,0.03,0.028,0.002,3.5,3GB,4C,0,BP,7,-7.4,713,0
1100,8890,19.12,3GC,2楷林,58.0,368.0,0.0,0.005,0.0404,15,0,0.016,0.02,0.0,0.184,24.0,0.0105,0.0039,0.018,0.016,0.0,6.0,3GB,4C,0,HR,12,-0.8,649,0
960,11870,22.28,3GC,2楷林,52.0,395.0,0.0,0.006,0.0699,0,0,0.019,0.02,0.0,0.482,33.0,0.01,0.0028,0.048,0.046,0.0,4.9,3GB,4C,0,BP,7,-4.5,571,0
1280,6000,14.78,2GA,2楷林,40.0,342.0,0.0,0.005,0.0397,0,0,0.012,0.02,0.0,0.2,20.0,0.0093,0.0032,0.028,0.026,0.0,18.1,5GG,5A,0,PO,12,7.4,393,0
1090,9460,20.16,2GB,2楷林,66.0,336.0,0.0,0.006,0.0392,0,0,0.02,0.01,0.0,0.204,19.0,0.0082,0.0042,0.027,0.025,0.0,1.3,5GG,5A,0,HR,6,-5.1,731,0
1180,8450,19.49,2GA,2楷林,14.0,438.0,0.0,0.006,0.056,0,0,0.015,0.02,0.0,0.798,37.0,0.0119,0.0031,0.038,0.034,0.0,9.2,5GG,5A,0,PO,6,0.2,548,0
1490,9260,26.52,2GA,2楷林,25.0,276.0,0.0,0.007,0.0017,0,5,0.018,0.02,0.0,0.101,21.0,0.0095,0.0035,0.03,0.027,0.001,12.0,5GG,5A,0,HR,10,2.8,458,0
1450,11830,32.73,2GC,2楷林,53.0,284.0,12.8,0.004,0.0022,0,0,0.011,0.02,0.0,0.135,19.0,0.0102,0.0038,0.03,0.029,0.001,7.8,3GB,4C,1,GA,9,-7.8,335,0
1270,8840,21.95,2GC,2楷林,13.0,301.0,0.0,0.007,0.02,0,1,0.01,0.02,0.0,0.174,14.0,0.0086,0.0034,0.025,0.024,0.0,19.1,5GG,4C,0,CR,11,14.0,285,1
1200,11680,27.4,2GB,2楷林,85.0,525.0,0.0,0.006,0.08,3,0,0.026,0.02,0.0,0.898,35.0,0.0191,0.0027,0.028,0.027,0.002,4.8,5GG,5A,0,FH,10,-4.5,656,0
1260,8050,19.83,2GA,2楷林,89.0,356.0,0.0,0.004,0.0354,12,0,0.02,0.02,0.0,0.19,19.0,0.0092,0.0031,0.027,0.026,0.0,11.6,5GG,5A,0,HR,5,-3.2,429,0
1290,8630,21.76,2GB,2楷林,43.0,426.0,0.0,0.004,0.1201,0,10,0.045,0.02,0.0,0.31,21.0,0.0109,0.0034,0.029,0.027,0.0,7.8,3GB,5A,0,HGI,8,-0.7,603,0
1150,11870,26.69,2GC,2楷林,84.0,296.0,0.0,0.005,0.0184,0,0,0.013,0.02,0.0,0.196,19.0,0.0097,0.0037,0.024,0.021,0.0,15.3,5GG,4C,0,HR,12,5.9,295,1
1290,10040,25.32,2GC,2楷林,74.0,422.0,0.0,0.006,0.1131,0,0,0.026,0.02,0.0,0.332,30.0,0.0098,0.0032,0.019,0.018,0.0,8.7,5GG,4C,0,HGI,11,0.9,448,0
1240,7940,19.25,2GA,2楷林,50.0,335.0,0.0,0.004,0.0337,0,0,0.009,0.02,0.0,0.174,16.0,0.0102,0.0036,0.026,0.025,0.0,6.7,5GG,5A,0,HGI,8,-1.3,625,0
1260,9590,23.62,3GC,2楷林,6.0,304.0,0.0,0.007,0.022,0,1,0.017,0.03,0.0,0.132,22.0,0.0085,0.0037,0.029,0.027,0.0,5.3,3GB,4C,0,HR,11,1.8,663,0
1290,9070,22.87,2GB,2楷林,32.0,340.0,0.0,0.006,0.0389,0,0,0.033,0.02,0.0,0.205,20.0,0.0063,0.004,0.031,0.029,0.0,20.0,5GG,5A,0,HGI,11,5.4,282,1
1150,10870,24.44,2GB,2楷林,62.0,353.0,0.0,0.004,0.045,0,0,0.029,0.03,0.0,0.283,29.0,0.0113,0.0023,0.031,0.03,0.0,10.7,5GG,5A,0,HR,9,-2.4,575,0
1360,11590,30.25,2GA,2楷林,41.0,325.0,0.0,0.005,0.0371,0,0,0.031,0.02,0.0,0.204,14.0,0.0088,0.0033,0.026,0.025,0.0,14.1,3GB,5A,0,HR,2,0.5,476,0
1240,11590,28.1,2GA,2楷林,34.0,336.0,0.0,0.005,0.036,0,0,0.009,0.01,0.0,0.213,23.0,0.0067,0.0023,0.032,0.03,0.0,13.6,3GB,5A,0,HGI,2,7.8,357,0
1090,9210,19.63,2GC,2楷林,73.0,331.0,0.0,0.006,0.0348,0,0,0.011,0.02,0.0,0.207,19.0,0.0093,0.0036,0.023,0.022,0.0,10.7,5GG,4C,0,HR,12,-1.2,471,0
1570,9650,29.62,2GA,2楷林,9.0,325.0,0.0,0.005,0.0364,0,0,0.016,0.02,0.0,0.185,25.0,0.0094,0.0027,0.032,0.031,0.001,19.6,5GG,5A,0,HR,5,8.0,434,0
1290,8800,22.19,2GC,2楷林,41.0,338.0,0.0,0.004,0.0358,0,0,0.017,0.02,0.0,0.181,21.0,0.008,0.0033,0.035,0.035,0.0,5.7,5GG,4C,0,HR,8,-5.6,566,0
1150,5920,13.31,2GA,2楷林,46.0,453.0,0.0,0.006,0.0565,0,2,0.014,0.02,0.0,0.802,30.0,0.0094,0.0027,0.035,0.034,0.001,8.4,3GB,5A,0,PO,4,-1.3,593,0
980,9980,19.12,2GD,2楷林,85.0,328.0,0.0,0.004,0.0353,0,0,0.018,0.02,0.0,0.189,21.0,0.011,0.0033,0.024,0.023,0.0,4.2,5GG,4C,0,HR,6,-2.3,604,0
1290,7920,19.97,2GD,2楷林,17.0,528.0,0.0,0.004,0.133,0,0,0.024,0.01,0.0,0.852,30.0,0.0096,0.0027,0.026,0.025,0.001,5.2,5GG,4C,0,HGI,9,-3.2,471,0
980,9960,19.08,2GA,2楷林,52.0,329.0,0.0,0.005,0.0361,0,0,0.008,0.02,0.0,0.181,13.0,0.0101,0.0023,0.017,0.017,0.0,8.6,5GG,5A,0,HR,5,-3.3,525,0
1260,9300,22.91,2GA,2楷林,71.0,344.0,0.0,0.006,0.0448,0,0,0.018,0.02,0.0,0.216,24.0,0.0098,0.0035,0.03,0.03,0.0,6.0,3GB,5A,0,HR,3,-3.6,686,0
1190,11550,26.87,2GA,2楷林,35.0,274.0,0.0,0.005,0.002,0,0,0.02,0.02,0.0,0.089,16.0,0.0107,0.0037,0.024,0.023,0.001,3.5,3GB,5A,0,GA,6,-4.7,639,0
1260,10660,26.26,2GA,2楷林,58.0,328.0,0.0,0.006,0.0343,0,0,0.022,0.01,0.0,0.149,18.0,0.0091,0.0024,0.016,0.015,0.0,14.9,5GG,5A,0,GI,1,5.2,375,0
1080,9980,21.07,2GC,2楷林,75.0,326.0,0.0,0.006,0.0385,0,0,0.007,0.01,0.0,0.183,23.0,0.0094,0.0034,0.024,0.022,0.0,6.4,5GG,4C,0,HR,1,-5.6,506,0
1260,7070,17.42,2GA,2楷林,33.0,339.0,0.0,0.006,0.0363,0,0,0.014,0.02,0.0,0.213,19.0,0.0074,0.0039,0.024,0.023,0.0,4.5,3GB,5A,0,HGI,10,-2.4,671,0
1260,9410,23.18,2GA,2楷林,56.0,375.0,0.0,0.005,0.0441,19,1,0.016,0.02,0.0,0.177,14.0,0.0089,0.0036,0.022,0.021,0.0,4.5,3GB,5A,0,HR,8,-2.3,671,0
1290,7530,18.99,2GA,2楷林,49.0,336.0,0.0,0.007,0.041,0,5,0.015,0.02,0.0,0.201,20.0,0.0053,0.004,0.029,0.027,0.0,10.9,3GB,5A,0,HR,11,-0.4,514,0
1220,8930,21.3,2GA,2楷林,82.0,356.0,0.0,0.004,0.0436,0,0,0.028,0.02,0.0,0.298,30.0,0.0068,0.003,0.036,0.035,0.0,5.0,5GG,5A,0,HR,9,-1.5,632,0
960,9910,18.6,2GA,2楷林,51.0,388.0,0.0,0.006,0.0634,0,0,0.024,0.02,0.0,0.487,36.0,0.0102,0.0027,0.046,0.045,0.0,4.4,3GB,5A,0,BP,1,-6.7,511,0
1160,8630,19.57,2GA,2楷林,16.0,332.0,0.0,0.004,0.0363,0,0,0.01,0.02,0.0,0.194,19.0,0.0071,0.0034,0.021,0.02,0.0,4.4,5GG,5A,0,HR,9,-7.5,570,0
1420,11250,30.79,2GA,2楷林,17.0,342.0,0.0,0.004,0.0509,0,0,0.019,0.02,0.0,0.294,45.0,0.01,0.0028,0.035,0.032,0.001,2.9,5GG,5A,0,CR,7,-0.5,594,0
1450,7770,22.03,2GB,2楷林,2.0,490.0,0.0,0.004,0.1798,0,1,0.034,0.01,0.0,0.752,35.0,0.0083,0.0039,0.032,0.03,0.001,4.6,5GG,5A,0,HR,7,-7.1,522,0
1090,9430,20.09,2GC,2楷林,65.0,321.0,0.0,0.006,0.0319,0,0,0.018,0.02,0.0,0.191,30.0,0.0079,0.0027,0.033,0.03,0.0,7.4,5GG,4C,0,HR,1,-6.3,446,0
960,8950,16.8,3GC,2楷林,76.0,353.0,0.0,0.006,0.0397,13,0,0.01,0.02,0.0,0.193,13.0,0.0124,0.0036,0.027,0.026,0.0,12.0,3GB,4C,0,CR,6,3.6,354,0
1340,10990,28.79,2GA,2楷林,76.0,334.0,0.0,0.006,0.0386,0,0,0.01,0.02,0.0,0.2,20.0,0.0073,0.0034,0.029,0.028,0.0,7.2,5GG,5A,0,HR,1,-7.4,504,0
1300,11080,27.62,2GA,2楷林,46.0,301.0,0.0,0.003,0.0196,0,0,0.024,0.02,0.0,0.137,16.0,0.007,0.003,0.032,0.031,0.0,5.2,5GG,5A,0,HR,9,-2.9,608,0
1290,11380,28.7,2GB,2楷林,36.0,432.0,0.0,0.004,0.1228,0,0,0.014,0.01,0.0,0.44,25.0,0.0119,0.0025,0.02,0.019,0.0,5.7,5GG,5A,0,HGI,3,-4.0,668,0
1160,7340,16.36,2GB,2楷林,50.0,428.0,0.0,0.006,0.1081,0,0,0.014,0.02,0.0,0.449,27.0,0.01,0.0024,0.025,0.024,0.0,16.2,5GG,5A,0,HGI,1,1.7,389,0
1360,8340,22.17,2GC,2楷林,58.0,341.0,0.0,0.004,0.0399,0,0,0.028,0.03,0.0,0.195,27.0,0.0109,0.0041,0.03,0.028,0.0,6.6,5GG,4C,0,HR,3,-5.7,652,0
1290,9170,23.13,2GB,2楷林,70.0,332.0,0.0,0.005,0.038,0,0,0.015,0.02,0.0,0.208,23.0,0.0095,0.0034,0.024,0.023,0.0,14.9,5GG,5A,0,HR,11,5.1,437,0
1240,9180,21.9,2GA,2楷林,63.0,325.0,0.0,0.007,0.0393,0,0,0.012,0.02,0.0,0.192,21.0,0.0104,0.0029,0.028,0.026,0.0,15.2,5GG,5A,0,FH,10,8.6,201,1
950,10560,19.61,2GC,2楷林,72.0,335.0,0.0,0.006,0.0379,0,1,0.011,0.02,0.0,0.194,20.0,0.0133,0.0034,0.04,0.038,0.0,14.9,5GG,4C,0,HR,12,0.4,321,0
1000,7810,15.27,2GA,2楷林,66.0,458.0,0.0,0.007,0.0619,0,0,0.015,0.02,0.0,0.811,35.0,0.0135,0.0025,0.029,0.028,0.001,13.6,5GG,5A,0,PO,10,-1.0,350,0
1260,7960,19.61,2GD,2楷林,25.0,334.0,0.0,0.004,0.038,0,0,0.013,0.02,0.0,0.187,22.0,0.0092,0.0033,0.029,0.027,0.0,7.4,3GB,4C,0,HR,9,0.4,647,0
1270,10100,24.58,2GB,2楷林,46.0,445.0,0.0,0.006,0.0604,0,0,0.019,0.03,0.0,0.799,29.0,0.0095,0.0024,0.033,0.032,0.001,19.0,5GG,5A,0,PO,12,12.4,435,0
1240,11750,28.48,2GC,2楷林,19.0,275.0,0.0,0.004,0.0028,0,0,0.02,0.02,0.0,0.091,20.0,0.0095,0.0038,0.024,0.022,0.001,12.2,5GG,4C,0,GA,7,1.7,358,0
1280,9240,23.12,2GA,2楷林,64.0,323.0,0.0,0.005,0.0307,0,0,0.017,0.02,0.0,0.218,22.0,0.0109,0.0033,0.025,0.024,0.0,8.1,5GG,5A,0,HR,6,-6.8,638,0
1260,11200,27.59,3GB,2楷林,40.0,333.0,0.0,0.005,0.0394,0,0,0.016,0.02,0.0,0.197,20.0,0.0085,0.0046,0.026,0.025,0.0,2.6,3GB,5A,0,HR,10,-2.0,740,0
990,10020,19.39,2GA,2楷林,67.0,334.0,0.0,0.007,0.0409,0,0,0.012,0.02,0.0,0.194,28.0,0.0081,0.0037,0.02,0.019,0.0,9.8,5GG,5A,0,FH,4,-1.3,436,0
1210,6540,15.47,2GB,2楷林,47.0,520.0,0.0,0.004,0.1206,0,0,0.028,0.02,0.0,1.172,29.0,0.0084,0.0025,0.023,0.022,0.001,8.5,5GG,5A,0,HGI,2,0.1,610,0
990,7900,15.29,2GA,2楷林,43.0,337.0,0.0,0.005,0.0405,0,0,0.015,0.03,0.0,0.195,17.0,0.0099,0.0031,0.023,0.02,0.0,9.7,3GB,5A,0,FH,5,0.9,392,0
1160,9520,21.59,2GC,2楷林,76.0,340.0,0.0,0.006,0.0403,0,0,0.009,0.02,0.0,0.196,21.0,0.0069,0.0035,0.032,0.031,0.0,10.3,5GG,4C,0,HR,3,1.4,491,0
1400,11530,31.56,2GA,2楷林,2.0,269.0,0.0,0.004,0.0016,0,15,0.014,0.02,0.0,0.094,16.0,0.0092,0.0032,0.025,0.024,0.001,5.8,3GB,5A,0,CR,4,-2.5,416,0
1040,8790,17.87,2GB,2楷林,26.0,339.0,0.0,0.007,0.0456,0,0,0.012,0.01,0.0,0.279,30.0,0.0064,0.0033,0.036,0.035,0.0,4.9,3GB,5A,0,PO,4,-6.2,661,0
1240,11420,27.68,2GB,2楷林,74.0,524.0,0.0,0.006,0.0781,3,1,0.022,0.02,0.0,0.915,34.0,0.0196,0.0024,0.028,0.027,0.002,5.0,5GG,5A,0,GI,10,-4.0,649,0
1350,8500,21.83,2GC,2楷林,54.0,300.0,11.8,0.007,0.0014,0,2,0.094,0.02,0.0,0.147,17.0,0.0178,0.0099,0.034,0.033,0.001,6.6,3GB,4C,1,HR,11,-4.0,229,1
1260,11020,27.15,2GA,2楷林,43.0,346.0,0.0,0.005,0.0352,12,0,0.016,0.02,0.0,0.194,18.0,0.0073,0.0033,0.024,0.021,0.0,9.1,5GG,5A,0,CR,5,-6.1,397,0
1240,11010,26.69,3GC,2楷林,64.0,336.0,0.0,0.005,0.0371,0,0,0.017,0.02,0.0,0.19,14.0,0.0075,0.0035,0.024,0.024,0.0,5.3,3GB,4C,0,HGI,8,-2.2,662,0
1460,10030,28.63,2GA,2楷林,30.0,267.0,0.0,0.005,0.0017,0,0,0.021,0.02,0.0,0.071,20.0,0.0093,0.0039,0.04,0.038,0.002,4.0,3GB,5A,0,FH,6,-1.2,707,0
1270,10480,26.02,2GB,2楷林,58.0,523.0,0.0,0.005,0.0782,3,0,0.022,0.02,0.0,0.914,32.0,0.0197,0.0021,0.032,0.028,0.002,3.9,3GB,5A,0,FH,4,-8.8,619,0
1160,11260,25.54,2GA,2楷林,71.0,277.0,0.0,0.006,0.002,0,18,0.008,0.02,0.0,0.086,18.0,0.0101,0.0033,0.023,0.022,0.001,14.0,5GG,5A,0,GA,1,-0.5,449,0
1040,11780,23.95,2GA,2楷林,89.0,296.0,0.0,0.004,0.0172,0,0,0.021,0.02,0.0,0.194,22.0,0.008,0.003,0.025,0.023,0.0,5.6,5GG,5A,0,CR,9,-7.4,607,0
1280,7290,18.24,2GA,2楷林,64.0,336.0,0.0,0.004,0.0373,0,0,0.016,0.01,0.0,0.168,26.0,0.0062,0.0034,0.022,0.022,0.0,12.8,5GG,5A,0,HGI,9,0.9,390,0
1390,11120,29.73,2GB,2楷林,53.0,330.0,12.5,0.006,0.037,0,0,0.019,0.02,0.0,0.205,18.0,0.0056,0.003,0.03,0.029,0.0,3.9,3GB,5A,1,HR,2,-7.1,294,1
1260,9180,22.61,2GB,2楷林,44.0,372.0,0.0,0.004,0.039,19,0,0.007,0.02,0.0,0.196,16.0,0.0108,0.0031,0.022,0.018,0.0,8.5,5GG,5A,0,HR,4,-5.3,645,0
1240,11780,28.56,3GC,2楷林,37.0,309.0,0.0,0.007,0.0014,5,1,0.055,0.02,0.0,0.19,16.0,0.0441,0.0092,0.036,0.036,0.001,10.9,3GB,4C,0,FH,1,0.6,536,0
1380,11840,31.94,2GA,2楷林,2.0,357.0,0.0,0.006,0.0621,0,0,0.02,0.02,0.0,0.329,37.0,0.0088,0.0033,0.032,0.03,0.0,13.1,5GG,5A,0,CR,8,5.9,372,0
1400,7550,20.66,3GC,2楷林,61.0,355.0,0.0,0.006,0.0551,0,1,0.023,0.02,0.0,0.352,28.0,0.0067,0.0034,0.037,0.035,0.0,4.5,3GB,4C,0,GI,11,1.7,555,0
1030,10870,21.89,2GA,2楷林,65.0,351.0,0.0,0.006,0.0559,0,0,0.013,0.02,0.0,0.353,34.0,0.0105,0.003,0.03,0.029,0.0,13.4,5GG,5A,0,CR,10,5.5,304,0
1510,10190,30.08,2GB,2楷林,4.0,548.0,0.0,0.005,0.146,1,1,0.019,0.02,0.0,0.872,25.0,0.0118,0.0036,0.017,0.017,0.001,6.8,5GG,5A,0,HR,8,0.5,502,0
1260,9290,22.88,2GA,2楷林,17.0,335.0,0.0,0.004,0.0421,0,0,0.017,0.02,0.0,0.192,24.0,0.0093,0.0033,0.029,0.027,0.0,2.8,3GB,5A,0,HR,9,-5.5,674,0
1290,7750,19.55,2GC,2楷林,5.0,328.0,0.0,0.004,0.0341,0,0,0.013,0.02,0.0,0.194,17.0,0.0102,0.0043,0.022,0.02,0.0,5.6,5GG,4C,0,FH,6,-3.9,482,0
980,11780,22.57,2GC,2楷林,97.0,300.0,0.0,0.004,0.0199,0,0,0.016,0.01,0.0,0.195,18.0,0.0069,0.003,0.03,0.03,0.0,6.4,5GG,4C,0,CR,9,-7.3,709,0
1400,11870,32.49,2GA,2楷林,3.0,283.0,0.0,0.005,0.0197,0,0,0.014,0.02,0.0,0.139,18.0,0.0105,0.0037,0.024,0.022,0.001,11.3,3GB,5A,0,GI,3,1.3,503,0
1570,10140,30.73,2GD,2楷林,7.0,333.0,0.0,0.006,0.0404,0,0,0.015,0.02,0.0,0.196,17.0,0.008,0.0036,0.034,0.032,0.001,14.5,5GG,4C,0,HR,2,9.5,464,0
1250,11520,27.7,2GC,2楷林,3.0,276.0,3.3,0.004,0.002,0,0,0.024,0.02,0.0,0.09,12.0,0.0104,0.0033,0.034,0.032,0.001,16.9,3GB,4C,1,HR,9,8.8,159,1
1280,9400,23.52,3GC,2楷林,14.0,527.0,0.0,0.006,0.1381,0,0,0.011,0.02,0.0,0.856,32.0,0.0123,0.0028,0.018,0.017,0.001,11.3,3GB,4C,0,HR,2,-2.9,363,0
1250,11080,27.08,3GC,2楷林,19.0,452.0,0.0,0.005,0.1425,0,0,0.012,0.02,0.0,0.683,26.0,0.0132,0.0026,0.022,0.022,0.002,3.7,3GB,4C,0,HR,9,-5.1,654,0
1040,10660,21.67,2GC,2楷林,1.0,324.0,0.0,0.005,0.0377,0,0,0.016,0.02,0.0,0.176,12.0,0.0108,0.0028,0.022,0.022,0.0,3.8,5GG,4C,0,CR,1,-4.8,587,0
1190,7420,17.26,3GC,2楷林,52.0,302.0,0.0,0.005,0.0185,0,0,0.013,0.02,0.0,0.187,24.0,0.0079,0.0029,0.024,0.023,0.001,5.3,3GB,4C,0,CR,8,-0.4,539,0
1270,11520,28.6,3GB,2楷林,22.0,507.0,0.0,0.005,0.1861,0,0,0.014,0.02,0.0,0.837,31.0,0.0134,0.0022,0.021,0.02,0.001,5.3,3GB,5A,0,HR,9,-3.6,586,0
1170,11170,25.22,2GB,2楷林,39.0,521.0,0.0,0.006,0.074,2,0,0.016,0.02,0.0,0.892,31.0,0.0179,0.0024,0.026,0.024,0.001,13.8,5GG,5A,0,GI,12,2.9,431,0
1290,7890,19.9,2GA,2楷林,12.0,336.0,0.0,0.005,0.0362,0,1,0.015,0.03,0.0,0.19,15.0,0.0125,0.0045,0.028,0.027,0.0,6.1,3GB,5A,0,HR,4,-2.3,459,0
1160,11870,26.92,2GC,2楷林,40.0,350.0,0.0,0.004,0.0474,0,0,0.014,0.01,0.0,0.302,27.0,0.0062,0.0025,0.034,0.032,0.0,3.7,5GG,4C,0,HR,8,-3.6,732,0
1380,11110,29.97,2GB,2楷林,35.0,476.0,28.2,0.007,0.0745,1,1,0.013,0.02,0.0,1.284,36.0,0.0076,0.0022,0.021,0.019,0.001,40.9,5GG,5A,1,PO,1,29.6,354,0
1110,11040,23.96,3GC,2楷林,66.0,339.0,0.0,0.005,0.0386,0,0,0.01,0.02,0.0,0.193,14.0,0.008,0.0031,0.026,0.024,0.0,8.6,3GB,4C,0,CR,12,2.7,360,0
1090,8620,18.37,2GB,2楷林,65.0,340.0,0.0,0.004,0.0417,0,0,0.013,0.02,0.0,0.193,17.0,0.0126,0.0037,0.023,0.02,0.0,7.2,5GG,5A,0,HR,6,-2.5,596,0
1270,7660,19.02,3GC,2楷林,14.0,319.0,0.0,0.005,0.0361,0,0,0.012,0.02,0.0,0.199,18.0,0.0067,0.0033,0.02,0.02,0.0,3.3,3GB,4C,0,HR,12,-4.1,746,0
1180,10410,24.01,2GB,2楷林,93.0,452.0,0.0,0.004,0.147,0,0,0.031,0.02,0.0,0.5,32.0,0.0128,0.0033,0.026,0.025,0.001,14.6,5GG,5A,0,HR,8,3.7,414,0
990,8880,17.19,2GC,2楷林,81.0,452.0,0.0,0.006,0.0609,0,1,0.019,0.02,0.0,0.776,26.0,0.0093,0.0033,0.043,0.04,0.001,20.1,3GB,4C,0,PO,11,8.6,279,1
1270,7960,19.76,2GA,2楷林,43.0,454.0,0.0,0.005,0.0577,0,1,0.01,0.02,0.0,0.789,24.0,0.0093,0.0022,0.029,0.028,0.001,9.6,5GG,5A,0,PO,6,-1.5,544,0
1180,10480,24.18,2GB,2楷林,48.0,481.0,0.0,0.005,0.1533,0,0,0.014,0.02,0.0,0.704,27.0,0.0106,0.0024,0.026,0.025,0.001,9.1,5GG,5A,0,HR,5,-6.6,505,0
960,11460,21.51,2GA,2楷林,71.0,337.0,0.0,0.004,0.0458,0,0,0.011,0.02,0.0,0.195,14.0,0.0098,0.003,0.03,0.03,0.0,8.7,5GG,5A,0,GI,9,-2.9,502,0
1390,10260,27.21,2GA,2楷林,2.0,277.0,10.1,0.004,0.0021,0,0,0.015,0.02,0.0,0.093,17.0,0.0092,0.0036,0.028,0.026,0.001,3.5,3GB,5A,1,CR,6,-1.4,290,1
1570,11400,34.99,2GA,2楷林,11.0,272.0,0.0,0.004,0.0016,0,2,0.01,0.02,0.0,0.109,20.0,0.0105,0.0034,0.028,0.026,0.001,7.1,5GG,5A,0,CR,8,-2.5,560,0
1470,9100,26.15,2GC,2楷林,34.0,327.0,0.0,0.006,0.0353,0,0,0.017,0.02,0.0,0.182,20.0,0.0067,0.0039,0.029,0.028,0.0,20.5,5GG,4C,0,HR,12,15.9,316,0
1280,11540,28.31,2GA,2楷林,60.0,331.0,0.0,0.006,0.0401,0,0,0.012,0.02,0.0,0.199,23.0,0.0083,0.0031,0.023,0.021,0.0,17.8,5GG,5A,0,GI,12,7.2,341,0
1040,11740,23.87,2GC,2楷林,1.0,322.0,0.0,0.004,0.0359,0,0,0.02,0.03,0.0,0.192,15.0,0.0085,0.0033,0.022,0.019,0.0,10.3,5GG,4C,0,CR,7,2.7,423,0
1150,11430,25.7,2GB,2楷林,81.0,397.0,0.0,0.004,0.1101,0,0,0.023,0.02,0.0,0.437,33.0,0.0086,0.0022,0.027,0.027,0.0,8.1,3GB,5A,0,HR,9,-3.7,559,0
1300,11850,30.12,2GC,2楷林,15.0,323.0,0.0,0.004,0.0386,0,0,0.015,0.02,0.0,0.181,22.0,0.0119,0.003,0.024,0.022,0.0,13.6,5GG,4C,0,HR,9,-0.9,423,0
1570,10140,30.92,3GC,2楷林,4.0,294.0,0.0,0.005,0.0019,0,0,0.02,0.03,0.0,0.145,17.0,0.0096,0.0031,0.026,0.024,0.002,7.8,3GB,4C,0,GA,5,-2.5,490,0
1100,8660,18.62,2GA,2楷林,78.0,333.0,0.0,0.006,0.0367,0,0,0.027,0.02,0.0,0.194,23.0,0.0113,0.0039,0.029,0.027,0.0,7.6,3GB,5A,0,HR,10,-2.6,569,0
1160,7660,17.37,2GC,2楷林,92.0,417.0,0.0,0.006,0.1166,0,4,0.013,0.02,0.0,0.302,25.0,0.0086,0.0029,0.02,0.02,0.001,13.9,5GG,4C,0,HGI,12,3.6,354,0
1520,11750,34.08,2GC,2楷林,11.0,254.0,8.3,0.005,0.0022,0,1,0.014,0.02,0.0,0.072,13.0,0.0083,0.003,0.029,0.027,0.002,5.1,3GB,4C,1,CR,8,-2.1,390,0
1280,9440,23.62,2GA,2楷林,25.0,330.0,0.0,0.007,0.0363,0,0,0.01,0.01,0.0,0.207,19.0,0.0066,0.003,0.025,0.023,0.0,5.2,3GB,5A,0,HR,11,-4.4,573,0
1180,11570,26.69,2GA,2楷林,33.0,442.0,0.0,0.006,0.0566,0,1,0.022,0.03,0.0,0.79,38.0,0.0133,0.0025,0.034,0.032,0.002,10.7,5GG,5A,0,PO,6,0.9,478,0
1260,9520,22.99,2GC,2楷林,41.0,480.0,0.0,0.005,0.1905,0,0,0.013,0.01,0.0,0.359,25.0,0.008,0.0032,0.03,0.029,0.0,4.8,5GG,4C,0,HR,6,-2.7,622,0
1090,8110,17.28,2GC,2楷林,54.0,530.0,0.0,0.006,0.143,0,0,0.01,0.02,0.0,0.841,29.0,0.0092,0.0022,0.024,0.024,0.001,17.9,5GG,4C,0,HR,3,8.6,324,0
1260,9170,22.23,2GA,2楷林,36.0,324.0,5.1,0.005,0.0411,0,0,0.013,0.02,0.0,0.196,22.0,0.0073,0.0034,0.021,0.02,0.0,7.7,3GB,5A,1,HR,5,0.8,332,0
1430,10860,29.94,2GA,2楷林,3.0,328.0,0.0,0.004,0.043,0,0,0.014,0.02,0.0,0.175,17.0,0.011,0.0029,0.024,0.023,0.0,2.8,3GB,5A,0,HR,5,-7.0,582,0
1030,7610,15.32,3GC,2楷林,78.0,347.0,0.0,0.005,0.0524,0,1,0.013,0.02,0.0,0.334,27.0,0.0092,0.0027,0.036,0.035,0.001,9.6,3GB,4C,0,CR,5,-3.0,413,0
1400,7800,21.35,2GD,2楷林,24.0,336.0,0.0,0.004,0.0354,0,0,0.013,0.02,0.0,0.186,17.0,0.0099,0.0042,0.015,0.014,0.0,9.1,5GG,4C,0,HGI,2,-6.1,532,0
1240,11850,28.04,2GC,2楷林,3.0,306.0,11.9,0.007,0.0014,5,1,0.055,0.02,0.0,0.19,16.0,0.0441,0.0092,0.036,0.036,0.001,6.1,3GB,4C,1,HR,1,-0.9,249,1
1020,9800,19.23,2GC,2楷林,63.0,265.0,10.8,0.005,0.0019,0,6,0.011,0.02,0.0,0.08,18.0,0.0054,0.0032,0.031,0.027,0.003,8.7,3GB,4C,1,HR,5,1.7,224,1
1250,11130,27.2,2GA,2楷林,14.0,345.0,0.0,0.005,0.0385,11,0,0.011,0.02,0.0,0.186,14.0,0.0078,0.0028,0.022,0.021,0.0,12.4,5GG,5A,0,CR,7,4.7,498,0
1070,11570,24.2,2GA,2楷林,24.0,303.0,0.0,0.006,0.0217,0,0,0.017,0.02,0.0,0.212,17.0,0.0116,0.0045,0.02,0.018,0.0,11.5,3GB,5A,0,CR,10,6.7,284,1
1310,10800,27.22,2GC,2楷林,35.0,263.0,14.9,0.004,0.0011,0,0,0.014,0.02,0.0,0.077,19.0,0.0091,0.0032,0.028,0.026,0.001,1.9,3GB,4C,1,HR,3,-5.4,248,1
1110,11000,23.87,2GC,2楷林,78.0,350.0,0.0,0.005,0.0555,0,0,0.015,0.02,0.0,0.348,15.0,0.0075,0.0028,0.031,0.03,0.0,7.8,5GG,4C,0,CR,1,-4.0,518,0
1110,8340,18.1,3GC,2楷林,63.0,288.0,0.0,0.005,0.0019,0,0,0.017,0.02,0.0,0.151,17.0,0.0078,0.0032,0.027,0.026,0.001,13.3,3GB,4C,0,GI,3,1.0,308,0
1520,11130,33.07,2GB,2楷林,27.0,337.0,0.0,0.006,0.0379,0,2,0.021,0.02,0.0,0.204,19.0,0.0089,0.0042,0.02,0.018,0.0,7.4,5GG,5A,0,HGI,11,-3.2,660,0
1060,7650,15.85,2GB,2楷林,82.0,467.0,0.0,0.007,0.0639,2,0,0.011,0.02,0.0,0.596,25.0,0.0185,0.0028,0.025,0.024,0.001,8.1,5GG,5A,0,GI,2,-2.1,400,0
1290,10750,26.69,2GB,2楷林,37.0,336.0,0.0,0.004,0.0353,0,0,0.017,0.02,0.0,0.233,30.0,0.008,0.0027,0.033,0.031,0.0,10.8,5GG,5A,0,HGI,9,1.9,249,1
1160,8990,20.39,3GC,2楷林,47.0,534.0,0.0,0.004,0.1838,0,0,0.014,0.01,0.0,0.79,37.0,0.0077,0.0022,0.031,0.03,0.0,14.0,3GB,4C,0,HGI,9,-1.5,438,0
1140,11850,26.41,2GB,2楷林,3.0,502.0,0.0,0.005,0.1873,0,0,0.012,0.02,0.0,0.849,36.0,0.0092,0.0025,0.025,0.025,0.0,16.8,3GB,5A,0,HR,9,7.9,336,0
1220,11640,27.76,2GB,2楷林,64.0,524.0,0.0,0.005,0.0798,2,0,0.014,0.01,0.0,0.888,23.0,0.0178,0.0026,0.028,0.028,0.001,3.9,3GB,5A,0,HR,1,-4.7,657,0
1160,7380,16.74,2GC,2楷林,85.0,527.0,0.0,0.006,0.0776,1,0,0.015,0.02,0.0,0.903,37.0,0.0186,0.0023,0.03,0.03,0.001,10.7,3GB,4C,0,GI,2,6.6,422,0
1340,8850,23.18,2GA,2楷林,8.0,310.0,0.0,0.005,0.0168,15,0,0.016,0.02,0.0,0.141,22.0,0.0066,0.0027,0.031,0.029,0.0,16.4,5GG,5A,0,HR,9,3.7,390,0
1240,7750,18.79,2GB,2楷林,43.0,384.0,0.0,0.006,0.073,0,0,0.016,0.02,0.0,0.284,23.0,0.0084,0.0032,0.021,0.02,0.0,5.5,3GB,5A,0,HR,1,-8.2,706,0
1330,8910,23.17,3GC,2楷林,17.0,328.0,0.0,0.006,0.036,0,3,0.017,0.02,0.0,0.197,24.0,0.0085,0.0037,0.03,0.028,0.0,10.4,3GB,4C,0,HR,1,5.0,560,0
1150,8610,19.36,2GA,2楷林,21.0,343.0,0.0,0.004,0.0408,0,0,0.012,0.01,0.0,0.228,23.0,0.0081,0.0031,0.022,0.021,0.0,3.8,3GB,5A,0,PO,5,-4.1,543,0
1570,8710,26.31,2GC,2楷林,6.0,294.0,11.7,0.007,0.0021,0,0,0.011,0.02,0.0,0.142,11.0,0.01,0.0032,0.021,0.02,0.002,4.8,3GB,4C,1,GI,1,-2.4,347,0
1230,11550,27.44,2GA,2楷林,48.0,253.0,0.0,0.006,0.0012,0,0,0.01,0.01,0.0,0.072,14.0,0.0065,0.0029,0.029,0.028,0.002,9.6,3GB,5A,0,HR,12,-0.9,411,0
1320,9390,24.23,2GB,2楷林,10.0,435.0,0.0,0.005,0.0562,0,0,0.021,0.02,0.0,0.797,31.0,0.012,0.0027,0.043,0.041,0.001,5.8,3GB,5A,0,PO,8,0.5,655,0
1300,9010,22.9,3GC,2楷林,51.0,339.0,0.0,0.006,0.0394,0,0,0.02,0.02,0.0,0.205,23.0,0.0074,0.0029,0.021,0.02,0.0,8.4,3GB,4C,0,HGI,10,-0.8,523,0
1100,8890,19.12,2GA,2楷林,19.0,376.0,0.0,0.006,0.045,18,1,0.012,0.02,0.0,0.194,21.0,0.0078,0.0032,0.024,0.022,0.0,13.2,5GG,5A,0,HR,3,1.2,511,0
1070,11090,23.2,2GB,2楷林,31.0,490.0,0.0,0.004,0.1769,1,1,0.029,0.02,0.0,0.799,26.0,0.0145,0.0037,0.022,0.022,0.002,5.4,5GG,5A,0,HR,9,-4.6,616,0
960,7830,14.7,2GC,2楷林,73.0,338.0,0.0,0.006,0.0373,0,0,0.024,0.02,0.0,0.194,26.0,0.0103,0.0035,0.017,0.016,0.0,9.0,5GG,4C,0,HR,2,0.4,318,0
1040,11790,23.97,2GA,2楷林,48.0,345.0,0.0,0.005,0.0548,0,0,0.007,0.01,0.0,0.313,17.0,0.0083,0.0026,0.021,0.02,0.0,13.8,5GG,5A,0,CR,2,2.7,328,0
1090,10390,21.94,2GA,2楷林,62.0,326.0,0.0,0.005,0.0356,0,0,0.019,0.02,0.0,0.188,14.0,0.0097,0.0039,0.024,0.023,0.0,7.3,5GG,5A,0,HR,7,-0.4,584,0
1550,11550,35.0,2GD,2楷林,12.0,319.0,0.0,0.006,0.002,5,0,0.052,0.02,0.0,0.198,17.0,0.0435,0.0085,0.038,0.036,0.001,15.6,5GG,4C,0,GI,12,2.2,404,0
1400,11800,32.3,2GB,2楷林,2.0,563.0,0.0,0.006,0.0796,2,1,0.016,0.02,0.0,1.083,41.0,0.0185,0.0027,0.031,0.03,0.001,7.2,3GB,5A,0,GA,10,0.7,364,0
1270,10070,25.0,2GC,2楷林,29.0,393.0,0.0,0.004,0.075,0,5,0.023,0.01,0.0,0.465,36.0,0.0062,0.0025,0.037,0.035,0.0,4.6,5GG,4C,0,PO,9,-8.0,498,0
980,11750,22.51,2GC,2楷林,62.0,346.0,0.0,0.005,0.0536,0,0,0.02,0.02,0.0,0.345,28.0,0.0104,0.0036,0.041,0.039,0.001,7.1,5GG,4C,0,CR,8,-3.8,598,0
1430,10210,28.09,2GC,2楷林,18.0,309.0,14.2,0.005,0.0015,5,0,0.055,0.03,0.0,0.198,14.0,0.0441,0.0096,0.041,0.039,0.001,2.6,3GB,4C,1,HR,3,-8.2,312,0
1150,11360,25.54,2GB,2楷林,45.0,340.0,0.0,0.004,0.0437,0,0,0.018,0.02,0.0,0.286,29.0,0.0109,0.0032,0.039,0.038,0.0,12.1,3GB,5A,0,HR,9,3.1,521,0
1030,10870,21.89,2GA,2楷林,83.0,360.0,0.0,0.005,0.063,0,0,0.01,0.01,0.0,0.36,27.0,0.0056,0.0023,0.037,0.036,0.0,7.9,5GG,5A,0,CR,6,-6.6,551,0
1250,10100,24.68,2GD,2楷林,38.0,443.0,0.0,0.005,0.0513,0,0,0.018,0.02,0.0,0.775,33.0,0.0099,0.0024,0.053,0.05,0.001,6.1,5GG,4C,0,PO,8,1.9,684,0
1090,8110,17.28,2GC,2楷林,56.0,532.0,0.0,0.006,0.1561,0,0,0.013,0.02,0.0,0.806,23.0,0.0099,0.0028,0.024,0.023,0.001,18.2,5GG,4C,0,HR,3,8.8,326,0
990,11440,22.14,2GA,2楷林,58.0,325.0,0.0,0.005,0.0339,0,0,0.019,0.02,0.0,0.19,15.0,0.0089,0.0032,0.022,0.02,0.0,6.1,3GB,5A,0,HR,1,-4.5,520,0
940,11840,21.76,2GA,2楷林,55.0,396.0,0.0,0.005,0.0703,0,0,0.01,0.02,0.0,0.47,37.0,0.007,0.0028,0.046,0.045,0.0,5.8,5GG,5A,0,BP,7,-5.3,535,0
1260,7100,17.49,2GB,2楷林,14.0,498.0,0.0,0.006,0.161,0,0,0.023,0.02,0.0,1.107,28.0,0.011,0.0024,0.019,0.018,0.001,5.6,3GB,5A,0,PO,1,-1.5,507,0
1000,10720,20.96,2GA,2楷林,92.0,339.0,0.0,0.005,0.0382,0,0,0.015,0.02,0.0,0.238,14.0,0.0063,0.0039,0.028,0.027,0.0,2.7,3GB,5A,0,HR,12,-0.4,562,0
1290,11140,27.65,2GD,2楷林,4.0,314.0,9.5,0.006,0.0395,0,0,0.011,0.02,0.0,0.142,16.0,0.0083,0.0026,0.02,0.019,0.0,6.5,3GB,4C,1,CR,1,-5.9,231,1
1230,11840,27.79,2GD,2楷林,57.0,287.0,9.4,0.005,0.002,0,0,0.022,0.02,0.0,0.149,16.0,0.0098,0.004,0.039,0.038,0.002,2.5,3GB,4C,1,HR,8,-3.5,441,0
1440,10030,27.78,2GC,2楷林,10.0,304.0,12.5,0.005,0.0016,0,1,0.052,0.03,0.0,0.138,16.0,0.0531,0.0088,0.026,0.026,0.001,3.0,3GB,4C,1,HR,4,-3.6,341,0
1260,9180,22.61,2GB,2楷林,26.0,374.0,0.0,0.004,0.0414,19,0,0.008,0.02,0.0,0.181,21.0,0.013,0.003,0.025,0.024,0.0,6.6,5GG,5A,0,HR,4,-6.6,664,0
900,10450,18.39,2GC,2楷林,67.0,332.0,0.0,0.006,0.0339,0,0,0.011,0.01,0.0,0.193,33.0,0.0044,0.0024,0.022,0.02,0.0,4.6,5GG,4C,0,HGI,2,-0.9,637,0
1490,8160,23.77,2GB,2楷林,26.0,430.0,0.0,0.007,0.121,0,0,0.01,0.02,0.0,0.439,31.0,0.0097,0.0021,0.03,0.029,0.001,18.5,5GG,5A,0,HR,10,5.6,410,0
1190,10550,24.15,2GC,2楷林,72.0,480.0,18.2,0.005,0.1986,0,0,0.021,0.02,0.0,0.375,27.0,0.0102,0.0028,0.039,0.038,0.0,0.7,3GB,4C,1,HR,8,-9.2,294,1
1430,11610,32.46,2GB,2楷林,22.0,522.0,0.0,0.006,0.071,1,0,0.016,0.02,0.0,0.888,34.0,0.0192,0.0027,0.025,0.023,0.001,13.0,5GG,5A,0,CR,11,8.1,477,0
980,11440,21.92,2GA,2楷林,31.0,348.0,0.0,0.005,0.0548,0,0,0.018,0.02,0.0,0.339,20.0,0.0106,0.0036,0.03,0.028,0.001,10.2,5GG,5A,0,CR,8,1.8,472,0
1220,9340,22.28,2GB,2楷林,41.0,427.0,0.0,0.005,0.1203,0,0,0.028,0.03,0.0,0.315,22.0,0.0106,0.0027,0.026,0.024,0.0,3.3,3GB,5A,0,HGI,7,-5.9,615,0
1010,9060,17.89,2GA,2楷林,85.0,302.0,0.0,0.004,0.0184,0,2,0.009,0.01,0.0,0.195,19.0,0.0068,0.0035,0.02,0.02,0.0,14.2,3GB,5A,0,CR,6,7.2,389,0
1260,10170,25.05,2GB,2楷林,52.0,457.0,0.0,0.006,0.1426,0,0,0.016,0.02,0.0,0.481,32.0,0.0113,0.0029,0.029,0.028,0.0,16.7,5GG,5A,0,HR,10,0.4,338,0
1240,10910,26.45,2GA,2楷林,57.0,335.0,0.0,0.004,0.0368,0,0,0.031,0.02,0.0,0.198,21.0,0.0096,0.0043,0.018,0.017,0.0,7.9,5GG,5A,0,HGI,9,-3.0,597,0
1400,11670,31.94,2GD,2楷林,25.0,269.0,0.0,0.005,0.0015,0,0,0.019,0.01,0.0,0.092,21.0,0.0099,0.0034,0.024,0.023,0.001,4.5,5GG,4C,0,CR,10,-3.6,576,0
1190,8600,19.59,2GA,2楷林,60.0,449.0,0.0,0.006,0.0568,1,0,0.01,0.02,0.0,0.799,28.0,0.0088,0.0032,0.032,0.032,0.001,7.1,5GG,5A,0,PO,4,-1.3,549,0
1290,9940,25.07,2GA,2楷林,3.0,342.0,0.0,0.006,0.0422,0,0,0.01,0.01,0.0,0.203,25.0,0.0078,0.0026,0.022,0.02,0.0,11.2,3GB,5A,0,HGI,2,-0.3,413,0
1410,11720,31.79,2GA,2楷林,17.0,273.0,5.0,0.004,0.0022,0,0,0.017,0.02,0.0,0.09,17.0,0.0096,0.0039,0.028,0.026,0.001,7.0,3GB,5A,1,CR,6,-2.1,412,0
1260,9170,22.23,2GA,2楷林,109.0,322.0,5.8,0.005,0.038,0,0,0.009,0.03,0.0,0.191,16.0,0.0099,0.0032,0.024,0.024,0.0,4.5,3GB,5A,1,HR,5,-9.3,464,0
1250,8310,20.31,2GC,2楷林,33.0,270.0,0.0,0.004,0.0015,0,0,0.016,0.02,0.0,0.061,16.0,0.0095,0.0034,0.033,0.03,0.002,11.8,5GG,4C,0,FH,9,5.4,440,0
1250,9480,23.17,2GA,2楷林,39.0,321.0,0.0,0.005,0.0295,0,0,0.009,0.01,0.0,0.19,13.0,0.0073,0.0034,0.032,0.029,0.0,10.7,5GG,5A,0,HR,6,1.5,585,0
1300,11130,28.29,2GA,2楷林,30.0,336.0,0.0,0.007,0.0369,0,3,0.022,0.02,0.01,0.201,35.0,0.0079,0.0034,0.022,0.02,0.0,11.7,3GB,5A,0,HGI,10,-2.7,424,0
980,11020,21.11,2GC,2楷林,75.0,278.0,0.0,0.005,0.0017,0,3,0.01,0.02,0.0,0.096,14.0,0.0098,0.0035,0.029,0.027,0.002,6.3,5GG,4C,0,CR,4,-4.4,414,0
1570,10000,30.69,2GA,2楷林,5.0,269.0,0.0,0.005,0.002,0,0,0.019,0.03,0.0,0.074,15.0,0.0118,0.003,0.025,0.024,0.001,13.1,3GB,5A,0,FH,7,-0.2,320,0
1460,11810,33.71,2GC,2楷林,8.0,447.0,0.0,0.006,0.1709,0,0,0.008,0.02,0.0,0.298,34.0,0.0134,0.0035,0.014,0.012,0.0,10.7,5GG,4C,0,HR,10,1.3,512,0
1030,9670,19.47,2GC,2楷林,105.0,327.0,0.0,0.006,0.0347,0,0,0.009,0.02,0.0,0.183,18.0,0.0078,0.0029,0.027,0.026,0.0,11.5,5GG,4C,0,HR,2,2.1,432,0
1500,11590,33.99,2GC,2楷林,9.0,268.0,0.0,0.005,0.002,0,0,0.008,0.02,0.0,0.099,18.0,0.0095,0.003,0.032,0.031,0.001,14.0,5GG,4C,0,GI,12,0.5,347,0
1240,9380,22.74,2GA,2楷林,78.0,315.0,0.0,0.005,0.0341,0,0,0.012,0.02,0.0,0.182,16.0,0.009,0.0035,0.026,0.025,0.0,7.8,5GG,5A,0,HR,6,-2.4,712,0
1440,11800,33.22,3GC,2楷林,7.0,451.0,0.0,0.007,0.0043,10,0,0.101,0.02,0.06,0.589,25.0,0.0826,0.0099,0.052,0.05,0.001,3.9,3GB,4C,0,GA,10,-7.6,688,0
1090,7470,15.7,2GB,2楷林,84.0,466.0,0.0,0.007,0.0639,2,0,0.011,0.02,0.0,0.596,25.0,0.0185,0.0028,0.025,0.024,0.001,8.6,5GG,5A,0,GI,2,-2.0,533,0
1450,10430,29.57,2GA,2楷林,5.0,319.0,0.0,0.006,0.0379,0,0,0.011,0.02,0.0,0.145,20.0,0.0107,0.0028,0.02,0.018,0.0,14.4,5GG,5A,0,PO,3,9.7,286,1
1160,11510,26.1,2GA,2楷林,69.0,297.0,0.0,0.003,0.0214,0,0,0.009,0.01,0.0,0.191,11.0,0.0079,0.0038,0.028,0.027,0.0,11.0,5GG,5A,0,CR,7,2.1,499,0
1110,11000,23.87,2GA,2楷林,90.0,352.0,0.0,0.006,0.0587,0,0,0.01,0.02,0.0,0.344,32.0,0.0083,0.0024,0.031,0.031,0.001,9.2,5GG,5A,0,CR,4,0.3,449,0
1020,10800,21.54,2GB,2楷林,49.0,354.0,0.0,0.006,0.0546,0,0,0.018,0.02,0.0,0.306,22.0,0.012,0.0046,0.026,0.024,0.0,5.9,5GG,5A,0,HR,10,-6.7,526,0
1410,7750,20.98,2GB,2楷林,2.0,493.0,0.0,0.004,0.171,0,0,0.012,0.01,0.0,0.761,24.0,0.0114,0.0027,0.016,0.015,0.002,10.6,5GG,5A,0,HR,9,-0.7,461,0
1290,11450,28.88,3GC,2楷林,26.0,326.0,0.0,0.007,0.0394,0,0,0.011,0.01,0.0,0.191,15.0,0.0074,0.0031,0.021,0.02,0.0,12.8,3GB,4C,0,HR,2,3.7,326,0
1190,7470,17.38,3GC,2楷林,35.0,426.0,0.0,0.005,0.1177,0,0,0.018,0.02,0.0,0.306,30.0,0.0082,0.0031,0.021,0.019,0.0,3.6,5GG,4C,0,HGI,7,-3.9,688,0
1450,11810,33.48,3GC,2楷林,5.0,411.0,0.0,0.004,0.1141,0,0,0.011,0.01,0.0,0.292,30.0,0.0059,0.0032,0.014,0.012,0.0,6.4,3GB,4C,0,HGI,7,2.1,646,0
1230,11720,28.18,2GB,2楷林,21.0,452.0,0.0,0.004,0.1457,0,0,0.023,0.02,0.0,0.468,29.0,0.0119,0.003,0.023,0.022,0.0,20.8,5GG,5A,0,PO,8,8.5,229,1
1290,11790,29.73,2GA,2楷林,50.0,331.0,0.0,0.005,0.0356,0,0,0.009,0.02,0.0,0.199,24.0,0.0077,0.0029,0.026,0.025,0.0,9.3,3GB,5A,0,HGI,8,2.1,633,0
1390,8050,21.88,2GB,2楷林,57.0,336.0,0.0,0.006,0.0432,0,0,0.017,0.02,0.0,0.194,10.0,0.0075,0.0037,0.022,0.022,0.0,19.0,5GG,5A,0,HR,2,8.6,394,0
1200,11680,26.94,2GA,2楷林,70.0,306.0,0.0,0.005,0.0015,6,0,0.056,0.02,0.0,0.202,18.0,0.0446,0.0093,0.038,0.036,0.001,9.5,5GG,5A,0,GA,3,0.1,543,0
1090,9420,20.07,2GC,2楷林,88.0,502.0,0.0,0.006,0.176,0,1,0.019,0.03,0.0,0.768,32.0,0.0121,0.0031,0.026,0.026,0.001,8.4,5GG,4C,0,HR,5,-2.0,608,0
920,7770,13.98,2GA,2楷林,5.0,343.0,0.0,0.005,0.0468,0,0,0.01,0.02,0.0,0.331,27.0,0.0083,0.0031,0.027,0.026,0.0,3.7,3GB,5A,0,PO,12,-2.3,702,0
1450,11870,33.65,2GD,2楷林,21.0,357.0,0.0,0.006,0.0544,0,0,0.019,0.02,0.0,0.354,28.0,0.008,0.0036,0.043,0.041,0.0,4.2,3GB,4C,0,HR,11,-3.6,633,0
1450,10780,30.14,3GC,2楷林,14.0,318.0,0.0,0.006,0.0015,5,0,0.054,0.02,0.0,0.204,14.0,0.0448,0.0092,0.042,0.038,0.001,14.0,3GB,4C,0,GI,7,5.8,395,0
1350,11650,30.18,3GC,2楷林,22.0,461.0,0.0,0.005,0.0042,10,1,0.101,0.02,0.06,0.579,20.0,0.0784,0.0088,0.051,0.049,0.001,2.6,3GB,4C,0,CR,6,-5.4,740,0
1280,10370,25.95,2GA,2楷林,6.0,297.0,0.0,0.005,0.0014,0,0,0.096,0.02,0.0,0.146,16.0,0.0189,0.0105,0.038,0.037,0.001,8.7,3GB,5A,0,FH,5,4.6,409,0
1090,11830,25.21,2GB,2楷林,65.0,400.0,0.0,0.004,0.1163,0,0,0.024,0.02,0.0,0.454,30.0,0.0101,0.0033,0.022,0.021,0.001,11.7,5GG,5A,0,HR,9,-2.1,429,0
1420,11850,32.37,2GD,2楷林,33.0,299.0,5.0,0.005,0.002,0,1,0.097,0.02,0.0,0.144,16.0,0.0184,0.0091,0.033,0.031,0.0,12.3,3GB,4C,1,GI,10,5.3,163,1
1190,11030,25.25,2GA,2楷林,59.0,310.0,9.0,0.005,0.0016,5,0,0.051,0.02,0.0,0.194,17.0,0.0456,0.0084,0.043,0.041,0.001,8.3,3GB,5A,1,GI,6,5.3,407,0
1260,6020,14.83,3GB,2楷林,30.0,325.0,0.0,0.004,0.0419,0,0,0.029,0.02,0.0,0.139,23.0,0.0074,0.0035,0.026,0.025,0.0,4.2,3GB,5A,0,PO,9,-6.0,689,0
1250,8230,20.11,2GC,2楷林,57.0,337.0,0.0,0.004,0.0367,0,2,0.018,0.05,0.0,0.139,21.0,0.0068,0.0031,0.032,0.026,0.0,4.2,5GG,4C,0,HR,7,-2.8,718,0
960,7920,14.86,2GA,2楷林,41.0,396.0,0.0,0.005,0.068,0,1,0.011,0.03,0.0,0.487,31.0,0.0154,0.0038,0.048,0.046,0.0,15.5,5GG,5A,0,BP,4,1.3,357,0
1570,10580,32.47,2GA,2楷林,7.0,330.0,0.0,0.004,0.0446,0,0,0.01,0.02,0.0,0.2,16.0,0.009,0.0029,0.026,0.025,0.0,16.9,5GG,5A,0,GI,9,12.9,333,0
1080,10040,21.2,2GD,2楷林,90.0,328.0,0.0,0.006,0.0354,0,0,0.011,0.02,0.0,0.199,21.0,0.0089,0.0038,0.024,0.022,0.0,7.4,5GG,4C,0,HR,11,-2.1,523,0
1060,6740,13.97,2GA,2楷林,21.0,341.0,0.0,0.006,0.0452,0,0,0.022,0.02,0.0,0.283,27.0,0.0058,0.0038,0.031,0.029,0.0,13.7,5GG,5A,0,PO,10,1.8,486,0
1230,11110,26.72,2GA,2楷林,79.0,338.0,0.0,0.005,0.0435,0,0,0.02,0.02,0.0,0.203,17.0,0.0109,0.0035,0.025,0.023,0.0,7.1,5GG,5A,0,HGI,8,-1.4,516,0
1140,11850,25.78,2GC,2楷林,43.0,304.0,10.7,0.006,0.0017,0,0,0.016,0.05,0.02,0.14,14.0,0.0524,0.005,0.03,0.028,0.0,5.9,3GB,4C,1,FH,12,-0.5,195,1
1510,11820,34.89,2GA,2楷林,31.0,275.0,0.0,0.007,0.0024,0,0,0.028,0.02,0.0,0.098,19.0,0.0103,0.0033,0.027,0.025,0.002,16.3,5GG,5A,0,CR,11,6.8,323,0
1450,10750,30.47,3GC,2楷林,57.0,326.0,0.0,0.005,0.0355,0,0,0.02,0.02,0.0,0.189,30.0,0.008,0.0028,0.032,0.032,0.0,10.8,3GB,4C,0,HR,8,2.4,393,0
950,11800,21.92,2GA,2楷林,66.0,335.0,0.0,0.006,0.0419,0,55,0.017,0.02,0.0,0.202,26.0,0.0079,0.003,0.023,0.022,0.0,15.7,5GG,5A,0,BP,2,3.2,212,1
1140,9200,20.5,2GD,2楷林,47.0,462.0,0.0,0.007,0.1576,0,0,0.023,0.02,0.0,0.445,29.0,0.0089,0.0033,0.022,0.022,0.0,11.3,5GG,4C,0,HR,1,-3.1,393,0
1250,8810,21.53,2GC,2楷林,7.0,356.0,0.0,0.006,0.0387,12,0,0.018,0.02,0.0,0.24,16.0,0.0081,0.0028,0.03,0.028,0.0,3.3,3GB,4C,0,HR,1,-2.2,578,0
1350,8910,23.52,2GC,2楷林,10.0,274.0,0.0,0.004,0.0016,0,0,0.02,0.02,0.0,0.082,24.0,0.0117,0.0029,0.028,0.026,0.001,16.5,5GG,4C,0,FH,6,10.0,397,0
1210,9700,22.95,2GB,2楷林,86.0,518.0,0.0,0.007,0.1181,2,1,0.014,0.02,0.0,1.182,34.0,0.0082,0.0022,0.023,0.022,0.002,9.3,5GG,5A,0,HGI,1,1.0,350,0
1350,8430,22.25,2GA,2楷林,18.0,328.0,0.0,0.005,0.0365,0,2,0.021,0.02,0.0,0.185,26.0,0.0074,0.0034,0.024,0.022,0.0,11.8,5GG,5A,0,HR,11,5.7,373,0
1360,8830,23.48,2GC,2楷林,23.0,343.0,0.0,0.006,0.0349,0,1,0.024,0.02,0.0,0.208,22.0,0.0108,0.002,0.025,0.021,0.0,13.1,5GG,4C,0,PO,3,4.2,431,0
1280,7600,19.02,2GA,2楷林,42.0,321.0,0.0,0.005,0.0393,0,0,0.01,0.02,0.0,0.198,19.0,0.0081,0.0034,0.027,0.026,0.0,15.3,3GB,5A,0,HR,12,4.2,265,1
1040,10460,20.76,2GA,2楷林,69.0,271.0,0.0,0.005,0.0021,0,1,0.012,0.02,0.0,0.386,15.0,0.0271,0.003,0.032,0.031,0.002,15.8,3GB,5A,0,EG,2,1.6,299,1
1220,9350,22.3,3GB,2楷林,38.0,427.0,0.0,0.005,0.1234,0,0,0.01,0.02,0.0,0.31,29.0,0.0096,0.0025,0.022,0.02,0.0,4.6,3GB,5A,0,HGI,1,-9.7,677,0
1240,8590,20.82,2GB,2楷林,38.0,419.0,0.0,0.006,0.114,0,0,0.01,0.02,0.0,0.307,35.0,0.0132,0.0023,0.028,0.027,0.001,13.1,5GG,5A,0,HGI,12,0.5,452,0
1390,7580,20.38,2GA,2楷林,31.0,362.0,0.0,0.006,0.0578,0,1,0.025,0.02,0.0,0.35,28.0,0.0109,0.0035,0.034,0.03,0.0,17.1,5GG,5A,0,HGI,10,6.7,375,0
1040,11760,23.68,2GA,2楷林,29.0,351.0,0.0,0.004,0.0562,0,0,0.014,0.02,0.0,0.351,28.0,0.009,0.003,0.033,0.028,0.0,6.7,3GB,5A,0,CR,8,-3.1,576,0
1090,9450,20.14,2GA,2楷林,91.0,331.0,0.0,0.006,0.038,0,0,0.011,0.02,0.0,0.195,18.0,0.0077,0.0032,0.025,0.023,0.0,13.3,3GB,5A,0,HR,12,-4.1,366,0
1240,9030,21.89,2GC,2楷林,44.0,446.0,0.0,0.005,0.0588,0,0,0.012,0.01,0.0,0.815,35.0,0.0057,0.002,0.029,0.027,0.0,12.8,5GG,4C,0,PO,3,3.4,451,0
1190,11360,26.43,2GB,2楷林,83.0,527.0,0.0,0.006,0.0795,2,0,0.021,0.02,0.0,0.913,38.0,0.0197,0.0018,0.027,0.026,0.001,17.6,5GG,5A,0,GI,11,4.7,373,0
1000,7570,14.8,2GC,2楷林,90.0,525.0,0.0,0.006,0.0756,3,1,0.015,0.02,0.0,0.888,35.0,0.0192,0.0028,0.026,0.025,0.001,6.0,5GG,4C,0,GI,1,-2.8,608,0
1550,8290,25.12,2GB,2楷林,43.0,544.0,0.0,0.007,0.1401,0,0,0.022,0.02,0.0,1.181,39.0,0.0115,0.003,0.015,0.014,0.001,5.1,3GB,5A,0,HR,11,-4.8,653,0
1510,8490,25.06,2GB,2楷林,22.0,526.0,0.0,0.006,0.1446,0,0,0.017,0.02,0.0,0.906,26.0,0.0121,0.0028,0.023,0.021,0.001,14.3,5GG,5A,0,HR,10,3.1,522,0
1270,10950,27.19,2GA,2楷林,81.0,327.0,0.0,0.005,0.0413,0,0,0.022,0.02,0.0,0.196,18.0,0.0074,0.0048,0.028,0.027,0.0,8.2,5GG,5A,0,CR,5,-6.0,641,0
1170,11520,26.35,2GC,2楷林,41.0,531.0,0.0,0.006,0.0779,2,0,0.022,0.02,0.0,0.909,38.0,0.0198,0.0024,0.03,0.029,0.001,6.6,5GG,4C,0,GI,1,-0.6,579,0
1290,8750,22.07,2GA,2楷林,14.0,331.0,0.0,0.004,0.036,0,1,0.008,0.01,0.0,0.193,27.0,0.0076,0.0036,0.024,0.022,0.0,7.9,3GB,5A,0,HR,9,-0.8,662,0
1290,10480,26.43,2GA,2楷林,34.0,336.0,0.0,0.005,0.0383,0,0,0.02,0.03,0.0,0.187,19.0,0.0116,0.0042,0.025,0.023,0.0,17.7,5GG,5A,0,HGI,3,-0.1,366,0
1540,10010,30.14,2GC,2楷林,42.0,332.0,0.0,0.004,0.0371,0,0,0.016,0.02,0.0,0.183,20.0,0.0102,0.0033,0.031,0.029,0.0,17.6,5GG,4C,0,HR,6,7.3,373,0
1290,9310,23.48,3GC,2楷林,51.0,331.0,0.0,0.005,0.0397,0,5,0.02,0.02,0.0,0.183,15.0,0.0112,0.0035,0.026,0.025,0.0,17.8,3GB,4C,0,HR,1,5.5,411,0
910,10180,18.11,2GC,2楷林,96.0,342.0,0.0,0.006,0.0464,0,0,0.014,0.03,0.0,0.303,35.0,0.0138,0.0031,0.031,0.03,0.0,8.4,5GG,4C,0,PO,11,-1.7,533,0
1290,9140,23.05,2GB,2楷林,79.0,328.0,0.0,0.005,0.0369,0,0,0.013,0.02,0.0,0.188,17.0,0.0091,0.0033,0.019,0.015,0.0,11.4,5GG,5A,0,HR,12,-2.6,365,0
1190,6140,14.28,2GC,2楷林,48.0,440.0,0.0,0.007,0.0539,0,0,0.019,0.02,0.0,0.797,44.0,0.0092,0.0024,0.036,0.034,0.001,17.6,3GB,4C,0,PO,11,10.9,312,0
1030,9670,19.47,2GA,2楷林,58.0,330.0,0.0,0.006,0.0375,0,0,0.011,0.02,0.0,0.191,27.0,0.0077,0.0026,0.033,0.032,0.0,19.2,3GB,5A,0,HR,2,11.6,335,0
930,9970,18.13,3GC,2楷林,76.0,306.0,0.0,0.006,0.0023,16,0,0.062,0.07,0.0,0.525,20.0,0.0153,0.0033,0.022,0.021,0.002,9.0,3GB,4C,0,BP,2,-2.0,472,0
1000,9960,19.16,2GA,2楷林,48.0,332.0,9.7,0.005,0.0411,0,0,0.019,0.02,0.0,0.187,20.0,0.0063,0.004,0.026,0.024,0.0,5.8,5GG,5A,1,HR,6,-3.5,313,0
1340,9930,25.63,2GA,2楷林,4.0,279.0,0.0,0.006,0.0191,0,0,0.016,0.02,0.0,0.145,23.0,0.0093,0.0033,0.024,0.022,0.002,12.7,5GG,5A,0,GI,10,1.0,365,0
1140,11860,26.43,2GA,2楷林,16.0,272.0,0.0,0.005,0.002,0,1,0.011,0.02,0.0,0.118,19.0,0.0102,0.0031,0.026,0.026,0.001,8.4,5GG,5A,0,CR,4,-6.3,504,0
1380,11770,31.75,3GC,2楷林,30.0,312.0,0.0,0.005,0.0367,0,0,0.008,0.02,0.0,0.138,23.0,0.0107,0.0026,0.021,0.02,0.0,8.5,3GB,4C,0,CR,7,0.8,417,0
1550,11530,34.1,2GA,2楷林,15.0,272.0,7.2,0.005,0.0015,0,0,0.025,0.02,0.0,0.089,16.0,0.01,0.0035,0.034,0.034,0.001,8.0,3GB,5A,1,CR,8,-2.9,293,1
960,9320,17.49,3GC,2楷林,90.0,329.0,0.0,0.007,0.0421,0,1,0.011,0.02,0.0,0.183,16.0,0.0094,0.0032,0.021,0.021,0.0,4.7,3GB,4C,0,HR,1,1.0,568,0
1270,9100,22.59,2GB,2楷林,68.0,347.0,0.0,0.005,0.0411,0,0,0.01,0.02,0.01,0.206,28.0,0.009,0.0028,0.02,0.018,0.0,9.3,3GB,5A,0,PO,12,-4.3,429,0
1560,9880,30.13,2GB,2楷林,14.0,482.0,0.0,0.004,0.1731,0,0,0.011,0.02,0.0,0.498,32.0,0.0104,0.003,0.023,0.022,0.001,8.2,3GB,5A,0,HR,5,-0.1,573,0
1290,7980,20.13,2GA,2楷林,28.0,320.0,0.0,0.005,0.0372,0,4,0.011,0.02,0.0,0.192,27.0,0.0088,0.0026,0.022,0.022,0.0,18.1,5GG,5A,0,HR,4,8.9,378,0
1260,8740,21.53,2GA,2楷林,31.0,357.0,0.0,0.006,0.0402,11,1,0.011,0.02,0.0,0.258,18.0,0.0082,0.0035,0.032,0.03,0.0,12.9,5GG,5A,0,HR,11,7.1,467,0
1400,8790,23.8,2GA,2楷林,52.0,337.0,0.0,0.005,0.0442,0,0,0.018,0.01,0.0,0.205,25.0,0.0055,0.0037,0.026,0.024,0.0,19.1,5GG,5A,0,FH,7,6.5,406,0
1380,10730,28.25,2GA,2楷林,3.0,308.0,6.1,0.004,0.0013,4,0,0.049,0.02,0.0,0.195,15.0,0.0453,0.0092,0.039,0.037,0.0,6.0,3GB,5A,1,HR,9,-5.3,351,0
1090,11810,25.17,3GC,2楷林,13.0,338.0,0.0,0.005,0.0402,0,0,0.013,0.02,0.0,0.203,17.0,0.0097,0.0029,0.039,0.038,0.0,7.0,3GB,4C,0,HR,1,-1.6,573,0
1250,8580,20.97,2GB,2楷林,29.0,465.0,0.0,0.007,0.0661,2,1,0.012,0.01,0.0,0.582,34.0,0.0178,0.0027,0.024,0.023,0.001,10.2,5GG,5A,0,GI,2,1.8,457,0
1200,11760,27.59,2GA,2楷林,44.0,271.0,0.0,0.004,0.0019,0,0,0.012,0.02,0.0,0.096,16.0,0.01,0.0029,0.029,0.027,0.001,6.7,3GB,5A,0,HR,8,-6.1,577,0
1040,9400,19.11,2GC,2楷林,61.0,330.0,0.0,0.007,0.0383,0,0,0.017,0.02,0.0,0.224,13.0,0.0076,0.0036,0.028,0.026,0.0,4.5,3GB,4C,0,HR,11,-7.5,635,0
1320,11590,29.91,2GB,2楷林,11.0,439.0,0.0,0.007,0.0549,0,0,0.012,0.02,0.0,0.792,31.0,0.012,0.0025,0.044,0.043,0.001,10.9,5GG,5A,0,PO,4,-3.3,391,0
1140,11860,26.43,2GA,2楷林,75.0,344.0,0.0,0.003,0.0495,0,0,0.018,0.03,0.0,0.29,37.0,0.0107,0.003,0.03,0.025,0.0,10.5,5GG,5A,0,CR,7,1.4,497,0
1570,7340,22.53,2GC,2楷林,10.0,326.0,0.0,0.007,0.0398,0,0,0.021,0.02,0.0,0.2,24.0,0.0121,0.0028,0.03,0.028,0.0,9.3,5GG,4C,0,HR,11,0.8,627,0
950,8400,15.6,2GA,2楷林,44.0,343.0,0.0,0.005,0.0433,0,0,0.013,0.02,0.0,0.204,37.0,0.0104,0.0038,0.032,0.03,0.0,9.1,5GG,5A,0,GI,5,-4.4,468,0
1080,9330,19.38,2GA,2楷林,110.0,338.0,3.1,0.004,0.0393,0,0,0.022,0.03,0.0,0.196,23.0,0.0097,0.0028,0.023,0.021,0.0,14.2,3GB,5A,1,HR,9,0.7,296,1
1280,11730,29.35,2GC,2楷林,14.0,531.0,0.0,0.006,0.1381,0,0,0.011,0.02,0.0,0.856,32.0,0.0123,0.0028,0.018,0.017,0.001,7.0,5GG,4C,0,HGI,2,-3.2,637,0
1360,10690,27.56,2GA,2楷林,1.0,255.0,6.8,0.004,0.0019,0,0,0.016,0.02,0.0,0.067,14.0,0.0082,0.0037,0.028,0.027,0.002,11.0,3GB,5A,1,HR,9,-0.3,237,1
1030,11260,22.67,2GA,2楷林,87.0,340.0,0.0,0.006,0.0392,0,0,0.018,0.02,0.0,0.24,22.0,0.0095,0.0038,0.02,0.019,0.0,3.9,5GG,5A,0,HGI,10,-5.1,464,0
1240,11480,27.83,2GA,2楷林,61.0,325.0,0.0,0.004,0.0398,0,0,0.014,0.02,0.0,0.191,22.0,0.0095,0.0033,0.029,0.026,0.0,5.1,5GG,5A,0,CR,9,0.0,505,0
1270,10010,24.85,3GC,2楷林,37.0,395.0,0.0,0.004,0.0768,0,0,0.022,0.02,0.0,0.413,23.0,0.0085,0.0027,0.022,0.021,0.0,5.4,3GB,4C,0,PO,9,-7.5,480,0
1200,11290,26.49,2GB,2楷林,70.0,524.0,0.0,0.004,0.0816,5,2,0.03,0.02,0.0,0.898,30.0,0.0193,0.0037,0.028,0.026,0.001,8.4,5GG,5A,0,CR,8,3.8,474,0
1080,11420,24.11,2GA,2楷林,66.0,331.0,0.0,0.004,0.0333,0,0,0.015,0.02,0.0,0.18,9.0,0.0104,0.0026,0.016,0.015,0.0,17.9,5GG,5A,0,CR,7,5.4,305,0
930,10080,18.33,2GC,2楷林,61.0,317.0,0.0,0.005,0.0132,17,0,0.02,0.03,0.0,0.146,15.0,0.0093,0.0033,0.027,0.026,0.0,9.8,3GB,4C,0,GI,6,-4.2,432,0
1290,7540,19.02,3GC,2楷林,43.0,321.0,0.0,0.006,0.0373,0,0,0.012,0.02,0.0,0.183,19.0,0.0091,0.003,0.024,0.021,0.0,2.1,3GB,4C,0,HR,1,-4.6,634,0
1090,8110,17.28,2GB,2楷林,67.0,535.0,0.0,0.006,0.1488,0,0,0.017,0.03,0.0,0.807,35.0,0.0144,0.0022,0.036,0.031,0.001,3.8,5GG,5A,0,HR,7,-8.3,594,0
1270,9010,22.37,2GB,2楷林,27.0,564.0,0.0,0.007,0.1409,0,0,0.023,0.02,0.0,1.509,38.0,0.0134,0.0024,0.022,0.021,0.002,11.9,5GG,5A,0,HGI,10,0.4,474,0
1220,8110,19.34,2GC,2楷林,59.0,535.0,0.0,0.005,0.1883,0,0,0.031,0.02,0.0,0.895,35.0,0.014,0.0033,0.014,0.012,0.001,19.8,5GG,4C,0,PO,4,9.8,216,1
1120,8900,19.05,2GA,2楷林,60.0,269.0,0.0,0.005,0.0021,0,3,0.011,0.02,0.0,0.06,15.0,0.0064,0.0027,0.028,0.027,0.002,17.0,5GG,5A,0,HR,1,9.1,243,1
1010,8040,15.88,2GA,2楷林,50.0,306.0,0.0,0.004,0.0029,16,0,0.067,0.07,0.0,0.535,20.0,0.0144,0.0026,0.026,0.025,0.002,7.4,5GG,5A,0,BP,9,-1.0,620,0
1210,11150,26.38,2GA,2楷林,24.0,338.0,0.0,0.005,0.0403,0,0,0.009,0.03,0.0,0.189,22.0,0.0148,0.0027,0.024,0.022,0.0,13.6,3GB,5A,0,HR,3,3.3,280,1
1350,10460,27.61,2GC,2楷林,22.0,530.0,0.0,0.006,0.0735,2,0,0.026,0.02,0.0,0.897,33.0,0.0193,0.0027,0.028,0.027,0.001,10.9,5GG,4C,0,HR,2,2.3,448,0
1140,11500,25.07,2GA,2楷林,68.0,327.0,0.0,0.006,0.0401,0,0,0.007,0.02,0.0,0.186,15.0,0.0088,0.0033,0.02,0.018,0.0,17.4,5GG,5A,0,GI,12,6.0,351,0
1240,10390,25.19,2GB,2楷林,56.0,423.0,0.0,0.004,0.1198,0,1,0.01,0.02,0.0,0.299,20.0,0.0103,0.0027,0.023,0.023,0.0,5.5,5GG,5A,0,HGI,3,-5.1,566,0
980,9980,19.12,2GA,2楷林,61.0,326.0,0.0,0.004,0.0354,0,0,0.013,0.02,0.0,0.169,15.0,0.0067,0.0042,0.022,0.019,0.0,7.4,5GG,5A,0,HR,7,-3.6,424,0
1280,9020,22.57,2GC,2楷林,50.0,328.0,0.0,0.006,0.0435,0,0,0.012,0.02,0.0,0.19,23.0,0.0061,0.0031,0.029,0.028,0.0,4.6,5GG,4C,0,HR,3,-1.8,613,0
1090,11280,24.04,2GA,2楷林,66.0,339.0,0.0,0.005,0.039,0,0,0.012,0.02,0.0,0.188,15.0,0.0093,0.0033,0.028,0.027,0.0,15.7,5GG,5A,0,CR,4,4.0,192,1
1390,7650,20.29,2GA,2楷林,6.0,330.0,10.0,0.008,0.0393,0,0,0.007,0.01,0.0,0.191,19.0,0.0095,0.0027,0.023,0.022,0.0,8.3,3GB,5A,1,GI,2,-8.9,242,1
1260,11120,27.39,2GA,2楷林,31.0,331.0,0.0,0.005,0.0395,0,0,0.018,0.02,0.0,0.144,12.0,0.0087,0.0034,0.028,0.025,0.0,10.4,5GG,5A,0,PO,5,3.1,438,0
1410,11600,31.46,2GC,2楷林,47.0,298.0,12.2,0.004,0.0019,0,1,0.101,0.02,0.0,0.129,13.0,0.0183,0.0094,0.031,0.03,0.0,6.6,3GB,4C,1,GI,4,-3.3,184,1
1120,11680,25.57,2GB,2楷林,54.0,548.0,0.0,0.006,0.1506,0,0,0.017,0.02,0.0,0.887,33.0,0.0106,0.0028,0.022,0.02,0.001,7.1,3GB,5A,0,HR,10,3.1,610,0
1470,9270,25.86,2GD,2楷林,38.0,320.0,8.3,0.005,0.0017,4,0,0.053,0.02,0.0,0.201,20.0,0.0486,0.009,0.034,0.032,0.0,6.1,3GB,4C,1,GI,12,-4.3,339,0
1370,8440,22.61,2GA,2楷林,36.0,334.0,0.0,0.005,0.0424,0,0,0.011,0.02,0.0,0.192,24.0,0.0107,0.0031,0.026,0.024,0.0,7.5,3GB,5A,0,HR,10,-5.6,527,0
1110,11110,24.11,2GA,2楷林,88.0,263.0,0.0,0.007,0.0013,0,0,0.011,0.02,0.0,0.079,17.0,0.0081,0.0037,0.037,0.035,0.002,5.1,5GG,5A,0,GA,11,-1.3,484,0
1130,11040,24.39,2GA,2楷林,82.0,337.0,0.0,0.005,0.0429,0,1,0.016,0.02,0.0,0.187,24.0,0.0081,0.0034,0.022,0.021,0.0,12.2,5GG,5A,0,HGI,2,-0.1,388,0
1400,8360,22.88,3GC,2楷林,19.0,302.0,0.0,0.006,0.0188,0,2,0.01,0.02,0.0,0.184,17.0,0.0095,0.0031,0.024,0.023,0.0,8.7,3GB,4C,0,HR,11,0.2,471,0
1250,8350,20.41,2GD,2楷林,36.0,335.0,0.0,0.004,0.0359,0,1,0.022,0.05,0.0,0.136,23.0,0.0065,0.0035,0.03,0.028,0.0,8.5,5GG,4C,0,HR,7,-2.7,511,0
1290,11790,29.73,2GC,2楷林,55.0,271.0,0.0,0.005,0.0019,0,0,0.012,0.02,0.0,0.088,22.0,0.0096,0.0034,0.023,0.022,0.001,13.0,5GG,4C,0,CR,12,8.9,410,0
1210,10450,24.72,2GA,2楷林,37.0,511.0,0.0,0.005,0.1616,0,0,0.025,0.02,0.0,0.589,33.0,0.0106,0.0023,0.042,0.04,0.0,10.6,5GG,5A,0,PosMAC,8,-2.8,326,0
1240,10230,24.8,3GB,2楷林,43.0,336.0,0.0,0.006,0.0432,0,0,0.021,0.02,0.0,0.193,17.0,0.0102,0.0031,0.013,0.012,0.0,11.8,3GB,5A,0,HGI,3,0.9,450,0
940,11660,21.43,2GC,2楷林,97.0,322.0,0.0,0.006,0.0365,0,0,0.013,0.02,0.0,0.152,12.0,0.0118,0.0034,0.024,0.018,0.0,13.3,5GG,4C,0,PO,1,-1.8,353,0
1050,9280,19.05,2GA,2楷林,90.0,289.0,0.0,0.006,0.0021,0,0,0.021,0.02,0.0,0.145,21.0,0.0111,0.004,0.031,0.03,0.001,13.1,3GB,5A,0,GI,11,-2.4,368,0
1100,7930,17.05,2GB,2楷林,40.0,365.0,0.0,0.006,0.0418,12,1,0.012,0.02,0.0,0.258,21.0,0.0082,0.0041,0.033,0.031,0.0,15.5,5GG,5A,0,HR,11,5.4,397,0
1260,10910,26.34,3GC,2楷林,67.0,332.0,0.0,0.003,0.0333,0,0,0.02,0.02,0.0,0.2,13.0,0.0074,0.003,0.019,0.018,0.0,11.2,3GB,4C,0,HGI,3,2.2,458,0
1140,9860,21.97,2GA,2楷林,39.0,328.0,0.0,0.004,0.0354,0,0,0.009,0.02,0.0,0.193,31.0,0.007,0.003,0.029,0.027,0.0,11.8,5GG,5A,0,HR,6,1.8,465,0
1190,7470,17.38,3GC,2楷林,32.0,426.0,0.0,0.005,0.1177,0,0,0.018,0.02,0.0,0.306,30.0,0.0082,0.0031,0.021,0.019,0.0,3.4,5GG,4C,0,HGI,7,-4.0,553,0
1510,9820,28.53,2GC,2楷林,13.0,578.0,6.6,0.004,0.0018,0,0,0.02,0.02,0.0,0.09,16.0,0.0099,0.0032,0.032,0.032,0.001,6.1,3GB,4C,1,GA,9,-7.3,373,0
1290,11360,28.65,2GA,2楷林,27.0,336.0,0.0,0.006,0.0396,0,0,0.009,0.05,0.0,0.211,68.0,0.0063,0.0027,0.032,0.03,0.0,5.0,3GB,5A,1,HR,12,-10.0,514,0
1450,8170,23.16,2GA,2楷林,50.0,331.0,0.0,0.006,0.0384,0,0,0.015,0.02,0.0,0.205,22.0,0.009,0.0038,0.027,0.022,0.0,5.8,5GG,5A,0,HR,3,-4.3,644,0
1460,9850,27.92,2GC,2楷林,20.0,322.0,0.0,0.005,0.0018,6,0,0.061,0.02,0.0,0.199,18.0,0.0436,0.0096,0.04,0.038,0.001,8.3,5GG,4C,0,HR,10,0.5,418,0
1120,11390,24.94,2GA,2楷林,47.0,324.0,0.0,0.005,0.0385,0,0,0.015,0.02,0.0,0.189,17.0,0.009,0.0033,0.018,0.016,0.0,17.8,5GG,5A,0,CR,7,6.1,274,1
1350,10750,28.37,2GC,2楷林,24.0,525.0,0.0,0.005,0.0785,5,3,0.023,0.03,0.0,0.894,35.0,0.0198,0.0029,0.03,0.029,0.002,8.3,3GB,4C,0,GI,6,-0.9,512,0
1310,10410,26.66,2GC,2楷林,5.0,380.0,0.0,0.004,0.0749,0,0,0.021,0.02,0.0,0.311,22.0,0.0093,0.0026,0.021,0.019,0.0,4.4,5GG,4C,0,HR,9,-7.0,575,0
1450,8380,23.76,2GA,2楷林,10.0,272.0,0.0,0.005,0.0019,0,0,0.011,0.02,0.0,0.078,11.0,0.0088,0.0035,0.038,0.037,0.002,15.2,5GG,5A,0,GI,8,3.5,417,0
1050,11620,23.85,3GB,2楷林,71.0,353.0,0.0,0.006,0.0574,0,0,0.015,0.02,0.0,0.35,21.0,0.0108,0.0031,0.028,0.026,0.0,4.1,3GB,5A,0,CR,10,-9.8,674,0
1490,9500,27.67,2GA,2楷林,19.0,353.0,0.0,0.006,0.0024,7,1,0.082,0.03,0.0,0.236,11.0,0.0742,0.009,0.035,0.034,0.001,4.2,5GG,5A,0,HR,7,-2.4,671,0
1030,10610,21.36,2GC,2楷林,88.0,301.0,0.0,0.004,0.0015,0,1,0.016,0.05,0.02,0.148,12.0,0.0471,0.0035,0.037,0.035,0.001,3.1,3GB,4C,0,GI,7,-2.0,444,0
960,10480,19.16,2GA,2楷林,80.0,351.0,0.0,0.004,0.0381,11,0,0.014,0.02,0.0,0.178,14.0,0.0126,0.0043,0.019,0.019,0.0,7.5,5GG,5A,0,HR,7,2.8,539,0
1560,11450,34.36,2GA,2楷林,5.0,261.0,7.0,0.006,0.0023,0,1,0.014,0.03,0.0,0.113,21.0,0.0137,0.0041,0.022,0.019,0.003,13.4,3GB,5A,1,GI,10,2.9,241,1
1240,10590,25.06,2GA,2楷林,57.0,343.0,10.8,0.006,0.0419,0,33,0.016,0.02,0.0,0.209,21.0,0.0099,0.0037,0.022,0.021,0.0,7.1,3GB,5A,1,PO,4,-3.7,304,0
1300,10960,27.85,3GC,2楷林,47.0,280.0,0.0,0.006,0.0018,0,0,0.009,0.02,0.0,0.102,15.0,0.0088,0.0034,0.024,0.022,0.001,9.0,3GB,4C,0,FH,11,-2.8,503,0
1390,8200,22.28,2GB,2楷林,14.0,364.0,0.0,0.006,0.041,13,7,0.012,0.02,0.0,0.206,22.0,0.0071,0.0039,0.024,0.024,0.0,4.4,3GB,5A,0,HGI,1,-9.6,667,0
1180,11690,26.97,2GB,2楷林,33.0,512.0,0.0,0.005,0.2009,0,0,0.016,0.02,0.0,0.439,39.0,0.0092,0.0023,0.029,0.028,0.0,10.2,5GG,5A,0,HR,9,0.0,363,0
1030,9500,19.13,2GA,2楷林,67.0,335.0,0.0,0.007,0.0414,0,0,0.012,0.02,0.0,0.182,15.0,0.0074,0.0033,0.023,0.022,0.0,7.8,5GG,5A,0,HR,1,-0.2,609,0
1290,11500,29.0,3GC,2楷林,31.0,271.0,0.0,0.006,0.0015,0,0,0.011,0.02,0.0,0.097,21.0,0.0096,0.0054,0.033,0.031,0.001,11.0,3GB,4C,0,GI,12,7.8,419,0
1260,9410,23.18,2GC,2楷林,45.0,367.0,0.0,0.005,0.0359,19,0,0.023,0.02,0.0,0.184,17.0,0.0115,0.0039,0.018,0.018,0.0,9.2,5GG,4C,0,HR,12,-4.1,469,0
1140,9700,20.99,2GC,2楷林,31.0,304.0,13.2,0.006,0.0017,0,0,0.016,0.05,0.01,0.144,14.0,0.0498,0.0042,0.03,0.029,0.0,2.5,3GB,4C,1,GI,12,-3.4,269,1
920,7770,13.98,2GA,2楷林,27.0,341.0,0.0,0.006,0.0434,0,1,0.009,0.02,0.0,0.284,34.0,0.0079,0.0032,0.038,0.037,0.0,2.9,3GB,5A,0,PO,12,-3.8,621,0
1070,8060,16.55,2GC,2楷林,64.0,343.0,0.0,0.005,0.0355,10,0,0.011,0.02,0.0,0.196,17.0,0.0093,0.0036,0.018,0.017,0.0,17.7,5GG,4C,0,CR,6,6.3,250,1
1070,11390,23.83,2GB,2楷林,27.0,348.0,0.0,0.005,0.0519,0,1,0.018,0.02,0.0,0.292,24.0,0.0084,0.0039,0.022,0.02,0.0,5.9,5GG,5A,0,HR,10,-6.1,651,0
1110,9280,20.14,2GB,2楷林,48.0,488.0,0.0,0.007,0.1902,0,1,0.011,0.02,0.0,0.448,31.0,0.0084,0.0029,0.024,0.023,0.0,8.5,3GB,5A,0,HR,1,-6.4,396,0
1130,9770,21.58,2GA,2楷林,90.0,447.0,0.0,0.006,0.0578,0,0,0.021,0.02,0.0,0.794,25.0,0.0075,0.0022,0.036,0.035,0.0,6.1,5GG,5A,0,PO,1,-1.9,486,0
1440,11400,32.09,3GC,2楷林,19.0,496.0,0.0,0.007,0.1851,0,0,0.017,0.02,0.0,0.87,34.0,0.0087,0.0025,0.023,0.022,0.001,12.8,3GB,4C,0,HR,11,8.4,439,0
1100,8660,18.62,2GA,2楷林,64.0,327.0,0.0,0.006,0.0326,0,6,0.026,0.02,0.0,0.167,20.0,0.0093,0.0036,0.024,0.023,0.0,12.1,5GG,5A,0,HR,10,0.6,490,0
900,9860,17.35,2GA,2楷林,76.0,334.0,0.0,0.006,0.0431,0,0,0.011,0.01,0.0,0.196,21.0,0.0067,0.0033,0.025,0.024,0.0,3.5,5GG,5A,0,HR,12,-10.2,725,0
1290,8950,22.57,2GA,2楷林,46.0,335.0,0.0,0.005,0.0403,0,0,0.028,0.02,0.0,0.166,28.0,0.0084,0.004,0.039,0.037,0.0,14.9,5GG,5A,0,HR,10,0.8,461,0
1300,8760,21.84,2GD,2楷林,28.0,458.0,0.0,0.004,0.0575,0,0,0.023,0.02,0.0,0.791,36.0,0.0137,0.0026,0.026,0.026,0.001,8.0,5GG,4C,0,PO,6,1.1,472,0
1210,10880,25.42,2GA,2楷林,48.0,347.0,0.0,0.004,0.0455,0,0,0.023,0.02,0.0,0.301,32.0,0.0075,0.0034,0.034,0.033,0.0,14.9,5GG,5A,0,HR,5,3.4,303,0
1570,11400,34.99,2GC,2楷林,47.0,338.0,0.0,0.005,0.0416,0,0,0.02,0.06,0.0,0.185,32.0,0.0099,0.003,0.037,0.036,0.0,9.4,5GG,4C,0,HR,8,-4.7,599,0
1330,11790,30.66,2GA,2楷林,17.0,328.0,0.0,0.004,0.0378,0,0,0.02,0.02,0.0,0.203,26.0,0.0109,0.0036,0.02,0.018,0.0,16.9,5GG,5A,0,HR,9,14.2,232,1
1200,9000,20.6,2GC,2楷林,1.0,298.0,9.8,0.007,0.0024,0,0,0.011,0.02,0.0,0.095,13.0,0.0087,0.003,0.04,0.039,0.002,11.0,3GB,4C,1,HR,4,3.1,357,0
1220,8700,20.75,2GD,2楷林,39.0,496.0,0.0,0.007,0.156,0,2,0.025,0.02,0.0,0.808,36.0,0.0076,0.0022,0.043,0.042,0.001,9.3,5GG,4C,0,PO,1,1.1,439,0
1200,11590,27.19,3GC,2楷林,13.0,258.0,0.0,0.004,0.0022,1,0,0.008,0.01,0.0,0.062,18.0,0.0071,0.0036,0.029,0.028,0.003,4.0,3GB,4C,0,HR,6,-3.9,638,0
900,11700,20.59,2GA,2楷林,43.0,396.0,0.0,0.005,0.0659,0,0,0.021,0.02,0.0,0.486,30.0,0.0129,0.0024,0.042,0.04,0.001,6.3,5GG,5A,0,BP,8,-6.1,571,0
1000,10990,21.49,2GA,2楷林,67.0,338.0,0.0,0.006,0.038,0,0,0.008,0.01,0.0,0.21,16.0,0.0066,0.0024,0.02,0.018,0.0,10.9,3GB,5A,0,HGI,2,3.9,376,0
1310,9990,25.39,2GC,2楷林,27.0,452.0,0.0,0.004,0.0568,0,0,0.012,0.02,0.0,0.789,37.0,0.0105,0.0021,0.035,0.033,0.001,4.2,5GG,4C,0,PO,9,-6.3,531,0
1260,9410,23.18,2GA,2楷林,13.0,373.0,0.0,0.005,0.0392,19,0,0.021,0.02,0.0,0.193,16.0,0.0091,0.003,0.023,0.022,0.0,7.1,3GB,5A,0,HR,7,-1.6,587,0
1340,11450,29.55,3GC,2楷林,43.0,338.0,0.0,0.005,0.0399,0,0,0.012,0.02,0.0,0.212,17.0,0.0069,0.0027,0.027,0.026,0.0,6.4,3GB,4C,0,HGI,1,-2.4,456,0
1570,10450,32.07,2GC,2楷林,12.0,325.0,0.0,0.006,0.036,0,0,0.014,0.01,0.0,0.203,33.0,0.0058,0.0027,0.028,0.026,0.0,12.0,5GG,4C,0,HR,11,-1.6,492,0
1110,9030,19.6,2GA,2楷林,33.0,302.0,0.0,0.004,0.0195,0,0,0.011,0.02,0.0,0.144,20.0,0.0086,0.0034,0.032,0.03,0.0,12.1,5GG,5A,0,HR,7,-2.1,359,0
1220,11630,27.74,2GB,2楷林,22.0,519.0,0.0,0.005,0.0807,2,0,0.017,0.02,0.0,0.915,32.0,0.0189,0.0018,0.026,0.025,0.001,12.0,5GG,5A,0,HR,8,4.8,475,0
1100,11810,25.4,2GB,2楷林,73.0,528.0,0.0,0.007,0.0814,4,1,0.017,0.02,0.0,0.906,31.0,0.0216,0.0024,0.028,0.027,0.002,10.6,5GG,5A,0,GI,1,-1.3,402,0
1100,9770,21.01,2GA,2楷林,72.0,461.0,0.0,0.007,0.062,0,0,0.019,0.02,0.0,0.794,26.0,0.0103,0.0026,0.025,0.023,0.001,11.6,3GB,5A,0,PO,10,2.2,362,0
1240,8760,21.24,2GA,2楷林,25.0,322.0,0.0,0.005,0.0387,0,0,0.02,0.02,0.0,0.192,16.0,0.0072,0.003,0.017,0.016,0.0,8.8,5GG,5A,0,HR,6,0.3,540,0
1510,11850,34.98,2GA,2楷林,5.0,276.0,0.0,0.006,0.0025,0,0,0.016,0.02,0.0,0.094,11.0,0.0098,0.0036,0.03,0.028,0.001,15.3,5GG,5A,0,GI,2,13.4,478,0
1020,11860,23.65,2GA,2楷林,59.0,345.0,0.0,0.005,0.0458,0,0,0.014,0.02,0.0,0.327,17.0,0.0057,0.0036,0.022,0.019,0.0,14.0,5GG,5A,0,HR,10,8.1,400,0
1190,7990,18.59,2GA,2楷林,35.0,480.0,0.0,0.007,0.0678,2,0,0.017,0.02,0.01,0.869,35.0,0.0105,0.0023,0.036,0.032,0.002,13.1,3GB,5A,0,PO,4,-2.1,583,0
1230,7180,17.27,2GB,2楷林,78.0,524.0,0.0,0.006,0.1468,0,0,0.017,0.02,0.0,0.786,41.0,0.0109,0.0031,0.022,0.02,0.001,22.0,5GG,5A,0,HR,10,11.0,330,0
1220,10900,26.0,2GA,2楷林,15.0,338.0,0.0,0.003,0.0383,0,0,0.011,0.02,0.0,0.197,21.0,0.0105,0.0031,0.022,0.019,0.0,11.4,3GB,5A,0,HGI,9,3.8,258,1
1290,10070,25.4,2GC,2楷林,93.0,416.0,0.0,0.006,0.1146,0,0,0.013,0.02,0.0,0.292,30.0,0.0088,0.003,0.02,0.019,0.0,9.6,3GB,4C,0,HGI,10,-2.0,508,0
1040,11790,23.97,2GA,2楷林,59.0,339.0,0.0,0.005,0.0486,0,1,0.011,0.01,0.0,0.281,19.0,0.0067,0.0033,0.019,0.018,0.0,11.9,3GB,5A,0,CR,2,-0.7,429,0
1070,9120,19.08,2GA,2楷林,79.0,331.0,0.0,0.006,0.0388,0,3,0.015,0.02,0.0,0.196,27.0,0.0071,0.0032,0.022,0.02,0.0,4.2,3GB,5A,0,HR,10,-4.4,480,0
1080,11810,24.94,2GA,2楷林,77.0,322.0,0.0,0.005,0.0372,0,2,0.019,0.02,0.0,0.186,22.0,0.0085,0.0041,0.022,0.02,0.0,14.8,5GG,5A,0,CR,5,8.2,373,0
1270,10350,25.7,3GB,2楷林,45.0,462.0,0.0,0.004,0.1444,0,0,0.018,0.01,0.0,0.511,33.0,0.006,0.0035,0.022,0.021,0.0,7.1,3GB,5A,0,HR,5,-8.3,607,0
1570,10490,32.2,3GC,2楷林,2.0,244.0,0.0,0.005,0.0015,0,0,0.008,0.01,0.0,0.06,15.0,0.0066,0.0032,0.029,0.027,0.004,12.0,3GB,4C,0,GI,4,2.5,368,0
1340,10350,26.68,2GC,2楷林,46.0,311.0,7.0,0.004,0.0016,5,0,0.055,0.02,0.0,0.203,22.0,0.0443,0.0088,0.033,0.032,0.0,6.5,3GB,4C,1,GA,6,-4.4,317,0
1260,11540,28.43,2GB,2楷林,27.0,431.0,0.0,0.006,0.1167,0,0,0.017,0.02,0.0,0.445,31.0,0.0086,0.0024,0.021,0.02,0.0,15.1,5GG,5A,0,HGI,2,5.1,500,0
1570,7780,23.88,2GA,2楷林,30.0,327.0,0.0,0.005,0.0367,0,0,0.009,0.02,0.0,0.175,16.0,0.01,0.0027,0.019,0.018,0.0,12.9,5GG,5A,0,HR,4,0.0,578,0
1270,11420,27.9,2GA,2楷林,28.0,274.0,10.0,0.005,0.0021,0,1,0.013,0.03,0.0,0.096,18.0,0.0099,0.0044,0.029,0.028,0.001,6.4,3GB,5A,1,CR,5,1.2,176,1
1430,8640,24.15,2GA,2楷林,56.0,326.0,0.0,0.005,0.0344,0,0,0.015,0.01,0.0,0.219,19.0,0.0052,0.0029,0.025,0.024,0.0,19.4,5GG,5A,0,FH,7,6.7,507,0
1290,10480,26.43,2GB,2楷林,35.0,339.0,0.0,0.004,0.0408,0,0,0.018,0.02,0.0,0.183,15.0,0.0087,0.0036,0.023,0.021,0.0,6.4,5GG,5A,0,HGI,3,-7.3,595,0
1300,10360,26.33,2GA,2楷林,10.0,336.0,0.0,0.006,0.0379,0,0,0.016,0.02,0.0,0.191,20.0,0.0071,0.0028,0.016,0.015,0.0,4.2,5GG,5A,0,HGI,12,-7.5,692,0
1290,8940,22.55,3GC,2楷林,40.0,291.0,0.0,0.007,0.0021,0,0,0.007,0.01,0.0,0.094,16.0,0.009,0.0026,0.043,0.042,0.001,8.0,3GB,4C,0,HR,1,1.0,538,0
1000,10300,20.14,2GB,2楷林,110.0,333.0,0.0,0.005,0.0397,0,0,0.009,0.02,0.0,0.205,14.0,0.0071,0.0035,0.026,0.024,0.0,11.3,3GB,5A,0,HR,4,-1.3,410,0
1370,8430,22.58,2GA,2楷林,33.0,323.0,0.0,0.005,0.0354,0,0,0.013,0.02,0.0,0.188,26.0,0.0063,0.0027,0.02,0.017,0.0,12.9,5GG,5A,0,HR,3,-0.3,342,0
1290,9160,23.1,2GA,2楷林,54.0,338.0,0.0,0.006,0.0431,0,1,0.011,0.03,0.0,0.2,25.0,0.0118,0.0039,0.032,0.03,0.0,17.5,5GG,5A,0,HR,11,12.1,451,0
1310,8210,20.37,2GB,2楷林,38.0,349.0,11.4,0.005,0.0496,0,0,0.009,0.02,0.0,0.286,17.0,0.0079,0.0029,0.028,0.026,0.0,3.6,3GB,5A,1,HR,5,-12.5,275,1
1410,11620,32.03,2GB,2楷林,33.0,564.0,0.0,0.007,0.0833,1,7,0.023,0.02,0.0,1.08,33.0,0.017,0.0021,0.029,0.027,0.001,11.6,3GB,5A,0,GI,2,-1.4,350,0
1360,8340,22.17,2GC,2楷林,46.0,341.0,0.0,0.004,0.0402,0,0,0.018,0.02,0.0,0.198,21.0,0.0075,0.0032,0.026,0.026,0.0,8.9,5GG,4C,0,HR,3,-3.8,556,0
1190,11500,26.75,2GC,2楷林,75.0,516.0,0.0,0.006,0.1699,0,0,0.018,0.02,0.0,0.805,24.0,0.0104,0.0031,0.027,0.025,0.001,11.7,5GG,4C,0,PO,12,-1.1,314,0
1090,10930,22.92,2GA,2楷林,78.0,340.0,11.8,0.008,0.0468,0,0,0.012,0.02,0.0,0.186,19.0,0.0081,0.0028,0.028,0.027,0.0,3.0,3GB,5A,1,HR,1,-6.4,278,1
1260,8920,21.97,2GB,2楷林,79.0,454.0,0.0,0.006,0.061,0,1,0.01,0.02,0.0,0.803,32.0,0.0113,0.0017,0.039,0.038,0.001,12.7,3GB,5A,0,PO,10,1.9,460,0
1480,10050,29.08,2GB,2楷林,28.0,545.0,0.0,0.006,0.15,0,1,0.018,0.02,0.0,0.879,28.0,0.0085,0.0028,0.03,0.028,0.001,12.0,5GG,5A,0,HR,10,-2.0,606,0
1200,9110,21.03,2GA,2楷林,32.0,276.0,11.4,0.005,0.0016,0,0,0.012,0.02,0.0,0.097,17.0,0.0092,0.0032,0.036,0.034,0.001,3.6,3GB,5A,1,HR,11,-8.0,336,0
930,8530,15.51,2GA,2楷林,65.0,307.0,0.0,0.004,0.0024,17,1,0.067,0.07,0.0,0.542,12.0,0.0149,0.003,0.024,0.023,0.002,7.4,3GB,5A,0,BP,9,-1.4,462,0
1390,11150,30.3,2GA,2楷林,21.0,342.0,0.0,0.006,0.0463,0,0,0.032,0.02,0.0,0.181,13.0,0.0099,0.0033,0.031,0.03,0.0,14.6,5GG,5A,0,HR,3,7.4,429,0
1290,9550,24.08,2GC,2楷林,33.0,339.0,0.0,0.004,0.0396,0,0,0.017,0.02,0.0,0.195,25.0,0.0058,0.0035,0.028,0.028,0.0,6.2,3GB,4C,0,HGI,8,-0.9,629,0
1010,9680,19.11,2GA,2楷林,71.0,307.0,0.0,0.007,0.0173,0,0,0.02,0.03,0.0,0.145,17.0,0.0105,0.0033,0.031,0.03,0.0,17.2,5GG,5A,0,HR,11,-2.3,395,0
1300,11840,30.09,2GB,2楷林,4.0,326.0,0.0,0.004,0.0405,0,0,0.025,0.02,0.0,0.182,16.0,0.0095,0.0035,0.024,0.023,0.0,3.9,5GG,5A,0,HR,6,-7.3,579,0
1060,10180,21.1,2GA,2楷林,82.0,329.0,0.0,0.006,0.0379,0,0,0.018,0.02,0.0,0.231,24.0,0.0096,0.0038,0.026,0.025,0.0,4.1,5GG,5A,0,HGI,10,-4.7,583,0
1320,11190,28.88,2GA,2楷林,26.0,322.0,0.0,0.005,0.0363,0,0,0.011,0.02,0.0,0.191,15.0,0.0075,0.0032,0.029,0.028,0.0,4.1,3GB,5A,0,HR,3,-4.9,681,0
1500,11840,33.89,2GA,2楷林,16.0,255.0,8.9,0.004,0.0021,0,0,0.017,0.01,0.0,0.072,24.0,0.0062,0.003,0.033,0.031,0.002,9.8,3GB,5A,1,EG,3,-1.4,190,1
1130,10010,22.11,2GA,2楷林,33.0,332.0,0.0,0.005,0.0382,0,0,0.02,0.02,0.0,0.18,19.0,0.0088,0.0037,0.02,0.019,0.0,5.5,5GG,5A,0,HR,5,-1.2,634,0
1270,10960,27.21,2GC,2楷林,7.0,319.0,0.0,0.005,0.0013,4,0,0.053,0.02,0.0,0.201,14.0,0.0445,0.0087,0.038,0.037,0.001,16.0,5GG,4C,0,HR,12,6.7,326,0
1380,11850,31.97,2GA,2楷林,61.0,266.0,0.0,0.005,0.0018,0,0,0.014,0.02,0.0,0.102,22.0,0.0098,0.0038,0.03,0.028,0.001,10.1,3GB,5A,0,CR,5,2.0,401,0
1280,9260,23.17,2GB,2楷林,41.0,326.0,0.0,0.004,0.0394,0,0,0.012,0.01,0.0,0.15,14.0,0.0065,0.003,0.024,0.023,0.0,10.9,5GG,5A,0,PO,11,-0.9,519,0
1100,8890,19.12,3GC,2楷林,85.0,368.0,0.0,0.005,0.0395,16,0,0.017,0.02,0.0,0.184,19.0,0.0086,0.0038,0.026,0.025,0.0,6.6,3GB,4C,0,HR,12,-1.5,516,0
1270,8770,21.77,2GB,2楷林,60.0,435.0,0.0,0.006,0.1192,0,0,0.015,0.01,0.0,0.453,30.0,0.0085,0.0036,0.026,0.025,0.0,11.5,5GG,5A,0,HR,11,3.9,569,0
1000,9790,19.14,2GA,2楷林,41.0,333.0,0.0,0.006,0.0391,0,0,0.013,0.02,0.0,0.197,35.0,0.0099,0.0032,0.031,0.029,0.0,11.6,3GB,5A,0,HR,3,-1.3,427,0
1570,10600,32.54,2GA,2楷林,43.0,323.0,0.0,0.006,0.0339,0,0,0.011,0.02,0.0,0.171,11.0,0.008,0.003,0.02,0.019,0.0,11.1,3GB,5A,0,HR,2,-0.9,401,0
1290,11650,29.38,2GA,2楷林,26.0,325.0,0.0,0.006,0.0411,0,0,0.019,0.02,0.0,0.201,15.0,0.0093,0.003,0.03,0.03,0.0,6.2,3GB,5A,0,CR,4,-3.5,419,0
1190,11290,26.27,2GC,2楷林,63.0,326.0,0.0,0.007,0.0301,0,0,0.017,0.01,0.0,0.211,20.0,0.0072,0.0035,0.016,0.014,0.0,9.5,5GG,4C,0,CR,10,-4.5,503,0
1370,8630,23.11,3GC,2楷林,29.0,338.0,0.0,0.006,0.0382,0,0,0.018,0.03,0.0,0.195,24.0,0.0113,0.0034,0.021,0.02,0.0,12.8,3GB,4C,0,HGI,10,0.5,366,0
1220,9130,21.78,2GC,2楷林,76.0,310.0,0.0,0.007,0.0016,6,0,0.053,0.02,0.0,0.197,17.0,0.0447,0.0095,0.041,0.039,0.001,15.1,5GG,4C,0,GI,10,3.0,338,0
1130,9080,20.06,2GA,2楷林,48.0,333.0,0.0,0.005,0.0404,0,1,0.01,0.02,0.0,0.183,27.0,0.0082,0.0034,0.034,0.033,0.0,10.1,5GG,5A,0,HR,3,5.3,366,0
1400,10990,30.08,2GA,2楷林,38.0,326.0,0.0,0.005,0.0406,0,1,0.019,0.03,0.0,0.193,17.0,0.0097,0.0033,0.028,0.028,0.0,4.1,5GG,5A,0,HR,4,-5.7,561,0
1100,11480,24.69,2GB,2楷林,48.0,427.0,0.0,0.006,0.112,0,0,0.016,0.03,0.0,0.444,38.0,0.0142,0.0031,0.018,0.017,0.001,14.1,5GG,5A,0,HGI,10,-1.5,392,0
1080,10800,22.28,3GC,2楷林,47.0,327.0,0.0,0.005,0.0377,0,0,0.017,0.02,0.0,0.195,19.0,0.0079,0.0025,0.032,0.032,0.0,4.9,3GB,4C,0,BP,6,-3.9,529,0
1260,8330,20.52,3GC,2楷林,77.0,324.0,0.0,0.006,0.0404,0,0,0.012,0.02,0.0,0.203,22.0,0.0072,0.0043,0.024,0.022,0.0,6.0,3GB,4C,0,HR,12,-6.7,600,0
1510,11830,34.08,2GA,2楷林,7.0,266.0,10.8,0.006,0.0017,0,1,0.019,0.02,0.0,0.074,18.0,0.0093,0.0035,0.035,0.033,0.001,4.2,3GB,5A,1,EG,10,-2.9,339,0
1310,7940,20.02,3GC,2楷林,25.0,452.0,0.0,0.007,0.0039,10,1,0.094,0.02,0.06,0.574,17.0,0.0838,0.0092,0.045,0.043,0.002,5.1,5GG,4C,0,CR,11,-3.2,700,0
1260,6720,16.55,2GB,2楷林,77.0,418.0,0.0,0.007,0.1101,0,0,0.02,0.02,0.0,0.474,30.0,0.0101,0.0034,0.03,0.029,0.0,11.9,5GG,5A,0,HR,10,-3.5,401,0
1100,11320,24.34,2GA,2楷林,89.0,291.0,0.0,0.006,0.0326,0,0,0.01,0.01,0.0,0.271,18.0,0.0188,0.0035,0.027,0.026,0.0,18.1,5GG,5A,0,GI,2,0.5,327,0
990,10560,20.13,2GA,2楷林,78.0,327.0,0.0,0.006,0.0359,0,1,0.011,0.02,0.0,0.188,19.0,0.0087,0.0033,0.028,0.028,0.0,9.2,5GG,5A,0,HR,5,-4.9,547,0
1570,7350,22.56,2GA,2楷林,12.0,324.0,0.0,0.006,0.0365,0,0,0.024,0.02,0.0,0.199,35.0,0.0083,0.0028,0.028,0.027,0.0,7.6,5GG,5A,0,HR,3,-6.6,549,0
1250,11510,28.13,2GB,2楷林,62.0,531.0,0.0,0.006,0.0752,0,0,0.029,0.02,0.0,0.889,36.0,0.0191,0.0022,0.031,0.029,0.001,12.3,5GG,5A,0,CR,11,5.7,526,0
960,8830,16.57,2GA,2楷林,31.0,336.0,0.0,0.004,0.035,0,0,0.022,0.02,0.0,0.193,13.0,0.0127,0.0043,0.026,0.024,0.0,4.5,3GB,5A,0,HR,6,-1.3,529,0
1520,9400,27.57,2GC,2楷林,10.0,473.0,0.0,0.004,0.0716,0,0,0.018,0.03,0.0,0.602,30.0,0.0194,0.0018,0.031,0.029,0.002,7.0,5GG,4C,0,HR,9,-3.4,653,0
1190,8430,19.61,2GB,2楷林,60.0,529.0,0.0,0.007,0.1391,0,0,0.012,0.02,0.0,0.858,30.0,0.0096,0.0026,0.024,0.022,0.001,5.7,5GG,5A,0,HR,12,0.8,592,0
1200,9540,22.38,3GC,2楷林,35.0,415.0,0.0,0.004,0.1132,0,0,0.014,0.02,0.0,0.29,25.0,0.0115,0.0027,0.029,0.027,0.0,1.2,3GB,4C,0,HGI,7,-3.3,695,0
1190,11680,27.17,2GC,2楷林,74.0,273.0,0.0,0.005,0.0016,0,0,0.012,0.02,0.0,0.101,17.0,0.0095,0.0038,0.03,0.027,0.001,14.2,3GB,4C,0,FH,12,5.4,254,1
1320,11400,29.2,2GD,2楷林,6.0,432.0,0.0,0.004,0.0554,0,0,0.01,0.01,0.0,0.785,32.0,0.0085,0.0023,0.026,0.025,0.0,4.3,5GG,4C,0,PO,6,-2.2,618,0
1070,11870,24.83,2GC,2楷林,43.0,292.0,0.0,0.007,0.0021,0,3,0.017,0.02,0.0,0.151,17.0,0.0094,0.0036,0.034,0.033,0.002,7.6,5GG,4C,0,GA,4,0.2,508,0
1250,8810,21.53,2GA,2楷林,15.0,358.0,0.0,0.004,0.0404,13,0,0.008,0.02,0.0,0.221,17.0,0.0086,0.0029,0.034,0.034,0.0,8.3,5GG,5A,0,HR,5,-0.4,468,0
1220,10940,26.09,2GB,2楷林,19.0,484.0,0.0,0.004,0.1775,0,0,0.027,0.02,0.0,0.799,25.0,0.0115,0.0036,0.019,0.017,0.001,6.3,3GB,5A,0,HR,9,-3.2,602,0
960,9680,18.17,3GC,2楷林,30.0,336.0,0.0,0.004,0.0345,0,0,0.008,0.02,0.0,0.174,14.0,0.0074,0.0033,0.018,0.018,0.0,1.5,3GB,4C,0,HR,4,-3.2,752,0
1380,10750,28.69,2GB,2楷林,28.0,312.0,0.0,0.007,0.0404,0,1,0.012,0.02,0.0,0.141,19.0,0.0071,0.0033,0.028,0.026,0.0,10.2,3GB,5A,0,CR,11,-1.1,417,0
1090,9450,20.14,2GA,2楷林,63.0,325.0,0.0,0.006,0.0326,0,1,0.013,0.02,0.0,0.187,16.0,0.0081,0.003,0.024,0.022,0.0,16.3,3GB,5A,0,HR,12,9.1,318,0
1200,10260,24.07,3GC,2楷林,39.0,502.0,0.0,0.006,0.1934,0,0,0.009,0.01,0.0,0.45,33.0,0.0039,0.0029,0.033,0.032,0.0,12.1,3GB,4C,0,HR,4,1.2,449,0
1240,7340,17.79,2GA,2楷林,32.0,455.0,0.0,0.007,0.0551,0,0,0.017,0.02,0.0,0.804,24.0,0.0108,0.0027,0.032,0.031,0.002,15.7,5GG,5A,0,PO,2,0.8,341,0
1560,9540,29.1,2GB,2楷林,15.0,430.0,0.0,0.006,0.1163,0,0,0.017,0.02,0.0,0.447,25.0,0.0091,0.0033,0.012,0.01,0.0,20.8,5GG,5A,0,HGI,12,5.5,473,0
1240,11690,28.34,2GB,2楷林,43.0,531.0,0.0,0.007,0.0776,2,0,0.018,0.02,0.0,0.901,35.0,0.0206,0.0018,0.027,0.026,0.001,5.1,5GG,5A,0,GI,10,-9.8,411,0
970,11330,21.49,2GB,2楷林,46.0,551.0,0.0,0.008,0.0826,2,2,0.012,0.02,0.0,1.081,31.0,0.02,0.0021,0.029,0.028,0.001,7.6,3GB,5A,0,GI,4,-5.5,522,0
1550,10120,30.67,2GD,2楷林,4.0,523.0,0.0,0.006,0.0751,2,0,0.024,0.02,0.0,0.896,43.0,0.0191,0.0024,0.027,0.027,0.0,7.4,5GG,4C,0,FH,2,1.2,452,0
1310,8620,22.08,3GC,2楷林,2.0,321.0,0.0,0.005,0.0302,0,1,0.013,0.02,0.0,0.19,22.0,0.0098,0.0028,0.031,0.029,0.0,8.3,3GB,4C,0,HR,12,-1.4,326,0
1370,9050,24.24,2GA,2楷林,5.0,319.0,0.0,0.006,0.019,0,0,0.016,0.02,0.0,0.201,19.0,0.0073,0.0041,0.016,0.014,0.0,7.5,5GG,5A,0,HR,12,-4.9,566,0
1070,9110,19.06,2GB,2楷林,35.0,344.0,0.0,0.004,0.0414,0,0,0.01,0.02,0.0,0.235,17.0,0.0076,0.0029,0.028,0.026,0.0,10.0,3GB,5A,0,PO,9,0.7,333,0
1190,11600,26.99,2GA,2楷林,35.0,286.0,0.0,0.005,0.0019,0,0,0.018,0.02,0.0,0.146,19.0,0.0088,0.0035,0.034,0.032,0.001,10.1,3GB,5A,0,HR,12,-3.0,339,0
1380,11850,31.46,2GA,2楷林,34.0,297.0,12.8,0.006,0.0195,0,0,0.02,0.03,0.0,0.187,20.0,0.0124,0.0092,0.02,0.018,0.0,1.6,3GB,5A,1,HR,3,-7.8,352,0
1240,10910,26.45,2GA,2楷林,43.0,343.0,0.0,0.004,0.0446,0,0,0.022,0.02,0.0,0.195,26.0,0.0073,0.0035,0.027,0.026,0.0,8.6,5GG,5A,0,HGI,8,1.3,496,0
1130,9090,20.08,2GC,2楷林,72.0,331.0,0.0,0.007,0.0423,0,2,0.016,0.02,0.0,0.189,14.0,0.0068,0.0032,0.028,0.026,0.0,11.9,5GG,4C,0,HR,1,5.2,312,0
1270,8290,20.58,3GC,2楷林,32.0,316.0,0.0,0.005,0.0336,0,0,0.012,0.02,0.0,0.201,23.0,0.0067,0.003,0.018,0.017,0.0,3.6,3GB,4C,0,HR,12,-4.5,680,0
1240,9350,22.67,2GC,2楷林,31.0,337.0,0.0,0.005,0.0367,0,0,0.009,0.02,0.0,0.189,16.0,0.0075,0.0032,0.02,0.019,0.0,8.5,3GB,4C,0,HGI,12,0.2,432,0
1230,11720,28.18,2GA,2楷林,33.0,274.0,0.0,0.007,0.0021,0,0,0.016,0.02,0.0,0.1,19.0,0.0099,0.004,0.023,0.02,0.001,4.7,3GB,5A,0,GI,11,-9.7,649,0
1030,9270,18.67,2GA,2楷林,72.0,317.0,0.0,0.005,0.0354,0,0,0.026,0.02,0.0,0.177,22.0,0.0085,0.0035,0.02,0.018,0.0,6.1,3GB,5A,0,HR,10,-3.1,542,0
1370,10610,28.42,3GC,2楷林,15.0,354.0,0.0,0.006,0.0573,0,0,0.014,0.02,0.0,0.356,31.0,0.0071,0.0028,0.031,0.029,0.0,10.7,3GB,4C,0,CR,1,2.1,508,0
1390,7910,21.5,2GC,2楷林,40.0,344.0,0.0,0.007,0.0413,0,0,0.009,0.02,0.0,0.19,19.0,0.0078,0.0024,0.025,0.024,0.0,10.4,5GG,4C,0,HGI,1,2.1,513,0
1200,10330,24.23,2GA,2楷林,75.0,286.0,0.0,0.005,0.0023,0,0,0.01,0.01,0.0,0.091,18.0,0.0095,0.0027,0.034,0.033,0.001,19.9,5GG,5A,0,HR,2,8.2,286,1
1390,11230,30.3,3GC,2楷林,3.0,315.0,0.0,0.006,0.0012,4,0,0.054,0.02,0.0,0.202,19.0,0.045,0.0088,0.039,0.038,0.0,6.4,3GB,4C,0,GI,1,0.8,505,0
960,10770,20.21,2GB,2楷林,83.0,329.0,0.0,0.005,0.0386,0,0,0.013,0.02,0.0,0.192,18.0,0.009,0.0029,0.029,0.028,0.0,10.8,5GG,5A,0,HR,6,1.9,461,0
1290,7810,19.7,2GB,2楷林,44.0,393.0,0.0,0.006,0.0763,0,0,0.025,0.01,0.0,0.428,25.0,0.0099,0.003,0.027,0.026,0.0,8.7,5GG,5A,0,HR,11,2.0,407,0
1170,11000,25.16,2GB,2楷林,32.0,424.0,0.0,0.006,0.1219,0,0,0.025,0.02,0.0,0.49,25.0,0.0074,0.0026,0.024,0.022,0.001,11.2,5GG,5A,0,HR,1,0.7,381,0
1070,9280,19.41,2GB,2楷林,28.0,349.0,0.0,0.004,0.0415,0,7,0.016,0.02,0.0,0.238,23.0,0.0103,0.0026,0.038,0.036,0.0,10.4,5GG,5A,0,PO,9,1.4,488,0
1230,8640,20.78,2GA,2楷林,58.0,349.0,0.0,0.005,0.0434,0,0,0.01,0.02,0.0,0.214,18.0,0.0085,0.0033,0.023,0.021,0.0,4.2,5GG,5A,0,HGI,12,-9.7,696,0
1270,10000,24.83,2GA,2楷林,28.0,297.0,0.0,0.006,0.0184,0,0,0.017,0.03,0.0,0.191,16.0,0.0093,0.0035,0.024,0.022,0.0,11.7,3GB,5A,0,CR,5,-0.6,619,0
1170,11650,25.89,2GA,2楷林,45.0,304.0,15.5,0.005,0.0223,0,0,0.008,0.02,0.0,0.181,14.0,0.008,0.003,0.023,0.022,0.0,5.5,3GB,5A,1,CR,6,-3.7,312,0
1290,9570,24.14,2GB,2楷林,15.0,336.0,0.0,0.005,0.0403,0,0,0.01,0.02,0.0,0.197,20.0,0.0079,0.0036,0.027,0.025,0.0,13.0,5GG,5A,0,HR,6,7.8,434,0
1560,11450,34.36,2GA,2楷林,4.0,257.0,10.0,0.007,0.0022,0,1,0.012,0.02,0.0,0.072,19.0,0.0086,0.0035,0.026,0.025,0.002,7.2,3GB,5A,1,GI,2,-6.1,281,1
1570,8680,26.64,2GD,2楷林,7.0,313.0,0.0,0.005,0.0182,0,0,0.017,0.01,0.0,0.146,12.0,0.0075,0.003,0.036,0.032,0.0,4.4,5GG,4C,0,HR,7,-5.5,587,0
1050,11630,23.87,2GC,2楷林,1.0,353.0,0.0,0.006,0.0552,0,0,0.022,0.02,0.0,0.35,33.0,0.0075,0.0027,0.028,0.027,0.0,3.3,5GG,4C,0,CR,10,-4.6,594,0
1390,10110,27.47,2GC,2楷林,37.0,345.0,0.0,0.006,0.0466,0,0,0.013,0.02,0.0,0.193,26.0,0.0068,0.0031,0.028,0.027,0.0,12.5,5GG,4C,0,HGI,3,3.6,459,0
1370,11870,31.79,2GC,2楷林,41.0,353.0,0.0,0.005,0.0369,13,0,0.02,0.02,0.0,0.186,17.0,0.0092,0.0042,0.027,0.024,0.0,6.9,5GG,4C,0,CR,7,-4.9,480,0
1140,11250,25.07,3GC,2楷林,20.0,288.0,0.0,0.007,0.0017,0,0,0.013,0.03,0.0,0.139,18.0,0.0103,0.0033,0.035,0.033,0.002,8.0,3GB,4C,0,GI,4,1.3,485,0
1310,11800,30.22,3GC,2楷林,11.0,332.0,0.0,0.004,0.0365,0,1,0.013,0.02,0.0,0.194,27.0,0.0104,0.0031,0.034,0.033,0.0,9.1,3GB,4C,0,HR,7,5.7,612,0
1390,11810,32.09,2GB,2楷林,66.0,533.0,0.0,0.006,0.0813,3,1,0.013,0.02,0.0,0.921,26.0,0.0225,0.0022,0.033,0.032,0.002,15.4,5GG,5A,0,GI,5,3.1,461,0
1320,9310,23.57,2GA,2楷林,18.0,324.0,0.0,0.007,0.0374,0,0,0.016,0.02,0.0,0.204,26.0,0.007,0.0038,0.021,0.02,0.0,7.8,5GG,5A,0,GI,10,-4.2,476,0
1410,11620,32.03,3GC,2楷林,19.0,270.0,0.0,0.006,0.0021,0,0,0.018,0.02,0.0,0.099,17.0,0.0099,0.0035,0.035,0.033,0.001,13.5,3GB,4C,0,GI,12,-0.7,348,0
900,10430,18.35,2GA,2楷林,58.0,299.0,0.0,0.005,0.002,14,0,0.06,0.06,0.0,0.539,13.0,0.015,0.0031,0.025,0.021,0.001,10.0,3GB,5A,0,BP,4,-0.2,429,0
1270,11360,27.98,2GC,2楷林,28.0,363.0,0.0,0.004,0.0421,14,0,0.011,0.02,0.0,0.185,17.0,0.0082,0.0025,0.02,0.019,0.0,12.3,5GG,4C,0,CR,9,1.0,434,0
1460,10860,31.0,2GC,2楷林,50.0,330.0,0.0,0.004,0.0413,0,2,0.024,0.02,0.0,0.194,19.0,0.0103,0.0045,0.032,0.031,0.0,4.3,5GG,4C,0,HR,8,-8.5,527,0
1390,11720,31.85,2GA,2楷林,9.0,328.0,0.0,0.004,0.0412,0,0,0.014,0.01,0.0,0.194,40.0,0.0066,0.0033,0.023,0.023,0.0,2.5,5GG,5A,0,FH,7,-3.1,743,0
1570,8160,25.05,3GC,2楷林,15.0,327.0,0.0,0.007,0.0399,0,0,0.022,0.02,0.0,0.198,29.0,0.0064,0.0037,0.028,0.026,0.0,3.9,3GB,4C,0,HR,11,-4.3,696,0
1090,10420,22.2,2GA,2楷林,43.0,327.0,0.0,0.006,0.0359,0,0,0.009,0.02,0.0,0.19,18.0,0.0084,0.0027,0.02,0.018,0.0,11.4,3GB,5A,0,HR,11,3.1,398,0
1290,7660,19.32,2GC,2楷林,56.0,337.0,0.0,0.004,0.0403,0,0,0.018,0.02,0.0,0.196,26.0,0.0075,0.0025,0.017,0.016,0.0,8.2,5GG,4C,0,HGI,3,2.7,483,0
1450,11850,33.05,2GD,2楷林,28.0,253.0,12.4,0.005,0.0022,0,0,0.008,0.02,0.0,0.077,11.0,0.0111,0.0033,0.033,0.032,0.002,0.8,3GB,4C,1,GI,1,-2.7,512,0
1300,10210,25.53,2GA,2楷林,35.0,300.0,13.0,0.006,0.0015,0,0,0.095,0.02,0.0,0.141,16.0,0.0176,0.0092,0.032,0.032,0.0,7.9,3GB,5A,1,GI,1,0.5,201,1
1290,9240,23.3,2GA,2楷林,31.0,333.0,0.0,0.006,0.039,0,0,0.02,0.02,0.0,0.202,28.0,0.0125,0.0031,0.026,0.025,0.0,16.8,5GG,5A,0,HR,2,7.9,328,0
1330,7530,19.58,2GC,2楷林,76.0,432.0,0.0,0.005,0.1216,0,0,0.01,0.01,0.0,0.454,31.0,0.0067,0.0025,0.024,0.023,0.0,11.3,3GB,4C,0,HGI,4,-1.3,537,0
1070,8260,17.28,2GB,2楷林,60.0,521.0,0.0,0.005,0.1538,0,0,0.028,0.02,0.0,0.778,35.0,0.0103,0.0038,0.025,0.024,0.0,14.8,5GG,5A,0,HR,10,0.9,396,0
1280,11330,28.35,2GA,2楷林,52.0,362.0,0.0,0.005,0.0415,12,0,0.013,0.02,0.0,0.226,22.0,0.0079,0.0041,0.026,0.025,0.0,10.9,5GG,5A,0,GI,1,5.3,421,0
1250,9010,22.02,2GA,2楷林,70.0,332.0,0.0,0.005,0.039,0,0,0.012,0.02,0.0,0.204,32.0,0.0119,0.0027,0.03,0.03,0.001,3.4,3GB,5A,0,HR,5,-7.7,680,0
1100,8870,19.07,2GA,2楷林,23.0,377.0,0.0,0.006,0.0443,19,0,0.018,0.02,0.0,0.195,19.0,0.0094,0.0032,0.025,0.024,0.0,16.1,5GG,5A,0,HR,3,1.7,434,0
910,7850,13.97,3GC,2楷林,5.0,344.0,0.0,0.007,0.0479,0,0,0.02,0.02,0.0,0.303,27.0,0.0083,0.0037,0.034,0.032,0.0,6.0,3GB,4C,0,PO,11,-1.1,549,0
1300,11840,29.37,2GA,2楷林,51.0,270.0,9.3,0.005,0.0012,0,0,0.024,0.02,0.0,0.083,20.0,0.0087,0.0036,0.035,0.033,0.002,3.1,3GB,5A,1,CR,8,-2.5,340,0
1370,11310,29.74,2GA,2楷林,42.0,339.0,0.0,0.005,0.0404,0,0,0.008,0.02,0.0,0.205,23.0,0.0086,0.0036,0.029,0.029,0.0,12.7,3GB,5A,0,HGI,2,-2.2,360,0
1320,8840,22.38,2GC,2楷林,21.0,517.0,0.0,0.005,0.1172,0,0,0.015,0.02,0.0,1.19,30.0,0.008,0.0034,0.024,0.023,0.001,12.1,5GG,4C,0,HGI,3,-1.3,443,0
1560,9880,30.13,2GC,2楷林,35.0,338.0,0.0,0.006,0.0405,0,0,0.01,0.02,0.0,0.194,21.0,0.0115,0.0031,0.032,0.03,0.0,15.4,5GG,4C,0,HR,2,5.7,308,0
1570,8940,27.44,2GA,2楷林,18.0,323.0,0.0,0.005,0.0364,0,0,0.016,0.02,0.0,0.185,25.0,0.0094,0.0027,0.032,0.031,0.001,20.2,5GG,5A,0,HR,5,8.0,290,1
1330,9610,24.99,2GA,2楷林,35.0,304.0,0.0,0.006,0.0215,0,0,0.023,0.03,0.0,0.193,15.0,0.0114,0.0044,0.029,0.027,0.0,10.5,5GG,5A,0,CR,5,0.5,490,0
1290,9150,23.08,2GA,2楷林,52.0,335.0,0.0,0.007,0.0427,0,0,0.023,0.02,0.0,0.191,14.0,0.0105,0.0033,0.029,0.028,0.0,7.4,5GG,5A,0,HR,1,-3.2,576,0
1250,9940,24.29,2GA,2楷林,14.0,317.0,0.0,0.007,0.0179,11,0,0.018,0.02,0.0,0.143,22.0,0.008,0.0025,0.02,0.019,0.0,14.8,3GB,5A,0,HGI,4,1.3,414,0
1260,9410,23.18,2GA,2楷林,28.0,330.0,0.0,0.005,0.0382,0,0,0.02,0.02,0.0,0.184,21.0,0.0092,0.0029,0.027,0.025,0.0,15.1,3F1,5A,0,HR,3,10.0,408,0
1090,11620,24.76,2GA,2楷林,1.0,273.0,0.0,0.006,0.0018,0,1,0.018,0.02,0.0,0.093,17.0,0.0098,0.004,0.026,0.025,0.001,11.6,3GB,5A,0,CR,4,0.9,401,0
1500,10930,32.05,2GB,2楷林,4.0,322.0,0.0,0.006,0.0369,0,0,0.009,0.01,0.0,0.189,33.0,0.0058,0.0028,0.026,0.025,0.0,17.4,3GB,5A,0,GI,1,2.5,394,0
1290,10380,26.18,2GA,2楷林,68.0,334.0,0.0,0.006,0.0342,0,0,0.011,0.02,0.0,0.199,23.0,0.0091,0.0031,0.019,0.018,0.0,9.8,5GG,5A,0,HGI,10,-3.7,471,0
940,10680,19.63,2GB,2楷林,84.0,365.0,0.0,0.006,0.0615,0,0,0.02,0.02,0.0,0.297,30.0,0.0084,0.0033,0.031,0.03,0.0,16.2,5GG,5A,0,HR,1,8.7,297,1
1290,11410,28.78,2GC,2楷林,64.0,340.0,0.0,0.006,0.0427,0,0,0.024,0.02,0.0,0.204,16.0,0.0074,0.003,0.024,0.023,0.0,16.2,5GG,4C,0,HR,1,2.6,323,0
1390,8510,23.13,2GC,2楷林,3.0,326.0,0.0,0.006,0.0358,0,0,0.02,0.02,0.0,0.183,20.0,0.0095,0.0039,0.028,0.026,0.0,7.8,3GB,4C,0,HR,10,3.4,479,0
1020,11860,23.65,2GC,2楷林,63.0,335.0,0.0,0.007,0.0397,0,0,0.022,0.02,0.0,0.286,23.0,0.0127,0.003,0.015,0.014,0.001,7.1,5GG,4C,0,HR,11,-5.6,578,0
1390,10850,29.48,3GC,2楷林,10.0,540.0,0.0,0.006,0.1849,0,0,0.023,0.03,0.0,0.804,23.0,0.0134,0.003,0.029,0.027,0.0,9.9,3GB,4C,0,HGI,1,1.4,510,0
1160,10180,23.09,2GA,2楷林,52.0,355.0,0.0,0.005,0.0459,0,1,0.017,0.02,0.0,0.289,31.0,0.0091,0.0024,0.033,0.032,0.0,14.3,5GG,5A,0,HR,5,-1.6,435,0
1330,11560,30.06,2GA,2楷林,31.0,331.0,0.0,0.004,0.039,0,0,0.027,0.02,0.0,0.195,30.0,0.0106,0.0036,0.027,0.026,0.0,6.2,3GB,5A,0,HGI,9,-3.5,679,0
950,10810,20.08,2GA,2楷林,75.0,355.0,0.0,0.006,0.0398,11,0,0.015,0.01,0.0,0.258,25.0,0.0059,0.0029,0.03,0.028,0.0,12.6,5GG,5A,0,HR,10,-0.6,359,0
1510,9760,28.81,2GB,2楷林,16.0,427.0,0.0,0.006,0.1187,0,0,0.026,0.02,0.0,0.45,35.0,0.0102,0.0033,0.04,0.038,0.0,11.0,5GG,5A,0,HR,6,1.4,605,0
1310,7500,18.76,2GC,2楷林,30.0,321.0,10.1,0.005,0.0362,0,0,0.011,0.02,0.0,0.182,18.0,0.0105,0.0033,0.02,0.02,0.0,5.7,3GB,4C,1,HR,2,0.2,363,0
900,9260,16.29,2GC,2楷林,94.0,325.0,0.0,0.006,0.0326,0,0,0.014,0.01,0.0,0.163,15.0,0.0114,0.0027,0.018,0.016,0.0,11.1,5GG,4C,0,HR,2,2.9,321,0
1330,8610,22.39,3GC,2楷林,68.0,438.0,0.0,0.005,0.1216,0,0,0.01,0.01,0.0,0.454,31.0,0.0067,0.0025,0.024,0.023,0.0,10.8,3GB,4C,0,HGI,4,-1.5,562,0
1290,9190,23.18,2GA,2楷林,25.0,328.0,0.0,0.004,0.0352,0,0,0.01,0.01,0.0,0.19,13.0,0.0053,0.0033,0.028,0.027,0.0,5.9,3GB,5A,0,HR,7,-0.4,505,0
1370,11170,29.59,2GA,2楷林,18.0,463.0,0.0,0.004,0.0046,10,0,0.097,0.02,0.06,0.59,15.0,0.0833,0.01,0.046,0.044,0.002,6.0,3GB,5A,0,CR,9,-7.6,677,0
1220,8420,20.08,2GC,2楷林,29.0,460.0,0.0,0.006,0.1445,0,0,0.009,0.01,0.0,0.497,38.0,0.0069,0.0026,0.03,0.029,0.0,20.9,5GG,4C,0,HR,5,11.8,358,0
1500,9440,27.68,2GD,2楷林,9.0,300.0,0.0,0.004,0.0013,0,0,0.101,0.02,0.0,0.155,15.0,0.0216,0.0097,0.035,0.032,0.0,4.5,5GG,4C,0,HR,7,-7.0,663,0
1290,9190,23.18,2GA,2楷林,59.0,327.0,0.0,0.005,0.035,0,1,0.008,0.02,0.0,0.196,17.0,0.0091,0.0029,0.025,0.024,0.0,16.7,3GB,5A,0,HR,4,1.4,348,0
1370,11830,31.68,2GA,2楷林,65.0,329.0,0.0,0.006,0.0377,0,29,0.007,0.02,0.0,0.196,21.0,0.0106,0.0028,0.02,0.018,0.0,11.3,5GG,5A,0,HR,10,-3.1,428,0
1380,9350,25.23,2GA,2楷林,29.0,336.0,0.0,0.004,0.0478,0,0,0.02,0.02,0.0,0.293,31.0,0.0103,0.003,0.037,0.036,0.0,15.5,5GG,5A,0,HR,2,6.4,361,0
1390,7910,21.5,2GA,2楷林,13.0,342.0,0.0,0.005,0.0396,0,1,0.009,0.01,0.0,0.181,22.0,0.0068,0.0028,0.027,0.025,0.0,14.9,5GG,5A,0,HGI,3,0.9,453,0
1030,11210,22.03,2GC,2楷林,83.0,273.0,6.2,0.004,0.0017,0,1,0.014,0.02,0.0,0.1,17.0,0.0099,0.0032,0.03,0.028,0.001,9.4,3GB,4C,1,CR,9,-2.2,282,1
1090,11210,23.89,2GC,2楷林,34.0,323.0,0.0,0.006,0.0376,0,0,0.017,0.02,0.0,0.195,33.0,0.0076,0.0034,0.026,0.024,0.0,11.5,2GB,4C,0,CR,10,-8.3,410,0
1280,8990,22.5,2GA,2楷林,42.0,320.0,0.0,0.005,0.0397,0,0,0.017,0.02,0.0,0.189,39.0,0.0079,0.0028,0.03,0.029,0.0,3.5,5GG,5A,0,HR,7,-1.0,737,0
1510,11820,34.89,3GC,2楷林,3.0,260.0,0.0,0.005,0.0022,0,0,0.02,0.02,0.0,0.061,17.0,0.0078,0.0039,0.033,0.031,0.002,9.0,3GB,4C,0,CR,11,-4.9,344,0
1250,10530,25.73,3GB,2楷林,68.0,480.0,0.0,0.005,0.171,0,1,0.011,0.01,0.0,0.53,24.0,0.0084,0.0043,0.021,0.02,0.0,4.6,3GB,5A,0,HR,12,-7.7,641,0
960,10000,18.77,2GA,2楷林,66.0,319.0,0.0,0.005,0.0377,0,0,0.011,0.02,0.0,0.179,11.0,0.007,0.0036,0.02,0.02,0.0,7.4,5GG,5A,0,HR,6,-3.5,615,0
1390,7820,21.02,2GC,2楷林,30.0,345.0,0.0,0.006,0.0397,0,0,0.025,0.02,0.0,0.187,18.0,0.008,0.0033,0.024,0.023,0.0,18.5,5GG,4C,0,PO,3,6.0,280,1
1440,11160,30.98,2GA,2楷林,7.0,273.0,0.0,0.005,0.002,0,0,0.012,0.02,0.0,0.094,14.0,0.0096,0.0031,0.022,0.019,0.001,9.5,3GB,5A,1,CR,12,-2.8,285,1
1290,7560,19.07,2GC,2楷林,16.0,336.0,0.0,0.006,0.0351,0,1,0.022,0.02,0.0,0.203,29.0,0.0061,0.0039,0.02,0.019,0.0,18.4,5GG,4C,0,HGI,11,4.8,279,1
1490,11690,33.6,2GB,2楷林,10.0,521.0,0.0,0.006,0.074,2,0,0.016,0.02,0.0,0.892,31.0,0.0179,0.0024,0.026,0.024,0.001,12.5,5GG,5A,0,GI,12,2.7,392,0
1290,9190,23.18,2GA,2楷林,38.0,326.0,0.0,0.004,0.035,0,0,0.011,0.04,0.0,0.174,16.0,0.0088,0.0033,0.029,0.029,0.0,4.3,3GB,5A,0,HR,7,0.6,676,0
1020,10800,21.54,2GA,2楷林,95.0,348.0,0.0,0.006,0.048,0,0,0.019,0.02,0.0,0.29,23.0,0.0094,0.0038,0.024,0.022,0.0,6.2,5GG,5A,0,HR,10,-1.2,640,0
1210,8170,19.33,2GC,2楷林,57.0,519.0,0.0,0.007,0.1162,0,0,0.021,0.02,0.0,1.175,40.0,0.0114,0.0018,0.025,0.024,0.001,11.6,5GG,4C,0,HGI,10,3.7,450,0
1050,6860,14.08,2GA,2楷林,33.0,448.0,0.0,0.006,0.057,0,0,0.015,0.02,0.0,0.809,36.0,0.0115,0.0021,0.032,0.03,0.001,8.1,5GG,5A,0,PO,12,3.4,350,0
1190,11640,27.08,2GC,2楷林,14.0,323.0,0.0,0.007,0.0353,0,0,0.01,0.01,0.0,0.192,29.0,0.0069,0.0028,0.018,0.018,0.0,8.4,5GG,4C,0,HR,1,-3.9,502,0
1190,10450,24.31,2GC,2楷林,70.0,446.0,0.0,0.006,0.0605,0,1,0.012,0.02,0.0,0.797,25.0,0.0122,0.0028,0.023,0.02,0.002,19.1,5GG,4C,0,PO,12,7.2,369,0
1240,11620,28.17,2GA,2楷林,53.0,340.0,0.0,0.006,0.0413,0,0,0.008,0.02,0.0,0.206,16.0,0.0112,0.0032,0.017,0.017,0.0,11.8,5GG,5A,0,HGI,4,-0.1,502,0
1330,8880,23.09,2GA,2楷林,19.0,334.0,0.0,0.004,0.0402,0,0,0.012,0.02,0.0,0.203,26.0,0.0111,0.0032,0.023,0.022,0.0,5.4,5GG,5A,0,HR,9,1.6,675,0
1370,9890,26.49,2GC,2楷林,26.0,341.0,0.0,0.006,0.0414,0,0,0.018,0.02,0.0,0.21,17.0,0.007,0.0036,0.026,0.025,0.0,10.7,5GG,4C,0,HGI,10,-1.6,564,0
1280,11100,27.33,2GA,2楷林,18.0,289.0,12.2,0.006,0.0017,0,0,0.013,0.02,0.0,0.145,16.0,0.0095,0.0028,0.024,0.022,0.002,4.7,3GB,5A,1,CR,10,2.0,180,1
1200,9060,21.25,2GB,2楷林,43.0,423.0,0.0,0.004,0.1197,0,1,0.025,0.02,0.0,0.295,28.0,0.0088,0.0035,0.016,0.016,0.0,4.3,5GG,5A,0,HGI,7,-3.3,645,0
1420,11820,32.29,2GC,2楷林,22.0,303.0,12.7,0.006,0.0025,0,0,0.013,0.06,0.02,0.148,15.0,0.0474,0.0038,0.036,0.034,0.001,6.8,3GB,4C,1,GI,2,-7.9,280,1
1240,8260,20.02,2GB,2楷林,45.0,395.0,0.0,0.006,0.0841,0,0,0.016,0.02,0.0,0.264,23.0,0.0106,0.0031,0.03,0.028,0.001,13.8,5GG,5A,0,HR,1,2.7,479,0
1100,9830,21.14,2GA,2楷林,1.0,330.0,0.0,0.004,0.0433,0,0,0.009,0.02,0.0,0.194,23.0,0.0104,0.0032,0.027,0.026,0.0,8.2,5GG,5A,0,HR,8,1.6,532,0
1400,11710,32.05,3GB,2楷林,34.0,439.0,0.0,0.005,0.0615,0,1,0.024,0.02,0.0,0.765,28.0,0.0117,0.0024,0.028,0.027,0.0,7.2,3GB,5A,0,PO,7,-4.3,569,0
1240,8760,21.24,2GA,2楷林,30.0,317.0,0.0,0.005,0.0354,0,0,0.01,0.01,0.0,0.195,23.0,0.0059,0.0035,0.026,0.025,0.0,7.4,3F1,5A,0,HR,6,-1.2,456,0
1030,9270,18.67,2GA,2楷林,45.0,319.0,0.0,0.005,0.0367,0,0,0.018,0.01,0.0,0.18,22.0,0.0059,0.0035,0.02,0.019,0.0,5.0,3GB,5A,0,HR,10,-2.8,487,0
1440,10740,30.24,2GA,2楷林,36.0,338.0,0.0,0.006,0.0417,0,0,0.016,0.02,0.0,0.19,24.0,0.0074,0.0033,0.036,0.035,0.0,12.1,3GB,5A,0,HR,1,-1.7,528,0
930,11750,21.36,3GC,2楷林,69.0,301.0,0.0,0.005,0.0014,0,0,0.023,0.05,0.02,0.141,15.0,0.052,0.0037,0.033,0.031,0.0,6.1,3GB,4C,0,GI,7,-1.8,629,0
1340,9650,25.28,2GA,2楷林,18.0,426.0,0.0,0.006,0.0525,0,0,0.014,0.02,0.0,0.792,33.0,0.0106,0.0025,0.023,0.021,0.0,5.3,5GG,5A,0,PO,1,-5.9,685,0
1090,10430,22.23,2GA,2楷林,71.0,326.0,0.0,0.005,0.0385,0,0,0.019,0.02,0.0,0.203,18.0,0.0092,0.0029,0.026,0.025,0.0,20.5,5GG,5A,0,HR,2,7.1,229,1
1200,8690,20.39,3GC,2楷林,39.0,531.0,0.0,0.007,0.1809,0,0,0.012,0.02,0.0,0.795,38.0,0.0109,0.0026,0.026,0.024,0.0,4.3,3GB,4C,0,HGI,2,-6.7,590,0
1200,8150,19.12,2GB,2楷林,30.0,554.0,0.0,0.005,0.1939,0,0,0.028,0.02,0.0,0.8,25.0,0.0106,0.0032,0.024,0.024,0.001,2.5,3F1,5A,0,PO,6,-7.9,643,0
1510,11420,32.9,2GC,2楷林,11.0,257.0,5.1,0.005,0.0022,0,0,0.02,0.02,0.0,0.061,17.0,0.0078,0.0039,0.033,0.031,0.002,12.8,3GB,4C,1,EG,11,-3.7,213,1
1310,10580,27.1,2GB,2楷林,18.0,329.0,0.0,0.005,0.0392,0,0,0.01,0.02,0.0,0.201,24.0,0.0072,0.0034,0.025,0.024,0.0,14.8,3GB,5A,0,GI,12,5.7,477,0
1490,8110,23.62,2GA,2楷林,39.0,272.0,0.0,0.004,0.0014,0,0,0.009,0.02,0.0,0.066,9.0,0.0106,0.0033,0.038,0.036,0.002,7.6,3GB,5A,0,GI,4,-5.1,572,0
1400,11760,32.19,3GC,2楷林,27.0,312.0,0.0,0.005,0.0014,6,0,0.052,0.03,0.0,0.185,18.0,0.0466,0.0097,0.036,0.036,0.001,14.0,3GB,4C,0,GA,6,5.4,299,1
1320,11840,30.07,2GC,2楷林,30.0,305.0,7.4,0.006,0.0019,0,0,0.011,0.05,0.02,0.151,12.0,0.0465,0.0033,0.036,0.034,0.0,4.8,3GB,4C,1,GI,3,-6.1,400,0
1360,11670,31.03,3GB,2楷林,18.0,310.0,0.0,0.004,0.0347,0,0,0.025,0.02,0.0,0.138,32.0,0.0075,0.0027,0.022,0.02,0.0,4.8,3GB,5A,0,CR,9,-4.7,710,0
1320,7550,19.48,2GA,2楷林,37.0,347.0,0.0,0.006,0.047,0,0,0.023,0.03,0.0,0.188,14.0,0.0109,0.0038,0.03,0.03,0.0,10.5,5GG,5A,0,HR,3,-1.3,545,0
1240,10910,26.45,2GD,2楷林,75.0,338.0,0.0,0.006,0.0396,0,0,0.018,0.02,0.0,0.212,21.0,0.0079,0.0043,0.032,0.03,0.0,5.8,3GB,4C,0,HGI,1,-2.3,601,0
1210,11810,27.94,3GC,2楷林,59.0,548.0,0.0,0.006,0.078,2,0,0.021,0.03,0.0,1.056,31.0,0.0195,0.0024,0.031,0.03,0.002,11.5,3GB,4C,0,CR,3,-1.8,500,0
1120,11280,24.7,2GA,2楷林,55.0,249.0,0.0,0.005,0.0018,0,0,0.012,0.02,0.0,0.057,16.0,0.0057,0.0028,0.031,0.03,0.002,8.4,3GB,5A,0,HR,1,-1.8,366,0
1270,11590,28.78,2GA,2楷林,12.0,361.0,0.0,0.004,0.0641,0,0,0.013,0.02,0.0,0.342,30.0,0.0094,0.0033,0.034,0.032,0.001,10.0,5GG,5A,0,HGI,9,3.7,581,0
1190,8250,19.19,2GB,2楷林,29.0,416.0,0.0,0.004,0.1128,0,1,0.021,0.02,0.0,0.291,32.0,0.0086,0.0029,0.021,0.02,0.0,5.8,5GG,5A,0,HGI,7,-2.6,521,0
1240,10290,24.95,2GA,2楷林,42.0,349.0,0.0,0.005,0.0386,11,1,0.016,0.02,0.0,0.185,17.0,0.0093,0.0037,0.022,0.021,0.0,9.2,5GG,5A,0,HR,5,0.0,552,0
1080,10230,21.6,3GC,2楷林,34.0,285.0,0.0,0.006,0.0019,0,1,0.011,0.02,0.0,0.09,16.0,0.0096,0.003,0.031,0.03,0.001,10.6,3GB,4C,0,HR,9,-0.3,458,0
1190,8080,18.8,2GB,2楷林,55.0,390.0,0.0,0.005,0.0771,0,1,0.015,0.02,0.0,0.288,29.0,0.0089,0.0034,0.036,0.035,0.001,9.1,5GG,5A,0,HR,8,-1.5,621,0
1130,9000,19.88,2GB,2楷林,83.0,450.0,0.0,0.004,0.144,0,0,0.018,0.02,0.0,0.49,27.0,0.0144,0.0036,0.02,0.019,0.001,3.5,5GG,5A,0,FH,8,-5.7,696,0
1070,8250,17.26,3GC,2楷林,85.0,418.0,0.0,0.007,0.116,0,0,0.016,0.02,0.0,0.297,20.0,0.0081,0.0029,0.02,0.019,0.0,14.5,3GB,4C,0,HGI,11,2.7,408,0
960,10960,20.57,3GC,2楷林,67.0,415.0,0.0,0.006,0.0719,0,0,0.021,0.02,0.0,0.244,107.0,0.0071,0.0034,0.029,0.028,0.0,12.7,3GB,4C,0,BP,1,-2.1,429,0
1290,6970,17.58,2GA,2楷林,44.0,495.0,0.0,0.006,0.1723,0,1,0.014,0.02,0.0,0.468,30.0,0.0091,0.003,0.033,0.03,0.0,9.4,3GB,5A,0,HGI,12,-4.0,536,0
950,11460,21.28,2GA,2楷林,54.0,395.0,0.0,0.005,0.0672,0,0,0.014,0.02,0.0,0.484,25.0,0.0094,0.0028,0.039,0.038,0.0,4.9,3GB,5A,0,BP,9,-2.4,443,0
1250,11260,27.52,2GA,2楷林,83.0,279.0,0.0,0.007,0.0178,0,0,0.012,0.02,0.0,0.149,30.0,0.0076,0.0028,0.024,0.02,0.002,14.7,3GB,5A,0,GA,10,0.2,335,0
1540,11550,34.77,2GA,2楷林,28.0,258.0,0.0,0.004,0.0015,0,0,0.011,0.03,0.0,0.067,23.0,0.0149,0.0037,0.02,0.02,0.003,7.8,5GG,5A,0,CR,7,-4.0,525,0
1460,11850,33.28,2GD,2楷林,11.0,254.0,12.7,0.007,0.0017,0,0,0.017,0.02,0.0,0.076,12.0,0.0078,0.0037,0.031,0.03,0.002,5.3,3GB,4C,1,GI,1,-1.1,296,1
1380,11420,30.81,2GB,2楷林,36.0,526.0,0.0,0.007,0.0768,2,0,0.014,0.02,0.0,0.906,37.0,0.0202,0.0027,0.024,0.022,0.001,13.3,5GG,5A,0,GI,12,0.1,466,0
1020,11180,22.29,2GC,2楷林,69.0,551.0,0.0,0.007,0.1565,0,0,0.015,0.01,0.0,0.861,30.0,0.0093,0.0033,0.019,0.017,0.001,10.2,5GG,4C,0,HR,10,-5.5,446,0
1280,10640,26.2,2GA,2楷林,21.0,314.0,11.7,0.006,0.0015,5,0,0.054,0.03,0.0,0.186,19.0,0.0445,0.0089,0.034,0.033,0.001,1.1,3GB,5A,1,GI,3,-9.4,390,0
1250,9280,22.68,2GA,2楷林,38.0,351.0,0.0,0.005,0.0386,11,0,0.018,0.01,0.0,0.196,17.0,0.0058,0.0035,0.026,0.025,0.0,20.7,5GG,5A,0,HR,6,11.0,289,1
1190,11370,26.12,3GC,2楷林,95.0,538.0,0.0,0.006,0.1806,0,0,0.016,0.02,0.0,0.801,28.0,0.0091,0.0033,0.024,0.023,0.0,12.2,3GB,4C,0,HGI,12,-1.5,351,0
1300,8880,22.57,2GA,2楷林,52.0,326.0,0.0,0.005,0.0386,0,1,0.009,0.02,0.0,0.194,23.0,0.0106,0.0031,0.023,0.021,0.0,7.1,3GB,5A,0,HR,10,-2.2,458,0
1160,9850,22.15,2GA,2楷林,9.0,326.0,0.0,0.005,0.0347,0,3,0.017,0.02,0.0,0.18,26.0,0.0105,0.0021,0.027,0.026,0.0,12.9,5GG,5A,0,HR,5,-0.1,446,0
1070,7920,16.57,3GC,2楷林,93.0,372.0,0.0,0.005,0.041,17,0,0.021,0.04,0.0,0.185,32.0,0.0089,0.0033,0.023,0.022,0.0,12.9,3GB,4C,0,HR,6,5.0,375,0
1040,11410,23.2,2GC,2楷林,72.0,299.0,0.0,0.004,0.0202,0,0,0.02,0.02,0.0,0.196,29.0,0.0097,0.0033,0.022,0.018,0.0,4.5,5GG,4C,0,CR,8,-0.7,672,0
1360,7480,19.89,2GA,2楷林,23.0,347.0,0.0,0.005,0.045,0,0,0.015,0.02,0.0,0.194,19.0,0.0087,0.0037,0.039,0.038,0.0,7.1,3GB,5A,0,HR,3,-6.3,451,0
1200,6310,14.62,2GB,2楷林,100.0,425.0,0.0,0.007,0.1089,0,0,0.017,0.02,0.0,0.461,27.0,0.0136,0.0029,0.024,0.024,0.0,8.2,5GG,5A,0,HGI,1,1.9,515,0
1000,9760,19.08,2GA,2楷林,11.0,335.0,0.0,0.004,0.0413,0,0,0.008,0.02,0.0,0.21,16.0,0.0079,0.0031,0.029,0.028,0.0,10.1,3GB,5A,0,HR,4,-1.1,410,0
1040,11660,23.71,2GA,2楷林,89.0,292.0,0.0,0.007,0.0184,0,2,0.011,0.02,0.0,0.206,11.0,0.0074,0.0039,0.02,0.019,0.0,15.1,5GG,5A,0,CR,11,6.6,228,1
1020,11860,23.65,2GA,2楷林,51.0,345.0,0.0,0.005,0.0458,0,0,0.014,0.02,0.0,0.327,17.0,0.0057,0.0036,0.022,0.019,0.0,14.0,3GB,5A,0,HR,10,8.5,430,0
1240,8950,21.7,2GB,2楷林,21.0,425.0,0.0,0.004,0.1183,0,10,0.016,0.01,0.0,0.341,31.0,0.0079,0.0026,0.02,0.02,0.0,11.0,5GG,5A,0,HGI,9,3.4,658,0
1190,8610,20.03,2GD,2楷林,20.0,326.0,0.0,0.007,0.0354,0,0,0.01,0.01,0.0,0.181,11.0,0.0059,0.0029,0.032,0.032,0.0,9.7,3GB,4C,0,HR,1,-2.3,498,0
1290,11620,29.31,2GC,2楷林,49.0,336.0,0.0,0.007,0.0384,0,0,0.019,0.02,0.0,0.211,27.0,0.0053,0.0027,0.03,0.026,0.0,14.2,5GG,4C,0,HGI,11,0.3,427,0
1320,8840,22.38,2GA,2楷林,21.0,325.0,0.0,0.004,0.0388,0,0,0.013,0.01,0.0,0.197,23.0,0.0076,0.0029,0.017,0.015,0.0,5.1,5GG,5A,0,FH,9,0.3,672,0
1090,11660,24.25,2GA,2楷林,94.0,277.0,12.1,0.006,0.0017,0,0,0.013,0.02,0.0,0.089,17.0,0.0095,0.0036,0.028,0.026,0.001,2.7,3GB,5A,1,CR,11,-7.3,315,0
1430,10290,28.77,2GB,2楷林,8.0,468.0,0.0,0.006,0.0688,2,0,0.023,0.01,0.0,0.6,30.0,0.0182,0.003,0.026,0.026,0.001,8.3,3GB,5A,0,GI,2,0.6,512,0
1270,10490,26.05,2GA,2楷林,52.0,276.0,0.0,0.004,0.0026,0,1,0.011,0.02,0.0,0.095,18.0,0.0105,0.0033,0.032,0.029,0.001,5.8,5GG,5A,0,CR,7,-2.3,624,0
1350,9800,25.86,2GA,2楷林,29.0,328.0,0.0,0.006,0.0367,0,1,0.01,0.02,0.0,0.219,28.0,0.0134,0.0033,0.022,0.021,0.0,11.6,3GB,5A,0,GI,11,-2.0,474,0
1360,11330,30.12,2GA,2楷林,65.0,330.0,0.0,0.007,0.0357,0,0,0.01,0.02,0.0,0.189,22.0,0.0093,0.0032,0.024,0.022,0.0,7.2,3GB,5A,0,HR,10,-5.9,654,0
950,10840,20.13,2GA,2楷林,30.0,333.0,0.0,0.006,0.0399,0,0,0.008,0.02,0.0,0.21,13.0,0.009,0.003,0.027,0.025,0.0,3.6,3GB,5A,0,HR,3,-2.0,598,0
1570,7660,23.51,2GD,2楷林,3.0,324.0,0.0,0.006,0.033,0,0,0.017,0.02,0.0,0.202,26.0,0.0089,0.0025,0.021,0.02,0.0,6.5,3GB,4C,0,HR,4,-7.0,590,0
980,8260,15.83,2GA,2楷林,50.0,306.0,0.0,0.005,0.0219,0,0,0.022,0.02,0.0,0.19,22.0,0.0083,0.0035,0.023,0.023,0.0,6.7,3GB,5A,0,CR,8,-2.8,485,0
1300,11660,29.63,2GA,2楷林,58.0,335.0,0.0,0.005,0.0378,0,0,0.014,0.02,0.0,0.188,21.0,0.0068,0.0034,0.023,0.022,0.0,5.7,5GG,5A,0,HGI,12,-7.7,628,0
1230,9990,24.02,2GB,2楷林,50.0,524.0,0.0,0.006,0.1378,1,0,0.013,0.01,0.0,0.815,45.0,0.0102,0.0028,0.017,0.016,0.001,12.0,5GG,5A,0,HGI,10,-0.4,443,0
1470,10630,30.55,2GC,2楷林,29.0,329.0,0.0,0.006,0.0394,0,0,0.013,0.02,0.0,0.186,29.0,0.0072,0.0028,0.022,0.021,0.0,11.4,3GB,4C,0,HR,11,2.2,375,0
1560,8880,27.08,3GC,2楷林,10.0,357.0,0.0,0.004,0.0022,8,0,0.069,0.02,0.0,0.264,17.0,0.0703,0.0078,0.037,0.035,0.001,5.3,3GB,4C,0,HR,2,-4.6,622,0
1190,8430,19.61,2GA,2楷林,41.0,340.0,0.0,0.006,0.0364,0,2,0.009,0.01,0.0,0.225,19.0,0.0065,0.0029,0.026,0.024,0.0,14.2,5GG,5A,0,HGI,11,6.3,372,0
1450,10750,30.47,2GC,2楷林,67.0,327.0,0.0,0.005,0.0355,0,0,0.02,0.02,0.0,0.189,30.0,0.008,0.0028,0.032,0.032,0.0,11.6,3GB,4C,0,HR,8,2.6,422,0
1290,8980,22.65,2GC,2楷林,29.0,324.0,0.0,0.007,0.0368,0,0,0.008,0.02,0.0,0.195,21.0,0.0102,0.0029,0.024,0.022,0.0,11.2,5GG,4C,0,HR,10,2.6,465,0
1190,9400,21.59,2GA,2楷林,59.0,339.0,0.0,0.005,0.0404,0,1,0.01,0.02,0.0,0.183,27.0,0.0082,0.0034,0.034,0.033,0.0,10.9,5GG,5A,0,HR,3,5.8,444,0
1070,8660,18.12,2GA,2楷林,14.0,528.0,0.0,0.004,0.1488,0,0,0.012,0.02,0.0,0.787,32.0,0.0128,0.0021,0.025,0.024,0.001,17.0,3GB,5A,0,HR,9,9.9,359,0
1390,9630,25.79,2GB,2楷林,70.0,480.0,0.0,0.005,0.171,0,1,0.011,0.01,0.0,0.53,24.0,0.0084,0.0043,0.021,0.02,0.0,4.9,5GG,5A,0,HR,12,-7.6,618,0
1450,9180,26.02,2GD,2楷林,4.0,274.0,0.0,0.005,0.0013,1,0,0.011,0.02,0.0,0.061,15.0,0.0097,0.0035,0.03,0.03,0.001,11.2,3GB,4C,0,FH,3,-3.6,359,0
1380,11860,32.0,3GC,2楷林,33.0,329.0,0.0,0.005,0.0379,0,0,0.008,0.02,0.0,0.181,12.0,0.0079,0.0029,0.023,0.022,0.0,4.3,3GB,4C,0,HR,5,-8.4,556,0
1090,8500,18.11,3GC,2楷林,50.0,453.0,0.0,0.006,0.0623,0,1,0.033,0.02,0.0,0.791,33.0,0.0101,0.0027,0.034,0.032,0.001,9.7,3GB,4C,0,HGI,4,-0.6,443,0
990,11440,22.14,2GB,2楷林,81.0,333.0,0.0,0.006,0.0402,0,0,0.014,0.02,0.0,0.205,15.0,0.0088,0.0029,0.017,0.016,0.0,4.1,3GB,5A,0,HR,1,-2.7,659,0
1240,10960,26.14,2GC,2楷林,32.0,522.0,0.0,0.005,0.0739,4,1,0.014,0.02,0.0,0.917,30.0,0.0194,0.0026,0.029,0.029,0.001,8.4,5GG,4C,0,GI,4,-2.3,437,0
1290,11680,29.46,2GC,2楷林,24.0,523.0,0.0,0.005,0.0819,2,0,0.029,0.03,0.0,0.913,31.0,0.0204,0.0025,0.031,0.03,0.002,7.7,5GG,4C,0,GI,4,-4.6,531,0
1150,9840,22.12,2GA,2楷林,53.0,329.0,0.0,0.004,0.0363,0,0,0.017,0.03,0.0,0.19,19.0,0.0083,0.0054,0.026,0.025,0.0,6.0,3GB,5A,0,HR,8,-2.0,666,0
1190,11780,27.41,3GC,2楷林,70.0,268.0,0.0,0.005,0.0019,0,0,0.014,0.02,0.0,0.099,13.0,0.0093,0.0034,0.03,0.028,0.001,14.9,3GB,4C,0,FH,12,6.2,383,0
1400,11860,32.46,2GA,2楷林,71.0,270.0,0.0,0.005,0.0018,0,0,0.022,0.02,0.0,0.09,17.0,0.0105,0.0037,0.027,0.024,0.001,9.3,5GG,5A,0,GI,1,-4.6,470,0
960,11340,21.28,3GC,2楷林,63.0,396.0,0.0,0.006,0.0699,0,0,0.019,0.02,0.0,0.482,33.0,0.01,0.0028,0.048,0.046,0.0,4.9,3GB,4C,0,BP,7,-4.9,664,0
1440,11800,33.22,2GD,2楷林,9.0,511.0,0.0,0.008,0.0773,3,1,0.016,0.02,0.0,0.887,25.0,0.02,0.0029,0.022,0.022,0.002,3.7,5GG,4C,0,CR,2,-10.0,580,0
1550,8500,25.76,2GA,2楷林,11.0,317.0,0.0,0.005,0.0368,0,1,0.019,0.02,0.0,0.196,12.0,0.0088,0.0037,0.024,0.022,0.0,9.4,3GB,5A,0,CR,8,2.1,592,0
1240,6050,14.67,2GB,2楷林,89.0,424.0,0.0,0.005,0.0578,0,0,0.014,0.02,0.0,0.797,26.0,0.0105,0.0025,0.023,0.022,0.0,3.1,5GG,5A,0,PO,12,-3.1,600,0
1050,8080,16.59,2GA,2楷林,91.0,333.0,0.0,0.006,0.0387,0,0,0.008,0.02,0.0,0.199,15.0,0.0082,0.0029,0.025,0.024,0.0,6.0,5GG,5A,0,HR,12,-2.3,630,0
1210,10360,24.51,3GC,2楷林,36.0,519.0,0.0,0.007,0.1187,0,0,0.013,0.02,0.0,1.169,41.0,0.0126,0.0022,0.024,0.023,0.001,12.4,3GB,4C,0,HGI,10,5.3,438,0
1270,9750,24.21,2GB,2楷林,54.0,364.0,0.0,0.004,0.04,12,0,0.011,0.01,0.0,0.189,13.0,0.0064,0.0033,0.025,0.024,0.0,3.8,5GG,5A,0,CR,7,-3.8,747,0
1180,8840,20.39,2GA,2楷林,53.0,277.0,0.0,0.004,0.002,0,1,0.017,0.02,0.0,0.096,15.0,0.0099,0.0039,0.032,0.03,0.001,7.8,5GG,5A,0,GI,7,-3.1,390,0
1160,8390,18.78,2GB,2楷林,44.0,454.0,0.0,0.004,0.0622,0,0,0.022,0.02,0.0,0.796,28.0,0.0108,0.0025,0.032,0.031,0.001,5.1,3GB,5A,0,PO,7,0.7,614,0
1570,11400,34.99,2GC,2楷林,3.0,338.0,0.0,0.005,0.0386,0,0,0.01,0.05,0.0,0.168,33.0,0.0081,0.0032,0.04,0.04,0.001,8.5,5GG,4C,0,HR,8,-3.2,477,0
1370,11690,31.31,2GA,2楷林,22.0,269.0,0.0,0.005,0.002,0,0,0.01,0.01,0.0,0.099,16.0,0.0099,0.0024,0.024,0.023,0.001,12.7,5GG,5A,0,CR,2,-5.9,573,0
1040,11800,23.99,2GC,2楷林,36.0,322.0,0.0,0.004,0.0359,0,0,0.02,0.03,0.0,0.192,15.0,0.0085,0.0033,0.022,0.019,0.0,12.2,5GG,4C,0,CR,7,7.4,422,0
1350,10570,27.45,2GA,2楷林,72.0,256.0,10.8,0.004,0.002,0,0,0.02,0.02,0.0,0.067,22.0,0.0101,0.004,0.033,0.032,0.003,8.0,3GB,5A,1,GI,6,-4.0,230,1
1520,11740,34.89,2GA,2楷林,10.0,262.0,0.0,0.005,0.0017,0,3,0.01,0.02,0.0,0.087,19.0,0.01,0.0036,0.02,0.02,0.0,6.3,5GG,5A,0,CR,9,-1.5,524,0
1440,11770,33.13,2GC,2楷林,35.0,274.0,0.0,0.006,0.002,0,0,0.019,0.03,0.0,0.092,15.0,0.0107,0.0038,0.032,0.03,0.002,9.9,5GG,4C,0,CR,5,-2.4,539,0
1030,9670,19.47,2GA,2楷林,75.0,331.0,0.0,0.006,0.0381,0,0,0.011,0.03,0.0,0.197,24.0,0.009,0.0034,0.032,0.032,0.0,18.3,5GG,5A,0,HR,2,10.2,366,0
1570,10490,32.2,2GD,2楷林,15.0,324.0,0.0,0.006,0.0345,0,1,0.016,0.02,0.0,0.2,29.0,0.0097,0.0033,0.034,0.032,0.0,16.0,5GG,4C,0,HR,10,3.0,397,0
990,10120,19.59,2GA,2楷林,75.0,344.0,0.0,0.006,0.0435,0,0,0.015,0.02,0.0,0.204,19.0,0.0106,0.003,0.023,0.021,0.0,14.6,5GG,5A,0,HR,1,5.5,248,1
1270,9330,23.16,2GA,2楷林,66.0,324.0,0.0,0.005,0.031,0,0,0.011,0.03,0.0,0.186,17.0,0.007,0.004,0.028,0.027,0.0,11.5,5GG,5A,0,HR,4,3.0,426,0
1230,11420,27.46,2GA,2楷林,44.0,297.0,0.0,0.004,0.0017,0,0,0.096,0.02,0.0,0.14,16.0,0.0185,0.0101,0.033,0.032,0.001,9.5,5GG,5A,0,GI,5,3.7,443,0
1260,11130,27.42,2GA,2楷林,47.0,350.0,0.0,0.004,0.0419,12,0,0.009,0.02,0.0,0.183,16.0,0.0073,0.0032,0.024,0.023,0.0,8.9,3GB,5A,0,CR,5,-6.4,373,0
1440,10570,29.76,3GC,2楷林,3.0,272.0,0.0,0.006,0.0016,0,0,0.011,0.02,0.0,0.075,19.0,0.0096,0.0031,0.025,0.023,0.002,14.1,3GB,4C,0,FH,3,0.0,397,0
1280,8040,20.12,3GC,2楷林,31.0,320.0,0.0,0.006,0.0409,0,0,0.014,0.02,0.0,0.192,24.0,0.008,0.0029,0.023,0.022,0.0,3.7,3GB,4C,0,HR,12,-1.5,702,0
1570,9940,30.51,2GC,2楷林,15.0,328.0,0.0,0.004,0.0373,0,0,0.007,0.01,0.0,0.19,11.0,0.0102,0.0047,0.037,0.036,0.0,6.9,5GG,4C,0,HR,6,-7.6,589,0
1310,9040,23.15,2GC,2楷林,38.0,324.0,0.0,0.005,0.0393,0,0,0.007,0.02,0.0,0.141,22.0,0.0094,0.0037,0.026,0.024,0.0,14.4,5GG,4C,0,PO,10,7.7,356,0
970,10800,20.48,2GA,2楷林,47.0,322.0,0.0,0.005,0.0345,0,0,0.014,0.02,0.0,0.185,21.0,0.0068,0.0029,0.027,0.026,0.0,10.6,5GG,5A,0,CR,9,0.0,443,0
1010,9940,19.63,3GC,2楷林,53.0,280.0,0.0,0.005,0.0021,0,0,0.011,0.02,0.0,0.102,18.0,0.009,0.0033,0.029,0.028,0.001,8.9,3GB,4C,0,HR,3,1.4,447,0
1370,11530,30.88,2GA,2楷林,74.0,437.0,0.0,0.006,0.0556,0,0,0.024,0.02,0.0,0.804,30.0,0.0109,0.0029,0.036,0.035,0.0,10.4,3GB,5A,0,PO,2,0.4,302,0
1110,9250,20.07,2GA,2楷林,88.0,323.0,0.0,0.005,0.0327,0,0,0.019,0.02,0.0,0.192,18.0,0.0101,0.0037,0.018,0.017,0.0,12.5,3GB,5A,0,HR,3,-0.1,453,0
1130,9620,21.25,2GC,2楷林,62.0,327.0,0.0,0.006,0.034,0,2,0.013,0.02,0.0,0.202,28.0,0.0069,0.0029,0.035,0.033,0.0,14.1,5GG,4C,0,HR,11,4.2,464,0
1290,11680,29.46,3GC,2楷林,65.0,269.0,0.0,0.005,0.0016,0,0,0.01,0.02,0.0,0.068,17.0,0.0095,0.0037,0.035,0.033,0.001,9.7,3GB,4C,0,CR,5,1.4,385,0
1220,10900,25.37,2GC,2楷林,33.0,265.0,9.2,0.004,0.0013,0,0,0.016,0.02,0.0,0.08,14.0,0.0104,0.0033,0.03,0.029,0.001,7.9,3GB,4C,1,HR,7,-0.4,312,0
1490,11790,33.79,2GC,2楷林,4.0,290.0,6.5,0.004,0.0022,0,0,0.017,0.02,0.0,0.145,21.0,0.0099,0.003,0.023,0.022,0.002,12.7,3GB,4C,1,CR,8,2.7,243,1
1060,10650,22.07,2GA,2楷林,24.0,329.0,0.0,0.005,0.0382,0,0,0.009,0.01,0.0,0.18,28.0,0.0068,0.0028,0.023,0.022,0.0,9.5,5GG,5A,0,HR,7,1.4,420,0
1470,11570,33.25,3GC,2楷林,20.0,289.0,0.0,0.006,0.0017,0,0,0.019,0.02,0.0,0.145,19.0,0.0082,0.0029,0.022,0.02,0.002,3.7,3GB,4C,0,GI,1,-6.3,590,0
990,6900,13.35,2GA,2楷林,29.0,338.0,0.0,0.007,0.0341,0,0,0.009,0.01,0.01,0.196,23.0,0.0056,0.0035,0.023,0.019,0.0,6.1,3GB,5A,0,HGI,4,0.7,494,0
1250,8280,20.23,2GA,2楷林,60.0,347.0,0.0,0.004,0.0457,0,1,0.017,0.02,0.0,0.292,21.0,0.0141,0.0032,0.037,0.034,0.001,6.8,3GB,5A,0,HR,8,-2.6,696,0
1460,11630,33.2,2GC,2楷林,11.0,548.0,0.0,0.006,0.0736,0,0,0.022,0.02,0.0,1.073,33.0,0.0195,0.0026,0.027,0.026,0.001,4.4,5GG,4C,0,GI,11,-5.5,621,0
980,9440,18.09,2GA,2楷林,81.0,328.0,0.0,0.007,0.0391,0,0,0.018,0.02,0.0,0.175,14.0,0.0091,0.0029,0.025,0.024,0.0,12.4,5GG,5A,0,HR,5,-1.9,327,0
1290,8800,22.19,2GA,2楷林,32.0,344.0,0.0,0.006,0.0426,0,0,0.022,0.02,0.0,0.19,19.0,0.0078,0.0035,0.036,0.032,0.0,6.0,5GG,5A,0,HR,5,-8.7,617,0
1030,10880,21.91,3GC,2楷林,60.0,400.0,0.0,0.005,0.0722,0,0,0.013,0.02,0.0,0.491,32.0,0.0124,0.0021,0.043,0.04,0.0,11.2,3GB,4C,0,BP,3,1.8,339,0
1310,10300,26.38,2GA,2楷林,41.0,338.0,0.0,0.005,0.04,0,0,0.01,0.01,0.0,0.194,22.0,0.0057,0.0027,0.027,0.026,0.0,9.9,5GG,5A,0,HR,1,-1.7,477,0
1280,8850,22.15,2GD,2楷林,52.0,331.0,0.0,0.005,0.038,0,1,0.017,0.02,0.0,0.194,15.0,0.012,0.0039,0.026,0.025,0.0,13.1,5GG,4C,0,HR,11,-2.2,503,0
1440,9800,27.59,3GB,2楷林,35.0,512.0,0.0,0.005,0.0769,3,1,0.034,0.03,0.0,0.894,34.0,0.019,0.0026,0.034,0.033,0.001,7.8,3GB,5A,0,HR,7,-5.6,545,0
1380,11020,29.73,2GA,2楷林,29.0,336.0,0.0,0.005,0.0386,0,0,0.019,0.02,0.0,0.197,16.0,0.0069,0.0032,0.028,0.026,0.0,6.8,5GG,5A,0,HGI,8,-2.0,633,0
1090,11200,23.87,2GB,2楷林,110.0,354.0,0.0,0.006,0.0593,0,1,0.013,0.02,0.0,0.339,23.0,0.0079,0.0034,0.03,0.029,0.0,9.2,5GG,5A,0,CR,11,-2.9,446,0
1270,9290,23.07,3GB,2楷林,30.0,327.0,0.0,0.004,0.0389,0,0,0.011,0.02,0.0,0.203,25.0,0.008,0.0029,0.024,0.023,0.0,2.0,3GB,5A,0,HR,6,-1.9,778,0
1320,11530,29.75,3GB,2楷林,37.0,430.0,0.0,0.005,0.0601,0,0,0.019,0.01,0.0,0.768,34.0,0.0086,0.0032,0.027,0.026,0.001,2.0,3GB,5A,0,PO,7,-3.8,694,0
1260,9360,22.6,2GB,2楷林,41.0,469.0,0.0,0.006,0.1754,0,0,0.017,0.02,0.0,0.472,35.0,0.0086,0.0029,0.025,0.024,0.0,7.2,5GG,5A,0,HR,1,1.9,622,0
1510,9920,28.82,2GA,2楷林,13.0,304.0,11.8,0.005,0.0017,0,0,0.017,0.05,0.02,0.139,13.0,0.0519,0.0038,0.028,0.026,0.0,3.1,3GB,5A,1,GI,3,-1.9,332,0
1110,7060,15.32,2GA,2楷林,45.0,348.0,0.0,0.005,0.0526,0,2,0.015,0.02,0.0,0.352,18.0,0.0075,0.0019,0.031,0.03,0.0,8.4,3GB,5A,0,CR,3,-4.0,485,0
1570,9930,30.48,2GD,2楷林,8.0,265.0,0.0,0.004,0.0024,0,0,0.011,0.02,0.0,0.067,11.0,0.0115,0.0034,0.034,0.032,0.001,6.3,5GG,4C,0,FH,6,-5.2,662,0
1110,8340,18.1,3GC,2楷林,61.0,288.0,0.0,0.005,0.0019,0,0,0.017,0.02,0.0,0.151,17.0,0.0078,0.0032,0.027,0.026,0.001,13.1,3GB,4C,0,GI,3,0.9,242,1
1540,11620,34.53,2GB,2楷林,5.0,420.0,0.0,0.005,0.1055,0,1,0.018,0.02,0.0,0.435,22.0,0.0137,0.0033,0.016,0.015,0.0,7.2,5GG,5A,0,HGI,8,-2.8,512,0
930,7120,12.95,2GA,2楷林,110.0,445.0,0.0,0.006,0.0579,0,1,0.012,0.01,0.0,0.766,30.0,0.0105,0.0025,0.038,0.036,0.001,14.2,5GG,5A,0,PO,2,-0.4,298,1
1060,7940,16.07,2GA,2楷林,77.0,460.0,0.0,0.005,0.0573,0,0,0.023,0.03,0.0,0.804,33.0,0.0102,0.003,0.032,0.031,0.0,16.5,5GG,5A,0,PO,5,6.3,397,0
1240,8450,20.24,3GC,2楷林,44.0,460.0,0.0,0.004,0.1448,0,0,0.027,0.03,0.0,0.504,32.0,0.0112,0.0029,0.028,0.027,0.0,7.4,3GB,4C,0,HR,7,-4.2,659,0
1020,11860,23.65,2GA,2楷林,61.0,345.0,0.0,0.005,0.0458,0,0,0.014,0.02,0.0,0.327,17.0,0.0057,0.0036,0.022,0.019,0.0,14.2,5GG,5A,0,HR,10,8.2,439,0
1490,11750,33.68,2GA,2楷林,11.0,306.0,12.4,0.005,0.0017,5,0,0.057,0.02,0.0,0.191,20.0,0.042,0.0084,0.032,0.03,0.001,6.8,3GB,5A,1,GA,2,2.3,208,1
1190,8400,19.54,2GB,2楷林,57.0,432.0,0.0,0.005,0.1221,0,0,0.021,0.02,0.0,0.438,25.0,0.0112,0.0029,0.018,0.018,0.0,11.6,5GG,5A,0,HGI,3,1.5,408,0
1270,11550,28.68,2GC,2楷林,43.0,518.0,0.0,0.005,0.0761,2,1,0.014,0.02,0.0,0.902,33.0,0.0185,0.0026,0.029,0.028,0.001,4.5,5GG,4C,0,CR,6,-3.2,706,0
1380,11720,30.78,2GA,2楷林,67.0,311.0,6.3,0.005,0.0355,0,0,0.009,0.02,0.0,0.133,18.0,0.0087,0.0034,0.026,0.026,0.0,7.2,3GB,5A,1,CR,8,3.2,303,0
1260,9430,22.86,2GC,2楷林,17.0,301.0,7.6,0.004,0.0175,0,0,0.023,0.02,0.0,0.139,10.0,0.0103,0.0036,0.028,0.027,0.0,12.0,3GB,4C,1,HR,6,7.1,247,1
1040,9870,20.07,2GA,2楷林,79.0,356.0,0.0,0.006,0.0381,12,0,0.016,0.02,0.0,0.253,24.0,0.0088,0.0029,0.034,0.032,0.0,10.8,3GB,5A,0,HR,10,1.7,500,0
1070,8660,18.12,2GA,2楷林,22.0,528.0,0.0,0.004,0.1488,0,0,0.012,0.02,0.0,0.787,32.0,0.0128,0.0021,0.025,0.024,0.001,17.2,5GG,5A,0,HR,9,9.7,410,0
1430,10490,29.33,2GC,2楷林,10.0,432.0,0.0,0.006,0.118,0,0,0.012,0.02,0.0,0.442,25.0,0.0102,0.0027,0.019,0.018,0.0,15.1,3GB,4C,1,HGI,1,0.0,254,1
1260,9590,23.62,3GC,2楷林,7.0,304.0,0.0,0.007,0.022,0,1,0.017,0.03,0.0,0.132,22.0,0.0085,0.0037,0.029,0.027,0.0,5.4,3GB,4C,0,HR,11,1.9,664,0
1090,9910,21.12,2GA,2楷林,49.0,329.0,0.0,0.005,0.0365,0,8,0.018,0.02,0.0,0.174,18.0,0.0068,0.0035,0.021,0.019,0.0,18.1,3GB,5A,0,HR,3,7.1,243,1
1170,11190,25.6,2GA,2楷林,67.0,350.0,0.0,0.006,0.0471,0,0,0.019,0.02,0.0,0.283,29.0,0.0073,0.0035,0.034,0.033,0.0,6.6,3GB,5A,0,HR,3,-7.6,623,0
1270,9310,23.12,2GA,2楷林,25.0,289.0,0.0,0.005,0.0021,0,1,0.013,0.03,0.0,0.096,18.0,0.0099,0.0044,0.029,0.028,0.001,12.0,3GB,5A,0,HR,5,-1.3,463,0
1110,11060,24.0,3GC,2楷林,54.0,352.0,0.0,0.006,0.0585,0,0,0.014,0.02,0.0,0.344,21.0,0.0082,0.0026,0.033,0.031,0.0,7.5,3GB,4C,0,CR,1,-3.5,483,0
1350,11870,31.33,2GA,2楷林,7.0,311.0,0.0,0.005,0.0377,0,0,0.017,0.02,0.0,0.201,18.0,0.0077,0.0028,0.032,0.031,0.0,10.5,3GB,5A,0,PO,3,0.3,599,0
1490,11770,34.06,2GA,2楷林,17.0,278.0,0.0,0.004,0.0027,0,0,0.026,0.02,0.0,0.092,16.0,0.0104,0.004,0.03,0.03,0.001,2.8,5GG,5A,0,CR,7,-3.7,582,0
1040,11520,23.42,3GC,2楷林,70.0,302.0,0.0,0.004,0.02,0,0,0.014,0.02,0.0,0.203,13.0,0.0083,0.0033,0.029,0.028,0.0,3.9,3GB,4C,0,CR,9,-5.1,669,0
1260,9380,23.11,2GA,2楷林,86.0,333.0,0.0,0.004,0.0408,0,0,0.016,0.02,0.0,0.189,11.0,0.0125,0.0032,0.028,0.028,0.0,4.4,3GB,5A,0,HR,6,-5.7,733,0
1290,11790,29.73,2GA,2楷林,47.0,330.0,0.0,0.004,0.0349,0,0,0.012,0.01,0.0,0.188,27.0,0.0099,0.0036,0.018,0.018,0.0,9.7,5GG,5A,0,HGI,9,-0.8,453,0
1290,9240,23.3,2GA,2楷林,52.0,323.0,0.0,0.006,0.0316,0,0,0.019,0.02,0.0,0.192,22.0,0.011,0.0029,0.019,0.018,0.0,18.0,5GG,5A,0,HR,2,8.2,330,0
1360,10400,27.65,2GA,2楷林,24.0,318.0,0.0,0.005,0.0015,4,0,0.056,0.02,0.0,0.191,16.0,0.0458,0.0087,0.038,0.034,0.0,13.2,3GB,5A,0,HR,6,2.5,309,0
1240,10940,26.52,2GB,2楷林,6.0,408.0,0.0,0.004,0.1105,0,0,0.015,0.02,0.0,0.297,35.0,0.0109,0.0025,0.017,0.016,0.0,4.4,5GG,5A,0,HGI,3,-2.6,592,0
1000,9760,19.08,3GC,2楷林,53.0,332.0,0.0,0.005,0.0399,0,0,0.007,0.02,0.0,0.176,21.0,0.0097,0.0022,0.029,0.028,0.0,7.6,3GB,4C,0,HR,10,-3.4,535,0
1300,9150,23.25,2GC,2楷林,4.0,532.0,0.0,0.006,0.1891,0,0,0.017,0.02,0.0,0.863,35.0,0.0122,0.0034,0.021,0.019,0.001,5.5,5GG,4C,0,HR,10,-2.5,589,0
1570,9940,30.51,2GD,2楷林,44.0,333.0,0.0,0.006,0.0422,0,0,0.013,0.02,0.0,0.215,23.0,0.0062,0.0037,0.025,0.023,0.0,5.1,3GB,4C,0,HR,10,-5.8,663,0
1280,10560,26.43,2GC,2楷林,70.0,337.0,0.0,0.006,0.0392,0,0,0.01,0.01,0.0,0.184,27.0,0.0086,0.0029,0.026,0.026,0.0,15.3,3GB,4C,0,HGI,2,2.9,251,1
1050,11700,24.02,3GC,2楷林,48.0,344.0,0.0,0.004,0.0532,0,0,0.012,0.02,0.0,0.326,42.0,0.0086,0.003,0.024,0.023,0.0,10.1,3GB,4C,0,CR,7,2.2,534,0
1320,11710,30.22,2GA,2楷林,86.0,305.0,0.0,0.005,0.0288,0,0,0.012,0.02,0.0,0.269,13.0,0.0195,0.0034,0.023,0.021,0.001,6.6,5GG,5A,0,CR,8,-0.3,591,0
1220,8550,20.39,2GB,2楷林,33.0,520.0,0.0,0.005,0.1702,0,0,0.023,0.02,0.0,0.797,25.0,0.0118,0.0031,0.026,0.026,0.001,7.2,5GG,5A,0,HGI,3,-1.4,519,0
1450,11860,33.62,2GA,2楷林,4.0,256.0,0.0,0.004,0.0022,1,0,0.031,0.02,0.0,0.061,22.0,0.0063,0.0043,0.031,0.031,0.002,16.0,5GG,5A,0,CR,8,11.2,459,0
1470,10960,31.5,3GC,2楷林,15.0,325.0,0.0,0.006,0.0336,0,0,0.012,0.02,0.0,0.188,23.0,0.0063,0.0028,0.026,0.026,0.0,5.8,3GB,4C,0,HR,6,-6.5,642,0
1370,11750,31.47,2GC,2楷林,28.0,343.0,0.0,0.005,0.0487,0,0,0.013,0.01,0.0,0.311,18.0,0.0051,0.0033,0.028,0.027,0.0,10.8,5GG,4C,0,CR,6,5.4,634,0
1240,10800,26.18,2GA,2楷林,45.0,336.0,0.0,0.004,0.0376,0,0,0.009,0.02,0.0,0.194,17.0,0.0085,0.0032,0.023,0.021,0.0,3.4,5GG,5A,0,HGI,8,-3.7,728,0
1030,9670,19.47,3GC,2楷林,14.0,332.0,0.0,0.005,0.0401,0,0,0.01,0.01,0.0,0.214,15.0,0.008,0.0031,0.03,0.028,0.0,10.0,3GB,4C,0,HR,2,4.2,476,0
960,9630,18.07,2GA,2楷林,52.0,331.0,0.0,0.004,0.0378,0,0,0.021,0.02,0.0,0.188,17.0,0.009,0.0039,0.026,0.026,0.0,4.7,3GB,5A,0,HR,6,-1.9,509,0
1260,8990,22.15,2GB,2楷林,54.0,325.0,0.0,0.006,0.0338,0,0,0.009,0.02,0.0,0.199,21.0,0.0114,0.0032,0.026,0.023,0.001,6.1,5GG,5A,0,HR,11,-5.6,458,0
1110,10230,22.2,2GA,2楷林,43.0,342.0,0.0,0.005,0.0467,0,1,0.019,0.02,0.0,0.203,21.0,0.0097,0.0039,0.027,0.026,0.001,4.3,5GG,5A,0,HR,5,-2.7,669,0
900,9590,16.87,3GB,2楷林,37.0,306.0,0.0,0.004,0.0026,16,0,0.064,0.07,0.0,0.548,16.0,0.0143,0.0034,0.022,0.021,0.001,3.4,3GB,5A,0,BP,7,-2.7,672,0
960,11590,21.3,3GC,2楷林,60.0,335.0,0.0,0.005,0.0403,0,0,0.02,0.03,0.0,0.198,14.0,0.0118,0.0037,0.022,0.02,0.0,4.2,3GB,4C,0,HR,8,-5.6,473,0
1220,10060,23.99,2GA,2楷林,73.0,332.0,0.0,0.005,0.0382,0,0,0.014,0.02,0.0,0.202,15.0,0.0086,0.0032,0.03,0.028,0.0,2.8,5GG,5A,0,HR,8,-4.6,786,0
1310,11640,29.81,2GB,2楷林,28.0,532.0,0.0,0.004,0.0829,4,0,0.012,0.02,0.0,0.916,37.0,0.0206,0.0022,0.03,0.029,0.001,13.8,5GG,5A,0,FH,9,0.8,567,0
1290,8990,22.67,3GB,2楷林,37.0,339.0,0.0,0.006,0.0398,0,0,0.017,0.02,0.0,0.184,21.0,0.0115,0.0043,0.02,0.018,0.0,22.1,3GB,5A,0,HR,4,2.9,439,0
1360,11610,30.87,2GA,2楷林,28.0,444.0,0.0,0.006,0.0593,0,0,0.018,0.02,0.0,0.764,40.0,0.0096,0.0033,0.031,0.029,0.001,8.5,5GG,5A,0,PO,12,5.4,433,0
1260,8150,20.08,2GA,2楷林,81.0,336.0,0.0,0.005,0.0431,0,0,0.009,0.02,0.0,0.176,26.0,0.012,0.0029,0.028,0.028,0.0,9.2,5GG,5A,0,HR,6,1.9,655,0
1290,11680,29.46,2GA,2楷林,14.0,340.0,0.0,0.004,0.0387,0,0,0.008,0.02,0.0,0.188,21.0,0.0097,0.0033,0.026,0.023,0.0,5.8,5GG,5A,0,PO,5,-4.8,434,0
1020,11580,23.09,2GA,2楷林,68.0,295.0,0.0,0.004,0.0154,0,0,0.013,0.02,0.0,0.177,12.0,0.007,0.0034,0.026,0.02,0.0,2.4,3GB,5A,0,CR,7,-5.4,747,0
920,11800,21.22,2GA,2楷林,45.0,308.0,0.0,0.006,0.0023,18,1,0.066,0.07,0.0,0.556,14.0,0.0133,0.0028,0.022,0.021,0.002,3.9,5GG,5A,0,BP,1,-6.6,502,0
1220,11680,27.86,2GB,2楷林,68.0,514.0,0.0,0.006,0.0766,1,1,0.019,0.02,0.0,0.907,27.0,0.0198,0.0019,0.025,0.024,0.003,18.1,5GG,5A,0,HR,1,10.8,386,0
1020,10670,21.28,3GC,2楷林,65.0,324.0,0.0,0.007,0.044,0,0,0.011,0.02,0.0,0.176,34.0,0.0075,0.0033,0.031,0.03,0.0,4.0,3GB,4C,0,HR,1,-7.2,651,0
1090,9630,20.52,2GB,2楷林,25.0,337.0,0.0,0.006,0.0383,0,0,0.024,0.02,0.0,0.204,20.0,0.0106,0.0039,0.02,0.019,0.0,10.8,3GB,5A,1,HR,11,5.3,334,0
1290,10150,25.6,2GA,2楷林,50.0,335.0,0.0,0.006,0.0377,0,1,0.01,0.02,0.0,0.211,23.0,0.009,0.0031,0.027,0.026,0.0,17.3,5GG,5A,0,HR,2,5.6,289,1
980,10930,20.94,3GC,2楷林,55.0,273.0,0.0,0.005,0.0014,0,0,0.012,0.01,0.0,0.098,15.0,0.0098,0.0032,0.029,0.027,0.001,5.4,3GB,4C,0,CR,6,1.5,529,0
1480,10050,29.08,2GB,2楷林,20.0,542.0,0.0,0.007,0.141,0,0,0.024,0.02,0.0,0.904,32.0,0.0155,0.0028,0.013,0.012,0.001,13.1,3GB,5A,0,HR,10,-0.7,559,0
1310,7930,20.31,2GA,2楷林,69.0,317.0,0.0,0.005,0.0405,0,0,0.014,0.02,0.0,0.188,16.0,0.0095,0.0039,0.026,0.026,0.0,8.6,5GG,5A,0,CR,5,-5.1,427,0
990,6830,13.22,3GC,2楷林,73.0,337.0,0.0,0.005,0.0343,0,0,0.025,0.02,0.0,0.196,31.0,0.0104,0.0025,0.024,0.022,0.0,13.7,3GB,4C,0,HGI,3,2.6,281,1
1070,10960,22.93,2GC,2楷林,78.0,301.0,0.0,0.006,0.0017,0,0,0.013,0.05,0.01,0.149,13.0,0.0475,0.0043,0.036,0.035,0.0,15.9,5GG,4C,0,GI,12,8.2,273,1
1090,9900,21.1,2GA,2楷林,84.0,327.0,0.0,0.006,0.0408,0,0,0.011,0.02,0.0,0.191,23.0,0.0093,0.0031,0.018,0.016,0.0,10.2,5GG,5A,0,HR,3,-1.8,334,0
1040,9420,19.15,3GB,2楷林,61.0,340.0,0.0,0.007,0.0406,0,0,0.011,0.02,0.0,0.208,29.0,0.0065,0.0023,0.029,0.027,0.001,7.9,3GB,5A,0,HGI,12,2.4,583,0
